tree_index,node_id,depth,num_accepts,num_rejects,is_accept_child,log_acc_ratio,log_A,cut_idx,proposed_cut_idx,proposed_suffix_len,seq_len,on_sampled_path,sampled_decision,block_index,acceptance_bucket
0,0,0,0,0,False,0.0,0.0,1024,1020,4,1024,True,accept,0,effectively accepted
0,1,1,1,0,True,-2.2979,-2.2979,1020,535,489,1024,True,reject,0,genuinely stochastic
1,0,0,0,0,False,-9.2148,-9.2148,1024,816,208,1024,True,reject,0,effectively rejected
1,1,1,1,0,True,-4.2334,-4.2334,816,296,728,1024,False,,0,genuinely stochastic
2,0,0,0,0,False,0.0,0.0,1024,650,374,1024,True,accept,0,effectively accepted
2,1,1,1,0,True,-3.826,-3.826,650,422,602,1024,True,reject,0,genuinely stochastic
2,3,2,2,0,True,-15.5396,-15.5396,422,340,684,1024,False,,0,effectively rejected
2,7,3,3,0,True,-48.8612,-48.8612,340,151,873,1024,False,,0,effectively rejected
3,0,0,0,0,False,-3.3687,-3.3687,1024,421,603,1024,True,reject,0,genuinely stochastic
4,0,0,0,0,False,-54.1584,-54.1584,1024,67,957,1024,True,reject,0,effectively rejected
4,1,1,1,0,True,-57.9246,-57.9246,67,9,1015,1024,False,,0,effectively rejected
5,0,0,0,0,False,-0.7809,-0.7809,1024,915,109,1024,True,reject,0,genuinely stochastic
5,1,1,1,0,True,-109.8375,-109.8375,915,142,882,1024,False,,0,effectively rejected
6,0,0,0,0,False,-7.4915,-7.4915,1024,692,332,1024,True,reject,0,effectively rejected
6,1,1,1,0,True,-8.2254,-8.2254,692,306,718,1024,False,,0,effectively rejected
6,3,2,2,0,True,-6.1016,-6.1016,306,99,925,1024,False,,0,effectively rejected
7,0,0,0,0,False,-8.6826,-8.6826,1024,258,766,1024,True,reject,0,effectively rejected
8,0,0,0,0,False,-9.9235,-9.9235,1024,629,395,1024,True,reject,0,effectively rejected
8,1,1,1,0,True,0.7633,0.0,629,121,903,1024,False,,0,effectively accepted
9,0,0,0,0,False,0.5954,0.0,1024,993,31,1024,True,accept,0,effectively accepted
9,1,1,1,0,True,-3.0468,-3.0468,993,65,959,1024,True,reject,0,genuinely stochastic
10,0,0,0,0,False,1.1177,0.0,1024,449,575,1024,True,accept,0,effectively accepted
10,1,1,1,0,True,-53.0878,-53.0878,449,8,1016,1024,True,reject,0,effectively rejected
11,0,0,0,0,False,0.0227,0.0,1024,960,64,1024,True,accept,0,effectively accepted
11,1,1,1,0,True,-85.1086,-85.1086,960,210,814,1024,True,reject,0,effectively rejected
11,3,2,2,0,True,-85.1086,-85.1086,210,210,814,1024,False,,0,effectively rejected
12,0,0,0,0,False,0.1919,0.0,1024,830,194,1024,True,accept,0,effectively accepted
12,1,1,1,0,True,-82.6023,-82.6023,830,78,946,1024,True,reject,0,effectively rejected
13,0,0,0,0,False,-0.5471,-0.5471,1024,564,460,1024,True,reject,0,genuinely stochastic
13,1,1,1,0,True,-2.9458,-2.9458,564,135,889,1024,False,,0,genuinely stochastic
14,0,0,0,0,False,-9.17,-9.17,1024,228,796,1024,True,reject,0,effectively rejected
15,0,0,0,0,False,-1.9276,-1.9276,1024,76,948,1024,True,reject,0,genuinely stochastic
16,0,0,0,0,False,-9.7799,-9.7799,1024,407,617,1024,True,reject,0,effectively rejected
16,1,1,1,0,True,-5.5732,-5.5732,407,301,723,1024,False,,0,effectively rejected
17,0,0,0,0,False,-1.9276,-1.9276,1024,284,740,1024,True,reject,0,genuinely stochastic
17,1,1,1,0,True,28.6593,0.0,284,136,888,1024,False,,0,effectively accepted
18,0,0,0,0,False,-1.9276,-1.9276,1024,222,802,1024,True,reject,0,genuinely stochastic
19,0,0,0,0,False,-6.6811,-6.6811,1024,420,604,1024,True,reject,0,effectively rejected
19,1,1,1,0,True,-84.3353,-84.3353,420,128,896,1024,False,,0,effectively rejected
20,0,0,0,0,False,-1.2402,-1.2402,1024,925,99,1024,True,accept,0,genuinely stochastic
21,0,0,0,0,False,-0.6874,-0.6874,1024,268,756,1024,True,accept,0,genuinely stochastic
22,0,0,0,0,False,0.0,0.0,1024,698,326,1024,True,accept,0,effectively accepted
23,0,0,0,0,False,0.0,0.0,1024,888,136,1024,True,accept,0,effectively accepted
23,1,1,1,0,True,-3.0357,-3.0357,888,347,677,1024,True,reject,0,genuinely stochastic
24,0,0,0,0,False,0.0,0.0,1024,285,739,1024,True,accept,0,effectively accepted
25,0,0,0,0,False,0.0,0.0,1024,430,594,1024,True,accept,0,effectively accepted
25,1,1,1,0,True,2.3128,0.0,430,101,923,1024,True,accept,0,effectively accepted
26,0,0,0,0,False,-83.03,-83.03,1024,227,797,1024,True,reject,0,effectively rejected
27,0,0,0,0,False,-3.1422,-3.1422,1024,37,987,1024,True,reject,0,genuinely stochastic
27,1,1,1,0,True,8.3499,0.0,37,2,1022,1024,False,,0,effectively accepted
28,0,0,0,0,False,-1.2573,-1.2573,1024,588,436,1024,True,reject,0,genuinely stochastic
29,0,0,0,0,False,1.935,0.0,1024,397,627,1024,True,accept,0,effectively accepted
29,1,1,1,0,True,-53.4234,-53.4234,397,197,827,1024,True,reject,0,effectively rejected
30,0,0,0,0,False,-4.2478,-4.2478,1024,43,981,1024,True,reject,0,genuinely stochastic
31,0,0,0,0,False,0.0,0.0,1024,744,280,1024,True,accept,0,effectively accepted
31,1,1,1,0,True,-51.4156,-51.4156,744,55,969,1024,True,reject,0,effectively rejected
32,0,0,0,0,False,-109.833,-109.833,1024,247,777,1024,True,reject,0,effectively rejected
33,0,0,0,0,False,0.0,0.0,1024,974,50,1024,True,accept,0,effectively accepted
33,1,1,1,0,True,-1.4075,-1.4075,974,452,572,1024,True,reject,0,genuinely stochastic
34,0,0,0,0,False,-2.1961,-2.1961,1024,300,724,1024,True,reject,0,genuinely stochastic
35,0,0,0,0,False,0.5895,0.0,1024,977,47,1024,True,accept,0,effectively accepted
35,1,1,1,0,True,-4.4234,-4.4234,977,731,293,1024,True,reject,0,genuinely stochastic
35,3,2,2,0,True,-84.8272,-84.8272,731,73,951,1024,False,,0,effectively rejected
36,0,0,0,0,False,-0.5895,-0.5895,1024,889,135,1024,True,accept,0,genuinely stochastic
36,1,1,1,0,True,-6.0109,-6.0109,889,661,363,1024,True,reject,0,effectively rejected
36,3,2,2,0,True,-51.2893,-51.2893,661,18,1006,1024,False,,0,effectively rejected
37,0,0,0,0,False,0.0,0.0,1024,1020,4,1024,True,accept,0,effectively accepted
37,1,1,1,0,True,-0.9924,-0.9924,1020,427,597,1024,True,reject,0,genuinely stochastic
37,3,2,2,0,True,-53.6368,-53.6368,427,177,847,1024,False,,0,effectively rejected
38,0,0,0,0,False,-3.9468,-3.9468,1024,515,509,1024,True,reject,0,genuinely stochastic
38,1,1,1,0,True,-83.6152,-83.6152,515,241,783,1024,False,,0,effectively rejected
39,0,0,0,0,False,0.0,0.0,1024,846,178,1024,True,accept,0,effectively accepted
39,1,1,1,0,True,1.7131,0.0,846,449,575,1024,True,accept,0,effectively accepted
39,3,2,2,0,True,-3.5762,-3.5762,449,235,789,1024,True,reject,0,genuinely stochastic
40,0,0,0,0,False,-6.7903,-6.7903,1024,37,987,1024,True,reject,0,effectively rejected
40,2,1,0,1,False,-9.0028,-9.0028,1024,369,655,1024,True,reject,0,effectively rejected
41,0,0,0,0,False,-1.0553,-1.0553,1024,741,283,1024,True,reject,0,genuinely stochastic
42,0,0,0,0,False,19.431,0.0,1024,406,618,1024,True,accept,0,effectively accepted
42,1,1,1,0,True,-5.4123,-5.4123,406,302,722,1024,True,reject,0,effectively rejected
43,0,0,0,0,False,-29.9646,-29.9646,1024,133,891,1024,True,reject,0,effectively rejected
44,0,0,0,0,False,-33.958,-33.958,1024,486,538,1024,True,reject,0,effectively rejected
45,0,0,0,0,False,-22.9524,-22.9524,1024,353,671,1024,True,reject,0,effectively rejected
46,0,0,0,0,False,-26.8208,-26.8208,1024,827,197,1024,True,reject,0,effectively rejected
47,0,0,0,0,False,-28.8954,-28.8954,1024,893,131,1024,True,reject,0,effectively rejected
47,1,1,1,0,True,-28.735,-28.735,893,874,150,1024,False,,0,effectively rejected
47,3,2,2,0,True,-29.0779,-29.0779,874,30,994,1024,False,,0,effectively rejected
48,0,0,0,0,False,-29.9646,-29.9646,1024,133,891,1024,True,reject,0,effectively rejected
49,0,0,0,0,False,-29.6821,-29.6821,1024,581,443,1024,True,reject,0,effectively rejected
49,1,1,1,0,True,-36.422,-36.422,581,542,482,1024,False,,0,effectively rejected
50,0,0,0,0,False,-29.9099,-29.9099,1024,767,257,1024,True,reject,0,effectively rejected
50,1,1,1,0,True,-112.7103,-112.7103,767,77,947,1024,False,,0,effectively rejected
51,0,0,0,0,False,0.5217,0.0,1024,872,152,1024,True,accept,0,effectively accepted
51,1,1,1,0,True,-29.201,-29.201,872,472,552,1024,True,reject,0,effectively rejected
51,3,2,2,0,True,-107.5925,-107.5925,472,245,779,1024,False,,0,effectively rejected
51,7,3,3,0,True,-112.7103,-112.7103,245,77,947,1024,False,,0,effectively rejected
52,0,0,0,0,False,-0.7991,-0.7991,1024,977,47,1024,True,accept,0,genuinely stochastic
52,1,1,1,0,True,-33.2135,-33.2135,977,114,910,1024,True,reject,0,effectively rejected
53,0,0,0,0,False,-23.6532,-23.6532,1024,950,74,1024,True,reject,0,effectively rejected
53,1,1,1,0,True,-26.2485,-26.2485,950,619,405,1024,False,,0,effectively rejected
54,0,0,0,0,False,-23.0863,-23.0863,1024,219,805,1024,True,reject,0,effectively rejected
55,0,0,0,0,False,0.8061,0.0,1024,1012,12,1024,True,accept,0,effectively accepted
55,1,1,1,0,True,-28.7985,-28.7985,1012,530,494,1024,True,reject,0,effectively rejected
55,3,2,2,0,True,-76.0046,-76.0046,530,84,940,1024,False,,0,effectively rejected
56,0,0,0,0,False,-0.8061,-0.8061,1024,977,47,1024,True,reject,0,genuinely stochastic
56,1,1,1,0,True,-19.5133,-19.5133,977,353,671,1024,False,,0,effectively rejected
57,0,0,0,0,False,-26.1608,-26.1608,1024,124,900,1024,True,reject,0,effectively rejected
57,2,1,0,1,False,-28.9595,-28.9595,1024,451,573,1024,True,reject,0,effectively rejected
58,0,0,0,0,False,-25.9206,-25.9206,1024,90,934,1024,True,reject,0,effectively rejected
59,0,0,0,0,False,-35.904,-35.904,1024,449,575,1024,True,reject,0,effectively rejected
59,1,1,1,0,True,-28.8923,-28.8923,449,107,917,1024,False,,0,effectively rejected
60,0,0,0,0,False,-30.2685,-30.2685,1024,504,520,1024,True,reject,0,effectively rejected
61,0,0,0,0,False,-29.718,-29.718,1024,417,607,1024,True,reject,0,effectively rejected
61,1,1,1,0,True,-110.7551,-110.7551,417,266,758,1024,False,,0,effectively rejected
61,3,2,2,0,True,-106.0708,-106.0708,266,154,870,1024,False,,0,effectively rejected
62,0,0,0,0,False,-27.2181,-27.2181,1024,783,241,1024,True,reject,0,effectively rejected
62,1,1,1,0,True,-32.2056,-32.2056,783,710,314,1024,False,,0,effectively rejected
62,3,2,2,0,True,-26.189,-26.189,710,13,1011,1024,False,,0,effectively rejected
63,0,0,0,0,False,-29.2319,-29.2319,1024,804,220,1024,True,reject,0,effectively rejected
63,1,1,1,0,True,-32.8179,-32.8179,804,414,610,1024,False,,0,effectively rejected
64,0,0,0,0,False,0.6125,0.0,1024,711,313,1024,True,accept,0,effectively accepted
64,1,1,1,0,True,-25.8662,-25.8662,711,279,745,1024,True,reject,0,effectively rejected
65,0,0,0,0,False,-32.0424,-32.0424,1024,816,208,1024,True,reject,0,effectively rejected
65,1,1,1,0,True,-21.4305,-21.4305,816,318,706,1024,False,,0,effectively rejected
66,0,0,0,0,False,-28.2494,-28.2494,1024,448,576,1024,True,reject,0,effectively rejected
67,0,0,0,0,False,-33.1445,-33.1445,1024,103,921,1024,True,reject,0,effectively rejected
67,2,1,0,1,False,-30.7583,-30.7583,1024,607,417,1024,True,reject,0,effectively rejected
68,0,0,0,0,False,-31.7448,-31.7448,1024,565,459,1024,True,reject,0,effectively rejected
68,1,1,1,0,True,-38.8608,-38.8608,565,268,756,1024,False,,0,effectively rejected
68,3,2,2,0,True,-108.9573,-108.9573,268,211,813,1024,False,,0,effectively rejected
69,0,0,0,0,False,-31.5367,-31.5367,1024,794,230,1024,True,reject,0,effectively rejected
69,1,1,1,0,True,-53.0262,-53.0262,794,50,974,1024,False,,0,effectively rejected
70,0,0,0,0,False,-108.1035,-108.1035,1024,211,813,1024,True,reject,0,effectively rejected
70,2,1,0,1,False,-78.5151,-78.5151,1024,141,883,1024,True,reject,0,effectively rejected
71,0,0,0,0,False,-24.4096,-24.4096,1024,203,821,1024,True,reject,0,effectively rejected
71,2,1,0,1,False,-26.8988,-26.8988,1024,290,734,1024,True,reject,0,effectively rejected
71,6,2,0,2,False,-34.404,-34.404,1024,812,212,1024,True,reject,0,effectively rejected
72,0,0,0,0,False,-36.2258,-36.2258,1024,130,894,1024,True,reject,0,effectively rejected
73,0,0,0,0,False,-0.9642,-0.9642,1024,661,363,1024,True,reject,0,genuinely stochastic
73,1,1,1,0,True,0.4521,0.0,661,529,495,1024,False,,0,effectively accepted
73,3,2,2,0,True,3.1408,0.0,529,342,682,1024,False,,0,effectively accepted
74,0,0,0,0,False,-3.2867,-3.2867,1024,518,506,1024,True,reject,0,genuinely stochastic
74,1,1,1,0,True,-0.6018,-0.6018,518,391,633,1024,False,,0,genuinely stochastic
75,0,0,0,0,False,-0.8971,-0.8971,1024,1009,15,1024,True,reject,0,genuinely stochastic
75,1,1,1,0,True,0.4362,0.0,1009,575,449,1024,False,,0,effectively accepted
76,0,0,0,0,False,-0.3661,-0.3661,1024,67,957,1024,True,accept,0,genuinely stochastic
77,0,0,0,0,False,-1.0855,-1.0855,1024,547,477,1024,True,reject,0,genuinely stochastic
78,0,0,0,0,False,1.4001,0.0,1024,987,37,1024,True,accept,0,effectively accepted
78,1,1,1,0,True,1.565,0.0,987,570,454,1024,True,accept,0,effectively accepted
78,3,2,2,0,True,-2.2239,-2.2239,570,557,467,1024,True,reject,0,genuinely stochastic
79,0,0,0,0,False,-2.4011,-2.4011,1024,221,803,1024,True,reject,0,genuinely stochastic
80,0,0,0,0,False,-4.4958,-4.4958,1024,440,584,1024,True,reject,0,genuinely stochastic
80,1,1,1,0,True,1.0322,0.0,440,387,637,1024,False,,0,effectively accepted
81,0,0,0,0,False,-2.639,-2.639,1024,671,353,1024,True,reject,0,genuinely stochastic
82,0,0,0,0,False,1.3037,0.0,1024,951,73,1024,True,accept,0,effectively accepted
82,1,1,1,0,True,-36.6409,-36.6409,951,494,530,1024,True,reject,0,effectively rejected
83,0,0,0,0,False,-5.2248,-5.2248,1024,839,185,1024,True,reject,0,effectively rejected
84,0,0,0,0,False,-2.1889,-2.1889,1024,978,46,1024,True,reject,0,genuinely stochastic
84,1,1,1,0,True,-1.7312,-1.7312,978,463,561,1024,False,,0,genuinely stochastic
84,3,2,2,0,True,-19.0077,-19.0077,463,57,967,1024,False,,0,effectively rejected
85,0,0,0,0,False,-4.6971,-4.6971,1024,582,442,1024,True,reject,0,effectively rejected
86,0,0,0,0,False,-3.3448,-3.3448,1024,173,851,1024,True,reject,0,genuinely stochastic
87,0,0,0,0,False,-1.8877,-1.8877,1024,871,153,1024,True,reject,0,genuinely stochastic
87,1,1,1,0,True,-2.2994,-2.2994,871,783,241,1024,False,,0,genuinely stochastic
87,3,2,2,0,True,-14.0143,-14.0143,783,56,968,1024,False,,0,effectively rejected
88,0,0,0,0,False,-45.7219,-45.7219,1024,8,1016,1024,True,reject,0,effectively rejected
88,2,1,0,1,False,-7.3682,-7.3682,1024,289,735,1024,True,reject,0,effectively rejected
88,5,2,1,1,True,-12.742,-12.742,289,80,944,1024,False,,0,effectively rejected
89,0,0,0,0,False,-2.4908,-2.4908,1024,337,687,1024,True,reject,0,genuinely stochastic
90,0,0,0,0,False,-4.9407,-4.9407,1024,759,265,1024,True,reject,0,effectively rejected
90,1,1,1,0,True,-5.5137,-5.5137,759,452,572,1024,False,,0,effectively rejected
90,3,2,2,0,True,5.1651,0.0,452,149,875,1024,False,,0,effectively accepted
91,0,0,0,0,False,-2.5027,-2.5027,1024,74,950,1024,True,reject,0,genuinely stochastic
92,0,0,0,0,False,-4.5458,-4.5458,1024,752,272,1024,True,reject,0,genuinely stochastic
92,1,1,1,0,True,2.5836,0.0,752,401,623,1024,False,,0,effectively accepted
92,3,2,2,0,True,-3.8383,-3.8383,401,393,631,1024,False,,0,genuinely stochastic
92,7,3,3,0,True,-18.6704,-18.6704,393,236,788,1024,False,,0,effectively rejected
93,0,0,0,0,False,-3.9423,-3.9423,1024,415,609,1024,True,reject,0,genuinely stochastic
93,1,1,1,0,True,-3.3466,-3.3466,415,153,871,1024,False,,0,genuinely stochastic
94,0,0,0,0,False,-4.8997,-4.8997,1024,903,121,1024,True,reject,0,effectively rejected
94,1,1,1,0,True,-7.2817,-7.2817,903,87,937,1024,False,,0,effectively rejected
95,0,0,0,0,False,-3.9395,-3.9395,1024,618,406,1024,True,reject,0,genuinely stochastic
95,1,1,1,0,True,-7.6911,-7.6911,618,566,458,1024,False,,0,effectively rejected
95,3,2,2,0,True,-0.2363,-0.2363,566,532,492,1024,False,,0,genuinely stochastic
95,7,3,3,0,True,-6.9424,-6.9424,532,43,981,1024,False,,0,effectively rejected
96,0,0,0,0,False,-0.3283,-0.3283,1024,193,831,1024,True,reject,0,genuinely stochastic
97,0,0,0,0,False,-0.0162,-0.0162,1024,1003,21,1024,True,accept,0,genuinely stochastic
97,1,1,1,0,True,-5.2544,-5.2544,1003,758,266,1024,True,reject,0,effectively rejected
97,3,2,2,0,True,-10.4323,-10.4323,758,442,582,1024,False,,0,effectively rejected
98,0,0,0,0,False,-6.2432,-6.2432,1024,676,348,1024,True,reject,0,effectively rejected
98,1,1,1,0,True,-0.3459,-0.3459,676,134,890,1024,False,,0,genuinely stochastic
99,0,0,0,0,False,43.0816,0.0,1024,343,681,1024,True,accept,0,effectively accepted
100,0,0,0,0,False,2.248,0.0,1024,952,72,1024,True,accept,0,effectively accepted
100,1,1,1,0,True,2.3508,0.0,952,661,363,1024,True,accept,0,effectively accepted
100,3,2,2,0,True,-1.7876,-1.7876,661,580,444,1024,True,reject,0,genuinely stochastic
101,0,0,0,0,False,-11.5816,-11.5816,1024,718,306,1024,True,reject,0,effectively rejected
101,1,1,1,0,True,-48.1352,-48.1352,718,222,802,1024,False,,0,effectively rejected
102,0,0,0,0,False,-78.74,-78.74,1024,485,539,1024,True,reject,0,effectively rejected
102,1,1,1,0,True,-48.2199,-48.2199,485,45,979,1024,False,,0,effectively rejected
103,0,0,0,0,False,-1.2471,-1.2471,1024,903,121,1024,True,reject,0,genuinely stochastic
103,1,1,1,0,True,-44.9028,-44.9028,903,511,513,1024,False,,0,effectively rejected
103,3,2,2,0,True,-52.2969,-52.2969,511,192,832,1024,False,,0,effectively rejected
104,0,0,0,0,False,-11.6427,-11.6427,1024,599,425,1024,True,reject,0,effectively rejected
105,0,0,0,0,False,-47.2328,-47.2328,1024,432,592,1024,True,reject,0,effectively rejected
106,0,0,0,0,False,-47.3269,-47.3269,1024,279,745,1024,True,reject,0,effectively rejected
107,0,0,0,0,False,-1.1738,-1.1738,1024,820,204,1024,True,accept,0,genuinely stochastic
107,1,1,1,0,True,-51.229,-51.229,820,181,843,1024,True,reject,0,effectively rejected
108,0,0,0,0,False,1.728,0.0,1024,823,201,1024,True,accept,0,effectively accepted
108,1,1,1,0,True,-40.307,-40.307,823,517,507,1024,True,reject,0,effectively rejected
108,3,2,2,0,True,-47.9767,-47.9767,517,111,913,1024,False,,0,effectively rejected
108,7,3,3,0,True,-42.0273,-42.0273,111,72,952,1024,False,,0,effectively rejected
109,0,0,0,0,False,-47.8123,-47.8123,1024,325,699,1024,True,reject,0,effectively rejected
109,1,1,1,0,True,-59.9227,-59.9227,325,132,892,1024,False,,0,effectively rejected
110,0,0,0,0,False,-2.3559,-2.3559,1024,581,443,1024,True,accept,0,genuinely stochastic
110,1,1,1,0,True,-52.2969,-52.2969,581,256,768,1024,True,reject,0,effectively rejected
111,0,0,0,0,False,-56.2513,-56.2513,1024,37,987,1024,True,reject,0,effectively rejected
112,0,0,0,0,False,-0.0508,-0.0508,1024,902,122,1024,True,accept,0,genuinely stochastic
112,1,1,1,0,True,-9.4147,-9.4147,902,851,173,1024,True,reject,0,effectively rejected
112,3,2,2,0,True,-51.1301,-51.1301,851,533,491,1024,False,,0,effectively rejected
113,0,0,0,0,False,0.0,0.0,1024,1021,3,1024,True,accept,0,effectively accepted
113,1,1,1,0,True,-45.5108,-45.5108,1021,392,632,1024,True,reject,0,effectively rejected
113,3,2,2,0,True,-58.0904,-58.0904,392,186,838,1024,False,,0,effectively rejected
114,0,0,0,0,False,-74.817,-74.817,1024,196,828,1024,True,reject,0,effectively rejected
115,0,0,0,0,False,-43.7117,-43.7117,1024,40,984,1024,True,reject,0,effectively rejected
115,2,1,0,1,False,-51.9115,-51.9115,1024,278,746,1024,True,reject,0,effectively rejected
116,0,0,0,0,False,-46.9086,-46.9086,1024,176,848,1024,True,reject,0,effectively rejected
117,0,0,0,0,False,-42.2639,-42.2639,1024,488,536,1024,True,reject,0,effectively rejected
118,0,0,0,0,False,-9.1197,-9.1197,1024,750,274,1024,True,reject,0,effectively rejected
118,1,1,1,0,True,-219.3117,-219.3117,750,7,1017,1024,False,,0,effectively rejected
119,0,0,0,0,False,-46.235,-46.235,1024,179,845,1024,True,reject,0,effectively rejected
120,0,0,0,0,False,-2.0651,-2.0651,1024,808,216,1024,True,reject,0,genuinely stochastic
120,1,1,1,0,True,-54.2072,-54.2072,808,170,854,1024,False,,0,effectively rejected
120,3,2,2,0,True,-219.3117,-219.3117,170,7,1017,1024,False,,0,effectively rejected
121,0,0,0,0,False,-46.0664,-46.0664,1024,9,1015,1024,True,reject,0,effectively rejected
121,2,1,0,1,False,-50.7165,-50.7165,1024,23,1001,1024,True,reject,0,effectively rejected
121,5,2,1,1,True,-46.6041,-46.6041,23,21,1003,1024,False,,0,effectively rejected
122,0,0,0,0,False,-47.5571,-47.5571,1024,306,718,1024,True,reject,0,effectively rejected
123,0,0,0,0,False,-47.3572,-47.3572,1024,299,725,1024,True,reject,0,effectively rejected
124,0,0,0,0,False,0.1519,0.0,1024,977,47,1024,True,accept,0,effectively accepted
124,1,1,1,0,True,-1.9432,-1.9432,977,875,149,1024,True,reject,0,genuinely stochastic
125,0,0,0,0,False,-45.1949,-45.1949,1024,497,527,1024,True,reject,0,effectively rejected
125,1,1,1,0,True,-42.2435,-42.2435,497,6,1018,1024,False,,0,effectively rejected
125,4,2,1,1,False,-58.2423,-58.2423,497,186,838,1024,False,,0,effectively rejected
126,0,0,0,0,False,-47.0622,-47.0622,1024,144,880,1024,True,reject,0,effectively rejected
127,0,0,0,0,False,-0.2537,-0.2537,1024,970,54,1024,True,accept,0,genuinely stochastic
127,1,1,1,0,True,-39.0995,-39.0995,970,89,935,1024,True,reject,0,effectively rejected
128,0,0,0,0,False,-47.4043,-47.4043,1024,331,693,1024,True,reject,0,effectively rejected
129,0,0,0,0,False,-48.5652,-48.5652,1024,247,777,1024,True,reject,0,effectively rejected
130,0,0,0,0,False,-4.2812,-4.2812,1024,583,441,1024,True,reject,0,genuinely stochastic
130,1,1,1,0,True,-53.0664,-53.0664,583,515,509,1024,False,,0,effectively rejected
130,3,2,2,0,True,-10.3569,-10.3569,515,491,533,1024,False,,0,effectively rejected
131,0,0,0,0,False,-52.0175,-52.0175,1024,423,601,1024,True,reject,0,effectively rejected
131,1,1,1,0,True,-44.0165,-44.0165,423,270,754,1024,False,,0,effectively rejected
132,0,0,0,0,False,-55.707,-55.707,1024,184,840,1024,True,reject,0,effectively rejected
132,1,1,1,0,True,-37.5797,-37.5797,184,125,899,1024,False,,0,effectively rejected
133,0,0,0,0,False,0.5813,0.0,1024,590,434,1024,True,accept,0,effectively accepted
133,1,1,1,0,True,-9.6635,-9.6635,590,505,519,1024,True,reject,0,effectively rejected
134,0,0,0,0,False,-8.1087,-8.1087,1024,456,568,1024,True,reject,0,effectively rejected
135,0,0,0,0,False,-57.3382,-57.3382,1024,326,698,1024,True,reject,0,effectively rejected
136,0,0,0,0,False,-1.7448,-1.7448,1024,548,476,1024,True,reject,0,genuinely stochastic
136,1,1,1,0,True,-51.7527,-51.7527,548,88,936,1024,False,,0,effectively rejected
137,0,0,0,0,False,-2.2699,-2.2699,1024,821,203,1024,True,reject,0,genuinely stochastic
137,1,1,1,0,True,-52.4258,-52.4258,821,380,644,1024,False,,0,effectively rejected
138,0,0,0,0,False,0.1515,0.0,1024,1014,10,1024,True,accept,0,effectively accepted
138,1,1,1,0,True,-0.2716,-0.2716,1014,605,419,1024,True,accept,0,genuinely stochastic
138,3,2,2,0,True,-57.7478,-57.7478,605,266,758,1024,True,reject,0,effectively rejected
139,0,0,0,0,False,-6.9107,-6.9107,1024,693,331,1024,True,reject,0,effectively rejected
139,1,1,1,0,True,-9.1939,-9.1939,693,579,445,1024,False,,0,effectively rejected
140,0,0,0,0,False,-2.1863,-2.1863,1024,483,541,1024,True,reject,0,genuinely stochastic
141,0,0,0,0,False,-52.7346,-52.7346,1024,418,606,1024,True,reject,0,effectively rejected
142,0,0,0,0,False,-41.1833,-41.1833,1024,231,793,1024,True,reject,0,effectively rejected
142,1,1,1,0,True,-50.3191,-50.3191,231,120,904,1024,False,,0,effectively rejected
143,0,0,0,0,False,-10.7288,-10.7288,1024,550,474,1024,True,reject,0,effectively rejected
143,1,1,1,0,True,-43.8546,-43.8546,550,318,706,1024,False,,0,effectively rejected
144,0,0,0,0,False,-3.4955,-3.4955,1024,813,211,1024,True,reject,0,genuinely stochastic
144,1,1,1,0,True,-47.6761,-47.6761,813,105,919,1024,False,,0,effectively rejected
144,4,2,1,1,False,-51.0776,-51.0776,813,102,922,1024,False,,0,effectively rejected
144,9,3,2,1,True,-57.786,-57.786,102,56,968,1024,False,,0,effectively rejected
145,0,0,0,0,False,-9.6585,-9.6585,1024,860,164,1024,True,reject,0,effectively rejected
145,1,1,1,0,True,-31.2433,-31.2433,860,337,687,1024,False,,0,effectively rejected
146,0,0,0,0,False,-52.4574,-52.4574,1024,130,894,1024,True,reject,0,effectively rejected
146,2,1,0,1,False,-38.6066,-38.6066,1024,149,875,1024,True,reject,0,effectively rejected
146,6,2,0,2,False,0.0,0.0,1024,1000,24,1024,True,accept,0,effectively accepted
147,0,0,0,0,False,-7.8411,-7.8411,1024,736,288,1024,True,reject,0,effectively rejected
147,1,1,1,0,True,-52.4907,-52.4907,736,256,768,1024,False,,0,effectively rejected
147,3,2,2,0,True,-51.1152,-51.1152,256,253,771,1024,False,,0,effectively rejected
148,0,0,0,0,False,-9.508,-9.508,1024,825,199,1024,True,reject,0,effectively rejected
148,1,1,1,0,True,-50.1215,-50.1215,825,52,972,1024,False,,0,effectively rejected
148,3,2,2,0,True,-49.0341,-49.0341,52,29,995,1024,False,,0,effectively rejected
149,0,0,0,0,False,-47.1381,-47.1381,1024,190,834,1024,True,reject,0,effectively rejected
149,2,1,0,1,False,-46.6404,-46.6404,1024,67,957,1024,True,reject,0,effectively rejected
149,6,2,0,2,False,-67.0985,-67.0985,1024,364,660,1024,True,reject,0,effectively rejected
150,0,0,0,0,False,0.0,0.0,1024,251,773,1024,True,accept,0,effectively accepted
150,1,1,1,0,True,65.2525,0.0,251,78,946,1024,True,accept,0,effectively accepted
151,0,0,0,0,False,-20.2019,-20.2019,1024,471,553,1024,True,reject,0,effectively rejected
151,1,1,1,0,True,-91.7097,-91.7097,471,239,785,1024,False,,0,effectively rejected
152,0,0,0,0,False,0.6565,0.0,1024,625,399,1024,True,accept,0,effectively accepted
152,1,1,1,0,True,-85.8911,-85.8911,625,33,991,1024,True,reject,0,effectively rejected
153,0,0,0,0,False,-65.8876,-65.8876,1024,249,775,1024,True,reject,0,effectively rejected
154,0,0,0,0,False,-3.959,-3.959,1024,374,650,1024,True,reject,0,genuinely stochastic
155,0,0,0,0,False,-139.4033,-139.4033,1024,230,794,1024,True,reject,0,effectively rejected
156,0,0,0,0,False,-6.0236,-6.0236,1024,791,233,1024,True,reject,0,effectively rejected
156,1,1,1,0,True,-0.8087,-0.8087,791,766,258,1024,False,,0,genuinely stochastic
157,0,0,0,0,False,-69.3619,-69.3619,1024,5,1019,1024,True,reject,0,effectively rejected
157,2,1,0,1,False,0.1514,0.0,1024,983,41,1024,True,accept,0,effectively accepted
157,5,2,1,1,True,-17.8317,-17.8317,983,474,550,1024,True,reject,0,effectively rejected
157,11,3,2,1,True,-55.986,-55.986,474,206,818,1024,False,,0,effectively rejected
158,0,0,0,0,False,-66.039,-66.039,1024,219,805,1024,True,reject,0,effectively rejected
158,1,1,1,0,True,-101.3043,-101.3043,219,145,879,1024,False,,0,effectively rejected
158,3,2,2,0,True,-105.0203,-105.0203,145,29,995,1024,False,,0,effectively rejected
159,0,0,0,0,False,-1.6794,-1.6794,1024,841,183,1024,True,reject,0,genuinely stochastic
159,1,1,1,0,True,-5.5309,-5.5309,841,754,270,1024,False,,0,effectively rejected
159,3,2,2,0,True,-2.1144,-2.1144,754,714,310,1024,False,,0,genuinely stochastic
160,0,0,0,0,False,-21.3183,-21.3183,1024,777,247,1024,True,reject,0,effectively rejected
160,1,1,1,0,True,-21.6121,-21.6121,777,743,281,1024,False,,0,effectively rejected
160,3,2,2,0,True,-16.0341,-16.0341,743,519,505,1024,False,,0,effectively rejected
161,0,0,0,0,False,-60.1522,-60.1522,1024,120,904,1024,True,reject,0,effectively rejected
162,0,0,0,0,False,-0.6295,-0.6295,1024,918,106,1024,True,reject,0,genuinely stochastic
162,1,1,1,0,True,-21.4202,-21.4202,918,746,278,1024,False,,0,effectively rejected
162,3,2,2,0,True,-72.4339,-72.4339,746,290,734,1024,False,,0,effectively rejected
163,0,0,0,0,False,-65.105,-65.105,1024,301,723,1024,True,reject,0,effectively rejected
163,1,1,1,0,True,-73.5936,-73.5936,301,155,869,1024,False,,0,effectively rejected
164,0,0,0,0,False,-78.6644,-78.6644,1024,310,714,1024,True,reject,0,effectively rejected
165,0,0,0,0,False,-1.6653,-1.6653,1024,830,194,1024,True,reject,0,genuinely stochastic
165,1,1,1,0,True,-92.704,-92.704,830,331,693,1024,False,,0,effectively rejected
166,0,0,0,0,False,-22.1035,-22.1035,1024,535,489,1024,True,reject,0,effectively rejected
166,1,1,1,0,True,1.5066,0.0,535,475,549,1024,False,,0,effectively accepted
166,3,2,2,0,True,-97.3413,-97.3413,475,397,627,1024,False,,0,effectively rejected
167,0,0,0,0,False,-134.562,-134.562,1024,216,808,1024,True,reject,0,effectively rejected
167,1,1,1,0,True,-40.9442,-40.9442,216,128,896,1024,False,,0,effectively rejected
168,0,0,0,0,False,-41.8711,-41.8711,1024,416,608,1024,True,reject,0,effectively rejected
168,1,1,1,0,True,-23.0463,-23.0463,416,113,911,1024,False,,0,effectively rejected
168,3,2,2,0,True,-95.7739,-95.7739,113,111,913,1024,False,,0,effectively rejected
169,0,0,0,0,False,-22.4541,-22.4541,1024,468,556,1024,True,reject,0,effectively rejected
169,1,1,1,0,True,-17.5168,-17.5168,468,430,594,1024,False,,0,effectively rejected
170,0,0,0,0,False,-5.0983,-5.0983,1024,710,314,1024,True,reject,0,effectively rejected
170,1,1,1,0,True,-0.7813,-0.7813,710,388,636,1024,False,,0,genuinely stochastic
170,3,2,2,0,True,-80.7716,-80.7716,388,275,749,1024,False,,0,effectively rejected
170,7,3,3,0,True,-82.1543,-82.1543,275,66,958,1024,False,,0,effectively rejected
171,0,0,0,0,False,-9.2893,-9.2893,1024,425,599,1024,True,reject,0,effectively rejected
171,1,1,1,0,True,-76.0114,-76.0114,425,32,992,1024,False,,0,effectively rejected
172,0,0,0,0,False,-23.3512,-23.3512,1024,451,573,1024,True,reject,0,effectively rejected
172,1,1,1,0,True,-81.4396,-81.4396,451,27,997,1024,False,,0,effectively rejected
172,4,2,1,1,False,-95.2104,-95.2104,451,229,795,1024,False,,0,effectively rejected
173,0,0,0,0,False,-65.2349,-65.2349,1024,285,739,1024,True,reject,0,effectively rejected
174,0,0,0,0,False,-127.5918,-127.5918,1024,215,809,1024,True,reject,0,effectively rejected
175,0,0,0,0,False,-16.0056,-16.0056,1024,395,629,1024,True,reject,0,effectively rejected
176,0,0,0,0,False,-0.1514,-0.1514,1024,998,26,1024,True,accept,0,genuinely stochastic
176,1,1,1,0,True,-22.5286,-22.5286,998,605,419,1024,True,reject,0,effectively rejected
176,3,2,2,0,True,-132.0826,-132.0826,605,216,808,1024,False,,0,effectively rejected
177,0,0,0,0,False,-0.4687,-0.4687,1024,944,80,1024,True,accept,0,genuinely stochastic
177,1,1,1,0,True,-22.8949,-22.8949,944,113,911,1024,True,reject,0,effectively rejected
178,0,0,0,0,False,-65.4403,-65.4403,1024,32,992,1024,True,reject,0,effectively rejected
179,0,0,0,0,False,-22.8613,-22.8613,1024,760,264,1024,True,reject,0,effectively rejected
179,1,1,1,0,True,-117.2562,-117.2562,760,247,777,1024,False,,0,effectively rejected
179,3,2,2,0,True,-93.4214,-93.4214,247,19,1005,1024,False,,0,effectively rejected
179,8,3,2,1,False,-67.3766,-67.3766,247,188,836,1024,False,,0,effectively rejected
180,0,0,0,0,False,-62.1207,-62.1207,1024,280,744,1024,True,reject,0,effectively rejected
180,1,1,1,0,True,-133.0394,-133.0394,280,238,786,1024,False,,0,effectively rejected
181,0,0,0,0,False,-4.5149,-4.5149,1024,561,463,1024,True,reject,0,genuinely stochastic
181,1,1,1,0,True,-21.6381,-21.6381,561,512,512,1024,False,,0,effectively rejected
182,0,0,0,0,False,-68.1682,-68.1682,1024,356,668,1024,True,reject,0,effectively rejected
182,1,1,1,0,True,-72.8618,-72.8618,356,183,841,1024,False,,0,effectively rejected
183,0,0,0,0,False,-20.6983,-20.6983,1024,780,244,1024,True,reject,0,effectively rejected
183,1,1,1,0,True,-35.8516,-35.8516,780,41,983,1024,False,,0,effectively rejected
184,0,0,0,0,False,-1.0594,-1.0594,1024,843,181,1024,True,reject,0,genuinely stochastic
184,1,1,1,0,True,-89.2307,-89.2307,843,368,656,1024,False,,0,effectively rejected
185,0,0,0,0,False,-65.419,-65.419,1024,188,836,1024,True,reject,0,effectively rejected
186,0,0,0,0,False,-1.0453,-1.0453,1024,825,199,1024,True,reject,0,genuinely stochastic
186,1,1,1,0,True,-1.8926,-1.8926,825,52,972,1024,False,,0,genuinely stochastic
187,0,0,0,0,False,-20.8908,-20.8908,1024,736,288,1024,True,reject,0,effectively rejected
187,1,1,1,0,True,-0.1668,-0.1668,736,728,296,1024,False,,0,genuinely stochastic
187,3,2,2,0,True,-62.3254,-62.3254,728,479,545,1024,False,,0,effectively rejected
188,0,0,0,0,False,-3.811,-3.811,1024,759,265,1024,True,reject,0,genuinely stochastic
188,1,1,1,0,True,-19.7525,-19.7525,759,487,537,1024,False,,0,effectively rejected
189,0,0,0,0,False,-2.4213,-2.4213,1024,883,141,1024,True,reject,0,genuinely stochastic
189,1,1,1,0,True,-10.6466,-10.6466,883,848,176,1024,False,,0,effectively rejected
189,3,2,2,0,True,-20.8058,-20.8058,848,398,626,1024,False,,0,effectively rejected
190,0,0,0,0,False,-65.419,-65.419,1024,236,788,1024,True,reject,0,effectively rejected
191,0,0,0,0,False,-79.0789,-79.0789,1024,248,776,1024,True,reject,0,effectively rejected
192,0,0,0,0,False,-45.6141,-45.6141,1024,392,632,1024,True,reject,0,effectively rejected
192,1,1,1,0,True,-104.8753,-104.8753,392,7,1017,1024,False,,0,effectively rejected
192,4,2,1,1,False,-115.9308,-115.9308,392,126,898,1024,False,,0,effectively rejected
193,0,0,0,0,False,-8.6692,-8.6692,1024,432,592,1024,True,reject,0,effectively rejected
193,1,1,1,0,True,-113.5718,-113.5718,432,251,773,1024,False,,0,effectively rejected
194,0,0,0,0,False,-67.5126,-67.5126,1024,264,760,1024,True,reject,0,effectively rejected
195,0,0,0,0,False,-22.2053,-22.2053,1024,165,859,1024,True,reject,0,effectively rejected
196,0,0,0,0,False,-136.1544,-136.1544,1024,305,719,1024,True,reject,0,effectively rejected
196,1,1,1,0,True,-41.0955,-41.0955,305,217,807,1024,False,,0,effectively rejected
197,0,0,0,0,False,-85.628,-85.628,1024,39,985,1024,True,reject,0,effectively rejected
198,0,0,0,0,False,-34.69,-34.69,1024,435,589,1024,True,reject,0,effectively rejected
198,1,1,1,0,True,-135.0384,-135.0384,435,354,670,1024,False,,0,effectively rejected
199,0,0,0,0,False,-1.4647,-1.4647,1024,902,122,1024,True,reject,0,genuinely stochastic
199,1,1,1,0,True,2.8969,0.0,902,445,579,1024,False,,0,effectively accepted
200,0,0,0,0,False,-63.9302,-63.9302,1024,313,711,1024,True,reject,0,effectively rejected
201,0,0,0,0,False,0.6375,0.0,1024,312,712,1024,True,accept,0,effectively accepted
202,0,0,0,0,False,3.8112,0.0,1024,555,469,1024,True,accept,0,effectively accepted
203,0,0,0,0,False,0.5592,0.0,1024,952,72,1024,True,accept,0,effectively accepted
203,1,1,1,0,True,-25.4623,-25.4623,952,572,452,1024,True,reject,0,effectively rejected
204,0,0,0,0,False,-0.9279,-0.9279,1024,967,57,1024,True,accept,0,genuinely stochastic
204,1,1,1,0,True,-23.9974,-23.9974,967,526,498,1024,True,reject,0,effectively rejected
204,3,2,2,0,True,-84.1657,-84.1657,526,231,793,1024,False,,0,effectively rejected
205,0,0,0,0,False,-24.7594,-24.7594,1024,603,421,1024,True,reject,0,effectively rejected
206,0,0,0,0,False,-20.9223,-20.9223,1024,824,200,1024,True,reject,0,effectively rejected
206,1,1,1,0,True,-76.0956,-76.0956,824,390,634,1024,False,,0,effectively rejected
206,3,2,2,0,True,-99.8918,-99.8918,390,353,671,1024,False,,0,effectively rejected
207,0,0,0,0,False,-92.093,-92.093,1024,86,938,1024,True,reject,0,effectively rejected
208,0,0,0,0,False,-79.1137,-79.1137,1024,88,936,1024,True,reject,0,effectively rejected
209,0,0,0,0,False,-73.3158,-73.3158,1024,244,780,1024,True,reject,0,effectively rejected
210,0,0,0,0,False,0.0049,0.0,1024,995,29,1024,True,accept,0,effectively accepted
210,1,1,1,0,True,-18.2582,-18.2582,995,576,448,1024,True,reject,0,effectively rejected
210,3,2,2,0,True,-69.9954,-69.9954,576,16,1008,1024,False,,0,effectively rejected
211,0,0,0,0,False,-139.1899,-139.1899,1024,71,953,1024,True,reject,0,effectively rejected
211,2,1,0,1,False,-73.6112,-73.6112,1024,163,861,1024,True,reject,0,effectively rejected
212,0,0,0,0,False,-2.4055,-2.4055,1024,552,472,1024,True,accept,0,genuinely stochastic
212,1,1,1,0,True,-43.0906,-43.0906,552,4,1020,1024,True,reject,0,effectively rejected
213,0,0,0,0,False,-23.4639,-23.4639,1024,890,134,1024,True,reject,0,effectively rejected
213,1,1,1,0,True,-18.9004,-18.9004,890,638,386,1024,False,,0,effectively rejected
214,0,0,0,0,False,-102.2502,-102.2502,1024,281,743,1024,True,reject,0,effectively rejected
215,0,0,0,0,False,-23.4706,-23.4706,1024,801,223,1024,True,reject,0,effectively rejected
215,1,1,1,0,True,-0.2059,-0.2059,801,779,245,1024,False,,0,genuinely stochastic
215,3,2,2,0,True,-12.3522,-12.3522,779,541,483,1024,False,,0,effectively rejected
216,0,0,0,0,False,-0.9857,-0.9857,1024,491,533,1024,True,accept,0,genuinely stochastic
217,0,0,0,0,False,-58.6956,-58.6956,1024,84,940,1024,True,reject,0,effectively rejected
217,1,1,1,0,True,-91.3376,-91.3376,84,55,969,1024,False,,0,effectively rejected
218,0,0,0,0,False,3.3211,0.0,1024,492,532,1024,True,accept,0,effectively accepted
218,1,1,1,0,True,-60.5702,-60.5702,492,440,584,1024,True,reject,0,effectively rejected
218,3,2,2,0,True,-122.0219,-122.0219,440,49,975,1024,False,,0,effectively rejected
219,0,0,0,0,False,-44.4766,-44.4766,1024,410,614,1024,True,reject,0,effectively rejected
219,1,1,1,0,True,-73.5429,-73.5429,410,380,644,1024,False,,0,effectively rejected
219,3,2,2,0,True,-109.0846,-109.0846,380,309,715,1024,False,,0,effectively rejected
220,0,0,0,0,False,-105.1012,-105.1012,1024,2,1022,1024,True,reject,0,effectively rejected
220,2,1,0,1,False,-22.6529,-22.6529,1024,468,556,1024,True,reject,0,effectively rejected
221,0,0,0,0,False,-0.7101,-0.7101,1024,941,83,1024,True,accept,0,genuinely stochastic
221,1,1,1,0,True,-106.162,-106.162,941,300,724,1024,True,reject,0,effectively rejected
222,0,0,0,0,False,-0.003,-0.003,1024,988,36,1024,True,accept,0,effectively accepted
222,1,1,1,0,True,-38.2896,-38.2896,988,181,843,1024,True,reject,0,effectively rejected
223,0,0,0,0,False,-67.7868,-67.7868,1024,302,722,1024,True,reject,0,effectively rejected
224,0,0,0,0,False,-10.1762,-10.1762,1024,37,987,1024,True,reject,0,effectively rejected
224,2,1,0,1,False,-2.5077,-2.5077,1024,327,697,1024,True,reject,0,genuinely stochastic
225,0,0,0,0,False,-70.6671,-70.6671,1024,20,1004,1024,True,reject,0,effectively rejected
225,2,1,0,1,False,-18.9027,-18.9027,1024,700,324,1024,True,reject,0,effectively rejected
225,5,2,1,1,True,-47.5133,-47.5133,700,261,763,1024,False,,0,effectively rejected
226,0,0,0,0,False,-68.7208,-68.7208,1024,126,898,1024,True,reject,0,effectively rejected
226,2,1,0,1,False,-103.0484,-103.0484,1024,74,950,1024,True,reject,0,effectively rejected
226,6,2,0,2,False,-1.6408,-1.6408,1024,748,276,1024,True,reject,0,genuinely stochastic
227,0,0,0,0,False,-0.8687,-0.8687,1024,361,663,1024,True,accept,0,genuinely stochastic
227,1,1,1,0,True,-79.4775,-79.4775,361,342,682,1024,True,reject,0,effectively rejected
227,3,2,2,0,True,-65.6022,-65.6022,342,23,1001,1024,False,,0,effectively rejected
227,8,3,2,1,False,-84.8673,-84.8673,342,267,757,1024,False,,0,effectively rejected
228,0,0,0,0,False,-0.312,-0.312,1024,620,404,1024,True,accept,0,genuinely stochastic
228,2,1,0,1,False,-12.92,-12.92,1024,821,203,1024,False,,0,effectively rejected
229,0,0,0,0,False,-33.3882,-33.3882,1024,552,472,1024,True,reject,0,effectively rejected
230,0,0,0,0,False,0.0,0.0,1024,608,416,1024,True,accept,0,effectively accepted
230,1,1,1,0,True,30.1258,0.0,608,206,818,1024,True,accept,0,effectively accepted
231,0,0,0,0,False,18.1015,0.0,1024,442,582,1024,True,accept,0,effectively accepted
232,0,0,0,0,False,1.5586,0.0,1024,470,554,1024,True,accept,0,effectively accepted
232,1,1,1,0,True,-46.0618,-46.0618,470,309,715,1024,True,reject,0,effectively rejected
233,0,0,0,0,False,-29.5782,-29.5782,1024,100,924,1024,True,reject,0,effectively rejected
234,0,0,0,0,False,0.2926,0.0,1024,986,38,1024,True,accept,0,effectively accepted
234,1,1,1,0,True,6.6458,0.0,986,911,113,1024,True,accept,0,effectively accepted
234,3,2,2,0,True,-46.8928,-46.8928,911,179,845,1024,True,reject,0,effectively rejected
235,0,0,0,0,False,-1.4046,-1.4046,1024,996,28,1024,True,reject,0,genuinely stochastic
235,1,1,1,0,True,-17.0629,-17.0629,996,145,879,1024,False,,0,effectively rejected
235,3,2,2,0,True,30.3484,0.0,145,54,970,1024,False,,0,effectively accepted
236,0,0,0,0,False,-24.7059,-24.7059,1024,773,251,1024,True,reject,0,effectively rejected
237,0,0,0,0,False,-15.3122,-15.3122,1024,401,623,1024,True,reject,0,effectively rejected
237,1,1,1,0,True,34.9649,0.0,401,49,975,1024,False,,0,effectively accepted
238,0,0,0,0,False,-56.4317,-56.4317,1024,108,916,1024,True,reject,0,effectively rejected
239,0,0,0,0,False,-22.6379,-22.6379,1024,787,237,1024,True,reject,0,effectively rejected
239,1,1,1,0,True,-28.729,-28.729,787,686,338,1024,False,,0,effectively rejected
239,3,2,2,0,True,-30.1428,-30.1428,686,433,591,1024,False,,0,effectively rejected
239,7,3,3,0,True,15.6122,0.0,433,2,1022,1024,False,,0,effectively accepted
240,0,0,0,0,False,-0.1654,-0.1654,1024,668,356,1024,True,accept,0,genuinely stochastic
241,0,0,0,0,False,-17.7679,-17.7679,1024,120,904,1024,True,reject,0,effectively rejected
242,0,0,0,0,False,-24.1267,-24.1267,1024,737,287,1024,True,reject,0,effectively rejected
242,1,1,1,0,True,-7.7628,-7.7628,737,389,635,1024,False,,0,effectively rejected
243,0,0,0,0,False,-43.1759,-43.1759,1024,226,798,1024,True,reject,0,effectively rejected
243,1,1,1,0,True,-37.5764,-37.5764,226,140,884,1024,False,,0,effectively rejected
244,0,0,0,0,False,-7.7738,-7.7738,1024,514,510,1024,True,reject,0,effectively rejected
244,1,1,1,0,True,-39.1574,-39.1574,514,226,798,1024,False,,0,effectively rejected
245,0,0,0,0,False,-25.6776,-25.6776,1024,746,278,1024,True,reject,0,effectively rejected
246,0,0,0,0,False,0.9023,0.0,1024,903,121,1024,True,accept,0,effectively accepted
246,1,1,1,0,True,-51.6589,-51.6589,903,300,724,1024,True,reject,0,effectively rejected
246,3,2,2,0,True,-56.267,-56.267,300,236,788,1024,False,,0,effectively rejected
247,0,0,0,0,False,0.0,0.0,1024,1022,2,1024,True,accept,0,effectively accepted
247,1,1,1,0,True,-15.8115,-15.8115,1022,542,482,1024,True,reject,0,effectively rejected
248,0,0,0,0,False,25.4036,0.0,1024,153,871,1024,True,accept,0,effectively accepted
249,0,0,0,0,False,9.9192,0.0,1024,642,382,1024,True,accept,0,effectively accepted
250,0,0,0,0,False,-92.4914,-92.4914,1024,46,978,1024,True,reject,0,effectively rejected
251,0,0,0,0,False,-93.7561,-93.7561,1024,416,608,1024,True,reject,0,effectively rejected
252,0,0,0,0,False,-2.7269,-2.7269,1024,290,734,1024,True,reject,0,genuinely stochastic
253,0,0,0,0,False,-3.5447,-3.5447,1024,335,689,1024,True,reject,0,genuinely stochastic
254,0,0,0,0,False,-75.1324,-75.1324,1024,199,825,1024,True,reject,0,effectively rejected
255,0,0,0,0,False,-21.0911,-21.0911,1024,52,972,1024,True,reject,0,effectively rejected
256,0,0,0,0,False,-83.4687,-83.4687,1024,230,794,1024,True,reject,0,effectively rejected
257,0,0,0,0,False,-1.2654,-1.2654,1024,191,833,1024,True,reject,0,genuinely stochastic
258,0,0,0,0,False,-75.6804,-75.6804,1024,388,636,1024,True,reject,0,effectively rejected
258,1,1,1,0,True,-103.5822,-103.5822,388,316,708,1024,False,,0,effectively rejected
258,3,2,2,0,True,-87.4589,-87.4589,316,227,797,1024,False,,0,effectively rejected
258,7,3,3,0,True,-51.3225,-51.3225,227,220,804,1024,False,,0,effectively rejected
259,0,0,0,0,False,-2.0757,-2.0757,1024,594,430,1024,True,reject,0,genuinely stochastic
259,1,1,1,0,True,-90.9665,-90.9665,594,163,861,1024,False,,0,effectively rejected
259,3,2,2,0,True,-87.7435,-87.7435,163,56,968,1024,False,,0,effectively rejected
260,0,0,0,0,False,-0.6947,-0.6947,1024,811,213,1024,True,reject,0,genuinely stochastic
260,1,1,1,0,True,-111.2805,-111.2805,811,79,945,1024,False,,0,effectively rejected
261,0,0,0,0,False,-0.2517,-0.2517,1024,880,144,1024,True,accept,0,genuinely stochastic
262,0,0,0,0,False,-1.0416,-1.0416,1024,724,300,1024,True,accept,0,genuinely stochastic
262,1,1,1,0,True,-1.8638,-1.8638,724,381,643,1024,True,reject,0,genuinely stochastic
263,0,0,0,0,False,-3.5457,-3.5457,1024,573,451,1024,True,reject,0,genuinely stochastic
264,0,0,0,0,False,-91.1982,-91.1982,1024,122,902,1024,True,reject,0,effectively rejected
264,1,1,1,0,True,-91.1982,-91.1982,122,0,1024,1024,False,,0,effectively rejected
265,0,0,0,0,False,-91.1982,-91.1982,1024,125,899,1024,True,reject,0,effectively rejected
266,0,0,0,0,False,-91.1982,-91.1982,1024,144,880,1024,True,reject,0,effectively rejected
267,0,0,0,0,False,-91.3497,-91.3497,1024,189,835,1024,True,reject,0,effectively rejected
268,0,0,0,0,False,-91.992,-91.992,1024,294,730,1024,True,reject,0,effectively rejected
269,0,0,0,0,False,0.7404,0.0,1024,802,222,1024,True,accept,0,effectively accepted
270,0,0,0,0,False,-92.0901,-92.0901,1024,177,847,1024,True,reject,0,effectively rejected
271,0,0,0,0,False,-87.3354,-87.3354,1024,166,858,1024,True,reject,0,effectively rejected
272,0,0,0,0,False,-92.1097,-92.1097,1024,385,639,1024,True,reject,0,effectively rejected
273,0,0,0,0,False,0.0316,0.0,1024,935,89,1024,True,accept,0,effectively accepted
273,1,1,1,0,True,-1.4709,-1.4709,935,638,386,1024,True,accept,0,genuinely stochastic
273,3,2,2,0,True,-121.4912,-121.4912,638,392,632,1024,True,reject,0,effectively rejected
274,0,0,0,0,False,-0.0,0.0,1024,969,55,1024,True,accept,0,effectively accepted
274,1,1,1,0,True,0.0802,0.0,969,600,424,1024,True,accept,0,effectively accepted
274,3,2,2,0,True,-112.1892,-112.1892,600,424,600,1024,True,reject,0,effectively rejected
274,7,3,3,0,True,-55.9445,-55.9445,424,325,699,1024,False,,0,effectively rejected
275,0,0,0,0,False,-0.3294,-0.3294,1024,878,146,1024,True,reject,0,genuinely stochastic
275,1,1,1,0,True,1.0608,0.0,878,177,847,1024,False,,0,effectively accepted
276,0,0,0,0,False,-0.1199,-0.1199,1024,935,89,1024,True,accept,0,genuinely stochastic
276,1,1,1,0,True,-0.2945,-0.2945,935,228,796,1024,True,reject,0,genuinely stochastic
277,0,0,0,0,False,-90.4279,-90.4279,1024,79,945,1024,True,reject,0,effectively rejected
278,0,0,0,0,False,-54.3951,-54.3951,1024,82,942,1024,True,reject,0,effectively rejected
279,0,0,0,0,False,-49.0103,-49.0103,1024,376,648,1024,True,reject,0,effectively rejected
279,1,1,1,0,True,-73.0226,-73.0226,376,215,809,1024,False,,0,effectively rejected
280,0,0,0,0,False,-109.542,-109.542,1024,387,637,1024,True,reject,0,effectively rejected
281,0,0,0,0,False,0.376,0.0,1024,897,127,1024,True,accept,0,effectively accepted
281,1,1,1,0,True,-91.8022,-91.8022,897,399,625,1024,True,reject,0,effectively rejected
282,0,0,0,0,False,-0.9801,-0.9801,1024,936,88,1024,True,reject,0,genuinely stochastic
283,0,0,0,0,False,-90.9751,-90.9751,1024,382,642,1024,True,reject,0,effectively rejected
284,0,0,0,0,False,-90.8039,-90.8039,1024,92,932,1024,True,reject,0,effectively rejected
284,2,1,0,1,False,-75.7317,-75.7317,1024,50,974,1024,True,reject,0,effectively rejected
285,0,0,0,0,False,-90.8039,-90.8039,1024,16,1008,1024,True,reject,0,effectively rejected
285,2,1,0,1,False,-8.8386,-8.8386,1024,663,361,1024,True,reject,0,effectively rejected
286,0,0,0,0,False,-91.1458,-91.1458,1024,464,560,1024,True,reject,0,effectively rejected
286,1,1,1,0,True,-2.8461,-2.8461,464,114,910,1024,False,,0,genuinely stochastic
287,0,0,0,0,False,-0.4538,-0.4538,1024,773,251,1024,True,reject,0,genuinely stochastic
287,1,1,1,0,True,5.3349,0.0,773,266,758,1024,False,,0,effectively accepted
287,3,2,2,0,True,-1.0989,-1.0989,266,18,1006,1024,False,,0,genuinely stochastic
288,0,0,0,0,False,-1.8374,-1.8374,1024,495,529,1024,True,reject,0,genuinely stochastic
289,0,0,0,0,False,-9.561,-9.561,1024,930,94,1024,True,reject,0,effectively rejected
289,1,1,1,0,True,-0.0154,-0.0154,930,803,221,1024,False,,0,genuinely stochastic
289,3,2,2,0,True,-95.5833,-95.5833,803,407,617,1024,False,,0,effectively rejected
290,0,0,0,0,False,-90.8039,-90.8039,1024,11,1013,1024,True,reject,0,effectively rejected
290,2,1,0,1,False,-87.2341,-87.2341,1024,423,601,1024,True,reject,0,effectively rejected
290,5,2,1,1,True,-77.2695,-77.2695,423,330,694,1024,False,,0,effectively rejected
290,11,3,2,1,True,1.9285,0.0,330,172,852,1024,False,,0,effectively accepted
291,0,0,0,0,False,-90.9341,-90.9341,1024,271,753,1024,True,reject,0,effectively rejected
291,1,1,1,0,True,-105.8591,-105.8591,271,34,990,1024,False,,0,effectively rejected
291,4,2,1,1,False,-89.279,-89.279,271,163,861,1024,False,,0,effectively rejected
292,0,0,0,0,False,2.0264,0.0,1024,558,466,1024,True,accept,0,effectively accepted
292,1,1,1,0,True,-83.3918,-83.3918,558,131,893,1024,True,reject,0,effectively rejected
293,0,0,0,0,False,-78.6408,-78.6408,1024,35,989,1024,True,reject,0,effectively rejected
293,2,1,0,1,False,-0.1698,-0.1698,1024,657,367,1024,True,accept,0,genuinely stochastic
293,5,2,1,1,True,-97.6233,-97.6233,657,31,993,1024,True,reject,0,effectively rejected
294,0,0,0,0,False,-1.209,-1.209,1024,838,186,1024,True,reject,0,genuinely stochastic
294,1,1,1,0,True,-76.6784,-76.6784,838,128,896,1024,False,,0,effectively rejected
295,0,0,0,0,False,0.0,0.0,1024,1016,8,1024,True,accept,0,effectively accepted
295,1,1,1,0,True,-69.1027,-69.1027,1016,331,693,1024,True,reject,0,effectively rejected
296,0,0,0,0,False,-0.9896,-0.9896,1024,926,98,1024,True,reject,0,genuinely stochastic
296,1,1,1,0,True,-93.9252,-93.9252,926,412,612,1024,False,,0,effectively rejected
297,0,0,0,0,False,6.2944,0.0,1024,4,1020,1024,True,accept,0,effectively accepted
297,2,1,0,1,False,-111.1422,-111.1422,1024,136,888,1024,False,,0,effectively rejected
297,6,2,0,2,False,-1.0712,-1.0712,1024,504,520,1024,False,,0,genuinely stochastic
298,0,0,0,0,False,-4.4321,-4.4321,1024,518,506,1024,True,reject,0,genuinely stochastic
299,0,0,0,0,False,0.0,0.0,1024,966,58,1024,True,accept,0,effectively accepted
299,1,1,1,0,True,-13.0724,-13.0724,966,758,266,1024,True,reject,0,effectively rejected
300,0,0,0,0,False,-17.2072,-17.2072,1024,452,572,1024,True,reject,0,effectively rejected
301,0,0,0,0,False,0.0,0.0,1024,996,28,1024,True,accept,0,effectively accepted
301,1,1,1,0,True,-99.0993,-99.0993,996,154,870,1024,True,reject,0,effectively rejected
301,3,2,2,0,True,-21.5002,-21.5002,154,45,979,1024,False,,0,effectively rejected
301,4,2,1,1,False,-21.7821,-21.7821,996,823,201,1024,True,reject,0,effectively rejected
302,0,0,0,0,False,-69.2765,-69.2765,1024,206,818,1024,True,reject,0,effectively rejected
302,1,1,1,0,True,-39.6601,-39.6601,206,129,895,1024,False,,0,effectively rejected
302,2,1,0,1,False,-0.1931,-0.1931,1024,694,330,1024,True,accept,0,genuinely stochastic
303,0,0,0,0,False,-0.0,0.0,1024,937,87,1024,True,accept,0,effectively accepted
303,1,1,1,0,True,-4.0507,-4.0507,937,571,453,1024,True,reject,0,genuinely stochastic
303,3,2,2,0,True,-46.645,-46.645,571,188,836,1024,False,,0,effectively rejected
303,4,2,1,1,False,-27.3866,-27.3866,937,482,542,1024,True,reject,0,effectively rejected
304,0,0,0,0,False,-1.5747,-1.5747,1024,355,669,1024,True,reject,0,genuinely stochastic
305,0,0,0,0,False,-2.7736,-2.7736,1024,669,355,1024,True,reject,0,genuinely stochastic
306,0,0,0,0,False,0.0,0.0,1024,389,635,1024,True,accept,0,effectively accepted
307,0,0,0,0,False,0.0,0.0,1024,343,681,1024,True,accept,0,effectively accepted
307,1,1,1,0,True,-2.6726,-2.6726,343,121,903,1024,True,reject,0,genuinely stochastic
307,3,2,2,0,True,2.3496,0.0,121,12,1012,1024,False,,0,effectively accepted
308,0,0,0,0,False,0.0,0.0,1024,69,955,1024,True,accept,0,effectively accepted
309,0,0,0,0,False,0.0,0.0,1024,232,792,1024,True,accept,0,effectively accepted
310,0,0,0,0,False,-5.7324,-5.7324,1024,98,926,1024,True,reject,0,effectively rejected
311,0,0,0,0,False,0.6312,0.0,1024,482,542,1024,True,accept,0,effectively accepted
312,0,0,0,0,False,0.2402,0.0,1024,828,196,1024,True,accept,0,effectively accepted
313,0,0,0,0,False,-2.16,-2.16,1024,735,289,1024,True,reject,0,genuinely stochastic
313,1,1,1,0,True,-3.007,-3.007,735,237,787,1024,False,,0,genuinely stochastic
314,0,0,0,0,False,-2.9317,-2.9317,1024,500,524,1024,True,reject,0,genuinely stochastic
315,0,0,0,0,False,2.2685,0.0,1024,578,446,1024,True,accept,0,effectively accepted
315,1,1,1,0,True,-3.3918,-3.3918,578,454,570,1024,True,reject,0,genuinely stochastic
315,3,2,2,0,True,-3.1306,-3.1306,454,27,997,1024,False,,0,genuinely stochastic
316,0,0,0,0,False,-0.7873,-0.7873,1024,227,797,1024,True,reject,0,genuinely stochastic
317,0,0,0,0,False,0.2402,0.0,1024,971,53,1024,True,accept,0,effectively accepted
317,1,1,1,0,True,0.2401,0.0,971,883,141,1024,True,accept,0,effectively accepted
317,3,2,2,0,True,-1.9905,-1.9905,883,827,197,1024,True,reject,0,genuinely stochastic
317,7,3,3,0,True,-2.6796,-2.6796,827,514,510,1024,False,,0,genuinely stochastic
318,0,0,0,0,False,-0.4946,-0.4946,1024,665,359,1024,True,accept,0,genuinely stochastic
319,0,0,0,0,False,0.9438,0.0,1024,687,337,1024,True,accept,0,effectively accepted
320,0,0,0,0,False,-2.3811,-2.3811,1024,602,422,1024,True,reject,0,genuinely stochastic
321,0,0,0,0,False,-3.8291,-3.8291,1024,284,740,1024,True,reject,0,genuinely stochastic
322,0,0,0,0,False,-4.3384,-4.3384,1024,496,528,1024,True,reject,0,genuinely stochastic
322,1,1,1,0,True,-5.0949,-5.0949,496,412,612,1024,False,,0,effectively rejected
323,0,0,0,0,False,-0.5845,-0.5845,1024,635,389,1024,True,reject,0,genuinely stochastic
324,0,0,0,0,False,4.0163,0.0,1024,45,979,1024,True,accept,0,effectively accepted
324,2,1,0,1,False,0.9137,0.0,1024,114,910,1024,False,,0,effectively accepted
325,0,0,0,0,False,-2.0748,-2.0748,1024,455,569,1024,True,reject,0,genuinely stochastic
326,0,0,0,0,False,-1.78,-1.78,1024,602,422,1024,True,reject,0,genuinely stochastic
326,1,1,1,0,True,-1.5609,-1.5609,602,118,906,1024,False,,0,genuinely stochastic
326,3,2,2,0,True,-30.6174,-30.6174,118,44,980,1024,False,,0,effectively rejected
327,0,0,0,0,False,-0.7949,-0.7949,1024,318,706,1024,True,accept,0,genuinely stochastic
328,0,0,0,0,False,-0.0,0.0,1024,805,219,1024,True,accept,0,effectively accepted
328,1,1,1,0,True,-1.9029,-1.9029,805,192,832,1024,True,reject,0,genuinely stochastic
328,3,2,2,0,True,-2.6734,-2.6734,192,129,895,1024,False,,0,genuinely stochastic
329,0,0,0,0,False,-5.7647,-5.7647,1024,271,753,1024,True,reject,0,effectively rejected
329,1,1,1,0,True,-3.6748,-3.6748,271,218,806,1024,False,,0,genuinely stochastic
330,0,0,0,0,False,-1.6367,-1.6367,1024,456,568,1024,True,accept,0,genuinely stochastic
330,1,1,1,0,True,-0.9777,-0.9777,456,356,668,1024,True,reject,0,genuinely stochastic
331,0,0,0,0,False,-1.858,-1.858,1024,464,560,1024,True,reject,0,genuinely stochastic
332,0,0,0,0,False,-2.6526,-2.6526,1024,676,348,1024,True,reject,0,genuinely stochastic
333,0,0,0,0,False,-0.7728,-0.7728,1024,550,474,1024,True,reject,0,genuinely stochastic
333,1,1,1,0,True,-5.5246,-5.5246,550,250,774,1024,False,,0,effectively rejected
334,0,0,0,0,False,-3.1799,-3.1799,1024,116,908,1024,True,reject,0,genuinely stochastic
334,1,1,1,0,True,-91.5791,-91.5791,116,49,975,1024,False,,0,effectively rejected
335,0,0,0,0,False,0.9278,0.0,1024,654,370,1024,True,accept,0,effectively accepted
336,0,0,0,0,False,-4.262,-4.262,1024,83,941,1024,True,reject,0,genuinely stochastic
337,0,0,0,0,False,-1.7004,-1.7004,1024,362,662,1024,True,reject,0,genuinely stochastic
338,0,0,0,0,False,-4.5863,-4.5863,1024,130,894,1024,True,reject,0,genuinely stochastic
339,0,0,0,0,False,0.0,0.0,1024,1021,3,1024,True,accept,0,effectively accepted
339,1,1,1,0,True,-2.3645,-2.3645,1021,761,263,1024,True,reject,0,genuinely stochastic
339,3,2,2,0,True,-1.3761,-1.3761,761,482,542,1024,False,,0,genuinely stochastic
340,0,0,0,0,False,0.6959,0.0,1024,227,797,1024,True,accept,0,effectively accepted
341,0,0,0,0,False,-3.1727,-3.1727,1024,382,642,1024,True,reject,0,genuinely stochastic
342,0,0,0,0,False,-2.3535,-2.3535,1024,549,475,1024,True,reject,0,genuinely stochastic
342,1,1,1,0,True,-3.6122,-3.6122,549,409,615,1024,False,,0,genuinely stochastic
343,0,0,0,0,False,-33.9045,-33.9045,1024,1,1023,1024,True,reject,0,effectively rejected
343,2,1,0,1,False,0.2402,0.0,1024,866,158,1024,True,accept,0,effectively accepted
344,0,0,0,0,False,0.5902,0.0,1024,817,207,1024,True,accept,0,effectively accepted
345,0,0,0,0,False,-5.7229,-5.7229,1024,86,938,1024,True,reject,0,effectively rejected
346,0,0,0,0,False,-6.3892,-6.3892,1024,303,721,1024,True,reject,0,effectively rejected
346,1,1,1,0,True,-2.0711,-2.0711,303,195,829,1024,False,,0,genuinely stochastic
347,0,0,0,0,False,-3.1841,-3.1841,1024,520,504,1024,True,reject,0,genuinely stochastic
348,0,0,0,0,False,-7.1371,-7.1371,1024,79,945,1024,True,reject,0,effectively rejected
348,2,1,0,1,False,0.6322,0.0,1024,280,744,1024,True,accept,0,effectively accepted
349,0,0,0,0,False,-0.3056,-0.3056,1024,605,419,1024,True,accept,0,genuinely stochastic
350,0,0,0,0,False,-2.3983,-2.3983,1024,662,362,1024,True,reject,0,genuinely stochastic
350,1,1,1,0,True,-4.4276,-4.4276,662,633,391,1024,False,,0,genuinely stochastic
350,3,2,2,0,True,-9.1497,-9.1497,633,320,704,1024,False,,0,effectively rejected
351,0,0,0,0,False,-5.1891,-5.1891,1024,132,892,1024,True,reject,0,effectively rejected
352,0,0,0,0,False,-3.2572,-3.2572,1024,516,508,1024,True,reject,0,genuinely stochastic
352,1,1,1,0,True,-5.9189,-5.9189,516,513,511,1024,False,,0,effectively rejected
352,3,2,2,0,True,-1.9645,-1.9645,513,211,813,1024,False,,0,genuinely stochastic
353,0,0,0,0,False,-2.7373,-2.7373,1024,437,587,1024,True,reject,0,genuinely stochastic
354,0,0,0,0,False,0.2402,0.0,1024,983,41,1024,True,accept,0,effectively accepted
354,1,1,1,0,True,-4.3668,-4.3668,983,149,875,1024,True,reject,0,genuinely stochastic
355,0,0,0,0,False,-2.842,-2.842,1024,159,865,1024,True,reject,0,genuinely stochastic
355,1,1,1,0,True,-33.1418,-33.1418,159,52,972,1024,False,,0,effectively rejected
356,0,0,0,0,False,-2.8571,-2.8571,1024,291,733,1024,True,reject,0,genuinely stochastic
357,0,0,0,0,False,-4.7281,-4.7281,1024,658,366,1024,True,reject,0,effectively rejected
357,1,1,1,0,True,-1.7855,-1.7855,658,167,857,1024,False,,0,genuinely stochastic
357,3,2,2,0,True,-4.5314,-4.5314,167,132,892,1024,False,,0,genuinely stochastic
358,0,0,0,0,False,-3.4041,-3.4041,1024,581,443,1024,True,reject,0,genuinely stochastic
359,0,0,0,0,False,0.0,0.0,1024,1001,23,1024,True,accept,0,effectively accepted
359,1,1,1,0,True,-0.2402,-0.2402,1001,892,132,1024,True,accept,0,genuinely stochastic
359,3,2,2,0,True,-2.6917,-2.6917,892,564,460,1024,True,reject,0,genuinely stochastic
360,0,0,0,0,False,0.2402,0.0,1024,847,177,1024,True,accept,0,effectively accepted
360,1,1,1,0,True,-3.0742,-3.0742,847,619,405,1024,True,reject,0,genuinely stochastic
360,3,2,2,0,True,-41.4323,-41.4323,619,1,1023,1024,False,,0,effectively rejected
361,0,0,0,0,False,-3.0367,-3.0367,1024,672,352,1024,True,reject,0,genuinely stochastic
362,0,0,0,0,False,-3.0102,-3.0102,1024,565,459,1024,True,reject,0,genuinely stochastic
363,0,0,0,0,False,-0.0001,-0.0001,1024,774,250,1024,True,accept,0,effectively accepted
363,1,1,1,0,True,-5.8724,-5.8724,774,398,626,1024,True,reject,0,effectively rejected
363,3,2,2,0,True,-6.673,-6.673,398,18,1006,1024,False,,0,effectively rejected
364,0,0,0,0,False,-7.7359,-7.7359,1024,66,958,1024,True,reject,0,effectively rejected
365,0,0,0,0,False,-3.4211,-3.4211,1024,641,383,1024,True,reject,0,genuinely stochastic
366,0,0,0,0,False,0.1687,0.0,1024,712,312,1024,True,accept,0,effectively accepted
366,1,1,1,0,True,-29.9696,-29.9696,712,7,1017,1024,True,reject,0,effectively rejected
366,4,2,1,1,False,-5.5186,-5.5186,712,498,526,1024,True,reject,0,effectively rejected
366,9,3,2,1,True,-9.6817,-9.6817,498,73,951,1024,False,,0,effectively rejected
367,0,0,0,0,False,0.0,0.0,1024,905,119,1024,True,accept,0,effectively accepted
367,1,1,1,0,True,-2.1259,-2.1259,905,653,371,1024,True,reject,0,genuinely stochastic
367,3,2,2,0,True,-7.6793,-7.6793,653,271,753,1024,False,,0,effectively rejected
368,0,0,0,0,False,-3.9532,-3.9532,1024,136,888,1024,True,reject,0,genuinely stochastic
368,2,1,0,1,False,-4.7097,-4.7097,1024,134,890,1024,True,reject,0,effectively rejected
369,0,0,0,0,False,-0.2401,-0.2401,1024,865,159,1024,True,accept,0,genuinely stochastic
370,0,0,0,0,False,-3.0844,-3.0844,1024,624,400,1024,True,reject,0,genuinely stochastic
371,0,0,0,0,False,-2.893,-2.893,1024,537,487,1024,True,reject,0,genuinely stochastic
372,0,0,0,0,False,-3.6776,-3.6776,1024,154,870,1024,True,reject,0,genuinely stochastic
372,2,1,0,1,False,-7.304,-7.304,1024,25,999,1024,True,reject,0,effectively rejected
373,0,0,0,0,False,-3.3326,-3.3326,1024,585,439,1024,True,reject,0,genuinely stochastic
373,1,1,1,0,True,-7.1652,-7.1652,585,167,857,1024,False,,0,effectively rejected
374,0,0,0,0,False,-3.2039,-3.2039,1024,493,531,1024,True,reject,0,genuinely stochastic
375,0,0,0,0,False,0.0007,0.0,1024,975,49,1024,True,accept,0,effectively accepted
375,1,1,1,0,True,1.5351,0.0,975,389,635,1024,True,accept,0,effectively accepted
376,0,0,0,0,False,-5.2133,-5.2133,1024,198,826,1024,True,reject,0,effectively rejected
377,0,0,0,0,False,0.2402,0.0,1024,906,118,1024,True,accept,0,effectively accepted
377,1,1,1,0,True,0.0,0.0,906,820,204,1024,True,accept,0,effectively accepted
378,0,0,0,0,False,-2.464,-2.464,1024,652,372,1024,True,reject,0,genuinely stochastic
379,0,0,0,0,False,-5.2133,-5.2133,1024,264,760,1024,True,reject,0,effectively rejected
379,2,1,0,1,False,-4.3016,-4.3016,1024,173,851,1024,True,reject,0,genuinely stochastic
379,6,2,0,2,False,0.2402,0.0,1024,991,33,1024,True,accept,0,effectively accepted
379,13,3,1,2,True,-9.1102,-9.1102,991,407,617,1024,True,reject,0,effectively rejected
380,0,0,0,0,False,0.0,0.0,1024,707,317,1024,True,accept,0,effectively accepted
380,1,1,1,0,True,58.1735,0.0,707,558,466,1024,True,accept,0,effectively accepted
380,3,2,2,0,True,43.1952,0.0,558,472,552,1024,True,accept,0,effectively accepted
380,7,3,3,0,True,20.9633,0.0,472,72,952,1024,True,accept,0,effectively accepted
381,0,0,0,0,False,1.078,0.0,1024,466,558,1024,True,accept,0,effectively accepted
382,0,0,0,0,False,-1.7113,-1.7113,1024,849,175,1024,True,reject,0,genuinely stochastic
383,0,0,0,0,False,12.62,0.0,1024,418,606,1024,True,accept,0,effectively accepted
384,0,0,0,0,False,-57.9909,-57.9909,1024,219,805,1024,True,reject,0,effectively rejected
384,1,1,1,0,True,20.3776,0.0,219,97,927,1024,False,,0,effectively accepted
385,0,0,0,0,False,-36.0646,-36.0646,1024,181,843,1024,True,reject,0,effectively rejected
386,0,0,0,0,False,-48.3707,-48.3707,1024,364,660,1024,True,reject,0,effectively rejected
386,1,1,1,0,True,22.0326,0.0,364,71,953,1024,False,,0,effectively accepted
387,0,0,0,0,False,1.7517,0.0,1024,576,448,1024,True,accept,0,effectively accepted
387,1,1,1,0,True,0.8645,0.0,576,497,527,1024,True,accept,0,effectively accepted
387,3,2,2,0,True,-59.7589,-59.7589,497,348,676,1024,True,reject,0,effectively rejected
387,7,3,3,0,True,19.7495,0.0,348,237,787,1024,False,,0,effectively accepted
388,0,0,0,0,False,-35.5258,-35.5258,1024,63,961,1024,True,reject,0,effectively rejected
389,0,0,0,0,False,0.0942,0.0,1024,976,48,1024,True,accept,0,effectively accepted
389,1,1,1,0,True,0.0701,0.0,976,727,297,1024,True,accept,0,effectively accepted
389,3,2,2,0,True,-1.08,-1.08,727,578,446,1024,True,accept,0,genuinely stochastic
389,7,3,3,0,True,-64.659,-64.659,578,342,682,1024,True,reject,0,effectively rejected
390,0,0,0,0,False,-15.1563,-15.1563,1024,331,693,1024,True,reject,0,effectively rejected
391,0,0,0,0,False,1.7901,0.0,1024,958,66,1024,True,accept,0,effectively accepted
391,1,1,1,0,True,-60.0404,-60.0404,958,215,809,1024,True,reject,0,effectively rejected
391,3,2,2,0,True,8.242,0.0,215,7,1017,1024,False,,0,effectively accepted
391,7,3,3,0,True,14.7762,0.0,7,1,1023,1024,False,,0,effectively accepted
392,0,0,0,0,False,4.001,0.0,1024,547,477,1024,True,accept,0,effectively accepted
393,0,0,0,0,False,-4.968,-4.968,1024,636,388,1024,True,reject,0,effectively rejected
393,1,1,1,0,True,-23.9909,-23.9909,636,292,732,1024,False,,0,effectively rejected
394,0,0,0,0,False,-24.0878,-24.0878,1024,389,635,1024,True,reject,0,effectively rejected
395,0,0,0,0,False,-2.7314,-2.7314,1024,709,315,1024,True,reject,0,genuinely stochastic
395,1,1,1,0,True,-26.501,-26.501,709,191,833,1024,False,,0,effectively rejected
396,0,0,0,0,False,6.1018,0.0,1024,830,194,1024,True,accept,0,effectively accepted
397,0,0,0,0,False,-2.2568,-2.2568,1024,855,169,1024,True,reject,0,genuinely stochastic
398,0,0,0,0,False,-5.9512,-5.9512,1024,763,261,1024,True,reject,0,effectively rejected
398,1,1,1,0,True,-71.8261,-71.8261,763,44,980,1024,False,,0,effectively rejected
398,4,2,1,1,False,-77.4097,-77.4097,763,341,683,1024,False,,0,effectively rejected
399,0,0,0,0,False,-42.614,-42.614,1024,187,837,1024,True,reject,0,effectively rejected
399,1,1,1,0,True,-63.8367,-63.8367,187,55,969,1024,False,,0,effectively rejected
400,0,0,0,0,False,-2.1627,-2.1627,1024,865,159,1024,True,reject,0,genuinely stochastic
400,1,1,1,0,True,-4.422,-4.422,865,650,374,1024,False,,0,genuinely stochastic
400,3,2,2,0,True,-29.0737,-29.0737,650,445,579,1024,False,,0,effectively rejected
401,0,0,0,0,False,-1.9742,-1.9742,1024,873,151,1024,True,reject,0,genuinely stochastic
401,1,1,1,0,True,-78.3958,-78.3958,873,351,673,1024,False,,0,effectively rejected
402,0,0,0,0,False,-8.9511,-8.9511,1024,748,276,1024,True,reject,0,effectively rejected
402,1,1,1,0,True,-31.6933,-31.6933,748,273,751,1024,False,,0,effectively rejected
403,0,0,0,0,False,-8.1576,-8.1576,1024,662,362,1024,True,reject,0,effectively rejected
403,1,1,1,0,True,-6.3282,-6.3282,662,596,428,1024,False,,0,effectively rejected
403,3,2,2,0,True,-38.1722,-38.1722,596,28,996,1024,False,,0,effectively rejected
404,0,0,0,0,False,-7.0412,-7.0412,1024,507,517,1024,True,reject,0,effectively rejected
405,0,0,0,0,False,-47.6621,-47.6621,1024,117,907,1024,True,reject,0,effectively rejected
406,0,0,0,0,False,-9.3372,-9.3372,1024,735,289,1024,True,reject,0,effectively rejected
406,1,1,1,0,True,-10.9267,-10.9267,735,732,292,1024,False,,0,effectively rejected
406,3,2,2,0,True,-6.6254,-6.6254,732,693,331,1024,False,,0,effectively rejected
406,7,3,3,0,True,-9.8516,-9.8516,693,639,385,1024,False,,0,effectively rejected
407,0,0,0,0,False,-9.1581,-9.1581,1024,597,427,1024,True,reject,0,effectively rejected
407,1,1,1,0,True,-9.5459,-9.5459,597,462,562,1024,False,,0,effectively rejected
408,0,0,0,0,False,-0.1885,-0.1885,1024,899,125,1024,True,accept,0,genuinely stochastic
408,1,1,1,0,True,-6.3139,-6.3139,899,837,187,1024,True,reject,0,effectively rejected
408,3,2,2,0,True,-45.236,-45.236,837,164,860,1024,False,,0,effectively rejected
409,0,0,0,0,False,-28.1746,-28.1746,1024,436,588,1024,True,reject,0,effectively rejected
409,1,1,1,0,True,-76.8884,-76.8884,436,319,705,1024,False,,0,effectively rejected
410,0,0,0,0,False,-8.0816,-8.0816,1024,582,442,1024,True,reject,0,effectively rejected
410,1,1,1,0,True,-9.3465,-9.3465,582,250,774,1024,False,,0,effectively rejected
411,0,0,0,0,False,-39.4295,-39.4295,1024,304,720,1024,True,reject,0,effectively rejected
412,0,0,0,0,False,-6.7477,-6.7477,1024,28,996,1024,True,reject,0,effectively rejected
413,0,0,0,0,False,-32.2581,-32.2581,1024,318,706,1024,True,reject,0,effectively rejected
414,0,0,0,0,False,-3.9768,-3.9768,1024,553,471,1024,True,reject,0,genuinely stochastic
415,0,0,0,0,False,-8.2493,-8.2493,1024,647,377,1024,True,reject,0,effectively rejected
415,1,1,1,0,True,-9.3245,-9.3245,647,465,559,1024,False,,0,effectively rejected
416,0,0,0,0,False,-0.4296,-0.4296,1024,910,114,1024,True,accept,0,genuinely stochastic
416,1,1,1,0,True,-75.7733,-75.7733,910,163,861,1024,True,reject,0,effectively rejected
417,0,0,0,0,False,0.6181,0.0,1024,830,194,1024,True,accept,0,effectively accepted
417,1,1,1,0,True,-26.6947,-26.6947,830,406,618,1024,True,reject,0,effectively rejected
417,3,2,2,0,True,-31.384,-31.384,406,193,831,1024,False,,0,effectively rejected
418,0,0,0,0,False,-28.7508,-28.7508,1024,1,1023,1024,True,reject,0,effectively rejected
418,2,1,0,1,False,-75.1087,-75.1087,1024,352,672,1024,True,reject,0,effectively rejected
419,0,0,0,0,False,-5.042,-5.042,1024,838,186,1024,True,reject,0,effectively rejected
419,1,1,1,0,True,-68.1812,-68.1812,838,197,827,1024,False,,0,effectively rejected
419,3,2,2,0,True,-63.8367,-63.8367,197,55,969,1024,False,,0,effectively rejected
419,8,3,2,1,False,3.3744,0.0,197,110,914,1024,False,,0,effectively accepted
420,0,0,0,0,False,-32.013,-32.013,1024,313,711,1024,True,reject,0,effectively rejected
421,0,0,0,0,False,-27.3137,-27.3137,1024,119,905,1024,True,reject,0,effectively rejected
422,0,0,0,0,False,-46.3388,-46.3388,1024,54,970,1024,True,reject,0,effectively rejected
422,2,1,0,1,False,-9.7392,-9.7392,1024,760,264,1024,True,reject,0,effectively rejected
422,5,2,1,1,True,8.6726,0.0,760,276,748,1024,False,,0,effectively accepted
423,0,0,0,0,False,-5.042,-5.042,1024,835,189,1024,True,reject,0,effectively rejected
423,1,1,1,0,True,-35.7392,-35.7392,835,226,798,1024,False,,0,effectively rejected
424,0,0,0,0,False,-9.3642,-9.3642,1024,728,296,1024,True,reject,0,effectively rejected
424,1,1,1,0,True,-8.6561,-8.6561,728,634,390,1024,False,,0,effectively rejected
424,3,2,2,0,True,-8.9092,-8.9092,634,444,580,1024,False,,0,effectively rejected
424,7,3,3,0,True,-64.6064,-64.6064,444,66,958,1024,False,,0,effectively rejected
425,0,0,0,0,False,-47.5922,-47.5922,1024,208,816,1024,True,reject,0,effectively rejected
426,0,0,0,0,False,-1.8843,-1.8843,1024,966,58,1024,True,reject,0,genuinely stochastic
426,1,1,1,0,True,-35.0908,-35.0908,966,414,610,1024,False,,0,effectively rejected
427,0,0,0,0,False,-31.0389,-31.0389,1024,358,666,1024,True,reject,0,effectively rejected
428,0,0,0,0,False,0.0,0.0,1024,904,120,1024,True,accept,0,effectively accepted
428,1,1,1,0,True,-9.4719,-9.4719,904,737,287,1024,True,reject,0,effectively rejected
428,3,2,2,0,True,-47.38,-47.38,737,199,825,1024,False,,0,effectively rejected
429,0,0,0,0,False,-47.8342,-47.8342,1024,256,768,1024,True,reject,0,effectively rejected
430,0,0,0,0,False,-6.5011,-6.5011,1024,689,335,1024,True,reject,0,effectively rejected
430,1,1,1,0,True,-38.1722,-38.1722,689,28,996,1024,False,,0,effectively rejected
430,4,2,1,1,False,-4.4871,-4.4871,689,498,526,1024,False,,0,genuinely stochastic
431,0,0,0,0,False,-11.2348,-11.2348,1024,483,541,1024,True,reject,0,effectively rejected
431,1,1,1,0,True,5.3987,0.0,483,253,771,1024,False,,0,effectively accepted
432,0,0,0,0,False,-12.0033,-12.0033,1024,487,537,1024,True,reject,0,effectively rejected
432,1,1,1,0,True,-32.5026,-32.5026,487,436,588,1024,False,,0,effectively rejected
433,0,0,0,0,False,-7.0412,-7.0412,1024,507,517,1024,True,reject,0,effectively rejected
434,0,0,0,0,False,0.0,0.0,1024,1013,11,1024,True,accept,0,effectively accepted
434,1,1,1,0,True,-75.0445,-75.0445,1013,116,908,1024,True,reject,0,effectively rejected
434,4,2,1,1,False,-0.3399,-0.3399,1013,852,172,1024,True,accept,0,genuinely stochastic
435,0,0,0,0,False,-47.4913,-47.4913,1024,262,762,1024,True,reject,0,effectively rejected
435,1,1,1,0,True,8.993,0.0,262,32,992,1024,False,,0,effectively accepted
435,4,2,1,1,False,7.6358,0.0,262,167,857,1024,False,,0,effectively accepted
436,0,0,0,0,False,-9.1763,-9.1763,1024,611,413,1024,True,reject,0,effectively rejected
437,0,0,0,0,False,-1.8228,-1.8228,1024,868,156,1024,True,reject,0,genuinely stochastic
437,1,1,1,0,True,-10.4764,-10.4764,868,479,545,1024,False,,0,effectively rejected
437,3,2,2,0,True,-26.6094,-26.6094,479,430,594,1024,False,,0,effectively rejected
437,7,3,3,0,True,8.497,0.0,430,229,795,1024,False,,0,effectively accepted
438,0,0,0,0,False,-23.1375,-23.1375,1024,411,613,1024,True,reject,0,effectively rejected
438,1,1,1,0,True,-49.9551,-49.9551,411,49,975,1024,False,,0,effectively rejected
439,0,0,0,0,False,-1.6234,-1.6234,1024,871,153,1024,True,reject,0,genuinely stochastic
439,1,1,1,0,True,-79.7687,-79.7687,871,249,775,1024,False,,0,effectively rejected
440,0,0,0,0,False,-47.4022,-47.4022,1024,178,846,1024,True,reject,0,effectively rejected
441,0,0,0,0,False,-28.4109,-28.4109,1024,0,1024,1024,True,reject,0,effectively rejected
441,2,1,0,1,False,-9.2016,-9.2016,1024,485,539,1024,True,reject,0,effectively rejected
442,0,0,0,0,False,-28.0232,-28.0232,1024,436,588,1024,True,reject,0,effectively rejected
442,1,1,1,0,True,-34.2758,-34.2758,436,34,990,1024,False,,0,effectively rejected
443,0,0,0,0,False,-12.2961,-12.2961,1024,106,918,1024,True,reject,0,effectively rejected
443,2,1,0,1,False,0.2456,0.0,1024,896,128,1024,True,accept,0,effectively accepted
443,5,2,1,1,True,-57.9762,-57.9762,896,372,652,1024,True,reject,0,effectively rejected
444,0,0,0,0,False,-30.0954,-30.0954,1024,384,640,1024,True,reject,0,effectively rejected
444,1,1,1,0,True,-31.1503,-31.1503,384,347,677,1024,False,,0,effectively rejected
444,3,2,2,0,True,-68.5479,-68.5479,347,273,751,1024,False,,0,effectively rejected
445,0,0,0,0,False,-46.2446,-46.2446,1024,16,1008,1024,True,reject,0,effectively rejected
445,2,1,0,1,False,0.0,0.0,1024,1021,3,1024,True,accept,0,effectively accepted
445,5,2,1,1,True,-65.4039,-65.4039,1021,150,874,1024,True,reject,0,effectively rejected
446,0,0,0,0,False,0.2401,0.0,1024,849,175,1024,True,accept,0,effectively accepted
446,1,1,1,0,True,-9.2686,-9.2686,849,763,261,1024,True,reject,0,effectively rejected
447,0,0,0,0,False,-32.5801,-32.5801,1024,311,713,1024,True,reject,0,effectively rejected
447,1,1,1,0,True,-39.5826,-39.5826,311,290,734,1024,False,,0,effectively rejected
447,3,2,2,0,True,13.4722,0.0,290,8,1016,1024,False,,0,effectively accepted
448,0,0,0,0,False,-8.1669,-8.1669,1024,777,247,1024,True,reject,0,effectively rejected
448,1,1,1,0,True,-31.8392,-31.8392,777,273,751,1024,False,,0,effectively rejected
448,3,2,2,0,True,-74.239,-74.239,273,195,829,1024,False,,0,effectively rejected
449,0,0,0,0,False,-15.6337,-15.6337,1024,445,579,1024,True,reject,0,effectively rejected
450,0,0,0,0,False,-46.4847,-46.4847,1024,70,954,1024,True,reject,0,effectively rejected
450,2,1,0,1,False,-9.5416,-9.5416,1024,662,362,1024,True,reject,0,effectively rejected
451,0,0,0,0,False,-46.4847,-46.4847,1024,50,974,1024,True,reject,0,effectively rejected
451,2,1,0,1,False,-70.5957,-70.5957,1024,70,954,1024,True,reject,0,effectively rejected
451,6,2,0,2,False,-12.1023,-12.1023,1024,632,392,1024,True,reject,0,effectively rejected
452,0,0,0,0,False,-46.4847,-46.4847,1024,54,970,1024,True,reject,0,effectively rejected
452,2,1,0,1,False,-5.1037,-5.1037,1024,684,340,1024,True,reject,0,effectively rejected
453,0,0,0,0,False,1.7073,0.0,1024,221,803,1024,True,accept,0,effectively accepted
454,0,0,0,0,False,0.1901,0.0,1024,927,97,1024,True,accept,0,effectively accepted
454,1,1,1,0,True,-0.2498,-0.2498,927,714,310,1024,True,reject,0,genuinely stochastic
455,0,0,0,0,False,-1.8668,-1.8668,1024,268,756,1024,True,reject,0,genuinely stochastic
456,0,0,0,0,False,-0.0482,-0.0482,1024,746,278,1024,True,accept,0,genuinely stochastic
456,1,1,1,0,True,3.8198,0.0,746,394,630,1024,True,accept,0,effectively accepted
456,3,2,2,0,True,-34.0488,-34.0488,394,174,850,1024,True,reject,0,effectively rejected
457,0,0,0,0,False,3.367,0.0,1024,895,129,1024,True,accept,0,effectively accepted
457,1,1,1,0,True,3.5015,0.0,895,851,173,1024,True,accept,0,effectively accepted
458,0,0,0,0,False,-3.2649,-3.2649,1024,876,148,1024,True,reject,0,genuinely stochastic
458,1,1,1,0,True,-0.6644,-0.6644,876,730,294,1024,False,,0,genuinely stochastic
459,0,0,0,0,False,-0.4253,-0.4253,1024,703,321,1024,True,accept,0,genuinely stochastic
459,1,1,1,0,True,-0.0976,-0.0976,703,659,365,1024,True,accept,0,genuinely stochastic
459,3,2,2,0,True,-4.0747,-4.0747,659,533,491,1024,True,reject,0,genuinely stochastic
460,0,0,0,0,False,-11.2407,-11.2407,1024,164,860,1024,True,reject,0,effectively rejected
461,0,0,0,0,False,-9.1211,-9.1211,1024,41,983,1024,True,reject,0,effectively rejected
462,0,0,0,0,False,0.6007,0.0,1024,823,201,1024,True,accept,0,effectively accepted
462,1,1,1,0,True,1.4129,0.0,823,400,624,1024,True,accept,0,effectively accepted
463,0,0,0,0,False,-10.1967,-10.1967,1024,444,580,1024,True,reject,0,effectively rejected
463,1,1,1,0,True,-72.2698,-72.2698,444,169,855,1024,False,,0,effectively rejected
464,0,0,0,0,False,-0.0534,-0.0534,1024,769,255,1024,True,accept,0,genuinely stochastic
464,1,1,1,0,True,-2.9285,-2.9285,769,654,370,1024,True,reject,0,genuinely stochastic
465,0,0,0,0,False,-60.0138,-60.0138,1024,14,1010,1024,True,reject,0,effectively rejected
465,2,1,0,1,False,-2.9617,-2.9617,1024,139,885,1024,True,reject,0,genuinely stochastic
465,5,2,1,1,True,-6.3842,-6.3842,139,124,900,1024,False,,0,effectively rejected
466,0,0,0,0,False,-10.4806,-10.4806,1024,133,891,1024,True,reject,0,effectively rejected
467,0,0,0,0,False,0.0,0.0,1024,1016,8,1024,True,accept,0,effectively accepted
467,1,1,1,0,True,0.1571,0.0,1016,957,67,1024,True,accept,0,effectively accepted
468,0,0,0,0,False,-13.7532,-13.7532,1024,97,927,1024,True,reject,0,effectively rejected
469,0,0,0,0,False,-0.7453,-0.7453,1024,436,588,1024,True,reject,0,genuinely stochastic
470,0,0,0,0,False,-0.0159,-0.0159,1024,1003,21,1024,True,accept,0,genuinely stochastic
470,1,1,1,0,True,-3.2933,-3.2933,1003,40,984,1024,True,reject,0,genuinely stochastic
471,0,0,0,0,False,-3.0735,-3.0735,1024,787,237,1024,True,reject,0,genuinely stochastic
472,0,0,0,0,False,-53.4132,-53.4132,1024,80,944,1024,True,reject,0,effectively rejected
473,0,0,0,0,False,-5.1299,-5.1299,1024,512,512,1024,True,reject,0,effectively rejected
474,0,0,0,0,False,-0.9889,-0.9889,1024,593,431,1024,True,reject,0,genuinely stochastic
474,1,1,1,0,True,-8.1078,-8.1078,593,281,743,1024,False,,0,effectively rejected
474,3,2,2,0,True,-29.6349,-29.6349,281,120,904,1024,False,,0,effectively rejected
475,0,0,0,0,False,-3.4594,-3.4594,1024,777,247,1024,True,reject,0,genuinely stochastic
475,1,1,1,0,True,-4.3862,-4.3862,777,51,973,1024,False,,0,genuinely stochastic
476,0,0,0,0,False,-6.0526,-6.0526,1024,552,472,1024,True,reject,0,effectively rejected
476,1,1,1,0,True,-3.3213,-3.3213,552,45,979,1024,False,,0,genuinely stochastic
477,0,0,0,0,False,0.0,0.0,1024,1006,18,1024,True,accept,0,effectively accepted
477,1,1,1,0,True,-3.2983,-3.2983,1006,997,27,1024,True,reject,0,genuinely stochastic
477,3,2,2,0,True,-69.3789,-69.3789,997,106,918,1024,False,,0,effectively rejected
478,0,0,0,0,False,-9.168,-9.168,1024,488,536,1024,True,reject,0,effectively rejected
478,1,1,1,0,True,-9.4214,-9.4214,488,288,736,1024,False,,0,effectively rejected
478,3,2,2,0,True,-11.0936,-11.0936,288,146,878,1024,False,,0,effectively rejected
479,0,0,0,0,False,-10.5912,-10.5912,1024,250,774,1024,True,reject,0,effectively rejected
480,0,0,0,0,False,-1.8313,-1.8313,1024,191,833,1024,True,reject,0,genuinely stochastic
481,0,0,0,0,False,-5.502,-5.502,1024,418,606,1024,True,reject,0,effectively rejected
481,1,1,1,0,True,-6.7261,-6.7261,418,100,924,1024,False,,0,effectively rejected
481,3,2,2,0,True,-62.9781,-62.9781,100,77,947,1024,False,,0,effectively rejected
482,0,0,0,0,False,-4.4127,-4.4127,1024,307,717,1024,True,reject,0,genuinely stochastic
483,0,0,0,0,False,-10.6219,-10.6219,1024,42,982,1024,True,reject,0,effectively rejected
483,2,1,0,1,False,-3.4281,-3.4281,1024,416,608,1024,True,reject,0,genuinely stochastic
483,5,2,1,1,True,-2.7137,-2.7137,416,107,917,1024,False,,0,genuinely stochastic
484,0,0,0,0,False,-5.502,-5.502,1024,418,606,1024,True,reject,0,effectively rejected
485,0,0,0,0,False,-10.5361,-10.5361,1024,358,666,1024,True,reject,0,effectively rejected
486,0,0,0,0,False,-6.2987,-6.2987,1024,685,339,1024,True,reject,0,effectively rejected
487,0,0,0,0,False,-7.976,-7.976,1024,605,419,1024,True,reject,0,effectively rejected
488,0,0,0,0,False,-3.3804,-3.3804,1024,988,36,1024,True,reject,0,genuinely stochastic
488,1,1,1,0,True,0.2281,0.0,988,634,390,1024,False,,0,effectively accepted
488,3,2,2,0,True,-0.0601,-0.0601,634,510,514,1024,False,,0,genuinely stochastic
488,7,3,3,0,True,-3.2883,-3.2883,510,136,888,1024,False,,0,genuinely stochastic
489,0,0,0,0,False,-6.8011,-6.8011,1024,253,771,1024,True,reject,0,effectively rejected
490,0,0,0,0,False,-6.4833,-6.4833,1024,645,379,1024,True,reject,0,effectively rejected
490,1,1,1,0,True,-5.5497,-5.5497,645,531,493,1024,False,,0,effectively rejected
491,0,0,0,0,False,-10.6219,-10.6219,1024,121,903,1024,True,reject,0,effectively rejected
492,0,0,0,0,False,-10.6219,-10.6219,1024,42,982,1024,True,reject,0,effectively rejected
492,2,1,0,1,False,1.8553,0.0,1024,780,244,1024,True,accept,0,effectively accepted
492,5,2,1,1,True,-5.3081,-5.3081,780,368,656,1024,True,reject,0,effectively rejected
493,0,0,0,0,False,-8.3386,-8.3386,1024,652,372,1024,True,reject,0,effectively rejected
493,1,1,1,0,True,-7.1092,-7.1092,652,532,492,1024,False,,0,effectively rejected
493,3,2,2,0,True,-3.6452,-3.6452,532,321,703,1024,False,,0,genuinely stochastic
494,0,0,0,0,False,0.0,0.0,1024,1018,6,1024,True,accept,0,effectively accepted
494,1,1,1,0,True,0.0,0.0,1018,1008,16,1024,True,accept,0,effectively accepted
494,3,2,2,0,True,-9.9821,-9.9821,1008,449,575,1024,True,reject,0,effectively rejected
494,7,3,3,0,True,-6.4951,-6.4951,449,217,807,1024,False,,0,effectively rejected
495,0,0,0,0,False,-12.3731,-12.3731,1024,396,628,1024,True,reject,0,effectively rejected
495,1,1,1,0,True,-8.2783,-8.2783,396,289,735,1024,False,,0,effectively rejected
496,0,0,0,0,False,-3.8691,-3.8691,1024,627,397,1024,True,reject,0,genuinely stochastic
496,1,1,1,0,True,-9.3716,-9.3716,627,520,504,1024,False,,0,effectively rejected
497,0,0,0,0,False,-12.4772,-12.4772,1024,6,1018,1024,True,reject,0,effectively rejected
497,2,1,0,1,False,-1.2959,-1.2959,1024,54,970,1024,True,reject,0,genuinely stochastic
498,0,0,0,0,False,-12.3726,-12.3726,1024,407,617,1024,True,reject,0,effectively rejected
498,1,1,1,0,True,-10.301,-10.301,407,37,987,1024,False,,0,effectively rejected
498,4,2,1,1,False,-3.6852,-3.6852,407,296,728,1024,False,,0,genuinely stochastic
499,0,0,0,0,False,-1.4209,-1.4209,1024,936,88,1024,True,accept,0,genuinely stochastic
499,1,1,1,0,True,-1.0099,-1.0099,936,793,231,1024,True,reject,0,genuinely stochastic
499,3,2,2,0,True,-6.3052,-6.3052,793,702,322,1024,False,,0,effectively rejected
500,0,0,0,0,False,-4.7798,-4.7798,1024,611,413,1024,True,reject,0,effectively rejected
501,0,0,0,0,False,-10.9677,-10.9677,1024,296,728,1024,True,reject,0,effectively rejected
502,0,0,0,0,False,-10.9706,-10.9706,1024,364,660,1024,True,reject,0,effectively rejected
503,0,0,0,0,False,0.0,0.0,1024,1019,5,1024,True,accept,0,effectively accepted
503,1,1,1,0,True,-78.1644,-78.1644,1019,90,934,1024,True,reject,0,effectively rejected
504,0,0,0,0,False,-11.0564,-11.0564,1024,188,836,1024,True,reject,0,effectively rejected
505,0,0,0,0,False,-10.9518,-10.9518,1024,406,618,1024,True,reject,0,effectively rejected
505,1,1,1,0,True,-8.5317,-8.5317,406,91,933,1024,False,,0,effectively rejected
506,0,0,0,0,False,-10.9571,-10.9571,1024,380,644,1024,True,reject,0,effectively rejected
507,0,0,0,0,False,-2.4941,-2.4941,1024,569,455,1024,True,reject,0,genuinely stochastic
507,1,1,1,0,True,-23.3669,-23.3669,569,101,923,1024,False,,0,effectively rejected
508,0,0,0,0,False,-0.2244,-0.2244,1024,644,380,1024,True,reject,0,genuinely stochastic
509,0,0,0,0,False,-3.4498,-3.4498,1024,867,157,1024,True,reject,0,genuinely stochastic
509,1,1,1,0,True,4.5305,0.0,867,407,617,1024,False,,0,effectively accepted
509,3,2,2,0,True,-9.1028,-9.1028,407,49,975,1024,False,,0,effectively rejected
510,0,0,0,0,False,-4.2332,-4.2332,1024,747,277,1024,True,reject,0,genuinely stochastic
511,0,0,0,0,False,-1.892,-1.892,1024,956,68,1024,True,reject,0,genuinely stochastic
511,1,1,1,0,True,-9.1028,-9.1028,956,49,975,1024,False,,0,effectively rejected
511,4,2,1,1,False,0.1787,0.0,956,812,212,1024,False,,0,effectively accepted
511,9,3,2,1,True,-60.9965,-60.9965,812,189,835,1024,False,,0,effectively rejected
512,0,0,0,0,False,-0.4324,-0.4324,1024,807,217,1024,True,reject,0,genuinely stochastic
513,0,0,0,0,False,-2.3689,-2.3689,1024,668,356,1024,True,reject,0,genuinely stochastic
513,1,1,1,0,True,-2.875,-2.875,668,614,410,1024,False,,0,genuinely stochastic
514,0,0,0,0,False,-3.8939,-3.8939,1024,778,246,1024,True,reject,0,genuinely stochastic
514,1,1,1,0,True,0.8326,0.0,778,725,299,1024,False,,0,effectively accepted
514,3,2,2,0,True,-11.0564,-11.0564,725,198,826,1024,False,,0,effectively rejected
515,0,0,0,0,False,-6.7332,-6.7332,1024,685,339,1024,True,reject,0,effectively rejected
515,1,1,1,0,True,-69.697,-69.697,685,138,886,1024,False,,0,effectively rejected
515,3,2,2,0,True,-7.078,-7.078,138,17,1007,1024,False,,0,effectively rejected
516,0,0,0,0,False,-2.5909,-2.5909,1024,629,395,1024,True,reject,0,genuinely stochastic
516,1,1,1,0,True,-7.6216,-7.6216,629,227,797,1024,False,,0,effectively rejected
517,0,0,0,0,False,-11.0257,-11.0257,1024,232,792,1024,True,reject,0,effectively rejected
517,1,1,1,0,True,-11.0564,-11.0564,232,168,856,1024,False,,0,effectively rejected
518,0,0,0,0,False,-0.1308,-0.1308,1024,973,51,1024,True,accept,0,genuinely stochastic
519,0,0,0,0,False,-10.8949,-10.8949,1024,234,790,1024,True,reject,0,effectively rejected
519,2,1,0,1,False,-4.6524,-4.6524,1024,583,441,1024,True,reject,0,effectively rejected
520,0,0,0,0,False,-10.9256,-10.9256,1024,41,983,1024,True,reject,0,effectively rejected
520,2,1,0,1,False,-3.7886,-3.7886,1024,716,308,1024,True,reject,0,genuinely stochastic
520,5,2,1,1,True,-8.723,-8.723,716,178,846,1024,False,,0,effectively rejected
521,0,0,0,0,False,-2.3633,-2.3633,1024,569,455,1024,True,accept,0,genuinely stochastic
521,1,1,1,0,True,-8.0921,-8.0921,569,310,714,1024,True,reject,0,effectively rejected
521,3,2,2,0,True,1.5156,0.0,310,118,906,1024,False,,0,effectively accepted
522,0,0,0,0,False,-4.6223,-4.6223,1024,685,339,1024,True,reject,0,effectively rejected
522,1,1,1,0,True,-7.5837,-7.5837,685,144,880,1024,False,,0,effectively rejected
522,3,2,2,0,True,-5.9033,-5.9033,144,74,950,1024,False,,0,effectively rejected
522,4,2,1,1,False,-0.6706,-0.6706,685,528,496,1024,False,,0,genuinely stochastic
523,0,0,0,0,False,0.2283,0.0,1024,191,833,1024,True,accept,0,effectively accepted
523,2,1,0,1,False,-4.1735,-4.1735,1024,53,971,1024,False,,0,genuinely stochastic
524,0,0,0,0,False,-47.3547,-47.3547,1024,276,748,1024,True,reject,0,effectively rejected
524,2,1,0,1,False,-3.4527,-3.4527,1024,777,247,1024,True,reject,0,genuinely stochastic
524,5,2,1,1,True,-7.3925,-7.3925,777,645,379,1024,False,,0,effectively rejected
524,11,3,2,1,True,-3.7644,-3.7644,645,470,554,1024,False,,0,genuinely stochastic
525,0,0,0,0,False,-8.7905,-8.7905,1024,85,939,1024,True,reject,0,effectively rejected
525,2,1,0,1,False,-16.3421,-16.3421,1024,399,625,1024,True,reject,0,effectively rejected
525,6,2,0,2,False,-9.2566,-9.2566,1024,238,786,1024,True,reject,0,effectively rejected
526,0,0,0,0,False,-7.4147,-7.4147,1024,563,461,1024,True,reject,0,effectively rejected
527,0,0,0,0,False,0.0,0.0,1024,506,518,1024,True,accept,0,effectively accepted
527,1,1,1,0,True,-166.0682,-166.0682,506,444,580,1024,True,reject,0,effectively rejected
527,3,2,2,0,True,-162.1184,-162.1184,444,300,724,1024,False,,0,effectively rejected
527,7,3,3,0,True,49.4683,0.0,300,172,852,1024,False,,0,effectively accepted
528,0,0,0,0,False,0.0,0.0,1024,344,680,1024,True,accept,0,effectively accepted
528,1,1,1,0,True,43.3182,0.0,344,150,874,1024,True,accept,0,effectively accepted
528,3,2,2,0,True,71.9151,0.0,150,41,983,1024,True,accept,0,effectively accepted
529,0,0,0,0,False,-2.2904,-2.2904,1024,838,186,1024,True,reject,0,genuinely stochastic
530,0,0,0,0,False,-7.8832,-7.8832,1024,873,151,1024,True,reject,0,effectively rejected
530,1,1,1,0,True,2.3056,0.0,873,833,191,1024,False,,0,effectively accepted
530,3,2,2,0,True,-58.8484,-58.8484,833,315,709,1024,False,,0,effectively rejected
530,7,3,3,0,True,-61.7678,-61.7678,315,251,773,1024,False,,0,effectively rejected
531,0,0,0,0,False,-61.253,-61.253,1024,620,404,1024,True,reject,0,effectively rejected
531,1,1,1,0,True,-61.9715,-61.9715,620,348,676,1024,False,,0,effectively rejected
532,0,0,0,0,False,-61.3804,-61.3804,1024,275,749,1024,True,reject,0,effectively rejected
532,1,1,1,0,True,-4.7904,-4.7904,275,224,800,1024,False,,0,effectively rejected
533,0,0,0,0,False,-0.7944,-0.7944,1024,883,141,1024,True,accept,0,genuinely stochastic
533,1,1,1,0,True,-9.2177,-9.2177,883,799,225,1024,True,reject,0,effectively rejected
533,3,2,2,0,True,-60.7783,-60.7783,799,665,359,1024,False,,0,effectively rejected
533,7,3,3,0,True,-6.9708,-6.9708,665,284,740,1024,False,,0,effectively rejected
534,0,0,0,0,False,-60.9189,-60.9189,1024,219,805,1024,True,reject,0,effectively rejected
535,0,0,0,0,False,1.0405,0.0,1024,510,514,1024,True,accept,0,effectively accepted
535,1,1,1,0,True,-60.7906,-60.7906,510,407,617,1024,True,reject,0,effectively rejected
536,0,0,0,0,False,-72.437,-72.437,1024,3,1021,1024,True,reject,0,effectively rejected
536,2,1,0,1,False,-7.4681,-7.4681,1024,682,342,1024,True,reject,0,effectively rejected
536,5,2,1,1,True,-1.042,-1.042,682,467,557,1024,False,,0,genuinely stochastic
537,0,0,0,0,False,-62.186,-62.186,1024,196,828,1024,True,reject,0,effectively rejected
538,0,0,0,0,False,-1.6954,-1.6954,1024,439,585,1024,True,accept,0,genuinely stochastic
538,1,1,1,0,True,-61.099,-61.099,439,290,734,1024,True,reject,0,effectively rejected
539,0,0,0,0,False,1.6149,0.0,1024,841,183,1024,True,accept,0,effectively accepted
539,1,1,1,0,True,0.872,0.0,841,778,246,1024,True,accept,0,effectively accepted
539,3,2,2,0,True,1.8604,0.0,778,589,435,1024,True,accept,0,effectively accepted
539,7,3,3,0,True,-60.5281,-60.5281,589,475,549,1024,True,reject,0,effectively rejected
540,0,0,0,0,False,-1.3203,-1.3203,1024,396,628,1024,True,reject,0,genuinely stochastic
540,1,1,1,0,True,-3.5514,-3.5514,396,134,890,1024,False,,0,genuinely stochastic
541,0,0,0,0,False,-65.4513,-65.4513,1024,460,564,1024,True,reject,0,effectively rejected
541,1,1,1,0,True,-1.6881,-1.6881,460,46,978,1024,False,,0,genuinely stochastic
542,0,0,0,0,False,-8.7968,-8.7968,1024,613,411,1024,True,reject,0,effectively rejected
543,0,0,0,0,False,-0.164,-0.164,1024,538,486,1024,True,accept,0,genuinely stochastic
544,0,0,0,0,False,-6.3615,-6.3615,1024,157,867,1024,True,reject,0,effectively rejected
545,0,0,0,0,False,-59.7605,-59.7605,1024,642,382,1024,True,reject,0,effectively rejected
545,1,1,1,0,True,-32.3977,-32.3977,642,99,925,1024,False,,0,effectively rejected
546,0,0,0,0,False,-0.0443,-0.0443,1024,842,182,1024,True,accept,0,genuinely stochastic
546,1,1,1,0,True,2.9834,0.0,842,404,620,1024,True,accept,0,effectively accepted
547,0,0,0,0,False,-3.9863,-3.9863,1024,309,715,1024,True,reject,0,genuinely stochastic
547,1,1,1,0,True,-75.5775,-75.5775,309,88,936,1024,False,,0,effectively rejected
548,0,0,0,0,False,-1.0537,-1.0537,1024,694,330,1024,True,accept,0,genuinely stochastic
549,0,0,0,0,False,-8.6497,-8.6497,1024,767,257,1024,True,reject,0,effectively rejected
549,1,1,1,0,True,-3.544,-3.544,767,577,447,1024,False,,0,genuinely stochastic
549,3,2,2,0,True,-59.3696,-59.3696,577,305,719,1024,False,,0,effectively rejected
550,0,0,0,0,False,-7.6065,-7.6065,1024,352,672,1024,True,reject,0,effectively rejected
551,0,0,0,0,False,-5.8915,-5.8915,1024,406,618,1024,True,reject,0,effectively rejected
552,0,0,0,0,False,-9.3441,-9.3441,1024,189,835,1024,True,reject,0,effectively rejected
552,1,1,1,0,True,-4.4982,-4.4982,189,109,915,1024,False,,0,genuinely stochastic
553,0,0,0,0,False,-9.7748,-9.7748,1024,306,718,1024,True,reject,0,effectively rejected
554,0,0,0,0,False,-8.2401,-8.2401,1024,707,317,1024,True,reject,0,effectively rejected
554,1,1,1,0,True,-11.1369,-11.1369,707,190,834,1024,False,,0,effectively rejected
555,0,0,0,0,False,-61.0596,-61.0596,1024,261,763,1024,True,reject,0,effectively rejected
555,1,1,1,0,True,-31.3057,-31.3057,261,40,984,1024,False,,0,effectively rejected
556,0,0,0,0,False,-3.6261,-3.6261,1024,439,585,1024,True,reject,0,genuinely stochastic
556,1,1,1,0,True,-235.5832,-235.5832,439,14,1010,1024,False,,0,effectively rejected
557,0,0,0,0,False,-4.3472,-4.3472,1024,369,655,1024,True,reject,0,genuinely stochastic
558,0,0,0,0,False,-5.8235,-5.8235,1024,1010,14,1024,True,reject,0,effectively rejected
558,1,1,1,0,True,-65.616,-65.616,1010,763,261,1024,False,,0,effectively rejected
559,0,0,0,0,False,-0.5927,-0.5927,1024,135,889,1024,True,reject,0,genuinely stochastic
560,0,0,0,0,False,-65.4641,-65.4641,1024,50,974,1024,True,reject,0,effectively rejected
561,0,0,0,0,False,-7.553,-7.553,1024,78,946,1024,True,reject,0,effectively rejected
562,0,0,0,0,False,-0.5986,-0.5986,1024,940,84,1024,True,reject,0,genuinely stochastic
562,1,1,1,0,True,-67.381,-67.381,940,357,667,1024,False,,0,effectively rejected
562,3,2,2,0,True,-32.9129,-32.9129,357,66,958,1024,False,,0,effectively rejected
563,0,0,0,0,False,-75.108,-75.108,1024,73,951,1024,True,reject,0,effectively rejected
564,0,0,0,0,False,-11.0497,-11.0497,1024,103,921,1024,True,reject,0,effectively rejected
565,0,0,0,0,False,-58.0928,-58.0928,1024,716,308,1024,True,reject,0,effectively rejected
566,0,0,0,0,False,-64.1035,-64.1035,1024,781,243,1024,True,reject,0,effectively rejected
566,1,1,1,0,True,-57.9089,-57.9089,781,641,383,1024,False,,0,effectively rejected
566,3,2,2,0,True,-3.8713,-3.8713,641,385,639,1024,False,,0,genuinely stochastic
566,7,3,3,0,True,-62.2023,-62.2023,385,291,733,1024,False,,0,effectively rejected
567,0,0,0,0,False,-5.3556,-5.3556,1024,422,602,1024,True,reject,0,effectively rejected
567,1,1,1,0,True,-10.0337,-10.0337,422,160,864,1024,False,,0,effectively rejected
568,0,0,0,0,False,-64.7291,-64.7291,1024,373,651,1024,True,reject,0,effectively rejected
568,1,1,1,0,True,-3.9802,-3.9802,373,201,823,1024,False,,0,genuinely stochastic
569,0,0,0,0,False,-17.6836,-17.6836,1024,869,155,1024,True,reject,0,effectively rejected
569,1,1,1,0,True,-66.8037,-66.8037,869,84,940,1024,False,,0,effectively rejected
570,0,0,0,0,False,-61.4124,-61.4124,1024,278,746,1024,True,reject,0,effectively rejected
571,0,0,0,0,False,-5.1139,-5.1139,1024,1018,6,1024,True,reject,0,effectively rejected
571,1,1,1,0,True,-4.2603,-4.2603,1018,820,204,1024,False,,0,genuinely stochastic
571,3,2,2,0,True,-10.4836,-10.4836,820,239,785,1024,False,,0,effectively rejected
572,0,0,0,0,False,-9.4302,-9.4302,1024,822,202,1024,True,reject,0,effectively rejected
572,1,1,1,0,True,-63.1474,-63.1474,822,705,319,1024,False,,0,effectively rejected
572,3,2,2,0,True,-5.3227,-5.3227,705,602,422,1024,False,,0,effectively rejected
573,0,0,0,0,False,-3.8336,-3.8336,1024,299,725,1024,True,reject,0,genuinely stochastic
574,0,0,0,0,False,-63.8901,-63.8901,1024,215,809,1024,True,reject,0,effectively rejected
574,1,1,1,0,True,-65.8517,-65.8517,215,8,1016,1024,False,,0,effectively rejected
575,0,0,0,0,False,-4.1722,-4.1722,1024,953,71,1024,True,reject,0,genuinely stochastic
575,1,1,1,0,True,-111.7082,-111.7082,953,88,936,1024,False,,0,effectively rejected
576,0,0,0,0,False,-10.2751,-10.2751,1024,178,846,1024,True,reject,0,effectively rejected
577,0,0,0,0,False,-75.108,-75.108,1024,73,951,1024,True,reject,0,effectively rejected
578,0,0,0,0,False,-5.0267,-5.0267,1024,933,91,1024,True,reject,0,effectively rejected
578,1,1,1,0,True,-2.9005,-2.9005,933,452,572,1024,False,,0,genuinely stochastic
578,3,2,2,0,True,-65.9608,-65.9608,452,335,689,1024,False,,0,effectively rejected
579,0,0,0,0,False,-61.1821,-61.1821,1024,608,416,1024,True,reject,0,effectively rejected
580,0,0,0,0,False,-74.0914,-74.0914,1024,61,963,1024,True,reject,0,effectively rejected
580,2,1,0,1,False,-66.8705,-66.8705,1024,269,755,1024,True,reject,0,effectively rejected
581,0,0,0,0,False,-74.092,-74.092,1024,54,970,1024,True,reject,0,effectively rejected
581,2,1,0,1,False,-0.2294,-0.2294,1024,952,72,1024,True,accept,0,genuinely stochastic
581,5,2,1,1,True,-4.6301,-4.6301,952,928,96,1024,True,reject,0,effectively rejected
582,0,0,0,0,False,-2.4053,-2.4053,1024,737,287,1024,True,reject,0,genuinely stochastic
582,1,1,1,0,True,-104.519,-104.519,737,61,963,1024,False,,0,effectively rejected
582,4,2,1,1,False,-5.1305,-5.1305,737,340,684,1024,False,,0,effectively rejected
583,0,0,0,0,False,-2.8694,-2.8694,1024,231,793,1024,True,reject,0,genuinely stochastic
584,0,0,0,0,False,-1.7051,-1.7051,1024,335,689,1024,True,reject,0,genuinely stochastic
585,0,0,0,0,False,-7.2087,-7.2087,1024,757,267,1024,True,reject,0,effectively rejected
585,1,1,1,0,True,-65.3481,-65.3481,757,27,997,1024,False,,0,effectively rejected
585,4,2,1,1,False,-1.1853,-1.1853,757,107,917,1024,False,,0,genuinely stochastic
586,0,0,0,0,False,-63.8742,-63.8742,1024,780,244,1024,True,reject,0,effectively rejected
587,0,0,0,0,False,-58.3231,-58.3231,1024,755,269,1024,True,reject,0,effectively rejected
588,0,0,0,0,False,-3.9428,-3.9428,1024,955,69,1024,True,reject,0,genuinely stochastic
588,1,1,1,0,True,-67.9598,-67.9598,955,498,526,1024,False,,0,effectively rejected
589,0,0,0,0,False,0.0051,0.0,1024,1000,24,1024,True,accept,0,effectively accepted
589,1,1,1,0,True,-5.8838,-5.8838,1000,496,528,1024,True,reject,0,effectively rejected
589,3,2,2,0,True,-238.9136,-238.9136,496,76,948,1024,False,,0,effectively rejected
590,0,0,0,0,False,-7.6062,-7.6062,1024,814,210,1024,True,reject,0,effectively rejected
590,1,1,1,0,True,-98.5087,-98.5087,814,19,1005,1024,False,,0,effectively rejected
591,0,0,0,0,False,-65.2833,-65.2833,1024,246,778,1024,True,reject,0,effectively rejected
591,1,1,1,0,True,-3.7495,-3.7495,246,182,842,1024,False,,0,genuinely stochastic
592,0,0,0,0,False,-16.7642,-16.7642,1024,852,172,1024,True,reject,0,effectively rejected
592,1,1,1,0,True,-6.8772,-6.8772,852,787,237,1024,False,,0,effectively rejected
592,3,2,2,0,True,-65.8057,-65.8057,787,704,320,1024,False,,0,effectively rejected
592,7,3,3,0,True,-0.8527,-0.8527,704,255,769,1024,False,,0,genuinely stochastic
593,0,0,0,0,False,-4.9327,-4.9327,1024,378,646,1024,True,reject,0,effectively rejected
594,0,0,0,0,False,-68.3991,-68.3991,1024,436,588,1024,True,reject,0,effectively rejected
595,0,0,0,0,False,-0.0102,-0.0102,1024,991,33,1024,True,accept,0,genuinely stochastic
595,1,1,1,0,True,-8.9319,-8.9319,991,122,902,1024,True,reject,0,effectively rejected
596,0,0,0,0,False,-72.1727,-72.1727,1024,726,298,1024,True,reject,0,effectively rejected
596,1,1,1,0,True,-0.8064,-0.8064,726,723,301,1024,False,,0,genuinely stochastic
597,0,0,0,0,False,-3.5991,-3.5991,1024,301,723,1024,True,reject,0,genuinely stochastic
598,0,0,0,0,False,-69.1943,-69.1943,1024,363,661,1024,True,reject,0,effectively rejected
598,1,1,1,0,True,-1.8133,-1.8133,363,114,910,1024,False,,0,genuinely stochastic
598,3,2,2,0,True,-1.7329,-1.7329,114,102,922,1024,False,,0,genuinely stochastic
599,0,0,0,0,False,-9.1957,-9.1957,1024,824,200,1024,True,reject,0,effectively rejected
599,1,1,1,0,True,-9.9791,-9.9791,824,97,927,1024,False,,0,effectively rejected
600,0,0,0,0,False,-73.8575,-73.8575,1024,44,980,1024,True,reject,0,effectively rejected
600,2,1,0,1,False,-59.3921,-59.3921,1024,373,651,1024,True,reject,0,effectively rejected
600,6,2,0,2,False,-5.1096,-5.1096,1024,164,860,1024,True,reject,0,effectively rejected
601,0,0,0,0,False,0.0,0.0,1024,1022,2,1024,True,accept,0,effectively accepted
601,1,1,1,0,True,-6.4746,-6.4746,1022,661,363,1024,True,reject,0,effectively rejected
601,3,2,2,0,True,-7.1303,-7.1303,661,162,862,1024,False,,0,effectively rejected
601,8,3,2,1,False,-10.2477,-10.2477,661,499,525,1024,False,,0,effectively rejected
602,0,0,0,0,False,-5.1525,-5.1525,1024,180,844,1024,True,reject,0,effectively rejected
602,2,1,0,1,False,-64.4333,-64.4333,1024,576,448,1024,True,reject,0,effectively rejected
602,5,2,1,1,True,-61.4039,-61.4039,576,528,496,1024,False,,0,effectively rejected
602,11,3,2,1,True,-77.7108,-77.7108,528,39,985,1024,False,,0,effectively rejected
603,0,0,0,0,False,-8.7466,-8.7466,1024,797,227,1024,True,reject,0,effectively rejected
603,1,1,1,0,True,-1.8181,-1.8181,797,167,857,1024,False,,0,genuinely stochastic
603,4,2,1,1,False,-66.4393,-66.4393,797,490,534,1024,False,,0,effectively rejected
604,0,0,0,0,False,0.0072,0.0,1024,998,26,1024,True,accept,0,effectively accepted
604,1,1,1,0,True,-1.677,-1.677,998,198,826,1024,True,reject,0,genuinely stochastic
604,4,2,1,1,False,-64.7615,-64.7615,998,426,598,1024,True,reject,0,effectively rejected
604,2,1,0,1,False,-4.547,-4.547,1024,988,36,1024,False,,0,genuinely stochastic
605,0,0,0,0,False,0.0,0.0,1024,424,600,1024,True,accept,0,effectively accepted
606,0,0,0,0,False,41.4109,0.0,1024,801,223,1024,True,accept,0,effectively accepted
606,1,1,1,0,True,39.7797,0.0,801,387,637,1024,True,accept,0,effectively accepted
606,3,2,2,0,True,5.517,0.0,387,74,950,1024,True,accept,0,effectively accepted
607,0,0,0,0,False,0.0,0.0,1024,1008,16,1024,True,accept,0,effectively accepted
607,1,1,1,0,True,-52.2568,-52.2568,1008,457,567,1024,True,reject,0,effectively rejected
607,3,2,2,0,True,31.5171,0.0,457,292,732,1024,False,,0,effectively accepted
607,7,3,3,0,True,25.0432,0.0,292,78,946,1024,False,,0,effectively accepted
608,0,0,0,0,False,0.0,0.0,1024,893,131,1024,True,accept,0,effectively accepted
608,1,1,1,0,True,-0.0089,-0.0089,893,742,282,1024,True,accept,0,effectively accepted
608,3,2,2,0,True,45.3521,0.0,742,330,694,1024,True,accept,0,effectively accepted
608,7,3,3,0,True,48.4868,0.0,330,241,783,1024,True,accept,0,effectively accepted
609,0,0,0,0,False,1.7241,0.0,1024,755,269,1024,True,accept,0,effectively accepted
609,1,1,1,0,True,-9.1944,-9.1944,755,329,695,1024,True,reject,0,effectively rejected
610,0,0,0,0,False,0.2781,0.0,1024,916,108,1024,True,accept,0,effectively accepted
610,1,1,1,0,True,-18.4392,-18.4392,916,205,819,1024,True,reject,0,effectively rejected
611,0,0,0,0,False,-56.006,-56.006,1024,71,953,1024,True,reject,0,effectively rejected
612,0,0,0,0,False,-1.0518,-1.0518,1024,731,293,1024,True,reject,0,genuinely stochastic
612,1,1,1,0,True,-1.9367,-1.9367,731,673,351,1024,False,,0,genuinely stochastic
612,3,2,2,0,True,-39.8778,-39.8778,673,487,537,1024,False,,0,effectively rejected
612,7,3,3,0,True,-59.5991,-59.5991,487,142,882,1024,False,,0,effectively rejected
613,0,0,0,0,False,16.7872,0.0,1024,671,353,1024,True,accept,0,effectively accepted
613,1,1,1,0,True,-15.9896,-15.9896,671,184,840,1024,True,reject,0,effectively rejected
614,0,0,0,0,False,-0.0049,-0.0049,1024,1010,14,1024,True,accept,0,effectively accepted
614,1,1,1,0,True,-46.634,-46.634,1010,439,585,1024,True,reject,0,effectively rejected
615,0,0,0,0,False,-23.4368,-23.4368,1024,158,866,1024,True,reject,0,effectively rejected
616,0,0,0,0,False,-61.6353,-61.6353,1024,559,465,1024,True,reject,0,effectively rejected
616,1,1,1,0,True,-214.1337,-214.1337,559,202,822,1024,False,,0,effectively rejected
617,0,0,0,0,False,-68.7739,-68.7739,1024,303,721,1024,True,reject,0,effectively rejected
618,0,0,0,0,False,-22.7008,-22.7008,1024,940,84,1024,True,reject,0,effectively rejected
618,1,1,1,0,True,-19.4791,-19.4791,940,770,254,1024,False,,0,effectively rejected
618,3,2,2,0,True,-218.7405,-218.7405,770,333,691,1024,False,,0,effectively rejected
619,0,0,0,0,False,-73.0322,-73.0322,1024,151,873,1024,True,reject,0,effectively rejected
619,1,1,1,0,True,-73.6227,-73.6227,151,40,984,1024,False,,0,effectively rejected
620,0,0,0,0,False,-47.9096,-47.9096,1024,388,636,1024,True,reject,0,effectively rejected
621,0,0,0,0,False,-14.9824,-14.9824,1024,475,549,1024,True,reject,0,effectively rejected
622,0,0,0,0,False,-71.6543,-71.6543,1024,265,759,1024,True,reject,0,effectively rejected
623,0,0,0,0,False,-0.9447,-0.9447,1024,400,624,1024,True,reject,0,genuinely stochastic
624,0,0,0,0,False,-18.9815,-18.9815,1024,590,434,1024,True,reject,0,effectively rejected
624,1,1,1,0,True,-214.2539,-214.2539,590,335,689,1024,False,,0,effectively rejected
625,0,0,0,0,False,-97.6556,-97.6556,1024,85,939,1024,True,reject,0,effectively rejected
626,0,0,0,0,False,-24.866,-24.866,1024,955,69,1024,True,reject,0,effectively rejected
626,1,1,1,0,True,-64.1591,-64.1591,955,814,210,1024,False,,0,effectively rejected
626,3,2,2,0,True,-16.4345,-16.4345,814,177,847,1024,False,,0,effectively rejected
627,0,0,0,0,False,1.5079,0.0,1024,576,448,1024,True,accept,0,effectively accepted
628,0,0,0,0,False,-73.1622,-73.1622,1024,294,730,1024,True,reject,0,effectively rejected
628,1,1,1,0,True,-22.3865,-22.3865,294,186,838,1024,False,,0,effectively rejected
628,3,2,2,0,True,45.4979,0.0,186,14,1010,1024,False,,0,effectively accepted
629,0,0,0,0,False,-118.8796,-118.8796,1024,197,827,1024,True,reject,0,effectively rejected
629,1,1,1,0,True,-16.0178,-16.0178,197,133,891,1024,False,,0,effectively rejected
630,0,0,0,0,False,-50.9434,-50.9434,1024,655,369,1024,True,reject,0,effectively rejected
631,0,0,0,0,False,-27.9009,-27.9009,1024,784,240,1024,True,reject,0,effectively rejected
631,1,1,1,0,True,-32.5815,-32.5815,784,308,716,1024,False,,0,effectively rejected
632,0,0,0,0,False,-74.5402,-74.5402,1024,170,854,1024,True,reject,0,effectively rejected
633,0,0,0,0,False,-73.1504,-73.1504,1024,103,921,1024,True,reject,0,effectively rejected
634,0,0,0,0,False,-73.1501,-73.1501,1024,237,787,1024,True,reject,0,effectively rejected
635,0,0,0,0,False,-0.9889,-0.9889,1024,904,120,1024,True,reject,0,genuinely stochastic
635,1,1,1,0,True,11.9936,0.0,904,250,774,1024,False,,0,effectively accepted
636,0,0,0,0,False,-3.1728,-3.1728,1024,788,236,1024,True,reject,0,genuinely stochastic
636,1,1,1,0,True,-1.0123,-1.0123,788,457,567,1024,False,,0,genuinely stochastic
636,3,2,2,0,True,8.2409,0.0,457,55,969,1024,False,,0,effectively accepted
637,0,0,0,0,False,-47.7489,-47.7489,1024,694,330,1024,True,reject,0,effectively rejected
637,1,1,1,0,True,-73.8682,-73.8682,694,110,914,1024,False,,0,effectively rejected
638,0,0,0,0,False,-19.5246,-19.5246,1024,133,891,1024,True,reject,0,effectively rejected
639,0,0,0,0,False,-60.976,-60.976,1024,395,629,1024,True,reject,0,effectively rejected
640,0,0,0,0,False,-30.5747,-30.5747,1024,930,94,1024,True,reject,0,effectively rejected
640,1,1,1,0,True,-21.4968,-21.4968,930,463,561,1024,False,,0,effectively rejected
640,3,2,2,0,True,-32.5815,-32.5815,463,308,716,1024,False,,0,effectively rejected
641,0,0,0,0,False,-73.1504,-73.1504,1024,105,919,1024,True,reject,0,effectively rejected
642,0,0,0,0,False,-31.0872,-31.0872,1024,225,799,1024,True,reject,0,effectively rejected
643,0,0,0,0,False,0.0,0.0,1024,1014,10,1024,True,accept,0,effectively accepted
643,1,1,1,0,True,-47.0867,-47.0867,1014,705,319,1024,True,reject,0,effectively rejected
643,3,2,2,0,True,-75.0698,-75.0698,705,317,707,1024,False,,0,effectively rejected
644,0,0,0,0,False,-20.5191,-20.5191,1024,427,597,1024,True,reject,0,effectively rejected
645,0,0,0,0,False,-16.5107,-16.5107,1024,580,444,1024,True,reject,0,effectively rejected
646,0,0,0,0,False,-73.1622,-73.1622,1024,283,741,1024,True,reject,0,effectively rejected
647,0,0,0,0,False,-35.2584,-35.2584,1024,117,907,1024,True,reject,0,effectively rejected
648,0,0,0,0,False,-19.0353,-19.0353,1024,417,607,1024,True,reject,0,effectively rejected
648,1,1,1,0,True,-145.0019,-145.0019,417,346,678,1024,False,,0,effectively rejected
649,0,0,0,0,False,-49.8289,-49.8289,1024,882,142,1024,True,reject,0,effectively rejected
649,1,1,1,0,True,-27.7627,-27.7627,882,643,381,1024,False,,0,effectively rejected
650,0,0,0,0,False,-16.9505,-16.9505,1024,656,368,1024,True,reject,0,effectively rejected
650,1,1,1,0,True,-27.4519,-27.4519,656,382,642,1024,False,,0,effectively rejected
651,0,0,0,0,False,-24.6161,-24.6161,1024,578,446,1024,True,reject,0,effectively rejected
652,0,0,0,0,False,-18.5211,-18.5211,1024,727,297,1024,True,reject,0,effectively rejected
652,1,1,1,0,True,-17.503,-17.503,727,507,517,1024,False,,0,effectively rejected
653,0,0,0,0,False,-19.2369,-19.2369,1024,530,494,1024,True,reject,0,effectively rejected
654,0,0,0,0,False,-25.3691,-25.3691,1024,539,485,1024,True,reject,0,effectively rejected
655,0,0,0,0,False,-43.7726,-43.7726,1024,491,533,1024,True,reject,0,effectively rejected
655,1,1,1,0,True,-9.0979,-9.0979,491,86,938,1024,False,,0,effectively rejected
655,3,2,2,0,True,-214.5606,-214.5606,86,70,954,1024,False,,0,effectively rejected
656,0,0,0,0,False,-19.2737,-19.2737,1024,736,288,1024,True,reject,0,effectively rejected
657,0,0,0,0,False,-77.3292,-77.3292,1024,37,987,1024,True,reject,0,effectively rejected
657,2,1,0,1,False,0.0,0.0,1024,989,35,1024,True,accept,0,effectively accepted
658,0,0,0,0,False,-122.6809,-122.6809,1024,342,682,1024,True,reject,0,effectively rejected
659,0,0,0,0,False,-21.6273,-21.6273,1024,779,245,1024,True,reject,0,effectively rejected
659,1,1,1,0,True,-37.9542,-37.9542,779,134,890,1024,False,,0,effectively rejected
660,0,0,0,0,False,-30.5747,-30.5747,1024,930,94,1024,True,reject,0,effectively rejected
660,1,1,1,0,True,-10.862,-10.862,930,186,838,1024,False,,0,effectively rejected
661,0,0,0,0,False,-2.7993,-2.7993,1024,795,229,1024,True,reject,0,genuinely stochastic
661,1,1,1,0,True,-58.8735,-58.8735,795,628,396,1024,False,,0,effectively rejected
661,3,2,2,0,True,-15.306,-15.306,628,498,526,1024,False,,0,effectively rejected
662,0,0,0,0,False,-19.8816,-19.8816,1024,768,256,1024,True,reject,0,effectively rejected
662,1,1,1,0,True,-16.0858,-16.0858,768,299,725,1024,False,,0,effectively rejected
663,0,0,0,0,False,-74.5401,-74.5401,1024,152,872,1024,True,reject,0,effectively rejected
664,0,0,0,0,False,-36.7117,-36.7117,1024,63,961,1024,True,reject,0,effectively rejected
664,2,1,0,1,False,-88.9975,-88.9975,1024,344,680,1024,True,reject,0,effectively rejected
665,0,0,0,0,False,-49.6206,-49.6206,1024,713,311,1024,True,reject,0,effectively rejected
665,1,1,1,0,True,-49.7395,-49.7395,713,434,590,1024,False,,0,effectively rejected
666,0,0,0,0,False,-60.976,-60.976,1024,396,628,1024,True,reject,0,effectively rejected
667,0,0,0,0,False,-64.4143,-64.4143,1024,407,617,1024,True,reject,0,effectively rejected
667,1,1,1,0,True,-33.8186,-33.8186,407,46,978,1024,False,,0,effectively rejected
667,4,2,1,1,False,-34.3478,-34.3478,407,84,940,1024,False,,0,effectively rejected
668,0,0,0,0,False,-2.2456,-2.2456,1024,942,82,1024,True,reject,0,genuinely stochastic
668,1,1,1,0,True,-15.7933,-15.7933,942,519,505,1024,False,,0,effectively rejected
669,0,0,0,0,False,-27.1921,-27.1921,1024,349,675,1024,True,reject,0,effectively rejected
670,0,0,0,0,False,-28.1139,-28.1139,1024,802,222,1024,True,reject,0,effectively rejected
671,0,0,0,0,False,-135.6351,-135.6351,1024,338,686,1024,True,reject,0,effectively rejected
672,0,0,0,0,False,-75.6623,-75.6623,1024,245,779,1024,True,reject,0,effectively rejected
672,1,1,1,0,True,-30.767,-30.767,245,95,929,1024,False,,0,effectively rejected
673,0,0,0,0,False,-49.6074,-49.6074,1024,710,314,1024,True,reject,0,effectively rejected
673,1,1,1,0,True,-29.3607,-29.3607,710,510,514,1024,False,,0,effectively rejected
673,3,2,2,0,True,-16.9637,-16.9637,510,281,743,1024,False,,0,effectively rejected
673,7,3,3,0,True,-36.5923,-36.5923,281,119,905,1024,False,,0,effectively rejected
674,0,0,0,0,False,-76.9874,-76.9874,1024,227,797,1024,True,reject,0,effectively rejected
675,0,0,0,0,False,-16.8777,-16.8777,1024,680,344,1024,True,reject,0,effectively rejected
675,1,1,1,0,True,-16.0541,-16.0541,680,675,349,1024,False,,0,effectively rejected
676,0,0,0,0,False,-50.4658,-50.4658,1024,643,381,1024,True,reject,0,effectively rejected
677,0,0,0,0,False,-74.2962,-74.2962,1024,44,980,1024,True,reject,0,effectively rejected
677,2,1,0,1,False,-90.1575,-90.1575,1024,73,951,1024,True,reject,0,effectively rejected
678,0,0,0,0,False,-14.5979,-14.5979,1024,916,108,1024,True,reject,0,effectively rejected
678,1,1,1,0,True,-15.8009,-15.8009,916,514,510,1024,False,,0,effectively rejected
678,3,2,2,0,True,-59.4697,-59.4697,514,371,653,1024,False,,0,effectively rejected
679,0,0,0,0,False,-74.2962,-74.2962,1024,75,949,1024,True,reject,0,effectively rejected
679,2,1,0,1,False,-18.0963,-18.0963,1024,260,764,1024,True,reject,0,effectively rejected
680,0,0,0,0,False,-15.3474,-15.3474,1024,99,925,1024,True,reject,0,effectively rejected
680,2,1,0,1,False,0.0,0.0,1024,1023,1,1024,True,accept,0,effectively accepted
680,5,2,1,1,True,-16.7465,-16.7465,1023,550,474,1024,True,reject,0,effectively rejected
681,0,0,0,0,False,-3.4313,-3.4313,1024,897,127,1024,True,reject,0,genuinely stochastic
681,1,1,1,0,True,0.4787,0.0,897,421,603,1024,False,,0,effectively accepted
681,3,2,2,0,True,-45.4184,-45.4184,421,275,749,1024,False,,0,effectively rejected
681,7,3,3,0,True,-18.0963,-18.0963,275,260,764,1024,False,,0,effectively rejected
682,0,0,0,0,False,-75.0623,-75.0623,1024,332,692,1024,True,reject,0,effectively rejected
682,2,1,0,1,False,-15.5556,-15.5556,1024,523,501,1024,True,reject,0,effectively rejected
683,0,0,0,0,False,-16.537,-16.537,1024,509,515,1024,True,reject,0,effectively rejected
683,1,1,1,0,True,-25.7714,-25.7714,509,311,713,1024,False,,0,effectively rejected
683,2,1,0,1,False,-16.0178,-16.0178,1024,133,891,1024,True,reject,0,effectively rejected
684,0,0,0,0,False,-16.537,-16.537,1024,509,515,1024,True,reject,0,effectively rejected
684,1,1,1,0,True,-210.0476,-210.0476,509,339,685,1024,False,,0,effectively rejected
684,2,1,0,1,False,-12.7847,-12.7847,1024,882,142,1024,True,reject,0,effectively rejected
685,0,0,0,0,False,0.0,0.0,1024,709,315,1024,True,accept,0,effectively accepted
685,1,1,1,0,True,34.3091,0.0,709,97,927,1024,True,accept,0,effectively accepted
686,0,0,0,0,False,2.4632,0.0,1024,984,40,1024,True,accept,0,effectively accepted
686,1,1,1,0,True,10.9433,0.0,984,152,872,1024,True,accept,0,effectively accepted
687,0,0,0,0,False,1.6796,0.0,1024,317,707,1024,True,accept,0,effectively accepted
688,0,0,0,0,False,-30.9694,-30.9694,1024,693,331,1024,True,reject,0,effectively rejected
689,0,0,0,0,False,-3.6385,-3.6385,1024,247,777,1024,True,reject,0,genuinely stochastic
690,0,0,0,0,False,-46.9396,-46.9396,1024,105,919,1024,True,reject,0,effectively rejected
690,1,1,1,0,True,-3.0556,-3.0556,105,69,955,1024,False,,0,genuinely stochastic
691,0,0,0,0,False,-31.3585,-31.3585,1024,728,296,1024,True,reject,0,effectively rejected
691,1,1,1,0,True,-24.2981,-24.2981,728,268,756,1024,False,,0,effectively rejected
692,0,0,0,0,False,-46.2214,-46.2214,1024,154,870,1024,True,reject,0,effectively rejected
693,0,0,0,0,False,-34.4116,-34.4116,1024,398,626,1024,True,reject,0,effectively rejected
693,1,1,1,0,True,-25.3552,-25.3552,398,314,710,1024,False,,0,effectively rejected
694,0,0,0,0,False,-0.8669,-0.8669,1024,921,103,1024,True,accept,0,genuinely stochastic
694,1,1,1,0,True,1.031,0.0,921,783,241,1024,True,accept,0,effectively accepted
695,0,0,0,0,False,-46.3178,-46.3178,1024,196,828,1024,True,reject,0,effectively rejected
696,0,0,0,0,False,-43.2443,-43.2443,1024,300,724,1024,True,reject,0,effectively rejected
696,1,1,1,0,True,-46.88,-46.88,300,133,891,1024,False,,0,effectively rejected
697,0,0,0,0,False,-37.5597,-37.5597,1024,287,737,1024,True,reject,0,effectively rejected
698,0,0,0,0,False,-0.1526,-0.1526,1024,935,89,1024,True,accept,0,genuinely stochastic
698,1,1,1,0,True,-5.4554,-5.4554,935,609,415,1024,True,reject,0,effectively rejected
698,3,2,2,0,True,-49.5066,-49.5066,609,284,740,1024,False,,0,effectively rejected
699,0,0,0,0,False,0.0,0.0,1024,958,66,1024,True,accept,0,effectively accepted
699,1,1,1,0,True,-29.0309,-29.0309,958,556,468,1024,True,reject,0,effectively rejected
699,3,2,2,0,True,-1.3306,-1.3306,556,162,862,1024,False,,0,genuinely stochastic
700,0,0,0,0,False,-30.8245,-30.8245,1024,433,591,1024,True,reject,0,effectively rejected
700,1,1,1,0,True,-40.1183,-40.1183,433,87,937,1024,False,,0,effectively rejected
701,0,0,0,0,False,-45.4156,-45.4156,1024,323,701,1024,True,reject,0,effectively rejected
702,0,0,0,0,False,-0.0513,-0.0513,1024,626,398,1024,True,accept,0,genuinely stochastic
703,0,0,0,0,False,-18.9876,-18.9876,1024,428,596,1024,True,reject,0,effectively rejected
704,0,0,0,0,False,-45.3643,-45.3643,1024,419,605,1024,True,reject,0,effectively rejected
705,0,0,0,0,False,-1.3918,-1.3918,1024,833,191,1024,True,reject,0,genuinely stochastic
705,1,1,1,0,True,-28.5244,-28.5244,833,734,290,1024,False,,0,effectively rejected
706,0,0,0,0,False,-43.9407,-43.9407,1024,751,273,1024,True,reject,0,effectively rejected
706,1,1,1,0,True,-29.8813,-29.8813,751,135,889,1024,False,,0,effectively rejected
707,0,0,0,0,False,-43.3447,-43.3447,1024,282,742,1024,True,reject,0,effectively rejected
708,0,0,0,0,False,-31.0838,-31.0838,1024,155,869,1024,True,reject,0,effectively rejected
709,0,0,0,0,False,-24.8888,-24.8888,1024,463,561,1024,True,reject,0,effectively rejected
710,0,0,0,0,False,-53.0662,-53.0662,1024,524,500,1024,True,reject,0,effectively rejected
710,1,1,1,0,True,-5.5211,-5.5211,524,80,944,1024,False,,0,effectively rejected
711,0,0,0,0,False,-2.6482,-2.6482,1024,767,257,1024,True,reject,0,genuinely stochastic
711,1,1,1,0,True,-6.9733,-6.9733,767,138,886,1024,False,,0,effectively rejected
711,3,2,2,0,True,-55.3067,-55.3067,138,95,929,1024,False,,0,effectively rejected
712,0,0,0,0,False,-20.6813,-20.6813,1024,349,675,1024,True,reject,0,effectively rejected
713,0,0,0,0,False,0.1526,0.0,1024,944,80,1024,True,accept,0,effectively accepted
713,1,1,1,0,True,-26.3913,-26.3913,944,681,343,1024,True,reject,0,effectively rejected
713,3,2,2,0,True,-43.6435,-43.6435,681,643,381,1024,False,,0,effectively rejected
714,0,0,0,0,False,-0.4724,-0.4724,1024,320,704,1024,True,reject,0,genuinely stochastic
715,0,0,0,0,False,-30.2513,-30.2513,1024,482,542,1024,True,reject,0,effectively rejected
716,0,0,0,0,False,0.1515,0.0,1024,988,36,1024,True,accept,0,effectively accepted
716,1,1,1,0,True,-26.9917,-26.9917,988,193,831,1024,True,reject,0,effectively rejected
716,3,2,2,0,True,-10.948,-10.948,193,155,869,1024,False,,0,effectively rejected
717,0,0,0,0,False,11.9745,0.0,1024,251,773,1024,True,accept,0,effectively accepted
718,0,0,0,0,False,0.0022,0.0,1024,827,197,1024,True,accept,0,effectively accepted
718,1,1,1,0,True,-63.9925,-63.9925,827,435,589,1024,True,reject,0,effectively rejected
719,0,0,0,0,False,-0.1168,-0.1168,1024,898,126,1024,True,accept,0,genuinely stochastic
719,1,1,1,0,True,-43.9997,-43.9997,898,532,492,1024,True,reject,0,effectively rejected
720,0,0,0,0,False,-39.5701,-39.5701,1024,113,911,1024,True,reject,0,effectively rejected
721,0,0,0,0,False,-57.5239,-57.5239,1024,423,601,1024,True,reject,0,effectively rejected
722,0,0,0,0,False,-43.904,-43.904,1024,692,332,1024,True,reject,0,effectively rejected
722,1,1,1,0,True,-29.668,-29.668,692,154,870,1024,False,,0,effectively rejected
723,0,0,0,0,False,-0.1107,-0.1107,1024,758,266,1024,True,accept,0,genuinely stochastic
723,1,1,1,0,True,-40.6223,-40.6223,758,665,359,1024,True,reject,0,effectively rejected
723,3,2,2,0,True,-35.0114,-35.0114,665,581,443,1024,False,,0,effectively rejected
724,0,0,0,0,False,-47.471,-47.471,1024,16,1008,1024,True,reject,0,effectively rejected
724,2,1,0,1,False,-40.1077,-40.1077,1024,353,671,1024,True,reject,0,effectively rejected
725,0,0,0,0,False,-59.8123,-59.8123,1024,84,940,1024,True,reject,0,effectively rejected
726,0,0,0,0,False,-58.1671,-58.1671,1024,201,823,1024,True,reject,0,effectively rejected
727,0,0,0,0,False,-35.9586,-35.9586,1024,162,862,1024,True,reject,0,effectively rejected
728,0,0,0,0,False,-57.3589,-57.3589,1024,281,743,1024,True,reject,0,effectively rejected
729,0,0,0,0,False,-28.9603,-28.9603,1024,286,738,1024,True,reject,0,effectively rejected
730,0,0,0,0,False,-27.4251,-27.4251,1024,190,834,1024,True,reject,0,effectively rejected
731,0,0,0,0,False,-39.5062,-39.5062,1024,269,755,1024,True,reject,0,effectively rejected
732,0,0,0,0,False,0.0957,0.0,1024,968,56,1024,True,accept,0,effectively accepted
732,1,1,1,0,True,-0.1169,-0.1169,968,803,221,1024,True,accept,0,genuinely stochastic
733,0,0,0,0,False,-66.7641,-66.7641,1024,603,421,1024,True,reject,0,effectively rejected
733,1,1,1,0,True,-33.2439,-33.2439,603,304,720,1024,False,,0,effectively rejected
734,0,0,0,0,False,-34.4179,-34.4179,1024,157,867,1024,True,reject,0,effectively rejected
735,0,0,0,0,False,-57.2963,-57.2963,1024,455,569,1024,True,reject,0,effectively rejected
735,1,1,1,0,True,-10.7204,-10.7204,455,277,747,1024,False,,0,effectively rejected
736,0,0,0,0,False,0.0355,0.0,1024,867,157,1024,True,accept,0,effectively accepted
736,1,1,1,0,True,-20.0469,-20.0469,867,240,784,1024,True,reject,0,effectively rejected
737,0,0,0,0,False,-59.7309,-59.7309,1024,90,934,1024,True,reject,0,effectively rejected
738,0,0,0,0,False,-57.3318,-57.3318,1024,407,617,1024,True,reject,0,effectively rejected
739,0,0,0,0,False,-10.2583,-10.2583,1024,720,304,1024,True,reject,0,effectively rejected
739,1,1,1,0,True,-13.7434,-13.7434,720,614,410,1024,False,,0,effectively rejected
739,3,2,2,0,True,-55.4244,-55.4244,614,453,571,1024,False,,0,effectively rejected
739,7,3,3,0,True,-45.5307,-45.5307,453,130,894,1024,False,,0,effectively rejected
740,0,0,0,0,False,-59.7309,-59.7309,1024,87,937,1024,True,reject,0,effectively rejected
741,0,0,0,0,False,0.2638,0.0,1024,999,25,1024,True,accept,0,effectively accepted
741,1,1,1,0,True,0.2418,0.0,999,823,201,1024,True,accept,0,effectively accepted
742,0,0,0,0,False,-31.9996,-31.9996,1024,209,815,1024,True,reject,0,effectively rejected
743,0,0,0,0,False,-58.3275,-58.3275,1024,215,809,1024,True,reject,0,effectively rejected
744,0,0,0,0,False,-30.4522,-30.4522,1024,94,930,1024,True,reject,0,effectively rejected
745,0,0,0,0,False,-37.9105,-37.9105,1024,239,785,1024,True,reject,0,effectively rejected
745,1,1,1,0,True,-44.0726,-44.0726,239,211,813,1024,False,,0,effectively rejected
746,0,0,0,0,False,-67.0414,-67.0414,1024,603,421,1024,True,reject,0,effectively rejected
747,0,0,0,0,False,-10.5001,-10.5001,1024,720,304,1024,True,reject,0,effectively rejected
747,1,1,1,0,True,-17.3893,-17.3893,720,14,1010,1024,False,,0,effectively rejected
747,4,2,1,1,False,-39.9317,-39.9317,720,441,583,1024,False,,0,effectively rejected
747,9,3,2,1,True,-44.4344,-44.4344,441,1,1023,1024,False,,0,effectively rejected
748,0,0,0,0,False,-59.9726,-59.9726,1024,3,1021,1024,True,reject,0,effectively rejected
748,2,1,0,1,False,-13.7599,-13.7599,1024,596,428,1024,True,reject,0,effectively rejected
749,0,0,0,0,False,-21.0432,-21.0432,1024,178,846,1024,True,reject,0,effectively rejected
749,1,1,1,0,True,-69.4482,-69.4482,178,16,1008,1024,False,,0,effectively rejected
750,0,0,0,0,False,2.2547,0.0,1024,699,325,1024,True,accept,0,effectively accepted
