source_log,source_line,timestamp,elapsed_seconds,prompt_throughput_tokens_s,generation_throughput_tokens_s,running_requests,waiting_requests,gpu_kv_cache_usage_percent,prefix_cache_hit_rate_percent
dataset-math500.model-qwen.alpha4.0.steps100.blocks-1.prefetch-budget-6.rank-longest_first.samples20.maxnew1024.seed10086.subtreePrefetch.vllm.log,101,2026-08-13 21:13:05,0.0,0.0,226.2,5,0,0.2,95.6
dataset-math500.model-qwen.alpha4.0.steps100.blocks-1.prefetch-budget-6.rank-longest_first.samples20.maxnew1024.seed10086.subtreePrefetch.vllm.log,111,2026-08-13 21:13:15,10.0,0.0,401.4,5,0,0.2,96.3
dataset-math500.model-qwen.alpha4.0.steps100.blocks-1.prefetch-budget-6.rank-longest_first.samples20.maxnew1024.seed10086.subtreePrefetch.vllm.log,125,2026-08-13 21:13:25,20.0,0.0,352.8,6,0,0.1,95.9
dataset-math500.model-qwen.alpha4.0.steps100.blocks-1.prefetch-budget-6.rank-longest_first.samples20.maxnew1024.seed10086.subtreePrefetch.vllm.log,126,2026-08-13 21:13:35,30.0,0.0,461.3,6,0,0.4,95.9
dataset-math500.model-qwen.alpha4.0.steps100.blocks-1.prefetch-budget-6.rank-longest_first.samples20.maxnew1024.seed10086.subtreePrefetch.vllm.log,136,2026-08-13 21:13:45,40.0,0.0,401.7,5,0,0.3,96.1
dataset-math500.model-qwen.alpha4.0.steps100.blocks-1.prefetch-budget-6.rank-longest_first.samples20.maxnew1024.seed10086.subtreePrefetch.vllm.log,146,2026-08-13 21:13:55,50.0,0.0,429.4,6,0,0.2,96.3
dataset-math500.model-qwen.alpha4.0.steps100.blocks-1.prefetch-budget-6.rank-longest_first.samples20.maxnew1024.seed10086.subtreePrefetch.vllm.log,156,2026-08-13 21:14:05,60.0,0.0,439.3,6,0,0.2,96.1
dataset-math500.model-qwen.alpha4.0.steps100.blocks-1.prefetch-budget-6.rank-longest_first.samples20.maxnew1024.seed10086.subtreePrefetch.vllm.log,164,2026-08-13 21:14:15,70.0,0.0,518.0,5,0,0.1,96.2
dataset-math500.model-qwen.alpha4.0.steps100.blocks-1.prefetch-budget-6.rank-longest_first.samples20.maxnew1024.seed10086.subtreePrefetch.vllm.log,174,2026-08-13 21:14:25,80.0,0.0,542.5,6,0,0.2,96.1
dataset-math500.model-qwen.alpha4.0.steps100.blocks-1.prefetch-budget-6.rank-longest_first.samples20.maxnew1024.seed10086.subtreePrefetch.vllm.log,184,2026-08-13 21:14:35,90.0,0.0,470.3,6,0,0.1,96.1
dataset-math500.model-qwen.alpha4.0.steps100.blocks-1.prefetch-budget-6.rank-longest_first.samples20.maxnew1024.seed10086.subtreePrefetch.vllm.log,185,2026-08-13 21:14:45,100.0,0.0,440.8,5,0,0.4,96.1
dataset-math500.model-qwen.alpha4.0.steps100.blocks-1.prefetch-budget-6.rank-longest_first.samples20.maxnew1024.seed10086.subtreePrefetch.vllm.log,193,2026-08-13 21:14:55,110.0,0.0,526.0,1,0,0.1,96.3
dataset-math500.model-qwen.alpha4.0.steps100.blocks-1.prefetch-budget-6.rank-longest_first.samples20.maxnew1024.seed10086.subtreePrefetch.vllm.log,203,2026-08-13 21:15:05,120.0,0.0,455.4,6,0,0.4,96.1
dataset-math500.model-qwen.alpha4.0.steps100.blocks-1.prefetch-budget-6.rank-longest_first.samples20.maxnew1024.seed10086.subtreePrefetch.vllm.log,211,2026-08-13 21:15:15,130.0,0.0,495.9,4,0,0.2,96.2
dataset-math500.model-qwen.alpha4.0.steps100.blocks-1.prefetch-budget-6.rank-longest_first.samples20.maxnew1024.seed10086.subtreePrefetch.vllm.log,221,2026-08-13 21:15:25,140.0,0.0,505.2,4,0,0.3,96.3
dataset-math500.model-qwen.alpha4.0.steps100.blocks-1.prefetch-budget-6.rank-longest_first.samples20.maxnew1024.seed10086.subtreePrefetch.vllm.log,231,2026-08-13 21:15:35,150.0,0.0,459.1,5,0,0.3,96.3
dataset-math500.model-qwen.alpha4.0.steps100.blocks-1.prefetch-budget-6.rank-longest_first.samples20.maxnew1024.seed10086.subtreePrefetch.vllm.log,241,2026-08-13 21:15:45,160.0,0.0,479.7,6,0,0.3,96.4
dataset-math500.model-qwen.alpha4.0.steps100.blocks-1.prefetch-budget-6.rank-longest_first.samples20.maxnew1024.seed10086.subtreePrefetch.vllm.log,251,2026-08-13 21:15:55,170.0,0.0,379.2,6,0,0.2,96.4
dataset-math500.model-qwen.alpha4.0.steps100.blocks-1.prefetch-budget-6.rank-longest_first.samples20.maxnew1024.seed10086.subtreePrefetch.vllm.log,259,2026-08-13 21:16:05,180.0,0.0,441.2,5,0,0.1,96.5
dataset-math500.model-qwen.alpha4.0.steps100.blocks-1.prefetch-budget-6.rank-longest_first.samples20.maxnew1024.seed10086.subtreePrefetch.vllm.log,271,2026-08-13 21:16:15,190.0,0.0,422.7,6,0,0.1,96.6
dataset-math500.model-qwen.alpha4.0.steps100.blocks-1.prefetch-budget-6.rank-longest_first.samples20.maxnew1024.seed10086.subtreePrefetch.vllm.log,283,2026-08-13 21:16:25,200.0,0.0,505.0,6,0,0.1,96.6
dataset-math500.model-qwen.alpha4.0.steps100.blocks-1.prefetch-budget-6.rank-longest_first.samples20.maxnew1024.seed10086.subtreePrefetch.vllm.log,291,2026-08-13 21:16:35,210.0,0.0,458.8,6,0,0.0,96.6
dataset-math500.model-qwen.alpha4.0.steps100.blocks-1.prefetch-budget-6.rank-longest_first.samples20.maxnew1024.seed10086.subtreePrefetch.vllm.log,292,2026-08-13 21:16:45,220.0,0.0,462.0,6,0,0.4,96.6
dataset-math500.model-qwen.alpha4.0.steps100.blocks-1.prefetch-budget-6.rank-longest_first.samples20.maxnew1024.seed10086.subtreePrefetch.vllm.log,300,2026-08-13 21:16:55,230.0,0.0,432.8,6,0,0.3,96.5
dataset-math500.model-qwen.alpha4.0.steps100.blocks-1.prefetch-budget-6.rank-longest_first.samples20.maxnew1024.seed10086.subtreePrefetch.vllm.log,310,2026-08-13 21:17:05,240.0,0.0,504.7,5,0,0.2,96.7
dataset-math500.model-qwen.alpha4.0.steps100.blocks-1.prefetch-budget-6.rank-longest_first.samples20.maxnew1024.seed10086.subtreePrefetch.vllm.log,320,2026-08-13 21:17:15,250.0,0.0,464.0,6,0,0.3,96.6
dataset-math500.model-qwen.alpha4.0.steps100.blocks-1.prefetch-budget-6.rank-longest_first.samples20.maxnew1024.seed10086.subtreePrefetch.vllm.log,330,2026-08-13 21:17:25,260.0,0.0,484.3,6,0,0.3,96.7
dataset-math500.model-qwen.alpha4.0.steps100.blocks-1.prefetch-budget-6.rank-longest_first.samples20.maxnew1024.seed10086.subtreePrefetch.vllm.log,338,2026-08-13 21:17:35,270.0,0.0,461.0,6,0,0.3,96.7
dataset-math500.model-qwen.alpha4.0.steps100.blocks-1.prefetch-budget-6.rank-longest_first.samples20.maxnew1024.seed10086.subtreePrefetch.vllm.log,346,2026-08-13 21:17:45,280.0,0.0,410.0,6,0,0.2,96.7
dataset-math500.model-qwen.alpha4.0.steps100.blocks-1.prefetch-budget-6.rank-longest_first.samples20.maxnew1024.seed10086.subtreePrefetch.vllm.log,354,2026-08-13 21:17:55,290.0,0.0,464.2,6,0,0.1,96.6
dataset-math500.model-qwen.alpha4.0.steps100.blocks-1.prefetch-budget-6.rank-longest_first.samples20.maxnew1024.seed10086.subtreePrefetch.vllm.log,362,2026-08-13 21:18:05,300.0,0.0,460.6,6,0,0.1,96.7
dataset-math500.model-qwen.alpha4.0.steps100.blocks-1.prefetch-budget-6.rank-longest_first.samples20.maxnew1024.seed10086.subtreePrefetch.vllm.log,376,2026-08-13 21:18:15,310.0,0.0,430.5,5,0,0.1,96.8
dataset-math500.model-qwen.alpha4.0.steps100.blocks-1.prefetch-budget-6.rank-longest_first.samples20.maxnew1024.seed10086.subtreePrefetch.vllm.log,388,2026-08-13 21:18:25,320.0,0.0,500.9,5,0,0.1,96.8
dataset-math500.model-qwen.alpha4.0.steps100.blocks-1.prefetch-budget-6.rank-longest_first.samples20.maxnew1024.seed10086.subtreePrefetch.vllm.log,398,2026-08-13 21:18:35,330.0,0.0,539.2,6,0,0.2,96.8
dataset-math500.model-qwen.alpha4.0.steps100.blocks-1.prefetch-budget-6.rank-longest_first.samples20.maxnew1024.seed10086.subtreePrefetch.vllm.log,406,2026-08-13 21:18:45,340.0,0.0,547.5,5,0,0.2,96.9
dataset-math500.model-qwen.alpha4.0.steps100.blocks-1.prefetch-budget-6.rank-longest_first.samples20.maxnew1024.seed10086.subtreePrefetch.vllm.log,420,2026-08-13 21:18:55,350.0,0.0,441.3,6,0,0.2,96.9
dataset-math500.model-qwen.alpha4.0.steps100.blocks-1.prefetch-budget-6.rank-longest_first.samples20.maxnew1024.seed10086.subtreePrefetch.vllm.log,428,2026-08-13 21:19:05,360.0,0.0,460.6,6,0,0.1,96.9
dataset-math500.model-qwen.alpha4.0.steps100.blocks-1.prefetch-budget-6.rank-longest_first.samples20.maxnew1024.seed10086.subtreePrefetch.vllm.log,436,2026-08-13 21:19:15,370.0,0.0,452.9,6,0,0.1,96.8
dataset-math500.model-qwen.alpha4.0.steps100.blocks-1.prefetch-budget-6.rank-longest_first.samples20.maxnew1024.seed10086.subtreePrefetch.vllm.log,437,2026-08-13 21:19:25,380.0,0.0,458.0,4,0,0.3,96.8
dataset-math500.model-qwen.alpha4.0.steps100.blocks-1.prefetch-budget-6.rank-longest_first.samples20.maxnew1024.seed10086.subtreePrefetch.vllm.log,445,2026-08-13 21:19:35,390.0,0.0,448.4,6,0,0.4,96.8
dataset-math500.model-qwen.alpha4.0.steps100.blocks-1.prefetch-budget-6.rank-longest_first.samples20.maxnew1024.seed10086.subtreePrefetch.vllm.log,453,2026-08-13 21:19:45,400.0,0.0,602.0,5,0,0.4,96.8
dataset-math500.model-qwen.alpha4.0.steps100.blocks-1.prefetch-budget-6.rank-longest_first.samples20.maxnew1024.seed10086.subtreePrefetch.vllm.log,463,2026-08-13 21:19:55,410.0,0.0,472.0,5,0,0.3,96.8
dataset-math500.model-qwen.alpha4.0.steps100.blocks-1.prefetch-budget-6.rank-longest_first.samples20.maxnew1024.seed10086.subtreePrefetch.vllm.log,471,2026-08-13 21:20:05,420.0,0.0,438.7,4,0,0.2,96.8
dataset-math500.model-qwen.alpha4.0.steps100.blocks-1.prefetch-budget-6.rank-longest_first.samples20.maxnew1024.seed10086.subtreePrefetch.vllm.log,485,2026-08-13 21:20:15,430.0,0.0,529.4,4,0,0.3,96.8
dataset-math500.model-qwen.alpha4.0.steps100.blocks-1.prefetch-budget-6.rank-longest_first.samples20.maxnew1024.seed10086.subtreePrefetch.vllm.log,495,2026-08-13 21:20:25,440.0,0.0,505.1,2,0,0.2,96.9
dataset-math500.model-qwen.alpha4.0.steps100.blocks-1.prefetch-budget-6.rank-longest_first.samples20.maxnew1024.seed10086.subtreePrefetch.vllm.log,510,2026-08-13 21:20:35,450.0,0.0,501.5,6,0,0.1,96.9
dataset-math500.model-qwen.alpha4.0.steps100.blocks-1.prefetch-budget-6.rank-longest_first.samples20.maxnew1024.seed10086.subtreePrefetch.vllm.log,511,2026-08-13 21:20:45,460.0,0.0,437.7,4,0,0.3,96.9
dataset-math500.model-qwen.alpha4.0.steps100.blocks-1.prefetch-budget-6.rank-longest_first.samples20.maxnew1024.seed10086.subtreePrefetch.vllm.log,521,2026-08-13 21:20:55,470.0,0.0,453.7,6,0,0.3,96.9
dataset-math500.model-qwen.alpha4.0.steps100.blocks-1.prefetch-budget-6.rank-longest_first.samples20.maxnew1024.seed10086.subtreePrefetch.vllm.log,533,2026-08-13 21:21:05,480.0,0.0,448.0,4,0,0.2,96.9
dataset-math500.model-qwen.alpha4.0.steps100.blocks-1.prefetch-budget-6.rank-longest_first.samples20.maxnew1024.seed10086.subtreePrefetch.vllm.log,545,2026-08-13 21:21:15,490.0,0.0,474.5,1,0,0.1,97.0
dataset-math500.model-qwen.alpha4.0.steps100.blocks-1.prefetch-budget-6.rank-longest_first.samples20.maxnew1024.seed10086.subtreePrefetch.vllm.log,553,2026-08-13 21:21:25,500.0,0.0,514.1,3,0,0.2,97.0
dataset-math500.model-qwen.alpha4.0.steps100.blocks-1.prefetch-budget-6.rank-longest_first.samples20.maxnew1024.seed10086.subtreePrefetch.vllm.log,565,2026-08-13 21:21:35,510.0,0.0,463.8,5,0,0.3,96.9
dataset-math500.model-qwen.alpha4.0.steps100.blocks-1.prefetch-budget-6.rank-longest_first.samples20.maxnew1024.seed10086.subtreePrefetch.vllm.log,573,2026-08-13 21:21:45,520.0,0.0,437.2,6,0,0.3,96.9
dataset-math500.model-qwen.alpha4.0.steps100.blocks-1.prefetch-budget-6.rank-longest_first.samples20.maxnew1024.seed10086.subtreePrefetch.vllm.log,581,2026-08-13 21:21:55,530.0,0.0,460.7,6,0,0.3,97.0
dataset-math500.model-qwen.alpha4.0.steps100.blocks-1.prefetch-budget-6.rank-longest_first.samples20.maxnew1024.seed10086.subtreePrefetch.vllm.log,593,2026-08-13 21:22:05,540.0,0.0,403.2,6,0,0.2,96.9
dataset-math500.model-qwen.alpha4.0.steps100.blocks-1.prefetch-budget-6.rank-longest_first.samples20.maxnew1024.seed10086.subtreePrefetch.vllm.log,603,2026-08-13 21:22:15,550.0,0.0,473.3,5,0,0.1,96.9
dataset-math500.model-qwen.alpha4.0.steps100.blocks-1.prefetch-budget-6.rank-longest_first.samples20.maxnew1024.seed10086.subtreePrefetch.vllm.log,613,2026-08-13 21:22:25,560.0,0.0,473.6,5,0,0.2,97.0
dataset-math500.model-qwen.alpha4.0.steps100.blocks-1.prefetch-budget-6.rank-longest_first.samples20.maxnew1024.seed10086.subtreePrefetch.vllm.log,623,2026-08-13 21:22:35,570.0,0.0,479.4,6,0,0.2,97.0
dataset-math500.model-qwen.alpha4.0.steps100.blocks-1.prefetch-budget-6.rank-longest_first.samples20.maxnew1024.seed10086.subtreePrefetch.vllm.log,633,2026-08-13 21:22:45,580.0,0.0,445.4,6,0,0.1,96.9
dataset-math500.model-qwen.alpha4.0.steps100.blocks-1.prefetch-budget-6.rank-longest_first.samples20.maxnew1024.seed10086.subtreePrefetch.vllm.log,634,2026-08-13 21:22:55,590.0,0.0,433.2,5,0,0.4,96.9
dataset-math500.model-qwen.alpha4.0.steps100.blocks-1.prefetch-budget-6.rank-longest_first.samples20.maxnew1024.seed10086.subtreePrefetch.vllm.log,644,2026-08-13 21:23:05,600.0,0.0,479.4,3,0,0.2,96.9
dataset-math500.model-qwen.alpha4.0.steps100.blocks-1.prefetch-budget-6.rank-longest_first.samples20.maxnew1024.seed10086.subtreePrefetch.vllm.log,654,2026-08-13 21:23:15,610.0,0.0,446.0,6,0,0.3,96.9
dataset-math500.model-qwen.alpha4.0.steps100.blocks-1.prefetch-budget-6.rank-longest_first.samples20.maxnew1024.seed10086.subtreePrefetch.vllm.log,662,2026-08-13 21:23:25,620.0,0.0,458.9,6,0,0.3,96.9
dataset-math500.model-qwen.alpha4.0.steps100.blocks-1.prefetch-budget-6.rank-longest_first.samples20.maxnew1024.seed10086.subtreePrefetch.vllm.log,670,2026-08-13 21:23:35,630.0,0.0,457.4,5,0,0.2,96.9
dataset-math500.model-qwen.alpha4.0.steps100.blocks-1.prefetch-budget-6.rank-longest_first.samples20.maxnew1024.seed10086.subtreePrefetch.vllm.log,680,2026-08-13 21:23:45,640.0,0.0,476.2,6,0,0.2,96.9
dataset-math500.model-qwen.alpha4.0.steps100.blocks-1.prefetch-budget-6.rank-longest_first.samples20.maxnew1024.seed10086.subtreePrefetch.vllm.log,688,2026-08-13 21:23:55,650.0,0.0,456.6,6,0,0.1,96.9
dataset-math500.model-qwen.alpha4.0.steps100.blocks-1.prefetch-budget-6.rank-longest_first.samples20.maxnew1024.seed10086.subtreePrefetch.vllm.log,698,2026-08-13 21:24:05,660.0,0.0,500.0,6,0,0.1,96.8
dataset-math500.model-qwen.alpha4.0.steps100.blocks-1.prefetch-budget-6.rank-longest_first.samples20.maxnew1024.seed10086.subtreePrefetch.vllm.log,699,2026-08-13 21:24:15,670.0,0.0,460.7,6,0,0.4,96.8
dataset-math500.model-qwen.alpha4.0.steps100.blocks-1.prefetch-budget-6.rank-longest_first.samples20.maxnew1024.seed10086.subtreePrefetch.vllm.log,709,2026-08-13 21:24:25,680.0,0.0,477.3,2,0,0.2,96.9
dataset-math500.model-qwen.alpha4.0.steps100.blocks-1.prefetch-budget-6.rank-longest_first.samples20.maxnew1024.seed10086.subtreePrefetch.vllm.log,719,2026-08-13 21:24:35,690.0,0.0,440.2,5,0,0.3,96.9
dataset-math500.model-qwen.alpha4.0.steps100.blocks-1.prefetch-budget-6.rank-longest_first.samples20.maxnew1024.seed10086.subtreePrefetch.vllm.log,729,2026-08-13 21:24:45,700.0,0.0,426.4,4,0,0.2,96.9
dataset-math500.model-qwen.alpha4.0.steps100.blocks-1.prefetch-budget-6.rank-longest_first.samples20.maxnew1024.seed10086.subtreePrefetch.vllm.log,739,2026-08-13 21:24:55,710.0,0.0,322.0,5,0,0.2,96.9
dataset-math500.model-qwen.alpha4.0.steps100.blocks-1.prefetch-budget-6.rank-longest_first.samples20.maxnew1024.seed10086.subtreePrefetch.vllm.log,749,2026-08-13 21:25:05,720.0,0.0,427.9,3,0,0.1,97.0
dataset-math500.model-qwen.alpha4.0.steps100.blocks-1.prefetch-budget-6.rank-longest_first.samples20.maxnew1024.seed10086.subtreePrefetch.vllm.log,761,2026-08-13 21:25:15,730.0,0.0,441.1,2,0,0.1,97.0
dataset-math500.model-qwen.alpha4.0.steps100.blocks-1.prefetch-budget-6.rank-longest_first.samples20.maxnew1024.seed10086.subtreePrefetch.vllm.log,775,2026-08-13 21:25:25,740.0,0.0,465.2,1,0,0.1,97.1
dataset-math500.model-qwen.alpha4.0.steps100.blocks-1.prefetch-budget-6.rank-longest_first.samples20.maxnew1024.seed10086.subtreePrefetch.vllm.log,785,2026-08-13 21:25:35,750.0,0.0,449.0,6,0,0.4,97.0
dataset-math500.model-qwen.alpha4.0.steps100.blocks-1.prefetch-budget-6.rank-longest_first.samples20.maxnew1024.seed10086.subtreePrefetch.vllm.log,795,2026-08-13 21:25:45,760.0,0.0,485.3,4,0,0.2,97.0
dataset-math500.model-qwen.alpha4.0.steps100.blocks-1.prefetch-budget-6.rank-longest_first.samples20.maxnew1024.seed10086.subtreePrefetch.vllm.log,803,2026-08-13 21:25:55,770.0,0.0,432.4,6,0,0.3,97.0
dataset-math500.model-qwen.alpha4.0.steps100.blocks-1.prefetch-budget-6.rank-longest_first.samples20.maxnew1024.seed10086.subtreePrefetch.vllm.log,813,2026-08-13 21:26:05,780.0,0.0,413.0,5,0,0.2,97.1
dataset-math500.model-qwen.alpha4.0.steps100.blocks-1.prefetch-budget-6.rank-longest_first.samples20.maxnew1024.seed10086.subtreePrefetch.vllm.log,825,2026-08-13 21:26:15,790.0,0.0,459.0,6,0,0.2,97.1
dataset-math500.model-qwen.alpha4.0.steps100.blocks-1.prefetch-budget-6.rank-longest_first.samples20.maxnew1024.seed10086.subtreePrefetch.vllm.log,833,2026-08-13 21:26:25,800.0,0.0,424.4,5,0,0.2,97.1
dataset-math500.model-qwen.alpha4.0.steps100.blocks-1.prefetch-budget-6.rank-longest_first.samples20.maxnew1024.seed10086.subtreePrefetch.vllm.log,843,2026-08-13 21:26:35,810.0,0.0,373.5,6,0,0.2,97.1
dataset-math500.model-qwen.alpha4.0.steps100.blocks-1.prefetch-budget-6.rank-longest_first.samples20.maxnew1024.seed10086.subtreePrefetch.vllm.log,851,2026-08-13 21:26:45,820.0,0.0,468.8,3,0,0.2,97.2
dataset-math500.model-qwen.alpha4.0.steps100.blocks-1.prefetch-budget-6.rank-longest_first.samples20.maxnew1024.seed10086.subtreePrefetch.vllm.log,863,2026-08-13 21:26:55,830.0,0.0,277.1,3,0,0.2,97.2
dataset-math500.model-qwen.alpha4.0.steps100.blocks-1.prefetch-budget-6.rank-longest_first.samples20.maxnew1024.seed10086.subtreePrefetch.vllm.log,908,2026-08-13 21:27:05,840.0,0.0,162.5,1,0,0.1,97.1
dataset-math500.model-qwen.alpha4.0.steps100.blocks-1.prefetch-budget-6.rank-longest_first.samples20.maxnew1024.seed10086.subtreePrefetch.vllm.log,911,2026-08-13 21:27:15,850.0,0.0,423.4,5,0,0.3,97.1
dataset-math500.model-qwen.alpha4.0.steps100.blocks-1.prefetch-budget-6.rank-longest_first.samples20.maxnew1024.seed10086.subtreePrefetch.vllm.log,919,2026-08-13 21:27:25,860.0,0.0,576.3,5,0,0.3,97.1
dataset-math500.model-qwen.alpha4.0.steps100.blocks-1.prefetch-budget-6.rank-longest_first.samples20.maxnew1024.seed10086.subtreePrefetch.vllm.log,929,2026-08-13 21:27:35,870.0,0.0,478.5,6,0,0.3,97.1
dataset-math500.model-qwen.alpha4.0.steps100.blocks-1.prefetch-budget-6.rank-longest_first.samples20.maxnew1024.seed10086.subtreePrefetch.vllm.log,937,2026-08-13 21:27:45,880.0,0.0,461.4,6,0,0.2,97.0
dataset-math500.model-qwen.alpha4.0.steps100.blocks-1.prefetch-budget-6.rank-longest_first.samples20.maxnew1024.seed10086.subtreePrefetch.vllm.log,947,2026-08-13 21:27:55,890.0,0.0,473.2,6,0,0.2,97.1
dataset-math500.model-qwen.alpha4.0.steps100.blocks-1.prefetch-budget-6.rank-longest_first.samples20.maxnew1024.seed10086.subtreePrefetch.vllm.log,955,2026-08-13 21:28:05,900.0,0.0,500.5,6,0,0.2,97.1
dataset-math500.model-qwen.alpha4.0.steps100.blocks-1.prefetch-budget-6.rank-longest_first.samples20.maxnew1024.seed10086.subtreePrefetch.vllm.log,967,2026-08-13 21:28:15,910.0,0.0,429.3,6,0,0.2,97.1
dataset-math500.model-qwen.alpha4.0.steps100.blocks-1.prefetch-budget-6.rank-longest_first.samples20.maxnew1024.seed10086.subtreePrefetch.vllm.log,975,2026-08-13 21:28:25,920.0,0.0,456.9,6,0,0.1,97.1
dataset-math500.model-qwen.alpha4.0.steps100.blocks-1.prefetch-budget-6.rank-longest_first.samples20.maxnew1024.seed10086.subtreePrefetch.vllm.log,976,2026-08-13 21:28:35,930.0,0.0,486.9,4,0,0.3,97.1
dataset-math500.model-qwen.alpha4.0.steps100.blocks-1.prefetch-budget-6.rank-longest_first.samples20.maxnew1024.seed10086.subtreePrefetch.vllm.log,986,2026-08-13 21:28:45,940.0,0.0,459.0,6,0,0.4,97.1
dataset-math500.model-qwen.alpha4.0.steps100.blocks-1.prefetch-budget-6.rank-longest_first.samples20.maxnew1024.seed10086.subtreePrefetch.vllm.log,994,2026-08-13 21:28:55,950.0,0.0,526.6,5,0,0.3,97.1
dataset-math500.model-qwen.alpha4.0.steps100.blocks-1.prefetch-budget-6.rank-longest_first.samples20.maxnew1024.seed10086.subtreePrefetch.vllm.log,1002,2026-08-13 21:29:05,960.0,0.0,464.4,6,0,0.3,97.1
dataset-math500.model-qwen.alpha4.0.steps100.blocks-1.prefetch-budget-6.rank-longest_first.samples20.maxnew1024.seed10086.subtreePrefetch.vllm.log,1012,2026-08-13 21:29:15,970.0,0.0,471.9,6,0,0.3,97.1
dataset-math500.model-qwen.alpha4.0.steps100.blocks-1.prefetch-budget-6.rank-longest_first.samples20.maxnew1024.seed10086.subtreePrefetch.vllm.log,1020,2026-08-13 21:29:25,980.0,0.0,457.9,6,0,0.2,97.0
dataset-math500.model-qwen.alpha4.0.steps100.blocks-1.prefetch-budget-6.rank-longest_first.samples20.maxnew1024.seed10086.subtreePrefetch.vllm.log,1030,2026-08-13 21:29:35,990.0,0.0,446.2,5,0,0.1,97.1
dataset-math500.model-qwen.alpha4.0.steps100.blocks-1.prefetch-budget-6.rank-longest_first.samples20.maxnew1024.seed10086.subtreePrefetch.vllm.log,1042,2026-08-13 21:29:45,1000.0,0.0,539.0,4,0,0.2,97.1
dataset-math500.model-qwen.alpha4.0.steps100.blocks-1.prefetch-budget-6.rank-longest_first.samples20.maxnew1024.seed10086.subtreePrefetch.vllm.log,1054,2026-08-13 21:29:55,1010.0,0.0,433.3,6,0,0.2,97.1
dataset-math500.model-qwen.alpha4.0.steps100.blocks-1.prefetch-budget-6.rank-longest_first.samples20.maxnew1024.seed10086.subtreePrefetch.vllm.log,1062,2026-08-13 21:30:05,1020.0,0.0,481.9,6,0,0.2,97.1
dataset-math500.model-qwen.alpha4.0.steps100.blocks-1.prefetch-budget-6.rank-longest_first.samples20.maxnew1024.seed10086.subtreePrefetch.vllm.log,1072,2026-08-13 21:30:15,1030.0,0.0,507.9,6,0,0.2,97.1
dataset-math500.model-qwen.alpha4.0.steps100.blocks-1.prefetch-budget-6.rank-longest_first.samples20.maxnew1024.seed10086.subtreePrefetch.vllm.log,1082,2026-08-13 21:30:25,1040.0,0.0,546.6,6,0,0.2,97.1
dataset-math500.model-qwen.alpha4.0.steps100.blocks-1.prefetch-budget-6.rank-longest_first.samples20.maxnew1024.seed10086.subtreePrefetch.vllm.log,1090,2026-08-13 21:30:35,1050.0,0.0,469.3,6,0,0.1,97.1
dataset-math500.model-qwen.alpha4.0.steps100.blocks-1.prefetch-budget-6.rank-longest_first.samples20.maxnew1024.seed10086.subtreePrefetch.vllm.log,1100,2026-08-13 21:30:45,1060.0,0.0,487.2,6,0,0.1,97.1
dataset-math500.model-qwen.alpha4.0.steps100.blocks-1.prefetch-budget-6.rank-longest_first.samples20.maxnew1024.seed10086.subtreePrefetch.vllm.log,1101,2026-08-13 21:30:55,1070.0,0.0,504.0,0,0,0.0,97.1
dataset-math500.model-qwen.alpha4.0.steps100.blocks-1.prefetch-budget-6.rank-longest_first.samples20.maxnew1024.seed10086.subtreePrefetch.vllm.log,1118,2026-08-13 21:31:05,1080.0,0.0,456.9,6,0,0.1,97.1
dataset-math500.model-qwen.alpha4.0.steps100.blocks-1.prefetch-budget-6.rank-longest_first.samples20.maxnew1024.seed10086.subtreePrefetch.vllm.log,1130,2026-08-13 21:31:15,1090.0,0.0,528.4,6,0,0.1,97.1
dataset-math500.model-qwen.alpha4.0.steps100.blocks-1.prefetch-budget-6.rank-longest_first.samples20.maxnew1024.seed10086.subtreePrefetch.vllm.log,1138,2026-08-13 21:31:25,1100.0,0.0,486.4,6,0,0.1,97.1
dataset-math500.model-qwen.alpha4.0.steps100.blocks-1.prefetch-budget-6.rank-longest_first.samples20.maxnew1024.seed10086.subtreePrefetch.vllm.log,1148,2026-08-13 21:31:35,1110.0,0.0,552.6,6,0,0.1,97.1
dataset-math500.model-qwen.alpha4.0.steps100.blocks-1.prefetch-budget-6.rank-longest_first.samples20.maxnew1024.seed10086.subtreePrefetch.vllm.log,1149,2026-08-13 21:31:45,1120.0,0.0,463.7,2,0,0.2,97.1
dataset-math500.model-qwen.alpha4.0.steps100.blocks-1.prefetch-budget-6.rank-longest_first.samples20.maxnew1024.seed10086.subtreePrefetch.vllm.log,1170,2026-08-13 21:31:55,1130.0,0.0,467.0,6,0,0.1,97.1
dataset-math500.model-qwen.alpha4.0.steps100.blocks-1.prefetch-budget-6.rank-longest_first.samples20.maxnew1024.seed10086.subtreePrefetch.vllm.log,1171,2026-08-13 21:32:05,1140.0,0.0,467.2,3,0,0.2,97.1
dataset-math500.model-qwen.alpha4.0.steps100.blocks-1.prefetch-budget-6.rank-longest_first.samples20.maxnew1024.seed10086.subtreePrefetch.vllm.log,1179,2026-08-13 21:32:15,1150.0,0.0,493.5,4,0,0.3,97.1
dataset-math500.model-qwen.alpha4.0.steps100.blocks-1.prefetch-budget-6.rank-longest_first.samples20.maxnew1024.seed10086.subtreePrefetch.vllm.log,1191,2026-08-13 21:32:25,1160.0,0.0,454.6,6,0,0.4,97.1
dataset-math500.model-qwen.alpha4.0.steps100.blocks-1.prefetch-budget-6.rank-longest_first.samples20.maxnew1024.seed10086.subtreePrefetch.vllm.log,1199,2026-08-13 21:32:35,1170.0,0.0,463.1,6,0,0.2,97.1
dataset-math500.model-qwen.alpha4.0.steps100.blocks-1.prefetch-budget-6.rank-longest_first.samples20.maxnew1024.seed10086.subtreePrefetch.vllm.log,1207,2026-08-13 21:32:45,1180.0,0.0,457.8,6,0,0.2,97.1
dataset-math500.model-qwen.alpha4.0.steps100.blocks-1.prefetch-budget-6.rank-longest_first.samples20.maxnew1024.seed10086.subtreePrefetch.vllm.log,1217,2026-08-13 21:32:55,1190.0,0.0,353.2,6,0,0.0,97.1
dataset-math500.model-qwen.alpha4.0.steps100.blocks-1.prefetch-budget-6.rank-longest_first.samples20.maxnew1024.seed10086.subtreePrefetch.vllm.log,1218,2026-08-13 21:33:05,1200.0,0.0,462.0,6,0,0.4,97.1
dataset-math500.model-qwen.alpha4.0.steps100.blocks-1.prefetch-budget-6.rank-longest_first.samples20.maxnew1024.seed10086.subtreePrefetch.vllm.log,1226,2026-08-13 21:33:15,1210.0,0.0,490.8,3,0,0.2,97.1
dataset-math500.model-qwen.alpha4.0.steps100.blocks-1.prefetch-budget-6.rank-longest_first.samples20.maxnew1024.seed10086.subtreePrefetch.vllm.log,1238,2026-08-13 21:33:25,1220.0,0.0,342.2,4,0,0.3,97.1
dataset-math500.model-qwen.alpha4.0.steps100.blocks-1.prefetch-budget-6.rank-longest_first.samples20.maxnew1024.seed10086.subtreePrefetch.vllm.log,1250,2026-08-13 21:33:35,1230.0,0.0,498.8,4,0,0.3,97.2
dataset-math500.model-qwen.alpha4.0.steps100.blocks-1.prefetch-budget-6.rank-longest_first.samples20.maxnew1024.seed10086.subtreePrefetch.vllm.log,1262,2026-08-13 21:33:45,1240.0,0.0,408.2,5,0,0.3,97.2
dataset-math500.model-qwen.alpha4.0.steps100.blocks-1.prefetch-budget-6.rank-longest_first.samples20.maxnew1024.seed10086.subtreePrefetch.vllm.log,1272,2026-08-13 21:33:55,1250.0,0.0,449.8,6,0,0.3,97.2
dataset-math500.model-qwen.alpha4.0.steps100.blocks-1.prefetch-budget-6.rank-longest_first.samples20.maxnew1024.seed10086.subtreePrefetch.vllm.log,1282,2026-08-13 21:34:05,1260.0,0.0,471.8,6,0,0.2,97.2
dataset-math500.model-qwen.alpha4.0.steps100.blocks-1.prefetch-budget-6.rank-longest_first.samples20.maxnew1024.seed10086.subtreePrefetch.vllm.log,1290,2026-08-13 21:34:15,1270.0,0.0,442.8,6,0,0.1,97.2
dataset-math500.model-qwen.alpha4.0.steps100.blocks-1.prefetch-budget-6.rank-longest_first.samples20.maxnew1024.seed10086.subtreePrefetch.vllm.log,1291,2026-08-13 21:34:25,1280.0,0.0,432.0,1,0,0.1,97.2
dataset-math500.model-qwen.alpha4.0.steps100.blocks-1.prefetch-budget-6.rank-longest_first.samples20.maxnew1024.seed10086.subtreePrefetch.vllm.log,1299,2026-08-13 21:34:35,1290.0,0.0,459.7,6,0,0.4,97.2
dataset-math500.model-qwen.alpha4.0.steps100.blocks-1.prefetch-budget-6.rank-longest_first.samples20.maxnew1024.seed10086.subtreePrefetch.vllm.log,1307,2026-08-13 21:34:45,1300.0,0.0,516.7,2,0,0.2,97.2
dataset-math500.model-qwen.alpha4.0.steps100.blocks-1.prefetch-budget-6.rank-longest_first.samples20.maxnew1024.seed10086.subtreePrefetch.vllm.log,1321,2026-08-13 21:34:55,1310.0,0.0,424.5,6,0,0.3,97.2
dataset-math500.model-qwen.alpha4.0.steps100.blocks-1.prefetch-budget-6.rank-longest_first.samples20.maxnew1024.seed10086.subtreePrefetch.vllm.log,1331,2026-08-13 21:35:05,1320.0,0.0,454.0,6,0,0.3,97.2
dataset-math500.model-qwen.alpha4.0.steps100.blocks-1.prefetch-budget-6.rank-longest_first.samples20.maxnew1024.seed10086.subtreePrefetch.vllm.log,1339,2026-08-13 21:35:15,1330.0,0.0,477.2,5,0,0.2,97.2
dataset-math500.model-qwen.alpha4.0.steps100.blocks-1.prefetch-budget-6.rank-longest_first.samples20.maxnew1024.seed10086.subtreePrefetch.vllm.log,1351,2026-08-13 21:35:25,1340.0,0.0,516.8,5,0,0.2,97.2
dataset-math500.model-qwen.alpha4.0.steps100.blocks-1.prefetch-budget-6.rank-longest_first.samples20.maxnew1024.seed10086.subtreePrefetch.vllm.log,1359,2026-08-13 21:35:35,1350.0,0.0,427.5,6,0,0.2,97.2
dataset-math500.model-qwen.alpha4.0.steps100.blocks-1.prefetch-budget-6.rank-longest_first.samples20.maxnew1024.seed10086.subtreePrefetch.vllm.log,1369,2026-08-13 21:35:45,1360.0,0.0,457.0,6,0,0.3,97.2
dataset-math500.model-qwen.alpha4.0.steps100.blocks-1.prefetch-budget-6.rank-longest_first.samples20.maxnew1024.seed10086.subtreePrefetch.vllm.log,1379,2026-08-13 21:35:55,1370.0,0.0,433.4,6,0,0.2,97.2
dataset-math500.model-qwen.alpha4.0.steps100.blocks-1.prefetch-budget-6.rank-longest_first.samples20.maxnew1024.seed10086.subtreePrefetch.vllm.log,1387,2026-08-13 21:36:05,1380.0,0.0,471.0,6,0,0.1,97.2
dataset-math500.model-qwen.alpha4.0.steps100.blocks-1.prefetch-budget-6.rank-longest_first.samples20.maxnew1024.seed10086.subtreePrefetch.vllm.log,1395,2026-08-13 21:36:15,1390.0,0.0,487.5,6,0,0.1,97.2
dataset-math500.model-qwen.alpha4.0.steps100.blocks-1.prefetch-budget-6.rank-longest_first.samples20.maxnew1024.seed10086.subtreePrefetch.vllm.log,1396,2026-08-13 21:36:25,1400.0,0.0,431.7,3,0,0.2,97.2
dataset-math500.model-qwen.alpha4.0.steps100.blocks-1.prefetch-budget-6.rank-longest_first.samples20.maxnew1024.seed10086.subtreePrefetch.vllm.log,1406,2026-08-13 21:36:35,1410.0,0.0,448.6,4,0,0.3,97.2
dataset-math500.model-qwen.alpha4.0.steps100.blocks-1.prefetch-budget-6.rank-longest_first.samples20.maxnew1024.seed10086.subtreePrefetch.vllm.log,1414,2026-08-13 21:36:45,1420.0,0.0,452.1,4,0,0.3,97.2
dataset-math500.model-qwen.alpha4.0.steps100.blocks-1.prefetch-budget-6.rank-longest_first.samples20.maxnew1024.seed10086.subtreePrefetch.vllm.log,1424,2026-08-13 21:36:55,1430.0,0.0,460.6,5,0,0.3,97.2
dataset-math500.model-qwen.alpha4.0.steps100.blocks-1.prefetch-budget-6.rank-longest_first.samples20.maxnew1024.seed10086.subtreePrefetch.vllm.log,1434,2026-08-13 21:37:05,1440.0,0.0,444.5,6,0,0.3,97.2
dataset-math500.model-qwen.alpha4.0.steps100.blocks-1.prefetch-budget-6.rank-longest_first.samples20.maxnew1024.seed10086.subtreePrefetch.vllm.log,1442,2026-08-13 21:37:15,1450.0,0.0,445.2,6,0,0.2,97.2
dataset-math500.model-qwen.alpha4.0.steps100.blocks-1.prefetch-budget-6.rank-longest_first.samples20.maxnew1024.seed10086.subtreePrefetch.vllm.log,1450,2026-08-13 21:37:25,1460.0,0.0,457.8,6,0,0.2,97.2
dataset-math500.model-qwen.alpha4.0.steps100.blocks-1.prefetch-budget-6.rank-longest_first.samples20.maxnew1024.seed10086.subtreePrefetch.vllm.log,1458,2026-08-13 21:37:35,1470.0,0.0,524.7,6,0,0.2,97.2
dataset-math500.model-qwen.alpha4.0.steps100.blocks-1.prefetch-budget-6.rank-longest_first.samples20.maxnew1024.seed10086.subtreePrefetch.vllm.log,1466,2026-08-13 21:37:45,1480.0,0.0,475.6,6,0,0.1,97.2
dataset-math500.model-qwen.alpha4.0.steps100.blocks-1.prefetch-budget-6.rank-longest_first.samples20.maxnew1024.seed10086.subtreePrefetch.vllm.log,1476,2026-08-13 21:37:55,1490.0,0.0,446.0,6,0,0.0,97.2
dataset-math500.model-qwen.alpha4.0.steps100.blocks-1.prefetch-budget-6.rank-longest_first.samples20.maxnew1024.seed10086.subtreePrefetch.vllm.log,1477,2026-08-13 21:38:05,1500.0,0.0,460.7,6,0,0.4,97.2
dataset-math500.model-qwen.alpha4.0.steps100.blocks-1.prefetch-budget-6.rank-longest_first.samples20.maxnew1024.seed10086.subtreePrefetch.vllm.log,1485,2026-08-13 21:38:15,1510.0,0.0,455.6,6,0,0.3,97.2
dataset-math500.model-qwen.alpha4.0.steps100.blocks-1.prefetch-budget-6.rank-longest_first.samples20.maxnew1024.seed10086.subtreePrefetch.vllm.log,1495,2026-08-13 21:38:25,1520.0,0.0,454.9,6,0,0.3,97.2
dataset-math500.model-qwen.alpha4.0.steps100.blocks-1.prefetch-budget-6.rank-longest_first.samples20.maxnew1024.seed10086.subtreePrefetch.vllm.log,1505,2026-08-13 21:38:35,1530.0,0.0,434.5,6,0,0.2,97.2
dataset-math500.model-qwen.alpha4.0.steps100.blocks-1.prefetch-budget-6.rank-longest_first.samples20.maxnew1024.seed10086.subtreePrefetch.vllm.log,1513,2026-08-13 21:38:45,1540.0,0.0,443.2,6,0,0.2,97.2
dataset-math500.model-qwen.alpha4.0.steps100.blocks-1.prefetch-budget-6.rank-longest_first.samples20.maxnew1024.seed10086.subtreePrefetch.vllm.log,1521,2026-08-13 21:38:55,1550.0,0.0,510.0,5,0,0.1,97.2
dataset-math500.model-qwen.alpha4.0.steps100.blocks-1.prefetch-budget-6.rank-longest_first.samples20.maxnew1024.seed10086.subtreePrefetch.vllm.log,1531,2026-08-13 21:39:05,1560.0,0.0,521.0,5,0,0.2,97.2
dataset-math500.model-qwen.alpha4.0.steps100.blocks-1.prefetch-budget-6.rank-longest_first.samples20.maxnew1024.seed10086.subtreePrefetch.vllm.log,1547,2026-08-13 21:39:15,1570.0,0.0,341.7,6,0,0.1,97.2
dataset-math500.model-qwen.alpha4.0.steps100.blocks-1.prefetch-budget-6.rank-longest_first.samples20.maxnew1024.seed10086.subtreePrefetch.vllm.log,1555,2026-08-13 21:39:25,1580.0,0.0,481.1,6,0,0.1,97.2
dataset-math500.model-qwen.alpha4.0.steps100.blocks-1.prefetch-budget-6.rank-longest_first.samples20.maxnew1024.seed10086.subtreePrefetch.vllm.log,1556,2026-08-13 21:39:35,1590.0,0.0,460.6,6,0,0.4,97.2
dataset-math500.model-qwen.alpha4.0.steps100.blocks-1.prefetch-budget-6.rank-longest_first.samples20.maxnew1024.seed10086.subtreePrefetch.vllm.log,1579,2026-08-13 21:39:45,1600.0,0.0,452.0,6,0,0.1,97.2
dataset-math500.model-qwen.alpha4.0.steps100.blocks-1.prefetch-budget-6.rank-longest_first.samples20.maxnew1024.seed10086.subtreePrefetch.vllm.log,1580,2026-08-13 21:39:55,1610.0,0.0,407.0,5,0,0.4,97.2
dataset-math500.model-qwen.alpha4.0.steps100.blocks-1.prefetch-budget-6.rank-longest_first.samples20.maxnew1024.seed10086.subtreePrefetch.vllm.log,1594,2026-08-13 21:40:05,1620.0,0.0,413.5,5,0,0.3,97.2
dataset-math500.model-qwen.alpha4.0.steps100.blocks-1.prefetch-budget-6.rank-longest_first.samples20.maxnew1024.seed10086.subtreePrefetch.vllm.log,1606,2026-08-13 21:40:15,1630.0,0.0,419.9,6,0,0.3,97.2
dataset-math500.model-qwen.alpha4.0.steps100.blocks-1.prefetch-budget-6.rank-longest_first.samples20.maxnew1024.seed10086.subtreePrefetch.vllm.log,1616,2026-08-13 21:40:25,1640.0,0.0,471.5,5,0,0.2,97.2
dataset-math500.model-qwen.alpha4.0.steps100.blocks-1.prefetch-budget-6.rank-longest_first.samples20.maxnew1024.seed10086.subtreePrefetch.vllm.log,1628,2026-08-13 21:40:35,1650.0,0.0,431.4,4,0,0.2,97.3
dataset-math500.model-qwen.alpha4.0.steps100.blocks-1.prefetch-budget-6.rank-longest_first.samples20.maxnew1024.seed10086.subtreePrefetch.vllm.log,1642,2026-08-13 21:40:45,1660.0,0.0,269.2,6,0,0.2,97.3
dataset-math500.model-qwen.alpha4.0.steps100.blocks-1.prefetch-budget-6.rank-longest_first.samples20.maxnew1024.seed10086.subtreePrefetch.vllm.log,1652,2026-08-13 21:40:55,1670.0,0.0,471.1,6,0,0.2,97.3
dataset-math500.model-qwen.alpha4.0.steps100.blocks-1.prefetch-budget-6.rank-longest_first.samples20.maxnew1024.seed10086.subtreePrefetch.vllm.log,1664,2026-08-13 21:41:05,1680.0,0.0,464.9,6,0,0.2,97.3
dataset-math500.model-qwen.alpha4.0.steps100.blocks-1.prefetch-budget-6.rank-longest_first.samples20.maxnew1024.seed10086.subtreePrefetch.vllm.log,1678,2026-08-13 21:41:15,1690.0,0.0,308.7,6,0,0.1,97.3
dataset-math500.model-qwen.alpha4.0.steps100.blocks-1.prefetch-budget-6.rank-longest_first.samples20.maxnew1024.seed10086.subtreePrefetch.vllm.log,1679,2026-08-13 21:41:25,1700.0,0.0,344.0,2,0,0.2,97.3
dataset-math500.model-qwen.alpha4.0.steps100.blocks-1.prefetch-budget-6.rank-longest_first.samples20.maxnew1024.seed10086.subtreePrefetch.vllm.log,1695,2026-08-13 21:41:35,1710.0,0.0,149.6,1,0,0.1,97.3
dataset-math500.model-qwen.alpha4.0.steps100.blocks-1.prefetch-budget-6.rank-longest_first.samples20.maxnew1024.seed10086.subtreePrefetch.vllm.log,1758,2026-08-13 21:41:45,1720.0,0.0,199.0,6,0,0.1,97.3
dataset-math500.model-qwen.alpha4.0.steps100.blocks-1.prefetch-budget-6.rank-longest_first.samples20.maxnew1024.seed10086.subtreePrefetch.vllm.log,1759,2026-08-13 21:41:55,1730.0,0.0,474.0,5,0,0.4,97.3
dataset-math500.model-qwen.alpha4.0.steps100.blocks-1.prefetch-budget-6.rank-longest_first.samples20.maxnew1024.seed10086.subtreePrefetch.vllm.log,1774,2026-08-13 21:42:05,1740.0,0.0,449.9,6,0,0.1,97.3
dataset-math500.model-qwen.alpha4.0.steps100.blocks-1.prefetch-budget-6.rank-longest_first.samples20.maxnew1024.seed10086.subtreePrefetch.vllm.log,1775,2026-08-13 21:42:15,1750.0,0.0,534.0,3,0,0.2,97.3
dataset-math500.model-qwen.alpha4.0.steps100.blocks-1.prefetch-budget-6.rank-longest_first.samples20.maxnew1024.seed10086.subtreePrefetch.vllm.log,1785,2026-08-13 21:42:25,1760.0,0.0,419.1,5,0,0.3,97.3
dataset-math500.model-qwen.alpha4.0.steps100.blocks-1.prefetch-budget-6.rank-longest_first.samples20.maxnew1024.seed10086.subtreePrefetch.vllm.log,1795,2026-08-13 21:42:35,1770.0,0.0,416.2,6,0,0.3,97.3
dataset-math500.model-qwen.alpha4.0.steps100.blocks-1.prefetch-budget-6.rank-longest_first.samples20.maxnew1024.seed10086.subtreePrefetch.vllm.log,1803,2026-08-13 21:42:45,1780.0,0.0,489.3,5,0,0.2,97.3
dataset-math500.model-qwen.alpha4.0.steps100.blocks-1.prefetch-budget-6.rank-longest_first.samples20.maxnew1024.seed10086.subtreePrefetch.vllm.log,1819,2026-08-13 21:42:55,1790.0,0.0,428.9,6,0,0.2,97.3
dataset-math500.model-qwen.alpha4.0.steps100.blocks-1.prefetch-budget-6.rank-longest_first.samples20.maxnew1024.seed10086.subtreePrefetch.vllm.log,1827,2026-08-13 21:43:05,1800.0,0.0,467.2,6,0,0.1,97.3
dataset-math500.model-qwen.alpha4.0.steps100.blocks-1.prefetch-budget-6.rank-longest_first.samples20.maxnew1024.seed10086.subtreePrefetch.vllm.log,1837,2026-08-13 21:43:15,1810.0,0.0,463.6,6,0,0.1,97.3
dataset-math500.model-qwen.alpha4.0.steps100.blocks-1.prefetch-budget-6.rank-longest_first.samples20.maxnew1024.seed10086.subtreePrefetch.vllm.log,1849,2026-08-13 21:43:25,1820.0,0.0,531.4,6,0,0.1,97.3
dataset-math500.model-qwen.alpha4.0.steps100.blocks-1.prefetch-budget-6.rank-longest_first.samples20.maxnew1024.seed10086.subtreePrefetch.vllm.log,1859,2026-08-13 21:43:35,1830.0,0.0,498.4,5,0,0.1,97.3
dataset-math500.model-qwen.alpha4.0.steps100.blocks-1.prefetch-budget-6.rank-longest_first.samples20.maxnew1024.seed10086.subtreePrefetch.vllm.log,1869,2026-08-13 21:43:45,1840.0,0.0,418.1,6,0,0.1,97.3
dataset-math500.model-qwen.alpha4.0.steps100.blocks-1.prefetch-budget-6.rank-longest_first.samples20.maxnew1024.seed10086.subtreePrefetch.vllm.log,1881,2026-08-13 21:43:55,1850.0,0.0,511.1,6,0,0.1,97.3
dataset-math500.model-qwen.alpha4.0.steps100.blocks-1.prefetch-budget-6.rank-longest_first.samples20.maxnew1024.seed10086.subtreePrefetch.vllm.log,1889,2026-08-13 21:44:05,1860.0,0.0,475.4,6,0,0.1,97.3
dataset-math500.model-qwen.alpha4.0.steps100.blocks-1.prefetch-budget-6.rank-longest_first.samples20.maxnew1024.seed10086.subtreePrefetch.vllm.log,1890,2026-08-13 21:44:15,1870.0,0.0,477.3,3,0,0.2,97.3
dataset-math500.model-qwen.alpha4.0.steps100.blocks-1.prefetch-budget-6.rank-longest_first.samples20.maxnew1024.seed10086.subtreePrefetch.vllm.log,1911,2026-08-13 21:44:25,1880.0,0.0,547.8,6,0,0.1,97.3
dataset-math500.model-qwen.alpha4.0.steps100.blocks-1.prefetch-budget-6.rank-longest_first.samples20.maxnew1024.seed10086.subtreePrefetch.vllm.log,1923,2026-08-13 21:44:35,1890.0,0.0,410.9,6,0,0.2,97.3
dataset-math500.model-qwen.alpha4.0.steps100.blocks-1.prefetch-budget-6.rank-longest_first.samples20.maxnew1024.seed10086.subtreePrefetch.vllm.log,1933,2026-08-13 21:44:45,1900.0,0.0,414.0,6,0,0.1,97.3
dataset-math500.model-qwen.alpha4.0.steps100.blocks-1.prefetch-budget-6.rank-longest_first.samples20.maxnew1024.seed10086.subtreePrefetch.vllm.log,1943,2026-08-13 21:44:55,1910.0,0.0,493.7,4,0,0.1,97.3
dataset-math500.model-qwen.alpha4.0.steps100.blocks-1.prefetch-budget-6.rank-longest_first.samples20.maxnew1024.seed10086.subtreePrefetch.vllm.log,1953,2026-08-13 21:45:05,1920.0,0.0,439.5,5,0,0.2,97.3
dataset-math500.model-qwen.alpha4.0.steps100.blocks-1.prefetch-budget-6.rank-longest_first.samples20.maxnew1024.seed10086.subtreePrefetch.vllm.log,1965,2026-08-13 21:45:15,1930.0,0.0,426.5,6,0,0.2,97.4
dataset-math500.model-qwen.alpha4.0.steps100.blocks-1.prefetch-budget-6.rank-longest_first.samples20.maxnew1024.seed10086.subtreePrefetch.vllm.log,1977,2026-08-13 21:45:25,1940.0,0.0,535.8,5,0,0.2,97.4
dataset-math500.model-qwen.alpha4.0.steps100.blocks-1.prefetch-budget-6.rank-longest_first.samples20.maxnew1024.seed10086.subtreePrefetch.vllm.log,1987,2026-08-13 21:45:35,1950.0,0.0,455.6,6,0,0.2,97.4
dataset-math500.model-qwen.alpha4.0.steps100.blocks-1.prefetch-budget-6.rank-longest_first.samples20.maxnew1024.seed10086.subtreePrefetch.vllm.log,1995,2026-08-13 21:45:45,1960.0,0.0,458.8,6,0,0.2,97.4
dataset-math500.model-qwen.alpha4.0.steps100.blocks-1.prefetch-budget-6.rank-longest_first.samples20.maxnew1024.seed10086.subtreePrefetch.vllm.log,2003,2026-08-13 21:45:55,1970.0,0.0,412.0,6,0,0.1,97.4
dataset-math500.model-qwen.alpha4.0.steps100.blocks-1.prefetch-budget-6.rank-longest_first.samples20.maxnew1024.seed10086.subtreePrefetch.vllm.log,2013,2026-08-13 21:46:05,1980.0,0.0,475.6,6,0,0.1,97.4
dataset-math500.model-qwen.alpha4.0.steps100.blocks-1.prefetch-budget-6.rank-longest_first.samples20.maxnew1024.seed10086.subtreePrefetch.vllm.log,2023,2026-08-13 21:46:15,1990.0,0.0,564.8,6,0,0.1,97.3
dataset-math500.model-qwen.alpha4.0.steps100.blocks-1.prefetch-budget-6.rank-longest_first.samples20.maxnew1024.seed10086.subtreePrefetch.vllm.log,2031,2026-08-13 21:46:25,2000.0,0.0,471.8,6,0,0.1,97.4
dataset-math500.model-qwen.alpha4.0.steps100.blocks-1.prefetch-budget-6.rank-longest_first.samples20.maxnew1024.seed10086.subtreePrefetch.vllm.log,2041,2026-08-13 21:46:35,2010.0,0.0,504.6,6,0,0.2,97.4
dataset-math500.model-qwen.alpha4.0.steps100.blocks-1.prefetch-budget-6.rank-longest_first.samples20.maxnew1024.seed10086.subtreePrefetch.vllm.log,2042,2026-08-13 21:46:45,2020.0,0.0,324.3,3,0,0.2,97.4
dataset-math500.model-qwen.alpha4.0.steps100.blocks-1.prefetch-budget-6.rank-longest_first.samples20.maxnew1024.seed10086.subtreePrefetch.vllm.log,2056,2026-08-13 21:46:55,2030.0,0.0,436.2,5,0,0.3,97.4
dataset-math500.model-qwen.alpha4.0.steps100.blocks-1.prefetch-budget-6.rank-longest_first.samples20.maxnew1024.seed10086.subtreePrefetch.vllm.log,2068,2026-08-13 21:47:05,2040.0,0.0,473.7,3,0,0.2,97.4
dataset-math500.model-qwen.alpha4.0.steps100.blocks-1.prefetch-budget-6.rank-longest_first.samples20.maxnew1024.seed10086.subtreePrefetch.vllm.log,2078,2026-08-13 21:47:15,2050.0,0.0,428.2,6,0,0.3,97.4
dataset-math500.model-qwen.alpha4.0.steps100.blocks-1.prefetch-budget-6.rank-longest_first.samples20.maxnew1024.seed10086.subtreePrefetch.vllm.log,2086,2026-08-13 21:47:25,2060.0,0.0,491.7,5,0,0.2,97.4
dataset-math500.model-qwen.alpha4.0.steps100.blocks-1.prefetch-budget-6.rank-longest_first.samples20.maxnew1024.seed10086.subtreePrefetch.vllm.log,2096,2026-08-13 21:47:35,2070.0,0.0,455.2,5,0,0.2,97.4
dataset-math500.model-qwen.alpha4.0.steps100.blocks-1.prefetch-budget-6.rank-longest_first.samples20.maxnew1024.seed10086.subtreePrefetch.vllm.log,2104,2026-08-13 21:47:45,2080.0,0.0,320.8,6,0,0.1,97.4
dataset-math500.model-qwen.alpha4.0.steps100.blocks-1.prefetch-budget-6.rank-longest_first.samples20.maxnew1024.seed10086.subtreePrefetch.vllm.log,2114,2026-08-13 21:47:55,2090.0,0.0,435.5,6,0,0.1,97.4
dataset-math500.model-qwen.alpha4.0.steps100.blocks-1.prefetch-budget-6.rank-longest_first.samples20.maxnew1024.seed10086.subtreePrefetch.vllm.log,2115,2026-08-13 21:48:05,2100.0,0.0,461.1,5,0,0.3,97.4
dataset-math500.model-qwen.alpha4.0.steps100.blocks-1.prefetch-budget-6.rank-longest_first.samples20.maxnew1024.seed10086.subtreePrefetch.vllm.log,2125,2026-08-13 21:48:15,2110.0,0.0,419.8,6,0,0.3,97.4
dataset-math500.model-qwen.alpha4.0.steps100.blocks-1.prefetch-budget-6.rank-longest_first.samples20.maxnew1024.seed10086.subtreePrefetch.vllm.log,2133,2026-08-13 21:48:25,2120.0,0.0,468.0,6,0,0.2,97.4
dataset-math500.model-qwen.alpha4.0.steps100.blocks-1.prefetch-budget-6.rank-longest_first.samples20.maxnew1024.seed10086.subtreePrefetch.vllm.log,2141,2026-08-13 21:48:35,2130.0,0.0,442.0,6,0,0.2,97.3
dataset-math500.model-qwen.alpha4.0.steps100.blocks-1.prefetch-budget-6.rank-longest_first.samples20.maxnew1024.seed10086.subtreePrefetch.vllm.log,2149,2026-08-13 21:48:45,2140.0,0.0,474.1,6,0,0.1,97.3
dataset-math500.model-qwen.alpha4.0.steps100.blocks-1.prefetch-budget-6.rank-longest_first.samples20.maxnew1024.seed10086.subtreePrefetch.vllm.log,2157,2026-08-13 21:48:55,2150.0,0.0,559.7,6,0,0.2,97.3
dataset-math500.model-qwen.alpha4.0.steps100.blocks-1.prefetch-budget-6.rank-longest_first.samples20.maxnew1024.seed10086.subtreePrefetch.vllm.log,2167,2026-08-13 21:49:05,2160.0,0.0,531.2,5,0,0.1,97.3
dataset-math500.model-qwen.alpha4.0.steps100.blocks-1.prefetch-budget-6.rank-longest_first.samples20.maxnew1024.seed10086.subtreePrefetch.vllm.log,2179,2026-08-13 21:49:15,2170.0,0.0,493.0,6,0,0.2,97.3
dataset-math500.model-qwen.alpha4.0.steps100.blocks-1.prefetch-budget-6.rank-longest_first.samples20.maxnew1024.seed10086.subtreePrefetch.vllm.log,2187,2026-08-13 21:49:25,2180.0,0.0,515.0,6,0,0.2,97.3
dataset-math500.model-qwen.alpha4.0.steps100.blocks-1.prefetch-budget-6.rank-longest_first.samples20.maxnew1024.seed10086.subtreePrefetch.vllm.log,2195,2026-08-13 21:49:35,2190.0,0.0,498.0,5,0,0.2,97.3
dataset-math500.model-qwen.alpha4.0.steps100.blocks-1.prefetch-budget-6.rank-longest_first.samples20.maxnew1024.seed10086.subtreePrefetch.vllm.log,2203,2026-08-13 21:49:45,2200.0,0.0,558.5,5,0,0.2,97.4
dataset-math500.model-qwen.alpha4.0.steps100.blocks-1.prefetch-budget-6.rank-longest_first.samples20.maxnew1024.seed10086.subtreePrefetch.vllm.log,2215,2026-08-13 21:49:55,2210.0,0.0,518.3,6,0,0.2,97.4
dataset-math500.model-qwen.alpha4.0.steps100.blocks-1.prefetch-budget-6.rank-longest_first.samples20.maxnew1024.seed10086.subtreePrefetch.vllm.log,2223,2026-08-13 21:50:05,2220.0,0.0,473.8,6,0,0.2,97.4
dataset-math500.model-qwen.alpha4.0.steps100.blocks-1.prefetch-budget-6.rank-longest_first.samples20.maxnew1024.seed10086.subtreePrefetch.vllm.log,2231,2026-08-13 21:50:15,2230.0,0.0,406.1,6,0,0.2,97.4
dataset-math500.model-qwen.alpha4.0.steps100.blocks-1.prefetch-budget-6.rank-longest_first.samples20.maxnew1024.seed10086.subtreePrefetch.vllm.log,2239,2026-08-13 21:50:25,2240.0,0.0,455.8,6,0,0.1,97.4
dataset-math500.model-qwen.alpha4.0.steps100.blocks-1.prefetch-budget-6.rank-longest_first.samples20.maxnew1024.seed10086.subtreePrefetch.vllm.log,2247,2026-08-13 21:50:35,2250.0,0.0,459.8,6,0,0.1,97.3
dataset-math500.model-qwen.alpha4.0.steps100.blocks-1.prefetch-budget-6.rank-longest_first.samples20.maxnew1024.seed10086.subtreePrefetch.vllm.log,2248,2026-08-13 21:50:45,2260.0,0.0,502.3,5,0,0.4,97.3
dataset-math500.model-qwen.alpha4.0.steps100.blocks-1.prefetch-budget-6.rank-longest_first.samples20.maxnew1024.seed10086.subtreePrefetch.vllm.log,2265,2026-08-13 21:50:55,2270.0,0.0,503.6,6,0,0.1,97.4
dataset-math500.model-qwen.alpha4.0.steps100.blocks-1.prefetch-budget-6.rank-longest_first.samples20.maxnew1024.seed10086.subtreePrefetch.vllm.log,2266,2026-08-13 21:51:05,2280.0,0.0,417.6,3,0,0.2,97.4
dataset-math500.model-qwen.alpha4.0.steps100.blocks-1.prefetch-budget-6.rank-longest_first.samples20.maxnew1024.seed10086.subtreePrefetch.vllm.log,2276,2026-08-13 21:51:15,2290.0,0.0,435.3,4,0,0.3,97.4
dataset-math500.model-qwen.alpha4.0.steps100.blocks-1.prefetch-budget-6.rank-longest_first.samples20.maxnew1024.seed10086.subtreePrefetch.vllm.log,2286,2026-08-13 21:51:25,2300.0,0.0,547.2,3,0,0.2,97.3
dataset-math500.model-qwen.alpha4.0.steps100.blocks-1.prefetch-budget-6.rank-longest_first.samples20.maxnew1024.seed10086.subtreePrefetch.vllm.log,2296,2026-08-13 21:51:35,2310.0,0.0,440.7,5,0,0.3,97.3
dataset-math500.model-qwen.alpha4.0.steps100.blocks-1.prefetch-budget-6.rank-longest_first.samples20.maxnew1024.seed10086.subtreePrefetch.vllm.log,2304,2026-08-13 21:51:45,2320.0,0.0,389.7,6,0,0.3,97.3
dataset-math500.model-qwen.alpha4.0.steps100.blocks-1.prefetch-budget-6.rank-longest_first.samples20.maxnew1024.seed10086.subtreePrefetch.vllm.log,2312,2026-08-13 21:51:55,2330.0,0.0,463.2,6,0,0.2,97.3
dataset-math500.model-qwen.alpha4.0.steps100.blocks-1.prefetch-budget-6.rank-longest_first.samples20.maxnew1024.seed10086.subtreePrefetch.vllm.log,2320,2026-08-13 21:52:05,2340.0,0.0,456.7,6,0,0.2,97.3
dataset-math500.model-qwen.alpha4.0.steps100.blocks-1.prefetch-budget-6.rank-longest_first.samples20.maxnew1024.seed10086.subtreePrefetch.vllm.log,2328,2026-08-13 21:52:15,2350.0,0.0,483.7,5,0,0.1,97.3
dataset-math500.model-qwen.alpha4.0.steps100.blocks-1.prefetch-budget-6.rank-longest_first.samples20.maxnew1024.seed10086.subtreePrefetch.vllm.log,2342,2026-08-13 21:52:25,2360.0,0.0,376.9,6,0,0.1,97.3
dataset-math500.model-qwen.alpha4.0.steps100.blocks-1.prefetch-budget-6.rank-longest_first.samples20.maxnew1024.seed10086.subtreePrefetch.vllm.log,2343,2026-08-13 21:52:35,2370.0,0.0,476.6,4,0,0.3,97.3
dataset-math500.model-qwen.alpha4.0.steps100.blocks-1.prefetch-budget-6.rank-longest_first.samples20.maxnew1024.seed10086.subtreePrefetch.vllm.log,2358,2026-08-13 21:52:45,2380.0,0.0,514.7,6,0,0.1,97.3
dataset-math500.model-qwen.alpha4.0.steps100.blocks-1.prefetch-budget-6.rank-longest_first.samples20.maxnew1024.seed10086.subtreePrefetch.vllm.log,2359,2026-08-13 21:52:55,2390.0,0.0,469.8,5,0,0.3,97.3
dataset-math500.model-qwen.alpha4.0.steps100.blocks-1.prefetch-budget-6.rank-longest_first.samples20.maxnew1024.seed10086.subtreePrefetch.vllm.log,2376,2026-08-13 21:53:06,2401.0,0.0,543.0,6,0,0.1,97.3
dataset-math500.model-qwen.alpha4.0.steps100.blocks-1.prefetch-budget-6.rank-longest_first.samples20.maxnew1024.seed10086.subtreePrefetch.vllm.log,2388,2026-08-13 21:53:16,2411.0,0.0,501.4,6,0,0.1,97.3
dataset-math500.model-qwen.alpha4.0.steps100.blocks-1.prefetch-budget-6.rank-longest_first.samples20.maxnew1024.seed10086.subtreePrefetch.vllm.log,2389,2026-08-13 21:53:26,2421.0,0.0,451.6,4,0,0.3,97.3
dataset-math500.model-qwen.alpha4.0.steps100.blocks-1.prefetch-budget-6.rank-longest_first.samples20.maxnew1024.seed10086.subtreePrefetch.vllm.log,2399,2026-08-13 21:53:36,2431.0,0.0,391.4,1,0,0.1,97.3
dataset-math500.model-qwen.alpha4.0.steps100.blocks-1.prefetch-budget-6.rank-longest_first.samples20.maxnew1024.seed10086.subtreePrefetch.vllm.log,2420,2026-08-13 21:53:46,2441.0,0.0,485.1,6,0,0.1,97.4
dataset-math500.model-qwen.alpha4.0.steps100.blocks-1.prefetch-budget-6.rank-longest_first.samples20.maxnew1024.seed10086.subtreePrefetch.vllm.log,2430,2026-08-13 21:53:56,2451.0,0.0,539.3,6,0,0.2,97.4
dataset-math500.model-qwen.alpha4.0.steps100.blocks-1.prefetch-budget-6.rank-longest_first.samples20.maxnew1024.seed10086.subtreePrefetch.vllm.log,2442,2026-08-13 21:54:06,2461.0,0.0,440.2,6,0,0.2,97.4
dataset-math500.model-qwen.alpha4.0.steps100.blocks-1.prefetch-budget-6.rank-longest_first.samples20.maxnew1024.seed10086.subtreePrefetch.vllm.log,2450,2026-08-13 21:54:16,2471.0,0.0,481.6,5,0,0.2,97.4
dataset-math500.model-qwen.alpha4.0.steps100.blocks-1.prefetch-budget-6.rank-longest_first.samples20.maxnew1024.seed10086.subtreePrefetch.vllm.log,2464,2026-08-13 21:54:26,2481.0,0.0,323.8,6,0,0.1,97.4
dataset-math500.model-qwen.alpha4.0.steps100.blocks-1.prefetch-budget-6.rank-longest_first.samples20.maxnew1024.seed10086.subtreePrefetch.vllm.log,2474,2026-08-13 21:54:36,2491.0,0.0,475.1,6,0,0.1,97.4
dataset-math500.model-qwen.alpha4.0.steps100.blocks-1.prefetch-budget-6.rank-longest_first.samples20.maxnew1024.seed10086.subtreePrefetch.vllm.log,2486,2026-08-13 21:54:46,2501.0,0.0,456.6,6,0,0.1,97.4
dataset-math500.model-qwen.alpha4.0.steps100.blocks-1.prefetch-budget-6.rank-longest_first.samples20.maxnew1024.seed10086.subtreePrefetch.vllm.log,2487,2026-08-13 21:54:56,2511.0,0.0,248.2,2,0,0.2,97.4
dataset-math500.model-qwen.alpha4.0.steps100.blocks-1.prefetch-budget-6.rank-longest_first.samples20.maxnew1024.seed10086.subtreePrefetch.vllm.log,2499,2026-08-13 21:55:06,2521.0,0.0,442.2,4,0,0.3,97.4
dataset-math500.model-qwen.alpha4.0.steps100.blocks-1.prefetch-budget-6.rank-longest_first.samples20.maxnew1024.seed10086.subtreePrefetch.vllm.log,2509,2026-08-13 21:55:16,2531.0,0.0,391.8,2,0,0.2,97.4
dataset-math500.model-qwen.alpha4.0.steps100.blocks-1.prefetch-budget-6.rank-longest_first.samples20.maxnew1024.seed10086.subtreePrefetch.vllm.log,2521,2026-08-13 21:55:26,2541.0,0.0,390.1,4,0,0.3,97.4
dataset-math500.model-qwen.alpha4.0.steps100.blocks-1.prefetch-budget-6.rank-longest_first.samples20.maxnew1024.seed10086.subtreePrefetch.vllm.log,2604,2026-08-13 21:55:36,2551.0,0.0,166.2,1,0,0.1,97.4
dataset-math500.model-qwen.alpha4.0.steps100.blocks-1.prefetch-budget-6.rank-longest_first.samples20.maxnew1024.seed10086.subtreePrefetch.vllm.log,2607,2026-08-13 21:55:46,2561.0,0.0,484.1,5,0,0.4,97.4
dataset-math500.model-qwen.alpha4.0.steps100.blocks-1.prefetch-budget-6.rank-longest_first.samples20.maxnew1024.seed10086.subtreePrefetch.vllm.log,2617,2026-08-13 21:55:56,2571.0,0.0,503.0,2,0,0.2,97.4
dataset-math500.model-qwen.alpha4.0.steps100.blocks-1.prefetch-budget-6.rank-longest_first.samples20.maxnew1024.seed10086.subtreePrefetch.vllm.log,2640,2026-08-13 21:56:06,2581.0,0.0,404.5,6,0,0.1,97.4
dataset-math500.model-qwen.alpha4.0.steps100.blocks-1.prefetch-budget-6.rank-longest_first.samples20.maxnew1024.seed10086.subtreePrefetch.vllm.log,2641,2026-08-13 21:56:16,2591.0,0.0,482.2,5,0,0.4,97.4
dataset-math500.model-qwen.alpha4.0.steps100.blocks-1.prefetch-budget-6.rank-longest_first.samples20.maxnew1024.seed10086.subtreePrefetch.vllm.log,2658,2026-08-13 21:56:26,2601.0,0.0,551.8,6,0,0.0,97.3
dataset-math500.model-qwen.alpha4.0.steps100.blocks-1.prefetch-budget-6.rank-longest_first.samples20.maxnew1024.seed10086.subtreePrefetch.vllm.log,2659,2026-08-13 21:56:36,2611.0,0.0,461.8,6,0,0.4,97.3
dataset-math500.model-qwen.alpha4.0.steps100.blocks-1.prefetch-budget-6.rank-longest_first.samples20.maxnew1024.seed10086.subtreePrefetch.vllm.log,2667,2026-08-13 21:56:46,2621.0,0.0,458.7,6,0,0.3,97.3
dataset-math500.model-qwen.alpha4.0.steps100.blocks-1.prefetch-budget-6.rank-longest_first.samples20.maxnew1024.seed10086.subtreePrefetch.vllm.log,2675,2026-08-13 21:56:56,2631.0,0.0,463.6,6,0,0.2,97.3
dataset-math500.model-qwen.alpha4.0.steps100.blocks-1.prefetch-budget-6.rank-longest_first.samples20.maxnew1024.seed10086.subtreePrefetch.vllm.log,2683,2026-08-13 21:57:06,2641.0,0.0,494.0,6,0,0.2,97.3
dataset-math500.model-qwen.alpha4.0.steps100.blocks-1.prefetch-budget-6.rank-longest_first.samples20.maxnew1024.seed10086.subtreePrefetch.vllm.log,2691,2026-08-13 21:57:16,2651.0,0.0,470.8,6,0,0.1,97.3
dataset-math500.model-qwen.alpha4.0.steps100.blocks-1.prefetch-budget-6.rank-longest_first.samples20.maxnew1024.seed10086.subtreePrefetch.vllm.log,2701,2026-08-13 21:57:26,2661.0,0.0,470.1,6,0,0.1,97.3
dataset-math500.model-qwen.alpha4.0.steps100.blocks-1.prefetch-budget-6.rank-longest_first.samples20.maxnew1024.seed10086.subtreePrefetch.vllm.log,2713,2026-08-13 21:57:36,2671.0,0.0,538.9,6,0,0.1,97.3
dataset-math500.model-qwen.alpha4.0.steps100.blocks-1.prefetch-budget-6.rank-longest_first.samples20.maxnew1024.seed10086.subtreePrefetch.vllm.log,2721,2026-08-13 21:57:46,2681.0,0.0,461.4,6,0,0.1,97.3
dataset-math500.model-qwen.alpha4.0.steps100.blocks-1.prefetch-budget-6.rank-longest_first.samples20.maxnew1024.seed10086.subtreePrefetch.vllm.log,2733,2026-08-13 21:57:56,2691.0,0.0,533.0,6,0,0.1,97.3
dataset-math500.model-qwen.alpha4.0.steps100.blocks-1.prefetch-budget-6.rank-longest_first.samples20.maxnew1024.seed10086.subtreePrefetch.vllm.log,2743,2026-08-13 21:58:06,2701.0,0.0,478.2,6,0,0.1,97.3
dataset-math500.model-qwen.alpha4.0.steps100.blocks-1.prefetch-budget-6.rank-longest_first.samples20.maxnew1024.seed10086.subtreePrefetch.vllm.log,2744,2026-08-13 21:58:16,2711.0,0.0,511.4,4,0,0.3,97.3
dataset-math500.model-qwen.alpha4.0.steps100.blocks-1.prefetch-budget-6.rank-longest_first.samples20.maxnew1024.seed10086.subtreePrefetch.vllm.log,2761,2026-08-13 21:58:26,2721.0,0.0,483.8,6,0,0.1,97.3
dataset-math500.model-qwen.alpha4.0.steps100.blocks-1.prefetch-budget-6.rank-longest_first.samples20.maxnew1024.seed10086.subtreePrefetch.vllm.log,2771,2026-08-13 21:58:36,2731.0,0.0,518.0,6,0,0.1,97.3
dataset-math500.model-qwen.alpha4.0.steps100.blocks-1.prefetch-budget-6.rank-longest_first.samples20.maxnew1024.seed10086.subtreePrefetch.vllm.log,2779,2026-08-13 21:58:46,2741.0,0.0,466.7,6,0,0.1,97.3
dataset-math500.model-qwen.alpha4.0.steps100.blocks-1.prefetch-budget-6.rank-longest_first.samples20.maxnew1024.seed10086.subtreePrefetch.vllm.log,2789,2026-08-13 21:58:56,2751.0,0.0,493.0,6,0,0.1,97.3
dataset-math500.model-qwen.alpha4.0.steps100.blocks-1.prefetch-budget-6.rank-longest_first.samples20.maxnew1024.seed10086.subtreePrefetch.vllm.log,2797,2026-08-13 21:59:06,2761.0,0.0,514.0,6,0,0.1,97.3
dataset-math500.model-qwen.alpha4.0.steps100.blocks-1.prefetch-budget-6.rank-longest_first.samples20.maxnew1024.seed10086.subtreePrefetch.vllm.log,2798,2026-08-13 21:59:16,2771.0,0.0,466.7,5,0,0.4,97.3
dataset-math500.model-qwen.alpha4.0.steps100.blocks-1.prefetch-budget-6.rank-longest_first.samples20.maxnew1024.seed10086.subtreePrefetch.vllm.log,2817,2026-08-13 21:59:26,2781.0,0.0,508.3,6,0,0.1,97.3
dataset-math500.model-qwen.alpha4.0.steps100.blocks-1.prefetch-budget-6.rank-longest_first.samples20.maxnew1024.seed10086.subtreePrefetch.vllm.log,2818,2026-08-13 21:59:36,2791.0,0.0,507.3,4,0,0.3,97.3
dataset-math500.model-qwen.alpha4.0.steps100.blocks-1.prefetch-budget-6.rank-longest_first.samples20.maxnew1024.seed10086.subtreePrefetch.vllm.log,2828,2026-08-13 21:59:46,2801.0,0.0,459.1,5,0,0.3,97.3
dataset-math500.model-qwen.alpha4.0.steps100.blocks-1.prefetch-budget-6.rank-longest_first.samples20.maxnew1024.seed10086.subtreePrefetch.vllm.log,2836,2026-08-13 21:59:56,2811.0,0.0,472.3,6,0,0.3,97.3
dataset-math500.model-qwen.alpha4.0.steps100.blocks-1.prefetch-budget-6.rank-longest_first.samples20.maxnew1024.seed10086.subtreePrefetch.vllm.log,2846,2026-08-13 22:00:06,2821.0,0.0,460.4,6,0,0.2,97.3
dataset-math500.model-qwen.alpha4.0.steps100.blocks-1.prefetch-budget-6.rank-longest_first.samples20.maxnew1024.seed10086.subtreePrefetch.vllm.log,2856,2026-08-13 22:00:16,2831.0,0.0,472.7,6,0,0.2,97.3
dataset-math500.model-qwen.alpha4.0.steps100.blocks-1.prefetch-budget-6.rank-longest_first.samples20.maxnew1024.seed10086.subtreePrefetch.vllm.log,2864,2026-08-13 22:00:26,2841.0,0.0,483.1,6,0,0.1,97.3
dataset-math500.model-qwen.alpha4.0.steps100.blocks-1.prefetch-budget-6.rank-longest_first.samples20.maxnew1024.seed10086.subtreePrefetch.vllm.log,2865,2026-08-13 22:00:36,2851.0,0.0,471.0,3,0,0.2,97.3
dataset-math500.model-qwen.alpha4.0.steps100.blocks-1.prefetch-budget-6.rank-longest_first.samples20.maxnew1024.seed10086.subtreePrefetch.vllm.log,2875,2026-08-13 22:00:46,2861.0,0.0,464.7,5,0,0.3,97.3
dataset-math500.model-qwen.alpha4.0.steps100.blocks-1.prefetch-budget-6.rank-longest_first.samples20.maxnew1024.seed10086.subtreePrefetch.vllm.log,2885,2026-08-13 22:00:56,2871.0,0.0,498.2,3,0,0.2,97.3
dataset-math500.model-qwen.alpha4.0.steps100.blocks-1.prefetch-budget-6.rank-longest_first.samples20.maxnew1024.seed10086.subtreePrefetch.vllm.log,2895,2026-08-13 22:01:06,2881.0,0.0,470.4,3,0,0.2,97.3
dataset-math500.model-qwen.alpha4.0.steps100.blocks-1.prefetch-budget-6.rank-longest_first.samples20.maxnew1024.seed10086.subtreePrefetch.vllm.log,2905,2026-08-13 22:01:16,2891.0,0.0,455.8,6,0,0.4,97.2
dataset-math500.model-qwen.alpha4.0.steps100.blocks-1.prefetch-budget-6.rank-longest_first.samples20.maxnew1024.seed10086.subtreePrefetch.vllm.log,2913,2026-08-13 22:01:26,2901.0,0.0,538.1,5,0,0.3,97.3
dataset-math500.model-qwen.alpha4.0.steps100.blocks-1.prefetch-budget-6.rank-longest_first.samples20.maxnew1024.seed10086.subtreePrefetch.vllm.log,2925,2026-08-13 22:01:36,2911.0,0.0,491.0,3,0,0.2,97.3
dataset-math500.model-qwen.alpha4.0.steps100.blocks-1.prefetch-budget-6.rank-longest_first.samples20.maxnew1024.seed10086.subtreePrefetch.vllm.log,2935,2026-08-13 22:01:46,2921.0,0.0,467.5,3,0,0.2,97.3
dataset-math500.model-qwen.alpha4.0.steps100.blocks-1.prefetch-budget-6.rank-longest_first.samples20.maxnew1024.seed10086.subtreePrefetch.vllm.log,2947,2026-08-13 22:01:56,2931.0,0.0,480.7,3,0,0.2,97.3
dataset-math500.model-qwen.alpha4.0.steps100.blocks-1.prefetch-budget-6.rank-longest_first.samples20.maxnew1024.seed10086.subtreePrefetch.vllm.log,2972,2026-08-13 22:02:06,2941.0,0.0,423.3,6,0,0.1,97.3
dataset-math500.model-qwen.alpha4.0.steps100.blocks-1.prefetch-budget-6.rank-longest_first.samples20.maxnew1024.seed10086.subtreePrefetch.vllm.log,2982,2026-08-13 22:02:16,2951.0,0.0,476.3,6,0,0.1,97.3
dataset-math500.model-qwen.alpha4.0.steps100.blocks-1.prefetch-budget-6.rank-longest_first.samples20.maxnew1024.seed10086.subtreePrefetch.vllm.log,2990,2026-08-13 22:02:26,2961.0,0.0,492.6,6,0,0.1,97.3
dataset-math500.model-qwen.alpha4.0.steps100.blocks-1.prefetch-budget-6.rank-longest_first.samples20.maxnew1024.seed10086.subtreePrefetch.vllm.log,3002,2026-08-13 22:02:36,2971.0,0.0,444.7,6,0,0.1,97.3
dataset-math500.model-qwen.alpha4.0.steps100.blocks-1.prefetch-budget-6.rank-longest_first.samples20.maxnew1024.seed10086.subtreePrefetch.vllm.log,3003,2026-08-13 22:02:46,2981.0,0.0,460.7,6,0,0.4,97.3
dataset-math500.model-qwen.alpha4.0.steps100.blocks-1.prefetch-budget-6.rank-longest_first.samples20.maxnew1024.seed10086.subtreePrefetch.vllm.log,3011,2026-08-13 22:02:56,2991.0,0.0,473.7,4,0,0.2,97.3
dataset-math500.model-qwen.alpha4.0.steps100.blocks-1.prefetch-budget-6.rank-longest_first.samples20.maxnew1024.seed10086.subtreePrefetch.vllm.log,3019,2026-08-13 22:03:06,3001.0,0.0,450.7,4,0,0.2,97.3
dataset-math500.model-qwen.alpha4.0.steps100.blocks-1.prefetch-budget-6.rank-longest_first.samples20.maxnew1024.seed10086.subtreePrefetch.vllm.log,3027,2026-08-13 22:03:16,3011.0,0.0,444.2,6,0,0.3,97.2
dataset-math500.model-qwen.alpha4.0.steps100.blocks-1.prefetch-budget-6.rank-longest_first.samples20.maxnew1024.seed10086.subtreePrefetch.vllm.log,3035,2026-08-13 22:03:26,3021.0,0.0,475.8,4,0,0.2,97.2
dataset-math500.model-qwen.alpha4.0.steps100.blocks-1.prefetch-budget-6.rank-longest_first.samples20.maxnew1024.seed10086.subtreePrefetch.vllm.log,3047,2026-08-13 22:03:36,3031.0,0.0,438.5,5,0,0.2,97.2
dataset-math500.model-qwen.alpha4.0.steps100.blocks-1.prefetch-budget-6.rank-longest_first.samples20.maxnew1024.seed10086.subtreePrefetch.vllm.log,3057,2026-08-13 22:03:46,3041.0,0.0,491.3,6,0,0.2,97.2
dataset-math500.model-qwen.alpha4.0.steps100.blocks-1.prefetch-budget-6.rank-longest_first.samples20.maxnew1024.seed10086.subtreePrefetch.vllm.log,3065,2026-08-13 22:03:56,3051.0,0.0,476.0,6,0,0.2,97.2
dataset-math500.model-qwen.alpha4.0.steps100.blocks-1.prefetch-budget-6.rank-longest_first.samples20.maxnew1024.seed10086.subtreePrefetch.vllm.log,3073,2026-08-13 22:04:06,3061.0,0.0,442.0,5,0,0.1,97.2
dataset-math500.model-qwen.alpha4.0.steps100.blocks-1.prefetch-budget-6.rank-longest_first.samples20.maxnew1024.seed10086.subtreePrefetch.vllm.log,3074,2026-08-13 22:04:16,3071.0,0.0,338.2,3,0,0.2,97.2
dataset-math500.model-qwen.alpha4.0.steps100.blocks-1.prefetch-budget-6.rank-longest_first.samples20.maxnew1024.seed10086.subtreePrefetch.vllm.log,3088,2026-08-13 22:04:26,3081.0,0.0,439.8,4,0,0.2,97.2
dataset-math500.model-qwen.alpha4.0.steps100.blocks-1.prefetch-budget-6.rank-longest_first.samples20.maxnew1024.seed10086.subtreePrefetch.vllm.log,3096,2026-08-13 22:04:36,3091.0,0.0,457.8,6,0,0.3,97.2
dataset-math500.model-qwen.alpha4.0.steps100.blocks-1.prefetch-budget-6.rank-longest_first.samples20.maxnew1024.seed10086.subtreePrefetch.vllm.log,3106,2026-08-13 22:04:46,3101.0,0.0,408.7,6,0,0.2,97.2
dataset-math500.model-qwen.alpha4.0.steps100.blocks-1.prefetch-budget-6.rank-longest_first.samples20.maxnew1024.seed10086.subtreePrefetch.vllm.log,3114,2026-08-13 22:04:56,3111.0,0.0,395.5,6,0,0.1,97.2
dataset-math500.model-qwen.alpha4.0.steps100.blocks-1.prefetch-budget-6.rank-longest_first.samples20.maxnew1024.seed10086.subtreePrefetch.vllm.log,3128,2026-08-13 22:05:06,3121.0,0.0,503.1,6,0,0.1,97.2
dataset-math500.model-qwen.alpha4.0.steps100.blocks-1.prefetch-budget-6.rank-longest_first.samples20.maxnew1024.seed10086.subtreePrefetch.vllm.log,3129,2026-08-13 22:05:16,3131.0,0.0,466.9,3,0,0.2,97.2
dataset-math500.model-qwen.alpha4.0.steps100.blocks-1.prefetch-budget-6.rank-longest_first.samples20.maxnew1024.seed10086.subtreePrefetch.vllm.log,3139,2026-08-13 22:05:26,3141.0,0.0,455.7,6,0,0.4,97.1
dataset-math500.model-qwen.alpha4.0.steps100.blocks-1.prefetch-budget-6.rank-longest_first.samples20.maxnew1024.seed10086.subtreePrefetch.vllm.log,3147,2026-08-13 22:05:36,3151.0,0.0,463.4,6,0,0.3,97.1
dataset-math500.model-qwen.alpha4.0.steps100.blocks-1.prefetch-budget-6.rank-longest_first.samples20.maxnew1024.seed10086.subtreePrefetch.vllm.log,3157,2026-08-13 22:05:46,3161.0,0.0,414.9,6,0,0.2,97.1
dataset-math500.model-qwen.alpha4.0.steps100.blocks-1.prefetch-budget-6.rank-longest_first.samples20.maxnew1024.seed10086.subtreePrefetch.vllm.log,3165,2026-08-13 22:05:56,3171.0,0.0,560.1,5,0,0.2,97.1
dataset-math500.model-qwen.alpha4.0.steps100.blocks-1.prefetch-budget-6.rank-longest_first.samples20.maxnew1024.seed10086.subtreePrefetch.vllm.log,3175,2026-08-13 22:06:06,3181.0,0.0,512.6,5,0,0.3,97.1
dataset-math500.model-qwen.alpha4.0.steps100.blocks-1.prefetch-budget-6.rank-longest_first.samples20.maxnew1024.seed10086.subtreePrefetch.vllm.log,3183,2026-08-13 22:06:16,3191.0,0.0,380.2,4,0,0.2,97.1
dataset-math500.model-qwen.alpha4.0.steps100.blocks-1.prefetch-budget-6.rank-longest_first.samples20.maxnew1024.seed10086.subtreePrefetch.vllm.log,3199,2026-08-13 22:06:26,3201.0,0.0,376.4,6,0,0.2,97.1
dataset-math500.model-qwen.alpha4.0.steps100.blocks-1.prefetch-budget-6.rank-longest_first.samples20.maxnew1024.seed10086.subtreePrefetch.vllm.log,3211,2026-08-13 22:06:36,3211.0,0.0,457.2,4,0,0.2,97.1
dataset-math500.model-qwen.alpha4.0.steps100.blocks-1.prefetch-budget-6.rank-longest_first.samples20.maxnew1024.seed10086.subtreePrefetch.vllm.log,3221,2026-08-13 22:06:46,3221.0,0.0,352.8,5,0,0.2,97.1
dataset-math500.model-qwen.alpha4.0.steps100.blocks-1.prefetch-budget-6.rank-longest_first.samples20.maxnew1024.seed10086.subtreePrefetch.vllm.log,3278,2026-08-13 22:06:56,3231.0,0.0,256.2,1,0,0.1,97.0
dataset-math500.model-qwen.alpha4.0.steps100.blocks-1.prefetch-budget-6.rank-longest_first.samples20.maxnew1024.seed10086.subtreePrefetch.vllm.log,3281,2026-08-13 22:07:06,3241.0,0.0,317.9,6,0,0.3,97.0
dataset-math500.model-qwen.alpha4.0.steps100.blocks-1.prefetch-budget-6.rank-longest_first.samples20.maxnew1024.seed10086.subtreePrefetch.vllm.log,3291,2026-08-13 22:07:16,3251.0,0.0,458.4,6,0,0.2,97.0
dataset-math500.model-qwen.alpha4.0.steps100.blocks-1.prefetch-budget-6.rank-longest_first.samples20.maxnew1024.seed10086.subtreePrefetch.vllm.log,3301,2026-08-13 22:07:26,3261.0,0.0,456.2,6,0,0.1,97.1
dataset-math500.model-qwen.alpha4.0.steps100.blocks-1.prefetch-budget-6.rank-longest_first.samples20.maxnew1024.seed10086.subtreePrefetch.vllm.log,3313,2026-08-13 22:07:36,3271.0,0.0,516.9,6,0,0.1,97.1
dataset-math500.model-qwen.alpha4.0.steps100.blocks-1.prefetch-budget-6.rank-longest_first.samples20.maxnew1024.seed10086.subtreePrefetch.vllm.log,3325,2026-08-13 22:07:46,3281.0,0.0,499.3,5,0,0.2,97.1
dataset-math500.model-qwen.alpha4.0.steps100.blocks-1.prefetch-budget-6.rank-longest_first.samples20.maxnew1024.seed10086.subtreePrefetch.vllm.log,3337,2026-08-13 22:07:56,3291.0,0.0,512.4,6,0,0.2,97.1
dataset-math500.model-qwen.alpha4.0.steps100.blocks-1.prefetch-budget-6.rank-longest_first.samples20.maxnew1024.seed10086.subtreePrefetch.vllm.log,3345,2026-08-13 22:08:06,3301.0,0.0,447.4,6,0,0.1,97.1
dataset-math500.model-qwen.alpha4.0.steps100.blocks-1.prefetch-budget-6.rank-longest_first.samples20.maxnew1024.seed10086.subtreePrefetch.vllm.log,3355,2026-08-13 22:08:16,3311.0,0.0,379.7,6,0,0.1,97.2
dataset-math500.model-qwen.alpha4.0.steps100.blocks-1.prefetch-budget-6.rank-longest_first.samples20.maxnew1024.seed10086.subtreePrefetch.vllm.log,3356,2026-08-13 22:08:26,3321.0,0.0,407.5,5,0,0.4,97.2
dataset-math500.model-qwen.alpha4.0.steps100.blocks-1.prefetch-budget-6.rank-longest_first.samples20.maxnew1024.seed10086.subtreePrefetch.vllm.log,3366,2026-08-13 22:08:36,3331.0,0.0,444.1,6,0,0.3,97.2
dataset-math500.model-qwen.alpha4.0.steps100.blocks-1.prefetch-budget-6.rank-longest_first.samples20.maxnew1024.seed10086.subtreePrefetch.vllm.log,3374,2026-08-13 22:08:46,3341.0,0.0,465.6,6,0,0.2,97.2
dataset-math500.model-qwen.alpha4.0.steps100.blocks-1.prefetch-budget-6.rank-longest_first.samples20.maxnew1024.seed10086.subtreePrefetch.vllm.log,3382,2026-08-13 22:08:56,3351.0,0.0,497.6,6,0,0.2,97.2
dataset-math500.model-qwen.alpha4.0.steps100.blocks-1.prefetch-budget-6.rank-longest_first.samples20.maxnew1024.seed10086.subtreePrefetch.vllm.log,3394,2026-08-13 22:09:06,3361.0,0.0,482.8,5,0,0.2,97.2
dataset-math500.model-qwen.alpha4.0.steps100.blocks-1.prefetch-budget-6.rank-longest_first.samples20.maxnew1024.seed10086.subtreePrefetch.vllm.log,3402,2026-08-13 22:09:16,3371.0,0.0,450.5,6,0,0.2,97.2
dataset-math500.model-qwen.alpha4.0.steps100.blocks-1.prefetch-budget-6.rank-longest_first.samples20.maxnew1024.seed10086.subtreePrefetch.vllm.log,3412,2026-08-13 22:09:26,3381.0,0.0,449.5,6,0,0.1,97.2
dataset-math500.model-qwen.alpha4.0.steps100.blocks-1.prefetch-budget-6.rank-longest_first.samples20.maxnew1024.seed10086.subtreePrefetch.vllm.log,3424,2026-08-13 22:09:36,3391.0,0.0,493.5,6,0,0.1,97.2
dataset-math500.model-qwen.alpha4.0.steps100.blocks-1.prefetch-budget-6.rank-longest_first.samples20.maxnew1024.seed10086.subtreePrefetch.vllm.log,3425,2026-08-13 22:09:46,3401.0,0.0,464.6,4,0,0.3,97.2
dataset-math500.model-qwen.alpha4.0.steps100.blocks-1.prefetch-budget-6.rank-longest_first.samples20.maxnew1024.seed10086.subtreePrefetch.vllm.log,3433,2026-08-13 22:09:56,3411.0,0.0,469.6,5,0,0.4,97.2
dataset-math500.model-qwen.alpha4.0.steps100.blocks-1.prefetch-budget-6.rank-longest_first.samples20.maxnew1024.seed10086.subtreePrefetch.vllm.log,3441,2026-08-13 22:10:06,3421.0,0.0,445.3,5,0,0.3,97.2
dataset-math500.model-qwen.alpha4.0.steps100.blocks-1.prefetch-budget-6.rank-longest_first.samples20.maxnew1024.seed10086.subtreePrefetch.vllm.log,3453,2026-08-13 22:10:16,3431.0,0.0,438.9,4,0,0.2,97.3
dataset-math500.model-qwen.alpha4.0.steps100.blocks-1.prefetch-budget-6.rank-longest_first.samples20.maxnew1024.seed10086.subtreePrefetch.vllm.log,3465,2026-08-13 22:10:26,3441.0,0.0,553.0,3,0,0.3,97.3
dataset-math500.model-qwen.alpha4.0.steps100.blocks-1.prefetch-budget-6.rank-longest_first.samples20.maxnew1024.seed10086.subtreePrefetch.vllm.log,3486,2026-08-13 22:10:36,3451.0,0.0,500.0,5,0,0.1,97.3
dataset-math500.model-qwen.alpha4.0.steps100.blocks-1.prefetch-budget-6.rank-longest_first.samples20.maxnew1024.seed10086.subtreePrefetch.vllm.log,3496,2026-08-13 22:10:46,3461.0,0.0,504.0,6,0,0.2,97.3
dataset-math500.model-qwen.alpha4.0.steps100.blocks-1.prefetch-budget-6.rank-longest_first.samples20.maxnew1024.seed10086.subtreePrefetch.vllm.log,3506,2026-08-13 22:10:56,3471.0,0.0,472.2,6,0,0.1,97.3
dataset-math500.model-qwen.alpha4.0.steps100.blocks-1.prefetch-budget-6.rank-longest_first.samples20.maxnew1024.seed10086.subtreePrefetch.vllm.log,3507,2026-08-13 22:11:06,3481.0,0.0,462.5,6,0,0.5,97.3
dataset-math500.model-qwen.alpha4.0.steps100.blocks-1.prefetch-budget-6.rank-longest_first.samples20.maxnew1024.seed10086.subtreePrefetch.vllm.log,3515,2026-08-13 22:11:16,3491.0,0.0,570.8,2,0,0.2,97.3
dataset-math500.model-qwen.alpha4.0.steps100.blocks-1.prefetch-budget-6.rank-longest_first.samples20.maxnew1024.seed10086.subtreePrefetch.vllm.log,3527,2026-08-13 22:11:26,3501.0,0.0,388.2,5,0,0.3,97.3
dataset-math500.model-qwen.alpha4.0.steps100.blocks-1.prefetch-budget-6.rank-longest_first.samples20.maxnew1024.seed10086.subtreePrefetch.vllm.log,3541,2026-08-13 22:11:36,3511.0,0.0,427.9,3,0,0.2,97.4
dataset-math500.model-qwen.alpha4.0.steps100.blocks-1.prefetch-budget-6.rank-longest_first.samples20.maxnew1024.seed10086.subtreePrefetch.vllm.log,3553,2026-08-13 22:11:46,3521.0,0.0,437.6,4,0,0.3,97.4
dataset-math500.model-qwen.alpha4.0.steps100.blocks-1.prefetch-budget-6.rank-longest_first.samples20.maxnew1024.seed10086.subtreePrefetch.vllm.log,3565,2026-08-13 22:11:56,3531.0,0.0,442.4,3,0,0.2,97.4
dataset-math500.model-qwen.alpha4.0.steps100.blocks-1.prefetch-budget-6.rank-longest_first.samples20.maxnew1024.seed10086.subtreePrefetch.vllm.log,3575,2026-08-13 22:12:06,3541.0,0.0,466.4,2,0,0.2,97.4
dataset-math500.model-qwen.alpha4.0.steps100.blocks-1.prefetch-budget-6.rank-longest_first.samples20.maxnew1024.seed10086.subtreePrefetch.vllm.log,3594,2026-08-13 22:12:16,3551.0,0.0,506.1,6,0,0.1,97.4
dataset-math500.model-qwen.alpha4.0.steps100.blocks-1.prefetch-budget-6.rank-longest_first.samples20.maxnew1024.seed10086.subtreePrefetch.vllm.log,3595,2026-08-13 22:12:26,3561.0,0.0,462.0,6,0,0.4,97.4
dataset-math500.model-qwen.alpha4.0.steps100.blocks-1.prefetch-budget-6.rank-longest_first.samples20.maxnew1024.seed10086.subtreePrefetch.vllm.log,3603,2026-08-13 22:12:36,3571.0,0.0,453.9,6,0,0.4,97.5
dataset-math500.model-qwen.alpha4.0.steps100.blocks-1.prefetch-budget-6.rank-longest_first.samples20.maxnew1024.seed10086.subtreePrefetch.vllm.log,3611,2026-08-13 22:12:46,3581.0,0.0,462.8,6,0,0.3,97.5
dataset-math500.model-qwen.alpha4.0.steps100.blocks-1.prefetch-budget-6.rank-longest_first.samples20.maxnew1024.seed10086.subtreePrefetch.vllm.log,3619,2026-08-13 22:12:56,3591.0,0.0,512.1,4,0,0.3,97.5
dataset-math500.model-qwen.alpha4.0.steps100.blocks-1.prefetch-budget-6.rank-longest_first.samples20.maxnew1024.seed10086.subtreePrefetch.vllm.log,3629,2026-08-13 22:13:06,3601.0,0.0,444.8,6,0,0.4,97.5
dataset-math500.model-qwen.alpha4.0.steps100.blocks-1.prefetch-budget-6.rank-longest_first.samples20.maxnew1024.seed10086.subtreePrefetch.vllm.log,3637,2026-08-13 22:13:16,3611.0,0.0,431.0,2,0,0.1,97.5
dataset-math500.model-qwen.alpha4.0.steps100.blocks-1.prefetch-budget-6.rank-longest_first.samples20.maxnew1024.seed10086.subtreePrefetch.vllm.log,3649,2026-08-13 22:13:26,3621.0,0.0,422.6,4,0,0.3,97.5
dataset-math500.model-qwen.alpha4.0.steps100.blocks-1.prefetch-budget-6.rank-longest_first.samples20.maxnew1024.seed10086.subtreePrefetch.vllm.log,3661,2026-08-13 22:13:36,3631.0,0.0,501.6,4,0,0.3,97.6
dataset-math500.model-qwen.alpha4.0.steps100.blocks-1.prefetch-budget-6.rank-longest_first.samples20.maxnew1024.seed10086.subtreePrefetch.vllm.log,3688,2026-08-13 22:13:46,3641.0,0.0,331.5,6,0,0.1,97.6
dataset-math500.model-qwen.alpha4.0.steps100.blocks-1.prefetch-budget-6.rank-longest_first.samples20.maxnew1024.seed10086.subtreePrefetch.vllm.log,3689,2026-08-13 22:13:56,3651.0,0.0,468.9,2,0,0.2,97.6
dataset-math500.model-qwen.alpha4.0.steps100.blocks-1.prefetch-budget-6.rank-longest_first.samples20.maxnew1024.seed10086.subtreePrefetch.vllm.log,3697,2026-08-13 22:14:06,3661.0,0.0,454.0,5,0,0.3,97.6
dataset-math500.model-qwen.alpha4.0.steps100.blocks-1.prefetch-budget-6.rank-longest_first.samples20.maxnew1024.seed10086.subtreePrefetch.vllm.log,3705,2026-08-13 22:14:16,3671.0,0.0,476.1,6,0,0.3,97.6
dataset-math500.model-qwen.alpha4.0.steps100.blocks-1.prefetch-budget-6.rank-longest_first.samples20.maxnew1024.seed10086.subtreePrefetch.vllm.log,3713,2026-08-13 22:14:26,3681.0,0.0,463.1,5,0,0.3,97.6
dataset-math500.model-qwen.alpha4.0.steps100.blocks-1.prefetch-budget-6.rank-longest_first.samples20.maxnew1024.seed10086.subtreePrefetch.vllm.log,3723,2026-08-13 22:14:36,3691.0,0.0,455.9,5,0,0.3,97.6
dataset-math500.model-qwen.alpha4.0.steps100.blocks-1.prefetch-budget-6.rank-longest_first.samples20.maxnew1024.seed10086.subtreePrefetch.vllm.log,3731,2026-08-13 22:14:46,3701.0,0.0,430.4,6,0,0.3,97.6
dataset-math500.model-qwen.alpha4.0.steps100.blocks-1.prefetch-budget-6.rank-longest_first.samples20.maxnew1024.seed10086.subtreePrefetch.vllm.log,3739,2026-08-13 22:14:56,3711.0,0.0,475.1,6,0,0.3,97.6
dataset-math500.model-qwen.alpha4.0.steps100.blocks-1.prefetch-budget-6.rank-longest_first.samples20.maxnew1024.seed10086.subtreePrefetch.vllm.log,3747,2026-08-13 22:15:06,3721.0,0.0,449.1,6,0,0.3,97.6
dataset-math500.model-qwen.alpha4.0.steps100.blocks-1.prefetch-budget-6.rank-longest_first.samples20.maxnew1024.seed10086.subtreePrefetch.vllm.log,3755,2026-08-13 22:15:16,3731.0,0.0,426.1,6,0,0.2,97.6
dataset-math500.model-qwen.alpha4.0.steps100.blocks-1.prefetch-budget-6.rank-longest_first.samples20.maxnew1024.seed10086.subtreePrefetch.vllm.log,3763,2026-08-13 22:15:26,3741.0,0.0,466.9,6,0,0.2,97.7
dataset-math500.model-qwen.alpha4.0.steps100.blocks-1.prefetch-budget-6.rank-longest_first.samples20.maxnew1024.seed10086.subtreePrefetch.vllm.log,3775,2026-08-13 22:15:36,3751.0,0.0,455.6,5,0,0.1,97.7
dataset-math500.model-qwen.alpha4.0.steps100.blocks-1.prefetch-budget-6.rank-longest_first.samples20.maxnew1024.seed10086.subtreePrefetch.vllm.log,3783,2026-08-13 22:15:46,3761.0,0.0,528.2,6,0,0.2,97.7
dataset-math500.model-qwen.alpha4.0.steps100.blocks-1.prefetch-budget-6.rank-longest_first.samples20.maxnew1024.seed10086.subtreePrefetch.vllm.log,3797,2026-08-13 22:15:56,3771.0,0.0,402.7,6,0,0.1,97.7
dataset-math500.model-qwen.alpha4.0.steps100.blocks-1.prefetch-budget-6.rank-longest_first.samples20.maxnew1024.seed10086.subtreePrefetch.vllm.log,3809,2026-08-13 22:16:06,3781.0,0.0,463.4,6,0,0.2,97.7
dataset-math500.model-qwen.alpha4.0.steps100.blocks-1.prefetch-budget-6.rank-longest_first.samples20.maxnew1024.seed10086.subtreePrefetch.vllm.log,3821,2026-08-13 22:16:16,3791.0,0.0,482.6,6,0,0.2,97.7
dataset-math500.model-qwen.alpha4.0.steps100.blocks-1.prefetch-budget-6.rank-longest_first.samples20.maxnew1024.seed10086.subtreePrefetch.vllm.log,3829,2026-08-13 22:16:26,3801.0,0.0,516.0,6,0,0.2,97.7
dataset-math500.model-qwen.alpha4.0.steps100.blocks-1.prefetch-budget-6.rank-longest_first.samples20.maxnew1024.seed10086.subtreePrefetch.vllm.log,3839,2026-08-13 22:16:36,3811.0,0.0,493.4,6,0,0.2,97.7
dataset-math500.model-qwen.alpha4.0.steps100.blocks-1.prefetch-budget-6.rank-longest_first.samples20.maxnew1024.seed10086.subtreePrefetch.vllm.log,3849,2026-08-13 22:16:46,3821.0,0.0,320.2,6,0,0.1,97.7
dataset-math500.model-qwen.alpha4.0.steps100.blocks-1.prefetch-budget-6.rank-longest_first.samples20.maxnew1024.seed10086.subtreePrefetch.vllm.log,3857,2026-08-13 22:16:56,3831.0,0.0,460.4,6,0,0.1,97.8
dataset-math500.model-qwen.alpha4.0.steps100.blocks-1.prefetch-budget-6.rank-longest_first.samples20.maxnew1024.seed10086.subtreePrefetch.vllm.log,3858,2026-08-13 22:17:06,3841.0,0.0,460.7,6,0,0.4,97.8
dataset-math500.model-qwen.alpha4.0.steps100.blocks-1.prefetch-budget-6.rank-longest_first.samples20.maxnew1024.seed10086.subtreePrefetch.vllm.log,3872,2026-08-13 22:17:16,3851.0,0.0,419.2,4,0,0.2,97.8
dataset-math500.model-qwen.alpha4.0.steps100.blocks-1.prefetch-budget-6.rank-longest_first.samples20.maxnew1024.seed10086.subtreePrefetch.vllm.log,3884,2026-08-13 22:17:26,3861.0,0.0,395.4,6,0,0.3,97.8
dataset-math500.model-qwen.alpha4.0.steps100.blocks-1.prefetch-budget-6.rank-longest_first.samples20.maxnew1024.seed10086.subtreePrefetch.vllm.log,3898,2026-08-13 22:17:36,3871.0,0.0,360.6,2,0,0.2,97.8
dataset-math500.model-qwen.alpha4.0.steps100.blocks-1.prefetch-budget-6.rank-longest_first.samples20.maxnew1024.seed10086.subtreePrefetch.vllm.log,3910,2026-08-13 22:17:46,3881.0,0.0,145.3,1,0,0.1,97.8
dataset-math500.model-qwen.alpha4.0.steps100.blocks-1.prefetch-budget-6.rank-longest_first.samples20.maxnew1024.seed10086.subtreePrefetch.vllm.log,3979,2026-08-13 22:17:56,3891.0,0.0,129.3,1,0,0.1,97.8
dataset-math500.model-qwen.alpha4.0.steps100.blocks-1.prefetch-budget-6.rank-longest_first.samples20.maxnew1024.seed10086.subtreePrefetch.vllm.log,3982,2026-08-13 22:18:06,3901.0,0.0,397.5,5,0,0.3,97.8
dataset-math500.model-qwen.alpha4.0.steps100.blocks-1.prefetch-budget-6.rank-longest_first.samples20.maxnew1024.seed10086.subtreePrefetch.vllm.log,3990,2026-08-13 22:18:16,3911.0,0.0,490.4,6,0,0.3,97.8
dataset-math500.model-qwen.alpha4.0.steps100.blocks-1.prefetch-budget-6.rank-longest_first.samples20.maxnew1024.seed10086.subtreePrefetch.vllm.log,4000,2026-08-13 22:18:26,3921.0,0.0,516.2,5,0,0.3,97.8
dataset-math500.model-qwen.alpha4.0.steps100.blocks-1.prefetch-budget-6.rank-longest_first.samples20.maxnew1024.seed10086.subtreePrefetch.vllm.log,4010,2026-08-13 22:18:36,3931.0,0.0,556.1,5,0,0.3,97.8
dataset-math500.model-qwen.alpha4.0.steps100.blocks-1.prefetch-budget-6.rank-longest_first.samples20.maxnew1024.seed10086.subtreePrefetch.vllm.log,4020,2026-08-13 22:18:46,3941.0,0.0,482.7,6,0,0.3,97.8
dataset-math500.model-qwen.alpha4.0.steps100.blocks-1.prefetch-budget-6.rank-longest_first.samples20.maxnew1024.seed10086.subtreePrefetch.vllm.log,4028,2026-08-13 22:18:56,3951.0,0.0,508.9,2,0,0.1,97.8
dataset-math500.model-qwen.alpha4.0.steps100.blocks-1.prefetch-budget-6.rank-longest_first.samples20.maxnew1024.seed10086.subtreePrefetch.vllm.log,4040,2026-08-13 22:19:06,3961.0,0.0,380.9,5,0,0.3,97.8
dataset-math500.model-qwen.alpha4.0.steps100.blocks-1.prefetch-budget-6.rank-longest_first.samples20.maxnew1024.seed10086.subtreePrefetch.vllm.log,4048,2026-08-13 22:19:16,3971.0,0.0,468.6,5,0,0.2,97.8
dataset-math500.model-qwen.alpha4.0.steps100.blocks-1.prefetch-budget-6.rank-longest_first.samples20.maxnew1024.seed10086.subtreePrefetch.vllm.log,4058,2026-08-13 22:19:26,3981.0,0.0,534.0,5,0,0.3,97.8
dataset-math500.model-qwen.alpha4.0.steps100.blocks-1.prefetch-budget-6.rank-longest_first.samples20.maxnew1024.seed10086.subtreePrefetch.vllm.log,4072,2026-08-13 22:19:36,3991.0,0.0,447.1,5,0,0.2,97.8
dataset-math500.model-qwen.alpha4.0.steps100.blocks-1.prefetch-budget-6.rank-longest_first.samples20.maxnew1024.seed10086.subtreePrefetch.vllm.log,4080,2026-08-13 22:19:46,4001.0,0.0,491.9,6,0,0.3,97.8
dataset-math500.model-qwen.alpha4.0.steps100.blocks-1.prefetch-budget-6.rank-longest_first.samples20.maxnew1024.seed10086.subtreePrefetch.vllm.log,4088,2026-08-13 22:19:56,4011.0,0.0,449.4,6,0,0.2,97.8
dataset-math500.model-qwen.alpha4.0.steps100.blocks-1.prefetch-budget-6.rank-longest_first.samples20.maxnew1024.seed10086.subtreePrefetch.vllm.log,4096,2026-08-13 22:20:06,4021.0,0.0,501.7,5,0,0.2,97.8
dataset-math500.model-qwen.alpha4.0.steps100.blocks-1.prefetch-budget-6.rank-longest_first.samples20.maxnew1024.seed10086.subtreePrefetch.vllm.log,4106,2026-08-13 22:20:16,4031.0,0.0,566.6,4,0,0.2,97.8
dataset-math500.model-qwen.alpha4.0.steps100.blocks-1.prefetch-budget-6.rank-longest_first.samples20.maxnew1024.seed10086.subtreePrefetch.vllm.log,4114,2026-08-13 22:20:26,4041.0,0.0,506.1,5,0,0.3,97.8
dataset-math500.model-qwen.alpha4.0.steps100.blocks-1.prefetch-budget-6.rank-longest_first.samples20.maxnew1024.seed10086.subtreePrefetch.vllm.log,4124,2026-08-13 22:20:36,4051.0,0.0,510.8,3,0,0.2,97.8
dataset-math500.model-qwen.alpha4.0.steps100.blocks-1.prefetch-budget-6.rank-longest_first.samples20.maxnew1024.seed10086.subtreePrefetch.vllm.log,4136,2026-08-13 22:20:46,4061.0,0.0,440.7,6,0,0.3,97.8
dataset-math500.model-qwen.alpha4.0.steps100.blocks-1.prefetch-budget-6.rank-longest_first.samples20.maxnew1024.seed10086.subtreePrefetch.vllm.log,4146,2026-08-13 22:20:56,4071.0,0.0,521.8,4,0,0.3,97.8
dataset-math500.model-qwen.alpha4.0.steps100.blocks-1.prefetch-budget-6.rank-longest_first.samples20.maxnew1024.seed10086.subtreePrefetch.vllm.log,4156,2026-08-13 22:21:06,4081.0,0.0,438.3,3,0,0.2,97.8
dataset-math500.model-qwen.alpha4.0.steps100.blocks-1.prefetch-budget-6.rank-longest_first.samples20.maxnew1024.seed10086.subtreePrefetch.vllm.log,4179,2026-08-13 22:21:16,4091.0,0.0,478.2,6,0,0.1,97.8
dataset-math500.model-qwen.alpha4.0.steps100.blocks-1.prefetch-budget-6.rank-longest_first.samples20.maxnew1024.seed10086.subtreePrefetch.vllm.log,4180,2026-08-13 22:21:26,4101.0,0.0,473.8,1,0,0.1,97.8
dataset-math500.model-qwen.alpha4.0.steps100.blocks-1.prefetch-budget-6.rank-longest_first.samples20.maxnew1024.seed10086.subtreePrefetch.vllm.log,4188,2026-08-13 22:21:36,4111.0,0.0,459.4,6,0,0.4,97.8
dataset-math500.model-qwen.alpha4.0.steps100.blocks-1.prefetch-budget-6.rank-longest_first.samples20.maxnew1024.seed10086.subtreePrefetch.vllm.log,4196,2026-08-13 22:21:46,4121.0,0.0,398.3,4,0,0.2,97.8
dataset-math500.model-qwen.alpha4.0.steps100.blocks-1.prefetch-budget-6.rank-longest_first.samples20.maxnew1024.seed10086.subtreePrefetch.vllm.log,4206,2026-08-13 22:21:56,4131.0,0.0,357.8,6,0,0.2,97.8
dataset-math500.model-qwen.alpha4.0.steps100.blocks-1.prefetch-budget-6.rank-longest_first.samples20.maxnew1024.seed10086.subtreePrefetch.vllm.log,4216,2026-08-13 22:22:06,4141.0,0.0,445.8,6,0,0.1,97.8
dataset-math500.model-qwen.alpha4.0.steps100.blocks-1.prefetch-budget-6.rank-longest_first.samples20.maxnew1024.seed10086.subtreePrefetch.vllm.log,4224,2026-08-13 22:22:16,4151.0,0.0,469.8,6,0,0.1,97.8
dataset-math500.model-qwen.alpha4.0.steps100.blocks-1.prefetch-budget-6.rank-longest_first.samples20.maxnew1024.seed10086.subtreePrefetch.vllm.log,4225,2026-08-13 22:22:26,4161.0,0.0,503.2,5,0,0.4,97.8
dataset-math500.model-qwen.alpha4.0.steps100.blocks-1.prefetch-budget-6.rank-longest_first.samples20.maxnew1024.seed10086.subtreePrefetch.vllm.log,4244,2026-08-13 22:22:36,4171.0,0.0,520.8,6,0,0.1,97.8
dataset-math500.model-qwen.alpha4.0.steps100.blocks-1.prefetch-budget-6.rank-longest_first.samples20.maxnew1024.seed10086.subtreePrefetch.vllm.log,4245,2026-08-13 22:22:46,4181.0,0.0,406.9,1,0,0.1,97.8
dataset-math500.model-qwen.alpha4.0.steps100.blocks-1.prefetch-budget-6.rank-longest_first.samples20.maxnew1024.seed10086.subtreePrefetch.vllm.log,4255,2026-08-13 22:22:56,4191.0,0.0,449.7,5,0,0.3,97.8
dataset-math500.model-qwen.alpha4.0.steps100.blocks-1.prefetch-budget-6.rank-longest_first.samples20.maxnew1024.seed10086.subtreePrefetch.vllm.log,4263,2026-08-13 22:23:06,4201.0,0.0,385.1,5,0,0.3,97.8
dataset-math500.model-qwen.alpha4.0.steps100.blocks-1.prefetch-budget-6.rank-longest_first.samples20.maxnew1024.seed10086.subtreePrefetch.vllm.log,4273,2026-08-13 22:23:16,4211.0,0.0,415.9,5,0,0.2,97.8
dataset-math500.model-qwen.alpha4.0.steps100.blocks-1.prefetch-budget-6.rank-longest_first.samples20.maxnew1024.seed10086.subtreePrefetch.vllm.log,4283,2026-08-13 22:23:26,4221.0,0.0,401.0,6,0,0.2,97.8
dataset-math500.model-qwen.alpha4.0.steps100.blocks-1.prefetch-budget-6.rank-longest_first.samples20.maxnew1024.seed10086.subtreePrefetch.vllm.log,4291,2026-08-13 22:23:36,4231.0,0.0,445.4,6,0,0.2,97.8
dataset-math500.model-qwen.alpha4.0.steps100.blocks-1.prefetch-budget-6.rank-longest_first.samples20.maxnew1024.seed10086.subtreePrefetch.vllm.log,4301,2026-08-13 22:23:46,4241.0,0.0,414.3,6,0,0.1,97.8
dataset-math500.model-qwen.alpha4.0.steps100.blocks-1.prefetch-budget-6.rank-longest_first.samples20.maxnew1024.seed10086.subtreePrefetch.vllm.log,4302,2026-08-13 22:23:56,4251.0,0.0,428.4,5,0,0.3,97.8
dataset-math500.model-qwen.alpha4.0.steps100.blocks-1.prefetch-budget-6.rank-longest_first.samples20.maxnew1024.seed10086.subtreePrefetch.vllm.log,4310,2026-08-13 22:24:06,4261.0,0.0,393.2,4,0,0.2,97.8
dataset-math500.model-qwen.alpha4.0.steps100.blocks-1.prefetch-budget-6.rank-longest_first.samples20.maxnew1024.seed10086.subtreePrefetch.vllm.log,4324,2026-08-13 22:24:16,4271.0,0.0,367.3,5,0,0.2,97.8
dataset-math500.model-qwen.alpha4.0.steps100.blocks-1.prefetch-budget-6.rank-longest_first.samples20.maxnew1024.seed10086.subtreePrefetch.vllm.log,4332,2026-08-13 22:24:26,4281.0,0.0,414.1,6,0,0.2,97.8
dataset-math500.model-qwen.alpha4.0.steps100.blocks-1.prefetch-budget-6.rank-longest_first.samples20.maxnew1024.seed10086.subtreePrefetch.vllm.log,4342,2026-08-13 22:24:36,4291.0,0.0,527.7,6,0,0.2,97.8
dataset-math500.model-qwen.alpha4.0.steps100.blocks-1.prefetch-budget-6.rank-longest_first.samples20.maxnew1024.seed10086.subtreePrefetch.vllm.log,4350,2026-08-13 22:24:46,4301.0,0.0,476.8,6,0,0.1,97.8
dataset-math500.model-qwen.alpha4.0.steps100.blocks-1.prefetch-budget-6.rank-longest_first.samples20.maxnew1024.seed10086.subtreePrefetch.vllm.log,4360,2026-08-13 22:24:56,4311.0,0.0,540.9,5,0,0.1,97.8
dataset-math500.model-qwen.alpha4.0.steps100.blocks-1.prefetch-budget-6.rank-longest_first.samples20.maxnew1024.seed10086.subtreePrefetch.vllm.log,4368,2026-08-13 22:25:06,4321.0,0.0,521.6,6,0,0.2,97.8
dataset-math500.model-qwen.alpha4.0.steps100.blocks-1.prefetch-budget-6.rank-longest_first.samples20.maxnew1024.seed10086.subtreePrefetch.vllm.log,4376,2026-08-13 22:25:16,4331.0,0.0,475.8,6,0,0.2,97.8
dataset-math500.model-qwen.alpha4.0.steps100.blocks-1.prefetch-budget-6.rank-longest_first.samples20.maxnew1024.seed10086.subtreePrefetch.vllm.log,4384,2026-08-13 22:25:26,4341.0,0.0,456.3,5,0,0.1,97.8
dataset-math500.model-qwen.alpha4.0.steps100.blocks-1.prefetch-budget-6.rank-longest_first.samples20.maxnew1024.seed10086.subtreePrefetch.vllm.log,4394,2026-08-13 22:25:36,4351.0,0.0,503.9,5,0,0.1,97.8
dataset-math500.model-qwen.alpha4.0.steps100.blocks-1.prefetch-budget-6.rank-longest_first.samples20.maxnew1024.seed10086.subtreePrefetch.vllm.log,4404,2026-08-13 22:25:46,4361.0,0.0,398.0,6,0,0.1,97.8
dataset-math500.model-qwen.alpha4.0.steps100.blocks-1.prefetch-budget-6.rank-longest_first.samples20.maxnew1024.seed10086.subtreePrefetch.vllm.log,4414,2026-08-13 22:25:56,4371.0,0.0,508.1,6,0,0.0,97.8
dataset-math500.model-qwen.alpha4.0.steps100.blocks-1.prefetch-budget-6.rank-longest_first.samples20.maxnew1024.seed10086.subtreePrefetch.vllm.log,4415,2026-08-13 22:26:06,4381.0,0.0,461.5,6,0,0.4,97.8
dataset-math500.model-qwen.alpha4.0.steps100.blocks-1.prefetch-budget-6.rank-longest_first.samples20.maxnew1024.seed10086.subtreePrefetch.vllm.log,4423,2026-08-13 22:26:16,4391.0,0.0,512.2,5,0,0.3,97.8
dataset-math500.model-qwen.alpha4.0.steps100.blocks-1.prefetch-budget-6.rank-longest_first.samples20.maxnew1024.seed10086.subtreePrefetch.vllm.log,4431,2026-08-13 22:26:26,4401.0,0.0,464.8,6,0,0.3,97.8
dataset-math500.model-qwen.alpha4.0.steps100.blocks-1.prefetch-budget-6.rank-longest_first.samples20.maxnew1024.seed10086.subtreePrefetch.vllm.log,4439,2026-08-13 22:26:36,4411.0,0.0,455.8,6,0,0.3,97.8
dataset-math500.model-qwen.alpha4.0.steps100.blocks-1.prefetch-budget-6.rank-longest_first.samples20.maxnew1024.seed10086.subtreePrefetch.vllm.log,4451,2026-08-13 22:26:46,4421.0,0.0,489.8,6,0,0.2,97.8
dataset-math500.model-qwen.alpha4.0.steps100.blocks-1.prefetch-budget-6.rank-longest_first.samples20.maxnew1024.seed10086.subtreePrefetch.vllm.log,4459,2026-08-13 22:26:56,4431.0,0.0,518.9,6,0,0.2,97.8
dataset-math500.model-qwen.alpha4.0.steps100.blocks-1.prefetch-budget-6.rank-longest_first.samples20.maxnew1024.seed10086.subtreePrefetch.vllm.log,4467,2026-08-13 22:27:06,4441.0,0.0,458.3,6,0,0.2,97.8
dataset-math500.model-qwen.alpha4.0.steps100.blocks-1.prefetch-budget-6.rank-longest_first.samples20.maxnew1024.seed10086.subtreePrefetch.vllm.log,4477,2026-08-13 22:27:16,4451.0,0.0,481.3,6,0,0.2,97.8
dataset-math500.model-qwen.alpha4.0.steps100.blocks-1.prefetch-budget-6.rank-longest_first.samples20.maxnew1024.seed10086.subtreePrefetch.vllm.log,4485,2026-08-13 22:27:26,4461.0,0.0,463.6,6,0,0.1,97.8
dataset-math500.model-qwen.alpha4.0.steps100.blocks-1.prefetch-budget-6.rank-longest_first.samples20.maxnew1024.seed10086.subtreePrefetch.vllm.log,4486,2026-08-13 22:27:36,4471.0,0.0,465.4,4,0,0.3,97.8
dataset-math500.model-qwen.alpha4.0.steps100.blocks-1.prefetch-budget-6.rank-longest_first.samples20.maxnew1024.seed10086.subtreePrefetch.vllm.log,4507,2026-08-13 22:27:46,4481.0,0.0,433.7,6,0,0.1,97.8
dataset-math500.model-qwen.alpha4.0.steps100.blocks-1.prefetch-budget-6.rank-longest_first.samples20.maxnew1024.seed10086.subtreePrefetch.vllm.log,4508,2026-08-13 22:27:56,4491.0,0.0,424.7,4,0,0.3,97.8
dataset-math500.model-qwen.alpha4.0.steps100.blocks-1.prefetch-budget-6.rank-longest_first.samples20.maxnew1024.seed10086.subtreePrefetch.vllm.log,4518,2026-08-13 22:28:06,4501.0,0.0,408.8,5,0,0.3,97.8
dataset-math500.model-qwen.alpha4.0.steps100.blocks-1.prefetch-budget-6.rank-longest_first.samples20.maxnew1024.seed10086.subtreePrefetch.vllm.log,4528,2026-08-13 22:28:16,4511.0,0.0,412.7,6,0,0.2,97.8
dataset-math500.model-qwen.alpha4.0.steps100.blocks-1.prefetch-budget-6.rank-longest_first.samples20.maxnew1024.seed10086.subtreePrefetch.vllm.log,4538,2026-08-13 22:28:26,4521.0,0.0,430.1,6,0,0.2,97.8
dataset-math500.model-qwen.alpha4.0.steps100.blocks-1.prefetch-budget-6.rank-longest_first.samples20.maxnew1024.seed10086.subtreePrefetch.vllm.log,4546,2026-08-13 22:28:36,4531.0,0.0,415.1,4,0,0.1,97.8
dataset-math500.model-qwen.alpha4.0.steps100.blocks-1.prefetch-budget-6.rank-longest_first.samples20.maxnew1024.seed10086.subtreePrefetch.vllm.log,4560,2026-08-13 22:28:46,4541.0,0.0,324.3,5,0,0.1,97.8
dataset-math500.model-qwen.alpha4.0.steps100.blocks-1.prefetch-budget-6.rank-longest_first.samples20.maxnew1024.seed10086.subtreePrefetch.vllm.log,4570,2026-08-13 22:28:56,4551.0,0.0,494.3,6,0,0.2,97.8
dataset-math500.model-qwen.alpha4.0.steps100.blocks-1.prefetch-budget-6.rank-longest_first.samples20.maxnew1024.seed10086.subtreePrefetch.vllm.log,4578,2026-08-13 22:29:06,4561.0,0.0,351.0,6,0,0.1,97.8
dataset-math500.model-qwen.alpha4.0.steps100.blocks-1.prefetch-budget-6.rank-longest_first.samples20.maxnew1024.seed10086.subtreePrefetch.vllm.log,4579,2026-08-13 22:29:16,4571.0,0.0,301.2,1,0,0.1,97.8
dataset-math500.model-qwen.alpha4.0.steps100.blocks-1.prefetch-budget-6.rank-longest_first.samples20.maxnew1024.seed10086.subtreePrefetch.vllm.log,4593,2026-08-13 22:29:26,4581.0,0.0,440.2,3,0,0.2,97.8
dataset-math500.model-qwen.alpha4.0.steps100.blocks-1.prefetch-budget-6.rank-longest_first.samples20.maxnew1024.seed10086.subtreePrefetch.vllm.log,4649,2026-08-13 22:29:36,4591.0,0.0,381.9,1,0,0.0,97.8
dataset-math500.model-qwen.alpha4.0.steps100.blocks-1.prefetch-budget-6.rank-longest_first.samples20.maxnew1024.seed10086.subtreePrefetch.vllm.log,4652,2026-08-13 22:29:46,4601.0,0.0,246.9,6,0,0.2,97.8
dataset-math500.model-qwen.alpha4.0.steps100.blocks-1.prefetch-budget-6.rank-longest_first.samples20.maxnew1024.seed10086.subtreePrefetch.vllm.log,4662,2026-08-13 22:29:56,4611.0,0.0,505.7,6,0,0.2,97.8
dataset-math500.model-qwen.alpha4.0.steps100.blocks-1.prefetch-budget-6.rank-longest_first.samples20.maxnew1024.seed10086.subtreePrefetch.vllm.log,4670,2026-08-13 22:30:06,4621.0,0.0,388.0,6,0,0.1,97.8
dataset-math500.model-qwen.alpha4.0.steps100.blocks-1.prefetch-budget-6.rank-longest_first.samples20.maxnew1024.seed10086.subtreePrefetch.vllm.log,4678,2026-08-13 22:30:16,4631.0,0.0,489.4,6,0,0.1,97.8
dataset-math500.model-qwen.alpha4.0.steps100.blocks-1.prefetch-budget-6.rank-longest_first.samples20.maxnew1024.seed10086.subtreePrefetch.vllm.log,4688,2026-08-13 22:30:26,4641.0,0.0,497.5,6,0,0.1,97.8
dataset-math500.model-qwen.alpha4.0.steps100.blocks-1.prefetch-budget-6.rank-longest_first.samples20.maxnew1024.seed10086.subtreePrefetch.vllm.log,4689,2026-08-13 22:30:36,4651.0,0.0,461.8,6,0,0.4,97.8
dataset-math500.model-qwen.alpha4.0.steps100.blocks-1.prefetch-budget-6.rank-longest_first.samples20.maxnew1024.seed10086.subtreePrefetch.vllm.log,4697,2026-08-13 22:30:46,4661.0,0.0,509.1,3,0,0.2,97.8
dataset-math500.model-qwen.alpha4.0.steps100.blocks-1.prefetch-budget-6.rank-longest_first.samples20.maxnew1024.seed10086.subtreePrefetch.vllm.log,4709,2026-08-13 22:30:56,4671.0,0.0,453.3,6,0,0.4,97.8
dataset-math500.model-qwen.alpha4.0.steps100.blocks-1.prefetch-budget-6.rank-longest_first.samples20.maxnew1024.seed10086.subtreePrefetch.vllm.log,4719,2026-08-13 22:31:06,4681.0,0.0,474.2,6,0,0.3,97.8
dataset-math500.model-qwen.alpha4.0.steps100.blocks-1.prefetch-budget-6.rank-longest_first.samples20.maxnew1024.seed10086.subtreePrefetch.vllm.log,4729,2026-08-13 22:31:16,4691.0,0.0,467.7,6,0,0.2,97.8
dataset-math500.model-qwen.alpha4.0.steps100.blocks-1.prefetch-budget-6.rank-longest_first.samples20.maxnew1024.seed10086.subtreePrefetch.vllm.log,4741,2026-08-13 22:31:26,4701.0,0.0,518.9,6,0,0.2,97.8
dataset-math500.model-qwen.alpha4.0.steps100.blocks-1.prefetch-budget-6.rank-longest_first.samples20.maxnew1024.seed10086.subtreePrefetch.vllm.log,4749,2026-08-13 22:31:36,4711.0,0.0,486.2,5,0,0.2,97.8
dataset-math500.model-qwen.alpha4.0.steps100.blocks-1.prefetch-budget-6.rank-longest_first.samples20.maxnew1024.seed10086.subtreePrefetch.vllm.log,4759,2026-08-13 22:31:46,4721.0,0.0,548.2,6,0,0.2,97.8
dataset-math500.model-qwen.alpha4.0.steps100.blocks-1.prefetch-budget-6.rank-longest_first.samples20.maxnew1024.seed10086.subtreePrefetch.vllm.log,4767,2026-08-13 22:31:56,4731.0,0.0,463.1,6,0,0.1,97.8
dataset-math500.model-qwen.alpha4.0.steps100.blocks-1.prefetch-budget-6.rank-longest_first.samples20.maxnew1024.seed10086.subtreePrefetch.vllm.log,4775,2026-08-13 22:32:06,4741.0,0.0,512.8,6,0,0.1,97.8
dataset-math500.model-qwen.alpha4.0.steps100.blocks-1.prefetch-budget-6.rank-longest_first.samples20.maxnew1024.seed10086.subtreePrefetch.vllm.log,4783,2026-08-13 22:32:16,4751.0,0.0,307.2,6,0,0.1,97.8
dataset-math500.model-qwen.alpha4.0.steps100.blocks-1.prefetch-budget-6.rank-longest_first.samples20.maxnew1024.seed10086.subtreePrefetch.vllm.log,4784,2026-08-13 22:32:26,4761.0,0.0,392.0,5,0,0.4,97.8
dataset-math500.model-qwen.alpha4.0.steps100.blocks-1.prefetch-budget-6.rank-longest_first.samples20.maxnew1024.seed10086.subtreePrefetch.vllm.log,4794,2026-08-13 22:32:36,4771.0,0.0,444.1,6,0,0.3,97.8
dataset-math500.model-qwen.alpha4.0.steps100.blocks-1.prefetch-budget-6.rank-longest_first.samples20.maxnew1024.seed10086.subtreePrefetch.vllm.log,4802,2026-08-13 22:32:46,4781.0,0.0,384.5,4,0,0.2,97.8
dataset-math500.model-qwen.alpha4.0.steps100.blocks-1.prefetch-budget-6.rank-longest_first.samples20.maxnew1024.seed10086.subtreePrefetch.vllm.log,4818,2026-08-13 22:32:56,4791.0,0.0,365.5,6,0,0.2,97.8
dataset-math500.model-qwen.alpha4.0.steps100.blocks-1.prefetch-budget-6.rank-longest_first.samples20.maxnew1024.seed10086.subtreePrefetch.vllm.log,4826,2026-08-13 22:33:06,4801.0,0.0,451.1,6,0,0.1,97.8
dataset-math500.model-qwen.alpha4.0.steps100.blocks-1.prefetch-budget-6.rank-longest_first.samples20.maxnew1024.seed10086.subtreePrefetch.vllm.log,4838,2026-08-13 22:33:16,4811.0,0.0,430.6,6,0,0.1,97.8
dataset-math500.model-qwen.alpha4.0.steps100.blocks-1.prefetch-budget-6.rank-longest_first.samples20.maxnew1024.seed10086.subtreePrefetch.vllm.log,4839,2026-08-13 22:33:26,4821.0,0.0,396.8,3,0,0.2,97.8
dataset-math500.model-qwen.alpha4.0.steps100.blocks-1.prefetch-budget-6.rank-longest_first.samples20.maxnew1024.seed10086.subtreePrefetch.vllm.log,4855,2026-08-13 22:33:36,4831.0,0.0,459.3,4,0,0.3,97.8
dataset-math500.model-qwen.alpha4.0.steps100.blocks-1.prefetch-budget-6.rank-longest_first.samples20.maxnew1024.seed10086.subtreePrefetch.vllm.log,4865,2026-08-13 22:33:46,4841.0,0.0,450.5,6,0,0.3,97.8
dataset-math500.model-qwen.alpha4.0.steps100.blocks-1.prefetch-budget-6.rank-longest_first.samples20.maxnew1024.seed10086.subtreePrefetch.vllm.log,4875,2026-08-13 22:33:56,4851.0,0.0,463.0,5,0,0.2,97.8
dataset-math500.model-qwen.alpha4.0.steps100.blocks-1.prefetch-budget-6.rank-longest_first.samples20.maxnew1024.seed10086.subtreePrefetch.vllm.log,4883,2026-08-13 22:34:06,4861.0,0.0,506.9,5,0,0.3,97.8
dataset-math500.model-qwen.alpha4.0.steps100.blocks-1.prefetch-budget-6.rank-longest_first.samples20.maxnew1024.seed10086.subtreePrefetch.vllm.log,4893,2026-08-13 22:34:16,4871.0,0.0,503.1,6,0,0.3,97.8
dataset-math500.model-qwen.alpha4.0.steps100.blocks-1.prefetch-budget-6.rank-longest_first.samples20.maxnew1024.seed10086.subtreePrefetch.vllm.log,4901,2026-08-13 22:34:26,4881.0,0.0,436.2,6,0,0.2,97.8
dataset-math500.model-qwen.alpha4.0.steps100.blocks-1.prefetch-budget-6.rank-longest_first.samples20.maxnew1024.seed10086.subtreePrefetch.vllm.log,4909,2026-08-13 22:34:36,4891.0,0.0,444.7,6,0,0.1,97.8
dataset-math500.model-qwen.alpha4.0.steps100.blocks-1.prefetch-budget-6.rank-longest_first.samples20.maxnew1024.seed10086.subtreePrefetch.vllm.log,4910,2026-08-13 22:34:46,4901.0,0.0,374.4,3,0,0.2,97.8
dataset-math500.model-qwen.alpha4.0.steps100.blocks-1.prefetch-budget-6.rank-longest_first.samples20.maxnew1024.seed10086.subtreePrefetch.vllm.log,4922,2026-08-13 22:34:56,4911.0,0.0,378.7,5,0,0.3,97.8
dataset-math500.model-qwen.alpha4.0.steps100.blocks-1.prefetch-budget-6.rank-longest_first.samples20.maxnew1024.seed10086.subtreePrefetch.vllm.log,4932,2026-08-13 22:35:06,4921.0,0.0,424.3,5,0,0.2,97.8
dataset-math500.model-qwen.alpha4.0.steps100.blocks-1.prefetch-budget-6.rank-longest_first.samples20.maxnew1024.seed10086.subtreePrefetch.vllm.log,4944,2026-08-13 22:35:16,4931.0,0.0,389.1,6,0,0.2,97.8
dataset-math500.model-qwen.alpha4.0.steps100.blocks-1.prefetch-budget-6.rank-longest_first.samples20.maxnew1024.seed10086.subtreePrefetch.vllm.log,4952,2026-08-13 22:35:26,4941.0,0.0,458.1,6,0,0.1,97.8
dataset-math500.model-qwen.alpha4.0.steps100.blocks-1.prefetch-budget-6.rank-longest_first.samples20.maxnew1024.seed10086.subtreePrefetch.vllm.log,4953,2026-08-13 22:35:36,4951.0,0.0,422.1,4,0,0.3,97.8
dataset-math500.model-qwen.alpha4.0.steps100.blocks-1.prefetch-budget-6.rank-longest_first.samples20.maxnew1024.seed10086.subtreePrefetch.vllm.log,4961,2026-08-13 22:35:46,4961.0,0.0,448.0,6,0,0.3,97.8
dataset-math500.model-qwen.alpha4.0.steps100.blocks-1.prefetch-budget-6.rank-longest_first.samples20.maxnew1024.seed10086.subtreePrefetch.vllm.log,4969,2026-08-13 22:35:56,4971.0,0.0,516.4,3,0,0.2,97.8
dataset-math500.model-qwen.alpha4.0.steps100.blocks-1.prefetch-budget-6.rank-longest_first.samples20.maxnew1024.seed10086.subtreePrefetch.vllm.log,4981,2026-08-13 22:36:06,4981.0,0.0,559.0,4,0,0.3,97.8
dataset-math500.model-qwen.alpha4.0.steps100.blocks-1.prefetch-budget-6.rank-longest_first.samples20.maxnew1024.seed10086.subtreePrefetch.vllm.log,5002,2026-08-13 22:36:16,4991.0,0.0,508.9,6,0,0.1,97.8
dataset-math500.model-qwen.alpha4.0.steps100.blocks-1.prefetch-budget-6.rank-longest_first.samples20.maxnew1024.seed10086.subtreePrefetch.vllm.log,5003,2026-08-13 22:36:26,5001.0,0.0,475.0,2,0,0.2,97.8
dataset-math500.model-qwen.alpha4.0.steps100.blocks-1.prefetch-budget-6.rank-longest_first.samples20.maxnew1024.seed10086.subtreePrefetch.vllm.log,5011,2026-08-13 22:36:36,5011.0,0.0,405.2,5,0,0.3,97.8
dataset-math500.model-qwen.alpha4.0.steps100.blocks-1.prefetch-budget-6.rank-longest_first.samples20.maxnew1024.seed10086.subtreePrefetch.vllm.log,5021,2026-08-13 22:36:46,5021.0,0.0,434.2,6,0,0.3,97.8
dataset-math500.model-qwen.alpha4.0.steps100.blocks-1.prefetch-budget-6.rank-longest_first.samples20.maxnew1024.seed10086.subtreePrefetch.vllm.log,5029,2026-08-13 22:36:56,5031.0,0.0,453.2,6,0,0.2,97.8
dataset-math500.model-qwen.alpha4.0.steps100.blocks-1.prefetch-budget-6.rank-longest_first.samples20.maxnew1024.seed10086.subtreePrefetch.vllm.log,5039,2026-08-13 22:37:06,5041.0,0.0,526.3,4,0,0.2,97.8
dataset-math500.model-qwen.alpha4.0.steps100.blocks-1.prefetch-budget-6.rank-longest_first.samples20.maxnew1024.seed10086.subtreePrefetch.vllm.log,5051,2026-08-13 22:37:16,5051.0,0.0,469.9,5,0,0.2,97.9
dataset-math500.model-qwen.alpha4.0.steps100.blocks-1.prefetch-budget-6.rank-longest_first.samples20.maxnew1024.seed10086.subtreePrefetch.vllm.log,5061,2026-08-13 22:37:26,5061.0,0.0,593.1,5,0,0.3,97.9
dataset-math500.model-qwen.alpha4.0.steps100.blocks-1.prefetch-budget-6.rank-longest_first.samples20.maxnew1024.seed10086.subtreePrefetch.vllm.log,5071,2026-08-13 22:37:36,5071.0,0.0,482.8,6,0,0.3,97.9
dataset-math500.model-qwen.alpha4.0.steps100.blocks-1.prefetch-budget-6.rank-longest_first.samples20.maxnew1024.seed10086.subtreePrefetch.vllm.log,5081,2026-08-13 22:37:46,5081.0,0.0,482.3,6,0,0.2,97.9
dataset-math500.model-qwen.alpha4.0.steps100.blocks-1.prefetch-budget-6.rank-longest_first.samples20.maxnew1024.seed10086.subtreePrefetch.vllm.log,5093,2026-08-13 22:37:56,5091.0,0.0,462.5,6,0,0.2,97.9
dataset-math500.model-qwen.alpha4.0.steps100.blocks-1.prefetch-budget-6.rank-longest_first.samples20.maxnew1024.seed10086.subtreePrefetch.vllm.log,5101,2026-08-13 22:38:06,5101.0,0.0,541.8,4,0,0.2,97.9
dataset-math500.model-qwen.alpha4.0.steps100.blocks-1.prefetch-budget-6.rank-longest_first.samples20.maxnew1024.seed10086.subtreePrefetch.vllm.log,5111,2026-08-13 22:38:16,5111.0,0.0,482.9,3,0,0.2,97.9
dataset-math500.model-qwen.alpha4.0.steps100.blocks-1.prefetch-budget-6.rank-longest_first.samples20.maxnew1024.seed10086.subtreePrefetch.vllm.log,5123,2026-08-13 22:38:26,5121.0,0.0,517.5,5,0,0.4,97.8
dataset-math500.model-qwen.alpha4.0.steps100.blocks-1.prefetch-budget-6.rank-longest_first.samples20.maxnew1024.seed10086.subtreePrefetch.vllm.log,5133,2026-08-13 22:38:36,5131.0,0.0,461.5,6,0,0.4,97.8
dataset-math500.model-qwen.alpha4.0.steps100.blocks-1.prefetch-budget-6.rank-longest_first.samples20.maxnew1024.seed10086.subtreePrefetch.vllm.log,5141,2026-08-13 22:38:46,5141.0,0.0,426.3,5,0,0.3,97.8
dataset-math500.model-qwen.alpha4.0.steps100.blocks-1.prefetch-budget-6.rank-longest_first.samples20.maxnew1024.seed10086.subtreePrefetch.vllm.log,5149,2026-08-13 22:38:56,5151.0,0.0,409.3,2,0,0.1,97.8
dataset-math500.model-qwen.alpha4.0.steps100.blocks-1.prefetch-budget-6.rank-longest_first.samples20.maxnew1024.seed10086.subtreePrefetch.vllm.log,5157,2026-08-13 22:39:06,5161.0,0.0,428.4,5,0,0.3,97.8
dataset-math500.model-qwen.alpha4.0.steps100.blocks-1.prefetch-budget-6.rank-longest_first.samples20.maxnew1024.seed10086.subtreePrefetch.vllm.log,5165,2026-08-13 22:39:16,5171.0,0.0,474.2,5,0,0.3,97.8
dataset-math500.model-qwen.alpha4.0.steps100.blocks-1.prefetch-budget-6.rank-longest_first.samples20.maxnew1024.seed10086.subtreePrefetch.vllm.log,5175,2026-08-13 22:39:26,5181.0,0.0,531.3,4,0,0.3,97.8
dataset-math500.model-qwen.alpha4.0.steps100.blocks-1.prefetch-budget-6.rank-longest_first.samples20.maxnew1024.seed10086.subtreePrefetch.vllm.log,5185,2026-08-13 22:39:36,5191.0,0.0,452.8,6,0,0.4,97.8
dataset-math500.model-qwen.alpha4.0.steps100.blocks-1.prefetch-budget-6.rank-longest_first.samples20.maxnew1024.seed10086.subtreePrefetch.vllm.log,5193,2026-08-13 22:39:47,5202.0,0.0,478.3,5,0,0.2,97.8
dataset-math500.model-qwen.alpha4.0.steps100.blocks-1.prefetch-budget-6.rank-longest_first.samples20.maxnew1024.seed10086.subtreePrefetch.vllm.log,5201,2026-08-13 22:39:57,5212.0,0.0,500.9,5,0,0.2,97.8
dataset-math500.model-qwen.alpha4.0.steps100.blocks-1.prefetch-budget-6.rank-longest_first.samples20.maxnew1024.seed10086.subtreePrefetch.vllm.log,5213,2026-08-13 22:40:07,5222.0,0.0,429.9,6,0,0.2,97.7
dataset-math500.model-qwen.alpha4.0.steps100.blocks-1.prefetch-budget-6.rank-longest_first.samples20.maxnew1024.seed10086.subtreePrefetch.vllm.log,5223,2026-08-13 22:40:17,5232.0,0.0,419.6,5,0,0.1,97.7
dataset-math500.model-qwen.alpha4.0.steps100.blocks-1.prefetch-budget-6.rank-longest_first.samples20.maxnew1024.seed10086.subtreePrefetch.vllm.log,5224,2026-08-13 22:40:27,5242.0,0.0,386.2,5,0,0.4,97.7
dataset-math500.model-qwen.alpha4.0.steps100.blocks-1.prefetch-budget-6.rank-longest_first.samples20.maxnew1024.seed10086.subtreePrefetch.vllm.log,5236,2026-08-13 22:40:37,5252.0,0.0,469.6,5,0,0.3,97.7
dataset-math500.model-qwen.alpha4.0.steps100.blocks-1.prefetch-budget-6.rank-longest_first.samples20.maxnew1024.seed10086.subtreePrefetch.vllm.log,5246,2026-08-13 22:40:47,5262.0,0.0,455.5,5,0,0.3,97.7
dataset-math500.model-qwen.alpha4.0.steps100.blocks-1.prefetch-budget-6.rank-longest_first.samples20.maxnew1024.seed10086.subtreePrefetch.vllm.log,5256,2026-08-13 22:40:57,5272.0,0.0,444.5,4,0,0.3,97.7
dataset-math500.model-qwen.alpha4.0.steps100.blocks-1.prefetch-budget-6.rank-longest_first.samples20.maxnew1024.seed10086.subtreePrefetch.vllm.log,5270,2026-08-13 22:41:07,5282.0,0.0,461.7,3,0,0.2,97.7
dataset-math500.model-qwen.alpha4.0.steps100.blocks-1.prefetch-budget-6.rank-longest_first.samples20.maxnew1024.seed10086.subtreePrefetch.vllm.log,5278,2026-08-13 22:41:17,5292.0,0.0,509.5,5,0,0.4,97.6
dataset-math500.model-qwen.alpha4.0.steps100.blocks-1.prefetch-budget-6.rank-longest_first.samples20.maxnew1024.seed10086.subtreePrefetch.vllm.log,5288,2026-08-13 22:41:27,5302.0,0.0,465.0,4,0,0.3,97.6
dataset-math500.model-qwen.alpha4.0.steps100.blocks-1.prefetch-budget-6.rank-longest_first.samples20.maxnew1024.seed10086.subtreePrefetch.vllm.log,5298,2026-08-13 22:41:37,5312.0,0.0,451.7,4,0,0.3,97.6
dataset-math500.model-qwen.alpha4.0.steps100.blocks-1.prefetch-budget-6.rank-longest_first.samples20.maxnew1024.seed10086.subtreePrefetch.vllm.log,5306,2026-08-13 22:41:47,5322.0,0.0,436.2,6,0,0.3,97.6
dataset-math500.model-qwen.alpha4.0.steps100.blocks-1.prefetch-budget-6.rank-longest_first.samples20.maxnew1024.seed10086.subtreePrefetch.vllm.log,5314,2026-08-13 22:41:57,5332.0,0.0,467.8,6,0,0.3,97.6
dataset-math500.model-qwen.alpha4.0.steps100.blocks-1.prefetch-budget-6.rank-longest_first.samples20.maxnew1024.seed10086.subtreePrefetch.vllm.log,5324,2026-08-13 22:42:07,5342.0,0.0,493.5,4,0,0.2,97.6
dataset-math500.model-qwen.alpha4.0.steps100.blocks-1.prefetch-budget-6.rank-longest_first.samples20.maxnew1024.seed10086.subtreePrefetch.vllm.log,5338,2026-08-13 22:42:17,5352.0,0.0,401.3,5,0,0.2,97.6
dataset-math500.model-qwen.alpha4.0.steps100.blocks-1.prefetch-budget-6.rank-longest_first.samples20.maxnew1024.seed10086.subtreePrefetch.vllm.log,5348,2026-08-13 22:42:27,5362.0,0.0,389.4,6,0,0.2,97.5
dataset-math500.model-qwen.alpha4.0.steps100.blocks-1.prefetch-budget-6.rank-longest_first.samples20.maxnew1024.seed10086.subtreePrefetch.vllm.log,5358,2026-08-13 22:42:37,5372.0,0.0,431.5,6,0,0.2,97.5
dataset-math500.model-qwen.alpha4.0.steps100.blocks-1.prefetch-budget-6.rank-longest_first.samples20.maxnew1024.seed10086.subtreePrefetch.vllm.log,5370,2026-08-13 22:42:47,5382.0,0.0,448.0,6,0,0.2,97.5
dataset-math500.model-qwen.alpha4.0.steps100.blocks-1.prefetch-budget-6.rank-longest_first.samples20.maxnew1024.seed10086.subtreePrefetch.vllm.log,5378,2026-08-13 22:42:57,5392.0,0.0,361.3,5,0,0.1,97.5
dataset-math500.model-qwen.alpha4.0.steps100.blocks-1.prefetch-budget-6.rank-longest_first.samples20.maxnew1024.seed10086.subtreePrefetch.vllm.log,5392,2026-08-13 22:43:07,5402.0,0.0,317.1,1,0,0.1,97.5
dataset-math500.model-qwen.alpha4.0.steps100.blocks-1.prefetch-budget-6.rank-longest_first.samples20.maxnew1024.seed10086.subtreePrefetch.vllm.log,5451,2026-08-13 22:43:17,5412.0,0.0,134.8,6,0,0.0,97.5
dataset-math500.model-qwen.alpha4.0.steps100.blocks-1.prefetch-budget-6.rank-longest_first.samples20.maxnew1024.seed10086.subtreePrefetch.vllm.log,5452,2026-08-13 22:43:27,5422.0,0.0,456.1,5,0,0.3,97.5
dataset-math500.model-qwen.alpha4.0.steps100.blocks-1.prefetch-budget-6.rank-longest_first.samples20.maxnew1024.seed10086.subtreePrefetch.vllm.log,5462,2026-08-13 22:43:37,5432.0,0.0,437.5,6,0,0.3,97.4
dataset-math500.model-qwen.alpha4.0.steps100.blocks-1.prefetch-budget-6.rank-longest_first.samples20.maxnew1024.seed10086.subtreePrefetch.vllm.log,5470,2026-08-13 22:43:47,5442.0,0.0,464.3,6,0,0.2,97.4
dataset-math500.model-qwen.alpha4.0.steps100.blocks-1.prefetch-budget-6.rank-longest_first.samples20.maxnew1024.seed10086.subtreePrefetch.vllm.log,5480,2026-08-13 22:43:57,5452.0,0.0,456.2,6,0,0.2,97.4
dataset-math500.model-qwen.alpha4.0.steps100.blocks-1.prefetch-budget-6.rank-longest_first.samples20.maxnew1024.seed10086.subtreePrefetch.vllm.log,5488,2026-08-13 22:44:07,5462.0,0.0,537.8,6,0,0.2,97.4
dataset-math500.model-qwen.alpha4.0.steps100.blocks-1.prefetch-budget-6.rank-longest_first.samples20.maxnew1024.seed10086.subtreePrefetch.vllm.log,5496,2026-08-13 22:44:17,5472.0,0.0,429.6,6,0,0.1,97.4
dataset-math500.model-qwen.alpha4.0.steps100.blocks-1.prefetch-budget-6.rank-longest_first.samples20.maxnew1024.seed10086.subtreePrefetch.vllm.log,5506,2026-08-13 22:44:27,5482.0,0.0,531.5,6,0,0.1,97.4
dataset-math500.model-qwen.alpha4.0.steps100.blocks-1.prefetch-budget-6.rank-longest_first.samples20.maxnew1024.seed10086.subtreePrefetch.vllm.log,5507,2026-08-13 22:44:37,5492.0,0.0,447.0,3,0,0.2,97.4
dataset-math500.model-qwen.alpha4.0.steps100.blocks-1.prefetch-budget-6.rank-longest_first.samples20.maxnew1024.seed10086.subtreePrefetch.vllm.log,5515,2026-08-13 22:44:47,5502.0,0.0,443.4,6,0,0.4,97.3
dataset-math500.model-qwen.alpha4.0.steps100.blocks-1.prefetch-budget-6.rank-longest_first.samples20.maxnew1024.seed10086.subtreePrefetch.vllm.log,5523,2026-08-13 22:44:57,5512.0,0.0,471.2,5,0,0.2,97.3
dataset-math500.model-qwen.alpha4.0.steps100.blocks-1.prefetch-budget-6.rank-longest_first.samples20.maxnew1024.seed10086.subtreePrefetch.vllm.log,5531,2026-08-13 22:45:07,5522.0,0.0,483.5,6,0,0.3,97.3
dataset-math500.model-qwen.alpha4.0.steps100.blocks-1.prefetch-budget-6.rank-longest_first.samples20.maxnew1024.seed10086.subtreePrefetch.vllm.log,5539,2026-08-13 22:45:17,5532.0,0.0,610.2,5,0,0.3,97.3
dataset-math500.model-qwen.alpha4.0.steps100.blocks-1.prefetch-budget-6.rank-longest_first.samples20.maxnew1024.seed10086.subtreePrefetch.vllm.log,5549,2026-08-13 22:45:27,5542.0,0.0,470.7,5,0,0.3,97.3
dataset-math500.model-qwen.alpha4.0.steps100.blocks-1.prefetch-budget-6.rank-longest_first.samples20.maxnew1024.seed10086.subtreePrefetch.vllm.log,5557,2026-08-13 22:45:37,5552.0,0.0,375.3,5,0,0.2,97.3
dataset-math500.model-qwen.alpha4.0.steps100.blocks-1.prefetch-budget-6.rank-longest_first.samples20.maxnew1024.seed10086.subtreePrefetch.vllm.log,5571,2026-08-13 22:45:47,5562.0,0.0,387.6,6,0,0.3,97.3
dataset-math500.model-qwen.alpha4.0.steps100.blocks-1.prefetch-budget-6.rank-longest_first.samples20.maxnew1024.seed10086.subtreePrefetch.vllm.log,5579,2026-08-13 22:45:57,5572.0,0.0,482.7,6,0,0.2,97.2
dataset-math500.model-qwen.alpha4.0.steps100.blocks-1.prefetch-budget-6.rank-longest_first.samples20.maxnew1024.seed10086.subtreePrefetch.vllm.log,5587,2026-08-13 22:46:07,5582.0,0.0,452.9,6,0,0.2,97.2
dataset-math500.model-qwen.alpha4.0.steps100.blocks-1.prefetch-budget-6.rank-longest_first.samples20.maxnew1024.seed10086.subtreePrefetch.vllm.log,5597,2026-08-13 22:46:17,5592.0,0.0,483.6,5,0,0.2,97.2
dataset-math500.model-qwen.alpha4.0.steps100.blocks-1.prefetch-budget-6.rank-longest_first.samples20.maxnew1024.seed10086.subtreePrefetch.vllm.log,5607,2026-08-13 22:46:27,5602.0,0.0,524.6,6,0,0.2,97.2
dataset-math500.model-qwen.alpha4.0.steps100.blocks-1.prefetch-budget-6.rank-longest_first.samples20.maxnew1024.seed10086.subtreePrefetch.vllm.log,5615,2026-08-13 22:46:37,5612.0,0.0,469.3,6,0,0.2,97.2
dataset-math500.model-qwen.alpha4.0.steps100.blocks-1.prefetch-budget-6.rank-longest_first.samples20.maxnew1024.seed10086.subtreePrefetch.vllm.log,5623,2026-08-13 22:46:47,5622.0,0.0,455.0,6,0,0.1,97.1
dataset-math500.model-qwen.alpha4.0.steps100.blocks-1.prefetch-budget-6.rank-longest_first.samples20.maxnew1024.seed10086.subtreePrefetch.vllm.log,5631,2026-08-13 22:46:57,5632.0,0.0,463.0,6,0,0.0,97.1
dataset-math500.model-qwen.alpha4.0.steps100.blocks-1.prefetch-budget-6.rank-longest_first.samples20.maxnew1024.seed10086.subtreePrefetch.vllm.log,5632,2026-08-13 22:47:07,5642.0,0.0,469.4,4,0,0.3,97.1
dataset-math500.model-qwen.alpha4.0.steps100.blocks-1.prefetch-budget-6.rank-longest_first.samples20.maxnew1024.seed10086.subtreePrefetch.vllm.log,5642,2026-08-13 22:47:17,5652.0,0.0,532.3,3,0,0.2,97.1
dataset-math500.model-qwen.alpha4.0.steps100.blocks-1.prefetch-budget-6.rank-longest_first.samples20.maxnew1024.seed10086.subtreePrefetch.vllm.log,5650,2026-08-13 22:47:27,5662.0,0.0,443.0,6,0,0.4,97.1
dataset-math500.model-qwen.alpha4.0.steps100.blocks-1.prefetch-budget-6.rank-longest_first.samples20.maxnew1024.seed10086.subtreePrefetch.vllm.log,5658,2026-08-13 22:47:37,5672.0,0.0,452.7,6,0,0.3,97.1
dataset-math500.model-qwen.alpha4.0.steps100.blocks-1.prefetch-budget-6.rank-longest_first.samples20.maxnew1024.seed10086.subtreePrefetch.vllm.log,5666,2026-08-13 22:47:47,5682.0,0.0,463.4,5,0,0.2,97.1
dataset-math500.model-qwen.alpha4.0.steps100.blocks-1.prefetch-budget-6.rank-longest_first.samples20.maxnew1024.seed10086.subtreePrefetch.vllm.log,5674,2026-08-13 22:47:57,5692.0,0.0,461.7,6,0,0.2,97.0
dataset-math500.model-qwen.alpha4.0.steps100.blocks-1.prefetch-budget-6.rank-longest_first.samples20.maxnew1024.seed10086.subtreePrefetch.vllm.log,5682,2026-08-13 22:48:07,5702.0,0.0,400.6,6,0,0.1,97.0
dataset-math500.model-qwen.alpha4.0.steps100.blocks-1.prefetch-budget-6.rank-longest_first.samples20.maxnew1024.seed10086.subtreePrefetch.vllm.log,5690,2026-08-13 22:48:17,5712.0,0.0,483.3,6,0,0.1,97.1
dataset-math500.model-qwen.alpha4.0.steps100.blocks-1.prefetch-budget-6.rank-longest_first.samples20.maxnew1024.seed10086.subtreePrefetch.vllm.log,5691,2026-08-13 22:48:27,5722.0,0.0,404.1,2,0,0.2,97.1
dataset-math500.model-qwen.alpha4.0.steps100.blocks-1.prefetch-budget-6.rank-longest_first.samples20.maxnew1024.seed10086.subtreePrefetch.vllm.log,5701,2026-08-13 22:48:37,5732.0,0.0,413.7,3,0,0.2,97.1
dataset-math500.model-qwen.alpha4.0.steps100.blocks-1.prefetch-budget-6.rank-longest_first.samples20.maxnew1024.seed10086.subtreePrefetch.vllm.log,5709,2026-08-13 22:48:47,5742.0,0.0,428.7,6,0,0.3,97.1
dataset-math500.model-qwen.alpha4.0.steps100.blocks-1.prefetch-budget-6.rank-longest_first.samples20.maxnew1024.seed10086.subtreePrefetch.vllm.log,5717,2026-08-13 22:48:57,5752.0,0.0,475.4,5,0,0.2,97.1
dataset-math500.model-qwen.alpha4.0.steps100.blocks-1.prefetch-budget-6.rank-longest_first.samples20.maxnew1024.seed10086.subtreePrefetch.vllm.log,5727,2026-08-13 22:49:07,5762.0,0.0,518.2,6,0,0.2,97.1
dataset-math500.model-qwen.alpha4.0.steps100.blocks-1.prefetch-budget-6.rank-longest_first.samples20.maxnew1024.seed10086.subtreePrefetch.vllm.log,5735,2026-08-13 22:49:17,5772.0,0.0,464.7,6,0,0.2,97.0
dataset-math500.model-qwen.alpha4.0.steps100.blocks-1.prefetch-budget-6.rank-longest_first.samples20.maxnew1024.seed10086.subtreePrefetch.vllm.log,5743,2026-08-13 22:49:27,5782.0,0.0,517.8,5,0,0.2,97.0
dataset-math500.model-qwen.alpha4.0.steps100.blocks-1.prefetch-budget-6.rank-longest_first.samples20.maxnew1024.seed10086.subtreePrefetch.vllm.log,5755,2026-08-13 22:49:37,5792.0,0.0,534.8,6,0,0.2,97.0
dataset-math500.model-qwen.alpha4.0.steps100.blocks-1.prefetch-budget-6.rank-longest_first.samples20.maxnew1024.seed10086.subtreePrefetch.vllm.log,5763,2026-08-13 22:49:47,5802.0,0.0,474.5,6,0,0.1,97.0
dataset-math500.model-qwen.alpha4.0.steps100.blocks-1.prefetch-budget-6.rank-longest_first.samples20.maxnew1024.seed10086.subtreePrefetch.vllm.log,5771,2026-08-13 22:49:57,5812.0,0.0,469.7,6,0,0.1,97.0
dataset-math500.model-qwen.alpha4.0.steps100.blocks-1.prefetch-budget-6.rank-longest_first.samples20.maxnew1024.seed10086.subtreePrefetch.vllm.log,5772,2026-08-13 22:50:07,5822.0,0.0,381.0,3,0,0.2,97.0
dataset-math500.model-qwen.alpha4.0.steps100.blocks-1.prefetch-budget-6.rank-longest_first.samples20.maxnew1024.seed10086.subtreePrefetch.vllm.log,5784,2026-08-13 22:50:17,5832.0,0.0,415.0,6,0,0.3,97.0
dataset-math500.model-qwen.alpha4.0.steps100.blocks-1.prefetch-budget-6.rank-longest_first.samples20.maxnew1024.seed10086.subtreePrefetch.vllm.log,5792,2026-08-13 22:50:27,5842.0,0.0,467.6,6,0,0.2,97.0
dataset-math500.model-qwen.alpha4.0.steps100.blocks-1.prefetch-budget-6.rank-longest_first.samples20.maxnew1024.seed10086.subtreePrefetch.vllm.log,5802,2026-08-13 22:50:37,5852.0,0.0,428.9,6,0,0.1,97.0
dataset-math500.model-qwen.alpha4.0.steps100.blocks-1.prefetch-budget-6.rank-longest_first.samples20.maxnew1024.seed10086.subtreePrefetch.vllm.log,5803,2026-08-13 22:50:47,5862.0,0.0,434.6,1,0,0.1,97.0
dataset-math500.model-qwen.alpha4.0.steps100.blocks-1.prefetch-budget-6.rank-longest_first.samples20.maxnew1024.seed10086.subtreePrefetch.vllm.log,5813,2026-08-13 22:50:57,5872.0,0.0,532.1,3,0,0.2,97.0
dataset-math500.model-qwen.alpha4.0.steps100.blocks-1.prefetch-budget-6.rank-longest_first.samples20.maxnew1024.seed10086.subtreePrefetch.vllm.log,5838,2026-08-13 22:51:07,5882.0,0.0,399.4,5,0,0.1,97.0
dataset-math500.model-qwen.alpha4.0.steps100.blocks-1.prefetch-budget-6.rank-longest_first.samples20.maxnew1024.seed10086.subtreePrefetch.vllm.log,5848,2026-08-13 22:51:17,5892.0,0.0,525.4,6,0,0.2,97.0
dataset-math500.model-qwen.alpha4.0.steps100.blocks-1.prefetch-budget-6.rank-longest_first.samples20.maxnew1024.seed10086.subtreePrefetch.vllm.log,5858,2026-08-13 22:51:27,5902.0,0.0,322.5,6,0,0.1,97.0
dataset-math500.model-qwen.alpha4.0.steps100.blocks-1.prefetch-budget-6.rank-longest_first.samples20.maxnew1024.seed10086.subtreePrefetch.vllm.log,5866,2026-08-13 22:51:37,5912.0,0.0,464.3,6,0,0.1,97.0
dataset-math500.model-qwen.alpha4.0.steps100.blocks-1.prefetch-budget-6.rank-longest_first.samples20.maxnew1024.seed10086.subtreePrefetch.vllm.log,5874,2026-08-13 22:51:47,5922.0,0.0,461.3,6,0,0.1,97.0
dataset-math500.model-qwen.alpha4.0.steps100.blocks-1.prefetch-budget-6.rank-longest_first.samples20.maxnew1024.seed10086.subtreePrefetch.vllm.log,5884,2026-08-13 22:51:57,5932.0,0.0,554.4,4,0,0.1,97.0
dataset-math500.model-qwen.alpha4.0.steps100.blocks-1.prefetch-budget-6.rank-longest_first.samples20.maxnew1024.seed10086.subtreePrefetch.vllm.log,5898,2026-08-13 22:52:07,5942.0,0.0,446.7,5,0,0.2,97.1
dataset-math500.model-qwen.alpha4.0.steps100.blocks-1.prefetch-budget-6.rank-longest_first.samples20.maxnew1024.seed10086.subtreePrefetch.vllm.log,5908,2026-08-13 22:52:17,5952.0,0.0,520.2,5,0,0.2,97.1
dataset-math500.model-qwen.alpha4.0.steps100.blocks-1.prefetch-budget-6.rank-longest_first.samples20.maxnew1024.seed10086.subtreePrefetch.vllm.log,5918,2026-08-13 22:52:27,5962.0,0.0,535.4,5,0,0.2,97.1
dataset-math500.model-qwen.alpha4.0.steps100.blocks-1.prefetch-budget-6.rank-longest_first.samples20.maxnew1024.seed10086.subtreePrefetch.vllm.log,5928,2026-08-13 22:52:37,5972.0,0.0,517.6,6,0,0.2,97.1
dataset-math500.model-qwen.alpha4.0.steps100.blocks-1.prefetch-budget-6.rank-longest_first.samples20.maxnew1024.seed10086.subtreePrefetch.vllm.log,5936,2026-08-13 22:52:47,5982.0,0.0,455.0,6,0,0.2,97.1
dataset-math500.model-qwen.alpha4.0.steps100.blocks-1.prefetch-budget-6.rank-longest_first.samples20.maxnew1024.seed10086.subtreePrefetch.vllm.log,5944,2026-08-13 22:52:57,5992.0,0.0,479.4,6,0,0.2,97.0
dataset-math500.model-qwen.alpha4.0.steps100.blocks-1.prefetch-budget-6.rank-longest_first.samples20.maxnew1024.seed10086.subtreePrefetch.vllm.log,5954,2026-08-13 22:53:07,6002.0,0.0,455.9,6,0,0.1,97.0
dataset-math500.model-qwen.alpha4.0.steps100.blocks-1.prefetch-budget-6.rank-longest_first.samples20.maxnew1024.seed10086.subtreePrefetch.vllm.log,5962,2026-08-13 22:53:17,6012.0,0.0,479.2,6,0,0.1,97.0
dataset-math500.model-qwen.alpha4.0.steps100.blocks-1.prefetch-budget-6.rank-longest_first.samples20.maxnew1024.seed10086.subtreePrefetch.vllm.log,5963,2026-08-13 22:53:27,6022.0,0.0,461.2,6,0,0.4,97.0
dataset-math500.model-qwen.alpha4.0.steps100.blocks-1.prefetch-budget-6.rank-longest_first.samples20.maxnew1024.seed10086.subtreePrefetch.vllm.log,5986,2026-08-13 22:53:37,6032.0,0.0,409.8,6,0,0.1,97.0
dataset-math500.model-qwen.alpha4.0.steps100.blocks-1.prefetch-budget-6.rank-longest_first.samples20.maxnew1024.seed10086.subtreePrefetch.vllm.log,5987,2026-08-13 22:53:47,6042.0,0.0,469.7,5,0,0.4,97.0
dataset-math500.model-qwen.alpha4.0.steps100.blocks-1.prefetch-budget-6.rank-longest_first.samples20.maxnew1024.seed10086.subtreePrefetch.vllm.log,5995,2026-08-13 22:53:57,6052.0,0.0,450.3,6,0,0.4,97.0
dataset-math500.model-qwen.alpha4.0.steps100.blocks-1.prefetch-budget-6.rank-longest_first.samples20.maxnew1024.seed10086.subtreePrefetch.vllm.log,6003,2026-08-13 22:54:07,6062.0,0.0,444.2,6,0,0.3,97.1
dataset-math500.model-qwen.alpha4.0.steps100.blocks-1.prefetch-budget-6.rank-longest_first.samples20.maxnew1024.seed10086.subtreePrefetch.vllm.log,6013,2026-08-13 22:54:17,6072.0,0.0,395.7,4,0,0.2,97.1
dataset-math500.model-qwen.alpha4.0.steps100.blocks-1.prefetch-budget-6.rank-longest_first.samples20.maxnew1024.seed10086.subtreePrefetch.vllm.log,6027,2026-08-13 22:54:27,6082.0,0.0,291.7,6,0,0.1,97.1
dataset-math500.model-qwen.alpha4.0.steps100.blocks-1.prefetch-budget-6.rank-longest_first.samples20.maxnew1024.seed10086.subtreePrefetch.vllm.log,6035,2026-08-13 22:54:37,6092.0,0.0,455.7,5,0,0.1,97.1
dataset-math500.model-qwen.alpha4.0.steps100.blocks-1.prefetch-budget-6.rank-longest_first.samples20.maxnew1024.seed10086.subtreePrefetch.vllm.log,6047,2026-08-13 22:54:47,6102.0,0.0,507.4,6,0,0.2,97.1
dataset-math500.model-qwen.alpha4.0.steps100.blocks-1.prefetch-budget-6.rank-longest_first.samples20.maxnew1024.seed10086.subtreePrefetch.vllm.log,6055,2026-08-13 22:54:57,6112.0,0.0,480.3,6,0,0.2,97.1
dataset-math500.model-qwen.alpha4.0.steps100.blocks-1.prefetch-budget-6.rank-longest_first.samples20.maxnew1024.seed10086.subtreePrefetch.vllm.log,6056,2026-08-13 22:55:07,6122.0,0.0,326.0,2,0,0.2,97.1
dataset-math500.model-qwen.alpha4.0.steps100.blocks-1.prefetch-budget-6.rank-longest_first.samples20.maxnew1024.seed10086.subtreePrefetch.vllm.log,6068,2026-08-13 22:55:17,6132.0,0.0,413.2,5,0,0.3,97.1
dataset-math500.model-qwen.alpha4.0.steps100.blocks-1.prefetch-budget-6.rank-longest_first.samples20.maxnew1024.seed10086.subtreePrefetch.vllm.log,6078,2026-08-13 22:55:27,6142.0,0.0,447.4,6,0,0.3,97.1
dataset-math500.model-qwen.alpha4.0.steps100.blocks-1.prefetch-budget-6.rank-longest_first.samples20.maxnew1024.seed10086.subtreePrefetch.vllm.log,6088,2026-08-13 22:55:37,6152.0,0.0,458.8,6,0,0.2,97.1
dataset-math500.model-qwen.alpha4.0.steps100.blocks-1.prefetch-budget-6.rank-longest_first.samples20.maxnew1024.seed10086.subtreePrefetch.vllm.log,6098,2026-08-13 22:55:47,6162.0,0.0,353.3,6,0,0.2,97.1
dataset-math500.model-qwen.alpha4.0.steps100.blocks-1.prefetch-budget-6.rank-longest_first.samples20.maxnew1024.seed10086.subtreePrefetch.vllm.log,6108,2026-08-13 22:55:57,6172.0,0.0,428.7,5,0,0.2,97.1
dataset-math500.model-qwen.alpha4.0.steps100.blocks-1.prefetch-budget-6.rank-longest_first.samples20.maxnew1024.seed10086.subtreePrefetch.vllm.log,6118,2026-08-13 22:56:07,6182.0,0.0,400.0,6,0,0.2,97.1
dataset-math500.model-qwen.alpha4.0.steps100.blocks-1.prefetch-budget-6.rank-longest_first.samples20.maxnew1024.seed10086.subtreePrefetch.vllm.log,6132,2026-08-13 22:56:17,6192.0,0.0,488.6,6,0,0.2,97.1
dataset-math500.model-qwen.alpha4.0.steps100.blocks-1.prefetch-budget-6.rank-longest_first.samples20.maxnew1024.seed10086.subtreePrefetch.vllm.log,6140,2026-08-13 22:56:27,6202.0,0.0,428.6,5,0,0.2,97.2
dataset-math500.model-qwen.alpha4.0.steps100.blocks-1.prefetch-budget-6.rank-longest_first.samples20.maxnew1024.seed10086.subtreePrefetch.vllm.log,6156,2026-08-13 22:56:37,6212.0,0.0,243.8,6,0,0.1,97.2
dataset-math500.model-qwen.alpha4.0.steps100.blocks-1.prefetch-budget-6.rank-longest_first.samples20.maxnew1024.seed10086.subtreePrefetch.vllm.log,6166,2026-08-13 22:56:47,6222.0,0.0,460.7,5,0,0.1,97.2
dataset-math500.model-qwen.alpha4.0.steps100.blocks-1.prefetch-budget-6.rank-longest_first.samples20.maxnew1024.seed10086.subtreePrefetch.vllm.log,6217,2026-08-13 22:56:57,6232.0,0.0,244.7,1,0,0.0,97.1
dataset-math500.model-qwen.alpha4.0.steps100.blocks-1.prefetch-budget-6.rank-longest_first.samples20.maxnew1024.seed10086.subtreePrefetch.vllm.log,6220,2026-08-13 22:57:07,6242.0,0.0,226.1,6,0,0.2,97.1
dataset-math500.model-qwen.alpha4.0.steps100.blocks-1.prefetch-budget-6.rank-longest_first.samples20.maxnew1024.seed10086.subtreePrefetch.vllm.log,6230,2026-08-13 22:57:17,6252.0,0.0,426.4,6,0,0.1,97.1
dataset-math500.model-qwen.alpha4.0.steps100.blocks-1.prefetch-budget-6.rank-longest_first.samples20.maxnew1024.seed10086.subtreePrefetch.vllm.log,6231,2026-08-13 22:57:27,6262.0,0.0,428.2,5,0,0.3,97.1
dataset-math500.model-qwen.alpha4.0.steps100.blocks-1.prefetch-budget-6.rank-longest_first.samples20.maxnew1024.seed10086.subtreePrefetch.vllm.log,6243,2026-08-13 22:57:37,6272.0,0.0,425.6,6,0,0.3,97.1
dataset-math500.model-qwen.alpha4.0.steps100.blocks-1.prefetch-budget-6.rank-longest_first.samples20.maxnew1024.seed10086.subtreePrefetch.vllm.log,6251,2026-08-13 22:57:47,6282.0,0.0,415.9,5,0,0.2,97.1
dataset-math500.model-qwen.alpha4.0.steps100.blocks-1.prefetch-budget-6.rank-longest_first.samples20.maxnew1024.seed10086.subtreePrefetch.vllm.log,6261,2026-08-13 22:57:57,6292.0,0.0,398.2,6,0,0.1,97.1
dataset-math500.model-qwen.alpha4.0.steps100.blocks-1.prefetch-budget-6.rank-longest_first.samples20.maxnew1024.seed10086.subtreePrefetch.vllm.log,6269,2026-08-13 22:58:07,6302.0,0.0,453.4,6,0,0.1,97.1
dataset-math500.model-qwen.alpha4.0.steps100.blocks-1.prefetch-budget-6.rank-longest_first.samples20.maxnew1024.seed10086.subtreePrefetch.vllm.log,6270,2026-08-13 22:58:17,6312.0,0.0,445.0,5,0,0.3,97.1
dataset-math500.model-qwen.alpha4.0.steps100.blocks-1.prefetch-budget-6.rank-longest_first.samples20.maxnew1024.seed10086.subtreePrefetch.vllm.log,6280,2026-08-13 22:58:27,6322.0,0.0,419.2,5,0,0.3,97.1
dataset-math500.model-qwen.alpha4.0.steps100.blocks-1.prefetch-budget-6.rank-longest_first.samples20.maxnew1024.seed10086.subtreePrefetch.vllm.log,6290,2026-08-13 22:58:37,6332.0,0.0,403.2,4,0,0.2,97.1
dataset-math500.model-qwen.alpha4.0.steps100.blocks-1.prefetch-budget-6.rank-longest_first.samples20.maxnew1024.seed10086.subtreePrefetch.vllm.log,6302,2026-08-13 22:58:47,6342.0,0.0,472.2,6,0,0.3,97.1
dataset-math500.model-qwen.alpha4.0.steps100.blocks-1.prefetch-budget-6.rank-longest_first.samples20.maxnew1024.seed10086.subtreePrefetch.vllm.log,6310,2026-08-13 22:58:57,6352.0,0.0,476.6,4,0,0.2,97.1
dataset-math500.model-qwen.alpha4.0.steps100.blocks-1.prefetch-budget-6.rank-longest_first.samples20.maxnew1024.seed10086.subtreePrefetch.vllm.log,6320,2026-08-13 22:59:07,6362.0,0.0,471.1,6,0,0.3,97.1
dataset-math500.model-qwen.alpha4.0.steps100.blocks-1.prefetch-budget-6.rank-longest_first.samples20.maxnew1024.seed10086.subtreePrefetch.vllm.log,6330,2026-08-13 22:59:17,6372.0,0.0,351.1,6,0,0.2,97.1
dataset-math500.model-qwen.alpha4.0.steps100.blocks-1.prefetch-budget-6.rank-longest_first.samples20.maxnew1024.seed10086.subtreePrefetch.vllm.log,6340,2026-08-13 22:59:27,6382.0,0.0,428.2,6,0,0.1,97.1
dataset-math500.model-qwen.alpha4.0.steps100.blocks-1.prefetch-budget-6.rank-longest_first.samples20.maxnew1024.seed10086.subtreePrefetch.vllm.log,6350,2026-08-13 22:59:37,6392.0,0.0,431.5,6,0,0.1,97.1
dataset-math500.model-qwen.alpha4.0.steps100.blocks-1.prefetch-budget-6.rank-longest_first.samples20.maxnew1024.seed10086.subtreePrefetch.vllm.log,6351,2026-08-13 22:59:47,6402.0,0.0,409.1,3,0,0.2,97.1
dataset-math500.model-qwen.alpha4.0.steps100.blocks-1.prefetch-budget-6.rank-longest_first.samples20.maxnew1024.seed10086.subtreePrefetch.vllm.log,6361,2026-08-13 22:59:57,6412.0,0.0,437.5,6,0,0.3,97.1
dataset-math500.model-qwen.alpha4.0.steps100.blocks-1.prefetch-budget-6.rank-longest_first.samples20.maxnew1024.seed10086.subtreePrefetch.vllm.log,6371,2026-08-13 23:00:07,6422.0,0.0,432.2,4,0,0.2,97.1
dataset-math500.model-qwen.alpha4.0.steps100.blocks-1.prefetch-budget-6.rank-longest_first.samples20.maxnew1024.seed10086.subtreePrefetch.vllm.log,6381,2026-08-13 23:00:17,6432.0,0.0,457.7,4,0,0.2,97.0
dataset-math500.model-qwen.alpha4.0.steps100.blocks-1.prefetch-budget-6.rank-longest_first.samples20.maxnew1024.seed10086.subtreePrefetch.vllm.log,6393,2026-08-13 23:00:27,6442.0,0.0,472.5,6,0,0.2,97.1
dataset-math500.model-qwen.alpha4.0.steps100.blocks-1.prefetch-budget-6.rank-longest_first.samples20.maxnew1024.seed10086.subtreePrefetch.vllm.log,6401,2026-08-13 23:00:37,6452.0,0.0,461.9,6,0,0.1,97.1
dataset-math500.model-qwen.alpha4.0.steps100.blocks-1.prefetch-budget-6.rank-longest_first.samples20.maxnew1024.seed10086.subtreePrefetch.vllm.log,6409,2026-08-13 23:00:47,6462.0,0.0,467.2,6,0,0.1,97.1
dataset-math500.model-qwen.alpha4.0.steps100.blocks-1.prefetch-budget-6.rank-longest_first.samples20.maxnew1024.seed10086.subtreePrefetch.vllm.log,6417,2026-08-13 23:00:57,6472.0,0.0,442.8,6,0,0.1,97.1
dataset-math500.model-qwen.alpha4.0.steps100.blocks-1.prefetch-budget-6.rank-longest_first.samples20.maxnew1024.seed10086.subtreePrefetch.vllm.log,6429,2026-08-13 23:01:07,6482.0,0.0,488.8,6,0,0.0,97.1
dataset-math500.model-qwen.alpha4.0.steps100.blocks-1.prefetch-budget-6.rank-longest_first.samples20.maxnew1024.seed10086.subtreePrefetch.vllm.log,6430,2026-08-13 23:01:17,6492.0,0.0,461.2,6,0,0.4,97.1
dataset-math500.model-qwen.alpha4.0.steps100.blocks-1.prefetch-budget-6.rank-longest_first.samples20.maxnew1024.seed10086.subtreePrefetch.vllm.log,6438,2026-08-13 23:01:27,6502.0,0.0,435.3,4,0,0.2,97.1
dataset-math500.model-qwen.alpha4.0.steps100.blocks-1.prefetch-budget-6.rank-longest_first.samples20.maxnew1024.seed10086.subtreePrefetch.vllm.log,6450,2026-08-13 23:01:37,6512.0,0.0,419.8,5,0,0.3,97.1
dataset-math500.model-qwen.alpha4.0.steps100.blocks-1.prefetch-budget-6.rank-longest_first.samples20.maxnew1024.seed10086.subtreePrefetch.vllm.log,6460,2026-08-13 23:01:47,6522.0,0.0,411.7,6,0,0.3,97.1
dataset-math500.model-qwen.alpha4.0.steps100.blocks-1.prefetch-budget-6.rank-longest_first.samples20.maxnew1024.seed10086.subtreePrefetch.vllm.log,6468,2026-08-13 23:01:57,6532.0,0.0,443.4,6,0,0.2,97.1
dataset-math500.model-qwen.alpha4.0.steps100.blocks-1.prefetch-budget-6.rank-longest_first.samples20.maxnew1024.seed10086.subtreePrefetch.vllm.log,6476,2026-08-13 23:02:07,6542.0,0.0,480.8,6,0,0.1,97.1
dataset-math500.model-qwen.alpha4.0.steps100.blocks-1.prefetch-budget-6.rank-longest_first.samples20.maxnew1024.seed10086.subtreePrefetch.vllm.log,6484,2026-08-13 23:02:17,6552.0,0.0,489.5,6,0,0.1,97.1
dataset-math500.model-qwen.alpha4.0.steps100.blocks-1.prefetch-budget-6.rank-longest_first.samples20.maxnew1024.seed10086.subtreePrefetch.vllm.log,6500,2026-08-13 23:02:27,6562.0,0.0,405.4,6,0,0.1,97.1
dataset-math500.model-qwen.alpha4.0.steps100.blocks-1.prefetch-budget-6.rank-longest_first.samples20.maxnew1024.seed10086.subtreePrefetch.vllm.log,6508,2026-08-13 23:02:37,6572.0,0.0,465.9,6,0,0.1,97.1
dataset-math500.model-qwen.alpha4.0.steps100.blocks-1.prefetch-budget-6.rank-longest_first.samples20.maxnew1024.seed10086.subtreePrefetch.vllm.log,6518,2026-08-13 23:02:47,6582.0,0.0,495.2,5,0,0.1,97.1
dataset-math500.model-qwen.alpha4.0.steps100.blocks-1.prefetch-budget-6.rank-longest_first.samples20.maxnew1024.seed10086.subtreePrefetch.vllm.log,6526,2026-08-13 23:02:57,6592.0,0.0,469.8,4,0,0.2,97.1
dataset-math500.model-qwen.alpha4.0.steps100.blocks-1.prefetch-budget-6.rank-longest_first.samples20.maxnew1024.seed10086.subtreePrefetch.vllm.log,6542,2026-08-13 23:03:07,6602.0,0.0,404.7,3,0,0.2,97.2
dataset-math500.model-qwen.alpha4.0.steps100.blocks-1.prefetch-budget-6.rank-longest_first.samples20.maxnew1024.seed10086.subtreePrefetch.vllm.log,6556,2026-08-13 23:03:17,6612.0,0.0,516.0,3,0,0.2,97.1
dataset-math500.model-qwen.alpha4.0.steps100.blocks-1.prefetch-budget-6.rank-longest_first.samples20.maxnew1024.seed10086.subtreePrefetch.vllm.log,6575,2026-08-13 23:03:27,6622.0,0.0,481.9,5,0,0.1,97.2
dataset-math500.model-qwen.alpha4.0.steps100.blocks-1.prefetch-budget-6.rank-longest_first.samples20.maxnew1024.seed10086.subtreePrefetch.vllm.log,6576,2026-08-13 23:03:37,6632.0,0.0,368.5,3,0,0.2,97.2
dataset-math500.model-qwen.alpha4.0.steps100.blocks-1.prefetch-budget-6.rank-longest_first.samples20.maxnew1024.seed10086.subtreePrefetch.vllm.log,6590,2026-08-13 23:03:47,6642.0,0.0,420.3,3,0,0.2,97.2
dataset-math500.model-qwen.alpha4.0.steps100.blocks-1.prefetch-budget-6.rank-longest_first.samples20.maxnew1024.seed10086.subtreePrefetch.vllm.log,6602,2026-08-13 23:03:57,6652.0,0.0,460.2,4,0,0.3,97.2
dataset-math500.model-qwen.alpha4.0.steps100.blocks-1.prefetch-budget-6.rank-longest_first.samples20.maxnew1024.seed10086.subtreePrefetch.vllm.log,6612,2026-08-13 23:04:07,6662.0,0.0,405.2,6,0,0.3,97.2
dataset-math500.model-qwen.alpha4.0.steps100.blocks-1.prefetch-budget-6.rank-longest_first.samples20.maxnew1024.seed10086.subtreePrefetch.vllm.log,6620,2026-08-13 23:04:17,6672.0,0.0,464.1,6,0,0.2,97.2
dataset-math500.model-qwen.alpha4.0.steps100.blocks-1.prefetch-budget-6.rank-longest_first.samples20.maxnew1024.seed10086.subtreePrefetch.vllm.log,6628,2026-08-13 23:04:27,6682.0,0.0,437.7,6,0,0.2,97.2
dataset-math500.model-qwen.alpha4.0.steps100.blocks-1.prefetch-budget-6.rank-longest_first.samples20.maxnew1024.seed10086.subtreePrefetch.vllm.log,6636,2026-08-13 23:04:37,6692.0,0.0,462.3,6,0,0.2,97.2
dataset-math500.model-qwen.alpha4.0.steps100.blocks-1.prefetch-budget-6.rank-longest_first.samples20.maxnew1024.seed10086.subtreePrefetch.vllm.log,6646,2026-08-13 23:04:47,6702.0,0.0,472.8,6,0,0.2,97.2
dataset-math500.model-qwen.alpha4.0.steps100.blocks-1.prefetch-budget-6.rank-longest_first.samples20.maxnew1024.seed10086.subtreePrefetch.vllm.log,6656,2026-08-13 23:04:57,6712.0,0.0,485.9,6,0,0.1,97.2
dataset-math500.model-qwen.alpha4.0.steps100.blocks-1.prefetch-budget-6.rank-longest_first.samples20.maxnew1024.seed10086.subtreePrefetch.vllm.log,6657,2026-08-13 23:05:07,6722.0,0.0,467.8,4,0,0.3,97.2
dataset-math500.model-qwen.alpha4.0.steps100.blocks-1.prefetch-budget-6.rank-longest_first.samples20.maxnew1024.seed10086.subtreePrefetch.vllm.log,6676,2026-08-13 23:05:17,6732.0,0.0,487.4,6,0,0.1,97.2
dataset-math500.model-qwen.alpha4.0.steps100.blocks-1.prefetch-budget-6.rank-longest_first.samples20.maxnew1024.seed10086.subtreePrefetch.vllm.log,6686,2026-08-13 23:05:27,6742.0,0.0,527.9,6,0,0.1,97.2
dataset-math500.model-qwen.alpha4.0.steps100.blocks-1.prefetch-budget-6.rank-longest_first.samples20.maxnew1024.seed10086.subtreePrefetch.vllm.log,6696,2026-08-13 23:05:37,6752.0,0.0,531.6,6,0,0.2,97.2
dataset-math500.model-qwen.alpha4.0.steps100.blocks-1.prefetch-budget-6.rank-longest_first.samples20.maxnew1024.seed10086.subtreePrefetch.vllm.log,6706,2026-08-13 23:05:47,6762.0,0.0,526.3,5,0,0.1,97.2
dataset-math500.model-qwen.alpha4.0.steps100.blocks-1.prefetch-budget-6.rank-longest_first.samples20.maxnew1024.seed10086.subtreePrefetch.vllm.log,6716,2026-08-13 23:05:57,6772.0,0.0,483.4,5,0,0.2,97.2
dataset-math500.model-qwen.alpha4.0.steps100.blocks-1.prefetch-budget-6.rank-longest_first.samples20.maxnew1024.seed10086.subtreePrefetch.vllm.log,6730,2026-08-13 23:06:07,6782.0,0.0,368.3,6,0,0.1,97.2
dataset-math500.model-qwen.alpha4.0.steps100.blocks-1.prefetch-budget-6.rank-longest_first.samples20.maxnew1024.seed10086.subtreePrefetch.vllm.log,6738,2026-08-13 23:06:17,6792.0,0.0,479.9,6,0,0.2,97.2
dataset-math500.model-qwen.alpha4.0.steps100.blocks-1.prefetch-budget-6.rank-longest_first.samples20.maxnew1024.seed10086.subtreePrefetch.vllm.log,6739,2026-08-13 23:06:27,6802.0,0.0,354.5,3,0,0.2,97.2
dataset-math500.model-qwen.alpha4.0.steps100.blocks-1.prefetch-budget-6.rank-longest_first.samples20.maxnew1024.seed10086.subtreePrefetch.vllm.log,6760,2026-08-13 23:06:37,6812.0,0.0,477.4,6,0,0.1,97.2
dataset-math500.model-qwen.alpha4.0.steps100.blocks-1.prefetch-budget-6.rank-longest_first.samples20.maxnew1024.seed10086.subtreePrefetch.vllm.log,6761,2026-08-13 23:06:47,6822.0,0.0,408.8,4,0,0.3,97.2
dataset-math500.model-qwen.alpha4.0.steps100.blocks-1.prefetch-budget-6.rank-longest_first.samples20.maxnew1024.seed10086.subtreePrefetch.vllm.log,6773,2026-08-13 23:06:57,6832.0,0.0,410.3,6,0,0.3,97.2
dataset-math500.model-qwen.alpha4.0.steps100.blocks-1.prefetch-budget-6.rank-longest_first.samples20.maxnew1024.seed10086.subtreePrefetch.vllm.log,6781,2026-08-13 23:07:07,6842.0,0.0,387.7,4,0,0.2,97.2
dataset-math500.model-qwen.alpha4.0.steps100.blocks-1.prefetch-budget-6.rank-longest_first.samples20.maxnew1024.seed10086.subtreePrefetch.vllm.log,6791,2026-08-13 23:07:17,6852.0,0.0,361.6,6,0,0.2,97.2
dataset-math500.model-qwen.alpha4.0.steps100.blocks-1.prefetch-budget-6.rank-longest_first.samples20.maxnew1024.seed10086.subtreePrefetch.vllm.log,6799,2026-08-13 23:07:27,6862.0,0.0,375.5,6,0,0.1,97.2
dataset-math500.model-qwen.alpha4.0.steps100.blocks-1.prefetch-budget-6.rank-longest_first.samples20.maxnew1024.seed10086.subtreePrefetch.vllm.log,6809,2026-08-13 23:07:37,6872.0,0.0,502.3,6,0,0.1,97.2
dataset-math500.model-qwen.alpha4.0.steps100.blocks-1.prefetch-budget-6.rank-longest_first.samples20.maxnew1024.seed10086.subtreePrefetch.vllm.log,6819,2026-08-13 23:07:47,6882.0,0.0,418.8,6,0,0.1,97.2
dataset-math500.model-qwen.alpha4.0.steps100.blocks-1.prefetch-budget-6.rank-longest_first.samples20.maxnew1024.seed10086.subtreePrefetch.vllm.log,6820,2026-08-13 23:07:57,6892.0,0.0,409.6,3,0,0.2,97.2
dataset-math500.model-qwen.alpha4.0.steps100.blocks-1.prefetch-budget-6.rank-longest_first.samples20.maxnew1024.seed10086.subtreePrefetch.vllm.log,6828,2026-08-13 23:08:07,6902.0,0.0,450.0,5,0,0.3,97.2
dataset-math500.model-qwen.alpha4.0.steps100.blocks-1.prefetch-budget-6.rank-longest_first.samples20.maxnew1024.seed10086.subtreePrefetch.vllm.log,6836,2026-08-13 23:08:17,6912.0,0.0,471.4,6,0,0.3,97.2
dataset-math500.model-qwen.alpha4.0.steps100.blocks-1.prefetch-budget-6.rank-longest_first.samples20.maxnew1024.seed10086.subtreePrefetch.vllm.log,6846,2026-08-13 23:08:27,6922.0,0.0,338.2,3,0,0.2,97.2
dataset-math500.model-qwen.alpha4.0.steps100.blocks-1.prefetch-budget-6.rank-longest_first.samples20.maxnew1024.seed10086.subtreePrefetch.vllm.log,6854,2026-08-13 23:08:37,6932.0,0.0,358.9,2,0,0.1,97.2
dataset-math500.model-qwen.alpha4.0.steps100.blocks-1.prefetch-budget-6.rank-longest_first.samples20.maxnew1024.seed10086.subtreePrefetch.vllm.log,6868,2026-08-13 23:08:47,6942.0,0.0,393.8,5,0,0.3,97.2
dataset-math500.model-qwen.alpha4.0.steps100.blocks-1.prefetch-budget-6.rank-longest_first.samples20.maxnew1024.seed10086.subtreePrefetch.vllm.log,6876,2026-08-13 23:08:57,6952.0,0.0,470.2,4,0,0.2,97.2
dataset-math500.model-qwen.alpha4.0.steps100.blocks-1.prefetch-budget-6.rank-longest_first.samples20.maxnew1024.seed10086.subtreePrefetch.vllm.log,6892,2026-08-13 23:09:07,6962.0,0.0,330.1,5,0,0.2,97.2
dataset-math500.model-qwen.alpha4.0.steps100.blocks-1.prefetch-budget-6.rank-longest_first.samples20.maxnew1024.seed10086.subtreePrefetch.vllm.log,6906,2026-08-13 23:09:17,6972.0,0.0,329.9,5,0,0.2,97.2
dataset-math500.model-qwen.alpha4.0.steps100.blocks-1.prefetch-budget-6.rank-longest_first.samples20.maxnew1024.seed10086.subtreePrefetch.vllm.log,6920,2026-08-13 23:09:27,6982.0,0.0,440.4,4,0,0.2,97.3
dataset-math500.model-qwen.alpha4.0.steps100.blocks-1.prefetch-budget-6.rank-longest_first.samples20.maxnew1024.seed10086.subtreePrefetch.vllm.log,7001,2026-08-13 23:09:37,6992.0,0.0,222.7,1,0,0.1,97.2
dataset-math500.model-qwen.alpha4.0.steps100.blocks-1.prefetch-budget-6.rank-longest_first.samples20.maxnew1024.seed10086.subtreePrefetch.vllm.log,7004,2026-08-13 23:09:47,7002.0,0.0,443.4,6,0,0.4,97.2
dataset-math500.model-qwen.alpha4.0.steps100.blocks-1.prefetch-budget-6.rank-longest_first.samples20.maxnew1024.seed10086.subtreePrefetch.vllm.log,7014,2026-08-13 23:09:57,7012.0,0.0,325.6,5,0,0.2,97.2
dataset-math500.model-qwen.alpha4.0.steps100.blocks-1.prefetch-budget-6.rank-longest_first.samples20.maxnew1024.seed10086.subtreePrefetch.vllm.log,7024,2026-08-13 23:10:07,7022.0,0.0,337.8,6,0,0.1,97.2
dataset-math500.model-qwen.alpha4.0.steps100.blocks-1.prefetch-budget-6.rank-longest_first.samples20.maxnew1024.seed10086.subtreePrefetch.vllm.log,7040,2026-08-13 23:10:17,7032.0,0.0,428.1,6,0,0.2,97.2
dataset-math500.model-qwen.alpha4.0.steps100.blocks-1.prefetch-budget-6.rank-longest_first.samples20.maxnew1024.seed10086.subtreePrefetch.vllm.log,7052,2026-08-13 23:10:27,7042.0,0.0,495.5,6,0,0.2,97.3
dataset-math500.model-qwen.alpha4.0.steps100.blocks-1.prefetch-budget-6.rank-longest_first.samples20.maxnew1024.seed10086.subtreePrefetch.vllm.log,7062,2026-08-13 23:10:37,7052.0,0.0,433.0,6,0,0.1,97.3
dataset-math500.model-qwen.alpha4.0.steps100.blocks-1.prefetch-budget-6.rank-longest_first.samples20.maxnew1024.seed10086.subtreePrefetch.vllm.log,7072,2026-08-13 23:10:47,7062.0,0.0,442.9,6,0,0.1,97.3
dataset-math500.model-qwen.alpha4.0.steps100.blocks-1.prefetch-budget-6.rank-longest_first.samples20.maxnew1024.seed10086.subtreePrefetch.vllm.log,7086,2026-08-13 23:10:57,7072.0,0.0,465.5,6,0,0.2,97.3
dataset-math500.model-qwen.alpha4.0.steps100.blocks-1.prefetch-budget-6.rank-longest_first.samples20.maxnew1024.seed10086.subtreePrefetch.vllm.log,7094,2026-08-13 23:11:07,7082.0,0.0,526.6,6,0,0.2,97.3
dataset-math500.model-qwen.alpha4.0.steps100.blocks-1.prefetch-budget-6.rank-longest_first.samples20.maxnew1024.seed10086.subtreePrefetch.vllm.log,7095,2026-08-13 23:11:17,7092.0,0.0,395.8,4,0,0.3,97.3
dataset-math500.model-qwen.alpha4.0.steps100.blocks-1.prefetch-budget-6.rank-longest_first.samples20.maxnew1024.seed10086.subtreePrefetch.vllm.log,7105,2026-08-13 23:11:27,7102.0,0.0,370.7,4,0,0.3,97.3
dataset-math500.model-qwen.alpha4.0.steps100.blocks-1.prefetch-budget-6.rank-longest_first.samples20.maxnew1024.seed10086.subtreePrefetch.vllm.log,7115,2026-08-13 23:11:37,7112.0,0.0,437.2,6,0,0.3,97.3
dataset-math500.model-qwen.alpha4.0.steps100.blocks-1.prefetch-budget-6.rank-longest_first.samples20.maxnew1024.seed10086.subtreePrefetch.vllm.log,7123,2026-08-13 23:11:47,7122.0,0.0,466.6,6,0,0.2,97.3
dataset-math500.model-qwen.alpha4.0.steps100.blocks-1.prefetch-budget-6.rank-longest_first.samples20.maxnew1024.seed10086.subtreePrefetch.vllm.log,7131,2026-08-13 23:11:57,7132.0,0.0,460.8,6,0,0.2,97.3
dataset-math500.model-qwen.alpha4.0.steps100.blocks-1.prefetch-budget-6.rank-longest_first.samples20.maxnew1024.seed10086.subtreePrefetch.vllm.log,7139,2026-08-13 23:12:07,7142.0,0.0,444.3,6,0,0.1,97.3
dataset-math500.model-qwen.alpha4.0.steps100.blocks-1.prefetch-budget-6.rank-longest_first.samples20.maxnew1024.seed10086.subtreePrefetch.vllm.log,7140,2026-08-13 23:12:17,7152.0,0.0,460.8,6,0,0.4,97.3
dataset-math500.model-qwen.alpha4.0.steps100.blocks-1.prefetch-budget-6.rank-longest_first.samples20.maxnew1024.seed10086.subtreePrefetch.vllm.log,7150,2026-08-13 23:12:27,7162.0,0.0,456.8,6,0,0.3,97.3
dataset-math500.model-qwen.alpha4.0.steps100.blocks-1.prefetch-budget-6.rank-longest_first.samples20.maxnew1024.seed10086.subtreePrefetch.vllm.log,7158,2026-08-13 23:12:37,7172.0,0.0,470.5,5,0,0.2,97.3
dataset-math500.model-qwen.alpha4.0.steps100.blocks-1.prefetch-budget-6.rank-longest_first.samples20.maxnew1024.seed10086.subtreePrefetch.vllm.log,7168,2026-08-13 23:12:47,7182.0,0.0,459.5,5,0,0.2,97.3
dataset-math500.model-qwen.alpha4.0.steps100.blocks-1.prefetch-budget-6.rank-longest_first.samples20.maxnew1024.seed10086.subtreePrefetch.vllm.log,7178,2026-08-13 23:12:57,7192.0,0.0,502.4,6,0,0.2,97.3
dataset-math500.model-qwen.alpha4.0.steps100.blocks-1.prefetch-budget-6.rank-longest_first.samples20.maxnew1024.seed10086.subtreePrefetch.vllm.log,7186,2026-08-13 23:13:07,7202.0,0.0,463.6,5,0,0.2,97.3
dataset-math500.model-qwen.alpha4.0.steps100.blocks-1.prefetch-budget-6.rank-longest_first.samples20.maxnew1024.seed10086.subtreePrefetch.vllm.log,7198,2026-08-13 23:13:17,7212.0,0.0,499.9,6,0,0.2,97.3
dataset-math500.model-qwen.alpha4.0.steps100.blocks-1.prefetch-budget-6.rank-longest_first.samples20.maxnew1024.seed10086.subtreePrefetch.vllm.log,7206,2026-08-13 23:13:27,7222.0,0.0,478.9,6,0,0.1,97.3
dataset-math500.model-qwen.alpha4.0.steps100.blocks-1.prefetch-budget-6.rank-longest_first.samples20.maxnew1024.seed10086.subtreePrefetch.vllm.log,7214,2026-08-13 23:13:37,7232.0,0.0,443.7,6,0,0.1,97.3
dataset-math500.model-qwen.alpha4.0.steps100.blocks-1.prefetch-budget-6.rank-longest_first.samples20.maxnew1024.seed10086.subtreePrefetch.vllm.log,7215,2026-08-13 23:13:47,7242.0,0.0,364.3,4,0,0.3,97.3
dataset-math500.model-qwen.alpha4.0.steps100.blocks-1.prefetch-budget-6.rank-longest_first.samples20.maxnew1024.seed10086.subtreePrefetch.vllm.log,7227,2026-08-13 23:13:57,7252.0,0.0,433.4,6,0,0.3,97.3
dataset-math500.model-qwen.alpha4.0.steps100.blocks-1.prefetch-budget-6.rank-longest_first.samples20.maxnew1024.seed10086.subtreePrefetch.vllm.log,7235,2026-08-13 23:14:07,7262.0,0.0,468.0,5,0,0.2,97.4
dataset-math500.model-qwen.alpha4.0.steps100.blocks-1.prefetch-budget-6.rank-longest_first.samples20.maxnew1024.seed10086.subtreePrefetch.vllm.log,7243,2026-08-13 23:14:17,7272.0,0.0,489.7,6,0,0.3,97.4
dataset-math500.model-qwen.alpha4.0.steps100.blocks-1.prefetch-budget-6.rank-longest_first.samples20.maxnew1024.seed10086.subtreePrefetch.vllm.log,7251,2026-08-13 23:14:27,7282.0,0.0,455.3,4,0,0.2,97.4
dataset-math500.model-qwen.alpha4.0.steps100.blocks-1.prefetch-budget-6.rank-longest_first.samples20.maxnew1024.seed10086.subtreePrefetch.vllm.log,7261,2026-08-13 23:14:37,7292.0,0.0,439.5,6,0,0.3,97.4
dataset-math500.model-qwen.alpha4.0.steps100.blocks-1.prefetch-budget-6.rank-longest_first.samples20.maxnew1024.seed10086.subtreePrefetch.vllm.log,7271,2026-08-13 23:14:47,7302.0,0.0,398.2,6,0,0.2,97.4
dataset-math500.model-qwen.alpha4.0.steps100.blocks-1.prefetch-budget-6.rank-longest_first.samples20.maxnew1024.seed10086.subtreePrefetch.vllm.log,7279,2026-08-13 23:14:57,7312.0,0.0,496.8,6,0,0.1,97.4
dataset-math500.model-qwen.alpha4.0.steps100.blocks-1.prefetch-budget-6.rank-longest_first.samples20.maxnew1024.seed10086.subtreePrefetch.vllm.log,7280,2026-08-13 23:15:07,7322.0,0.0,462.4,5,0,0.4,97.4
dataset-math500.model-qwen.alpha4.0.steps100.blocks-1.prefetch-budget-6.rank-longest_first.samples20.maxnew1024.seed10086.subtreePrefetch.vllm.log,7288,2026-08-13 23:15:17,7332.0,0.0,484.3,3,0,0.2,97.4
dataset-math500.model-qwen.alpha4.0.steps100.blocks-1.prefetch-budget-6.rank-longest_first.samples20.maxnew1024.seed10086.subtreePrefetch.vllm.log,7300,2026-08-13 23:15:27,7342.0,0.0,415.4,5,0,0.3,97.4
dataset-math500.model-qwen.alpha4.0.steps100.blocks-1.prefetch-budget-6.rank-longest_first.samples20.maxnew1024.seed10086.subtreePrefetch.vllm.log,7308,2026-08-13 23:15:37,7352.0,0.0,449.4,6,0,0.3,97.4
dataset-math500.model-qwen.alpha4.0.steps100.blocks-1.prefetch-budget-6.rank-longest_first.samples20.maxnew1024.seed10086.subtreePrefetch.vllm.log,7318,2026-08-13 23:15:47,7362.0,0.0,465.8,6,0,0.2,97.4
dataset-math500.model-qwen.alpha4.0.steps100.blocks-1.prefetch-budget-6.rank-longest_first.samples20.maxnew1024.seed10086.subtreePrefetch.vllm.log,7332,2026-08-13 23:15:57,7372.0,0.0,434.2,6,0,0.2,97.4
dataset-math500.model-qwen.alpha4.0.steps100.blocks-1.prefetch-budget-6.rank-longest_first.samples20.maxnew1024.seed10086.subtreePrefetch.vllm.log,7340,2026-08-13 23:16:07,7382.0,0.0,461.8,5,0,0.1,97.4
dataset-math500.model-qwen.alpha4.0.steps100.blocks-1.prefetch-budget-6.rank-longest_first.samples20.maxnew1024.seed10086.subtreePrefetch.vllm.log,7352,2026-08-13 23:16:17,7392.0,0.0,372.6,6,0,0.1,97.4
dataset-math500.model-qwen.alpha4.0.steps100.blocks-1.prefetch-budget-6.rank-longest_first.samples20.maxnew1024.seed10086.subtreePrefetch.vllm.log,7353,2026-08-13 23:16:27,7402.0,0.0,490.3,5,0,0.4,97.4
dataset-math500.model-qwen.alpha4.0.steps100.blocks-1.prefetch-budget-6.rank-longest_first.samples20.maxnew1024.seed10086.subtreePrefetch.vllm.log,7361,2026-08-13 23:16:37,7412.0,0.0,499.8,4,0,0.3,97.4
dataset-math500.model-qwen.alpha4.0.steps100.blocks-1.prefetch-budget-6.rank-longest_first.samples20.maxnew1024.seed10086.subtreePrefetch.vllm.log,7369,2026-08-13 23:16:47,7422.0,0.0,453.8,5,0,0.3,97.4
dataset-math500.model-qwen.alpha4.0.steps100.blocks-1.prefetch-budget-6.rank-longest_first.samples20.maxnew1024.seed10086.subtreePrefetch.vllm.log,7379,2026-08-13 23:16:57,7432.0,0.0,529.4,5,0,0.3,97.4
dataset-math500.model-qwen.alpha4.0.steps100.blocks-1.prefetch-budget-6.rank-longest_first.samples20.maxnew1024.seed10086.subtreePrefetch.vllm.log,7387,2026-08-13 23:17:07,7442.0,0.0,473.4,6,0,0.3,97.4
dataset-math500.model-qwen.alpha4.0.steps100.blocks-1.prefetch-budget-6.rank-longest_first.samples20.maxnew1024.seed10086.subtreePrefetch.vllm.log,7395,2026-08-13 23:17:17,7452.0,0.0,507.2,2,0,0.1,97.4
dataset-math500.model-qwen.alpha4.0.steps100.blocks-1.prefetch-budget-6.rank-longest_first.samples20.maxnew1024.seed10086.subtreePrefetch.vllm.log,7407,2026-08-13 23:17:27,7462.0,0.0,427.0,4,0,0.3,97.4
dataset-math500.model-qwen.alpha4.0.steps100.blocks-1.prefetch-budget-6.rank-longest_first.samples20.maxnew1024.seed10086.subtreePrefetch.vllm.log,7415,2026-08-13 23:17:37,7472.0,0.0,558.9,3,0,0.3,97.5
dataset-math500.model-qwen.alpha4.0.steps100.blocks-1.prefetch-budget-6.rank-longest_first.samples20.maxnew1024.seed10086.subtreePrefetch.vllm.log,7425,2026-08-13 23:17:47,7482.0,0.0,456.7,6,0,0.4,97.5
dataset-math500.model-qwen.alpha4.0.steps100.blocks-1.prefetch-budget-6.rank-longest_first.samples20.maxnew1024.seed10086.subtreePrefetch.vllm.log,7433,2026-08-13 23:17:57,7492.0,0.0,443.9,6,0,0.3,97.5
dataset-math500.model-qwen.alpha4.0.steps100.blocks-1.prefetch-budget-6.rank-longest_first.samples20.maxnew1024.seed10086.subtreePrefetch.vllm.log,7445,2026-08-13 23:18:07,7502.0,0.0,491.7,6,0,0.3,97.5
dataset-math500.model-qwen.alpha4.0.steps100.blocks-1.prefetch-budget-6.rank-longest_first.samples20.maxnew1024.seed10086.subtreePrefetch.vllm.log,7453,2026-08-13 23:18:17,7512.0,0.0,443.8,6,0,0.3,97.4
dataset-math500.model-qwen.alpha4.0.steps100.blocks-1.prefetch-budget-6.rank-longest_first.samples20.maxnew1024.seed10086.subtreePrefetch.vllm.log,7461,2026-08-13 23:18:27,7522.0,0.0,490.3,6,0,0.2,97.4
dataset-math500.model-qwen.alpha4.0.steps100.blocks-1.prefetch-budget-6.rank-longest_first.samples20.maxnew1024.seed10086.subtreePrefetch.vllm.log,7469,2026-08-13 23:18:37,7532.0,0.0,487.2,4,0,0.1,97.5
dataset-math500.model-qwen.alpha4.0.steps100.blocks-1.prefetch-budget-6.rank-longest_first.samples20.maxnew1024.seed10086.subtreePrefetch.vllm.log,7479,2026-08-13 23:18:47,7542.0,0.0,438.0,6,0,0.2,97.5
dataset-math500.model-qwen.alpha4.0.steps100.blocks-1.prefetch-budget-6.rank-longest_first.samples20.maxnew1024.seed10086.subtreePrefetch.vllm.log,7487,2026-08-13 23:18:57,7552.0,0.0,450.9,6,0,0.1,97.5
dataset-math500.model-qwen.alpha4.0.steps100.blocks-1.prefetch-budget-6.rank-longest_first.samples20.maxnew1024.seed10086.subtreePrefetch.vllm.log,7488,2026-08-13 23:19:07,7562.0,0.0,401.7,3,0,0.2,97.5
dataset-math500.model-qwen.alpha4.0.steps100.blocks-1.prefetch-budget-6.rank-longest_first.samples20.maxnew1024.seed10086.subtreePrefetch.vllm.log,7498,2026-08-13 23:19:17,7572.0,0.0,375.5,5,0,0.3,97.5
dataset-math500.model-qwen.alpha4.0.steps100.blocks-1.prefetch-budget-6.rank-longest_first.samples20.maxnew1024.seed10086.subtreePrefetch.vllm.log,7508,2026-08-13 23:19:27,7582.0,0.0,430.0,6,0,0.3,97.5
dataset-math500.model-qwen.alpha4.0.steps100.blocks-1.prefetch-budget-6.rank-longest_first.samples20.maxnew1024.seed10086.subtreePrefetch.vllm.log,7516,2026-08-13 23:19:37,7592.0,0.0,408.6,4,0,0.2,97.5
dataset-math500.model-qwen.alpha4.0.steps100.blocks-1.prefetch-budget-6.rank-longest_first.samples20.maxnew1024.seed10086.subtreePrefetch.vllm.log,7526,2026-08-13 23:19:47,7602.0,0.0,455.2,6,0,0.2,97.5
dataset-math500.model-qwen.alpha4.0.steps100.blocks-1.prefetch-budget-6.rank-longest_first.samples20.maxnew1024.seed10086.subtreePrefetch.vllm.log,7540,2026-08-13 23:19:57,7612.0,0.0,442.4,6,0,0.2,97.5
dataset-math500.model-qwen.alpha4.0.steps100.blocks-1.prefetch-budget-6.rank-longest_first.samples20.maxnew1024.seed10086.subtreePrefetch.vllm.log,7548,2026-08-13 23:20:07,7622.0,0.0,458.7,6,0,0.1,97.5
dataset-math500.model-qwen.alpha4.0.steps100.blocks-1.prefetch-budget-6.rank-longest_first.samples20.maxnew1024.seed10086.subtreePrefetch.vllm.log,7549,2026-08-13 23:20:17,7632.0,0.0,423.9,3,0,0.2,97.5
dataset-math500.model-qwen.alpha4.0.steps100.blocks-1.prefetch-budget-6.rank-longest_first.samples20.maxnew1024.seed10086.subtreePrefetch.vllm.log,7559,2026-08-13 23:20:27,7642.0,0.0,447.0,6,0,0.4,97.5
dataset-math500.model-qwen.alpha4.0.steps100.blocks-1.prefetch-budget-6.rank-longest_first.samples20.maxnew1024.seed10086.subtreePrefetch.vllm.log,7567,2026-08-13 23:20:37,7652.0,0.0,395.6,4,0,0.2,97.5
dataset-math500.model-qwen.alpha4.0.steps100.blocks-1.prefetch-budget-6.rank-longest_first.samples20.maxnew1024.seed10086.subtreePrefetch.vllm.log,7579,2026-08-13 23:20:47,7662.0,0.0,367.0,5,0,0.2,97.5
dataset-math500.model-qwen.alpha4.0.steps100.blocks-1.prefetch-budget-6.rank-longest_first.samples20.maxnew1024.seed10086.subtreePrefetch.vllm.log,7587,2026-08-13 23:20:57,7672.0,0.0,487.5,6,0,0.3,97.5
dataset-math500.model-qwen.alpha4.0.steps100.blocks-1.prefetch-budget-6.rank-longest_first.samples20.maxnew1024.seed10086.subtreePrefetch.vllm.log,7597,2026-08-13 23:21:07,7682.0,0.0,444.3,6,0,0.2,97.5
dataset-math500.model-qwen.alpha4.0.steps100.blocks-1.prefetch-budget-6.rank-longest_first.samples20.maxnew1024.seed10086.subtreePrefetch.vllm.log,7605,2026-08-13 23:21:17,7692.0,0.0,459.8,6,0,0.2,97.5
dataset-math500.model-qwen.alpha4.0.steps100.blocks-1.prefetch-budget-6.rank-longest_first.samples20.maxnew1024.seed10086.subtreePrefetch.vllm.log,7613,2026-08-13 23:21:27,7702.0,0.0,425.1,6,0,0.1,97.5
dataset-math500.model-qwen.alpha4.0.steps100.blocks-1.prefetch-budget-6.rank-longest_first.samples20.maxnew1024.seed10086.subtreePrefetch.vllm.log,7614,2026-08-13 23:21:37,7712.0,0.0,460.1,6,0,0.5,97.5
dataset-math500.model-qwen.alpha4.0.steps100.blocks-1.prefetch-budget-6.rank-longest_first.samples20.maxnew1024.seed10086.subtreePrefetch.vllm.log,7622,2026-08-13 23:21:47,7722.0,0.0,453.9,5,0,0.3,97.5
dataset-math500.model-qwen.alpha4.0.steps100.blocks-1.prefetch-budget-6.rank-longest_first.samples20.maxnew1024.seed10086.subtreePrefetch.vllm.log,7630,2026-08-13 23:21:57,7732.0,0.0,452.2,3,0,0.2,97.5
dataset-math500.model-qwen.alpha4.0.steps100.blocks-1.prefetch-budget-6.rank-longest_first.samples20.maxnew1024.seed10086.subtreePrefetch.vllm.log,7642,2026-08-13 23:22:07,7742.0,0.0,446.0,6,0,0.4,97.5
dataset-math500.model-qwen.alpha4.0.steps100.blocks-1.prefetch-budget-6.rank-longest_first.samples20.maxnew1024.seed10086.subtreePrefetch.vllm.log,7654,2026-08-13 23:22:17,7752.0,0.0,432.6,5,0,0.3,97.5
dataset-math500.model-qwen.alpha4.0.steps100.blocks-1.prefetch-budget-6.rank-longest_first.samples20.maxnew1024.seed10086.subtreePrefetch.vllm.log,7664,2026-08-13 23:22:27,7762.0,0.0,400.0,5,0,0.2,97.5
dataset-math500.model-qwen.alpha4.0.steps100.blocks-1.prefetch-budget-6.rank-longest_first.samples20.maxnew1024.seed10086.subtreePrefetch.vllm.log,7674,2026-08-13 23:22:37,7772.0,0.0,395.1,4,0,0.2,97.5
dataset-math500.model-qwen.alpha4.0.steps100.blocks-1.prefetch-budget-6.rank-longest_first.samples20.maxnew1024.seed10086.subtreePrefetch.vllm.log,7684,2026-08-13 23:22:47,7782.0,0.0,404.6,6,0,0.3,97.6
dataset-math500.model-qwen.alpha4.0.steps100.blocks-1.prefetch-budget-6.rank-longest_first.samples20.maxnew1024.seed10086.subtreePrefetch.vllm.log,7692,2026-08-13 23:22:57,7792.0,0.0,431.3,6,0,0.3,97.6
dataset-math500.model-qwen.alpha4.0.steps100.blocks-1.prefetch-budget-6.rank-longest_first.samples20.maxnew1024.seed10086.subtreePrefetch.vllm.log,7700,2026-08-13 23:23:07,7802.0,0.0,446.3,6,0,0.2,97.6
dataset-math500.model-qwen.alpha4.0.steps100.blocks-1.prefetch-budget-6.rank-longest_first.samples20.maxnew1024.seed10086.subtreePrefetch.vllm.log,7710,2026-08-13 23:23:17,7812.0,0.0,450.7,6,0,0.2,97.6
dataset-math500.model-qwen.alpha4.0.steps100.blocks-1.prefetch-budget-6.rank-longest_first.samples20.maxnew1024.seed10086.subtreePrefetch.vllm.log,7718,2026-08-13 23:23:27,7822.0,0.0,509.1,5,0,0.2,97.6
dataset-math500.model-qwen.alpha4.0.steps100.blocks-1.prefetch-budget-6.rank-longest_first.samples20.maxnew1024.seed10086.subtreePrefetch.vllm.log,7732,2026-08-13 23:23:37,7832.0,0.0,464.9,6,0,0.2,97.6
dataset-math500.model-qwen.alpha4.0.steps100.blocks-1.prefetch-budget-6.rank-longest_first.samples20.maxnew1024.seed10086.subtreePrefetch.vllm.log,7746,2026-08-13 23:23:47,7842.0,0.0,326.6,4,0,0.1,97.6
dataset-math500.model-qwen.alpha4.0.steps100.blocks-1.prefetch-budget-6.rank-longest_first.samples20.maxnew1024.seed10086.subtreePrefetch.vllm.log,7762,2026-08-13 23:23:57,7852.0,0.0,295.4,4,0,0.1,97.6
dataset-math500.model-qwen.alpha4.0.steps100.blocks-1.prefetch-budget-6.rank-longest_first.samples20.maxnew1024.seed10086.subtreePrefetch.vllm.log,7778,2026-08-13 23:24:07,7862.0,0.0,220.5,1,0,0.1,97.6
dataset-math500.model-qwen.alpha4.0.steps100.blocks-1.prefetch-budget-6.rank-longest_first.samples20.maxnew1024.seed10086.subtreePrefetch.vllm.log,7834,2026-08-13 23:24:17,7872.0,0.0,152.5,6,0,0.1,97.6
dataset-math500.model-qwen.alpha4.0.steps100.blocks-1.prefetch-budget-6.rank-longest_first.samples20.maxnew1024.seed10086.subtreePrefetch.vllm.log,7846,2026-08-13 23:24:27,7882.0,0.0,429.1,6,0,0.0,97.6
dataset-math500.model-qwen.alpha4.0.steps100.blocks-1.prefetch-budget-6.rank-longest_first.samples20.maxnew1024.seed10086.subtreePrefetch.vllm.log,7847,2026-08-13 23:24:37,7892.0,0.0,462.5,6,0,0.4,97.6
dataset-math500.model-qwen.alpha4.0.steps100.blocks-1.prefetch-budget-6.rank-longest_first.samples20.maxnew1024.seed10086.subtreePrefetch.vllm.log,7855,2026-08-13 23:24:47,7902.0,0.0,433.9,5,0,0.2,97.6
dataset-math500.model-qwen.alpha4.0.steps100.blocks-1.prefetch-budget-6.rank-longest_first.samples20.maxnew1024.seed10086.subtreePrefetch.vllm.log,7865,2026-08-13 23:24:57,7912.0,0.0,419.8,6,0,0.2,97.6
dataset-math500.model-qwen.alpha4.0.steps100.blocks-1.prefetch-budget-6.rank-longest_first.samples20.maxnew1024.seed10086.subtreePrefetch.vllm.log,7873,2026-08-13 23:25:07,7922.0,0.0,459.4,6,0,0.2,97.6
dataset-math500.model-qwen.alpha4.0.steps100.blocks-1.prefetch-budget-6.rank-longest_first.samples20.maxnew1024.seed10086.subtreePrefetch.vllm.log,7881,2026-08-13 23:25:17,7932.0,0.0,529.5,6,0,0.2,97.6
dataset-math500.model-qwen.alpha4.0.steps100.blocks-1.prefetch-budget-6.rank-longest_first.samples20.maxnew1024.seed10086.subtreePrefetch.vllm.log,7891,2026-08-13 23:25:27,7942.0,0.0,446.8,6,0,0.2,97.6
dataset-math500.model-qwen.alpha4.0.steps100.blocks-1.prefetch-budget-6.rank-longest_first.samples20.maxnew1024.seed10086.subtreePrefetch.vllm.log,7899,2026-08-13 23:25:37,7952.0,0.0,459.7,6,0,0.1,97.6
dataset-math500.model-qwen.alpha4.0.steps100.blocks-1.prefetch-budget-6.rank-longest_first.samples20.maxnew1024.seed10086.subtreePrefetch.vllm.log,7909,2026-08-13 23:25:47,7962.0,0.0,511.7,6,0,0.1,97.6
dataset-math500.model-qwen.alpha4.0.steps100.blocks-1.prefetch-budget-6.rank-longest_first.samples20.maxnew1024.seed10086.subtreePrefetch.vllm.log,7910,2026-08-13 23:25:57,7972.0,0.0,422.9,5,0,0.3,97.6
dataset-math500.model-qwen.alpha4.0.steps100.blocks-1.prefetch-budget-6.rank-longest_first.samples20.maxnew1024.seed10086.subtreePrefetch.vllm.log,7920,2026-08-13 23:26:07,7982.0,0.0,439.4,6,0,0.3,97.6
dataset-math500.model-qwen.alpha4.0.steps100.blocks-1.prefetch-budget-6.rank-longest_first.samples20.maxnew1024.seed10086.subtreePrefetch.vllm.log,7928,2026-08-13 23:26:17,7992.0,0.0,466.8,5,0,0.2,97.6
dataset-math500.model-qwen.alpha4.0.steps100.blocks-1.prefetch-budget-6.rank-longest_first.samples20.maxnew1024.seed10086.subtreePrefetch.vllm.log,7940,2026-08-13 23:26:27,8002.0,0.0,469.9,3,0,0.2,97.6
dataset-math500.model-qwen.alpha4.0.steps100.blocks-1.prefetch-budget-6.rank-longest_first.samples20.maxnew1024.seed10086.subtreePrefetch.vllm.log,7950,2026-08-13 23:26:37,8012.0,0.0,368.9,5,0,0.2,97.6
dataset-math500.model-qwen.alpha4.0.steps100.blocks-1.prefetch-budget-6.rank-longest_first.samples20.maxnew1024.seed10086.subtreePrefetch.vllm.log,7962,2026-08-13 23:26:47,8022.0,0.0,425.9,6,0,0.2,97.6
dataset-math500.model-qwen.alpha4.0.steps100.blocks-1.prefetch-budget-6.rank-longest_first.samples20.maxnew1024.seed10086.subtreePrefetch.vllm.log,7972,2026-08-13 23:26:57,8032.0,0.0,434.0,6,0,0.1,97.5
dataset-math500.model-qwen.alpha4.0.steps100.blocks-1.prefetch-budget-6.rank-longest_first.samples20.maxnew1024.seed10086.subtreePrefetch.vllm.log,7982,2026-08-13 23:27:07,8042.0,0.0,475.6,6,0,0.1,97.5
dataset-math500.model-qwen.alpha4.0.steps100.blocks-1.prefetch-budget-6.rank-longest_first.samples20.maxnew1024.seed10086.subtreePrefetch.vllm.log,7983,2026-08-13 23:27:17,8052.0,0.0,438.0,4,0,0.3,97.5
dataset-math500.model-qwen.alpha4.0.steps100.blocks-1.prefetch-budget-6.rank-longest_first.samples20.maxnew1024.seed10086.subtreePrefetch.vllm.log,7993,2026-08-13 23:27:27,8062.0,0.0,453.3,6,0,0.4,97.5
dataset-math500.model-qwen.alpha4.0.steps100.blocks-1.prefetch-budget-6.rank-longest_first.samples20.maxnew1024.seed10086.subtreePrefetch.vllm.log,8001,2026-08-13 23:27:37,8072.0,0.0,456.9,6,0,0.3,97.5
dataset-math500.model-qwen.alpha4.0.steps100.blocks-1.prefetch-budget-6.rank-longest_first.samples20.maxnew1024.seed10086.subtreePrefetch.vllm.log,8009,2026-08-13 23:27:47,8082.0,0.0,471.2,6,0,0.2,97.5
dataset-math500.model-qwen.alpha4.0.steps100.blocks-1.prefetch-budget-6.rank-longest_first.samples20.maxnew1024.seed10086.subtreePrefetch.vllm.log,8017,2026-08-13 23:27:57,8092.0,0.0,475.3,6,0,0.1,97.5
dataset-math500.model-qwen.alpha4.0.steps100.blocks-1.prefetch-budget-6.rank-longest_first.samples20.maxnew1024.seed10086.subtreePrefetch.vllm.log,8025,2026-08-13 23:28:07,8102.0,0.0,501.8,5,0,0.0,97.5
dataset-math500.model-qwen.alpha4.0.steps100.blocks-1.prefetch-budget-6.rank-longest_first.samples20.maxnew1024.seed10086.subtreePrefetch.vllm.log,8035,2026-08-13 23:28:17,8112.0,0.0,535.7,6,0,0.1,97.5
dataset-math500.model-qwen.alpha4.0.steps100.blocks-1.prefetch-budget-6.rank-longest_first.samples20.maxnew1024.seed10086.subtreePrefetch.vllm.log,8045,2026-08-13 23:28:28,8123.0,0.0,503.7,6,0,0.2,97.5
dataset-math500.model-qwen.alpha4.0.steps100.blocks-1.prefetch-budget-6.rank-longest_first.samples20.maxnew1024.seed10086.subtreePrefetch.vllm.log,8053,2026-08-13 23:28:38,8133.0,0.0,542.9,6,0,0.1,97.5
dataset-math500.model-qwen.alpha4.0.steps100.blocks-1.prefetch-budget-6.rank-longest_first.samples20.maxnew1024.seed10086.subtreePrefetch.vllm.log,8065,2026-08-13 23:28:48,8143.0,0.0,442.2,6,0,0.1,97.5
dataset-math500.model-qwen.alpha4.0.steps100.blocks-1.prefetch-budget-6.rank-longest_first.samples20.maxnew1024.seed10086.subtreePrefetch.vllm.log,8066,2026-08-13 23:28:58,8153.0,0.0,388.5,4,0,0.3,97.5
dataset-math500.model-qwen.alpha4.0.steps100.blocks-1.prefetch-budget-6.rank-longest_first.samples20.maxnew1024.seed10086.subtreePrefetch.vllm.log,8076,2026-08-13 23:29:08,8163.0,0.0,465.9,5,0,0.3,97.5
dataset-math500.model-qwen.alpha4.0.steps100.blocks-1.prefetch-budget-6.rank-longest_first.samples20.maxnew1024.seed10086.subtreePrefetch.vllm.log,8086,2026-08-13 23:29:18,8173.0,0.0,487.7,6,0,0.3,97.5
dataset-math500.model-qwen.alpha4.0.steps100.blocks-1.prefetch-budget-6.rank-longest_first.samples20.maxnew1024.seed10086.subtreePrefetch.vllm.log,8094,2026-08-13 23:29:28,8183.0,0.0,459.0,6,0,0.2,97.5
dataset-math500.model-qwen.alpha4.0.steps100.blocks-1.prefetch-budget-6.rank-longest_first.samples20.maxnew1024.seed10086.subtreePrefetch.vllm.log,8102,2026-08-13 23:29:38,8193.0,0.0,460.6,6,0,0.1,97.5
dataset-math500.model-qwen.alpha4.0.steps100.blocks-1.prefetch-budget-6.rank-longest_first.samples20.maxnew1024.seed10086.subtreePrefetch.vllm.log,8110,2026-08-13 23:29:48,8203.0,0.0,528.6,6,0,0.1,97.5
dataset-math500.model-qwen.alpha4.0.steps100.blocks-1.prefetch-budget-6.rank-longest_first.samples20.maxnew1024.seed10086.subtreePrefetch.vllm.log,8118,2026-08-13 23:29:58,8213.0,0.0,496.9,6,0,0.1,97.5
dataset-math500.model-qwen.alpha4.0.steps100.blocks-1.prefetch-budget-6.rank-longest_first.samples20.maxnew1024.seed10086.subtreePrefetch.vllm.log,8128,2026-08-13 23:30:08,8223.0,0.0,583.6,5,0,0.1,97.5
dataset-math500.model-qwen.alpha4.0.steps100.blocks-1.prefetch-budget-6.rank-longest_first.samples20.maxnew1024.seed10086.subtreePrefetch.vllm.log,8138,2026-08-13 23:30:18,8233.0,0.0,479.6,6,0,0.2,97.5
dataset-math500.model-qwen.alpha4.0.steps100.blocks-1.prefetch-budget-6.rank-longest_first.samples20.maxnew1024.seed10086.subtreePrefetch.vllm.log,8146,2026-08-13 23:30:28,8243.0,0.0,459.1,6,0,0.1,97.5
dataset-math500.model-qwen.alpha4.0.steps100.blocks-1.prefetch-budget-6.rank-longest_first.samples20.maxnew1024.seed10086.subtreePrefetch.vllm.log,8147,2026-08-13 23:30:38,8253.0,0.0,436.7,5,0,0.4,97.5
dataset-math500.model-qwen.alpha4.0.steps100.blocks-1.prefetch-budget-6.rank-longest_first.samples20.maxnew1024.seed10086.subtreePrefetch.vllm.log,8159,2026-08-13 23:30:48,8263.0,0.0,432.3,5,0,0.3,97.5
dataset-math500.model-qwen.alpha4.0.steps100.blocks-1.prefetch-budget-6.rank-longest_first.samples20.maxnew1024.seed10086.subtreePrefetch.vllm.log,8167,2026-08-13 23:30:58,8273.0,0.0,463.0,6,0,0.3,97.5
dataset-math500.model-qwen.alpha4.0.steps100.blocks-1.prefetch-budget-6.rank-longest_first.samples20.maxnew1024.seed10086.subtreePrefetch.vllm.log,8175,2026-08-13 23:31:08,8283.0,0.0,492.9,5,0,0.2,97.5
dataset-math500.model-qwen.alpha4.0.steps100.blocks-1.prefetch-budget-6.rank-longest_first.samples20.maxnew1024.seed10086.subtreePrefetch.vllm.log,8183,2026-08-13 23:31:18,8293.0,0.0,475.2,6,0,0.3,97.5
dataset-math500.model-qwen.alpha4.0.steps100.blocks-1.prefetch-budget-6.rank-longest_first.samples20.maxnew1024.seed10086.subtreePrefetch.vllm.log,8193,2026-08-13 23:31:28,8303.0,0.0,468.5,6,0,0.3,97.5
dataset-math500.model-qwen.alpha4.0.steps100.blocks-1.prefetch-budget-6.rank-longest_first.samples20.maxnew1024.seed10086.subtreePrefetch.vllm.log,8203,2026-08-13 23:31:38,8313.0,0.0,464.0,6,0,0.2,97.5
dataset-math500.model-qwen.alpha4.0.steps100.blocks-1.prefetch-budget-6.rank-longest_first.samples20.maxnew1024.seed10086.subtreePrefetch.vllm.log,8211,2026-08-13 23:31:48,8323.0,0.0,460.4,6,0,0.2,97.5
dataset-math500.model-qwen.alpha4.0.steps100.blocks-1.prefetch-budget-6.rank-longest_first.samples20.maxnew1024.seed10086.subtreePrefetch.vllm.log,8221,2026-08-13 23:31:58,8333.0,0.0,484.4,6,0,0.2,97.5
dataset-math500.model-qwen.alpha4.0.steps100.blocks-1.prefetch-budget-6.rank-longest_first.samples20.maxnew1024.seed10086.subtreePrefetch.vllm.log,8229,2026-08-13 23:32:08,8343.0,0.0,467.6,6,0,0.2,97.5
dataset-math500.model-qwen.alpha4.0.steps100.blocks-1.prefetch-budget-6.rank-longest_first.samples20.maxnew1024.seed10086.subtreePrefetch.vllm.log,8239,2026-08-13 23:32:18,8353.0,0.0,472.5,6,0,0.2,97.5
dataset-math500.model-qwen.alpha4.0.steps100.blocks-1.prefetch-budget-6.rank-longest_first.samples20.maxnew1024.seed10086.subtreePrefetch.vllm.log,8249,2026-08-13 23:32:28,8363.0,0.0,423.2,6,0,0.1,97.5
dataset-math500.model-qwen.alpha4.0.steps100.blocks-1.prefetch-budget-6.rank-longest_first.samples20.maxnew1024.seed10086.subtreePrefetch.vllm.log,8257,2026-08-13 23:32:38,8373.0,0.0,500.5,6,0,0.1,97.5
