path_id,block_index,step,node_id,log_accept_ratio,accepted,acceptance_probability,branch_entropy,dominant_branch_probability,minority_branch_probability,uncertain_eps_0.01,predictable_eps_0.01,uncertain_eps_0.05,predictable_eps_0.05,uncertain_eps_0.1,predictable_eps_0.1,uncertain_eps_0.2,predictable_eps_0.2,dominant_outcome,followed_dominant_branch
0,0,0,0,0.0,1,1.0,0.0,1.0,0.0,False,True,False,True,False,True,False,True,1,True
0,0,1,1,-1.4855,1,0.2263891178142049,0.7716634211999543,0.7736108821857951,0.2263891178142049,True,False,True,False,True,False,True,False,0,False
1,0,0,0,2.6187,1,1.0,0.0,1.0,0.0,False,True,False,True,False,True,False,True,1,True
1,0,1,1,-6.4138,0,0.0016387852710095952,0.01752626720588883,0.9983612147289904,0.0016387852710095952,False,True,False,True,False,True,False,True,0,True
2,0,0,0,-0.3063,1,0.7361657366043477,0.8324773832488889,0.7361657366043477,0.2638342633956523,True,False,True,False,True,False,True,False,1,True
2,0,1,1,-44.7564,0,3.652098229706242e-20,2.3581538494606693e-18,1.0,3.652098229706242e-20,False,True,False,True,False,True,False,True,0,True
2,0,2,4,-3.9388,0,0.019471566611397234,0.13846317547503204,0.9805284333886027,0.019471566611397234,True,False,False,True,False,True,False,True,0,True
3,0,0,0,2.5731,1,1.0,0.0,1.0,0.0,False,True,False,True,False,True,False,True,1,True
3,0,1,1,-6.1044,0,0.002233020780671845,0.022883708150743504,0.9977669792193281,0.002233020780671845,False,True,False,True,False,True,False,True,0,True
4,0,0,0,-3.4,0,0.03337326996032608,0.21103627600200328,0.9666267300396739,0.03337326996032608,True,False,False,True,False,True,False,True,0,True
4,0,1,2,-5.9259,0,0.0026694041400403302,0.026667438919489566,0.9973305958599596,0.0026694041400403302,False,True,False,True,False,True,False,True,0,True
4,0,2,6,-2.6794,0,0.0686043043906069,0.3606934699444763,0.9313956956093931,0.0686043043906069,True,False,True,False,False,True,False,True,0,True
4,0,3,14,-0.1773,1,0.8375284882839575,0.6401895460852481,0.8375284882839575,0.16247151171604246,True,False,True,False,True,False,False,True,1,True
5,0,0,0,1.997,1,1.0,0.0,1.0,0.0,False,True,False,True,False,True,False,True,1,True
5,0,1,1,-1.9965,0,0.13580978662448084,0.5731589343337844,0.8641902133755192,0.13580978662448084,True,False,True,False,True,False,False,True,0,True
5,0,2,4,-25.5911,0,7.690002556240974e-12,2.950103382543738e-10,0.99999999999231,7.690002556240974e-12,False,True,False,True,False,True,False,True,0,True
5,0,3,10,-3.8981,0,0.020280407637352452,0.14301206942196587,0.9797195923626475,0.020280407637352452,True,False,False,True,False,True,False,True,0,True
5,0,4,22,-2.2191,0,0.10870690102278849,0.4960032183943101,0.8912930989772115,0.10870690102278849,True,False,True,False,True,False,False,True,0,True
5,0,5,46,-91.0069,0,2.993680957690452e-40,3.9305595000523465e-38,1.0,2.993680957690452e-40,False,True,False,True,False,True,False,True,0,True
6,0,0,0,-11.9696,0,6.333864516225146e-06,0.00011851403493308707,0.9999936661354838,6.333864516225146e-06,False,True,False,True,False,True,False,True,0,True
6,0,1,2,-3.5013,0,0.030158152329604792,0.19518436494820163,0.9698418476703952,0.030158152329604792,True,False,False,True,False,True,False,True,0,True
6,0,2,6,-9.2899,0,9.235229504782939e-05,0.0013709810021018238,0.9999076477049522,9.235229504782939e-05,False,True,False,True,False,True,False,True,0,True
6,0,3,14,-10.3826,0,3.0966641918506456e-05,0.0005085217522567424,0.9999690333580815,3.0966641918506456e-05,False,True,False,True,False,True,False,True,0,True
6,0,4,30,-2.0391,0,0.13014578939564647,0.5578378774786754,0.8698542106043535,0.13014578939564647,True,False,True,False,True,False,False,True,0,True
6,0,5,62,-6.7737,0,0.0011434560269829024,0.012823005518993572,0.9988565439730172,0.0011434560269829024,False,True,False,True,False,True,False,True,0,True
7,0,0,0,-5.2197,0,0.005408951568533039,0.048514085015554494,0.994591048431467,0.005408951568533039,False,True,False,True,False,True,False,True,0,True
7,0,1,2,-10.3157,0,3.310917909425015e-05,0.0005405100103837274,0.9999668908209057,3.310917909425015e-05,False,True,False,True,False,True,False,True,0,True
7,0,2,6,-12.0204,0,6.020140259468057e-06,0.00011308509694871631,0.9999939798597405,6.020140259468057e-06,False,True,False,True,False,True,False,True,0,True
7,0,3,14,-0.1382,1,0.8709244894282616,0.5548973071261089,0.8709244894282616,0.12907551057173838,True,False,True,False,True,False,False,True,1,True
8,0,0,0,-3.5772,0,0.02795385958515819,0.18402441526726437,0.9720461404148418,0.02795385958515819,True,False,False,True,False,True,False,True,0,True
8,0,1,2,-9.4309,0,8.020698115978929e-05,0.0012069987537680314,0.9999197930188403,8.020698115978929e-05,False,True,False,True,False,True,False,True,0,True
8,0,2,6,-8.1959,0,0.0002757819612304199,0.0036587111324449585,0.9997242180387695,0.0002757819612304199,False,True,False,True,False,True,False,True,0,True
8,0,3,14,-7.6922,0,0.00045637304580117355,0.005722856192655095,0.9995436269541988,0.00045637304580117355,False,True,False,True,False,True,False,True,0,True
8,0,4,30,-9.7174,0,6.0226385760872365e-05,0.0009312141363497365,0.9999397736142391,6.0226385760872365e-05,False,True,False,True,False,True,False,True,0,True
8,0,5,62,-1.5656,1,0.20896259799369526,0.7394950989467827,0.7910374020063047,0.20896259799369526,True,False,True,False,True,False,True,False,0,False
8,0,6,125,-10.0169,0,4.4639117917459065e-05,0.0007094939078411592,0.9999553608820826,4.4639117917459065e-05,False,True,False,True,False,True,False,True,0,True
9,0,0,0,-3.5159,0,0.02972104197568552,0.19299096238425667,0.9702789580243145,0.02972104197568552,True,False,False,True,False,True,False,True,0,True
9,0,1,2,-4.0598,0,0.01725246926417272,0.1257227314187848,0.9827475307358273,0.01725246926417272,True,False,False,True,False,True,False,True,0,True
9,0,2,6,-9.356,0,8.644518883131559e-05,0.0012915332618403934,0.9999135548111687,8.644518883131559e-05,False,True,False,True,False,True,False,True,0,True
9,0,3,14,-5.8833,0,0.0027855776845094786,0.027656584466421698,0.9972144223154905,0.0027855776845094786,False,True,False,True,False,True,False,True,0,True
9,0,4,30,-5.3299,0,0.004844554443471348,0.04422407272436141,0.9951554455565287,0.004844554443471348,False,True,False,True,False,True,False,True,0,True
9,0,5,62,-2.6191,0,0.07286841489798727,0.37653797209550943,0.9271315851020128,0.07286841489798727,True,False,True,False,False,True,False,True,0,True
9,0,6,126,-4.108,0,0.01644062291278227,0.12095960333716084,0.9835593770872177,0.01644062291278227,True,False,False,True,False,True,False,True,0,True
10,0,0,0,-3.5159,0,0.02972104197568552,0.19299096238425667,0.9702789580243145,0.02972104197568552,True,False,False,True,False,True,False,True,0,True
10,0,1,2,-4.27,0,0.013981783153338308,0.10616185911121864,0.9860182168466617,0.013981783153338308,True,False,False,True,False,True,False,True,0,True
10,0,2,6,-6.7816,0,0.0011344583121389374,0.012735039985735606,0.998865541687861,0.0011344583121389374,False,True,False,True,False,True,False,True,0,True
10,0,3,14,-4.6613,0,0.009454163996283656,0.0771524836522129,0.9905458360037164,0.009454163996283656,False,True,False,True,False,True,False,True,0,True
10,0,4,30,1.7524,1,1.0,0.0,1.0,0.0,False,True,False,True,False,True,False,True,1,True
10,0,5,61,-57.8568,0,7.466395987376943e-26,6.232179708406263e-24,1.0,7.466395987376943e-26,False,True,False,True,False,True,False,True,0,True
10,0,6,124,-4.4734,0,0.011408461067175753,0.08999206397569603,0.9885915389328243,0.011408461067175753,True,False,False,True,False,True,False,True,0,True
11,0,0,0,-10.744,0,2.1574467557032544e-05,0.00036553609589033584,0.999978425532443,2.1574467557032544e-05,False,True,False,True,False,True,False,True,0,True
11,0,1,2,-14.2784,0,6.294622207230372e-07,1.3874651249640473e-05,0.9999993705377793,6.294622207230372e-07,False,True,False,True,False,True,False,True,0,True
11,0,2,6,0.0,1,1.0,0.0,1.0,0.0,False,True,False,True,False,True,False,True,1,True
11,0,3,13,-2.1455,0,0.11700951765667031,0.52070328320655,0.8829904823433297,0.11700951765667031,True,False,True,False,True,False,False,True,0,True
11,0,4,28,-8.4925,0,0.0002050001186593369,0.0028074017567833336,0.9997949998813407,0.0002050001186593369,False,True,False,True,False,True,False,True,0,True
11,0,5,58,-6.7974,0,0.00111667473105394,0.012560876071737287,0.9988833252689461,0.00111667473105394,False,True,False,True,False,True,False,True,0,True
12,0,0,0,-5.2683,0,0.005152362147735361,0.04657489243673214,0.9948476378522646,0.005152362147735361,False,True,False,True,False,True,False,True,0,True
12,0,1,2,-15.5412,0,1.7805025411716965e-07,4.2489747201332096e-06,0.9999998219497459,1.7805025411716965e-07,False,True,False,True,False,True,False,True,0,True
12,0,2,6,-1.7461,0,0.17445298510043428,0.667790645022121,0.8255470148995657,0.17445298510043428,True,False,True,False,True,False,False,True,0,True
12,0,3,14,-6.8727,0,0.0010356769583853415,0.01176234675739124,0.9989643230416146,0.0010356769583853415,False,True,False,True,False,True,False,True,0,True
12,0,4,30,-55.0613,0,1.2223096587212271e-24,9.709620221982082e-23,1.0,1.2223096587212271e-24,False,True,False,True,False,True,False,True,0,True
12,0,5,62,-5.1863,0,0.005592661427605201,0.0498915875190033,0.9944073385723948,0.005592661427605201,False,True,False,True,False,True,False,True,0,True
12,0,6,126,-0.2335,1,0.7917575957402474,0.738109700635017,0.7917575957402474,0.2082424042597526,True,False,True,False,True,False,True,False,1,True
13,0,0,0,-2.7792,0,0.06208815804087758,0.33567895272996756,0.9379118419591225,0.06208815804087758,True,False,True,False,False,True,False,True,0,True
13,0,1,2,-9.8501,0,5.2741918559939485e-05,0.0008255875746699419,0.99994725808144,5.2741918559939485e-05,False,True,False,True,False,True,False,True,0,True
13,0,2,6,-2.3345,0,0.09685889987105091,0.4589587140147087,0.9031411001289491,0.09685889987105091,True,False,True,False,False,True,False,True,0,True
13,0,3,14,1.3032,1,1.0,0.0,1.0,0.0,False,True,False,True,False,True,False,True,1,True
14,0,0,0,0.2772,1,1.0,0.0,1.0,0.0,False,True,False,True,False,True,False,True,1,True
14,0,1,1,-3.4215,0,0.03266340306970674,0.20757767890513276,0.9673365969302933,0.03266340306970674,True,False,False,True,False,True,False,True,0,True
15,0,0,0,-0.4318,1,0.6493392315455376,0.9346567936368897,0.6493392315455376,0.35066076845446237,True,False,True,False,True,False,True,False,1,True
15,0,1,1,-3.0903,0,0.04548830586568338,0.26691325530054383,0.9545116941343166,0.04548830586568338,True,False,False,True,False,True,False,True,0,True
16,0,0,0,-2.1994,1,0.11086966020590933,0.5025335559981127,0.8891303397940906,0.11086966020590933,True,False,True,False,True,False,False,True,0,False
17,0,0,0,2.4657,1,1.0,0.0,1.0,0.0,False,True,False,True,False,True,False,True,1,True
17,0,1,1,0.865,1,1.0,0.0,1.0,0.0,False,True,False,True,False,True,False,True,1,True
17,0,2,3,-53.7872,0,4.370346217129703e-24,3.3913242763261783e-22,1.0,4.370346217129703e-24,False,True,False,True,False,True,False,True,0,True
18,0,0,0,11.4237,1,1.0,0.0,1.0,0.0,False,True,False,True,False,True,False,True,1,True
19,0,0,0,-1.3094,0,0.2699819969958428,0.841438801844189,0.7300180030041572,0.2699819969958428,True,False,True,False,True,False,True,False,0,True
19,0,1,2,-34.5458,0,9.930010027792226e-16,5.093177286742204e-14,0.999999999999999,9.930010027792226e-16,False,True,False,True,False,True,False,True,0,True
19,0,2,6,0.0,1,1.0,0.0,1.0,0.0,False,True,False,True,False,True,False,True,1,True
19,0,3,13,-19.6534,0,2.914988389997747e-09,8.685661987819095e-08,0.9999999970850116,2.914988389997747e-09,False,True,False,True,False,True,False,True,0,True
19,0,4,28,1.1082,1,1.0,0.0,1.0,0.0,False,True,False,True,False,True,False,True,1,True
20,0,0,0,0.1283,1,1.0,0.0,1.0,0.0,False,True,False,True,False,True,False,True,1,True
20,0,1,1,-43.1663,0,1.7910763766891387e-19,1.1154072665580152e-17,1.0,1.7910763766891387e-19,False,True,False,True,False,True,False,True,0,True
20,0,2,4,-19.0507,0,5.325815454925484e-09,1.5406010573687451e-07,0.9999999946741845,5.325815454925484e-09,False,True,False,True,False,True,False,True,0,True
21,0,0,0,3.0918,1,1.0,0.0,1.0,0.0,False,True,False,True,False,True,False,True,1,True
21,0,1,1,-26.5528,0,2.9394459638691593e-12,1.1684379528744837e-10,0.9999999999970606,2.9394459638691593e-12,False,True,False,True,False,True,False,True,0,True
22,0,0,0,-2.6805,0,0.06852888114616684,0.36040958628320974,0.9314711188538332,0.06852888114616684,True,False,True,False,False,True,False,True,0,True
22,0,1,2,-77.6336,0,1.9237822339067207e-34,2.1546670696052063e-32,1.0,1.9237822339067207e-34,False,True,False,True,False,True,False,True,0,True
22,0,2,6,-77.6347,0,1.921667236911045e-34,2.152328735102107e-32,1.0,1.921667236911045e-34,False,True,False,True,False,True,False,True,0,True
22,0,3,14,-42.4786,0,3.5626931685899806e-19,2.1833489665068067e-17,1.0,3.5626931685899806e-19,False,True,False,True,False,True,False,True,0,True
22,0,4,30,-125.9139,0,2.0715147742748854e-55,3.7630176022048027e-53,1.0,2.0715147742748854e-55,False,True,False,True,False,True,False,True,0,True
22,0,5,62,-3.4465,0,0.03185694077446166,0.20362050493013142,0.9681430592255383,0.03185694077446166,True,False,False,True,False,True,False,True,0,True
22,0,6,126,-43.472,0,1.3193204149788046e-19,8.274360581489592e-18,1.0,1.3193204149788046e-19,False,True,False,True,False,True,False,True,0,True
23,0,0,0,-2.6891,0,0.06794205971722588,0.3581964620027077,0.9320579402827741,0.06794205971722588,True,False,True,False,False,True,False,True,0,True
23,0,1,2,-114.7878,0,1.406992784317532e-50,2.330033373247149e-48,1.0,1.406992784317532e-50,False,True,False,True,False,True,False,True,0,True
23,0,2,6,-3.1801,0,0.0415814967635824,0.2494968903720031,0.9584185032364176,0.0415814967635824,True,False,False,True,False,True,False,True,0,True
23,0,3,14,-137.2867,0,2.3831081466307021e-60,4.720051705753865e-58,1.0,2.3831081466307021e-60,False,True,False,True,False,True,False,True,0,True
23,0,4,30,-34.8993,0,6.973111148175876e-16,3.6069978072956036e-14,0.9999999999999993,6.973111148175876e-16,False,True,False,True,False,True,False,True,0,True
23,0,5,62,-0.4217,0,0.6559307891162426,0.9286595339172202,0.6559307891162426,0.3440692108837574,True,False,True,False,True,False,True,False,1,False
24,0,0,0,-2.2492,0,0.10548357767826154,0.48614092675370163,0.8945164223217384,0.10548357767826154,True,False,True,False,True,False,False,True,0,True
25,0,0,0,-15.0988,0,2.771242154629887e-07,6.43639245260126e-06,0.9999997228757845,2.771242154629887e-07,False,True,False,True,False,True,False,True,0,True
25,0,1,2,-0.0476,1,0.9535151168532064,0.2712730341882125,0.9535151168532064,0.046484883146793554,True,False,False,True,False,True,False,True,1,True
26,0,0,0,1.4072,1,1.0,0.0,1.0,0.0,False,True,False,True,False,True,False,True,1,True
27,0,0,0,-1.3596,0,0.2567634617999375,0.8218230120626624,0.7432365382000625,0.2567634617999375,True,False,True,False,True,False,True,False,0,True
27,0,1,2,-22.9046,0,1.1289081536847813e-10,3.893270943287128e-09,0.9999999998871092,1.1289081536847813e-10,False,True,False,True,False,True,False,True,0,True
27,0,2,6,-11.5945,0,9.216640110391827e-06,0.00016746649867817572,0.9999907833598896,9.216640110391827e-06,False,True,False,True,False,True,False,True,0,True
27,0,3,14,-3.1995,0,0.04078259017648021,0.24586890202204736,0.9592174098235198,0.04078259017648021,True,False,False,True,False,True,False,True,0,True
27,0,4,30,-4.0735,0,0.01701772212478774,0.12435134373501527,0.9829822778752123,0.01701772212478774,True,False,False,True,False,True,False,True,0,True
27,0,5,62,-3.4362,0,0.03218676293265574,0.20524252155704065,0.9678132370673442,0.03218676293265574,True,False,False,True,False,True,False,True,0,True
27,0,6,126,0.1129,1,1.0,0.0,1.0,0.0,False,True,False,True,False,True,False,True,1,True
28,0,0,0,-0.0585,1,0.9431782403996666,0.3146971051117656,0.9431782403996666,0.05682175960033342,True,False,True,False,False,True,False,True,1,True
28,0,1,1,-2.3472,1,0.0956365700660374,0.4550092289655927,0.9043634299339626,0.0956365700660374,True,False,True,False,False,True,False,True,0,False
29,0,0,0,1.3388,1,1.0,0.0,1.0,0.0,False,True,False,True,False,True,False,True,1,True
30,0,0,0,-0.4642,0,0.6286378143306378,0.9517122757644837,0.6286378143306378,0.3713621856693622,True,False,True,False,True,False,True,False,1,False
30,0,1,2,1.2775,1,1.0,0.0,1.0,0.0,False,True,False,True,False,True,False,True,1,True
30,0,2,5,-1.2286,0,0.2927020738700607,0.8721861616008005,0.7072979261299392,0.2927020738700607,True,False,True,False,True,False,True,False,0,True
31,0,0,0,-0.6388,0,0.5279255547543513,0.9977486958988532,0.5279255547543513,0.4720744452456487,True,False,True,False,True,False,True,False,1,False
31,0,1,2,-2.2923,0,0.1010338166361776,0.47226417467732595,0.8989661833638224,0.1010338166361776,True,False,True,False,True,False,False,True,0,True
31,0,2,6,-25.3162,0,1.0123111893295113e-11,3.843366276966079e-10,0.9999999999898769,1.0123111893295113e-11,False,True,False,True,False,True,False,True,0,True
31,0,3,14,-0.2843,0,0.7525408485838961,0.8072260812063022,0.7525408485838961,0.24745915141610386,True,False,True,False,True,False,True,False,1,False
31,0,4,30,-5.0962,0,0.00611995827678459,0.05379770044237718,0.9938800417232154,0.00611995827678459,False,True,False,True,False,True,False,True,0,True
32,0,0,0,6.2513,1,1.0,0.0,1.0,0.0,False,True,False,True,False,True,False,True,1,True
33,0,0,0,-32.4401,0,8.155368278636955e-15,3.9337329534444147e-13,0.9999999999999919,8.155368278636955e-15,False,True,False,True,False,True,False,True,0,True
33,0,1,2,-30.0805,0,8.633856718088371e-14,3.8714470702060816e-12,0.9999999999999136,8.633856718088371e-14,False,True,False,True,False,True,False,True,0,True
33,0,2,6,-14.2052,0,6.772671725559851e-07,1.485684840338545e-05,0.9999993227328274,6.772671725559851e-07,False,True,False,True,False,True,False,True,0,True
33,0,3,14,-2.0402,0,0.1300027077366511,0.557445610959222,0.8699972922633489,0.1300027077366511,True,False,True,False,True,False,False,True,0,True
33,0,4,30,-13.4264,0,1.4756676891304538e-06,3.0712916186862684e-05,0.9999985243323108,1.4756676891304538e-06,False,True,False,True,False,True,False,True,0,True
33,0,5,62,-15.8177,0,1.3503929861739852e-07,3.276433154384495e-06,0.9999998649607014,1.3503929861739852e-07,False,True,False,True,False,True,False,True,0,True
34,0,0,0,-7.993,0,0.00033781910434310046,0.004382835598643238,0.999662180895657,0.00033781910434310046,False,True,False,True,False,True,False,True,0,True
34,0,1,2,-30.0765,0,8.668461308001121e-14,3.886444696129301e-12,0.9999999999999133,8.668461308001121e-14,False,True,False,True,False,True,False,True,0,True
34,0,2,6,-12.7691,0,2.847412132133135e-06,5.656273217896686e-05,0.9999971525878679,2.847412132133135e-06,False,True,False,True,False,True,False,True,0,True
34,0,3,14,-9.0688,0,0.0001152047013736563,0.0016734778607012508,0.9998847952986264,0.0001152047013736563,False,True,False,True,False,True,False,True,0,True
34,0,4,30,-19.458,0,3.5440347462678108e-09,1.0460096333419153e-07,0.9999999964559653,3.5440347462678108e-09,False,True,False,True,False,True,False,True,0,True
34,0,5,62,-3.0657,0,0.04662119560269117,0.27186683931718264,0.9533788043973088,0.04662119560269117,True,False,False,True,False,True,False,True,0,True
34,0,6,126,-0.0167,0,0.9834386719861904,0.12167143796634856,0.9834386719861904,0.016561328013809606,True,False,False,True,False,True,False,True,1,False
35,0,0,0,-14.6979,0,4.137929951018406e-07,9.371286725769445e-06,0.9999995862070049,4.137929951018406e-07,False,True,False,True,False,True,False,True,0,True
35,0,1,2,-14.688,0,4.179098907621771e-07,9.4585543487292e-06,0.9999995820901092,4.179098907621771e-07,False,True,False,True,False,True,False,True,0,True
35,0,2,6,-2.2039,0,0.11037186760835194,0.5010366051936957,0.8896281323916481,0.11037186760835194,True,False,True,False,True,False,False,True,0,True
35,0,3,14,-12.5137,0,3.6759461597530712e-06,7.166678052801443e-05,0.9999963240538402,3.6759461597530712e-06,False,True,False,True,False,True,False,True,0,True
35,0,4,30,-2.0638,0,0.1269705638623805,0.5490710199085608,0.8730294361376195,0.1269705638623805,True,False,True,False,True,False,False,True,0,True
36,0,0,0,-6.7641,0,0.0011544860643105542,0.01293070047407746,0.9988455139356894,0.0011544860643105542,False,True,False,True,False,True,False,True,0,True
36,0,1,2,-3.8203,0,0.02192122354064571,0.1520958774672043,0.9780787764593543,0.02192122354064571,True,False,False,True,False,True,False,True,0,True
36,0,2,6,-12.7579,0,2.879482406307841e-06,5.715326840110844e-05,0.9999971205175937,2.879482406307841e-06,False,True,False,True,False,True,False,True,0,True
36,0,3,14,-14.2143,0,6.71131998664685e-07,1.473107534507114e-05,0.9999993288680014,6.71131998664685e-07,False,True,False,True,False,True,False,True,0,True
36,0,4,30,-173.7438,0,3.4996643627766093e-76,8.772234846604865e-74,1.0,3.4996643627766093e-76,False,True,False,True,False,True,False,True,0,True
36,0,5,62,-33.7887,0,2.117161750817624e-15,1.0624809428950735e-13,0.9999999999999979,2.117161750817624e-15,False,True,False,True,False,True,False,True,0,True
36,0,6,126,-6.5218,0,0.0014710188838819422,0.015961440328812398,0.9985289811161181,0.0014710188838819422,False,True,False,True,False,True,False,True,0,True
37,0,0,0,-11.839,0,7.21751389665515e-06,0.00013368825189186714,0.9999927824861033,7.21751389665515e-06,False,True,False,True,False,True,False,True,0,True
37,0,1,2,-13.041,0,2.169530008098049e-06,4.394790795463611e-05,0.9999978304699919,2.169530008098049e-06,False,True,False,True,False,True,False,True,0,True
37,0,2,6,0.5637,1,1.0,0.0,1.0,0.0,False,True,False,True,False,True,False,True,1,True
37,0,3,13,-5.9538,0,0.002595957114798431,0.02603832876324236,0.9974040428852016,0.002595957114798431,False,True,False,True,False,True,False,True,0,True
37,0,4,28,0.0889,1,1.0,0.0,1.0,0.0,False,True,False,True,False,True,False,True,1,True
37,0,5,57,-6.4821,0,0.001530593056584236,0.016520125413746027,0.9984694069434158,0.001530593056584236,False,True,False,True,False,True,False,True,0,True
38,0,0,0,0.008,1,1.0,0.0,1.0,0.0,False,True,False,True,False,True,False,True,1,True
38,0,1,1,-14.3807,0,5.682524856524051e-07,1.2609328999257593e-05,0.9999994317475144,5.682524856524051e-07,False,True,False,True,False,True,False,True,0,True
38,0,2,4,-8.2298,0,0.00026658964284975093,0.00354979954677148,0.9997334103571502,0.00026658964284975093,False,True,False,True,False,True,False,True,0,True
38,0,3,10,-33.4754,0,2.8961329884947925e-15,1.440325992907215e-13,0.9999999999999971,2.8961329884947925e-15,False,True,False,True,False,True,False,True,0,True
38,0,4,22,-8.0681,0,0.00031337813423129145,0.004099699502015677,0.9996866218657687,0.00031337813423129145,False,True,False,True,False,True,False,True,0,True
39,0,0,0,-16.0458,0,1.0749731139183161e-07,2.643562169954543e-06,0.9999998925026886,1.0749731139183161e-07,False,True,False,True,False,True,False,True,0,True
39,0,1,2,-3.5695,0,0.028169935127208612,0.18512946524735968,0.9718300648727913,0.028169935127208612,True,False,False,True,False,True,False,True,0,True
39,0,2,6,-33.5436,0,2.705201482969512e-15,1.347574286427591e-13,0.9999999999999973,2.705201482969512e-15,False,True,False,True,False,True,False,True,0,True
39,0,3,14,-2.4162,0,0.08926016243380104,0.4339955028023881,0.9107398375661989,0.08926016243380104,True,False,True,False,False,True,False,True,0,True
39,0,4,30,-13.7839,0,1.0321154778742023e-06,2.2013638529660957e-05,0.9999989678845221,1.0321154778742023e-06,False,True,False,True,False,True,False,True,0,True
40,0,0,0,-0.0049,1,0.9951119854158298,0.044557669752801274,0.9951119854158298,0.004888014584170208,False,True,False,True,False,True,False,True,1,True
40,0,1,1,-0.5847,0,0.5572730186429885,0.9905145406173664,0.5572730186429885,0.4427269813570115,True,False,True,False,True,False,True,False,1,False
40,0,2,4,-14.1855,0,6.907416234242393e-07,1.5132798600585352e-05,0.9999993092583765,6.907416234242393e-07,False,True,False,True,False,True,False,True,0,True
40,0,3,10,-13.0268,0,2.2005571052458885e-06,4.45313388675368e-05,0.9999977994428948,2.2005571052458885e-06,False,True,False,True,False,True,False,True,0,True
40,0,4,22,-16.2543,0,8.726642861563037e-08,2.1722964151161025e-06,0.9999999127335714,8.726642861563037e-08,False,True,False,True,False,True,False,True,0,True
41,0,0,0,0.22,1,1.0,0.0,1.0,0.0,False,True,False,True,False,True,False,True,1,True
41,0,1,1,-9.0602,0,0.00011619973431440277,0.0016864900391786893,0.9998838002656856,0.00011619973431440277,False,True,False,True,False,True,False,True,0,True
42,0,0,0,-9.9826,0,4.619680121704139e-05,0.0007319656433541491,0.9999538031987829,4.619680121704139e-05,False,True,False,True,False,True,False,True,0,True
42,0,1,2,-25.0148,0,1.3683915827418557e-11,5.135768715379554e-10,0.9999999999863161,1.3683915827418557e-11,False,True,False,True,False,True,False,True,0,True
42,0,2,6,-12.4776,0,3.8110721660557575e-06,7.410273085379966e-05,0.9999961889278339,3.8110721660557575e-06,False,True,False,True,False,True,False,True,0,True
42,0,3,14,-14.1714,0,7.005500673432936e-07,1.5333431837185362e-05,0.9999992994499327,7.005500673432936e-07,False,True,False,True,False,True,False,True,0,True
42,0,4,30,-8.1987,0,0.00027501085179597426,0.003649592142062351,0.9997249891482041,0.00027501085179597426,False,True,False,True,False,True,False,True,0,True
42,0,5,62,0.0078,1,1.0,0.0,1.0,0.0,False,True,False,True,False,True,False,True,1,True
43,0,0,0,-15.0178,0,3.005054339819616e-07,6.944320095762607e-06,0.999999699494566,3.005054339819616e-07,False,True,False,True,False,True,False,True,0,True
43,0,1,2,-27.3188,0,1.3664568049926229e-12,5.582713707596709e-11,0.9999999999986335,1.3664568049926229e-12,False,True,False,True,False,True,False,True,0,True
43,0,2,6,-5.9693,0,0.0025560300139214846,0.02569507753049313,0.9974439699860785,0.0025560300139214846,False,True,False,True,False,True,False,True,0,True
43,0,3,14,-14.7577,0,3.89773513940352e-07,8.860937758793603e-06,0.9999996102264861,3.89773513940352e-07,False,True,False,True,False,True,False,True,0,True
43,0,4,30,3.4669,1,1.0,0.0,1.0,0.0,False,True,False,True,False,True,False,True,1,True
43,0,5,61,31.131,1,1.0,0.0,1.0,0.0,False,True,False,True,False,True,False,True,1,True
44,0,0,0,-49.8383,0,2.2672599816433056e-22,1.6301932159898804e-20,1.0,2.2672599816433056e-22,False,True,False,True,False,True,False,True,0,True
44,0,1,2,-13.5985,0,1.2423572188316538e-06,2.6165512312670644e-05,0.9999987576427811,1.2423572188316538e-06,False,True,False,True,False,True,False,True,0,True
44,0,2,6,-49.4749,0,3.260798310328023e-22,2.3274662993409644e-20,1.0,3.260798310328023e-22,False,True,False,True,False,True,False,True,0,True
44,0,3,14,-1.4933,1,0.22463015158151137,0.7685323530124961,0.7753698484184887,0.22463015158151137,True,False,True,False,True,False,True,False,0,False
44,0,4,29,-15.8592,0,1.2954986137357998e-07,3.151000358587517e-06,0.9999998704501386,1.2954986137357998e-07,False,True,False,True,False,True,False,True,0,True
45,0,0,0,-7.4734,0,0.0005679938311235933,0.0069432260919092565,0.9994320061688764,0.0005679938311235933,False,True,False,True,False,True,False,True,0,True
45,0,1,2,-10.9897,0,1.687461729968548e-05,0.00029188816219012556,0.9999831253827003,1.687461729968548e-05,False,True,False,True,False,True,False,True,0,True
45,0,2,6,-53.542,0,5.584764314264256e-24,4.313938789634545e-22,1.0,5.584764314264256e-24,False,True,False,True,False,True,False,True,0,True
45,0,3,14,-0.0633,1,0.9386618328952578,0.3327341975190298,0.9386618328952578,0.06133816710474216,True,False,True,False,False,True,False,True,1,True
45,0,4,29,-0.0985,1,0.9061956926142708,0.44904221276473505,0.9061956926142708,0.0938043073857292,True,False,True,False,False,True,False,True,1,True
46,0,0,0,0.7841,1,1.0,0.0,1.0,0.0,False,True,False,True,False,True,False,True,1,True
47,0,0,0,-38.1409,0,2.7265759218531263e-17,1.500317140348149e-15,1.0,2.7265759218531263e-17,False,True,False,True,False,True,False,True,0,True
47,0,1,2,0.1141,1,1.0,0.0,1.0,0.0,False,True,False,True,False,True,False,True,1,True
47,0,2,5,-51.3893,0,4.807403564354922e-23,3.5641651718200836e-21,1.0,4.807403564354922e-23,False,True,False,True,False,True,False,True,0,True
47,0,3,12,-40.1246,0,3.7506594351382125e-18,2.171165284832773e-16,1.0,3.7506594351382125e-18,False,True,False,True,False,True,False,True,0,True
47,0,4,26,-41.2002,0,1.2793238214939163e-18,7.604214341279468e-17,1.0,1.2793238214939163e-18,False,True,False,True,False,True,False,True,0,True
47,0,5,54,-48.0985,0,1.2914775530484018e-21,8.961752255144088e-20,1.0,1.2914775530484018e-21,False,True,False,True,False,True,False,True,0,True
48,0,0,0,-44.685,0,3.922392737785203e-20,2.5286421759133704e-18,1.0,3.922392737785203e-20,False,True,False,True,False,True,False,True,0,True
49,0,0,0,0.0,1,1.0,0.0,1.0,0.0,False,True,False,True,False,True,False,True,1,True
49,0,1,1,28.0592,1,1.0,0.0,1.0,0.0,False,True,False,True,False,True,False,True,1,True
50,0,0,0,39.6995,1,1.0,0.0,1.0,0.0,False,True,False,True,False,True,False,True,1,True
51,0,0,0,-1.5091,0,0.2211088864349293,0.7621871342698205,0.7788911135650707,0.2211088864349293,True,False,True,False,True,False,True,False,0,True
51,0,1,2,-3.4344,0,0.03224475127979008,0.20552717749478336,0.9677552487202099,0.03224475127979008,True,False,False,True,False,True,False,True,0,True
51,0,2,6,0.0,1,1.0,0.0,1.0,0.0,False,True,False,True,False,True,False,True,1,True
51,0,3,13,-21.8464,0,3.252587813923545e-10,1.0720655684744642e-08,0.9999999996747412,3.252587813923545e-10,False,True,False,True,False,True,False,True,0,True
51,0,4,28,-8.8906,0,0.00013767702697857698,0.00196451628645073,0.9998623229730215,0.00013767702697857698,False,True,False,True,False,True,False,True,0,True
52,0,0,0,-9.7105,0,6.06433848149164e-05,0.0009370580338915046,0.9999393566151851,6.06433848149164e-05,False,True,False,True,False,True,False,True,0,True
52,0,1,2,-21.4896,0,4.647135135970259e-10,1.507792472466738e-08,0.9999999995352865,4.647135135970259e-10,False,True,False,True,False,True,False,True,0,True
52,0,2,6,0.0029,1,1.0,0.0,1.0,0.0,False,True,False,True,False,True,False,True,1,True
52,0,3,13,-54.0852,0,3.2441138521369905e-24,2.53133174939641e-22,1.0,3.2441138521369905e-24,False,True,False,True,False,True,False,True,0,True
52,0,4,28,-5.0071,0,0.006690277004127594,0.057948346524289256,0.9933097229958724,0.006690277004127594,False,True,False,True,False,True,False,True,0,True
52,0,5,58,-21.5956,0,4.179747884231305e-10,1.3625376213841301e-08,0.9999999995820252,4.179747884231305e-10,False,True,False,True,False,True,False,True,0,True
53,0,0,0,-81.1814,0,5.538165716257585e-36,6.486299863682576e-34,1.0,5.538165716257585e-36,False,True,False,True,False,True,False,True,0,True
53,0,1,2,-4.2686,0,0.014001371358297038,0.10628211050554896,0.985998628641703,0.014001371358297038,True,False,False,True,False,True,False,True,0,True
53,0,2,6,-77.2448,0,2.8379817887818716e-34,3.1626664844976485e-32,1.0,2.8379817887818716e-34,False,True,False,True,False,True,False,True,0,True
53,0,3,14,-1.4919,0,0.22494485403404085,0.7690944210672114,0.7750551459659591,0.22494485403404085,True,False,True,False,True,False,True,False,0,True
53,0,4,30,-66.72,0,1.0565064856128227e-29,1.0169573605297433e-27,1.0,1.0565064856128227e-29,False,True,False,True,False,True,False,True,0,True
53,0,5,62,-60.6961,0,4.365346252288017e-27,3.822557461020853e-25,1.0,4.365346252288017e-27,False,True,False,True,False,True,False,True,0,True
54,0,0,0,-62.5189,0,7.053208388246291e-28,6.361691171386012e-26,1.0,7.053208388246291e-28,False,True,False,True,False,True,False,True,0,True
54,0,1,2,-2.5844,0,0.07544133082289743,0.38590912209199757,0.9245586691771026,0.07544133082289743,True,False,True,False,False,True,False,True,0,True
54,0,2,6,-114.6561,0,1.6050495842239992e-50,2.6549732985291997e-48,1.0,1.6050495842239992e-50,False,True,False,True,False,True,False,True,0,True
54,0,3,14,-1.4919,1,0.22494485403404085,0.7690944210672114,0.7750551459659591,0.22494485403404085,True,False,True,False,True,False,True,False,0,False
54,0,4,29,-2.1572,0,0.11564848387367527,0.5167218420724314,0.8843515161263247,0.11564848387367527,True,False,True,False,True,False,False,True,0,True
54,0,5,60,-22.487,0,1.7140361825188888e-10,5.807939418291082e-09,0.9999999998285963,1.7140361825188888e-10,False,True,False,True,False,True,False,True,0,True
55,0,0,0,-19.821,0,2.465182489353289e-09,7.405002293963697e-08,0.9999999975348175,2.465182489353289e-09,False,True,False,True,False,True,False,True,0,True
55,0,1,2,-27.2194,0,1.5092624924673416e-12,6.144504062287897e-11,0.9999999999984908,1.5092624924673416e-12,False,True,False,True,False,True,False,True,0,True
55,0,2,6,-1.6968,1,0.18326904766784083,0.6871765194233741,0.8167309523321592,0.18326904766784083,True,False,True,False,True,False,False,True,0,False
55,0,3,13,-68.1985,0,2.4086171588724408e-30,2.369829697304181e-28,1.0,2.4086171588724408e-30,False,True,False,True,False,True,False,True,0,True
55,0,4,28,-34.2239,0,1.3700899503996099e-15,6.956976878139522e-14,0.9999999999999987,1.3700899503996099e-15,False,True,False,True,False,True,False,True,0,True
55,0,5,58,-104.6866,0,3.4291563805229817e-46,5.179083640724858e-44,1.0,3.4291563805229817e-46,False,True,False,True,False,True,False,True,0,True
56,0,0,0,-36.8419,0,9.994616328763427e-17,5.4724724590597385e-15,0.9999999999999999,9.994616328763427e-17,False,True,False,True,False,True,False,True,0,True
56,0,1,2,-20.9203,0,8.211625794122507e-10,2.5968698419253604e-08,0.9999999991788374,8.211625794122507e-10,False,True,False,True,False,True,False,True,0,True
56,0,2,6,-35.2634,0,4.845069005704319e-16,2.528965036439246e-14,0.9999999999999996,4.845069005704319e-16,False,True,False,True,False,True,False,True,0,True
56,0,3,14,-0.676,1,0.5086475186803137,0.9997842209854986,0.5086475186803137,0.49135248131968634,True,False,True,False,True,False,True,False,1,True
56,0,4,29,-1.4963,0,0.22395727095237095,0.767327814714163,0.776042729047629,0.22395727095237095,True,False,True,False,True,False,True,False,0,True
56,0,5,60,-35.6284,0,3.36343067703263e-16,1.7768855744023794e-14,0.9999999999999997,3.36343067703263e-16,False,True,False,True,False,True,False,True,0,True
57,0,0,0,-63.8969,0,1.7779883839044464e-28,1.6390162025289936e-26,1.0,1.7779883839044464e-28,False,True,False,True,False,True,False,True,0,True
57,0,1,2,-122.0488,0,9.882791592304353e-54,1.7401540225792225e-51,1.0,9.882791592304353e-54,False,True,False,True,False,True,False,True,0,True
57,0,2,6,-99.2305,0,8.030478311392923e-44,1.1496380572953368e-41,1.0,8.030478311392923e-44,False,True,False,True,False,True,False,True,0,True
57,0,3,14,3.1688,1,1.0,0.0,1.0,0.0,False,True,False,True,False,True,False,True,1,True
58,0,0,0,-0.0,1,1.0,0.0,1.0,0.0,False,True,False,True,False,True,False,True,1,True
58,0,1,1,-81.3082,0,4.8786246580968234e-36,5.722770005426904e-34,1.0,4.8786246580968234e-36,False,True,False,True,False,True,False,True,0,True
58,0,2,4,-20.0002,0,2.0607414329343955e-09,6.243404501227318e-08,0.9999999979392585,2.0607414329343955e-09,False,True,False,True,False,True,False,True,0,True
58,0,3,10,-20.0759,0,1.910501622094652e-09,5.8090896548741104e-08,0.9999999980894984,1.910501622094652e-09,False,True,False,True,False,True,False,True,0,True
58,0,4,22,-22.8227,0,1.2252573823163694e-10,4.211073802368452e-09,0.9999999998774742,1.2252573823163694e-10,False,True,False,True,False,True,False,True,0,True
59,0,0,0,-67.0657,0,7.477158123799386e-30,7.234550722376124e-28,1.0,7.477158123799386e-30,False,True,False,True,False,True,False,True,0,True
59,0,1,2,0.5249,1,1.0,0.0,1.0,0.0,False,True,False,True,False,True,False,True,1,True
59,0,2,5,-23.4916,0,6.276647641701767e-11,2.217784994597233e-09,0.9999999999372335,6.276647641701767e-11,False,True,False,True,False,True,False,True,0,True
60,0,0,0,-0.7006,1,0.49628744197661495,0.999960230051812,0.503712558023385,0.49628744197661495,True,False,True,False,True,False,True,False,0,False
61,0,0,0,-90.8709,0,3.4298060684256615e-40,4.4964413475868913e-38,1.0,3.4298060684256615e-40,False,True,False,True,False,True,False,True,0,True
61,0,1,2,-18.3886,0,1.0326008782152669e-08,2.8883743522151325e-07,0.9999999896739912,1.0326008782152669e-08,False,True,False,True,False,True,False,True,0,True
61,0,2,6,1.042,1,1.0,0.0,1.0,0.0,False,True,False,True,False,True,False,True,1,True
61,0,3,13,-76.9129,0,3.955049677397751e-34,4.388596662645126e-32,1.0,3.955049677397751e-34,False,True,False,True,False,True,False,True,0,True
61,0,4,28,-49.3482,0,3.701255349921428e-22,2.6350866653088337e-20,1.0,3.701255349921428e-22,False,True,False,True,False,True,False,True,0,True
61,0,5,58,-34.5784,0,9.61151143475021e-16,4.9389610723142284e-14,0.999999999999999,9.61151143475021e-16,False,True,False,True,False,True,False,True,0,True
62,0,0,0,-22.457,0,1.7662363556369626e-10,5.9771729650868885e-09,0.9999999998233764,1.7662363556369626e-10,False,True,False,True,False,True,False,True,0,True
62,0,1,2,-80.2396,0,1.4203143989134073e-35,1.6441740288258473e-33,1.0,1.4203143989134073e-35,False,True,False,True,False,True,False,True,0,True
62,0,2,6,-20.973,0,7.790078446145247e-10,2.4694812102084348e-08,0.9999999992209921,7.790078446145247e-10,False,True,False,True,False,True,False,True,0,True
62,0,3,14,0.0078,1,1.0,0.0,1.0,0.0,False,True,False,True,False,True,False,True,1,True
62,0,4,29,-62.7322,0,5.698383874412832e-28,5.157233079959495e-26,1.0,5.698383874412832e-28,False,True,False,True,False,True,False,True,0,True
62,0,5,60,-77.1225,0,3.207183577418547e-34,3.568448698725836e-32,1.0,3.207183577418547e-34,False,True,False,True,False,True,False,True,0,True
63,0,0,0,-2.061,0,0.12732657963067387,0.5500604665193471,0.8726734203693262,0.12732657963067387,True,False,True,False,True,False,False,True,0,True
63,0,1,2,-74.3726,0,5.016377545819882e-33,5.382421672159982e-31,1.0,5.016377545819882e-33,False,True,False,True,False,True,False,True,0,True
63,0,2,6,0.0,1,1.0,0.0,1.0,0.0,False,True,False,True,False,True,False,True,1,True
63,0,3,13,-21.9151,0,3.036637840749265e-10,1.0038973179572649e-08,0.9999999996963362,3.036637840749265e-10,False,True,False,True,False,True,False,True,0,True
63,0,4,28,-18.9742,0,5.7492294489235835e-09,1.656737011125651e-07,0.9999999942507706,5.7492294489235835e-09,False,True,False,True,False,True,False,True,0,True
63,0,5,58,-23.7606,0,4.796257963486569e-11,1.7133190999582565e-09,0.9999999999520374,4.796257963486569e-11,False,True,False,True,False,True,False,True,0,True
64,0,0,0,-63.3999,0,2.922626223949462e-28,2.6732303835685696e-26,1.0,2.922626223949462e-28,False,True,False,True,False,True,False,True,0,True
64,0,1,2,-23.2288,0,8.163198154865155e-11,2.853427183908691e-09,0.999999999918368,8.163198154865155e-11,False,True,False,True,False,True,False,True,0,True
64,0,2,6,-0.003,1,0.997004495503373,0.029426390442068406,0.997004495503373,0.0029955044966269995,False,True,False,True,False,True,False,True,1,True
64,0,3,13,-110.04,0,1.622688698178614e-48,2.5760858495208474e-46,1.0,1.622688698178614e-48,False,True,False,True,False,True,False,True,0,True
64,0,4,28,-20.5318,0,1.2110234601739155e-09,3.761901615397305e-08,0.9999999987889765,1.2110234601739155e-09,False,True,False,True,False,True,False,True,0,True
64,0,5,58,-70.1406,0,3.454016935317566e-31,3.4951714015142473e-29,1.0,3.454016935317566e-31,False,True,False,True,False,True,False,True,0,True
65,0,0,0,-95.9637,0,2.1061758415728896e-42,2.9159236634948517e-40,1.0,2.1061758415728896e-42,False,True,False,True,False,True,False,True,0,True
65,0,1,2,-0.8498,1,0.427500423483985,0.9847802494104907,0.572499576516015,0.427500423483985,True,False,True,False,True,False,True,False,0,False
65,0,2,5,-23.0394,0,9.865423054403097e-11,3.421478932077638e-09,0.9999999999013458,9.865423054403097e-11,False,True,False,True,False,True,False,True,0,True
66,0,0,0,1.5149,1,1.0,0.0,1.0,0.0,False,True,False,True,False,True,False,True,1,True
67,0,0,0,-22.2999,0,2.066695448419289e-10,6.9471244901485015e-09,0.9999999997933304,2.066695448419289e-10,False,True,False,True,False,True,False,True,0,True
67,0,1,2,-21.7031,0,3.753733444591557e-10,1.2294847140844499e-08,0.9999999996246266,3.753733444591557e-10,False,True,False,True,False,True,False,True,0,True
67,0,2,6,-0.6853,0,0.5039390251877451,0.9999552300568634,0.5039390251877451,0.49606097481225486,True,False,True,False,True,False,True,False,1,False
67,0,3,14,-22.2929,0,2.0812130689498486e-10,6.993823125002975e-09,0.9999999997918787,2.0812130689498486e-10,False,True,False,True,False,True,False,True,0,True
67,0,4,30,-9.5543,0,7.089575494890576e-05,0.0010795002479694704,0.9999291042450511,7.089575494890576e-05,False,True,False,True,False,True,False,True,0,True
67,0,5,62,-75.2243,0,2.1404328368742002e-33,2.3229202450308615e-31,1.0,2.1404328368742002e-33,False,True,False,True,False,True,False,True,0,True
68,0,0,0,-3.2574,0,0.03848833771770854,0.23531781970534696,0.9615116622822915,0.03848833771770854,True,False,False,True,False,True,False,True,0,True
68,0,1,2,-1.2696,0,0.2809439768966167,0.8567338589911997,0.7190560231033833,0.2809439768966167,True,False,True,False,True,False,True,False,0,True
68,0,2,6,-81.8954,0,2.7119375642614507e-36,3.2041566038081832e-34,1.0,2.7119375642614507e-36,False,True,False,True,False,True,False,True,0,True
68,0,3,14,-2.7099,0,0.06654346072838346,0.3528900702055212,0.9334565392716165,0.06654346072838346,True,False,True,False,False,True,False,True,0,True
68,0,4,30,-136.1621,0,7.337554257260094e-60,1.441391993725451e-57,1.0,7.337554257260094e-60,False,True,False,True,False,True,False,True,0,True
68,0,5,62,-8.4084,0,0.00022298634980821882,0.003026658650673085,0.9997770136501918,0.00022298634980821882,False,True,False,True,False,True,False,True,0,True
69,0,0,0,-0.5603,0,0.5710377268314979,0.9853899012791048,0.5710377268314979,0.4289622731685021,True,False,True,False,True,False,True,False,1,False
69,0,1,2,-4.8467,0,0.007854253867580745,0.06620605500560837,0.9921457461324192,0.007854253867580745,False,True,False,True,False,True,False,True,0,True
69,0,2,6,-3.9708,0,0.01885834042653176,0.13498156562785918,0.9811416595734682,0.01885834042653176,True,False,False,True,False,True,False,True,0,True
69,0,3,14,-3.263,0,0.03827340539867218,0.23431902747816202,0.9617265946013278,0.03827340539867218,True,False,False,True,False,True,False,True,0,True
69,0,4,30,-76.1675,0,8.334413616660158e-34,9.158393295838592e-32,1.0,8.334413616660158e-34,False,True,False,True,False,True,False,True,0,True
70,0,0,0,-135.9292,0,9.261866364976676e-60,1.8162925866352988e-57,1.0,9.261866364976676e-60,False,True,False,True,False,True,False,True,0,True
70,0,1,2,-25.4568,0,8.79533190967745e-12,3.3570980263331967e-10,0.9999999999912047,8.79533190967745e-12,False,True,False,True,False,True,False,True,0,True
70,0,2,6,-107.622,0,1.8212068226680858e-47,2.8277099895414484e-45,1.0,1.8212068226680858e-47,False,True,False,True,False,True,False,True,0,True
70,0,3,14,-21.114,0,6.765599867763512e-10,2.1584806243750935e-08,0.99999999932344,6.765599867763512e-10,False,True,False,True,False,True,False,True,0,True
71,0,0,0,8.365,1,1.0,0.0,1.0,0.0,False,True,False,True,False,True,False,True,1,True
72,0,0,0,0.0,1,1.0,0.0,1.0,0.0,False,True,False,True,False,True,False,True,1,True
73,0,0,0,81.7223,1,1.0,0.0,1.0,0.0,False,True,False,True,False,True,False,True,1,True
74,0,0,0,-115.3894,0,7.70939521370516e-51,1.2833962440035873e-48,1.0,7.70939521370516e-51,False,True,False,True,False,True,False,True,0,True
74,0,1,2,-0.4524,0,0.6360996789587434,0.9458731947433231,0.6360996789587434,0.3639003210412566,True,False,True,False,True,False,True,False,1,False
74,0,2,6,-83.8989,0,3.6573851082726296e-37,4.4269182082306286e-35,1.0,3.6573851082726296e-37,False,True,False,True,False,True,False,True,0,True
74,0,3,14,-0.6753,1,0.5090036965911148,0.9997660787309319,0.5090036965911148,0.4909963034088852,True,False,True,False,True,False,True,False,1,True
74,0,4,29,-83.3839,0,6.121140533106003e-37,7.363581421281081e-35,1.0,6.121140533106003e-37,False,True,False,True,False,True,False,True,0,True
75,0,0,0,2.2626,1,1.0,0.0,1.0,0.0,False,True,False,True,False,True,False,True,1,True
76,0,0,0,-9.7388,0,5.8951233894237005e-05,0.0009133179657080382,0.9999410487661058,5.8951233894237005e-05,False,True,False,True,False,True,False,True,0,True
76,0,1,2,-81.1955,0,5.460625522666079e-36,6.3965955869207926e-34,1.0,5.460625522666079e-36,False,True,False,True,False,True,False,True,0,True
76,0,2,6,-0.6261,0,0.5346729646620775,0.996528356698695,0.5346729646620775,0.4653270353379225,True,False,True,False,True,False,True,False,1,False
76,0,3,14,0.2979,1,1.0,0.0,1.0,0.0,False,True,False,True,False,True,False,True,1,True
76,0,4,29,-2.908,0,0.054584790353058625,0.3055624348609248,0.9454152096469414,0.054584790353058625,True,False,True,False,False,True,False,True,0,True
76,0,5,60,-2.1948,0,0.11138083544453331,0.5040669768027006,0.8886191645554666,0.11138083544453331,True,False,True,False,True,False,False,True,0,True
77,0,0,0,-0.6683,0,0.5125792222068567,0.9995433768394592,0.5125792222068567,0.4874207777931433,True,False,True,False,True,False,True,False,1,False
77,0,1,2,-0.621,1,0.5374067620396636,0.995958797458022,0.5374067620396636,0.46259323796033636,True,False,True,False,True,False,True,False,1,True
77,0,2,5,-78.0218,0,1.3048566158124795e-34,1.4687683188057565e-32,1.0,1.3048566158124795e-34,False,True,False,True,False,True,False,True,0,True
77,0,3,12,-86.8009,0,2.0083902564624837e-38,2.5150514450819127e-36,1.0,2.0083902564624837e-38,False,True,False,True,False,True,False,True,0,True
78,0,0,0,-7.975,0,0.00034395490475930566,0.004453507418799209,0.9996560450952406,0.00034395490475930566,False,True,False,True,False,True,False,True,0,True
78,0,1,2,0.0,1,1.0,0.0,1.0,0.0,False,True,False,True,False,True,False,True,1,True
78,0,2,5,-27.9412,0,7.333157659808394e-13,3.061835261458306e-11,0.9999999999992667,7.333157659808394e-13,False,True,False,True,False,True,False,True,0,True
78,0,3,12,-8.4949,0,0.0002045087083028593,0.0028013802488017926,0.9997954912916971,0.0002045087083028593,False,True,False,True,False,True,False,True,0,True
78,0,4,26,-85.1281,0,1.0698820842650132e-37,1.313963781601848e-35,1.0,1.0698820842650132e-37,False,True,False,True,False,True,False,True,0,True
78,0,5,54,-87.5246,0,9.739780941227269e-39,1.2298548632627906e-36,1.0,9.739780941227269e-39,False,True,False,True,False,True,False,True,0,True
78,0,6,110,-79.8142,0,2.1733684710300044e-35,2.5025805584371294e-33,1.0,2.1733684710300044e-35,False,True,False,True,False,True,False,True,0,True
79,0,0,0,-0.6885,0,0.5023289977249746,0.9999843489227971,0.5023289977249746,0.49767100227502536,True,False,True,False,True,False,True,False,1,False
79,0,1,2,-56.0177,0,4.697015583761978e-25,3.7959616261289594e-23,1.0,4.697015583761978e-25,False,True,False,True,False,True,False,True,0,True
79,0,2,6,-97.8035,0,3.34564332262797e-43,4.720723619481651e-41,1.0,3.34564332262797e-43,False,True,False,True,False,True,False,True,0,True
79,0,3,14,-86.4832,0,2.759455930795603e-38,3.442942362708542e-36,1.0,2.759455930795603e-38,False,True,False,True,False,True,False,True,0,True
79,0,4,30,0.2652,1,1.0,0.0,1.0,0.0,False,True,False,True,False,True,False,True,1,True
79,0,5,61,-10.0042,0,4.5209649924852685e-05,0.000717733580521127,0.9999547903500752,4.5209649924852685e-05,False,True,False,True,False,True,False,True,0,True
80,0,0,0,-11.2208,0,1.3392710386996921e-05,0.00023612524151433417,0.999986607289613,1.3392710386996921e-05,False,True,False,True,False,True,False,True,0,True
80,0,1,2,-0.5595,0,0.571494739793774,0.9852006607851072,0.571494739793774,0.42850526020622604,True,False,True,False,True,False,True,False,1,False
80,0,2,6,-55.9884,0,4.83667414717312e-25,3.9067842215390525e-23,1.0,4.83667414717312e-25,False,True,False,True,False,True,False,True,0,True
80,0,3,14,-87.921,0,6.55231633961824e-39,8.311167109273899e-37,1.0,6.55231633961824e-39,False,True,False,True,False,True,False,True,0,True
80,0,4,30,-81.7846,0,3.029699221570685e-36,3.5747492871038356e-34,1.0,3.029699221570685e-36,False,True,False,True,False,True,False,True,0,True
81,0,0,0,0.2402,1,1.0,0.0,1.0,0.0,False,True,False,True,False,True,False,True,1,True
81,0,1,1,1.6672,1,1.0,0.0,1.0,0.0,False,True,False,True,False,True,False,True,1,True
82,0,0,0,-8.071,0,0.00031247065412416816,0.004089135120235515,0.9996875293458758,0.00031247065412416816,False,True,False,True,False,True,False,True,0,True
82,0,1,2,0.3683,1,1.0,0.0,1.0,0.0,False,True,False,True,False,True,False,True,1,True
82,0,2,5,-70.0889,0,3.6372863043083725e-31,3.6779114624414423e-29,1.0,3.6372863043083725e-31,False,True,False,True,False,True,False,True,0,True
82,0,3,12,1.7064,1,1.0,0.0,1.0,0.0,False,True,False,True,False,True,False,True,1,True
82,0,4,25,-10.1146,0,4.0484150748026076e-05,0.000649161296517396,0.999959515849252,4.0484150748026076e-05,False,True,False,True,False,True,False,True,0,True
83,0,0,0,-93.2914,0,3.0483144934147823e-41,4.102758183351821e-39,1.0,3.0483144934147823e-41,False,True,False,True,False,True,False,True,0,True
83,0,1,2,0.3761,1,1.0,0.0,1.0,0.0,False,True,False,True,False,True,False,True,1,True
84,0,0,0,-0.3724,1,0.6890785559681998,0.8942342453864862,0.6890785559681998,0.3109214440318002,True,False,True,False,True,False,True,False,1,True
84,0,1,1,-2.7607,0,0.06324747962465468,0.3402035347017432,0.9367525203753453,0.06324747962465468,True,False,True,False,False,True,False,True,0,True
84,0,2,4,-10.1256,0,4.004126542482668e-05,0.0006426951063818316,0.9999599587345752,4.004126542482668e-05,False,True,False,True,False,True,False,True,0,True
84,0,3,10,-53.8723,0,4.013815285922717e-24,3.119589421876238e-22,1.0,4.013815285922717e-24,False,True,False,True,False,True,False,True,0,True
84,0,4,22,-95.2017,0,4.512601902835848e-42,6.197924259407038e-40,1.0,4.512601902835848e-42,False,True,False,True,False,True,False,True,0,True
84,0,5,46,1.6865,1,1.0,0.0,1.0,0.0,False,True,False,True,False,True,False,True,1,True
85,0,0,0,-10.6892,0,2.278974280961651e-05,0.00038432472847521463,0.9999772102571903,2.278974280961651e-05,False,True,False,True,False,True,False,True,0,True
85,0,1,2,-1.6982,0,0.18301265052098686,0.6866234364627556,0.8169873494790132,0.18301265052098686,True,False,True,False,True,False,False,True,0,True
85,0,2,6,-4.9465,0,0.007108244296844671,0.06094499444553166,0.9928917557031554,0.007108244296844671,False,True,False,True,False,True,False,True,0,True
85,0,3,14,-4.9259,0,0.007256192766684974,0.06199705321848573,0.992743807233315,0.007256192766684974,False,True,False,True,False,True,False,True,0,True
85,0,4,30,0.0,1,1.0,0.0,1.0,0.0,False,True,False,True,False,True,False,True,1,True
86,0,0,0,-79.0709,0,4.570297287645853e-35,5.2135755570668955e-33,1.0,4.570297287645853e-35,False,True,False,True,False,True,False,True,0,True
86,0,1,2,-86.7755,0,2.0600567557846748e-38,2.578997073423617e-36,1.0,2.0600567557846748e-38,False,True,False,True,False,True,False,True,0,True
86,0,2,6,-3.3939,0,0.033577469081215734,0.21202697598081593,0.9664225309187843,0.033577469081215734,True,False,False,True,False,True,False,True,0,True
86,0,3,14,-4.3687,0,0.012667697875675968,0.09800010047563165,0.987332302124324,0.012667697875675968,True,False,False,True,False,True,False,True,0,True
86,0,4,30,-0.3828,1,0.6819492755030149,0.9022490834645948,0.6819492755030149,0.3180507244969851,True,False,True,False,True,False,True,False,1,True
86,0,5,61,-3.8367,0,0.021564647391030242,0.15013769990837644,0.9784353526089697,0.021564647391030242,True,False,False,True,False,True,False,True,0,True
87,0,0,0,-6.0544,0,0.002347510204327335,0.02388744972071524,0.9976524897956727,0.002347510204327335,False,True,False,True,False,True,False,True,0,True
87,0,1,2,-56.5303,0,2.8132132203815096e-25,2.294343708989224e-23,1.0,2.8132132203815096e-25,False,True,False,True,False,True,False,True,0,True
87,0,2,6,-57.2649,0,1.3494907848023265e-25,1.114892435690193e-23,1.0,1.3494907848023265e-25,False,True,False,True,False,True,False,True,0,True
87,0,3,14,-0.4511,1,0.6369271462786128,0.9452043620149154,0.6369271462786128,0.3630728537213872,True,False,True,False,True,False,True,False,1,True
88,0,0,0,-94.0104,0,1.4852584726359918e-41,2.0144313795390686e-39,1.0,1.4852584726359918e-41,False,True,False,True,False,True,False,True,0,True
88,0,1,2,-9.1806,0,0.00010301870338060029,0.0015130796668327072,0.9998969812966194,0.00010301870338060029,False,True,False,True,False,True,False,True,0,True
88,0,2,6,-2.106,0,0.12172388949734589,0.5342959155920843,0.8782761105026541,0.12172388949734589,True,False,True,False,True,False,False,True,0,True
88,0,3,14,1.8832,1,1.0,0.0,1.0,0.0,False,True,False,True,False,True,False,True,1,True
88,0,4,29,-61.4698,0,2.0137476949224833e-27,1.7858352674441965e-25,1.0,2.0137476949224833e-27,False,True,False,True,False,True,False,True,0,True
88,0,5,60,1.3815,1,1.0,0.0,1.0,0.0,False,True,False,True,False,True,False,True,1,True
89,0,0,0,-95.0758,0,5.1180520401516296e-42,7.02019579400086e-40,1.0,5.1180520401516296e-42,False,True,False,True,False,True,False,True,0,True
89,0,1,2,-10.7671,0,2.108180946451261e-05,0.0003578915775528669,0.9999789181905355,2.108180946451261e-05,False,True,False,True,False,True,False,True,0,True
89,0,2,6,-93.6608,0,2.1068391955431144e-41,2.8468447980487603e-39,1.0,2.1068391955431144e-41,False,True,False,True,False,True,False,True,0,True
89,0,3,14,-0.0926,1,0.9115580506014594,0.4312477543155957,0.9115580506014594,0.08844194939854055,True,False,True,False,False,True,False,True,1,True
89,0,4,29,-57.6473,0,9.206524503316937e-26,7.65683385700742e-24,1.0,9.206524503316937e-26,False,True,False,True,False,True,False,True,0,True
89,0,5,60,-0.2329,1,0.7922327928425663,0.7371931047730412,0.7922327928425663,0.2077672071574337,True,False,True,False,True,False,True,False,1,True
90,0,0,0,-0.6419,1,0.5262915195976953,0.9980045712642369,0.5262915195976953,0.47370848040230473,True,False,True,False,True,False,True,False,1,True
91,0,0,0,-10.6698,0,2.3236180261729757e-05,0.0003912030721052646,0.9999767638197383,2.3236180261729757e-05,False,True,False,True,False,True,False,True,0,True
91,0,1,2,-0.353,1,0.7025771933772416,0.8781177050964015,0.7025771933772416,0.29742280662275844,True,False,True,False,True,False,True,False,1,True
91,0,2,5,-2.62,0,0.07280286282743559,0.37629738887015163,0.9271971371725645,0.07280286282743559,True,False,True,False,False,True,False,True,0,True
91,0,3,12,2.2358,1,1.0,0.0,1.0,0.0,False,True,False,True,False,True,False,True,1,True
91,0,4,25,-92.8346,0,4.813328365780032e-41,6.44658776718776e-39,1.0,4.813328365780032e-41,False,True,False,True,False,True,False,True,0,True
92,0,0,0,-3.3305,0,0.035775212988514014,0.22257445530942782,0.964224787011486,0.035775212988514014,True,False,False,True,False,True,False,True,0,True
92,0,1,2,-121.3542,0,1.9794319877661855e-53,3.4655321707537555e-51,1.0,1.9794319877661855e-53,False,True,False,True,False,True,False,True,0,True
92,0,2,6,-2.3431,0,0.09602948492836784,0.45628148546969727,0.9039705150716322,0.09602948492836784,True,False,True,False,False,True,False,True,0,True
92,0,3,14,-2.88,0,0.056134762834133725,0.31190632018059394,0.9438652371658662,0.056134762834133725,True,False,True,False,False,True,False,True,0,True
92,0,4,30,-1.2463,1,0.28756682815486756,0.8655573816807446,0.7124331718451324,0.28756682815486756,True,False,True,False,True,False,True,False,0,False
93,0,0,0,0.9287,1,1.0,0.0,1.0,0.0,False,True,False,True,False,True,False,True,1,True
93,0,1,1,-63.7133,0,2.1363154736171033e-28,1.9636768709821976e-26,1.0,2.1363154736171033e-28,False,True,False,True,False,True,False,True,0,True
93,0,2,4,-113.3384,0,5.994573538199933e-50,9.801891900549419e-48,1.0,5.994573538199933e-50,False,True,False,True,False,True,False,True,0,True
93,0,3,10,-1.5593,0,0.2102832179459576,0.7420237519926329,0.7897167820540424,0.2102832179459576,True,False,True,False,True,False,True,False,0,True
93,0,4,22,-51.5531,0,4.0810615518992913e-23,3.0353059233575593e-21,1.0,4.0810615518992913e-23,False,True,False,True,False,True,False,True,0,True
93,0,5,46,-8.0063,0,0.00033335585664433074,0.0043313272659232195,0.9996666441433557,0.00033335585664433074,False,True,False,True,False,True,False,True,0,True
94,0,0,0,-2.3359,0,0.09672339228867198,0.4585220933049711,0.903276607711328,0.09672339228867198,True,False,True,False,False,True,False,True,0,True
94,0,1,2,-1.6317,0,0.19559677680876272,0.7130337506053818,0.8044032231912372,0.19559677680876272,True,False,True,False,True,False,False,True,0,True
94,0,2,6,-74.2902,0,5.4472346095318655e-33,5.838242727354593e-31,1.0,5.4472346095318655e-33,False,True,False,True,False,True,False,True,0,True
94,0,3,14,-4.2321,0,0.014521862593835788,0.10946287168729397,0.9854781374061642,0.014521862593835788,True,False,False,True,False,True,False,True,0,True
95,0,0,0,0.0,1,1.0,0.0,1.0,0.0,False,True,False,True,False,True,False,True,1,True
95,0,1,1,-0.0713,0,0.9311824954715477,0.361495234366045,0.9311824954715477,0.06881750452845226,True,False,True,False,False,True,False,True,1,False
95,0,2,4,-0.4218,1,0.6558651993168756,0.9287205740908554,0.6558651993168756,0.3441348006831244,True,False,True,False,True,False,True,False,1,True
96,0,0,0,-0.0,1,1.0,0.0,1.0,0.0,False,True,False,True,False,True,False,True,1,True
96,0,1,1,4.0828,1,1.0,0.0,1.0,0.0,False,True,False,True,False,True,False,True,1,True
97,0,0,0,-2.1018,0,0.12223620494256622,0.5357547899646541,0.8777637950574337,0.12223620494256622,True,False,True,False,True,False,False,True,0,True
97,0,1,2,0.0,1,1.0,0.0,1.0,0.0,False,True,False,True,False,True,False,True,1,True
97,0,2,5,-7.6108,0,0.0004950756394993503,0.006150028256602124,0.9995049243605006,0.0004950756394993503,False,True,False,True,False,True,False,True,0,True
97,0,3,12,-12.1275,0,5.408709680122111e-06,0.00010243541875386206,0.9999945912903199,5.408709680122111e-06,False,True,False,True,False,True,False,True,0,True
97,0,4,26,-0.9406,1,0.39039352895625584,0.9650530370442844,0.6096064710437441,0.39039352895625584,True,False,True,False,True,False,True,False,0,False
97,0,5,53,-4.1067,0,0.016462009620917206,0.12108582173543218,0.9835379903790828,0.016462009620917206,True,False,False,True,False,True,False,True,0,True
97,0,6,108,-12.5172,0,3.6631028371194305e-06,7.143488186851259e-05,0.9999963368971628,3.6631028371194305e-06,False,True,False,True,False,True,False,True,0,True
98,0,0,0,-1.9117,0,0.14782886379320717,0.6043802597433153,0.8521711362067929,0.14782886379320717,True,False,True,False,True,False,False,True,0,True
98,0,1,2,-2.6468,1,0.07087765906259255,0.3691903999531527,0.9291223409374074,0.07087765906259255,True,False,True,False,False,True,False,True,0,False
98,0,2,5,5.4539,1,1.0,0.0,1.0,0.0,False,True,False,True,False,True,False,True,1,True
98,0,3,11,-2.8803,0,0.056117924931095214,0.31183775886993437,0.9438820750689048,0.056117924931095214,True,False,True,False,False,True,False,True,0,True
99,0,0,0,-8.1373,0,0.00029242568264575955,0.003854792321772687,0.9997075743173542,0.00029242568264575955,False,True,False,True,False,True,False,True,0,True
99,0,1,2,-11.7954,0,7.539158401593029e-06,0.00013917176856186045,0.9999924608415984,7.539158401593029e-06,False,True,False,True,False,True,False,True,0,True
99,0,2,6,0.0,1,1.0,0.0,1.0,0.0,False,True,False,True,False,True,False,True,1,True
99,0,3,13,-7.0564,0,0.0008618752666785663,0.010016978459931514,0.9991381247333214,0.0008618752666785663,False,True,False,True,False,True,False,True,0,True
99,0,4,28,0.0,1,1.0,0.0,1.0,0.0,False,True,False,True,False,True,False,True,1,True
99,0,5,57,-38.8274,0,1.3723801674490252e-17,7.68753811716644e-16,1.0,1.3723801674490252e-17,False,True,False,True,False,True,False,True,0,True
99,0,6,116,-9.6762,0,6.275953746674543e-05,0.0009666509844852635,0.9999372404625333,6.275953746674543e-05,False,True,False,True,False,True,False,True,0,True
100,0,0,0,-8.1373,0,0.00029242568264575955,0.003854792321772687,0.9997075743173542,0.00029242568264575955,False,True,False,True,False,True,False,True,0,True
100,0,1,2,-7.4536,0,0.0005793521856142816,0.00706551785359054,0.9994206478143857,0.0005793521856142816,False,True,False,True,False,True,False,True,0,True
100,0,2,6,-8.9903,0,0.00012461270381829723,0.0017960262486600754,0.9998753872961818,0.00012461270381829723,False,True,False,True,False,True,False,True,0,True
100,0,3,14,-8.9899,0,0.00012466255887017008,0.0017966728583551693,0.9998753374411298,0.00012466255887017008,False,True,False,True,False,True,False,True,0,True
100,0,4,30,-7.5761,0,0.0005125562996548678,0.006341514219953503,0.9994874437003451,0.0005125562996548678,False,True,False,True,False,True,False,True,0,True
100,0,5,62,-9.5457,0,7.150808769828245e-05,0.0010879367395916606,0.9999284919123017,7.150808769828245e-05,False,True,False,True,False,True,False,True,0,True
100,0,6,126,-3.0722,0,0.04631914057360288,0.27055021049087874,0.9536808594263971,0.04631914057360288,True,False,False,True,False,True,False,True,0,True
101,0,0,0,-8.1373,0,0.00029242568264575955,0.003854792321772687,0.9997075743173542,0.00029242568264575955,False,True,False,True,False,True,False,True,0,True
101,0,1,2,-7.9104,0,0.0003669077881233119,0.004716498787107104,0.9996330922118767,0.0003669077881233119,False,True,False,True,False,True,False,True,0,True
101,0,2,6,-7.7737,0,0.00042065396421058784,0.005324414932375287,0.9995793460357895,0.00042065396421058784,False,True,False,True,False,True,False,True,0,True
101,0,3,14,-8.9425,0,0.00013071384674299706,0.0018749464965943828,0.999869286153257,0.00013071384674299706,False,True,False,True,False,True,False,True,0,True
101,0,4,30,-9.4925,0,7.541532909247623e-05,0.001141593760875112,0.9999245846709075,7.541532909247623e-05,False,True,False,True,False,True,False,True,0,True
101,0,5,62,-36.4257,0,1.5153728100121241e-16,8.123633763437641e-15,0.9999999999999999,1.5153728100121241e-16,False,True,False,True,False,True,False,True,0,True
101,0,6,126,0.0,1,1.0,0.0,1.0,0.0,False,True,False,True,False,True,False,True,1,True
102,0,0,0,0.2711,1,1.0,0.0,1.0,0.0,False,True,False,True,False,True,False,True,1,True
103,0,0,0,-7.636,0,0.00048275561762820023,0.006014539315041829,0.9995172443823718,0.00048275561762820023,False,True,False,True,False,True,False,True,0,True
103,0,1,2,-8.8549,0,0.00014268088425827086,0.002028567245616503,0.9998573191157417,0.00014268088425827086,False,True,False,True,False,True,False,True,0,True
103,0,2,6,-0.0,1,1.0,0.0,1.0,0.0,False,True,False,True,False,True,False,True,1,True
103,0,3,13,-4.5285,0,0.010796859221179185,0.08603070297840776,0.9892031407788208,0.010796859221179185,True,False,False,True,False,True,False,True,0,True
103,0,4,28,-9.136,0,0.00010771733827393458,0.0015751591720272648,0.999892282661726,0.00010771733827393458,False,True,False,True,False,True,False,True,0,True
103,0,5,58,-14.8245,0,3.645872299999316e-07,8.323499996022705e-06,0.99999963541277,3.645872299999316e-07,False,True,False,True,False,True,False,True,0,True
104,0,0,0,-7.636,0,0.00048275561762820023,0.006014539315041829,0.9995172443823718,0.00048275561762820023,False,True,False,True,False,True,False,True,0,True
104,0,1,2,-9.6663,0,6.338394259322172e-05,0.0009753630354975628,0.9999366160574068,6.338394259322172e-05,False,True,False,True,False,True,False,True,0,True
104,0,2,6,-7.9541,0,0.00035121920983195086,0.004536973286866854,0.9996487807901681,0.00035121920983195086,False,True,False,True,False,True,False,True,0,True
104,0,3,14,-7.8121,0,0.0004048070597699252,0.005146263947984396,0.99959519294023,0.0004048070597699252,False,True,False,True,False,True,False,True,0,True
104,0,4,30,-7.538,0,0.0005324614805459775,0.006558512341416662,0.999467538519454,0.0005324614805459775,False,True,False,True,False,True,False,True,0,True
104,0,5,62,-11.3996,0,1.1199963932286203e-05,0.00020035428830967296,0.9999888000360677,1.1199963932286203e-05,False,True,False,True,False,True,False,True,0,True
105,0,0,0,-0.1409,1,0.868576164971429,0.5613301678184783,0.868576164971429,0.13142383502857102,True,False,True,False,True,False,False,True,1,True
105,0,1,1,-5.7739,0,0.003107614154802211,0.03036272017108492,0.9968923858451978,0.003107614154802211,False,True,False,True,False,True,False,True,0,True
105,0,2,4,-6.9648,0,0.0009445518271028392,0.01085299107303126,0.9990554481728972,0.0009445518271028392,False,True,False,True,False,True,False,True,0,True
105,0,3,10,-5.9924,0,0.002497662461269098,0.02519166740470662,0.9975023375387309,0.002497662461269098,False,True,False,True,False,True,False,True,0,True
105,0,4,22,-9.6462,0,6.46708499314334e-05,0.0009932907911121502,0.9999353291500686,6.46708499314334e-05,False,True,False,True,False,True,False,True,0,True
105,0,5,46,-10.3528,0,3.190333526107854e-05,0.0005225321342900551,0.999968096664739,3.190333526107854e-05,False,True,False,True,False,True,False,True,0,True
106,0,0,0,-9.2184,0,9.919727636979647e-05,0.001462362622359268,0.9999008027236302,9.919727636979647e-05,False,True,False,True,False,True,False,True,0,True
106,0,1,2,-5.2739,0,0.005123589558151205,0.04635630263061895,0.9948764104418488,0.005123589558151205,False,True,False,True,False,True,False,True,0,True
106,0,2,6,-6.4671,0,0.001553725008348764,0.016736145913702687,0.9984462749916513,0.001553725008348764,False,True,False,True,False,True,False,True,0,True
106,0,3,14,-10.0015,0,4.5331880917234215e-05,0.000719497495471112,0.9999546681190827,4.5331880917234215e-05,False,True,False,True,False,True,False,True,0,True
106,0,4,30,-5.1997,0,0.005518219638357226,0.04933447584267752,0.9944817803616428,0.005518219638357226,False,True,False,True,False,True,False,True,0,True
106,0,5,62,0.0,1,1.0,0.0,1.0,0.0,False,True,False,True,False,True,False,True,1,True
106,0,6,125,-13.2803,0,1.7078077969324254e-06,3.5184455636901886e-05,0.999998292192203,1.7078077969324254e-06,False,True,False,True,False,True,False,True,0,True
106,0,7,252,-10.0014,0,4.533641433199289e-05,0.0007195629080079856,0.999954663585668,4.533641433199289e-05,False,True,False,True,False,True,False,True,0,True
106,0,8,506,-5.0855,0,0.006185793420242753,0.0542806424416239,0.9938142065797573,0.006185793420242753,False,True,False,True,False,True,False,True,0,True
107,0,0,0,0.0,1,1.0,0.0,1.0,0.0,False,True,False,True,False,True,False,True,1,True
107,0,1,1,-0.0,1,1.0,0.0,1.0,0.0,False,True,False,True,False,True,False,True,1,True
107,0,2,3,-4.6413,0,0.00964515077784129,0.0784314296721333,0.9903548492221587,0.00964515077784129,False,True,False,True,False,True,False,True,0,True
107,0,3,8,-7.5427,0,0.0005299647834216553,0.006531354128179143,0.9994700352165783,0.0005299647834216553,False,True,False,True,False,True,False,True,0,True
107,0,4,18,-13.1153,0,2.0141767637837645e-06,4.101684035193084e-05,0.9999979858232362,2.0141767637837645e-06,False,True,False,True,False,True,False,True,0,True
108,0,0,0,-7.4951,0,0.0005558011341976903,0.006811586141394251,0.9994441988658023,0.0005558011341976903,False,True,False,True,False,True,False,True,0,True
108,0,1,2,-9.6611,0,6.371439753292493e-05,0.0009799701315732377,0.9999362856024671,6.371439753292493e-05,False,True,False,True,False,True,False,True,0,True
108,0,2,6,0.0,1,1.0,0.0,1.0,0.0,False,True,False,True,False,True,False,True,1,True
108,0,3,13,-9.5476,0,7.137235132204723e-05,0.0010860672694786363,0.999928627648678,7.137235132204723e-05,False,True,False,True,False,True,False,True,0,True
108,0,4,28,0.0,1,1.0,0.0,1.0,0.0,False,True,False,True,False,True,False,True,1,True
108,0,5,57,-5.5412,0,0.003921817832068481,0.03699891613457938,0.9960781821679315,0.003921817832068481,False,True,False,True,False,True,False,True,0,True
108,0,6,116,-8.8173,0,0.00014814781983244914,0.002098256557915934,0.9998518521801676,0.00014814781983244914,False,True,False,True,False,True,False,True,0,True
109,0,0,0,-0.0,1,1.0,0.0,1.0,0.0,False,True,False,True,False,True,False,True,1,True
109,0,1,1,1.5434,1,1.0,0.0,1.0,0.0,False,True,False,True,False,True,False,True,1,True
109,0,2,3,-6.788,0,0.0011272209631614438,0.01266420978819043,0.9988727790368386,0.0011272209631614438,False,True,False,True,False,True,False,True,0,True
109,0,3,8,-10.4999,0,2.7539203132368963e-05,0.00045689820542695194,0.9999724607968676,2.7539203132368963e-05,False,True,False,True,False,True,False,True,0,True
109,0,4,18,0.0447,1,1.0,0.0,1.0,0.0,False,True,False,True,False,True,False,True,1,True
110,0,0,0,-8.4794,0,0.0002077032873109887,0.0028404948113962517,0.999792296712689,0.0002077032873109887,False,True,False,True,False,True,False,True,0,True
110,0,1,2,-11.1615,0,1.4210918220968808e-05,0.0002493351856803498,0.999985789081779,1.4210918220968808e-05,False,True,False,True,False,True,False,True,0,True
110,0,2,6,-4.97,0,0.0069431480347461145,0.0597657110891004,0.9930568519652538,0.0069431480347461145,False,True,False,True,False,True,False,True,0,True
110,0,3,14,0.6551,1,1.0,0.0,1.0,0.0,False,True,False,True,False,True,False,True,1,True
111,0,0,0,0.0,1,1.0,0.0,1.0,0.0,False,True,False,True,False,True,False,True,1,True
111,0,1,1,-7.887,0,0.00037559467051050176,0.004815484194308597,0.9996244053294895,0.00037559467051050176,False,True,False,True,False,True,False,True,0,True
111,0,2,4,-0.4207,1,0.6565870479801025,0.9280472818036749,0.6565870479801025,0.3434129520198975,True,False,True,False,True,False,True,False,1,True
111,0,3,9,-10.0742,0,4.215319819004412e-05,0.000673467442456455,0.99995784680181,4.215319819004412e-05,False,True,False,True,False,True,False,True,0,True
111,0,4,20,-4.8011,0,0.008220699304437942,0.06875194352394351,0.9917793006955621,0.008220699304437942,False,True,False,True,False,True,False,True,0,True
111,0,5,42,-7.5154,0,0.0005446321202160048,0.006690659859187936,0.999455367879784,0.0005446321202160048,False,True,False,True,False,True,False,True,0,True
112,0,0,0,-4.9001,0,0.007445838449848922,0.06333922052443253,0.9925541615501511,0.007445838449848922,False,True,False,True,False,True,False,True,0,True
112,0,1,2,-13.6388,0,1.1932856561080472e-06,2.520138556506026e-05,0.9999988067143439,1.1932856561080472e-06,False,True,False,True,False,True,False,True,0,True
112,0,2,6,-0.0,1,1.0,0.0,1.0,0.0,False,True,False,True,False,True,False,True,1,True
112,0,3,13,-7.3025,0,0.0006738520375564154,0.008071055627745065,0.9993261479624436,0.0006738520375564154,False,True,False,True,False,True,False,True,0,True
112,0,4,28,-0.0316,1,0.9688940622028877,0.1999081166226885,0.9688940622028877,0.03110593779711235,True,False,False,True,False,True,False,True,1,True
113,0,0,0,-14.9496,0,3.2171492809539944e-07,7.402791945718669e-06,0.9999996782850719,3.2171492809539944e-07,False,True,False,True,False,True,False,True,0,True
113,0,1,2,-8.3442,0,0.00023777160212342567,0.0032053180002245343,0.9997622283978765,0.00023777160212342567,False,True,False,True,False,True,False,True,0,True
113,0,2,6,-6.1608,0,0.0021105641448561654,0.021800707473421672,0.9978894358551438,0.0021105641448561654,False,True,False,True,False,True,False,True,0,True
114,0,0,0,42.1968,1,1.0,0.0,1.0,0.0,False,True,False,True,False,True,False,True,1,True
114,0,1,1,-17.1001,0,3.745595977968845e-08,9.78084649147275e-07,0.9999999625440402,3.745595977968845e-08,False,True,False,True,False,True,False,True,0,True
114,0,2,4,14.5411,1,1.0,0.0,1.0,0.0,False,True,False,True,False,True,False,True,1,True
114,0,3,9,-21.1088,0,6.800872616742015e-10,2.1692237405656826e-08,0.9999999993199128,6.800872616742015e-10,False,True,False,True,False,True,False,True,0,True
114,0,4,20,-23.6409,0,5.406143666792792e-11,1.921846438228212e-09,0.9999999999459386,5.406143666792792e-11,False,True,False,True,False,True,False,True,0,True
114,0,5,42,-17.5301,0,2.4365442488278097e-08,6.513682781536223e-07,0.9999999756345576,2.4365442488278097e-08,False,True,False,True,False,True,False,True,0,True
115,0,0,0,0.923,1,1.0,0.0,1.0,0.0,False,True,False,True,False,True,False,True,1,True
115,0,1,1,-13.6804,0,1.1446633290033592e-06,2.4243213203877816e-05,0.999998855336671,1.1446633290033592e-06,False,True,False,True,False,True,False,True,0,True
116,0,0,0,-0.6546,1,0.5196498809729893,0.9988856125052419,0.5196498809729893,0.48035011902701075,True,False,True,False,True,False,True,False,1,True
116,0,1,1,-1.396,0,0.24758532720608456,0.8074284786306998,0.7524146727939154,0.24758532720608456,True,False,True,False,True,False,True,False,0,True
116,0,2,4,-1.7571,1,0.17254451807663074,0.6634925889765465,0.8274554819233693,0.17254451807663074,True,False,True,False,True,False,False,True,0,False
116,0,3,9,-38.3487,0,2.2149871029822612e-17,1.2254522314801486e-15,1.0,2.2149871029822612e-17,False,True,False,True,False,True,False,True,0,True
117,0,0,0,-38.1306,0,2.7548047829164775e-17,1.5154409078115076e-15,1.0,2.7548047829164775e-17,False,True,False,True,False,True,False,True,0,True
117,0,1,2,-0.5148,1,0.5976201066879697,0.9723257304964764,0.5976201066879697,0.4023798933120303,True,False,True,False,True,False,True,False,1,True
117,0,2,5,-42.5557,0,3.2983316066577594e-19,2.0250073042215407e-17,1.0,3.2983316066577594e-19,False,True,False,True,False,True,False,True,0,True
117,0,3,12,-34.229,0,1.363120279420326e-15,6.923567320155632e-14,0.9999999999999987,1.363120279420326e-15,False,True,False,True,False,True,False,True,0,True
117,0,4,26,1.7768,1,1.0,0.0,1.0,0.0,False,True,False,True,False,True,False,True,1,True
117,0,5,53,0.0662,1,1.0,0.0,1.0,0.0,False,True,False,True,False,True,False,True,1,True
118,0,0,0,5.1561,1,1.0,0.0,1.0,0.0,False,True,False,True,False,True,False,True,1,True
118,0,1,1,-38.8227,0,1.3788455359503518e-17,7.722819639156024e-16,1.0,1.3788455359503518e-17,False,True,False,True,False,True,False,True,0,True
119,0,0,0,-2.5608,0,0.0772429213818667,0.39238915606944436,0.9227570786181333,0.0772429213818667,True,False,True,False,False,True,False,True,0,True
119,0,1,2,-3.0227,0,0.04866963279289206,0.2807185469384902,0.951330367207108,0.04866963279289206,True,False,False,True,False,True,False,True,0,True
119,0,2,6,-44.592,0,4.304675940412687e-20,2.769312419042319e-18,1.0,4.304675940412687e-20,False,True,False,True,False,True,False,True,0,True
119,0,3,14,-4.0449,0,0.01751145571381129,0.12723028666831854,0.9824885442861887,0.01751145571381129,True,False,False,True,False,True,False,True,0,True
119,0,4,30,-11.2797,0,1.262666134218562e-05,0.00022369207855932595,0.9999873733386578,1.262666134218562e-05,False,True,False,True,False,True,False,True,0,True
120,0,0,0,-1.3727,1,0.2534217961488398,0.816656633451959,0.7465782038511601,0.2534217961488398,True,False,True,False,True,False,True,False,0,False
120,0,1,1,-179.0738,0,1.695261919266235e-78,4.379690235961997e-76,1.0,1.695261919266235e-78,False,True,False,True,False,True,False,True,0,True
120,0,2,4,-0.8358,0,0.433527520650662,0.9872128185844378,0.566472479349338,0.433527520650662,True,False,True,False,True,False,True,False,0,True
120,0,3,10,-0.1578,1,0.8540205690030096,0.5996866915758927,0.8540205690030096,0.1459794309969904,True,False,True,False,True,False,False,True,1,True
121,0,0,0,-2.5999,0,0.0742810059435356,0.38170016570715815,0.9257189940564644,0.0742810059435356,True,False,True,False,False,True,False,True,0,True
121,0,1,2,0.124,1,1.0,0.0,1.0,0.0,False,True,False,True,False,True,False,True,1,True
122,0,0,0,1.2646,1,1.0,0.0,1.0,0.0,False,True,False,True,False,True,False,True,1,True
122,0,1,1,-1.4902,0,0.2253275855154835,0.7697768866771839,0.7746724144845165,0.2253275855154835,True,False,True,False,True,False,True,False,0,True
123,0,0,0,-20.16,0,1.7563992574662243e-09,5.361835021419009e-08,0.9999999982436008,1.7563992574662243e-09,False,True,False,True,False,True,False,True,0,True
123,0,1,2,1.5648,1,1.0,0.0,1.0,0.0,False,True,False,True,False,True,False,True,1,True
123,0,2,5,-3.3778,0,0.034122441590312046,0.2146619382187772,0.9658775584096879,0.034122441590312046,True,False,False,True,False,True,False,True,0,True
123,0,3,12,-3.5128,0,0.029813320163101197,0.19345480211192012,0.9701866798368988,0.029813320163101197,True,False,False,True,False,True,False,True,0,True
123,0,4,26,-43.2832,0,1.593474363996722e-19,9.950364298679875e-18,1.0,1.593474363996722e-19,False,True,False,True,False,True,False,True,0,True
123,0,5,54,-2.2355,0,0.10693864715997542,0.49061237056926277,0.8930613528400246,0.10693864715997542,True,False,True,False,True,False,False,True,0,True
124,0,0,0,-6.0011,0,0.0024760270483673735,0.02500456694673045,0.9975239729516326,0.0024760270483673735,False,True,False,True,False,True,False,True,0,True
124,0,1,2,-4.4303,0,0.011910915861986232,0.09321054739346488,0.9880890841380138,0.011910915861986232,True,False,False,True,False,True,False,True,0,True
124,0,2,6,-9.1895,0,0.00010210590489897879,0.0015009841115452111,0.999897894095101,0.00010210590489897879,False,True,False,True,False,True,False,True,0,True
124,0,3,14,-29.8211,0,1.1190792051673698e-13,4.9760395283113825e-12,0.9999999999998881,1.1190792051673698e-13,False,True,False,True,False,True,False,True,0,True
124,0,4,30,-2.199,0,0.11091401694074722,0.5026667683994746,0.8890859830592528,0.11091401694074722,True,False,True,False,True,False,False,True,0,True
124,0,5,62,-3.8196,0,0.021936573769077317,0.15217998189243911,0.9780634262309227,0.021936573769077317,True,False,False,True,False,True,False,True,0,True
125,0,0,0,17.8336,1,1.0,0.0,1.0,0.0,False,True,False,True,False,True,False,True,1,True
126,0,0,0,-40.8466,0,1.8219943063592038e-18,1.0736864366094843e-16,1.0,1.8219943063592038e-18,False,True,False,True,False,True,False,True,0,True
126,0,1,2,1.6859,1,1.0,0.0,1.0,0.0,False,True,False,True,False,True,False,True,1,True
127,0,0,0,13.7237,1,1.0,0.0,1.0,0.0,False,True,False,True,False,True,False,True,1,True
128,0,0,0,-76.1759,0,8.264697758811982e-34,9.082786566294611e-32,1.0,8.264697758811982e-34,False,True,False,True,False,True,False,True,0,True
128,0,1,2,0.4437,1,1.0,0.0,1.0,0.0,False,True,False,True,False,True,False,True,1,True
128,0,2,5,-46.5088,0,6.331182027179155e-21,4.2480974737255614e-19,1.0,6.331182027179155e-21,False,True,False,True,False,True,False,True,0,True
128,0,3,12,-1.2406,1,0.2892106394870302,0.8676993930692749,0.7107893605129698,0.2892106394870302,True,False,True,False,True,False,True,False,0,False
129,0,0,0,-0.0,1,1.0,0.0,1.0,0.0,False,True,False,True,False,True,False,True,1,True
129,0,1,1,-15.289,0,2.291245717168668e-07,5.384441035272192e-06,0.9999997708754282,2.291245717168668e-07,False,True,False,True,False,True,False,True,0,True
129,0,2,4,-88.6846,0,3.053286729898534e-39,3.906522596075709e-37,1.0,3.053286729898534e-39,False,True,False,True,False,True,False,True,0,True
129,0,3,10,0.1137,1,1.0,0.0,1.0,0.0,False,True,False,True,False,True,False,True,1,True
130,0,0,0,1.2392,1,1.0,0.0,1.0,0.0,False,True,False,True,False,True,False,True,1,True
131,0,0,0,-58.2856,0,4.862790343197219e-26,4.08903997270092e-24,1.0,4.862790343197219e-26,False,True,False,True,False,True,False,True,0,True
131,0,1,2,-0.3392,1,0.712339966848073,0.8656793431480724,0.712339966848073,0.287660033151927,True,False,True,False,True,False,True,False,1,True
131,0,2,5,1.8168,1,1.0,0.0,1.0,0.0,False,True,False,True,False,True,False,True,1,True
131,0,3,11,-0.8202,1,0.4403435769831439,0.9897067140975797,0.5596564230168561,0.4403435769831439,True,False,True,False,True,False,True,False,0,False
132,0,0,0,-0.1482,1,0.8622586459665295,0.5782929184522937,0.8622586459665295,0.13774135403347054,True,False,True,False,True,False,False,True,1,True
132,0,1,1,-0.3021,0,0.7392641347796101,0.8278547742062331,0.7392641347796101,0.26073586522038994,True,False,True,False,True,False,True,False,1,False
132,0,2,4,-0.2086,1,0.8117198586579434,0.6978597526107184,0.8117198586579434,0.18828014134205662,True,False,True,False,True,False,False,True,1,True
132,0,3,9,-60.0963,0,7.952588799685944e-27,6.894944907609481e-25,1.0,7.952588799685944e-27,False,True,False,True,False,True,False,True,0,True
132,0,4,20,-0.2197,1,0.8027595897188248,0.7163744629798189,0.8027595897188248,0.19724041028117523,True,False,True,False,True,False,False,True,1,True
133,0,0,0,0.6802,1,1.0,0.0,1.0,0.0,False,True,False,True,False,True,False,True,1,True
133,0,1,1,-81.068,0,6.203187964880137e-36,7.255025426644039e-34,1.0,6.203187964880137e-36,False,True,False,True,False,True,False,True,0,True
134,0,0,0,-16.2199,0,9.032062475508484e-08,2.2438410856504915e-06,0.9999999096793752,9.032062475508484e-08,False,True,False,True,False,True,False,True,0,True
134,0,1,2,2.055,1,1.0,0.0,1.0,0.0,False,True,False,True,False,True,False,True,1,True
134,0,2,5,-18.0098,0,1.5081454903627692e-08,4.1361409136910654e-07,0.9999999849185451,1.5081454903627692e-08,False,True,False,True,False,True,False,True,0,True
134,0,3,12,-79.4225,0,3.2154851707874964e-35,3.684381587912753e-33,1.0,3.2154851707874964e-35,False,True,False,True,False,True,False,True,0,True
134,0,4,26,-77.1247,0,3.2001355292439245e-34,3.560708310937639e-32,1.0,3.2001355292439245e-34,False,True,False,True,False,True,False,True,0,True
134,0,5,54,5.8946,1,1.0,0.0,1.0,0.0,False,True,False,True,False,True,False,True,1,True
135,0,0,0,-0.0049,1,0.9951119854158298,0.044557669752801274,0.9951119854158298,0.004888014584170208,False,True,False,True,False,True,False,True,1,True
135,0,1,1,-22.3333,0,1.9988078542051737e-10,6.728554128777774e-09,0.9999999998001192,1.9988078542051737e-10,False,True,False,True,False,True,False,True,0,True
135,0,2,4,-0.3361,0,0.7145516470784722,0.8627687745219748,0.7145516470784722,0.2854483529215278,True,False,True,False,True,False,True,False,1,False
135,0,3,10,-0.5096,1,0.600735825089843,0.9705185366809951,0.600735825089843,0.399264174910157,True,False,True,False,True,False,True,False,1,True
135,0,4,21,-3.6819,0,0.025175096681689484,0.1695854826331876,0.9748249033183105,0.025175096681689484,True,False,False,True,False,True,False,True,0,True
135,0,5,44,-5.1103,0,0.00603427237031906,0.053167599241688276,0.9939657276296809,0.00603427237031906,False,True,False,True,False,True,False,True,0,True
136,0,0,0,-42.5175,0,3.426765340763157e-19,2.1019705404875003e-17,1.0,3.426765340763157e-19,False,True,False,True,False,True,False,True,0,True
136,0,1,2,-1.7661,0,0.17099858454984881,0.6599840274445392,0.8290014154501512,0.17099858454984881,True,False,True,False,True,False,False,True,0,True
136,0,2,6,-78.8764,0,5.551556033123433e-35,6.317370488866723e-33,1.0,5.551556033123433e-35,False,True,False,True,False,True,False,True,0,True
136,0,3,14,-0.704,0,0.494602929967057,0.999915951672531,0.505397070032943,0.494602929967057,True,False,True,False,True,False,True,False,0,True
136,0,4,30,0.2337,1,1.0,0.0,1.0,0.0,False,True,False,True,False,True,False,True,1,True
136,0,5,61,0.1035,1,1.0,0.0,1.0,0.0,False,True,False,True,False,True,False,True,1,True
137,0,0,0,-1.5073,0,0.22150724084192278,0.7629101462625957,0.7784927591580773,0.22150724084192278,True,False,True,False,True,False,True,False,0,True
137,0,1,2,-1.487,1,0.22604978869794498,0.7710613829434787,0.773950211302055,0.22604978869794498,True,False,True,False,True,False,True,False,0,False
137,0,2,5,-38.1128,0,2.8042793251927194e-17,1.54193712479455e-15,1.0,2.8042793251927194e-17,False,True,False,True,False,True,False,True,0,True
137,0,3,12,-1.8465,1,0.15778846059794338,0.6289925014549859,0.8422115394020566,0.15778846059794338,True,False,True,False,True,False,False,True,0,False
138,0,0,0,-59.0165,0,2.3413142519669884e-26,1.9934607890864804e-24,1.0,2.3413142519669884e-26,False,True,False,True,False,True,False,True,0,True
138,0,1,2,-0.3534,1,0.7022962186985727,0.8784658809683312,0.7022962186985727,0.2977037813014273,True,False,True,False,True,False,True,False,1,True
139,0,0,0,-0.4503,0,0.6374368918666845,0.9447902142779193,0.6374368918666845,0.3625631081333155,True,False,True,False,True,False,True,False,1,False
139,0,1,2,-4.3564,0,0.0128244727484803,0.09898391048536953,0.9871755272515197,0.0128244727484803,True,False,False,True,False,True,False,True,0,True
139,0,2,6,-77.6885,0,1.821013404525169e-34,2.041006641088382e-32,1.0,1.821013404525169e-34,False,True,False,True,False,True,False,True,0,True
139,0,3,14,-0.0156,1,0.9845210497239912,0.11524109175889106,0.9845210497239912,0.015478950276008763,True,False,False,True,False,True,False,True,1,True
139,0,4,29,-19.8806,0,2.322550271615254e-09,6.996528955253528e-08,0.9999999976774497,2.322550271615254e-09,False,True,False,True,False,True,False,True,0,True
139,0,5,60,0.4788,1,1.0,0.0,1.0,0.0,False,True,False,True,False,True,False,True,1,True
140,0,0,0,-60.4171,0,5.7701467348076914e-27,5.029458996138851e-25,1.0,5.7701467348076914e-27,False,True,False,True,False,True,False,True,0,True
141,0,0,0,-5.5535,0,0.003873874926044749,0.03661549361840078,0.9961261250739553,0.003873874926044749,False,True,False,True,False,True,False,True,0,True
141,0,1,2,-0.0018,1,0.9982016190284373,0.01899177098310471,0.9982016190284373,0.0017983809715627075,False,True,False,True,False,True,False,True,1,True
141,0,2,5,0.1035,1,1.0,0.0,1.0,0.0,False,True,False,True,False,True,False,True,1,True
142,0,0,0,8.0919,1,1.0,0.0,1.0,0.0,False,True,False,True,False,True,False,True,1,True
143,0,0,0,-0.899,0,0.40697643275294815,0.9748855386467518,0.5930235672470519,0.40697643275294815,True,False,True,False,True,False,True,False,0,True
143,0,1,2,-3.6046,0,0.02719832196626415,0.18014084567894278,0.9728016780337359,0.02719832196626415,True,False,False,True,False,True,False,True,0,True
143,0,2,6,-4.2638,0,0.014068739494998178,0.10669537569656473,0.9859312605050018,0.014068739494998178,True,False,False,True,False,True,False,True,0,True
143,0,3,14,0.2268,1,1.0,0.0,1.0,0.0,False,True,False,True,False,True,False,True,1,True
144,0,0,0,-3.3486,0,0.0351335065953041,0.21951618902093925,0.9648664934046959,0.0351335065953041,True,False,False,True,False,True,False,True,0,True
144,0,1,2,-4.8647,0,0.007714142086987283,0.0652261158469161,0.9922858579130127,0.007714142086987283,False,True,False,True,False,True,False,True,0,True
144,0,2,6,-7.5352,0,0.0005339544618899738,0.006574744400430155,0.99946604553811,0.0005339544618899738,False,True,False,True,False,True,False,True,0,True
144,0,3,14,-5.88,0,0.0027947852750368437,0.027734677678413398,0.9972052147249632,0.0027947852750368437,False,True,False,True,False,True,False,True,0,True
144,0,4,30,-3.3413,0,0.03539091960781822,0.2207450646225923,0.9646090803921817,0.03539091960781822,True,False,False,True,False,True,False,True,0,True
144,0,5,62,-1.3694,0,0.25425946947693395,0.8179596857091638,0.745740530523066,0.25425946947693395,True,False,True,False,True,False,True,False,0,True
145,0,0,0,-1.4424,0,0.23635981386767552,0.788934190042534,0.7636401861323245,0.23635981386767552,True,False,True,False,True,False,True,False,0,True
145,0,1,2,0.1977,1,1.0,0.0,1.0,0.0,False,True,False,True,False,True,False,True,1,True
145,0,2,5,1.4146,1,1.0,0.0,1.0,0.0,False,True,False,True,False,True,False,True,1,True
145,0,3,11,-3.6363,0,0.026349657557487277,0.17574142778240168,0.9736503424425127,0.026349657557487277,True,False,False,True,False,True,False,True,0,True
145,0,4,24,-27.1262,0,1.6566891386543954e-12,6.722433130676403e-11,0.9999999999983433,1.6566891386543954e-12,False,True,False,True,False,True,False,True,0,True
146,0,0,0,-3.0928,0,0.04537472713358988,0.2664142944226712,0.9546252728664101,0.04537472713358988,True,False,False,True,False,True,False,True,0,True
146,0,1,2,-4.4942,0,0.011173615933260059,0.08847676759354692,0.98882638406674,0.011173615933260059,True,False,False,True,False,True,False,True,0,True
146,0,2,6,-60.1167,0,7.791999567536204e-27,6.758006286966245e-25,1.0,7.791999567536204e-27,False,True,False,True,False,True,False,True,0,True
146,0,3,14,-1.9127,0,0.14768110881921384,0.6040067260830523,0.8523188911807862,0.14768110881921384,True,False,True,False,True,False,False,True,0,True
146,0,4,30,-1.9127,0,0.14768110881921384,0.6040067260830523,0.8523188911807862,0.14768110881921384,True,False,True,False,True,False,False,True,0,True
146,0,5,62,-3.3066,0,0.03664054004739616,0.22667124314225517,0.9633594599526039,0.03664054004739616,True,False,False,True,False,True,False,True,0,True
147,0,0,0,-9.8365,0,5.3464108412030284e-05,0.0008358432347773511,0.999946535891588,5.3464108412030284e-05,False,True,False,True,False,True,False,True,0,True
147,0,1,2,-4.5391,0,0.010683016943447858,0.08528784807663688,0.9893169830565521,0.010683016943447858,True,False,False,True,False,True,False,True,0,True
147,0,2,6,-4.491,0,0.011209428774231766,0.08870830525743809,0.9887905712257682,0.011209428774231766,True,False,False,True,False,True,False,True,0,True
147,0,3,14,-53.4791,0,5.947329122822725e-24,4.588604236050012e-22,1.0,5.947329122822725e-24,False,True,False,True,False,True,False,True,0,True
147,0,4,30,-3.3066,0,0.03664054004739616,0.22667124314225517,0.9633594599526039,0.03664054004739616,True,False,False,True,False,True,False,True,0,True
147,0,5,62,-6.5705,0,0.0014010966886260825,0.015301253159509535,0.9985989033113739,0.0014010966886260825,False,True,False,True,False,True,False,True,0,True
148,0,0,0,-9.8369,0,5.344272704522388e-05,0.0008355398057892195,0.9999465572729548,5.344272704522388e-05,False,True,False,True,False,True,False,True,0,True
148,0,1,2,-55.0724,0,1.2088170440559516e-24,9.604375180937438e-23,1.0,1.2088170440559516e-24,False,True,False,True,False,True,False,True,0,True
148,0,2,6,-5.203,0,0.0055000395272324495,0.04919819790105691,0.9944999604727676,0.0055000395272324495,False,True,False,True,False,True,False,True,0,True
148,0,3,14,-6.4401,0,0.0015962470479259539,0.01713195020276389,0.9984037529520741,0.0015962470479259539,False,True,False,True,False,True,False,True,0,True
148,0,4,30,-1.5012,0,0.22286256454572478,0.7653601222318354,0.7771374354542753,0.22286256454572478,True,False,True,False,True,False,True,False,0,True
148,0,5,62,-71.266,0,1.1209066679966846e-31,1.1524613652315543e-29,1.0,1.1209066679966846e-31,False,True,False,True,False,True,False,True,0,True
148,0,6,126,-3.5554,0,0.028569944652519847,0.18716870743366987,0.9714300553474802,0.028569944652519847,True,False,False,True,False,True,False,True,0,True
148,0,7,254,-4.5458,0,0.010611679975628464,0.08482145258433653,0.9893883200243715,0.010611679975628464,True,False,False,True,False,True,False,True,0,True
149,0,0,0,-3.3077,0,0.036600257612744894,0.22648121538764482,0.9633997423872551,0.036600257612744894,True,False,False,True,False,True,False,True,0,True
149,0,1,2,-4.6436,0,0.009622992422928547,0.07828333048378319,0.9903770075770715,0.009622992422928547,False,True,False,True,False,True,False,True,0,True
149,0,2,6,-2.7263,0,0.06546104801703916,0.3487521709938356,0.9345389519829609,0.06546104801703916,True,False,True,False,False,True,False,True,0,True
149,0,3,14,-5.766,0,0.0031322615355924843,0.030567780527795012,0.9968677384644076,0.0031322615355924843,False,True,False,True,False,True,False,True,0,True
149,0,4,30,0.0,1,1.0,0.0,1.0,0.0,False,True,False,True,False,True,False,True,1,True
149,0,5,61,-25.7819,0,6.354232434087297e-12,2.4551558518068186e-10,0.9999999999936457,6.354232434087297e-12,False,True,False,True,False,True,False,True,0,True
150,0,0,0,-8.0515,0,0.0003186236284077167,0.004160690669335753,0.9996813763715923,0.0003186236284077167,False,True,False,True,False,True,False,True,0,True
150,0,1,2,-4.566,0,0.010399474530757374,0.08342991776507658,0.9896005254692426,0.010399474530757374,True,False,False,True,False,True,False,True,0,True
150,0,2,6,-2.9723,0,0.05118544831143675,0.29141147245287424,0.9488145516885632,0.05118544831143675,True,False,True,False,False,True,False,True,0,True
150,0,3,14,-1.734,0,0.17657668871613388,0.6725305581126316,0.8234233112838661,0.17657668871613388,True,False,True,False,True,False,False,True,0,True
150,0,4,30,-2.4961,0,0.08240575518727172,0.41059980472596413,0.9175942448127283,0.08240575518727172,True,False,True,False,False,True,False,True,0,True
150,0,5,62,-14.8504,0,3.5526565620154016e-07,8.123963931334473e-06,0.9999996447343438,3.5526565620154016e-07,False,True,False,True,False,True,False,True,0,True
151,0,0,0,-1.5297,0,0.21660063776128136,0.7539116102281215,0.7833993622387186,0.21660063776128136,True,False,True,False,True,False,True,False,0,True
151,0,1,2,-4.288,0,0.01373236257609264,0.10462714392294672,0.9862676374239073,0.01373236257609264,True,False,False,True,False,True,False,True,0,True
151,0,2,6,-3.1876,0,0.041270802099226726,0.24808873536786666,0.9587291979007733,0.041270802099226726,True,False,False,True,False,True,False,True,0,True
151,0,3,14,-2.7373,0,0.06474492240066056,0.3459993704560983,0.9352550775993395,0.06474492240066056,True,False,True,False,False,True,False,True,0,True
151,0,4,30,-1.8421,0,0.15848425945951466,0.630671059552081,0.8415157405404854,0.15848425945951466,True,False,True,False,True,False,False,True,0,True
151,0,5,62,-1.9127,1,0.14768110881921384,0.6040067260830523,0.8523188911807862,0.14768110881921384,True,False,True,False,True,False,False,True,0,False
152,0,0,0,-1.3949,0,0.24785782091007197,0.8078651626703445,0.7521421790899281,0.24785782091007197,True,False,True,False,True,False,True,False,0,True
152,0,1,2,-3.1129,0,0.04447179993564086,0.26243228955292525,0.9555282000643591,0.04447179993564086,True,False,False,True,False,True,False,True,0,True
152,0,2,6,-4.9903,0,0.006803623099107152,0.05876464231680905,0.9931963769008928,0.006803623099107152,False,True,False,True,False,True,False,True,0,True
152,0,3,14,1.2119,1,1.0,0.0,1.0,0.0,False,True,False,True,False,True,False,True,1,True
152,0,4,29,-4.3311,0,0.013153071151286696,0.10103691707954635,0.9868469288487133,0.013153071151286696,True,False,False,True,False,True,False,True,0,True
153,0,0,0,-3.3049,0,0.03670288194107236,0.226965203139199,0.9632971180589276,0.03670288194107236,True,False,False,True,False,True,False,True,0,True
153,0,1,2,-6.1557,0,0.0021213555166025963,0.02189655015334449,0.9978786444833974,0.0021213555166025963,False,True,False,True,False,True,False,True,0,True
153,0,2,6,-2.8071,0,0.060379840277205214,0.3289509014598613,0.9396201597227948,0.060379840277205214,True,False,True,False,False,True,False,True,0,True
153,0,3,14,0.2839,1,1.0,0.0,1.0,0.0,False,True,False,True,False,True,False,True,1,True
153,0,4,29,-3.601,0,0.027296412382153676,0.18064678476563237,0.9727035876178464,0.027296412382153676,True,False,False,True,False,True,False,True,0,True
153,0,5,60,-58.0604,0,6.091000889230264e-26,5.10203255452008e-24,1.0,6.091000889230264e-26,False,True,False,True,False,True,False,True,0,True
153,0,6,122,-73.6467,0,1.0366796647717559e-32,1.1014693330479944e-30,1.0,1.0366796647717559e-32,False,True,False,True,False,True,False,True,0,True
154,0,0,0,-2.3704,0,0.09344334146500832,0.4478599904574715,0.9065566585349917,0.09344334146500832,True,False,True,False,False,True,False,True,0,True
154,0,1,2,-1.3291,0,0.26471539798042587,0.8337789322552149,0.7352846020195741,0.26471539798042587,True,False,True,False,True,False,True,False,0,True
154,0,2,6,-5.401,0,0.004512066619207952,0.04165283293658162,0.995487933380792,0.004512066619207952,False,True,False,True,False,True,False,True,0,True
154,0,3,14,-3.1106,0,0.04457420279363694,0.2628852787029748,0.9554257972063631,0.04457420279363694,True,False,False,True,False,True,False,True,0,True
154,0,4,30,-4.9916,0,0.006794784135649383,0.05870108507888299,0.9932052158643506,0.006794784135649383,False,True,False,True,False,True,False,True,0,True
154,0,5,62,-2.5879,0,0.0751777477045488,0.384955460785364,0.9248222522954512,0.0751777477045488,True,False,True,False,False,True,False,True,0,True
155,0,0,0,-3.0271,0,0.048455956840429186,0.279801409954325,0.9515440431595709,0.048455956840429186,True,False,False,True,False,True,False,True,0,True
155,0,1,2,-1.2647,0,0.282323980631404,0.8585981045597297,0.717676019368596,0.282323980631404,True,False,True,False,True,False,True,False,0,True
155,0,2,6,-1.9251,0,0.14586117000989623,0.5993852218341585,0.8541388299901038,0.14586117000989623,True,False,True,False,True,False,False,True,0,True
155,0,3,14,-4.1792,0,0.015310751269607053,0.11423206042436251,0.984689248730393,0.015310751269607053,True,False,False,True,False,True,False,True,0,True
155,0,4,30,-16.4532,0,7.15263445403196e-08,1.8010079662132034e-06,0.9999999284736555,7.15263445403196e-08,False,True,False,True,False,True,False,True,0,True
156,0,0,0,-9.4199,0,8.10941283165265e-05,0.0012190620450118579,0.9999189058716835,8.10941283165265e-05,False,True,False,True,False,True,False,True,0,True
156,0,1,2,-4.3748,0,0.01259066012266212,0.09751562842142783,0.9874093398773379,0.01259066012266212,True,False,False,True,False,True,False,True,0,True
156,0,2,6,-1.3767,1,0.2524101336381488,0.81507579618146,0.7475898663618512,0.2524101336381488,True,False,True,False,True,False,True,False,0,False
156,0,3,13,-52.3722,0,1.799047105443184e-23,1.3593080583488446e-21,1.0,1.799047105443184e-23,False,True,False,True,False,True,False,True,0,True
156,0,4,28,-6.6495,0,0.001294669278298307,0.014286625518923948,0.9987053307217016,0.001294669278298307,False,True,False,True,False,True,False,True,0,True
156,0,5,58,-5.9183,0,0.002689768899568563,0.02684135205855004,0.9973102311004315,0.002689768899568563,False,True,False,True,False,True,False,True,0,True
156,0,6,118,-3.7739,0,0.022962335323664505,0.1577647862786531,0.9770376646763355,0.022962335323664505,True,False,False,True,False,True,False,True,0,True
157,0,0,0,-3.5586,0,0.028478666951843156,0.18670411171091575,0.9715213330481568,0.028478666951843156,True,False,False,True,False,True,False,True,0,True
157,0,1,2,-2.0452,0,0.1293543165268069,0.5556647328915137,0.870645683473193,0.1293543165268069,True,False,True,False,True,False,False,True,0,True
157,0,2,6,-3.2534,0,0.03864259938623426,0.23603356423480015,0.9613574006137657,0.03864259938623426,True,False,False,True,False,True,False,True,0,True
157,0,3,14,-1.3393,1,0.2620290247154925,0.8297927891363452,0.7379709752845075,0.2620290247154925,True,False,True,False,True,False,True,False,0,False
158,0,0,0,-2.1153,0,0.12059710499424757,0.5310747931675389,0.8794028950057524,0.12059710499424757,True,False,True,False,True,False,False,True,0,True
158,0,1,2,-52.0989,0,2.3644776692029406e-23,1.777208204764292e-21,1.0,2.3644776692029406e-23,False,True,False,True,False,True,False,True,0,True
158,0,2,6,-0.1554,1,0.8560726799167001,0.5944324137207141,0.8560726799167001,0.1439273200832999,True,False,True,False,True,False,False,True,1,True
159,0,0,0,-0.1873,0,0.8291949405857242,0.6595431045662971,0.8291949405857242,0.17080505941427582,True,False,True,False,True,False,False,True,1,False
159,0,1,2,-54.4148,0,2.333203537039973e-24,1.8316572206895503e-22,1.0,2.333203537039973e-24,False,True,False,True,False,True,False,True,0,True
159,0,2,6,-3.4098,0,0.033047809276830174,0.20945339977670602,0.9669521907231698,0.033047809276830174,True,False,False,True,False,True,False,True,0,True
159,0,3,14,1.3797,1,1.0,0.0,1.0,0.0,False,True,False,True,False,True,False,True,1,True
160,0,0,0,-0.4989,1,0.6071982105239522,0.966583859630024,0.6071982105239522,0.3928017894760478,True,False,True,False,True,False,True,False,1,True
161,0,0,0,-24.4148,0,2.493372029210064e-11,9.142149513315436e-10,0.9999999999750663,2.493372029210064e-11,False,True,False,True,False,True,False,True,0,True
162,0,0,0,0.0,1,1.0,0.0,1.0,0.0,False,True,False,True,False,True,False,True,1,True
163,0,0,0,0.0,1,1.0,0.0,1.0,0.0,False,True,False,True,False,True,False,True,1,True
164,0,0,0,0.0,1,1.0,0.0,1.0,0.0,False,True,False,True,False,True,False,True,1,True
164,0,1,1,6.6881,1,1.0,0.0,1.0,0.0,False,True,False,True,False,True,False,True,1,True
165,0,0,0,1.8105,1,1.0,0.0,1.0,0.0,False,True,False,True,False,True,False,True,1,True
165,0,1,1,6.4872,1,1.0,0.0,1.0,0.0,False,True,False,True,False,True,False,True,1,True
166,0,0,0,3.0008,1,1.0,0.0,1.0,0.0,False,True,False,True,False,True,False,True,1,True
166,0,1,1,-3.7039,0,0.024627292495332864,0.16668689147650484,0.9753727075046671,0.024627292495332864,True,False,False,True,False,True,False,True,0,True
166,0,2,4,0.5125,1,1.0,0.0,1.0,0.0,False,True,False,True,False,True,False,True,1,True
166,0,3,9,55.207,1,1.0,0.0,1.0,0.0,False,True,False,True,False,True,False,True,1,True
167,0,0,0,-66.1435,0,1.880368365656591e-29,1.7943396219736988e-27,1.0,1.880368365656591e-29,False,True,False,True,False,True,False,True,0,True
167,0,1,2,-61.3252,0,2.3270410172713857e-27,2.0588160753548582e-25,1.0,2.3270410172713857e-27,False,True,False,True,False,True,False,True,0,True
167,0,2,6,-59.782,0,1.088948354195656e-26,9.391874097783293e-25,1.0,1.088948354195656e-26,False,True,False,True,False,True,False,True,0,True
167,0,3,14,-58.9048,0,2.618004582439888e-26,2.224823827504097e-24,1.0,2.618004582439888e-26,False,True,False,True,False,True,False,True,0,True
167,0,4,30,4.5611,1,1.0,0.0,1.0,0.0,False,True,False,True,False,True,False,True,1,True
167,0,5,61,-58.7405,0,3.0854959859713897e-26,2.614792096788713e-24,1.0,3.0854959859713897e-26,False,True,False,True,False,True,False,True,0,True
167,0,6,124,-58.3464,0,4.575941261777931e-26,3.851847150565014e-24,1.0,4.575941261777931e-26,False,True,False,True,False,True,False,True,0,True
167,0,7,250,0.5928,1,1.0,0.0,1.0,0.0,False,True,False,True,False,True,False,True,1,True
168,0,0,0,-28.8459,0,2.9674595277925356e-13,1.2777469117890154e-11,0.9999999999997032,2.9674595277925356e-13,False,True,False,True,False,True,False,True,0,True
168,0,1,2,-55.3702,0,8.974859905622708e-25,7.169325676905553e-23,1.0,8.974859905622708e-25,False,True,False,True,False,True,False,True,0,True
168,0,2,6,1.4587,1,1.0,0.0,1.0,0.0,False,True,False,True,False,True,False,True,1,True
169,0,0,0,-1.4786,1,0.22795660433662746,0.7744321633653571,0.7720433956633725,0.22795660433662746,True,False,True,False,True,False,True,False,0,False
169,0,1,1,-14.9834,0,3.1102268042956463e-07,7.171925388130524e-06,0.9999996889773196,3.1102268042956463e-07,False,True,False,True,False,True,False,True,0,True
169,0,2,4,-59.2662,0,1.8239644801219786e-26,1.559545313081692e-24,1.0,1.8239644801219786e-26,False,True,False,True,False,True,False,True,0,True
169,0,3,10,-57.2208,0,1.4103350846600152e-25,1.1642621376187591e-23,1.0,1.4103350846600152e-25,False,True,False,True,False,True,False,True,0,True
170,0,0,0,-5.026,0,0.006565018193132943,0.05704301149202285,0.9934349818068671,0.006565018193132943,False,True,False,True,False,True,False,True,0,True
170,0,1,2,-57.9878,0,6.549655270769018e-26,5.479357206697222e-24,1.0,6.549655270769018e-26,False,True,False,True,False,True,False,True,0,True
170,0,2,6,-58.2826,0,4.877400618682334e-26,4.1011144136628395e-24,1.0,4.877400618682334e-26,False,True,False,True,False,True,False,True,0,True
170,0,3,14,-50.4277,0,1.257558378123167e-22,9.148962645026189e-21,1.0,1.257558378123167e-22,False,True,False,True,False,True,False,True,0,True
170,0,4,30,-1.9932,0,0.13625869921873401,0.5743561864290013,0.863741300781266,0.13625869921873401,True,False,True,False,True,False,False,True,0,True
170,0,5,62,-60.3205,0,6.355353387212273e-27,5.530688210888337e-25,1.0,6.355353387212273e-27,False,True,False,True,False,True,False,True,0,True
170,0,6,126,-3.4292,0,0.03241286069211066,0.20635152324875616,0.9675871393078893,0.03241286069211066,True,False,False,True,False,True,False,True,0,True
170,0,7,254,-58.2529,0,5.024432025699164e-26,4.222591457609461e-24,1.0,5.024432025699164e-26,False,True,False,True,False,True,False,True,0,True
171,0,0,0,-62.4959,0,7.217312140146212e-28,6.507310863112649e-26,1.0,7.217312140146212e-28,False,True,False,True,False,True,False,True,0,True
171,0,1,2,-58.2727,0,4.9259266925368165e-26,4.141213531941439e-24,1.0,4.9259266925368165e-26,False,True,False,True,False,True,False,True,0,True
171,0,2,6,-56.8108,0,2.1251179885343457e-25,1.7417607170456634e-23,1.0,2.1251179885343457e-25,False,True,False,True,False,True,False,True,0,True
171,0,3,14,-58.2644,0,4.9669820280356163e-26,4.175133879077366e-24,1.0,4.9669820280356163e-26,False,True,False,True,False,True,False,True,0,True
171,0,4,30,-56.1236,0,4.225034070714831e-25,3.4209779513149695e-23,1.0,4.225034070714831e-25,False,True,False,True,False,True,False,True,0,True
171,0,5,62,-60.4293,0,5.70017861799134e-27,4.969475652803213e-25,1.0,5.70017861799134e-27,False,True,False,True,False,True,False,True,0,True
171,0,6,126,4.3605,1,1.0,0.0,1.0,0.0,False,True,False,True,False,True,False,True,1,True
172,0,0,0,-4.502,0,0.011086800748354308,0.08791479278467897,0.9889131992516457,0.011086800748354308,True,False,False,True,False,True,False,True,0,True
172,0,1,2,-61.4988,0,1.9561876661293672e-27,1.7356082144714512e-25,1.0,1.9561876661293672e-27,False,True,False,True,False,True,False,True,0,True
172,0,2,6,-66.3881,0,1.4723616802647462e-29,1.4101953698581126e-27,1.0,1.4723616802647462e-29,False,True,False,True,False,True,False,True,0,True
172,0,3,14,-5.719,0,0.003282992253648121,0.031815797055264626,0.9967170077463519,0.003282992253648121,False,True,False,True,False,True,False,True,0,True
172,0,4,30,-0.6141,1,0.5411276911403602,0.9951138816522155,0.5411276911403602,0.4588723088596398,True,False,True,False,True,False,True,False,1,True
172,0,5,61,-64.5605,0,9.156533762169583e-29,8.528497475456804e-27,1.0,9.156533762169583e-29,False,True,False,True,False,True,False,True,0,True
173,0,0,0,-4.5646,0,0.01041404399134316,0.08352565723075886,0.9895859560086568,0.01041404399134316,True,False,False,True,False,True,False,True,0,True
173,0,1,2,-8.7522,0,0.0001581130933958419,0.002224546318770746,0.9998418869066041,0.0001581130933958419,False,True,False,True,False,True,False,True,0,True
173,0,2,6,-63.8506,0,1.862244729391213e-28,1.7154429341025548e-26,1.0,1.862244729391213e-28,False,True,False,True,False,True,False,True,0,True
173,0,3,14,-65.3563,0,4.1316122116930534e-29,3.89566451057247e-27,1.0,4.1316122116930534e-29,False,True,False,True,False,True,False,True,0,True
173,0,4,30,-64.1914,0,1.3244305637199535e-28,1.226536794383174e-26,1.0,1.3244305637199535e-28,False,True,False,True,False,True,False,True,0,True
173,0,5,62,-240.437,0,3.79784866025317e-105,1.317387365822691e-102,1.0,3.79784866025317e-105,False,True,False,True,False,True,False,True,0,True
174,0,0,0,-62.93,0,4.675717392145351e-28,4.245027661369244e-26,1.0,4.675717392145351e-28,False,True,False,True,False,True,False,True,0,True
174,0,1,2,2.5802,1,1.0,0.0,1.0,0.0,False,True,False,True,False,True,False,True,1,True
174,0,2,5,-1.9155,0,0.1472681800845287,0.6029614893760794,0.8527318199154713,0.1472681800845287,True,False,True,False,True,False,False,True,0,True
175,0,0,0,-67.7205,0,3.8847273058876885e-30,3.795379724488625e-28,1.0,3.8847273058876885e-30,False,True,False,True,False,True,False,True,0,True
175,0,1,2,-27.2317,0,1.4908122653176168e-12,6.07203794855159e-11,0.9999999999985092,1.4908122653176168e-12,False,True,False,True,False,True,False,True,0,True
175,0,2,6,-63.1396,0,3.791579185069955e-28,3.453794516198556e-26,1.0,3.791579185069955e-28,False,True,False,True,False,True,False,True,0,True
175,0,3,14,0.5484,1,1.0,0.0,1.0,0.0,False,True,False,True,False,True,False,True,1,True
175,0,4,29,-65.8074,0,2.631535975523533e-29,2.4983805086788593e-27,1.0,2.631535975523533e-29,False,True,False,True,False,True,False,True,0,True
175,0,5,60,-79.7391,0,2.3428737046121037e-35,2.695223263672763e-33,1.0,2.3428737046121037e-35,False,True,False,True,False,True,False,True,0,True
175,0,6,122,-9.1936,0,0.00010168812771735142,0.00149544419620857,0.9998983118722826,0.00010168812771735142,False,True,False,True,False,True,False,True,0,True
175,0,7,246,-7.0139,0,0.0008992944918437623,0.010396712045780233,0.9991007055081562,0.0008992944918437623,False,True,False,True,False,True,False,True,0,True
176,0,0,0,-10.5101,0,2.725973099135724e-05,0.00045266267674974115,0.9999727402690086,2.725973099135724e-05,False,True,False,True,False,True,False,True,0,True
176,0,1,2,-0.7406,1,0.476827733035053,0.9984501232935248,0.523172266964947,0.476827733035053,True,False,True,False,True,False,True,False,0,False
176,0,2,5,-2.8832,0,0.05595541869672465,0.3111756616465504,0.9440445813032754,0.05595541869672465,True,False,True,False,False,True,False,True,0,True
176,0,3,12,-4.0906,0,0.016729193030904997,0.12265924548607716,0.983270806969095,0.016729193030904997,True,False,False,True,False,True,False,True,0,True
176,0,4,26,-4.2159,0,0.014759032658493017,0.11090311879362648,0.985240967341507,0.014759032658493017,True,False,False,True,False,True,False,True,0,True
176,0,5,54,-6.524,0,0.0014677861995939677,0.015931025833851527,0.998532213800406,0.0014677861995939677,False,True,False,True,False,True,False,True,0,True
177,0,0,0,-9.0731,0,0.0001147103847002567,0.0016670090120007946,0.9998852896152998,0.0001147103847002567,False,True,False,True,False,True,False,True,0,True
177,0,1,2,-0.4249,1,0.6538351653773181,0.9305962110831186,0.6538351653773181,0.3461648346226819,True,False,True,False,True,False,True,False,1,True
178,0,0,0,-5.3519,0,0.004739138077499799,0.043412545706995494,0.9952608619225002,0.004739138077499799,False,True,False,True,False,True,False,True,0,True
178,0,1,2,-5.0165,0,0.006627683052759677,0.05749636502958248,0.9933723169472404,0.006627683052759677,False,True,False,True,False,True,False,True,0,True
178,0,2,6,-60.3115,0,6.412809733425331e-27,5.579856415560119e-25,1.0,6.412809733425331e-27,False,True,False,True,False,True,False,True,0,True
178,0,3,14,-1.3428,0,0.2611135261859861,0.8284220542035302,0.738886473814014,0.2611135261859861,True,False,True,False,True,False,True,False,0,True
178,0,4,30,-5.6465,0,0.0035298496535721676,0.03383828011972941,0.9964701503464278,0.0035298496535721676,False,True,False,True,False,True,False,True,0,True
179,0,0,0,-60.9433,0,3.409267677291501e-27,2.9975166698309963e-25,1.0,3.409267677291501e-27,False,True,False,True,False,True,False,True,0,True
179,0,1,2,-60.1982,0,7.182140876565474e-27,6.237520183900867e-25,1.0,7.182140876565474e-27,False,True,False,True,False,True,False,True,0,True
179,0,2,6,-9.7799,0,5.6577453509807016e-05,0.0008798963736149122,0.9999434225464902,5.6577453509807016e-05,False,True,False,True,False,True,False,True,0,True
179,0,3,14,-8.3701,0,0.00023169238334125466,0.0031320245097711656,0.9997683076166587,0.00023169238334125466,False,True,False,True,False,True,False,True,0,True
179,0,4,30,-68.2534,0,2.2799483514144537e-30,2.245038733082942e-28,1.0,2.2799483514144537e-30,False,True,False,True,False,True,False,True,0,True
180,0,0,0,-6.3254,0,0.0017902500072992517,0.018917618532597175,0.9982097499927007,0.0017902500072992517,False,True,False,True,False,True,False,True,0,True
180,0,1,2,0.0323,1,1.0,0.0,1.0,0.0,False,True,False,True,False,True,False,True,1,True
180,0,2,5,-4.5995,0,0.010056862919194807,0.08116986531064622,0.9899431370808052,0.010056862919194807,True,False,False,True,False,True,False,True,0,True
180,0,3,12,-7.0494,0,0.00086792955884623,0.010078574402420085,0.9991320704411538,0.00086792955884623,False,True,False,True,False,True,False,True,0,True
180,0,4,26,-4.1065,0,0.01646530235210354,0.12110525089658755,0.9835346976478965,0.01646530235210354,True,False,False,True,False,True,False,True,0,True
180,0,5,54,-62.4898,0,7.26147229574245e-28,6.546487732950441e-26,1.0,7.26147229574245e-28,False,True,False,True,False,True,False,True,0,True
181,0,0,0,-58.1986,0,5.304801839559968e-26,4.4540618356178215e-24,1.0,5.304801839559968e-26,False,True,False,True,False,True,False,True,0,True
181,0,1,2,-61.9587,0,1.2350327782727046e-27,1.1039650386711379e-25,1.0,1.2350327782727046e-27,False,True,False,True,False,True,False,True,0,True
181,0,2,6,-63.2929,0,3.2526908376729186e-28,2.970108538181436e-26,1.0,3.2526908376729186e-28,False,True,False,True,False,True,False,True,0,True
181,0,3,14,-65.1014,0,5.331153849478071e-29,5.007097899987729e-27,1.0,5.331153849478071e-29,False,True,False,True,False,True,False,True,0,True
181,0,4,30,-4.5396,0,0.01067767677013072,0.08525295855439924,0.9893223232298692,0.01067767677013072,True,False,False,True,False,True,False,True,0,True
181,0,5,62,-62.2324,0,9.393167880906985e-28,8.433409198310973e-26,1.0,9.393167880906985e-28,False,True,False,True,False,True,False,True,0,True
182,0,0,0,-66.8126,0,9.630669924730193e-30,9.283022645972967e-28,1.0,9.630669924730193e-30,False,True,False,True,False,True,False,True,0,True
182,0,1,2,-5.9027,0,0.0027320582940533722,0.02720178894253565,0.9972679417059467,0.0027320582940533722,False,True,False,True,False,True,False,True,0,True
182,0,2,6,-4.5306,0,0.01077420960723309,0.08588304756226241,0.9892257903927669,0.01077420960723309,True,False,False,True,False,True,False,True,0,True
182,0,3,14,-64.2757,0,1.2173575947468178e-28,1.1288585418389517e-26,1.0,1.2173575947468178e-28,False,True,False,True,False,True,False,True,0,True
182,0,4,30,-3.0774,0,0.04607890619333674,0.26950092542585163,0.9539210938066632,0.04607890619333674,True,False,False,True,False,True,False,True,0,True
182,0,5,62,-63.9014,0,1.7700054113364158e-28,1.6317721108034018e-26,1.0,1.7700054113364158e-28,False,True,False,True,False,True,False,True,0,True
182,0,6,126,-62.1575,0,1.0123734361371719e-27,9.078389643864994e-26,1.0,1.0123734361371719e-27,False,True,False,True,False,True,False,True,0,True
183,0,0,0,-6.9861,0,0.000924645626816574,0.010652694017696345,0.9990753543731834,0.000924645626816574,False,True,False,True,False,True,False,True,0,True
183,0,1,2,-0.0762,1,0.9266308618531588,0.378372658852681,0.9266308618531588,0.0733691381468412,True,False,True,False,False,True,False,True,1,True
183,0,2,5,41.9222,1,1.0,0.0,1.0,0.0,False,True,False,True,False,True,False,True,1,True
184,0,0,0,2.4394,1,1.0,0.0,1.0,0.0,False,True,False,True,False,True,False,True,1,True
184,0,1,1,-57.6485,0,9.19548329995994e-26,7.647810362432766e-24,1.0,9.19548329995994e-26,False,True,False,True,False,True,False,True,0,True
184,0,2,4,-42.0506,0,5.465834270009016e-19,3.3159135173682465e-17,1.0,5.465834270009016e-19,False,True,False,True,False,True,False,True,0,True
184,0,3,10,0.6872,1,1.0,0.0,1.0,0.0,False,True,False,True,False,True,False,True,1,True
185,0,0,0,-41.9557,0,6.009952030413346e-19,3.63778071200863e-17,1.0,6.009952030413346e-19,False,True,False,True,False,True,False,True,0,True
185,0,1,2,0.5525,1,1.0,0.0,1.0,0.0,False,True,False,True,False,True,False,True,1,True
185,0,2,5,-5.0422,0,0.0064595217269776675,0.056277823088118795,0.9935404782730224,0.0064595217269776675,False,True,False,True,False,True,False,True,0,True
185,0,3,12,-13.3861,0,1.5363516663455494e-06,3.188660092241298e-05,0.9999984636483337,1.5363516663455494e-06,False,True,False,True,False,True,False,True,0,True
185,0,4,26,1.211,1,1.0,0.0,1.0,0.0,False,True,False,True,False,True,False,True,1,True
186,0,0,0,-43.8204,0,9.31198108633995e-20,5.886985440324697e-18,1.0,9.31198108633995e-20,False,True,False,True,False,True,False,True,0,True
186,0,1,2,-0.7033,0,0.4949492732240315,0.9999263929060571,0.5050507267759685,0.4949492732240315,True,False,True,False,True,False,True,False,0,True
186,0,2,6,-39.6349,0,6.12042582830958e-18,3.4997252021785896e-16,1.0,6.12042582830958e-18,False,True,False,True,False,True,False,True,0,True
186,0,3,14,-44.0344,0,7.518012891418324e-20,4.776059055717977e-18,1.0,7.518012891418324e-20,False,True,False,True,False,True,False,True,0,True
186,0,4,30,-7.7193,0,0.00044417141509683254,0.005587219092190522,0.9995558285849032,0.00044417141509683254,False,True,False,True,False,True,False,True,0,True
186,0,5,62,-96.1147,0,1.8109904503480715e-42,2.511195439004117e-40,1.0,1.8109904503480715e-42,False,True,False,True,False,True,False,True,0,True
187,0,0,0,-45.2288,0,2.2770980788762828e-20,1.4858375894522264e-18,1.0,2.2770980788762828e-20,False,True,False,True,False,True,False,True,0,True
187,0,1,2,-0.6126,0,0.5419399917502218,0.9949187375553036,0.5419399917502218,0.4580600082497782,True,False,True,False,True,False,True,False,1,False
187,0,2,6,-2.9235,0,0.053745249353575324,0.3020983463630708,0.9462547506464247,0.053745249353575324,True,False,True,False,False,True,False,True,0,True
187,0,3,14,-10.0088,0,4.500216312071615e-05,0.0007147382470064035,0.9999549978368792,4.500216312071615e-05,False,True,False,True,False,True,False,True,0,True
187,0,4,30,-16.0234,0,1.0993242259319919e-07,2.699893542429168e-06,0.9999998900675774,1.0993242259319919e-07,False,True,False,True,False,True,False,True,0,True
187,0,5,62,-40.3976,0,2.8545998449361173e-18,1.6637012445557828e-16,1.0,2.8545998449361173e-18,False,True,False,True,False,True,False,True,0,True
187,0,6,126,-0.2353,1,0.7903337139459778,0.7408443735492621,0.7903337139459778,0.20966628605402216,True,False,True,False,True,False,True,False,1,True
188,0,0,0,-38.4414,0,2.0188874268644226e-17,1.119659161974391e-15,1.0,2.0188874268644226e-17,False,True,False,True,False,True,False,True,0,True
188,0,1,2,-42.7389,0,2.7461962349111715e-19,1.6932826036950842e-17,1.0,2.7461962349111715e-19,False,True,False,True,False,True,False,True,0,True
188,0,2,6,1.7799,1,1.0,0.0,1.0,0.0,False,True,False,True,False,True,False,True,1,True
189,0,0,0,-3.9547,0,0.019164417012434685,0.13672293232429453,0.9808355829875653,0.019164417012434685,True,False,False,True,False,True,False,True,0,True
189,0,1,2,-39.7552,0,5.426702493565198e-18,3.1124651303912417e-16,1.0,5.426702493565198e-18,False,True,False,True,False,True,False,True,0,True
189,0,2,6,-6.1822,0,0.00206587792012316,0.02140297676625782,0.9979341220798769,0.00206587792012316,False,True,False,True,False,True,False,True,0,True
189,0,3,14,-0.4733,1,0.6229431601943539,0.9559368118713641,0.6229431601943539,0.3770568398056461,True,False,True,False,True,False,True,False,1,True
190,0,0,0,-7.6819,0,0.00046109797981079494,0.005775252848419728,0.9995389020201892,0.00046109797981079494,False,True,False,True,False,True,False,True,0,True
190,0,1,2,-7.4786,0,0.0005650479291848871,0.006911455224934047,0.9994349520708151,0.0005650479291848871,False,True,False,True,False,True,False,True,0,True
190,0,2,6,0.165,1,1.0,0.0,1.0,0.0,False,True,False,True,False,True,False,True,1,True
191,0,0,0,-0.7469,1,0.47383316112299523,0.9980234606305417,0.5261668388770048,0.47383316112299523,True,False,True,False,True,False,True,False,0,False
191,0,1,1,-43.7993,0,9.510551437394486e-20,6.0096254771658486e-18,1.0,9.510551437394486e-20,False,True,False,True,False,True,False,True,0,True
191,0,2,4,-6.4887,0,0.001520524405508507,0.01642594076880887,0.9984794755944915,0.001520524405508507,False,True,False,True,False,True,False,True,0,True
191,0,3,10,-4.9617,0,0.007001015983210765,0.060179704472584625,0.9929989840167892,0.007001015983210765,False,True,False,True,False,True,False,True,0,True
191,0,4,22,-48.1838,0,1.185882179479817e-21,8.243604152506244e-20,1.0,1.185882179479817e-21,False,True,False,True,False,True,False,True,0,True
191,0,5,46,-42.3876,0,3.9021074028026823e-19,2.3862315592688855e-17,1.0,3.9021074028026823e-19,False,True,False,True,False,True,False,True,0,True
192,0,0,0,-0.8829,0,0.41358178371504667,0.9783430082263799,0.5864182162849534,0.41358178371504667,True,False,True,False,True,False,True,False,0,True
192,0,1,2,3.0938,1,1.0,0.0,1.0,0.0,False,True,False,True,False,True,False,True,1,True
192,0,2,5,-50.175,0,1.6191026011808567e-22,1.172023421470496e-20,1.0,1.6191026011808567e-22,False,True,False,True,False,True,False,True,0,True
193,0,0,0,1.0809,1,1.0,0.0,1.0,0.0,False,True,False,True,False,True,False,True,1,True
193,0,1,1,7.6951,1,1.0,0.0,1.0,0.0,False,True,False,True,False,True,False,True,1,True
194,0,0,0,-0.7269,1,0.4834052259267934,0.9992052565023748,0.5165947740732066,0.4834052259267934,True,False,True,False,True,False,True,False,0,False
194,0,1,1,0.6406,1,1.0,0.0,1.0,0.0,False,True,False,True,False,True,False,True,1,True
194,0,2,3,-55.8617,0,5.489994890622452e-25,4.4244636086341497e-23,1.0,5.489994890622452e-25,False,True,False,True,False,True,False,True,0,True
194,0,3,8,-55.9831,0,4.862376571412299e-25,3.927173354656534e-23,1.0,4.862376571412299e-25,False,True,False,True,False,True,False,True,0,True
195,0,0,0,-60.8555,0,3.7221353069079354e-27,3.26788323637921e-25,1.0,3.7221353069079354e-27,False,True,False,True,False,True,False,True,0,True
195,0,1,2,-2.6688,0,0.06933537786127004,0.3634385024702696,0.9306646221387299,0.06933537786127004,True,False,True,False,False,True,False,True,0,True
195,0,2,6,-44.0978,0,7.056166108496035e-20,4.489110113206705e-18,1.0,7.056166108496035e-20,False,True,False,True,False,True,False,True,0,True
195,0,3,14,-1.3432,1,0.2610091016618089,0.8282653061022508,0.7389908983381911,0.2610091016618089,True,False,True,False,True,False,True,False,0,False
195,0,4,29,0.0537,1,1.0,0.0,1.0,0.0,False,True,False,True,False,True,False,True,1,True
196,0,0,0,0.5592,1,1.0,0.0,1.0,0.0,False,True,False,True,False,True,False,True,1,True
196,0,1,1,-13.522,0,1.3411273389099586e-06,2.809771266855093e-05,0.999998658872661,1.3411273389099586e-06,False,True,False,True,False,True,False,True,0,True
196,0,2,4,0.5452,1,1.0,0.0,1.0,0.0,False,True,False,True,False,True,False,True,1,True
196,0,3,9,-24.8013,0,1.6940735664350202e-11,6.305919749820824e-10,0.9999999999830592,1.6940735664350202e-11,False,True,False,True,False,True,False,True,0,True
197,0,0,0,-54.1995,0,2.893718148682612e-24,2.2626951562123455e-22,1.0,2.893718148682612e-24,False,True,False,True,False,True,False,True,0,True
197,0,1,2,-18.8189,0,6.715147778437754e-09,1.920037273595468e-07,0.9999999932848522,6.715147778437754e-09,False,True,False,True,False,True,False,True,0,True
197,0,2,6,-53.421,0,6.3031041347787795e-24,4.857815705345668e-22,1.0,6.3031041347787795e-24,False,True,False,True,False,True,False,True,0,True
197,0,3,14,-10.9624,0,1.7341640209419663e-05,0.00029928345998094885,0.9999826583597906,1.7341640209419663e-05,False,True,False,True,False,True,False,True,0,True
197,0,4,30,-60.7696,0,4.056000991896359e-27,3.5559772121994306e-25,1.0,4.056000991896359e-27,False,True,False,True,False,True,False,True,0,True
197,0,5,62,-202.4977,0,1.1385871862007164e-88,3.326296245897768e-86,1.0,1.1385871862007164e-88,False,True,False,True,False,True,False,True,0,True
198,0,0,0,-72.1476,0,4.641896335814934e-32,4.831609930336841e-30,1.0,4.641896335814934e-32,False,True,False,True,False,True,False,True,0,True
198,0,1,2,1.755,1,1.0,0.0,1.0,0.0,False,True,False,True,False,True,False,True,1,True
199,0,0,0,0.0133,1,1.0,0.0,1.0,0.0,False,True,False,True,False,True,False,True,1,True
199,0,1,1,-25.3642,0,9.648679975865683e-12,3.6699243975965166e-10,0.9999999999903513,9.648679975865683e-12,False,True,False,True,False,True,False,True,0,True
199,0,2,4,-108.6484,0,6.525283912224537e-48,1.0228154661701366e-45,1.0,6.525283912224537e-48,False,True,False,True,False,True,False,True,0,True
199,0,3,10,-3.2059,0,0.040522415047826256,0.24468233695700217,0.9594775849521737,0.040522415047826256,True,False,False,True,False,True,False,True,0,True
199,0,4,22,-6.6665,0,0.0012728459246498162,0.014077043292818685,0.9987271540753502,0.0012728459246498162,False,True,False,True,False,True,False,True,0,True
199,0,5,46,-53.4184,0,6.319513528497087e-24,4.8702254144345335e-22,1.0,6.319513528497087e-24,False,True,False,True,False,True,False,True,0,True
200,0,0,0,-62.3003,0,8.776543083233488e-28,7.888386224216694e-26,1.0,8.776543083233488e-28,False,True,False,True,False,True,False,True,0,True
200,0,1,2,-3.1283,0,0.043792180716110456,0.2594168673794951,0.9562078192838895,0.043792180716110456,True,False,False,True,False,True,False,True,0,True
200,0,2,6,-0.9501,0,0.38670235128579644,0.9626384531281559,0.6132976487142036,0.38670235128579644,True,False,True,False,True,False,True,False,0,True
200,0,3,14,-3.8656,0,0.020950348456160953,0.14674373771459218,0.979049651543839,0.020950348456160953,True,False,False,True,False,True,False,True,0,True
200,0,4,30,0.0011,1,1.0,0.0,1.0,0.0,False,True,False,True,False,True,False,True,1,True
201,0,0,0,-1.6841,0,0.18561140707226279,0.6922000522434185,0.8143885929277372,0.18561140707226279,True,False,True,False,True,False,False,True,0,True
201,0,1,2,-20.5574,0,1.180414723055483e-09,3.6711788068474636e-08,0.9999999988195852,1.180414723055483e-09,False,True,False,True,False,True,False,True,0,True
201,0,2,6,-0.8706,0,0.41870025371428926,0.9808436466359147,0.5812997462857108,0.41870025371428926,True,False,True,False,True,False,True,False,0,True
201,0,3,14,-2.6485,0,0.07075726940239115,0.36874329862446725,0.9292427305976089,0.07075726940239115,True,False,True,False,False,True,False,True,0,True
201,0,4,30,-56.5492,0,2.7605427939040906e-25,2.2521405401221374e-23,1.0,2.7605427939040906e-25,False,True,False,True,False,True,False,True,0,True
202,0,0,0,-59.4246,0,1.5567688415756613e-26,1.3346424583068255e-24,1.0,1.5567688415756613e-26,False,True,False,True,False,True,False,True,0,True
202,0,1,2,-12.4625,0,3.869056032215114e-06,7.514588648664837e-05,0.9999961309439678,3.869056032215114e-06,False,True,False,True,False,True,False,True,0,True
202,0,2,6,-2.7702,0,0.06264947359436127,0.3378737687448394,0.9373505264056388,0.06264947359436127,True,False,True,False,False,True,False,True,0,True
202,0,3,14,-63.0762,0,4.039749171702102e-28,3.676160472848945e-26,1.0,4.039749171702102e-28,False,True,False,True,False,True,False,True,0,True
202,0,4,30,-1.128,0,0.3236799694325368,0.9083384855760926,0.6763200305674633,0.3236799694325368,True,False,True,False,True,False,True,False,0,True
202,0,5,62,-2.3568,0,0.0947228518581464,0.4520406400303252,0.9052771481418536,0.0947228518581464,True,False,True,False,False,True,False,True,0,True
203,0,0,0,-61.453,0,2.047864434386736e-27,1.815594387684081e-25,1.0,2.047864434386736e-27,False,True,False,True,False,True,False,True,0,True
203,0,1,2,-22.2519,0,2.16831621797417e-10,7.27370372438472e-09,0.9999999997831683,2.16831621797417e-10,False,True,False,True,False,True,False,True,0,True
203,0,2,6,-3.5874,0,0.027670179445603845,0.18256985637707068,0.9723298205543962,0.027670179445603845,True,False,False,True,False,True,False,True,0,True
203,0,3,14,-2.5591,0,0.07737434602751324,0.39285928133105896,0.9226256539724867,0.07737434602751324,True,False,True,False,False,True,False,True,0,True
203,0,4,30,26.0263,1,1.0,0.0,1.0,0.0,False,True,False,True,False,True,False,True,1,True
204,0,0,0,3.2816,1,1.0,0.0,1.0,0.0,False,True,False,True,False,True,False,True,1,True
204,0,1,1,-0.4797,0,0.61896905467172,0.9587668937069792,0.61896905467172,0.38103094532827997,True,False,True,False,True,False,True,False,1,False
205,0,0,0,-1.6919,1,0.184169269744307,0.6891134056313891,0.815830730255693,0.184169269744307,True,False,True,False,True,False,False,True,0,False
206,0,0,0,0.9327,1,1.0,0.0,1.0,0.0,False,True,False,True,False,True,False,True,1,True
207,0,0,0,32.4106,1,1.0,0.0,1.0,0.0,False,True,False,True,False,True,False,True,1,True
208,0,0,0,-3.9406,0,0.019436549316516786,0.13826513718099118,0.9805634506834832,0.019436549316516786,True,False,False,True,False,True,False,True,0,True
209,0,0,0,0.0,1,1.0,0.0,1.0,0.0,False,True,False,True,False,True,False,True,1,True
209,0,1,1,-0.0049,1,0.9951119854158298,0.044557669752801274,0.9951119854158298,0.004888014584170208,False,True,False,True,False,True,False,True,1,True
209,0,2,3,20.8581,1,1.0,0.0,1.0,0.0,False,True,False,True,False,True,False,True,1,True
209,0,3,7,40.7126,1,1.0,0.0,1.0,0.0,False,True,False,True,False,True,False,True,1,True
210,0,0,0,6.3741,1,1.0,0.0,1.0,0.0,False,True,False,True,False,True,False,True,1,True
210,0,1,1,36.2744,1,1.0,0.0,1.0,0.0,False,True,False,True,False,True,False,True,1,True
211,0,0,0,2.389,1,1.0,0.0,1.0,0.0,False,True,False,True,False,True,False,True,1,True
211,0,1,1,-60.5147,0,5.23359022907289e-27,4.569147094841098e-25,1.0,5.23359022907289e-27,False,True,False,True,False,True,False,True,0,True
211,0,2,4,-21.2797,0,5.732495380699109e-10,1.8425852563833978e-08,0.9999999994267504,5.732495380699109e-10,False,True,False,True,False,True,False,True,0,True
211,0,3,10,-54.0154,0,3.478642849189723e-24,2.710828092878212e-22,1.0,3.478642849189723e-24,False,True,False,True,False,True,False,True,0,True
211,0,4,22,-31.9355,0,1.3507922901788522e-14,6.418939659699239e-13,0.9999999999999865,1.3507922901788522e-14,False,True,False,True,False,True,False,True,0,True
211,0,5,46,-34.6068,0,9.342384205355747e-16,4.7925147101738464e-14,0.9999999999999991,9.342384205355747e-16,False,True,False,True,False,True,False,True,0,True
212,0,0,0,-77.4589,0,2.2910109013512486e-34,2.560194851594423e-32,1.0,2.2910109013512486e-34,False,True,False,True,False,True,False,True,0,True
212,0,1,2,-0.091,1,0.9130177108992658,0.4263160620359817,0.9130177108992658,0.08698228910073424,True,False,True,False,False,True,False,True,1,True
212,0,2,5,-6.6134,0,0.001342260695978642,0.014741842186099726,0.9986577393040214,0.001342260695978642,False,True,False,True,False,True,False,True,0,True
212,0,3,12,-37.2561,0,6.605129742790479e-17,3.710375107475259e-15,0.9999999999999999,6.605129742790479e-17,False,True,False,True,False,True,False,True,0,True
212,0,4,26,-29.8575,0,1.0790771756955476e-13,4.803840293538601e-12,0.9999999999998921,1.0790771756955476e-13,False,True,False,True,False,True,False,True,0,True
212,0,5,54,-51.7598,0,3.318978778797431e-23,2.478401162304698e-21,1.0,3.318978778797431e-23,False,True,False,True,False,True,False,True,0,True
213,0,0,0,-75.4685,0,1.676667292666989e-33,1.8255223295349683e-31,1.0,1.676667292666989e-33,False,True,False,True,False,True,False,True,0,True
213,0,1,2,-37.877,0,3.549996369812503e-17,1.939894098548662e-15,1.0,3.549996369812503e-17,False,True,False,True,False,True,False,True,0,True
213,0,2,6,0.0128,1,1.0,0.0,1.0,0.0,False,True,False,True,False,True,False,True,1,True
213,0,3,13,-44.1588,0,6.63860505859292e-20,4.229301384802219e-18,1.0,6.63860505859292e-20,False,True,False,True,False,True,False,True,0,True
213,0,4,28,-31.6908,0,1.725283356992731e-14,8.136288667061368e-13,0.9999999999999828,1.725283356992731e-14,False,True,False,True,False,True,False,True,0,True
213,0,5,58,-31.3306,0,2.473394013367178e-14,1.1537046973993984e-12,0.9999999999999752,2.473394013367178e-14,False,True,False,True,False,True,False,True,0,True
213,0,6,118,-0.005,1,0.9950124791926823,0.04531937082497139,0.9950124791926823,0.00498752080731768,False,True,False,True,False,True,False,True,1,True
213,0,7,237,-28.9114,0,2.7793197650282636e-13,1.1993544230839579e-11,0.9999999999997221,2.7793197650282636e-13,False,True,False,True,False,True,False,True,0,True
214,0,0,0,0.2273,1,1.0,0.0,1.0,0.0,False,True,False,True,False,True,False,True,1,True
214,0,1,1,-38.288,0,2.353601200415726e-17,1.3000800593132319e-15,1.0,2.353601200415726e-17,False,True,False,True,False,True,False,True,0,True
214,0,2,4,-42.3286,0,4.1392589196019616e-19,2.5277320606386143e-17,1.0,4.1392589196019616e-19,False,True,False,True,False,True,False,True,0,True
214,0,3,10,-32.0864,0,1.1615917954486673e-14,5.545291712835062e-13,0.9999999999999883,1.1615917954486673e-14,False,True,False,True,False,True,False,True,0,True
214,0,4,22,-40.3403,0,3.022945459814709e-18,1.759316493707025e-16,1.0,3.022945459814709e-18,False,True,False,True,False,True,False,True,0,True
214,0,5,46,-1.8282,0,0.16070257222314005,0.6359876842665478,0.8392974277768599,0.16070257222314005,True,False,True,False,True,False,False,True,0,True
215,0,0,0,-36.0936,0,2.1122663865904872e-16,1.1319348372290943e-14,0.9999999999999998,2.1122663865904872e-16,False,True,False,True,False,True,False,True,0,True
215,0,1,2,-41.1472,0,1.3489569630905742e-18,8.007794521625437e-17,1.0,1.3489569630905742e-18,False,True,False,True,False,True,False,True,0,True
215,0,2,6,-2.1434,0,0.11725549583043479,0.5214200772998209,0.8827445041695652,0.11725549583043479,True,False,True,False,True,False,False,True,0,True
215,0,3,14,-40.6902,0,2.1304466954183524e-18,1.250647835801372e-16,1.0,2.1304466954183524e-18,False,True,False,True,False,True,False,True,0,True
215,0,4,30,-37.2565,0,6.602488219233301e-17,3.708993411448831e-15,0.9999999999999999,6.602488219233301e-17,False,True,False,True,False,True,False,True,0,True
215,0,5,62,-40.6891,0,2.1327914761762846e-18,1.2519904586956531e-16,1.0,2.1327914761762846e-18,False,True,False,True,False,True,False,True,0,True
216,0,0,0,-41.5146,0,9.341966413766903e-19,5.595175307034622e-17,1.0,9.341966413766903e-19,False,True,False,True,False,True,False,True,0,True
216,0,1,2,-55.4266,0,8.482687526183863e-25,6.783069189706113e-23,1.0,8.482687526183863e-25,False,True,False,True,False,True,False,True,0,True
216,0,2,6,-38.6429,0,1.6504476941527745e-17,9.20123272359766e-16,1.0,1.6504476941527745e-17,False,True,False,True,False,True,False,True,0,True
216,0,3,14,0.316,1,1.0,0.0,1.0,0.0,False,True,False,True,False,True,False,True,1,True
217,0,0,0,-34.1893,0,1.418324712096185e-15,7.204071575526563e-14,0.9999999999999986,1.418324712096185e-15,False,True,False,True,False,True,False,True,0,True
217,0,1,2,-8.1453,0,0.0002900956099026072,0.0038274256519347494,0.9997099043900974,0.0002900956099026072,False,True,False,True,False,True,False,True,0,True
217,0,2,6,-25.5943,0,7.665433878910003e-12,2.941032494909625e-10,0.9999999999923346,7.665433878910003e-12,False,True,False,True,False,True,False,True,0,True
217,0,3,14,-47.8779,0,1.6102459847340739e-21,1.1122485728098855e-19,1.0,1.6102459847340739e-21,False,True,False,True,False,True,False,True,0,True
217,0,4,30,-43.3626,0,1.4718450751193592e-19,9.207716779979189e-18,1.0,1.4718450751193592e-19,False,True,False,True,False,True,False,True,0,True
217,0,5,62,-39.3566,0,8.08436277239663e-18,4.590266552495754e-16,1.0,8.08436277239663e-18,False,True,False,True,False,True,False,True,0,True
217,0,6,126,-37.2948,0,6.35439424648731e-17,3.579154611719453e-15,0.9999999999999999,6.35439424648731e-17,False,True,False,True,False,True,False,True,0,True
217,0,7,254,-0.7586,0,0.4683216185347759,0.9971025134956146,0.5316783814652242,0.4683216185347759,True,False,True,False,True,False,True,False,0,True
218,0,0,0,-78.7914,0,6.044073799993991e-35,6.870417275882745e-33,1.0,6.044073799993991e-35,False,True,False,True,False,True,False,True,0,True
218,0,1,2,-58.6417,0,3.4059108852354e-26,2.8814717849297473e-24,1.0,3.4059108852354e-26,False,True,False,True,False,True,False,True,0,True
218,0,2,6,-30.7804,0,4.287875127317489e-14,1.9659312807686076e-12,0.9999999999999571,4.287875127317489e-14,False,True,False,True,False,True,False,True,0,True
218,0,3,14,-82.699,0,1.2141731957034204e-36,1.4486232062628053e-34,1.0,1.2141731957034204e-36,False,True,False,True,False,True,False,True,0,True
218,0,4,30,-38.2201,0,2.518961166207132e-17,1.3889538956326618e-15,1.0,2.518961166207132e-17,False,True,False,True,False,True,False,True,0,True
218,0,5,62,-0.2836,1,0.7530678115934406,0.806379451001063,0.7530678115934406,0.2469321884065594,True,False,True,False,True,False,True,False,1,True
218,0,6,125,-61.6633,0,1.6594687330930527e-27,1.476285573962415e-25,1.0,1.6594687330930527e-27,False,True,False,True,False,True,False,True,0,True
218,0,7,252,-38.0774,0,2.9053288372884913e-17,1.5960155558823836e-15,1.0,2.9053288372884913e-17,False,True,False,True,False,True,False,True,0,True
219,0,0,0,-37.413,0,5.645995771528589e-17,3.2076285712774737e-15,0.9999999999999999,5.645995771528589e-17,False,True,False,True,False,True,False,True,0,True
219,0,1,2,0.3191,1,1.0,0.0,1.0,0.0,False,True,False,True,False,True,False,True,1,True
219,0,2,5,-39.4197,0,7.590000626063339e-18,4.316479328928811e-16,1.0,7.590000626063339e-18,False,True,False,True,False,True,False,True,0,True
219,0,3,12,-4.8215,0,0.00805469602899063,0.06760164036559634,0.9919453039710093,0.00805469602899063,False,True,False,True,False,True,False,True,0,True
220,0,0,0,-56.847,0,2.04956448625476e-25,1.6809069648960088e-23,1.0,2.04956448625476e-25,False,True,False,True,False,True,False,True,0,True
220,0,1,2,1.7806,1,1.0,0.0,1.0,0.0,False,True,False,True,False,True,False,True,1,True
220,0,2,5,1.8284,1,1.0,0.0,1.0,0.0,False,True,False,True,False,True,False,True,1,True
220,0,3,11,-0.2953,0,0.7443082614902409,0.8201753058237257,0.7443082614902409,0.2556917385097591,True,False,True,False,True,False,True,False,1,False
220,0,4,24,-1.2099,0,0.2982271006488665,0.8791129115400107,0.7017728993511335,0.2982271006488665,True,False,True,False,True,False,True,False,0,True
221,0,0,0,-37.9827,0,3.1939122655574087e-17,1.750182570330687e-15,1.0,3.1939122655574087e-17,False,True,False,True,False,True,False,True,0,True
221,0,1,2,-3.0535,0,0.04719345789106075,0.2743531703074028,0.9528065421089392,0.04719345789106075,True,False,False,True,False,True,False,True,0,True
221,0,2,6,-0.0029,1,0.9971042009381119,0.028588564644928836,0.9971042009381119,0.0028957990618880824,False,True,False,True,False,True,False,True,1,True
221,0,3,13,-33.8295,0,2.032519984595259e-15,1.0208154667242608e-13,0.999999999999998,2.032519984595259e-15,False,True,False,True,False,True,False,True,0,True
221,0,4,28,-37.1691,0,7.2055141055186e-17,4.024032880871839e-15,0.9999999999999999,7.2055141055186e-17,False,True,False,True,False,True,False,True,0,True
221,0,5,58,-40.0001,0,4.247929441107109e-18,2.45139282395932e-16,1.0,4.247929441107109e-18,False,True,False,True,False,True,False,True,0,True
222,0,0,0,-81.6843,0,3.349340121527586e-36,3.947047769391238e-34,1.0,3.349340121527586e-36,False,True,False,True,False,True,False,True,0,True
222,0,1,2,-58.422,0,4.242753283618035e-26,3.5760101070496436e-24,1.0,4.242753283618035e-26,False,True,False,True,False,True,False,True,0,True
222,0,2,6,-34.2401,0,1.3480733094962865e-15,6.851421153537662e-14,0.9999999999999987,1.3480733094962865e-15,False,True,False,True,False,True,False,True,0,True
222,0,3,14,0.1901,1,1.0,0.0,1.0,0.0,False,True,False,True,False,True,False,True,1,True
223,0,0,0,-38.3848,0,2.1364521531842107e-17,1.1831150859374096e-15,1.0,2.1364521531842107e-17,False,True,False,True,False,True,False,True,0,True
223,0,1,2,-58.7831,0,2.956814238149754e-26,2.5075584510373577e-24,1.0,2.956814238149754e-26,False,True,False,True,False,True,False,True,0,True
223,0,2,6,-34.3093,0,1.2579411730590883e-15,6.40272768332868e-14,0.9999999999999988,1.2579411730590883e-15,False,True,False,True,False,True,False,True,0,True
223,0,3,14,-43.2665,0,1.6203088300142604e-19,1.0114026856053714e-17,1.0,1.6203088300142604e-19,False,True,False,True,False,True,False,True,0,True
223,0,4,30,-38.9197,0,1.2513795476817916e-17,7.026403330756825e-16,1.0,1.2513795476817916e-17,False,True,False,True,False,True,False,True,0,True
223,0,5,62,-39.6304,0,6.14802980690712e-18,3.515110315572878e-16,1.0,6.14802980690712e-18,False,True,False,True,False,True,False,True,0,True
223,0,6,126,-41.0404,0,1.5010001819835014e-18,8.88723918907266e-17,1.0,1.5010001819835014e-18,False,True,False,True,False,True,False,True,0,True
224,0,0,0,-79.9211,0,1.9530226605894252e-35,2.2518697866323445e-33,1.0,1.9530226605894252e-35,False,True,False,True,False,True,False,True,0,True
224,0,1,2,-37.7332,0,4.0990145079302745e-17,2.231401043941178e-15,1.0,4.0990145079302745e-17,False,True,False,True,False,True,False,True,0,True
224,0,2,6,-2.387,0,0.09190498567535783,0.44279664923008477,0.9080950143246421,0.09190498567535783,True,False,True,False,False,True,False,True,0,True
224,0,3,14,-1.6364,1,0.19467962894356047,0.7111588746752466,0.8053203710564395,0.19467962894356047,True,False,True,False,True,False,False,True,0,False
224,0,4,29,-44.2787,0,5.888503318650286e-20,3.761614837485028e-18,1.0,5.888503318650286e-20,False,True,False,True,False,True,False,True,0,True
224,0,5,60,-1.3576,0,0.2572775025929835,0.8226102343439821,0.7427224974070166,0.2572775025929835,True,False,True,False,True,False,True,False,0,True
224,0,6,122,-42.9703,0,2.1788926017510333e-19,1.3507617341729236e-17,1.0,2.1788926017510333e-19,False,True,False,True,False,True,False,True,0,True
225,0,0,0,-35.8953,0,2.5755458388510217e-16,1.3658056939953465e-14,0.9999999999999998,2.5755458388510217e-16,False,True,False,True,False,True,False,True,0,True
225,0,1,2,-46.8498,0,4.501843379902049e-21,3.04279477569764e-19,1.0,4.501843379902049e-21,False,True,False,True,False,True,False,True,0,True
225,0,2,6,-32.7145,0,6.198308268574591e-15,3.0151144035723326e-13,0.9999999999999938,6.198308268574591e-15,False,True,False,True,False,True,False,True,0,True
225,0,3,14,-57.7151,0,8.603012372894918e-26,7.163323076662601e-24,1.0,8.603012372894918e-26,False,True,False,True,False,True,False,True,0,True
225,0,4,30,-34.6825,0,8.661271081034208e-16,4.4619141091380814e-14,0.9999999999999991,8.661271081034208e-16,False,True,False,True,False,True,False,True,0,True
225,0,5,62,-32.7202,0,6.163078411919983e-15,2.9989937638306174e-13,0.9999999999999938,6.163078411919983e-15,False,True,False,True,False,True,False,True,0,True
226,0,0,0,-56.4554,0,3.0320147266750954e-25,2.4695130991091093e-23,1.0,3.0320147266750954e-25,False,True,False,True,False,True,False,True,0,True
226,0,1,2,-36.156,0,1.9844890746902838e-16,1.0671850814425256e-14,0.9999999999999998,1.9844890746902838e-16,False,True,False,True,False,True,False,True,0,True
226,0,2,6,-1.5192,0,0.21888692646824748,0.758129849045494,0.7811130735317525,0.21888692646824748,True,False,True,False,True,False,True,False,0,True
227,0,0,0,0.0,1,1.0,0.0,1.0,0.0,False,True,False,True,False,True,False,True,1,True
228,0,0,0,0.0,1,1.0,0.0,1.0,0.0,False,True,False,True,False,True,False,True,1,True
228,0,1,1,71.6333,1,1.0,0.0,1.0,0.0,False,True,False,True,False,True,False,True,1,True
228,0,2,3,71.8188,1,1.0,0.0,1.0,0.0,False,True,False,True,False,True,False,True,1,True
229,0,0,0,-1.8313,0,0.1602051656278108,0.6348001501047551,0.8397948343721892,0.1602051656278108,True,False,True,False,True,False,False,True,0,True
229,0,1,2,-3.6217,0,0.026737184621646988,0.17775529091714476,0.973262815378353,0.026737184621646988,True,False,False,True,False,True,False,True,0,True
229,0,2,6,-1.6959,1,0.1834340640569784,0.6875321466874382,0.8165659359430216,0.1834340640569784,True,False,True,False,True,False,False,True,0,False
229,0,3,13,-4.0172,0,0.018003303682685948,0.13007790684044343,0.981996696317314,0.018003303682685948,True,False,False,True,False,True,False,True,0,True
229,0,4,28,16.2273,1,1.0,0.0,1.0,0.0,False,True,False,True,False,True,False,True,1,True
230,0,0,0,-15.6927,0,1.5301957233153437e-07,3.6850900862102695e-06,0.9999998469804277,1.5301957233153437e-07,False,True,False,True,False,True,False,True,0,True
230,0,1,2,-19.7652,0,2.6066499086098995e-09,7.808962971250075e-08,0.9999999973933501,2.6066499086098995e-09,False,True,False,True,False,True,False,True,0,True
230,0,2,6,-10.1845,0,3.7750946867538575e-05,0.0006091415568089464,0.9999622490531325,3.7750946867538575e-05,False,True,False,True,False,True,False,True,0,True
230,0,3,14,-24.4801,0,2.3357569704573297e-11,8.586245417167363e-10,0.9999999999766425,2.3357569704573297e-11,False,True,False,True,False,True,False,True,0,True
230,0,4,30,40.1657,1,1.0,0.0,1.0,0.0,False,True,False,True,False,True,False,True,1,True
231,0,0,0,-16.3857,0,7.652104774765901e-08,1.9193210535702624e-06,0.9999999234789523,7.652104774765901e-08,False,True,False,True,False,True,False,True,0,True
231,0,1,2,-61.4951,0,1.963438967128374e-27,1.7419370519536288e-25,1.0,1.963438967128374e-27,False,True,False,True,False,True,False,True,0,True
231,0,2,6,-1.238,0,0.2899635655294032,0.8686741768737685,0.7100364344705967,0.2899635655294032,True,False,True,False,True,False,True,False,0,True
231,0,3,14,-0.0929,1,0.9112846242022895,0.43216731124635877,0.9112846242022895,0.0887153757977105,True,False,True,False,False,True,False,True,1,True
231,0,4,29,-28.9819,0,2.5901251860421705e-13,1.1203522372127682e-11,0.999999999999741,2.5901251860421705e-13,False,True,False,True,False,True,False,True,0,True
231,0,5,60,-29.0602,0,2.3950550330852967e-13,1.0386759314006203e-11,0.9999999999997605,2.3950550330852967e-13,False,True,False,True,False,True,False,True,0,True
232,0,0,0,-25.4687,0,8.691287750504278e-12,3.318877674311062e-10,0.9999999999913087,8.691287750504278e-12,False,True,False,True,False,True,False,True,0,True
232,0,1,2,-30.5611,0,5.3392826135557166e-14,2.4311506611547254e-12,0.9999999999999466,5.3392826135557166e-14,False,True,False,True,False,True,False,True,0,True
232,0,2,6,-62.004,0,1.1803340726679002e-27,1.055842624687286e-25,1.0,1.1803340726679002e-27,False,True,False,True,False,True,False,True,0,True
232,0,3,14,-27.5938,0,1.0379224966634512e-12,4.2816553434118474e-11,0.999999999998962,1.0379224966634512e-12,False,True,False,True,False,True,False,True,0,True
232,0,4,30,-60.379,0,5.994231024868962e-27,5.221483765658378e-25,1.0,5.994231024868962e-27,False,True,False,True,False,True,False,True,0,True
232,0,5,62,0.0,1,1.0,0.0,1.0,0.0,False,True,False,True,False,True,False,True,1,True
232,0,6,125,0.313,1,1.0,0.0,1.0,0.0,False,True,False,True,False,True,False,True,1,True
232,0,7,251,-20.778,0,9.467367921217172e-10,2.9745535211826272e-08,0.9999999990532632,9.467367921217172e-10,False,True,False,True,False,True,False,True,0,True
233,0,0,0,-0.0617,0,0.9401648939560859,0.3267900037064081,0.9401648939560859,0.059835106043914066,True,False,True,False,False,True,False,True,1,False
233,0,1,2,-28.1476,0,5.965579548020305e-13,2.5085866331692843e-11,0.9999999999994035,5.965579548020305e-13,False,True,False,True,False,True,False,True,0,True
233,0,2,6,-32.613,0,6.860473035074485e-15,3.327200864602163e-13,0.9999999999999931,6.860473035074485e-15,False,True,False,True,False,True,False,True,0,True
233,0,3,14,-0.3037,1,0.738082257917586,0.8296265047707474,0.738082257917586,0.26191774208241403,True,False,True,False,True,False,True,False,1,True
233,0,4,29,-26.6252,0,2.7341514066238774e-12,1.0896888336668424e-10,0.9999999999972659,2.7341514066238774e-12,False,True,False,True,False,True,False,True,0,True
233,0,5,60,-26.9482,0,1.979454132278945e-12,7.981298060448114e-11,0.9999999999980206,1.979454132278945e-12,False,True,False,True,False,True,False,True,0,True
234,0,0,0,0.3492,1,1.0,0.0,1.0,0.0,False,True,False,True,False,True,False,True,1,True
235,0,0,0,0.0,1,1.0,0.0,1.0,0.0,False,True,False,True,False,True,False,True,1,True
235,0,1,1,-30.6092,0,5.088541778114061e-14,2.320445339148603e-12,0.9999999999999492,5.088541778114061e-14,False,True,False,True,False,True,False,True,0,True
235,0,2,4,-28.2429,0,5.423309342510819e-13,2.2880194474249272e-11,0.9999999999994577,5.423309342510819e-13,False,True,False,True,False,True,False,True,0,True
235,0,3,10,-54.3517,0,2.4851728932008508e-24,1.9486968327602273e-22,1.0,2.4851728932008508e-24,False,True,False,True,False,True,False,True,0,True
235,0,4,22,-30.1046,0,8.428268065017747e-14,3.782114951910504e-12,0.9999999999999157,8.428268065017747e-14,False,True,False,True,False,True,False,True,0,True
236,0,0,0,-30.4082,0,6.221377230380174e-14,2.8189991608549655e-12,0.9999999999999378,6.221377230380174e-14,False,True,False,True,False,True,False,True,0,True
236,0,1,2,-0.2654,1,0.7668991289641586,0.7833777760997227,0.7668991289641586,0.23310087103584143,True,False,True,False,True,False,True,False,1,True
236,0,2,5,-16.3637,0,7.822316544120993e-08,1.959531269481885e-06,0.9999999217768346,7.822316544120993e-08,False,True,False,True,False,True,False,True,0,True
237,0,0,0,-64.7977,0,7.222980626196415e-29,6.752282124901622e-27,1.0,7.222980626196415e-29,False,True,False,True,False,True,False,True,0,True
237,0,1,2,-37.5511,0,4.917727732818116e-17,2.6641684630188854e-15,1.0,4.917727732818116e-17,False,True,False,True,False,True,False,True,0,True
237,0,2,6,-58.4621,0,4.07598492895554e-26,3.437807224759874e-24,1.0,4.07598492895554e-26,False,True,False,True,False,True,False,True,0,True
237,0,3,14,0.2474,1,1.0,0.0,1.0,0.0,False,True,False,True,False,True,False,True,1,True
238,0,0,0,-0.2462,1,0.7817658561178942,0.7569299682705043,0.7817658561178942,0.21823414388210582,True,False,True,False,True,False,True,False,1,True
238,0,1,1,-49.2234,0,4.193233043689793e-22,2.9777974027971925e-20,1.0,4.193233043689793e-22,False,True,False,True,False,True,False,True,0,True
239,0,0,0,-30.4042,0,6.246312576747317e-14,2.8300582903058544e-12,0.9999999999999375,6.246312576747317e-14,False,True,False,True,False,True,False,True,0,True
239,0,1,2,-30.3665,0,6.48629378374168e-14,2.935159347881204e-12,0.9999999999999352,6.48629378374168e-14,False,True,False,True,False,True,False,True,0,True
239,0,2,6,-0.0938,1,0.9104648370000841,0.43491634569264237,0.9104648370000841,0.08953516299991593,True,False,True,False,False,True,False,True,1,True
239,0,3,13,-1.5328,0,0.21593021547566055,0.7526662588453243,0.7840697845243394,0.21593021547566055,True,False,True,False,True,False,True,False,0,True
239,0,4,28,-60.3117,0,6.4115272997262935e-27,5.578759055623978e-25,1.0,6.4115272997262935e-27,False,True,False,True,False,True,False,True,0,True
239,0,5,58,-52.4858,0,1.605856306910289e-23,1.215970508386752e-21,1.0,1.605856306910289e-23,False,True,False,True,False,True,False,True,0,True
240,0,0,0,-83.7901,0,4.0777625393765615e-37,4.929344597125818e-35,1.0,4.0777625393765615e-37,False,True,False,True,False,True,False,True,0,True
240,0,1,2,-51.9236,0,2.8175202069887755e-23,2.1106021393814256e-21,1.0,2.8175202069887755e-23,False,True,False,True,False,True,False,True,0,True
240,0,2,6,-33.5076,0,2.8043629332562655e-15,1.3957068815570825e-13,0.9999999999999972,2.8043629332562655e-15,False,True,False,True,False,True,False,True,0,True
240,0,3,14,-30.5764,0,5.258213350880254e-14,2.395446400062483e-12,0.9999999999999474,5.258213350880254e-14,False,True,False,True,False,True,False,True,0,True
240,0,4,30,-30.3189,0,6.802507552421152e-14,3.0736648629219732e-12,0.9999999999999319,6.802507552421152e-14,False,True,False,True,False,True,False,True,0,True
240,0,5,62,-41.459,0,9.876090814226767e-19,5.90715594826858e-17,1.0,9.876090814226767e-19,False,True,False,True,False,True,False,True,0,True
240,0,6,126,-1.688,1,0.18488893232617234,0.6906562081326348,0.8151110676738277,0.18488893232617234,True,False,True,False,True,False,False,True,0,False
240,0,7,253,-30.7654,0,4.3526780611807743e-14,1.994727234817398e-12,0.9999999999999565,4.3526780611807743e-14,False,True,False,True,False,True,False,True,0,True
241,0,0,0,-55.7193,0,6.330171473762222e-25,5.0885689690473426e-23,1.0,6.330171473762222e-25,False,True,False,True,False,True,False,True,0,True
241,0,1,2,2.1656,1,1.0,0.0,1.0,0.0,False,True,False,True,False,True,False,True,1,True
241,0,2,5,-137.2961,0,2.3608118866488423e-60,4.6762112573073715e-58,1.0,2.3608118866488423e-60,False,True,False,True,False,True,False,True,0,True
241,0,3,12,-28.7786,0,3.1740431248544887e-13,1.3636158055780475e-11,0.9999999999996826,3.1740431248544887e-13,False,True,False,True,False,True,False,True,0,True
241,0,4,26,-26.3947,0,3.442924019241342e-12,1.3607190778174379e-10,0.9999999999965571,3.442924019241342e-12,False,True,False,True,False,True,False,True,0,True
241,0,5,54,-28.3935,0,4.665085718405154e-13,1.9782705944823757e-11,0.9999999999995335,4.665085718405154e-13,False,True,False,True,False,True,False,True,0,True
242,0,0,0,-0.0355,1,0.9651227342300005,0.21829010863049444,0.9651227342300005,0.0348772657699995,True,False,False,True,False,True,False,True,1,True
242,0,1,1,-49.5985,0,2.8816759323979217e-22,2.0619979095576457e-20,1.0,2.8816759323979217e-22,False,True,False,True,False,True,False,True,0,True
242,0,2,4,-67.0776,0,7.388707268506526e-30,7.150238283788432e-28,1.0,7.388707268506526e-30,False,True,False,True,False,True,False,True,0,True
242,0,3,10,0.5927,1,1.0,0.0,1.0,0.0,False,True,False,True,False,True,False,True,1,True
242,0,4,21,-58.4392,0,4.1704019324529963e-26,3.516063535223888e-24,1.0,4.1704019324529963e-26,False,True,False,True,False,True,False,True,0,True
242,0,5,44,-64.1816,0,1.3374737906673232e-28,1.2384268485915033e-26,1.0,1.3374737906673232e-28,False,True,False,True,False,True,False,True,0,True
243,0,0,0,-1.202,0,0.30059242547541,0.8820138705241733,0.69940757452459,0.30059242547541,True,False,True,False,True,False,True,False,0,True
243,0,1,2,0.573,1,1.0,0.0,1.0,0.0,False,True,False,True,False,True,False,True,1,True
244,0,0,0,-30.6185,0,5.0414377129825235e-14,2.299680033582247e-12,0.9999999999999496,5.0414377129825235e-14,False,True,False,True,False,True,False,True,0,True
244,0,1,2,-53.456,0,6.0863114917778296e-24,4.693806398255104e-22,1.0,6.0863114917778296e-24,False,True,False,True,False,True,False,True,0,True
244,0,2,6,-53.4355,0,6.212368547589153e-24,4.789185166367293e-22,1.0,6.212368547589153e-24,False,True,False,True,False,True,False,True,0,True
244,0,3,14,-28.3518,0,4.863732799893935e-13,2.0595837460031082e-11,0.9999999999995136,4.863732799893935e-13,False,True,False,True,False,True,False,True,0,True
244,0,4,30,-1.6522,0,0.19162786324193015,0.7048644300601549,0.8083721367580698,0.19162786324193015,True,False,True,False,True,False,False,True,0,True
244,0,5,62,-30.6111,0,5.078882727739269e-14,2.3161589744900087e-12,0.9999999999999493,5.078882727739269e-14,False,True,False,True,False,True,False,True,0,True
244,0,6,126,-63.2675,0,3.336367378334858e-28,3.045292962719417e-26,1.0,3.336367378334858e-28,False,True,False,True,False,True,False,True,0,True
245,0,0,0,-59.0506,0,2.2628213459038912e-26,1.9277429370842894e-24,1.0,2.2628213459038912e-26,False,True,False,True,False,True,False,True,0,True
245,0,1,2,-0.1978,1,0.8205339435169495,0.6789075820820429,0.8205339435169495,0.17946605648305047,True,False,True,False,True,False,False,True,1,True
245,0,2,5,-99.1944,0,8.325674817478835e-44,1.1914645854113805e-41,1.0,8.325674817478835e-44,False,True,False,True,False,True,False,True,0,True
245,0,3,12,-32.4269,0,8.263732772124083e-15,3.984476808915354e-13,0.9999999999999918,8.263732772124083e-15,False,True,False,True,False,True,False,True,0,True
246,0,0,0,-0.0888,1,0.9150285609872982,0.41945857483871857,0.9150285609872982,0.08497143901270177,True,False,True,False,False,True,False,True,1,True
246,0,1,1,-32.2401,0,9.960989309339163e-15,4.777272532309095e-13,0.99999999999999,9.960989309339163e-15,False,True,False,True,False,True,False,True,0,True
246,0,2,4,-0.3368,1,0.7140516359498293,0.8634298096566411,0.7140516359498293,0.28594836405017066,True,False,True,False,True,False,True,False,1,True
246,0,3,9,-19.7057,0,2.7664525648644684e-09,8.26395005586911e-08,0.9999999972335475,2.7664525648644684e-09,False,True,False,True,False,True,False,True,0,True
246,0,4,20,-63.5766,0,2.4492518334863735e-28,2.2464940850085894e-26,1.0,2.4492518334863735e-28,False,True,False,True,False,True,False,True,0,True
246,0,5,42,-0.1763,1,0.8383664356761086,0.638203275818806,0.8383664356761086,0.16163356432389142,True,False,True,False,True,False,False,True,1,True
247,0,0,0,-18.9902,0,5.6579737699520795e-09,1.631746191839774e-07,0.9999999943420262,5.6579737699520795e-09,False,True,False,True,False,True,False,True,0,True
247,0,1,2,-31.3172,0,2.506760549666394e-14,1.1687824432355015e-12,0.9999999999999749,2.506760549666394e-14,False,True,False,True,False,True,False,True,0,True
247,0,2,6,-28.4185,0,4.549904341622353e-13,1.931063910253212e-11,0.999999999999545,4.549904341622353e-13,False,True,False,True,False,True,False,True,0,True
247,0,3,14,-17.4818,0,2.5571177465349136e-08,6.81819677912855e-07,0.9999999744288225,2.5571177465349136e-08,False,True,False,True,False,True,False,True,0,True
247,0,4,30,-64.7323,0,7.7111528025088e-29,7.201366038228753e-27,1.0,7.7111528025088e-29,False,True,False,True,False,True,False,True,0,True
247,0,5,62,-29.8419,0,1.096042767189252e-13,4.876855843542808e-12,0.9999999999998904,1.096042767189252e-13,False,True,False,True,False,True,False,True,0,True
248,0,0,0,-0.0049,1,0.9951119854158298,0.044557669752801274,0.9951119854158298,0.004888014584170208,False,True,False,True,False,True,False,True,1,True
248,0,1,1,-4.3328,0,0.01313072992575173,0.10089771790688191,0.9868692700742483,0.01313072992575173,True,False,False,True,False,True,False,True,0,True
248,0,2,4,-0.4046,1,0.6672436549480778,0.9177177647960159,0.6672436549480778,0.3327563450519222,True,False,True,False,True,False,True,False,1,True
248,0,3,9,0.2012,1,1.0,0.0,1.0,0.0,False,True,False,True,False,True,False,True,1,True
249,0,0,0,-0.2012,1,0.8177488654247068,0.6849770022648555,0.8177488654247068,0.18225113457529318,True,False,True,False,True,False,False,True,1,True
250,0,0,0,0.0,1,1.0,0.0,1.0,0.0,False,True,False,True,False,True,False,True,1,True
250,0,1,1,1.9861,1,1.0,0.0,1.0,0.0,False,True,False,True,False,True,False,True,1,True
251,0,0,0,-0.1725,1,0.8415582888117733,0.6305685658363187,0.8415582888117733,0.1584417111882267,True,False,True,False,True,False,False,True,1,True
251,0,1,1,1.6559,1,1.0,0.0,1.0,0.0,False,True,False,True,False,True,False,True,1,True
252,0,0,0,-3.642,0,0.02619989174745889,0.17496088336993662,0.9738001082525412,0.02619989174745889,True,False,False,True,False,True,False,True,0,True
252,0,1,2,0.0034,1,1.0,0.0,1.0,0.0,False,True,False,True,False,True,False,True,1,True
252,0,2,5,-6.126,0,0.0021853047204457698,0.02246289439670497,0.9978146952795542,0.0021853047204457698,False,True,False,True,False,True,False,True,0,True
252,0,3,12,-1.7896,0,0.16702696709350218,0.6508583394925594,0.8329730329064978,0.16702696709350218,True,False,True,False,True,False,False,True,0,True
252,0,4,26,-0.7631,1,0.466218905903117,0.9967047919775881,0.533781094096883,0.466218905903117,True,False,True,False,True,False,True,False,0,False
252,0,5,53,-22.9,0,1.1341130933749783e-10,3.910468570325172e-09,0.9999999998865887,1.1341130933749783e-10,False,True,False,True,False,True,False,True,0,True
252,0,6,108,-4.0588,0,0.017269730362547663,0.1258233845415222,0.9827302696374524,0.017269730362547663,True,False,False,True,False,True,False,True,0,True
253,0,0,0,-0.8622,1,0.42223214903833023,0.9824785785527023,0.5777678509616697,0.42223214903833023,True,False,True,False,True,False,True,False,0,False
253,0,1,1,-1.3674,0,0.25476849727400896,0.8187489010268524,0.745231502725991,0.25476849727400896,True,False,True,False,True,False,True,False,0,True
254,0,0,0,-2.0167,1,0.1330939512190893,0.5658627116875135,0.8669060487809107,0.1330939512190893,True,False,True,False,True,False,False,True,0,False
254,0,1,1,0.0413,1,1.0,0.0,1.0,0.0,False,True,False,True,False,True,False,True,1,True
254,0,2,3,-1.6812,0,0.18615046140376582,0.6933487023560924,0.8138495385962342,0.18615046140376582,True,False,True,False,True,False,False,True,0,True
255,0,0,0,0.7527,1,1.0,0.0,1.0,0.0,False,True,False,True,False,True,False,True,1,True
255,0,1,1,-4.8269,0,0.008011317896799807,0.06730023999666268,0.9919886821032002,0.008011317896799807,False,True,False,True,False,True,False,True,0,True
256,0,0,0,-5.5351,0,0.003945814034854416,0.037190505910851906,0.9960541859651456,0.003945814034854416,False,True,False,True,False,True,False,True,0,True
256,0,1,2,2.3815,1,1.0,0.0,1.0,0.0,False,True,False,True,False,True,False,True,1,True
257,0,0,0,-1.6333,0,0.195284072196269,0.7123953733652801,0.804715927803731,0.195284072196269,True,False,True,False,True,False,False,True,0,True
257,0,1,2,-1.9896,1,0.13675011455279432,0.5756639615784833,0.8632498854472057,0.13675011455279432,True,False,True,False,True,False,False,True,0,False
258,0,0,0,-24.2735,0,2.871791419236287e-11,1.0471112448224297e-09,0.9999999999712821,2.871791419236287e-11,False,True,False,True,False,True,False,True,0,True
258,0,1,2,0.0365,1,1.0,0.0,1.0,0.0,False,True,False,True,False,True,False,True,1,True
258,0,2,5,-16.2597,0,8.679645995850366e-08,2.1612738219876364e-06,0.9999999132035401,8.679645995850366e-08,False,True,False,True,False,True,False,True,0,True
258,0,3,12,0.918,1,1.0,0.0,1.0,0.0,False,True,False,True,False,True,False,True,1,True
259,0,0,0,0.1296,1,1.0,0.0,1.0,0.0,False,True,False,True,False,True,False,True,1,True
259,0,1,1,-1.7199,0,0.17908405542164496,0.6780691950724692,0.820915944578355,0.17908405542164496,True,False,True,False,True,False,False,True,0,True
259,0,2,4,-5.7796,0,0.003089951141530246,0.030215594209763292,0.9969100488584698,0.003089951141530246,False,True,False,True,False,True,False,True,0,True
259,0,3,10,-4.5933,0,0.010119409162291074,0.08158370695955973,0.989880590837709,0.010119409162291074,True,False,False,True,False,True,False,True,0,True
260,0,0,0,-3.3435,0,0.03531314516793391,0.22037406982872704,0.9646868548320661,0.03531314516793391,True,False,False,True,False,True,False,True,0,True
260,0,1,2,0.0,1,1.0,0.0,1.0,0.0,False,True,False,True,False,True,False,True,1,True
260,0,2,5,-22.7052,0,1.3780244698441654e-10,4.7127574734573725e-09,0.9999999998621976,1.3780244698441654e-10,False,True,False,True,False,True,False,True,0,True
260,0,3,12,0.5619,1,1.0,0.0,1.0,0.0,False,True,False,True,False,True,False,True,1,True
260,0,4,25,-0.3923,1,0.6755014331300826,0.9092065604899761,0.6755014331300826,0.3244985668699174,True,False,True,False,True,False,True,False,1,True
261,0,0,0,-2.2579,0,0.1045698510267185,0.48331651290589633,0.8954301489732815,0.1045698510267185,True,False,True,False,True,False,False,True,0,True
261,0,1,2,-2.086,0,0.12418287517846102,0.54126607200414,0.875817124821539,0.12418287517846102,True,False,True,False,True,False,False,True,0,True
261,0,2,6,-2.5299,0,0.07966698658623499,0.40100470852529435,0.920333013413765,0.07966698658623499,True,False,True,False,False,True,False,True,0,True
261,0,3,14,-2.6775,0,0.06873477647818187,0.3611842473775522,0.9312652235218182,0.06873477647818187,True,False,True,False,False,True,False,True,0,True
261,0,4,30,-25.5637,0,7.90362184598385e-12,3.028929358185468e-10,0.9999999999920964,7.90362184598385e-12,False,True,False,True,False,True,False,True,0,True
261,0,5,62,-2.7517,0,0.06381927616609159,0.3424230463398497,0.9361807238339084,0.06381927616609159,True,False,True,False,False,True,False,True,0,True
261,0,6,126,0.0,1,1.0,0.0,1.0,0.0,False,True,False,True,False,True,False,True,1,True
262,0,0,0,-24.019,0,3.7040841045365573e-11,1.3369812384998697e-09,0.9999999999629592,3.7040841045365573e-11,False,True,False,True,False,True,False,True,0,True
262,0,1,2,1.6385,1,1.0,0.0,1.0,0.0,False,True,False,True,False,True,False,True,1,True
263,0,0,0,-0.0069,1,0.9931237503428162,0.05928623945258149,0.9931237503428162,0.006876249657183808,False,True,False,True,False,True,False,True,1,True
263,0,1,1,-2.8798,0,0.05614599090947066,0.31195203485881257,0.9438540090905293,0.05614599090947066,True,False,True,False,False,True,False,True,0,True
263,0,2,4,-7.6988,0,0.00045337090167228613,0.005689527595220027,0.9995466290983277,0.00045337090167228613,False,True,False,True,False,True,False,True,0,True
264,0,0,0,-0.0806,1,0.9225626427065189,0.39308455805240605,0.9225626427065189,0.07743735729348111,True,False,True,False,False,True,False,True,1,True
264,0,1,1,0.3007,1,1.0,0.0,1.0,0.0,False,True,False,True,False,True,False,True,1,True
265,0,0,0,0.0,1,1.0,0.0,1.0,0.0,False,True,False,True,False,True,False,True,1,True
265,0,1,1,-5.9204,0,0.002684126311670414,0.02679318729673017,0.9973158736883296,0.002684126311670414,False,True,False,True,False,True,False,True,0,True
265,0,2,4,0.0029,1,1.0,0.0,1.0,0.0,False,True,False,True,False,True,False,True,1,True
265,0,3,9,-0.2382,1,0.7880450663185546,0.7452029442653971,0.7880450663185546,0.21195493368144536,True,False,True,False,True,False,True,False,1,True
265,0,4,19,-6.813,0,0.0010993897784174807,0.012391203526657624,0.9989006102215825,0.0010993897784174807,False,True,False,True,False,True,False,True,0,True
265,0,5,40,-29.3362,0,1.81739872898991e-13,7.954011677601705e-12,0.9999999999998183,1.81739872898991e-13,False,True,False,True,False,True,False,True,0,True
266,0,0,0,-4.4938,0,0.011178086273641833,0.08850567843535664,0.9888219137263582,0.011178086273641833,True,False,False,True,False,True,False,True,0,True
266,0,1,2,0.0,1,1.0,0.0,1.0,0.0,False,True,False,True,False,True,False,True,1,True
266,0,2,5,-60.8608,0,3.702460174937235e-27,3.250892372277817e-25,1.0,3.702460174937235e-27,False,True,False,True,False,True,False,True,0,True
266,0,3,12,-4.8419,0,0.007892044912093188,0.06646973980085295,0.9921079550879068,0.007892044912093188,False,True,False,True,False,True,False,True,0,True
266,0,4,26,-4.4843,0,0.011284784105487295,0.08919494900101836,0.9887152158945127,0.011284784105487295,True,False,False,True,False,True,False,True,0,True
266,0,5,54,-5.3975,0,0.00452788652105393,0.04177595818849018,0.995472113478946,0.00452788652105393,False,True,False,True,False,True,False,True,0,True
267,0,0,0,-2.3989,0,0.09081779794252241,0.4391936454838416,0.9091822020574776,0.09081779794252241,True,False,True,False,False,True,False,True,0,True
267,0,1,2,-91.2725,0,2.2953921944996096e-40,3.0225353279691646e-38,1.0,2.2953921944996096e-40,False,True,False,True,False,True,False,True,0,True
267,0,2,6,0.8093,1,1.0,0.0,1.0,0.0,False,True,False,True,False,True,False,True,1,True
268,0,0,0,1.8062,1,1.0,0.0,1.0,0.0,False,True,False,True,False,True,False,True,1,True
268,0,1,1,-6.3107,0,0.0018167610612570564,0.0191591975734672,0.998183238938743,0.0018167610612570564,False,True,False,True,False,True,False,True,0,True
269,0,0,0,-4.5317,0,0.010762364492672523,0.08580580026496651,0.9892376355073275,0.010762364492672523,True,False,False,True,False,True,False,True,0,True
269,0,1,2,-4.1046,0,0.01649661616527481,0.12128997361938493,0.9835033838347252,0.01649661616527481,True,False,False,True,False,True,False,True,0,True
269,0,2,6,-2.3144,0,0.09882546149400204,0.4652612989229452,0.9011745385059979,0.09882546149400204,True,False,True,False,False,True,False,True,0,True
269,0,3,14,0.5398,1,1.0,0.0,1.0,0.0,False,True,False,True,False,True,False,True,1,True
269,0,4,29,-22.3494,0,1.9668847185577893e-10,6.625660328697317e-09,0.9999999998033116,1.9668847185577893e-10,False,True,False,True,False,True,False,True,0,True
270,0,0,0,-0.0658,1,0.9363181091883427,0.34189048812310097,0.9363181091883427,0.06368189081165732,True,False,True,False,False,True,False,True,1,True
270,0,1,1,-0.4407,1,0.6435857533404954,0.9396664307954078,0.6435857533404954,0.3564142466595046,True,False,True,False,True,False,True,False,1,True
270,0,2,3,-1.6052,0,0.2008493810167733,0.7236236077738071,0.7991506189832267,0.2008493810167733,True,False,True,False,True,False,True,False,0,True
270,0,3,8,-7.3432,0,0.0006469768788739394,0.007787160234526235,0.9993530231211261,0.0006469768788739394,False,True,False,True,False,True,False,True,0,True
270,0,4,18,-10.3835,0,3.093878447850818e-05,0.0005081044608987851,0.9999690612155215,3.093878447850818e-05,False,True,False,True,False,True,False,True,0,True
271,0,0,0,-2.9117,0,0.054383199801254306,0.304732446583663,0.9456168001987457,0.054383199801254306,True,False,True,False,False,True,False,True,0,True
271,0,1,2,-4.3296,0,0.01317281556262005,0.10115989036731125,0.9868271844373799,0.01317281556262005,True,False,False,True,False,True,False,True,0,True
271,0,2,6,0.0,1,1.0,0.0,1.0,0.0,False,True,False,True,False,True,False,True,1,True
271,0,3,13,0.0,1,1.0,0.0,1.0,0.0,False,True,False,True,False,True,False,True,1,True
271,0,4,27,-4.7018,0,0.009078920328425033,0.07462318348607662,0.990921079671575,0.009078920328425033,False,True,False,True,False,True,False,True,0,True
272,0,0,0,-7.1528,0,0.0007826695356809129,0.00920532031827026,0.999217330464319,0.0007826695356809129,False,True,False,True,False,True,False,True,0,True
272,0,1,2,-6.1328,0,0.002170495058264677,0.022331981367386844,0.9978295049417353,0.002170495058264677,False,True,False,True,False,True,False,True,0,True
272,0,2,6,0.9447,1,1.0,0.0,1.0,0.0,False,True,False,True,False,True,False,True,1,True
273,0,0,0,-25.3518,0,9.769068473678855e-12,3.713966554134776e-10,0.9999999999902309,9.769068473678855e-12,False,True,False,True,False,True,False,True,0,True
273,0,1,2,-1.7484,0,0.1740522043092906,0.6668910842416929,0.8259477956907094,0.1740522043092906,True,False,True,False,True,False,False,True,0,True
273,0,2,6,-26.4382,0,3.296367537283382e-12,1.3048655457784493e-10,0.9999999999967036,3.296367537283382e-12,False,True,False,True,False,True,False,True,0,True
273,0,3,14,-0.7121,0,0.4906128279632979,0.9997457273759838,0.509387172036702,0.4906128279632979,True,False,True,False,True,False,True,False,0,True
273,0,4,30,-21.1607,0,6.456910353546415e-10,2.064347334752102e-08,0.9999999993543089,6.456910353546415e-10,False,True,False,True,False,True,False,True,0,True
273,0,5,62,-0.0904,1,0.9135656859018669,0.4244546807830179,0.9135656859018669,0.08643431409813307,True,False,True,False,False,True,False,True,1,True
274,0,0,0,-1.5761,0,0.20677996956686417,0.7352825156906396,0.7932200304331358,0.20677996956686417,True,False,True,False,True,False,True,False,0,True
274,0,1,2,-8.28,0,0.0002535372000347304,0.003394362898726828,0.9997464627999653,0.0002535372000347304,False,True,False,True,False,True,False,True,0,True
274,0,2,6,-30.0537,0,8.86837255394719e-14,3.973154589893048e-12,0.9999999999999113,8.86837255394719e-14,False,True,False,True,False,True,False,True,0,True
274,0,3,14,-4.3333,0,0.013124166201856564,0.100856811431351,0.9868758337981435,0.013124166201856564,True,False,False,True,False,True,False,True,0,True
274,0,4,30,0.0,1,1.0,0.0,1.0,0.0,False,True,False,True,False,True,False,True,1,True
275,0,0,0,-4.7683,0,0.008494809067321486,0.07064073117920469,0.9915051909326785,0.008494809067321486,False,True,False,True,False,True,False,True,0,True
275,0,1,2,0.0,1,1.0,0.0,1.0,0.0,False,True,False,True,False,True,False,True,1,True
275,0,2,5,38.6065,1,1.0,0.0,1.0,0.0,False,True,False,True,False,True,False,True,1,True
276,0,0,0,-1.0342,0,0.3555106757324521,0.9388934982044448,0.6444893242675479,0.3555106757324521,True,False,True,False,True,False,True,False,0,True
276,0,1,2,36.9593,1,1.0,0.0,1.0,0.0,False,True,False,True,False,True,False,True,1,True
277,0,0,0,-47.4492,0,2.4721468739900567e-21,1.692301357390928e-19,1.0,2.4721468739900567e-21,False,True,False,True,False,True,False,True,0,True
277,0,1,2,0.0004,1,1.0,0.0,1.0,0.0,False,True,False,True,False,True,False,True,1,True
278,0,0,0,-73.2617,0,1.523519282095363e-32,1.6102729076805793e-30,1.0,1.523519282095363e-32,False,True,False,True,False,True,False,True,0,True
278,0,1,2,-73.4662,0,1.2417516152745895e-32,1.3161241230814831e-30,1.0,1.2417516152745895e-32,False,True,False,True,False,True,False,True,0,True
278,0,2,6,-0.0034,1,0.9966057734548976,0.03273034082227197,0.9966057734548976,0.0033942265451023523,False,True,False,True,False,True,False,True,1,True
278,0,3,13,-38.5806,0,1.7565410818098616e-17,9.776914739251794e-16,1.0,1.7565410818098616e-17,False,True,False,True,False,True,False,True,0,True
278,0,4,28,-9.2563,0,9.550805199003864e-05,0.0014131986684196931,0.99990449194801,9.550805199003864e-05,False,True,False,True,False,True,False,True,0,True
279,0,0,0,0.0001,1,1.0,0.0,1.0,0.0,False,True,False,True,False,True,False,True,1,True
279,0,1,1,0.3725,1,1.0,0.0,1.0,0.0,False,True,False,True,False,True,False,True,1,True
279,0,2,3,-37.1605,0,7.267748752234547e-17,4.056503663861424e-15,0.9999999999999999,7.267748752234547e-17,False,True,False,True,False,True,False,True,0,True
279,0,3,8,0.0119,1,1.0,0.0,1.0,0.0,False,True,False,True,False,True,False,True,1,True
279,0,4,17,-64.9472,0,6.219986254289412e-29,5.828065129374767e-27,1.0,6.219986254289412e-29,False,True,False,True,False,True,False,True,0,True
279,0,5,36,-35.6658,0,3.2399616324727787e-16,1.7151695339694375e-14,0.9999999999999997,3.2399616324727787e-16,False,True,False,True,False,True,False,True,0,True
280,0,0,0,-0.3725,1,0.6890096515578809,0.8943133398190805,0.6890096515578809,0.31099034844211915,True,False,True,False,True,False,True,False,1,True
280,0,1,1,-2.0725,0,0.12587071125294047,0.5460038485818713,0.8741292887470595,0.12587071125294047,True,False,True,False,True,False,False,True,0,True
280,0,2,4,-17.9465,0,1.6066973616163376e-08,4.391750035943528e-07,0.9999999839330264,1.6066973616163376e-08,False,True,False,True,False,True,False,True,0,True
280,0,3,10,-44.7992,0,3.4990862391500195e-20,2.261514850544398e-18,1.0,3.4990862391500195e-20,False,True,False,True,False,True,False,True,0,True
281,0,0,0,-39.1192,0,1.0250553190088392e-17,5.785112478272957e-16,1.0,1.0250553190088392e-17,False,True,False,True,False,True,False,True,0,True
281,0,1,2,0.3725,1,1.0,0.0,1.0,0.0,False,True,False,True,False,True,False,True,1,True
281,0,2,5,0.6127,1,1.0,0.0,1.0,0.0,False,True,False,True,False,True,False,True,1,True
282,0,0,0,-36.5082,0,1.395372616076366e-16,7.509626674787099e-15,0.9999999999999999,1.395372616076366e-16,False,True,False,True,False,True,False,True,0,True
282,0,1,2,-0.2431,1,0.7841930905414062,0.7524367934543196,0.7841930905414062,0.21580690945859382,True,False,True,False,True,False,True,False,1,True
282,0,2,5,-0.6167,1,0.5397225865708777,0.9954423881550984,0.5397225865708777,0.4602774134291223,True,False,True,False,True,False,True,False,1,True
282,0,3,11,-0.2491,1,0.7795020192851319,0.761075759227802,0.7795020192851319,0.22049798071486815,True,False,True,False,True,False,True,False,1,True
282,0,4,23,-1.5983,0,0.2022400339811047,0.7263856036661774,0.7977599660188953,0.2022400339811047,True,False,True,False,True,False,True,False,0,True
282,0,5,48,-1.9431,1,0.14325915731790928,0.5927110195528863,0.8567408426820907,0.14325915731790928,True,False,True,False,True,False,False,True,0,False
283,0,0,0,-71.5889,0,8.115882755860176e-32,8.382160893327783e-30,1.0,8.115882755860176e-32,False,True,False,True,False,True,False,True,0,True
283,0,1,2,-0.3696,1,0.6910106796357246,0.8920033555866211,0.6910106796357246,0.3089893203642754,True,False,True,False,True,False,True,False,1,True
283,0,2,5,0.0893,1,1.0,0.0,1.0,0.0,False,True,False,True,False,True,False,True,1,True
284,0,0,0,-15.0005,0,3.057494075729926e-07,7.057870949103591e-06,0.9999996942505924,3.057494075729926e-07,False,True,False,True,False,True,False,True,0,True
284,0,1,2,-0.3723,0,0.6891474672693042,0.894155111068776,0.6891474672693042,0.3108525327306958,True,False,True,False,True,False,True,False,1,False
284,0,2,6,1.6048,1,1.0,0.0,1.0,0.0,False,True,False,True,False,True,False,True,1,True
284,0,3,13,1.1928,1,1.0,0.0,1.0,0.0,False,True,False,True,False,True,False,True,1,True
284,0,4,27,-46.094,0,9.585839456334639e-21,6.374543477813028e-19,1.0,9.585839456334639e-21,False,True,False,True,False,True,False,True,0,True
285,0,0,0,-13.319,0,1.6429781793126222e-06,3.394055960936649e-05,0.9999983570218207,1.6429781793126222e-06,False,True,False,True,False,True,False,True,0,True
285,0,1,2,-1.0312,0,0.3565788091586889,0.9398066479046264,0.6434211908413111,0.3565788091586889,True,False,True,False,True,False,True,False,0,True
285,0,2,6,-17.3702,0,2.859025246831724e-08,7.57715922743822e-07,0.9999999714097475,2.859025246831724e-08,False,True,False,True,False,True,False,True,0,True
285,0,3,14,-50.2174,0,1.5518876766803846e-22,1.1243176976060682e-20,1.0,1.5518876766803846e-22,False,True,False,True,False,True,False,True,0,True
285,0,4,30,0.0001,1,1.0,0.0,1.0,0.0,False,True,False,True,False,True,False,True,1,True
285,0,5,61,-0.4663,0,0.6273190600971308,0.952708369435261,0.6273190600971308,0.3726809399028692,True,False,True,False,True,False,True,False,1,False
286,0,0,0,-72.8713,0,2.2511089822929305e-32,2.3666148053699847e-30,1.0,2.2511089822929305e-32,False,True,False,True,False,True,False,True,0,True
286,0,1,2,-55.9798,0,4.878448918885652e-25,3.9399221759629887e-23,1.0,4.878448918885652e-25,False,True,False,True,False,True,False,True,0,True
286,0,2,6,-75.5855,0,1.491538397417952e-33,1.6264752811511242e-31,1.0,1.491538397417952e-33,False,True,False,True,False,True,False,True,0,True
286,0,3,14,-0.3713,0,0.6898369594251937,0.8933615710662007,0.6898369594251937,0.31016304057480626,True,False,True,False,True,False,True,False,1,False
286,0,4,30,-0.0001,1,0.9999000049998333,0.0014729670925218727,0.9999000049998333,9.999500016666385e-05,False,True,False,True,False,True,False,True,1,True
286,0,5,61,0.612,1,1.0,0.0,1.0,0.0,False,True,False,True,False,True,False,True,1,True
286,0,6,123,-2.4482,0,0.08644905483459464,0.42450482431284636,0.9135509451654054,0.08644905483459464,True,False,True,False,False,True,False,True,0,True
287,0,0,0,-73.2924,0,1.4774578999928242e-32,1.5622430333187968e-30,1.0,1.4774578999928242e-32,False,True,False,True,False,True,False,True,0,True
287,0,1,2,0.3724,1,1.0,0.0,1.0,0.0,False,True,False,True,False,True,False,True,1,True
288,0,0,0,0.2813,1,1.0,0.0,1.0,0.0,False,True,False,True,False,True,False,True,1,True
289,0,0,0,0.0001,1,1.0,0.0,1.0,0.0,False,True,False,True,False,True,False,True,1,True
289,0,1,1,-38.1003,0,2.839552816791067e-17,1.5608202301015968e-15,1.0,2.839552816791067e-17,False,True,False,True,False,True,False,True,0,True
289,0,2,4,-40.8546,0,1.807476500559751e-18,1.0653398226350022e-16,1.0,1.807476500559751e-18,False,True,False,True,False,True,False,True,0,True
289,0,3,10,0.0139,1,1.0,0.0,1.0,0.0,False,True,False,True,False,True,False,True,1,True
290,0,0,0,-74.1598,0,6.205947266460061e-33,6.639741471925712e-31,1.0,6.205947266460061e-33,False,True,False,True,False,True,False,True,0,True
290,0,1,2,0.0029,1,1.0,0.0,1.0,0.0,False,True,False,True,False,True,False,True,1,True
291,0,0,0,-50.0039,0,1.9212423726494411e-22,1.3859915205904387e-20,1.0,1.9212423726494411e-22,False,True,False,True,False,True,False,True,0,True
291,0,1,2,-0.9355,1,0.392389621663808,0.9663243535181238,0.607610378336192,0.392389621663808,True,False,True,False,True,False,True,False,0,False
292,0,0,0,-1.2497,0,0.2865907611932534,0.8642764924748034,0.7134092388067466,0.2865907611932534,True,False,True,False,True,False,True,False,0,True
292,0,1,2,-69.8112,0,4.8015456803416e-31,4.8359378094660567e-29,1.0,4.8015456803416e-31,False,True,False,True,False,True,False,True,0,True
292,0,2,6,-0.0765,1,0.9263529142888222,0.3793887806222204,0.9263529142888222,0.07364708571117784,True,False,True,False,False,True,False,True,1,True
293,0,0,0,-64.5092,0,9.638521223728647e-29,8.970292468382672e-27,1.0,9.638521223728647e-29,False,True,False,True,False,True,False,True,0,True
293,0,1,2,-11.5137,0,9.992257648450584e-06,0.0001803946811290474,0.9999900077423516,9.992257648450584e-06,False,True,False,True,False,True,False,True,0,True
293,0,2,6,-2.9744,0,0.051078071654932986,0.290958996194515,0.9489219283450671,0.051078071654932986,True,False,True,False,False,True,False,True,0,True
293,0,3,14,-62.8834,0,4.898762410026801e-28,4.4442341363320054e-26,1.0,4.898762410026801e-28,False,True,False,True,False,True,False,True,0,True
293,0,4,30,0.0,1,1.0,0.0,1.0,0.0,False,True,False,True,False,True,False,True,1,True
293,0,5,61,-56.5635,0,2.721347943045549e-25,2.2207255355508832e-23,1.0,2.721347943045549e-25,False,True,False,True,False,True,False,True,0,True
293,0,6,124,0.3753,1,1.0,0.0,1.0,0.0,False,True,False,True,False,True,False,True,1,True
294,0,0,0,-0.0029,1,0.9971042009381119,0.028588564644928836,0.9971042009381119,0.0028957990618880824,False,True,False,True,False,True,False,True,1,True
294,0,1,1,-60.9332,0,3.443875757439878e-27,3.0274431778502703e-25,1.0,3.443875757439878e-27,False,True,False,True,False,True,False,True,0,True
295,0,0,0,-38.4942,0,1.915055455882661e-17,1.063533543774733e-15,1.0,1.915055455882661e-17,False,True,False,True,False,True,False,True,0,True
295,0,1,2,0.0941,1,1.0,0.0,1.0,0.0,False,True,False,True,False,True,False,True,1,True
295,0,2,5,-72.9981,0,1.9830240465427948e-32,2.088401882194724e-30,1.0,1.9830240465427948e-32,False,True,False,True,False,True,False,True,0,True
295,0,3,12,0.0057,1,1.0,0.0,1.0,0.0,False,True,False,True,False,True,False,True,1,True
296,0,0,0,-70.7095,0,1.9554842927087533e-31,1.9948334274921217e-29,1.0,1.9554842927087533e-31,False,True,False,True,False,True,False,True,0,True
296,0,1,2,-49.5536,0,3.014011892256862e-22,2.1547391938244062e-20,1.0,3.014011892256862e-22,False,True,False,True,False,True,False,True,0,True
296,0,2,6,-0.9579,1,0.3836978059057789,0.9606118536046306,0.616302194094221,0.3836978059057789,True,False,True,False,True,False,True,False,0,False
297,0,0,0,0.5622,1,1.0,0.0,1.0,0.0,False,True,False,True,False,True,False,True,1,True
297,0,1,1,-1.3188,1,0.2674560567425849,0.8377905056482832,0.7325439432574151,0.2674560567425849,True,False,True,False,True,False,True,False,0,False
297,0,2,3,-35.9633,0,2.4062306751247824e-16,1.2804847827017815e-14,0.9999999999999998,2.4062306751247824e-16,False,True,False,True,False,True,False,True,0,True
298,0,0,0,-0.3801,0,0.6837930264906277,0.9002088884508211,0.6837930264906277,0.3162069735093723,True,False,True,False,True,False,True,False,1,False
298,0,1,2,-0.3723,0,0.6891474672693042,0.894155111068776,0.6891474672693042,0.3108525327306958,True,False,True,False,True,False,True,False,1,False
298,0,2,6,-47.4096,0,2.5720080928096745e-21,1.7591916738139863e-19,1.0,2.5720080928096745e-21,False,True,False,True,False,True,False,True,0,True
298,0,3,14,3.8578,1,1.0,0.0,1.0,0.0,False,True,False,True,False,True,False,True,1,True
299,0,0,0,-0.3725,1,0.6890096515578809,0.8943133398190805,0.6890096515578809,0.31099034844211915,True,False,True,False,True,False,True,False,1,True
299,0,1,1,-3.4053,0,0.03319685953012361,0.2101788956721479,0.9668031404698764,0.03319685953012361,True,False,False,True,False,True,False,True,0,True
299,0,2,4,-1.5132,0,0.22020419588349685,0.7605401834053266,0.7797958041165032,0.22020419588349685,True,False,True,False,True,False,True,False,0,True
299,0,3,10,0.0058,1,1.0,0.0,1.0,0.0,False,True,False,True,False,True,False,True,1,True
300,0,0,0,-70.5644,0,2.2608432944344956e-31,2.3016042629924038e-29,1.0,2.2608432944344956e-31,False,True,False,True,False,True,False,True,0,True
300,0,1,2,-0.0029,1,0.9971042009381119,0.028588564644928836,0.9971042009381119,0.0028957990618880824,False,True,False,True,False,True,False,True,1,True
300,0,2,5,-81.8914,0,2.7228070389752698e-36,3.2168417704795955e-34,1.0,2.7228070389752698e-36,False,True,False,True,False,True,False,True,0,True
300,0,3,12,-0.3754,1,0.6870144180552678,0.8965897922562783,0.6870144180552678,0.31298558194473225,True,False,True,False,True,False,True,False,1,True
300,0,4,25,-45.6517,0,1.491827472260135e-20,9.825396701514555e-19,1.0,1.491827472260135e-20,False,True,False,True,False,True,False,True,0,True
300,0,5,52,-49.5356,0,3.0687553190944833e-22,2.1930787608735027e-20,1.0,3.0687553190944833e-22,False,True,False,True,False,True,False,True,0,True
300,0,6,106,-11.3609,0,1.1641898821153347e-05,0.00020760999021162373,0.9999883581011788,1.1641898821153347e-05,False,True,False,True,False,True,False,True,0,True
301,0,0,0,0.0216,1,1.0,0.0,1.0,0.0,False,True,False,True,False,True,False,True,1,True
301,0,1,1,-0.2075,0,0.8126132417730977,0.6959726390044871,0.8126132417730977,0.18738675822690232,True,False,True,False,True,False,False,True,1,False
301,0,2,4,-0.3721,1,0.6892853105466263,0.8939967227208989,0.6892853105466263,0.31071468945337366,True,False,True,False,True,False,True,False,1,True
301,0,3,9,-0.8195,0,0.44065192539638587,0.9898130971637992,0.5593480746036141,0.44065192539638587,True,False,True,False,True,False,True,False,0,True
301,0,4,20,0.8347,1,1.0,0.0,1.0,0.0,False,True,False,True,False,True,False,True,1,True
302,0,0,0,-0.8347,1,0.43400466330372506,0.9873962708188269,0.5659953366962749,0.43400466330372506,True,False,True,False,True,False,True,False,0,False
302,0,1,1,-3.4375,0,0.03214494732687607,0.20503715851056656,0.9678550526731239,0.03214494732687607,True,False,False,True,False,True,False,True,0,True
303,0,0,0,1.398,1,1.0,0.0,1.0,0.0,False,True,False,True,False,True,False,True,1,True
303,0,1,1,-1.5002,0,0.22308553857870586,0.7657617178651794,0.7769144614212942,0.22308553857870586,True,False,True,False,True,False,True,False,0,True
303,0,2,4,-0.7289,1,0.48243938164117356,0.9991100339033718,0.5175606183588264,0.48243938164117356,True,False,True,False,True,False,True,False,0,False
303,0,3,9,-0.2355,0,0.7901756630088093,0.7411468323337852,0.7901756630088093,0.20982433699119074,True,False,True,False,True,False,True,False,1,False
304,0,0,0,-0.2395,0,0.7870212733419595,0.7471380198287504,0.7870212733419595,0.21297872665804052,True,False,True,False,True,False,True,False,1,False
304,0,1,2,-3.5061,0,0.030013740065128875,0.19446075889675837,0.9699862599348711,0.030013740065128875,True,False,False,True,False,True,False,True,0,True
304,0,2,6,0.0553,1,1.0,0.0,1.0,0.0,False,True,False,True,False,True,False,True,1,True
305,0,0,0,-1.1979,0,0.3018273843555924,0.8835132227016834,0.6981726156444076,0.3018273843555924,True,False,True,False,True,False,True,False,0,True
305,0,1,2,4.3753,1,1.0,0.0,1.0,0.0,False,True,False,True,False,True,False,True,1,True
306,0,0,0,-3.0216,0,0.04872319884489161,0.2809482391545986,0.9512768011551084,0.04872319884489161,True,False,False,True,False,True,False,True,0,True
306,0,1,2,-6.8515,0,0.0010578677006601827,0.011981998549826803,0.9989421322993398,0.0010578677006601827,False,True,False,True,False,True,False,True,0,True
306,0,2,6,-3.9076,0,0.02008865602707615,0.1419380315564928,0.9799113439729239,0.02008865602707615,True,False,False,True,False,True,False,True,0,True
306,0,3,14,0.0001,1,1.0,0.0,1.0,0.0,False,True,False,True,False,True,False,True,1,True
306,0,4,29,0.2394,1,1.0,0.0,1.0,0.0,False,True,False,True,False,True,False,True,1,True
306,0,5,59,-131.6316,0,6.809613703445674e-58,1.2931746277065896e-55,1.0,6.809613703445674e-58,False,True,False,True,False,True,False,True,0,True
306,0,6,120,-2.2498,0,0.10542030651490174,0.48594576220960417,0.8945796934850982,0.10542030651490174,True,False,True,False,True,False,False,True,0,True
307,0,0,0,-3.2892,0,0.03728366440014421,0.2296961734079191,0.9627163355998558,0.03728366440014421,True,False,False,True,False,True,False,True,0,True
307,0,1,2,-5.8255,0,0.0029513281193362705,0.029055778027664535,0.9970486718806637,0.0029513281193362705,False,True,False,True,False,True,False,True,0,True
307,0,2,6,-0.0203,1,0.979904657809293,0.1419755272498432,0.979904657809293,0.020095342190706966,True,False,False,True,False,True,False,True,1,True
308,0,0,0,-3.9913,0,0.018475680116950135,0.13279420076687098,0.9815243198830499,0.018475680116950135,True,False,False,True,False,True,False,True,0,True
308,0,1,2,0.0,1,1.0,0.0,1.0,0.0,False,True,False,True,False,True,False,True,1,True
308,0,2,5,-2.6277,0,0.07224443349569508,0.3742441611325674,0.9277555665043049,0.07224443349569508,True,False,True,False,False,True,False,True,0,True
308,0,3,12,-3.6746,0,0.025359547313156896,0.17055747569625695,0.9746404526868431,0.025359547313156896,True,False,False,True,False,True,False,True,0,True
308,0,4,26,-0.2191,1,0.8032413899982859,0.7153977530383329,0.8032413899982859,0.19675861000171413,True,False,True,False,True,False,False,True,1,True
308,0,5,53,-4.1829,0,0.015254206162865502,0.11389223788737028,0.9847457938371345,0.015254206162865502,True,False,False,True,False,True,False,True,0,True
309,0,0,0,-5.9313,0,0.002655028207635106,0.026544534581941937,0.9973449717923649,0.002655028207635106,False,True,False,True,False,True,False,True,0,True
309,0,1,2,-1.3237,0,0.2661487276366024,0.8358838553998535,0.7338512723633976,0.2661487276366024,True,False,True,False,True,False,True,False,0,True
309,0,2,6,-2.9012,0,0.05495723179321606,0.3070928646077572,0.9450427682067839,0.05495723179321606,True,False,True,False,False,True,False,True,0,True
309,0,3,14,-1.4571,0,0.2329107374246969,0.7830509649796066,0.7670892625753031,0.2329107374246969,True,False,True,False,True,False,True,False,0,True
309,0,4,30,-4.3862,0,0.012447941638262686,0.09661628297443926,0.9875520583617373,0.012447941638262686,True,False,False,True,False,True,False,True,0,True
309,0,5,62,-2.389,0,0.09172135939149975,0.44218954101890784,0.9082786406085003,0.09172135939149975,True,False,True,False,False,True,False,True,0,True
309,0,6,126,-0.7519,0,0.4714699083726972,0.9976501140847077,0.5285300916273028,0.4714699083726972,True,False,True,False,True,False,True,False,0,True
310,0,0,0,-3.7722,0,0.023001404493099585,0.1579761433518716,0.9769985955069004,0.023001404493099585,True,False,False,True,False,True,False,True,0,True
310,0,1,2,-2.7389,0,0.06464141335413863,0.34560047199046423,0.9353585866458614,0.06464141335413863,True,False,True,False,False,True,False,True,0,True
310,0,2,6,-2.3641,0,0.09403389279969489,0.44979299144492385,0.9059661072003051,0.09403389279969489,True,False,True,False,False,True,False,True,0,True
310,0,3,14,-2.0145,1,0.13338708023546064,0.5666546287914939,0.8666129197645394,0.13338708023546064,True,False,True,False,True,False,False,True,0,False
311,0,0,0,0.2025,1,1.0,0.0,1.0,0.0,False,True,False,True,False,True,False,True,1,True
311,0,1,1,-1.4068,0,0.24492579300755302,0.8031361887853681,0.755074206992447,0.24492579300755302,True,False,True,False,True,False,True,False,0,True
312,0,0,0,0.0,1,1.0,0.0,1.0,0.0,False,True,False,True,False,True,False,True,1,True
313,0,0,0,0.0,1,1.0,0.0,1.0,0.0,False,True,False,True,False,True,False,True,1,True
313,0,1,1,2.3117,1,1.0,0.0,1.0,0.0,False,True,False,True,False,True,False,True,1,True
314,0,0,0,-0.777,1,0.4597832942305652,0.9953281728618613,0.5402167057694348,0.4597832942305652,True,False,True,False,True,False,True,False,0,False
315,0,0,0,-1.3863,0,0.24999859028394725,0.811275890104407,0.7500014097160528,0.24999859028394725,True,False,True,False,True,False,True,False,0,True
315,0,1,2,0.1704,1,1.0,0.0,1.0,0.0,False,True,False,True,False,True,False,True,1,True
315,0,2,5,-1.4139,1,0.24319297864743605,0.8003098933909151,0.756807021352564,0.24319297864743605,True,False,True,False,True,False,True,False,0,False
315,0,3,11,-2.1348,0,0.11826824165976024,0.5243624077705541,0.8817317583402398,0.11826824165976024,True,False,True,False,True,False,False,True,0,True
316,0,0,0,-0.0001,1,0.9999000049998333,0.0014729670925218727,0.9999000049998333,9.999500016666385e-05,False,True,False,True,False,True,False,True,1,True
316,0,1,1,0.7123,1,1.0,0.0,1.0,0.0,False,True,False,True,False,True,False,True,1,True
316,0,2,3,0.615,1,1.0,0.0,1.0,0.0,False,True,False,True,False,True,False,True,1,True
317,0,0,0,-3.9386,0,0.01947546131417681,0.13848519601338874,0.9805245386858232,0.01947546131417681,True,False,False,True,False,True,False,True,0,True
317,0,1,2,-1.1814,1,0.30684884935977386,0.889502446896782,0.6931511506402261,0.30684884935977386,True,False,True,False,True,False,True,False,0,False
318,0,0,0,-3.1229,0,0.04402929813280749,0.2604707360533944,0.9559707018671925,0.04402929813280749,True,False,False,True,False,True,False,True,0,True
318,0,1,2,-0.3917,1,0.6759068556045402,0.9087771851735886,0.6759068556045402,0.3240931443954598,True,False,True,False,True,False,True,False,1,True
318,0,2,5,1.7492,1,1.0,0.0,1.0,0.0,False,True,False,True,False,True,False,True,1,True
319,0,0,0,-0.6213,0,0.5372455641919379,0.9959935843675418,0.5372455641919379,0.4627544358080621,True,False,True,False,True,False,True,False,1,False
319,0,1,2,0.0,1,1.0,0.0,1.0,0.0,False,True,False,True,False,True,False,True,1,True
319,0,2,5,0.3554,1,1.0,0.0,1.0,0.0,False,True,False,True,False,True,False,True,1,True
320,0,0,0,-3.7235,0,0.02414929721826378,0.16414296746479656,0.9758507027817362,0.02414929721826378,True,False,False,True,False,True,False,True,0,True
320,0,1,2,-0.5924,1,0.5529984944373201,0.9918801547614784,0.5529984944373201,0.4470015055626799,True,False,True,False,True,False,True,False,1,True
320,0,2,5,-0.8898,1,0.4107378921165586,0.9768863059392204,0.5892621078834415,0.4107378921165586,True,False,True,False,True,False,True,False,0,False
320,0,3,11,-3.6412,0,0.026220860047058387,0.17507024144422983,0.9737791399529416,0.026220860047058387,True,False,False,True,False,True,False,True,0,True
320,0,4,24,-5.4739,0,0.00419484033740762,0.039166524730386225,0.9958051596625924,0.00419484033740762,False,True,False,True,False,True,False,True,0,True
321,0,0,0,0.1322,1,1.0,0.0,1.0,0.0,False,True,False,True,False,True,False,True,1,True
322,0,0,0,-2.8532,0,0.057659514895307296,0.318083136725189,0.9423404851046927,0.057659514895307296,True,False,True,False,False,True,False,True,0,True
322,0,1,2,-3.6311,0,0.026487032642455405,0.17645628535904403,0.9735129673575446,0.026487032642455405,True,False,False,True,False,True,False,True,0,True
322,0,2,6,-4.5533,0,0.010532390084573719,0.08430224072828259,0.9894676099154263,0.010532390084573719,True,False,False,True,False,True,False,True,0,True
322,0,3,14,-4.396,0,0.012326547612489296,0.09584943399757086,0.9876734523875107,0.012326547612489296,True,False,False,True,False,True,False,True,0,True
322,0,4,30,-8.6996,0,0.0001666524586406704,0.0023320419470404152,0.9998333475413593,0.0001666524586406704,False,True,False,True,False,True,False,True,0,True
322,0,5,62,-1.0582,1,0.3470799923839709,0.9314331707373398,0.6529200076160291,0.3470799923839709,True,False,True,False,True,False,True,False,0,False
323,0,0,0,-4.1954,0,0.015064715370602921,0.11275119838985172,0.9849352846293971,0.015064715370602921,True,False,False,True,False,True,False,True,0,True
323,0,1,2,-3.1544,0,0.04266399170969599,0.254375921431293,0.957336008290304,0.04266399170969599,True,False,False,True,False,True,False,True,0,True
323,0,2,6,0.6966,1,1.0,0.0,1.0,0.0,False,True,False,True,False,True,False,True,1,True
323,0,3,13,-3.9564,0,0.019131865180410334,0.1365380783092049,0.9808681348195897,0.019131865180410334,True,False,False,True,False,True,False,True,0,True
323,0,4,28,-1.7392,1,0.1756608731189994,0.6704920541174364,0.8243391268810006,0.1756608731189994,True,False,True,False,True,False,False,True,0,False
324,0,0,0,2.2916,1,1.0,0.0,1.0,0.0,False,True,False,True,False,True,False,True,1,True
324,0,1,1,-0.8904,0,0.41049152329932487,0.9767578428898125,0.5895084767006751,0.41049152329932487,True,False,True,False,True,False,True,False,0,True
325,0,0,0,-1.2379,1,0.28999256333582235,0.8687116397147892,0.7100074366641776,0.28999256333582235,True,False,True,False,True,False,True,False,0,False
325,0,1,1,1.3286,1,1.0,0.0,1.0,0.0,False,True,False,True,False,True,False,True,1,True
326,0,0,0,-3.0233,1,0.04864043977199839,0.2805933290939516,0.9513595602280016,0.04864043977199839,True,False,False,True,False,True,False,True,0,False
327,0,0,0,0.8704,1,1.0,0.0,1.0,0.0,False,True,False,True,False,True,False,True,1,True
328,0,0,0,0.2321,1,1.0,0.0,1.0,0.0,False,True,False,True,False,True,False,True,1,True
329,0,0,0,-1.2616,0,0.2832005429409609,0.8597752070388179,0.716799457059039,0.2832005429409609,True,False,True,False,True,False,True,False,0,True
329,0,1,2,-5.8978,0,0.0027454782316903973,0.027315969823435916,0.9972545217683096,0.0027454782316903973,False,True,False,True,False,True,False,True,0,True
329,0,2,6,-0.0413,1,0.9595412243968066,0.24439171862949802,0.9595412243968066,0.04045877560319344,True,False,False,True,False,True,False,True,1,True
330,0,0,0,-0.0041,1,0.995908393524931,0.03835004004377212,0.995908393524931,0.0040916064750690095,False,True,False,True,False,True,False,True,1,True
330,0,1,1,-3.6845,0,0.025109726448445543,0.16924052411202456,0.9748902735515544,0.025109726448445543,True,False,False,True,False,True,False,True,0,True
331,0,0,0,0.0,1,1.0,0.0,1.0,0.0,False,True,False,True,False,True,False,True,1,True
331,0,1,1,0.0201,1,1.0,0.0,1.0,0.0,False,True,False,True,False,True,False,True,1,True
331,0,2,3,-1.7668,0,0.17087892742554345,0.6597114486135314,0.8291210725744566,0.17087892742554345,True,False,True,False,True,False,False,True,0,True
332,0,0,0,-0.0031,1,0.996904800038679,0.03025933003772967,0.996904800038679,0.0030951999613210157,False,True,False,True,False,True,False,True,1,True
333,0,0,0,-1.2758,0,0.2792075128409,0.8543687427877309,0.7207924871591,0.2792075128409,True,False,True,False,True,False,True,False,0,True
333,0,1,2,-2.3979,0,0.09090866116450398,0.4394955593392845,0.909091338835496,0.09090866116450398,True,False,True,False,False,True,False,True,0,True
333,0,2,6,-0.0347,1,0.965895141339033,0.2145771281472232,0.965895141339033,0.03410485866096702,True,False,False,True,False,True,False,True,1,True
334,0,0,0,0.0,1,1.0,0.0,1.0,0.0,False,True,False,True,False,True,False,True,1,True
334,0,1,1,81.5001,1,1.0,0.0,1.0,0.0,False,True,False,True,False,True,False,True,1,True
334,0,2,3,0.2602,1,1.0,0.0,1.0,0.0,False,True,False,True,False,True,False,True,1,True
335,0,0,0,-1.1805,0,0.3071251376352721,0.889827004097742,0.6928748623647278,0.3071251376352721,True,False,True,False,True,False,True,False,0,True
335,0,1,2,-64.7311,0,7.720411740123285e-29,7.209879206135998e-27,1.0,7.720411740123285e-29,False,True,False,True,False,True,False,True,0,True
335,0,2,6,0.6326,1,1.0,0.0,1.0,0.0,False,True,False,True,False,True,False,True,1,True
336,0,0,0,11.1071,1,1.0,0.0,1.0,0.0,False,True,False,True,False,True,False,True,1,True
337,0,0,0,18.4171,1,1.0,0.0,1.0,0.0,False,True,False,True,False,True,False,True,1,True
338,0,0,0,-23.6097,0,5.5774742075241436e-11,1.9802427026259397e-09,0.9999999999442253,5.5774742075241436e-11,False,True,False,True,False,True,False,True,0,True
338,0,1,2,-93.9116,0,1.6394958938008276e-41,2.2212841211571554e-39,1.0,1.6394958938008276e-41,False,True,False,True,False,True,False,True,0,True
338,0,2,6,1.2245,1,1.0,0.0,1.0,0.0,False,True,False,True,False,True,False,True,1,True
338,0,3,13,-18.6544,0,7.915840171288971e-09,2.244560656509067e-07,0.9999999920841598,7.915840171288971e-09,False,True,False,True,False,True,False,True,0,True
338,0,4,28,-61.3703,0,2.2244228992213772e-27,1.9694735040515631e-25,1.0,2.2244228992213772e-27,False,True,False,True,False,True,False,True,0,True
339,0,0,0,2.8342,1,1.0,0.0,1.0,0.0,False,True,False,True,False,True,False,True,1,True
339,0,1,1,4.9295,1,1.0,0.0,1.0,0.0,False,True,False,True,False,True,False,True,1,True
340,0,0,0,-33.6976,0,2.319093542548457e-15,1.1610716622417775e-13,0.9999999999999977,2.319093542548457e-15,False,True,False,True,False,True,False,True,0,True
340,0,1,2,-5.4193,0,0.004430246735389053,0.04101474491769875,0.995569753264611,0.004430246735389053,False,True,False,True,False,True,False,True,0,True
340,0,2,6,-107.2159,0,2.7335451888658265e-47,4.2282435222222364e-45,1.0,2.7335451888658265e-47,False,True,False,True,False,True,False,True,0,True
340,0,3,14,-3.2962,0,0.03702359007146291,0.22847493364484103,0.9629764099285371,0.03702359007146291,True,False,False,True,False,True,False,True,0,True
340,0,4,30,18.2766,1,1.0,0.0,1.0,0.0,False,True,False,True,False,True,False,True,1,True
340,0,5,61,-14.1263,0,7.328681708548795e-07,1.599311640460021e-05,0.9999992671318292,7.328681708548795e-07,False,True,False,True,False,True,False,True,0,True
341,0,0,0,-0.7831,1,0.4569871530367623,0.9946551215577124,0.5430128469632377,0.4569871530367623,True,False,True,False,True,False,True,False,0,False
342,0,0,0,-0.0903,1,0.9136570470384378,0.4241438092350388,0.9136570470384378,0.08634295296156225,True,False,True,False,False,True,False,True,1,True
343,0,0,0,0.0,1,1.0,0.0,1.0,0.0,False,True,False,True,False,True,False,True,1,True
343,0,1,1,0.8951,1,1.0,0.0,1.0,0.0,False,True,False,True,False,True,False,True,1,True
344,0,0,0,-0.0988,1,0.905923874681215,0.449931000846455,0.905923874681215,0.09407612531878495,True,False,True,False,False,True,False,True,1,True
344,0,1,1,0.6933,1,1.0,0.0,1.0,0.0,False,True,False,True,False,True,False,True,1,True
344,0,2,3,-24.9822,0,1.4137362506218815e-11,5.299304186118156e-10,0.9999999999858626,1.4137362506218815e-11,False,True,False,True,False,True,False,True,0,True
344,0,3,8,34.9935,1,1.0,0.0,1.0,0.0,False,True,False,True,False,True,False,True,1,True
344,0,4,17,-23.9685,0,3.8959440427546756e-11,1.4033942089610826e-09,0.9999999999610406,3.8959440427546756e-11,False,True,False,True,False,True,False,True,0,True
345,0,0,0,-90.6595,0,4.237204432205165e-40,5.542009633670903e-38,1.0,4.237204432205165e-40,False,True,False,True,False,True,False,True,0,True
345,0,1,2,-1.5213,0,0.21842774623066236,0.7572862045960984,0.7815722537693377,0.21842774623066236,True,False,True,False,True,False,True,False,0,True
345,0,2,6,-123.1482,0,3.2916699568846306e-54,5.848155219457939e-52,1.0,3.2916699568846306e-54,False,True,False,True,False,True,False,True,0,True
345,0,3,14,-1.4298,0,0.23935678881470082,0.7939690045217548,0.7606432111852992,0.23935678881470082,True,False,True,False,True,False,True,False,0,True
345,0,4,30,-1.0704,0,0.3428713414487622,0.9275399145765914,0.6571286585512378,0.3428713414487622,True,False,True,False,True,False,True,False,0,True
345,0,5,62,0.4004,1,1.0,0.0,1.0,0.0,False,True,False,True,False,True,False,True,1,True
346,0,0,0,-90.2634,0,6.2965616826928595e-40,8.199543787085004e-38,1.0,6.2965616826928595e-40,False,True,False,True,False,True,False,True,0,True
346,0,1,2,0.0,1,1.0,0.0,1.0,0.0,False,True,False,True,False,True,False,True,1,True
346,0,2,5,-30.9559,0,3.597687586229302e-14,1.6586200301279082e-12,0.999999999999964,3.597687586229302e-14,False,True,False,True,False,True,False,True,0,True
346,0,3,12,0.0,1,1.0,0.0,1.0,0.0,False,True,False,True,False,True,False,True,1,True
346,0,4,25,-0.1196,1,0.8872752758549407,0.5080802369971584,0.8872752758549407,0.1127247241450593,True,False,True,False,True,False,False,True,1,True
347,0,0,0,0.3866,1,1.0,0.0,1.0,0.0,False,True,False,True,False,True,False,True,1,True
348,0,0,0,-1.0966,0,0.334004771559899,0.9189658093509481,0.665995228440101,0.334004771559899,True,False,True,False,True,False,True,False,0,True
348,0,1,2,-4.4705,0,0.011441593623256476,0.09020527466990208,0.9885584063767435,0.011441593623256476,True,False,False,True,False,True,False,True,0,True
348,0,2,6,0.0,1,1.0,0.0,1.0,0.0,False,True,False,True,False,True,False,True,1,True
348,0,3,13,-78.8481,0,5.710909282107285e-35,6.496374201547816e-33,1.0,5.710909282107285e-35,False,True,False,True,False,True,False,True,0,True
348,0,4,28,0.1512,1,1.0,0.0,1.0,0.0,False,True,False,True,False,True,False,True,1,True
348,0,5,57,-62.9434,0,4.613480696218963e-28,4.1894155959749316e-26,1.0,4.613480696218963e-28,False,True,False,True,False,True,False,True,0,True
349,0,0,0,0.0001,1,1.0,0.0,1.0,0.0,False,True,False,True,False,True,False,True,1,True
349,0,1,1,0.0217,1,1.0,0.0,1.0,0.0,False,True,False,True,False,True,False,True,1,True
349,0,2,3,-92.6024,0,6.071397521498614e-41,8.11120635866455e-39,1.0,6.071397521498614e-41,False,True,False,True,False,True,False,True,0,True
350,0,0,0,-0.2648,1,0.7673594065109929,0.782586126065173,0.7673594065109929,0.23264059348900712,True,False,True,False,True,False,True,False,1,True
350,0,1,1,0.4226,1,1.0,0.0,1.0,0.0,False,True,False,True,False,True,False,True,1,True
351,0,0,0,-91.8652,0,1.2689676802881077e-40,1.6818068804525916e-38,1.0,1.2689676802881077e-40,False,True,False,True,False,True,False,True,0,True
351,0,1,2,-1.9356,0,0.14433764025341775,0.595486933476065,0.8556623597465822,0.14433764025341775,True,False,True,False,True,False,False,True,0,True
351,0,2,6,-59.5071,0,1.433490555421952e-26,1.230660215073506e-24,1.0,1.433490555421952e-26,False,True,False,True,False,True,False,True,0,True
351,0,3,14,-90.3273,0,5.906796988385424e-40,7.6974275965167e-38,1.0,5.906796988385424e-40,False,True,False,True,False,True,False,True,0,True
351,0,4,30,-82.3291,0,1.757624792348579e-36,2.0876326320024757e-34,1.0,1.757624792348579e-36,False,True,False,True,False,True,False,True,0,True
351,0,5,62,-85.9966,0,4.489016043597687e-38,5.5693816251693896e-36,1.0,4.489016043597687e-38,False,True,False,True,False,True,False,True,0,True
352,0,0,0,-1.5369,0,0.2150467140078573,0.7510192487041722,0.7849532859921426,0.2150467140078573,True,False,True,False,True,False,True,False,0,True
352,0,1,2,-0.0003,1,0.9997000449955004,0.003943041991666396,0.9997000449955004,0.0002999550044996413,False,True,False,True,False,True,False,True,1,True
352,0,2,5,-1.5269,0,0.21720796941453757,0.7550364676319773,0.7827920305854624,0.21720796941453757,True,False,True,False,True,False,True,False,0,True
352,0,3,12,-11.549,0,9.645683966695787e-06,0.00017462906143611722,0.9999903543160333,9.645683966695787e-06,False,True,False,True,False,True,False,True,0,True
352,0,4,26,-0.6538,1,0.5200657672100819,0.9988379288804872,0.5200657672100819,0.4799342327899181,True,False,True,False,True,False,True,False,1,True
352,0,5,53,-0.664,1,0.5147880584568362,0.9993689116170654,0.5147880584568362,0.4852119415431638,True,False,True,False,True,False,True,False,1,True
353,0,0,0,-2.2464,0,0.10577934557758474,0.4870524332298486,0.8942206544224153,0.10577934557758474,True,False,True,False,True,False,False,True,0,True
353,0,1,2,-98.8932,0,1.12519797589125e-43,1.605350661305694e-41,1.0,1.12519797589125e-43,False,True,False,True,False,True,False,True,0,True
353,0,2,6,0.0002,1,1.0,0.0,1.0,0.0,False,True,False,True,False,True,False,True,1,True
353,0,3,13,-2.1858,1,0.11238778745064473,0.5070764992300347,0.8876122125493553,0.11238778745064473,True,False,True,False,True,False,False,True,0,False
353,0,4,27,-160.031,0,3.1580555615504504e-70,7.291190150441258e-68,1.0,3.1580555615504504e-70,False,True,False,True,False,True,False,True,0,True
354,0,0,0,0.0945,1,1.0,0.0,1.0,0.0,False,True,False,True,False,True,False,True,1,True
354,0,1,1,-1.8402,0,0.15878566579783607,0.631396551030361,0.841214334202164,0.15878566579783607,True,False,True,False,True,False,False,True,0,True
354,0,2,4,-2.253,0,0.10508350071074826,0.4849058285342773,0.8949164992892518,0.10508350071074826,True,False,True,False,True,False,False,True,0,True
354,0,3,10,-2.8058,0,0.060458385112646895,0.32926185579512224,0.9395416148873531,0.060458385112646895,True,False,True,False,False,True,False,True,0,True
354,0,4,22,3.6214,1,1.0,0.0,1.0,0.0,False,True,False,True,False,True,False,True,1,True
355,0,0,0,-2.6489,0,0.07072897215445707,0.3686381625851153,0.9292710278455429,0.07072897215445707,True,False,True,False,False,True,False,True,0,True
355,0,1,2,-78.436,0,8.62338979273877e-35,9.758161336483468e-33,1.0,8.62338979273877e-35,False,True,False,True,False,True,False,True,0,True
355,0,2,6,-78.436,0,8.62338979273877e-35,9.758161336483468e-33,1.0,8.62338979273877e-35,False,True,False,True,False,True,False,True,0,True
355,0,3,14,-2.0083,1,0.13421664913913783,0.56888998607226,0.8657833508608621,0.13421664913913783,True,False,True,False,True,False,False,True,0,False
355,0,4,29,-167.1287,0,2.6117272617590806e-73,6.297285688441253e-71,1.0,2.6117272617590806e-73,False,True,False,True,False,True,False,True,0,True
355,0,5,60,-70.5209,0,2.3613603744454566e-31,2.4024516509712476e-29,1.0,2.3613603744454566e-31,False,True,False,True,False,True,False,True,0,True
355,0,6,122,-63.4681,0,2.729948115850442e-28,2.4996800805225675e-26,1.0,2.729948115850442e-28,False,True,False,True,False,True,False,True,0,True
356,0,0,0,0.0002,1,1.0,0.0,1.0,0.0,False,True,False,True,False,True,False,True,1,True
356,0,1,1,1.3879,1,1.0,0.0,1.0,0.0,False,True,False,True,False,True,False,True,1,True
357,0,0,0,-0.0,1,1.0,0.0,1.0,0.0,False,True,False,True,False,True,False,True,1,True
358,0,0,0,-1.0274,0,0.35793638639662634,0.9409568912736299,0.6420636136033737,0.35793638639662634,True,False,True,False,True,False,True,False,0,True
358,0,1,2,-4.2611,0,0.014106776418373802,0.10692850193608323,0.9858932235816262,0.014106776418373802,True,False,False,True,False,True,False,True,0,True
358,0,2,6,-169.0552,0,3.804166378715569e-74,9.278175343186267e-72,1.0,3.804166378715569e-74,False,True,False,True,False,True,False,True,0,True
358,0,3,14,-93.3552,0,2.8599061590025375e-41,3.851809816772729e-39,1.0,2.8599061590025375e-41,False,True,False,True,False,True,False,True,0,True
358,0,4,30,-31.3713,0,2.374747941397758e-14,1.1090690335718815e-12,0.9999999999999762,2.374747941397758e-14,False,True,False,True,False,True,False,True,0,True
358,0,5,62,-91.6662,0,1.548371478797341e-40,2.0476651082252802e-38,1.0,1.548371478797341e-40,False,True,False,True,False,True,False,True,0,True
359,0,0,0,0.6354,1,1.0,0.0,1.0,0.0,False,True,False,True,False,True,False,True,1,True
359,0,1,1,-1.5023,0,0.22261755050715132,0.7649183530513858,0.7773824494928487,0.22261755050715132,True,False,True,False,True,False,True,False,0,True
359,0,2,4,-1.754,0,0.17308023601645434,0.6647027804111884,0.8269197639835457,0.17308023601645434,True,False,True,False,True,False,False,True,0,True
359,0,3,10,-66.6682,0,1.1126757463483245e-29,1.0701924681100838e-27,1.0,1.1126757463483245e-29,False,True,False,True,False,True,False,True,0,True
359,0,4,22,-0.1681,1,0.8452693035278186,0.621553337990411,0.8452693035278186,0.1547306964721814,True,False,True,False,True,False,False,True,1,True
360,0,0,0,-21.9541,0,2.9204885967612935e-10,9.67142172362578e-09,0.9999999997079512,2.9204885967612935e-10,False,True,False,True,False,True,False,True,0,True
360,0,1,2,-1.3095,0,0.26995500014600815,0.8414000568388198,0.7300449998539918,0.26995500014600815,True,False,True,False,True,False,True,False,0,True
360,0,2,6,-1.6648,0,0.18922849989764384,0.6998547487415251,0.8107715001023561,0.18922849989764384,True,False,True,False,True,False,False,True,0,True
360,0,3,14,-3.2101,0,0.04035257781248028,0.24390641648194436,0.9596474221875197,0.04035257781248028,True,False,False,True,False,True,False,True,0,True
361,0,0,0,0.0,1,1.0,0.0,1.0,0.0,False,True,False,True,False,True,False,True,1,True
362,0,0,0,-4.7213,0,0.00890359634638907,0.07343374109621417,0.991096403653611,0.00890359634638907,False,True,False,True,False,True,False,True,0,True
362,0,1,2,-2.5894,0,0.0750650656156865,0.38454732984841244,0.9249349343843135,0.0750650656156865,True,False,True,False,False,True,False,True,0,True
362,0,2,6,-0.4226,1,0.6553407169783299,0.9292076869127831,0.6553407169783299,0.34465928302167015,True,False,True,False,True,False,True,False,1,True
363,0,0,0,0.6629,1,1.0,0.0,1.0,0.0,False,True,False,True,False,True,False,True,1,True
363,0,1,1,-1.8448,0,0.15805692911454286,0.629640781600352,0.8419430708854572,0.15805692911454286,True,False,True,False,True,False,False,True,0,True
363,0,2,4,-1.6259,0,0.19673453442181937,0.7153488912460974,0.8032654655781806,0.19673453442181937,True,False,True,False,True,False,False,True,0,True
363,0,3,10,-0.1921,0,0.8252243419312301,0.6685137218154487,0.8252243419312301,0.17477565806876993,True,False,True,False,True,False,False,True,1,False
363,0,4,22,-2.9671,0,0.051452305870992324,0.2925345060269154,0.9485476941290076,0.051452305870992324,True,False,True,False,False,True,False,True,0,True
364,0,0,0,-1.1422,1,0.31911619336308067,0.9034177601773433,0.6808838066369194,0.31911619336308067,True,False,True,False,True,False,True,False,0,False
365,0,0,0,-3.23,0,0.039557498788398725,0.24025964629122468,0.9604425012116012,0.039557498788398725,True,False,False,True,False,True,False,True,0,True
365,0,1,2,-2.0845,0,0.12436928926684238,0.5417911869911686,0.8756307107331576,0.12436928926684238,True,False,True,False,True,False,False,True,0,True
365,0,2,6,-0.7963,0,0.4509945607380361,0.9930595033710139,0.5490054392619639,0.4509945607380361,True,False,True,False,True,False,True,False,0,True
365,0,3,14,2.7732,1,1.0,0.0,1.0,0.0,False,True,False,True,False,True,False,True,1,True
365,0,4,29,-1.1148,0,0.3279808685141113,0.9128501212421811,0.6720191314858888,0.3279808685141113,True,False,True,False,True,False,True,False,0,True
365,0,5,60,-1.7896,1,0.16702696709350218,0.6508583394925594,0.8329730329064978,0.16702696709350218,True,False,True,False,True,False,False,True,0,False
366,0,0,0,2.3399,1,1.0,0.0,1.0,0.0,False,True,False,True,False,True,False,True,1,True
366,0,1,1,3.1068,1,1.0,0.0,1.0,0.0,False,True,False,True,False,True,False,True,1,True
366,0,2,3,-83.9039,0,3.6391438239447623e-37,4.4051013702921986e-35,1.0,3.6391438239447623e-37,False,True,False,True,False,True,False,True,0,True
366,0,3,8,5.488,1,1.0,0.0,1.0,0.0,False,True,False,True,False,True,False,True,1,True
366,0,4,17,-18.4033,0,1.0175326679904717e-08,2.848383743974389e-07,0.9999999898246733,1.0175326679904717e-08,False,True,False,True,False,True,False,True,0,True
367,0,0,0,-0.9821,0,0.3745237725257959,0.954082341532331,0.6254762274742041,0.3745237725257959,True,False,True,False,True,False,True,False,0,True
367,0,1,2,2.7432,1,1.0,0.0,1.0,0.0,False,True,False,True,False,True,False,True,1,True
367,0,2,5,0.2559,1,1.0,0.0,1.0,0.0,False,True,False,True,False,True,False,True,1,True
367,0,3,11,-2.5743,0,0.07620714913661017,0.38867176747357984,0.9237928508633898,0.07620714913661017,True,False,True,False,False,True,False,True,0,True
367,0,4,24,-85.567,0,6.898013928863292e-38,8.51539722594312e-36,1.0,6.898013928863292e-38,False,True,False,True,False,True,False,True,0,True
368,0,0,0,0.3013,1,1.0,0.0,1.0,0.0,False,True,False,True,False,True,False,True,1,True
368,0,1,1,0.4003,1,1.0,0.0,1.0,0.0,False,True,False,True,False,True,False,True,1,True
369,0,0,0,0.385,1,1.0,0.0,1.0,0.0,False,True,False,True,False,True,False,True,1,True
370,0,0,0,-1.8376,0,0.1591990456898995,0.6323899698381598,0.8408009543101005,0.1591990456898995,True,False,True,False,True,False,False,True,0,True
370,0,1,2,-1.285,1,0.2766505836319734,0.8508467561052842,0.7233494163680265,0.2766505836319734,True,False,True,False,True,False,True,False,0,False
370,0,2,5,3.4476,1,1.0,0.0,1.0,0.0,False,True,False,True,False,True,False,True,1,True
371,0,0,0,2.5392,1,1.0,0.0,1.0,0.0,False,True,False,True,False,True,False,True,1,True
371,0,1,1,-7.1204,0,0.0008084433091163759,0.009470652630591502,0.9991915566908837,0.0008084433091163759,False,True,False,True,False,True,False,True,0,True
371,0,2,4,-9.1871,0,0.00010235125337113582,0.0015042363936423,0.9998976487466289,0.00010235125337113582,False,True,False,True,False,True,False,True,0,True
371,0,3,10,-0.5516,0,0.5760274287859283,0.9832570852262809,0.5760274287859283,0.4239725712140717,True,False,True,False,True,False,True,False,1,False
371,0,4,22,-11.8087,0,7.439551449369288e-06,0.00013747578818539707,0.9999925604485507,7.439551449369288e-06,False,True,False,True,False,True,False,True,0,True
371,0,5,46,-80.427,0,1.1775997477570678e-35,1.366388229933323e-33,1.0,1.1775997477570678e-35,False,True,False,True,False,True,False,True,0,True
372,0,0,0,-1.0875,0,0.3370580864936543,0.9219756351928612,0.6629419135063457,0.3370580864936543,True,False,True,False,True,False,True,False,0,True
372,0,1,2,-8.0862,0,0.00030775701459482733,0.00403420009831631,0.9996922429854052,0.00030775701459482733,False,True,False,True,False,True,False,True,0,True
372,0,2,6,-0.008,1,0.9920319148370607,0.06699951001146841,0.9920319148370607,0.007968085162939342,False,True,False,True,False,True,False,True,1,True
372,0,3,13,-12.1325,0,5.381733628051757e-06,0.00010196334107824455,0.9999946182663719,5.381733628051757e-06,False,True,False,True,False,True,False,True,0,True
372,0,4,28,-13.0868,0,2.072406635847398e-06,4.211742681668832e-05,0.9999979275933641,2.072406635847398e-06,False,True,False,True,False,True,False,True,0,True
373,0,0,0,-1.6144,1,0.19901004065056593,0.7199437523647813,0.8009899593494341,0.19901004065056593,True,False,True,False,True,False,False,True,0,False
374,0,0,0,-5.6422,0,0.0035450606873675262,0.03396206691973943,0.9964549393126325,0.0035450606873675262,False,True,False,True,False,True,False,True,0,True
374,0,1,2,-0.6405,0,0.5270288437315962,0.9978910262036678,0.5270288437315962,0.4729711562684038,True,False,True,False,True,False,True,False,1,False
374,0,2,6,-0.0518,1,0.9495187516041014,0.28843775891768036,0.9495187516041014,0.050481248395898626,True,False,True,False,False,True,False,True,1,True
374,0,3,13,-34.0773,0,1.586414431050267e-15,8.023553191225127e-14,0.9999999999999984,1.586414431050267e-15,False,True,False,True,False,True,False,True,0,True
374,0,4,28,-21.101,0,6.854126844642751e-10,2.185438562843741e-08,0.9999999993145873,6.854126844642751e-10,False,True,False,True,False,True,False,True,0,True
375,0,0,0,-0.7994,0,0.4495986423910837,0.9926577887822531,0.5504013576089163,0.4495986423910837,True,False,True,False,True,False,True,False,0,True
375,0,1,2,-8.8456,0,0.00014401400588899554,0.0020455885353533824,0.999855985994111,0.00014401400588899554,False,True,False,True,False,True,False,True,0,True
375,0,2,6,-13.2034,0,1.8443198378726755e-06,3.77922776275294e-05,0.9999981556801621,1.8443198378726755e-06,False,True,False,True,False,True,False,True,0,True
375,0,3,14,-26.8218,0,2.2461578086329413e-12,9.015718520924666e-11,0.9999999999977538,2.2461578086329413e-12,False,True,False,True,False,True,False,True,0,True
375,0,4,30,-81.9119,0,2.6675577349061075e-36,3.1523567945460136e-34,1.0,2.6675577349061075e-36,False,True,False,True,False,True,False,True,0,True
376,0,0,0,-4.2634,0,0.014074368116445418,0.10672988268874105,0.9859256318835545,0.014074368116445418,True,False,False,True,False,True,False,True,0,True
376,0,1,2,-2.3259,0,0.09769547854212068,0.4616475732411134,0.9023045214578793,0.09769547854212068,True,False,True,False,False,True,False,True,0,True
376,0,2,6,-1.7463,0,0.1744180979922413,0.6677124041635887,0.8255819020077587,0.1744180979922413,True,False,True,False,True,False,False,True,0,True
376,0,3,14,-2.199,0,0.11091401694074722,0.5026667683994746,0.8890859830592528,0.11091401694074722,True,False,True,False,True,False,False,True,0,True
376,0,4,30,-14.1544,0,7.125612240528631e-07,1.55788523169989e-05,0.999999287438776,7.125612240528631e-07,False,True,False,True,False,True,False,True,0,True
376,0,5,62,-0.0927,1,0.9114668993540376,0.4315544524200549,0.9114668993540376,0.08853310064596243,True,False,True,False,False,True,False,True,1,True
377,0,0,0,-0.0049,1,0.9951119854158298,0.044557669752801274,0.9951119854158298,0.004888014584170208,False,True,False,True,False,True,False,True,1,True
377,0,1,1,-2.6155,0,0.07313121394608368,0.37750155258330803,0.9268687860539163,0.07313121394608368,True,False,True,False,False,True,False,True,0,True
377,0,2,4,-60.3959,0,5.893779724847132e-27,5.1354191558038155e-25,1.0,5.893779724847132e-27,False,True,False,True,False,True,False,True,0,True
377,0,3,10,-7.4805,0,0.0005639753573853107,0.006899882288253896,0.9994360246426147,0.0005639753573853107,False,True,False,True,False,True,False,True,0,True
377,0,4,22,0.3759,1,1.0,0.0,1.0,0.0,False,True,False,True,False,True,False,True,1,True
377,0,5,45,-86.79,0,2.0304014533521978e-38,2.542296168529209e-36,1.0,2.0304014533521978e-38,False,True,False,True,False,True,False,True,0,True
377,0,6,92,-7.0959,0,0.0008284947979457398,0.009676253364597228,0.9991715052020542,0.0008284947979457398,False,True,False,True,False,True,False,True,0,True
378,0,0,0,27.1074,1,1.0,0.0,1.0,0.0,False,True,False,True,False,True,False,True,1,True
379,0,0,0,2.3955,1,1.0,0.0,1.0,0.0,False,True,False,True,False,True,False,True,1,True
379,0,1,1,-35.0328,0,6.101663798887909e-16,3.163967030488984e-14,0.9999999999999994,6.101663798887909e-16,False,True,False,True,False,True,False,True,0,True
379,0,2,4,15.5886,1,1.0,0.0,1.0,0.0,False,True,False,True,False,True,False,True,1,True
379,0,3,9,0.3265,1,1.0,0.0,1.0,0.0,False,True,False,True,False,True,False,True,1,True
380,0,0,0,0.9932,1,1.0,0.0,1.0,0.0,False,True,False,True,False,True,False,True,1,True
380,0,1,1,18.7968,1,1.0,0.0,1.0,0.0,False,True,False,True,False,True,False,True,1,True
380,0,2,3,-80.8759,0,7.516971627815915e-36,8.770746859028747e-34,1.0,7.516971627815915e-36,False,True,False,True,False,True,False,True,0,True
380,0,3,8,-71.9854,0,5.459313099059233e-32,5.669659318870036e-30,1.0,5.459313099059233e-32,False,True,False,True,False,True,False,True,0,True
381,0,0,0,-5.3663,0,0.004671383492987464,0.04288916066288036,0.9953286165070125,0.004671383492987464,False,True,False,True,False,True,False,True,0,True
381,0,1,2,-14.8566,0,3.5306982324922326e-07,8.076909282815516e-06,0.9999996469301767,3.5306982324922326e-07,False,True,False,True,False,True,False,True,0,True
381,0,2,6,-93.7278,0,1.970305905660141e-41,2.6642601029603635e-39,1.0,1.970305905660141e-41,False,True,False,True,False,True,False,True,0,True
381,0,3,14,-5.0694,0,0.006286190723947427,0.0550151647742931,0.9937138092760526,0.006286190723947427,False,True,False,True,False,True,False,True,0,True
381,0,4,30,-1.9375,1,0.14406365910145327,0.5947830224346935,0.8559363408985468,0.14406365910145327,True,False,True,False,True,False,False,True,0,False
381,0,5,61,-5.4262,0,0.004399783252793594,0.04077661232552041,0.9956002167472064,0.004399783252793594,False,True,False,True,False,True,False,True,0,True
382,0,0,0,-43.2753,0,1.6061126670396754e-19,1.0027452963711662e-17,1.0,1.6061126670396754e-19,False,True,False,True,False,True,False,True,0,True
382,0,1,2,-99.7906,0,4.586623313243798e-44,6.603242503747055e-42,1.0,4.586623313243798e-44,False,True,False,True,False,True,False,True,0,True
382,0,2,6,-69.9855,0,4.033513703518955e-31,4.0725473783156053e-29,1.0,4.033513703518955e-31,False,True,False,True,False,True,False,True,0,True
382,0,3,14,-26.2353,0,4.037885306429939e-12,1.5865752123740208e-10,0.9999999999959621,4.037885306429939e-12,False,True,False,True,False,True,False,True,0,True
382,0,4,30,-18.2142,0,1.2293440616813302e-08,3.407770142197099e-07,0.9999999877065594,1.2293440616813302e-08,False,True,False,True,False,True,False,True,0,True
382,0,5,62,-105.2476,0,1.956807419760023e-46,2.9712201155541445e-44,1.0,1.956807419760023e-46,False,True,False,True,False,True,False,True,0,True
382,0,6,126,-0.6923,1,0.5004237697593782,0.9999994818392528,0.5004237697593782,0.4995762302406218,True,False,True,False,True,False,True,False,1,True
382,0,7,253,-18.7075,0,7.506473915529734e-09,2.1342340960546595e-07,0.9999999924935261,7.506473915529734e-09,False,True,False,True,False,True,False,True,0,True
383,0,0,0,-29.8724,0,1.063118116027028e-13,4.73513911436276e-12,0.9999999999998936,1.063118116027028e-13,False,True,False,True,False,True,False,True,0,True
383,0,1,2,-121.7373,0,1.3494673090398304e-53,2.370066722453719e-51,1.0,1.3494673090398304e-53,False,True,False,True,False,True,False,True,0,True
383,0,2,6,-0.835,0,0.4338744814329909,0.9873463510291544,0.5661255185670091,0.4338744814329909,True,False,True,False,True,False,True,False,0,True
383,0,3,14,0.5189,1,1.0,0.0,1.0,0.0,False,True,False,True,False,True,False,True,1,True
384,0,0,0,-2.618,0,0.07294861425593517,0.3768321876561886,0.9270513857440649,0.07294861425593517,True,False,True,False,False,True,False,True,0,True
384,0,1,2,-12.545,0,3.562671048172544e-06,6.96192300200883e-05,0.9999964373289518,3.562671048172544e-06,False,True,False,True,False,True,False,True,0,True
384,0,2,6,-16.2447,0,8.810822046627193e-08,2.192030593555642e-06,0.9999999118917795,8.810822046627193e-08,False,True,False,True,False,True,False,True,0,True
384,0,3,14,41.3247,1,1.0,0.0,1.0,0.0,False,True,False,True,False,True,False,True,1,True
385,0,0,0,-1.1845,1,0.305899090813104,0.8883828100006945,0.6941009091868959,0.305899090813104,True,False,True,False,True,False,True,False,0,False
385,0,1,1,-2.5075,1,0.08147166401400995,0.40734358050920916,0.91852833598599,0.08147166401400995,True,False,True,False,False,True,False,True,0,False
386,0,0,0,0.0,1,1.0,0.0,1.0,0.0,False,True,False,True,False,True,False,True,1,True
387,0,0,0,13.8499,1,1.0,0.0,1.0,0.0,False,True,False,True,False,True,False,True,1,True
387,0,1,1,14.8965,1,1.0,0.0,1.0,0.0,False,True,False,True,False,True,False,True,1,True
388,0,0,0,-0.3561,0,0.7004025764754752,0.8807982359545987,0.7004025764754752,0.2995974235245248,True,False,True,False,True,False,True,False,1,False
388,0,1,2,-10.9437,0,1.7668979969191906e-05,0.00030445603167607765,0.9999823310200308,1.7668979969191906e-05,False,True,False,True,False,True,False,True,0,True
388,0,2,6,-16.5306,0,6.619903176610902e-08,1.6742602100696878e-06,0.9999999338009682,6.619903176610902e-08,False,True,False,True,False,True,False,True,0,True
388,0,3,14,1.7731,1,1.0,0.0,1.0,0.0,False,True,False,True,False,True,False,True,1,True
388,0,4,29,-24.4771,0,2.342774762793863e-11,8.61102868805449e-10,0.9999999999765723,2.342774762793863e-11,False,True,False,True,False,True,False,True,0,True
389,0,0,0,-2.1333,0,0.11844577714057254,0.5248767368568373,0.8815542228594274,0.11844577714057254,True,False,True,False,True,False,False,True,0,True
389,0,1,2,-2.8791,0,0.05618530686208529,0.3121120812071169,0.9438146931379147,0.05618530686208529,True,False,True,False,False,True,False,True,0,True
389,0,2,6,-56.1636,0,4.0593681152015627e-25,3.2891820592959534e-23,1.0,4.0593681152015627e-25,False,True,False,True,False,True,False,True,0,True
389,0,3,14,-3.2411,0,0.03912083849984926,0.2382466440265255,0.9608791615001507,0.03912083849984926,True,False,False,True,False,True,False,True,0,True
389,0,4,30,-4.3304,0,0.01316228152434708,0.1010942870471796,0.9868377184756529,0.01316228152434708,True,False,False,True,False,True,False,True,0,True
390,0,0,0,-9.5641,0,7.020436987066623e-05,0.0010699654274972008,0.9999297956301293,7.020436987066623e-05,False,True,False,True,False,True,False,True,0,True
390,0,1,2,-1.8499,0,0.157252890816471,0.627696904196865,0.842747109183529,0.157252890816471,True,False,True,False,True,False,False,True,0,True
390,0,2,6,-5.4176,0,0.0044377845601749205,0.04107362105380475,0.995562215439825,0.0044377845601749205,False,True,False,True,False,True,False,True,0,True
390,0,3,14,-0.542,1,0.5815839205891371,0.9807088892599835,0.5815839205891371,0.4184160794108629,True,False,True,False,True,False,True,False,1,True
391,0,0,0,-17.3285,0,2.980767280197848e-08,7.881874813917429e-07,0.9999999701923272,2.980767280197848e-08,False,True,False,True,False,True,False,True,0,True
391,0,1,2,-22.7453,0,1.3238589650037389e-10,4.535173625257928e-09,0.9999999998676141,1.3238589650037389e-10,False,True,False,True,False,True,False,True,0,True
391,0,2,6,0.0907,1,1.0,0.0,1.0,0.0,False,True,False,True,False,True,False,True,1,True
392,0,0,0,0.4739,1,1.0,0.0,1.0,0.0,False,True,False,True,False,True,False,True,1,True
392,0,1,1,-36.6251,0,1.241426954695769e-16,6.719728607339406e-15,0.9999999999999999,1.241426954695769e-16,False,True,False,True,False,True,False,True,0,True
392,0,2,4,-2.1413,0,0.11750199110112593,0.5221375322479992,0.8824980088988741,0.11750199110112593,True,False,True,False,True,False,False,True,0,True
392,0,3,10,1.982,1,1.0,0.0,1.0,0.0,False,True,False,True,False,True,False,True,1,True
392,0,4,21,-11.8737,0,6.971361605326167e-06,0.00012947783113823898,0.9999930286383947,6.971361605326167e-06,False,True,False,True,False,True,False,True,0,True
393,0,0,0,-43.6062,0,1.1536337771391688e-19,7.25756183153593e-18,1.0,1.1536337771391688e-19,False,True,False,True,False,True,False,True,0,True
393,0,1,2,-20.2267,0,1.6430690039843723e-09,5.031677804351033e-08,0.999999998356931,1.6430690039843723e-09,False,True,False,True,False,True,False,True,0,True
393,0,2,6,0.0,1,1.0,0.0,1.0,0.0,False,True,False,True,False,True,False,True,1,True
393,0,3,13,1.9575,1,1.0,0.0,1.0,0.0,False,True,False,True,False,True,False,True,1,True
394,0,0,0,0.1307,1,1.0,0.0,1.0,0.0,False,True,False,True,False,True,False,True,1,True
394,0,1,1,-0.2305,1,0.794136435002232,0.7335013374193343,0.794136435002232,0.20586356499776803,True,False,True,False,True,False,True,False,1,True
394,0,2,3,-0.3599,1,0.6977460971921361,0.8840286277823245,0.6977460971921361,0.3022539028078639,True,False,True,False,True,False,True,False,1,True
394,0,3,7,-9.859,0,5.227459814530123e-05,0.0008189436685879923,0.9999477254018547,5.227459814530123e-05,False,True,False,True,False,True,False,True,0,True
394,0,4,16,-22.7768,0,1.2828073647088294e-10,4.4003719316265914e-09,0.9999999998717193,1.2828073647088294e-10,False,True,False,True,False,True,False,True,0,True
395,0,0,0,0.0961,1,1.0,0.0,1.0,0.0,False,True,False,True,False,True,False,True,1,True
396,0,0,0,-9.6441,0,6.480680141538542e-05,0.000995182544610738,0.9999351931985846,6.480680141538542e-05,False,True,False,True,False,True,False,True,0,True
396,0,1,2,0.0,1,1.0,0.0,1.0,0.0,False,True,False,True,False,True,False,True,1,True
396,0,2,5,0.917,1,1.0,0.0,1.0,0.0,False,True,False,True,False,True,False,True,1,True
396,0,3,11,-26.0509,0,4.855543859328855e-12,1.8949344613516345e-10,0.9999999999951444,4.855543859328855e-12,False,True,False,True,False,True,False,True,0,True
396,0,4,24,-2.3269,0,0.09759783189503929,0.4613343179145569,0.9024021681049608,0.09759783189503929,True,False,True,False,False,True,False,True,0,True
396,0,5,50,-28.8242,0,3.0325571543284804e-13,1.3048174405756538e-11,0.9999999999996968,3.0325571543284804e-13,False,True,False,True,False,True,False,True,0,True
397,0,0,0,0.0,1,1.0,0.0,1.0,0.0,False,True,False,True,False,True,False,True,1,True
397,0,1,1,-3.1376,0,0.043386801371172005,0.2576106660994166,0.956613198628828,0.043386801371172005,True,False,False,True,False,True,False,True,0,True
397,0,2,4,0.0217,1,1.0,0.0,1.0,0.0,False,True,False,True,False,True,False,True,1,True
397,0,3,9,-5.597,0,0.003708973964671977,0.03529007282652059,0.996291026035328,0.003708973964671977,False,True,False,True,False,True,False,True,0,True
397,0,4,20,-6.9326,0,0.0009754613689174722,0.01116280806568612,0.9990245386310825,0.0009754613689174722,False,True,False,True,False,True,False,True,0,True
397,0,5,42,-7.3273,0,0.0006573460275287219,0.007896881974420407,0.9993426539724712,0.0006573460275287219,False,True,False,True,False,True,False,True,0,True
398,0,0,0,0.3047,1,1.0,0.0,1.0,0.0,False,True,False,True,False,True,False,True,1,True
398,0,1,1,-6.1911,0,0.0020475731835382237,0.021239653312951863,0.9979524268164618,0.0020475731835382237,False,True,False,True,False,True,False,True,0,True
398,0,2,4,0.3908,1,1.0,0.0,1.0,0.0,False,True,False,True,False,True,False,True,1,True
398,0,3,9,-50.4162,0,1.2721037752027448e-22,9.252672469873819e-21,1.0,1.2721037752027448e-22,False,True,False,True,False,True,False,True,0,True
398,0,4,20,-79.1671,0,4.1511203214703875e-35,4.741159840488701e-33,1.0,4.1511203214703875e-35,False,True,False,True,False,True,False,True,0,True
398,0,5,42,-80.5682,0,1.0225282682793008e-35,1.1885392357482963e-33,1.0,1.0225282682793008e-35,False,True,False,True,False,True,False,True,0,True
399,0,0,0,0.0,1,1.0,0.0,1.0,0.0,False,True,False,True,False,True,False,True,1,True
399,0,1,1,-20.6634,0,1.0616940968678191e-09,3.3181847249339805e-08,0.9999999989383059,1.0616940968678191e-09,False,True,False,True,False,True,False,True,0,True
399,0,2,4,-30.5046,0,5.649637037343413e-14,2.5678666545379477e-12,0.9999999999999435,5.649637037343413e-14,False,True,False,True,False,True,False,True,0,True
399,0,3,10,-48.2059,0,1.1599616600313706e-21,8.06711725237558e-20,1.0,1.1599616600313706e-21,False,True,False,True,False,True,False,True,0,True
399,0,4,22,-3.3285,0,0.03584683501264116,0.22291472012215527,0.9641531649873588,0.03584683501264116,True,False,False,True,False,True,False,True,0,True
399,0,5,46,-33.9662,0,1.7728286794200763e-15,8.943643149531235e-14,0.9999999999999982,1.7728286794200763e-15,False,True,False,True,False,True,False,True,0,True
399,0,6,94,0.0,1,1.0,0.0,1.0,0.0,False,True,False,True,False,True,False,True,1,True
400,0,0,0,-23.3269,0,7.400414579773248e-11,2.597271539508386e-09,0.9999999999259959,7.400414579773248e-11,False,True,False,True,False,True,False,True,0,True
400,0,1,2,-11.0222,0,1.6335008378407267e-05,0.0002833202093547412,0.9999836649916216,1.6335008378407267e-05,False,True,False,True,False,True,False,True,0,True
400,0,2,6,-0.5887,1,0.5550483788142596,0.9912385828559717,0.5550483788142596,0.4449516211857404,True,False,True,False,True,False,True,False,1,True
400,0,3,13,-34.8808,0,7.103314370742616e-16,3.670658024536913e-14,0.9999999999999993,7.103314370742616e-16,False,True,False,True,False,True,False,True,0,True
401,0,0,0,-36.8612,0,9.803569763183978e-17,5.373657809587184e-15,0.9999999999999999,9.803569763183978e-17,False,True,False,True,False,True,False,True,0,True
401,0,1,2,-6.1803,0,0.0020698068194438053,0.021438001614758517,0.9979301931805562,0.0020698068194438053,False,True,False,True,False,True,False,True,0,True
401,0,2,6,0.0358,1,1.0,0.0,1.0,0.0,False,True,False,True,False,True,False,True,1,True
401,0,3,13,-38.3961,0,2.1124461333090398e-17,1.1701655182904207e-15,1.0,2.1124461333090398e-17,False,True,False,True,False,True,False,True,0,True
401,0,4,28,-22.4149,0,1.8421823524873043e-10,6.22299511343073e-09,0.9999999998157818,1.8421823524873043e-10,False,True,False,True,False,True,False,True,0,True
401,0,5,58,-48.6429,0,7.493020939119104e-22,5.258367608810539e-20,1.0,7.493020939119104e-22,False,True,False,True,False,True,False,True,0,True
401,0,6,118,-7.2292,0,0.0007251007117488854,0.008608180189408288,0.9992748992882511,0.0007251007117488854,False,True,False,True,False,True,False,True,0,True
402,0,0,0,0.3622,1,1.0,0.0,1.0,0.0,False,True,False,True,False,True,False,True,1,True
402,0,1,1,-8.1148,0,0.00029907983904492496,0.003932798494383455,0.999700920160955,0.00029907983904492496,False,True,False,True,False,True,False,True,0,True
403,0,0,0,-24.0214,0,3.6952049619187934e-11,1.3339042380473566e-09,0.999999999963048,3.6952049619187934e-11,False,True,False,True,False,True,False,True,0,True
403,0,1,2,-2.5867,0,0.07526801515143028,0.38528221651441236,0.9247319848485698,0.07526801515143028,True,False,True,False,False,True,False,True,0,True
403,0,2,6,-33.5,0,2.825757287115611e-15,1.4057393496316634e-13,0.9999999999999972,2.825757287115611e-15,False,True,False,True,False,True,False,True,0,True
403,0,3,14,-39.0592,0,1.0884411999543002e-17,6.133422122976998e-16,1.0,1.0884411999543002e-17,False,True,False,True,False,True,False,True,0,True
403,0,4,30,-4.0791,0,0.016922689221371016,0.12379481574538313,0.983077310778629,0.016922689221371016,True,False,False,True,False,True,False,True,0,True
403,0,5,62,-2.5867,0,0.07526801515143028,0.38528221651441236,0.9247319848485698,0.07526801515143028,True,False,True,False,False,True,False,True,0,True
403,0,6,126,0.0,1,1.0,0.0,1.0,0.0,False,True,False,True,False,True,False,True,1,True
404,0,0,0,-23.1362,0,8.955214809938834e-11,3.118311107585368e-09,0.9999999999104479,8.955214809938834e-11,False,True,False,True,False,True,False,True,0,True
404,0,1,2,-0.2183,1,0.8038842402160863,0.7140912606683931,0.8038842402160863,0.1961157597839137,True,False,True,False,True,False,False,True,1,True
404,0,2,5,-62.3556,0,8.304375992122422e-28,7.470626183548417e-26,1.0,8.304375992122422e-28,False,True,False,True,False,True,False,True,0,True
404,0,3,12,-3.0562,0,0.04706620742019521,0.27380121278440633,0.9529337925798048,0.04706620742019521,True,False,False,True,False,True,False,True,0,True
405,0,0,0,-32.2114,0,1.0251011615511279e-14,4.911128500925807e-13,0.9999999999999898,1.0251011615511279e-14,False,True,False,True,False,True,False,True,0,True
405,0,1,2,-0.2481,1,0.7802819111853762,0.7596524072419952,0.7802819111853762,0.21971808881462385,True,False,True,False,True,False,True,False,1,True
405,0,2,5,-17.7938,0,1.871762955968363e-08,5.075046052371686e-07,0.9999999812823704,1.871762955968363e-08,False,True,False,True,False,True,False,True,0,True
406,0,0,0,-2.9269,0,0.05356282580154629,0.30134300162619226,0.9464371741984537,0.05356282580154629,True,False,True,False,False,True,False,True,0,True
406,0,1,2,-35.6462,0,3.304091298202162e-16,1.7472330798491294e-14,0.9999999999999997,3.304091298202162e-16,False,True,False,True,False,True,False,True,0,True
406,0,2,6,-40.1105,0,3.803918325990416e-18,2.2012217649270708e-16,1.0,3.803918325990416e-18,False,True,False,True,False,True,False,True,0,True
406,0,3,14,0.018,1,1.0,0.0,1.0,0.0,False,True,False,True,False,True,False,True,1,True
406,0,4,29,-1.1781,0,0.3078631231940343,0.8906913827497512,0.6921368768059657,0.3078631231940343,True,False,True,False,True,False,True,False,0,True
406,0,5,60,-11.8267,0,7.3068375317952275e-06,0.0001352131104369128,0.9999926931624682,7.3068375317952275e-06,False,True,False,True,False,True,False,True,0,True
407,0,0,0,-42.4755,0,3.57375465385638e-19,2.1899680191622567e-17,1.0,3.57375465385638e-19,False,True,False,True,False,True,False,True,0,True
407,0,1,2,-3.058,0,0.04698156444836711,0.2734337797954372,0.9530184355516329,0.04698156444836711,True,False,False,True,False,True,False,True,0,True
407,0,2,6,-0.2807,1,0.755254877960525,0.8028426023377673,0.755254877960525,0.24474512203947496,True,False,True,False,True,False,True,False,1,True
408,0,0,0,-0.0583,1,0.943366894912569,0.3139320059994357,0.943366894912569,0.056633105087431024,True,False,True,False,False,True,False,True,1,True
408,0,1,1,-15.1877,0,2.5355121570046443e-07,5.9214133698473416e-06,0.9999997464487843,2.5355121570046443e-07,False,True,False,True,False,True,False,True,0,True
408,0,2,4,-13.8664,0,9.503837372156059e-07,2.0383527100206626e-05,0.9999990496162627,9.503837372156059e-07,False,True,False,True,False,True,False,True,0,True
408,0,3,10,-29.4784,0,1.576498437562547e-13,6.932029673408728e-12,0.9999999999998423,1.576498437562547e-13,False,True,False,True,False,True,False,True,0,True
409,0,0,0,0.0,1,1.0,0.0,1.0,0.0,False,True,False,True,False,True,False,True,1,True
410,0,0,0,8.8119,1,1.0,0.0,1.0,0.0,False,True,False,True,False,True,False,True,1,True
411,0,0,0,-2.3171,0,0.09855899264279717,0.46441099364857213,0.9014410073572028,0.09855899264279717,True,False,True,False,False,True,False,True,0,True
411,0,1,2,-92.9695,0,4.205902150547615e-41,5.6412350933817285e-39,1.0,4.205902150547615e-41,False,True,False,True,False,True,False,True,0,True
411,0,2,6,20.4381,1,1.0,0.0,1.0,0.0,False,True,False,True,False,True,False,True,1,True
412,0,0,0,-29.25,0,1.9810087980489796e-13,8.64537098318057e-12,0.9999999999998019,1.9810087980489796e-13,False,True,False,True,False,True,False,True,0,True
412,0,1,2,-36.8808,0,9.613290622831531e-17,5.2751867035424574e-15,0.9999999999999999,9.613290622831531e-17,False,True,False,True,False,True,False,True,0,True
412,0,2,6,-36.373,0,1.597374729976563e-16,8.542418657784889e-15,0.9999999999999999,1.597374729976563e-16,False,True,False,True,False,True,False,True,0,True
412,0,3,14,-22.8695,0,1.1692364511796841e-10,4.02643056661339e-09,0.9999999998830763,1.1692364511796841e-10,False,True,False,True,False,True,False,True,0,True
412,0,4,30,-22.1774,0,2.3360253807182596e-10,7.811183052286072e-09,0.9999999997663974,2.3360253807182596e-10,False,True,False,True,False,True,False,True,0,True
412,0,5,62,-0.6512,0,0.521419697551558,0.9986757678804065,0.521419697551558,0.47858030244844196,True,False,True,False,True,False,True,False,1,False
413,0,0,0,-29.25,0,1.9810087980489796e-13,8.64537098318057e-12,0.9999999999998019,1.9810087980489796e-13,False,True,False,True,False,True,False,True,0,True
413,0,1,2,16.5558,1,1.0,0.0,1.0,0.0,False,True,False,True,False,True,False,True,1,True
414,0,0,0,1.2505,1,1.0,0.0,1.0,0.0,False,True,False,True,False,True,False,True,1,True
415,0,0,0,-47.0563,0,3.6619176301785e-21,2.485998636563251e-19,1.0,3.6619176301785e-21,False,True,False,True,False,True,False,True,0,True
415,0,1,2,-30.1717,0,7.881287681808663e-14,3.5443328331163593e-12,0.9999999999999212,7.881287681808663e-14,False,True,False,True,False,True,False,True,0,True
415,0,2,6,1.639,1,1.0,0.0,1.0,0.0,False,True,False,True,False,True,False,True,1,True
415,0,3,13,-94.9825,0,5.6185515858433635e-42,7.699145159492062e-40,1.0,5.6185515858433635e-42,False,True,False,True,False,True,False,True,0,True
416,0,0,0,-1.7325,0,0.17684175249734455,0.6731190063007596,0.8231582475026554,0.17684175249734455,True,False,True,False,True,False,False,True,0,True
416,0,1,2,-1.7315,0,0.1770186827001991,0.6735114081813023,0.8229813172998008,0.1770186827001991,True,False,True,False,True,False,False,True,0,True
416,0,2,6,-58.8246,0,2.8366177740971704e-26,2.407322868706751e-24,1.0,2.8366177740971704e-26,False,True,False,True,False,True,False,True,0,True
416,0,3,14,17.5005,1,1.0,0.0,1.0,0.0,False,True,False,True,False,True,False,True,1,True
417,0,0,0,-10.1333,0,3.973413166353173e-05,0.0006382067633618917,0.9999602658683364,3.973413166353173e-05,False,True,False,True,False,True,False,True,0,True
417,0,1,2,0.1629,1,1.0,0.0,1.0,0.0,False,True,False,True,False,True,False,True,1,True
417,0,2,5,11.0322,1,1.0,0.0,1.0,0.0,False,True,False,True,False,True,False,True,1,True
418,0,0,0,-89.2096,0,1.806188144021504e-39,2.324604735789816e-37,1.0,1.806188144021504e-39,False,True,False,True,False,True,False,True,0,True
418,0,1,2,-70.7839,0,1.8152766544865827e-31,1.853752922715675e-29,1.0,1.8152766544865827e-31,False,True,False,True,False,True,False,True,0,True
418,0,2,6,-1.3756,0,0.25268793754929003,0.815510674721046,0.7473120624507099,0.25268793754929003,True,False,True,False,True,False,True,False,0,True
418,0,3,14,-1.9948,0,0.136040859618137,0.5737755160877465,0.8639591403818629,0.136040859618137,True,False,True,False,True,False,False,True,0,True
418,0,4,30,-57.957,0,6.754523427467227e-26,5.6477458938731476e-24,1.0,6.754523427467227e-26,False,True,False,True,False,True,False,True,0,True
418,0,5,62,-0.0677,1,0.9345407937652125,0.3487451067129344,0.9345407937652125,0.06545920623478751,True,False,True,False,False,True,False,True,1,True
418,0,6,125,-106.7517,0,4.348362644675568e-47,6.696919753184626e-45,1.0,4.348362644675568e-47,False,True,False,True,False,True,False,True,0,True
419,0,0,0,-2.7945,0,0.06114543941038732,0.3319752039576457,0.9388545605896127,0.06114543941038732,True,False,True,False,False,True,False,True,0,True
419,0,1,2,-79.2618,0,3.776049112894926e-35,4.3179350355962535e-33,1.0,3.776049112894926e-35,False,True,False,True,False,True,False,True,0,True
419,0,2,6,-0.3425,1,0.7099931193855512,0.8687301343182048,0.7099931193855512,0.2900068806144488,True,False,True,False,True,False,True,False,1,True
419,0,3,13,-2.1871,0,0.1122417782535,0.5066410267346734,0.8877582217465,0.1122417782535,True,False,True,False,True,False,False,True,0,True
419,0,4,28,-4.9315,0,0.007215671652207205,0.06170934803461961,0.9927843283477928,0.007215671652207205,False,True,False,True,False,True,False,True,0,True
420,0,0,0,1.3349,1,1.0,0.0,1.0,0.0,False,True,False,True,False,True,False,True,1,True
420,0,1,1,2.335,1,1.0,0.0,1.0,0.0,False,True,False,True,False,True,False,True,1,True
421,0,0,0,-49.8834,0,2.1672780944657515e-22,1.5597149224517856e-20,1.0,2.1672780944657515e-22,False,True,False,True,False,True,False,True,0,True
421,0,1,2,-180.8266,0,2.937686440403097e-79,7.663767029320753e-77,1.0,2.937686440403097e-79,False,True,False,True,False,True,False,True,0,True
421,0,2,6,-98.8338,0,1.194059682117184e-43,1.7025742745588098e-41,1.0,1.194059682117184e-43,False,True,False,True,False,True,False,True,0,True
421,0,3,14,0.0,1,1.0,0.0,1.0,0.0,False,True,False,True,False,True,False,True,1,True
421,0,4,29,-9.6389,0,6.514467449140276e-05,0.0009998822399108446,0.9999348553255086,6.514467449140276e-05,False,True,False,True,False,True,False,True,0,True
421,0,5,60,-1.6361,1,0.19473804159370298,0.7112785150072873,0.805261958406297,0.19473804159370298,True,False,True,False,True,False,False,True,0,False
421,0,6,121,-19.2444,0,4.387966188542951e-09,1.2815711469822667e-07,0.9999999956120338,4.387966188542951e-09,False,True,False,True,False,True,False,True,0,True
421,0,7,244,0.0027,1,1.0,0.0,1.0,0.0,False,True,False,True,False,True,False,True,1,True
422,0,0,0,-43.6296,0,1.1269521393878203e-19,7.09351093672704e-18,1.0,1.1269521393878203e-19,False,True,False,True,False,True,False,True,0,True
422,0,1,2,0.0,1,1.0,0.0,1.0,0.0,False,True,False,True,False,True,False,True,1,True
422,0,2,5,-6.9837,0,0.0009268674414320019,0.010675080452300619,0.999073132558568,0.0009268674414320019,False,True,False,True,False,True,False,True,0,True
422,0,3,12,-32.237,0,9.991916288248034e-15,4.7912106103872e-13,0.99999999999999,9.991916288248034e-15,False,True,False,True,False,True,False,True,0,True
422,0,4,26,-2.4459,0,0.08664811649386936,0.4251815834248298,0.9133518835061306,0.08664811649386936,True,False,True,False,False,True,False,True,0,True
422,0,5,54,-38.8601,0,1.3282291393996623e-17,7.446487359046684e-16,1.0,1.3282291393996623e-17,False,True,False,True,False,True,False,True,0,True
422,0,6,110,-3.2156,0,0.040131247849844565,0.24289363229891878,0.9598687521501554,0.040131247849844565,True,False,False,True,False,True,False,True,0,True
423,0,0,0,-91.1371,0,2.6282118756390006e-40,3.4556529298409833e-38,1.0,2.6282118756390006e-40,False,True,False,True,False,True,False,True,0,True
423,0,1,2,-1.1602,0,0.3134234899157345,0.8970858436761318,0.6865765100842656,0.3134234899157345,True,False,True,False,True,False,True,False,0,True
423,0,2,6,-44.3635,0,5.409744475626478e-20,3.4623988349859532e-18,1.0,5.409744475626478e-20,False,True,False,True,False,True,False,True,0,True
423,0,3,14,-39.7253,0,5.591411019851169e-18,3.204521152455067e-16,1.0,5.591411019851169e-18,False,True,False,True,False,True,False,True,0,True
423,0,4,30,-48.0509,0,1.354438466912348e-21,9.3893460371841e-20,1.0,1.354438466912348e-21,False,True,False,True,False,True,False,True,0,True
423,0,5,62,-0.3236,1,0.7235396003445292,0.8505829113274858,0.7235396003445292,0.27646039965547076,True,False,True,False,True,False,True,False,1,True
424,0,0,0,-0.839,0,0.43214244987974026,0.986672707901786,0.5678575501202597,0.43214244987974026,True,False,True,False,True,False,True,False,0,True
424,0,1,2,-83.1689,0,7.589368912972685e-37,9.106283367931063e-35,1.0,7.589368912972685e-37,False,True,False,True,False,True,False,True,0,True
424,0,2,6,-48.0747,0,1.3225834102250747e-21,9.173059121467289e-20,1.0,1.3225834102250747e-21,False,True,False,True,False,True,False,True,0,True
424,0,3,14,-1.8051,1,0.16445800995384205,0.644868653681024,0.8355419900461579,0.16445800995384205,True,False,True,False,True,False,False,True,0,False
424,0,4,29,-3.3565,0,0.03485704535293589,0.2181932369198145,0.9651429546470641,0.03485704535293589,True,False,False,True,False,True,False,True,0,True
425,0,0,0,0.4294,1,1.0,0.0,1.0,0.0,False,True,False,True,False,True,False,True,1,True
425,0,1,1,-143.5925,0,4.350804883285487e-63,9.013135560884557e-61,1.0,4.350804883285487e-63,False,True,False,True,False,True,False,True,0,True
426,0,0,0,-77.4562,0,2.2972049890403796e-34,2.567027235519734e-32,1.0,2.2972049890403796e-34,False,True,False,True,False,True,False,True,0,True
426,0,1,2,-83.9664,0,3.4186592456706934e-37,4.14129232198267e-35,1.0,3.4186592456706934e-37,False,True,False,True,False,True,False,True,0,True
426,0,2,6,0.0,1,1.0,0.0,1.0,0.0,False,True,False,True,False,True,False,True,1,True
426,0,3,13,-47.1831,0,3.225819262515797e-21,2.19584176512489e-19,1.0,3.225819262515797e-21,False,True,False,True,False,True,False,True,0,True
426,0,4,28,-1.7646,0,0.17125527489630402,0.6605682763660696,0.828744725103696,0.17125527489630402,True,False,True,False,True,False,False,True,0,True
426,0,5,58,-1.3422,0,0.2612702413115339,0.8286571409439959,0.738729758688466,0.2612702413115339,True,False,True,False,True,False,True,False,0,True
426,0,6,118,-39.6184,0,6.2222505986933624e-18,3.556468525488776e-16,1.0,6.2222505986933624e-18,False,True,False,True,False,True,False,True,0,True
427,0,0,0,-43.3669,0,1.4655297290213485e-19,9.169117755648069e-18,1.0,1.4655297290213485e-19,False,True,False,True,False,True,False,True,0,True
427,0,1,2,0.0,1,1.0,0.0,1.0,0.0,False,True,False,True,False,True,False,True,1,True
427,0,2,5,-12.5246,0,3.636095924941241e-06,7.094703363879518e-05,0.9999963639040751,3.636095924941241e-06,False,True,False,True,False,True,False,True,0,True
427,0,3,12,-0.9637,1,0.38147879996935086,0.9590797602720564,0.6185212000306491,0.38147879996935086,True,False,True,False,True,False,True,False,0,False
427,0,4,25,-45.931,0,1.1282884741569262e-20,7.476538801562642e-19,1.0,1.1282884741569262e-20,False,True,False,True,False,True,False,True,0,True
427,0,5,52,1.4011,1,1.0,0.0,1.0,0.0,False,True,False,True,False,True,False,True,1,True
428,0,0,0,-0.0059,1,0.9941173708205961,0.05204812917122821,0.9941173708205961,0.005882629179403853,False,True,False,True,False,True,False,True,1,True
429,0,0,0,0.0643,1,1.0,0.0,1.0,0.0,False,True,False,True,False,True,False,True,1,True
430,0,0,0,-0.0,1,1.0,0.0,1.0,0.0,False,True,False,True,False,True,False,True,1,True
430,0,1,1,-8.6348,0,0.00017780910979582637,0.0024715377197381135,0.9998221908902042,0.00017780910979582637,False,True,False,True,False,True,False,True,0,True
430,0,2,4,-171.9808,0,2.040269637880701e-75,5.0622322989898895e-73,1.0,2.040269637880701e-75,False,True,False,True,False,True,False,True,0,True
430,0,3,10,-0.4808,0,0.618288563050589,0.959241794023702,0.618288563050589,0.381711436949411,True,False,True,False,True,False,True,False,1,False
430,0,4,22,-46.0539,0,9.978042740217093e-21,6.629584530409018e-19,1.0,9.978042740217093e-21,False,True,False,True,False,True,False,True,0,True
430,0,5,46,-112.0788,0,2.1124946690264602e-49,3.41580942909724e-47,1.0,2.1124946690264602e-49,False,True,False,True,False,True,False,True,0,True
431,0,0,0,-43.6175,0,1.1406710925588492e-19,7.177872575272318e-18,1.0,1.1406710925588492e-19,False,True,False,True,False,True,False,True,0,True
431,0,1,2,-175.4762,0,6.1894867083835385e-77,1.5669220592663465e-74,1.0,6.1894867083835385e-77,False,True,False,True,False,True,False,True,0,True
431,0,2,6,-1.7193,0,0.1791915380964759,0.6783052345837897,0.8208084619035241,0.1791915380964759,True,False,True,False,True,False,False,True,0,True
431,0,3,14,-12.195,0,5.05567087077438e-06,9.624155768187923e-05,0.9999949443291293,5.05567087077438e-06,False,True,False,True,False,True,False,True,0,True
431,0,4,30,0.0495,1,1.0,0.0,1.0,0.0,False,True,False,True,False,True,False,True,1,True
431,0,5,61,-95.622,0,2.964101365542112e-42,4.089078174521345e-40,1.0,2.964101365542112e-42,False,True,False,True,False,True,False,True,0,True
431,0,6,124,-48.1672,0,1.205732122366375e-21,8.378702519936603e-20,1.0,1.205732122366375e-21,False,True,False,True,False,True,False,True,0,True
431,0,7,250,-111.6964,0,3.0964910675773057e-49,4.989804684787724e-47,1.0,3.0964910675773057e-49,False,True,False,True,False,True,False,True,0,True
432,0,0,0,-17.0035,0,4.125473264330513e-08,1.0715322793054154e-06,0.9999999587452674,4.125473264330513e-08,False,True,False,True,False,True,False,True,0,True
432,0,1,2,-1.2974,0,0.2732412976522171,0.8460773406241259,0.7267587023477828,0.2732412976522171,True,False,True,False,True,False,True,False,0,True
432,0,2,6,-0.0018,1,0.9982016190284373,0.01899177098310471,0.9982016190284373,0.0017983809715627075,False,True,False,True,False,True,False,True,1,True
432,0,3,13,-1.6754,1,0.18723327119282085,0.6956476644193686,0.8127667288071792,0.18723327119282085,True,False,True,False,True,False,False,True,0,False
433,0,0,0,0.6411,1,1.0,0.0,1.0,0.0,False,True,False,True,False,True,False,True,1,True
433,0,1,1,-6.8876,0,0.001020359768152371,0.011610332103787374,0.9989796402318476,0.001020359768152371,False,True,False,True,False,True,False,True,0,True
434,0,0,0,-0.3132,1,0.7311036772103915,0.8398764670225417,0.7311036772103915,0.2688963227896085,True,False,True,False,True,False,True,False,1,True
434,0,1,1,-10.5254,0,2.6845831512316722e-05,0.0004463822328608274,0.9999731541684876,2.6845831512316722e-05,False,True,False,True,False,True,False,True,0,True
434,0,2,4,-0.9629,0,0.3817841051151017,0.9592923402414709,0.6182158948848984,0.3817841051151017,True,False,True,False,True,False,True,False,0,True
435,0,0,0,-3.3697,0,0.034399955782364204,0.2159987211539831,0.9656000442176358,0.034399955782364204,True,False,False,True,False,True,False,True,0,True
435,0,1,2,-0.0496,1,0.9516099923790157,0.27951805539357794,0.9516099923790157,0.04839000762098433,True,False,False,True,False,True,False,True,1,True
436,0,0,0,-0.3857,1,0.6799744874307581,0.9044091995378449,0.6799744874307581,0.32002551256924194,True,False,True,False,True,False,True,False,1,True
437,0,0,0,-0.1539,0,0.8573577525000615,0.5911170099819263,0.8573577525000615,0.14264224749993848,True,False,True,False,True,False,False,True,1,False
437,0,1,2,-3.0823,0,0.04585367182784109,0.2685154364286322,0.9541463281721589,0.04585367182784109,True,False,False,True,False,True,False,True,0,True
437,0,2,6,0.0,1,1.0,0.0,1.0,0.0,False,True,False,True,False,True,False,True,1,True
437,0,3,13,-0.1504,1,0.8603637620819459,0.5832853581936721,0.8603637620819459,0.13963623791805413,True,False,True,False,True,False,False,True,1,True
438,0,0,0,0.2578,1,1.0,0.0,1.0,0.0,False,True,False,True,False,True,False,True,1,True
439,0,0,0,0.0,1,1.0,0.0,1.0,0.0,False,True,False,True,False,True,False,True,1,True
439,0,1,1,36.0336,1,1.0,0.0,1.0,0.0,False,True,False,True,False,True,False,True,1,True
440,0,0,0,-68.3933,0,1.98229009468444e-30,1.9559390117299388e-28,1.0,1.98229009468444e-30,False,True,False,True,False,True,False,True,0,True
440,0,1,2,-75.9763,0,1.0090487635572284e-33,1.1060247192049705e-31,1.0,1.0090487635572284e-33,False,True,False,True,False,True,False,True,0,True
440,0,2,6,0.0,1,1.0,0.0,1.0,0.0,False,True,False,True,False,True,False,True,1,True
440,0,3,13,0.2457,1,1.0,0.0,1.0,0.0,False,True,False,True,False,True,False,True,1,True
440,0,4,27,0.235,1,1.0,0.0,1.0,0.0,False,True,False,True,False,True,False,True,1,True
441,0,0,0,-6.6894,0,0.0012440289664606816,0.013799467815570116,0.9987559710335393,0.0012440289664606816,False,True,False,True,False,True,False,True,0,True
441,0,1,2,-77.792,0,1.6419641239518651e-34,1.8427785138976974e-32,1.0,1.6419641239518651e-34,False,True,False,True,False,True,False,True,0,True
441,0,2,6,2.045,1,1.0,0.0,1.0,0.0,False,True,False,True,False,True,False,True,1,True
441,0,3,13,2.0557,1,1.0,0.0,1.0,0.0,False,True,False,True,False,True,False,True,1,True
441,0,4,27,-0.0924,1,0.9117403804439562,0.43063381979468424,0.9117403804439562,0.08825961955604378,True,False,True,False,False,True,False,True,1,True
441,0,5,55,-42.7639,0,2.678392408283757e-19,1.6524413331102073e-17,1.0,2.678392408283757e-19,False,True,False,True,False,True,False,True,0,True
442,0,0,0,-44.4423,0,4.999819740483479e-20,3.2057187143571183e-18,1.0,4.999819740483479e-20,False,True,False,True,False,True,False,True,0,True
442,0,1,2,2.205,1,1.0,0.0,1.0,0.0,False,True,False,True,False,True,False,True,1,True
442,0,2,5,5.9376,1,1.0,0.0,1.0,0.0,False,True,False,True,False,True,False,True,1,True
442,0,3,11,-92.5044,0,6.696525519812995e-41,8.936890932667031e-39,1.0,6.696525519812995e-41,False,True,False,True,False,True,False,True,0,True
443,0,0,0,1.4617,1,1.0,0.0,1.0,0.0,False,True,False,True,False,True,False,True,1,True
444,0,0,0,-0.4926,0,0.6110356344433279,0.9641279640936673,0.6110356344433279,0.38896436555667213,True,False,True,False,True,False,True,False,1,False
444,0,1,2,-9.2819,0,9.309407657816937e-05,0.0013809183380185657,0.9999069059234218,9.309407657816937e-05,False,True,False,True,False,True,False,True,0,True
444,0,2,6,-0.6461,0,0.5240857306147579,0.9983254725536475,0.5240857306147579,0.47591426938524206,True,False,True,False,True,False,True,False,1,False
444,0,3,14,-2.57,0,0.07653554542391151,0.3898527497003581,0.9234644545760885,0.07653554542391151,True,False,True,False,False,True,False,True,0,True
444,0,4,30,-0.5615,1,0.5703528925420539,0.9856711756224783,0.5703528925420539,0.4296471074579461,True,False,True,False,True,False,True,False,1,True
444,0,5,61,-48.8372,0,6.16983469527646e-22,4.347091922623738e-20,1.0,6.16983469527646e-22,False,True,False,True,False,True,False,True,0,True
445,0,0,0,-43.0468,0,2.0184235115544322e-19,1.2535097256976742e-17,1.0,2.0184235115544322e-19,False,True,False,True,False,True,False,True,0,True
445,0,1,2,0.8141,1,1.0,0.0,1.0,0.0,False,True,False,True,False,True,False,True,1,True
446,0,0,0,-25.0609,0,1.3067407016229572e-11,4.913075116888992e-10,0.9999999999869326,1.3067407016229572e-11,False,True,False,True,False,True,False,True,0,True
446,0,1,2,-1.5494,1,0.21237536082331646,0.7459986891462723,0.7876246391766836,0.21237536082331646,True,False,True,False,True,False,True,False,0,False
447,0,0,0,-40.9625,0,1.622603038993096e-18,9.588999111424149e-17,1.0,1.622603038993096e-18,False,True,False,True,False,True,False,True,0,True
447,0,1,2,-40.5603,0,2.425970556716635e-18,1.4195844162866645e-16,1.0,2.425970556716635e-18,False,True,False,True,False,True,False,True,0,True
447,0,2,6,-12.5551,0,3.5268691743938295e-06,6.897100567844284e-05,0.9999964731308256,3.5268691743938295e-06,False,True,False,True,False,True,False,True,0,True
447,0,3,14,0.5073,1,1.0,0.0,1.0,0.0,False,True,False,True,False,True,False,True,1,True
447,0,4,29,1.1274,1,1.0,0.0,1.0,0.0,False,True,False,True,False,True,False,True,1,True
447,0,5,59,-5.495,0,0.004107256465546973,0.03847405737500318,0.995892743534453,0.004107256465546973,False,True,False,True,False,True,False,True,0,True
448,0,0,0,1.3637,1,1.0,0.0,1.0,0.0,False,True,False,True,False,True,False,True,1,True
449,0,0,0,-6.1777,0,0.0020751953191885065,0.021486020792446187,0.9979248046808115,0.0020751953191885065,False,True,False,True,False,True,False,True,0,True
449,0,1,2,-0.0082,1,0.9918335282934089,0.06837671986509479,0.9918335282934089,0.008166471706591127,False,True,False,True,False,True,False,True,1,True
449,0,2,5,-95.6126,0,2.992095283665137e-42,4.127290964205547e-40,1.0,2.992095283665137e-42,False,True,False,True,False,True,False,True,0,True
449,0,3,12,-38.1936,0,2.58660597220703e-17,1.4252643108247145e-15,1.0,2.58660597220703e-17,False,True,False,True,False,True,False,True,0,True
449,0,4,26,-0.0937,1,0.9105558880362601,0.4346116085312653,0.9105558880362601,0.08944411196373991,True,False,True,False,False,True,False,True,1,True
450,0,0,0,-44.6763,0,3.9566664289796136e-20,2.5502407185472843e-18,1.0,3.9566664289796136e-20,False,True,False,True,False,True,False,True,0,True
450,0,1,2,-52.8268,0,1.1418584323280061e-23,8.702441375318903e-22,1.0,1.1418584323280061e-23,False,True,False,True,False,True,False,True,0,True
450,0,2,6,-42.8075,0,2.5641236591340197e-19,1.5835557961832735e-17,1.0,2.5641236591340197e-19,False,True,False,True,False,True,False,True,0,True
450,0,3,14,-0.0753,1,0.9274652050269366,0.3753125941855437,0.9274652050269366,0.07253479497306337,True,False,True,False,False,True,False,True,1,True
451,0,0,0,-0.087,1,0.9166770956331523,0.4137807709801223,0.9166770956331523,0.08332290436684775,True,False,True,False,False,True,False,True,1,True
451,0,1,1,-86.2251,0,3.572028114463524e-38,4.4434788167733476e-36,1.0,3.572028114463524e-38,False,True,False,True,False,True,False,True,0,True
451,0,2,4,-0.8688,1,0.41945459287254583,0.9811990378328833,0.5805454071274542,0.41945459287254583,True,False,True,False,True,False,True,False,0,False
451,0,3,9,-47.4454,0,2.4815589036417462e-21,1.698608291412674e-19,1.0,2.4815589036417462e-21,False,True,False,True,False,True,False,True,0,True
452,0,0,0,-1.6675,0,0.18871827206545705,0.698782470968542,0.811281727934543,0.18871827206545705,True,False,True,False,True,False,False,True,0,True
452,0,1,2,-4.051,0,0.01740496097313833,0.12661106835612107,0.9825950390268616,0.01740496097313833,True,False,False,True,False,True,False,True,0,True
452,0,2,6,-0.0938,1,0.9104648370000841,0.43491634569264237,0.9104648370000841,0.08953516299991593,True,False,True,False,False,True,False,True,1,True
452,0,3,13,-5.4044,0,0.004496751642915766,0.04153356091294278,0.9955032483570843,0.004496751642915766,False,True,False,True,False,True,False,True,0,True
452,0,4,28,0.1524,1,1.0,0.0,1.0,0.0,False,True,False,True,False,True,False,True,1,True
453,0,0,0,-43.3883,0,1.434500588787181e-19,8.9794121136286e-18,1.0,1.434500588787181e-19,False,True,False,True,False,True,False,True,0,True
453,0,1,2,-6.9707,0,0.0009389953789632653,0.010797143352503712,0.9990610046210368,0.0009389953789632653,False,True,False,True,False,True,False,True,0,True
453,0,2,6,0.0069,1,1.0,0.0,1.0,0.0,False,True,False,True,False,True,False,True,1,True
454,0,0,0,-0.4881,1,0.6137914908246749,0.9623091265311152,0.6137914908246749,0.3862085091753251,True,False,True,False,True,False,True,False,1,True
454,0,1,1,-91.5662,0,1.71121512874462e-40,2.2605511659886882e-38,1.0,1.71121512874462e-40,False,True,False,True,False,True,False,True,0,True
454,0,2,4,-43.59,0,1.1724748449255401e-19,7.373351565683e-18,1.0,1.1724748449255401e-19,False,True,False,True,False,True,False,True,0,True
455,0,0,0,0.6465,1,1.0,0.0,1.0,0.0,False,True,False,True,False,True,False,True,1,True
455,0,1,1,-0.0028,1,0.9972039163438929,0.027745686227153996,0.9972039163438929,0.0027960836561070623,False,True,False,True,False,True,False,True,1,True
455,0,2,3,-17.149,0,3.5668424761105453e-08,9.339232107075049e-07,0.9999999643315752,3.5668424761105453e-08,False,True,False,True,False,True,False,True,0,True
455,0,3,8,-48.6138,0,7.714271430219296e-22,5.4103956413909415e-20,1.0,7.714271430219296e-22,False,True,False,True,False,True,False,True,0,True
455,0,4,18,-82.5816,0,1.3654217397764047e-36,1.6267643454082757e-34,1.0,1.3654217397764047e-36,False,True,False,True,False,True,False,True,0,True
455,0,5,38,-48.5035,0,8.613855796275283e-22,6.027610965352626e-20,1.0,8.613855796275283e-22,False,True,False,True,False,True,False,True,0,True
456,0,0,0,-53.5664,0,5.450145098273065e-24,4.2118710222018444e-22,1.0,5.450145098273065e-24,False,True,False,True,False,True,False,True,0,True
456,0,1,2,0.7628,1,1.0,0.0,1.0,0.0,False,True,False,True,False,True,False,True,1,True
457,0,0,0,0.537,1,1.0,0.0,1.0,0.0,False,True,False,True,False,True,False,True,1,True
457,0,1,1,-49.4253,0,3.4266120957557964e-22,2.4433675208711625e-20,1.0,3.4266120957557964e-22,False,True,False,True,False,True,False,True,0,True
457,0,2,4,-44.2363,0,6.143544525518102e-20,3.920778823259935e-18,1.0,6.143544525518102e-20,False,True,False,True,False,True,False,True,0,True
457,0,3,10,-32.1894,0,1.0479032908490654e-14,5.016970249451531e-13,0.9999999999999896,1.0479032908490654e-14,False,True,False,True,False,True,False,True,0,True
457,0,4,22,-50.0779,0,1.7842034084880136e-22,1.2890358985193151e-20,1.0,1.7842034084880136e-22,False,True,False,True,False,True,False,True,0,True
457,0,5,46,-5.5892,0,0.0037380170825075205,0.03552426922220093,0.9962619829174925,0.0037380170825075205,False,True,False,True,False,True,False,True,0,True
458,0,0,0,0.6646,1,1.0,0.0,1.0,0.0,False,True,False,True,False,True,False,True,1,True
458,0,1,1,-43.8053,0,9.453658976829092e-20,5.974494006354502e-18,1.0,9.453658976829092e-20,False,True,False,True,False,True,False,True,0,True
458,0,2,4,-0.7611,0,0.4671522767746712,0.9968844989461134,0.5328477232253288,0.4671522767746712,True,False,True,False,True,False,True,False,0,True
458,0,3,10,-0.1052,1,0.9001444756870385,0.468537449126852,0.9001444756870385,0.09985552431296152,True,False,True,False,False,True,False,True,1,True
458,0,4,21,-0.5288,1,0.5893117196071165,0.9768604662031171,0.5893117196071165,0.4106882803928835,True,False,True,False,True,False,True,False,1,True
459,0,0,0,-16.0437,0,1.0772329294333517e-07,2.6487931187459393e-06,0.999999892276707,1.0772329294333517e-07,False,True,False,True,False,True,False,True,0,True
459,0,1,2,0.0,1,1.0,0.0,1.0,0.0,False,True,False,True,False,True,False,True,1,True
459,0,2,5,2.1495,1,1.0,0.0,1.0,0.0,False,True,False,True,False,True,False,True,1,True
459,0,3,11,-42.9955,0,2.1246705751217205e-19,1.3179202956412461e-17,1.0,2.1246705751217205e-19,False,True,False,True,False,True,False,True,0,True
459,0,4,24,-86.234,0,3.5403781156555956e-38,4.404561902405969e-36,1.0,3.5403781156555956e-38,False,True,False,True,False,True,False,True,0,True
459,0,5,50,-3.5718,0,0.028105218728803342,0.1847987526461465,0.9718947812711967,0.028105218728803342,True,False,False,True,False,True,False,True,0,True
460,0,0,0,-17.1034,0,3.733255883595899e-08,9.750400259497742e-07,0.9999999626674412,3.733255883595899e-08,False,True,False,True,False,True,False,True,0,True
460,0,1,2,-0.1011,1,0.90384264410209,0.45669497724910224,0.90384264410209,0.09615735589790997,True,False,True,False,False,True,False,True,1,True
460,0,2,5,-10.7603,0,2.122565428698605e-05,0.0003601253007244194,0.999978774345713,2.122565428698605e-05,False,True,False,True,False,True,False,True,0,True
461,0,0,0,-0.958,1,0.3836594380436134,0.9605856182570215,0.6163405619563866,0.3836594380436134,True,False,True,False,True,False,True,False,0,False
461,0,1,1,-27.8344,0,8.159690251843154e-13,3.3943760888824245e-11,0.999999999999184,8.159690251843154e-13,False,True,False,True,False,True,False,True,0,True
461,0,2,4,92.7955,1,1.0,0.0,1.0,0.0,False,True,False,True,False,True,False,True,1,True
462,0,0,0,20.7939,1,1.0,0.0,1.0,0.0,False,True,False,True,False,True,False,True,1,True
462,0,1,1,20.1132,1,1.0,0.0,1.0,0.0,False,True,False,True,False,True,False,True,1,True
462,0,2,3,-16.3013,0,8.325979977489262e-08,2.0782062031357108e-06,0.9999999167402003,8.325979977489262e-08,False,True,False,True,False,True,False,True,0,True
463,0,0,0,-16.122,0,9.96103263019103e-08,2.460556790581153e-06,0.9999999003896737,9.96103263019103e-08,False,True,False,True,False,True,False,True,0,True
463,0,1,2,-36.9342,0,9.113406589071586e-17,5.016230630952835e-15,0.9999999999999999,9.113406589071586e-17,False,True,False,True,False,True,False,True,0,True
463,0,2,6,0.0,1,1.0,0.0,1.0,0.0,False,True,False,True,False,True,False,True,1,True
463,0,3,13,-1.8692,1,0.15424701007730984,0.6203671833986453,0.8457529899226901,0.15424701007730984,True,False,True,False,True,False,False,True,0,False
463,0,4,27,-30.8318,0,4.0730467308168044e-14,1.8705101071151075e-12,0.9999999999999593,4.0730467308168044e-14,False,True,False,True,False,True,False,True,0,True
464,0,0,0,-30.1067,0,8.410587273410099e-14,3.774530514279537e-12,0.9999999999999158,8.410587273410099e-14,False,True,False,True,False,True,False,True,0,True
464,0,1,2,-15.3667,0,2.1199566724644852e-07,5.0056749301715e-06,0.9999997880043328,2.1199566724644852e-07,False,True,False,True,False,True,False,True,0,True
464,0,2,6,-27.8647,0,7.916159755850919e-13,3.296519315419364e-11,0.9999999999992084,7.916159755850919e-13,False,True,False,True,False,True,False,True,0,True
464,0,3,14,-30.2161,0,7.539013228597456e-14,3.3952095392455463e-12,0.9999999999999246,7.539013228597456e-14,False,True,False,True,False,True,False,True,0,True
464,0,4,30,-14.8994,0,3.3827725386506334e-07,7.759398672806647e-06,0.9999996617227461,3.3827725386506334e-07,False,True,False,True,False,True,False,True,0,True
464,0,5,62,-22.6136,0,1.510213346531919e-10,5.14487753811907e-09,0.9999999998489787,1.510213346531919e-10,False,True,False,True,False,True,False,True,0,True
464,0,6,126,4.1397,1,1.0,0.0,1.0,0.0,False,True,False,True,False,True,False,True,1,True
465,0,0,0,-2.785,0,0.06172908903095879,0.33427085707859067,0.9382709109690412,0.06172908903095879,True,False,True,False,False,True,False,True,0,True
465,0,1,2,-44.7272,0,3.760311726242703e-20,2.4264430319998574e-18,1.0,3.760311726242703e-20,False,True,False,True,False,True,False,True,0,True
465,0,2,6,-0.1924,1,0.8249768117600328,0.6690677053718663,0.8249768117600328,0.1750231882399672,True,False,True,False,True,False,False,True,1,True
465,0,3,13,-40.9663,0,1.6164488478137075e-18,9.553516236002895e-17,1.0,1.6164488478137075e-18,False,True,False,True,False,True,False,True,0,True
465,0,4,28,-21.7061,0,3.7424891191791434e-10,1.2259637650402276e-08,0.999999999625751,3.7424891191791434e-10,False,True,False,True,False,True,False,True,0,True
466,0,0,0,0.0,1,1.0,0.0,1.0,0.0,False,True,False,True,False,True,False,True,1,True
466,0,1,1,-34.6132,0,9.282783870947253e-16,4.7636151186842644e-14,0.9999999999999991,9.282783870947253e-16,False,True,False,True,False,True,False,True,0,True
466,0,2,4,-15.9332,0,1.2030928919870648e-07,2.9390889925796774e-06,0.9999998796907108,1.2030928919870648e-07,False,True,False,True,False,True,False,True,0,True
466,0,3,10,-15.1858,0,2.540334209602285e-07,5.931978413870615e-06,0.999999745966579,2.540334209602285e-07,False,True,False,True,False,True,False,True,0,True
466,0,4,22,-20.6582,0,1.0672292851885453e-09,3.334683595621027e-08,0.9999999989327707,1.0672292851885453e-09,False,True,False,True,False,True,False,True,0,True
466,0,5,46,-13.1032,0,2.0386963469450564e-06,4.1480570142235706e-05,0.999997961303653,2.0386963469450564e-06,False,True,False,True,False,True,False,True,0,True
467,0,0,0,-63.496,0,2.65483526007622e-28,2.4319715119900302e-26,1.0,2.65483526007622e-28,False,True,False,True,False,True,False,True,0,True
467,0,1,2,-0.061,1,0.9408232397760097,0.32416825949097255,0.9408232397760097,0.05917676022399032,True,False,True,False,False,True,False,True,1,True
467,0,2,5,-8.0143,0,0.00033069964878902386,0.0043006323051235605,0.9996693003512109,0.00033069964878902386,False,True,False,True,False,True,False,True,0,True
468,0,0,0,-19.867,0,2.3543527217901574e-09,7.087712337534415e-08,0.9999999976456473,2.3543527217901574e-09,False,True,False,True,False,True,False,True,0,True
468,0,1,2,-33.6956,0,2.3237363709143162e-15,1.1632617411262782e-13,0.9999999999999977,2.3237363709143162e-15,False,True,False,True,False,True,False,True,0,True
468,0,2,6,-19.7684,0,2.598321960725478e-09,7.785213784385289e-08,0.999999997401678,2.598321960725478e-09,False,True,False,True,False,True,False,True,0,True
468,0,3,14,-2.5613,0,0.07720430957493189,0.3922509695442118,0.9227956904250681,0.07720430957493189,True,False,True,False,False,True,False,True,0,True
468,0,4,30,0.2251,1,1.0,0.0,1.0,0.0,False,True,False,True,False,True,False,True,1,True
468,0,5,61,-30.121,0,8.291171731458711e-14,3.722611257089317e-12,0.9999999999999171,8.291171731458711e-14,False,True,False,True,False,True,False,True,0,True
469,0,0,0,-115.1509,0,9.785872291863867e-51,1.6257037946585627e-48,1.0,9.785872291863867e-51,False,True,False,True,False,True,False,True,0,True
469,0,1,2,-0.1481,1,0.862344876142563,0.578064694533656,0.862344876142563,0.13765512385743695,True,False,True,False,True,False,False,True,1,True
469,0,2,5,-18.8412,0,6.567057328436886e-09,1.8798070815506886e-07,0.9999999934329427,6.567057328436886e-09,False,True,False,True,False,True,False,True,0,True
470,0,0,0,-0.1564,1,0.8552170351304802,0.5966291890151587,0.8552170351304802,0.1447829648695198,True,False,True,False,True,False,False,True,1,True
470,0,1,1,-0.0049,1,0.9951119854158298,0.044557669752801274,0.9951119854158298,0.004888014584170208,False,True,False,True,False,True,False,True,1,True
470,0,2,3,-4.546,0,0.010609557851852787,0.08480756761823359,0.9893904421481472,0.010609557851852787,True,False,False,True,False,True,False,True,0,True
471,0,0,0,-1.7916,1,0.16669324699065804,0.6500841355801358,0.833306753009342,0.16669324699065804,True,False,True,False,True,False,False,True,0,False
472,0,0,0,-113.2062,0,6.841825963264406e-50,1.1174208596460112e-47,1.0,6.841825963264406e-50,False,True,False,True,False,True,False,True,0,True
472,0,1,2,0.0523,1,1.0,0.0,1.0,0.0,False,True,False,True,False,True,False,True,1,True
472,0,2,5,-34.8077,0,7.642016345338637e-16,3.949703341429709e-14,0.9999999999999992,7.642016345338637e-16,False,True,False,True,False,True,False,True,0,True
472,0,3,12,-0.8651,0,0.421009449577246,0.9819209421691985,0.5789905504227539,0.421009449577246,True,False,True,False,True,False,True,False,0,True
472,0,4,26,-29.7417,0,1.2115568784108757e-13,5.3733197760987885e-12,0.9999999999998789,1.2115568784108757e-13,False,True,False,True,False,True,False,True,0,True
472,0,5,54,-30.2789,0,7.080123152085022e-14,3.1950149985154966e-12,0.9999999999999292,7.080123152085022e-14,False,True,False,True,False,True,False,True,0,True
472,0,6,110,-30.959,0,3.586552023751561e-14,1.6536471284535642e-12,0.9999999999999641,3.586552023751561e-14,False,True,False,True,False,True,False,True,0,True
473,0,0,0,0.0895,1,1.0,0.0,1.0,0.0,False,True,False,True,False,True,False,True,1,True
473,0,1,1,-18.8799,0,6.317767088484482e-09,1.8119756011951296e-07,0.9999999936822329,6.317767088484482e-09,False,True,False,True,False,True,False,True,0,True
473,0,2,4,7.749,1,1.0,0.0,1.0,0.0,False,True,False,True,False,True,False,True,1,True
474,0,0,0,-13.6932,0,1.1301050104002118e-06,2.3955746724352206e-05,0.9999988698949897,1.1301050104002118e-06,False,True,False,True,False,True,False,True,0,True
474,0,1,2,-42.5073,0,3.4618972152057666e-19,2.1230109221109302e-17,1.0,3.4618972152057666e-19,False,True,False,True,False,True,False,True,0,True
474,0,2,6,-45.239,0,2.2539897313929408e-20,1.4710907628032507e-18,1.0,2.2539897313929408e-20,False,True,False,True,False,True,False,True,0,True
474,0,3,14,1.9868,1,1.0,0.0,1.0,0.0,False,True,False,True,False,True,False,True,1,True
474,0,4,29,-65.8009,0,2.6486966712055023e-29,2.514424492811644e-27,1.0,2.6486966712055023e-29,False,True,False,True,False,True,False,True,0,True
475,0,0,0,-32.3815,0,8.647553035984873e-15,4.1647789433928814e-13,0.9999999999999913,8.647553035984873e-15,False,True,False,True,False,True,False,True,0,True
475,0,1,2,1.351,1,1.0,0.0,1.0,0.0,False,True,False,True,False,True,False,True,1,True
476,0,0,0,-28.4337,0,4.48126874760312e-13,1.902913479494445e-11,0.9999999999995519,4.48126874760312e-13,False,True,False,True,False,True,False,True,0,True
476,0,1,2,-2.3404,0,0.09628911488038451,0.4571207576347798,0.9037108851196155,0.09628911488038451,True,False,True,False,False,True,False,True,0,True
476,0,2,6,-2.1758,0,0.11351730349274367,0.5104348897490957,0.8864826965072563,0.11351730349274367,True,False,True,False,True,False,False,True,0,True
476,0,3,14,-16.4792,0,6.969062731707859e-08,1.7573993585895967e-06,0.9999999303093727,6.969062731707859e-08,False,True,False,True,False,True,False,True,0,True
476,0,4,30,-1.8588,0,0.15585954965357995,0.6243116206665984,0.84414045034642,0.15585954965357995,True,False,True,False,True,False,False,True,0,True
476,0,5,62,-37.8855,0,3.519949281701866e-17,1.9239065273869803e-15,1.0,3.519949281701866e-17,False,True,False,True,False,True,False,True,0,True
476,0,6,126,-5.6899,0,0.0033799309455721806,0.03261310476899707,0.9966200690544278,0.0033799309455721806,False,True,False,True,False,True,False,True,0,True
477,0,0,0,-13.8047,0,1.0108692031846887e-06,2.1590818229136343e-05,0.9999989891307968,1.0108692031846887e-06,False,True,False,True,False,True,False,True,0,True
477,0,1,2,-42.5242,0,3.403882755241409e-19,2.0882634326450757e-17,1.0,3.403882755241409e-19,False,True,False,True,False,True,False,True,0,True
477,0,2,6,-65.9596,0,2.2600065168168823e-29,2.150612886085929e-27,1.0,2.2600065168168823e-29,False,True,False,True,False,True,False,True,0,True
477,0,3,14,-43.5385,0,1.2344391864278555e-19,7.753855461818634e-18,1.0,1.2344391864278555e-19,False,True,False,True,False,True,False,True,0,True
477,0,4,30,-45.7148,0,1.400601601785392e-20,9.237319850825173e-19,1.0,1.400601601785392e-20,False,True,False,True,False,True,False,True,0,True
477,0,5,62,0.0012,1,1.0,0.0,1.0,0.0,False,True,False,True,False,True,False,True,1,True
478,0,0,0,-48.2744,0,1.0831646121081195e-21,7.543725664224944e-20,1.0,1.0831646121081195e-21,False,True,False,True,False,True,False,True,0,True
478,0,1,2,-65.6362,0,3.1229176117446545e-29,2.9571850062552128e-27,1.0,3.1229176117446545e-29,False,True,False,True,False,True,False,True,0,True
478,0,2,6,-0.638,0,0.528348064179391,0.9976800199185681,0.528348064179391,0.47165193582060905,True,False,True,False,True,False,True,False,1,False
478,0,3,14,-31.0521,0,3.2677161045668104e-14,1.5109850531082022e-12,0.9999999999999674,3.2677161045668104e-14,False,True,False,True,False,True,False,True,0,True
478,0,4,30,-46.5394,0,6.1403819856773515e-21,4.122785194817919e-19,1.0,6.1403819856773515e-21,False,True,False,True,False,True,False,True,0,True
478,0,5,62,-41.1241,0,1.3804805647741194e-18,8.190327016545897e-17,1.0,1.3804805647741194e-18,False,True,False,True,False,True,False,True,0,True
478,0,6,126,-46.8214,0,4.631528544777477e-21,3.1285512902362586e-19,1.0,4.631528544777477e-21,False,True,False,True,False,True,False,True,0,True
478,0,7,254,-41.1167,0,1.3907340119180218e-18,8.2496755020537e-17,1.0,1.3907340119180218e-18,False,True,False,True,False,True,False,True,0,True
479,0,0,0,-31.0683,0,3.215205587262975e-14,1.4875717799916506e-12,0.9999999999999678,3.215205587262975e-14,False,True,False,True,False,True,False,True,0,True
479,0,1,2,-62.6894,0,5.947569233099273e-28,5.379081919950311e-26,1.0,5.947569233099273e-28,False,True,False,True,False,True,False,True,0,True
479,0,2,6,-30.3229,0,6.775351869784299e-14,3.061697192377775e-12,0.9999999999999323,6.775351869784299e-14,False,True,False,True,False,True,False,True,0,True
479,0,3,14,-82.8522,0,1.04170974387547e-36,1.2451604285802193e-34,1.0,1.04170974387547e-36,False,True,False,True,False,True,False,True,0,True
479,0,4,30,-29.6803,0,1.2882776985699032e-13,5.7021550969161346e-12,0.9999999999998712,1.2882776985699032e-13,False,True,False,True,False,True,False,True,0,True
479,0,5,62,-31.2232,0,2.753826232516712e-14,1.2801988208695015e-12,0.9999999999999725,2.753826232516712e-14,False,True,False,True,False,True,False,True,0,True
479,0,6,126,-49.9164,0,2.0969251257482524e-22,1.510082653186928e-20,1.0,2.0969251257482524e-22,False,True,False,True,False,True,False,True,0,True
479,0,7,254,-29.3584,0,1.7774970248715785e-13,7.785061705628288e-12,0.9999999999998223,1.7774970248715785e-13,False,True,False,True,False,True,False,True,0,True
480,0,0,0,-1.1061,1,0.3308467505806451,0.9157891554907462,0.6691532494193548,0.3308467505806451,True,False,True,False,True,False,True,False,0,False
480,0,1,1,-43.8019,0,9.485856121479633e-20,5.994376561003776e-18,1.0,9.485856121479633e-20,False,True,False,True,False,True,False,True,0,True
480,0,2,4,-14.6309,0,4.4246697856272275e-07,9.97790540212479e-06,0.9999995575330214,4.4246697856272275e-07,False,True,False,True,False,True,False,True,0,True
480,0,3,10,-39.9264,0,4.572827277470852e-18,2.634022558725859e-16,1.0,4.572827277470852e-18,False,True,False,True,False,True,False,True,0,True
480,0,4,22,-17.3004,0,3.065714763368325e-08,8.094068327551037e-07,0.9999999693428524,3.065714763368325e-08,False,True,False,True,False,True,False,True,0,True
481,0,0,0,-69.9826,0,4.045227870591726e-31,4.084205662465212e-29,1.0,4.045227870591726e-31,False,True,False,True,False,True,False,True,0,True
481,0,1,2,-0.1876,1,0.8289462194135897,0.6601097148547184,0.8289462194135897,0.1710537805864103,True,False,True,False,True,False,False,True,1,True
481,0,2,5,-52.0445,0,2.4966682395722377e-23,1.8746069209925892e-21,1.0,2.4966682395722377e-23,False,True,False,True,False,True,False,True,0,True
481,0,3,12,-40.4938,0,2.59278263101445e-18,1.5147089138984525e-16,1.0,2.59278263101445e-18,False,True,False,True,False,True,False,True,0,True
