tree_index,node_id,depth,num_accepts,num_rejects,is_accept_child,log_acc_ratio,log_A,cut_idx,proposed_cut_idx,proposed_suffix_len,seq_len,on_sampled_path,sampled_decision,block_index,acceptance_bucket
0,0,0,0,0,False,0.0,0.0,1024,1020,4,1024,True,accept,0,effectively accepted
0,1,1,1,0,True,-10.1524,-10.1524,1020,535,489,1024,True,reject,0,effectively rejected
0,4,2,1,1,False,-0.0171,-0.0171,1020,446,578,1024,True,accept,0,genuinely stochastic
0,9,3,2,1,True,-0.0669,-0.0669,446,296,728,1024,True,accept,0,genuinely stochastic
0,20,4,2,2,False,-4.9987,-4.9987,446,170,854,1024,False,,0,effectively rejected
0,10,3,1,2,False,-9.6052,-9.6052,1020,751,273,1024,False,,0,effectively rejected
0,21,4,2,2,True,-1.3572,-1.3572,751,576,448,1024,False,,0,genuinely stochastic
0,43,5,3,2,True,-6.6155,-6.6155,576,550,474,1024,False,,0,effectively rejected
0,22,4,1,3,False,-10.658,-10.658,1020,114,910,1024,False,,0,effectively rejected
0,2,1,0,1,False,-7.999,-7.999,1024,611,413,1024,False,,0,effectively rejected
0,6,2,0,2,False,-109.4461,-109.4461,1024,1,1023,1024,False,,0,effectively rejected
0,14,3,0,3,False,-4.8811,-4.8811,1024,404,620,1024,False,,0,effectively rejected
1,0,0,0,0,False,-0.9438,-0.9438,1024,836,188,1024,True,reject,0,genuinely stochastic
1,1,1,1,0,True,-1.5915,-1.5915,836,702,322,1024,False,,0,genuinely stochastic
1,3,2,2,0,True,-48.4925,-48.4925,702,81,943,1024,False,,0,effectively rejected
1,2,1,0,1,False,-3.1212,-3.1212,1024,38,986,1024,True,reject,0,genuinely stochastic
1,6,2,0,2,False,-0.6231,-0.6231,1024,435,589,1024,True,reject,0,genuinely stochastic
1,14,3,0,3,False,-0.0464,-0.0464,1024,978,46,1024,True,accept,0,genuinely stochastic
1,29,4,1,3,True,-89.5557,-89.5557,978,191,833,1024,True,reject,0,effectively rejected
1,60,5,1,4,False,-3.0204,-3.0204,978,57,967,1024,True,reject,0,genuinely stochastic
1,30,4,0,4,False,-0.3901,-0.3901,1024,846,178,1024,False,,0,genuinely stochastic
2,0,0,0,0,False,-1.1343,-1.1343,1024,884,140,1024,True,accept,0,genuinely stochastic
2,1,1,1,0,True,-0.678,-0.678,884,836,188,1024,True,accept,0,genuinely stochastic
2,3,2,2,0,True,-115.7562,-115.7562,836,57,967,1024,True,reject,0,effectively rejected
2,8,3,2,1,False,-5.2837,-5.2837,836,318,706,1024,True,reject,0,effectively rejected
2,18,4,2,2,False,-6.1244,-6.1244,836,478,546,1024,True,reject,0,effectively rejected
2,37,5,3,2,True,-4.8434,-4.8434,478,282,742,1024,False,,0,effectively rejected
2,75,6,4,2,True,-16.7194,-16.7194,282,93,931,1024,False,,0,effectively rejected
2,4,2,1,1,False,-1.4255,-1.4255,884,286,738,1024,False,,0,genuinely stochastic
2,10,3,1,2,False,-2.0357,-2.0357,884,210,814,1024,False,,0,genuinely stochastic
2,22,4,1,3,False,-4.6406,-4.6406,884,319,705,1024,False,,0,effectively rejected
2,2,1,0,1,False,-6.7368,-6.7368,1024,153,871,1024,False,,0,effectively rejected
2,5,2,1,1,True,-0.1857,-0.1857,153,83,941,1024,False,,0,genuinely stochastic
2,6,2,0,2,False,-0.001,-0.001,1024,1005,19,1024,False,,0,effectively accepted
2,13,3,1,2,True,-0.7924,-0.7924,1005,810,214,1024,False,,0,genuinely stochastic
2,27,4,2,2,True,-1.2254,-1.2254,810,590,434,1024,False,,0,genuinely stochastic
2,14,3,0,3,False,-3.5378,-3.5378,1024,310,714,1024,False,,0,genuinely stochastic
3,0,0,0,0,False,0.321,0.0,1024,866,158,1024,True,accept,0,effectively accepted
3,1,1,1,0,True,0.0527,0.0,866,700,324,1024,True,accept,0,effectively accepted
3,4,2,1,1,False,-0.1998,-0.1998,866,720,304,1024,False,,0,genuinely stochastic
3,9,3,2,1,True,-0.7556,-0.7556,720,650,374,1024,False,,0,genuinely stochastic
3,19,4,3,1,True,-5.4446,-5.4446,650,340,684,1024,False,,0,effectively rejected
3,2,1,0,1,False,0.2056,0.0,1024,255,769,1024,False,,0,effectively accepted
3,6,2,0,2,False,-10.6299,-10.6299,1024,223,801,1024,False,,0,effectively rejected
3,14,3,0,3,False,-1.7761,-1.7761,1024,496,528,1024,False,,0,genuinely stochastic
4,0,0,0,0,False,1.708,0.0,1024,360,664,1024,True,accept,0,effectively accepted
4,2,1,0,1,False,0.7007,0.0,1024,901,123,1024,False,,0,effectively accepted
4,6,2,0,2,False,-5.806,-5.806,1024,320,704,1024,False,,0,effectively rejected
4,13,3,1,2,True,-0.0551,-0.0551,320,309,715,1024,False,,0,genuinely stochastic
4,14,3,0,3,False,-1.6398,-1.6398,1024,108,916,1024,False,,0,genuinely stochastic
4,30,4,0,4,False,0.054,0.0,1024,932,92,1024,False,,0,effectively accepted
4,61,5,1,4,True,-61.86,-61.86,932,13,1011,1024,False,,0,effectively rejected
4,62,5,0,5,False,-1.7793,-1.7793,1024,408,616,1024,False,,0,genuinely stochastic
5,0,0,0,0,False,12.5037,0.0,1024,177,847,1024,True,accept,0,effectively accepted
5,1,1,1,0,True,-4.7117,-4.7117,177,59,965,1024,True,reject,0,effectively rejected
5,2,1,0,1,False,-2.5593,-2.5593,1024,32,992,1024,False,,0,genuinely stochastic
5,6,2,0,2,False,-5.4587,-5.4587,1024,589,435,1024,False,,0,effectively rejected
5,14,3,0,3,False,0.6829,0.0,1024,467,557,1024,False,,0,effectively accepted
5,29,4,1,3,True,-6.2174,-6.2174,467,193,831,1024,False,,0,effectively rejected
5,30,4,0,4,False,-6.9043,-6.9043,1024,761,263,1024,False,,0,effectively rejected
5,61,5,1,4,True,-131.9699,-131.9699,761,182,842,1024,False,,0,effectively rejected
5,123,6,2,4,True,-12.2169,-12.2169,182,43,981,1024,False,,0,effectively rejected
5,124,6,1,5,False,-3.844,-3.844,761,617,407,1024,False,,0,genuinely stochastic
5,249,7,2,5,True,-3.6885,-3.6885,617,223,801,1024,False,,0,genuinely stochastic
5,62,5,0,5,False,-2.8523,-2.8523,1024,454,570,1024,False,,0,genuinely stochastic
5,125,6,1,5,True,-52.3042,-52.3042,454,14,1010,1024,False,,0,effectively rejected
6,0,0,0,0,False,-1.5258,-1.5258,1024,546,478,1024,True,reject,0,genuinely stochastic
6,1,1,1,0,True,-1.8234,-1.8234,546,446,578,1024,False,,0,genuinely stochastic
6,3,2,2,0,True,-62.6568,-62.6568,446,273,751,1024,False,,0,effectively rejected
6,8,3,2,1,False,-9.0485,-9.0485,446,409,615,1024,False,,0,effectively rejected
6,18,4,2,2,False,-6.9923,-6.9923,446,421,603,1024,False,,0,effectively rejected
6,2,1,0,1,False,14.1222,0.0,1024,405,619,1024,True,accept,0,effectively accepted
6,5,2,1,1,True,-42.8489,-42.8489,405,121,903,1024,True,reject,0,effectively rejected
6,6,2,0,2,False,-35.6522,-35.6522,1024,134,890,1024,False,,0,effectively rejected
6,14,3,0,3,False,-0.3723,-0.3723,1024,942,82,1024,False,,0,genuinely stochastic
6,29,4,1,3,True,-10.3365,-10.3365,942,99,925,1024,False,,0,effectively rejected
7,0,0,0,0,False,-18.276,-18.276,1024,553,471,1024,True,reject,0,effectively rejected
7,1,1,1,0,True,-19.0114,-19.0114,553,453,571,1024,False,,0,effectively rejected
7,4,2,1,1,False,-29.2177,-29.2177,553,24,1000,1024,False,,0,effectively rejected
7,2,1,0,1,False,-2.5301,-2.5301,1024,759,265,1024,True,reject,0,genuinely stochastic
7,5,2,1,1,True,-13.0862,-13.0862,759,405,619,1024,False,,0,effectively rejected
7,12,3,1,2,False,-0.3811,-0.3811,759,743,281,1024,False,,0,genuinely stochastic
7,25,4,2,2,True,-17.8388,-17.8388,743,16,1008,1024,False,,0,effectively rejected
7,52,5,2,3,False,-7.1157,-7.1157,743,190,834,1024,False,,0,effectively rejected
7,6,2,0,2,False,0.0,0.0,1024,993,31,1024,True,accept,0,effectively accepted
7,13,3,1,2,True,0.0032,0.0,993,908,116,1024,True,accept,0,effectively accepted
7,27,4,2,2,True,-81.1051,-81.1051,908,121,903,1024,True,reject,0,effectively rejected
7,56,5,2,3,False,-93.3251,-93.3251,908,208,816,1024,True,reject,0,effectively rejected
7,28,4,1,3,False,-12.9306,-12.9306,993,527,497,1024,False,,0,effectively rejected
7,14,3,0,3,False,0.0031,0.0,1024,845,179,1024,False,,0,effectively accepted
8,0,0,0,0,False,-14.2477,-14.2477,1024,457,567,1024,True,reject,0,effectively rejected
8,1,1,1,0,True,-12.9263,-12.9263,457,421,603,1024,False,,0,effectively rejected
8,2,1,0,1,False,0.0,0.0,1024,958,66,1024,True,accept,0,effectively accepted
8,5,2,1,1,True,-5.8804,-5.8804,958,648,376,1024,True,reject,0,effectively rejected
8,12,3,1,2,False,-2.4066,-2.4066,958,791,233,1024,True,reject,0,genuinely stochastic
8,25,4,2,2,True,-11.4113,-11.4113,791,259,765,1024,False,,0,effectively rejected
8,52,5,2,3,False,-2.352,-2.352,791,685,339,1024,False,,0,genuinely stochastic
8,26,4,1,3,False,7.6242,0.0,958,714,310,1024,True,accept,0,effectively accepted
8,6,2,0,2,False,-0.0034,-0.0034,1024,842,182,1024,False,,0,effectively accepted
8,13,3,1,2,True,-86.1568,-86.1568,842,341,683,1024,False,,0,effectively rejected
8,28,4,1,3,False,-2.1979,-2.1979,842,657,367,1024,False,,0,genuinely stochastic
8,14,3,0,3,False,0.0,0.0,1024,1002,22,1024,False,,0,effectively accepted
9,0,0,0,0,False,-31.6871,-31.6871,1024,471,553,1024,True,reject,0,effectively rejected
9,2,1,0,1,False,-8.1184,-8.1184,1024,697,327,1024,True,reject,0,effectively rejected
9,6,2,0,2,False,-41.8104,-41.8104,1024,118,906,1024,True,reject,0,effectively rejected
9,14,3,0,3,False,-15.5527,-15.5527,1024,635,389,1024,True,reject,0,effectively rejected
9,29,4,1,3,True,-89.2276,-89.2276,635,49,975,1024,False,,0,effectively rejected
9,60,5,1,4,False,-84.8476,-84.8476,635,8,1016,1024,False,,0,effectively rejected
9,30,4,0,4,False,0.0,0.0,1024,948,76,1024,True,accept,0,effectively accepted
9,61,5,1,4,True,-14.2021,-14.2021,948,634,390,1024,True,reject,0,effectively rejected
9,123,6,2,4,True,-121.2263,-121.2263,634,254,770,1024,False,,0,effectively rejected
9,247,7,3,4,True,-53.7915,-53.7915,254,143,881,1024,False,,0,effectively rejected
9,62,5,0,5,False,-17.7037,-17.7037,1024,428,596,1024,False,,0,effectively rejected
10,0,0,0,0,False,-9.126,-9.126,1024,813,211,1024,True,reject,0,effectively rejected
10,1,1,1,0,True,-53.8137,-53.8137,813,213,811,1024,False,,0,effectively rejected
10,4,2,1,1,False,-37.4342,-37.4342,813,16,1008,1024,False,,0,effectively rejected
10,2,1,0,1,False,-9.3441,-9.3441,1024,787,237,1024,True,reject,0,effectively rejected
10,6,2,0,2,False,-23.5363,-23.5363,1024,172,852,1024,True,reject,0,effectively rejected
10,14,3,0,3,False,0.0312,0.0,1024,796,228,1024,True,accept,0,effectively accepted
10,29,4,1,3,True,-22.3543,-22.3543,796,513,511,1024,True,reject,0,effectively rejected
10,59,5,2,3,True,-92.578,-92.578,513,159,865,1024,False,,0,effectively rejected
10,119,6,3,3,True,-40.9142,-40.9142,159,68,956,1024,False,,0,effectively rejected
10,120,6,2,4,False,-115.9449,-115.9449,513,100,924,1024,False,,0,effectively rejected
10,60,5,1,4,False,-19.6134,-19.6134,796,374,650,1024,True,reject,0,effectively rejected
10,30,4,0,4,False,-25.6622,-25.6622,1024,494,530,1024,False,,0,effectively rejected
10,61,5,1,4,True,-22.796,-22.796,494,489,535,1024,False,,0,effectively rejected
11,0,0,0,0,False,-21.2415,-21.2415,1024,65,959,1024,True,reject,0,effectively rejected
11,2,1,0,1,False,-18.4819,-18.4819,1024,631,393,1024,True,reject,0,effectively rejected
11,5,2,1,1,True,-75.2504,-75.2504,631,347,677,1024,False,,0,effectively rejected
11,12,3,1,2,False,-39.9787,-39.9787,631,191,833,1024,False,,0,effectively rejected
11,25,4,2,2,True,-134.68,-134.68,191,166,858,1024,False,,0,effectively rejected
11,26,4,1,3,False,-34.8587,-34.8587,631,56,968,1024,False,,0,effectively rejected
11,54,5,1,4,False,-83.3394,-83.3394,631,159,865,1024,False,,0,effectively rejected
11,6,2,0,2,False,-23.8619,-23.8619,1024,442,582,1024,True,reject,0,effectively rejected
11,14,3,0,3,False,-22.9558,-22.9558,1024,464,560,1024,True,reject,0,effectively rejected
11,30,4,0,4,False,-21.2331,-21.2331,1024,563,461,1024,True,reject,0,effectively rejected
11,61,5,1,4,True,-88.6498,-88.6498,563,320,704,1024,False,,0,effectively rejected
11,62,5,0,5,False,0.0,0.0,1024,801,223,1024,True,accept,0,effectively accepted
12,0,0,0,0,False,-8.8649,-8.8649,1024,822,202,1024,True,reject,0,effectively rejected
12,1,1,1,0,True,-82.5512,-82.5512,822,134,890,1024,False,,0,effectively rejected
12,4,2,1,1,False,-25.4586,-25.4586,822,578,446,1024,False,,0,effectively rejected
12,9,3,2,1,True,-87.5467,-87.5467,578,244,780,1024,False,,0,effectively rejected
12,20,4,2,2,False,-16.7283,-16.7283,578,484,540,1024,False,,0,effectively rejected
12,41,5,3,2,True,-86.1815,-86.1815,484,184,840,1024,False,,0,effectively rejected
12,84,6,3,3,False,-86.1006,-86.1006,484,210,814,1024,False,,0,effectively rejected
12,42,5,2,3,False,-72.1256,-72.1256,578,340,684,1024,False,,0,effectively rejected
12,2,1,0,1,False,-39.2582,-39.2582,1024,62,962,1024,True,reject,0,effectively rejected
12,6,2,0,2,False,-19.419,-19.419,1024,336,688,1024,True,reject,0,effectively rejected
12,14,3,0,3,False,-134.6288,-134.6288,1024,201,823,1024,True,reject,0,effectively rejected
12,30,4,0,4,False,-27.0163,-27.0163,1024,376,648,1024,True,reject,0,effectively rejected
13,0,0,0,0,False,-66.4881,-66.4881,1024,216,808,1024,True,reject,0,effectively rejected
13,2,1,0,1,False,-10.7996,-10.7996,1024,789,235,1024,True,reject,0,effectively rejected
13,5,2,1,1,True,-25.9438,-25.9438,789,430,594,1024,False,,0,effectively rejected
13,11,3,2,1,True,-119.5286,-119.5286,430,39,985,1024,False,,0,effectively rejected
13,23,4,3,1,True,-55.2539,-55.2539,39,22,1002,1024,False,,0,effectively rejected
13,24,4,2,2,False,-41.1569,-41.1569,430,13,1011,1024,False,,0,effectively rejected
13,12,3,1,2,False,-37.6118,-37.6118,789,19,1005,1024,False,,0,effectively rejected
13,6,2,0,2,False,-9.7646,-9.7646,1024,684,340,1024,True,reject,0,effectively rejected
13,13,3,1,2,True,-82.1204,-82.1204,684,297,727,1024,False,,0,effectively rejected
13,28,4,1,3,False,-16.7699,-16.7699,684,465,559,1024,False,,0,effectively rejected
13,57,5,2,3,True,-114.3282,-114.3282,465,105,919,1024,False,,0,effectively rejected
13,14,3,0,3,False,0.0,0.0,1024,967,57,1024,True,accept,0,effectively accepted
13,29,4,1,3,True,-23.1725,-23.1725,967,540,484,1024,True,reject,0,effectively rejected
13,59,5,2,3,True,-40.8742,-40.8742,540,54,970,1024,False,,0,effectively rejected
13,120,6,2,4,False,-121.1477,-121.1477,540,160,864,1024,False,,0,effectively rejected
13,60,5,1,4,False,-24.0173,-24.0173,967,536,488,1024,True,reject,0,effectively rejected
13,30,4,0,4,False,0.0,0.0,1024,939,85,1024,False,,0,effectively accepted
14,0,0,0,0,False,-122.3827,-122.3827,1024,66,958,1024,True,reject,0,effectively rejected
14,2,1,0,1,False,-20.9379,-20.9379,1024,494,530,1024,True,reject,0,effectively rejected
14,5,2,1,1,True,-51.4838,-51.4838,494,330,694,1024,False,,0,effectively rejected
14,11,3,2,1,True,-122.9898,-122.9898,330,221,803,1024,False,,0,effectively rejected
14,6,2,0,2,False,-83.9833,-83.9833,1024,338,686,1024,True,reject,0,effectively rejected
14,14,3,0,3,False,-85.2325,-85.2325,1024,269,755,1024,True,reject,0,effectively rejected
14,29,4,1,3,True,-36.3217,-36.3217,269,26,998,1024,False,,0,effectively rejected
14,30,4,0,4,False,-51.3726,-51.3726,1024,369,655,1024,True,reject,0,effectively rejected
14,61,5,1,4,True,-38.5031,-38.5031,369,60,964,1024,False,,0,effectively rejected
14,124,6,1,5,False,-39.4695,-39.4695,369,95,929,1024,False,,0,effectively rejected
14,62,5,0,5,False,-115.8781,-115.8781,1024,247,777,1024,True,reject,0,effectively rejected
14,125,6,1,5,True,-121.8574,-121.8574,247,197,827,1024,False,,0,effectively rejected
15,0,0,0,0,False,-24.5873,-24.5873,1024,540,484,1024,True,reject,0,effectively rejected
15,1,1,1,0,True,-25.0118,-25.0118,540,514,510,1024,False,,0,effectively rejected
15,3,2,2,0,True,-55.0404,-55.0404,514,203,821,1024,False,,0,effectively rejected
15,8,3,2,1,False,-113.5459,-113.5459,514,147,877,1024,False,,0,effectively rejected
15,4,2,1,1,False,-121.5348,-121.5348,540,35,989,1024,False,,0,effectively rejected
15,2,1,0,1,False,-65.3632,-65.3632,1024,304,720,1024,True,reject,0,effectively rejected
15,6,2,0,2,False,-14.8457,-14.8457,1024,664,360,1024,True,reject,0,effectively rejected
15,13,3,1,2,True,-90.0623,-90.0623,664,136,888,1024,False,,0,effectively rejected
15,28,4,1,3,False,-67.608,-67.608,664,122,902,1024,False,,0,effectively rejected
15,14,3,0,3,False,-29.1082,-29.1082,1024,480,544,1024,True,reject,0,effectively rejected
15,29,4,1,3,True,-26.9195,-26.9195,480,414,610,1024,False,,0,effectively rejected
15,30,4,0,4,False,-25.9027,-25.9027,1024,219,805,1024,True,reject,0,effectively rejected
15,62,5,0,5,False,-10.1668,-10.1668,1024,697,327,1024,True,reject,0,effectively rejected
16,0,0,0,0,False,-136.6767,-136.6767,1024,228,796,1024,True,reject,0,effectively rejected
16,2,1,0,1,False,-27.3134,-27.3134,1024,436,588,1024,True,reject,0,effectively rejected
16,6,2,0,2,False,-123.4146,-123.4146,1024,62,962,1024,True,reject,0,effectively rejected
16,14,3,0,3,False,-43.6316,-43.6316,1024,16,1008,1024,True,reject,0,effectively rejected
16,30,4,0,4,False,-100.4857,-100.4857,1024,301,723,1024,True,reject,0,effectively rejected
16,62,5,0,5,False,-21.6616,-21.6616,1024,493,531,1024,True,reject,0,effectively rejected
16,126,6,0,6,False,-23.3016,-23.3016,1024,397,627,1024,True,reject,0,effectively rejected
17,0,0,0,0,False,-9.1024,-9.1024,1024,756,268,1024,True,reject,0,effectively rejected
17,1,1,1,0,True,-73.4524,-73.4524,756,333,691,1024,False,,0,effectively rejected
17,4,2,1,1,False,-80.4705,-80.4705,756,264,760,1024,False,,0,effectively rejected
17,9,3,2,1,True,-84.2624,-84.2624,264,143,881,1024,False,,0,effectively rejected
17,20,4,2,2,False,-94.8094,-94.8094,264,261,763,1024,False,,0,effectively rejected
17,41,5,3,2,True,-85.7374,-85.7374,261,63,961,1024,False,,0,effectively rejected
17,2,1,0,1,False,-91.5567,-91.5567,1024,203,821,1024,True,reject,0,effectively rejected
17,6,2,0,2,False,-118.5843,-118.5843,1024,149,875,1024,True,reject,0,effectively rejected
17,14,3,0,3,False,-0.2711,-0.2711,1024,726,298,1024,True,accept,0,genuinely stochastic
17,30,4,0,4,False,0.0001,0.0,1024,892,132,1024,False,,0,effectively accepted
18,0,0,0,0,False,-80.0501,-80.0501,1024,298,726,1024,True,reject,0,effectively rejected
18,2,1,0,1,False,-82.9902,-82.9902,1024,358,666,1024,True,reject,0,effectively rejected
18,5,2,1,1,True,-85.4779,-85.4779,358,286,738,1024,False,,0,effectively rejected
18,12,3,1,2,False,-41.1755,-41.1755,358,179,845,1024,False,,0,effectively rejected
18,6,2,0,2,False,-89.3827,-89.3827,1024,192,832,1024,True,reject,0,effectively rejected
18,14,3,0,3,False,-9.0983,-9.0983,1024,707,317,1024,True,reject,0,effectively rejected
18,29,4,1,3,True,-56.2982,-56.2982,707,225,799,1024,False,,0,effectively rejected
18,30,4,0,4,False,-16.9611,-16.9611,1024,688,336,1024,True,reject,0,effectively rejected
18,61,5,1,4,True,-43.865,-43.865,688,24,1000,1024,False,,0,effectively rejected
18,124,6,1,5,False,-80.7102,-80.7102,688,237,787,1024,False,,0,effectively rejected
18,62,5,0,5,False,-13.7064,-13.7064,1024,610,414,1024,True,reject,0,effectively rejected
19,0,0,0,0,False,-22.8615,-22.8615,1024,420,604,1024,True,reject,0,effectively rejected
19,1,1,1,0,True,-59.6175,-59.6175,420,128,896,1024,False,,0,effectively rejected
19,2,1,0,1,False,-9.8571,-9.8571,1024,705,319,1024,True,reject,0,effectively rejected
19,5,2,1,1,True,-14.5081,-14.5081,705,656,368,1024,False,,0,effectively rejected
19,12,3,1,2,False,-62.3936,-62.3936,705,180,844,1024,False,,0,effectively rejected
19,26,4,1,3,False,-11.0036,-11.0036,705,376,648,1024,False,,0,effectively rejected
19,53,5,2,3,True,-39.5358,-39.5358,376,80,944,1024,False,,0,effectively rejected
19,6,2,0,2,False,-15.6783,-15.6783,1024,483,541,1024,True,reject,0,effectively rejected
19,14,3,0,3,False,-8.9636,-8.9636,1024,765,259,1024,True,reject,0,effectively rejected
19,29,4,1,3,True,-79.9707,-79.9707,765,155,869,1024,False,,0,effectively rejected
19,30,4,0,4,False,-15.635,-15.635,1024,652,372,1024,True,reject,0,effectively rejected
20,0,0,0,0,False,0.0002,0.0,1024,856,168,1024,True,accept,0,effectively accepted
20,1,1,1,0,True,-14.965,-14.965,856,647,377,1024,True,reject,0,effectively rejected
20,3,2,2,0,True,-78.9241,-78.9241,647,237,787,1024,False,,0,effectively rejected
20,4,2,1,1,False,-84.8018,-84.8018,856,3,1021,1024,True,reject,0,effectively rejected
20,2,1,0,1,False,-181.0017,-181.0017,1024,162,862,1024,False,,0,effectively rejected
20,6,2,0,2,False,0.0,0.0,1024,976,48,1024,False,,0,effectively accepted
21,0,0,0,0,False,0.0,0.0,1024,12,1012,1024,True,accept,0,effectively accepted
21,2,1,0,1,False,-1.3457,-1.3457,1024,372,652,1024,False,,0,genuinely stochastic
21,5,2,1,1,True,2.2284,0.0,372,187,837,1024,False,,0,effectively accepted
21,6,2,0,2,False,-5.8088,-5.8088,1024,911,113,1024,False,,0,effectively rejected
21,13,3,1,2,True,-0.9546,-0.9546,911,554,470,1024,False,,0,genuinely stochastic
21,27,4,2,2,True,6.3576,0.0,554,365,659,1024,False,,0,effectively accepted
21,56,5,2,3,False,-169.4837,-169.4837,554,4,1020,1024,False,,0,effectively rejected
21,28,4,1,3,False,-2.8326,-2.8326,911,607,417,1024,False,,0,genuinely stochastic
21,57,5,2,3,True,40.1431,0.0,607,218,806,1024,False,,0,effectively accepted
21,115,6,3,3,True,-1.6995,-1.6995,218,128,896,1024,False,,0,genuinely stochastic
21,231,7,4,3,True,-1.2505,-1.2505,128,126,898,1024,False,,0,genuinely stochastic
21,463,8,5,3,True,-0.7771,-0.7771,126,51,973,1024,False,,0,genuinely stochastic
21,58,5,1,4,False,-9.6265,-9.6265,911,20,1004,1024,False,,0,effectively rejected
21,14,3,0,3,False,-17.8275,-17.8275,1024,327,697,1024,False,,0,effectively rejected
21,30,4,0,4,False,6.0615,0.0,1024,259,765,1024,False,,0,effectively accepted
22,0,0,0,0,False,0.0,0.0,1024,253,771,1024,True,accept,0,effectively accepted
22,2,1,0,1,False,-5.6665,-5.6665,1024,211,813,1024,False,,0,effectively rejected
22,6,2,0,2,False,-1.5051,-1.5051,1024,693,331,1024,False,,0,genuinely stochastic
22,13,3,1,2,True,2.7713,0.0,693,13,1011,1024,False,,0,effectively accepted
22,28,4,1,3,False,-3.2427,-3.2427,693,669,355,1024,False,,0,genuinely stochastic
22,58,5,1,4,False,-43.6368,-43.6368,693,385,639,1024,False,,0,effectively rejected
22,118,6,1,5,False,1.0836,0.0,693,565,459,1024,False,,0,effectively accepted
22,14,3,0,3,False,-13.9427,-13.9427,1024,67,957,1024,False,,0,effectively rejected
22,30,4,0,4,False,-0.1704,-0.1704,1024,194,830,1024,False,,0,genuinely stochastic
22,61,5,1,4,True,24.1628,0.0,194,10,1014,1024,False,,0,effectively accepted
22,62,5,0,5,False,-27.0757,-27.0757,1024,255,769,1024,False,,0,effectively rejected
22,125,6,1,5,True,-2.6096,-2.6096,255,133,891,1024,False,,0,genuinely stochastic
22,126,6,0,6,False,1.736,0.0,1024,632,392,1024,False,,0,effectively accepted
23,0,0,0,0,False,0.0,0.0,1024,299,725,1024,True,accept,0,effectively accepted
23,1,1,1,0,True,-14.7111,-14.7111,299,90,934,1024,True,reject,0,effectively rejected
23,2,1,0,1,False,-2.7021,-2.7021,1024,731,293,1024,False,,0,genuinely stochastic
23,5,2,1,1,True,-1.7001,-1.7001,731,466,558,1024,False,,0,genuinely stochastic
23,6,2,0,2,False,-0.3957,-0.3957,1024,701,323,1024,False,,0,genuinely stochastic
23,14,3,0,3,False,0.7671,0.0,1024,901,123,1024,False,,0,effectively accepted
23,29,4,1,3,True,0.7859,0.0,901,67,957,1024,False,,0,effectively accepted
23,60,5,1,4,False,1.6949,0.0,901,432,592,1024,False,,0,effectively accepted
23,30,4,0,4,False,-8.406,-8.406,1024,391,633,1024,False,,0,effectively rejected
24,0,0,0,0,False,0.0,0.0,1024,831,193,1024,True,accept,0,effectively accepted
24,1,1,1,0,True,-1.2496,-1.2496,831,268,756,1024,True,reject,0,genuinely stochastic
24,4,2,1,1,False,0.6846,0.0,831,449,575,1024,True,accept,0,effectively accepted
24,10,3,1,2,False,2.3727,0.0,831,544,480,1024,False,,0,effectively accepted
24,22,4,1,3,False,-1.5725,-1.5725,831,810,214,1024,False,,0,genuinely stochastic
24,2,1,0,1,False,8.1337,0.0,1024,361,663,1024,False,,0,effectively accepted
24,6,2,0,2,False,-2.2099,-2.2099,1024,991,33,1024,False,,0,genuinely stochastic
24,13,3,1,2,True,0.427,0.0,991,850,174,1024,False,,0,effectively accepted
24,27,4,2,2,True,-2.4338,-2.4338,850,698,326,1024,False,,0,genuinely stochastic
24,55,5,3,2,True,-19.1644,-19.1644,698,222,802,1024,False,,0,effectively rejected
24,28,4,1,3,False,0.6025,0.0,991,66,958,1024,False,,0,effectively accepted
24,14,3,0,3,False,2.0016,0.0,1024,249,775,1024,False,,0,effectively accepted
25,0,0,0,0,False,-0.3896,-0.3896,1024,888,136,1024,True,reject,0,genuinely stochastic
25,1,1,1,0,True,-4.7676,-4.7676,888,347,677,1024,False,,0,effectively rejected
25,4,2,1,1,False,0.1396,0.0,888,860,164,1024,False,,0,effectively accepted
25,9,3,2,1,True,13.2962,0.0,860,144,880,1024,False,,0,effectively accepted
25,20,4,2,2,False,-8.576,-8.576,860,74,950,1024,False,,0,effectively rejected
25,42,5,2,3,False,-6.2799,-6.2799,860,584,440,1024,False,,0,effectively rejected
25,10,3,1,2,False,-25.8893,-25.8893,888,75,949,1024,False,,0,effectively rejected
25,22,4,1,3,False,-2.1653,-2.1653,888,459,565,1024,False,,0,genuinely stochastic
25,45,5,2,3,True,-0.9233,-0.9233,459,101,923,1024,False,,0,genuinely stochastic
25,2,1,0,1,False,0.1224,0.0,1024,924,100,1024,True,accept,0,effectively accepted
25,6,2,0,2,False,-2.2494,-2.2494,1024,680,344,1024,False,,0,genuinely stochastic
25,14,3,0,3,False,2.4638,0.0,1024,878,146,1024,False,,0,effectively accepted
25,29,4,1,3,True,-8.8272,-8.8272,878,430,594,1024,False,,0,effectively rejected
26,0,0,0,0,False,1.7094,0.0,1024,989,35,1024,True,accept,0,effectively accepted
26,1,1,1,0,True,0.2665,0.0,989,904,120,1024,True,accept,0,effectively accepted
26,3,2,2,0,True,-1.2072,-1.2072,904,867,157,1024,True,accept,0,genuinely stochastic
26,7,3,3,0,True,-32.9946,-32.9946,867,14,1010,1024,True,reject,0,effectively rejected
26,16,4,3,1,False,-0.0464,-0.0464,867,277,747,1024,True,accept,0,genuinely stochastic
26,34,5,3,2,False,-2.7021,-2.7021,867,323,701,1024,False,,0,genuinely stochastic
26,8,3,2,1,False,-3.5051,-3.5051,904,616,408,1024,False,,0,genuinely stochastic
26,17,4,3,1,True,-1.1476,-1.1476,616,573,451,1024,False,,0,genuinely stochastic
26,35,5,4,1,True,-10.2153,-10.2153,573,104,920,1024,False,,0,effectively rejected
26,72,6,4,2,False,-0.4299,-0.4299,573,489,535,1024,False,,0,genuinely stochastic
26,18,4,2,2,False,-2.0961,-2.0961,904,219,805,1024,False,,0,genuinely stochastic
26,4,2,1,1,False,-5.4875,-5.4875,989,391,633,1024,False,,0,effectively rejected
26,9,3,2,1,True,14.9773,0.0,391,297,727,1024,False,,0,effectively accepted
26,19,4,3,1,True,-12.2818,-12.2818,297,182,842,1024,False,,0,effectively rejected
26,10,3,1,2,False,-5.8458,-5.8458,989,870,154,1024,False,,0,effectively rejected
26,2,1,0,1,False,-1.5142,-1.5142,1024,137,887,1024,False,,0,genuinely stochastic
26,6,2,0,2,False,-3.9463,-3.9463,1024,604,420,1024,False,,0,genuinely stochastic
27,0,0,0,0,False,1.9905,0.0,1024,134,890,1024,True,accept,0,effectively accepted
27,2,1,0,1,False,5.0937,0.0,1024,384,640,1024,False,,0,effectively accepted
27,5,2,1,1,True,2.5019,0.0,384,124,900,1024,False,,0,effectively accepted
27,12,3,1,2,False,-5.8875,-5.8875,384,304,720,1024,False,,0,effectively rejected
27,6,2,0,2,False,-3.7639,-3.7639,1024,546,478,1024,False,,0,genuinely stochastic
27,13,3,1,2,True,-1.7573,-1.7573,546,123,901,1024,False,,0,genuinely stochastic
27,14,3,0,3,False,-1.4669,-1.4669,1024,761,263,1024,False,,0,genuinely stochastic
27,29,4,1,3,True,0.8506,0.0,761,602,422,1024,False,,0,effectively accepted
27,60,5,1,4,False,-8.1498,-8.1498,761,302,722,1024,False,,0,effectively rejected
27,121,6,2,4,True,-1.7811,-1.7811,302,266,758,1024,False,,0,genuinely stochastic
27,30,4,0,4,False,-0.8617,-0.8617,1024,1006,18,1024,False,,0,genuinely stochastic
27,61,5,1,4,True,-4.3712,-4.3712,1006,318,706,1024,False,,0,genuinely stochastic
27,123,6,2,4,True,3.5856,0.0,318,284,740,1024,False,,0,effectively accepted
27,62,5,0,5,False,26.9782,0.0,1024,398,626,1024,False,,0,effectively accepted
28,0,0,0,0,False,-2.7511,-2.7511,1024,64,960,1024,True,reject,0,genuinely stochastic
28,2,1,0,1,False,-3.6285,-3.6285,1024,514,510,1024,True,reject,0,genuinely stochastic
28,5,2,1,1,True,-7.7743,-7.7743,514,16,1008,1024,False,,0,effectively rejected
28,6,2,0,2,False,-0.8472,-0.8472,1024,919,105,1024,True,reject,0,genuinely stochastic
28,13,3,1,2,True,1.5233,0.0,919,652,372,1024,False,,0,effectively accepted
28,27,4,2,2,True,-8.08,-8.08,652,2,1022,1024,False,,0,effectively rejected
28,28,4,1,3,False,-1.808,-1.808,919,438,586,1024,False,,0,genuinely stochastic
28,57,5,2,3,True,-38.1319,-38.1319,438,268,756,1024,False,,0,effectively rejected
28,58,5,1,4,False,-4.5449,-4.5449,919,465,559,1024,False,,0,genuinely stochastic
28,118,6,1,5,False,-0.5358,-0.5358,919,739,285,1024,False,,0,genuinely stochastic
28,14,3,0,3,False,1.3602,0.0,1024,297,727,1024,True,accept,0,effectively accepted
28,30,4,0,4,False,-0.921,-0.921,1024,691,333,1024,False,,0,genuinely stochastic
28,61,5,1,4,True,5.6699,0.0,691,292,732,1024,False,,0,effectively accepted
28,124,6,1,5,False,-2.0486,-2.0486,691,491,533,1024,False,,0,genuinely stochastic
28,62,5,0,5,False,-2.6381,-2.6381,1024,709,315,1024,False,,0,genuinely stochastic
29,0,0,0,0,False,38.5866,0.0,1024,21,1003,1024,True,accept,0,effectively accepted
29,2,1,0,1,False,-2.2759,-2.2759,1024,923,101,1024,False,,0,genuinely stochastic
29,5,2,1,1,True,-5.7567,-5.7567,923,663,361,1024,False,,0,effectively rejected
29,11,3,2,1,True,-7.8134,-7.8134,663,298,726,1024,False,,0,effectively rejected
29,23,4,3,1,True,-7.416,-7.416,298,164,860,1024,False,,0,effectively rejected
29,12,3,1,2,False,10.8235,0.0,923,197,827,1024,False,,0,effectively accepted
29,26,4,1,3,False,-3.0028,-3.0028,923,133,891,1024,False,,0,genuinely stochastic
29,54,5,1,4,False,-3.8461,-3.8461,923,37,987,1024,False,,0,genuinely stochastic
29,6,2,0,2,False,0.0114,0.0,1024,645,379,1024,False,,0,effectively accepted
29,13,3,1,2,True,-12.3606,-12.3606,645,106,918,1024,False,,0,effectively rejected
29,14,3,0,3,False,-4.0869,-4.0869,1024,331,693,1024,False,,0,genuinely stochastic
29,30,4,0,4,False,-12.6789,-12.6789,1024,245,779,1024,False,,0,effectively rejected
30,0,0,0,0,False,-9.8574,-9.8574,1024,917,107,1024,True,reject,0,effectively rejected
30,2,1,0,1,False,-45.9387,-45.9387,1024,272,752,1024,True,reject,0,effectively rejected
30,6,2,0,2,False,-6.9648,-6.9648,1024,918,106,1024,True,reject,0,effectively rejected
30,13,3,1,2,True,-6.8643,-6.8643,918,909,115,1024,False,,0,effectively rejected
30,27,4,2,2,True,0.1738,0.0,909,781,243,1024,False,,0,effectively accepted
30,56,5,2,3,False,-2.3843,-2.3843,909,464,560,1024,False,,0,genuinely stochastic
30,28,4,1,3,False,-9.833,-9.833,918,139,885,1024,False,,0,effectively rejected
30,14,3,0,3,False,-0.2429,-0.2429,1024,480,544,1024,True,accept,0,genuinely stochastic
31,0,0,0,0,False,-0.0571,-0.0571,1024,980,44,1024,True,accept,0,genuinely stochastic
31,1,1,1,0,True,-43.5135,-43.5135,980,358,666,1024,True,reject,0,effectively rejected
31,3,2,2,0,True,-46.1326,-46.1326,358,53,971,1024,False,,0,effectively rejected
31,8,3,2,1,False,-17.3405,-17.3405,358,278,746,1024,False,,0,effectively rejected
31,4,2,1,1,False,-47.2378,-47.2378,980,422,602,1024,True,reject,0,effectively rejected
31,10,3,1,2,False,-9.8882,-9.8882,980,627,397,1024,True,reject,0,effectively rejected
31,21,4,2,2,True,-44.1092,-44.1092,627,282,742,1024,False,,0,effectively rejected
31,22,4,1,3,False,-54.9453,-54.9453,980,246,778,1024,True,reject,0,effectively rejected
31,46,5,1,4,False,-9.4881,-9.4881,980,847,177,1024,True,reject,0,effectively rejected
31,2,1,0,1,False,-49.1859,-49.1859,1024,77,947,1024,False,,0,effectively rejected
31,6,2,0,2,False,-9.8195,-9.8195,1024,241,783,1024,False,,0,effectively rejected
31,14,3,0,3,False,-0.1516,-0.1516,1024,979,45,1024,False,,0,genuinely stochastic
31,29,4,1,3,True,-1.6662,-1.6662,979,836,188,1024,False,,0,genuinely stochastic
31,59,5,2,3,True,-41.4489,-41.4489,836,325,699,1024,False,,0,effectively rejected
31,119,6,3,3,True,-38.7813,-38.7813,325,203,821,1024,False,,0,effectively rejected
31,30,4,0,4,False,-16.0598,-16.0598,1024,576,448,1024,False,,0,effectively rejected
32,0,0,0,0,False,-6.6847,-6.6847,1024,728,296,1024,True,reject,0,effectively rejected
32,2,1,0,1,False,-53.63,-53.63,1024,116,908,1024,True,reject,0,effectively rejected
32,6,2,0,2,False,-9.5142,-9.5142,1024,691,333,1024,True,reject,0,effectively rejected
32,13,3,1,2,True,-44.1027,-44.1027,691,265,759,1024,False,,0,effectively rejected
32,27,4,2,2,True,-41.6409,-41.6409,265,247,777,1024,False,,0,effectively rejected
32,28,4,1,3,False,0.3053,0.0,691,646,378,1024,False,,0,effectively accepted
32,57,5,2,3,True,2.1596,0.0,646,461,563,1024,False,,0,effectively accepted
32,115,6,3,3,True,-0.4935,-0.4935,461,363,661,1024,False,,0,genuinely stochastic
32,116,6,2,4,False,1.6989,0.0,646,578,446,1024,False,,0,effectively accepted
32,58,5,1,4,False,-51.159,-51.159,691,404,620,1024,False,,0,effectively rejected
32,117,6,2,4,True,-42.2043,-42.2043,404,194,830,1024,False,,0,effectively rejected
32,14,3,0,3,False,-34.9069,-34.9069,1024,257,767,1024,True,reject,0,effectively rejected
32,30,4,0,4,False,-47.7608,-47.7608,1024,170,854,1024,True,reject,0,effectively rejected
32,62,5,0,5,False,-0.8524,-0.8524,1024,724,300,1024,True,accept,0,genuinely stochastic
33,0,0,0,0,False,-41.5456,-41.5456,1024,25,999,1024,True,reject,0,effectively rejected
33,2,1,0,1,False,-46.1385,-46.1385,1024,372,652,1024,True,reject,0,effectively rejected
33,6,2,0,2,False,-9.7563,-9.7563,1024,731,293,1024,True,reject,0,effectively rejected
33,14,3,0,3,False,-44.4955,-44.4955,1024,307,717,1024,True,reject,0,effectively rejected
33,30,4,0,4,False,-61.6856,-61.6856,1024,265,759,1024,True,reject,0,effectively rejected
33,62,5,0,5,False,-0.2328,-0.2328,1024,501,523,1024,True,accept,0,genuinely stochastic
33,125,6,1,5,True,-44.2385,-44.2385,501,304,720,1024,True,reject,0,effectively rejected
33,126,6,0,6,False,-0.5873,-0.5873,1024,628,396,1024,False,,0,genuinely stochastic
34,0,0,0,0,False,0.3224,0.0,1024,758,266,1024,True,accept,0,effectively accepted
34,1,1,1,0,True,-41.9339,-41.9339,758,18,1006,1024,True,reject,0,effectively rejected
34,4,2,1,1,False,-5.7018,-5.7018,758,685,339,1024,True,reject,0,effectively rejected
34,10,3,1,2,False,-48.9734,-48.9734,758,261,763,1024,True,reject,0,effectively rejected
34,2,1,0,1,False,-9.1508,-9.1508,1024,518,506,1024,False,,0,effectively rejected
34,6,2,0,2,False,-40.2135,-40.2135,1024,192,832,1024,False,,0,effectively rejected
34,14,3,0,3,False,-41.0724,-41.0724,1024,218,806,1024,False,,0,effectively rejected
34,30,4,0,4,False,-9.8281,-9.8281,1024,583,441,1024,False,,0,effectively rejected
35,0,0,0,0,False,-9.4137,-9.4137,1024,944,80,1024,True,reject,0,effectively rejected
35,1,1,1,0,True,-2.6191,-2.6191,944,596,428,1024,False,,0,genuinely stochastic
35,3,2,2,0,True,-45.9038,-45.9038,596,365,659,1024,False,,0,effectively rejected
35,7,3,3,0,True,-42.5625,-42.5625,365,188,836,1024,False,,0,effectively rejected
35,15,4,4,0,True,-44.0182,-44.0182,188,91,933,1024,False,,0,effectively rejected
35,16,4,3,1,False,-50.0952,-50.0952,365,244,780,1024,False,,0,effectively rejected
35,33,5,4,1,True,-42.4958,-42.4958,244,82,942,1024,False,,0,effectively rejected
35,4,2,1,1,False,-51.8848,-51.8848,944,256,768,1024,False,,0,effectively rejected
35,10,3,1,2,False,-1.8567,-1.8567,944,765,259,1024,False,,0,genuinely stochastic
35,21,4,2,2,True,-3.7092,-3.7092,765,547,477,1024,False,,0,genuinely stochastic
35,43,5,3,2,True,-40.6353,-40.6353,547,43,981,1024,False,,0,effectively rejected
35,2,1,0,1,False,-84.7525,-84.7525,1024,693,331,1024,True,reject,0,effectively rejected
35,5,2,1,1,True,-48.0233,-48.0233,693,345,679,1024,False,,0,effectively rejected
35,6,2,0,2,False,0.3839,0.0,1024,528,496,1024,True,accept,0,effectively accepted
35,13,3,1,2,True,-46.255,-46.255,528,336,688,1024,True,reject,0,effectively rejected
35,27,4,2,2,True,-38.6508,-38.6508,336,40,984,1024,False,,0,effectively rejected
35,14,3,0,3,False,-47.7383,-47.7383,1024,201,823,1024,False,,0,effectively rejected
36,0,0,0,0,False,1.776,0.0,1024,903,121,1024,True,accept,0,effectively accepted
36,1,1,1,0,True,-72.2052,-72.2052,903,239,785,1024,True,reject,0,effectively rejected
36,3,2,2,0,True,-45.4512,-45.4512,239,151,873,1024,False,,0,effectively rejected
36,4,2,1,1,False,-4.2875,-4.2875,903,872,152,1024,True,reject,0,genuinely stochastic
36,9,3,2,1,True,-6.9815,-6.9815,872,550,474,1024,False,,0,effectively rejected
36,19,4,3,1,True,-47.0193,-47.0193,550,327,697,1024,False,,0,effectively rejected
36,20,4,2,2,False,1.9597,0.0,872,778,246,1024,False,,0,effectively accepted
36,41,5,3,2,True,-10.1204,-10.1204,778,574,450,1024,False,,0,effectively rejected
36,10,3,1,2,False,1.6211,0.0,903,834,190,1024,True,accept,0,effectively accepted
36,21,4,2,2,True,-53.7875,-53.7875,834,246,778,1024,True,reject,0,effectively rejected
36,22,4,1,3,False,-2.6074,-2.6074,903,726,298,1024,False,,0,genuinely stochastic
36,2,1,0,1,False,2.0429,0.0,1024,922,102,1024,False,,0,effectively accepted
36,5,2,1,1,True,1.6482,0.0,922,655,369,1024,False,,0,effectively accepted
36,12,3,1,2,False,-6.255,-6.255,922,740,284,1024,False,,0,effectively rejected
36,6,2,0,2,False,-45.9747,-45.9747,1024,310,714,1024,False,,0,effectively rejected
36,14,3,0,3,False,-42.1384,-42.1384,1024,226,798,1024,False,,0,effectively rejected
37,0,0,0,0,False,-45.3948,-45.3948,1024,393,631,1024,True,reject,0,effectively rejected
37,2,1,0,1,False,-0.0647,-0.0647,1024,772,252,1024,True,accept,0,genuinely stochastic
37,6,2,0,2,False,-10.4328,-10.4328,1024,745,279,1024,False,,0,effectively rejected
37,13,3,1,2,True,-96.5281,-96.5281,745,584,440,1024,False,,0,effectively rejected
37,27,4,2,2,True,-47.6394,-47.6394,584,55,969,1024,False,,0,effectively rejected
37,56,5,2,3,False,-46.2415,-46.2415,584,295,729,1024,False,,0,effectively rejected
37,28,4,1,3,False,-10.9567,-10.9567,745,600,424,1024,False,,0,effectively rejected
37,58,5,1,4,False,-47.6394,-47.6394,745,55,969,1024,False,,0,effectively rejected
37,14,3,0,3,False,-1.409,-1.409,1024,562,462,1024,False,,0,genuinely stochastic
37,29,4,1,3,True,-34.6716,-34.6716,562,105,919,1024,False,,0,effectively rejected
37,30,4,0,4,False,-109.7107,-109.7107,1024,6,1018,1024,False,,0,effectively rejected
38,0,0,0,0,False,-9.4786,-9.4786,1024,780,244,1024,True,reject,0,effectively rejected
38,1,1,1,0,True,-10.7271,-10.7271,780,758,266,1024,False,,0,effectively rejected
38,3,2,2,0,True,-45.9421,-45.9421,758,277,747,1024,False,,0,effectively rejected
38,8,3,2,1,False,-15.4209,-15.4209,758,504,520,1024,False,,0,effectively rejected
38,17,4,3,1,True,-42.6016,-42.6016,504,445,579,1024,False,,0,effectively rejected
38,35,5,4,1,True,-64.4782,-64.4782,445,247,777,1024,False,,0,effectively rejected
38,4,2,1,1,False,-16.0689,-16.0689,780,26,998,1024,False,,0,effectively rejected
38,10,3,1,2,False,-47.7356,-47.7356,780,151,873,1024,False,,0,effectively rejected
38,22,4,1,3,False,-39.161,-39.161,780,356,668,1024,False,,0,effectively rejected
38,2,1,0,1,False,-45.1445,-45.1445,1024,172,852,1024,True,reject,0,effectively rejected
38,5,2,1,1,True,-44.1866,-44.1866,172,171,853,1024,False,,0,effectively rejected
38,11,3,2,1,True,-46.4891,-46.4891,171,8,1016,1024,False,,0,effectively rejected
38,6,2,0,2,False,-46.8636,-46.8636,1024,388,636,1024,True,reject,0,effectively rejected
38,14,3,0,3,False,-0.1447,-0.1447,1024,795,229,1024,True,accept,0,genuinely stochastic
39,0,0,0,0,False,-44.9738,-44.9738,1024,300,724,1024,True,reject,0,effectively rejected
39,2,1,0,1,False,-51.7358,-51.7358,1024,472,552,1024,True,reject,0,effectively rejected
39,5,2,1,1,True,-47.3318,-47.3318,472,370,654,1024,False,,0,effectively rejected
39,11,3,2,1,True,-46.281,-46.281,370,307,717,1024,False,,0,effectively rejected
39,23,4,3,1,True,-38.6194,-38.6194,307,277,747,1024,False,,0,effectively rejected
39,47,5,4,1,True,-9.2927,-9.2927,277,43,981,1024,False,,0,effectively rejected
39,96,6,4,2,False,-46.0425,-46.0425,277,160,864,1024,False,,0,effectively rejected
39,48,5,3,2,False,-47.9776,-47.9776,307,288,736,1024,False,,0,effectively rejected
39,97,6,4,2,True,-44.243,-44.243,288,259,765,1024,False,,0,effectively rejected
39,196,7,4,3,False,-44.2872,-44.2872,288,55,969,1024,False,,0,effectively rejected
39,6,2,0,2,False,-84.1492,-84.1492,1024,262,762,1024,True,reject,0,effectively rejected
39,14,3,0,3,False,-44.0631,-44.0631,1024,205,819,1024,True,reject,0,effectively rejected
39,30,4,0,4,False,0.7791,0.0,1024,763,261,1024,True,accept,0,effectively accepted
39,61,5,1,4,True,-43.5116,-43.5116,763,257,767,1024,True,reject,0,effectively rejected
39,62,5,0,5,False,-9.2927,-9.2927,1024,43,981,1024,False,,0,effectively rejected
40,0,0,0,0,False,-0.1493,-0.1493,1024,977,47,1024,True,accept,0,genuinely stochastic
40,1,1,1,0,True,-4.5213,-4.5213,977,731,293,1024,True,reject,0,genuinely stochastic
40,3,2,2,0,True,-49.1298,-49.1298,731,73,951,1024,False,,0,effectively rejected
40,8,3,2,1,False,-12.5145,-12.5145,731,661,363,1024,False,,0,effectively rejected
40,17,4,3,1,True,-44.9298,-44.9298,661,319,705,1024,False,,0,effectively rejected
40,18,4,2,2,False,-58.7057,-58.7057,731,367,657,1024,False,,0,effectively rejected
40,4,2,1,1,False,-9.6252,-9.6252,977,889,135,1024,True,reject,0,effectively rejected
40,9,3,2,1,True,-1.9918,-1.9918,889,800,224,1024,False,,0,genuinely stochastic
40,19,4,3,1,True,-32.7653,-32.7653,800,333,691,1024,False,,0,effectively rejected
40,39,5,4,1,True,-41.8955,-41.8955,333,316,708,1024,False,,0,effectively rejected
40,79,6,5,1,True,-38.5953,-38.5953,316,219,805,1024,False,,0,effectively rejected
40,80,6,4,2,False,-29.7118,-29.7118,333,307,717,1024,False,,0,effectively rejected
40,40,5,3,2,False,-10.6793,-10.6793,800,237,787,1024,False,,0,effectively rejected
40,20,4,2,2,False,-90.7545,-90.7545,889,694,330,1024,False,,0,effectively rejected
40,10,3,1,2,False,-70.0578,-70.0578,977,215,809,1024,True,reject,0,effectively rejected
40,2,1,0,1,False,-49.7789,-49.7789,1024,63,961,1024,False,,0,effectively rejected
40,6,2,0,2,False,-48.1803,-48.1803,1024,156,868,1024,False,,0,effectively rejected
41,0,0,0,0,False,-2.6842,-2.6842,1024,752,272,1024,True,reject,0,genuinely stochastic
41,1,1,1,0,True,-50.9332,-50.9332,752,492,532,1024,False,,0,effectively rejected
41,3,2,2,0,True,-48.9882,-48.9882,492,47,977,1024,False,,0,effectively rejected
41,8,3,2,1,False,-41.221,-41.221,492,219,805,1024,False,,0,effectively rejected
41,2,1,0,1,False,0.0551,0.0,1024,986,38,1024,True,accept,0,effectively accepted
41,5,2,1,1,True,-9.4528,-9.4528,986,868,156,1024,True,reject,0,effectively rejected
41,11,3,2,1,True,-1.4416,-1.4416,868,549,475,1024,False,,0,genuinely stochastic
41,24,4,2,2,False,-46.2356,-46.2356,868,14,1010,1024,False,,0,effectively rejected
41,50,5,2,3,False,-8.8263,-8.8263,868,555,469,1024,False,,0,effectively rejected
41,12,3,1,2,False,-43.4208,-43.4208,986,21,1003,1024,True,reject,0,effectively rejected
41,26,4,1,3,False,-2.1651,-2.1651,986,721,303,1024,True,reject,0,genuinely stochastic
41,6,2,0,2,False,-46.3819,-46.3819,1024,381,643,1024,False,,0,effectively rejected
41,14,3,0,3,False,-0.0835,-0.0835,1024,942,82,1024,False,,0,genuinely stochastic
42,0,0,0,0,False,-92.2487,-92.2487,1024,515,509,1024,True,reject,0,effectively rejected
42,1,1,1,0,True,-46.4806,-46.4806,515,241,783,1024,False,,0,effectively rejected
42,4,2,1,1,False,-64.0766,-64.0766,515,374,650,1024,False,,0,effectively rejected
42,10,3,1,2,False,-48.8135,-48.8135,515,293,731,1024,False,,0,effectively rejected
42,22,4,1,3,False,-43.6887,-43.6887,515,79,945,1024,False,,0,effectively rejected
42,46,5,1,4,False,-48.7809,-48.7809,515,301,723,1024,False,,0,effectively rejected
42,2,1,0,1,False,-12.1721,-12.1721,1024,750,274,1024,True,reject,0,effectively rejected
42,5,2,1,1,True,-49.0118,-49.0118,750,60,964,1024,False,,0,effectively rejected
42,12,3,1,2,False,-46.1726,-46.1726,750,41,983,1024,False,,0,effectively rejected
42,6,2,0,2,False,-40.2166,-40.2166,1024,351,673,1024,True,reject,0,effectively rejected
42,13,3,1,2,True,-47.7793,-47.7793,351,297,727,1024,False,,0,effectively rejected
42,27,4,2,2,True,-46.1312,-46.1312,297,284,740,1024,False,,0,effectively rejected
42,14,3,0,3,False,-0.0681,-0.0681,1024,795,229,1024,True,accept,0,genuinely stochastic
42,30,4,0,4,False,-45.1011,-45.1011,1024,438,586,1024,False,,0,effectively rejected
43,0,0,0,0,False,-2.3073,-2.3073,1024,460,564,1024,True,reject,0,genuinely stochastic
43,2,1,0,1,False,1.0412,0.0,1024,484,540,1024,True,accept,0,effectively accepted
43,6,2,0,2,False,-0.1578,-0.1578,1024,956,68,1024,False,,0,genuinely stochastic
43,13,3,1,2,True,-3.4602,-3.4602,956,637,387,1024,False,,0,genuinely stochastic
43,27,4,2,2,True,-2.6231,-2.6231,637,531,493,1024,False,,0,genuinely stochastic
43,55,5,3,2,True,-119.7573,-119.7573,531,310,714,1024,False,,0,effectively rejected
43,112,6,3,3,False,-45.3339,-45.3339,531,323,701,1024,False,,0,effectively rejected
43,56,5,2,3,False,-45.3659,-45.3659,637,227,797,1024,False,,0,effectively rejected
43,114,6,2,4,False,-37.4632,-37.4632,637,163,861,1024,False,,0,effectively rejected
43,28,4,1,3,False,-3.7263,-3.7263,956,590,434,1024,False,,0,genuinely stochastic
43,58,5,1,4,False,-11.9619,-11.9619,956,661,363,1024,False,,0,effectively rejected
43,14,3,0,3,False,-6.4331,-6.4331,1024,907,117,1024,False,,0,effectively rejected
43,29,4,1,3,True,-40.4958,-40.4958,907,327,697,1024,False,,0,effectively rejected
43,60,5,1,4,False,-3.5817,-3.5817,907,729,295,1024,False,,0,genuinely stochastic
43,30,4,0,4,False,-51.1785,-51.1785,1024,280,744,1024,False,,0,effectively rejected
44,0,0,0,0,False,-49.8938,-49.8938,1024,262,762,1024,True,reject,0,effectively rejected
44,2,1,0,1,False,-76.3685,-76.3685,1024,58,966,1024,True,reject,0,effectively rejected
44,6,2,0,2,False,-1.3521,-1.3521,1024,590,434,1024,True,accept,0,genuinely stochastic
44,13,3,1,2,True,-3.442,-3.442,590,536,488,1024,True,reject,0,genuinely stochastic
44,27,4,2,2,True,-50.0074,-50.0074,536,251,773,1024,False,,0,effectively rejected
44,55,5,3,2,True,-46.1643,-46.1643,251,133,891,1024,False,,0,effectively rejected
44,28,4,1,3,False,-48.2422,-48.2422,590,404,620,1024,True,reject,0,effectively rejected
44,57,5,2,3,True,-52.6713,-52.6713,404,357,667,1024,False,,0,effectively rejected
44,58,5,1,4,False,-48.7142,-48.7142,590,211,813,1024,True,reject,0,effectively rejected
44,14,3,0,3,False,-11.4082,-11.4082,1024,670,354,1024,False,,0,effectively rejected
44,29,4,1,3,True,-85.4547,-85.4547,670,576,448,1024,False,,0,effectively rejected
44,59,5,2,3,True,-49.6465,-49.6465,576,311,713,1024,False,,0,effectively rejected
44,119,6,3,3,True,-46.5836,-46.5836,311,271,753,1024,False,,0,effectively rejected
44,239,7,4,3,True,-49.3175,-49.3175,271,196,828,1024,False,,0,effectively rejected
44,240,7,3,4,False,-42.6602,-42.6602,311,125,899,1024,False,,0,effectively rejected
44,120,6,2,4,False,-32.4255,-32.4255,576,329,695,1024,False,,0,effectively rejected
44,30,4,0,4,False,-2.9884,-2.9884,1024,762,262,1024,False,,0,genuinely stochastic
45,0,0,0,0,False,-12.2213,-12.2213,1024,518,506,1024,True,reject,0,effectively rejected
45,2,1,0,1,False,-47.2077,-47.2077,1024,367,657,1024,True,reject,0,effectively rejected
45,6,2,0,2,False,-45.8609,-45.8609,1024,84,940,1024,True,reject,0,effectively rejected
45,14,3,0,3,False,-43.0981,-43.0981,1024,62,962,1024,True,reject,0,effectively rejected
45,30,4,0,4,False,-39.6998,-39.6998,1024,312,712,1024,True,reject,0,effectively rejected
45,61,5,1,4,True,-45.9906,-45.9906,312,167,857,1024,False,,0,effectively rejected
45,123,6,2,4,True,-45.8677,-45.8677,167,78,946,1024,False,,0,effectively rejected
45,62,5,0,5,False,-55.0121,-55.0121,1024,291,733,1024,True,reject,0,effectively rejected
46,0,0,0,0,False,-44.3384,-44.3384,1024,170,854,1024,True,reject,0,effectively rejected
46,1,1,1,0,True,-88.1223,-88.1223,170,5,1019,1024,False,,0,effectively rejected
46,4,2,1,1,False,-42.553,-42.553,170,76,948,1024,False,,0,effectively rejected
46,10,3,1,2,False,-43.2587,-43.2587,170,168,856,1024,False,,0,effectively rejected
46,2,1,0,1,False,-1.452,-1.452,1024,811,213,1024,True,reject,0,genuinely stochastic
46,5,2,1,1,True,-2.3247,-2.3247,811,706,318,1024,False,,0,genuinely stochastic
46,6,2,0,2,False,0.4243,0.0,1024,801,223,1024,True,accept,0,effectively accepted
46,13,3,1,2,True,-52.7089,-52.7089,801,493,531,1024,True,reject,0,effectively rejected
46,28,4,1,3,False,-57.0798,-57.0798,801,433,591,1024,True,reject,0,effectively rejected
46,14,3,0,3,False,-42.4458,-42.4458,1024,150,874,1024,False,,0,effectively rejected
46,30,4,0,4,False,-68.1192,-68.1192,1024,201,823,1024,False,,0,effectively rejected
47,0,0,0,0,False,0.0,0.0,1024,476,548,1024,True,accept,0,effectively accepted
47,1,1,1,0,True,-14.8702,-14.8702,476,19,1005,1024,True,reject,0,effectively rejected
47,2,1,0,1,False,-31.4292,-31.4292,1024,600,424,1024,False,,0,effectively rejected
47,6,2,0,2,False,5.4677,0.0,1024,616,408,1024,False,,0,effectively accepted
47,14,3,0,3,False,-43.3356,-43.3356,1024,566,458,1024,False,,0,effectively rejected
47,30,4,0,4,False,-0.045,-0.045,1024,1018,6,1024,False,,0,genuinely stochastic
47,61,5,1,4,True,2.0525,0.0,1018,389,635,1024,False,,0,effectively accepted
47,123,6,2,4,True,-17.3139,-17.3139,389,219,805,1024,False,,0,effectively rejected
47,124,6,1,5,False,1.1731,0.0,1018,667,357,1024,False,,0,effectively accepted
47,62,5,0,5,False,-8.7206,-8.7206,1024,797,227,1024,False,,0,effectively rejected
48,0,0,0,0,False,0.5316,0.0,1024,689,335,1024,True,accept,0,effectively accepted
48,1,1,1,0,True,-7.3823,-7.3823,689,443,581,1024,True,reject,0,effectively rejected
48,2,1,0,1,False,-30.5755,-30.5755,1024,472,552,1024,False,,0,effectively rejected
48,6,2,0,2,False,-19.326,-19.326,1024,442,582,1024,False,,0,effectively rejected
48,14,3,0,3,False,4.5605,0.0,1024,809,215,1024,False,,0,effectively accepted
48,29,4,1,3,True,-67.9173,-67.9173,809,14,1010,1024,False,,0,effectively rejected
48,60,5,1,4,False,-53.5817,-53.5817,809,258,766,1024,False,,0,effectively rejected
48,30,4,0,4,False,-9.0466,-9.0466,1024,46,978,1024,False,,0,effectively rejected
48,62,5,0,5,False,-56.7479,-56.7479,1024,268,756,1024,False,,0,effectively rejected
49,0,0,0,0,False,-0.5316,-0.5316,1024,506,518,1024,True,accept,0,genuinely stochastic
49,1,1,1,0,True,-66.0249,-66.0249,506,219,805,1024,True,reject,0,effectively rejected
49,3,2,2,0,True,-32.3053,-32.3053,219,32,992,1024,False,,0,effectively rejected
49,2,1,0,1,False,-12.7541,-12.7541,1024,542,482,1024,False,,0,effectively rejected
49,6,2,0,2,False,-38.6023,-38.6023,1024,479,545,1024,False,,0,effectively rejected
49,14,3,0,3,False,0.0213,0.0,1024,997,27,1024,False,,0,effectively accepted
49,29,4,1,3,True,12.2239,0.0,997,296,728,1024,False,,0,effectively accepted
49,60,5,1,4,False,-56.4653,-56.4653,997,185,839,1024,False,,0,effectively rejected
49,30,4,0,4,False,46.2253,0.0,1024,274,750,1024,False,,0,effectively accepted
50,0,0,0,0,False,-33.365,-33.365,1024,552,472,1024,True,reject,0,effectively rejected
50,1,1,1,0,True,-30.0641,-30.0641,552,280,744,1024,False,,0,effectively rejected
50,3,2,2,0,True,-3.4182,-3.4182,280,137,887,1024,False,,0,genuinely stochastic
50,4,2,1,1,False,-44.1358,-44.1358,552,349,675,1024,False,,0,effectively rejected
50,9,3,2,1,True,-56.0333,-56.0333,349,77,947,1024,False,,0,effectively rejected
50,20,4,2,2,False,11.1944,0.0,349,103,921,1024,False,,0,effectively accepted
50,10,3,1,2,False,8.021,0.0,552,201,823,1024,False,,0,effectively accepted
50,22,4,1,3,False,-2.86,-2.86,552,426,598,1024,False,,0,genuinely stochastic
50,2,1,0,1,False,-9.8485,-9.8485,1024,983,41,1024,True,reject,0,effectively rejected
50,5,2,1,1,True,-7.634,-7.634,983,245,779,1024,False,,0,effectively rejected
50,12,3,1,2,False,-37.1379,-37.1379,983,414,610,1024,False,,0,effectively rejected
50,25,4,2,2,True,-42.6727,-42.6727,414,102,922,1024,False,,0,effectively rejected
50,26,4,1,3,False,-9.2541,-9.2541,983,776,248,1024,False,,0,effectively rejected
50,53,5,2,3,True,-46.3331,-46.3331,776,559,465,1024,False,,0,effectively rejected
50,107,6,3,3,True,-7.4664,-7.4664,559,144,880,1024,False,,0,effectively rejected
50,6,2,0,2,False,-1.8041,-1.8041,1024,230,794,1024,True,reject,0,genuinely stochastic
50,14,3,0,3,False,-0.2355,-0.2355,1024,627,397,1024,True,reject,0,genuinely stochastic
51,0,0,0,0,False,-30.206,-30.206,1024,482,542,1024,True,reject,0,effectively rejected
51,2,1,0,1,False,30.9002,0.0,1024,290,734,1024,True,accept,0,effectively accepted
51,6,2,0,2,False,-40.6379,-40.6379,1024,530,494,1024,False,,0,effectively rejected
51,13,3,1,2,True,-17.0546,-17.0546,530,321,703,1024,False,,0,effectively rejected
51,28,4,1,3,False,-17.4183,-17.4183,530,22,1002,1024,False,,0,effectively rejected
51,58,5,1,4,False,-17.2739,-17.2739,530,102,922,1024,False,,0,effectively rejected
51,14,3,0,3,False,-0.2526,-0.2526,1024,944,80,1024,False,,0,genuinely stochastic
51,29,4,1,3,True,-35.5585,-35.5585,944,601,423,1024,False,,0,effectively rejected
51,59,5,2,3,True,-29.552,-29.552,601,412,612,1024,False,,0,effectively rejected
51,60,5,1,4,False,26.4113,0.0,944,79,945,1024,False,,0,effectively accepted
51,122,6,1,5,False,-47.6575,-47.6575,944,132,892,1024,False,,0,effectively rejected
51,30,4,0,4,False,1.0669,0.0,1024,964,60,1024,False,,0,effectively accepted
51,61,5,1,4,True,1.5146,0.0,964,883,141,1024,False,,0,effectively accepted
51,62,5,0,5,False,-21.4954,-21.4954,1024,121,903,1024,False,,0,effectively rejected
52,0,0,0,0,False,-100.5649,-100.5649,1024,71,953,1024,True,reject,0,effectively rejected
52,2,1,0,1,False,0.7187,0.0,1024,655,369,1024,True,accept,0,effectively accepted
52,6,2,0,2,False,13.9729,0.0,1024,361,663,1024,False,,0,effectively accepted
52,14,3,0,3,False,-0.1145,-0.1145,1024,644,380,1024,False,,0,genuinely stochastic
52,30,4,0,4,False,-45.128,-45.128,1024,266,758,1024,False,,0,effectively rejected
52,61,5,1,4,True,-95.6967,-95.6967,266,195,829,1024,False,,0,effectively rejected
52,124,6,1,5,False,-19.8393,-19.8393,266,110,914,1024,False,,0,effectively rejected
52,62,5,0,5,False,10.471,0.0,1024,567,457,1024,False,,0,effectively accepted
53,0,0,0,0,False,10.6643,0.0,1024,377,647,1024,True,accept,0,effectively accepted
53,2,1,0,1,False,1.9304,0.0,1024,970,54,1024,False,,0,effectively accepted
53,5,2,1,1,True,22.8957,0.0,970,550,474,1024,False,,0,effectively accepted
53,12,3,1,2,False,-3.6099,-3.6099,970,528,496,1024,False,,0,genuinely stochastic
53,25,4,2,2,True,-6.5089,-6.5089,528,268,756,1024,False,,0,effectively rejected
53,26,4,1,3,False,33.2988,0.0,970,423,601,1024,False,,0,effectively accepted
53,6,2,0,2,False,34.8923,0.0,1024,588,436,1024,False,,0,effectively accepted
53,13,3,1,2,True,-83.0548,-83.0548,588,153,871,1024,False,,0,effectively rejected
53,27,4,2,2,True,-76.5237,-76.5237,153,80,944,1024,False,,0,effectively rejected
53,56,5,2,3,False,-75.1914,-75.1914,153,139,885,1024,False,,0,effectively rejected
53,14,3,0,3,False,-7.9141,-7.9141,1024,604,420,1024,False,,0,effectively rejected
53,29,4,1,3,True,12.3229,0.0,604,493,531,1024,False,,0,effectively accepted
53,59,5,2,3,True,-54.9946,-54.9946,493,120,904,1024,False,,0,effectively rejected
53,30,4,0,4,False,-59.0678,-59.0678,1024,266,758,1024,False,,0,effectively rejected
54,0,0,0,0,False,-42.2832,-42.2832,1024,154,870,1024,True,reject,0,effectively rejected
54,2,1,0,1,False,-103.5533,-103.5533,1024,233,791,1024,True,reject,0,effectively rejected
54,5,2,1,1,True,-79.5474,-79.5474,233,13,1011,1024,False,,0,effectively rejected
54,6,2,0,2,False,2.7546,0.0,1024,710,314,1024,True,accept,0,effectively accepted
54,13,3,1,2,True,-11.0523,-11.0523,710,373,651,1024,True,reject,0,effectively rejected
54,14,3,0,3,False,24.0203,0.0,1024,703,321,1024,False,,0,effectively accepted
54,29,4,1,3,True,-42.2715,-42.2715,703,279,745,1024,False,,0,effectively rejected
54,59,5,2,3,True,-79.326,-79.326,279,257,767,1024,False,,0,effectively rejected
54,60,5,1,4,False,-80.4616,-80.4616,703,116,908,1024,False,,0,effectively rejected
54,30,4,0,4,False,-83.1512,-83.1512,1024,158,866,1024,False,,0,effectively rejected
54,62,5,0,5,False,-111.9288,-111.9288,1024,225,799,1024,False,,0,effectively rejected
55,0,0,0,0,False,-88.2538,-88.2538,1024,161,863,1024,True,reject,0,effectively rejected
55,2,1,0,1,False,-90.4216,-90.4216,1024,197,827,1024,True,reject,0,effectively rejected
55,6,2,0,2,False,-76.9094,-76.9094,1024,110,914,1024,True,reject,0,effectively rejected
55,14,3,0,3,False,-51.9723,-51.9723,1024,199,825,1024,True,reject,0,effectively rejected
55,30,4,0,4,False,-80.0497,-80.0497,1024,87,937,1024,True,reject,0,effectively rejected
55,62,5,0,5,False,20.4325,0.0,1024,758,266,1024,True,accept,0,effectively accepted
55,125,6,1,5,True,21.9228,0.0,758,642,382,1024,True,accept,0,effectively accepted
55,251,7,2,5,True,18.5431,0.0,642,454,570,1024,True,accept,0,effectively accepted
55,504,8,2,6,False,-25.896,-25.896,642,141,883,1024,False,,0,effectively rejected
55,252,7,1,6,False,-27.0968,-27.0968,758,362,662,1024,False,,0,effectively rejected
55,126,6,0,6,False,-0.4453,-0.4453,1024,637,387,1024,False,,0,genuinely stochastic
56,0,0,0,0,False,-3.389,-3.389,1024,374,650,1024,True,reject,0,genuinely stochastic
56,2,1,0,1,False,-101.5528,-101.5528,1024,244,780,1024,True,reject,0,effectively rejected
56,5,2,1,1,True,-20.3837,-20.3837,244,203,821,1024,False,,0,effectively rejected
56,6,2,0,2,False,-96.7085,-96.7085,1024,223,801,1024,True,reject,0,effectively rejected
56,13,3,1,2,True,-103.4354,-103.4354,223,130,894,1024,False,,0,effectively rejected
56,14,3,0,3,False,-59.0317,-59.0317,1024,342,682,1024,True,reject,0,effectively rejected
56,30,4,0,4,False,-15.7599,-15.7599,1024,427,597,1024,True,reject,0,effectively rejected
56,62,5,0,5,False,-2.7619,-2.7619,1024,447,577,1024,True,reject,0,genuinely stochastic
56,126,6,0,6,False,-87.5135,-87.5135,1024,155,869,1024,True,reject,0,effectively rejected
56,254,7,0,7,False,0.5388,0.0,1024,950,74,1024,True,accept,0,effectively accepted
57,0,0,0,0,False,-36.8388,-36.8388,1024,438,586,1024,True,reject,0,effectively rejected
57,2,1,0,1,False,-19.0525,-19.0525,1024,619,405,1024,True,reject,0,effectively rejected
57,6,2,0,2,False,-2.6197,-2.6197,1024,555,469,1024,True,reject,0,genuinely stochastic
57,14,3,0,3,False,-25.0433,-25.0433,1024,396,628,1024,True,reject,0,effectively rejected
57,30,4,0,4,False,-16.2635,-16.2635,1024,388,636,1024,True,reject,0,effectively rejected
57,62,5,0,5,False,-0.0308,-0.0308,1024,928,96,1024,True,accept,0,genuinely stochastic
58,0,0,0,0,False,-64.0889,-64.0889,1024,78,946,1024,True,reject,0,effectively rejected
58,2,1,0,1,False,-4.5164,-4.5164,1024,703,321,1024,True,reject,0,genuinely stochastic
58,6,2,0,2,False,2.1163,0.0,1024,452,572,1024,True,accept,0,effectively accepted
58,14,3,0,3,False,-23.3395,-23.3395,1024,570,454,1024,False,,0,effectively rejected
58,29,4,1,3,True,-125.7747,-125.7747,570,5,1019,1024,False,,0,effectively rejected
58,30,4,0,4,False,-5.323,-5.323,1024,840,184,1024,False,,0,effectively rejected
58,61,5,1,4,True,-6.4946,-6.4946,840,806,218,1024,False,,0,effectively rejected
59,0,0,0,0,False,-66.2052,-66.2052,1024,237,787,1024,True,reject,0,effectively rejected
59,2,1,0,1,False,-64.9828,-64.9828,1024,145,879,1024,True,reject,0,effectively rejected
59,6,2,0,2,False,-27.2465,-27.2465,1024,501,523,1024,True,reject,0,effectively rejected
59,13,3,1,2,True,-138.4716,-138.4716,501,257,767,1024,False,,0,effectively rejected
59,27,4,2,2,True,-127.4903,-127.4903,257,146,878,1024,False,,0,effectively rejected
59,56,5,2,3,False,-36.2332,-36.2332,257,170,854,1024,False,,0,effectively rejected
59,28,4,1,3,False,-25.0643,-25.0643,501,25,999,1024,False,,0,effectively rejected
59,58,5,1,4,False,-121.9301,-121.9301,501,210,814,1024,False,,0,effectively rejected
59,118,6,1,5,False,-23.8231,-23.8231,501,500,524,1024,False,,0,effectively rejected
59,14,3,0,3,False,-104.4864,-104.4864,1024,291,733,1024,True,reject,0,effectively rejected
59,29,4,1,3,True,-69.9487,-69.9487,291,73,951,1024,False,,0,effectively rejected
59,30,4,0,4,False,-106.1495,-106.1495,1024,218,806,1024,True,reject,0,effectively rejected
59,62,5,0,5,False,0.2469,0.0,1024,867,157,1024,True,accept,0,effectively accepted
59,125,6,1,5,True,-5.4677,-5.4677,867,441,583,1024,True,reject,0,effectively rejected
60,0,0,0,0,False,-4.5264,-4.5264,1024,429,595,1024,True,reject,0,genuinely stochastic
60,2,1,0,1,False,-77.4032,-77.4032,1024,24,1000,1024,True,reject,0,effectively rejected
60,6,2,0,2,False,-123.8678,-123.8678,1024,140,884,1024,True,reject,0,effectively rejected
60,14,3,0,3,False,-2.7669,-2.7669,1024,686,338,1024,True,reject,0,genuinely stochastic
60,30,4,0,4,False,-144.8172,-144.8172,1024,116,908,1024,True,reject,0,effectively rejected
60,62,5,0,5,False,-85.1951,-85.1951,1024,375,649,1024,True,reject,0,effectively rejected
60,125,6,1,5,True,-86.531,-86.531,375,370,654,1024,False,,0,effectively rejected
60,126,6,0,6,False,-7.6103,-7.6103,1024,456,568,1024,True,reject,0,effectively rejected
60,254,7,0,7,False,-39.8182,-39.8182,1024,572,452,1024,True,reject,0,effectively rejected
60,509,8,1,7,True,-38.7997,-38.7997,572,359,665,1024,False,,0,effectively rejected
61,0,0,0,0,False,-20.4415,-20.4415,1024,671,353,1024,True,reject,0,effectively rejected
61,2,1,0,1,False,-125.8928,-125.8928,1024,191,833,1024,True,reject,0,effectively rejected
61,6,2,0,2,False,-8.3884,-8.3884,1024,557,467,1024,True,reject,0,effectively rejected
61,14,3,0,3,False,-22.0546,-22.0546,1024,145,879,1024,True,reject,0,effectively rejected
61,29,4,1,3,True,-63.8007,-63.8007,145,30,994,1024,False,,0,effectively rejected
61,60,5,1,4,False,-98.7607,-98.7607,145,51,973,1024,False,,0,effectively rejected
61,30,4,0,4,False,0.0,0.0,1024,1015,9,1024,True,accept,0,effectively accepted
61,61,5,1,4,True,-84.1467,-84.1467,1015,39,985,1024,True,reject,0,effectively rejected
61,62,5,0,5,False,-23.1735,-23.1735,1024,706,318,1024,False,,0,effectively rejected
62,0,0,0,0,False,-34.8779,-34.8779,1024,582,442,1024,True,reject,0,effectively rejected
62,2,1,0,1,False,-19.057,-19.057,1024,507,517,1024,True,reject,0,effectively rejected
62,5,2,1,1,True,-74.7261,-74.7261,507,99,925,1024,False,,0,effectively rejected
62,6,2,0,2,False,-50.5143,-50.5143,1024,594,430,1024,True,reject,0,effectively rejected
62,13,3,1,2,True,-107.4725,-107.4725,594,132,892,1024,False,,0,effectively rejected
62,14,3,0,3,False,-20.641,-20.641,1024,565,459,1024,True,reject,0,effectively rejected
62,30,4,0,4,False,-88.734,-88.734,1024,89,935,1024,True,reject,0,effectively rejected
62,62,5,0,5,False,-62.0301,-62.0301,1024,229,795,1024,True,reject,0,effectively rejected
63,0,0,0,0,False,-32.0132,-32.0132,1024,534,490,1024,True,reject,0,effectively rejected
63,1,1,1,0,True,-33.2029,-33.2029,534,371,653,1024,False,,0,effectively rejected
63,2,1,0,1,False,-21.4009,-21.4009,1024,798,226,1024,True,reject,0,effectively rejected
63,5,2,1,1,True,-19.1561,-19.1561,798,687,337,1024,False,,0,effectively rejected
63,11,3,2,1,True,-112.6506,-112.6506,687,6,1018,1024,False,,0,effectively rejected
63,24,4,2,2,False,-19.4188,-19.4188,687,642,382,1024,False,,0,effectively rejected
63,12,3,1,2,False,-36.1459,-36.1459,798,456,568,1024,False,,0,effectively rejected
63,6,2,0,2,False,-3.7242,-3.7242,1024,519,505,1024,True,reject,0,genuinely stochastic
63,14,3,0,3,False,-4.2069,-4.2069,1024,522,502,1024,True,reject,0,genuinely stochastic
63,29,4,1,3,True,-90.9472,-90.9472,522,82,942,1024,False,,0,effectively rejected
63,30,4,0,4,False,-0.1148,-0.1148,1024,907,117,1024,True,accept,0,genuinely stochastic
64,0,0,0,0,False,-88.9315,-88.9315,1024,86,938,1024,True,reject,0,effectively rejected
64,2,1,0,1,False,-40.0472,-40.0472,1024,122,902,1024,True,reject,0,effectively rejected
64,6,2,0,2,False,-2.367,-2.367,1024,591,433,1024,True,reject,0,genuinely stochastic
64,14,3,0,3,False,-74.8846,-74.8846,1024,284,740,1024,True,reject,0,effectively rejected
64,29,4,1,3,True,-117.4265,-117.4265,284,208,816,1024,False,,0,effectively rejected
64,59,5,2,3,True,-92.8838,-92.8838,208,98,926,1024,False,,0,effectively rejected
64,119,6,3,3,True,-68.6167,-68.6167,98,69,955,1024,False,,0,effectively rejected
64,30,4,0,4,False,-19.1361,-19.1361,1024,704,320,1024,True,reject,0,effectively rejected
64,62,5,0,5,False,-21.5976,-21.5976,1024,677,347,1024,True,reject,0,effectively rejected
64,126,6,0,6,False,-15.1079,-15.1079,1024,370,654,1024,True,reject,0,effectively rejected
64,254,7,0,7,False,-4.8966,-4.8966,1024,215,809,1024,True,reject,0,effectively rejected
65,0,0,0,0,False,-0.4815,-0.4815,1024,683,341,1024,True,accept,0,genuinely stochastic
65,2,1,0,1,False,-22.7007,-22.7007,1024,641,383,1024,False,,0,effectively rejected
65,5,2,1,1,True,-103.1922,-103.1922,641,223,801,1024,False,,0,effectively rejected
65,6,2,0,2,False,-35.0478,-35.0478,1024,389,635,1024,False,,0,effectively rejected
65,13,3,1,2,True,-91.6015,-91.6015,389,235,789,1024,False,,0,effectively rejected
65,27,4,2,2,True,-35.2413,-35.2413,235,38,986,1024,False,,0,effectively rejected
65,56,5,2,3,False,-95.6115,-95.6115,235,8,1016,1024,False,,0,effectively rejected
65,14,3,0,3,False,-77.8778,-77.8778,1024,56,968,1024,False,,0,effectively rejected
65,30,4,0,4,False,-21.5469,-21.5469,1024,283,741,1024,False,,0,effectively rejected
66,0,0,0,0,False,-70.3416,-70.3416,1024,356,668,1024,True,reject,0,effectively rejected
66,2,1,0,1,False,-24.642,-24.642,1024,438,586,1024,True,reject,0,effectively rejected
66,6,2,0,2,False,-4.9123,-4.9123,1024,11,1013,1024,True,reject,0,effectively rejected
66,14,3,0,3,False,0.0,0.0,1024,988,36,1024,True,accept,0,effectively accepted
66,29,4,1,3,True,2.1232,0.0,988,692,332,1024,True,accept,0,effectively accepted
66,59,5,2,3,True,-76.7893,-76.7893,692,220,804,1024,True,reject,0,effectively rejected
66,120,6,2,4,False,-100.0181,-100.0181,692,174,850,1024,True,reject,0,effectively rejected
66,60,5,1,4,False,-10.2575,-10.2575,988,783,241,1024,False,,0,effectively rejected
66,121,6,2,4,True,-5.5432,-5.5432,783,557,467,1024,False,,0,effectively rejected
66,244,7,2,5,False,-22.6216,-22.6216,783,634,390,1024,False,,0,effectively rejected
66,122,6,1,5,False,-0.2577,-0.2577,988,980,44,1024,False,,0,genuinely stochastic
66,30,4,0,4,False,-3.4237,-3.4237,1024,593,431,1024,False,,0,genuinely stochastic
66,61,5,1,4,True,-113.6306,-113.6306,593,78,946,1024,False,,0,effectively rejected
66,124,6,1,5,False,-0.11,-0.11,593,29,995,1024,False,,0,genuinely stochastic
66,62,5,0,5,False,-19.674,-19.674,1024,835,189,1024,False,,0,effectively rejected
67,0,0,0,0,False,-2.839,-2.839,1024,633,391,1024,True,reject,0,genuinely stochastic
67,1,1,1,0,True,-50.0934,-50.0934,633,154,870,1024,False,,0,effectively rejected
67,2,1,0,1,False,-1.3947,-1.3947,1024,647,377,1024,True,reject,0,genuinely stochastic
67,6,2,0,2,False,-28.3562,-28.3562,1024,561,463,1024,True,reject,0,effectively rejected
67,14,3,0,3,False,-25.9828,-25.9828,1024,744,280,1024,True,reject,0,effectively rejected
67,29,4,1,3,True,-2.2282,-2.2282,744,699,325,1024,False,,0,genuinely stochastic
67,59,5,2,3,True,-6.1977,-6.1977,699,506,518,1024,False,,0,effectively rejected
67,119,6,3,3,True,-68.3295,-68.3295,506,142,882,1024,False,,0,effectively rejected
68,0,0,0,0,False,-92.1999,-92.1999,1024,275,749,1024,True,reject,0,effectively rejected
68,2,1,0,1,False,-107.4612,-107.4612,1024,348,676,1024,True,reject,0,effectively rejected
68,6,2,0,2,False,-69.9365,-69.9365,1024,188,836,1024,True,reject,0,effectively rejected
68,14,3,0,3,False,-2.8934,-2.8934,1024,683,341,1024,True,reject,0,genuinely stochastic
69,0,0,0,0,False,38.1092,0.0,1024,520,504,1024,True,accept,0,effectively accepted
69,2,1,0,1,False,71.6553,0.0,1024,195,829,1024,False,,0,effectively accepted
69,5,2,1,1,True,95.3552,0.0,195,149,875,1024,False,,0,effectively accepted
69,6,2,0,2,False,54.4696,0.0,1024,372,652,1024,False,,0,effectively accepted
69,13,3,1,2,True,-0.8912,-0.8912,372,201,823,1024,False,,0,genuinely stochastic
69,14,3,0,3,False,1.3487,0.0,1024,874,150,1024,False,,0,effectively accepted
69,29,4,1,3,True,95.3552,0.0,874,149,875,1024,False,,0,effectively accepted
69,59,5,2,3,True,35.0407,0.0,149,73,951,1024,False,,0,effectively accepted
69,60,5,1,4,False,35.2164,0.0,874,80,944,1024,False,,0,effectively accepted
69,122,6,1,5,False,91.306,0.0,874,32,992,1024,False,,0,effectively accepted
69,30,4,0,4,False,37.6983,0.0,1024,703,321,1024,False,,0,effectively accepted
69,61,5,1,4,True,9.809,0.0,703,230,794,1024,False,,0,effectively accepted
69,62,5,0,5,False,-0.83,-0.83,1024,588,436,1024,False,,0,genuinely stochastic
70,0,0,0,0,False,-35.7957,-35.7957,1024,759,265,1024,True,reject,0,effectively rejected
70,1,1,1,0,True,-22.6162,-22.6162,759,452,572,1024,False,,0,effectively rejected
70,3,2,2,0,True,18.5032,0.0,452,149,875,1024,False,,0,effectively accepted
70,8,3,2,1,False,51.1607,0.0,452,253,771,1024,False,,0,effectively accepted
70,4,2,1,1,False,49.2454,0.0,759,383,641,1024,False,,0,effectively accepted
70,9,3,2,1,True,-30.6539,-30.6539,383,210,814,1024,False,,0,effectively rejected
70,10,3,1,2,False,-20.073,-20.073,759,392,632,1024,False,,0,effectively rejected
70,21,4,2,2,True,44.72,0.0,392,329,695,1024,False,,0,effectively accepted
70,43,5,3,2,True,54.9133,0.0,329,30,994,1024,False,,0,effectively accepted
70,22,4,1,3,False,54.7709,0.0,759,393,631,1024,False,,0,effectively accepted
70,2,1,0,1,False,-38.4164,-38.4164,1024,342,682,1024,True,reject,0,effectively rejected
70,5,2,1,1,True,-42.9096,-42.9096,342,74,950,1024,False,,0,effectively rejected
70,12,3,1,2,False,53.503,0.0,342,36,988,1024,False,,0,effectively accepted
70,6,2,0,2,False,-36.9237,-36.9237,1024,295,729,1024,True,reject,0,effectively rejected
70,14,3,0,3,False,22.0648,0.0,1024,401,623,1024,True,accept,0,effectively accepted
71,0,0,0,0,False,33.7629,0.0,1024,415,609,1024,True,accept,0,effectively accepted
71,1,1,1,0,True,31.5323,0.0,415,153,871,1024,True,accept,0,effectively accepted
71,4,2,1,1,False,-23.3247,-23.3247,415,263,761,1024,False,,0,effectively rejected
71,9,3,2,1,True,-11.3301,-11.3301,263,195,829,1024,False,,0,effectively rejected
71,19,4,3,1,True,-29.9028,-29.9028,195,169,855,1024,False,,0,effectively rejected
71,39,5,4,1,True,28.5905,0.0,169,43,981,1024,False,,0,effectively accepted
71,2,1,0,1,False,1.219,0.0,1024,928,96,1024,False,,0,effectively accepted
71,5,2,1,1,True,-56.6206,-56.6206,928,581,443,1024,False,,0,effectively rejected
71,11,3,2,1,True,28.5905,0.0,581,43,981,1024,False,,0,effectively accepted
71,24,4,2,2,False,-67.6665,-67.6665,581,299,725,1024,False,,0,effectively rejected
71,49,5,3,2,True,-54.0967,-54.0967,299,220,804,1024,False,,0,effectively rejected
71,12,3,1,2,False,-46.2234,-46.2234,928,700,324,1024,False,,0,effectively rejected
71,26,4,1,3,False,-46.5395,-46.5395,928,350,674,1024,False,,0,effectively rejected
71,6,2,0,2,False,-15.091,-15.091,1024,87,937,1024,False,,0,effectively rejected
71,14,3,0,3,False,-45.8448,-45.8448,1024,738,286,1024,False,,0,effectively rejected
72,0,0,0,0,False,0.5054,0.0,1024,728,296,1024,True,accept,0,effectively accepted
72,2,1,0,1,False,-65.8925,-65.8925,1024,388,636,1024,False,,0,effectively rejected
72,5,2,1,1,True,-47.503,-47.503,388,319,705,1024,False,,0,effectively rejected
72,6,2,0,2,False,-59.1223,-59.1223,1024,88,936,1024,False,,0,effectively rejected
72,14,3,0,3,False,-0.0,0.0,1024,984,40,1024,False,,0,effectively accepted
72,30,4,0,4,False,1.5741,0.0,1024,561,463,1024,False,,0,effectively accepted
72,61,5,1,4,True,-88.4153,-88.4153,561,245,779,1024,False,,0,effectively rejected
72,62,5,0,5,False,-1.3374,-1.3374,1024,504,520,1024,False,,0,genuinely stochastic
73,0,0,0,0,False,-108.3835,-108.3835,1024,422,602,1024,True,reject,0,effectively rejected
73,2,1,0,1,False,-9.962,-9.962,1024,733,291,1024,True,reject,0,effectively rejected
73,5,2,1,1,True,-85.6179,-85.6179,733,85,939,1024,False,,0,effectively rejected
73,12,3,1,2,False,-95.159,-95.159,733,363,661,1024,False,,0,effectively rejected
73,25,4,2,2,True,-79.7379,-79.7379,363,21,1003,1024,False,,0,effectively rejected
73,26,4,1,3,False,-56.187,-56.187,733,193,831,1024,False,,0,effectively rejected
73,6,2,0,2,False,-0.0176,-0.0176,1024,411,613,1024,True,accept,0,genuinely stochastic
73,13,3,1,2,True,6.0716,0.0,411,125,899,1024,True,accept,0,effectively accepted
73,14,3,0,3,False,-13.8993,-13.8993,1024,532,492,1024,False,,0,effectively rejected
73,30,4,0,4,False,-80.4716,-80.4716,1024,94,930,1024,False,,0,effectively rejected
73,62,5,0,5,False,1.1093,0.0,1024,778,246,1024,False,,0,effectively accepted
73,126,6,0,6,False,0.0,0.0,1024,1022,2,1024,False,,0,effectively accepted
74,0,0,0,0,False,-82.3952,-82.3952,1024,54,970,1024,True,reject,0,effectively rejected
74,2,1,0,1,False,-27.1855,-27.1855,1024,536,488,1024,True,reject,0,effectively rejected
74,6,2,0,2,False,-96.2693,-96.2693,1024,71,953,1024,True,reject,0,effectively rejected
74,14,3,0,3,False,-82.1738,-82.1738,1024,318,706,1024,True,reject,0,effectively rejected
74,30,4,0,4,False,-10.5451,-10.5451,1024,458,566,1024,True,reject,0,effectively rejected
74,61,5,1,4,True,-71.1758,-71.1758,458,80,944,1024,False,,0,effectively rejected
74,124,6,1,5,False,-3.6927,-3.6927,458,451,573,1024,False,,0,genuinely stochastic
74,249,7,2,5,True,-4.5673,-4.5673,451,35,989,1024,False,,0,genuinely stochastic
74,62,5,0,5,False,-3.1414,-3.1414,1024,695,329,1024,True,reject,0,genuinely stochastic
74,125,6,1,5,True,-2.5488,-2.5488,695,585,439,1024,False,,0,genuinely stochastic
74,126,6,0,6,False,-61.8514,-61.8514,1024,442,582,1024,True,reject,0,effectively rejected
75,0,0,0,0,False,-98.2833,-98.2833,1024,174,850,1024,True,reject,0,effectively rejected
75,2,1,0,1,False,-36.9846,-36.9846,1024,261,763,1024,True,reject,0,effectively rejected
75,6,2,0,2,False,0.375,0.0,1024,817,207,1024,True,accept,0,effectively accepted
75,13,3,1,2,True,-92.5467,-92.5467,817,94,930,1024,True,reject,0,effectively rejected
75,27,4,2,2,True,-111.6218,-111.6218,94,89,935,1024,False,,0,effectively rejected
75,28,4,1,3,False,-66.5757,-66.5757,817,321,703,1024,True,reject,0,effectively rejected
75,14,3,0,3,False,-9.7943,-9.7943,1024,9,1015,1024,False,,0,effectively rejected
75,30,4,0,4,False,-22.5218,-22.5218,1024,626,398,1024,False,,0,effectively rejected
75,62,5,0,5,False,-95.2521,-95.2521,1024,29,995,1024,False,,0,effectively rejected
75,126,6,0,6,False,-71.0335,-71.0335,1024,435,589,1024,False,,0,effectively rejected
76,0,0,0,0,False,-81.5715,-81.5715,1024,388,636,1024,True,reject,0,effectively rejected
76,2,1,0,1,False,-4.5632,-4.5632,1024,688,336,1024,True,reject,0,genuinely stochastic
76,6,2,0,2,False,-3.2138,-3.2138,1024,861,163,1024,True,reject,0,genuinely stochastic
76,14,3,0,3,False,0.005,0.0,1024,1009,15,1024,True,accept,0,effectively accepted
76,29,4,1,3,True,-10.7579,-10.7579,1009,169,855,1024,True,reject,0,effectively rejected
76,59,5,2,3,True,-94.6623,-94.6623,169,83,941,1024,False,,0,effectively rejected
76,60,5,1,4,False,0.7796,0.0,1009,813,211,1024,True,accept,0,effectively accepted
76,30,4,0,4,False,-0.0662,-0.0662,1024,746,278,1024,False,,0,genuinely stochastic
76,61,5,1,4,True,-28.7071,-28.7071,746,677,347,1024,False,,0,effectively rejected
77,0,0,0,0,False,-99.4791,-99.4791,1024,272,752,1024,True,reject,0,effectively rejected
77,2,1,0,1,False,-31.3309,-31.3309,1024,617,407,1024,True,reject,0,effectively rejected
77,6,2,0,2,False,-72.458,-72.458,1024,67,957,1024,True,reject,0,effectively rejected
77,14,3,0,3,False,-86.2953,-86.2953,1024,108,916,1024,True,reject,0,effectively rejected
77,30,4,0,4,False,-117.7593,-117.7593,1024,52,972,1024,True,reject,0,effectively rejected
77,62,5,0,5,False,-67.038,-67.038,1024,280,744,1024,True,reject,0,effectively rejected
77,125,6,1,5,True,-99.953,-99.953,280,263,761,1024,False,,0,effectively rejected
77,126,6,0,6,False,-0.9491,-0.9491,1024,689,335,1024,True,reject,0,genuinely stochastic
78,0,0,0,0,False,-84.736,-84.736,1024,470,554,1024,True,reject,0,effectively rejected
78,1,1,1,0,True,-6.0361,-6.0361,470,413,611,1024,False,,0,effectively rejected
78,4,2,1,1,False,-62.3129,-62.3129,470,436,588,1024,False,,0,effectively rejected
78,10,3,1,2,False,-111.4353,-111.4353,470,362,662,1024,False,,0,effectively rejected
78,21,4,2,2,True,-89.0891,-89.0891,362,279,745,1024,False,,0,effectively rejected
78,22,4,1,3,False,-42.3912,-42.3912,470,0,1024,1024,False,,0,effectively rejected
78,2,1,0,1,False,0.0126,0.0,1024,959,65,1024,True,accept,0,effectively accepted
78,5,2,1,1,True,-92.4122,-92.4122,959,432,592,1024,True,reject,0,effectively rejected
78,11,3,2,1,True,-81.5834,-81.5834,432,140,884,1024,False,,0,effectively rejected
78,24,4,2,2,False,-8.154,-8.154,432,111,913,1024,False,,0,effectively rejected
78,12,3,1,2,False,-61.9948,-61.9948,959,95,929,1024,True,reject,0,effectively rejected
78,26,4,1,3,False,-84.8748,-84.8748,959,71,953,1024,True,reject,0,effectively rejected
78,6,2,0,2,False,-60.7225,-60.7225,1024,58,966,1024,False,,0,effectively rejected
78,13,3,1,2,True,-96.0704,-96.0704,58,50,974,1024,False,,0,effectively rejected
78,14,3,0,3,False,-113.9262,-113.9262,1024,45,979,1024,False,,0,effectively rejected
78,30,4,0,4,False,-22.2316,-22.2316,1024,657,367,1024,False,,0,effectively rejected
79,0,0,0,0,False,-23.8401,-23.8401,1024,526,498,1024,True,reject,0,effectively rejected
79,1,1,1,0,True,-5.7675,-5.7675,526,352,672,1024,False,,0,effectively rejected
79,4,2,1,1,False,-116.2684,-116.2684,526,309,715,1024,False,,0,effectively rejected
79,2,1,0,1,False,-6.4975,-6.4975,1024,402,622,1024,True,reject,0,effectively rejected
79,6,2,0,2,False,-96.4645,-96.4645,1024,96,928,1024,True,reject,0,effectively rejected
79,14,3,0,3,False,-83.8704,-83.8704,1024,262,762,1024,True,reject,0,effectively rejected
79,29,4,1,3,True,-86.5648,-86.5648,262,124,900,1024,False,,0,effectively rejected
79,59,5,2,3,True,-65.5007,-65.5007,124,11,1013,1024,False,,0,effectively rejected
79,60,5,1,4,False,-84.8775,-84.8775,262,181,843,1024,False,,0,effectively rejected
79,30,4,0,4,False,-3.8725,-3.8725,1024,108,916,1024,True,reject,0,genuinely stochastic
80,0,0,0,0,False,-3.9745,-3.9745,1024,831,193,1024,True,reject,0,genuinely stochastic
80,2,1,0,1,False,-50.2764,-50.2764,1024,5,1019,1024,True,reject,0,effectively rejected
80,6,2,0,2,False,-95.3043,-95.3043,1024,35,989,1024,True,reject,0,effectively rejected
80,14,3,0,3,False,-96.6282,-96.6282,1024,43,981,1024,True,reject,0,effectively rejected
80,30,4,0,4,False,0.0,0.0,1024,1017,7,1024,True,accept,0,effectively accepted
81,0,0,0,0,False,-100.1914,-100.1914,1024,406,618,1024,True,reject,0,effectively rejected
81,1,1,1,0,True,-3.728,-3.728,406,166,858,1024,False,,0,genuinely stochastic
81,3,2,2,0,True,-11.0197,-11.0197,166,102,922,1024,False,,0,effectively rejected
81,7,3,3,0,True,-98.5955,-98.5955,102,37,987,1024,False,,0,effectively rejected
81,2,1,0,1,False,-96.5672,-96.5672,1024,308,716,1024,True,reject,0,effectively rejected
81,6,2,0,2,False,-20.7336,-20.7336,1024,574,450,1024,True,reject,0,effectively rejected
81,13,3,1,2,True,-83.9361,-83.9361,574,249,775,1024,False,,0,effectively rejected
81,27,4,2,2,True,-84.1551,-84.1551,249,22,1002,1024,False,,0,effectively rejected
81,28,4,1,3,False,-110.2192,-110.2192,574,216,808,1024,False,,0,effectively rejected
81,58,5,1,4,False,-112.2816,-112.2816,574,461,563,1024,False,,0,effectively rejected
81,14,3,0,3,False,-6.9838,-6.9838,1024,220,804,1024,True,reject,0,effectively rejected
81,29,4,1,3,True,-66.8639,-66.8639,220,25,999,1024,False,,0,effectively rejected
81,30,4,0,4,False,-79.5107,-79.5107,1024,439,585,1024,True,reject,0,effectively rejected
82,0,0,0,0,False,-0.2168,-0.2168,1024,847,177,1024,True,accept,0,genuinely stochastic
82,1,1,1,0,True,-20.513,-20.513,847,662,362,1024,True,reject,0,effectively rejected
82,3,2,2,0,True,-91.1029,-91.1029,662,466,558,1024,False,,0,effectively rejected
82,7,3,3,0,True,-87.9219,-87.9219,466,236,788,1024,False,,0,effectively rejected
82,8,3,2,1,False,-66.3188,-66.3188,662,45,979,1024,False,,0,effectively rejected
82,18,4,2,2,False,-32.4448,-32.4448,662,483,541,1024,False,,0,effectively rejected
82,2,1,0,1,False,-4.0215,-4.0215,1024,724,300,1024,False,,0,genuinely stochastic
82,5,2,1,1,True,-30.3191,-30.3191,724,592,432,1024,False,,0,effectively rejected
82,11,3,2,1,True,-85.9697,-85.9697,592,354,670,1024,False,,0,effectively rejected
82,23,4,3,1,True,-6.37,-6.37,354,337,687,1024,False,,0,effectively rejected
82,24,4,2,2,False,-72.4164,-72.4164,592,260,764,1024,False,,0,effectively rejected
82,49,5,3,2,True,-40.8687,-40.8687,260,231,793,1024,False,,0,effectively rejected
82,6,2,0,2,False,-65.9309,-65.9309,1024,121,903,1024,False,,0,effectively rejected
82,14,3,0,3,False,-10.5148,-10.5148,1024,186,838,1024,False,,0,effectively rejected
83,0,0,0,0,False,-98.09,-98.09,1024,452,572,1024,True,reject,0,effectively rejected
83,2,1,0,1,False,-103.9518,-103.9518,1024,185,839,1024,True,reject,0,effectively rejected
83,6,2,0,2,False,-94.7847,-94.7847,1024,224,800,1024,True,reject,0,effectively rejected
83,14,3,0,3,False,-90.8487,-90.8487,1024,360,664,1024,True,reject,0,effectively rejected
83,29,4,1,3,True,-7.6572,-7.6572,360,173,851,1024,False,,0,effectively rejected
83,59,5,2,3,True,-46.4302,-46.4302,173,14,1010,1024,False,,0,effectively rejected
83,30,4,0,4,False,-28.0064,-28.0064,1024,628,396,1024,True,reject,0,effectively rejected
83,62,5,0,5,False,-3.4715,-3.4715,1024,509,515,1024,True,reject,0,genuinely stochastic
83,125,6,1,5,True,-93.1401,-93.1401,509,225,799,1024,False,,0,effectively rejected
83,252,7,1,6,False,-125.9053,-125.9053,509,219,805,1024,False,,0,effectively rejected
83,126,6,0,6,False,-3.8529,-3.8529,1024,758,266,1024,True,reject,0,genuinely stochastic
83,253,7,1,6,True,-87.1887,-87.1887,758,40,984,1024,False,,0,effectively rejected
84,0,0,0,0,False,-3.8968,-3.8968,1024,783,241,1024,True,reject,0,genuinely stochastic
84,1,1,1,0,True,-22.9484,-22.9484,783,661,363,1024,False,,0,effectively rejected
84,4,2,1,1,False,-2.3425,-2.3425,783,214,810,1024,False,,0,genuinely stochastic
84,10,3,1,2,False,-6.8164,-6.8164,783,466,558,1024,False,,0,effectively rejected
84,2,1,0,1,False,-9.8759,-9.8759,1024,194,830,1024,True,reject,0,effectively rejected
84,6,2,0,2,False,-29.7985,-29.7985,1024,680,344,1024,True,reject,0,effectively rejected
84,13,3,1,2,True,-32.78,-32.78,680,565,459,1024,False,,0,effectively rejected
84,27,4,2,2,True,-29.5978,-29.5978,565,497,527,1024,False,,0,effectively rejected
84,55,5,3,2,True,-101.7058,-101.7058,497,394,630,1024,False,,0,effectively rejected
84,111,6,4,2,True,-13.013,-13.013,394,25,999,1024,False,,0,effectively rejected
84,28,4,1,3,False,-31.6278,-31.6278,680,653,371,1024,False,,0,effectively rejected
84,14,3,0,3,False,-3.7671,-3.7671,1024,813,211,1024,True,reject,0,genuinely stochastic
85,0,0,0,0,False,-18.6322,-18.6322,1024,514,510,1024,True,reject,0,effectively rejected
85,1,1,1,0,True,-93.8317,-93.8317,514,84,940,1024,False,,0,effectively rejected
85,4,2,1,1,False,-97.3285,-97.3285,514,295,729,1024,False,,0,effectively rejected
85,9,3,2,1,True,-97.3285,-97.3285,295,295,729,1024,False,,0,effectively rejected
85,10,3,1,2,False,-4.869,-4.869,514,330,694,1024,False,,0,effectively rejected
85,22,4,1,3,False,-9.8266,-9.8266,514,407,617,1024,False,,0,effectively rejected
85,2,1,0,1,False,-3.8367,-3.8367,1024,801,223,1024,True,reject,0,genuinely stochastic
85,5,2,1,1,True,-25.6007,-25.6007,801,519,505,1024,False,,0,effectively rejected
85,11,3,2,1,True,-67.0257,-67.0257,519,401,623,1024,False,,0,effectively rejected
85,24,4,2,2,False,-1.3533,-1.3533,519,513,511,1024,False,,0,genuinely stochastic
85,12,3,1,2,False,-64.8131,-64.8131,801,231,793,1024,False,,0,effectively rejected
85,26,4,1,3,False,-29.239,-29.239,801,668,356,1024,False,,0,effectively rejected
85,6,2,0,2,False,-55.2367,-55.2367,1024,422,602,1024,True,reject,0,effectively rejected
85,14,3,0,3,False,-0.0063,-0.0063,1024,1007,17,1024,True,accept,0,effectively accepted
86,0,0,0,0,False,-24.3595,-24.3595,1024,549,475,1024,True,reject,0,effectively rejected
86,2,1,0,1,False,0.2001,0.0,1024,863,161,1024,True,accept,0,effectively accepted
86,5,2,1,1,True,-97.5632,-97.5632,863,342,682,1024,True,reject,0,effectively rejected
86,11,3,2,1,True,-57.1962,-57.1962,342,248,776,1024,False,,0,effectively rejected
86,12,3,1,2,False,-10.9243,-10.9243,863,459,565,1024,True,reject,0,effectively rejected
86,25,4,2,2,True,-62.2947,-62.2947,459,382,642,1024,False,,0,effectively rejected
86,51,5,3,2,True,-9.3637,-9.3637,382,32,992,1024,False,,0,effectively rejected
86,52,5,2,3,False,-85.5089,-85.5089,459,63,961,1024,False,,0,effectively rejected
86,26,4,1,3,False,-32.8451,-32.8451,863,490,534,1024,True,reject,0,effectively rejected
86,53,5,2,3,True,-62.7137,-62.7137,490,157,867,1024,False,,0,effectively rejected
86,54,5,1,4,False,-31.4996,-31.4996,863,532,492,1024,True,reject,0,effectively rejected
86,6,2,0,2,False,-36.9141,-36.9141,1024,176,848,1024,False,,0,effectively rejected
86,13,3,1,2,True,-4.5613,-4.5613,176,58,966,1024,False,,0,genuinely stochastic
86,14,3,0,3,False,0.0,0.0,1024,1020,4,1024,False,,0,effectively accepted
86,29,4,1,3,True,-39.6047,-39.6047,1020,66,958,1024,False,,0,effectively rejected
86,30,4,0,4,False,-6.6953,-6.6953,1024,256,768,1024,False,,0,effectively rejected
87,0,0,0,0,False,-112.1358,-112.1358,1024,165,859,1024,True,reject,0,effectively rejected
87,2,1,0,1,False,-3.8521,-3.8521,1024,749,275,1024,True,reject,0,genuinely stochastic
87,5,2,1,1,True,-91.6432,-91.6432,749,87,937,1024,False,,0,effectively rejected
87,6,2,0,2,False,-29.2944,-29.2944,1024,672,352,1024,True,reject,0,effectively rejected
87,14,3,0,3,False,-10.192,-10.192,1024,407,617,1024,True,reject,0,effectively rejected
87,29,4,1,3,True,-68.4633,-68.4633,407,334,690,1024,False,,0,effectively rejected
87,59,5,2,3,True,-65.7887,-65.7887,334,293,731,1024,False,,0,effectively rejected
87,60,5,1,4,False,-114.328,-114.328,407,296,728,1024,False,,0,effectively rejected
87,30,4,0,4,False,-17.0394,-17.0394,1024,232,792,1024,True,reject,0,effectively rejected
87,61,5,1,4,True,-65.0077,-65.0077,232,121,903,1024,False,,0,effectively rejected
88,0,0,0,0,False,-0.1055,-0.1055,1024,750,274,1024,True,accept,0,genuinely stochastic
88,1,1,1,0,True,-116.5784,-116.5784,750,7,1017,1024,True,reject,0,effectively rejected
88,4,2,1,1,False,-6.8708,-6.8708,750,130,894,1024,True,reject,0,effectively rejected
88,10,3,1,2,False,-93.2393,-93.2393,750,292,732,1024,True,reject,0,effectively rejected
88,22,4,1,3,False,-98.3611,-98.3611,750,115,909,1024,True,reject,0,effectively rejected
88,46,5,1,4,False,-115.239,-115.239,750,393,631,1024,True,reject,0,effectively rejected
88,93,6,2,4,True,-119.0781,-119.0781,393,234,790,1024,False,,0,effectively rejected
88,2,1,0,1,False,-119.8528,-119.8528,1024,267,757,1024,False,,0,effectively rejected
88,6,2,0,2,False,-0.0049,-0.0049,1024,950,74,1024,False,,0,effectively accepted
88,13,3,1,2,True,-33.2072,-33.2072,950,587,437,1024,False,,0,effectively rejected
88,28,4,1,3,False,-63.8269,-63.8269,950,346,678,1024,False,,0,effectively rejected
88,58,5,1,4,False,-87.7791,-87.7791,950,172,852,1024,False,,0,effectively rejected
88,14,3,0,3,False,-3.2981,-3.2981,1024,720,304,1024,False,,0,genuinely stochastic
88,29,4,1,3,True,-28.3783,-28.3783,720,523,501,1024,False,,0,effectively rejected
88,60,5,1,4,False,-89.39,-89.39,720,101,923,1024,False,,0,effectively rejected
88,30,4,0,4,False,-1.0439,-1.0439,1024,779,245,1024,False,,0,genuinely stochastic
88,61,5,1,4,True,-31.6024,-31.6024,779,360,664,1024,False,,0,effectively rejected
89,0,0,0,0,False,-0.0079,-0.0079,1024,961,63,1024,True,accept,0,effectively accepted
89,1,1,1,0,True,-93.0128,-93.0128,961,289,735,1024,True,reject,0,effectively rejected
89,4,2,1,1,False,-62.2512,-62.2512,961,443,581,1024,True,reject,0,effectively rejected
89,10,3,1,2,False,-3.7453,-3.7453,961,756,268,1024,True,reject,0,genuinely stochastic
89,21,4,2,2,True,-21.3754,-21.3754,756,684,340,1024,False,,0,effectively rejected
89,43,5,3,2,True,-3.5785,-3.5785,684,104,920,1024,False,,0,genuinely stochastic
89,87,6,4,2,True,-90.3378,-90.3378,104,15,1009,1024,False,,0,effectively rejected
89,88,6,3,3,False,-22.9637,-22.9637,684,563,461,1024,False,,0,effectively rejected
89,44,5,2,3,False,-31.3404,-31.3404,756,524,500,1024,False,,0,effectively rejected
89,22,4,1,3,False,-110.2642,-110.2642,961,259,765,1024,True,reject,0,effectively rejected
89,2,1,0,1,False,-21.9646,-21.9646,1024,553,471,1024,False,,0,effectively rejected
89,6,2,0,2,False,-0.8876,-0.8876,1024,692,332,1024,False,,0,genuinely stochastic
89,13,3,1,2,True,-85.8909,-85.8909,692,218,806,1024,False,,0,effectively rejected
89,14,3,0,3,False,-24.2923,-24.2923,1024,576,448,1024,False,,0,effectively rejected
90,0,0,0,0,False,-0.9775,-0.9775,1024,801,223,1024,True,reject,0,genuinely stochastic
90,1,1,1,0,True,-62.2066,-62.2066,801,443,581,1024,False,,0,effectively rejected
90,4,2,1,1,False,-85.6875,-85.6875,801,461,563,1024,False,,0,effectively rejected
90,10,3,1,2,False,-76.2483,-76.2483,801,381,643,1024,False,,0,effectively rejected
90,2,1,0,1,False,-14.5826,-14.5826,1024,52,972,1024,True,reject,0,effectively rejected
90,5,2,1,1,True,-85.0651,-85.0651,52,24,1000,1024,False,,0,effectively rejected
90,6,2,0,2,False,-31.2029,-31.2029,1024,652,372,1024,True,reject,0,effectively rejected
90,14,3,0,3,False,-91.9246,-91.9246,1024,419,605,1024,True,reject,0,effectively rejected
91,0,0,0,0,False,-6.335,-6.335,1024,384,640,1024,True,reject,0,effectively rejected
91,2,1,0,1,False,-0.2402,-0.2402,1024,951,73,1024,True,reject,0,genuinely stochastic
91,5,2,1,1,True,-0.3891,-0.3891,951,688,336,1024,False,,0,genuinely stochastic
91,11,3,2,1,True,-1.8811,-1.8811,688,296,728,1024,False,,0,genuinely stochastic
91,23,4,3,1,True,1.9233,0.0,296,212,812,1024,False,,0,effectively accepted
91,12,3,1,2,False,-1.0157,-1.0157,951,514,510,1024,False,,0,genuinely stochastic
91,25,4,2,2,True,-0.5928,-0.5928,514,337,687,1024,False,,0,genuinely stochastic
91,26,4,1,3,False,-1.703,-1.703,951,808,216,1024,False,,0,genuinely stochastic
91,53,5,2,3,True,1.3916,0.0,808,108,916,1024,False,,0,effectively accepted
91,6,2,0,2,False,-0.6235,-0.6235,1024,613,411,1024,True,accept,0,genuinely stochastic
91,14,3,0,3,False,-0.2402,-0.2402,1024,924,100,1024,False,,0,genuinely stochastic
91,29,4,1,3,True,-26.6008,-26.6008,924,9,1015,1024,False,,0,effectively rejected
91,30,4,0,4,False,-2.1506,-2.1506,1024,116,908,1024,False,,0,genuinely stochastic
92,0,0,0,0,False,-1.7719,-1.7719,1024,180,844,1024,True,reject,0,genuinely stochastic
92,2,1,0,1,False,0.0,0.0,1024,1011,13,1024,True,accept,0,effectively accepted
92,5,2,1,1,True,0.6215,0.0,1011,742,282,1024,True,accept,0,effectively accepted
92,11,3,2,1,True,-2.0428,-2.0428,742,77,947,1024,True,reject,0,genuinely stochastic
92,24,4,2,2,False,-1.24,-1.24,742,179,845,1024,True,accept,0,genuinely stochastic
92,12,3,1,2,False,-0.7674,-0.7674,1011,640,384,1024,False,,0,genuinely stochastic
92,25,4,2,2,True,3.4493,0.0,640,552,472,1024,False,,0,effectively accepted
92,51,5,3,2,True,-2.271,-2.271,552,502,522,1024,False,,0,genuinely stochastic
92,103,6,4,2,True,-0.4434,-0.4434,502,291,733,1024,False,,0,genuinely stochastic
92,104,6,3,3,False,0.7656,0.0,552,519,505,1024,False,,0,effectively accepted
92,26,4,1,3,False,-0.0007,-0.0007,1011,983,41,1024,False,,0,effectively accepted
92,6,2,0,2,False,0.0523,0.0,1024,735,289,1024,False,,0,effectively accepted
92,13,3,1,2,True,-2.3303,-2.3303,735,79,945,1024,False,,0,genuinely stochastic
92,28,4,1,3,False,0.1579,0.0,735,667,357,1024,False,,0,effectively accepted
92,14,3,0,3,False,0.1605,0.0,1024,75,949,1024,False,,0,effectively accepted
93,0,0,0,0,False,0.0,0.0,1024,1005,19,1024,True,accept,0,effectively accepted
93,1,1,1,0,True,4.2664,0.0,1005,512,512,1024,True,accept,0,effectively accepted
93,4,2,1,1,False,2.0845,0.0,1005,522,502,1024,False,,0,effectively accepted
93,10,3,1,2,False,-1.0423,-1.0423,1005,602,422,1024,False,,0,genuinely stochastic
93,21,4,2,2,True,6.3421,0.0,602,5,1019,1024,False,,0,effectively accepted
93,22,4,1,3,False,4.277,0.0,1005,119,905,1024,False,,0,effectively accepted
93,46,5,1,4,False,0.0006,0.0,1005,716,308,1024,False,,0,effectively accepted
93,2,1,0,1,False,7.5238,0.0,1024,271,753,1024,False,,0,effectively accepted
93,6,2,0,2,False,-2.2701,-2.2701,1024,745,279,1024,False,,0,genuinely stochastic
93,14,3,0,3,False,-1.3621,-1.3621,1024,341,683,1024,False,,0,genuinely stochastic
93,30,4,0,4,False,-63.6992,-63.6992,1024,65,959,1024,False,,0,effectively rejected
94,0,0,0,0,False,0.0007,0.0,1024,939,85,1024,True,accept,0,effectively accepted
94,1,1,1,0,True,-2.2574,-2.2574,939,619,405,1024,True,reject,0,genuinely stochastic
94,4,2,1,1,False,-4.972,-4.972,939,138,886,1024,True,reject,0,effectively rejected
94,9,3,2,1,True,-1.6653,-1.6653,138,88,936,1024,False,,0,genuinely stochastic
94,10,3,1,2,False,-0.3805,-0.3805,939,497,527,1024,True,accept,0,genuinely stochastic
94,21,4,2,2,True,-2.3749,-2.3749,497,241,783,1024,True,reject,0,genuinely stochastic
94,22,4,1,3,False,-3.3292,-3.3292,939,200,824,1024,False,,0,genuinely stochastic
94,2,1,0,1,False,-5.2494,-5.2494,1024,436,588,1024,False,,0,effectively rejected
94,5,2,1,1,True,-7.1836,-7.1836,436,219,805,1024,False,,0,effectively rejected
94,6,2,0,2,False,0.0,0.0,1024,1018,6,1024,False,,0,effectively accepted
94,13,3,1,2,True,-2.2264,-2.2264,1018,413,611,1024,False,,0,genuinely stochastic
94,27,4,2,2,True,0.244,0.0,413,299,725,1024,False,,0,effectively accepted
94,14,3,0,3,False,-3.0075,-3.0075,1024,215,809,1024,False,,0,genuinely stochastic
95,0,0,0,0,False,0.0,0.0,1024,977,47,1024,True,accept,0,effectively accepted
95,1,1,1,0,True,0.0007,0.0,977,875,149,1024,True,accept,0,effectively accepted
95,4,2,1,1,False,0.0141,0.0,977,729,295,1024,False,,0,effectively accepted
95,10,3,1,2,False,-1.5742,-1.5742,977,89,935,1024,False,,0,genuinely stochastic
95,22,4,1,3,False,-4.0003,-4.0003,977,604,420,1024,False,,0,genuinely stochastic
95,2,1,0,1,False,-0.0078,-0.0078,1024,780,244,1024,False,,0,effectively accepted
95,5,2,1,1,True,-85.6707,-85.6707,780,6,1018,1024,False,,0,effectively rejected
95,12,3,1,2,False,2.2976,0.0,780,690,334,1024,False,,0,effectively accepted
95,26,4,1,3,False,-31.4336,-31.4336,780,27,997,1024,False,,0,effectively rejected
95,6,2,0,2,False,-6.2705,-6.2705,1024,477,547,1024,False,,0,effectively rejected
95,13,3,1,2,True,-2.266,-2.266,477,178,846,1024,False,,0,genuinely stochastic
95,14,3,0,3,False,-4.2776,-4.2776,1024,300,724,1024,False,,0,genuinely stochastic
96,0,0,0,0,False,0.2711,0.0,1024,826,198,1024,True,accept,0,effectively accepted
96,1,1,1,0,True,-0.0365,-0.0365,826,699,325,1024,True,accept,0,genuinely stochastic
96,3,2,2,0,True,0.0742,0.0,699,645,379,1024,True,accept,0,effectively accepted
96,8,3,2,1,False,-0.1227,-0.1227,699,676,348,1024,False,,0,genuinely stochastic
96,17,4,3,1,True,-0.5571,-0.5571,676,368,656,1024,False,,0,genuinely stochastic
96,2,1,0,1,False,-0.0004,-0.0004,1024,795,229,1024,False,,0,effectively accepted
96,5,2,1,1,True,-0.9046,-0.9046,795,186,838,1024,False,,0,genuinely stochastic
96,12,3,1,2,False,2.8521,0.0,795,194,830,1024,False,,0,effectively accepted
96,26,4,1,3,False,-7.5854,-7.5854,795,472,552,1024,False,,0,effectively rejected
96,6,2,0,2,False,0.391,0.0,1024,883,141,1024,False,,0,effectively accepted
96,13,3,1,2,True,-1.0344,-1.0344,883,425,599,1024,False,,0,genuinely stochastic
96,27,4,2,2,True,-2.4052,-2.4052,425,406,618,1024,False,,0,genuinely stochastic
96,14,3,0,3,False,-4.0865,-4.0865,1024,335,689,1024,False,,0,genuinely stochastic
97,0,0,0,0,False,-4.992,-4.992,1024,130,894,1024,True,reject,0,effectively rejected
97,2,1,0,1,False,-2.5495,-2.5495,1024,568,456,1024,True,reject,0,genuinely stochastic
97,6,2,0,2,False,0.0172,0.0,1024,223,801,1024,True,accept,0,effectively accepted
97,13,3,1,2,True,1.378,0.0,223,25,999,1024,True,accept,0,effectively accepted
97,14,3,0,3,False,-3.6251,-3.6251,1024,274,750,1024,False,,0,genuinely stochastic
97,30,4,0,4,False,-3.382,-3.382,1024,611,413,1024,False,,0,genuinely stochastic
97,62,5,0,5,False,-0.0,0.0,1024,950,74,1024,False,,0,effectively accepted
97,126,6,0,6,False,0.012,0.0,1024,443,581,1024,False,,0,effectively accepted
98,0,0,0,0,False,-0.2402,-0.2402,1024,846,178,1024,True,reject,0,genuinely stochastic
98,2,1,0,1,False,-0.2401,-0.2401,1024,898,126,1024,True,reject,0,genuinely stochastic
98,5,2,1,1,True,-2.7492,-2.7492,898,291,733,1024,False,,0,genuinely stochastic
98,12,3,1,2,False,-4.8403,-4.8403,898,252,772,1024,False,,0,effectively rejected
98,26,4,1,3,False,0.4857,0.0,898,747,277,1024,False,,0,effectively accepted
98,53,5,2,3,True,-6.0915,-6.0915,747,602,422,1024,False,,0,effectively rejected
98,6,2,0,2,False,-0.2402,-0.2402,1024,992,32,1024,True,accept,0,genuinely stochastic
98,13,3,1,2,True,-3.578,-3.578,992,616,408,1024,True,reject,0,genuinely stochastic
98,27,4,2,2,True,-5.7215,-5.7215,616,571,453,1024,False,,0,effectively rejected
98,55,5,3,2,True,-7.6945,-7.6945,571,246,778,1024,False,,0,effectively rejected
98,56,5,2,3,False,-2.3507,-2.3507,616,247,777,1024,False,,0,genuinely stochastic
98,28,4,1,3,False,0.2619,0.0,992,740,284,1024,True,accept,0,effectively accepted
98,14,3,0,3,False,-25.9318,-25.9318,1024,67,957,1024,False,,0,effectively rejected
99,0,0,0,0,False,-6.2416,-6.2416,1024,586,438,1024,True,reject,0,effectively rejected
99,1,1,1,0,True,-5.5217,-5.5217,586,189,835,1024,False,,0,effectively rejected
99,4,2,1,1,False,0.4979,0.0,586,298,726,1024,False,,0,effectively accepted
99,2,1,0,1,False,-2.4873,-2.4873,1024,645,379,1024,True,reject,0,genuinely stochastic
99,6,2,0,2,False,-0.0,0.0,1024,952,72,1024,True,accept,0,effectively accepted
99,13,3,1,2,True,-0.2649,-0.2649,952,735,289,1024,True,reject,0,genuinely stochastic
99,27,4,2,2,True,-6.7768,-6.7768,735,426,598,1024,False,,0,effectively rejected
99,55,5,3,2,True,-8.0641,-8.0641,426,383,641,1024,False,,0,effectively rejected
99,111,6,4,2,True,-34.6189,-34.6189,383,27,997,1024,False,,0,effectively rejected
99,112,6,3,3,False,-3.2843,-3.2843,426,52,972,1024,False,,0,genuinely stochastic
99,56,5,2,3,False,-9.7434,-9.7434,735,534,490,1024,False,,0,effectively rejected
99,113,6,3,3,True,-1.658,-1.658,534,319,705,1024,False,,0,genuinely stochastic
99,28,4,1,3,False,-8.3544,-8.3544,952,542,482,1024,True,reject,0,effectively rejected
99,14,3,0,3,False,-4.0273,-4.0273,1024,588,436,1024,False,,0,genuinely stochastic
99,29,4,1,3,True,-3.1515,-3.1515,588,491,533,1024,False,,0,genuinely stochastic
99,59,5,2,3,True,-2.1368,-2.1368,491,270,754,1024,False,,0,genuinely stochastic
99,30,4,0,4,False,0.0069,0.0,1024,539,485,1024,False,,0,effectively accepted
100,0,0,0,0,False,-4.9773,-4.9773,1024,450,574,1024,True,reject,0,effectively rejected
100,2,1,0,1,False,-4.9845,-4.9845,1024,419,605,1024,True,reject,0,effectively rejected
100,6,2,0,2,False,-0.2402,-0.2402,1024,908,116,1024,True,accept,0,genuinely stochastic
100,13,3,1,2,True,-24.313,-24.313,908,66,958,1024,True,reject,0,effectively rejected
100,28,4,1,3,False,-6.9796,-6.9796,908,612,412,1024,True,reject,0,effectively rejected
100,58,5,1,4,False,-2.2257,-2.2257,908,590,434,1024,True,reject,0,genuinely stochastic
100,118,6,1,5,False,-0.2401,-0.2401,908,900,124,1024,True,accept,0,genuinely stochastic
100,14,3,0,3,False,-4.0444,-4.0444,1024,34,990,1024,False,,0,genuinely stochastic
100,30,4,0,4,False,-5.6398,-5.6398,1024,139,885,1024,False,,0,effectively rejected
100,62,5,0,5,False,-4.7697,-4.7697,1024,358,666,1024,False,,0,effectively rejected
101,0,0,0,0,False,0.2402,0.0,1024,854,170,1024,True,accept,0,effectively accepted
101,1,1,1,0,True,-1.3766,-1.3766,854,441,583,1024,True,reject,0,genuinely stochastic
101,3,2,2,0,True,0.1901,0.0,441,63,961,1024,False,,0,effectively accepted
101,8,3,2,1,False,-6.2906,-6.2906,441,415,609,1024,False,,0,effectively rejected
101,18,4,2,2,False,-5.2163,-5.2163,441,53,971,1024,False,,0,effectively rejected
101,38,5,2,3,False,-2.4402,-2.4402,441,88,936,1024,False,,0,genuinely stochastic
101,4,2,1,1,False,-0.1414,-0.1414,854,700,324,1024,True,accept,0,genuinely stochastic
101,10,3,1,2,False,-29.3806,-29.3806,854,6,1018,1024,False,,0,effectively rejected
101,22,4,1,3,False,-0.3245,-0.3245,854,548,476,1024,False,,0,genuinely stochastic
101,2,1,0,1,False,0.2402,0.0,1024,862,162,1024,False,,0,effectively accepted
101,5,2,1,1,True,-10.3687,-10.3687,862,434,590,1024,False,,0,effectively rejected
101,6,2,0,2,False,-2.4504,-2.4504,1024,633,391,1024,False,,0,genuinely stochastic
101,14,3,0,3,False,-1.8105,-1.8105,1024,250,774,1024,False,,0,genuinely stochastic
102,0,0,0,0,False,-1.8174,-1.8174,1024,549,475,1024,True,reject,0,genuinely stochastic
102,1,1,1,0,True,-2.3811,-2.3811,549,279,745,1024,False,,0,genuinely stochastic
102,3,2,2,0,True,1.8289,0.0,279,32,992,1024,False,,0,effectively accepted
102,2,1,0,1,False,-0.2419,-0.2419,1024,956,68,1024,True,accept,0,genuinely stochastic
102,5,2,1,1,True,-30.7729,-30.7729,956,70,954,1024,True,reject,0,effectively rejected
102,12,3,1,2,False,-2.2372,-2.2372,956,384,640,1024,True,reject,0,genuinely stochastic
102,25,4,2,2,True,-2.1492,-2.1492,384,380,644,1024,False,,0,genuinely stochastic
102,26,4,1,3,False,-3.1899,-3.1899,956,508,516,1024,True,reject,0,genuinely stochastic
102,6,2,0,2,False,0.0,0.0,1024,969,55,1024,False,,0,effectively accepted
102,13,3,1,2,True,-5.7386,-5.7386,969,15,1009,1024,False,,0,effectively rejected
102,28,4,1,3,False,-3.7052,-3.7052,969,254,770,1024,False,,0,genuinely stochastic
102,58,5,1,4,False,0.5899,0.0,969,800,224,1024,False,,0,effectively accepted
102,14,3,0,3,False,-2.857,-2.857,1024,583,441,1024,False,,0,genuinely stochastic
102,30,4,0,4,False,-3.6333,-3.6333,1024,17,1007,1024,False,,0,genuinely stochastic
103,0,0,0,0,False,-0.114,-0.114,1024,369,655,1024,True,accept,0,genuinely stochastic
103,2,1,0,1,False,-1.4303,-1.4303,1024,817,207,1024,False,,0,genuinely stochastic
103,5,2,1,1,True,-5.8869,-5.8869,817,483,541,1024,False,,0,effectively rejected
103,12,3,1,2,False,-5.8438,-5.8438,817,362,662,1024,False,,0,effectively rejected
103,25,4,2,2,True,-6.0614,-6.0614,362,219,805,1024,False,,0,effectively rejected
103,26,4,1,3,False,1.7217,0.0,817,521,503,1024,False,,0,effectively accepted
103,53,5,2,3,True,-1.1764,-1.1764,521,450,574,1024,False,,0,genuinely stochastic
103,54,5,1,4,False,-4.5557,-4.5557,817,624,400,1024,False,,0,genuinely stochastic
103,6,2,0,2,False,-3.1194,-3.1194,1024,15,1009,1024,False,,0,genuinely stochastic
103,14,3,0,3,False,0.0011,0.0,1024,862,162,1024,False,,0,effectively accepted
103,29,4,1,3,True,-5.7102,-5.7102,862,127,897,1024,False,,0,effectively rejected
103,30,4,0,4,False,0.0011,0.0,1024,894,130,1024,False,,0,effectively accepted
104,0,0,0,0,False,-3.0347,-3.0347,1024,56,968,1024,True,accept,0,genuinely stochastic
104,2,1,0,1,False,-5.8933,-5.8933,1024,120,904,1024,False,,0,effectively rejected
104,6,2,0,2,False,-0.5064,-0.5064,1024,202,822,1024,False,,0,genuinely stochastic
104,13,3,1,2,True,-4.9131,-4.9131,202,101,923,1024,False,,0,effectively rejected
104,27,4,2,2,True,-29.0049,-29.0049,101,23,1001,1024,False,,0,effectively rejected
104,14,3,0,3,False,-5.3785,-5.3785,1024,318,706,1024,False,,0,effectively rejected
104,30,4,0,4,False,-4.3701,-4.3701,1024,553,471,1024,False,,0,genuinely stochastic
104,62,5,0,5,False,-1.0929,-1.0929,1024,632,392,1024,False,,0,genuinely stochastic
104,125,6,1,5,True,-4.2857,-4.2857,632,309,715,1024,False,,0,genuinely stochastic
104,251,7,2,5,True,-2.1331,-2.1331,309,130,894,1024,False,,0,genuinely stochastic
104,126,6,0,6,False,-4.8026,-4.8026,1024,320,704,1024,False,,0,effectively rejected
105,0,0,0,0,False,0.0707,0.0,1024,456,568,1024,True,accept,0,effectively accepted
105,1,1,1,0,True,-1.1513,-1.1513,456,322,702,1024,True,reject,0,genuinely stochastic
105,2,1,0,1,False,0.0271,0.0,1024,605,419,1024,False,,0,effectively accepted
105,6,2,0,2,False,2.4204,0.0,1024,736,288,1024,False,,0,effectively accepted
105,13,3,1,2,True,-22.1688,-22.1688,736,42,982,1024,False,,0,effectively rejected
105,28,4,1,3,False,-26.9399,-26.9399,736,67,957,1024,False,,0,effectively rejected
105,58,5,1,4,False,-4.185,-4.185,736,549,475,1024,False,,0,genuinely stochastic
105,14,3,0,3,False,-2.4625,-2.4625,1024,651,373,1024,False,,0,genuinely stochastic
105,30,4,0,4,False,2.0092,0.0,1024,670,354,1024,False,,0,effectively accepted
106,0,0,0,0,False,-2.107,-2.107,1024,225,799,1024,True,reject,0,genuinely stochastic
106,2,1,0,1,False,-5.342,-5.342,1024,506,518,1024,True,reject,0,effectively rejected
106,6,2,0,2,False,-0.0898,-0.0898,1024,39,985,1024,True,accept,0,genuinely stochastic
106,14,3,0,3,False,-3.4445,-3.4445,1024,316,708,1024,False,,0,genuinely stochastic
106,29,4,1,3,True,-25.9829,-25.9829,316,68,956,1024,False,,0,effectively rejected
106,30,4,0,4,False,-4.8366,-4.8366,1024,512,512,1024,False,,0,effectively rejected
106,62,5,0,5,False,-0.989,-0.989,1024,412,612,1024,False,,0,genuinely stochastic
106,126,6,0,6,False,-1.0242,-1.0242,1024,692,332,1024,False,,0,genuinely stochastic
106,253,7,1,6,True,0.5029,0.0,692,38,986,1024,False,,0,effectively accepted
106,254,7,0,7,False,-0.0568,-0.0568,1024,109,915,1024,False,,0,genuinely stochastic
107,0,0,0,0,False,0.0,0.0,1024,876,148,1024,True,accept,0,effectively accepted
107,1,1,1,0,True,4.6948,0.0,876,510,514,1024,True,accept,0,effectively accepted
107,4,2,1,1,False,5.3995,0.0,876,194,830,1024,False,,0,effectively accepted
107,2,1,0,1,False,0.1515,0.0,1024,833,191,1024,False,,0,effectively accepted
107,5,2,1,1,True,2.0296,0.0,833,421,603,1024,False,,0,effectively accepted
107,11,3,2,1,True,3.204,0.0,421,409,615,1024,False,,0,effectively accepted
107,23,4,3,1,True,-0.66,-0.66,409,28,996,1024,False,,0,genuinely stochastic
107,12,3,1,2,False,2.1585,0.0,833,312,712,1024,False,,0,effectively accepted
107,6,2,0,2,False,-2.6786,-2.6786,1024,239,785,1024,False,,0,genuinely stochastic
107,14,3,0,3,False,1.4503,0.0,1024,472,552,1024,False,,0,effectively accepted
107,30,4,0,4,False,1.2099,0.0,1024,142,882,1024,False,,0,effectively accepted
108,0,0,0,0,False,-2.9172,-2.9172,1024,625,399,1024,True,reject,0,genuinely stochastic
108,1,1,1,0,True,-6.1383,-6.1383,625,33,991,1024,False,,0,effectively rejected
108,4,2,1,1,False,-4.6425,-4.6425,625,430,594,1024,False,,0,effectively rejected
108,9,3,2,1,True,-0.7678,-0.7678,430,254,770,1024,False,,0,genuinely stochastic
108,19,4,3,1,True,-4.7268,-4.7268,254,124,900,1024,False,,0,effectively rejected
108,2,1,0,1,False,2.1761,0.0,1024,236,788,1024,True,accept,0,effectively accepted
108,5,2,1,1,True,-6.6836,-6.6836,236,25,999,1024,True,reject,0,effectively rejected
108,6,2,0,2,False,-5.2,-5.2,1024,476,548,1024,False,,0,effectively rejected
108,13,3,1,2,True,-38.9453,-38.9453,476,84,940,1024,False,,0,effectively rejected
108,14,3,0,3,False,0.7678,0.0,1024,777,247,1024,False,,0,effectively accepted
108,29,4,1,3,True,-0.1647,-0.1647,777,292,732,1024,False,,0,genuinely stochastic
108,60,5,1,4,False,-2.5711,-2.5711,777,164,860,1024,False,,0,genuinely stochastic
108,121,6,2,4,True,-6.6942,-6.6942,164,31,993,1024,False,,0,effectively rejected
108,30,4,0,4,False,-0.0314,-0.0314,1024,767,257,1024,False,,0,genuinely stochastic
108,61,5,1,4,True,-6.1731,-6.1731,767,249,775,1024,False,,0,effectively rejected
108,62,5,0,5,False,0.2401,0.0,1024,866,158,1024,False,,0,effectively accepted
109,0,0,0,0,False,-2.264,-2.264,1024,768,256,1024,True,reject,0,genuinely stochastic
109,2,1,0,1,False,0.7994,0.0,1024,845,179,1024,True,accept,0,effectively accepted
109,5,2,1,1,True,-0.1186,-0.1186,845,765,259,1024,True,accept,0,genuinely stochastic
109,6,2,0,2,False,-5.1636,-5.1636,1024,440,584,1024,False,,0,effectively rejected
109,13,3,1,2,True,-5.4332,-5.4332,440,20,1004,1024,False,,0,effectively rejected
109,14,3,0,3,False,-3.2242,-3.2242,1024,564,460,1024,False,,0,genuinely stochastic
109,29,4,1,3,True,-8.2309,-8.2309,564,359,665,1024,False,,0,effectively rejected
109,60,5,1,4,False,-1.2885,-1.2885,564,98,926,1024,False,,0,genuinely stochastic
109,30,4,0,4,False,-0.0007,-0.0007,1024,1009,15,1024,False,,0,effectively accepted
109,61,5,1,4,True,-8.0244,-8.0244,1009,605,419,1024,False,,0,effectively rejected
110,0,0,0,0,False,0.2395,0.0,1024,943,81,1024,True,accept,0,effectively accepted
110,1,1,1,0,True,-5.4086,-5.4086,943,239,785,1024,True,reject,0,effectively rejected
110,4,2,1,1,False,-4.2863,-4.2863,943,158,866,1024,True,reject,0,genuinely stochastic
110,2,1,0,1,False,-1.1641,-1.1641,1024,248,776,1024,False,,0,genuinely stochastic
110,6,2,0,2,False,-6.0295,-6.0295,1024,314,710,1024,False,,0,effectively rejected
110,14,3,0,3,False,0.0854,0.0,1024,766,258,1024,False,,0,effectively accepted
110,29,4,1,3,True,-3.0567,-3.0567,766,340,684,1024,False,,0,genuinely stochastic
110,60,5,1,4,False,-6.2021,-6.2021,766,344,680,1024,False,,0,effectively rejected
110,30,4,0,4,False,0.2394,0.0,1024,873,151,1024,False,,0,effectively accepted
110,61,5,1,4,True,-7.7518,-7.7518,873,545,479,1024,False,,0,effectively rejected
111,0,0,0,0,False,-4.5397,-4.5397,1024,377,647,1024,True,reject,0,genuinely stochastic
111,1,1,1,0,True,-8.0355,-8.0355,377,282,742,1024,False,,0,effectively rejected
111,3,2,2,0,True,-92.1897,-92.1897,282,55,969,1024,False,,0,effectively rejected
111,2,1,0,1,False,-0.2189,-0.2189,1024,703,321,1024,True,reject,0,genuinely stochastic
111,6,2,0,2,False,0.3503,0.0,1024,827,197,1024,True,accept,0,effectively accepted
111,14,3,0,3,False,0.5905,0.0,1024,825,199,1024,False,,0,effectively accepted
111,29,4,1,3,True,-0.1816,-0.1816,825,639,385,1024,False,,0,genuinely stochastic
111,59,5,2,3,True,-4.2631,-4.2631,639,225,799,1024,False,,0,genuinely stochastic
111,30,4,0,4,False,-33.1183,-33.1183,1024,62,962,1024,False,,0,effectively rejected
112,0,0,0,0,False,-6.6878,-6.6878,1024,85,939,1024,True,reject,0,effectively rejected
112,2,1,0,1,False,-1.3038,-1.3038,1024,501,523,1024,True,reject,0,genuinely stochastic
112,6,2,0,2,False,-7.209,-7.209,1024,613,411,1024,True,reject,0,effectively rejected
112,13,3,1,2,True,-3.2957,-3.2957,613,214,810,1024,False,,0,genuinely stochastic
112,14,3,0,3,False,-1.9358,-1.9358,1024,730,294,1024,True,reject,0,genuinely stochastic
112,29,4,1,3,True,-31.0383,-31.0383,730,56,968,1024,False,,0,effectively rejected
112,60,5,1,4,False,-5.7754,-5.7754,730,239,785,1024,False,,0,effectively rejected
112,30,4,0,4,False,-2.1895,-2.1895,1024,574,450,1024,True,reject,0,genuinely stochastic
113,0,0,0,0,False,-5.7162,-5.7162,1024,263,761,1024,True,reject,0,effectively rejected
113,2,1,0,1,False,-4.6912,-4.6912,1024,540,484,1024,True,reject,0,effectively rejected
113,6,2,0,2,False,-5.4011,-5.4011,1024,341,683,1024,True,reject,0,effectively rejected
113,13,3,1,2,True,-0.6201,-0.6201,341,118,906,1024,False,,0,genuinely stochastic
113,14,3,0,3,False,-0.3253,-0.3253,1024,771,253,1024,True,accept,0,genuinely stochastic
113,30,4,0,4,False,-1.3631,-1.3631,1024,299,725,1024,False,,0,genuinely stochastic
113,61,5,1,4,True,-0.4999,-0.4999,299,43,981,1024,False,,0,genuinely stochastic
113,62,5,0,5,False,-7.5669,-7.5669,1024,53,971,1024,False,,0,effectively rejected
113,126,6,0,6,False,-5.5017,-5.5017,1024,162,862,1024,False,,0,effectively rejected
114,0,0,0,0,False,-2.1618,-2.1618,1024,735,289,1024,True,reject,0,genuinely stochastic
114,1,1,1,0,True,-2.4356,-2.4356,735,504,520,1024,False,,0,genuinely stochastic
114,3,2,2,0,True,-6.9737,-6.9737,504,236,788,1024,False,,0,effectively rejected
114,8,3,2,1,False,-4.4483,-4.4483,504,380,644,1024,False,,0,genuinely stochastic
114,18,4,2,2,False,-38.6001,-38.6001,504,59,965,1024,False,,0,effectively rejected
114,4,2,1,1,False,-4.9872,-4.9872,735,333,691,1024,False,,0,effectively rejected
114,10,3,1,2,False,0.0195,0.0,735,712,312,1024,False,,0,effectively accepted
114,21,4,2,2,True,-6.632,-6.632,712,400,624,1024,False,,0,effectively rejected
114,43,5,3,2,True,-8.0199,-8.0199,400,35,989,1024,False,,0,effectively rejected
114,87,6,4,2,True,1.1811,0.0,35,8,1016,1024,False,,0,effectively accepted
114,2,1,0,1,False,0.0,0.0,1024,969,55,1024,True,accept,0,effectively accepted
114,5,2,1,1,True,-7.4714,-7.4714,969,85,939,1024,True,reject,0,effectively rejected
114,12,3,1,2,False,-7.0409,-7.0409,969,263,761,1024,True,reject,0,effectively rejected
114,25,4,2,2,True,-6.6772,-6.6772,263,209,815,1024,False,,0,effectively rejected
114,6,2,0,2,False,-2.4926,-2.4926,1024,146,878,1024,False,,0,genuinely stochastic
114,13,3,1,2,True,-11.2734,-11.2734,146,100,924,1024,False,,0,effectively rejected
114,27,4,2,2,True,-40.4838,-40.4838,100,30,994,1024,False,,0,effectively rejected
115,0,0,0,0,False,-6.1932,-6.1932,1024,230,794,1024,True,reject,0,effectively rejected
115,2,1,0,1,False,-31.0945,-31.0945,1024,36,988,1024,True,reject,0,effectively rejected
115,6,2,0,2,False,-7.6539,-7.6539,1024,419,605,1024,True,reject,0,effectively rejected
115,14,3,0,3,False,-10.7767,-10.7767,1024,391,633,1024,True,reject,0,effectively rejected
115,29,4,1,3,True,-5.1133,-5.1133,391,161,863,1024,False,,0,effectively rejected
115,30,4,0,4,False,-7.3239,-7.3239,1024,35,989,1024,True,reject,0,effectively rejected
115,62,5,0,5,False,-6.407,-6.407,1024,459,565,1024,True,reject,0,effectively rejected
115,125,6,1,5,True,-6.7369,-6.7369,459,199,825,1024,False,,0,effectively rejected
115,251,7,2,5,True,-4.4105,-4.4105,199,142,882,1024,False,,0,genuinely stochastic
115,503,8,3,5,True,-4.7063,-4.7063,142,62,962,1024,False,,0,effectively rejected
115,1007,9,4,5,True,-7.5345,-7.5345,62,47,977,1024,False,,0,effectively rejected
115,126,6,0,6,False,-3.1863,-3.1863,1024,505,519,1024,True,reject,0,genuinely stochastic
116,0,0,0,0,False,-4.5648,-4.5648,1024,411,613,1024,True,reject,0,genuinely stochastic
116,2,1,0,1,False,-2.2622,-2.2622,1024,822,202,1024,True,reject,0,genuinely stochastic
116,5,2,1,1,True,-6.8049,-6.8049,822,283,741,1024,False,,0,effectively rejected
116,6,2,0,2,False,-5.9142,-5.9142,1024,265,759,1024,True,reject,0,effectively rejected
116,14,3,0,3,False,-1.9316,-1.9316,1024,719,305,1024,True,accept,0,genuinely stochastic
116,30,4,0,4,False,0.085,0.0,1024,704,320,1024,False,,0,effectively accepted
116,61,5,1,4,True,-5.8579,-5.8579,704,51,973,1024,False,,0,effectively rejected
116,62,5,0,5,False,-5.4334,-5.4334,1024,373,651,1024,False,,0,effectively rejected
116,126,6,0,6,False,-0.0007,-0.0007,1024,995,29,1024,False,,0,effectively accepted
117,0,0,0,0,False,-1.6724,-1.6724,1024,18,1006,1024,True,reject,0,genuinely stochastic
117,2,1,0,1,False,1.6725,0.0,1024,766,258,1024,True,accept,0,effectively accepted
117,6,2,0,2,False,0.0,0.0,1024,970,54,1024,False,,0,effectively accepted
117,13,3,1,2,True,-4.1402,-4.1402,970,572,452,1024,False,,0,genuinely stochastic
117,27,4,2,2,True,-5.6035,-5.6035,572,5,1019,1024,False,,0,effectively rejected
117,56,5,2,3,False,-4.1478,-4.1478,572,497,527,1024,False,,0,genuinely stochastic
117,28,4,1,3,False,0.3344,0.0,970,731,293,1024,False,,0,effectively accepted
117,57,5,2,3,True,-1.5814,-1.5814,731,137,887,1024,False,,0,genuinely stochastic
117,58,5,1,4,False,-3.6425,-3.6425,970,199,825,1024,False,,0,genuinely stochastic
117,14,3,0,3,False,-0.5585,-0.5585,1024,817,207,1024,False,,0,genuinely stochastic
117,29,4,1,3,True,-3.0964,-3.0964,817,296,728,1024,False,,0,genuinely stochastic
117,60,5,1,4,False,-6.0973,-6.0973,817,260,764,1024,False,,0,effectively rejected
117,30,4,0,4,False,-5.9309,-5.9309,1024,507,517,1024,False,,0,effectively rejected
117,62,5,0,5,False,-5.2097,-5.2097,1024,491,533,1024,False,,0,effectively rejected
118,0,0,0,0,False,-1.9705,-1.9705,1024,786,238,1024,True,accept,0,genuinely stochastic
118,1,1,1,0,True,-3.0275,-3.0275,786,690,334,1024,True,reject,0,genuinely stochastic
118,4,2,1,1,False,-2.8252,-2.8252,786,205,819,1024,True,reject,0,genuinely stochastic
118,10,3,1,2,False,-6.2024,-6.2024,786,204,820,1024,True,reject,0,effectively rejected
118,2,1,0,1,False,0.7994,0.0,1024,860,164,1024,False,,0,effectively accepted
118,5,2,1,1,True,-7.3359,-7.3359,860,573,451,1024,False,,0,effectively rejected
118,12,3,1,2,False,-8.4326,-8.4326,860,327,697,1024,False,,0,effectively rejected
118,6,2,0,2,False,-7.4707,-7.4707,1024,412,612,1024,False,,0,effectively rejected
118,14,3,0,3,False,-6.188,-6.188,1024,78,946,1024,False,,0,effectively rejected
119,0,0,0,0,False,57.26,0.0,1024,317,707,1024,True,accept,0,effectively accepted
119,1,1,1,0,True,0.449,0.0,317,176,848,1024,True,accept,0,effectively accepted
119,2,1,0,1,False,35.9548,0.0,1024,496,528,1024,False,,0,effectively accepted
119,6,2,0,2,False,44.843,0.0,1024,381,643,1024,False,,0,effectively accepted
119,14,3,0,3,False,38.4365,0.0,1024,666,358,1024,False,,0,effectively accepted
119,30,4,0,4,False,0.672,0.0,1024,837,187,1024,False,,0,effectively accepted
119,61,5,1,4,True,14.4018,0.0,837,53,971,1024,False,,0,effectively accepted
119,124,6,1,5,False,-26.4091,-26.4091,837,35,989,1024,False,,0,effectively rejected
119,62,5,0,5,False,40.3642,0.0,1024,682,342,1024,False,,0,effectively accepted
119,126,6,0,6,False,0.0048,0.0,1024,997,27,1024,False,,0,effectively accepted
120,0,0,0,0,False,-22.653,-22.653,1024,219,805,1024,True,reject,0,effectively rejected
120,1,1,1,0,True,53.4463,0.0,219,145,879,1024,False,,0,effectively accepted
120,3,2,2,0,True,-23.8587,-23.8587,145,29,995,1024,False,,0,effectively rejected
120,2,1,0,1,False,0.1658,0.0,1024,648,376,1024,True,accept,0,effectively accepted
120,5,2,1,1,True,-16.3988,-16.3988,648,50,974,1024,True,reject,0,effectively rejected
120,6,2,0,2,False,36.5384,0.0,1024,265,759,1024,False,,0,effectively accepted
120,14,3,0,3,False,-23.4503,-23.4503,1024,582,442,1024,False,,0,effectively rejected
120,29,4,1,3,True,-20.6144,-20.6144,582,510,514,1024,False,,0,effectively rejected
120,30,4,0,4,False,-18.2335,-18.2335,1024,514,510,1024,False,,0,effectively rejected
120,62,5,0,5,False,-28.3941,-28.3941,1024,201,823,1024,False,,0,effectively rejected
120,126,6,0,6,False,0.0,0.0,1024,1015,9,1024,False,,0,effectively accepted
121,0,0,0,0,False,-0.0,0.0,1024,942,82,1024,True,accept,0,effectively accepted
121,1,1,1,0,True,-17.0892,-17.0892,942,88,936,1024,True,reject,0,effectively rejected
121,4,2,1,1,False,-0.3025,-0.3025,942,596,428,1024,True,accept,0,genuinely stochastic
121,9,3,2,1,True,-19.2954,-19.2954,596,518,506,1024,True,reject,0,effectively rejected
121,19,4,3,1,True,0.4393,0.0,518,455,569,1024,False,,0,effectively accepted
121,40,5,3,2,False,35.987,0.0,518,114,910,1024,False,,0,effectively accepted
121,20,4,2,2,False,-29.135,-29.135,596,388,636,1024,True,reject,0,effectively rejected
121,41,5,3,2,True,-0.6036,-0.6036,388,46,978,1024,False,,0,genuinely stochastic
121,42,5,2,3,False,-24.1117,-24.1117,596,422,602,1024,True,reject,0,effectively rejected
121,10,3,1,2,False,49.7609,0.0,942,93,931,1024,False,,0,effectively accepted
121,21,4,2,2,True,52.0665,0.0,93,92,932,1024,False,,0,effectively accepted
121,22,4,1,3,False,-19.229,-19.229,942,552,472,1024,False,,0,effectively rejected
121,2,1,0,1,False,-21.0914,-21.0914,1024,197,827,1024,False,,0,effectively rejected
121,6,2,0,2,False,0.1243,0.0,1024,922,102,1024,False,,0,effectively accepted
121,14,3,0,3,False,0.8309,0.0,1024,707,317,1024,False,,0,effectively accepted
122,0,0,0,0,False,-20.8715,-20.8715,1024,360,664,1024,True,reject,0,effectively rejected
122,2,1,0,1,False,-22.3207,-22.3207,1024,208,816,1024,True,reject,0,effectively rejected
122,6,2,0,2,False,-21.5181,-21.5181,1024,505,519,1024,True,reject,0,effectively rejected
122,13,3,1,2,True,-20.3567,-20.3567,505,103,921,1024,False,,0,effectively rejected
122,28,4,1,3,False,41.2957,0.0,505,99,925,1024,False,,0,effectively accepted
122,58,5,1,4,False,-25.9616,-25.9616,505,402,622,1024,False,,0,effectively rejected
122,14,3,0,3,False,2.9985,0.0,1024,370,654,1024,True,accept,0,effectively accepted
122,30,4,0,4,False,-21.3811,-21.3811,1024,529,495,1024,False,,0,effectively rejected
122,61,5,1,4,True,-1.692,-1.692,529,232,792,1024,False,,0,genuinely stochastic
122,123,6,2,4,True,-20.3567,-20.3567,232,103,921,1024,False,,0,effectively rejected
122,124,6,1,5,False,-21.4186,-21.4186,529,526,498,1024,False,,0,effectively rejected
122,62,5,0,5,False,-15.7755,-15.7755,1024,171,853,1024,False,,0,effectively rejected
123,0,0,0,0,False,0.0,0.0,1024,1015,9,1024,True,accept,0,effectively accepted
123,1,1,1,0,True,11.0413,0.0,1015,76,948,1024,True,accept,0,effectively accepted
123,4,2,1,1,False,-3.241,-3.241,1015,334,690,1024,False,,0,genuinely stochastic
123,10,3,1,2,False,-1.361,-1.361,1015,640,384,1024,False,,0,genuinely stochastic
123,22,4,1,3,False,-30.8033,-30.8033,1015,406,618,1024,False,,0,effectively rejected
123,2,1,0,1,False,0.0,0.0,1024,972,52,1024,False,,0,effectively accepted
123,5,2,1,1,True,-0.1289,-0.1289,972,918,106,1024,False,,0,genuinely stochastic
123,11,3,2,1,True,-5.7673,-5.7673,918,513,511,1024,False,,0,effectively rejected
123,23,4,3,1,True,-25.1064,-25.1064,513,276,748,1024,False,,0,effectively rejected
123,24,4,2,2,False,-24.9468,-24.9468,918,464,560,1024,False,,0,effectively rejected
123,50,5,2,3,False,-0.0713,-0.0713,918,327,697,1024,False,,0,genuinely stochastic
123,12,3,1,2,False,-3.0417,-3.0417,972,632,392,1024,False,,0,genuinely stochastic
123,26,4,1,3,False,-26.9832,-26.9832,972,190,834,1024,False,,0,effectively rejected
123,6,2,0,2,False,-12.2005,-12.2005,1024,155,869,1024,False,,0,effectively rejected
123,14,3,0,3,False,-21.6969,-21.6969,1024,52,972,1024,False,,0,effectively rejected
124,0,0,0,0,False,-0.8617,-0.8617,1024,395,629,1024,True,accept,0,genuinely stochastic
124,1,1,1,0,True,-1.9222,-1.9222,395,288,736,1024,True,accept,0,genuinely stochastic
124,4,2,1,1,False,-0.6636,-0.6636,395,295,729,1024,False,,0,genuinely stochastic
124,9,3,2,1,True,45.0009,0.0,295,28,996,1024,False,,0,effectively accepted
124,20,4,2,2,False,-0.0187,-0.0187,295,290,734,1024,False,,0,genuinely stochastic
124,2,1,0,1,False,-1.3944,-1.3944,1024,714,310,1024,False,,0,genuinely stochastic
124,5,2,1,1,True,-37.336,-37.336,714,278,746,1024,False,,0,effectively rejected
124,6,2,0,2,False,-3.3374,-3.3374,1024,625,399,1024,False,,0,genuinely stochastic
124,13,3,1,2,True,-16.5475,-16.5475,625,129,895,1024,False,,0,effectively rejected
124,14,3,0,3,False,2.1729,0.0,1024,834,190,1024,False,,0,effectively accepted
124,29,4,1,3,True,-4.8627,-4.8627,834,10,1014,1024,False,,0,effectively rejected
124,30,4,0,4,False,0.8685,0.0,1024,684,340,1024,False,,0,effectively accepted
125,0,0,0,0,False,3.9909,0.0,1024,793,231,1024,True,accept,0,effectively accepted
125,1,1,1,0,True,-38.8485,-38.8485,793,60,964,1024,True,reject,0,effectively rejected
125,2,1,0,1,False,-35.7857,-35.7857,1024,128,896,1024,False,,0,effectively rejected
125,6,2,0,2,False,3.7609,0.0,1024,370,654,1024,False,,0,effectively accepted
125,14,3,0,3,False,1.3539,0.0,1024,548,476,1024,False,,0,effectively accepted
125,29,4,1,3,True,-1.387,-1.387,548,335,689,1024,False,,0,genuinely stochastic
125,30,4,0,4,False,-3.2834,-3.2834,1024,362,662,1024,False,,0,genuinely stochastic
125,62,5,0,5,False,3.5879,0.0,1024,622,402,1024,False,,0,effectively accepted
126,0,0,0,0,False,-16.4206,-16.4206,1024,17,1007,1024,True,reject,0,effectively rejected
126,2,1,0,1,False,-5.8252,-5.8252,1024,113,911,1024,True,reject,0,effectively rejected
126,6,2,0,2,False,-1.8484,-1.8484,1024,896,128,1024,True,accept,0,genuinely stochastic
126,13,3,1,2,True,-40.0714,-40.0714,896,186,838,1024,True,reject,0,effectively rejected
126,14,3,0,3,False,1.7371,0.0,1024,958,66,1024,False,,0,effectively accepted
126,30,4,0,4,False,-3.0321,-3.0321,1024,627,397,1024,False,,0,genuinely stochastic
126,61,5,1,4,True,-1.7179,-1.7179,627,450,574,1024,False,,0,genuinely stochastic
126,124,6,1,5,False,-2.2477,-2.2477,627,388,636,1024,False,,0,genuinely stochastic
126,62,5,0,5,False,-1.897,-1.897,1024,981,43,1024,False,,0,genuinely stochastic
127,0,0,0,0,False,-16.2884,-16.2884,1024,275,749,1024,True,reject,0,effectively rejected
127,1,1,1,0,True,42.0292,0.0,275,66,958,1024,False,,0,effectively accepted
127,2,1,0,1,False,-47.2153,-47.2153,1024,32,992,1024,True,reject,0,effectively rejected
127,6,2,0,2,False,-2.4258,-2.4258,1024,791,233,1024,True,reject,0,genuinely stochastic
127,13,3,1,2,True,-0.4711,-0.4711,791,321,703,1024,False,,0,genuinely stochastic
127,27,4,2,2,True,35.2674,0.0,321,96,928,1024,False,,0,effectively accepted
127,28,4,1,3,False,-1.4823,-1.4823,791,710,314,1024,False,,0,genuinely stochastic
127,57,5,2,3,True,-1.1601,-1.1601,710,444,580,1024,False,,0,genuinely stochastic
127,116,6,2,4,False,-0.4884,-0.4884,710,624,400,1024,False,,0,genuinely stochastic
127,14,3,0,3,False,-7.8672,-7.8672,1024,626,398,1024,True,reject,0,effectively rejected
127,29,4,1,3,True,-68.5145,-68.5145,626,276,748,1024,False,,0,effectively rejected
127,60,5,1,4,False,-0.6016,-0.6016,626,589,435,1024,False,,0,genuinely stochastic
127,121,6,2,4,True,0.5311,0.0,589,541,483,1024,False,,0,effectively accepted
127,30,4,0,4,False,0.2031,0.0,1024,984,40,1024,True,accept,0,effectively accepted
127,61,5,1,4,True,0.4531,0.0,984,940,84,1024,True,accept,0,effectively accepted
128,0,0,0,0,False,1.9101,0.0,1024,965,59,1024,True,accept,0,effectively accepted
128,1,1,1,0,True,-1.2454,-1.2454,965,458,566,1024,True,reject,0,genuinely stochastic
128,4,2,1,1,False,-2.7715,-2.7715,965,336,688,1024,True,reject,0,genuinely stochastic
128,9,3,2,1,True,0.3336,0.0,336,292,732,1024,False,,0,effectively accepted
128,20,4,2,2,False,-47.0559,-47.0559,336,308,716,1024,False,,0,effectively rejected
128,42,5,2,3,False,-27.8239,-27.8239,336,27,997,1024,False,,0,effectively rejected
128,10,3,1,2,False,-33.1446,-33.1446,965,21,1003,1024,True,reject,0,effectively rejected
128,22,4,1,3,False,-3.7694,-3.7694,965,328,696,1024,True,reject,0,genuinely stochastic
128,45,5,2,3,True,-40.682,-40.682,328,47,977,1024,False,,0,effectively rejected
128,46,5,1,4,False,-1.448,-1.448,965,547,477,1024,True,accept,0,genuinely stochastic
128,2,1,0,1,False,-53.1096,-53.1096,1024,312,712,1024,False,,0,effectively rejected
128,6,2,0,2,False,-6.4074,-6.4074,1024,743,281,1024,False,,0,effectively rejected
128,13,3,1,2,True,-41.3115,-41.3115,743,77,947,1024,False,,0,effectively rejected
128,14,3,0,3,False,1.9123,0.0,1024,491,533,1024,False,,0,effectively accepted
128,29,4,1,3,True,-1.308,-1.308,491,402,622,1024,False,,0,genuinely stochastic
128,30,4,0,4,False,1.2205,0.0,1024,751,273,1024,False,,0,effectively accepted
129,0,0,0,0,False,2.2654,0.0,1024,544,480,1024,True,accept,0,effectively accepted
129,1,1,1,0,True,-14.9123,-14.9123,544,259,765,1024,True,reject,0,effectively rejected
129,2,1,0,1,False,0.0833,0.0,1024,500,524,1024,False,,0,effectively accepted
129,5,2,1,1,True,-20.0592,-20.0592,500,175,849,1024,False,,0,effectively rejected
129,6,2,0,2,False,26.7373,0.0,1024,55,969,1024,False,,0,effectively accepted
129,14,3,0,3,False,-12.7829,-12.7829,1024,206,818,1024,False,,0,effectively rejected
129,30,4,0,4,False,0.8598,0.0,1024,602,422,1024,False,,0,effectively accepted
129,61,5,1,4,True,-42.4805,-42.4805,602,153,871,1024,False,,0,effectively rejected
129,62,5,0,5,False,0.7052,0.0,1024,508,516,1024,False,,0,effectively accepted
130,0,0,0,0,False,-1.2311,-1.2311,1024,575,449,1024,True,reject,0,genuinely stochastic
130,1,1,1,0,True,1.4146,0.0,575,519,505,1024,False,,0,effectively accepted
130,2,1,0,1,False,-3.8384,-3.8384,1024,495,529,1024,True,reject,0,genuinely stochastic
130,6,2,0,2,False,2.7706,0.0,1024,790,234,1024,True,accept,0,effectively accepted
130,13,3,1,2,True,2.2765,0.0,790,652,372,1024,True,accept,0,effectively accepted
130,28,4,1,3,False,-34.2697,-34.2697,790,125,899,1024,False,,0,effectively rejected
130,14,3,0,3,False,-0.1952,-0.1952,1024,628,396,1024,False,,0,genuinely stochastic
130,29,4,1,3,True,-3.0207,-3.0207,628,469,555,1024,False,,0,genuinely stochastic
131,0,0,0,0,False,-6.6075,-6.6075,1024,419,605,1024,True,reject,0,effectively rejected
131,2,1,0,1,False,-5.4862,-5.4862,1024,598,426,1024,True,reject,0,effectively rejected
131,5,2,1,1,True,-4.4545,-4.4545,598,295,729,1024,False,,0,genuinely stochastic
131,6,2,0,2,False,-1.7474,-1.7474,1024,438,586,1024,True,reject,0,genuinely stochastic
131,14,3,0,3,False,-1.507,-1.507,1024,752,272,1024,True,reject,0,genuinely stochastic
131,29,4,1,3,True,-8.6807,-8.6807,752,507,517,1024,False,,0,effectively rejected
131,59,5,2,3,True,-14.9055,-14.9055,507,168,856,1024,False,,0,effectively rejected
131,60,5,1,4,False,-10.2516,-10.2516,752,0,1024,1024,False,,0,effectively rejected
131,30,4,0,4,False,32.8108,0.0,1024,178,846,1024,True,accept,0,effectively accepted
132,0,0,0,0,False,4.6679,0.0,1024,215,809,1024,True,accept,0,effectively accepted
132,2,1,0,1,False,1.8737,0.0,1024,490,534,1024,False,,0,effectively accepted
132,5,2,1,1,True,-75.3884,-75.3884,490,175,849,1024,False,,0,effectively rejected
132,6,2,0,2,False,-17.4137,-17.4137,1024,521,503,1024,False,,0,effectively rejected
132,14,3,0,3,False,0.6326,0.0,1024,626,398,1024,False,,0,effectively accepted
132,29,4,1,3,True,-14.639,-14.639,626,326,698,1024,False,,0,effectively rejected
132,30,4,0,4,False,0.4469,0.0,1024,922,102,1024,False,,0,effectively accepted
132,61,5,1,4,True,-38.032,-38.032,922,195,829,1024,False,,0,effectively rejected
132,124,6,1,5,False,0.0097,0.0,922,785,239,1024,False,,0,effectively accepted
132,62,5,0,5,False,-17.4137,-17.4137,1024,521,503,1024,False,,0,effectively rejected
132,125,6,1,5,True,-15.6272,-15.6272,521,395,629,1024,False,,0,effectively rejected
132,251,7,2,5,True,-13.6766,-13.6766,395,338,686,1024,False,,0,effectively rejected
132,126,6,0,6,False,1.1727,0.0,1024,389,635,1024,False,,0,effectively accepted
133,0,0,0,0,False,-0.2872,-0.2872,1024,1018,6,1024,True,accept,0,genuinely stochastic
133,1,1,1,0,True,-3.4893,-3.4893,1018,261,763,1024,True,reject,0,genuinely stochastic
133,4,2,1,1,False,-0.2889,-0.2889,1018,947,77,1024,True,accept,0,genuinely stochastic
133,10,3,1,2,False,-0.0004,-0.0004,1018,1003,21,1024,False,,0,effectively accepted
133,21,4,2,2,True,-46.7711,-46.7711,1003,76,948,1024,False,,0,effectively rejected
133,44,5,2,3,False,-0.3871,-0.3871,1003,847,177,1024,False,,0,genuinely stochastic
133,22,4,1,3,False,-0.1135,-0.1135,1018,714,310,1024,False,,0,genuinely stochastic
133,2,1,0,1,False,-16.1258,-16.1258,1024,512,512,1024,False,,0,effectively rejected
133,5,2,1,1,True,-78.5276,-78.5276,512,106,918,1024,False,,0,effectively rejected
133,12,3,1,2,False,1.8172,0.0,512,438,586,1024,False,,0,effectively accepted
133,6,2,0,2,False,-16.6927,-16.6927,1024,216,808,1024,False,,0,effectively rejected
133,14,3,0,3,False,2.4209,0.0,1024,467,557,1024,False,,0,effectively accepted
134,0,0,0,0,False,-76.9644,-76.9644,1024,235,789,1024,True,reject,0,effectively rejected
134,2,1,0,1,False,-20.6615,-20.6615,1024,23,1001,1024,True,reject,0,effectively rejected
134,5,2,1,1,True,-20.6615,-20.6615,23,23,1001,1024,False,,0,effectively rejected
134,6,2,0,2,False,-1.369,-1.369,1024,442,582,1024,True,reject,0,genuinely stochastic
134,13,3,1,2,True,0.1134,0.0,442,431,593,1024,False,,0,effectively accepted
134,27,4,2,2,True,-2.8141,-2.8141,431,137,887,1024,False,,0,genuinely stochastic
134,56,5,2,3,False,-1.4,-1.4,431,364,660,1024,False,,0,genuinely stochastic
134,28,4,1,3,False,-78.9404,-78.9404,442,35,989,1024,False,,0,effectively rejected
134,57,5,2,3,True,-58.2909,-58.2909,35,21,1003,1024,False,,0,effectively rejected
134,58,5,1,4,False,-48.6959,-48.6959,442,92,932,1024,False,,0,effectively rejected
134,14,3,0,3,False,0.9609,0.0,1024,543,481,1024,True,accept,0,effectively accepted
134,29,4,1,3,True,0.0807,0.0,543,542,482,1024,True,accept,0,effectively accepted
134,59,5,2,3,True,-83.7955,-83.7955,542,217,807,1024,True,reject,0,effectively rejected
134,120,6,2,4,False,-76.7314,-76.7314,542,101,923,1024,True,reject,0,effectively rejected
134,60,5,1,4,False,-80.7057,-80.7057,543,265,759,1024,False,,0,effectively rejected
134,121,6,2,4,True,-15.1571,-15.1571,265,154,870,1024,False,,0,effectively rejected
134,30,4,0,4,False,-0.8256,-0.8256,1024,1012,12,1024,False,,0,genuinely stochastic
134,61,5,1,4,True,0.8301,0.0,1012,668,356,1024,False,,0,effectively accepted
135,0,0,0,0,False,0.1142,0.0,1024,551,473,1024,True,accept,0,effectively accepted
135,2,1,0,1,False,-0.822,-0.822,1024,982,42,1024,False,,0,genuinely stochastic
135,5,2,1,1,True,-0.3883,-0.3883,982,413,611,1024,False,,0,genuinely stochastic
135,11,3,2,1,True,-71.5497,-71.5497,413,292,732,1024,False,,0,effectively rejected
135,23,4,3,1,True,-43.2716,-43.2716,292,4,1020,1024,False,,0,effectively rejected
135,24,4,2,2,False,-18.6796,-18.6796,413,393,631,1024,False,,0,effectively rejected
135,12,3,1,2,False,-0.0842,-0.0842,982,817,207,1024,False,,0,genuinely stochastic
135,25,4,2,2,True,-0.2313,-0.2313,817,775,249,1024,False,,0,genuinely stochastic
135,26,4,1,3,False,0.4648,0.0,982,648,376,1024,False,,0,effectively accepted
135,6,2,0,2,False,1.0048,0.0,1024,455,569,1024,False,,0,effectively accepted
135,13,3,1,2,True,-74.2101,-74.2101,455,127,897,1024,False,,0,effectively rejected
135,14,3,0,3,False,0.0432,0.0,1024,392,632,1024,False,,0,effectively accepted
136,0,0,0,0,False,0.069,0.0,1024,749,275,1024,True,accept,0,effectively accepted
136,1,1,1,0,True,-80.9856,-80.9856,749,113,911,1024,True,reject,0,effectively rejected
136,4,2,1,1,False,-17.7677,-17.7677,749,412,612,1024,True,reject,0,effectively rejected
136,9,3,2,1,True,-0.3814,-0.3814,412,370,654,1024,False,,0,genuinely stochastic
136,20,4,2,2,False,-94.8618,-94.8618,412,274,750,1024,False,,0,effectively rejected
136,10,3,1,2,False,-0.3182,-0.3182,749,526,498,1024,True,reject,0,genuinely stochastic
136,21,4,2,2,True,-19.2244,-19.2244,526,169,855,1024,False,,0,effectively rejected
136,22,4,1,3,False,0.9443,0.0,749,545,479,1024,True,accept,0,effectively accepted
136,2,1,0,1,False,-76.4455,-76.4455,1024,192,832,1024,False,,0,effectively rejected
136,6,2,0,2,False,-0.613,-0.613,1024,639,385,1024,False,,0,genuinely stochastic
136,14,3,0,3,False,-0.3908,-0.3908,1024,1012,12,1024,False,,0,genuinely stochastic
136,29,4,1,3,True,6.4831,0.0,1012,154,870,1024,False,,0,effectively accepted
136,30,4,0,4,False,-74.769,-74.769,1024,1,1023,1024,False,,0,effectively rejected
137,0,0,0,0,False,0.3439,0.0,1024,1018,6,1024,True,accept,0,effectively accepted
137,1,1,1,0,True,0.1097,0.0,1018,598,426,1024,True,accept,0,effectively accepted
137,3,2,2,0,True,-4.3018,-4.3018,598,77,947,1024,True,reject,0,genuinely stochastic
137,4,2,1,1,False,0.2569,0.0,1018,904,120,1024,False,,0,effectively accepted
137,9,3,2,1,True,-84.4572,-84.4572,904,272,752,1024,False,,0,effectively rejected
137,19,4,3,1,True,-43.6813,-43.6813,272,78,946,1024,False,,0,effectively rejected
137,20,4,2,2,False,0.9358,0.0,904,611,413,1024,False,,0,effectively accepted
137,41,5,3,2,True,1.3222,0.0,611,428,596,1024,False,,0,effectively accepted
137,83,6,4,2,True,-41.0846,-41.0846,428,59,965,1024,False,,0,effectively rejected
137,10,3,1,2,False,-0.8332,-0.8332,1018,650,374,1024,False,,0,genuinely stochastic
137,21,4,2,2,True,-78.4788,-78.4788,650,61,963,1024,False,,0,effectively rejected
137,2,1,0,1,False,0.0432,0.0,1024,811,213,1024,False,,0,effectively accepted
137,5,2,1,1,True,-82.3848,-82.3848,811,280,744,1024,False,,0,effectively rejected
137,12,3,1,2,False,-0.5566,-0.5566,811,757,267,1024,False,,0,genuinely stochastic
137,25,4,2,2,True,-0.5115,-0.5115,757,303,721,1024,False,,0,genuinely stochastic
137,51,5,3,2,True,0.6955,0.0,303,232,792,1024,False,,0,effectively accepted
137,6,2,0,2,False,-0.002,-0.002,1024,851,173,1024,False,,0,effectively accepted
137,13,3,1,2,True,-0.9616,-0.9616,851,561,463,1024,False,,0,genuinely stochastic
138,0,0,0,0,False,-1.254,-1.254,1024,744,280,1024,True,reject,0,genuinely stochastic
138,1,1,1,0,True,-18.8396,-18.8396,744,402,622,1024,False,,0,effectively rejected
138,3,2,2,0,True,-0.9309,-0.9309,402,313,711,1024,False,,0,genuinely stochastic
138,7,3,3,0,True,-44.5695,-44.5695,313,195,829,1024,False,,0,effectively rejected
138,4,2,1,1,False,-0.6199,-0.6199,744,471,553,1024,False,,0,genuinely stochastic
138,10,3,1,2,False,0.1015,0.0,744,608,416,1024,False,,0,effectively accepted
138,2,1,0,1,False,-0.0003,-0.0003,1024,781,243,1024,True,accept,0,effectively accepted
138,5,2,1,1,True,-0.4053,-0.4053,781,748,276,1024,True,reject,0,genuinely stochastic
138,11,3,2,1,True,-20.0438,-20.0438,748,546,478,1024,False,,0,effectively rejected
138,23,4,3,1,True,-1.1359,-1.1359,546,179,845,1024,False,,0,genuinely stochastic
138,6,2,0,2,False,2.3105,0.0,1024,462,562,1024,False,,0,effectively accepted
138,14,3,0,3,False,-2.3756,-2.3756,1024,306,718,1024,False,,0,genuinely stochastic
139,0,0,0,0,False,1.1786,0.0,1024,501,523,1024,True,accept,0,effectively accepted
139,1,1,1,0,True,-1.4904,-1.4904,501,97,927,1024,True,accept,0,genuinely stochastic
139,4,2,1,1,False,-39.7662,-39.7662,501,272,752,1024,False,,0,effectively rejected
139,9,3,2,1,True,-62.0022,-62.0022,272,171,853,1024,False,,0,effectively rejected
139,2,1,0,1,False,0.118,0.0,1024,1001,23,1024,False,,0,effectively accepted
139,6,2,0,2,False,-18.145,-18.145,1024,594,430,1024,False,,0,effectively rejected
139,14,3,0,3,False,-50.9192,-50.9192,1024,16,1008,1024,False,,0,effectively rejected
139,30,4,0,4,False,-52.5537,-52.5537,1024,247,777,1024,False,,0,effectively rejected
140,0,0,0,0,False,0.1076,0.0,1024,494,530,1024,True,accept,0,effectively accepted
140,1,1,1,0,True,-76.5853,-76.5853,494,203,821,1024,True,reject,0,effectively rejected
140,2,1,0,1,False,-0.0345,-0.0345,1024,782,242,1024,False,,0,genuinely stochastic
140,5,2,1,1,True,-0.6467,-0.6467,782,664,360,1024,False,,0,genuinely stochastic
140,11,3,2,1,True,2.1311,0.0,664,357,667,1024,False,,0,effectively accepted
140,23,4,3,1,True,-78.9685,-78.9685,357,43,981,1024,False,,0,effectively rejected
140,48,5,3,2,False,-14.3627,-14.3627,357,351,673,1024,False,,0,effectively rejected
140,12,3,1,2,False,-1.309,-1.309,782,5,1019,1024,False,,0,genuinely stochastic
140,6,2,0,2,False,-1.1848,-1.1848,1024,756,268,1024,False,,0,genuinely stochastic
140,13,3,1,2,True,-45.7047,-45.7047,756,112,912,1024,False,,0,effectively rejected
140,28,4,1,3,False,0.2708,0.0,756,431,593,1024,False,,0,effectively accepted
140,58,5,1,4,False,-78.2645,-78.2645,756,290,734,1024,False,,0,effectively rejected
140,14,3,0,3,False,-14.1475,-14.1475,1024,344,680,1024,False,,0,effectively rejected
140,30,4,0,4,False,2.5091,0.0,1024,404,620,1024,False,,0,effectively accepted
140,61,5,1,4,True,-0.0045,-0.0045,404,117,907,1024,False,,0,effectively accepted
141,0,0,0,0,False,0.5477,0.0,1024,926,98,1024,True,accept,0,effectively accepted
141,1,1,1,0,True,-1.2224,-1.2224,926,458,566,1024,True,reject,0,genuinely stochastic
141,3,2,2,0,True,3.1411,0.0,458,15,1009,1024,False,,0,effectively accepted
141,8,3,2,1,False,-0.6731,-0.6731,458,149,875,1024,False,,0,genuinely stochastic
141,4,2,1,1,False,1.2106,0.0,926,900,124,1024,True,accept,0,effectively accepted
141,9,3,2,1,True,1.4869,0.0,900,821,203,1024,True,accept,0,effectively accepted
141,19,4,3,1,True,2.8647,0.0,821,446,578,1024,True,accept,0,effectively accepted
141,39,5,4,1,True,-89.0622,-89.0622,446,38,986,1024,True,reject,0,effectively rejected
141,40,5,3,2,False,-81.521,-81.521,821,188,836,1024,False,,0,effectively rejected
141,20,4,2,2,False,-78.8539,-78.8539,900,212,812,1024,False,,0,effectively rejected
141,41,5,3,2,True,-79.21,-79.21,212,174,850,1024,False,,0,effectively rejected
141,83,6,4,2,True,-81.8239,-81.8239,174,109,915,1024,False,,0,effectively rejected
141,10,3,1,2,False,1.5491,0.0,926,844,180,1024,False,,0,effectively accepted
141,21,4,2,2,True,-3.6094,-3.6094,844,214,810,1024,False,,0,genuinely stochastic
141,2,1,0,1,False,-19.0852,-19.0852,1024,557,467,1024,False,,0,effectively rejected
141,6,2,0,2,False,-0.245,-0.245,1024,368,656,1024,False,,0,genuinely stochastic
141,14,3,0,3,False,1.3583,0.0,1024,984,40,1024,False,,0,effectively accepted
142,0,0,0,0,False,-76.8451,-76.8451,1024,39,985,1024,True,reject,0,effectively rejected
142,2,1,0,1,False,-58.6316,-58.6316,1024,52,972,1024,True,reject,0,effectively rejected
142,6,2,0,2,False,0.7331,0.0,1024,703,321,1024,True,accept,0,effectively accepted
142,13,3,1,2,True,-1.1393,-1.1393,703,579,445,1024,True,reject,0,genuinely stochastic
142,28,4,1,3,False,0.5654,0.0,703,684,340,1024,True,accept,0,effectively accepted
142,14,3,0,3,False,-1.2718,-1.2718,1024,89,935,1024,False,,0,genuinely stochastic
142,30,4,0,4,False,0.499,0.0,1024,897,127,1024,False,,0,effectively accepted
142,61,5,1,4,True,-6.9257,-6.9257,897,55,969,1024,False,,0,effectively rejected
142,124,6,1,5,False,-6.1995,-6.1995,897,200,824,1024,False,,0,effectively rejected
142,62,5,0,5,False,0.8937,0.0,1024,964,60,1024,False,,0,effectively accepted
142,125,6,1,5,True,-77.7515,-77.7515,964,24,1000,1024,False,,0,effectively rejected
142,126,6,0,6,False,1.5943,0.0,1024,747,277,1024,False,,0,effectively accepted
143,0,0,0,0,False,-44.3843,-44.3843,1024,236,788,1024,True,reject,0,effectively rejected
143,2,1,0,1,False,-2.7423,-2.7423,1024,361,663,1024,True,reject,0,genuinely stochastic
143,5,2,1,1,True,-26.0354,-26.0354,361,254,770,1024,False,,0,effectively rejected
143,12,3,1,2,False,-5.0474,-5.0474,361,79,945,1024,False,,0,effectively rejected
143,26,4,1,3,False,-47.3325,-47.3325,361,137,887,1024,False,,0,effectively rejected
143,54,5,1,4,False,-79.0903,-79.0903,361,130,894,1024,False,,0,effectively rejected
143,109,6,2,4,True,-58.4643,-58.4643,130,18,1006,1024,False,,0,effectively rejected
143,6,2,0,2,False,-1.7224,-1.7224,1024,500,524,1024,True,accept,0,genuinely stochastic
143,13,3,1,2,True,-4.3532,-4.3532,500,78,946,1024,True,reject,0,genuinely stochastic
143,28,4,1,3,False,-8.7782,-8.7782,500,27,997,1024,True,reject,0,effectively rejected
143,14,3,0,3,False,-18.5541,-18.5541,1024,143,881,1024,False,,0,effectively rejected
143,30,4,0,4,False,0.3,0.0,1024,801,223,1024,False,,0,effectively accepted
143,62,5,0,5,False,-1.0372,-1.0372,1024,648,376,1024,False,,0,genuinely stochastic
144,0,0,0,0,False,-0.5825,-0.5825,1024,672,352,1024,True,accept,0,genuinely stochastic
144,1,1,1,0,True,0.5865,0.0,672,389,635,1024,True,accept,0,effectively accepted
144,4,2,1,1,False,-55.3437,-55.3437,672,13,1011,1024,False,,0,effectively rejected
144,2,1,0,1,False,-18.3803,-18.3803,1024,440,584,1024,False,,0,effectively rejected
144,6,2,0,2,False,-81.2414,-81.2414,1024,21,1003,1024,False,,0,effectively rejected
144,14,3,0,3,False,-40.2751,-40.2751,1024,271,753,1024,False,,0,effectively rejected
144,30,4,0,4,False,-17.7228,-17.7228,1024,428,596,1024,False,,0,effectively rejected
145,0,0,0,0,False,0.8527,0.0,1024,919,105,1024,True,accept,0,effectively accepted
145,1,1,1,0,True,-103.478,-103.478,919,78,946,1024,True,reject,0,effectively rejected
145,4,2,1,1,False,-2.8428,-2.8428,919,368,656,1024,True,reject,0,genuinely stochastic
145,10,3,1,2,False,-1.3099,-1.3099,919,432,592,1024,True,accept,0,genuinely stochastic
145,22,4,1,3,False,-0.2613,-0.2613,919,909,115,1024,False,,0,genuinely stochastic
145,45,5,2,3,True,0.0408,0.0,909,795,229,1024,False,,0,effectively accepted
145,2,1,0,1,False,-21.0324,-21.0324,1024,514,510,1024,False,,0,effectively rejected
145,5,2,1,1,True,1.7118,0.0,514,312,712,1024,False,,0,effectively accepted
145,6,2,0,2,False,0.5383,0.0,1024,934,90,1024,False,,0,effectively accepted
145,13,3,1,2,True,-77.6754,-77.6754,934,251,773,1024,False,,0,effectively rejected
145,27,4,2,2,True,-76.6088,-76.6088,251,115,909,1024,False,,0,effectively rejected
145,55,5,3,2,True,-47.416,-47.416,115,21,1003,1024,False,,0,effectively rejected
145,28,4,1,3,False,0.0408,0.0,934,795,229,1024,False,,0,effectively accepted
145,14,3,0,3,False,0.8036,0.0,1024,968,56,1024,False,,0,effectively accepted
145,29,4,1,3,True,-45.241,-45.241,968,265,759,1024,False,,0,effectively rejected
146,0,0,0,0,False,-0.3409,-0.3409,1024,955,69,1024,True,reject,0,genuinely stochastic
146,1,1,1,0,True,-89.5925,-89.5925,955,216,808,1024,False,,0,effectively rejected
146,4,2,1,1,False,-0.1784,-0.1784,955,722,302,1024,False,,0,genuinely stochastic
146,2,1,0,1,False,-0.4455,-0.4455,1024,866,158,1024,True,accept,0,genuinely stochastic
146,5,2,1,1,True,-18.7184,-18.7184,866,29,995,1024,True,reject,0,effectively rejected
146,6,2,0,2,False,-56.159,-56.159,1024,0,1024,1024,False,,0,effectively rejected
147,0,0,0,0,False,0.0,0.0,1024,165,859,1024,True,accept,0,effectively accepted
147,2,1,0,1,False,-48.7456,-48.7456,1024,148,876,1024,False,,0,effectively rejected
147,6,2,0,2,False,5.1504,0.0,1024,217,807,1024,False,,0,effectively accepted
147,14,3,0,3,False,-25.8203,-25.8203,1024,619,405,1024,False,,0,effectively rejected
147,29,4,1,3,True,-46.6932,-46.6932,619,199,825,1024,False,,0,effectively rejected
147,60,5,1,4,False,5.592,0.0,619,56,968,1024,False,,0,effectively accepted
147,122,6,1,5,False,16.4841,0.0,619,231,793,1024,False,,0,effectively accepted
147,30,4,0,4,False,13.7792,0.0,1024,551,473,1024,False,,0,effectively accepted
147,62,5,0,5,False,0.5152,0.0,1024,707,317,1024,False,,0,effectively accepted
147,125,6,1,5,True,6.1858,0.0,707,3,1021,1024,False,,0,effectively accepted
147,126,6,0,6,False,-0.0021,-0.0021,1024,846,178,1024,False,,0,effectively accepted
148,0,0,0,0,False,5.805,0.0,1024,370,654,1024,True,accept,0,effectively accepted
148,1,1,1,0,True,-33.6996,-33.6996,370,94,930,1024,True,reject,0,effectively rejected
148,2,1,0,1,False,-0.0,0.0,1024,1004,20,1024,False,,0,effectively accepted
148,5,2,1,1,True,-0.0237,-0.0237,1004,840,184,1024,False,,0,genuinely stochastic
148,12,3,1,2,False,4.1771,0.0,1004,150,874,1024,False,,0,effectively accepted
148,26,4,1,3,False,-2.4872,-2.4872,1004,600,424,1024,False,,0,genuinely stochastic
148,54,5,1,4,False,-0.0002,-0.0002,1004,952,72,1024,False,,0,effectively accepted
148,6,2,0,2,False,-74.0247,-74.0247,1024,478,546,1024,False,,0,effectively rejected
148,14,3,0,3,False,0.3433,0.0,1024,790,234,1024,False,,0,effectively accepted
148,29,4,1,3,True,14.1157,0.0,790,490,534,1024,False,,0,effectively accepted
148,59,5,2,3,True,5.6554,0.0,490,98,926,1024,False,,0,effectively accepted
148,30,4,0,4,False,-0.0237,-0.0237,1024,812,212,1024,False,,0,genuinely stochastic
149,0,0,0,0,False,1.8712,0.0,1024,790,234,1024,True,accept,0,effectively accepted
149,1,1,1,0,True,0.0,0.0,790,370,654,1024,True,accept,0,effectively accepted
149,3,2,2,0,True,-57.2575,-57.2575,370,198,826,1024,True,reject,0,effectively rejected
149,8,3,2,1,False,9.387,0.0,370,151,873,1024,True,accept,0,effectively accepted
149,4,2,1,1,False,2.6256,0.0,790,301,723,1024,False,,0,effectively accepted
149,9,3,2,1,True,-54.5567,-54.5567,301,159,865,1024,False,,0,effectively rejected
149,10,3,1,2,False,-1.4469,-1.4469,790,707,317,1024,False,,0,genuinely stochastic
149,22,4,1,3,False,-0.1974,-0.1974,790,360,664,1024,False,,0,genuinely stochastic
149,45,5,2,3,True,2.2131,0.0,360,358,666,1024,False,,0,effectively accepted
149,2,1,0,1,False,-66.0972,-66.0972,1024,125,899,1024,False,,0,effectively rejected
149,6,2,0,2,False,2.7736,0.0,1024,638,386,1024,False,,0,effectively accepted
149,14,3,0,3,False,3.3424,0.0,1024,631,393,1024,False,,0,effectively accepted
150,0,0,0,0,False,0.0,0.0,1024,902,122,1024,True,accept,0,effectively accepted
150,1,1,1,0,True,-10.5503,-10.5503,902,445,579,1024,True,reject,0,effectively rejected
150,4,2,1,1,False,-9.8008,-9.8008,902,79,945,1024,True,reject,0,effectively rejected
150,10,3,1,2,False,0.3942,0.0,902,670,354,1024,True,accept,0,effectively accepted
150,21,4,2,2,True,-10.9387,-10.9387,670,365,659,1024,True,reject,0,effectively rejected
150,44,5,2,3,False,-9.1292,-9.1292,670,218,806,1024,True,reject,0,effectively rejected
150,22,4,1,3,False,0.3609,0.0,902,652,372,1024,False,,0,effectively accepted
150,45,5,2,3,True,-35.5976,-35.5976,652,207,817,1024,False,,0,effectively rejected
150,46,5,1,4,False,0.3334,0.0,902,697,327,1024,False,,0,effectively accepted
150,2,1,0,1,False,-11.1972,-11.1972,1024,305,719,1024,False,,0,effectively rejected
150,6,2,0,2,False,-11.5049,-11.5049,1024,30,994,1024,False,,0,effectively rejected
150,14,3,0,3,False,-0.0132,-0.0132,1024,987,37,1024,False,,0,genuinely stochastic
150,29,4,1,3,True,2.5365,0.0,987,601,423,1024,False,,0,effectively accepted
150,30,4,0,4,False,-10.4132,-10.4132,1024,416,608,1024,False,,0,effectively rejected
151,0,0,0,0,False,-16.1201,-16.1201,1024,328,696,1024,True,reject,0,effectively rejected
151,2,1,0,1,False,-12.2105,-12.2105,1024,382,642,1024,True,reject,0,effectively rejected
151,6,2,0,2,False,-7.3755,-7.3755,1024,126,898,1024,True,reject,0,effectively rejected
151,14,3,0,3,False,-63.9644,-63.9644,1024,8,1016,1024,True,reject,0,effectively rejected
151,30,4,0,4,False,-7.6302,-7.6302,1024,120,904,1024,True,reject,0,effectively rejected
151,62,5,0,5,False,-6.123,-6.123,1024,208,816,1024,True,reject,0,effectively rejected
152,0,0,0,0,False,-9.648,-9.648,1024,175,849,1024,True,reject,0,effectively rejected
152,2,1,0,1,False,-0.3946,-0.3946,1024,715,309,1024,True,accept,0,genuinely stochastic
152,5,2,1,1,True,3.984,0.0,715,504,520,1024,True,accept,0,effectively accepted
152,12,3,1,2,False,-63.7495,-63.7495,715,290,734,1024,False,,0,effectively rejected
152,6,2,0,2,False,-0.0132,-0.0132,1024,877,147,1024,False,,0,genuinely stochastic
152,13,3,1,2,True,-10.8198,-10.8198,877,270,754,1024,False,,0,effectively rejected
152,14,3,0,3,False,-0.0021,-0.0021,1024,897,127,1024,False,,0,effectively accepted
152,29,4,1,3,True,0.4438,0.0,897,609,415,1024,False,,0,effectively accepted
152,30,4,0,4,False,-0.015,-0.015,1024,873,151,1024,False,,0,genuinely stochastic
152,61,5,1,4,True,1.3954,0.0,873,644,380,1024,False,,0,effectively accepted
152,123,6,2,4,True,-77.9457,-77.9457,644,252,772,1024,False,,0,effectively rejected
152,247,7,3,4,True,-60.291,-60.291,252,71,953,1024,False,,0,effectively rejected
152,62,5,0,5,False,0.9085,0.0,1024,526,498,1024,False,,0,effectively accepted
153,0,0,0,0,False,-7.5635,-7.5635,1024,603,421,1024,True,reject,0,effectively rejected
153,2,1,0,1,False,-0.0,0.0,1024,838,186,1024,True,accept,0,effectively accepted
153,5,2,1,1,True,0.0178,0.0,838,615,409,1024,True,accept,0,effectively accepted
153,11,3,2,1,True,-70.2494,-70.2494,615,46,978,1024,True,reject,0,effectively rejected
153,12,3,1,2,False,-6.0176,-6.0176,838,594,430,1024,False,,0,effectively rejected
153,26,4,1,3,False,-12.1282,-12.1282,838,368,656,1024,False,,0,effectively rejected
153,53,5,2,3,True,-14.7253,-14.7253,368,273,751,1024,False,,0,effectively rejected
153,6,2,0,2,False,-7.82,-7.82,1024,693,331,1024,False,,0,effectively rejected
153,13,3,1,2,True,-14.8745,-14.8745,693,199,825,1024,False,,0,effectively rejected
153,28,4,1,3,False,-11.2885,-11.2885,693,292,732,1024,False,,0,effectively rejected
153,14,3,0,3,False,-7.823,-7.823,1024,690,334,1024,False,,0,effectively rejected
153,29,4,1,3,True,-7.5813,-7.5813,690,511,513,1024,False,,0,effectively rejected
154,0,0,0,0,False,1.4502,0.0,1024,747,277,1024,True,accept,0,effectively accepted
154,1,1,1,0,True,0.0323,0.0,747,734,290,1024,True,accept,0,effectively accepted
154,3,2,2,0,True,-16.366,-16.366,734,398,626,1024,True,reject,0,effectively rejected
154,7,3,3,0,True,-53.4498,-53.4498,398,96,928,1024,False,,0,effectively rejected
154,8,3,2,1,False,-13.7693,-13.7693,734,30,994,1024,True,reject,0,effectively rejected
154,18,4,2,2,False,-13.4914,-13.4914,734,426,598,1024,True,reject,0,effectively rejected
154,4,2,1,1,False,-7.8263,-7.8263,747,658,366,1024,False,,0,effectively rejected
154,9,3,2,1,True,-27.8727,-27.8727,658,472,552,1024,False,,0,effectively rejected
154,19,4,3,1,True,-72.0778,-72.0778,472,9,1015,1024,False,,0,effectively rejected
154,40,5,3,2,False,-17.26,-17.26,472,127,897,1024,False,,0,effectively rejected
154,2,1,0,1,False,-0.0034,-0.0034,1024,972,52,1024,False,,0,effectively accepted
154,5,2,1,1,True,-15.9591,-15.9591,972,350,674,1024,False,,0,effectively rejected
154,12,3,1,2,False,-18.057,-18.057,972,88,936,1024,False,,0,effectively rejected
154,6,2,0,2,False,-0.0034,-0.0034,1024,875,149,1024,False,,0,effectively accepted
154,13,3,1,2,True,-17.6393,-17.6393,875,132,892,1024,False,,0,effectively rejected
155,0,0,0,0,False,0.2506,0.0,1024,539,485,1024,True,accept,0,effectively accepted
155,1,1,1,0,True,-16.9533,-16.9533,539,411,613,1024,True,reject,0,effectively rejected
155,3,2,2,0,True,-17.561,-17.561,411,92,932,1024,False,,0,effectively rejected
155,8,3,2,1,False,-17.1311,-17.1311,411,370,654,1024,False,,0,effectively rejected
155,4,2,1,1,False,-13.4301,-13.4301,539,285,739,1024,True,reject,0,effectively rejected
155,2,1,0,1,False,-84.505,-84.505,1024,118,906,1024,False,,0,effectively rejected
155,6,2,0,2,False,0.0165,0.0,1024,840,184,1024,False,,0,effectively accepted
155,13,3,1,2,True,-11.6743,-11.6743,840,353,671,1024,False,,0,effectively rejected
155,28,4,1,3,False,-64.1079,-64.1079,840,192,832,1024,False,,0,effectively rejected
155,57,5,2,3,True,-68.9757,-68.9757,192,47,977,1024,False,,0,effectively rejected
155,14,3,0,3,False,-61.2341,-61.2341,1024,61,963,1024,False,,0,effectively rejected
155,30,4,0,4,False,-8.4159,-8.4159,1024,601,423,1024,False,,0,effectively rejected
156,0,0,0,0,False,-62.6622,-62.6622,1024,80,944,1024,True,reject,0,effectively rejected
156,2,1,0,1,False,-6.6866,-6.6866,1024,604,420,1024,True,reject,0,effectively rejected
156,5,2,1,1,True,-83.8403,-83.8403,604,17,1007,1024,False,,0,effectively rejected
156,12,3,1,2,False,-14.9516,-14.9516,604,420,604,1024,False,,0,effectively rejected
156,6,2,0,2,False,-19.062,-19.062,1024,455,569,1024,True,reject,0,effectively rejected
156,13,3,1,2,True,-19.1105,-19.1105,455,336,688,1024,False,,0,effectively rejected
156,14,3,0,3,False,-4.8952,-4.8952,1024,469,555,1024,True,reject,0,effectively rejected
156,30,4,0,4,False,-16.1081,-16.1081,1024,16,1008,1024,True,reject,0,effectively rejected
156,62,5,0,5,False,-70.354,-70.354,1024,150,874,1024,True,reject,0,effectively rejected
156,126,6,0,6,False,0.0034,0.0,1024,880,144,1024,True,accept,0,effectively accepted
156,253,7,1,6,True,-11.8552,-11.8552,880,347,677,1024,True,reject,0,effectively rejected
156,254,7,0,7,False,-0.0049,-0.0049,1024,913,111,1024,False,,0,effectively accepted
157,0,0,0,0,False,1.4017,0.0,1024,744,280,1024,True,accept,0,effectively accepted
157,1,1,1,0,True,-19.8313,-19.8313,744,200,824,1024,True,reject,0,effectively rejected
157,4,2,1,1,False,-15.8991,-15.8991,744,396,628,1024,True,reject,0,effectively rejected
157,9,3,2,1,True,-67.7886,-67.7886,396,53,971,1024,False,,0,effectively rejected
157,10,3,1,2,False,-13.0715,-13.0715,744,391,633,1024,True,reject,0,effectively rejected
157,21,4,2,2,True,-16.3121,-16.3121,391,14,1010,1024,False,,0,effectively rejected
157,22,4,1,3,False,-11.3211,-11.3211,744,83,941,1024,True,reject,0,effectively rejected
157,46,5,1,4,False,-8.0632,-8.0632,744,566,458,1024,True,reject,0,effectively rejected
157,2,1,0,1,False,-13.0385,-13.0385,1024,126,898,1024,False,,0,effectively rejected
157,6,2,0,2,False,-15.7447,-15.7447,1024,436,588,1024,False,,0,effectively rejected
157,14,3,0,3,False,-13.5936,-13.5936,1024,314,710,1024,False,,0,effectively rejected
157,29,4,1,3,True,-67.8453,-67.8453,314,189,835,1024,False,,0,effectively rejected
157,30,4,0,4,False,-11.351,-11.351,1024,333,691,1024,False,,0,effectively rejected
158,0,0,0,0,False,-21.2409,-21.2409,1024,172,852,1024,True,reject,0,effectively rejected
158,1,1,1,0,True,-15.1876,-15.1876,172,77,947,1024,False,,0,effectively rejected
158,2,1,0,1,False,-0.0121,-0.0121,1024,823,201,1024,True,accept,0,genuinely stochastic
158,5,2,1,1,True,-82.1158,-82.1158,823,210,814,1024,True,reject,0,effectively rejected
158,12,3,1,2,False,-38.8066,-38.8066,823,31,993,1024,True,reject,0,effectively rejected
158,25,4,2,2,True,-12.899,-12.899,31,0,1024,1024,False,,0,effectively rejected
158,26,4,1,3,False,-17.0135,-17.0135,823,383,641,1024,True,reject,0,effectively rejected
158,53,5,2,3,True,-18.0068,-18.0068,383,255,769,1024,False,,0,effectively rejected
158,54,5,1,4,False,-7.4551,-7.4551,823,638,386,1024,True,reject,0,effectively rejected
158,6,2,0,2,False,-0.0004,-0.0004,1024,964,60,1024,False,,0,effectively accepted
158,13,3,1,2,True,-0.071,-0.071,964,718,306,1024,False,,0,genuinely stochastic
158,28,4,1,3,False,-1.4195,-1.4195,964,751,273,1024,False,,0,genuinely stochastic
158,57,5,2,3,True,-9.8271,-9.8271,751,475,549,1024,False,,0,effectively rejected
158,14,3,0,3,False,-9.8593,-9.8593,1024,64,960,1024,False,,0,effectively rejected
158,30,4,0,4,False,0.0,0.0,1024,949,75,1024,False,,0,effectively accepted
159,0,0,0,0,False,-0.0004,-0.0004,1024,941,83,1024,True,accept,0,effectively accepted
159,1,1,1,0,True,-7.8873,-7.8873,941,686,338,1024,True,reject,0,effectively rejected
159,4,2,1,1,False,-19.6458,-19.6458,941,58,966,1024,True,reject,0,effectively rejected
159,10,3,1,2,False,-1.4491,-1.4491,941,744,280,1024,True,reject,0,genuinely stochastic
159,21,4,2,2,True,-17.5227,-17.5227,744,391,633,1024,False,,0,effectively rejected
159,22,4,1,3,False,-20.3817,-20.3817,941,52,972,1024,True,reject,0,effectively rejected
159,2,1,0,1,False,-14.9717,-14.9717,1024,409,615,1024,False,,0,effectively rejected
159,6,2,0,2,False,-1.3928,-1.3928,1024,760,264,1024,False,,0,genuinely stochastic
159,13,3,1,2,True,0.0329,0.0,760,743,281,1024,False,,0,effectively accepted
159,27,4,2,2,True,-16.6563,-16.6563,743,264,760,1024,False,,0,effectively rejected
159,56,5,2,3,False,-10.1201,-10.1201,743,491,533,1024,False,,0,effectively rejected
159,28,4,1,3,False,-9.344,-9.344,760,697,327,1024,False,,0,effectively rejected
159,57,5,2,3,True,-17.6485,-17.6485,697,253,771,1024,False,,0,effectively rejected
159,115,6,3,3,True,-15.8799,-15.8799,253,99,925,1024,False,,0,effectively rejected
159,14,3,0,3,False,-71.3706,-71.3706,1024,118,906,1024,False,,0,effectively rejected
160,0,0,0,0,False,-20.2886,-20.2886,1024,84,940,1024,True,reject,0,effectively rejected
160,1,1,1,0,True,-62.0937,-62.0937,84,55,969,1024,False,,0,effectively rejected
160,2,1,0,1,False,-68.973,-68.973,1024,186,838,1024,True,reject,0,effectively rejected
160,6,2,0,2,False,-13.2324,-13.2324,1024,230,794,1024,True,reject,0,effectively rejected
160,13,3,1,2,True,-32.0189,-32.0189,230,166,858,1024,False,,0,effectively rejected
160,14,3,0,3,False,-7.8132,-7.8132,1024,622,402,1024,True,reject,0,effectively rejected
160,29,4,1,3,True,-14.2141,-14.2141,622,369,655,1024,False,,0,effectively rejected
160,30,4,0,4,False,-11.6736,-11.6736,1024,1,1023,1024,True,reject,0,effectively rejected
160,62,5,0,5,False,-9.0225,-9.0225,1024,638,386,1024,True,reject,0,effectively rejected
160,125,6,1,5,True,-14.6301,-14.6301,638,355,669,1024,False,,0,effectively rejected
160,252,7,1,6,False,-14.7515,-14.7515,638,309,715,1024,False,,0,effectively rejected
160,126,6,0,6,False,0.0121,0.0,1024,814,210,1024,True,accept,0,effectively accepted
160,253,7,1,6,True,-9.3426,-9.3426,814,544,480,1024,True,reject,0,effectively rejected
160,507,8,2,6,True,-16.6115,-16.6115,544,137,887,1024,False,,0,effectively rejected
160,1015,9,3,6,True,-17.3227,-17.3227,137,2,1022,1024,False,,0,effectively rejected
161,0,0,0,0,False,-20.6395,-20.6395,1024,4,1020,1024,True,reject,0,effectively rejected
161,2,1,0,1,False,-63.729,-63.729,1024,281,743,1024,True,reject,0,effectively rejected
161,6,2,0,2,False,-16.7084,-16.7084,1024,192,832,1024,True,reject,0,effectively rejected
161,14,3,0,3,False,0.0004,0.0,1024,888,136,1024,True,accept,0,effectively accepted
161,29,4,1,3,True,-1.3233,-1.3233,888,633,391,1024,True,reject,0,genuinely stochastic
161,60,5,1,4,False,-18.7025,-18.7025,888,234,790,1024,True,reject,0,effectively rejected
161,122,6,1,5,False,-80.2392,-80.2392,888,166,858,1024,True,reject,0,effectively rejected
161,246,7,1,6,False,-14.6431,-14.6431,888,101,923,1024,True,reject,0,effectively rejected
161,30,4,0,4,False,-35.4581,-35.4581,1024,287,737,1024,False,,0,effectively rejected
161,61,5,1,4,True,-85.5517,-85.5517,287,242,782,1024,False,,0,effectively rejected
161,62,5,0,5,False,-46.1015,-46.1015,1024,54,970,1024,False,,0,effectively rejected
161,126,6,0,6,False,-16.4418,-16.4418,1024,84,940,1024,False,,0,effectively rejected
162,0,0,0,0,False,-7.8587,-7.8587,1024,593,431,1024,True,reject,0,effectively rejected
162,1,1,1,0,True,-20.3166,-20.3166,593,430,594,1024,False,,0,effectively rejected
162,3,2,2,0,True,-19.5438,-19.5438,430,365,659,1024,False,,0,effectively rejected
162,8,3,2,1,False,-75.7715,-75.7715,430,182,842,1024,False,,0,effectively rejected
162,18,4,2,2,False,-80.156,-80.156,430,234,790,1024,False,,0,effectively rejected
162,4,2,1,1,False,-14.9764,-14.9764,593,81,943,1024,False,,0,effectively rejected
162,9,3,2,1,True,-44.3616,-44.3616,81,6,1018,1024,False,,0,effectively rejected
162,2,1,0,1,False,-9.8788,-9.8788,1024,468,556,1024,True,reject,0,effectively rejected
162,6,2,0,2,False,-0.0004,-0.0004,1024,975,49,1024,True,accept,0,effectively accepted
162,13,3,1,2,True,-9.8955,-9.8955,975,580,444,1024,True,reject,0,effectively rejected
162,27,4,2,2,True,-8.9909,-8.9909,580,547,477,1024,False,,0,effectively rejected
162,55,5,3,2,True,-25.1322,-25.1322,547,327,697,1024,False,,0,effectively rejected
162,14,3,0,3,False,-7.8566,-7.8566,1024,549,475,1024,False,,0,effectively rejected
163,0,0,0,0,False,-44.601,-44.601,1024,20,1004,1024,True,reject,0,effectively rejected
163,2,1,0,1,False,-16.7155,-16.7155,1024,270,754,1024,True,reject,0,effectively rejected
163,5,2,1,1,True,-18.2162,-18.2162,270,108,916,1024,False,,0,effectively rejected
163,6,2,0,2,False,-9.2975,-9.2975,1024,702,322,1024,True,reject,0,effectively rejected
163,13,3,1,2,True,-16.1352,-16.1352,702,261,763,1024,False,,0,effectively rejected
163,14,3,0,3,False,-15.1687,-15.1687,1024,135,889,1024,True,reject,0,effectively rejected
163,30,4,0,4,False,0.0004,0.0,1024,897,127,1024,True,accept,0,effectively accepted
163,62,5,0,5,False,-15.2587,-15.2587,1024,342,682,1024,False,,0,effectively rejected
163,126,6,0,6,False,-9.2828,-9.2828,1024,677,347,1024,False,,0,effectively rejected
164,0,0,0,0,False,-20.2827,-20.2827,1024,476,548,1024,True,reject,0,effectively rejected
164,2,1,0,1,False,0.0,0.0,1024,979,45,1024,True,accept,0,effectively accepted
164,5,2,1,1,True,-9.1475,-9.1475,979,540,484,1024,True,reject,0,effectively rejected
164,11,3,2,1,True,-18.8693,-18.8693,540,113,911,1024,False,,0,effectively rejected
164,24,4,2,2,False,-15.279,-15.279,540,452,572,1024,False,,0,effectively rejected
164,49,5,3,2,True,-18.2217,-18.2217,452,361,663,1024,False,,0,effectively rejected
164,99,6,4,2,True,-19.4353,-19.4353,361,93,931,1024,False,,0,effectively rejected
164,12,3,1,2,False,-0.0004,-0.0004,979,978,46,1024,True,accept,0,effectively accepted
164,25,4,2,2,True,-57.429,-57.429,978,275,749,1024,True,reject,0,effectively rejected
164,26,4,1,3,False,-9.2991,-9.2991,979,696,328,1024,False,,0,effectively rejected
164,6,2,0,2,False,-0.0004,-0.0004,1024,980,44,1024,False,,0,effectively accepted
164,13,3,1,2,True,-9.2749,-9.2749,980,671,353,1024,False,,0,effectively rejected
164,27,4,2,2,True,-15.2998,-15.2998,671,439,585,1024,False,,0,effectively rejected
164,14,3,0,3,False,-0.0004,-0.0004,1024,1010,14,1024,False,,0,effectively accepted
165,0,0,0,0,False,-12.4385,-12.4385,1024,306,718,1024,True,reject,0,effectively rejected
165,2,1,0,1,False,-18.0519,-18.0519,1024,375,649,1024,True,reject,0,effectively rejected
165,6,2,0,2,False,-9.87,-9.87,1024,483,541,1024,True,reject,0,effectively rejected
165,13,3,1,2,True,-19.4768,-19.4768,483,87,937,1024,False,,0,effectively rejected
165,14,3,0,3,False,-82.6576,-82.6576,1024,74,950,1024,True,reject,0,effectively rejected
165,30,4,0,4,False,-17.3194,-17.3194,1024,372,652,1024,True,reject,0,effectively rejected
165,62,5,0,5,False,-11.7851,-11.7851,1024,283,741,1024,True,reject,0,effectively rejected
165,126,6,0,6,False,-14.2251,-14.2251,1024,428,596,1024,True,reject,0,effectively rejected
165,254,7,0,7,False,-26.5235,-26.5235,1024,452,572,1024,True,reject,0,effectively rejected
166,0,0,0,0,False,0.003,0.0,1024,859,165,1024,True,accept,0,effectively accepted
166,1,1,1,0,True,-39.6068,-39.6068,859,255,769,1024,True,reject,0,effectively rejected
166,4,2,1,1,False,-16.8868,-16.8868,859,53,971,1024,True,reject,0,effectively rejected
166,2,1,0,1,False,-17.3867,-17.3867,1024,313,711,1024,False,,0,effectively rejected
166,6,2,0,2,False,-81.3452,-81.3452,1024,145,879,1024,False,,0,effectively rejected
167,0,0,0,0,False,0.0,0.0,1024,54,970,1024,True,accept,0,effectively accepted
167,2,1,0,1,False,10.0035,0.0,1024,33,991,1024,False,,0,effectively accepted
167,6,2,0,2,False,76.1613,0.0,1024,97,927,1024,False,,0,effectively accepted
167,14,3,0,3,False,38.1525,0.0,1024,646,378,1024,False,,0,effectively accepted
167,29,4,1,3,True,-160.0116,-160.0116,646,90,934,1024,False,,0,effectively rejected
167,30,4,0,4,False,-1.5757,-1.5757,1024,771,253,1024,False,,0,genuinely stochastic
167,61,5,1,4,True,46.5822,0.0,771,401,623,1024,False,,0,effectively accepted
167,124,6,1,5,False,-1.0422,-1.0422,771,196,828,1024,False,,0,genuinely stochastic
167,249,7,2,5,True,-35.7488,-35.7488,196,44,980,1024,False,,0,effectively rejected
167,499,8,3,5,True,2.9622,0.0,44,2,1022,1024,False,,0,effectively accepted
167,250,7,1,6,False,9.1142,0.0,771,29,995,1024,False,,0,effectively accepted
167,62,5,0,5,False,38.8112,0.0,1024,198,826,1024,False,,0,effectively accepted
167,126,6,0,6,False,39.9223,0.0,1024,766,258,1024,False,,0,effectively accepted
168,0,0,0,0,False,63.2691,0.0,1024,75,949,1024,True,accept,0,effectively accepted
168,2,1,0,1,False,7.8908,0.0,1024,152,872,1024,False,,0,effectively accepted
168,6,2,0,2,False,43.0282,0.0,1024,653,371,1024,False,,0,effectively accepted
168,13,3,1,2,True,-161.1106,-161.1106,653,476,548,1024,False,,0,effectively rejected
168,28,4,1,3,False,45.5044,0.0,653,251,773,1024,False,,0,effectively accepted
168,14,3,0,3,False,-38.5468,-38.5468,1024,408,616,1024,False,,0,effectively rejected
168,30,4,0,4,False,-164.0876,-164.0876,1024,167,857,1024,False,,0,effectively rejected
168,62,5,0,5,False,-0.4422,-0.4422,1024,843,181,1024,False,,0,genuinely stochastic
168,126,6,0,6,False,13.7414,0.0,1024,83,941,1024,False,,0,effectively accepted
169,0,0,0,0,False,12.5396,0.0,1024,477,547,1024,True,accept,0,effectively accepted
169,1,1,1,0,True,-57.3069,-57.3069,477,248,776,1024,True,reject,0,effectively rejected
169,3,2,2,0,True,-29.3188,-29.3188,248,22,1002,1024,False,,0,effectively rejected
169,8,3,2,1,False,-8.71,-8.71,248,2,1022,1024,False,,0,effectively rejected
169,4,2,1,1,False,-6.5911,-6.5911,477,433,591,1024,True,reject,0,effectively rejected
169,10,3,1,2,False,-222.7329,-222.7329,477,16,1008,1024,True,reject,0,effectively rejected
169,22,4,1,3,False,-47.8145,-47.8145,477,75,949,1024,True,reject,0,effectively rejected
169,2,1,0,1,False,-50.6765,-50.6765,1024,686,338,1024,False,,0,effectively rejected
169,6,2,0,2,False,0.1521,0.0,1024,926,98,1024,False,,0,effectively accepted
169,13,3,1,2,True,8.6058,0.0,926,580,444,1024,False,,0,effectively accepted
169,27,4,2,2,True,2.4515,0.0,580,187,837,1024,False,,0,effectively accepted
169,28,4,1,3,False,-47.2066,-47.2066,926,636,388,1024,False,,0,effectively rejected
169,57,5,2,3,True,8.0056,0.0,636,388,636,1024,False,,0,effectively accepted
169,14,3,0,3,False,-50.5801,-50.5801,1024,347,677,1024,False,,0,effectively rejected
169,30,4,0,4,False,10.6975,0.0,1024,479,545,1024,False,,0,effectively accepted
170,0,0,0,0,False,-4.0312,-4.0312,1024,625,399,1024,True,reject,0,genuinely stochastic
170,1,1,1,0,True,-12.6101,-12.6101,625,192,832,1024,False,,0,effectively rejected
170,3,2,2,0,True,-37.4593,-37.4593,192,70,954,1024,False,,0,effectively rejected
170,2,1,0,1,False,-62.4591,-62.4591,1024,521,503,1024,True,reject,0,effectively rejected
170,6,2,0,2,False,-5.8097,-5.8097,1024,637,387,1024,True,reject,0,effectively rejected
170,14,3,0,3,False,-7.3574,-7.3574,1024,492,532,1024,True,reject,0,effectively rejected
170,30,4,0,4,False,-61.9751,-61.9751,1024,86,938,1024,True,reject,0,effectively rejected
171,0,0,0,0,False,-7.7358,-7.7358,1024,63,961,1024,True,reject,0,effectively rejected
171,2,1,0,1,False,-66.302,-66.302,1024,80,944,1024,True,reject,0,effectively rejected
171,6,2,0,2,False,-7.614,-7.614,1024,351,673,1024,True,reject,0,effectively rejected
171,13,3,1,2,True,-7.799,-7.799,351,30,994,1024,False,,0,effectively rejected
171,28,4,1,3,False,-62.6999,-62.6999,351,217,807,1024,False,,0,effectively rejected
171,14,3,0,3,False,-7.2114,-7.2114,1024,644,380,1024,True,reject,0,effectively rejected
171,29,4,1,3,True,-2.4269,-2.4269,644,560,464,1024,False,,0,genuinely stochastic
171,59,5,2,3,True,-8.5842,-8.5842,560,463,561,1024,False,,0,effectively rejected
171,60,5,1,4,False,-67.1103,-67.1103,644,158,866,1024,False,,0,effectively rejected
171,122,6,1,5,False,-4.0643,-4.0643,644,633,391,1024,False,,0,genuinely stochastic
171,30,4,0,4,False,-3.5678,-3.5678,1024,623,401,1024,True,reject,0,genuinely stochastic
171,61,5,1,4,True,-64.1294,-64.1294,623,194,830,1024,False,,0,effectively rejected
171,62,5,0,5,False,-4.2304,-4.2304,1024,347,677,1024,True,reject,0,genuinely stochastic
172,0,0,0,0,False,-75.8088,-75.8088,1024,27,997,1024,True,reject,0,effectively rejected
172,2,1,0,1,False,-2.4151,-2.4151,1024,389,635,1024,True,reject,0,genuinely stochastic
172,5,2,1,1,True,-65.8734,-65.8734,389,119,905,1024,False,,0,effectively rejected
172,6,2,0,2,False,-2.2553,-2.2553,1024,666,358,1024,True,reject,0,genuinely stochastic
172,14,3,0,3,False,-3.14,-3.14,1024,903,121,1024,True,reject,0,genuinely stochastic
172,29,4,1,3,True,-2.5436,-2.5436,903,703,321,1024,False,,0,genuinely stochastic
172,60,5,1,4,False,-7.1964,-7.1964,903,862,162,1024,False,,0,effectively rejected
172,30,4,0,4,False,-10.8919,-10.8919,1024,799,225,1024,True,reject,0,effectively rejected
172,61,5,1,4,True,-242.6381,-242.6381,799,31,993,1024,False,,0,effectively rejected
172,62,5,0,5,False,-4.5053,-4.5053,1024,921,103,1024,True,reject,0,genuinely stochastic
173,0,0,0,0,False,-63.6799,-63.6799,1024,736,288,1024,True,reject,0,effectively rejected
173,1,1,1,0,True,-4.4433,-4.4433,736,515,509,1024,False,,0,genuinely stochastic
173,4,2,1,1,False,-7.9407,-7.9407,736,354,670,1024,False,,0,effectively rejected
173,9,3,2,1,True,-3.0858,-3.0858,354,236,788,1024,False,,0,genuinely stochastic
173,10,3,1,2,False,-61.2518,-61.2518,736,217,807,1024,False,,0,effectively rejected
173,22,4,1,3,False,-3.0845,-3.0845,736,375,649,1024,False,,0,genuinely stochastic
173,2,1,0,1,False,-11.9033,-11.9033,1024,566,458,1024,True,reject,0,effectively rejected
173,6,2,0,2,False,1.363,0.0,1024,902,122,1024,True,accept,0,effectively accepted
173,13,3,1,2,True,-73.5346,-73.5346,902,90,934,1024,True,reject,0,effectively rejected
173,28,4,1,3,False,-6.3964,-6.3964,902,22,1002,1024,True,reject,0,effectively rejected
173,14,3,0,3,False,-0.063,-0.063,1024,418,606,1024,False,,0,genuinely stochastic
173,30,4,0,4,False,-2.7704,-2.7704,1024,720,304,1024,False,,0,genuinely stochastic
174,0,0,0,0,False,-1.371,-1.371,1024,981,43,1024,True,reject,0,genuinely stochastic
174,1,1,1,0,True,-9.7294,-9.7294,981,271,753,1024,False,,0,effectively rejected
174,4,2,1,1,False,-8.3182,-8.3182,981,816,208,1024,False,,0,effectively rejected
174,9,3,2,1,True,-67.4071,-67.4071,816,722,302,1024,False,,0,effectively rejected
174,19,4,3,1,True,-67.0418,-67.0418,722,262,762,1024,False,,0,effectively rejected
174,39,5,4,1,True,-13.1925,-13.1925,262,114,910,1024,False,,0,effectively rejected
174,40,5,3,2,False,-13.467,-13.467,722,238,786,1024,False,,0,effectively rejected
174,20,4,2,2,False,-251.9076,-251.9076,816,35,989,1024,False,,0,effectively rejected
174,42,5,2,3,False,-5.4357,-5.4357,816,395,629,1024,False,,0,effectively rejected
174,10,3,1,2,False,-11.1878,-11.1878,981,268,756,1024,False,,0,effectively rejected
174,22,4,1,3,False,-5.5212,-5.5212,981,746,278,1024,False,,0,effectively rejected
174,2,1,0,1,False,-63.2006,-63.2006,1024,501,523,1024,True,reject,0,effectively rejected
174,6,2,0,2,False,-65.1491,-65.1491,1024,216,808,1024,True,reject,0,effectively rejected
174,14,3,0,3,False,-251.9076,-251.9076,1024,35,989,1024,True,reject,0,effectively rejected
175,0,0,0,0,False,-7.8186,-7.8186,1024,317,707,1024,True,reject,0,effectively rejected
175,2,1,0,1,False,-4.3898,-4.3898,1024,386,638,1024,True,reject,0,genuinely stochastic
175,6,2,0,2,False,-65.3681,-65.3681,1024,710,314,1024,True,reject,0,effectively rejected
175,14,3,0,3,False,-65.6389,-65.6389,1024,421,603,1024,True,reject,0,effectively rejected
175,29,4,1,3,True,-7.1335,-7.1335,421,256,768,1024,False,,0,effectively rejected
175,60,5,1,4,False,-11.3012,-11.3012,421,122,902,1024,False,,0,effectively rejected
175,30,4,0,4,False,-4.1417,-4.1417,1024,226,798,1024,True,reject,0,genuinely stochastic
175,61,5,1,4,True,-14.1169,-14.1169,226,23,1001,1024,False,,0,effectively rejected
175,62,5,0,5,False,-12.7634,-12.7634,1024,793,231,1024,True,reject,0,effectively rejected
176,0,0,0,0,False,-5.3491,-5.3491,1024,919,105,1024,True,reject,0,effectively rejected
176,2,1,0,1,False,-12.5024,-12.5024,1024,553,471,1024,True,reject,0,effectively rejected
176,5,2,1,1,True,-40.4206,-40.4206,553,81,943,1024,False,,0,effectively rejected
176,12,3,1,2,False,-36.8488,-36.8488,553,25,999,1024,False,,0,effectively rejected
176,26,4,1,3,False,-6.2292,-6.2292,553,214,810,1024,False,,0,effectively rejected
176,54,5,1,4,False,-7.3229,-7.3229,553,137,887,1024,False,,0,effectively rejected
176,6,2,0,2,False,-10.9527,-10.9527,1024,425,599,1024,True,reject,0,effectively rejected
176,14,3,0,3,False,-0.0061,-0.0061,1024,993,31,1024,True,accept,0,effectively accepted
176,29,4,1,3,True,-9.3584,-9.3584,993,637,387,1024,True,reject,0,effectively rejected
176,30,4,0,4,False,-8.4106,-8.4106,1024,334,690,1024,False,,0,effectively rejected
177,0,0,0,0,False,-9.6947,-9.6947,1024,693,331,1024,True,reject,0,effectively rejected
177,1,1,1,0,True,-9.1987,-9.1987,693,534,490,1024,False,,0,effectively rejected
177,2,1,0,1,False,-5.2166,-5.2166,1024,91,933,1024,True,reject,0,effectively rejected
177,6,2,0,2,False,-9.7615,-9.7615,1024,602,422,1024,True,reject,0,effectively rejected
177,14,3,0,3,False,-10.1595,-10.1595,1024,803,221,1024,True,reject,0,effectively rejected
177,29,4,1,3,True,-10.8461,-10.8461,803,672,352,1024,False,,0,effectively rejected
177,59,5,2,3,True,-4.0132,-4.0132,672,671,353,1024,False,,0,genuinely stochastic
177,30,4,0,4,False,-63.6276,-63.6276,1024,416,608,1024,True,reject,0,effectively rejected
178,0,0,0,0,False,-5.1154,-5.1154,1024,951,73,1024,True,reject,0,effectively rejected
178,1,1,1,0,True,-7.7487,-7.7487,951,354,670,1024,False,,0,effectively rejected
178,4,2,1,1,False,-7.5065,-7.5065,951,856,168,1024,False,,0,effectively rejected
178,9,3,2,1,True,-7.8608,-7.8608,856,701,323,1024,False,,0,effectively rejected
178,19,4,3,1,True,-4.7905,-4.7905,701,188,836,1024,False,,0,effectively rejected
178,20,4,2,2,False,-4.3586,-4.3586,856,825,199,1024,False,,0,genuinely stochastic
178,41,5,3,2,True,-64.7394,-64.7394,825,519,505,1024,False,,0,effectively rejected
178,42,5,2,3,False,-5.0291,-5.0291,856,200,824,1024,False,,0,effectively rejected
178,10,3,1,2,False,-10.3834,-10.3834,951,424,600,1024,False,,0,effectively rejected
178,21,4,2,2,True,-112.2346,-112.2346,424,77,947,1024,False,,0,effectively rejected
178,22,4,1,3,False,-19.9595,-19.9595,951,648,376,1024,False,,0,effectively rejected
178,2,1,0,1,False,-66.4678,-66.4678,1024,108,916,1024,True,reject,0,effectively rejected
178,6,2,0,2,False,-65.7043,-65.7043,1024,175,849,1024,True,reject,0,effectively rejected
178,14,3,0,3,False,-6.63,-6.63,1024,234,790,1024,True,reject,0,effectively rejected
179,0,0,0,0,False,-77.1657,-77.1657,1024,27,997,1024,True,reject,0,effectively rejected
179,2,1,0,1,False,-70.2339,-70.2339,1024,149,875,1024,True,reject,0,effectively rejected
179,6,2,0,2,False,-12.3115,-12.3115,1024,568,456,1024,True,reject,0,effectively rejected
179,13,3,1,2,True,-67.2908,-67.2908,568,552,472,1024,False,,0,effectively rejected
179,27,4,2,2,True,-68.5233,-68.5233,552,210,814,1024,False,,0,effectively rejected
179,55,5,3,2,True,-24.502,-24.502,210,77,947,1024,False,,0,effectively rejected
179,112,6,3,3,False,-234.3523,-234.3523,210,84,940,1024,False,,0,effectively rejected
179,56,5,2,3,False,-7.2372,-7.2372,552,206,818,1024,False,,0,effectively rejected
179,113,6,3,3,True,-13.1867,-13.1867,206,51,973,1024,False,,0,effectively rejected
179,114,6,2,4,False,-3.7883,-3.7883,552,424,600,1024,False,,0,genuinely stochastic
179,229,7,3,4,True,-66.0067,-66.0067,424,166,858,1024,False,,0,effectively rejected
179,14,3,0,3,False,-7.5323,-7.5323,1024,848,176,1024,True,reject,0,effectively rejected
179,29,4,1,3,True,-64.063,-64.063,848,121,903,1024,False,,0,effectively rejected
179,60,5,1,4,False,-70.9814,-70.9814,848,185,839,1024,False,,0,effectively rejected
179,121,6,2,4,True,-63.5794,-63.5794,185,88,936,1024,False,,0,effectively rejected
179,30,4,0,4,False,-72.7069,-72.7069,1024,573,451,1024,True,reject,0,effectively rejected
179,62,5,0,5,False,-12.2932,-12.2932,1024,727,297,1024,True,reject,0,effectively rejected
180,0,0,0,0,False,-11.0066,-11.0066,1024,247,777,1024,True,reject,0,effectively rejected
180,2,1,0,1,False,-63.0958,-63.0958,1024,8,1016,1024,True,reject,0,effectively rejected
180,6,2,0,2,False,-114.6157,-114.6157,1024,71,953,1024,True,reject,0,effectively rejected
180,14,3,0,3,False,-10.392,-10.392,1024,638,386,1024,True,reject,0,effectively rejected
180,29,4,1,3,True,-6.9797,-6.9797,638,29,995,1024,False,,0,effectively rejected
180,60,5,1,4,False,-2.7126,-2.7126,638,125,899,1024,False,,0,genuinely stochastic
180,122,6,1,5,False,-74.7887,-74.7887,638,33,991,1024,False,,0,effectively rejected
180,246,7,1,6,False,-11.3416,-11.3416,638,49,975,1024,False,,0,effectively rejected
180,494,8,1,7,False,-6.3131,-6.3131,638,206,818,1024,False,,0,effectively rejected
180,30,4,0,4,False,-65.071,-65.071,1024,148,876,1024,True,reject,0,effectively rejected
180,62,5,0,5,False,-66.5088,-66.5088,1024,575,449,1024,True,reject,0,effectively rejected
180,126,6,0,6,False,-65.9947,-65.9947,1024,139,885,1024,True,reject,0,effectively rejected
180,254,7,0,7,False,-5.3541,-5.3541,1024,976,48,1024,True,reject,0,effectively rejected
180,509,8,1,7,True,-11.4799,-11.4799,976,362,662,1024,False,,0,effectively rejected
180,510,8,0,8,False,-7.3828,-7.3828,1024,851,173,1024,True,reject,0,effectively rejected
181,0,0,0,0,False,-2.7384,-2.7384,1024,499,525,1024,True,reject,0,genuinely stochastic
181,2,1,0,1,False,-6.317,-6.317,1024,421,603,1024,True,reject,0,effectively rejected
181,6,2,0,2,False,-6.5741,-6.5741,1024,640,384,1024,True,reject,0,effectively rejected
181,14,3,0,3,False,-4.0752,-4.0752,1024,149,875,1024,True,reject,0,genuinely stochastic
181,29,4,1,3,True,-64.8389,-64.8389,149,71,953,1024,False,,0,effectively rejected
181,30,4,0,4,False,-5.0594,-5.0594,1024,905,119,1024,True,reject,0,effectively rejected
181,61,5,1,4,True,-3.1046,-3.1046,905,780,244,1024,False,,0,genuinely stochastic
181,123,6,2,4,True,-67.9279,-67.9279,780,39,985,1024,False,,0,effectively rejected
181,62,5,0,5,False,-9.1391,-9.1391,1024,161,863,1024,True,reject,0,effectively rejected
182,0,0,0,0,False,-10.5858,-10.5858,1024,114,910,1024,True,reject,0,effectively rejected
182,2,1,0,1,False,-4.3669,-4.3669,1024,634,390,1024,True,reject,0,genuinely stochastic
182,6,2,0,2,False,-9.4741,-9.4741,1024,774,250,1024,True,reject,0,effectively rejected
182,13,3,1,2,True,-62.5256,-62.5256,774,172,852,1024,False,,0,effectively rejected
182,28,4,1,3,False,-62.5256,-62.5256,774,172,852,1024,False,,0,effectively rejected
182,58,5,1,4,False,-65.9371,-65.9371,774,266,758,1024,False,,0,effectively rejected
182,14,3,0,3,False,-9.405,-9.405,1024,49,975,1024,True,reject,0,effectively rejected
182,30,4,0,4,False,-3.7855,-3.7855,1024,524,500,1024,True,reject,0,genuinely stochastic
182,62,5,0,5,False,-4.3714,-4.3714,1024,823,201,1024,True,reject,0,genuinely stochastic
182,126,6,0,6,False,-7.3415,-7.3415,1024,875,149,1024,True,reject,0,effectively rejected
183,0,0,0,0,False,-6.9013,-6.9013,1024,676,348,1024,True,reject,0,effectively rejected
183,1,1,1,0,True,-69.349,-69.349,676,468,556,1024,False,,0,effectively rejected
183,4,2,1,1,False,-10.1785,-10.1785,676,182,842,1024,False,,0,effectively rejected
183,2,1,0,1,False,-6.2365,-6.2365,1024,636,388,1024,True,reject,0,effectively rejected
183,6,2,0,2,False,-60.1397,-60.1397,1024,407,617,1024,True,reject,0,effectively rejected
183,14,3,0,3,False,-3.3972,-3.3972,1024,265,759,1024,True,reject,0,genuinely stochastic
183,30,4,0,4,False,-7.4283,-7.4283,1024,477,547,1024,True,reject,0,effectively rejected
184,0,0,0,0,False,-6.7233,-6.7233,1024,120,904,1024,True,reject,0,effectively rejected
184,2,1,0,1,False,-65.2243,-65.2243,1024,470,554,1024,True,reject,0,effectively rejected
184,6,2,0,2,False,-4.4817,-4.4817,1024,394,630,1024,True,reject,0,genuinely stochastic
184,14,3,0,3,False,-0.0315,-0.0315,1024,864,160,1024,True,accept,0,genuinely stochastic
184,29,4,1,3,True,-67.6445,-67.6445,864,419,605,1024,True,reject,0,effectively rejected
184,59,5,2,3,True,-7.2547,-7.2547,419,141,883,1024,False,,0,effectively rejected
184,60,5,1,4,False,-5.27,-5.27,864,215,809,1024,True,reject,0,effectively rejected
184,122,6,1,5,False,-2.8683,-2.8683,864,550,474,1024,True,reject,0,genuinely stochastic
184,30,4,0,4,False,-68.7954,-68.7954,1024,2,1022,1024,False,,0,effectively rejected
184,62,5,0,5,False,-3.5822,-3.5822,1024,255,769,1024,False,,0,genuinely stochastic
185,0,0,0,0,False,-8.9909,-8.9909,1024,535,489,1024,True,reject,0,effectively rejected
185,1,1,1,0,True,-59.4234,-59.4234,535,469,555,1024,False,,0,effectively rejected
185,4,2,1,1,False,-65.3061,-65.3061,535,123,901,1024,False,,0,effectively rejected
185,9,3,2,1,True,-62.9633,-62.9633,123,43,981,1024,False,,0,effectively rejected
185,2,1,0,1,False,-4.7613,-4.7613,1024,830,194,1024,True,reject,0,effectively rejected
185,5,2,1,1,True,-5.8854,-5.8854,830,605,419,1024,False,,0,effectively rejected
185,12,3,1,2,False,-6.7929,-6.7929,830,129,895,1024,False,,0,effectively rejected
185,26,4,1,3,False,-4.6577,-4.6577,830,433,591,1024,False,,0,effectively rejected
185,53,5,2,3,True,-68.1054,-68.1054,433,403,621,1024,False,,0,effectively rejected
185,6,2,0,2,False,-4.0408,-4.0408,1024,476,548,1024,True,reject,0,genuinely stochastic
185,13,3,1,2,True,-13.5778,-13.5778,476,5,1019,1024,False,,0,effectively rejected
185,28,4,1,3,False,-5.5699,-5.5699,476,334,690,1024,False,,0,effectively rejected
185,57,5,2,3,True,-11.1639,-11.1639,334,204,820,1024,False,,0,effectively rejected
185,14,3,0,3,False,-10.8848,-10.8848,1024,794,230,1024,True,reject,0,effectively rejected
185,29,4,1,3,True,-2.9371,-2.9371,794,351,673,1024,False,,0,genuinely stochastic
185,59,5,2,3,True,-4.1582,-4.1582,351,299,725,1024,False,,0,genuinely stochastic
186,0,0,0,0,False,-10.2031,-10.2031,1024,533,491,1024,True,reject,0,effectively rejected
186,1,1,1,0,True,-5.0907,-5.0907,533,289,735,1024,False,,0,effectively rejected
186,3,2,2,0,True,-2.5292,-2.5292,289,51,973,1024,False,,0,genuinely stochastic
186,2,1,0,1,False,-66.5309,-66.5309,1024,599,425,1024,True,reject,0,effectively rejected
186,6,2,0,2,False,-18.2196,-18.2196,1024,876,148,1024,True,reject,0,effectively rejected
187,0,0,0,0,False,0.0,0.0,1024,167,857,1024,True,accept,0,effectively accepted
187,1,1,1,0,True,77.4414,0.0,167,19,1005,1024,True,accept,0,effectively accepted
187,2,1,0,1,False,45.4951,0.0,1024,476,548,1024,False,,0,effectively accepted
187,5,2,1,1,True,41.3274,0.0,476,35,989,1024,False,,0,effectively accepted
187,6,2,0,2,False,41.3772,0.0,1024,595,429,1024,False,,0,effectively accepted
187,14,3,0,3,False,1.1106,0.0,1024,294,730,1024,False,,0,effectively accepted
187,30,4,0,4,False,40.4725,0.0,1024,354,670,1024,False,,0,effectively accepted
187,62,5,0,5,False,38.9991,0.0,1024,287,737,1024,False,,0,effectively accepted
188,0,0,0,0,False,41.8374,0.0,1024,191,833,1024,True,accept,0,effectively accepted
188,2,1,0,1,False,-25.8852,-25.8852,1024,371,653,1024,False,,0,effectively rejected
188,6,2,0,2,False,-19.5295,-19.5295,1024,710,314,1024,False,,0,effectively rejected
188,13,3,1,2,True,-5.5627,-5.5627,710,37,987,1024,False,,0,effectively rejected
188,28,4,1,3,False,-20.4201,-20.4201,710,672,352,1024,False,,0,effectively rejected
188,57,5,2,3,True,1.4008,0.0,672,79,945,1024,False,,0,effectively accepted
188,58,5,1,4,False,27.9618,0.0,710,364,660,1024,False,,0,effectively accepted
188,117,6,2,4,True,31.5624,0.0,364,125,899,1024,False,,0,effectively accepted
188,14,3,0,3,False,-125.8521,-125.8521,1024,227,797,1024,False,,0,effectively rejected
188,30,4,0,4,False,-45.952,-45.952,1024,66,958,1024,False,,0,effectively rejected
188,62,5,0,5,False,40.0651,0.0,1024,383,641,1024,False,,0,effectively accepted
189,0,0,0,0,False,0.2423,0.0,1024,793,231,1024,True,accept,0,effectively accepted
189,1,1,1,0,True,-1.1768,-1.1768,793,595,429,1024,True,reject,0,genuinely stochastic
189,3,2,2,0,True,-79.2779,-79.2779,595,103,921,1024,False,,0,effectively rejected
189,8,3,2,1,False,-11.9584,-11.9584,595,42,982,1024,False,,0,effectively rejected
189,4,2,1,1,False,0.5186,0.0,793,636,388,1024,True,accept,0,effectively accepted
189,9,3,2,1,True,-65.2299,-65.2299,636,233,791,1024,True,reject,0,effectively rejected
189,10,3,1,2,False,-0.7127,-0.7127,793,656,368,1024,False,,0,genuinely stochastic
189,2,1,0,1,False,0.0,0.0,1024,988,36,1024,False,,0,effectively accepted
189,5,2,1,1,True,0.0,0.0,988,957,67,1024,False,,0,effectively accepted
189,11,3,2,1,True,0.0588,0.0,957,827,197,1024,False,,0,effectively accepted
189,23,4,3,1,True,-65.7622,-65.7622,827,387,637,1024,False,,0,effectively rejected
189,48,5,3,2,False,-0.8008,-0.8008,827,724,300,1024,False,,0,genuinely stochastic
189,24,4,2,2,False,-68.8603,-68.8603,957,203,821,1024,False,,0,effectively rejected
189,12,3,1,2,False,-10.0221,-10.0221,988,582,442,1024,False,,0,effectively rejected
189,6,2,0,2,False,0.1342,0.0,1024,663,361,1024,False,,0,effectively accepted
189,13,3,1,2,True,-0.7661,-0.7661,663,526,498,1024,False,,0,genuinely stochastic
190,0,0,0,0,False,1.3415,0.0,1024,711,313,1024,True,accept,0,effectively accepted
190,2,1,0,1,False,1.1932,0.0,1024,724,300,1024,False,,0,effectively accepted
190,5,2,1,1,True,-77.4174,-77.4174,724,37,987,1024,False,,0,effectively rejected
190,6,2,0,2,False,0.3887,0.0,1024,924,100,1024,False,,0,effectively accepted
190,13,3,1,2,True,-1.0034,-1.0034,924,496,528,1024,False,,0,genuinely stochastic
190,27,4,2,2,True,-10.5322,-10.5322,496,469,555,1024,False,,0,effectively rejected
190,55,5,3,2,True,-2.9711,-2.9711,469,403,621,1024,False,,0,genuinely stochastic
190,111,6,4,2,True,-10.723,-10.723,403,394,630,1024,False,,0,effectively rejected
190,28,4,1,3,False,0.6344,0.0,924,826,198,1024,False,,0,effectively accepted
190,14,3,0,3,False,-82.7882,-82.7882,1024,414,610,1024,False,,0,effectively rejected
191,0,0,0,0,False,-12.1074,-12.1074,1024,122,902,1024,True,reject,0,effectively rejected
191,1,1,1,0,True,-4.3901,-4.3901,122,0,1024,1024,False,,0,genuinely stochastic
191,2,1,0,1,False,0.4322,0.0,1024,657,367,1024,True,accept,0,effectively accepted
191,6,2,0,2,False,-14.7408,-14.7408,1024,309,715,1024,False,,0,effectively rejected
191,13,3,1,2,True,-14.9524,-14.9524,309,30,994,1024,False,,0,effectively rejected
191,28,4,1,3,False,-120.0895,-120.0895,309,3,1021,1024,False,,0,effectively rejected
191,14,3,0,3,False,-4.9363,-4.9363,1024,623,401,1024,False,,0,effectively rejected
191,30,4,0,4,False,-65.1136,-65.1136,1024,201,823,1024,False,,0,effectively rejected
191,62,5,0,5,False,-0.9488,-0.9488,1024,704,320,1024,False,,0,genuinely stochastic
191,125,6,1,5,True,-65.4187,-65.4187,704,152,872,1024,False,,0,effectively rejected
191,126,6,0,6,False,-51.1082,-51.1082,1024,71,953,1024,False,,0,effectively rejected
192,0,0,0,0,False,-73.6482,-73.6482,1024,178,846,1024,True,reject,0,effectively rejected
192,2,1,0,1,False,-7.0642,-7.0642,1024,237,787,1024,True,reject,0,effectively rejected
192,6,2,0,2,False,-63.2059,-63.2059,1024,152,872,1024,True,reject,0,effectively rejected
192,14,3,0,3,False,-10.5472,-10.5472,1024,654,370,1024,True,reject,0,effectively rejected
192,30,4,0,4,False,0.0,0.0,1024,927,97,1024,True,accept,0,effectively accepted
192,61,5,1,4,True,-70.5584,-70.5584,927,162,862,1024,True,reject,0,effectively rejected
192,124,6,1,5,False,-2.297,-2.297,927,582,442,1024,True,reject,0,genuinely stochastic
192,249,7,2,5,True,-6.5806,-6.5806,582,393,631,1024,False,,0,effectively rejected
192,250,7,1,6,False,0.0572,0.0,927,910,114,1024,True,accept,0,effectively accepted
192,62,5,0,5,False,-7.1142,-7.1142,1024,10,1014,1024,False,,0,effectively rejected
192,126,6,0,6,False,-0.1515,-0.1515,1024,875,149,1024,False,,0,genuinely stochastic
193,0,0,0,0,False,-0.0572,-0.0572,1024,853,171,1024,True,accept,0,genuinely stochastic
193,1,1,1,0,True,-15.7734,-15.7734,853,153,871,1024,True,reject,0,effectively rejected
193,3,2,2,0,True,-90.4245,-90.4245,153,43,981,1024,False,,0,effectively rejected
193,4,2,1,1,False,1.7984,0.0,853,760,264,1024,True,accept,0,effectively accepted
193,9,3,2,1,True,-12.9862,-12.9862,760,249,775,1024,True,reject,0,effectively rejected
193,20,4,2,2,False,-59.4508,-59.4508,760,16,1008,1024,True,reject,0,effectively rejected
193,42,5,2,3,False,-12.2854,-12.2854,760,617,407,1024,True,reject,0,effectively rejected
193,10,3,1,2,False,-66.9859,-66.9859,853,102,922,1024,False,,0,effectively rejected
193,22,4,1,3,False,1.4669,0.0,853,665,359,1024,False,,0,effectively accepted
193,2,1,0,1,False,-9.4744,-9.4744,1024,321,703,1024,False,,0,effectively rejected
193,6,2,0,2,False,-2.8398,-2.8398,1024,529,495,1024,False,,0,genuinely stochastic
193,13,3,1,2,True,-7.7696,-7.7696,529,378,646,1024,False,,0,effectively rejected
193,27,4,2,2,True,-38.3374,-38.3374,378,351,673,1024,False,,0,effectively rejected
193,28,4,1,3,False,-37.9186,-37.9186,529,156,868,1024,False,,0,effectively rejected
193,14,3,0,3,False,-1.4228,-1.4228,1024,593,431,1024,False,,0,genuinely stochastic
194,0,0,0,0,False,-0.1756,-0.1756,1024,830,194,1024,True,accept,0,genuinely stochastic
194,1,1,1,0,True,-46.7462,-46.7462,830,426,598,1024,True,reject,0,effectively rejected
194,3,2,2,0,True,-13.2559,-13.2559,426,32,992,1024,False,,0,effectively rejected
194,4,2,1,1,False,-0.0156,-0.0156,830,816,208,1024,True,accept,0,genuinely stochastic
194,9,3,2,1,True,-14.8468,-14.8468,816,753,271,1024,True,reject,0,effectively rejected
194,19,4,3,1,True,-5.1275,-5.1275,753,334,690,1024,False,,0,effectively rejected
194,40,5,3,2,False,-11.6961,-11.6961,753,621,403,1024,False,,0,effectively rejected
194,81,6,4,2,True,-2.6827,-2.6827,621,605,419,1024,False,,0,genuinely stochastic
194,163,7,5,2,True,-14.0865,-14.0865,605,575,449,1024,False,,0,effectively rejected
194,10,3,1,2,False,-3.231,-3.231,830,650,374,1024,False,,0,genuinely stochastic
194,21,4,2,2,True,-2.4551,-2.4551,650,497,527,1024,False,,0,genuinely stochastic
194,43,5,3,2,True,-6.299,-6.299,497,377,647,1024,False,,0,effectively rejected
194,87,6,4,2,True,-71.3597,-71.3597,377,8,1016,1024,False,,0,effectively rejected
194,22,4,1,3,False,-41.8928,-41.8928,830,266,758,1024,False,,0,effectively rejected
194,2,1,0,1,False,-6.7467,-6.7467,1024,198,826,1024,False,,0,effectively rejected
194,6,2,0,2,False,-15.5578,-15.5578,1024,225,799,1024,False,,0,effectively rejected
194,14,3,0,3,False,-4.1137,-4.1137,1024,530,494,1024,False,,0,genuinely stochastic
195,0,0,0,0,False,-14.1309,-14.1309,1024,510,514,1024,True,reject,0,effectively rejected
195,1,1,1,0,True,-7.0889,-7.0889,510,363,661,1024,False,,0,effectively rejected
195,2,1,0,1,False,-70.8591,-70.8591,1024,219,805,1024,True,reject,0,effectively rejected
195,5,2,1,1,True,-122.4202,-122.4202,219,32,992,1024,False,,0,effectively rejected
195,12,3,1,2,False,-5.0737,-5.0737,219,67,957,1024,False,,0,effectively rejected
195,6,2,0,2,False,-0.384,-0.384,1024,944,80,1024,True,accept,0,genuinely stochastic
195,13,3,1,2,True,-2.4451,-2.4451,944,526,498,1024,True,reject,0,genuinely stochastic
195,28,4,1,3,False,-6.2246,-6.2246,944,246,778,1024,True,reject,0,effectively rejected
195,14,3,0,3,False,-0.1372,-0.1372,1024,796,228,1024,False,,0,genuinely stochastic
195,29,4,1,3,True,-17.1772,-17.1772,796,425,599,1024,False,,0,effectively rejected
195,59,5,2,3,True,-115.2679,-115.2679,425,13,1011,1024,False,,0,effectively rejected
195,30,4,0,4,False,-65.1558,-65.1558,1024,54,970,1024,False,,0,effectively rejected
196,0,0,0,0,False,-63.5185,-63.5185,1024,262,762,1024,True,reject,0,effectively rejected
196,2,1,0,1,False,-11.9243,-11.9243,1024,716,308,1024,True,reject,0,effectively rejected
196,5,2,1,1,True,-38.0759,-38.0759,716,163,861,1024,False,,0,effectively rejected
196,6,2,0,2,False,-5.6897,-5.6897,1024,198,826,1024,True,reject,0,effectively rejected
196,14,3,0,3,False,-140.8497,-140.8497,1024,167,857,1024,True,reject,0,effectively rejected
196,30,4,0,4,False,-7.6779,-7.6779,1024,398,626,1024,True,reject,0,effectively rejected
196,62,5,0,5,False,-2.1917,-2.1917,1024,678,346,1024,True,reject,0,genuinely stochastic
196,125,6,1,5,True,-13.7033,-13.7033,678,482,542,1024,False,,0,effectively rejected
197,0,0,0,0,False,-13.6803,-13.6803,1024,507,517,1024,True,reject,0,effectively rejected
197,2,1,0,1,False,-71.3791,-71.3791,1024,342,682,1024,True,reject,0,effectively rejected
197,6,2,0,2,False,-0.0029,-0.0029,1024,952,72,1024,True,accept,0,effectively accepted
197,13,3,1,2,True,-99.4736,-99.4736,952,307,717,1024,True,reject,0,effectively rejected
197,28,4,1,3,False,-5.7922,-5.7922,952,263,761,1024,True,reject,0,effectively rejected
197,58,5,1,4,False,-4.9769,-4.9769,952,562,462,1024,True,reject,0,effectively rejected
197,117,6,2,4,True,-55.9415,-55.9415,562,229,795,1024,False,,0,effectively rejected
197,14,3,0,3,False,-86.1485,-86.1485,1024,136,888,1024,False,,0,effectively rejected
197,30,4,0,4,False,0.2373,0.0,1024,882,142,1024,False,,0,effectively accepted
197,61,5,1,4,True,-13.6782,-13.6782,882,457,567,1024,False,,0,effectively rejected
197,62,5,0,5,False,-3.6734,-3.6734,1024,460,564,1024,False,,0,genuinely stochastic
198,0,0,0,0,False,-141.2352,-141.2352,1024,177,847,1024,True,reject,0,effectively rejected
198,2,1,0,1,False,-14.6233,-14.6233,1024,86,938,1024,True,reject,0,effectively rejected
198,6,2,0,2,False,-6.138,-6.138,1024,417,607,1024,True,reject,0,effectively rejected
198,14,3,0,3,False,-12.4843,-12.4843,1024,737,287,1024,True,reject,0,effectively rejected
198,29,4,1,3,True,-4.8105,-4.8105,737,202,822,1024,False,,0,effectively rejected
198,60,5,1,4,False,-3.7386,-3.7386,737,601,423,1024,False,,0,genuinely stochastic
198,121,6,2,4,True,-12.1436,-12.1436,601,562,462,1024,False,,0,effectively rejected
198,243,7,3,4,True,-75.0524,-75.0524,562,352,672,1024,False,,0,effectively rejected
198,122,6,1,5,False,-12.4981,-12.4981,737,734,290,1024,False,,0,effectively rejected
198,30,4,0,4,False,0.3917,0.0,1024,926,98,1024,True,accept,0,effectively accepted
198,61,5,1,4,True,-59.6075,-59.6075,926,267,757,1024,True,reject,0,effectively rejected
198,124,6,1,5,False,-14.3989,-14.3989,926,419,605,1024,True,reject,0,effectively rejected
198,62,5,0,5,False,-86.2981,-86.2981,1024,358,666,1024,False,,0,effectively rejected
199,0,0,0,0,False,-72.1166,-72.1166,1024,270,754,1024,True,reject,0,effectively rejected
199,2,1,0,1,False,-58.6911,-58.6911,1024,71,953,1024,True,reject,0,effectively rejected
199,6,2,0,2,False,-74.6025,-74.6025,1024,273,751,1024,True,reject,0,effectively rejected
199,13,3,1,2,True,-60.7481,-60.7481,273,187,837,1024,False,,0,effectively rejected
199,14,3,0,3,False,-17.8617,-17.8617,1024,284,740,1024,True,reject,0,effectively rejected
199,30,4,0,4,False,-2.4032,-2.4032,1024,731,293,1024,True,reject,0,genuinely stochastic
199,62,5,0,5,False,-13.1788,-13.1788,1024,763,261,1024,True,reject,0,effectively rejected
199,125,6,1,5,True,-248.8193,-248.8193,763,301,723,1024,False,,0,effectively rejected
199,126,6,0,6,False,0.003,0.0,1024,929,95,1024,True,accept,0,effectively accepted
200,0,0,0,0,False,0.0,0.0,1024,1002,22,1024,True,accept,0,effectively accepted
200,1,1,1,0,True,-12.3534,-12.3534,1002,550,474,1024,True,reject,0,effectively rejected
200,3,2,2,0,True,-13.9226,-13.9226,550,229,795,1024,False,,0,effectively rejected
200,7,3,3,0,True,-5.173,-5.173,229,207,817,1024,False,,0,effectively rejected
200,8,3,2,1,False,-18.0053,-18.0053,550,383,641,1024,False,,0,effectively rejected
200,17,4,3,1,True,-4.0835,-4.0835,383,58,966,1024,False,,0,genuinely stochastic
200,18,4,2,2,False,-18.0547,-18.0547,550,385,639,1024,False,,0,effectively rejected
200,4,2,1,1,False,-0.003,-0.003,1002,858,166,1024,True,accept,0,effectively accepted
200,9,3,2,1,True,-2.2499,-2.2499,858,643,381,1024,True,reject,0,genuinely stochastic
200,19,4,3,1,True,-14.7877,-14.7877,643,458,566,1024,False,,0,effectively rejected
200,40,5,3,2,False,-10.7245,-10.7245,643,528,496,1024,False,,0,effectively rejected
200,10,3,1,2,False,-17.0306,-17.0306,1002,15,1009,1024,False,,0,effectively rejected
200,2,1,0,1,False,-0.003,-0.003,1024,846,178,1024,False,,0,effectively accepted
200,5,2,1,1,True,-6.861,-6.861,846,242,782,1024,False,,0,effectively rejected
200,12,3,1,2,False,-12.3959,-12.3959,846,675,349,1024,False,,0,effectively rejected
200,6,2,0,2,False,-5.5531,-5.5531,1024,205,819,1024,False,,0,effectively rejected
201,0,0,0,0,False,-2.9709,-2.9709,1024,705,319,1024,True,reject,0,genuinely stochastic
201,1,1,1,0,True,-5.7587,-5.7587,705,364,660,1024,False,,0,effectively rejected
201,4,2,1,1,False,-12.291,-12.291,705,189,835,1024,False,,0,effectively rejected
201,9,3,2,1,True,-261.2796,-261.2796,189,30,994,1024,False,,0,effectively rejected
201,10,3,1,2,False,-17.7674,-17.7674,705,436,588,1024,False,,0,effectively rejected
201,21,4,2,2,True,-119.4425,-119.4425,436,329,695,1024,False,,0,effectively rejected
201,2,1,0,1,False,0.0,0.0,1024,970,54,1024,True,accept,0,effectively accepted
201,5,2,1,1,True,-8.4715,-8.4715,970,5,1019,1024,True,reject,0,effectively rejected
201,12,3,1,2,False,0.0992,0.0,970,808,216,1024,True,accept,0,effectively accepted
201,25,4,2,2,True,-14.6436,-14.6436,808,609,415,1024,True,reject,0,effectively rejected
201,51,5,3,2,True,-5.9778,-5.9778,609,515,509,1024,False,,0,effectively rejected
201,103,6,4,2,True,-5.7508,-5.7508,515,206,818,1024,False,,0,effectively rejected
201,6,2,0,2,False,-16.9856,-16.9856,1024,371,653,1024,False,,0,effectively rejected
201,14,3,0,3,False,-18.8015,-18.8015,1024,100,924,1024,False,,0,effectively rejected
202,0,0,0,0,False,-45.8109,-45.8109,1024,279,745,1024,True,reject,0,effectively rejected
202,2,1,0,1,False,-4.7134,-4.7134,1024,467,557,1024,True,reject,0,effectively rejected
202,6,2,0,2,False,-5.6979,-5.6979,1024,448,576,1024,True,reject,0,effectively rejected
202,13,3,1,2,True,-45.0208,-45.0208,448,321,703,1024,False,,0,effectively rejected
202,14,3,0,3,False,-0.0893,-0.0893,1024,912,112,1024,True,accept,0,genuinely stochastic
202,29,4,1,3,True,-71.036,-71.036,912,382,642,1024,True,reject,0,effectively rejected
202,60,5,1,4,False,-13.2823,-13.2823,912,703,321,1024,True,reject,0,effectively rejected
202,122,6,1,5,False,-36.9126,-36.9126,912,282,742,1024,True,reject,0,effectively rejected
202,245,7,2,5,True,-8.3376,-8.3376,282,39,985,1024,False,,0,effectively rejected
202,30,4,0,4,False,-4.778,-4.778,1024,567,457,1024,False,,0,effectively rejected
202,62,5,0,5,False,-5.027,-5.027,1024,600,424,1024,False,,0,effectively rejected
202,125,6,1,5,True,-6.4609,-6.4609,600,435,589,1024,False,,0,effectively rejected
203,0,0,0,0,False,-0.0049,-0.0049,1024,935,89,1024,True,accept,0,effectively accepted
203,1,1,1,0,True,-39.4505,-39.4505,935,228,796,1024,True,reject,0,effectively rejected
203,4,2,1,1,False,-5.8489,-5.8489,935,269,755,1024,True,reject,0,effectively rejected
203,10,3,1,2,False,-5.6431,-5.6431,935,30,994,1024,True,reject,0,effectively rejected
203,22,4,1,3,False,-0.1486,-0.1486,935,913,111,1024,True,accept,0,genuinely stochastic
203,45,5,2,3,True,-7.4917,-7.4917,913,330,694,1024,True,reject,0,effectively rejected
203,91,6,3,3,True,-43.2121,-43.2121,330,290,734,1024,False,,0,effectively rejected
203,46,5,1,4,False,-3.2162,-3.2162,935,715,309,1024,False,,0,genuinely stochastic
203,2,1,0,1,False,-7.6953,-7.6953,1024,307,717,1024,False,,0,effectively rejected
203,5,2,1,1,True,-14.0867,-14.0867,307,76,948,1024,False,,0,effectively rejected
203,6,2,0,2,False,0.0,0.0,1024,849,175,1024,False,,0,effectively accepted
203,14,3,0,3,False,-34.6572,-34.6572,1024,252,772,1024,False,,0,effectively rejected
203,29,4,1,3,True,-18.3506,-18.3506,252,20,1004,1024,False,,0,effectively rejected
203,30,4,0,4,False,0.0,0.0,1024,1008,16,1024,False,,0,effectively accepted
204,0,0,0,0,False,-2.2654,-2.2654,1024,765,259,1024,True,reject,0,genuinely stochastic
204,1,1,1,0,True,-17.8219,-17.8219,765,323,701,1024,False,,0,effectively rejected
204,2,1,0,1,False,-14.1511,-14.1511,1024,450,574,1024,True,reject,0,effectively rejected
204,6,2,0,2,False,-19.8429,-19.8429,1024,622,402,1024,True,reject,0,effectively rejected
204,14,3,0,3,False,0.0,0.0,1024,1022,2,1024,True,accept,0,effectively accepted
204,29,4,1,3,True,-8.3129,-8.3129,1022,358,666,1024,True,reject,0,effectively rejected
204,60,5,1,4,False,-63.5394,-63.5394,1022,138,886,1024,True,reject,0,effectively rejected
204,30,4,0,4,False,-16.3582,-16.3582,1024,28,996,1024,False,,0,effectively rejected
205,0,0,0,0,False,-70.0227,-70.0227,1024,347,677,1024,True,reject,0,effectively rejected
205,1,1,1,0,True,-123.2774,-123.2774,347,6,1018,1024,False,,0,effectively rejected
205,2,1,0,1,False,-14.7173,-14.7173,1024,180,844,1024,True,reject,0,effectively rejected
205,6,2,0,2,False,-5.4999,-5.4999,1024,737,287,1024,True,reject,0,effectively rejected
205,13,3,1,2,True,-3.9484,-3.9484,737,609,415,1024,False,,0,genuinely stochastic
205,28,4,1,3,False,-38.6929,-38.6929,737,91,933,1024,False,,0,effectively rejected
205,58,5,1,4,False,-14.7008,-14.7008,737,499,525,1024,False,,0,effectively rejected
205,117,6,2,4,True,-8.2394,-8.2394,499,242,782,1024,False,,0,effectively rejected
205,14,3,0,3,False,-3.6151,-3.6151,1024,572,452,1024,True,reject,0,genuinely stochastic
205,29,4,1,3,True,-4.0553,-4.0553,572,366,658,1024,False,,0,genuinely stochastic
205,59,5,2,3,True,-15.1435,-15.1435,366,129,895,1024,False,,0,effectively rejected
205,120,6,2,4,False,-5.296,-5.296,366,342,682,1024,False,,0,effectively rejected
205,241,7,3,4,True,-81.7283,-81.7283,342,31,993,1024,False,,0,effectively rejected
205,30,4,0,4,False,-7.1435,-7.1435,1024,347,677,1024,True,reject,0,effectively rejected
205,62,5,0,5,False,-4.0223,-4.0223,1024,232,792,1024,True,reject,0,genuinely stochastic
206,0,0,0,0,False,-13.9305,-13.9305,1024,502,522,1024,True,reject,0,effectively rejected
206,2,1,0,1,False,-0.003,-0.003,1024,984,40,1024,True,accept,0,effectively accepted
206,5,2,1,1,True,-70.7882,-70.7882,984,239,785,1024,True,reject,0,effectively rejected
206,12,3,1,2,False,-14.0098,-14.0098,984,590,434,1024,True,reject,0,effectively rejected
206,25,4,2,2,True,-4.3643,-4.3643,590,508,516,1024,False,,0,genuinely stochastic
206,51,5,3,2,True,-75.8072,-75.8072,508,45,979,1024,False,,0,effectively rejected
206,26,4,1,3,False,-3.0301,-3.0301,984,690,334,1024,True,reject,0,genuinely stochastic
206,54,5,1,4,False,-40.8369,-40.8369,984,68,956,1024,True,reject,0,effectively rejected
206,6,2,0,2,False,-3.4616,-3.4616,1024,724,300,1024,False,,0,genuinely stochastic
206,13,3,1,2,True,-42.3762,-42.3762,724,326,698,1024,False,,0,effectively rejected
206,28,4,1,3,False,-2.2604,-2.2604,724,634,390,1024,False,,0,genuinely stochastic
206,57,5,2,3,True,-5.1902,-5.1902,634,347,677,1024,False,,0,effectively rejected
206,115,6,3,3,True,-36.476,-36.476,347,8,1016,1024,False,,0,effectively rejected
206,58,5,1,4,False,-3.9947,-3.9947,724,542,482,1024,False,,0,genuinely stochastic
206,14,3,0,3,False,-5.9873,-5.9873,1024,215,809,1024,False,,0,effectively rejected
206,29,4,1,3,True,-16.2331,-16.2331,215,107,917,1024,False,,0,effectively rejected
206,30,4,0,4,False,-71.0446,-71.0446,1024,387,637,1024,False,,0,effectively rejected
207,0,0,0,0,False,-2.2625,-2.2625,1024,765,259,1024,True,reject,0,genuinely stochastic
208,0,0,0,0,False,0.0,0.0,1024,405,619,1024,True,accept,0,effectively accepted
208,1,1,1,0,True,19.2143,0.0,405,97,927,1024,True,accept,0,effectively accepted
208,2,1,0,1,False,41.2528,0.0,1024,54,970,1024,False,,0,effectively accepted
208,6,2,0,2,False,-0.7559,-0.7559,1024,773,251,1024,False,,0,genuinely stochastic
208,13,3,1,2,True,19.9743,0.0,773,43,981,1024,False,,0,effectively accepted
208,14,3,0,3,False,40.9657,0.0,1024,399,625,1024,False,,0,effectively accepted
208,30,4,0,4,False,26.8022,0.0,1024,265,759,1024,False,,0,effectively accepted
208,62,5,0,5,False,-0.4039,-0.4039,1024,769,255,1024,False,,0,genuinely stochastic
208,125,6,1,5,True,14.1483,0.0,769,133,891,1024,False,,0,effectively accepted
208,252,7,1,6,False,36.4036,0.0,769,190,834,1024,False,,0,effectively accepted
208,126,6,0,6,False,-7.0436,-7.0436,1024,259,765,1024,False,,0,effectively rejected
208,254,7,0,7,False,26.6175,0.0,1024,661,363,1024,False,,0,effectively accepted
209,0,0,0,0,False,6.2736,0.0,1024,908,116,1024,True,accept,0,effectively accepted
209,1,1,1,0,True,16.8399,0.0,908,906,118,1024,True,accept,0,effectively accepted
209,3,2,2,0,True,20.6186,0.0,906,607,417,1024,True,accept,0,effectively accepted
209,8,3,2,1,False,6.2215,0.0,906,65,959,1024,False,,0,effectively accepted
209,18,4,2,2,False,10.0447,0.0,906,186,838,1024,False,,0,effectively accepted
209,38,5,2,3,False,17.371,0.0,906,855,169,1024,False,,0,effectively accepted
209,4,2,1,1,False,22.0187,0.0,908,391,633,1024,False,,0,effectively accepted
209,10,3,1,2,False,25.56,0.0,908,582,442,1024,False,,0,effectively accepted
209,21,4,2,2,True,28.9894,0.0,582,64,960,1024,False,,0,effectively accepted
209,22,4,1,3,False,17.6632,0.0,908,754,270,1024,False,,0,effectively accepted
209,2,1,0,1,False,23.5622,0.0,1024,416,608,1024,False,,0,effectively accepted
209,6,2,0,2,False,24.7259,0.0,1024,768,256,1024,False,,0,effectively accepted
209,13,3,1,2,True,-0.664,-0.664,768,201,823,1024,False,,0,genuinely stochastic
209,27,4,2,2,True,25.801,0.0,201,96,928,1024,False,,0,effectively accepted
209,14,3,0,3,False,0.6224,0.0,1024,837,187,1024,False,,0,effectively accepted
210,0,0,0,0,False,-0.3369,-0.3369,1024,370,654,1024,True,accept,0,genuinely stochastic
210,2,1,0,1,False,7.7214,0.0,1024,110,914,1024,False,,0,effectively accepted
210,6,2,0,2,False,9.543,0.0,1024,459,565,1024,False,,0,effectively accepted
210,13,3,1,2,True,-16.0637,-16.0637,459,254,770,1024,False,,0,effectively rejected
210,14,3,0,3,False,0.2353,0.0,1024,950,74,1024,False,,0,effectively accepted
210,30,4,0,4,False,-0.9766,-0.9766,1024,802,222,1024,False,,0,genuinely stochastic
210,61,5,1,4,True,-4.0546,-4.0546,802,598,426,1024,False,,0,genuinely stochastic
210,124,6,1,5,False,-11.1616,-11.1616,802,217,807,1024,False,,0,effectively rejected
210,62,5,0,5,False,-16.7837,-16.7837,1024,239,785,1024,False,,0,effectively rejected
210,125,6,1,5,True,-49.592,-49.592,239,110,914,1024,False,,0,effectively rejected
211,0,0,0,0,False,0.1513,0.0,1024,902,122,1024,True,accept,0,effectively accepted
211,2,1,0,1,False,-5.8188,-5.8188,1024,687,337,1024,False,,0,effectively rejected
211,5,2,1,1,True,-20.2613,-20.2613,687,582,442,1024,False,,0,effectively rejected
211,11,3,2,1,True,1.3132,0.0,582,415,609,1024,False,,0,effectively accepted
211,23,4,3,1,True,6.7188,0.0,415,302,722,1024,False,,0,effectively accepted
211,47,5,4,1,True,-20.4683,-20.4683,302,189,835,1024,False,,0,effectively rejected
211,6,2,0,2,False,35.4668,0.0,1024,564,460,1024,False,,0,effectively accepted
211,13,3,1,2,True,-5.9096,-5.9096,564,75,949,1024,False,,0,effectively rejected
211,14,3,0,3,False,-0.0297,-0.0297,1024,952,72,1024,False,,0,genuinely stochastic
212,0,0,0,0,False,2.4164,0.0,1024,779,245,1024,True,accept,0,effectively accepted
212,1,1,1,0,True,-43.1447,-43.1447,779,67,957,1024,True,reject,0,effectively rejected
212,4,2,1,1,False,-0.6088,-0.6088,779,326,698,1024,True,accept,0,genuinely stochastic
212,10,3,1,2,False,-2.3916,-2.3916,779,134,890,1024,False,,0,genuinely stochastic
212,21,4,2,2,True,-2.2094,-2.2094,134,58,966,1024,False,,0,genuinely stochastic
212,2,1,0,1,False,9.3616,0.0,1024,749,275,1024,False,,0,effectively accepted
212,6,2,0,2,False,0.6468,0.0,1024,840,184,1024,False,,0,effectively accepted
212,13,3,1,2,True,4.0259,0.0,840,370,654,1024,False,,0,effectively accepted
212,27,4,2,2,True,8.2469,0.0,370,220,804,1024,False,,0,effectively accepted
212,28,4,1,3,False,-1.6557,-1.6557,840,327,697,1024,False,,0,genuinely stochastic
212,57,5,2,3,True,-11.486,-11.486,327,117,907,1024,False,,0,effectively rejected
212,58,5,1,4,False,-1.6791,-1.6791,840,465,559,1024,False,,0,genuinely stochastic
212,117,6,2,4,True,6.4722,0.0,465,451,573,1024,False,,0,effectively accepted
212,14,3,0,3,False,2.3066,0.0,1024,287,737,1024,False,,0,effectively accepted
212,30,4,0,4,False,-19.058,-19.058,1024,114,910,1024,False,,0,effectively rejected
212,62,5,0,5,False,-2.6657,-2.6657,1024,249,775,1024,False,,0,genuinely stochastic
213,0,0,0,0,False,4.714,0.0,1024,247,777,1024,True,accept,0,effectively accepted
213,1,1,1,0,True,-47.8563,-47.8563,247,87,937,1024,True,reject,0,effectively rejected
213,4,2,1,1,False,1.7903,0.0,247,222,802,1024,True,accept,0,effectively accepted
213,2,1,0,1,False,-12.6244,-12.6244,1024,529,495,1024,False,,0,effectively rejected
213,5,2,1,1,True,6.7147,0.0,529,288,736,1024,False,,0,effectively accepted
213,12,3,1,2,False,4.1156,0.0,529,153,871,1024,False,,0,effectively accepted
213,6,2,0,2,False,0.0423,0.0,1024,933,91,1024,False,,0,effectively accepted
213,13,3,1,2,True,-3.039,-3.039,933,724,300,1024,False,,0,genuinely stochastic
213,28,4,1,3,False,-44.6927,-44.6927,933,20,1004,1024,False,,0,effectively rejected
213,58,5,1,4,False,2.4473,0.0,933,875,149,1024,False,,0,effectively accepted
213,14,3,0,3,False,-5.0468,-5.0468,1024,18,1006,1024,False,,0,effectively rejected
213,30,4,0,4,False,5.5122,0.0,1024,550,474,1024,False,,0,effectively accepted
214,0,0,0,0,False,-2.3191,-2.3191,1024,555,469,1024,True,reject,0,genuinely stochastic
214,1,1,1,0,True,-2.6634,-2.6634,555,421,603,1024,False,,0,genuinely stochastic
214,3,2,2,0,True,-1.8633,-1.8633,421,160,864,1024,False,,0,genuinely stochastic
214,4,2,1,1,False,37.7307,0.0,555,495,529,1024,False,,0,effectively accepted
214,10,3,1,2,False,-7.6534,-7.6534,555,122,902,1024,False,,0,effectively rejected
214,2,1,0,1,False,5.6712,0.0,1024,123,901,1024,True,accept,0,effectively accepted
214,6,2,0,2,False,0.4903,0.0,1024,458,566,1024,False,,0,effectively accepted
214,14,3,0,3,False,-5.493,-5.493,1024,662,362,1024,False,,0,effectively rejected
214,29,4,1,3,True,12.8829,0.0,662,198,826,1024,False,,0,effectively accepted
214,30,4,0,4,False,-33.5027,-33.5027,1024,69,955,1024,False,,0,effectively rejected
214,62,5,0,5,False,5.6563,0.0,1024,578,446,1024,False,,0,effectively accepted
215,0,0,0,0,False,-24.3211,-24.3211,1024,359,665,1024,True,reject,0,effectively rejected
215,2,1,0,1,False,-12.701,-12.701,1024,205,819,1024,True,reject,0,effectively rejected
215,5,2,1,1,True,-6.9393,-6.9393,205,90,934,1024,False,,0,effectively rejected
215,11,3,2,1,True,-10.5592,-10.5592,90,80,944,1024,False,,0,effectively rejected
215,6,2,0,2,False,-8.6347,-8.6347,1024,32,992,1024,True,reject,0,effectively rejected
215,14,3,0,3,False,-6.3506,-6.3506,1024,423,601,1024,True,reject,0,effectively rejected
215,29,4,1,3,True,-27.5944,-27.5944,423,10,1014,1024,False,,0,effectively rejected
215,30,4,0,4,False,-6.8345,-6.8345,1024,614,410,1024,True,reject,0,effectively rejected
215,61,5,1,4,True,-7.5671,-7.5671,614,259,765,1024,False,,0,effectively rejected
215,62,5,0,5,False,-0.37,-0.37,1024,838,186,1024,True,accept,0,genuinely stochastic
216,0,0,0,0,False,0.0481,0.0,1024,274,750,1024,True,accept,0,effectively accepted
216,2,1,0,1,False,-11.9984,-11.9984,1024,234,790,1024,False,,0,effectively rejected
216,6,2,0,2,False,7.4578,0.0,1024,234,790,1024,False,,0,effectively accepted
216,13,3,1,2,True,-11.0405,-11.0405,234,163,861,1024,False,,0,effectively rejected
216,27,4,2,2,True,21.6204,0.0,163,131,893,1024,False,,0,effectively accepted
216,14,3,0,3,False,-25.418,-25.418,1024,6,1018,1024,False,,0,effectively rejected
216,30,4,0,4,False,-4.0709,-4.0709,1024,418,606,1024,False,,0,genuinely stochastic
216,62,5,0,5,False,27.0221,0.0,1024,717,307,1024,False,,0,effectively accepted
216,125,6,1,5,True,-3.3425,-3.3425,717,690,334,1024,False,,0,genuinely stochastic
216,251,7,2,5,True,-7.7612,-7.7612,690,249,775,1024,False,,0,effectively rejected
216,126,6,0,6,False,5.2744,0.0,1024,116,908,1024,False,,0,effectively accepted
217,0,0,0,0,False,-46.1781,-46.1781,1024,86,938,1024,True,reject,0,effectively rejected
217,2,1,0,1,False,-22.3443,-22.3443,1024,323,701,1024,True,reject,0,effectively rejected
217,6,2,0,2,False,-23.6288,-23.6288,1024,793,231,1024,True,reject,0,effectively rejected
217,13,3,1,2,True,-6.1552,-6.1552,793,250,774,1024,False,,0,effectively rejected
217,14,3,0,3,False,1.9237,0.0,1024,419,605,1024,True,accept,0,effectively accepted
217,29,4,1,3,True,-32.2546,-32.2546,419,255,769,1024,True,reject,0,effectively rejected
217,30,4,0,4,False,20.133,0.0,1024,73,951,1024,False,,0,effectively accepted
217,62,5,0,5,False,-20.5861,-20.5861,1024,235,789,1024,False,,0,effectively rejected
217,126,6,0,6,False,-9.0557,-9.0557,1024,331,693,1024,False,,0,effectively rejected
218,0,0,0,0,False,-7.41,-7.41,1024,501,523,1024,True,reject,0,effectively rejected
218,2,1,0,1,False,-60.6335,-60.6335,1024,42,982,1024,True,reject,0,effectively rejected
218,6,2,0,2,False,-22.375,-22.375,1024,107,917,1024,True,reject,0,effectively rejected
218,14,3,0,3,False,24.647,0.0,1024,587,437,1024,True,accept,0,effectively accepted
218,30,4,0,4,False,-0.1214,-0.1214,1024,976,48,1024,False,,0,genuinely stochastic
218,61,5,1,4,True,-31.9505,-31.9505,976,36,988,1024,False,,0,effectively rejected
218,62,5,0,5,False,-25.9231,-25.9231,1024,806,218,1024,False,,0,effectively rejected
219,0,0,0,0,False,-35.746,-35.746,1024,370,654,1024,True,reject,0,effectively rejected
219,2,1,0,1,False,-32.06,-32.06,1024,302,722,1024,True,reject,0,effectively rejected
219,6,2,0,2,False,-36.2581,-36.2581,1024,561,463,1024,True,reject,0,effectively rejected
219,13,3,1,2,True,-68.4208,-68.4208,561,45,979,1024,False,,0,effectively rejected
219,28,4,1,3,False,-28.9806,-28.9806,561,550,474,1024,False,,0,effectively rejected
219,57,5,2,3,True,-33.3218,-33.3218,550,177,847,1024,False,,0,effectively rejected
219,14,3,0,3,False,-12.5623,-12.5623,1024,314,710,1024,True,reject,0,effectively rejected
219,29,4,1,3,True,-47.2031,-47.2031,314,206,818,1024,False,,0,effectively rejected
219,59,5,2,3,True,-31.0635,-31.0635,206,12,1012,1024,False,,0,effectively rejected
219,30,4,0,4,False,-37.5803,-37.5803,1024,278,746,1024,True,reject,0,effectively rejected
220,0,0,0,0,False,-35.2788,-35.2788,1024,631,393,1024,True,reject,0,effectively rejected
220,1,1,1,0,True,-36.1633,-36.1633,631,381,643,1024,False,,0,effectively rejected
220,3,2,2,0,True,-35.9112,-35.9112,381,187,837,1024,False,,0,effectively rejected
220,2,1,0,1,False,-44.0569,-44.0569,1024,210,814,1024,True,reject,0,effectively rejected
220,6,2,0,2,False,-33.5941,-33.5941,1024,592,432,1024,True,reject,0,effectively rejected
220,14,3,0,3,False,-62.9851,-62.9851,1024,226,798,1024,True,reject,0,effectively rejected
220,30,4,0,4,False,-38.5471,-38.5471,1024,427,597,1024,True,reject,0,effectively rejected
221,0,0,0,0,False,-32.3182,-32.3182,1024,321,703,1024,True,reject,0,effectively rejected
221,2,1,0,1,False,-36.2089,-36.2089,1024,346,678,1024,True,reject,0,effectively rejected
221,5,2,1,1,True,-82.8201,-82.8201,346,32,992,1024,False,,0,effectively rejected
221,12,3,1,2,False,-49.4928,-49.4928,346,130,894,1024,False,,0,effectively rejected
221,6,2,0,2,False,0.3853,0.0,1024,992,32,1024,True,accept,0,effectively accepted
221,13,3,1,2,True,-39.4941,-39.4941,992,287,737,1024,True,reject,0,effectively rejected
221,27,4,2,2,True,-39.4941,-39.4941,287,287,737,1024,False,,0,effectively rejected
221,55,5,3,2,True,-30.5467,-30.5467,287,15,1009,1024,False,,0,effectively rejected
221,112,6,3,3,False,-36.9404,-36.9404,287,277,747,1024,False,,0,effectively rejected
221,14,3,0,3,False,2.041,0.0,1024,253,771,1024,False,,0,effectively accepted
221,30,4,0,4,False,0.0398,0.0,1024,858,166,1024,False,,0,effectively accepted
221,61,5,1,4,True,1.1594,0.0,858,176,848,1024,False,,0,effectively accepted
221,124,6,1,5,False,-33.9086,-33.9086,858,724,300,1024,False,,0,effectively rejected
221,62,5,0,5,False,-35.9818,-35.9818,1024,687,337,1024,False,,0,effectively rejected
222,0,0,0,0,False,-35.8188,-35.8188,1024,269,755,1024,True,reject,0,effectively rejected
222,2,1,0,1,False,-37.6199,-37.6199,1024,107,917,1024,True,reject,0,effectively rejected
222,6,2,0,2,False,-32.0155,-32.0155,1024,537,487,1024,True,reject,0,effectively rejected
222,14,3,0,3,False,-55.4688,-55.4688,1024,529,495,1024,True,reject,0,effectively rejected
222,29,4,1,3,True,-38.8368,-38.8368,529,476,548,1024,False,,0,effectively rejected
222,60,5,1,4,False,-30.2444,-30.2444,529,399,625,1024,False,,0,effectively rejected
222,30,4,0,4,False,0.0544,0.0,1024,978,46,1024,True,accept,0,effectively accepted
222,61,5,1,4,True,0.0216,0.0,978,972,52,1024,True,accept,0,effectively accepted
222,123,6,2,4,True,-2.0976,-2.0976,972,886,138,1024,True,reject,0,genuinely stochastic
222,247,7,3,4,True,0.8028,0.0,886,407,617,1024,False,,0,effectively accepted
222,496,8,3,5,False,-30.3453,-30.3453,886,564,460,1024,False,,0,effectively rejected
222,248,7,2,5,False,1.7825,0.0,972,501,523,1024,True,accept,0,effectively accepted
222,124,6,1,5,False,-36.1648,-36.1648,978,521,503,1024,False,,0,effectively rejected
222,249,7,2,5,True,-31.5148,-31.5148,521,69,955,1024,False,,0,effectively rejected
222,62,5,0,5,False,-34.1385,-34.1385,1024,602,422,1024,False,,0,effectively rejected
223,0,0,0,0,False,-43.0037,-43.0037,1024,440,584,1024,True,reject,0,effectively rejected
223,1,1,1,0,True,-82.1535,-82.1535,440,192,832,1024,False,,0,effectively rejected
223,2,1,0,1,False,-0.3884,-0.3884,1024,874,150,1024,True,accept,0,genuinely stochastic
223,5,2,1,1,True,-35.2566,-35.2566,874,602,422,1024,True,reject,0,effectively rejected
223,12,3,1,2,False,-37.2297,-37.2297,874,510,514,1024,True,reject,0,effectively rejected
223,25,4,2,2,True,-57.8414,-57.8414,510,77,947,1024,False,,0,effectively rejected
223,52,5,2,3,False,-37.4398,-37.4398,510,489,535,1024,False,,0,effectively rejected
223,105,6,3,3,True,-32.6185,-32.6185,489,337,687,1024,False,,0,effectively rejected
223,26,4,1,3,False,-32.4973,-32.4973,874,686,338,1024,True,reject,0,effectively rejected
223,53,5,2,3,True,-36.9239,-36.9239,686,557,467,1024,False,,0,effectively rejected
223,107,6,3,3,True,-39.3259,-39.3259,557,409,615,1024,False,,0,effectively rejected
223,6,2,0,2,False,-34.4511,-34.4511,1024,676,348,1024,False,,0,effectively rejected
223,14,3,0,3,False,-53.4739,-53.4739,1024,255,769,1024,False,,0,effectively rejected
224,0,0,0,0,False,-30.2197,-30.2197,1024,559,465,1024,True,reject,0,effectively rejected
224,1,1,1,0,True,-32.7564,-32.7564,559,271,753,1024,False,,0,effectively rejected
224,2,1,0,1,False,-34.1354,-34.1354,1024,335,689,1024,True,reject,0,effectively rejected
224,5,2,1,1,True,-32.9088,-32.9088,335,94,930,1024,False,,0,effectively rejected
224,12,3,1,2,False,-35.6545,-35.6545,335,218,806,1024,False,,0,effectively rejected
224,25,4,2,2,True,-46.3922,-46.3922,218,65,959,1024,False,,0,effectively rejected
224,51,5,3,2,True,-40.0421,-40.0421,65,14,1010,1024,False,,0,effectively rejected
224,104,6,3,3,False,-76.3758,-76.3758,65,43,981,1024,False,,0,effectively rejected
224,26,4,1,3,False,-48.7874,-48.7874,335,161,863,1024,False,,0,effectively rejected
224,6,2,0,2,False,-0.0735,-0.0735,1024,979,45,1024,True,accept,0,genuinely stochastic
224,13,3,1,2,True,-50.5619,-50.5619,979,200,824,1024,True,reject,0,effectively rejected
224,28,4,1,3,False,0.2942,0.0,979,860,164,1024,True,accept,0,effectively accepted
224,57,5,2,3,True,-1.9885,-1.9885,860,798,226,1024,True,reject,0,genuinely stochastic
224,14,3,0,3,False,-28.4917,-28.4917,1024,327,697,1024,False,,0,effectively rejected
224,30,4,0,4,False,-1.4543,-1.4543,1024,820,204,1024,False,,0,genuinely stochastic
225,0,0,0,0,False,-40.4697,-40.4697,1024,66,958,1024,True,reject,0,effectively rejected
225,1,1,1,0,True,-49.1916,-49.1916,66,56,968,1024,False,,0,effectively rejected
225,2,1,0,1,False,-35.2095,-35.2095,1024,106,918,1024,True,reject,0,effectively rejected
225,5,2,1,1,True,-32.9247,-32.9247,106,98,926,1024,False,,0,effectively rejected
225,6,2,0,2,False,0.1506,0.0,1024,971,53,1024,True,accept,0,effectively accepted
225,13,3,1,2,True,-42.3159,-42.3159,971,525,499,1024,True,reject,0,effectively rejected
225,28,4,1,3,False,-35.691,-35.691,971,519,505,1024,True,reject,0,effectively rejected
225,57,5,2,3,True,-2.0079,-2.0079,519,459,565,1024,False,,0,genuinely stochastic
225,116,6,2,4,False,-63.9297,-63.9297,519,45,979,1024,False,,0,effectively rejected
225,58,5,1,4,False,-37.1555,-37.1555,971,758,266,1024,True,reject,0,effectively rejected
225,117,6,2,4,True,-35.1811,-35.1811,758,248,776,1024,False,,0,effectively rejected
225,14,3,0,3,False,-63.9297,-63.9297,1024,45,979,1024,False,,0,effectively rejected
225,30,4,0,4,False,0.5514,0.0,1024,678,346,1024,False,,0,effectively accepted
225,62,5,0,5,False,-42.3572,-42.3572,1024,655,369,1024,False,,0,effectively rejected
226,0,0,0,0,False,-38.0005,-38.0005,1024,656,368,1024,True,reject,0,effectively rejected
226,1,1,1,0,True,-32.9592,-32.9592,656,637,387,1024,False,,0,effectively rejected
226,2,1,0,1,False,-45.3491,-45.3491,1024,620,404,1024,True,reject,0,effectively rejected
226,6,2,0,2,False,1.1973,0.0,1024,168,856,1024,True,accept,0,effectively accepted
226,14,3,0,3,False,-0.2678,-0.2678,1024,370,654,1024,False,,0,genuinely stochastic
226,30,4,0,4,False,-0.3607,-0.3607,1024,889,135,1024,False,,0,genuinely stochastic
226,62,5,0,5,False,-31.5164,-31.5164,1024,201,823,1024,False,,0,effectively rejected
227,0,0,0,0,False,-25.7779,-25.7779,1024,666,358,1024,True,reject,0,effectively rejected
227,1,1,1,0,True,-32.2963,-32.2963,666,560,464,1024,False,,0,effectively rejected
227,2,1,0,1,False,-33.5767,-33.5767,1024,660,364,1024,True,reject,0,effectively rejected
227,5,2,1,1,True,-27.8705,-27.8705,660,260,764,1024,False,,0,effectively rejected
227,11,3,2,1,True,-39.1676,-39.1676,260,158,866,1024,False,,0,effectively rejected
227,23,4,3,1,True,-2.4606,-2.4606,158,146,878,1024,False,,0,genuinely stochastic
227,12,3,1,2,False,-29.1988,-29.1988,660,197,827,1024,False,,0,effectively rejected
227,26,4,1,3,False,-50.8278,-50.8278,660,656,368,1024,False,,0,effectively rejected
227,54,5,1,4,False,-58.201,-58.201,660,168,856,1024,False,,0,effectively rejected
227,6,2,0,2,False,-31.4186,-31.4186,1024,185,839,1024,True,reject,0,effectively rejected
227,13,3,1,2,True,-50.4571,-50.4571,185,36,988,1024,False,,0,effectively rejected
227,14,3,0,3,False,-30.6838,-30.6838,1024,111,913,1024,True,reject,0,effectively rejected
227,30,4,0,4,False,-77.2096,-77.2096,1024,169,855,1024,True,reject,0,effectively rejected
228,0,0,0,0,False,-52.1984,-52.1984,1024,522,502,1024,True,reject,0,effectively rejected
228,1,1,1,0,True,-34.445,-34.445,522,391,633,1024,False,,0,effectively rejected
228,2,1,0,1,False,3.5484,0.0,1024,508,516,1024,True,accept,0,effectively accepted
228,6,2,0,2,False,-37.2428,-37.2428,1024,639,385,1024,False,,0,effectively rejected
228,13,3,1,2,True,-54.1848,-54.1848,639,217,807,1024,False,,0,effectively rejected
228,28,4,1,3,False,-47.7791,-47.7791,639,231,793,1024,False,,0,effectively rejected
228,14,3,0,3,False,-38.9323,-38.9323,1024,197,827,1024,False,,0,effectively rejected
228,30,4,0,4,False,-2.2514,-2.2514,1024,868,156,1024,False,,0,genuinely stochastic
228,61,5,1,4,True,-33.3831,-33.3831,868,375,649,1024,False,,0,effectively rejected
228,123,6,2,4,True,-39.1928,-39.1928,375,189,835,1024,False,,0,effectively rejected
228,247,7,3,4,True,-37.8546,-37.8546,189,133,891,1024,False,,0,effectively rejected
228,62,5,0,5,False,-37.8407,-37.8407,1024,417,607,1024,False,,0,effectively rejected
229,0,0,0,0,False,-34.261,-34.261,1024,409,615,1024,True,reject,0,effectively rejected
229,2,1,0,1,False,-3.3288,-3.3288,1024,567,457,1024,True,reject,0,genuinely stochastic
229,6,2,0,2,False,-38.5773,-38.5773,1024,719,305,1024,True,reject,0,effectively rejected
229,14,3,0,3,False,-37.1087,-37.1087,1024,247,777,1024,True,reject,0,effectively rejected
229,30,4,0,4,False,0.1154,0.0,1024,872,152,1024,True,accept,0,effectively accepted
229,61,5,1,4,True,-41.4362,-41.4362,872,42,982,1024,True,reject,0,effectively rejected
229,124,6,1,5,False,-32.2664,-32.2664,872,693,331,1024,True,reject,0,effectively rejected
229,249,7,2,5,True,-41.0945,-41.0945,693,182,842,1024,False,,0,effectively rejected
229,62,5,0,5,False,-1.5991,-1.5991,1024,910,114,1024,False,,0,genuinely stochastic
229,125,6,1,5,True,-4.4318,-4.4318,910,264,760,1024,False,,0,genuinely stochastic
229,126,6,0,6,False,-41.6024,-41.6024,1024,644,380,1024,False,,0,effectively rejected
230,0,0,0,0,False,-79.8341,-79.8341,1024,71,953,1024,True,reject,0,effectively rejected
230,2,1,0,1,False,0.1481,0.0,1024,1011,13,1024,True,accept,0,effectively accepted
230,5,2,1,1,True,-49.8295,-49.8295,1011,123,901,1024,True,reject,0,effectively rejected
230,12,3,1,2,False,-48.8115,-48.8115,1011,374,650,1024,True,reject,0,effectively rejected
230,25,4,2,2,True,-72.9758,-72.9758,374,210,814,1024,False,,0,effectively rejected
230,51,5,3,2,True,-38.6356,-38.6356,210,192,832,1024,False,,0,effectively rejected
230,26,4,1,3,False,-38.226,-38.226,1011,447,577,1024,True,reject,0,effectively rejected
230,53,5,2,3,True,-27.8055,-27.8055,447,69,955,1024,False,,0,effectively rejected
230,108,6,2,4,False,-34.7084,-34.7084,447,394,630,1024,False,,0,effectively rejected
230,54,5,1,4,False,-37.469,-37.469,1011,326,698,1024,True,reject,0,effectively rejected
230,6,2,0,2,False,-53.7214,-53.7214,1024,754,270,1024,False,,0,effectively rejected
230,13,3,1,2,True,-52.0444,-52.0444,754,22,1002,1024,False,,0,effectively rejected
230,28,4,1,3,False,-69.0483,-69.0483,754,443,581,1024,False,,0,effectively rejected
230,58,5,1,4,False,-29.071,-29.071,754,727,297,1024,False,,0,effectively rejected
230,14,3,0,3,False,-44.3735,-44.3735,1024,204,820,1024,False,,0,effectively rejected
230,30,4,0,4,False,-59.443,-59.443,1024,91,933,1024,False,,0,effectively rejected
231,0,0,0,0,False,-1.7798,-1.7798,1024,894,130,1024,True,reject,0,genuinely stochastic
231,1,1,1,0,True,-57.2365,-57.2365,894,237,787,1024,False,,0,effectively rejected
231,4,2,1,1,False,-60.1624,-60.1624,894,184,840,1024,False,,0,effectively rejected
231,10,3,1,2,False,-40.1533,-40.1533,894,375,649,1024,False,,0,effectively rejected
231,21,4,2,2,True,-59.1653,-59.1653,375,230,794,1024,False,,0,effectively rejected
231,44,5,2,3,False,-42.7915,-42.7915,375,232,792,1024,False,,0,effectively rejected
231,89,6,3,3,True,-43.7848,-43.7848,232,63,961,1024,False,,0,effectively rejected
231,22,4,1,3,False,-35.3064,-35.3064,894,705,319,1024,False,,0,effectively rejected
231,45,5,2,3,True,-36.2931,-36.2931,705,27,997,1024,False,,0,effectively rejected
231,46,5,1,4,False,-39.6541,-39.6541,894,175,849,1024,False,,0,effectively rejected
231,2,1,0,1,False,-40.4434,-40.4434,1024,581,443,1024,True,reject,0,effectively rejected
231,6,2,0,2,False,-41.0933,-41.0933,1024,670,354,1024,True,reject,0,effectively rejected
231,14,3,0,3,False,-0.0566,-0.0566,1024,985,39,1024,True,accept,0,genuinely stochastic
231,29,4,1,3,True,-2.9341,-2.9341,985,454,570,1024,True,reject,0,genuinely stochastic
231,59,5,2,3,True,-90.3145,-90.3145,454,33,991,1024,False,,0,effectively rejected
231,60,5,1,4,False,-1.4863,-1.4863,985,763,261,1024,True,accept,0,genuinely stochastic
231,30,4,0,4,False,-54.7159,-54.7159,1024,84,940,1024,False,,0,effectively rejected
232,0,0,0,0,False,-34.1549,-34.1549,1024,501,523,1024,True,reject,0,effectively rejected
233,0,0,0,0,False,3.4369,0.0,1024,926,98,1024,True,accept,0,effectively accepted
233,1,1,1,0,True,36.4009,0.0,926,455,569,1024,True,accept,0,effectively accepted
233,4,2,1,1,False,-1.7201,-1.7201,926,561,463,1024,False,,0,genuinely stochastic
233,9,3,2,1,True,39.3163,0.0,561,275,749,1024,False,,0,effectively accepted
233,19,4,3,1,True,31.5995,0.0,275,132,892,1024,False,,0,effectively accepted
233,39,5,4,1,True,69.0566,0.0,132,42,982,1024,False,,0,effectively accepted
233,20,4,2,2,False,-0.1074,-0.1074,561,497,527,1024,False,,0,genuinely stochastic
233,41,5,3,2,True,20.0233,0.0,497,184,840,1024,False,,0,effectively accepted
233,2,1,0,1,False,7.3424,0.0,1024,747,277,1024,False,,0,effectively accepted
233,6,2,0,2,False,-1.8752,-1.8752,1024,825,199,1024,False,,0,genuinely stochastic
233,13,3,1,2,True,13.1702,0.0,825,227,797,1024,False,,0,effectively accepted
233,14,3,0,3,False,52.8167,0.0,1024,293,731,1024,False,,0,effectively accepted
234,0,0,0,0,False,-37.8658,-37.8658,1024,332,692,1024,True,reject,0,effectively rejected
234,2,1,0,1,False,3.455,0.0,1024,149,875,1024,True,accept,0,effectively accepted
234,6,2,0,2,False,-32.9422,-32.9422,1024,651,373,1024,False,,0,effectively rejected
234,14,3,0,3,False,-7.8959,-7.8959,1024,436,588,1024,False,,0,effectively rejected
234,30,4,0,4,False,44.3305,0.0,1024,254,770,1024,False,,0,effectively accepted
234,61,5,1,4,True,-7.0279,-7.0279,254,32,992,1024,False,,0,effectively rejected
234,62,5,0,5,False,-3.6562,-3.6562,1024,827,197,1024,False,,0,genuinely stochastic
234,125,6,1,5,True,-39.3494,-39.3494,827,582,442,1024,False,,0,effectively rejected
234,126,6,0,6,False,-1.5957,-1.5957,1024,798,226,1024,False,,0,genuinely stochastic
234,253,7,1,6,True,-3.5608,-3.5608,798,700,324,1024,False,,0,genuinely stochastic
235,0,0,0,0,False,-34.7416,-34.7416,1024,569,455,1024,True,reject,0,effectively rejected
235,2,1,0,1,False,-44.345,-44.345,1024,138,886,1024,True,reject,0,effectively rejected
235,6,2,0,2,False,-0.5382,-0.5382,1024,989,35,1024,True,accept,0,genuinely stochastic
235,13,3,1,2,True,0.6171,0.0,989,442,582,1024,True,accept,0,effectively accepted
235,28,4,1,3,False,60.0654,0.0,989,47,977,1024,False,,0,effectively accepted
235,58,5,1,4,False,34.0717,0.0,989,109,915,1024,False,,0,effectively accepted
235,14,3,0,3,False,-16.504,-16.504,1024,268,756,1024,False,,0,effectively rejected
235,30,4,0,4,False,-2.413,-2.413,1024,769,255,1024,False,,0,genuinely stochastic
235,62,5,0,5,False,0.0,0.0,1024,1013,11,1024,False,,0,effectively accepted
236,0,0,0,0,False,-40.4731,-40.4731,1024,133,891,1024,True,reject,0,effectively rejected
236,2,1,0,1,False,33.1249,0.0,1024,55,969,1024,True,accept,0,effectively accepted
236,6,2,0,2,False,-11.6219,-11.6219,1024,584,440,1024,False,,0,effectively rejected
236,13,3,1,2,True,-14.3509,-14.3509,584,487,537,1024,False,,0,effectively rejected
236,27,4,2,2,True,-39.0794,-39.0794,487,343,681,1024,False,,0,effectively rejected
236,55,5,3,2,True,-19.2329,-19.2329,343,285,739,1024,False,,0,effectively rejected
236,111,6,4,2,True,-26.9348,-26.9348,285,244,780,1024,False,,0,effectively rejected
236,112,6,3,3,False,-9.3602,-9.3602,343,126,898,1024,False,,0,effectively rejected
236,56,5,2,3,False,-37.8026,-37.8026,487,366,658,1024,False,,0,effectively rejected
236,113,6,3,3,True,-15.3471,-15.3471,366,294,730,1024,False,,0,effectively rejected
236,227,7,4,3,True,0.2091,0.0,294,260,764,1024,False,,0,effectively accepted
236,114,6,2,4,False,-52.9123,-52.9123,487,330,694,1024,False,,0,effectively rejected
236,28,4,1,3,False,-17.2839,-17.2839,584,248,776,1024,False,,0,effectively rejected
236,14,3,0,3,False,0.0,0.0,1024,1005,19,1024,False,,0,effectively accepted
236,29,4,1,3,True,-9.9897,-9.9897,1005,688,336,1024,False,,0,effectively rejected
236,59,5,2,3,True,-9.1494,-9.1494,688,549,475,1024,False,,0,effectively rejected
236,119,6,3,3,True,-1.174,-1.174,549,263,761,1024,False,,0,genuinely stochastic
236,30,4,0,4,False,-0.9188,-0.9188,1024,279,745,1024,False,,0,genuinely stochastic
237,0,0,0,0,False,-1.634,-1.634,1024,857,167,1024,True,reject,0,genuinely stochastic
237,1,1,1,0,True,0.7362,0.0,857,545,479,1024,False,,0,effectively accepted
237,4,2,1,1,False,1.794,0.0,857,695,329,1024,False,,0,effectively accepted
237,9,3,2,1,True,1.7442,0.0,695,582,442,1024,False,,0,effectively accepted
237,10,3,1,2,False,1.0006,0.0,857,677,347,1024,False,,0,effectively accepted
237,2,1,0,1,False,0.6096,0.0,1024,774,250,1024,True,accept,0,effectively accepted
237,5,2,1,1,True,0.1939,0.0,774,709,315,1024,True,accept,0,effectively accepted
237,12,3,1,2,False,-28.9702,-28.9702,774,145,879,1024,False,,0,effectively rejected
237,6,2,0,2,False,2.0486,0.0,1024,906,118,1024,False,,0,effectively accepted
237,13,3,1,2,True,-0.493,-0.493,906,574,450,1024,False,,0,genuinely stochastic
237,27,4,2,2,True,1.8794,0.0,574,45,979,1024,False,,0,effectively accepted
237,14,3,0,3,False,-55.0551,-55.0551,1024,398,626,1024,False,,0,effectively rejected
238,0,0,0,0,False,-8.4243,-8.4243,1024,240,784,1024,True,reject,0,effectively rejected
238,2,1,0,1,False,2.624,0.0,1024,813,211,1024,True,accept,0,effectively accepted
238,5,2,1,1,True,-83.6631,-83.6631,813,63,961,1024,True,reject,0,effectively rejected
238,12,3,1,2,False,1.5277,0.0,813,525,499,1024,True,accept,0,effectively accepted
238,25,4,2,2,True,0.1575,0.0,525,517,507,1024,True,accept,0,effectively accepted
238,6,2,0,2,False,-13.4214,-13.4214,1024,441,583,1024,False,,0,effectively rejected
238,13,3,1,2,True,2.7953,0.0,441,254,770,1024,False,,0,effectively accepted
238,14,3,0,3,False,1.0784,0.0,1024,591,433,1024,False,,0,effectively accepted
238,30,4,0,4,False,0.579,0.0,1024,673,351,1024,False,,0,effectively accepted
238,62,5,0,5,False,-24.0692,-24.0692,1024,294,730,1024,False,,0,effectively rejected
239,0,0,0,0,False,1.0449,0.0,1024,790,234,1024,True,accept,0,effectively accepted
239,1,1,1,0,True,18.8108,0.0,790,68,956,1024,True,accept,0,effectively accepted
239,4,2,1,1,False,-7.15,-7.15,790,7,1017,1024,False,,0,effectively rejected
239,10,3,1,2,False,2.1736,0.0,790,761,263,1024,False,,0,effectively accepted
239,21,4,2,2,True,3.2658,0.0,761,656,368,1024,False,,0,effectively accepted
239,43,5,3,2,True,3.1482,0.0,656,98,926,1024,False,,0,effectively accepted
239,88,6,3,3,False,9.1135,0.0,656,297,727,1024,False,,0,effectively accepted
239,22,4,1,3,False,-8.6649,-8.6649,790,374,650,1024,False,,0,effectively rejected
239,45,5,2,3,True,-0.109,-0.109,374,198,826,1024,False,,0,genuinely stochastic
239,91,6,3,3,True,-30.4858,-30.4858,198,20,1004,1024,False,,0,effectively rejected
239,46,5,1,4,False,4.698,0.0,790,79,945,1024,False,,0,effectively accepted
239,2,1,0,1,False,2.7757,0.0,1024,710,314,1024,False,,0,effectively accepted
239,6,2,0,2,False,-1.1851,-1.1851,1024,599,425,1024,False,,0,genuinely stochastic
239,14,3,0,3,False,18.8487,0.0,1024,21,1003,1024,False,,0,effectively accepted
239,30,4,0,4,False,18.679,0.0,1024,291,733,1024,False,,0,effectively accepted
240,0,0,0,0,False,-4.0519,-4.0519,1024,718,306,1024,True,reject,0,genuinely stochastic
240,1,1,1,0,True,-76.2699,-76.2699,718,114,910,1024,False,,0,effectively rejected
240,2,1,0,1,False,-3.412,-3.412,1024,594,430,1024,True,reject,0,genuinely stochastic
240,6,2,0,2,False,-68.1548,-68.1548,1024,68,956,1024,True,reject,0,effectively rejected
240,14,3,0,3,False,-100.8189,-100.8189,1024,41,983,1024,True,reject,0,effectively rejected
240,30,4,0,4,False,-15.4691,-15.4691,1024,257,767,1024,True,reject,0,effectively rejected
240,61,5,1,4,True,-29.7578,-29.7578,257,31,993,1024,False,,0,effectively rejected
240,123,6,2,4,True,15.5901,0.0,31,27,997,1024,False,,0,effectively accepted
240,62,5,0,5,False,-37.2922,-37.2922,1024,139,885,1024,True,reject,0,effectively rejected
241,0,0,0,0,False,-2.0567,-2.0567,1024,828,196,1024,True,reject,0,genuinely stochastic
241,1,1,1,0,True,0.9969,0.0,828,639,385,1024,False,,0,effectively accepted
241,3,2,2,0,True,-3.3393,-3.3393,639,628,396,1024,False,,0,genuinely stochastic
241,7,3,3,0,True,0.9428,0.0,628,555,469,1024,False,,0,effectively accepted
241,16,4,3,1,False,1.3655,0.0,628,465,559,1024,False,,0,effectively accepted
241,8,3,2,1,False,-19.7238,-19.7238,639,123,901,1024,False,,0,effectively rejected
241,4,2,1,1,False,-4.2174,-4.2174,828,87,937,1024,False,,0,genuinely stochastic
241,10,3,1,2,False,1.8757,0.0,828,543,481,1024,False,,0,effectively accepted
241,21,4,2,2,True,20.7892,0.0,543,370,654,1024,False,,0,effectively accepted
241,22,4,1,3,False,-3.8063,-3.8063,828,702,322,1024,False,,0,genuinely stochastic
241,2,1,0,1,False,-0.9685,-0.9685,1024,771,253,1024,True,reject,0,genuinely stochastic
241,5,2,1,1,True,-5.5478,-5.5478,771,102,922,1024,False,,0,effectively rejected
241,6,2,0,2,False,0.0928,0.0,1024,989,35,1024,True,accept,0,effectively accepted
241,13,3,1,2,True,-19.951,-19.951,989,178,846,1024,True,reject,0,effectively rejected
241,14,3,0,3,False,-17.2964,-17.2964,1024,179,845,1024,False,,0,effectively rejected
242,0,0,0,0,False,-42.8247,-42.8247,1024,233,791,1024,True,reject,0,effectively rejected
242,2,1,0,1,False,-50.206,-50.206,1024,466,558,1024,True,reject,0,effectively rejected
242,6,2,0,2,False,-36.506,-36.506,1024,420,604,1024,True,reject,0,effectively rejected
242,14,3,0,3,False,1.6363,0.0,1024,533,491,1024,True,accept,0,effectively accepted
242,30,4,0,4,False,-1.948,-1.948,1024,807,217,1024,False,,0,genuinely stochastic
242,61,5,1,4,True,-0.9579,-0.9579,807,623,401,1024,False,,0,genuinely stochastic
242,124,6,1,5,False,0.1736,0.0,807,442,582,1024,False,,0,effectively accepted
242,62,5,0,5,False,-45.4863,-45.4863,1024,430,594,1024,False,,0,effectively rejected
242,126,6,0,6,False,-0.8926,-0.8926,1024,562,462,1024,False,,0,genuinely stochastic
243,0,0,0,0,False,-2.7138,-2.7138,1024,528,496,1024,True,reject,0,genuinely stochastic
243,1,1,1,0,True,-19.1637,-19.1637,528,290,734,1024,False,,0,effectively rejected
243,2,1,0,1,False,-13.5584,-13.5584,1024,60,964,1024,True,reject,0,effectively rejected
243,6,2,0,2,False,3.3294,0.0,1024,759,265,1024,True,accept,0,effectively accepted
243,13,3,1,2,True,-16.672,-16.672,759,218,806,1024,True,reject,0,effectively rejected
243,28,4,1,3,False,1.2323,0.0,759,693,331,1024,True,accept,0,effectively accepted
243,57,5,2,3,True,-15.6174,-15.6174,693,226,798,1024,True,reject,0,effectively rejected
243,116,6,2,4,False,-50.7388,-50.7388,693,468,556,1024,True,reject,0,effectively rejected
243,58,5,1,4,False,-33.6331,-33.6331,759,456,568,1024,False,,0,effectively rejected
243,14,3,0,3,False,-15.5829,-15.5829,1024,214,810,1024,False,,0,effectively rejected
243,30,4,0,4,False,-0.1678,-0.1678,1024,860,164,1024,False,,0,genuinely stochastic
243,61,5,1,4,True,-34.7632,-34.7632,860,292,732,1024,False,,0,effectively rejected
243,62,5,0,5,False,1.2257,0.0,1024,663,361,1024,False,,0,effectively accepted
244,0,0,0,0,False,-4.9953,-4.9953,1024,788,236,1024,True,reject,0,effectively rejected
244,1,1,1,0,True,-2.8365,-2.8365,788,567,457,1024,False,,0,genuinely stochastic
244,4,2,1,1,False,6.0941,0.0,788,314,710,1024,False,,0,effectively accepted
244,2,1,0,1,False,16.7788,0.0,1024,370,654,1024,True,accept,0,effectively accepted
244,6,2,0,2,False,-27.3938,-27.3938,1024,369,655,1024,False,,0,effectively rejected
244,14,3,0,3,False,1.0155,0.0,1024,589,435,1024,False,,0,effectively accepted
244,30,4,0,4,False,-16.522,-16.522,1024,124,900,1024,False,,0,effectively rejected
245,0,0,0,0,False,-0.1487,-0.1487,1024,712,312,1024,True,reject,0,genuinely stochastic
245,1,1,1,0,True,-31.337,-31.337,712,351,673,1024,False,,0,effectively rejected
245,3,2,2,0,True,-18.6151,-18.6151,351,197,827,1024,False,,0,effectively rejected
245,7,3,3,0,True,-31.5232,-31.5232,197,116,908,1024,False,,0,effectively rejected
245,15,4,4,0,True,-79.5801,-79.5801,116,49,975,1024,False,,0,effectively rejected
245,4,2,1,1,False,-20.3027,-20.3027,712,359,665,1024,False,,0,effectively rejected
245,10,3,1,2,False,-17.4804,-17.4804,712,455,569,1024,False,,0,effectively rejected
245,22,4,1,3,False,3.24,0.0,712,587,437,1024,False,,0,effectively accepted
245,45,5,2,3,True,-1.4189,-1.4189,587,560,464,1024,False,,0,genuinely stochastic
245,2,1,0,1,False,-48.0981,-48.0981,1024,433,591,1024,True,reject,0,effectively rejected
245,5,2,1,1,True,-7.3825,-7.3825,433,277,747,1024,False,,0,effectively rejected
245,12,3,1,2,False,-39.7359,-39.7359,433,125,899,1024,False,,0,effectively rejected
245,26,4,1,3,False,-39.1612,-39.1612,433,0,1024,1024,False,,0,effectively rejected
245,6,2,0,2,False,-68.3115,-68.3115,1024,42,982,1024,True,reject,0,effectively rejected
245,14,3,0,3,False,-37.244,-37.244,1024,327,697,1024,True,reject,0,effectively rejected
245,29,4,1,3,True,-54.3371,-54.3371,327,149,875,1024,False,,0,effectively rejected
246,0,0,0,0,False,-1.2344,-1.2344,1024,513,511,1024,True,accept,0,genuinely stochastic
246,1,1,1,0,True,-13.6767,-13.6767,513,462,562,1024,True,reject,0,effectively rejected
246,3,2,2,0,True,-31.8585,-31.8585,462,323,701,1024,False,,0,effectively rejected
246,7,3,3,0,True,-33.6122,-33.6122,323,53,971,1024,False,,0,effectively rejected
246,16,4,3,1,False,-29.8894,-29.8894,323,35,989,1024,False,,0,effectively rejected
246,4,2,1,1,False,-46.5272,-46.5272,513,334,690,1024,True,reject,0,effectively rejected
246,10,3,1,2,False,-18.3321,-18.3321,513,384,640,1024,True,reject,0,effectively rejected
246,21,4,2,2,True,-37.8893,-37.8893,384,97,927,1024,False,,0,effectively rejected
246,2,1,0,1,False,-6.5995,-6.5995,1024,526,498,1024,False,,0,effectively rejected
246,5,2,1,1,True,-34.2764,-34.2764,526,331,693,1024,False,,0,effectively rejected
246,11,3,2,1,True,-63.1005,-63.1005,331,27,997,1024,False,,0,effectively rejected
246,24,4,2,2,False,-35.4356,-35.4356,331,5,1019,1024,False,,0,effectively rejected
246,6,2,0,2,False,-42.0656,-42.0656,1024,84,940,1024,False,,0,effectively rejected
246,14,3,0,3,False,-0.037,-0.037,1024,774,250,1024,False,,0,genuinely stochastic
247,0,0,0,0,False,-0.9316,-0.9316,1024,798,226,1024,True,accept,0,genuinely stochastic
247,1,1,1,0,True,-0.1476,-0.1476,798,782,242,1024,True,accept,0,genuinely stochastic
247,3,2,2,0,True,1.5171,0.0,782,532,492,1024,True,accept,0,effectively accepted
247,7,3,3,0,True,-34.7197,-34.7197,532,341,683,1024,True,reject,0,effectively rejected
247,16,4,3,1,False,-19.0407,-19.0407,532,402,622,1024,True,reject,0,effectively rejected
247,8,3,2,1,False,-30.2396,-30.2396,782,89,935,1024,False,,0,effectively rejected
247,4,2,1,1,False,1.2373,0.0,798,582,442,1024,False,,0,effectively accepted
247,9,3,2,1,True,2.4231,0.0,582,549,475,1024,False,,0,effectively accepted
247,20,4,2,2,False,-39.3379,-39.3379,582,14,1010,1024,False,,0,effectively rejected
247,42,5,2,3,False,-7.0991,-7.0991,582,296,728,1024,False,,0,effectively rejected
247,2,1,0,1,False,-36.614,-36.614,1024,226,798,1024,False,,0,effectively rejected
247,6,2,0,2,False,-64.9442,-64.9442,1024,252,772,1024,False,,0,effectively rejected
247,14,3,0,3,False,16.5206,0.0,1024,144,880,1024,False,,0,effectively accepted
248,0,0,0,0,False,-33.1441,-33.1441,1024,251,773,1024,True,reject,0,effectively rejected
248,2,1,0,1,False,-7.909,-7.909,1024,151,873,1024,True,reject,0,effectively rejected
248,6,2,0,2,False,-12.7759,-12.7759,1024,473,551,1024,True,reject,0,effectively rejected
248,13,3,1,2,True,-64.9781,-64.9781,473,363,661,1024,False,,0,effectively rejected
248,28,4,1,3,False,-17.5069,-17.5069,473,199,825,1024,False,,0,effectively rejected
248,58,5,1,4,False,-11.6657,-11.6657,473,442,582,1024,False,,0,effectively rejected
248,14,3,0,3,False,-1.5422,-1.5422,1024,680,344,1024,True,accept,0,genuinely stochastic
248,29,4,1,3,True,-56.6473,-56.6473,680,306,718,1024,True,reject,0,effectively rejected
248,60,5,1,4,False,-7.1411,-7.1411,680,390,634,1024,True,reject,0,effectively rejected
248,121,6,2,4,True,-31.9774,-31.9774,390,250,774,1024,False,,0,effectively rejected
248,244,7,2,5,False,-9.7171,-9.7171,390,326,698,1024,False,,0,effectively rejected
248,489,8,3,5,True,-73.5518,-73.5518,326,130,894,1024,False,,0,effectively rejected
248,979,9,4,5,True,-40.0407,-40.0407,130,81,943,1024,False,,0,effectively rejected
248,122,6,1,5,False,-8.6733,-8.6733,680,511,513,1024,True,reject,0,effectively rejected
248,245,7,2,5,True,-36.5815,-36.5815,511,221,803,1024,False,,0,effectively rejected
248,30,4,0,4,False,-33.8214,-33.8214,1024,27,997,1024,False,,0,effectively rejected
248,62,5,0,5,False,-5.409,-5.409,1024,502,522,1024,False,,0,effectively rejected
248,126,6,0,6,False,-0.0918,-0.0918,1024,726,298,1024,False,,0,genuinely stochastic
249,0,0,0,0,False,1.2808,0.0,1024,773,251,1024,True,accept,0,effectively accepted
249,1,1,1,0,True,-0.5933,-0.5933,773,612,412,1024,True,accept,0,genuinely stochastic
249,2,1,0,1,False,-56.5092,-56.5092,1024,149,875,1024,False,,0,effectively rejected
249,6,2,0,2,False,-13.0227,-13.0227,1024,387,637,1024,False,,0,effectively rejected
249,14,3,0,3,False,-18.5216,-18.5216,1024,15,1009,1024,False,,0,effectively rejected
249,30,4,0,4,False,-1.405,-1.405,1024,919,105,1024,False,,0,genuinely stochastic
249,61,5,1,4,True,0.8626,0.0,919,532,492,1024,False,,0,effectively accepted
249,123,6,2,4,True,-111.7404,-111.7404,532,192,832,1024,False,,0,effectively rejected
249,62,5,0,5,False,-55.379,-55.379,1024,418,606,1024,False,,0,effectively rejected
250,0,0,0,0,False,4.0933,0.0,1024,615,409,1024,True,accept,0,effectively accepted
250,2,1,0,1,False,-2.5014,-2.5014,1024,752,272,1024,False,,0,genuinely stochastic
250,5,2,1,1,True,2.938,0.0,752,593,431,1024,False,,0,effectively accepted
250,6,2,0,2,False,5.7297,0.0,1024,24,1000,1024,False,,0,effectively accepted
250,14,3,0,3,False,1.8165,0.0,1024,817,207,1024,False,,0,effectively accepted
250,29,4,1,3,True,-20.6162,-20.6162,817,382,642,1024,False,,0,effectively rejected
250,30,4,0,4,False,6.1207,0.0,1024,559,465,1024,False,,0,effectively accepted
251,0,0,0,0,False,-62.0041,-62.0041,1024,439,585,1024,True,reject,0,effectively rejected
251,2,1,0,1,False,-2.9143,-2.9143,1024,603,421,1024,True,reject,0,genuinely stochastic
251,6,2,0,2,False,-3.557,-3.557,1024,576,448,1024,True,reject,0,genuinely stochastic
251,13,3,1,2,True,-43.0205,-43.0205,576,7,1017,1024,False,,0,effectively rejected
251,28,4,1,3,False,-71.4472,-71.4472,576,242,782,1024,False,,0,effectively rejected
251,14,3,0,3,False,0.0,0.0,1024,1018,6,1024,True,accept,0,effectively accepted
251,29,4,1,3,True,-16.4781,-16.4781,1018,409,615,1024,True,reject,0,effectively rejected
251,60,5,1,4,False,-35.6922,-35.6922,1018,233,791,1024,True,reject,0,effectively rejected
251,30,4,0,4,False,-2.1919,-2.1919,1024,827,197,1024,False,,0,genuinely stochastic
251,61,5,1,4,True,-36.3392,-36.3392,827,345,679,1024,False,,0,effectively rejected
252,0,0,0,0,False,-20.1813,-20.1813,1024,368,656,1024,True,reject,0,effectively rejected
252,1,1,1,0,True,-72.2124,-72.2124,368,319,705,1024,False,,0,effectively rejected
252,3,2,2,0,True,-34.715,-34.715,319,311,713,1024,False,,0,effectively rejected
252,4,2,1,1,False,-65.4518,-65.4518,368,177,847,1024,False,,0,effectively rejected
252,10,3,1,2,False,-52.0562,-52.0562,368,194,830,1024,False,,0,effectively rejected
252,21,4,2,2,True,-79.9468,-79.9468,194,70,954,1024,False,,0,effectively rejected
252,2,1,0,1,False,-2.2121,-2.2121,1024,930,94,1024,True,reject,0,genuinely stochastic
252,5,2,1,1,True,-30.2237,-30.2237,930,57,967,1024,False,,0,effectively rejected
252,12,3,1,2,False,-67.3133,-67.3133,930,81,943,1024,False,,0,effectively rejected
252,26,4,1,3,False,-3.2246,-3.2246,930,736,288,1024,False,,0,genuinely stochastic
252,53,5,2,3,True,-58.5236,-58.5236,736,148,876,1024,False,,0,effectively rejected
252,6,2,0,2,False,0.1048,0.0,1024,629,395,1024,True,accept,0,effectively accepted
252,13,3,1,2,True,-7.9662,-7.9662,629,508,516,1024,True,reject,0,effectively rejected
252,28,4,1,3,False,-9.9355,-9.9355,629,205,819,1024,True,reject,0,effectively rejected
252,14,3,0,3,False,-4.3707,-4.3707,1024,561,463,1024,False,,0,genuinely stochastic
252,29,4,1,3,True,-54.1634,-54.1634,561,467,557,1024,False,,0,effectively rejected
252,30,4,0,4,False,-2.1277,-2.1277,1024,865,159,1024,False,,0,genuinely stochastic
253,0,0,0,0,False,-3.9681,-3.9681,1024,862,162,1024,True,reject,0,genuinely stochastic
253,1,1,1,0,True,-21.4557,-21.4557,862,490,534,1024,False,,0,effectively rejected
253,2,1,0,1,False,0.0007,0.0,1024,1013,11,1024,True,accept,0,effectively accepted
253,5,2,1,1,True,-0.0023,-0.0023,1013,969,55,1024,True,accept,0,effectively accepted
253,11,3,2,1,True,-3.4537,-3.4537,969,866,158,1024,True,reject,0,genuinely stochastic
253,24,4,2,2,False,-18.6107,-18.6107,969,293,731,1024,True,reject,0,effectively rejected
253,50,5,2,3,False,-73.9725,-73.9725,969,291,733,1024,True,reject,0,effectively rejected
253,12,3,1,2,False,-4.1473,-4.1473,1013,820,204,1024,False,,0,genuinely stochastic
253,26,4,1,3,False,-40.3575,-40.3575,1013,334,690,1024,False,,0,effectively rejected
253,6,2,0,2,False,-1.0181,-1.0181,1024,825,199,1024,False,,0,genuinely stochastic
253,13,3,1,2,True,-9.9195,-9.9195,825,656,368,1024,False,,0,effectively rejected
253,28,4,1,3,False,-12.2134,-12.2134,825,408,616,1024,False,,0,effectively rejected
253,14,3,0,3,False,-6.4913,-6.4913,1024,686,338,1024,False,,0,effectively rejected
254,0,0,0,0,False,-61.6407,-61.6407,1024,374,650,1024,True,reject,0,effectively rejected
254,2,1,0,1,False,-16.728,-16.728,1024,393,631,1024,True,reject,0,effectively rejected
254,6,2,0,2,False,-1.4273,-1.4273,1024,549,475,1024,True,reject,0,genuinely stochastic
254,13,3,1,2,True,-37.8826,-37.8826,549,86,938,1024,False,,0,effectively rejected
254,28,4,1,3,False,-119.1794,-119.1794,549,24,1000,1024,False,,0,effectively rejected
254,58,5,1,4,False,-31.7896,-31.7896,549,295,729,1024,False,,0,effectively rejected
254,117,6,2,4,True,-34.7366,-34.7366,295,260,764,1024,False,,0,effectively rejected
254,14,3,0,3,False,-36.1549,-36.1549,1024,338,686,1024,True,reject,0,effectively rejected
254,29,4,1,3,True,-37.7447,-37.7447,338,207,817,1024,False,,0,effectively rejected
254,30,4,0,4,False,-2.7695,-2.7695,1024,892,132,1024,True,reject,0,genuinely stochastic
254,61,5,1,4,True,-39.1745,-39.1745,892,134,890,1024,False,,0,effectively rejected
255,0,0,0,0,False,-63.02,-63.02,1024,127,897,1024,True,reject,0,effectively rejected
255,2,1,0,1,False,-0.9543,-0.9543,1024,758,266,1024,True,reject,0,genuinely stochastic
255,6,2,0,2,False,-48.3189,-48.3189,1024,267,757,1024,True,reject,0,effectively rejected
255,13,3,1,2,True,-33.9255,-33.9255,267,209,815,1024,False,,0,effectively rejected
255,14,3,0,3,False,-92.5995,-92.5995,1024,68,956,1024,True,reject,0,effectively rejected
255,30,4,0,4,False,-44.9095,-44.9095,1024,59,965,1024,True,reject,0,effectively rejected
256,0,0,0,0,False,-2.1259,-2.1259,1024,961,63,1024,True,reject,0,genuinely stochastic
256,1,1,1,0,True,-37.0276,-37.0276,961,241,783,1024,False,,0,effectively rejected
256,4,2,1,1,False,-45.2935,-45.2935,961,469,555,1024,False,,0,effectively rejected
256,10,3,1,2,False,-2.9951,-2.9951,961,912,112,1024,False,,0,genuinely stochastic
256,21,4,2,2,True,-117.4997,-117.4997,912,203,821,1024,False,,0,effectively rejected
256,43,5,3,2,True,-42.2434,-42.2434,203,2,1022,1024,False,,0,effectively rejected
256,22,4,1,3,False,-90.3457,-90.3457,961,72,952,1024,False,,0,effectively rejected
256,2,1,0,1,False,-2.1277,-2.1277,1024,979,45,1024,True,accept,0,genuinely stochastic
256,5,2,1,1,True,-3.8386,-3.8386,979,737,287,1024,True,reject,0,genuinely stochastic
256,11,3,2,1,True,-30.747,-30.747,737,317,707,1024,False,,0,effectively rejected
256,23,4,3,1,True,-41.1023,-41.1023,317,213,811,1024,False,,0,effectively rejected
256,24,4,2,2,False,-37.1853,-37.1853,737,220,804,1024,False,,0,effectively rejected
256,12,3,1,2,False,-1.9534,-1.9534,979,616,408,1024,True,reject,0,genuinely stochastic
256,26,4,1,3,False,-19.8349,-19.8349,979,394,630,1024,True,reject,0,effectively rejected
256,6,2,0,2,False,-10.6388,-10.6388,1024,419,605,1024,False,,0,effectively rejected
256,13,3,1,2,True,-7.7907,-7.7907,419,35,989,1024,False,,0,effectively rejected
256,14,3,0,3,False,-2.1395,-2.1395,1024,715,309,1024,False,,0,genuinely stochastic
257,0,0,0,0,False,-1.0203,-1.0203,1024,905,119,1024,True,reject,0,genuinely stochastic
257,1,1,1,0,True,-4.5725,-4.5725,905,571,453,1024,False,,0,genuinely stochastic
257,2,1,0,1,False,0.0018,0.0,1024,972,52,1024,True,accept,0,effectively accepted
258,0,0,0,0,False,-17.0549,-17.0549,1024,204,820,1024,True,reject,0,effectively rejected
258,2,1,0,1,False,-1.5016,-1.5016,1024,516,508,1024,True,reject,0,genuinely stochastic
258,5,2,1,1,True,-64.2169,-64.2169,516,32,992,1024,False,,0,effectively rejected
258,12,3,1,2,False,-3.8473,-3.8473,516,384,640,1024,False,,0,genuinely stochastic
258,6,2,0,2,False,-0.3818,-0.3818,1024,227,797,1024,True,accept,0,genuinely stochastic
258,14,3,0,3,False,0.0,0.0,1024,1014,10,1024,False,,0,effectively accepted
258,29,4,1,3,True,-0.7304,-0.7304,1014,590,434,1024,False,,0,genuinely stochastic
258,59,5,2,3,True,-26.2558,-26.2558,590,380,644,1024,False,,0,effectively rejected
258,119,6,3,3,True,-0.3324,-0.3324,380,279,745,1024,False,,0,genuinely stochastic
258,240,7,3,4,False,0.4358,0.0,380,268,756,1024,False,,0,effectively accepted
258,120,6,2,4,False,2.2115,0.0,590,174,850,1024,False,,0,effectively accepted
258,60,5,1,4,False,-0.6746,-0.6746,1014,797,227,1024,False,,0,genuinely stochastic
258,122,6,1,5,False,-0.1859,-0.1859,1014,757,267,1024,False,,0,genuinely stochastic
258,30,4,0,4,False,-7.4171,-7.4171,1024,3,1021,1024,False,,0,effectively rejected
258,62,5,0,5,False,-22.1569,-22.1569,1024,586,438,1024,False,,0,effectively rejected
259,0,0,0,0,False,6.5611,0.0,1024,583,441,1024,True,accept,0,effectively accepted
259,1,1,1,0,True,2.0092,0.0,583,515,509,1024,True,accept,0,effectively accepted
259,3,2,2,0,True,0.2028,0.0,515,180,844,1024,True,accept,0,effectively accepted
259,8,3,2,1,False,2.5313,0.0,515,406,618,1024,False,,0,effectively accepted
259,18,4,2,2,False,0.5724,0.0,515,433,591,1024,False,,0,effectively accepted
259,37,5,3,2,True,-18.5166,-18.5166,433,280,744,1024,False,,0,effectively rejected
259,4,2,1,1,False,-1.3774,-1.3774,583,352,672,1024,False,,0,genuinely stochastic
259,9,3,2,1,True,-0.1457,-0.1457,352,277,747,1024,False,,0,genuinely stochastic
259,19,4,3,1,True,-63.5627,-63.5627,277,105,919,1024,False,,0,effectively rejected
259,40,5,3,2,False,-18.1631,-18.1631,277,130,894,1024,False,,0,effectively rejected
259,2,1,0,1,False,1.9957,0.0,1024,250,774,1024,False,,0,effectively accepted
259,5,2,1,1,True,1.7186,0.0,250,89,935,1024,False,,0,effectively accepted
259,6,2,0,2,False,-2.7114,-2.7114,1024,110,914,1024,False,,0,genuinely stochastic
259,14,3,0,3,False,5.4312,0.0,1024,357,667,1024,False,,0,effectively accepted
259,30,4,0,4,False,-22.5238,-22.5238,1024,662,362,1024,False,,0,effectively rejected
259,61,5,1,4,True,-15.7197,-15.7197,662,525,499,1024,False,,0,effectively rejected
260,0,0,0,0,False,1.0112,0.0,1024,195,829,1024,True,accept,0,effectively accepted
260,2,1,0,1,False,0.1104,0.0,1024,190,834,1024,False,,0,effectively accepted
260,6,2,0,2,False,-4.0067,-4.0067,1024,435,589,1024,False,,0,genuinely stochastic
260,13,3,1,2,True,-27.3373,-27.3373,435,92,932,1024,False,,0,effectively rejected
260,27,4,2,2,True,3.1352,0.0,92,10,1014,1024,False,,0,effectively accepted
260,28,4,1,3,False,-4.8133,-4.8133,435,290,734,1024,False,,0,effectively rejected
260,14,3,0,3,False,0.0,0.0,1024,1020,4,1024,False,,0,effectively accepted
260,29,4,1,3,True,-4.0978,-4.0978,1020,607,417,1024,False,,0,genuinely stochastic
260,59,5,2,3,True,2.3295,0.0,607,93,931,1024,False,,0,effectively accepted
260,119,6,3,3,True,-2.9809,-2.9809,93,30,994,1024,False,,0,genuinely stochastic
260,60,5,1,4,False,-3.0316,-3.0316,1020,513,511,1024,False,,0,genuinely stochastic
260,122,6,1,5,False,0.0,0.0,1020,888,136,1024,False,,0,effectively accepted
260,30,4,0,4,False,3.3755,0.0,1024,66,958,1024,False,,0,effectively accepted
260,62,5,0,5,False,-2.7719,-2.7719,1024,578,446,1024,False,,0,genuinely stochastic
261,0,0,0,0,False,0.0,0.0,1024,983,41,1024,True,accept,0,effectively accepted
261,1,1,1,0,True,-1.4982,-1.4982,983,149,875,1024,True,accept,0,genuinely stochastic
261,4,2,1,1,False,-3.8039,-3.8039,983,442,582,1024,False,,0,genuinely stochastic
261,10,3,1,2,False,0.0264,0.0,983,758,266,1024,False,,0,effectively accepted
261,21,4,2,2,True,1.0905,0.0,758,159,865,1024,False,,0,effectively accepted
261,22,4,1,3,False,-1.2949,-1.2949,983,431,593,1024,False,,0,genuinely stochastic
261,45,5,2,3,True,-35.4179,-35.4179,431,109,915,1024,False,,0,effectively rejected
261,92,6,2,4,False,-28.1842,-28.1842,431,108,916,1024,False,,0,effectively rejected
261,46,5,1,4,False,-3.8274,-3.8274,983,350,674,1024,False,,0,genuinely stochastic
261,2,1,0,1,False,0.1854,0.0,1024,217,807,1024,False,,0,effectively accepted
261,5,2,1,1,True,-73.1,-73.1,217,118,906,1024,False,,0,effectively rejected
261,6,2,0,2,False,-1.1051,-1.1051,1024,231,793,1024,False,,0,genuinely stochastic
261,13,3,1,2,True,0.0347,0.0,231,49,975,1024,False,,0,effectively accepted
261,14,3,0,3,False,-3.9801,-3.9801,1024,329,695,1024,False,,0,genuinely stochastic
261,30,4,0,4,False,0.9776,0.0,1024,399,625,1024,False,,0,effectively accepted
261,61,5,1,4,True,-4.1064,-4.1064,399,20,1004,1024,False,,0,genuinely stochastic
262,0,0,0,0,False,1.8089,0.0,1024,291,733,1024,True,accept,0,effectively accepted
262,1,1,1,0,True,-17.9662,-17.9662,291,46,978,1024,True,reject,0,effectively rejected
262,2,1,0,1,False,-0.1328,-0.1328,1024,803,221,1024,False,,0,genuinely stochastic
262,5,2,1,1,True,-29.7094,-29.7094,803,112,912,1024,False,,0,effectively rejected
262,12,3,1,2,False,-0.1,-0.1,803,777,247,1024,False,,0,genuinely stochastic
262,25,4,2,2,True,-0.4772,-0.4772,777,513,511,1024,False,,0,genuinely stochastic
262,26,4,1,3,False,0.4636,0.0,803,247,777,1024,False,,0,effectively accepted
262,53,5,2,3,True,2.3478,0.0,247,215,809,1024,False,,0,effectively accepted
262,54,5,1,4,False,1.9772,0.0,803,132,892,1024,False,,0,effectively accepted
262,6,2,0,2,False,-0.1663,-0.1663,1024,780,244,1024,False,,0,genuinely stochastic
262,13,3,1,2,True,-1.0426,-1.0426,780,475,549,1024,False,,0,genuinely stochastic
262,28,4,1,3,False,0.549,0.0,780,291,733,1024,False,,0,effectively accepted
262,57,5,2,3,True,-19.6793,-19.6793,291,282,742,1024,False,,0,effectively rejected
262,14,3,0,3,False,-0.0,0.0,1024,890,134,1024,False,,0,effectively accepted
262,29,4,1,3,True,5.0137,0.0,890,219,805,1024,False,,0,effectively accepted
262,30,4,0,4,False,5.7582,0.0,1024,170,854,1024,False,,0,effectively accepted
263,0,0,0,0,False,0.0,0.0,1024,1002,22,1024,True,accept,0,effectively accepted
263,1,1,1,0,True,0.0,0.0,1002,943,81,1024,True,accept,0,effectively accepted
263,4,2,1,1,False,0.0264,0.0,1002,339,685,1024,False,,0,effectively accepted
263,10,3,1,2,False,-0.566,-0.566,1002,654,370,1024,False,,0,genuinely stochastic
263,22,4,1,3,False,-0.9269,-0.9269,1002,304,720,1024,False,,0,genuinely stochastic
263,2,1,0,1,False,-3.0484,-3.0484,1024,444,580,1024,False,,0,genuinely stochastic
263,6,2,0,2,False,0.0,0.0,1024,903,121,1024,False,,0,effectively accepted
263,13,3,1,2,True,-0.3381,-0.3381,903,746,278,1024,False,,0,genuinely stochastic
263,27,4,2,2,True,-1.0824,-1.0824,746,415,609,1024,False,,0,genuinely stochastic
263,14,3,0,3,False,0.8428,0.0,1024,445,579,1024,False,,0,effectively accepted
264,0,0,0,0,False,0.1389,0.0,1024,749,275,1024,True,accept,0,effectively accepted
264,1,1,1,0,True,-0.2207,-0.2207,749,113,911,1024,True,accept,0,genuinely stochastic
264,4,2,1,1,False,0.1779,0.0,749,564,460,1024,False,,0,effectively accepted
264,10,3,1,2,False,-1.7562,-1.7562,749,257,767,1024,False,,0,genuinely stochastic
264,2,1,0,1,False,0.0,0.0,1024,892,132,1024,False,,0,effectively accepted
264,5,2,1,1,True,-12.3831,-12.3831,892,16,1008,1024,False,,0,effectively rejected
264,12,3,1,2,False,-3.8888,-3.8888,892,437,587,1024,False,,0,genuinely stochastic
264,26,4,1,3,False,-2.1989,-2.1989,892,422,602,1024,False,,0,genuinely stochastic
264,53,5,2,3,True,-0.9276,-0.9276,422,182,842,1024,False,,0,genuinely stochastic
264,107,6,3,3,True,-2.4987,-2.4987,182,81,943,1024,False,,0,genuinely stochastic
264,108,6,2,4,False,0.7656,0.0,422,273,751,1024,False,,0,effectively accepted
264,54,5,1,4,False,-3.2961,-3.2961,892,56,968,1024,False,,0,genuinely stochastic
264,6,2,0,2,False,5.3898,0.0,1024,1,1023,1024,False,,0,effectively accepted
264,14,3,0,3,False,3.1901,0.0,1024,140,884,1024,False,,0,effectively accepted
264,29,4,1,3,True,-21.9656,-21.9656,140,22,1002,1024,False,,0,effectively rejected
264,30,4,0,4,False,-21.1262,-21.1262,1024,426,598,1024,False,,0,effectively rejected
265,0,0,0,0,False,-1.0897,-1.0897,1024,188,836,1024,True,reject,0,genuinely stochastic
265,2,1,0,1,False,0.0,0.0,1024,954,70,1024,True,accept,0,effectively accepted
265,6,2,0,2,False,4.7897,0.0,1024,477,547,1024,False,,0,effectively accepted
265,14,3,0,3,False,-2.0461,-2.0461,1024,689,335,1024,False,,0,genuinely stochastic
265,29,4,1,3,True,3.8883,0.0,689,204,820,1024,False,,0,effectively accepted
265,59,5,2,3,True,-66.142,-66.142,204,91,933,1024,False,,0,effectively rejected
265,60,5,1,4,False,-23.8939,-23.8939,689,36,988,1024,False,,0,effectively rejected
265,30,4,0,4,False,0.8695,0.0,1024,668,356,1024,False,,0,effectively accepted
266,0,0,0,0,False,-0.9222,-0.9222,1024,18,1006,1024,True,reject,0,genuinely stochastic
266,2,1,0,1,False,0.9813,0.0,1024,703,321,1024,True,accept,0,effectively accepted
266,5,2,1,1,True,3.5134,0.0,703,308,716,1024,True,accept,0,effectively accepted
266,6,2,0,2,False,5.4115,0.0,1024,263,761,1024,False,,0,effectively accepted
266,14,3,0,3,False,0.2965,0.0,1024,394,630,1024,False,,0,effectively accepted
266,30,4,0,4,False,-35.5727,-35.5727,1024,120,904,1024,False,,0,effectively rejected
266,61,5,1,4,True,-13.5222,-13.5222,120,115,909,1024,False,,0,effectively rejected
266,123,6,2,4,True,-1.6393,-1.6393,115,18,1006,1024,False,,0,genuinely stochastic
266,62,5,0,5,False,0.7896,0.0,1024,646,378,1024,False,,0,effectively accepted
266,126,6,0,6,False,0.923,0.0,1024,754,270,1024,False,,0,effectively accepted
267,0,0,0,0,False,2.524,0.0,1024,41,983,1024,True,accept,0,effectively accepted
267,2,1,0,1,False,-2.0181,-2.0181,1024,274,750,1024,False,,0,genuinely stochastic
267,6,2,0,2,False,2.2051,0.0,1024,223,801,1024,False,,0,effectively accepted
267,14,3,0,3,False,1.5953,0.0,1024,108,916,1024,False,,0,effectively accepted
267,30,4,0,4,False,-6.468,-6.468,1024,71,953,1024,False,,0,effectively rejected
267,62,5,0,5,False,-4.033,-4.033,1024,497,527,1024,False,,0,genuinely stochastic
267,126,6,0,6,False,-7.1471,-7.1471,1024,233,791,1024,False,,0,effectively rejected
267,254,7,0,7,False,-4.592,-4.592,1024,316,708,1024,False,,0,genuinely stochastic
267,509,8,1,7,True,-5.8808,-5.8808,316,113,911,1024,False,,0,effectively rejected
268,0,0,0,0,False,0.0,0.0,1024,967,57,1024,True,accept,0,effectively accepted
268,1,1,1,0,True,-4.1599,-4.1599,967,601,423,1024,True,reject,0,genuinely stochastic
268,3,2,2,0,True,-27.3104,-27.3104,601,498,526,1024,False,,0,effectively rejected
268,7,3,3,0,True,-47.6713,-47.6713,498,73,951,1024,False,,0,effectively rejected
268,16,4,3,1,False,-74.2187,-74.2187,498,41,983,1024,False,,0,effectively rejected
268,34,5,3,2,False,-3.2305,-3.2305,498,474,550,1024,False,,0,genuinely stochastic
268,8,3,2,1,False,-5.1471,-5.1471,601,309,715,1024,False,,0,effectively rejected
268,18,4,2,2,False,0.4424,0.0,601,598,426,1024,False,,0,effectively accepted
268,4,2,1,1,False,-6.6389,-6.6389,967,271,753,1024,True,reject,0,effectively rejected
268,9,3,2,1,True,-2.5268,-2.5268,271,263,761,1024,False,,0,genuinely stochastic
268,19,4,3,1,True,-4.2878,-4.2878,263,194,830,1024,False,,0,genuinely stochastic
268,40,5,3,2,False,-2.6421,-2.6421,263,134,890,1024,False,,0,genuinely stochastic
268,10,3,1,2,False,-1.8702,-1.8702,967,501,523,1024,True,reject,0,genuinely stochastic
268,2,1,0,1,False,-24.4849,-24.4849,1024,653,371,1024,False,,0,effectively rejected
268,5,2,1,1,True,-2.1807,-2.1807,653,488,536,1024,False,,0,genuinely stochastic
268,11,3,2,1,True,-4.134,-4.134,488,192,832,1024,False,,0,genuinely stochastic
268,12,3,1,2,False,-31.2374,-31.2374,653,275,749,1024,False,,0,effectively rejected
268,6,2,0,2,False,-1.8745,-1.8745,1024,687,337,1024,False,,0,genuinely stochastic
269,0,0,0,0,False,0.0,0.0,1024,1022,2,1024,True,accept,0,effectively accepted
269,1,1,1,0,True,-6.8602,-6.8602,1022,287,737,1024,True,reject,0,effectively rejected
269,4,2,1,1,False,-5.6302,-5.6302,1022,51,973,1024,True,reject,0,effectively rejected
269,10,3,1,2,False,0.0,0.0,1022,985,39,1024,True,accept,0,effectively accepted
269,21,4,2,2,True,-1.8453,-1.8453,985,732,292,1024,True,reject,0,genuinely stochastic
269,43,5,3,2,True,-21.0525,-21.0525,732,730,294,1024,False,,0,effectively rejected
269,87,6,4,2,True,-24.2531,-24.2531,730,436,588,1024,False,,0,effectively rejected
269,2,1,0,1,False,0.2918,0.0,1024,839,185,1024,False,,0,effectively accepted
269,5,2,1,1,True,-4.051,-4.051,839,640,384,1024,False,,0,genuinely stochastic
269,12,3,1,2,False,0.3332,0.0,839,41,983,1024,False,,0,effectively accepted
269,6,2,0,2,False,-0.1002,-0.1002,1024,790,234,1024,False,,0,genuinely stochastic
269,13,3,1,2,True,-6.1898,-6.1898,790,318,706,1024,False,,0,effectively rejected
269,14,3,0,3,False,-4.8865,-4.8865,1024,354,670,1024,False,,0,effectively rejected
270,0,0,0,0,False,-5.0698,-5.0698,1024,581,443,1024,True,reject,0,effectively rejected
270,1,1,1,0,True,-4.0711,-4.0711,581,463,561,1024,False,,0,genuinely stochastic
270,3,2,2,0,True,-2.4426,-2.4426,463,460,564,1024,False,,0,genuinely stochastic
270,7,3,3,0,True,-74.5532,-74.5532,460,15,1009,1024,False,,0,effectively rejected
270,16,4,3,1,False,-5.896,-5.896,460,332,692,1024,False,,0,effectively rejected
270,8,3,2,1,False,0.8999,0.0,463,92,932,1024,False,,0,effectively accepted
270,4,2,1,1,False,-6.7898,-6.7898,581,207,817,1024,False,,0,effectively rejected
270,10,3,1,2,False,-6.8817,-6.8817,581,522,502,1024,False,,0,effectively rejected
270,2,1,0,1,False,-0.003,-0.003,1024,865,159,1024,True,accept,0,effectively accepted
270,5,2,1,1,True,-7.3986,-7.3986,865,107,917,1024,True,reject,0,effectively rejected
270,12,3,1,2,False,-4.2168,-4.2168,865,128,896,1024,True,reject,0,genuinely stochastic
270,6,2,0,2,False,-0.3169,-0.3169,1024,769,255,1024,False,,0,genuinely stochastic
270,13,3,1,2,True,-7.7062,-7.7062,769,376,648,1024,False,,0,effectively rejected
270,27,4,2,2,True,-74.7889,-74.7889,376,103,921,1024,False,,0,effectively rejected
270,14,3,0,3,False,-1.3359,-1.3359,1024,456,568,1024,False,,0,genuinely stochastic
271,0,0,0,0,False,-3.1762,-3.1762,1024,663,361,1024,True,reject,0,genuinely stochastic
271,1,1,1,0,True,-3.6786,-3.6786,663,542,482,1024,False,,0,genuinely stochastic
271,4,2,1,1,False,-1.8189,-1.8189,663,154,870,1024,False,,0,genuinely stochastic
271,2,1,0,1,False,-9.5354,-9.5354,1024,225,799,1024,True,reject,0,effectively rejected
271,6,2,0,2,False,-8.3176,-8.3176,1024,126,898,1024,True,reject,0,effectively rejected
271,14,3,0,3,False,-53.1758,-53.1758,1024,195,829,1024,True,reject,0,effectively rejected
271,30,4,0,4,False,-0.3229,-0.3229,1024,804,220,1024,True,accept,0,genuinely stochastic
272,0,0,0,0,False,-1.6705,-1.6705,1024,706,318,1024,True,accept,0,genuinely stochastic
272,1,1,1,0,True,-1.5896,-1.5896,706,682,342,1024,True,reject,0,genuinely stochastic
272,2,1,0,1,False,-1.465,-1.465,1024,633,391,1024,False,,0,genuinely stochastic
272,6,2,0,2,False,-0.0,0.0,1024,905,119,1024,False,,0,effectively accepted
272,13,3,1,2,True,-1.4535,-1.4535,905,389,635,1024,False,,0,genuinely stochastic
272,27,4,2,2,True,-5.8189,-5.8189,389,231,793,1024,False,,0,effectively rejected
272,55,5,3,2,True,-52.1515,-52.1515,231,205,819,1024,False,,0,effectively rejected
272,111,6,4,2,True,-0.8831,-0.8831,205,198,826,1024,False,,0,genuinely stochastic
272,224,7,4,3,False,-4.6207,-4.6207,205,104,920,1024,False,,0,effectively rejected
272,449,8,5,3,True,1.482,0.0,104,34,990,1024,False,,0,effectively accepted
272,28,4,1,3,False,-24.132,-24.132,905,289,735,1024,False,,0,effectively rejected
272,14,3,0,3,False,-3.1232,-3.1232,1024,143,881,1024,False,,0,genuinely stochastic
273,0,0,0,0,False,0.1718,0.0,1024,446,578,1024,True,accept,0,effectively accepted
273,1,1,1,0,True,-6.4217,-6.4217,446,264,760,1024,True,reject,0,effectively rejected
273,2,1,0,1,False,-0.314,-0.314,1024,836,188,1024,False,,0,genuinely stochastic
273,5,2,1,1,True,-0.4554,-0.4554,836,714,310,1024,False,,0,genuinely stochastic
273,12,3,1,2,False,-4.8356,-4.8356,836,472,552,1024,False,,0,effectively rejected
273,26,4,1,3,False,-1.2449,-1.2449,836,343,681,1024,False,,0,genuinely stochastic
273,6,2,0,2,False,3.2895,0.0,1024,407,617,1024,False,,0,effectively accepted
273,14,3,0,3,False,-20.6315,-20.6315,1024,793,231,1024,False,,0,effectively rejected
273,29,4,1,3,True,-0.8059,-0.8059,793,418,606,1024,False,,0,genuinely stochastic
273,30,4,0,4,False,-2.8398,-2.8398,1024,363,661,1024,False,,0,genuinely stochastic
274,0,0,0,0,False,-3.8906,-3.8906,1024,219,805,1024,True,reject,0,genuinely stochastic
274,1,1,1,0,True,-51.0837,-51.0837,219,97,927,1024,False,,0,effectively rejected
274,2,1,0,1,False,-2.6585,-2.6585,1024,376,648,1024,True,reject,0,genuinely stochastic
274,6,2,0,2,False,0.0,0.0,1024,973,51,1024,True,accept,0,effectively accepted
274,13,3,1,2,True,0.1856,0.0,973,500,524,1024,True,accept,0,effectively accepted
274,14,3,0,3,False,0.0,0.0,1024,968,56,1024,False,,0,effectively accepted
274,29,4,1,3,True,-2.3028,-2.3028,968,466,558,1024,False,,0,genuinely stochastic
274,60,5,1,4,False,-1.8933,-1.8933,968,401,623,1024,False,,0,genuinely stochastic
274,30,4,0,4,False,-0.1566,-0.1566,1024,813,211,1024,False,,0,genuinely stochastic
274,61,5,1,4,True,-3.9027,-3.9027,813,592,432,1024,False,,0,genuinely stochastic
274,62,5,0,5,False,-2.2275,-2.2275,1024,516,508,1024,False,,0,genuinely stochastic
275,0,0,0,0,False,-6.3838,-6.3838,1024,61,963,1024,True,reject,0,effectively rejected
275,2,1,0,1,False,-0.0,0.0,1024,882,142,1024,True,accept,0,effectively accepted
275,5,2,1,1,True,1.428,0.0,882,90,934,1024,True,accept,0,effectively accepted
275,12,3,1,2,False,-0.6438,-0.6438,882,415,609,1024,False,,0,genuinely stochastic
275,26,4,1,3,False,0.142,0.0,882,845,179,1024,False,,0,effectively accepted
275,53,5,2,3,True,-3.0551,-3.0551,845,465,559,1024,False,,0,genuinely stochastic
275,107,6,3,3,True,-0.891,-0.891,465,453,571,1024,False,,0,genuinely stochastic
275,216,7,3,4,False,0.4903,0.0,465,413,611,1024,False,,0,effectively accepted
275,108,6,2,4,False,-6.4192,-6.4192,845,517,507,1024,False,,0,effectively rejected
275,217,7,3,4,True,-1.4335,-1.4335,517,438,586,1024,False,,0,genuinely stochastic
275,54,5,1,4,False,-5.3543,-5.3543,882,251,773,1024,False,,0,effectively rejected
275,6,2,0,2,False,-27.0159,-27.0159,1024,208,816,1024,False,,0,effectively rejected
275,14,3,0,3,False,-2.5123,-2.5123,1024,477,547,1024,False,,0,genuinely stochastic
275,30,4,0,4,False,-23.0331,-23.0331,1024,133,891,1024,False,,0,effectively rejected
276,0,0,0,0,False,0.072,0.0,1024,543,481,1024,True,accept,0,effectively accepted
276,2,1,0,1,False,-0.4008,-0.4008,1024,505,519,1024,False,,0,genuinely stochastic
276,6,2,0,2,False,-6.2738,-6.2738,1024,286,738,1024,False,,0,effectively rejected
276,14,3,0,3,False,0.0,0.0,1024,934,90,1024,False,,0,effectively accepted
276,29,4,1,3,True,-2.3635,-2.3635,934,622,402,1024,False,,0,genuinely stochastic
276,59,5,2,3,True,-2.3918,-2.3918,622,343,681,1024,False,,0,genuinely stochastic
276,119,6,3,3,True,-4.6569,-4.6569,343,33,991,1024,False,,0,effectively rejected
276,60,5,1,4,False,0.7244,0.0,934,247,777,1024,False,,0,effectively accepted
276,30,4,0,4,False,0.0,0.0,1024,1009,15,1024,False,,0,effectively accepted
276,61,5,1,4,True,-25.8955,-25.8955,1009,154,870,1024,False,,0,effectively rejected
276,123,6,2,4,True,-9.0306,-9.0306,154,133,891,1024,False,,0,effectively rejected
276,62,5,0,5,False,-9.6809,-9.6809,1024,173,851,1024,False,,0,effectively rejected
277,0,0,0,0,False,-20.691,-20.691,1024,375,649,1024,True,reject,0,effectively rejected
277,1,1,1,0,True,-10.1069,-10.1069,375,31,993,1024,False,,0,effectively rejected
277,4,2,1,1,False,-11.2578,-11.2578,375,234,790,1024,False,,0,effectively rejected
277,10,3,1,2,False,-7.3699,-7.3699,375,224,800,1024,False,,0,effectively rejected
277,21,4,2,2,True,-29.4075,-29.4075,224,151,873,1024,False,,0,effectively rejected
277,44,5,2,3,False,-66.4856,-66.4856,224,22,1002,1024,False,,0,effectively rejected
277,2,1,0,1,False,-10.0622,-10.0622,1024,84,940,1024,True,reject,0,effectively rejected
277,6,2,0,2,False,-9.5311,-9.5311,1024,203,821,1024,True,reject,0,effectively rejected
277,14,3,0,3,False,-4.0451,-4.0451,1024,211,813,1024,True,reject,0,genuinely stochastic
277,30,4,0,4,False,-7.6642,-7.6642,1024,27,997,1024,True,reject,0,effectively rejected
277,62,5,0,5,False,0.0,0.0,1024,1007,17,1024,True,accept,0,effectively accepted
277,125,6,1,5,True,0.0,0.0,1007,959,65,1024,True,accept,0,effectively accepted
277,251,7,2,5,True,-0.4036,-0.4036,959,777,247,1024,True,reject,0,genuinely stochastic
277,503,8,3,5,True,-0.7365,-0.7365,777,588,436,1024,False,,0,genuinely stochastic
278,0,0,0,0,False,-22.1523,-22.1523,1024,558,466,1024,True,reject,0,effectively rejected
278,2,1,0,1,False,-2.2089,-2.2089,1024,440,584,1024,True,reject,0,genuinely stochastic
278,6,2,0,2,False,0.1388,0.0,1024,824,200,1024,True,accept,0,effectively accepted
278,13,3,1,2,True,-20.6703,-20.6703,824,700,324,1024,True,reject,0,effectively rejected
278,14,3,0,3,False,0.9441,0.0,1024,350,674,1024,False,,0,effectively accepted
278,30,4,0,4,False,-22.2052,-22.2052,1024,376,648,1024,False,,0,effectively rejected
279,0,0,0,0,False,-20.4972,-20.4972,1024,655,369,1024,True,reject,0,effectively rejected
279,2,1,0,1,False,-6.1147,-6.1147,1024,108,916,1024,True,reject,0,effectively rejected
279,6,2,0,2,False,-1.8584,-1.8584,1024,416,608,1024,True,accept,0,genuinely stochastic
279,13,3,1,2,True,-17.3202,-17.3202,416,2,1022,1024,True,reject,0,effectively rejected
279,28,4,1,3,False,-1.991,-1.991,416,63,961,1024,True,accept,0,genuinely stochastic
279,14,3,0,3,False,-1.5438,-1.5438,1024,497,527,1024,False,,0,genuinely stochastic
279,29,4,1,3,True,-5.8826,-5.8826,497,49,975,1024,False,,0,effectively rejected
279,30,4,0,4,False,-0.4867,-0.4867,1024,706,318,1024,False,,0,genuinely stochastic
279,61,5,1,4,True,-2.786,-2.786,706,472,552,1024,False,,0,genuinely stochastic
279,123,6,2,4,True,-6.9843,-6.9843,472,391,633,1024,False,,0,effectively rejected
279,124,6,1,5,False,-21.993,-21.993,706,184,840,1024,False,,0,effectively rejected
279,62,5,0,5,False,-0.58,-0.58,1024,787,237,1024,False,,0,genuinely stochastic
280,0,0,0,0,False,1.1544,0.0,1024,793,231,1024,True,accept,0,effectively accepted
280,1,1,1,0,True,-1.8791,-1.8791,793,424,600,1024,True,reject,0,genuinely stochastic
280,4,2,1,1,False,1.595,0.0,793,186,838,1024,True,accept,0,effectively accepted
280,10,3,1,2,False,-3.3819,-3.3819,793,476,548,1024,False,,0,genuinely stochastic
280,21,4,2,2,True,-49.8752,-49.8752,476,392,632,1024,False,,0,effectively rejected
280,22,4,1,3,False,-6.812,-6.812,793,332,692,1024,False,,0,effectively rejected
280,46,5,1,4,False,-2.8653,-2.8653,793,739,285,1024,False,,0,genuinely stochastic
280,2,1,0,1,False,-1.9137,-1.9137,1024,548,476,1024,False,,0,genuinely stochastic
280,5,2,1,1,True,-4.1964,-4.1964,548,468,556,1024,False,,0,genuinely stochastic
280,12,3,1,2,False,-0.883,-0.883,548,539,485,1024,False,,0,genuinely stochastic
280,6,2,0,2,False,-4.4775,-4.4775,1024,604,420,1024,False,,0,genuinely stochastic
280,14,3,0,3,False,-1.1639,-1.1639,1024,244,780,1024,False,,0,genuinely stochastic
280,30,4,0,4,False,-0.6114,-0.6114,1024,840,184,1024,False,,0,genuinely stochastic
281,0,0,0,0,False,-0.0048,-0.0048,1024,861,163,1024,True,accept,0,effectively accepted
281,1,1,1,0,True,-90.777,-90.777,861,96,928,1024,True,reject,0,effectively rejected
281,4,2,1,1,False,-1.687,-1.687,861,531,493,1024,True,reject,0,genuinely stochastic
281,10,3,1,2,False,-5.1827,-5.1827,861,232,792,1024,True,reject,0,effectively rejected
281,22,4,1,3,False,0.055,0.0,861,855,169,1024,True,accept,0,effectively accepted
281,45,5,2,3,True,-3.7297,-3.7297,855,292,732,1024,True,reject,0,genuinely stochastic
281,2,1,0,1,False,-1.4028,-1.4028,1024,518,506,1024,False,,0,genuinely stochastic
281,6,2,0,2,False,-5.6252,-5.6252,1024,552,472,1024,False,,0,effectively rejected
281,13,3,1,2,True,-30.8198,-30.8198,552,27,997,1024,False,,0,effectively rejected
281,27,4,2,2,True,-8.3612,-8.3612,27,1,1023,1024,False,,0,effectively rejected
281,28,4,1,3,False,-25.0668,-25.0668,552,68,956,1024,False,,0,effectively rejected
281,57,5,2,3,True,-4.0811,-4.0811,68,33,991,1024,False,,0,genuinely stochastic
281,14,3,0,3,False,-4.7804,-4.7804,1024,304,720,1024,False,,0,effectively rejected
282,0,0,0,0,False,-5.6898,-5.6898,1024,389,635,1024,True,reject,0,effectively rejected
282,2,1,0,1,False,-2.4714,-2.4714,1024,712,312,1024,True,reject,0,genuinely stochastic
282,5,2,1,1,True,-0.598,-0.598,712,412,612,1024,False,,0,genuinely stochastic
282,11,3,2,1,True,-6.5736,-6.5736,412,85,939,1024,False,,0,effectively rejected
282,6,2,0,2,False,-0.5641,-0.5641,1024,768,256,1024,True,accept,0,genuinely stochastic
282,13,3,1,2,True,-4.9189,-4.9189,768,0,1024,1024,True,reject,0,effectively rejected
282,14,3,0,3,False,-7.4618,-7.4618,1024,191,833,1024,False,,0,effectively rejected
282,30,4,0,4,False,-3.385,-3.385,1024,409,615,1024,False,,0,genuinely stochastic
282,62,5,0,5,False,-1.44,-1.44,1024,41,983,1024,False,,0,genuinely stochastic
283,0,0,0,0,False,0.0,0.0,1024,977,47,1024,True,accept,0,effectively accepted
283,1,1,1,0,True,-1.9318,-1.9318,977,453,571,1024,True,reject,0,genuinely stochastic
283,3,2,2,0,True,-26.7187,-26.7187,453,417,607,1024,False,,0,effectively rejected
283,4,2,1,1,False,-5.3782,-5.3782,977,273,751,1024,True,reject,0,effectively rejected
283,10,3,1,2,False,-1.9136,-1.9136,977,314,710,1024,True,accept,0,genuinely stochastic
283,21,4,2,2,True,2.3855,0.0,314,15,1009,1024,True,accept,0,effectively accepted
283,44,5,2,3,False,-4.8012,-4.8012,314,269,755,1024,False,,0,effectively rejected
283,22,4,1,3,False,-8.2699,-8.2699,977,171,853,1024,False,,0,effectively rejected
283,2,1,0,1,False,-0.7211,-0.7211,1024,25,999,1024,False,,0,genuinely stochastic
283,6,2,0,2,False,0.0,0.0,1024,909,115,1024,False,,0,effectively accepted
283,13,3,1,2,True,-1.9335,-1.9335,909,753,271,1024,False,,0,genuinely stochastic
283,27,4,2,2,True,-11.5363,-11.5363,753,256,768,1024,False,,0,effectively rejected
283,28,4,1,3,False,-26.6272,-26.6272,909,599,425,1024,False,,0,effectively rejected
283,14,3,0,3,False,0.0,0.0,1024,975,49,1024,False,,0,effectively accepted
284,0,0,0,0,False,-0.0078,-0.0078,1024,872,152,1024,True,accept,0,effectively accepted
284,1,1,1,0,True,-4.4327,-4.4327,872,591,433,1024,True,reject,0,genuinely stochastic
284,4,2,1,1,False,-120.3282,-120.3282,872,92,932,1024,True,reject,0,effectively rejected
284,10,3,1,2,False,-0.2513,-0.2513,872,773,251,1024,True,accept,0,genuinely stochastic
284,22,4,1,3,False,-0.2538,-0.2538,872,223,801,1024,False,,0,genuinely stochastic
284,46,5,1,4,False,-2.377,-2.377,872,564,460,1024,False,,0,genuinely stochastic
284,2,1,0,1,False,-0.0,0.0,1024,876,148,1024,False,,0,effectively accepted
284,5,2,1,1,True,-10.353,-10.353,876,44,980,1024,False,,0,effectively rejected
284,12,3,1,2,False,-3.89,-3.89,876,362,662,1024,False,,0,genuinely stochastic
284,26,4,1,3,False,-3.624,-3.624,876,280,744,1024,False,,0,genuinely stochastic
284,6,2,0,2,False,-7.2104,-7.2104,1024,405,619,1024,False,,0,effectively rejected
284,13,3,1,2,True,-9.4137,-9.4137,405,306,718,1024,False,,0,effectively rejected
284,27,4,2,2,True,-86.4702,-86.4702,306,130,894,1024,False,,0,effectively rejected
284,14,3,0,3,False,-9.5268,-9.5268,1024,157,867,1024,False,,0,effectively rejected
284,30,4,0,4,False,-1.8393,-1.8393,1024,636,388,1024,False,,0,genuinely stochastic
285,0,0,0,0,False,-2.1067,-2.1067,1024,700,324,1024,True,reject,0,genuinely stochastic
285,2,1,0,1,False,-2.7281,-2.7281,1024,584,440,1024,True,reject,0,genuinely stochastic
285,5,2,1,1,True,-2.6274,-2.6274,584,463,561,1024,False,,0,genuinely stochastic
285,12,3,1,2,False,-9.842,-9.842,584,176,848,1024,False,,0,effectively rejected
285,26,4,1,3,False,-3.2064,-3.2064,584,85,939,1024,False,,0,genuinely stochastic
285,6,2,0,2,False,-1.5628,-1.5628,1024,319,705,1024,True,reject,0,genuinely stochastic
285,13,3,1,2,True,-9.7966,-9.7966,319,143,881,1024,False,,0,effectively rejected
285,14,3,0,3,False,-2.4362,-2.4362,1024,669,355,1024,True,reject,0,genuinely stochastic
285,30,4,0,4,False,-4.5981,-4.5981,1024,255,769,1024,True,reject,0,genuinely stochastic
285,62,5,0,5,False,0.127,0.0,1024,844,180,1024,True,accept,0,effectively accepted
286,0,0,0,0,False,-7.1042,-7.1042,1024,374,650,1024,True,reject,0,effectively rejected
286,2,1,0,1,False,-4.7357,-4.7357,1024,246,778,1024,True,reject,0,effectively rejected
286,6,2,0,2,False,-0.4513,-0.4513,1024,794,230,1024,True,reject,0,genuinely stochastic
286,13,3,1,2,True,-3.529,-3.529,794,625,399,1024,False,,0,genuinely stochastic
286,14,3,0,3,False,-0.1719,-0.1719,1024,796,228,1024,True,accept,0,genuinely stochastic
287,0,0,0,0,False,-0.1788,-0.1788,1024,377,647,1024,True,accept,0,genuinely stochastic
287,1,1,1,0,True,36.9569,0.0,377,375,649,1024,True,accept,0,effectively accepted
287,4,2,1,1,False,54.7389,0.0,377,159,865,1024,False,,0,effectively accepted
287,2,1,0,1,False,-0.8291,-0.8291,1024,942,82,1024,False,,0,genuinely stochastic
287,5,2,1,1,True,-0.7883,-0.7883,942,823,201,1024,False,,0,genuinely stochastic
287,12,3,1,2,False,36.2254,0.0,942,112,912,1024,False,,0,effectively accepted
287,26,4,1,3,False,-3.8693,-3.8693,942,708,316,1024,False,,0,genuinely stochastic
287,6,2,0,2,False,1.1668,0.0,1024,78,946,1024,False,,0,effectively accepted
287,14,3,0,3,False,-7.9224,-7.9224,1024,559,465,1024,False,,0,effectively rejected
287,29,4,1,3,True,30.3168,0.0,559,290,734,1024,False,,0,effectively accepted
287,59,5,2,3,True,39.7399,0.0,290,16,1008,1024,False,,0,effectively accepted
287,30,4,0,4,False,-0.8881,-0.8881,1024,899,125,1024,False,,0,genuinely stochastic
288,0,0,0,0,False,-36.9569,-36.9569,1024,34,990,1024,True,reject,0,effectively rejected
288,2,1,0,1,False,-3.3729,-3.3729,1024,928,96,1024,True,reject,0,genuinely stochastic
288,5,2,1,1,True,-1.3846,-1.3846,928,534,490,1024,False,,0,genuinely stochastic
288,12,3,1,2,False,11.7897,0.0,928,365,659,1024,False,,0,effectively accepted
288,6,2,0,2,False,-6.3029,-6.3029,1024,388,636,1024,True,reject,0,effectively rejected
288,14,3,0,3,False,-34.3844,-34.3844,1024,166,858,1024,True,reject,0,effectively rejected
288,30,4,0,4,False,-3.043,-3.043,1024,582,442,1024,True,reject,0,genuinely stochastic
288,62,5,0,5,False,-1.5716,-1.5716,1024,865,159,1024,True,reject,0,genuinely stochastic
288,125,6,1,5,True,1.2262,0.0,865,511,513,1024,False,,0,effectively accepted
289,0,0,0,0,False,4.0147,0.0,1024,93,931,1024,True,accept,0,effectively accepted
289,2,1,0,1,False,-1.6296,-1.6296,1024,875,149,1024,False,,0,genuinely stochastic
289,5,2,1,1,True,-2.0512,-2.0512,875,151,873,1024,False,,0,genuinely stochastic
289,12,3,1,2,False,0.9465,0.0,875,279,745,1024,False,,0,effectively accepted
289,26,4,1,3,False,4.9269,0.0,875,84,940,1024,False,,0,effectively accepted
289,54,5,1,4,False,-1.2454,-1.2454,875,828,196,1024,False,,0,genuinely stochastic
289,109,6,2,4,True,-3.3716,-3.3716,828,786,238,1024,False,,0,genuinely stochastic
289,219,7,3,4,True,-1.344,-1.344,786,670,354,1024,False,,0,genuinely stochastic
289,439,8,4,4,True,-4.2329,-4.2329,670,439,585,1024,False,,0,genuinely stochastic
289,880,9,4,5,False,3.6194,0.0,670,401,623,1024,False,,0,effectively accepted
289,440,8,3,5,False,0.4515,0.0,786,432,592,1024,False,,0,effectively accepted
289,220,7,2,5,False,-3.939,-3.939,828,420,604,1024,False,,0,genuinely stochastic
289,6,2,0,2,False,0.1129,0.0,1024,113,911,1024,False,,0,effectively accepted
289,14,3,0,3,False,11.8283,0.0,1024,244,780,1024,False,,0,effectively accepted
289,30,4,0,4,False,-52.2206,-52.2206,1024,37,987,1024,False,,0,effectively rejected
289,62,5,0,5,False,14.3951,0.0,1024,44,980,1024,False,,0,effectively accepted
290,0,0,0,0,False,17.9063,0.0,1024,60,964,1024,True,accept,0,effectively accepted
290,2,1,0,1,False,-1.0793,-1.0793,1024,950,74,1024,False,,0,genuinely stochastic
290,6,2,0,2,False,-3.4862,-3.4862,1024,980,44,1024,False,,0,genuinely stochastic
290,13,3,1,2,True,-93.3817,-93.3817,980,36,988,1024,False,,0,effectively rejected
290,28,4,1,3,False,-1.9478,-1.9478,980,748,276,1024,False,,0,genuinely stochastic
290,58,5,1,4,False,-0.5655,-0.5655,980,662,362,1024,False,,0,genuinely stochastic
290,14,3,0,3,False,-11.7288,-11.7288,1024,203,821,1024,False,,0,effectively rejected
290,30,4,0,4,False,-1.0835,-1.0835,1024,888,136,1024,False,,0,genuinely stochastic
290,61,5,1,4,True,25.5864,0.0,888,606,418,1024,False,,0,effectively accepted
291,0,0,0,0,False,-0.0564,-0.0564,1024,871,153,1024,True,accept,0,genuinely stochastic
291,2,1,0,1,False,-19.9177,-19.9177,1024,638,386,1024,False,,0,effectively rejected
291,5,2,1,1,True,-0.7586,-0.7586,638,611,413,1024,False,,0,genuinely stochastic
291,11,3,2,1,True,-35.7117,-35.7117,611,140,884,1024,False,,0,effectively rejected
291,24,4,2,2,False,-20.4361,-20.4361,611,476,548,1024,False,,0,effectively rejected
291,49,5,3,2,True,-20.4867,-20.4867,476,446,578,1024,False,,0,effectively rejected
291,50,5,2,3,False,-18.0326,-18.0326,611,530,494,1024,False,,0,effectively rejected
291,12,3,1,2,False,-57.9589,-57.9589,638,448,576,1024,False,,0,effectively rejected
291,25,4,2,2,True,-56.0887,-56.0887,448,276,748,1024,False,,0,effectively rejected
291,26,4,1,3,False,-52.9775,-52.9775,638,314,710,1024,False,,0,effectively rejected
291,6,2,0,2,False,-20.0329,-20.0329,1024,634,390,1024,False,,0,effectively rejected
291,13,3,1,2,True,-1.0722,-1.0722,634,528,496,1024,False,,0,genuinely stochastic
291,27,4,2,2,True,-85.8726,-85.8726,528,213,811,1024,False,,0,effectively rejected
291,14,3,0,3,False,-48.0158,-48.0158,1024,143,881,1024,False,,0,effectively rejected
292,0,0,0,0,False,-3.1705,-3.1705,1024,728,296,1024,True,reject,0,genuinely stochastic
292,1,1,1,0,True,-4.151,-4.151,728,620,404,1024,False,,0,genuinely stochastic
292,3,2,2,0,True,-51.4933,-51.4933,620,452,572,1024,False,,0,effectively rejected
292,8,3,2,1,False,-53.808,-53.808,620,290,734,1024,False,,0,effectively rejected
292,18,4,2,2,False,-17.8404,-17.8404,620,114,910,1024,False,,0,effectively rejected
292,4,2,1,1,False,-17.6071,-17.6071,728,212,812,1024,False,,0,effectively rejected
292,9,3,2,1,True,-53.5331,-53.5331,212,55,969,1024,False,,0,effectively rejected
292,10,3,1,2,False,-17.9867,-17.9867,728,542,482,1024,False,,0,effectively rejected
292,21,4,2,2,True,-4.0131,-4.0131,542,318,706,1024,False,,0,genuinely stochastic
292,22,4,1,3,False,-20.0156,-20.0156,728,127,897,1024,False,,0,effectively rejected
292,2,1,0,1,False,-21.9374,-21.9374,1024,80,944,1024,True,reject,0,effectively rejected
292,5,2,1,1,True,-20.3858,-20.3858,80,72,952,1024,False,,0,effectively rejected
292,6,2,0,2,False,-1.9633,-1.9633,1024,762,262,1024,True,reject,0,genuinely stochastic
292,13,3,1,2,True,-3.142,-3.142,762,760,264,1024,False,,0,genuinely stochastic
292,27,4,2,2,True,-18.6114,-18.6114,760,409,615,1024,False,,0,effectively rejected
292,55,5,3,2,True,-32.8886,-32.8886,409,24,1000,1024,False,,0,effectively rejected
292,14,3,0,3,False,-15.0301,-15.0301,1024,515,509,1024,True,reject,0,effectively rejected
293,0,0,0,0,False,-52.0921,-52.0921,1024,63,961,1024,True,reject,0,effectively rejected
293,2,1,0,1,False,-16.2201,-16.2201,1024,446,578,1024,True,reject,0,effectively rejected
293,5,2,1,1,True,-22.6177,-22.6177,446,299,725,1024,False,,0,effectively rejected
293,12,3,1,2,False,-0.6117,-0.6117,446,378,646,1024,False,,0,genuinely stochastic
293,6,2,0,2,False,5.3755,0.0,1024,221,803,1024,True,accept,0,effectively accepted
293,14,3,0,3,False,-8.5073,-8.5073,1024,164,860,1024,False,,0,effectively rejected
293,29,4,1,3,True,6.4303,0.0,164,144,880,1024,False,,0,effectively accepted
293,30,4,0,4,False,-48.6108,-48.6108,1024,202,822,1024,False,,0,effectively rejected
293,62,5,0,5,False,0.0,0.0,1024,990,34,1024,False,,0,effectively accepted
294,0,0,0,0,False,-4.9751,-4.9751,1024,732,292,1024,True,reject,0,effectively rejected
294,2,1,0,1,False,-66.9618,-66.9618,1024,386,638,1024,True,reject,0,effectively rejected
294,5,2,1,1,True,-35.7729,-35.7729,386,129,895,1024,False,,0,effectively rejected
294,6,2,0,2,False,-11.1813,-11.1813,1024,313,711,1024,True,reject,0,effectively rejected
294,14,3,0,3,False,3.3148,0.0,1024,503,521,1024,True,accept,0,effectively accepted
294,29,4,1,3,True,-59.9905,-59.9905,503,342,682,1024,True,reject,0,effectively rejected
294,30,4,0,4,False,-4.9033,-4.9033,1024,758,266,1024,False,,0,effectively rejected
294,61,5,1,4,True,-6.4986,-6.4986,758,462,562,1024,False,,0,effectively rejected
294,123,6,2,4,True,-9.6353,-9.6353,462,27,997,1024,False,,0,effectively rejected
294,62,5,0,5,False,-0.0131,-0.0131,1024,838,186,1024,False,,0,genuinely stochastic
295,0,0,0,0,False,-28.4802,-28.4802,1024,535,489,1024,True,reject,0,effectively rejected
295,1,1,1,0,True,-31.5285,-31.5285,535,327,697,1024,False,,0,effectively rejected
295,4,2,1,1,False,-5.3717,-5.3717,535,352,672,1024,False,,0,effectively rejected
295,9,3,2,1,True,-73.8433,-73.8433,352,0,1024,1024,False,,0,effectively rejected
295,10,3,1,2,False,-30.1397,-30.1397,535,73,951,1024,False,,0,effectively rejected
295,22,4,1,3,False,-34.0366,-34.0366,535,296,728,1024,False,,0,effectively rejected
295,45,5,2,3,True,-35.1241,-35.1241,296,22,1002,1024,False,,0,effectively rejected
295,2,1,0,1,False,2.3677,0.0,1024,269,755,1024,True,accept,0,effectively accepted
295,5,2,1,1,True,-0.5517,-0.5517,269,265,759,1024,True,accept,0,genuinely stochastic
295,6,2,0,2,False,-23.0606,-23.0606,1024,565,459,1024,False,,0,effectively rejected
295,13,3,1,2,True,-23.412,-23.412,565,381,643,1024,False,,0,effectively rejected
295,27,4,2,2,True,-9.0825,-9.0825,381,283,741,1024,False,,0,effectively rejected
295,28,4,1,3,False,-24.7232,-24.7232,565,209,815,1024,False,,0,effectively rejected
295,14,3,0,3,False,-24.4151,-24.4151,1024,481,543,1024,False,,0,effectively rejected
295,29,4,1,3,True,-12.6098,-12.6098,481,334,690,1024,False,,0,effectively rejected
296,0,0,0,0,False,-1.2218,-1.2218,1024,304,720,1024,True,accept,0,genuinely stochastic
296,2,1,0,1,False,-68.2853,-68.2853,1024,182,842,1024,False,,0,effectively rejected
296,6,2,0,2,False,6.7353,0.0,1024,78,946,1024,False,,0,effectively accepted
296,14,3,0,3,False,-9.274,-9.274,1024,410,614,1024,False,,0,effectively rejected
296,30,4,0,4,False,0.9672,0.0,1024,943,81,1024,False,,0,effectively accepted
296,61,5,1,4,True,-10.373,-10.373,943,346,678,1024,False,,0,effectively rejected
296,123,6,2,4,True,-34.8309,-34.8309,346,3,1021,1024,False,,0,effectively rejected
296,248,7,2,5,False,-5.9969,-5.9969,346,37,987,1024,False,,0,effectively rejected
296,124,6,1,5,False,-0.5374,-0.5374,943,830,194,1024,False,,0,genuinely stochastic
296,62,5,0,5,False,-26.63,-26.63,1024,543,481,1024,False,,0,effectively rejected
296,125,6,1,5,True,-17.6603,-17.6603,543,223,801,1024,False,,0,effectively rejected
297,0,0,0,0,False,-33.345,-33.345,1024,328,696,1024,True,reject,0,effectively rejected
297,2,1,0,1,False,-94.0209,-94.0209,1024,9,1015,1024,True,reject,0,effectively rejected
297,6,2,0,2,False,-65.1643,-65.1643,1024,316,708,1024,True,reject,0,effectively rejected
297,14,3,0,3,False,-64.2932,-64.2932,1024,190,834,1024,True,reject,0,effectively rejected
297,30,4,0,4,False,0.0,0.0,1024,859,165,1024,True,accept,0,effectively accepted
297,61,5,1,4,True,-0.9885,-0.9885,859,806,218,1024,True,reject,0,genuinely stochastic
297,123,6,2,4,True,-29.0828,-29.0828,806,318,706,1024,False,,0,effectively rejected
297,124,6,1,5,False,0.1184,0.0,859,730,294,1024,True,accept,0,effectively accepted
297,62,5,0,5,False,-23.671,-23.671,1024,481,543,1024,False,,0,effectively rejected
298,0,0,0,0,False,-0.1711,-0.1711,1024,739,285,1024,True,reject,0,genuinely stochastic
298,2,1,0,1,False,0.3169,0.0,1024,695,329,1024,True,accept,0,effectively accepted
298,5,2,1,1,True,-0.0671,-0.0671,695,455,569,1024,True,accept,0,genuinely stochastic
298,12,3,1,2,False,-32.2828,-32.2828,695,598,426,1024,False,,0,effectively rejected
298,26,4,1,3,False,-59.3063,-59.3063,695,203,821,1024,False,,0,effectively rejected
298,6,2,0,2,False,0.7986,0.0,1024,501,523,1024,False,,0,effectively accepted
298,14,3,0,3,False,3.5479,0.0,1024,293,731,1024,False,,0,effectively accepted
299,0,0,0,0,False,-2.513,-2.513,1024,647,377,1024,True,reject,0,genuinely stochastic
299,1,1,1,0,True,-11.4669,-11.4669,647,465,559,1024,False,,0,effectively rejected
299,2,1,0,1,False,-8.5003,-8.5003,1024,204,820,1024,True,reject,0,effectively rejected
299,5,2,1,1,True,-28.9162,-28.9162,204,115,909,1024,False,,0,effectively rejected
299,12,3,1,2,False,-28.2301,-28.2301,204,14,1010,1024,False,,0,effectively rejected
299,6,2,0,2,False,2.1579,0.0,1024,163,861,1024,True,accept,0,effectively accepted
299,14,3,0,3,False,-27.2362,-27.2362,1024,296,728,1024,False,,0,effectively rejected
299,30,4,0,4,False,-64.2892,-64.2892,1024,378,646,1024,False,,0,effectively rejected
299,62,5,0,5,False,-62.2405,-62.2405,1024,195,829,1024,False,,0,effectively rejected
300,0,0,0,0,False,0.2037,0.0,1024,717,307,1024,True,accept,0,effectively accepted
300,1,1,1,0,True,-10.3833,-10.3833,717,486,538,1024,True,reject,0,effectively rejected
300,3,2,2,0,True,-26.5336,-26.5336,486,32,992,1024,False,,0,effectively rejected
300,4,2,1,1,False,-1.3655,-1.3655,717,674,350,1024,True,reject,0,genuinely stochastic
300,9,3,2,1,True,-33.5867,-33.5867,674,347,677,1024,False,,0,effectively rejected
300,19,4,3,1,True,-10.2743,-10.2743,347,1,1023,1024,False,,0,effectively rejected
300,40,5,3,2,False,-28.8153,-28.8153,347,181,843,1024,False,,0,effectively rejected
300,10,3,1,2,False,-45.2689,-45.2689,717,193,831,1024,True,reject,0,effectively rejected
300,22,4,1,3,False,-13.9956,-13.9956,717,305,719,1024,True,reject,0,effectively rejected
300,45,5,2,3,True,-65.449,-65.449,305,87,937,1024,False,,0,effectively rejected
300,2,1,0,1,False,-11.0387,-11.0387,1024,332,692,1024,False,,0,effectively rejected
300,6,2,0,2,False,-1.5064,-1.5064,1024,406,618,1024,False,,0,genuinely stochastic
300,13,3,1,2,True,-41.241,-41.241,406,365,659,1024,False,,0,effectively rejected
300,14,3,0,3,False,-0.003,-0.003,1024,940,84,1024,False,,0,effectively accepted
300,29,4,1,3,True,-28.2422,-28.2422,940,85,939,1024,False,,0,effectively rejected
301,0,0,0,0,False,-32.9499,-32.9499,1024,141,883,1024,True,reject,0,effectively rejected
301,2,1,0,1,False,0.0029,0.0,1024,854,170,1024,True,accept,0,effectively accepted
301,5,2,1,1,True,-61.0281,-61.0281,854,275,749,1024,True,reject,0,effectively rejected
301,12,3,1,2,False,-28.39,-28.39,854,588,436,1024,True,reject,0,effectively rejected
301,26,4,1,3,False,3.3043,0.0,854,188,836,1024,True,accept,0,effectively accepted
301,53,5,2,3,True,-32.0281,-32.0281,188,19,1005,1024,True,reject,0,effectively rejected
301,6,2,0,2,False,-30.3918,-30.3918,1024,493,531,1024,False,,0,effectively rejected
301,13,3,1,2,True,-17.6872,-17.6872,493,123,901,1024,False,,0,effectively rejected
301,28,4,1,3,False,-27.1783,-27.1783,493,472,552,1024,False,,0,effectively rejected
301,57,5,2,3,True,-36.9178,-36.9178,472,367,657,1024,False,,0,effectively rejected
301,115,6,3,3,True,-12.3147,-12.3147,367,333,691,1024,False,,0,effectively rejected
301,231,7,4,3,True,-4.9985,-4.9985,333,233,791,1024,False,,0,effectively rejected
301,14,3,0,3,False,0.0029,0.0,1024,862,162,1024,False,,0,effectively accepted
301,29,4,1,3,True,0.8617,0.0,862,517,507,1024,False,,0,effectively accepted
301,30,4,0,4,False,-57.1609,-57.1609,1024,197,827,1024,False,,0,effectively rejected
302,0,0,0,0,False,-71.4554,-71.4554,1024,55,969,1024,True,reject,0,effectively rejected
302,2,1,0,1,False,-31.4826,-31.4826,1024,213,811,1024,True,reject,0,effectively rejected
302,6,2,0,2,False,-14.8447,-14.8447,1024,291,733,1024,True,reject,0,effectively rejected
302,14,3,0,3,False,-30.6679,-30.6679,1024,493,531,1024,True,reject,0,effectively rejected
302,29,4,1,3,True,-43.1469,-43.1469,493,104,920,1024,False,,0,effectively rejected
302,60,5,1,4,False,-39.0682,-39.0682,493,348,676,1024,False,,0,effectively rejected
302,30,4,0,4,False,1.0954,0.0,1024,954,70,1024,True,accept,0,effectively accepted
302,62,5,0,5,False,-29.76,-29.76,1024,286,738,1024,False,,0,effectively rejected
302,125,6,1,5,True,-113.6829,-113.6829,286,147,877,1024,False,,0,effectively rejected
302,252,7,1,6,False,-30.2831,-30.2831,286,78,946,1024,False,,0,effectively rejected
302,126,6,0,6,False,-27.5092,-27.5092,1024,462,562,1024,False,,0,effectively rejected
302,253,7,1,6,True,-70.1965,-70.1965,462,313,711,1024,False,,0,effectively rejected
303,0,0,0,0,False,-0.8653,-0.8653,1024,670,354,1024,True,accept,0,genuinely stochastic
303,1,1,1,0,True,-27.645,-27.645,670,612,412,1024,True,reject,0,effectively rejected
303,2,1,0,1,False,0.5863,0.0,1024,630,394,1024,False,,0,effectively accepted
303,6,2,0,2,False,-0.2579,-0.2579,1024,803,221,1024,False,,0,genuinely stochastic
303,14,3,0,3,False,-0.2512,-0.2512,1024,855,169,1024,False,,0,genuinely stochastic
303,29,4,1,3,True,-78.5471,-78.5471,855,284,740,1024,False,,0,effectively rejected
303,59,5,2,3,True,-69.338,-69.338,284,212,812,1024,False,,0,effectively rejected
303,60,5,1,4,False,-27.9293,-27.9293,855,559,465,1024,False,,0,effectively rejected
303,30,4,0,4,False,-64.8487,-64.8487,1024,74,950,1024,False,,0,effectively rejected
304,0,0,0,0,False,-69.0579,-69.0579,1024,182,842,1024,True,reject,0,effectively rejected
304,2,1,0,1,False,0.0392,0.0,1024,732,292,1024,True,accept,0,effectively accepted
304,6,2,0,2,False,-10.6655,-10.6655,1024,585,439,1024,False,,0,effectively rejected
304,13,3,1,2,True,-28.4982,-28.4982,585,119,905,1024,False,,0,effectively rejected
304,28,4,1,3,False,1.5136,0.0,585,193,831,1024,False,,0,effectively accepted
304,14,3,0,3,False,-4.8728,-4.8728,1024,591,433,1024,False,,0,effectively rejected
304,30,4,0,4,False,-0.0835,-0.0835,1024,801,223,1024,False,,0,genuinely stochastic
304,62,5,0,5,False,-32.9644,-32.9644,1024,412,612,1024,False,,0,effectively rejected
305,0,0,0,0,False,-26.8302,-26.8302,1024,577,447,1024,True,reject,0,effectively rejected
305,1,1,1,0,True,-27.7126,-27.7126,577,525,499,1024,False,,0,effectively rejected
305,2,1,0,1,False,-24.9555,-24.9555,1024,580,444,1024,True,reject,0,effectively rejected
305,5,2,1,1,True,-14.4165,-14.4165,580,25,999,1024,False,,0,effectively rejected
305,12,3,1,2,False,-1.0582,-1.0582,580,72,952,1024,False,,0,genuinely stochastic
305,26,4,1,3,False,-17.4946,-17.4946,580,394,630,1024,False,,0,effectively rejected
305,6,2,0,2,False,-1.1333,-1.1333,1024,770,254,1024,True,accept,0,genuinely stochastic
305,13,3,1,2,True,-0.0139,-0.0139,770,690,334,1024,True,accept,0,genuinely stochastic
305,27,4,2,2,True,-11.1622,-11.1622,690,464,560,1024,True,reject,0,effectively rejected
305,28,4,1,3,False,-25.6453,-25.6453,770,468,556,1024,False,,0,effectively rejected
305,14,3,0,3,False,-28.0418,-28.0418,1024,515,509,1024,False,,0,effectively rejected
306,0,0,0,0,False,-71.7107,-71.7107,1024,54,970,1024,True,reject,0,effectively rejected
306,2,1,0,1,False,-28.812,-28.812,1024,315,709,1024,True,reject,0,effectively rejected
306,6,2,0,2,False,-33.2753,-33.2753,1024,155,869,1024,True,reject,0,effectively rejected
306,14,3,0,3,False,-96.8285,-96.8285,1024,378,646,1024,True,reject,0,effectively rejected
306,30,4,0,4,False,-1.1362,-1.1362,1024,825,199,1024,True,reject,0,genuinely stochastic
306,61,5,1,4,True,-34.4691,-34.4691,825,424,600,1024,False,,0,effectively rejected
306,123,6,2,4,True,-38.1475,-38.1475,424,24,1000,1024,False,,0,effectively rejected
306,124,6,1,5,False,-33.2753,-33.2753,825,155,869,1024,False,,0,effectively rejected
306,250,7,1,6,False,-32.797,-32.797,825,235,789,1024,False,,0,effectively rejected
306,62,5,0,5,False,-56.6134,-56.6134,1024,402,622,1024,True,reject,0,effectively rejected
306,126,6,0,6,False,-71.9364,-71.9364,1024,96,928,1024,True,reject,0,effectively rejected
306,254,7,0,7,False,0.0,0.0,1024,992,32,1024,True,accept,0,effectively accepted
307,0,0,0,0,False,-32.9297,-32.9297,1024,253,771,1024,True,reject,0,effectively rejected
307,1,1,1,0,True,-34.9202,-34.9202,253,71,953,1024,False,,0,effectively rejected
307,2,1,0,1,False,-32.5738,-32.5738,1024,421,603,1024,True,reject,0,effectively rejected
307,5,2,1,1,True,-37.9669,-37.9669,421,207,817,1024,False,,0,effectively rejected
307,6,2,0,2,False,-26.6203,-26.6203,1024,462,562,1024,True,reject,0,effectively rejected
307,14,3,0,3,False,-0.0575,-0.0575,1024,720,304,1024,True,accept,0,genuinely stochastic
307,29,4,1,3,True,-34.2156,-34.2156,720,370,654,1024,True,reject,0,effectively rejected
307,59,5,2,3,True,-98.8914,-98.8914,370,298,726,1024,False,,0,effectively rejected
307,60,5,1,4,False,-13.5726,-13.5726,720,336,688,1024,True,reject,0,effectively rejected
307,30,4,0,4,False,-4.7814,-4.7814,1024,453,571,1024,False,,0,effectively rejected
307,61,5,1,4,True,-69.7516,-69.7516,453,66,958,1024,False,,0,effectively rejected
308,0,0,0,0,False,-1.0919,-1.0919,1024,829,195,1024,True,accept,0,genuinely stochastic
308,2,1,0,1,False,0.0748,0.0,1024,797,227,1024,False,,0,effectively accepted
308,6,2,0,2,False,-34.9155,-34.9155,1024,54,970,1024,False,,0,effectively rejected
308,13,3,1,2,True,-39.8738,-39.8738,54,48,976,1024,False,,0,effectively rejected
308,14,3,0,3,False,-32.1644,-32.1644,1024,255,769,1024,False,,0,effectively rejected
308,29,4,1,3,True,-39.1379,-39.1379,255,73,951,1024,False,,0,effectively rejected
308,59,5,2,3,True,-38.5333,-38.5333,73,19,1005,1024,False,,0,effectively rejected
308,30,4,0,4,False,-35.363,-35.363,1024,395,629,1024,False,,0,effectively rejected
309,0,0,0,0,False,-69.3056,-69.3056,1024,11,1013,1024,True,reject,0,effectively rejected
309,2,1,0,1,False,-24.3002,-24.3002,1024,414,610,1024,True,reject,0,effectively rejected
309,6,2,0,2,False,-25.275,-25.275,1024,479,545,1024,True,reject,0,effectively rejected
309,14,3,0,3,False,2.3965,0.0,1024,661,363,1024,True,accept,0,effectively accepted
309,30,4,0,4,False,-36.8046,-36.8046,1024,72,952,1024,False,,0,effectively rejected
309,62,5,0,5,False,-20.1225,-20.1225,1024,367,657,1024,False,,0,effectively rejected
309,126,6,0,6,False,0.8187,0.0,1024,722,302,1024,False,,0,effectively accepted
310,0,0,0,0,False,-12.4119,-12.4119,1024,572,452,1024,True,reject,0,effectively rejected
310,2,1,0,1,False,0.0,0.0,1024,1020,4,1024,True,accept,0,effectively accepted
310,5,2,1,1,True,-1.3458,-1.3458,1020,773,251,1024,True,reject,0,genuinely stochastic
310,11,3,2,1,True,-71.4513,-71.4513,773,49,975,1024,False,,0,effectively rejected
310,23,4,3,1,True,-72.9478,-72.9478,49,8,1016,1024,False,,0,effectively rejected
310,12,3,1,2,False,-28.3848,-28.3848,1020,602,422,1024,True,reject,0,effectively rejected
310,25,4,2,2,True,-30.9051,-30.9051,602,144,880,1024,False,,0,effectively rejected
310,52,5,2,3,False,-67.6047,-67.6047,602,386,638,1024,False,,0,effectively rejected
310,26,4,1,3,False,-1.2345,-1.2345,1020,811,213,1024,True,reject,0,genuinely stochastic
310,53,5,2,3,True,-34.8288,-34.8288,811,332,692,1024,False,,0,effectively rejected
310,6,2,0,2,False,-1.087,-1.087,1024,737,287,1024,False,,0,genuinely stochastic
310,14,3,0,3,False,-25.6668,-25.6668,1024,610,414,1024,False,,0,effectively rejected
311,0,0,0,0,False,-0.1724,-0.1724,1024,680,344,1024,True,accept,0,genuinely stochastic
311,1,1,1,0,True,-68.5691,-68.5691,680,100,924,1024,True,reject,0,effectively rejected
311,4,2,1,1,False,-30.7986,-30.7986,680,357,667,1024,True,reject,0,effectively rejected
311,9,3,2,1,True,-2.311,-2.311,357,181,843,1024,False,,0,genuinely stochastic
311,20,4,2,2,False,-14.3031,-14.3031,357,300,724,1024,False,,0,effectively rejected
311,41,5,3,2,True,-34.1978,-34.1978,300,276,748,1024,False,,0,effectively rejected
311,42,5,2,3,False,-36.629,-36.629,357,324,700,1024,False,,0,effectively rejected
311,10,3,1,2,False,-34.4132,-34.4132,680,111,913,1024,True,reject,0,effectively rejected
311,22,4,1,3,False,-29.7814,-29.7814,680,400,624,1024,True,reject,0,effectively rejected
311,2,1,0,1,False,-1.1372,-1.1372,1024,714,310,1024,False,,0,genuinely stochastic
311,6,2,0,2,False,-26.5244,-26.5244,1024,511,513,1024,False,,0,effectively rejected
311,13,3,1,2,True,-43.1861,-43.1861,511,133,891,1024,False,,0,effectively rejected
311,27,4,2,2,True,-78.0676,-78.0676,133,12,1012,1024,False,,0,effectively rejected
311,28,4,1,3,False,-30.7986,-30.7986,511,357,667,1024,False,,0,effectively rejected
311,14,3,0,3,False,-3.2979,-3.2979,1024,464,560,1024,False,,0,genuinely stochastic
311,30,4,0,4,False,-16.4675,-16.4675,1024,387,637,1024,False,,0,effectively rejected
312,0,0,0,0,False,0.0,0.0,1024,954,70,1024,True,accept,0,effectively accepted
312,1,1,1,0,True,-35.4606,-35.4606,954,279,745,1024,True,reject,0,effectively rejected
312,4,2,1,1,False,-24.8763,-24.8763,954,214,810,1024,True,reject,0,effectively rejected
312,10,3,1,2,False,-1.0954,-1.0954,954,923,101,1024,True,reject,0,genuinely stochastic
312,21,4,2,2,True,0.0261,0.0,923,720,304,1024,False,,0,effectively accepted
312,43,5,3,2,True,-15.5762,-15.5762,720,188,836,1024,False,,0,effectively rejected
312,22,4,1,3,False,-1.0086,-1.0086,954,632,392,1024,True,accept,0,genuinely stochastic
312,45,5,2,3,True,-8.6506,-8.6506,632,361,663,1024,True,reject,0,effectively rejected
312,2,1,0,1,False,-23.989,-23.989,1024,610,414,1024,False,,0,effectively rejected
312,5,2,1,1,True,-63.2156,-63.2156,610,203,821,1024,False,,0,effectively rejected
312,6,2,0,2,False,0.0,0.0,1024,964,60,1024,False,,0,effectively accepted
312,13,3,1,2,True,-67.4323,-67.4323,964,389,635,1024,False,,0,effectively rejected
312,28,4,1,3,False,-25.6206,-25.6206,964,302,722,1024,False,,0,effectively rejected
312,14,3,0,3,False,-12.5138,-12.5138,1024,441,583,1024,False,,0,effectively rejected
313,0,0,0,0,False,4.5485,0.0,1024,136,888,1024,True,accept,0,effectively accepted
313,2,1,0,1,False,1.4139,0.0,1024,48,976,1024,False,,0,effectively accepted
313,6,2,0,2,False,-0.0001,-0.0001,1024,912,112,1024,False,,0,effectively accepted
313,13,3,1,2,True,1.9436,0.0,912,502,522,1024,False,,0,effectively accepted
313,28,4,1,3,False,0.4694,0.0,912,593,431,1024,False,,0,effectively accepted
313,57,5,2,3,True,-0.6195,-0.6195,593,546,478,1024,False,,0,genuinely stochastic
313,115,6,3,3,True,3.0264,0.0,546,253,771,1024,False,,0,effectively accepted
313,14,3,0,3,False,-0.5419,-0.5419,1024,677,347,1024,False,,0,genuinely stochastic
313,29,4,1,3,True,-0.6899,-0.6899,677,145,879,1024,False,,0,genuinely stochastic
313,60,5,1,4,False,-4.121,-4.121,677,269,755,1024,False,,0,genuinely stochastic
313,122,6,1,5,False,-3.6029,-3.6029,677,142,882,1024,False,,0,genuinely stochastic
313,30,4,0,4,False,0.021,0.0,1024,956,68,1024,False,,0,effectively accepted
313,62,5,0,5,False,1.4135,0.0,1024,205,819,1024,False,,0,effectively accepted
314,0,0,0,0,False,-3.7218,-3.7218,1024,362,662,1024,True,reject,0,genuinely stochastic
314,1,1,1,0,True,-6.2395,-6.2395,362,331,693,1024,False,,0,effectively rejected
314,2,1,0,1,False,-0.2437,-0.2437,1024,869,155,1024,True,accept,0,genuinely stochastic
314,5,2,1,1,True,-3.2997,-3.2997,869,302,722,1024,True,reject,0,genuinely stochastic
314,12,3,1,2,False,-4.9212,-4.9212,869,487,537,1024,True,reject,0,effectively rejected
314,26,4,1,3,False,-0.2437,-0.2437,869,869,155,1024,True,accept,0,genuinely stochastic
314,53,5,2,3,True,-6.0651,-6.0651,869,270,754,1024,True,reject,0,effectively rejected
314,108,6,2,4,False,-2.0361,-2.0361,869,769,255,1024,True,reject,0,genuinely stochastic
314,54,5,1,4,False,-3.802,-3.802,869,171,853,1024,False,,0,genuinely stochastic
314,109,6,2,4,True,-2.8469,-2.8469,171,157,867,1024,False,,0,genuinely stochastic
314,6,2,0,2,False,-4.0918,-4.0918,1024,318,706,1024,False,,0,genuinely stochastic
314,14,3,0,3,False,-0.3668,-0.3668,1024,799,225,1024,False,,0,genuinely stochastic
314,29,4,1,3,True,-6.6208,-6.6208,799,308,716,1024,False,,0,effectively rejected
314,60,5,1,4,False,-4.0005,-4.0005,799,219,805,1024,False,,0,genuinely stochastic
314,30,4,0,4,False,-6.4236,-6.4236,1024,140,884,1024,False,,0,effectively rejected
315,0,0,0,0,False,-5.0899,-5.0899,1024,173,851,1024,True,reject,0,effectively rejected
315,2,1,0,1,False,-1.8552,-1.8552,1024,562,462,1024,True,accept,0,genuinely stochastic
315,5,2,1,1,True,-2.631,-2.631,562,388,636,1024,True,reject,0,genuinely stochastic
315,11,3,2,1,True,-5.0035,-5.0035,388,179,845,1024,False,,0,effectively rejected
315,6,2,0,2,False,-3.5249,-3.5249,1024,406,618,1024,False,,0,genuinely stochastic
315,14,3,0,3,False,-3.7001,-3.7001,1024,227,797,1024,False,,0,genuinely stochastic
315,30,4,0,4,False,-84.2074,-84.2074,1024,32,992,1024,False,,0,effectively rejected
315,62,5,0,5,False,0.0115,0.0,1024,823,201,1024,False,,0,effectively accepted
315,125,6,1,5,True,-4.4159,-4.4159,823,334,690,1024,False,,0,genuinely stochastic
316,0,0,0,0,False,0.0,0.0,1024,1006,18,1024,True,accept,0,effectively accepted
316,1,1,1,0,True,0.133,0.0,1006,804,220,1024,True,accept,0,effectively accepted
316,3,2,2,0,True,-0.2318,-0.2318,804,728,296,1024,True,accept,0,genuinely stochastic
316,8,3,2,1,False,0.4879,0.0,804,623,401,1024,False,,0,effectively accepted
316,17,4,3,1,True,-17.2452,-17.2452,623,0,1024,1024,False,,0,effectively rejected
316,36,5,3,2,False,-3.4639,-3.4639,623,325,699,1024,False,,0,genuinely stochastic
316,18,4,2,2,False,-200.3025,-200.3025,804,157,867,1024,False,,0,effectively rejected
316,38,5,2,3,False,-5.1725,-5.1725,804,264,760,1024,False,,0,effectively rejected
316,4,2,1,1,False,-1.1569,-1.1569,1006,277,747,1024,False,,0,genuinely stochastic
316,10,3,1,2,False,0.0002,0.0,1006,991,33,1024,False,,0,effectively accepted
316,21,4,2,2,True,-1.2616,-1.2616,991,214,810,1024,False,,0,genuinely stochastic
316,43,5,3,2,True,-2.9525,-2.9525,214,199,825,1024,False,,0,genuinely stochastic
316,22,4,1,3,False,-3.6316,-3.6316,1006,208,816,1024,False,,0,genuinely stochastic
316,2,1,0,1,False,0.4882,0.0,1024,601,423,1024,False,,0,effectively accepted
316,6,2,0,2,False,0.0002,0.0,1024,975,49,1024,False,,0,effectively accepted
316,13,3,1,2,True,0.5989,0.0,975,357,667,1024,False,,0,effectively accepted
316,14,3,0,3,False,-4.0139,-4.0139,1024,249,775,1024,False,,0,genuinely stochastic
317,0,0,0,0,False,-2.2179,-2.2179,1024,15,1009,1024,True,reject,0,genuinely stochastic
317,2,1,0,1,False,-0.5949,-0.5949,1024,855,169,1024,True,accept,0,genuinely stochastic
317,5,2,1,1,True,-3.8524,-3.8524,855,235,789,1024,True,reject,0,genuinely stochastic
317,11,3,2,1,True,0.6929,0.0,235,140,884,1024,False,,0,effectively accepted
317,6,2,0,2,False,-0.1995,-0.1995,1024,491,533,1024,False,,0,genuinely stochastic
317,14,3,0,3,False,-0.0048,-0.0048,1024,788,236,1024,False,,0,effectively accepted
317,29,4,1,3,True,-4.3135,-4.3135,788,411,613,1024,False,,0,genuinely stochastic
317,60,5,1,4,False,-2.6959,-2.6959,788,19,1005,1024,False,,0,genuinely stochastic
317,30,4,0,4,False,-0.5956,-0.5956,1024,612,412,1024,False,,0,genuinely stochastic
317,61,5,1,4,True,-0.2264,-0.2264,612,599,425,1024,False,,0,genuinely stochastic
317,123,6,2,4,True,0.8087,0.0,599,385,639,1024,False,,0,effectively accepted
317,62,5,0,5,False,-3.1486,-3.1486,1024,199,825,1024,False,,0,genuinely stochastic
318,0,0,0,0,False,1.1541,0.0,1024,713,311,1024,True,accept,0,effectively accepted
318,1,1,1,0,True,-1.5217,-1.5217,713,408,616,1024,True,accept,0,genuinely stochastic
318,3,2,2,0,True,0.0804,0.0,408,93,931,1024,True,accept,0,effectively accepted
318,4,2,1,1,False,-2.8062,-2.8062,713,292,732,1024,False,,0,genuinely stochastic
318,10,3,1,2,False,0.7442,0.0,713,9,1015,1024,False,,0,effectively accepted
318,22,4,1,3,False,-2.4833,-2.4833,713,444,580,1024,False,,0,genuinely stochastic
318,46,5,1,4,False,1.5713,0.0,713,317,707,1024,False,,0,effectively accepted
318,2,1,0,1,False,-3.5602,-3.5602,1024,284,740,1024,False,,0,genuinely stochastic
318,5,2,1,1,True,-0.2575,-0.2575,284,147,877,1024,False,,0,genuinely stochastic
318,6,2,0,2,False,-6.0811,-6.0811,1024,86,938,1024,False,,0,effectively rejected
318,14,3,0,3,False,-5.6875,-5.6875,1024,167,857,1024,False,,0,effectively rejected
318,30,4,0,4,False,1.3818,0.0,1024,699,325,1024,False,,0,effectively accepted
319,0,0,0,0,False,-1.9437,-1.9437,1024,188,836,1024,True,accept,0,genuinely stochastic
319,2,1,0,1,False,0.0003,0.0,1024,969,55,1024,False,,0,effectively accepted
319,5,2,1,1,True,0.5955,0.0,969,871,153,1024,False,,0,effectively accepted
319,11,3,2,1,True,-0.0579,-0.0579,871,296,728,1024,False,,0,genuinely stochastic
319,23,4,3,1,True,-5.4457,-5.4457,296,134,890,1024,False,,0,effectively rejected
319,24,4,2,2,False,-0.8095,-0.8095,871,167,857,1024,False,,0,genuinely stochastic
319,12,3,1,2,False,0.5941,0.0,969,795,229,1024,False,,0,effectively accepted
319,25,4,2,2,True,0.53,0.0,795,568,456,1024,False,,0,effectively accepted
319,26,4,1,3,False,1.3023,0.0,969,570,454,1024,False,,0,effectively accepted
319,6,2,0,2,False,-0.0215,-0.0215,1024,942,82,1024,False,,0,genuinely stochastic
319,13,3,1,2,True,0.5694,0.0,942,810,214,1024,False,,0,effectively accepted
319,27,4,2,2,True,-2.7392,-2.7392,810,264,760,1024,False,,0,genuinely stochastic
319,56,5,2,3,False,3.9363,0.0,810,520,504,1024,False,,0,effectively accepted
319,28,4,1,3,False,-66.4166,-66.4166,942,0,1024,1024,False,,0,effectively rejected
319,14,3,0,3,False,0.0551,0.0,1024,313,711,1024,False,,0,effectively accepted
320,0,0,0,0,False,0.0,0.0,1024,602,422,1024,True,accept,0,effectively accepted
320,2,1,0,1,False,-1.1741,-1.1741,1024,282,742,1024,False,,0,genuinely stochastic
320,6,2,0,2,False,0.2609,0.0,1024,929,95,1024,False,,0,effectively accepted
320,13,3,1,2,True,-0.2014,-0.2014,929,491,533,1024,False,,0,genuinely stochastic
320,28,4,1,3,False,-1.6734,-1.6734,929,508,516,1024,False,,0,genuinely stochastic
320,57,5,2,3,True,-1.1747,-1.1747,508,245,779,1024,False,,0,genuinely stochastic
320,115,6,3,3,True,-101.2165,-101.2165,245,34,990,1024,False,,0,effectively rejected
320,58,5,1,4,False,0.0411,0.0,929,479,545,1024,False,,0,effectively accepted
320,14,3,0,3,False,-0.0009,-0.0009,1024,951,73,1024,False,,0,effectively accepted
320,29,4,1,3,True,-1.4843,-1.4843,951,163,861,1024,False,,0,genuinely stochastic
320,59,5,2,3,True,-2.2016,-2.2016,163,149,875,1024,False,,0,genuinely stochastic
320,30,4,0,4,False,-2.513,-2.513,1024,412,612,1024,False,,0,genuinely stochastic
321,0,0,0,0,False,0.0,0.0,1024,875,149,1024,True,accept,0,effectively accepted
321,1,1,1,0,True,-0.5021,-0.5021,875,426,598,1024,True,accept,0,genuinely stochastic
321,2,1,0,1,False,0.5054,0.0,1024,235,789,1024,False,,0,effectively accepted
321,6,2,0,2,False,0.0215,0.0,1024,951,73,1024,False,,0,effectively accepted
321,13,3,1,2,True,-0.3726,-0.3726,951,914,110,1024,False,,0,genuinely stochastic
321,27,4,2,2,True,-0.2492,-0.2492,914,787,237,1024,False,,0,genuinely stochastic
321,55,5,3,2,True,-0.3371,-0.3371,787,568,456,1024,False,,0,genuinely stochastic
321,112,6,3,3,False,-1.3742,-1.3742,787,233,791,1024,False,,0,genuinely stochastic
321,56,5,2,3,False,-3.5674,-3.5674,914,252,772,1024,False,,0,genuinely stochastic
321,28,4,1,3,False,-0.1444,-0.1444,951,347,677,1024,False,,0,genuinely stochastic
321,14,3,0,3,False,-1.214,-1.214,1024,205,819,1024,False,,0,genuinely stochastic
322,0,0,0,0,False,3.0381,0.0,1024,88,936,1024,True,accept,0,effectively accepted
322,2,1,0,1,False,1.6794,0.0,1024,383,641,1024,False,,0,effectively accepted
322,6,2,0,2,False,-0.0396,-0.0396,1024,799,225,1024,False,,0,genuinely stochastic
322,13,3,1,2,True,1.5467,0.0,799,494,530,1024,False,,0,effectively accepted
322,27,4,2,2,True,2.5609,0.0,494,381,643,1024,False,,0,effectively accepted
322,28,4,1,3,False,1.7323,0.0,799,286,738,1024,False,,0,effectively accepted
322,14,3,0,3,False,0.2355,0.0,1024,660,364,1024,False,,0,effectively accepted
322,30,4,0,4,False,-0.9177,-0.9177,1024,285,739,1024,False,,0,genuinely stochastic
322,62,5,0,5,False,0.2264,0.0,1024,874,150,1024,False,,0,effectively accepted
323,0,0,0,0,False,-3.1978,-3.1978,1024,206,818,1024,True,reject,0,genuinely stochastic
323,2,1,0,1,False,-134.3904,-134.3904,1024,30,994,1024,True,reject,0,effectively rejected
323,6,2,0,2,False,-0.2402,-0.2402,1024,874,150,1024,True,accept,0,genuinely stochastic
323,13,3,1,2,True,-2.6256,-2.6256,874,171,853,1024,True,reject,0,genuinely stochastic
323,28,4,1,3,False,-0.8781,-0.8781,874,849,175,1024,True,reject,0,genuinely stochastic
323,57,5,2,3,True,-2.776,-2.776,849,489,535,1024,False,,0,genuinely stochastic
323,116,6,2,4,False,-2.4548,-2.4548,849,290,734,1024,False,,0,genuinely stochastic
323,233,7,3,4,True,-4.9191,-4.9191,290,235,789,1024,False,,0,effectively rejected
323,467,8,4,4,True,-4.9265,-4.9265,235,156,868,1024,False,,0,effectively rejected
323,234,7,2,5,False,-3.0356,-3.0356,849,278,746,1024,False,,0,genuinely stochastic
323,58,5,1,4,False,-1.6637,-1.6637,874,536,488,1024,True,accept,0,genuinely stochastic
323,118,6,1,5,False,-4.6491,-4.6491,874,195,829,1024,False,,0,effectively rejected
323,14,3,0,3,False,-4.2855,-4.2855,1024,312,712,1024,False,,0,genuinely stochastic
323,30,4,0,4,False,-1.5047,-1.5047,1024,629,395,1024,False,,0,genuinely stochastic
323,62,5,0,5,False,-4.2521,-4.2521,1024,216,808,1024,False,,0,genuinely stochastic
324,0,0,0,0,False,0.5937,0.0,1024,53,971,1024,True,accept,0,effectively accepted
324,2,1,0,1,False,0.2832,0.0,1024,713,311,1024,False,,0,effectively accepted
324,5,2,1,1,True,-2.2692,-2.2692,713,327,697,1024,False,,0,genuinely stochastic
324,12,3,1,2,False,-1.3247,-1.3247,713,397,627,1024,False,,0,genuinely stochastic
324,25,4,2,2,True,-2.6115,-2.6115,397,117,907,1024,False,,0,genuinely stochastic
324,52,5,2,3,False,2.2879,0.0,397,34,990,1024,False,,0,effectively accepted
324,106,6,2,4,False,-0.7427,-0.7427,397,342,682,1024,False,,0,genuinely stochastic
324,26,4,1,3,False,-1.4429,-1.4429,713,70,954,1024,False,,0,genuinely stochastic
324,54,5,1,4,False,1.2009,0.0,713,662,362,1024,False,,0,effectively accepted
324,110,6,1,5,False,0.0026,0.0,713,632,392,1024,False,,0,effectively accepted
324,6,2,0,2,False,1.5764,0.0,1024,384,640,1024,False,,0,effectively accepted
324,14,3,0,3,False,-1.2269,-1.2269,1024,316,708,1024,False,,0,genuinely stochastic
324,30,4,0,4,False,1.133,0.0,1024,459,565,1024,False,,0,effectively accepted
324,62,5,0,5,False,-1.0392,-1.0392,1024,247,777,1024,False,,0,genuinely stochastic
325,0,0,0,0,False,-0.2543,-0.2543,1024,736,288,1024,True,accept,0,genuinely stochastic
325,2,1,0,1,False,-0.5022,-0.5022,1024,890,134,1024,False,,0,genuinely stochastic
325,5,2,1,1,True,-0.5014,-0.5014,890,870,154,1024,False,,0,genuinely stochastic
325,11,3,2,1,True,1.1671,0.0,870,684,340,1024,False,,0,effectively accepted
325,23,4,3,1,True,1.3772,0.0,684,266,758,1024,False,,0,effectively accepted
325,24,4,2,2,False,0.6936,0.0,870,714,310,1024,False,,0,effectively accepted
325,49,5,3,2,True,1.7809,0.0,714,694,330,1024,False,,0,effectively accepted
325,99,6,4,2,True,-0.3141,-0.3141,694,645,379,1024,False,,0,genuinely stochastic
325,199,7,5,2,True,-2.6517,-2.6517,645,210,814,1024,False,,0,genuinely stochastic
325,399,8,6,2,True,1.5766,0.0,210,113,911,1024,False,,0,effectively accepted
325,12,3,1,2,False,-190.0876,-190.0876,890,21,1003,1024,False,,0,effectively rejected
325,26,4,1,3,False,0.2084,0.0,890,611,413,1024,False,,0,effectively accepted
325,6,2,0,2,False,0.4991,0.0,1024,217,807,1024,False,,0,effectively accepted
325,13,3,1,2,True,-78.9085,-78.9085,217,26,998,1024,False,,0,effectively rejected
325,14,3,0,3,False,-2.4087,-2.4087,1024,390,634,1024,False,,0,genuinely stochastic
326,0,0,0,0,False,-0.3515,-0.3515,1024,364,660,1024,True,reject,0,genuinely stochastic
326,2,1,0,1,False,0.2833,0.0,1024,459,565,1024,True,accept,0,effectively accepted
326,5,2,1,1,True,-3.8962,-3.8962,459,43,981,1024,True,reject,0,genuinely stochastic
326,6,2,0,2,False,-1.3089,-1.3089,1024,575,449,1024,False,,0,genuinely stochastic
326,13,3,1,2,True,-1.0009,-1.0009,575,16,1008,1024,False,,0,genuinely stochastic
326,14,3,0,3,False,0.6072,0.0,1024,539,485,1024,False,,0,effectively accepted
326,29,4,1,3,True,0.1247,0.0,539,513,511,1024,False,,0,effectively accepted
326,59,5,2,3,True,-2.833,-2.833,513,413,611,1024,False,,0,genuinely stochastic
326,30,4,0,4,False,-182.5187,-182.5187,1024,40,984,1024,False,,0,effectively rejected
327,0,0,0,0,False,0.0,0.0,1024,1010,14,1024,True,accept,0,effectively accepted
327,1,1,1,0,True,-0.0001,-0.0001,1010,958,66,1024,True,accept,0,effectively accepted
327,3,2,2,0,True,-128.3922,-128.3922,958,40,984,1024,True,reject,0,effectively rejected
327,8,3,2,1,False,0.0233,0.0,958,755,269,1024,True,accept,0,effectively accepted
327,17,4,3,1,True,0.0435,0.0,755,662,362,1024,True,accept,0,effectively accepted
327,35,5,4,1,True,0.3602,0.0,662,190,834,1024,True,accept,0,effectively accepted
327,72,6,4,2,False,2.599,0.0,662,145,879,1024,False,,0,effectively accepted
327,36,5,3,2,False,-3.098,-3.098,755,444,580,1024,False,,0,genuinely stochastic
327,18,4,2,2,False,0.4423,0.0,958,348,676,1024,False,,0,effectively accepted
327,38,5,2,3,False,-4.4051,-4.4051,958,33,991,1024,False,,0,genuinely stochastic
327,4,2,1,1,False,-0.2235,-0.2235,1010,803,221,1024,False,,0,genuinely stochastic
327,10,3,1,2,False,-0.9699,-0.9699,1010,579,445,1024,False,,0,genuinely stochastic
327,21,4,2,2,True,2.0065,0.0,579,434,590,1024,False,,0,effectively accepted
327,22,4,1,3,False,-0.4309,-0.4309,1010,465,559,1024,False,,0,genuinely stochastic
327,2,1,0,1,False,-1.0925,-1.0925,1024,77,947,1024,False,,0,genuinely stochastic
327,6,2,0,2,False,0.0221,0.0,1024,886,138,1024,False,,0,effectively accepted
327,14,3,0,3,False,0.8442,0.0,1024,132,892,1024,False,,0,effectively accepted
328,0,0,0,0,False,-1.6148,-1.6148,1024,48,976,1024,True,accept,0,genuinely stochastic
328,2,1,0,1,False,-2.3072,-2.3072,1024,419,605,1024,False,,0,genuinely stochastic
328,6,2,0,2,False,-0.3704,-0.3704,1024,793,231,1024,False,,0,genuinely stochastic
328,13,3,1,2,True,-0.2619,-0.2619,793,148,876,1024,False,,0,genuinely stochastic
328,28,4,1,3,False,-0.3668,-0.3668,793,491,533,1024,False,,0,genuinely stochastic
328,58,5,1,4,False,1.0202,0.0,793,688,336,1024,False,,0,effectively accepted
328,117,6,2,4,True,-2.2435,-2.2435,688,477,547,1024,False,,0,genuinely stochastic
328,14,3,0,3,False,-0.0147,-0.0147,1024,837,187,1024,False,,0,genuinely stochastic
328,29,4,1,3,True,-0.1968,-0.1968,837,566,458,1024,False,,0,genuinely stochastic
328,59,5,2,3,True,-1.789,-1.789,566,321,703,1024,False,,0,genuinely stochastic
328,120,6,2,4,False,-3.3612,-3.3612,566,436,588,1024,False,,0,genuinely stochastic
328,241,7,3,4,True,-2.7346,-2.7346,436,43,981,1024,False,,0,genuinely stochastic
328,60,5,1,4,False,0.6591,0.0,837,382,642,1024,False,,0,effectively accepted
328,30,4,0,4,False,0.2421,0.0,1024,873,151,1024,False,,0,effectively accepted
328,61,5,1,4,True,-1.4938,-1.4938,873,161,863,1024,False,,0,genuinely stochastic
329,0,0,0,0,False,-0.3597,-0.3597,1024,611,413,1024,True,accept,0,genuinely stochastic
329,1,1,1,0,True,-0.7239,-0.7239,611,16,1008,1024,True,accept,0,genuinely stochastic
329,4,2,1,1,False,1.693,0.0,611,174,850,1024,False,,0,effectively accepted
329,2,1,0,1,False,0.9985,0.0,1024,394,630,1024,False,,0,effectively accepted
329,6,2,0,2,False,1.3621,0.0,1024,609,415,1024,False,,0,effectively accepted
329,14,3,0,3,False,-0.4013,-0.4013,1024,407,617,1024,False,,0,genuinely stochastic
329,30,4,0,4,False,-0.2411,-0.2411,1024,899,125,1024,False,,0,genuinely stochastic
329,61,5,1,4,True,-0.3777,-0.3777,899,777,247,1024,False,,0,genuinely stochastic
329,124,6,1,5,False,-0.2259,-0.2259,899,735,289,1024,False,,0,genuinely stochastic
329,62,5,0,5,False,-3.2356,-3.2356,1024,427,597,1024,False,,0,genuinely stochastic
330,0,0,0,0,False,-2.4735,-2.4735,1024,662,362,1024,True,reject,0,genuinely stochastic
330,1,1,1,0,True,3.2474,0.0,662,438,586,1024,False,,0,effectively accepted
330,4,2,1,1,False,1.9715,0.0,662,517,507,1024,False,,0,effectively accepted
330,10,3,1,2,False,2.9983,0.0,662,427,597,1024,False,,0,effectively accepted
330,21,4,2,2,True,1.272,0.0,427,367,657,1024,False,,0,effectively accepted
330,2,1,0,1,False,1.0682,0.0,1024,498,526,1024,True,accept,0,effectively accepted
330,5,2,1,1,True,1.2451,0.0,498,486,538,1024,True,accept,0,effectively accepted
330,12,3,1,2,False,1.2262,0.0,498,189,835,1024,False,,0,effectively accepted
330,6,2,0,2,False,-0.0001,-0.0001,1024,951,73,1024,False,,0,effectively accepted
330,13,3,1,2,True,3.2418,0.0,951,336,688,1024,False,,0,effectively accepted
330,14,3,0,3,False,0.2616,0.0,1024,662,362,1024,False,,0,effectively accepted
331,0,0,0,0,False,-0.5542,-0.5542,1024,57,967,1024,True,accept,0,genuinely stochastic
331,2,1,0,1,False,0.4477,0.0,1024,538,486,1024,False,,0,effectively accepted
331,5,2,1,1,True,0.3781,0.0,538,234,790,1024,False,,0,effectively accepted
331,11,3,2,1,True,1.0238,0.0,234,92,932,1024,False,,0,effectively accepted
331,12,3,1,2,False,-1.5725,-1.5725,538,448,576,1024,False,,0,genuinely stochastic
331,25,4,2,2,True,-2.6762,-2.6762,448,168,856,1024,False,,0,genuinely stochastic
331,6,2,0,2,False,0.3193,0.0,1024,621,403,1024,False,,0,effectively accepted
331,14,3,0,3,False,1.2306,0.0,1024,159,865,1024,False,,0,effectively accepted
331,30,4,0,4,False,-1.6855,-1.6855,1024,430,594,1024,False,,0,genuinely stochastic
331,61,5,1,4,True,1.5444,0.0,430,271,753,1024,False,,0,effectively accepted
331,62,5,0,5,False,0.2176,0.0,1024,352,672,1024,False,,0,effectively accepted
332,0,0,0,0,False,2.1641,0.0,1024,177,847,1024,True,accept,0,effectively accepted
332,2,1,0,1,False,0.0,0.0,1024,1009,15,1024,False,,0,effectively accepted
332,5,2,1,1,True,-0.0,0.0,1009,980,44,1024,False,,0,effectively accepted
332,11,3,2,1,True,-4.9,-4.9,980,61,963,1024,False,,0,effectively rejected
332,24,4,2,2,False,2.1465,0.0,980,512,512,1024,False,,0,effectively accepted
332,49,5,3,2,True,1.2926,0.0,512,296,728,1024,False,,0,effectively accepted
332,50,5,2,3,False,0.0257,0.0,980,857,167,1024,False,,0,effectively accepted
332,101,6,3,3,True,1.1401,0.0,857,642,382,1024,False,,0,effectively accepted
332,12,3,1,2,False,1.4407,0.0,1009,292,732,1024,False,,0,effectively accepted
332,26,4,1,3,False,1.3123,0.0,1009,532,492,1024,False,,0,effectively accepted
332,53,5,2,3,True,-2.3584,-2.3584,532,311,713,1024,False,,0,genuinely stochastic
332,6,2,0,2,False,0.1513,0.0,1024,805,219,1024,False,,0,effectively accepted
332,13,3,1,2,True,-5.1693,-5.1693,805,168,856,1024,False,,0,effectively rejected
332,28,4,1,3,False,-0.3603,-0.3603,805,785,239,1024,False,,0,genuinely stochastic
332,57,5,2,3,True,-0.1963,-0.1963,785,693,331,1024,False,,0,genuinely stochastic
332,14,3,0,3,False,0.2391,0.0,1024,932,92,1024,False,,0,effectively accepted
332,29,4,1,3,True,-2.6881,-2.6881,932,525,499,1024,False,,0,genuinely stochastic
332,59,5,2,3,True,4.255,0.0,525,107,917,1024,False,,0,effectively accepted
333,0,0,0,0,False,-0.6142,-0.6142,1024,879,145,1024,True,accept,0,genuinely stochastic
333,1,1,1,0,True,-4.9838,-4.9838,879,26,998,1024,True,reject,0,effectively rejected
333,2,1,0,1,False,-1.4515,-1.4515,1024,709,315,1024,False,,0,genuinely stochastic
333,6,2,0,2,False,-3.7033,-3.7033,1024,94,930,1024,False,,0,genuinely stochastic
333,14,3,0,3,False,0.0002,0.0,1024,995,29,1024,False,,0,effectively accepted
333,29,4,1,3,True,1.7213,0.0,995,6,1018,1024,False,,0,effectively accepted
333,60,5,1,4,False,0.335,0.0,995,93,931,1024,False,,0,effectively accepted
333,30,4,0,4,False,-2.8823,-2.8823,1024,411,613,1024,False,,0,genuinely stochastic
333,61,5,1,4,True,-7.7767,-7.7767,411,10,1014,1024,False,,0,effectively rejected
333,62,5,0,5,False,-0.4869,-0.4869,1024,210,814,1024,False,,0,genuinely stochastic
334,0,0,0,0,False,-1.9626,-1.9626,1024,370,654,1024,True,reject,0,genuinely stochastic
334,2,1,0,1,False,-0.9747,-0.9747,1024,587,437,1024,True,reject,0,genuinely stochastic
334,5,2,1,1,True,0.8703,0.0,587,219,805,1024,False,,0,effectively accepted
334,12,3,1,2,False,-0.1651,-0.1651,587,335,689,1024,False,,0,genuinely stochastic
334,26,4,1,3,False,-1.578,-1.578,587,198,826,1024,False,,0,genuinely stochastic
334,53,5,2,3,True,0.8784,0.0,198,123,901,1024,False,,0,effectively accepted
334,6,2,0,2,False,-0.0013,-0.0013,1024,863,161,1024,True,accept,0,effectively accepted
334,14,3,0,3,False,-0.0002,-0.0002,1024,999,25,1024,False,,0,effectively accepted
334,29,4,1,3,True,-1.0239,-1.0239,999,781,243,1024,False,,0,genuinely stochastic
334,59,5,2,3,True,-2.2362,-2.2362,781,445,579,1024,False,,0,genuinely stochastic
335,0,0,0,0,False,-3.445,-3.445,1024,206,818,1024,True,reject,0,genuinely stochastic
335,1,1,1,0,True,0.4068,0.0,206,23,1001,1024,False,,0,effectively accepted
335,2,1,0,1,False,0.5522,0.0,1024,201,823,1024,True,accept,0,effectively accepted
335,6,2,0,2,False,-3.2966,-3.2966,1024,474,550,1024,False,,0,genuinely stochastic
335,14,3,0,3,False,-0.8041,-0.8041,1024,781,243,1024,False,,0,genuinely stochastic
335,29,4,1,3,True,-2.0925,-2.0925,781,148,876,1024,False,,0,genuinely stochastic
335,60,5,1,4,False,-0.2183,-0.2183,781,654,370,1024,False,,0,genuinely stochastic
335,122,6,1,5,False,-2.0723,-2.0723,781,270,754,1024,False,,0,genuinely stochastic
335,30,4,0,4,False,0.0001,0.0,1024,976,48,1024,False,,0,effectively accepted
335,61,5,1,4,True,-0.0204,-0.0204,976,943,81,1024,False,,0,genuinely stochastic
335,123,6,2,4,True,-1.9327,-1.9327,943,170,854,1024,False,,0,genuinely stochastic
335,248,7,2,5,False,-2.4837,-2.4837,943,473,551,1024,False,,0,genuinely stochastic
335,497,8,3,5,True,-0.39,-0.39,473,297,727,1024,False,,0,genuinely stochastic
335,124,6,1,5,False,-1.4517,-1.4517,976,590,434,1024,False,,0,genuinely stochastic
335,249,7,2,5,True,-0.5942,-0.5942,590,213,811,1024,False,,0,genuinely stochastic
335,62,5,0,5,False,-4.2925,-4.2925,1024,274,750,1024,False,,0,genuinely stochastic
336,0,0,0,0,False,0.0002,0.0,1024,976,48,1024,True,accept,0,effectively accepted
336,1,1,1,0,True,0.3497,0.0,976,737,287,1024,True,accept,0,effectively accepted
336,2,1,0,1,False,-0.3058,-0.3058,1024,764,260,1024,False,,0,genuinely stochastic
336,6,2,0,2,False,1.6563,0.0,1024,294,730,1024,False,,0,effectively accepted
336,13,3,1,2,True,-1.0624,-1.0624,294,242,782,1024,False,,0,genuinely stochastic
336,14,3,0,3,False,-0.2649,-0.2649,1024,802,222,1024,False,,0,genuinely stochastic
336,30,4,0,4,False,-2.0038,-2.0038,1024,369,655,1024,False,,0,genuinely stochastic
337,0,0,0,0,False,0.17,0.0,1024,655,369,1024,True,accept,0,effectively accepted
337,1,1,1,0,True,0.3427,0.0,655,584,440,1024,True,accept,0,effectively accepted
337,3,2,2,0,True,-1.8046,-1.8046,584,509,515,1024,True,reject,0,genuinely stochastic
337,8,3,2,1,False,-82.013,-82.013,584,38,986,1024,True,reject,0,effectively rejected
337,18,4,2,2,False,-0.0906,-0.0906,584,553,471,1024,True,accept,0,genuinely stochastic
337,37,5,3,2,True,-1.9982,-1.9982,553,422,602,1024,True,reject,0,genuinely stochastic
337,4,2,1,1,False,0.5685,0.0,655,513,511,1024,False,,0,effectively accepted
337,9,3,2,1,True,-2.8597,-2.8597,513,421,603,1024,False,,0,genuinely stochastic
337,19,4,3,1,True,-1.3795,-1.3795,421,237,787,1024,False,,0,genuinely stochastic
337,39,5,4,1,True,-3.7,-3.7,237,164,860,1024,False,,0,genuinely stochastic
337,79,6,5,1,True,-82.6874,-82.6874,164,35,989,1024,False,,0,effectively rejected
337,10,3,1,2,False,-5.2537,-5.2537,655,230,794,1024,False,,0,effectively rejected
337,21,4,2,2,True,-2.5497,-2.5497,230,63,961,1024,False,,0,genuinely stochastic
337,2,1,0,1,False,-0.7301,-0.7301,1024,627,397,1024,False,,0,genuinely stochastic
337,6,2,0,2,False,-0.0001,-0.0001,1024,953,71,1024,False,,0,effectively accepted
337,13,3,1,2,True,0.2612,0.0,953,921,103,1024,False,,0,effectively accepted
337,27,4,2,2,True,-0.6407,-0.6407,921,673,351,1024,False,,0,genuinely stochastic
338,0,0,0,0,False,-2.3598,-2.3598,1024,122,902,1024,True,reject,0,genuinely stochastic
338,2,1,0,1,False,0.0005,0.0,1024,773,251,1024,True,accept,0,effectively accepted
338,6,2,0,2,False,1.1837,0.0,1024,531,493,1024,False,,0,effectively accepted
338,13,3,1,2,True,-2.5337,-2.5337,531,442,582,1024,False,,0,genuinely stochastic
338,27,4,2,2,True,-6.2536,-6.2536,442,302,722,1024,False,,0,effectively rejected
338,55,5,3,2,True,-4.1474,-4.1474,302,131,893,1024,False,,0,genuinely stochastic
338,56,5,2,3,False,-2.6031,-2.6031,442,50,974,1024,False,,0,genuinely stochastic
338,114,6,2,4,False,1.5673,0.0,442,42,982,1024,False,,0,effectively accepted
338,28,4,1,3,False,-1.0115,-1.0115,531,465,559,1024,False,,0,genuinely stochastic
338,57,5,2,3,True,-4.3041,-4.3041,465,221,803,1024,False,,0,genuinely stochastic
338,116,6,2,4,False,0.0466,0.0,465,325,699,1024,False,,0,effectively accepted
338,14,3,0,3,False,-2.653,-2.653,1024,402,622,1024,False,,0,genuinely stochastic
338,30,4,0,4,False,-2.534,-2.534,1024,414,610,1024,False,,0,genuinely stochastic
339,0,0,0,0,False,-2.2916,-2.2916,1024,434,590,1024,True,reject,0,genuinely stochastic
339,2,1,0,1,False,-0.0553,-0.0553,1024,159,865,1024,True,accept,0,genuinely stochastic
339,6,2,0,2,False,-0.4578,-0.4578,1024,137,887,1024,False,,0,genuinely stochastic
339,14,3,0,3,False,0.8672,0.0,1024,797,227,1024,False,,0,effectively accepted
339,30,4,0,4,False,0.239,0.0,1024,883,141,1024,False,,0,effectively accepted
339,61,5,1,4,True,1.8495,0.0,883,566,458,1024,False,,0,effectively accepted
339,124,6,1,5,False,1.6197,0.0,883,100,924,1024,False,,0,effectively accepted
339,62,5,0,5,False,-4.9272,-4.9272,1024,41,983,1024,False,,0,effectively rejected
339,126,6,0,6,False,-5.2882,-5.2882,1024,97,927,1024,False,,0,effectively rejected
340,0,0,0,0,False,-2.3051,-2.3051,1024,107,917,1024,True,reject,0,genuinely stochastic
340,2,1,0,1,False,-4.0914,-4.0914,1024,166,858,1024,True,reject,0,genuinely stochastic
340,5,2,1,1,True,-6.4485,-6.4485,166,53,971,1024,False,,0,effectively rejected
340,6,2,0,2,False,-10.4505,-10.4505,1024,0,1024,1024,True,reject,0,effectively rejected
340,14,3,0,3,False,-0.4408,-0.4408,1024,582,442,1024,True,accept,0,genuinely stochastic
340,29,4,1,3,True,-1.0907,-1.0907,582,101,923,1024,True,accept,0,genuinely stochastic
340,60,5,1,4,False,1.5105,0.0,582,549,475,1024,False,,0,effectively accepted
340,30,4,0,4,False,-3.1804,-3.1804,1024,149,875,1024,False,,0,genuinely stochastic
340,62,5,0,5,False,-0.9935,-0.9935,1024,592,432,1024,False,,0,genuinely stochastic
340,125,6,1,5,True,-1.8854,-1.8854,592,374,650,1024,False,,0,genuinely stochastic
340,252,7,1,6,False,-0.1827,-0.1827,592,168,856,1024,False,,0,genuinely stochastic
340,126,6,0,6,False,-0.0139,-0.0139,1024,945,79,1024,False,,0,genuinely stochastic
340,253,7,1,6,True,0.2976,0.0,945,495,529,1024,False,,0,effectively accepted
341,0,0,0,0,False,0.2459,0.0,1024,686,338,1024,True,accept,0,effectively accepted
341,1,1,1,0,True,-0.3456,-0.3456,686,645,379,1024,True,accept,0,genuinely stochastic
341,3,2,2,0,True,-0.3251,-0.3251,645,408,616,1024,True,accept,0,genuinely stochastic
341,7,3,3,0,True,1.9741,0.0,408,349,675,1024,True,accept,0,effectively accepted
341,15,4,4,0,True,-3.1831,-3.1831,349,289,735,1024,True,reject,0,genuinely stochastic
341,31,5,5,0,True,-1.9454,-1.9454,289,77,947,1024,False,,0,genuinely stochastic
341,63,6,6,0,True,-127.0726,-127.0726,77,30,994,1024,False,,0,effectively rejected
341,16,4,3,1,False,1.0938,0.0,408,239,785,1024,False,,0,effectively accepted
341,8,3,2,1,False,-1.0043,-1.0043,645,41,983,1024,False,,0,genuinely stochastic
341,18,4,2,2,False,0.2106,0.0,645,169,855,1024,False,,0,effectively accepted
341,38,5,2,3,False,-1.7691,-1.7691,645,105,919,1024,False,,0,genuinely stochastic
341,4,2,1,1,False,-1.9363,-1.9363,686,130,894,1024,False,,0,genuinely stochastic
341,2,1,0,1,False,-3.2951,-3.2951,1024,165,859,1024,False,,0,genuinely stochastic
341,6,2,0,2,False,-2.1207,-2.1207,1024,281,743,1024,False,,0,genuinely stochastic
341,13,3,1,2,True,-3.6767,-3.6767,281,97,927,1024,False,,0,genuinely stochastic
341,14,3,0,3,False,1.4574,0.0,1024,322,702,1024,False,,0,effectively accepted
342,0,0,0,0,False,-3.0488,-3.0488,1024,436,588,1024,True,reject,0,genuinely stochastic
342,2,1,0,1,False,-0.0001,-0.0001,1024,976,48,1024,True,accept,0,effectively accepted
342,5,2,1,1,True,0.4121,0.0,976,605,419,1024,True,accept,0,effectively accepted
342,11,3,2,1,True,-2.0479,-2.0479,605,547,477,1024,True,reject,0,genuinely stochastic
342,23,4,3,1,True,-2.2877,-2.2877,547,508,516,1024,False,,0,genuinely stochastic
342,47,5,4,1,True,-3.0426,-3.0426,508,454,570,1024,False,,0,genuinely stochastic
342,95,6,5,1,True,-0.1662,-0.1662,454,431,593,1024,False,,0,genuinely stochastic
342,192,7,5,2,False,-2.9049,-2.9049,454,359,665,1024,False,,0,genuinely stochastic
342,386,8,5,3,False,-3.275,-3.275,454,48,976,1024,False,,0,genuinely stochastic
342,48,5,3,2,False,-2.8897,-2.8897,547,40,984,1024,False,,0,genuinely stochastic
342,12,3,1,2,False,-11.753,-11.753,976,91,933,1024,False,,0,effectively rejected
342,26,4,1,3,False,-4.3832,-4.3832,976,209,815,1024,False,,0,genuinely stochastic
342,6,2,0,2,False,-2.7159,-2.7159,1024,257,767,1024,False,,0,genuinely stochastic
342,13,3,1,2,True,-2.4329,-2.4329,257,253,771,1024,False,,0,genuinely stochastic
342,27,4,2,2,True,-2.6831,-2.6831,253,191,833,1024,False,,0,genuinely stochastic
342,14,3,0,3,False,-6.1534,-6.1534,1024,140,884,1024,False,,0,effectively rejected
343,0,0,0,0,False,-3.6007,-3.6007,1024,91,933,1024,True,reject,0,genuinely stochastic
343,2,1,0,1,False,-0.0,0.0,1024,981,43,1024,True,accept,0,effectively accepted
343,5,2,1,1,True,0.2624,0.0,981,81,943,1024,True,accept,0,effectively accepted
343,12,3,1,2,False,-49.1315,-49.1315,981,11,1013,1024,False,,0,effectively rejected
343,26,4,1,3,False,0.8952,0.0,981,391,633,1024,False,,0,effectively accepted
343,53,5,2,3,True,-0.9565,-0.9565,391,80,944,1024,False,,0,genuinely stochastic
343,108,6,2,4,False,-1.8121,-1.8121,391,246,778,1024,False,,0,genuinely stochastic
343,54,5,1,4,False,-0.3724,-0.3724,981,905,119,1024,False,,0,genuinely stochastic
343,109,6,2,4,True,-1.4764,-1.4764,905,489,535,1024,False,,0,genuinely stochastic
343,219,7,3,4,True,-1.4138,-1.4138,489,154,870,1024,False,,0,genuinely stochastic
343,110,6,1,5,False,-8.2164,-8.2164,981,171,853,1024,False,,0,effectively rejected
343,6,2,0,2,False,-1.8363,-1.8363,1024,368,656,1024,False,,0,genuinely stochastic
343,14,3,0,3,False,-4.5497,-4.5497,1024,91,933,1024,False,,0,genuinely stochastic
343,29,4,1,3,True,-4.9721,-4.9721,91,59,965,1024,False,,0,effectively rejected
343,30,4,0,4,False,-0.3966,-0.3966,1024,330,694,1024,False,,0,genuinely stochastic
343,62,5,0,5,False,-1.7583,-1.7583,1024,748,276,1024,False,,0,genuinely stochastic
344,0,0,0,0,False,-0.4805,-0.4805,1024,583,441,1024,True,accept,0,genuinely stochastic
344,2,1,0,1,False,-2.5961,-2.5961,1024,470,554,1024,False,,0,genuinely stochastic
344,6,2,0,2,False,-7.7878,-7.7878,1024,27,997,1024,False,,0,effectively rejected
344,14,3,0,3,False,0.0236,0.0,1024,910,114,1024,False,,0,effectively accepted
344,29,4,1,3,True,-0.1965,-0.1965,910,887,137,1024,False,,0,genuinely stochastic
344,59,5,2,3,True,-3.5656,-3.5656,887,406,618,1024,False,,0,genuinely stochastic
344,120,6,2,4,False,-3.3997,-3.3997,887,188,836,1024,False,,0,genuinely stochastic
344,241,7,3,4,True,-3.471,-3.471,188,50,974,1024,False,,0,genuinely stochastic
344,60,5,1,4,False,0.9698,0.0,910,205,819,1024,False,,0,effectively accepted
344,122,6,1,5,False,-2.3676,-2.3676,910,771,253,1024,False,,0,genuinely stochastic
344,30,4,0,4,False,-2.4849,-2.4849,1024,12,1012,1024,False,,0,genuinely stochastic
344,62,5,0,5,False,-2.9007,-2.9007,1024,281,743,1024,False,,0,genuinely stochastic
345,0,0,0,0,False,-5.079,-5.079,1024,178,846,1024,True,reject,0,effectively rejected
345,2,1,0,1,False,-3.277,-3.277,1024,232,792,1024,True,reject,0,genuinely stochastic
345,5,2,1,1,True,-2.3467,-2.3467,232,178,846,1024,False,,0,genuinely stochastic
345,11,3,2,1,True,-2.477,-2.477,178,50,974,1024,False,,0,genuinely stochastic
345,6,2,0,2,False,-7.1973,-7.1973,1024,51,973,1024,True,reject,0,effectively rejected
345,14,3,0,3,False,-2.1037,-2.1037,1024,282,742,1024,True,reject,0,genuinely stochastic
345,30,4,0,4,False,-0.0799,-0.0799,1024,598,426,1024,True,accept,0,genuinely stochastic
345,61,5,1,4,True,-5.5688,-5.5688,598,17,1007,1024,True,reject,0,effectively rejected
345,124,6,1,5,False,-3.7112,-3.7112,598,429,595,1024,True,reject,0,genuinely stochastic
345,250,7,1,6,False,-1.7697,-1.7697,598,572,452,1024,True,reject,0,genuinely stochastic
345,501,8,2,6,True,0.7216,0.0,572,191,833,1024,False,,0,effectively accepted
345,1004,9,2,7,False,-4.6116,-4.6116,572,231,793,1024,False,,0,effectively rejected
345,502,8,1,7,False,-4.4628,-4.4628,598,107,917,1024,True,reject,0,genuinely stochastic
345,62,5,0,5,False,0.4609,0.0,1024,45,979,1024,False,,0,effectively accepted
345,126,6,0,6,False,-2.1037,-2.1037,1024,282,742,1024,False,,0,genuinely stochastic
345,254,7,0,7,False,-3.1773,-3.1773,1024,424,600,1024,False,,0,genuinely stochastic
346,0,0,0,0,False,0.0001,0.0,1024,958,66,1024,True,accept,0,effectively accepted
346,1,1,1,0,True,-8.0509,-8.0509,958,29,995,1024,True,reject,0,effectively rejected
346,4,2,1,1,False,-4.3007,-4.3007,958,366,658,1024,True,reject,0,genuinely stochastic
346,10,3,1,2,False,-1.8758,-1.8758,958,461,563,1024,True,accept,0,genuinely stochastic
346,2,1,0,1,False,0.0,0.0,1024,840,184,1024,False,,0,effectively accepted
346,5,2,1,1,True,-4.4566,-4.4566,840,331,693,1024,False,,0,genuinely stochastic
346,12,3,1,2,False,-5.181,-5.181,840,132,892,1024,False,,0,effectively rejected
346,6,2,0,2,False,-5.9317,-5.9317,1024,376,648,1024,False,,0,effectively rejected
346,14,3,0,3,False,-52.7452,-52.7452,1024,45,979,1024,False,,0,effectively rejected
347,0,0,0,0,False,7.2751,0.0,1024,23,1001,1024,True,accept,0,effectively accepted
347,2,1,0,1,False,-0.8862,-0.8862,1024,997,27,1024,False,,0,genuinely stochastic
347,5,2,1,1,True,-1.5731,-1.5731,997,668,356,1024,False,,0,genuinely stochastic
347,12,3,1,2,False,-61.2908,-61.2908,997,954,70,1024,False,,0,effectively rejected
347,25,4,2,2,True,-3.7783,-3.7783,954,926,98,1024,False,,0,genuinely stochastic
347,51,5,3,2,True,-3.2973,-3.2973,926,796,228,1024,False,,0,genuinely stochastic
347,104,6,3,3,False,-0.6498,-0.6498,926,814,210,1024,False,,0,genuinely stochastic
347,209,7,4,3,True,-5.8172,-5.8172,814,733,291,1024,False,,0,effectively rejected
347,419,8,5,3,True,-27.1991,-27.1991,733,250,774,1024,False,,0,effectively rejected
347,52,5,2,3,False,-61.1281,-61.1281,954,146,878,1024,False,,0,effectively rejected
347,26,4,1,3,False,-64.5414,-64.5414,997,104,920,1024,False,,0,effectively rejected
347,6,2,0,2,False,-3.3234,-3.3234,1024,919,105,1024,False,,0,genuinely stochastic
347,13,3,1,2,True,15.3042,0.0,919,197,827,1024,False,,0,effectively accepted
347,28,4,1,3,False,-8.0842,-8.0842,919,288,736,1024,False,,0,effectively rejected
347,14,3,0,3,False,86.6646,0.0,1024,174,850,1024,False,,0,effectively accepted
348,0,0,0,0,False,-1.8114,-1.8114,1024,692,332,1024,True,reject,0,genuinely stochastic
348,1,1,1,0,True,17.5221,0.0,692,273,751,1024,False,,0,effectively accepted
348,4,2,1,1,False,-3.6782,-3.6782,692,585,439,1024,False,,0,genuinely stochastic
348,9,3,2,1,True,6.5884,0.0,585,445,579,1024,False,,0,effectively accepted
348,19,4,3,1,True,17.6655,0.0,445,401,623,1024,False,,0,effectively accepted
348,39,5,4,1,True,17.0451,0.0,401,357,667,1024,False,,0,effectively accepted
348,20,4,2,2,False,13.1364,0.0,585,279,745,1024,False,,0,effectively accepted
348,42,5,2,3,False,-2.1204,-2.1204,585,581,443,1024,False,,0,genuinely stochastic
348,10,3,1,2,False,-14.0586,-14.0586,692,405,619,1024,False,,0,effectively rejected
348,21,4,2,2,True,18.0347,0.0,405,212,812,1024,False,,0,effectively accepted
348,22,4,1,3,False,34.1191,0.0,692,268,756,1024,False,,0,effectively accepted
348,2,1,0,1,False,-0.0779,-0.0779,1024,851,173,1024,True,accept,0,genuinely stochastic
348,5,2,1,1,True,13.6526,0.0,851,333,691,1024,True,accept,0,effectively accepted
348,12,3,1,2,False,-6.1201,-6.1201,851,488,536,1024,False,,0,effectively rejected
348,26,4,1,3,False,18.8828,0.0,851,356,668,1024,False,,0,effectively accepted
348,6,2,0,2,False,50.2277,0.0,1024,148,876,1024,False,,0,effectively accepted
348,14,3,0,3,False,17.4047,0.0,1024,83,941,1024,False,,0,effectively accepted
349,0,0,0,0,False,3.2283,0.0,1024,175,849,1024,True,accept,0,effectively accepted
349,2,1,0,1,False,23.7363,0.0,1024,334,690,1024,False,,0,effectively accepted
349,5,2,1,1,True,36.1686,0.0,334,50,974,1024,False,,0,effectively accepted
349,6,2,0,2,False,1.098,0.0,1024,815,209,1024,False,,0,effectively accepted
349,13,3,1,2,True,3.0655,0.0,815,695,329,1024,False,,0,effectively accepted
349,27,4,2,2,True,1.7795,0.0,695,591,433,1024,False,,0,effectively accepted
349,55,5,3,2,True,43.3052,0.0,591,222,802,1024,False,,0,effectively accepted
349,111,6,4,2,True,-37.2296,-37.2296,222,20,1004,1024,False,,0,effectively rejected
349,28,4,1,3,False,0.4864,0.0,815,651,373,1024,False,,0,effectively accepted
349,57,5,2,3,True,1.0891,0.0,651,596,428,1024,False,,0,effectively accepted
349,115,6,3,3,True,2.9483,0.0,596,539,485,1024,False,,0,effectively accepted
349,231,7,4,3,True,1.4275,0.0,539,523,501,1024,False,,0,effectively accepted
349,463,8,5,3,True,24.3299,0.0,523,313,711,1024,False,,0,effectively accepted
349,927,9,6,3,True,40.769,0.0,313,171,853,1024,False,,0,effectively accepted
349,14,3,0,3,False,-4.153,-4.153,1024,100,924,1024,False,,0,genuinely stochastic
349,30,4,0,4,False,4.2453,0.0,1024,790,234,1024,False,,0,effectively accepted
350,0,0,0,0,False,0.0451,0.0,1024,290,734,1024,True,accept,0,effectively accepted
350,2,1,0,1,False,-3.3006,-3.3006,1024,580,444,1024,False,,0,genuinely stochastic
350,5,2,1,1,True,-2.4227,-2.4227,580,214,810,1024,False,,0,genuinely stochastic
350,6,2,0,2,False,-1.0004,-1.0004,1024,622,402,1024,False,,0,genuinely stochastic
350,13,3,1,2,True,-13.8274,-13.8274,622,53,971,1024,False,,0,effectively rejected
350,28,4,1,3,False,2.8866,0.0,622,474,550,1024,False,,0,effectively accepted
350,14,3,0,3,False,4.8546,0.0,1024,537,487,1024,False,,0,effectively accepted
350,30,4,0,4,False,24.9383,0.0,1024,94,930,1024,False,,0,effectively accepted
350,62,5,0,5,False,3.8372,0.0,1024,316,708,1024,False,,0,effectively accepted
350,125,6,1,5,True,-2.8668,-2.8668,316,18,1006,1024,False,,0,genuinely stochastic
350,126,6,0,6,False,2.3634,0.0,1024,797,227,1024,False,,0,effectively accepted
351,0,0,0,0,False,2.5643,0.0,1024,842,182,1024,True,accept,0,effectively accepted
351,2,1,0,1,False,0.0217,0.0,1024,986,38,1024,False,,0,effectively accepted
351,5,2,1,1,True,-6.2184,-6.2184,986,309,715,1024,False,,0,effectively rejected
351,11,3,2,1,True,1.9843,0.0,309,276,748,1024,False,,0,effectively accepted
351,24,4,2,2,False,35.0234,0.0,309,171,853,1024,False,,0,effectively accepted
351,49,5,3,2,True,36.1927,0.0,171,135,889,1024,False,,0,effectively accepted
351,50,5,2,3,False,36.3807,0.0,309,42,982,1024,False,,0,effectively accepted
351,12,3,1,2,False,-0.7417,-0.7417,986,715,309,1024,False,,0,genuinely stochastic
351,25,4,2,2,True,-1.3217,-1.3217,715,228,796,1024,False,,0,genuinely stochastic
351,52,5,2,3,False,-104.0236,-104.0236,715,75,949,1024,False,,0,effectively rejected
351,26,4,1,3,False,2.8181,0.0,986,24,1000,1024,False,,0,effectively accepted
351,54,5,1,4,False,1.9984,0.0,986,719,305,1024,False,,0,effectively accepted
351,6,2,0,2,False,-1.8171,-1.8171,1024,394,630,1024,False,,0,genuinely stochastic
351,14,3,0,3,False,3.0936,0.0,1024,569,455,1024,False,,0,effectively accepted
351,29,4,1,3,True,2.9301,0.0,569,435,589,1024,False,,0,effectively accepted
351,30,4,0,4,False,34.2868,0.0,1024,201,823,1024,False,,0,effectively accepted
352,0,0,0,0,False,-0.1804,-0.1804,1024,875,149,1024,True,accept,0,genuinely stochastic
352,2,1,0,1,False,0.0217,0.0,1024,986,38,1024,False,,0,effectively accepted
352,5,2,1,1,True,2.34,0.0,986,416,608,1024,False,,0,effectively accepted
352,11,3,2,1,True,9.8146,0.0,416,107,917,1024,False,,0,effectively accepted
352,12,3,1,2,False,-0.066,-0.066,986,737,287,1024,False,,0,genuinely stochastic
352,26,4,1,3,False,-1.4058,-1.4058,986,461,563,1024,False,,0,genuinely stochastic
352,54,5,1,4,False,-4.2388,-4.2388,986,161,863,1024,False,,0,genuinely stochastic
352,6,2,0,2,False,-0.8928,-0.8928,1024,515,509,1024,False,,0,genuinely stochastic
352,14,3,0,3,False,6.1344,0.0,1024,253,771,1024,False,,0,effectively accepted
352,30,4,0,4,False,64.2073,0.0,1024,0,1024,1024,False,,0,effectively accepted
353,0,0,0,0,False,31.9868,0.0,1024,190,834,1024,True,accept,0,effectively accepted
353,2,1,0,1,False,0.0217,0.0,1024,1018,6,1024,False,,0,effectively accepted
353,5,2,1,1,True,-0.4192,-0.4192,1018,620,404,1024,False,,0,genuinely stochastic
353,11,3,2,1,True,26.9642,0.0,620,274,750,1024,False,,0,effectively accepted
353,23,4,3,1,True,-12.8843,-12.8843,274,133,891,1024,False,,0,effectively rejected
353,24,4,2,2,False,2.7007,0.0,620,271,753,1024,False,,0,effectively accepted
353,50,5,2,3,False,0.0204,0.0,620,345,679,1024,False,,0,effectively accepted
353,101,6,3,3,True,-92.311,-92.311,345,56,968,1024,False,,0,effectively rejected
353,12,3,1,2,False,-0.311,-0.311,1018,548,476,1024,False,,0,genuinely stochastic
353,25,4,2,2,True,-14.7247,-14.7247,548,107,917,1024,False,,0,effectively rejected
353,52,5,2,3,False,-1.8021,-1.8021,548,371,653,1024,False,,0,genuinely stochastic
353,26,4,1,3,False,0.0217,0.0,1018,961,63,1024,False,,0,effectively accepted
353,53,5,2,3,True,-0.5375,-0.5375,961,543,481,1024,False,,0,genuinely stochastic
353,6,2,0,2,False,-1.6401,-1.6401,1024,474,550,1024,False,,0,genuinely stochastic
353,13,3,1,2,True,-3.1368,-3.1368,474,416,608,1024,False,,0,genuinely stochastic
353,28,4,1,3,False,-3.6722,-3.6722,474,363,661,1024,False,,0,genuinely stochastic
353,14,3,0,3,False,3.3612,0.0,1024,19,1005,1024,False,,0,effectively accepted
354,0,0,0,0,False,-49.2569,-49.2569,1024,336,688,1024,True,reject,0,effectively rejected
354,1,1,1,0,True,-40.3782,-40.3782,336,276,748,1024,False,,0,effectively rejected
354,3,2,2,0,True,-30.9008,-30.9008,276,105,919,1024,False,,0,effectively rejected
354,4,2,1,1,False,-2.0109,-2.0109,336,115,909,1024,False,,0,genuinely stochastic
354,2,1,0,1,False,-0.0353,-0.0353,1024,861,163,1024,True,accept,0,genuinely stochastic
354,5,2,1,1,True,-0.1692,-0.1692,861,149,875,1024,True,accept,0,genuinely stochastic
354,12,3,1,2,False,-0.1172,-0.1172,861,475,549,1024,False,,0,genuinely stochastic
354,26,4,1,3,False,-1.0207,-1.0207,861,417,607,1024,False,,0,genuinely stochastic
354,53,5,2,3,True,-40.9604,-40.9604,417,307,717,1024,False,,0,effectively rejected
354,54,5,1,4,False,0.1546,0.0,861,700,324,1024,False,,0,effectively accepted
354,6,2,0,2,False,-1.4685,-1.4685,1024,101,923,1024,False,,0,genuinely stochastic
354,14,3,0,3,False,0.0113,0.0,1024,695,329,1024,False,,0,effectively accepted
354,29,4,1,3,True,-52.1419,-52.1419,695,56,968,1024,False,,0,effectively rejected
354,60,5,1,4,False,-34.1072,-34.1072,695,110,914,1024,False,,0,effectively rejected
354,30,4,0,4,False,-0.0317,-0.0317,1024,966,58,1024,False,,0,genuinely stochastic
355,0,0,0,0,False,-19.3243,-19.3243,1024,301,723,1024,True,reject,0,effectively rejected
355,1,1,1,0,True,-33.3927,-33.3927,301,118,906,1024,False,,0,effectively rejected
355,2,1,0,1,False,6.2722,0.0,1024,771,253,1024,True,accept,0,effectively accepted
355,5,2,1,1,True,-21.551,-21.551,771,281,743,1024,True,reject,0,effectively rejected
355,11,3,2,1,True,-40.141,-40.141,281,53,971,1024,False,,0,effectively rejected
355,12,3,1,2,False,-53.9548,-53.9548,771,335,689,1024,True,reject,0,effectively rejected
355,6,2,0,2,False,-17.9741,-17.9741,1024,587,437,1024,False,,0,effectively rejected
355,14,3,0,3,False,-25.495,-25.495,1024,290,734,1024,False,,0,effectively rejected
355,30,4,0,4,False,2.1137,0.0,1024,673,351,1024,False,,0,effectively accepted
355,61,5,1,4,True,-29.3299,-29.3299,673,280,744,1024,False,,0,effectively rejected
355,62,5,0,5,False,-0.1786,-0.1786,1024,686,338,1024,False,,0,genuinely stochastic
356,0,0,0,0,False,1.8228,0.0,1024,424,600,1024,True,accept,0,effectively accepted
356,2,1,0,1,False,-6.9536,-6.9536,1024,489,535,1024,False,,0,effectively rejected
356,6,2,0,2,False,-64.4704,-64.4704,1024,23,1001,1024,False,,0,effectively rejected
356,14,3,0,3,False,-7.4639,-7.4639,1024,728,296,1024,False,,0,effectively rejected
356,30,4,0,4,False,-5.5939,-5.5939,1024,430,594,1024,False,,0,effectively rejected
356,61,5,1,4,True,-29.2614,-29.2614,430,46,978,1024,False,,0,effectively rejected
356,62,5,0,5,False,-2.1028,-2.1028,1024,639,385,1024,False,,0,genuinely stochastic
356,125,6,1,5,True,-24.5731,-24.5731,639,338,686,1024,False,,0,effectively rejected
356,126,6,0,6,False,-6.222,-6.222,1024,677,347,1024,False,,0,effectively rejected
357,0,0,0,0,False,1.3115,0.0,1024,482,542,1024,True,accept,0,effectively accepted
357,2,1,0,1,False,0.5751,0.0,1024,573,451,1024,False,,0,effectively accepted
357,5,2,1,1,True,21.2996,0.0,573,71,953,1024,False,,0,effectively accepted
357,12,3,1,2,False,-48.6183,-48.6183,573,106,918,1024,False,,0,effectively rejected
357,26,4,1,3,False,1.8149,0.0,573,531,493,1024,False,,0,effectively accepted
357,53,5,2,3,True,-47.3924,-47.3924,531,195,829,1024,False,,0,effectively rejected
357,6,2,0,2,False,-0.0355,-0.0355,1024,874,150,1024,False,,0,genuinely stochastic
357,13,3,1,2,True,-47.7922,-47.7922,874,161,863,1024,False,,0,effectively rejected
357,28,4,1,3,False,1.5383,0.0,874,721,303,1024,False,,0,effectively accepted
357,57,5,2,3,True,-19.1541,-19.1541,721,225,799,1024,False,,0,effectively rejected
357,115,6,3,3,True,3.7414,0.0,225,98,926,1024,False,,0,effectively accepted
357,116,6,2,4,False,1.1667,0.0,721,634,390,1024,False,,0,effectively accepted
357,58,5,1,4,False,3.3451,0.0,874,382,642,1024,False,,0,effectively accepted
357,14,3,0,3,False,-39.2024,-39.2024,1024,75,949,1024,False,,0,effectively rejected
357,30,4,0,4,False,-37.2965,-37.2965,1024,287,737,1024,False,,0,effectively rejected
358,0,0,0,0,False,1.0331,0.0,1024,510,514,1024,True,accept,0,effectively accepted
358,1,1,1,0,True,0.1034,0.0,510,136,888,1024,True,accept,0,effectively accepted
358,2,1,0,1,False,2.7275,0.0,1024,447,577,1024,False,,0,effectively accepted
358,6,2,0,2,False,-45.7844,-45.7844,1024,121,903,1024,False,,0,effectively rejected
358,14,3,0,3,False,1.9343,0.0,1024,888,136,1024,False,,0,effectively accepted
358,29,4,1,3,True,-52.95,-52.95,888,345,679,1024,False,,0,effectively rejected
358,59,5,2,3,True,-1.1834,-1.1834,345,268,756,1024,False,,0,genuinely stochastic
358,60,5,1,4,False,1.228,0.0,888,614,410,1024,False,,0,effectively accepted
358,30,4,0,4,False,-4.368,-4.368,1024,380,644,1024,False,,0,genuinely stochastic
359,0,0,0,0,False,-69.3266,-69.3266,1024,90,934,1024,True,reject,0,effectively rejected
359,1,1,1,0,True,-67.9119,-67.9119,90,42,982,1024,False,,0,effectively rejected
359,2,1,0,1,False,1.6891,0.0,1024,623,401,1024,True,accept,0,effectively accepted
359,6,2,0,2,False,0.0471,0.0,1024,748,276,1024,False,,0,effectively accepted
359,14,3,0,3,False,-46.122,-46.122,1024,264,760,1024,False,,0,effectively rejected
359,30,4,0,4,False,1.0603,0.0,1024,565,459,1024,False,,0,effectively accepted
359,62,5,0,5,False,-1.6959,-1.6959,1024,1015,9,1024,False,,0,genuinely stochastic
360,0,0,0,0,False,-1.6073,-1.6073,1024,888,136,1024,True,reject,0,genuinely stochastic
360,1,1,1,0,True,-1.7007,-1.7007,888,847,177,1024,False,,0,genuinely stochastic
360,4,2,1,1,False,-4.3698,-4.3698,888,368,656,1024,False,,0,genuinely stochastic
360,10,3,1,2,False,-0.8026,-0.8026,888,658,366,1024,False,,0,genuinely stochastic
360,21,4,2,2,True,-10.5578,-10.5578,658,396,628,1024,False,,0,effectively rejected
360,43,5,3,2,True,-46.2527,-46.2527,396,322,702,1024,False,,0,effectively rejected
360,44,5,2,3,False,-8.1576,-8.1576,658,215,809,1024,False,,0,effectively rejected
360,22,4,1,3,False,-0.1775,-0.1775,888,729,295,1024,False,,0,genuinely stochastic
360,2,1,0,1,False,0.2322,0.0,1024,780,244,1024,True,accept,0,effectively accepted
360,5,2,1,1,True,-44.8434,-44.8434,780,187,837,1024,True,reject,0,effectively rejected
360,6,2,0,2,False,-44.6819,-44.6819,1024,321,703,1024,False,,0,effectively rejected
360,13,3,1,2,True,-45.3496,-45.3496,321,217,807,1024,False,,0,effectively rejected
360,14,3,0,3,False,-0.3727,-0.3727,1024,707,317,1024,False,,0,genuinely stochastic
361,0,0,0,0,False,-0.11,-0.11,1024,299,725,1024,True,accept,0,genuinely stochastic
361,2,1,0,1,False,-0.0701,-0.0701,1024,915,109,1024,False,,0,genuinely stochastic
361,5,2,1,1,True,-0.2416,-0.2416,915,648,376,1024,False,,0,genuinely stochastic
361,11,3,2,1,True,-156.9099,-156.9099,648,17,1007,1024,False,,0,effectively rejected
361,12,3,1,2,False,-1.9693,-1.9693,915,750,274,1024,False,,0,genuinely stochastic
361,25,4,2,2,True,6.1656,0.0,750,48,976,1024,False,,0,effectively accepted
361,52,5,2,3,False,-6.7348,-6.7348,750,575,449,1024,False,,0,effectively rejected
361,105,6,3,3,True,-2.666,-2.666,575,406,618,1024,False,,0,genuinely stochastic
361,211,7,4,3,True,-26.0843,-26.0843,406,208,816,1024,False,,0,effectively rejected
361,106,6,2,4,False,-1.1661,-1.1661,750,587,437,1024,False,,0,genuinely stochastic
361,26,4,1,3,False,0.5191,0.0,915,514,510,1024,False,,0,effectively accepted
361,54,5,1,4,False,-1.3634,-1.3634,915,572,452,1024,False,,0,genuinely stochastic
361,6,2,0,2,False,-42.4377,-42.4377,1024,4,1020,1024,False,,0,effectively rejected
361,14,3,0,3,False,-40.1081,-40.1081,1024,247,777,1024,False,,0,effectively rejected
361,29,4,1,3,True,-43.0007,-43.0007,247,233,791,1024,False,,0,effectively rejected
361,59,5,2,3,True,-156.9099,-156.9099,233,17,1007,1024,False,,0,effectively rejected
361,30,4,0,4,False,-0.8915,-0.8915,1024,522,502,1024,False,,0,genuinely stochastic
362,0,0,0,0,False,3.0286,0.0,1024,563,461,1024,True,accept,0,effectively accepted
362,1,1,1,0,True,-41.2529,-41.2529,563,113,911,1024,True,reject,0,effectively rejected
362,4,2,1,1,False,2.3048,0.0,563,487,537,1024,True,accept,0,effectively accepted
362,10,3,1,2,False,-57.6226,-57.6226,563,328,696,1024,False,,0,effectively rejected
362,2,1,0,1,False,-71.7064,-71.7064,1024,259,765,1024,False,,0,effectively rejected
362,6,2,0,2,False,1.844,0.0,1024,478,546,1024,False,,0,effectively accepted
362,13,3,1,2,True,-16.0707,-16.0707,478,139,885,1024,False,,0,effectively rejected
362,14,3,0,3,False,0.1044,0.0,1024,831,193,1024,False,,0,effectively accepted
362,29,4,1,3,True,2.6114,0.0,831,424,600,1024,False,,0,effectively accepted
362,59,5,2,3,True,-113.2998,-113.2998,424,54,970,1024,False,,0,effectively rejected
362,30,4,0,4,False,-0.9168,-0.9168,1024,154,870,1024,False,,0,genuinely stochastic
363,0,0,0,0,False,-5.9845,-5.9845,1024,677,347,1024,True,reject,0,effectively rejected
363,1,1,1,0,True,-43.6438,-43.6438,677,124,900,1024,False,,0,effectively rejected
363,2,1,0,1,False,-58.8819,-58.8819,1024,286,738,1024,True,reject,0,effectively rejected
363,5,2,1,1,True,-60.1275,-60.1275,286,191,833,1024,False,,0,effectively rejected
363,11,3,2,1,True,-8.0784,-8.0784,191,171,853,1024,False,,0,effectively rejected
363,6,2,0,2,False,-0.1022,-0.1022,1024,977,47,1024,True,accept,0,genuinely stochastic
363,13,3,1,2,True,-8.6788,-8.6788,977,149,875,1024,True,reject,0,effectively rejected
363,28,4,1,3,False,-3.8661,-3.8661,977,306,718,1024,True,reject,0,genuinely stochastic
363,57,5,2,3,True,-2.1102,-2.1102,306,273,751,1024,False,,0,genuinely stochastic
363,116,6,2,4,False,-44.4359,-44.4359,306,269,755,1024,False,,0,effectively rejected
363,58,5,1,4,False,-65.6232,-65.6232,977,53,971,1024,True,reject,0,effectively rejected
363,14,3,0,3,False,-3.9816,-3.9816,1024,262,762,1024,False,,0,genuinely stochastic
363,30,4,0,4,False,-0.4238,-0.4238,1024,543,481,1024,False,,0,genuinely stochastic
364,0,0,0,0,False,-4.6347,-4.6347,1024,430,594,1024,True,reject,0,effectively rejected
364,1,1,1,0,True,-26.277,-26.277,430,347,677,1024,False,,0,effectively rejected
364,4,2,1,1,False,-6.9088,-6.9088,430,416,608,1024,False,,0,effectively rejected
364,9,3,2,1,True,-45.4526,-45.4526,416,215,809,1024,False,,0,effectively rejected
364,20,4,2,2,False,-19.2946,-19.2946,416,357,667,1024,False,,0,effectively rejected
364,10,3,1,2,False,-6.9615,-6.9615,430,399,625,1024,False,,0,effectively rejected
364,22,4,1,3,False,-155.6817,-155.6817,430,68,956,1024,False,,0,effectively rejected
364,2,1,0,1,False,-2.5429,-2.5429,1024,537,487,1024,True,reject,0,genuinely stochastic
364,6,2,0,2,False,-0.05,-0.05,1024,899,125,1024,True,accept,0,genuinely stochastic
364,13,3,1,2,True,-62.1566,-62.1566,899,283,741,1024,True,reject,0,effectively rejected
364,28,4,1,3,False,-1.6967,-1.6967,899,765,259,1024,True,reject,0,genuinely stochastic
364,57,5,2,3,True,1.2982,0.0,765,412,612,1024,False,,0,effectively accepted
364,14,3,0,3,False,-29.0086,-29.0086,1024,165,859,1024,False,,0,effectively rejected
365,0,0,0,0,False,-47.7055,-47.7055,1024,291,733,1024,True,reject,0,effectively rejected
365,2,1,0,1,False,-39.9906,-39.9906,1024,307,717,1024,True,reject,0,effectively rejected
365,6,2,0,2,False,-12.9119,-12.9119,1024,233,791,1024,True,reject,0,effectively rejected
365,14,3,0,3,False,0.1088,0.0,1024,719,305,1024,True,accept,0,effectively accepted
365,29,4,1,3,True,-9.2816,-9.2816,719,364,660,1024,True,reject,0,effectively rejected
365,59,5,2,3,True,-29.3939,-29.3939,364,161,863,1024,False,,0,effectively rejected
365,30,4,0,4,False,0.0,0.0,1024,985,39,1024,False,,0,effectively accepted
365,61,5,1,4,True,0.4835,0.0,985,659,365,1024,False,,0,effectively accepted
365,123,6,2,4,True,-45.1563,-45.1563,659,155,869,1024,False,,0,effectively rejected
365,124,6,1,5,False,18.0608,0.0,985,51,973,1024,False,,0,effectively accepted
365,62,5,0,5,False,0.1024,0.0,1024,539,485,1024,False,,0,effectively accepted
366,0,0,0,0,False,-1.2065,-1.2065,1024,703,321,1024,True,reject,0,genuinely stochastic
366,1,1,1,0,True,-11.0214,-11.0214,703,417,607,1024,False,,0,effectively rejected
366,4,2,1,1,False,-49.5965,-49.5965,703,261,763,1024,False,,0,effectively rejected
366,9,3,2,1,True,-70.2413,-70.2413,261,91,933,1024,False,,0,effectively rejected
366,19,4,3,1,True,-114.8376,-114.8376,91,57,967,1024,False,,0,effectively rejected
366,10,3,1,2,False,-34.2023,-34.2023,703,51,973,1024,False,,0,effectively rejected
366,22,4,1,3,False,-0.9772,-0.9772,703,365,659,1024,False,,0,genuinely stochastic
366,46,5,1,4,False,-65.5142,-65.5142,703,116,908,1024,False,,0,effectively rejected
366,2,1,0,1,False,-117.9949,-117.9949,1024,48,976,1024,True,reject,0,effectively rejected
366,6,2,0,2,False,-24.3339,-24.3339,1024,216,808,1024,True,reject,0,effectively rejected
366,14,3,0,3,False,0.7538,0.0,1024,625,399,1024,True,accept,0,effectively accepted
366,29,4,1,3,True,-44.6548,-44.6548,625,226,798,1024,True,reject,0,effectively rejected
366,30,4,0,4,False,-1.7821,-1.7821,1024,963,61,1024,False,,0,genuinely stochastic
367,0,0,0,0,False,-11.2308,-11.2308,1024,422,602,1024,True,reject,0,effectively rejected
367,2,1,0,1,False,0.0,0.0,1024,1004,20,1024,True,accept,0,effectively accepted
367,5,2,1,1,True,-44.8945,-44.8945,1004,3,1021,1024,True,reject,0,effectively rejected
367,12,3,1,2,False,0.085,0.0,1004,800,224,1024,True,accept,0,effectively accepted
367,25,4,2,2,True,-39.4993,-39.4993,800,304,720,1024,True,reject,0,effectively rejected
367,26,4,1,3,False,-8.2542,-8.2542,1004,520,504,1024,False,,0,effectively rejected
367,54,5,1,4,False,-0.1521,-0.1521,1004,777,247,1024,False,,0,genuinely stochastic
367,6,2,0,2,False,0.2397,0.0,1024,663,361,1024,False,,0,effectively accepted
367,13,3,1,2,True,-20.2265,-20.2265,663,180,844,1024,False,,0,effectively rejected
367,28,4,1,3,False,-51.6662,-51.6662,663,31,993,1024,False,,0,effectively rejected
367,58,5,1,4,False,-14.4276,-14.4276,663,127,897,1024,False,,0,effectively rejected
367,14,3,0,3,False,-48.8191,-48.8191,1024,206,818,1024,False,,0,effectively rejected
367,30,4,0,4,False,-48.9216,-48.9216,1024,2,1022,1024,False,,0,effectively rejected
368,0,0,0,0,False,0.0,0.0,1024,929,95,1024,True,accept,0,effectively accepted
368,1,1,1,0,True,-2.3442,-2.3442,929,545,479,1024,True,reject,0,genuinely stochastic
368,3,2,2,0,True,-21.4034,-21.4034,545,215,809,1024,False,,0,effectively rejected
368,7,3,3,0,True,-45.0956,-45.0956,215,6,1018,1024,False,,0,effectively rejected
368,16,4,3,1,False,-13.6067,-13.6067,215,188,836,1024,False,,0,effectively rejected
368,8,3,2,1,False,-3.4526,-3.4526,545,526,498,1024,False,,0,genuinely stochastic
368,17,4,3,1,True,-48.9282,-48.9282,526,278,746,1024,False,,0,effectively rejected
368,18,4,2,2,False,-2.9385,-2.9385,545,443,581,1024,False,,0,genuinely stochastic
368,37,5,3,2,True,-46.2657,-46.2657,443,189,835,1024,False,,0,effectively rejected
368,38,5,2,3,False,-24.2178,-24.2178,545,338,686,1024,False,,0,effectively rejected
368,4,2,1,1,False,-66.543,-66.543,929,57,967,1024,True,reject,0,effectively rejected
368,10,3,1,2,False,-26.1508,-26.1508,929,216,808,1024,True,reject,0,effectively rejected
368,22,4,1,3,False,0.039,0.0,929,587,437,1024,True,accept,0,effectively accepted
368,2,1,0,1,False,-8.789,-8.789,1024,49,975,1024,False,,0,effectively rejected
368,6,2,0,2,False,-0.7532,-0.7532,1024,359,665,1024,False,,0,genuinely stochastic
368,13,3,1,2,True,-60.1295,-60.1295,359,144,880,1024,False,,0,effectively rejected
368,14,3,0,3,False,0.0225,0.0,1024,865,159,1024,False,,0,effectively accepted
369,0,0,0,0,False,-3.5528,-3.5528,1024,528,496,1024,True,reject,0,genuinely stochastic
369,1,1,1,0,True,15.9322,0.0,528,44,980,1024,False,,0,effectively accepted
369,2,1,0,1,False,-0.6611,-0.6611,1024,614,410,1024,True,accept,0,genuinely stochastic
369,5,2,1,1,True,-3.3245,-3.3245,614,420,604,1024,True,reject,0,genuinely stochastic
369,12,3,1,2,False,-41.7364,-41.7364,614,155,869,1024,True,reject,0,effectively rejected
369,26,4,1,3,False,-8.4769,-8.4769,614,448,576,1024,True,reject,0,effectively rejected
369,53,5,2,3,True,-68.7011,-68.7011,448,198,826,1024,False,,0,effectively rejected
369,108,6,2,4,False,-53.9229,-53.9229,448,238,786,1024,False,,0,effectively rejected
369,6,2,0,2,False,-41.2563,-41.2563,1024,276,748,1024,False,,0,effectively rejected
369,14,3,0,3,False,-21.9709,-21.9709,1024,158,866,1024,False,,0,effectively rejected
369,30,4,0,4,False,-1.5576,-1.5576,1024,376,648,1024,False,,0,genuinely stochastic
369,61,5,1,4,True,-18.7591,-18.7591,376,348,676,1024,False,,0,effectively rejected
370,0,0,0,0,False,0.0028,0.0,1024,822,202,1024,True,accept,0,effectively accepted
370,1,1,1,0,True,-48.4552,-48.4552,822,8,1016,1024,True,reject,0,effectively rejected
370,4,2,1,1,False,-40.5387,-40.5387,822,265,759,1024,True,reject,0,effectively rejected
370,10,3,1,2,False,0.121,0.0,822,656,368,1024,True,accept,0,effectively accepted
370,21,4,2,2,True,-19.0233,-19.0233,656,232,792,1024,True,reject,0,effectively rejected
370,44,5,2,3,False,-25.3069,-25.3069,656,100,924,1024,True,reject,0,effectively rejected
370,90,6,2,4,False,0.2494,0.0,656,588,436,1024,True,accept,0,effectively accepted
370,22,4,1,3,False,17.2586,0.0,822,6,1018,1024,False,,0,effectively accepted
370,46,5,1,4,False,-45.3001,-45.3001,822,176,848,1024,False,,0,effectively rejected
370,2,1,0,1,False,-46.3032,-46.3032,1024,227,797,1024,False,,0,effectively rejected
370,6,2,0,2,False,-68.8322,-68.8322,1024,44,980,1024,False,,0,effectively rejected
370,13,3,1,2,True,-0.4447,-0.4447,44,12,1012,1024,False,,0,genuinely stochastic
370,14,3,0,3,False,-38.0142,-38.0142,1024,289,735,1024,False,,0,effectively rejected
370,30,4,0,4,False,0.1256,0.0,1024,755,269,1024,False,,0,effectively accepted
370,61,5,1,4,True,-47.3357,-47.3357,755,169,855,1024,False,,0,effectively rejected
371,0,0,0,0,False,-6.3076,-6.3076,1024,468,556,1024,True,reject,0,effectively rejected
371,1,1,1,0,True,-43.8678,-43.8678,468,156,868,1024,False,,0,effectively rejected
371,2,1,0,1,False,-2.6296,-2.6296,1024,418,606,1024,True,reject,0,genuinely stochastic
371,5,2,1,1,True,-11.228,-11.228,418,399,625,1024,False,,0,effectively rejected
371,6,2,0,2,False,-0.6407,-0.6407,1024,692,332,1024,True,accept,0,genuinely stochastic
371,14,3,0,3,False,-0.0635,-0.0635,1024,983,41,1024,False,,0,genuinely stochastic
371,29,4,1,3,True,0.0419,0.0,983,565,459,1024,False,,0,effectively accepted
371,59,5,2,3,True,0.81,0.0,565,553,471,1024,False,,0,effectively accepted
371,119,6,3,3,True,-48.9895,-48.9895,553,325,699,1024,False,,0,effectively rejected
371,60,5,1,4,False,-19.6152,-19.6152,983,310,714,1024,False,,0,effectively rejected
371,30,4,0,4,False,-1.8206,-1.8206,1024,890,134,1024,False,,0,genuinely stochastic
371,61,5,1,4,True,-0.6848,-0.6848,890,685,339,1024,False,,0,genuinely stochastic
372,0,0,0,0,False,-50.2486,-50.2486,1024,144,880,1024,True,reject,0,effectively rejected
372,1,1,1,0,True,11.9066,0.0,144,74,950,1024,False,,0,effectively accepted
372,4,2,1,1,False,13.8535,0.0,144,87,937,1024,False,,0,effectively accepted
372,2,1,0,1,False,-0.0435,-0.0435,1024,808,216,1024,True,accept,0,genuinely stochastic
372,6,2,0,2,False,-1.7008,-1.7008,1024,933,91,1024,False,,0,genuinely stochastic
372,13,3,1,2,True,-58.7524,-58.7524,933,191,833,1024,False,,0,effectively rejected
372,28,4,1,3,False,-121.6802,-121.6802,933,53,971,1024,False,,0,effectively rejected
372,58,5,1,4,False,-10.5405,-10.5405,933,414,610,1024,False,,0,effectively rejected
372,14,3,0,3,False,-139.809,-139.809,1024,70,954,1024,False,,0,effectively rejected
372,30,4,0,4,False,-48.7088,-48.7088,1024,85,939,1024,False,,0,effectively rejected
373,0,0,0,0,False,-19.2785,-19.2785,1024,238,786,1024,True,reject,0,effectively rejected
373,2,1,0,1,False,-0.5181,-0.5181,1024,506,518,1024,True,accept,0,genuinely stochastic
373,5,2,1,1,True,-37.0143,-37.0143,506,300,724,1024,True,reject,0,effectively rejected
373,11,3,2,1,True,-31.2422,-31.2422,300,172,852,1024,False,,0,effectively rejected
373,6,2,0,2,False,-26.1834,-26.1834,1024,150,874,1024,False,,0,effectively rejected
373,14,3,0,3,False,-2.3643,-2.3643,1024,513,511,1024,False,,0,genuinely stochastic
373,29,4,1,3,True,-74.9281,-74.9281,513,115,909,1024,False,,0,effectively rejected
373,30,4,0,4,False,0.6239,0.0,1024,379,645,1024,False,,0,effectively accepted
373,61,5,1,4,True,-65.7573,-65.7573,379,315,709,1024,False,,0,effectively rejected
373,62,5,0,5,False,-29.2592,-29.2592,1024,348,676,1024,False,,0,effectively rejected
373,125,6,1,5,True,-56.9919,-56.9919,348,154,870,1024,False,,0,effectively rejected
374,0,0,0,0,False,-0.0544,-0.0544,1024,781,243,1024,True,reject,0,genuinely stochastic
374,1,1,1,0,True,0.8449,0.0,781,585,439,1024,False,,0,effectively accepted
374,2,1,0,1,False,-1.6959,-1.6959,1024,1016,8,1024,True,reject,0,genuinely stochastic
374,5,2,1,1,True,0.0,0.0,1016,1004,20,1024,False,,0,effectively accepted
374,11,3,2,1,True,-0.0049,-0.0049,1004,998,26,1024,False,,0,effectively accepted
374,23,4,3,1,True,-1.6525,-1.6525,998,829,195,1024,False,,0,genuinely stochastic
374,47,5,4,1,True,-74.0161,-74.0161,829,86,938,1024,False,,0,effectively rejected
374,48,5,3,2,False,-0.0905,-0.0905,998,770,254,1024,False,,0,genuinely stochastic
374,97,6,4,2,True,-1.8243,-1.8243,770,743,281,1024,False,,0,genuinely stochastic
374,24,4,2,2,False,17.5273,0.0,1004,43,981,1024,False,,0,effectively accepted
374,12,3,1,2,False,-48.5509,-48.5509,1016,219,805,1024,False,,0,effectively rejected
374,6,2,0,2,False,-1.9078,-1.9078,1024,799,225,1024,True,accept,0,genuinely stochastic
374,13,3,1,2,True,-60.0618,-60.0618,799,32,992,1024,True,reject,0,effectively rejected
375,0,0,0,0,False,0.2905,0.0,1024,592,432,1024,True,accept,0,effectively accepted
375,1,1,1,0,True,-23.7649,-23.7649,592,351,673,1024,True,reject,0,effectively rejected
375,3,2,2,0,True,1.0209,0.0,351,184,840,1024,False,,0,effectively accepted
375,8,3,2,1,False,-70.6372,-70.6372,351,345,679,1024,False,,0,effectively rejected
375,17,4,3,1,True,-21.9956,-21.9956,345,224,800,1024,False,,0,effectively rejected
375,35,5,4,1,True,-44.9305,-44.9305,224,190,834,1024,False,,0,effectively rejected
375,4,2,1,1,False,-45.1251,-45.1251,592,216,808,1024,True,reject,0,effectively rejected
375,2,1,0,1,False,-49.8172,-49.8172,1024,44,980,1024,False,,0,effectively rejected
375,6,2,0,2,False,1.4184,0.0,1024,599,425,1024,False,,0,effectively accepted
375,14,3,0,3,False,1.6628,0.0,1024,643,381,1024,False,,0,effectively accepted
375,29,4,1,3,True,-44.4118,-44.4118,643,321,703,1024,False,,0,effectively rejected
375,60,5,1,4,False,2.0892,0.0,643,532,492,1024,False,,0,effectively accepted
375,30,4,0,4,False,3.3012,0.0,1024,457,567,1024,False,,0,effectively accepted
376,0,0,0,0,False,1.5006,0.0,1024,622,402,1024,True,accept,0,effectively accepted
376,1,1,1,0,True,-0.6325,-0.6325,622,395,629,1024,True,accept,0,genuinely stochastic
376,3,2,2,0,True,-24.6981,-24.6981,395,98,926,1024,True,reject,0,effectively rejected
376,4,2,1,1,False,1.1021,0.0,622,364,660,1024,False,,0,effectively accepted
376,10,3,1,2,False,-18.863,-18.863,622,129,895,1024,False,,0,effectively rejected
376,22,4,1,3,False,-66.1084,-66.1084,622,267,757,1024,False,,0,effectively rejected
376,45,5,2,3,True,-25.8553,-25.8553,267,236,788,1024,False,,0,effectively rejected
376,46,5,1,4,False,1.5588,0.0,622,566,458,1024,False,,0,effectively accepted
376,2,1,0,1,False,1.3543,0.0,1024,588,436,1024,False,,0,effectively accepted
376,5,2,1,1,True,-0.4095,-0.4095,588,578,446,1024,False,,0,genuinely stochastic
376,6,2,0,2,False,-28.1561,-28.1561,1024,195,829,1024,False,,0,effectively rejected
376,14,3,0,3,False,1.9497,0.0,1024,782,242,1024,False,,0,effectively accepted
376,30,4,0,4,False,1.6959,0.0,1024,1016,8,1024,False,,0,effectively accepted
377,0,0,0,0,False,0.5772,0.0,1024,418,606,1024,True,accept,0,effectively accepted
377,1,1,1,0,True,-48.5716,-48.5716,418,307,717,1024,True,reject,0,effectively rejected
377,4,2,1,1,False,-64.0902,-64.0902,418,344,680,1024,True,reject,0,effectively rejected
377,10,3,1,2,False,-29.4908,-29.4908,418,300,724,1024,True,reject,0,effectively rejected
377,2,1,0,1,False,0.1625,0.0,1024,927,97,1024,False,,0,effectively accepted
377,5,2,1,1,True,3.7253,0.0,927,464,560,1024,False,,0,effectively accepted
377,11,3,2,1,True,-77.8636,-77.8636,464,286,738,1024,False,,0,effectively rejected
377,12,3,1,2,False,-53.1192,-53.1192,927,117,907,1024,False,,0,effectively rejected
377,26,4,1,3,False,-2.1285,-2.1285,927,259,765,1024,False,,0,genuinely stochastic
377,53,5,2,3,True,-57.5975,-57.5975,259,57,967,1024,False,,0,effectively rejected
377,6,2,0,2,False,-109.9645,-109.9645,1024,2,1022,1024,False,,0,effectively rejected
377,14,3,0,3,False,-29.8767,-29.8767,1024,249,775,1024,False,,0,effectively rejected
377,30,4,0,4,False,-23.9347,-23.9347,1024,301,723,1024,False,,0,effectively rejected
378,0,0,0,0,False,1.7569,0.0,1024,771,253,1024,True,accept,0,effectively accepted
378,1,1,1,0,True,0.8604,0.0,771,712,312,1024,True,accept,0,effectively accepted
378,3,2,2,0,True,6.3297,0.0,712,38,986,1024,True,accept,0,effectively accepted
378,8,3,2,1,False,-51.7192,-51.7192,712,300,724,1024,False,,0,effectively rejected
378,2,1,0,1,False,-49.8769,-49.8769,1024,290,734,1024,False,,0,effectively rejected
378,5,2,1,1,True,-121.5881,-121.5881,290,92,932,1024,False,,0,effectively rejected
378,6,2,0,2,False,-44.0769,-44.0769,1024,357,667,1024,False,,0,effectively rejected
378,14,3,0,3,False,1.8504,0.0,1024,935,89,1024,False,,0,effectively accepted
378,29,4,1,3,True,-69.7344,-69.7344,935,43,981,1024,False,,0,effectively rejected
378,30,4,0,4,False,-1.6389,-1.6389,1024,169,855,1024,False,,0,genuinely stochastic
379,0,0,0,0,False,0.7069,0.0,1024,772,252,1024,True,accept,0,effectively accepted
379,1,1,1,0,True,-0.0557,-0.0557,772,671,353,1024,True,accept,0,genuinely stochastic
379,4,2,1,1,False,-25.8057,-25.8057,772,436,588,1024,False,,0,effectively rejected
379,2,1,0,1,False,0.3724,0.0,1024,955,69,1024,False,,0,effectively accepted
379,5,2,1,1,True,-116.4185,-116.4185,955,46,978,1024,False,,0,effectively rejected
379,6,2,0,2,False,1.527,0.0,1024,512,512,1024,False,,0,effectively accepted
380,0,0,0,0,False,-34.4185,-34.4185,1024,111,913,1024,True,reject,0,effectively rejected
381,0,0,0,0,False,0.0,0.0,1024,471,553,1024,True,accept,0,effectively accepted
381,2,1,0,1,False,-68.7532,-68.7532,1024,246,778,1024,False,,0,effectively rejected
381,6,2,0,2,False,0.4103,0.0,1024,378,646,1024,False,,0,effectively accepted
381,14,3,0,3,False,-3.2798,-3.2798,1024,178,846,1024,False,,0,genuinely stochastic
381,30,4,0,4,False,-2.3071,-2.3071,1024,736,288,1024,False,,0,genuinely stochastic
381,61,5,1,4,True,-39.5608,-39.5608,736,102,922,1024,False,,0,effectively rejected
381,124,6,1,5,False,10.0629,0.0,736,400,624,1024,False,,0,effectively accepted
381,62,5,0,5,False,-3.9621,-3.9621,1024,541,483,1024,False,,0,genuinely stochastic
381,125,6,1,5,True,-14.9185,-14.9185,541,430,594,1024,False,,0,effectively rejected
382,0,0,0,0,False,-5.0996,-5.0996,1024,291,733,1024,True,reject,0,effectively rejected
382,1,1,1,0,True,15.3438,0.0,291,31,993,1024,False,,0,effectively accepted
382,2,1,0,1,False,-1.2359,-1.2359,1024,435,589,1024,True,reject,0,genuinely stochastic
382,6,2,0,2,False,-3.6272,-3.6272,1024,602,422,1024,True,reject,0,genuinely stochastic
382,14,3,0,3,False,-2.2565,-2.2565,1024,566,458,1024,True,reject,0,genuinely stochastic
382,29,4,1,3,True,-52.5106,-52.5106,566,39,985,1024,False,,0,effectively rejected
382,30,4,0,4,False,-2.1759,-2.1759,1024,577,447,1024,True,reject,0,genuinely stochastic
382,62,5,0,5,False,-2.1529,-2.1529,1024,42,982,1024,True,reject,0,genuinely stochastic
382,126,6,0,6,False,-1.0822,-1.0822,1024,899,125,1024,True,reject,0,genuinely stochastic
382,254,7,0,7,False,-1.4101,-1.4101,1024,497,527,1024,True,accept,0,genuinely stochastic
383,0,0,0,0,False,1.4101,0.0,1024,491,533,1024,True,accept,0,effectively accepted
383,1,1,1,0,True,-85.2128,-85.2128,491,191,833,1024,True,reject,0,effectively rejected
383,2,1,0,1,False,-1.1675,-1.1675,1024,925,99,1024,False,,0,genuinely stochastic
383,5,2,1,1,True,0.9867,0.0,925,792,232,1024,False,,0,effectively accepted
383,12,3,1,2,False,0.7639,0.0,925,190,834,1024,False,,0,effectively accepted
383,26,4,1,3,False,0.111,0.0,925,680,344,1024,False,,0,effectively accepted
383,53,5,2,3,True,-0.6781,-0.6781,680,618,406,1024,False,,0,genuinely stochastic
383,6,2,0,2,False,8.09,0.0,1024,326,698,1024,False,,0,effectively accepted
383,13,3,1,2,True,3.7054,0.0,326,284,740,1024,False,,0,effectively accepted
383,14,3,0,3,False,-2.0023,-2.0023,1024,240,784,1024,False,,0,genuinely stochastic
383,30,4,0,4,False,1.159,0.0,1024,612,412,1024,False,,0,effectively accepted
384,0,0,0,0,False,0.0,0.0,1024,57,967,1024,True,accept,0,effectively accepted
384,2,1,0,1,False,9.1474,0.0,1024,404,620,1024,False,,0,effectively accepted
384,6,2,0,2,False,-2.4555,-2.4555,1024,689,335,1024,False,,0,genuinely stochastic
384,13,3,1,2,True,1.4291,0.0,689,289,735,1024,False,,0,effectively accepted
384,28,4,1,3,False,-4.3876,-4.3876,689,552,472,1024,False,,0,genuinely stochastic
384,58,5,1,4,False,-25.3369,-25.3369,689,7,1017,1024,False,,0,effectively rejected
384,118,6,1,5,False,-1.6359,-1.6359,689,453,571,1024,False,,0,genuinely stochastic
384,14,3,0,3,False,-76.8959,-76.8959,1024,88,936,1024,False,,0,effectively rejected
384,30,4,0,4,False,-70.3184,-70.3184,1024,253,771,1024,False,,0,effectively rejected
384,62,5,0,5,False,-4.2718,-4.2718,1024,305,719,1024,False,,0,genuinely stochastic
384,126,6,0,6,False,0.0216,0.0,1024,444,580,1024,False,,0,effectively accepted
385,0,0,0,0,False,0.0,0.0,1024,360,664,1024,True,accept,0,effectively accepted
385,2,1,0,1,False,-61.8476,-61.8476,1024,135,889,1024,False,,0,effectively rejected
385,6,2,0,2,False,-5.6606,-5.6606,1024,453,571,1024,False,,0,effectively rejected
385,13,3,1,2,True,-27.2085,-27.2085,453,13,1011,1024,False,,0,effectively rejected
385,28,4,1,3,False,-1.2354,-1.2354,453,399,625,1024,False,,0,genuinely stochastic
385,57,5,2,3,True,-82.6987,-82.6987,399,109,915,1024,False,,0,effectively rejected
385,116,6,2,4,False,-62.0124,-62.0124,399,130,894,1024,False,,0,effectively rejected
385,58,5,1,4,False,-3.5184,-3.5184,453,335,689,1024,False,,0,genuinely stochastic
385,14,3,0,3,False,6.5478,0.0,1024,357,667,1024,False,,0,effectively accepted
385,29,4,1,3,True,4.8242,0.0,357,29,995,1024,False,,0,effectively accepted
385,60,5,1,4,False,47.8494,0.0,357,41,983,1024,False,,0,effectively accepted
385,30,4,0,4,False,-8.2044,-8.2044,1024,243,781,1024,False,,0,effectively rejected
385,61,5,1,4,True,-7.2016,-7.2016,243,180,844,1024,False,,0,effectively rejected
385,62,5,0,5,False,-3.5936,-3.5936,1024,57,967,1024,False,,0,genuinely stochastic
386,0,0,0,0,False,0.0,0.0,1024,602,422,1024,True,accept,0,effectively accepted
386,1,1,1,0,True,-88.51,-88.51,602,109,915,1024,True,reject,0,effectively rejected
386,4,2,1,1,False,-90.676,-90.676,602,504,520,1024,True,reject,0,effectively rejected
386,10,3,1,2,False,-1.7494,-1.7494,602,190,834,1024,True,reject,0,genuinely stochastic
386,22,4,1,3,False,-0.3128,-0.3128,602,278,746,1024,True,accept,0,genuinely stochastic
386,46,5,1,4,False,-2.0632,-2.0632,602,531,493,1024,False,,0,genuinely stochastic
386,94,6,1,5,False,-0.6514,-0.6514,602,485,539,1024,False,,0,genuinely stochastic
386,2,1,0,1,False,-2.6042,-2.6042,1024,776,248,1024,False,,0,genuinely stochastic
386,6,2,0,2,False,0.0487,0.0,1024,574,450,1024,False,,0,effectively accepted
386,14,3,0,3,False,-1.6662,-1.6662,1024,497,527,1024,False,,0,genuinely stochastic
386,30,4,0,4,False,-1.7694,-1.7694,1024,726,298,1024,False,,0,genuinely stochastic
386,62,5,0,5,False,-97.4801,-97.4801,1024,509,515,1024,False,,0,effectively rejected
387,0,0,0,0,False,-3.5395,-3.5395,1024,306,718,1024,True,reject,0,genuinely stochastic
387,2,1,0,1,False,-1.6074,-1.6074,1024,296,728,1024,True,accept,0,genuinely stochastic
387,6,2,0,2,False,1.5173,0.0,1024,273,751,1024,False,,0,effectively accepted
387,14,3,0,3,False,1.8683,0.0,1024,813,211,1024,False,,0,effectively accepted
387,29,4,1,3,True,1.8466,0.0,813,707,317,1024,False,,0,effectively accepted
387,59,5,2,3,True,1.8625,0.0,707,616,408,1024,False,,0,effectively accepted
387,119,6,3,3,True,13.8512,0.0,616,581,443,1024,False,,0,effectively accepted
387,239,7,4,3,True,1.4355,0.0,581,379,645,1024,False,,0,effectively accepted
387,479,8,5,3,True,-81.6475,-81.6475,379,160,864,1024,False,,0,effectively rejected
387,960,9,5,4,False,-2.5835,-2.5835,379,261,763,1024,False,,0,genuinely stochastic
387,480,8,4,4,False,-4.8624,-4.8624,581,105,919,1024,False,,0,effectively rejected
387,120,6,2,4,False,-75.0494,-75.0494,707,250,774,1024,False,,0,effectively rejected
387,60,5,1,4,False,-73.6688,-73.6688,813,520,504,1024,False,,0,effectively rejected
387,30,4,0,4,False,11.2803,0.0,1024,572,452,1024,False,,0,effectively accepted
388,0,0,0,0,False,-1.5429,-1.5429,1024,418,606,1024,True,reject,0,genuinely stochastic
388,2,1,0,1,False,41.3759,0.0,1024,40,984,1024,True,accept,0,effectively accepted
388,6,2,0,2,False,-15.6858,-15.6858,1024,420,604,1024,False,,0,effectively rejected
388,14,3,0,3,False,1.7984,0.0,1024,711,313,1024,False,,0,effectively accepted
388,29,4,1,3,True,0.6244,0.0,711,550,474,1024,False,,0,effectively accepted
388,60,5,1,4,False,-4.2703,-4.2703,711,209,815,1024,False,,0,genuinely stochastic
388,30,4,0,4,False,2.3577,0.0,1024,714,310,1024,False,,0,effectively accepted
388,61,5,1,4,True,1.7983,0.0,714,709,315,1024,False,,0,effectively accepted
388,62,5,0,5,False,-4.585,-4.585,1024,311,713,1024,False,,0,genuinely stochastic
389,0,0,0,0,False,0.7987,0.0,1024,777,247,1024,True,accept,0,effectively accepted
389,1,1,1,0,True,-72.0439,-72.0439,777,69,955,1024,True,reject,0,effectively rejected
389,4,2,1,1,False,-93.5161,-93.5161,777,110,914,1024,True,reject,0,effectively rejected
389,10,3,1,2,False,-22.5784,-22.5784,777,645,379,1024,True,reject,0,effectively rejected
389,21,4,2,2,True,-12.1089,-12.1089,645,203,821,1024,False,,0,effectively rejected
389,44,5,2,3,False,-10.5513,-10.5513,645,640,384,1024,False,,0,effectively rejected
389,89,6,3,3,True,-12.8357,-12.8357,640,178,846,1024,False,,0,effectively rejected
389,179,7,4,3,True,-44.7077,-44.7077,178,19,1005,1024,False,,0,effectively rejected
389,22,4,1,3,False,16.0233,0.0,777,632,392,1024,True,accept,0,effectively accepted
389,45,5,2,3,True,-27.2759,-27.2759,632,542,482,1024,True,reject,0,effectively rejected
389,91,6,3,3,True,12.4564,0.0,542,316,708,1024,False,,0,effectively accepted
389,2,1,0,1,False,-25.5006,-25.5006,1024,42,982,1024,False,,0,effectively rejected
389,6,2,0,2,False,-3.1125,-3.1125,1024,274,750,1024,False,,0,genuinely stochastic
389,13,3,1,2,True,2.5332,0.0,274,193,831,1024,False,,0,effectively accepted
389,28,4,1,3,False,14.6506,0.0,274,252,772,1024,False,,0,effectively accepted
389,14,3,0,3,False,-55.9104,-55.9104,1024,32,992,1024,False,,0,effectively rejected
389,30,4,0,4,False,11.0807,0.0,1024,819,205,1024,False,,0,effectively accepted
390,0,0,0,0,False,-42.9678,-42.9678,1024,269,755,1024,True,reject,0,effectively rejected
390,1,1,1,0,True,-1.3816,-1.3816,269,198,826,1024,False,,0,genuinely stochastic
390,3,2,2,0,True,-3.3512,-3.3512,198,135,889,1024,False,,0,genuinely stochastic
390,2,1,0,1,False,-16.8951,-16.8951,1024,801,223,1024,True,reject,0,effectively rejected
390,6,2,0,2,False,-3.9419,-3.9419,1024,787,237,1024,True,reject,0,genuinely stochastic
390,13,3,1,2,True,-14.6774,-14.6774,787,706,318,1024,False,,0,effectively rejected
390,28,4,1,3,False,-16.7789,-16.7789,787,377,647,1024,False,,0,effectively rejected
390,57,5,2,3,True,-87.8568,-87.8568,377,11,1013,1024,False,,0,effectively rejected
390,14,3,0,3,False,-2.4454,-2.4454,1024,601,423,1024,True,reject,0,genuinely stochastic
390,30,4,0,4,False,-111.9438,-111.9438,1024,126,898,1024,True,reject,0,effectively rejected
391,0,0,0,0,False,-7.2399,-7.2399,1024,481,543,1024,True,reject,0,effectively rejected
391,1,1,1,0,True,28.3742,0.0,481,142,882,1024,False,,0,effectively accepted
391,2,1,0,1,False,-15.0986,-15.0986,1024,748,276,1024,True,reject,0,effectively rejected
391,6,2,0,2,False,0.094,0.0,1024,887,137,1024,True,accept,0,effectively accepted
391,13,3,1,2,True,-19.0571,-19.0571,887,461,563,1024,True,reject,0,effectively rejected
391,28,4,1,3,False,-28.3447,-28.3447,887,668,356,1024,True,reject,0,effectively rejected
391,57,5,2,3,True,-110.3531,-110.3531,668,25,999,1024,False,,0,effectively rejected
391,116,6,2,4,False,-3.1804,-3.1804,668,171,853,1024,False,,0,genuinely stochastic
391,233,7,3,4,True,-109.09,-109.09,171,86,938,1024,False,,0,effectively rejected
391,58,5,1,4,False,-19.2761,-19.2761,887,622,402,1024,True,reject,0,effectively rejected
391,117,6,2,4,True,-35.2457,-35.2457,622,308,716,1024,False,,0,effectively rejected
391,14,3,0,3,False,-15.1056,-15.1056,1024,167,857,1024,False,,0,effectively rejected
391,30,4,0,4,False,-43.8119,-43.8119,1024,230,794,1024,False,,0,effectively rejected
391,61,5,1,4,True,-72.2477,-72.2477,230,114,910,1024,False,,0,effectively rejected
391,62,5,0,5,False,-3.1672,-3.1672,1024,805,219,1024,False,,0,genuinely stochastic
392,0,0,0,0,False,-43.6746,-43.6746,1024,30,994,1024,True,reject,0,effectively rejected
392,2,1,0,1,False,-131.5066,-131.5066,1024,104,920,1024,True,reject,0,effectively rejected
392,6,2,0,2,False,-4.3126,-4.3126,1024,693,331,1024,True,reject,0,genuinely stochastic
392,14,3,0,3,False,-27.5635,-27.5635,1024,441,583,1024,True,reject,0,effectively rejected
392,30,4,0,4,False,-0.7047,-0.7047,1024,837,187,1024,True,accept,0,genuinely stochastic
392,61,5,1,4,True,-4.3029,-4.3029,837,746,278,1024,True,reject,0,genuinely stochastic
392,123,6,2,4,True,-22.533,-22.533,746,518,506,1024,False,,0,effectively rejected
392,247,7,3,4,True,-34.8767,-34.8767,518,396,628,1024,False,,0,effectively rejected
392,495,8,4,4,True,-7.209,-7.209,396,168,856,1024,False,,0,effectively rejected
392,992,9,4,5,False,-5.6379,-5.6379,396,320,704,1024,False,,0,effectively rejected
392,496,8,3,5,False,-28.0464,-28.0464,518,309,715,1024,False,,0,effectively rejected
392,248,7,2,5,False,-32.431,-32.431,746,621,403,1024,False,,0,effectively rejected
392,124,6,1,5,False,-4.7671,-4.7671,837,215,809,1024,True,reject,0,effectively rejected
392,249,7,2,5,True,-79.338,-79.338,215,73,951,1024,False,,0,effectively rejected
392,62,5,0,5,False,-64.7734,-64.7734,1024,24,1000,1024,False,,0,effectively rejected
393,0,0,0,0,False,-4.1887,-4.1887,1024,628,396,1024,True,reject,0,genuinely stochastic
393,2,1,0,1,False,-31.2745,-31.2745,1024,392,632,1024,True,reject,0,effectively rejected
393,6,2,0,2,False,-31.0938,-31.0938,1024,143,881,1024,True,reject,0,effectively rejected
393,14,3,0,3,False,-112.9623,-112.9623,1024,4,1020,1024,True,reject,0,effectively rejected
393,30,4,0,4,False,0.0,0.0,1024,998,26,1024,True,accept,0,effectively accepted
393,61,5,1,4,True,0.3209,0.0,998,640,384,1024,True,accept,0,effectively accepted
393,123,6,2,4,True,-16.0285,-16.0285,640,582,442,1024,True,reject,0,effectively rejected
393,62,5,0,5,False,-0.0,0.0,1024,991,33,1024,False,,0,effectively accepted
394,0,0,0,0,False,-26.4901,-26.4901,1024,473,551,1024,True,reject,0,effectively rejected
394,1,1,1,0,True,-5.5468,-5.5468,473,405,619,1024,False,,0,effectively rejected
394,2,1,0,1,False,-3.4874,-3.4874,1024,780,244,1024,True,reject,0,genuinely stochastic
394,5,2,1,1,True,-118.5008,-118.5008,780,73,951,1024,False,,0,effectively rejected
394,6,2,0,2,False,-22.9369,-22.9369,1024,771,253,1024,True,reject,0,effectively rejected
394,14,3,0,3,False,-18.6266,-18.6266,1024,595,429,1024,True,reject,0,effectively rejected
394,29,4,1,3,True,-53.645,-53.645,595,97,927,1024,False,,0,effectively rejected
394,30,4,0,4,False,-108.666,-108.666,1024,129,895,1024,True,reject,0,effectively rejected
395,0,0,0,0,False,0.7313,0.0,1024,848,176,1024,True,accept,0,effectively accepted
395,1,1,1,0,True,-41.0419,-41.0419,848,257,767,1024,True,reject,0,effectively rejected
395,4,2,1,1,False,-7.0301,-7.0301,848,291,733,1024,True,reject,0,effectively rejected
395,2,1,0,1,False,-23.3112,-23.3112,1024,189,835,1024,False,,0,effectively rejected
395,6,2,0,2,False,-82.9134,-82.9134,1024,31,993,1024,False,,0,effectively rejected
395,14,3,0,3,False,-43.1992,-43.1992,1024,769,255,1024,False,,0,effectively rejected
395,30,4,0,4,False,-18.2946,-18.2946,1024,475,549,1024,False,,0,effectively rejected
395,62,5,0,5,False,-6.3982,-6.3982,1024,428,596,1024,False,,0,effectively rejected
396,0,0,0,0,False,-16.1835,-16.1835,1024,342,682,1024,True,reject,0,effectively rejected
396,2,1,0,1,False,-30.1803,-30.1803,1024,393,631,1024,True,reject,0,effectively rejected
396,5,2,1,1,True,-52.3522,-52.3522,393,114,910,1024,False,,0,effectively rejected
396,6,2,0,2,False,-41.8688,-41.8688,1024,166,858,1024,True,reject,0,effectively rejected
396,14,3,0,3,False,-30.9582,-30.9582,1024,459,565,1024,True,reject,0,effectively rejected
396,30,4,0,4,False,-41.015,-41.015,1024,487,537,1024,True,reject,0,effectively rejected
396,62,5,0,5,False,-30.9582,-30.9582,1024,459,565,1024,True,reject,0,effectively rejected
396,125,6,1,5,True,-131.106,-131.106,459,27,997,1024,False,,0,effectively rejected
396,126,6,0,6,False,-4.7509,-4.7509,1024,369,655,1024,True,reject,0,effectively rejected
397,0,0,0,0,False,-30.8832,-30.8832,1024,743,281,1024,True,reject,0,effectively rejected
397,2,1,0,1,False,-13.5239,-13.5239,1024,401,623,1024,True,reject,0,effectively rejected
397,6,2,0,2,False,-1.8658,-1.8658,1024,857,167,1024,True,reject,0,genuinely stochastic
397,13,3,1,2,True,-17.8384,-17.8384,857,703,321,1024,False,,0,effectively rejected
397,27,4,2,2,True,-22.3626,-22.3626,703,417,607,1024,False,,0,effectively rejected
397,56,5,2,3,False,-31.6864,-31.6864,703,520,504,1024,False,,0,effectively rejected
397,113,6,3,3,True,-20.3733,-20.3733,520,325,699,1024,False,,0,effectively rejected
397,227,7,4,3,True,-139.4759,-139.4759,325,41,983,1024,False,,0,effectively rejected
397,28,4,1,3,False,-0.7325,-0.7325,857,820,204,1024,False,,0,genuinely stochastic
397,57,5,2,3,True,-18.0364,-18.0364,820,547,477,1024,False,,0,effectively rejected
397,115,6,3,3,True,-2.9947,-2.9947,547,351,673,1024,False,,0,genuinely stochastic
397,14,3,0,3,False,-4.8032,-4.8032,1024,663,361,1024,True,reject,0,effectively rejected
397,29,4,1,3,True,-13.8123,-13.8123,663,215,809,1024,False,,0,effectively rejected
398,0,0,0,0,False,-37.1985,-37.1985,1024,716,308,1024,True,reject,0,effectively rejected
398,2,1,0,1,False,-1.5679,-1.5679,1024,688,336,1024,True,accept,0,genuinely stochastic
398,5,2,1,1,True,-2.6425,-2.6425,688,666,358,1024,True,reject,0,genuinely stochastic
398,12,3,1,2,False,-7.1213,-7.1213,688,422,602,1024,True,reject,0,effectively rejected
398,25,4,2,2,True,-13.8834,-13.8834,422,203,821,1024,False,,0,effectively rejected
398,52,5,2,3,False,-3.4087,-3.4087,422,207,817,1024,False,,0,genuinely stochastic
398,105,6,3,3,True,-148.6657,-148.6657,207,116,908,1024,False,,0,effectively rejected
398,26,4,1,3,False,-15.4465,-15.4465,688,320,704,1024,True,reject,0,effectively rejected
398,6,2,0,2,False,-33.386,-33.386,1024,385,639,1024,False,,0,effectively rejected
398,14,3,0,3,False,-28.3672,-28.3672,1024,406,618,1024,False,,0,effectively rejected
398,29,4,1,3,True,-70.215,-70.215,406,87,937,1024,False,,0,effectively rejected
398,30,4,0,4,False,-90.9756,-90.9756,1024,85,939,1024,False,,0,effectively rejected
399,0,0,0,0,False,-43.9721,-43.9721,1024,201,823,1024,True,reject,0,effectively rejected
399,2,1,0,1,False,1.4111,0.0,1024,583,441,1024,True,accept,0,effectively accepted
399,5,2,1,1,True,-2.9199,-2.9199,583,287,737,1024,True,reject,0,genuinely stochastic
399,11,3,2,1,True,-57.0969,-57.0969,287,98,926,1024,False,,0,effectively rejected
399,6,2,0,2,False,-4.3948,-4.3948,1024,779,245,1024,False,,0,genuinely stochastic
399,13,3,1,2,True,-13.7389,-13.7389,779,203,821,1024,False,,0,effectively rejected
399,28,4,1,3,False,-1.4548,-1.4548,779,228,796,1024,False,,0,genuinely stochastic
399,14,3,0,3,False,-1.5715,-1.5715,1024,440,584,1024,False,,0,genuinely stochastic
399,29,4,1,3,True,-67.1115,-67.1115,440,106,918,1024,False,,0,effectively rejected
399,30,4,0,4,False,-0.9288,-0.9288,1024,840,184,1024,False,,0,genuinely stochastic
399,62,5,0,5,False,-18.5663,-18.5663,1024,418,606,1024,False,,0,effectively rejected
400,0,0,0,0,False,-0.8068,-0.8068,1024,840,184,1024,True,accept,0,genuinely stochastic
400,1,1,1,0,True,-15.39,-15.39,840,563,461,1024,True,reject,0,effectively rejected
400,3,2,2,0,True,-34.04,-34.04,563,246,778,1024,False,,0,effectively rejected
400,8,3,2,1,False,-63.7245,-63.7245,563,13,1011,1024,False,,0,effectively rejected
400,4,2,1,1,False,-50.9496,-50.9496,840,19,1005,1024,True,reject,0,effectively rejected
400,10,3,1,2,False,-2.1176,-2.1176,840,437,587,1024,True,accept,0,genuinely stochastic
400,22,4,1,3,False,-7.9944,-7.9944,840,321,703,1024,False,,0,effectively rejected
400,2,1,0,1,False,-15.9333,-15.9333,1024,543,481,1024,False,,0,effectively rejected
400,6,2,0,2,False,-25.5618,-25.5618,1024,767,257,1024,False,,0,effectively rejected
400,14,3,0,3,False,-7.3524,-7.3524,1024,492,532,1024,False,,0,effectively rejected
401,0,0,0,0,False,-28.5258,-28.5258,1024,741,283,1024,True,reject,0,effectively rejected
401,2,1,0,1,False,-29.1015,-29.1015,1024,333,691,1024,True,reject,0,effectively rejected
401,6,2,0,2,False,-12.9043,-12.9043,1024,396,628,1024,True,reject,0,effectively rejected
401,13,3,1,2,True,-7.268,-7.268,396,51,973,1024,False,,0,effectively rejected
401,28,4,1,3,False,-102.3621,-102.3621,396,109,915,1024,False,,0,effectively rejected
401,58,5,1,4,False,-3.8254,-3.8254,396,382,642,1024,False,,0,genuinely stochastic
401,14,3,0,3,False,-28.6583,-28.6583,1024,461,563,1024,True,reject,0,effectively rejected
401,30,4,0,4,False,-11.937,-11.937,1024,705,319,1024,True,reject,0,effectively rejected
402,0,0,0,0,False,-11.8398,-11.8398,1024,210,814,1024,True,reject,0,effectively rejected
402,2,1,0,1,False,-1.2937,-1.2937,1024,213,811,1024,True,accept,0,genuinely stochastic
402,5,2,1,1,True,-106.0534,-106.0534,213,83,941,1024,True,reject,0,effectively rejected
402,6,2,0,2,False,-122.5884,-122.5884,1024,8,1016,1024,False,,0,effectively rejected
402,14,3,0,3,False,-14.5081,-14.5081,1024,245,779,1024,False,,0,effectively rejected
402,30,4,0,4,False,-16.4102,-16.4102,1024,479,545,1024,False,,0,effectively rejected
402,62,5,0,5,False,-45.4939,-45.4939,1024,400,624,1024,False,,0,effectively rejected
402,126,6,0,6,False,-16.554,-16.554,1024,233,791,1024,False,,0,effectively rejected
402,254,7,0,7,False,-1.0872,-1.0872,1024,724,300,1024,False,,0,genuinely stochastic
402,509,8,1,7,True,-28.6091,-28.6091,724,285,739,1024,False,,0,effectively rejected
403,0,0,0,0,False,-1.4827,-1.4827,1024,209,815,1024,True,reject,0,genuinely stochastic
403,2,1,0,1,False,-27.0482,-27.0482,1024,624,400,1024,True,reject,0,effectively rejected
403,5,2,1,1,True,-128.6487,-128.6487,624,130,894,1024,False,,0,effectively rejected
403,6,2,0,2,False,0.7217,0.0,1024,886,138,1024,True,accept,0,effectively accepted
403,13,3,1,2,True,-35.3308,-35.3308,886,606,418,1024,True,reject,0,effectively rejected
403,27,4,2,2,True,-15.309,-15.309,606,412,612,1024,False,,0,effectively rejected
403,56,5,2,3,False,0.719,0.0,606,385,639,1024,False,,0,effectively accepted
403,113,6,3,3,True,-15.4728,-15.4728,385,247,777,1024,False,,0,effectively rejected
403,227,7,4,3,True,-131.8874,-131.8874,247,39,985,1024,False,,0,effectively rejected
403,28,4,1,3,False,-52.3406,-52.3406,886,88,936,1024,True,reject,0,effectively rejected
403,14,3,0,3,False,0.0,0.0,1024,1011,13,1024,False,,0,effectively accepted
403,29,4,1,3,True,0.0605,0.0,1011,840,184,1024,False,,0,effectively accepted
403,59,5,2,3,True,-1.6957,-1.6957,840,384,640,1024,False,,0,genuinely stochastic
403,119,6,3,3,True,-12.2618,-12.2618,384,178,846,1024,False,,0,effectively rejected
403,30,4,0,4,False,6.3689,0.0,1024,184,840,1024,False,,0,effectively accepted
404,0,0,0,0,False,-42.6937,-42.6937,1024,203,821,1024,True,reject,0,effectively rejected
404,2,1,0,1,False,0.0204,0.0,1024,596,428,1024,True,accept,0,effectively accepted
404,5,2,1,1,True,0.9017,0.0,596,223,801,1024,True,accept,0,effectively accepted
404,6,2,0,2,False,-69.2982,-69.2982,1024,55,969,1024,False,,0,effectively rejected
405,0,0,0,0,False,0.0,0.0,1024,257,767,1024,True,accept,0,effectively accepted
405,2,1,0,1,False,0.001,0.0,1024,936,88,1024,False,,0,effectively accepted
405,5,2,1,1,True,-13.3437,-13.3437,936,618,406,1024,False,,0,effectively rejected
405,11,3,2,1,True,-8.5179,-8.5179,618,82,942,1024,False,,0,effectively rejected
405,12,3,1,2,False,-28.2231,-28.2231,936,794,230,1024,False,,0,effectively rejected
405,26,4,1,3,False,0.5865,0.0,936,895,129,1024,False,,0,effectively accepted
405,53,5,2,3,True,4.3136,0.0,895,135,889,1024,False,,0,effectively accepted
405,107,6,3,3,True,-41.6134,-41.6134,135,42,982,1024,False,,0,effectively rejected
405,54,5,1,4,False,0.5335,0.0,936,833,191,1024,False,,0,effectively accepted
405,6,2,0,2,False,0.0,0.0,1024,1003,21,1024,False,,0,effectively accepted
405,13,3,1,2,True,-2.1699,-2.1699,1003,76,948,1024,False,,0,genuinely stochastic
405,28,4,1,3,False,-9.7745,-9.7745,1003,407,617,1024,False,,0,effectively rejected
405,14,3,0,3,False,-37.5045,-37.5045,1024,550,474,1024,False,,0,effectively rejected
405,29,4,1,3,True,-23.3036,-23.3036,550,329,695,1024,False,,0,effectively rejected
405,59,5,2,3,True,-27.0346,-27.0346,329,186,838,1024,False,,0,effectively rejected
405,119,6,3,3,True,2.0368,0.0,186,60,964,1024,False,,0,effectively accepted
405,30,4,0,4,False,18.6516,0.0,1024,122,902,1024,False,,0,effectively accepted
406,0,0,0,0,False,13.6987,0.0,1024,346,678,1024,True,accept,0,effectively accepted
406,2,1,0,1,False,-28.5192,-28.5192,1024,747,277,1024,False,,0,effectively rejected
406,6,2,0,2,False,0.0,0.0,1024,1017,7,1024,False,,0,effectively accepted
406,13,3,1,2,True,0.6624,0.0,1017,777,247,1024,False,,0,effectively accepted
406,28,4,1,3,False,-13.4405,-13.4405,1017,655,369,1024,False,,0,effectively rejected
406,58,5,1,4,False,-33.115,-33.115,1017,59,965,1024,False,,0,effectively rejected
406,14,3,0,3,False,0.0011,0.0,1024,940,84,1024,False,,0,effectively accepted
406,29,4,1,3,True,-37.6535,-37.6535,940,28,996,1024,False,,0,effectively rejected
406,60,5,1,4,False,13.6043,0.0,940,350,674,1024,False,,0,effectively accepted
406,30,4,0,4,False,-11.0874,-11.0874,1024,512,512,1024,False,,0,effectively rejected
407,0,0,0,0,False,-41.7969,-41.7969,1024,157,867,1024,True,reject,0,effectively rejected
407,2,1,0,1,False,1.7574,0.0,1024,778,246,1024,True,accept,0,effectively accepted
407,5,2,1,1,True,5.5359,0.0,778,9,1015,1024,True,accept,0,effectively accepted
407,6,2,0,2,False,-33.4163,-33.4163,1024,452,572,1024,False,,0,effectively rejected
407,14,3,0,3,False,0.001,0.0,1024,951,73,1024,False,,0,effectively accepted
407,29,4,1,3,True,-55.9933,-55.9933,951,58,966,1024,False,,0,effectively rejected
407,60,5,1,4,False,-24.4973,-24.4973,951,61,963,1024,False,,0,effectively rejected
407,122,6,1,5,False,-0.7024,-0.7024,951,602,422,1024,False,,0,genuinely stochastic
407,30,4,0,4,False,-17.5253,-17.5253,1024,368,656,1024,False,,0,effectively rejected
407,62,5,0,5,False,-0.1346,-0.1346,1024,873,151,1024,False,,0,genuinely stochastic
407,125,6,1,5,True,1.748,0.0,873,865,159,1024,False,,0,effectively accepted
407,251,7,2,5,True,1.1293,0.0,865,143,881,1024,False,,0,effectively accepted
408,0,0,0,0,False,0.8304,0.0,1024,563,461,1024,True,accept,0,effectively accepted
408,1,1,1,0,True,-28.0028,-28.0028,563,291,733,1024,True,reject,0,effectively rejected
408,3,2,2,0,True,-51.6019,-51.6019,291,217,807,1024,False,,0,effectively rejected
408,4,2,1,1,False,1.5573,0.0,563,285,739,1024,True,accept,0,effectively accepted
408,10,3,1,2,False,-18.1386,-18.1386,563,459,565,1024,False,,0,effectively rejected
408,2,1,0,1,False,-47.1335,-47.1335,1024,269,755,1024,False,,0,effectively rejected
408,5,2,1,1,True,-32.6257,-32.6257,269,212,812,1024,False,,0,effectively rejected
408,12,3,1,2,False,-2.6835,-2.6835,269,164,860,1024,False,,0,genuinely stochastic
408,25,4,2,2,True,2.7249,0.0,164,150,874,1024,False,,0,effectively accepted
408,26,4,1,3,False,-47.1335,-47.1335,269,269,755,1024,False,,0,effectively rejected
408,6,2,0,2,False,-29.3109,-29.3109,1024,96,928,1024,False,,0,effectively rejected
408,14,3,0,3,False,-0.0659,-0.0659,1024,611,413,1024,False,,0,genuinely stochastic
408,29,4,1,3,True,-26.7505,-26.7505,611,54,970,1024,False,,0,effectively rejected
408,30,4,0,4,False,14.9563,0.0,1024,473,551,1024,False,,0,effectively accepted
409,0,0,0,0,False,-0.0,0.0,1024,860,164,1024,True,accept,0,effectively accepted
409,1,1,1,0,True,-49.1414,-49.1414,860,601,423,1024,True,reject,0,effectively rejected
409,3,2,2,0,True,-26.8107,-26.8107,601,443,581,1024,False,,0,effectively rejected
409,7,3,3,0,True,-2.9801,-2.9801,443,266,758,1024,False,,0,genuinely stochastic
409,15,4,4,0,True,-52.7849,-52.7849,266,100,924,1024,False,,0,effectively rejected
409,4,2,1,1,False,-0.0,0.0,860,786,238,1024,True,accept,0,effectively accepted
409,2,1,0,1,False,-51.3186,-51.3186,1024,569,455,1024,False,,0,effectively rejected
409,6,2,0,2,False,-1.585,-1.585,1024,320,704,1024,False,,0,genuinely stochastic
409,13,3,1,2,True,-44.3975,-44.3975,320,175,849,1024,False,,0,effectively rejected
409,27,4,2,2,True,-12.4317,-12.4317,175,138,886,1024,False,,0,effectively rejected
409,14,3,0,3,False,-27.8907,-27.8907,1024,475,549,1024,False,,0,effectively rejected
410,0,0,0,0,False,-0.5586,-0.5586,1024,785,239,1024,True,reject,0,genuinely stochastic
410,2,1,0,1,False,0.0,0.0,1024,878,146,1024,True,accept,0,effectively accepted
410,5,2,1,1,True,0.0,0.0,878,813,211,1024,True,accept,0,effectively accepted
410,11,3,2,1,True,-6.206,-6.206,813,696,328,1024,True,reject,0,effectively rejected
410,24,4,2,2,False,-1.2602,-1.2602,813,737,287,1024,True,reject,0,genuinely stochastic
410,49,5,3,2,True,5.3462,0.0,737,98,926,1024,False,,0,effectively accepted
410,50,5,2,3,False,-3.5863,-3.5863,813,657,367,1024,True,reject,0,genuinely stochastic
410,6,2,0,2,False,0.0,0.0,1024,968,56,1024,False,,0,effectively accepted
410,13,3,1,2,True,-52.036,-52.036,968,634,390,1024,False,,0,effectively rejected
410,14,3,0,3,False,0.0,0.0,1024,962,62,1024,False,,0,effectively accepted
411,0,0,0,0,False,-78.016,-78.016,1024,565,459,1024,True,reject,0,effectively rejected
411,1,1,1,0,True,-24.4883,-24.4883,565,345,679,1024,False,,0,effectively rejected
411,4,2,1,1,False,-8.8269,-8.8269,565,61,963,1024,False,,0,effectively rejected
411,2,1,0,1,False,-71.7094,-71.7094,1024,462,562,1024,True,reject,0,effectively rejected
411,5,2,1,1,True,-27.5018,-27.5018,462,410,614,1024,False,,0,effectively rejected
411,6,2,0,2,False,-39.7828,-39.7828,1024,181,843,1024,True,reject,0,effectively rejected
411,13,3,1,2,True,-39.7828,-39.7828,181,181,843,1024,False,,0,effectively rejected
411,14,3,0,3,False,-26.4225,-26.4225,1024,192,832,1024,True,reject,0,effectively rejected
411,30,4,0,4,False,-0.0,0.0,1024,838,186,1024,True,accept,0,effectively accepted
412,0,0,0,0,False,-16.5111,-16.5111,1024,340,684,1024,True,reject,0,effectively rejected
412,1,1,1,0,True,-18.0642,-18.0642,340,231,793,1024,False,,0,effectively rejected
412,2,1,0,1,False,-48.865,-48.865,1024,276,748,1024,True,reject,0,effectively rejected
412,6,2,0,2,False,-49.9465,-49.9465,1024,529,495,1024,True,reject,0,effectively rejected
412,13,3,1,2,True,-18.0465,-18.0465,529,517,507,1024,False,,0,effectively rejected
412,27,4,2,2,True,0.6591,0.0,517,471,553,1024,False,,0,effectively accepted
412,55,5,3,2,True,-53.0635,-53.0635,471,280,744,1024,False,,0,effectively rejected
412,111,6,4,2,True,-36.9085,-36.9085,280,125,899,1024,False,,0,effectively rejected
412,112,6,3,3,False,-30.3675,-30.3675,471,95,929,1024,False,,0,effectively rejected
412,226,7,3,4,False,0.6591,0.0,471,471,553,1024,False,,0,effectively accepted
412,56,5,2,3,False,-47.0222,-47.0222,517,152,872,1024,False,,0,effectively rejected
412,114,6,2,4,False,-33.0909,-33.0909,517,395,629,1024,False,,0,effectively rejected
412,229,7,3,4,True,-22.7216,-22.7216,395,335,689,1024,False,,0,effectively rejected
412,14,3,0,3,False,-0.0942,-0.0942,1024,758,266,1024,True,reject,0,genuinely stochastic
412,30,4,0,4,False,-0.0942,-0.0942,1024,780,244,1024,True,accept,0,genuinely stochastic
412,61,5,1,4,True,-32.1533,-32.1533,780,0,1024,1024,True,reject,0,effectively rejected
413,0,0,0,0,False,-19.5758,-19.5758,1024,425,599,1024,True,reject,0,effectively rejected
413,2,1,0,1,False,-0.0,0.0,1024,848,176,1024,True,accept,0,effectively accepted
413,5,2,1,1,True,-49.1879,-49.1879,848,563,461,1024,True,reject,0,effectively rejected
413,11,3,2,1,True,-55.2026,-55.2026,563,41,983,1024,False,,0,effectively rejected
413,24,4,2,2,False,-47.4148,-47.4148,563,527,497,1024,False,,0,effectively rejected
413,50,5,2,3,False,-1.8385,-1.8385,563,28,996,1024,False,,0,genuinely stochastic
413,102,6,2,4,False,0.2928,0.0,563,91,933,1024,False,,0,effectively accepted
413,12,3,1,2,False,-40.7152,-40.7152,848,172,852,1024,True,reject,0,effectively rejected
413,25,4,2,2,True,-41.6886,-41.6886,172,61,963,1024,False,,0,effectively rejected
413,26,4,1,3,False,-0.0,0.0,848,802,222,1024,True,accept,0,effectively accepted
413,53,5,2,3,True,-12.9516,-12.9516,802,82,942,1024,True,reject,0,effectively rejected
413,54,5,1,4,False,-50.6813,-50.6813,848,93,931,1024,False,,0,effectively rejected
413,6,2,0,2,False,-23.7085,-23.7085,1024,226,798,1024,False,,0,effectively rejected
413,14,3,0,3,False,-18.6727,-18.6727,1024,418,606,1024,False,,0,effectively rejected
413,29,4,1,3,True,2.6978,0.0,418,346,678,1024,False,,0,effectively accepted
413,30,4,0,4,False,-5.9146,-5.9146,1024,714,310,1024,False,,0,effectively rejected
414,0,0,0,0,False,0.0,0.0,1024,895,129,1024,True,accept,0,effectively accepted
414,1,1,1,0,True,-1.3303,-1.3303,895,62,962,1024,True,reject,0,genuinely stochastic
414,2,1,0,1,False,-48.228,-48.228,1024,27,997,1024,False,,0,effectively rejected
414,6,2,0,2,False,-28.5975,-28.5975,1024,430,594,1024,False,,0,effectively rejected
414,14,3,0,3,False,-45.9001,-45.9001,1024,501,523,1024,False,,0,effectively rejected
414,29,4,1,3,True,-10.5124,-10.5124,501,90,934,1024,False,,0,effectively rejected
414,59,5,2,3,True,-37.3262,-37.3262,90,45,979,1024,False,,0,effectively rejected
414,60,5,1,4,False,-27.447,-27.447,501,357,667,1024,False,,0,effectively rejected
414,30,4,0,4,False,-20.3375,-20.3375,1024,318,706,1024,False,,0,effectively rejected
414,61,5,1,4,True,-1.1714,-1.1714,318,70,954,1024,False,,0,genuinely stochastic
414,62,5,0,5,False,0.0,0.0,1024,1006,18,1024,False,,0,effectively accepted
415,0,0,0,0,False,-46.0714,-46.0714,1024,629,395,1024,True,reject,0,effectively rejected
415,1,1,1,0,True,0.0781,0.0,629,183,841,1024,False,,0,effectively accepted
415,4,2,1,1,False,-23.4483,-23.4483,629,210,814,1024,False,,0,effectively rejected
415,10,3,1,2,False,-3.2559,-3.2559,629,55,969,1024,False,,0,genuinely stochastic
415,22,4,1,3,False,-2.518,-2.518,629,170,854,1024,False,,0,genuinely stochastic
415,2,1,0,1,False,-47.4089,-47.4089,1024,438,586,1024,True,reject,0,effectively rejected
415,6,2,0,2,False,-18.7443,-18.7443,1024,651,373,1024,True,reject,0,effectively rejected
415,14,3,0,3,False,-25.5126,-25.5126,1024,396,628,1024,True,reject,0,effectively rejected
415,29,4,1,3,True,-45.5322,-45.5322,396,211,813,1024,False,,0,effectively rejected
415,60,5,1,4,False,-5.6287,-5.6287,396,390,634,1024,False,,0,effectively rejected
415,30,4,0,4,False,-2.9905,-2.9905,1024,439,585,1024,True,reject,0,genuinely stochastic
415,61,5,1,4,True,-53.0092,-53.0092,439,104,920,1024,False,,0,effectively rejected
415,62,5,0,5,False,-0.0,0.0,1024,798,226,1024,True,accept,0,effectively accepted
416,0,0,0,0,False,-19.2524,-19.2524,1024,64,960,1024,True,reject,0,effectively rejected
416,2,1,0,1,False,0.4161,0.0,1024,658,366,1024,True,accept,0,effectively accepted
416,5,2,1,1,True,-48.9785,-48.9785,658,640,384,1024,True,reject,0,effectively rejected
416,11,3,2,1,True,-51.0861,-51.0861,640,607,417,1024,False,,0,effectively rejected
416,12,3,1,2,False,-38.5695,-38.5695,658,604,420,1024,True,reject,0,effectively rejected
416,25,4,2,2,True,-20.2467,-20.2467,604,498,526,1024,False,,0,effectively rejected
416,26,4,1,3,False,-24.019,-24.019,658,290,734,1024,True,reject,0,effectively rejected
416,53,5,2,3,True,-24.5601,-24.5601,290,260,764,1024,False,,0,effectively rejected
416,54,5,1,4,False,-27.2434,-27.2434,658,304,720,1024,True,reject,0,effectively rejected
416,6,2,0,2,False,-25.6685,-25.6685,1024,310,714,1024,False,,0,effectively rejected
416,14,3,0,3,False,0.0,0.0,1024,1009,15,1024,False,,0,effectively accepted
416,29,4,1,3,True,-0.0,0.0,1009,809,215,1024,False,,0,effectively accepted
416,60,5,1,4,False,-1.369,-1.369,1009,711,313,1024,False,,0,genuinely stochastic
416,30,4,0,4,False,-35.7805,-35.7805,1024,76,948,1024,False,,0,effectively rejected
417,0,0,0,0,False,-54.6203,-54.6203,1024,220,804,1024,True,reject,0,effectively rejected
417,2,1,0,1,False,-13.0533,-13.0533,1024,46,978,1024,True,reject,0,effectively rejected
417,5,2,1,1,True,-41.097,-41.097,46,19,1005,1024,False,,0,effectively rejected
417,6,2,0,2,False,-55.0982,-55.0982,1024,313,711,1024,True,reject,0,effectively rejected
417,14,3,0,3,False,-48.1748,-48.1748,1024,311,713,1024,True,reject,0,effectively rejected
417,30,4,0,4,False,-0.0342,-0.0342,1024,943,81,1024,True,accept,0,genuinely stochastic
417,61,5,1,4,True,-0.5941,-0.5941,943,891,133,1024,True,reject,0,genuinely stochastic
417,124,6,1,5,False,-53.9837,-53.9837,943,376,648,1024,True,reject,0,effectively rejected
417,62,5,0,5,False,-2.6397,-2.6397,1024,450,574,1024,False,,0,genuinely stochastic
417,126,6,0,6,False,-44.9027,-44.9027,1024,413,611,1024,False,,0,effectively rejected
418,0,0,0,0,False,0.0883,0.0,1024,989,35,1024,True,accept,0,effectively accepted
418,2,1,0,1,False,-36.7223,-36.7223,1024,45,979,1024,False,,0,effectively rejected
418,6,2,0,2,False,-3.1112,-3.1112,1024,745,279,1024,False,,0,genuinely stochastic
418,13,3,1,2,True,-0.5555,-0.5555,745,320,704,1024,False,,0,genuinely stochastic
418,28,4,1,3,False,-50.9794,-50.9794,745,652,372,1024,False,,0,effectively rejected
418,14,3,0,3,False,-3.127,-3.127,1024,865,159,1024,False,,0,genuinely stochastic
418,29,4,1,3,True,-25.5537,-25.5537,865,134,890,1024,False,,0,effectively rejected
419,0,0,0,0,False,-44.7602,-44.7602,1024,633,391,1024,True,reject,0,effectively rejected
419,1,1,1,0,True,-49.8432,-49.8432,633,422,602,1024,False,,0,effectively rejected
419,2,1,0,1,False,-54.8911,-54.8911,1024,92,932,1024,True,reject,0,effectively rejected
419,6,2,0,2,False,-15.8589,-15.8589,1024,331,693,1024,True,reject,0,effectively rejected
419,14,3,0,3,False,-19.5172,-19.5172,1024,305,719,1024,True,reject,0,effectively rejected
419,29,4,1,3,True,-0.28,-0.28,305,120,904,1024,False,,0,genuinely stochastic
419,30,4,0,4,False,-4.7077,-4.7077,1024,719,305,1024,True,reject,0,effectively rejected
419,61,5,1,4,True,-59.766,-59.766,719,32,992,1024,False,,0,effectively rejected
419,62,5,0,5,False,-18.6369,-18.6369,1024,274,750,1024,True,reject,0,effectively rejected
420,0,0,0,0,False,-49.6716,-49.6716,1024,301,723,1024,True,reject,0,effectively rejected
420,2,1,0,1,False,-39.7875,-39.7875,1024,264,760,1024,True,reject,0,effectively rejected
420,6,2,0,2,False,-4.9397,-4.9397,1024,747,277,1024,True,reject,0,effectively rejected
420,14,3,0,3,False,-21.1982,-21.1982,1024,162,862,1024,True,reject,0,effectively rejected
420,30,4,0,4,False,-25.195,-25.195,1024,417,607,1024,True,reject,0,effectively rejected
420,61,5,1,4,True,-10.8431,-10.8431,417,59,965,1024,False,,0,effectively rejected
420,62,5,0,5,False,-32.9662,-32.9662,1024,315,709,1024,True,reject,0,effectively rejected
421,0,0,0,0,False,-3.9357,-3.9357,1024,921,103,1024,True,reject,0,genuinely stochastic
421,2,1,0,1,False,-27.9492,-27.9492,1024,494,530,1024,True,reject,0,effectively rejected
421,5,2,1,1,True,-49.9297,-49.9297,494,333,691,1024,False,,0,effectively rejected
421,6,2,0,2,False,-45.8332,-45.8332,1024,411,613,1024,True,reject,0,effectively rejected
421,14,3,0,3,False,0.4707,0.0,1024,785,239,1024,True,accept,0,effectively accepted
421,29,4,1,3,True,-13.8305,-13.8305,785,184,840,1024,True,reject,0,effectively rejected
421,59,5,2,3,True,-49.9615,-49.9615,184,180,844,1024,False,,0,effectively rejected
421,30,4,0,4,False,0.4548,0.0,1024,687,337,1024,False,,0,effectively accepted
422,0,0,0,0,False,-5.322,-5.322,1024,797,227,1024,True,reject,0,effectively rejected
422,1,1,1,0,True,1.3672,0.0,797,167,857,1024,False,,0,effectively accepted
422,4,2,1,1,False,-11.7478,-11.7478,797,490,534,1024,False,,0,effectively rejected
422,2,1,0,1,False,-70.1929,-70.1929,1024,57,967,1024,True,reject,0,effectively rejected
422,6,2,0,2,False,4.0718,0.0,1024,426,598,1024,True,accept,0,effectively accepted
422,14,3,0,3,False,-3.065,-3.065,1024,1000,24,1024,False,,0,genuinely stochastic
422,29,4,1,3,True,-95.6149,-95.6149,1000,387,637,1024,False,,0,effectively rejected
422,59,5,2,3,True,-51.525,-51.525,387,250,774,1024,False,,0,effectively rejected
422,60,5,1,4,False,-0.5596,-0.5596,1000,829,195,1024,False,,0,genuinely stochastic
422,30,4,0,4,False,-58.5689,-58.5689,1024,322,702,1024,False,,0,effectively rejected
423,0,0,0,0,False,-1.5455,-1.5455,1024,372,652,1024,True,reject,0,genuinely stochastic
423,2,1,0,1,False,-1.5196,-1.5196,1024,723,301,1024,True,reject,0,genuinely stochastic
423,6,2,0,2,False,0.0,0.0,1024,957,67,1024,True,accept,0,effectively accepted
423,13,3,1,2,True,-40.2139,-40.2139,957,430,594,1024,True,reject,0,effectively rejected
423,28,4,1,3,False,-30.8944,-30.8944,957,397,627,1024,True,reject,0,effectively rejected
423,58,5,1,4,False,-1.5735,-1.5735,957,746,278,1024,True,reject,0,genuinely stochastic
423,117,6,2,4,True,1.0685,0.0,746,641,383,1024,False,,0,effectively accepted
423,235,7,3,4,True,0.9886,0.0,641,599,425,1024,False,,0,effectively accepted
423,471,8,4,4,True,-39.323,-39.323,599,37,987,1024,False,,0,effectively rejected
423,14,3,0,3,False,-44.3134,-44.3134,1024,131,893,1024,False,,0,effectively rejected
423,30,4,0,4,False,-0.1974,-0.1974,1024,815,209,1024,False,,0,genuinely stochastic
423,61,5,1,4,True,-58.1115,-58.1115,815,253,771,1024,False,,0,effectively rejected
423,62,5,0,5,False,-9.7523,-9.7523,1024,457,567,1024,False,,0,effectively rejected
424,0,0,0,0,False,-25.5987,-25.5987,1024,292,732,1024,True,reject,0,effectively rejected
424,1,1,1,0,True,-49.3792,-49.3792,292,78,946,1024,False,,0,effectively rejected
424,2,1,0,1,False,-1.5475,-1.5475,1024,742,282,1024,True,accept,0,genuinely stochastic
424,6,2,0,2,False,-24.0396,-24.0396,1024,329,695,1024,False,,0,effectively rejected
424,13,3,1,2,True,-29.3115,-29.3115,329,115,909,1024,False,,0,effectively rejected
424,14,3,0,3,False,-6.4928,-6.4928,1024,336,688,1024,False,,0,effectively rejected
424,29,4,1,3,True,-54.3527,-54.3527,336,287,737,1024,False,,0,effectively rejected
424,59,5,2,3,True,-6.7958,-6.7958,287,148,876,1024,False,,0,effectively rejected
424,30,4,0,4,False,0.9644,0.0,1024,761,263,1024,False,,0,effectively accepted
424,62,5,0,5,False,-29.7132,-29.7132,1024,180,844,1024,False,,0,effectively rejected
424,125,6,1,5,True,2.2061,0.0,180,177,847,1024,False,,0,effectively accepted
425,0,0,0,0,False,-56.7559,-56.7559,1024,253,771,1024,True,reject,0,effectively rejected
425,2,1,0,1,False,0.0,0.0,1024,902,122,1024,True,accept,0,effectively accepted
425,5,2,1,1,True,-3.4797,-3.4797,902,225,799,1024,True,reject,0,genuinely stochastic
425,11,3,2,1,True,-2.4969,-2.4969,225,169,855,1024,False,,0,genuinely stochastic
425,6,2,0,2,False,-1.3514,-1.3514,1024,681,343,1024,False,,0,genuinely stochastic
425,13,3,1,2,True,-85.1817,-85.1817,681,159,865,1024,False,,0,effectively rejected
425,14,3,0,3,False,3.1836,0.0,1024,781,243,1024,False,,0,effectively accepted
425,30,4,0,4,False,-24.8226,-24.8226,1024,236,788,1024,False,,0,effectively rejected
425,62,5,0,5,False,-31.8628,-31.8628,1024,398,626,1024,False,,0,effectively rejected
426,0,0,0,0,False,-4.1509,-4.1509,1024,142,882,1024,True,reject,0,genuinely stochastic
426,2,1,0,1,False,-71.8044,-71.8044,1024,184,840,1024,True,reject,0,effectively rejected
426,6,2,0,2,False,-42.0197,-42.0197,1024,366,658,1024,True,reject,0,effectively rejected
426,14,3,0,3,False,-22.538,-22.538,1024,65,959,1024,True,reject,0,effectively rejected
426,30,4,0,4,False,-46.9975,-46.9975,1024,173,851,1024,True,reject,0,effectively rejected
426,61,5,1,4,True,-1.5336,-1.5336,173,35,989,1024,False,,0,genuinely stochastic
426,62,5,0,5,False,2.4006,0.0,1024,604,420,1024,True,accept,0,effectively accepted
426,125,6,1,5,True,-10.6117,-10.6117,604,100,924,1024,True,reject,0,effectively rejected
426,252,7,1,6,False,-30.4198,-30.4198,604,399,625,1024,True,reject,0,effectively rejected
426,506,8,1,7,False,-1.0884,-1.0884,604,202,822,1024,True,accept,0,genuinely stochastic
426,126,6,0,6,False,-32.8814,-32.8814,1024,118,906,1024,False,,0,effectively rejected
426,254,7,0,7,False,2.5632,0.0,1024,686,338,1024,False,,0,effectively accepted
427,0,0,0,0,False,1.0695,0.0,1024,547,477,1024,True,accept,0,effectively accepted
427,1,1,1,0,True,-5.4609,-5.4609,547,443,581,1024,True,reject,0,effectively rejected
427,3,2,2,0,True,-23.8485,-23.8485,443,208,816,1024,False,,0,effectively rejected
427,7,3,3,0,True,-40.2095,-40.2095,208,13,1011,1024,False,,0,effectively rejected
427,4,2,1,1,False,0.1943,0.0,547,84,940,1024,True,accept,0,effectively accepted
427,10,3,1,2,False,-22.8815,-22.8815,547,307,717,1024,False,,0,effectively rejected
427,2,1,0,1,False,-28.789,-28.789,1024,201,823,1024,False,,0,effectively rejected
427,6,2,0,2,False,-29.9194,-29.9194,1024,168,856,1024,False,,0,effectively rejected
427,14,3,0,3,False,-1.4046,-1.4046,1024,917,107,1024,False,,0,genuinely stochastic
428,0,0,0,0,False,-23.6922,-23.6922,1024,213,811,1024,True,reject,0,effectively rejected
429,0,0,0,0,False,7.5126,0.0,1024,429,595,1024,True,accept,0,effectively accepted
429,1,1,1,0,True,-49.9676,-49.9676,429,404,620,1024,True,reject,0,effectively rejected
429,4,2,1,1,False,-48.7767,-48.7767,429,27,997,1024,True,reject,0,effectively rejected
429,10,3,1,2,False,-52.8066,-52.8066,429,306,718,1024,True,reject,0,effectively rejected
429,21,4,2,2,True,-7.0364,-7.0364,306,209,815,1024,False,,0,effectively rejected
429,22,4,1,3,False,-21.5065,-21.5065,429,398,626,1024,True,reject,0,effectively rejected
429,2,1,0,1,False,34.0472,0.0,1024,71,953,1024,False,,0,effectively accepted
429,6,2,0,2,False,-0.0003,-0.0003,1024,875,149,1024,False,,0,effectively accepted
429,13,3,1,2,True,45.1599,0.0,875,76,948,1024,False,,0,effectively accepted
429,28,4,1,3,False,6.1776,0.0,875,455,569,1024,False,,0,effectively accepted
429,57,5,2,3,True,18.2806,0.0,455,400,624,1024,False,,0,effectively accepted
429,14,3,0,3,False,-55.2159,-55.2159,1024,442,582,1024,False,,0,effectively rejected
429,29,4,1,3,True,15.7322,0.0,442,227,797,1024,False,,0,effectively accepted
430,0,0,0,0,False,-18.0593,-18.0593,1024,256,768,1024,True,reject,0,effectively rejected
430,2,1,0,1,False,-2.1815,-2.1815,1024,634,390,1024,True,reject,0,genuinely stochastic
430,5,2,1,1,True,42.4065,0.0,634,98,926,1024,False,,0,effectively accepted
430,6,2,0,2,False,-4.6691,-4.6691,1024,96,928,1024,True,reject,0,effectively rejected
430,14,3,0,3,False,-1.6587,-1.6587,1024,874,150,1024,True,reject,0,genuinely stochastic
430,29,4,1,3,True,8.5452,0.0,874,380,644,1024,False,,0,effectively accepted
430,60,5,1,4,False,-1.5843,-1.5843,874,646,378,1024,False,,0,genuinely stochastic
430,121,6,2,4,True,-98.6184,-98.6184,646,23,1001,1024,False,,0,effectively rejected
430,122,6,1,5,False,-1.9738,-1.9738,874,867,157,1024,False,,0,genuinely stochastic
430,245,7,2,5,True,-63.9528,-63.9528,867,275,749,1024,False,,0,effectively rejected
430,30,4,0,4,False,6.4605,0.0,1024,208,816,1024,True,accept,0,effectively accepted
430,62,5,0,5,False,-0.5537,-0.5537,1024,567,457,1024,False,,0,genuinely stochastic
430,126,6,0,6,False,-5.4972,-5.4972,1024,531,493,1024,False,,0,effectively rejected
431,0,0,0,0,False,1.0332,0.0,1024,781,243,1024,True,accept,0,effectively accepted
431,2,1,0,1,False,-64.7665,-64.7665,1024,277,747,1024,False,,0,effectively rejected
431,6,2,0,2,False,3.9847,0.0,1024,763,261,1024,False,,0,effectively accepted
431,13,3,1,2,True,29.8747,0.0,763,188,836,1024,False,,0,effectively accepted
431,28,4,1,3,False,-12.0674,-12.0674,763,414,610,1024,False,,0,effectively rejected
431,57,5,2,3,True,-53.3952,-53.3952,414,35,989,1024,False,,0,effectively rejected
431,14,3,0,3,False,-10.9296,-10.9296,1024,22,1002,1024,False,,0,effectively rejected
431,30,4,0,4,False,-65.2314,-65.2314,1024,194,830,1024,False,,0,effectively rejected
432,0,0,0,0,False,1.2643,0.0,1024,867,157,1024,True,accept,0,effectively accepted
432,1,1,1,0,True,1.6466,0.0,867,755,269,1024,True,accept,0,effectively accepted
432,2,1,0,1,False,-68.1273,-68.1273,1024,442,582,1024,False,,0,effectively rejected
432,6,2,0,2,False,3.089,0.0,1024,627,397,1024,False,,0,effectively accepted
432,13,3,1,2,True,11.1003,0.0,627,300,724,1024,False,,0,effectively accepted
432,27,4,2,2,True,-18.5132,-18.5132,300,292,732,1024,False,,0,effectively rejected
433,0,0,0,0,False,0.0445,0.0,1024,760,264,1024,True,accept,0,effectively accepted
433,1,1,1,0,True,19.5746,0.0,760,132,892,1024,True,accept,0,effectively accepted
433,4,2,1,1,False,-12.9696,-12.9696,760,305,719,1024,False,,0,effectively rejected
433,10,3,1,2,False,3.1227,0.0,760,667,357,1024,False,,0,effectively accepted
433,21,4,2,2,True,-33.8493,-33.8493,667,475,549,1024,False,,0,effectively rejected
433,22,4,1,3,False,-61.0836,-61.0836,760,57,967,1024,False,,0,effectively rejected
433,2,1,0,1,False,-0.0036,-0.0036,1024,982,42,1024,False,,0,effectively accepted
433,5,2,1,1,True,-2.1232,-2.1232,982,781,243,1024,False,,0,genuinely stochastic
433,11,3,2,1,True,-2.5529,-2.5529,781,652,372,1024,False,,0,genuinely stochastic
433,23,4,3,1,True,-9.2212,-9.2212,652,223,801,1024,False,,0,effectively rejected
433,24,4,2,2,False,-16.5402,-16.5402,781,453,571,1024,False,,0,effectively rejected
433,50,5,2,3,False,-10.2585,-10.2585,781,446,578,1024,False,,0,effectively rejected
433,12,3,1,2,False,2.0348,0.0,982,629,395,1024,False,,0,effectively accepted
433,26,4,1,3,False,3.4855,0.0,982,597,427,1024,False,,0,effectively accepted
433,6,2,0,2,False,-1.1185,-1.1185,1024,833,191,1024,False,,0,genuinely stochastic
433,13,3,1,2,True,-15.835,-15.835,833,83,941,1024,False,,0,effectively rejected
433,14,3,0,3,False,-2.2714,-2.2714,1024,947,77,1024,False,,0,genuinely stochastic
434,0,0,0,0,False,-0.1268,-0.1268,1024,697,327,1024,True,accept,0,genuinely stochastic
434,2,1,0,1,False,-37.6572,-37.6572,1024,84,940,1024,False,,0,effectively rejected
434,6,2,0,2,False,-72.5477,-72.5477,1024,526,498,1024,False,,0,effectively rejected
434,14,3,0,3,False,2.4653,0.0,1024,772,252,1024,False,,0,effectively accepted
434,30,4,0,4,False,0.1155,0.0,1024,843,181,1024,False,,0,effectively accepted
434,62,5,0,5,False,-60.0811,-60.0811,1024,196,828,1024,False,,0,effectively rejected
435,0,0,0,0,False,0.5123,0.0,1024,401,623,1024,True,accept,0,effectively accepted
435,2,1,0,1,False,2.4226,0.0,1024,162,862,1024,False,,0,effectively accepted
435,6,2,0,2,False,1.0277,0.0,1024,318,706,1024,False,,0,effectively accepted
435,14,3,0,3,False,32.8861,0.0,1024,157,867,1024,False,,0,effectively accepted
435,30,4,0,4,False,0.1325,0.0,1024,839,185,1024,False,,0,effectively accepted
435,61,5,1,4,True,0.3592,0.0,839,768,256,1024,False,,0,effectively accepted
435,123,6,2,4,True,-2.0554,-2.0554,768,413,611,1024,False,,0,genuinely stochastic
435,247,7,3,4,True,-69.2576,-69.2576,413,381,643,1024,False,,0,effectively rejected
435,62,5,0,5,False,-2.0512,-2.0512,1024,702,322,1024,False,,0,genuinely stochastic
436,0,0,0,0,False,-1.8133,-1.8133,1024,247,777,1024,True,reject,0,genuinely stochastic
436,1,1,1,0,True,-153.8387,-153.8387,247,237,787,1024,False,,0,effectively rejected
436,2,1,0,1,False,7.7948,0.0,1024,132,892,1024,True,accept,0,effectively accepted
436,6,2,0,2,False,2.6139,0.0,1024,787,237,1024,False,,0,effectively accepted
436,14,3,0,3,False,-0.0939,-0.0939,1024,733,291,1024,False,,0,genuinely stochastic
436,29,4,1,3,True,0.1634,0.0,733,627,397,1024,False,,0,effectively accepted
436,60,5,1,4,False,-72.8658,-72.8658,733,260,764,1024,False,,0,effectively rejected
436,122,6,1,5,False,0.2765,0.0,733,480,544,1024,False,,0,effectively accepted
436,30,4,0,4,False,-11.3972,-11.3972,1024,74,950,1024,False,,0,effectively rejected
436,62,5,0,5,False,-3.3565,-3.3565,1024,322,702,1024,False,,0,genuinely stochastic
437,0,0,0,0,False,-4.2596,-4.2596,1024,551,473,1024,True,reject,0,genuinely stochastic
437,2,1,0,1,False,2.0901,0.0,1024,694,330,1024,True,accept,0,effectively accepted
437,5,2,1,1,True,2.906,0.0,694,570,454,1024,True,accept,0,effectively accepted
437,11,3,2,1,True,-18.498,-18.498,570,85,939,1024,True,reject,0,effectively rejected
437,24,4,2,2,False,-11.967,-11.967,570,222,802,1024,True,reject,0,effectively rejected
437,50,5,2,3,False,-11.2117,-11.2117,570,553,471,1024,True,reject,0,effectively rejected
437,12,3,1,2,False,-13.5148,-13.5148,694,202,822,1024,False,,0,effectively rejected
437,6,2,0,2,False,1.5093,0.0,1024,498,526,1024,False,,0,effectively accepted
437,13,3,1,2,True,-29.8844,-29.8844,498,142,882,1024,False,,0,effectively rejected
437,14,3,0,3,False,-0.0,0.0,1024,913,111,1024,False,,0,effectively accepted
437,29,4,1,3,True,-40.7048,-40.7048,913,36,988,1024,False,,0,effectively rejected
437,60,5,1,4,False,2.7215,0.0,913,338,686,1024,False,,0,effectively accepted
437,30,4,0,4,False,-100.498,-100.498,1024,198,826,1024,False,,0,effectively rejected
438,0,0,0,0,False,-0.3493,-0.3493,1024,557,467,1024,True,reject,0,genuinely stochastic
438,1,1,1,0,True,1.7099,0.0,557,464,560,1024,False,,0,effectively accepted
438,3,2,2,0,True,-3.018,-3.018,464,339,685,1024,False,,0,genuinely stochastic
438,8,3,2,1,False,-39.6337,-39.6337,464,186,838,1024,False,,0,effectively rejected
438,18,4,2,2,False,3.1372,0.0,464,308,716,1024,False,,0,effectively accepted
438,4,2,1,1,False,-0.8339,-0.8339,557,294,730,1024,False,,0,genuinely stochastic
438,9,3,2,1,True,-15.2936,-15.2936,294,112,912,1024,False,,0,effectively rejected
438,10,3,1,2,False,-2.6021,-2.6021,557,396,628,1024,False,,0,genuinely stochastic
438,2,1,0,1,False,-6.5149,-6.5149,1024,115,909,1024,True,reject,0,effectively rejected
438,6,2,0,2,False,-38.8141,-38.8141,1024,121,903,1024,True,reject,0,effectively rejected
438,14,3,0,3,False,-30.2242,-30.2242,1024,27,997,1024,True,reject,0,effectively rejected
438,30,4,0,4,False,-0.0216,-0.0216,1024,865,159,1024,True,accept,0,genuinely stochastic
439,0,0,0,0,False,0.0216,0.0,1024,934,90,1024,True,accept,0,effectively accepted
439,1,1,1,0,True,-3.583,-3.583,934,497,527,1024,True,reject,0,genuinely stochastic
439,3,2,2,0,True,-48.4612,-48.4612,497,2,1022,1024,False,,0,effectively rejected
439,8,3,2,1,False,-62.0974,-62.0974,497,54,970,1024,False,,0,effectively rejected
439,18,4,2,2,False,-9.2655,-9.2655,497,463,561,1024,False,,0,effectively rejected
439,37,5,3,2,True,2.146,0.0,463,290,734,1024,False,,0,effectively accepted
439,38,5,2,3,False,1.474,0.0,497,315,709,1024,False,,0,effectively accepted
439,4,2,1,1,False,-0.1522,-0.1522,934,617,407,1024,True,accept,0,genuinely stochastic
439,10,3,1,2,False,0.0217,0.0,934,905,119,1024,False,,0,effectively accepted
439,22,4,1,3,False,-0.6076,-0.6076,934,512,512,1024,False,,0,genuinely stochastic
439,2,1,0,1,False,-42.3232,-42.3232,1024,133,891,1024,False,,0,effectively rejected
439,5,2,1,1,True,-29.8499,-29.8499,133,31,993,1024,False,,0,effectively rejected
439,6,2,0,2,False,-10.2447,-10.2447,1024,547,477,1024,False,,0,effectively rejected
439,13,3,1,2,True,-40.657,-40.657,547,253,771,1024,False,,0,effectively rejected
439,14,3,0,3,False,-93.5633,-93.5633,1024,71,953,1024,False,,0,effectively rejected
440,0,0,0,0,False,0.2982,0.0,1024,778,246,1024,True,accept,0,effectively accepted
440,1,1,1,0,True,-2.1007,-2.1007,778,609,415,1024,True,reject,0,genuinely stochastic
440,3,2,2,0,True,-1.4146,-1.4146,609,585,439,1024,False,,0,genuinely stochastic
440,7,3,3,0,True,0.6306,0.0,585,368,656,1024,False,,0,effectively accepted
440,8,3,2,1,False,12.4055,0.0,609,131,893,1024,False,,0,effectively accepted
440,18,4,2,2,False,-74.0279,-74.0279,609,170,854,1024,False,,0,effectively rejected
440,4,2,1,1,False,-1.4186,-1.4186,778,738,286,1024,True,accept,0,genuinely stochastic
440,10,3,1,2,False,-67.4482,-67.4482,778,43,981,1024,False,,0,effectively rejected
440,2,1,0,1,False,-0.0217,-0.0217,1024,888,136,1024,False,,0,genuinely stochastic
440,5,2,1,1,True,-72.4726,-72.4726,888,71,953,1024,False,,0,effectively rejected
440,12,3,1,2,False,-28.1263,-28.1263,888,260,764,1024,False,,0,effectively rejected
440,25,4,2,2,True,-7.3693,-7.3693,260,134,890,1024,False,,0,effectively rejected
440,6,2,0,2,False,-44.5,-44.5,1024,83,941,1024,False,,0,effectively rejected
440,14,3,0,3,False,-11.3605,-11.3605,1024,354,670,1024,False,,0,effectively rejected
441,0,0,0,0,False,3.1403,0.0,1024,400,624,1024,True,accept,0,effectively accepted
441,2,1,0,1,False,-24.0217,-24.0217,1024,217,807,1024,False,,0,effectively rejected
441,5,2,1,1,True,-64.5499,-64.5499,217,99,925,1024,False,,0,effectively rejected
441,6,2,0,2,False,-92.6919,-92.6919,1024,230,794,1024,False,,0,effectively rejected
441,14,3,0,3,False,-10.7171,-10.7171,1024,607,417,1024,False,,0,effectively rejected
441,29,4,1,3,True,0.1299,0.0,607,277,747,1024,False,,0,effectively accepted
441,60,5,1,4,False,5.9185,0.0,607,333,691,1024,False,,0,effectively accepted
441,122,6,1,5,False,-10.472,-10.472,607,63,961,1024,False,,0,effectively rejected
441,30,4,0,4,False,0.8662,0.0,1024,528,496,1024,False,,0,effectively accepted
441,61,5,1,4,True,-32.5576,-32.5576,528,103,921,1024,False,,0,effectively rejected
441,62,5,0,5,False,0.0217,0.0,1024,884,140,1024,False,,0,effectively accepted
441,125,6,1,5,True,0.0216,0.0,884,808,216,1024,False,,0,effectively accepted
441,251,7,2,5,True,0.025,0.0,808,596,428,1024,False,,0,effectively accepted
441,126,6,0,6,False,-2.1603,-2.1603,1024,513,511,1024,False,,0,genuinely stochastic
442,0,0,0,0,False,-0.5811,-0.5811,1024,647,377,1024,True,accept,0,genuinely stochastic
442,1,1,1,0,True,-12.9253,-12.9253,647,419,605,1024,True,reject,0,effectively rejected
442,3,2,2,0,True,-13.6168,-13.6168,419,370,654,1024,False,,0,effectively rejected
442,8,3,2,1,False,-36.8643,-36.8643,419,218,806,1024,False,,0,effectively rejected
442,17,4,3,1,True,2.4889,0.0,218,77,947,1024,False,,0,effectively accepted
442,36,5,3,2,False,-30.6345,-30.6345,218,195,829,1024,False,,0,effectively rejected
442,4,2,1,1,False,-46.0093,-46.0093,647,95,929,1024,True,reject,0,effectively rejected
442,10,3,1,2,False,-30.6345,-30.6345,647,195,829,1024,True,reject,0,effectively rejected
442,2,1,0,1,False,-0.361,-0.361,1024,673,351,1024,False,,0,genuinely stochastic
442,5,2,1,1,True,-3.7924,-3.7924,673,309,715,1024,False,,0,genuinely stochastic
442,12,3,1,2,False,-12.9253,-12.9253,673,419,605,1024,False,,0,effectively rejected
442,25,4,2,2,True,-60.2522,-60.2522,419,72,952,1024,False,,0,effectively rejected
442,6,2,0,2,False,0.0,0.0,1024,980,44,1024,False,,0,effectively accepted
442,13,3,1,2,True,2.7064,0.0,980,328,696,1024,False,,0,effectively accepted
442,27,4,2,2,True,-99.0123,-99.0123,328,182,842,1024,False,,0,effectively rejected
442,14,3,0,3,False,-14.9252,-14.9252,1024,315,709,1024,False,,0,effectively rejected
443,0,0,0,0,False,0.0,0.0,1024,919,105,1024,True,accept,0,effectively accepted
443,1,1,1,0,True,-85.2739,-85.2739,919,59,965,1024,True,reject,0,effectively rejected
443,4,2,1,1,False,-41.6747,-41.6747,919,135,889,1024,True,reject,0,effectively rejected
443,9,3,2,1,True,-93.4227,-93.4227,135,88,936,1024,False,,0,effectively rejected
443,20,4,2,2,False,-169.0207,-169.0207,135,96,928,1024,False,,0,effectively rejected
443,10,3,1,2,False,-0.1296,-0.1296,919,843,181,1024,True,accept,0,genuinely stochastic
443,21,4,2,2,True,1.7505,0.0,843,649,375,1024,True,accept,0,effectively accepted
443,43,5,3,2,True,-1.6808,-1.6808,649,505,519,1024,True,reject,0,genuinely stochastic
443,87,6,4,2,True,22.613,0.0,505,4,1020,1024,False,,0,effectively accepted
443,2,1,0,1,False,-0.1515,-0.1515,1024,824,200,1024,False,,0,genuinely stochastic
443,5,2,1,1,True,-2.0926,-2.0926,824,687,337,1024,False,,0,genuinely stochastic
443,12,3,1,2,False,0.6711,0.0,824,578,446,1024,False,,0,effectively accepted
443,25,4,2,2,True,0.0291,0.0,578,282,742,1024,False,,0,effectively accepted
443,51,5,3,2,True,-87.3694,-87.3694,282,121,903,1024,False,,0,effectively rejected
443,6,2,0,2,False,-9.2783,-9.2783,1024,261,763,1024,False,,0,effectively rejected
444,0,0,0,0,False,-0.0214,-0.0214,1024,904,120,1024,True,accept,0,genuinely stochastic
444,1,1,1,0,True,1.271,0.0,904,250,774,1024,True,accept,0,effectively accepted
444,4,2,1,1,False,-11.7091,-11.7091,904,640,384,1024,False,,0,effectively rejected
444,9,3,2,1,True,0.9019,0.0,640,203,821,1024,False,,0,effectively accepted
444,10,3,1,2,False,0.0,0.0,904,788,236,1024,False,,0,effectively accepted
444,21,4,2,2,True,-3.701,-3.701,788,494,530,1024,False,,0,genuinely stochastic
444,44,5,2,3,False,-4.1933,-4.1933,788,693,331,1024,False,,0,genuinely stochastic
444,89,6,3,3,True,-1.405,-1.405,693,429,595,1024,False,,0,genuinely stochastic
444,22,4,1,3,False,-1.7538,-1.7538,904,712,312,1024,False,,0,genuinely stochastic
444,2,1,0,1,False,-66.3957,-66.3957,1024,257,767,1024,False,,0,effectively rejected
444,5,2,1,1,True,-99.1749,-99.1749,257,186,838,1024,False,,0,effectively rejected
444,12,3,1,2,False,-49.1388,-49.1388,257,55,969,1024,False,,0,effectively rejected
444,6,2,0,2,False,-19.1043,-19.1043,1024,141,883,1024,False,,0,effectively rejected
444,14,3,0,3,False,0.0,0.0,1024,943,81,1024,False,,0,effectively accepted
444,29,4,1,3,True,-0.0,0.0,943,785,239,1024,False,,0,effectively accepted
445,0,0,0,0,False,-51.3019,-51.3019,1024,60,964,1024,True,reject,0,effectively rejected
445,2,1,0,1,False,-0.0,0.0,1024,924,100,1024,True,accept,0,effectively accepted
445,5,2,1,1,True,-11.1793,-11.1793,924,453,571,1024,True,reject,0,effectively rejected
445,11,3,2,1,True,-33.486,-33.486,453,234,790,1024,False,,0,effectively rejected
445,23,4,3,1,True,-94.8801,-94.8801,234,59,965,1024,False,,0,effectively rejected
445,24,4,2,2,False,-32.9653,-32.9653,453,157,867,1024,False,,0,effectively rejected
445,12,3,1,2,False,1.0103,0.0,924,657,367,1024,True,accept,0,effectively accepted
445,6,2,0,2,False,-0.0002,-0.0002,1024,858,166,1024,False,,0,effectively accepted
445,13,3,1,2,True,-2.9398,-2.9398,858,294,730,1024,False,,0,genuinely stochastic
445,27,4,2,2,True,-109.4006,-109.4006,294,21,1003,1024,False,,0,effectively rejected
445,28,4,1,3,False,-1.0754,-1.0754,858,595,429,1024,False,,0,genuinely stochastic
445,57,5,2,3,True,-0.8637,-0.8637,595,482,542,1024,False,,0,genuinely stochastic
445,115,6,3,3,True,-30.4889,-30.4889,482,224,800,1024,False,,0,effectively rejected
445,14,3,0,3,False,-0.0002,-0.0002,1024,883,141,1024,False,,0,effectively accepted
445,29,4,1,3,True,-10.6475,-10.6475,883,467,557,1024,False,,0,effectively rejected
445,30,4,0,4,False,-11.6654,-11.6654,1024,626,398,1024,False,,0,effectively rejected
446,0,0,0,0,False,-2.4548,-2.4548,1024,310,714,1024,True,reject,0,genuinely stochastic
446,1,1,1,0,True,-51.079,-51.079,310,47,977,1024,False,,0,effectively rejected
446,2,1,0,1,False,-1.9371,-1.9371,1024,515,509,1024,True,reject,0,genuinely stochastic
446,5,2,1,1,True,-7.1476,-7.1476,515,156,868,1024,False,,0,effectively rejected
446,6,2,0,2,False,-3.6153,-3.6153,1024,749,275,1024,True,reject,0,genuinely stochastic
446,13,3,1,2,True,-2.4222,-2.4222,749,643,381,1024,False,,0,genuinely stochastic
446,14,3,0,3,False,-11.5489,-11.5489,1024,431,593,1024,True,reject,0,effectively rejected
446,30,4,0,4,False,-4.4583,-4.4583,1024,278,746,1024,True,reject,0,genuinely stochastic
446,62,5,0,5,False,-9.9568,-9.9568,1024,29,995,1024,True,reject,0,effectively rejected
447,0,0,0,0,False,-2.7567,-2.7567,1024,537,487,1024,True,reject,0,genuinely stochastic
447,1,1,1,0,True,-53.3305,-53.3305,537,221,803,1024,False,,0,effectively rejected
447,3,2,2,0,True,-19.1879,-19.1879,221,5,1019,1024,False,,0,effectively rejected
447,4,2,1,1,False,-3.631,-3.631,537,320,704,1024,False,,0,genuinely stochastic
447,9,3,2,1,True,-67.3466,-67.3466,320,124,900,1024,False,,0,effectively rejected
447,2,1,0,1,False,-0.1467,-0.1467,1024,460,564,1024,True,reject,0,genuinely stochastic
447,5,2,1,1,True,-1.9409,-1.9409,460,449,575,1024,False,,0,genuinely stochastic
447,11,3,2,1,True,-46.2834,-46.2834,449,173,851,1024,False,,0,effectively rejected
447,23,4,3,1,True,-57.1789,-57.1789,173,129,895,1024,False,,0,effectively rejected
447,12,3,1,2,False,-18.9605,-18.9605,460,395,629,1024,False,,0,effectively rejected
447,25,4,2,2,True,-143.9679,-143.9679,395,105,919,1024,False,,0,effectively rejected
447,6,2,0,2,False,-143.9679,-143.9679,1024,105,919,1024,True,reject,0,effectively rejected
447,13,3,1,2,True,-113.4994,-113.4994,105,24,1000,1024,False,,0,effectively rejected
447,14,3,0,3,False,-12.3159,-12.3159,1024,412,612,1024,True,reject,0,effectively rejected
447,29,4,1,3,True,-14.862,-14.862,412,363,661,1024,False,,0,effectively rejected
447,59,5,2,3,True,-3.6313,-3.6313,363,321,703,1024,False,,0,genuinely stochastic
447,30,4,0,4,False,-3.6311,-3.6311,1024,312,712,1024,True,accept,0,genuinely stochastic
448,0,0,0,0,False,2.4783,0.0,1024,688,336,1024,True,accept,0,effectively accepted
448,1,1,1,0,True,-107.1547,-107.1547,688,207,817,1024,True,reject,0,effectively rejected
448,4,2,1,1,False,-39.8585,-39.8585,688,92,932,1024,True,reject,0,effectively rejected
448,2,1,0,1,False,-9.8581,-9.8581,1024,434,590,1024,False,,0,effectively rejected
448,5,2,1,1,True,-7.0939,-7.0939,434,388,636,1024,False,,0,effectively rejected
448,6,2,0,2,False,-0.2385,-0.2385,1024,581,443,1024,False,,0,genuinely stochastic
448,14,3,0,3,False,23.3961,0.0,1024,8,1016,1024,False,,0,effectively accepted
448,30,4,0,4,False,1.9413,0.0,1024,317,707,1024,False,,0,effectively accepted
449,0,0,0,0,False,0.0,0.0,1024,805,219,1024,True,accept,0,effectively accepted
449,1,1,1,0,True,-32.1312,-32.1312,805,251,773,1024,True,reject,0,effectively rejected
449,4,2,1,1,False,-13.8015,-13.8015,805,580,444,1024,True,reject,0,effectively rejected
449,9,3,2,1,True,1.6594,0.0,580,467,557,1024,False,,0,effectively accepted
449,10,3,1,2,False,-17.3715,-17.3715,805,270,754,1024,True,reject,0,effectively rejected
449,21,4,2,2,True,-42.8712,-42.8712,270,186,838,1024,False,,0,effectively rejected
449,22,4,1,3,False,-12.2203,-12.2203,805,561,463,1024,True,reject,0,effectively rejected
449,45,5,2,3,True,-34.2625,-34.2625,561,74,950,1024,False,,0,effectively rejected
449,2,1,0,1,False,-96.5395,-96.5395,1024,207,817,1024,False,,0,effectively rejected
449,6,2,0,2,False,-2.9246,-2.9246,1024,622,402,1024,False,,0,genuinely stochastic
449,13,3,1,2,True,-9.4399,-9.4399,622,601,423,1024,False,,0,effectively rejected
449,27,4,2,2,True,-0.9968,-0.9968,601,283,741,1024,False,,0,genuinely stochastic
449,28,4,1,3,False,-11.0935,-11.0935,622,570,454,1024,False,,0,effectively rejected
449,57,5,2,3,True,-14.1852,-14.1852,570,124,900,1024,False,,0,effectively rejected
449,14,3,0,3,False,-0.1935,-0.1935,1024,398,626,1024,False,,0,genuinely stochastic
449,29,4,1,3,True,-17.0538,-17.0538,398,285,739,1024,False,,0,effectively rejected
450,0,0,0,0,False,-11.7809,-11.7809,1024,308,716,1024,True,reject,0,effectively rejected
450,2,1,0,1,False,-12.9189,-12.9189,1024,278,746,1024,True,reject,0,effectively rejected
450,5,2,1,1,True,-42.8978,-42.8978,278,146,878,1024,False,,0,effectively rejected
450,12,3,1,2,False,-49.2392,-49.2392,278,212,812,1024,False,,0,effectively rejected
450,25,4,2,2,True,-81.8004,-81.8004,212,133,891,1024,False,,0,effectively rejected
450,6,2,0,2,False,-0.0,0.0,1024,961,63,1024,True,accept,0,effectively accepted
450,13,3,1,2,True,-9.2873,-9.2873,961,463,561,1024,True,reject,0,effectively rejected
450,27,4,2,2,True,3.1007,0.0,463,380,644,1024,False,,0,effectively accepted
450,55,5,3,2,True,-18.039,-18.039,380,81,943,1024,False,,0,effectively rejected
450,112,6,3,3,False,0.8687,0.0,380,283,741,1024,False,,0,effectively accepted
450,28,4,1,3,False,-0.0357,-0.0357,961,754,270,1024,True,accept,0,genuinely stochastic
450,58,5,1,4,False,-0.5951,-0.5951,961,563,461,1024,False,,0,genuinely stochastic
450,14,3,0,3,False,-13.8028,-13.8028,1024,390,634,1024,False,,0,effectively rejected
450,29,4,1,3,True,-15.9526,-15.9526,390,92,932,1024,False,,0,effectively rejected
450,30,4,0,4,False,-0.75,-0.75,1024,615,409,1024,False,,0,genuinely stochastic
451,0,0,0,0,False,-2.3507,-2.3507,1024,417,607,1024,True,reject,0,genuinely stochastic
451,1,1,1,0,True,-10.3494,-10.3494,417,346,678,1024,False,,0,effectively rejected
451,2,1,0,1,False,-46.5465,-46.5465,1024,257,767,1024,True,reject,0,effectively rejected
451,6,2,0,2,False,-0.0559,-0.0559,1024,668,356,1024,True,accept,0,genuinely stochastic
451,13,3,1,2,True,-5.2584,-5.2584,668,192,832,1024,True,reject,0,effectively rejected
451,28,4,1,3,False,-13.0116,-13.0116,668,382,642,1024,True,reject,0,effectively rejected
451,58,5,1,4,False,-92.285,-92.285,668,234,790,1024,True,reject,0,effectively rejected
451,14,3,0,3,False,0.0,0.0,1024,908,116,1024,False,,0,effectively accepted
451,30,4,0,4,False,-12.0067,-12.0067,1024,607,417,1024,False,,0,effectively rejected
452,0,0,0,0,False,-0.0,0.0,1024,925,99,1024,True,accept,0,effectively accepted
452,1,1,1,0,True,0.9078,0.0,925,419,605,1024,True,accept,0,effectively accepted
452,3,2,2,0,True,-4.7162,-4.7162,419,301,723,1024,True,reject,0,effectively rejected
452,7,3,3,0,True,-14.5992,-14.5992,301,261,763,1024,False,,0,effectively rejected
452,16,4,3,1,False,-66.7145,-66.7145,301,5,1019,1024,False,,0,effectively rejected
452,4,2,1,1,False,-60.1853,-60.1853,925,101,923,1024,False,,0,effectively rejected
452,10,3,1,2,False,0.1298,0.0,925,601,423,1024,False,,0,effectively accepted
452,21,4,2,2,True,-12.9607,-12.9607,601,545,479,1024,False,,0,effectively rejected
452,22,4,1,3,False,0.1299,0.0,925,796,228,1024,False,,0,effectively accepted
452,2,1,0,1,False,1.8193,0.0,1024,629,395,1024,False,,0,effectively accepted
452,5,2,1,1,True,-1.5367,-1.5367,629,507,517,1024,False,,0,genuinely stochastic
452,11,3,2,1,True,-95.2117,-95.2117,507,187,837,1024,False,,0,effectively rejected
452,12,3,1,2,False,2.8175,0.0,629,411,613,1024,False,,0,effectively accepted
452,6,2,0,2,False,-10.7472,-10.7472,1024,555,469,1024,False,,0,effectively rejected
452,14,3,0,3,False,1.6676,0.0,1024,639,385,1024,False,,0,effectively accepted
453,0,0,0,0,False,-0.3822,-0.3822,1024,530,494,1024,True,accept,0,genuinely stochastic
453,2,1,0,1,False,-21.542,-21.542,1024,68,956,1024,False,,0,effectively rejected
453,6,2,0,2,False,-2.559,-2.559,1024,463,561,1024,False,,0,genuinely stochastic
453,13,3,1,2,True,-31.834,-31.834,463,230,794,1024,False,,0,effectively rejected
453,27,4,2,2,True,-83.4713,-83.4713,230,110,914,1024,False,,0,effectively rejected
453,14,3,0,3,False,-12.0692,-12.0692,1024,639,385,1024,False,,0,effectively rejected
453,29,4,1,3,True,-5.904,-5.904,639,294,730,1024,False,,0,effectively rejected
453,30,4,0,4,False,0.8786,0.0,1024,324,700,1024,False,,0,effectively accepted
453,62,5,0,5,False,-0.5397,-0.5397,1024,464,560,1024,False,,0,genuinely stochastic
453,126,6,0,6,False,-0.4136,-0.4136,1024,626,398,1024,False,,0,genuinely stochastic
454,0,0,0,0,False,-90.5163,-90.5163,1024,173,851,1024,True,reject,0,effectively rejected
454,2,1,0,1,False,-26.1445,-26.1445,1024,49,975,1024,True,reject,0,effectively rejected
454,5,2,1,1,True,-89.9758,-89.9758,49,40,984,1024,False,,0,effectively rejected
454,6,2,0,2,False,-129.4134,-129.4134,1024,101,923,1024,True,reject,0,effectively rejected
454,14,3,0,3,False,-41.4219,-41.4219,1024,241,783,1024,True,reject,0,effectively rejected
454,30,4,0,4,False,-1.3929,-1.3929,1024,514,510,1024,True,reject,0,genuinely stochastic
454,61,5,1,4,True,-139.3583,-139.3583,514,136,888,1024,False,,0,effectively rejected
454,123,6,2,4,True,-56.3571,-56.3571,136,20,1004,1024,False,,0,effectively rejected
454,124,6,1,5,False,1.3084,0.0,514,348,676,1024,False,,0,effectively accepted
454,249,7,2,5,True,-106.7649,-106.7649,348,15,1009,1024,False,,0,effectively rejected
454,62,5,0,5,False,0.0,0.0,1024,808,216,1024,True,accept,0,effectively accepted
454,125,6,1,5,True,-145.3615,-145.3615,808,144,880,1024,True,reject,0,effectively rejected
454,126,6,0,6,False,-0.3991,-0.3991,1024,315,709,1024,False,,0,genuinely stochastic
454,254,7,0,7,False,-54.5297,-54.5297,1024,218,806,1024,False,,0,effectively rejected
455,0,0,0,0,False,0.0003,0.0,1024,908,116,1024,True,accept,0,effectively accepted
455,1,1,1,0,True,0.4289,0.0,908,646,378,1024,True,accept,0,effectively accepted
455,4,2,1,1,False,0.0583,0.0,908,733,291,1024,False,,0,effectively accepted
455,9,3,2,1,True,0.6432,0.0,733,694,330,1024,False,,0,effectively accepted
455,19,4,3,1,True,-9.6774,-9.6774,694,540,484,1024,False,,0,effectively rejected
455,39,5,4,1,True,-99.0265,-99.0265,540,211,813,1024,False,,0,effectively rejected
455,40,5,3,2,False,1.7672,0.0,694,618,406,1024,False,,0,effectively accepted
455,20,4,2,2,False,-99.8563,-99.8563,733,196,828,1024,False,,0,effectively rejected
455,10,3,1,2,False,0.4869,0.0,908,647,377,1024,False,,0,effectively accepted
455,21,4,2,2,True,-13.9502,-13.9502,647,459,565,1024,False,,0,effectively rejected
455,2,1,0,1,False,0.0435,0.0,1024,751,273,1024,False,,0,effectively accepted
455,5,2,1,1,True,-61.981,-61.981,751,79,945,1024,False,,0,effectively rejected
455,12,3,1,2,False,-0.0636,-0.0636,751,487,537,1024,False,,0,genuinely stochastic
455,25,4,2,2,True,-100.3513,-100.3513,487,183,841,1024,False,,0,effectively rejected
455,6,2,0,2,False,-6.8847,-6.8847,1024,180,844,1024,False,,0,effectively rejected
455,14,3,0,3,False,-1.4702,-1.4702,1024,378,646,1024,False,,0,genuinely stochastic
456,0,0,0,0,False,1.3171,0.0,1024,455,569,1024,True,accept,0,effectively accepted
456,1,1,1,0,True,-159.6161,-159.6161,455,22,1002,1024,True,reject,0,effectively rejected
456,2,1,0,1,False,0.0,0.0,1024,891,133,1024,False,,0,effectively accepted
456,5,2,1,1,True,-1.4915,-1.4915,891,501,523,1024,False,,0,genuinely stochastic
456,11,3,2,1,True,-2.1426,-2.1426,501,288,736,1024,False,,0,genuinely stochastic
456,12,3,1,2,False,-22.3978,-22.3978,891,148,876,1024,False,,0,effectively rejected
456,6,2,0,2,False,0.728,0.0,1024,364,660,1024,False,,0,effectively accepted
456,14,3,0,3,False,-0.0216,-0.0216,1024,918,106,1024,False,,0,genuinely stochastic
457,0,0,0,0,False,-113.323,-113.323,1024,78,946,1024,True,reject,0,effectively rejected
457,2,1,0,1,False,-59.7136,-59.7136,1024,33,991,1024,True,reject,0,effectively rejected
458,0,0,0,0,False,0.0,0.0,1024,115,909,1024,True,accept,0,effectively accepted
458,2,1,0,1,False,-0.5949,-0.5949,1024,144,880,1024,False,,0,genuinely stochastic
458,6,2,0,2,False,-0.6292,-0.6292,1024,370,654,1024,False,,0,genuinely stochastic
458,13,3,1,2,True,3.7142,0.0,370,276,748,1024,False,,0,effectively accepted
458,28,4,1,3,False,0.8531,0.0,370,298,726,1024,False,,0,effectively accepted
458,14,3,0,3,False,32.0647,0.0,1024,203,821,1024,False,,0,effectively accepted
458,30,4,0,4,False,-0.1511,-0.1511,1024,888,136,1024,False,,0,genuinely stochastic
458,61,5,1,4,True,12.7843,0.0,888,477,547,1024,False,,0,effectively accepted
458,124,6,1,5,False,-6.4859,-6.4859,888,180,844,1024,False,,0,effectively rejected
458,62,5,0,5,False,0.0078,0.0,1024,749,275,1024,False,,0,effectively accepted
458,125,6,1,5,True,-1.1316,-1.1316,749,469,555,1024,False,,0,genuinely stochastic
458,251,7,2,5,True,-25.5869,-25.5869,469,281,743,1024,False,,0,effectively rejected
458,503,8,3,5,True,-2.1442,-2.1442,281,87,937,1024,False,,0,genuinely stochastic
458,504,8,2,6,False,0.0637,0.0,469,393,631,1024,False,,0,effectively accepted
458,252,7,1,6,False,-46.4787,-46.4787,749,313,711,1024,False,,0,effectively rejected
458,126,6,0,6,False,-35.8764,-35.8764,1024,160,864,1024,False,,0,effectively rejected
459,0,0,0,0,False,-0.1426,-0.1426,1024,668,356,1024,True,accept,0,genuinely stochastic
459,1,1,1,0,True,-7.4513,-7.4513,668,170,854,1024,True,reject,0,effectively rejected
459,4,2,1,1,False,38.4182,0.0,668,213,811,1024,True,accept,0,effectively accepted
459,2,1,0,1,False,-37.5171,-37.5171,1024,134,890,1024,False,,0,effectively rejected
459,6,2,0,2,False,0.3248,0.0,1024,653,371,1024,False,,0,effectively accepted
459,13,3,1,2,True,24.8712,0.0,653,15,1009,1024,False,,0,effectively accepted
459,28,4,1,3,False,-1.1493,-1.1493,653,649,375,1024,False,,0,genuinely stochastic
459,14,3,0,3,False,2.2565,0.0,1024,257,767,1024,False,,0,effectively accepted
459,30,4,0,4,False,33.9991,0.0,1024,45,979,1024,False,,0,effectively accepted
460,0,0,0,0,False,-26.2759,-26.2759,1024,531,493,1024,True,reject,0,effectively rejected
460,2,1,0,1,False,-45.7703,-45.7703,1024,344,680,1024,True,reject,0,effectively rejected
460,6,2,0,2,False,-41.334,-41.334,1024,509,515,1024,True,reject,0,effectively rejected
460,14,3,0,3,False,0.0032,0.0,1024,920,104,1024,True,accept,0,effectively accepted
460,29,4,1,3,True,-24.7916,-24.7916,920,702,322,1024,True,reject,0,effectively rejected
460,30,4,0,4,False,-45.4603,-45.4603,1024,99,925,1024,False,,0,effectively rejected
460,62,5,0,5,False,-18.3191,-18.3191,1024,650,374,1024,False,,0,effectively rejected
460,125,6,1,5,True,-43.37,-43.37,650,152,872,1024,False,,0,effectively rejected
461,0,0,0,0,False,-26.2791,-26.2791,1024,537,487,1024,True,reject,0,effectively rejected
461,1,1,1,0,True,-43.9257,-43.9257,537,361,663,1024,False,,0,effectively rejected
461,3,2,2,0,True,-40.1607,-40.1607,361,263,761,1024,False,,0,effectively rejected
461,8,3,2,1,False,-39.2467,-39.2467,361,340,684,1024,False,,0,effectively rejected
461,17,4,3,1,True,-44.0746,-44.0746,340,82,942,1024,False,,0,effectively rejected
461,4,2,1,1,False,-42.5747,-42.5747,537,397,627,1024,False,,0,effectively rejected
461,10,3,1,2,False,-44.0256,-44.0256,537,508,516,1024,False,,0,effectively rejected
461,22,4,1,3,False,-43.2604,-43.2604,537,379,645,1024,False,,0,effectively rejected
461,45,5,2,3,True,-17.2868,-17.2868,379,63,961,1024,False,,0,effectively rejected
461,46,5,1,4,False,-28.6419,-28.6419,537,253,771,1024,False,,0,effectively rejected
461,2,1,0,1,False,-41.3808,-41.3808,1024,172,852,1024,True,reject,0,effectively rejected
461,6,2,0,2,False,-38.1363,-38.1363,1024,284,740,1024,True,reject,0,effectively rejected
461,14,3,0,3,False,-26.7877,-26.7877,1024,661,363,1024,True,reject,0,effectively rejected
461,29,4,1,3,True,-43.3532,-43.3532,661,29,995,1024,False,,0,effectively rejected
461,30,4,0,4,False,-40.4442,-40.4442,1024,79,945,1024,True,reject,0,effectively rejected
462,0,0,0,0,False,-0.0184,-0.0184,1024,709,315,1024,True,accept,0,genuinely stochastic
462,1,1,1,0,True,-64.6972,-64.6972,709,571,453,1024,True,reject,0,effectively rejected
462,4,2,1,1,False,-69.0458,-69.0458,709,210,814,1024,True,reject,0,effectively rejected
462,9,3,2,1,True,-41.9074,-41.9074,210,160,864,1024,False,,0,effectively rejected
462,10,3,1,2,False,-24.4229,-24.4229,709,158,866,1024,True,reject,0,effectively rejected
462,22,4,1,3,False,-66.1813,-66.1813,709,43,981,1024,True,reject,0,effectively rejected
462,46,5,1,4,False,-17.0758,-17.0758,709,298,726,1024,True,reject,0,effectively rejected
462,2,1,0,1,False,-86.3765,-86.3765,1024,252,772,1024,False,,0,effectively rejected
462,6,2,0,2,False,-24.1916,-24.1916,1024,664,360,1024,False,,0,effectively rejected
462,14,3,0,3,False,0.1738,0.0,1024,184,840,1024,False,,0,effectively accepted
462,30,4,0,4,False,-0.3225,-0.3225,1024,881,143,1024,False,,0,genuinely stochastic
462,61,5,1,4,True,-83.0552,-83.0552,881,423,601,1024,False,,0,effectively rejected
463,0,0,0,0,False,-23.4448,-23.4448,1024,593,431,1024,True,reject,0,effectively rejected
463,2,1,0,1,False,-43.6214,-43.6214,1024,226,798,1024,True,reject,0,effectively rejected
463,6,2,0,2,False,-39.8483,-39.8483,1024,616,408,1024,True,reject,0,effectively rejected
463,14,3,0,3,False,-26.3161,-26.3161,1024,583,441,1024,True,reject,0,effectively rejected
463,30,4,0,4,False,-43.0895,-43.0895,1024,373,651,1024,True,reject,0,effectively rejected
463,61,5,1,4,True,-42.8143,-42.8143,373,96,928,1024,False,,0,effectively rejected
463,123,6,2,4,True,-24.3535,-24.3535,96,60,964,1024,False,,0,effectively rejected
463,62,5,0,5,False,-39.5315,-39.5315,1024,349,675,1024,True,reject,0,effectively rejected
464,0,0,0,0,False,-38.4029,-38.4029,1024,184,840,1024,True,reject,0,effectively rejected
464,2,1,0,1,False,-1.8772,-1.8772,1024,35,989,1024,True,reject,0,genuinely stochastic
464,6,2,0,2,False,-41.834,-41.834,1024,128,896,1024,True,reject,0,effectively rejected
464,14,3,0,3,False,-0.5352,-0.5352,1024,840,184,1024,True,accept,0,genuinely stochastic
464,29,4,1,3,True,-37.4534,-37.4534,840,321,703,1024,True,reject,0,effectively rejected
464,59,5,2,3,True,-80.6032,-80.6032,321,220,804,1024,False,,0,effectively rejected
464,60,5,1,4,False,0.4294,0.0,840,812,212,1024,True,accept,0,effectively accepted
464,121,6,2,4,True,-35.9741,-35.9741,812,332,692,1024,True,reject,0,effectively rejected
464,243,7,3,4,True,0.4748,0.0,332,103,921,1024,False,,0,effectively accepted
464,487,8,4,4,True,-42.5198,-42.5198,103,84,940,1024,False,,0,effectively rejected
464,488,8,3,5,False,-10.3906,-10.3906,332,48,976,1024,False,,0,effectively rejected
464,122,6,1,5,False,-44.8099,-44.8099,840,519,505,1024,False,,0,effectively rejected
464,30,4,0,4,False,-23.1306,-23.1306,1024,703,321,1024,False,,0,effectively rejected
464,61,5,1,4,True,-82.7268,-82.7268,703,295,729,1024,False,,0,effectively rejected
464,62,5,0,5,False,-3.6217,-3.6217,1024,691,333,1024,False,,0,genuinely stochastic
464,125,6,1,5,True,-5.7147,-5.7147,691,668,356,1024,False,,0,effectively rejected
464,251,7,2,5,True,-39.5091,-39.5091,668,221,803,1024,False,,0,effectively rejected
465,0,0,0,0,False,-47.2397,-47.2397,1024,397,627,1024,True,reject,0,effectively rejected
465,1,1,1,0,True,-90.9261,-90.9261,397,25,999,1024,False,,0,effectively rejected
465,4,2,1,1,False,-42.9739,-42.9739,397,237,787,1024,False,,0,effectively rejected
465,2,1,0,1,False,0.0386,0.0,1024,988,36,1024,True,accept,0,effectively accepted
465,6,2,0,2,False,-47.8412,-47.8412,1024,290,734,1024,False,,0,effectively rejected
465,14,3,0,3,False,0.1806,0.0,1024,770,254,1024,False,,0,effectively accepted
465,30,4,0,4,False,-0.4068,-0.4068,1024,869,155,1024,False,,0,genuinely stochastic
465,62,5,0,5,False,-21.0215,-21.0215,1024,740,284,1024,False,,0,effectively rejected
466,0,0,0,0,False,-0.9489,-0.9489,1024,763,261,1024,True,accept,0,genuinely stochastic
466,1,1,1,0,True,-22.2439,-22.2439,763,706,318,1024,True,reject,0,effectively rejected
466,4,2,1,1,False,-39.1472,-39.1472,763,245,779,1024,True,reject,0,effectively rejected
466,9,3,2,1,True,-31.9204,-31.9204,245,32,992,1024,False,,0,effectively rejected
466,2,1,0,1,False,-39.4784,-39.4784,1024,110,914,1024,False,,0,effectively rejected
466,6,2,0,2,False,-22.6422,-22.6422,1024,583,441,1024,False,,0,effectively rejected
466,13,3,1,2,True,-82.75,-82.75,583,201,823,1024,False,,0,effectively rejected
466,28,4,1,3,False,-51.5583,-51.5583,583,510,514,1024,False,,0,effectively rejected
466,14,3,0,3,False,-0.2719,-0.2719,1024,794,230,1024,False,,0,genuinely stochastic
466,29,4,1,3,True,-46.4951,-46.4951,794,119,905,1024,False,,0,effectively rejected
466,59,5,2,3,True,-43.1224,-43.1224,119,54,970,1024,False,,0,effectively rejected
466,30,4,0,4,False,-0.0072,-0.0072,1024,966,58,1024,False,,0,effectively accepted
467,0,0,0,0,False,-0.0807,-0.0807,1024,911,113,1024,True,accept,0,genuinely stochastic
467,1,1,1,0,True,-45.4915,-45.4915,911,411,613,1024,True,reject,0,effectively rejected
467,4,2,1,1,False,-42.2316,-42.2316,911,376,648,1024,True,reject,0,effectively rejected
467,10,3,1,2,False,-87.3981,-87.3981,911,77,947,1024,True,reject,0,effectively rejected
467,22,4,1,3,False,-47.3548,-47.3548,911,221,803,1024,True,reject,0,effectively rejected
467,2,1,0,1,False,-3.723,-3.723,1024,686,338,1024,False,,0,genuinely stochastic
467,5,2,1,1,True,-4.3148,-4.3148,686,650,374,1024,False,,0,genuinely stochastic
467,11,3,2,1,True,-57.3389,-57.3389,650,8,1016,1024,False,,0,effectively rejected
467,24,4,2,2,False,-47.186,-47.186,650,192,832,1024,False,,0,effectively rejected
467,50,5,2,3,False,-46.6833,-46.6833,650,215,809,1024,False,,0,effectively rejected
467,12,3,1,2,False,-23.3049,-23.3049,686,449,575,1024,False,,0,effectively rejected
467,26,4,1,3,False,-43.5827,-43.5827,686,367,657,1024,False,,0,effectively rejected
467,6,2,0,2,False,-45.4972,-45.4972,1024,407,617,1024,False,,0,effectively rejected
467,13,3,1,2,True,-79.6254,-79.6254,407,66,958,1024,False,,0,effectively rejected
467,14,3,0,3,False,-34.576,-34.576,1024,109,915,1024,False,,0,effectively rejected
468,0,0,0,0,False,-3.8334,-3.8334,1024,689,335,1024,True,reject,0,genuinely stochastic
468,1,1,1,0,True,-81.3475,-81.3475,689,422,602,1024,False,,0,effectively rejected
468,2,1,0,1,False,-41.9956,-41.9956,1024,174,850,1024,True,reject,0,effectively rejected
468,6,2,0,2,False,-35.8765,-35.8765,1024,547,477,1024,True,reject,0,effectively rejected
468,13,3,1,2,True,-43.8672,-43.8672,547,90,934,1024,False,,0,effectively rejected
468,14,3,0,3,False,-39.263,-39.263,1024,312,712,1024,True,reject,0,effectively rejected
468,30,4,0,4,False,-47.4286,-47.4286,1024,187,837,1024,True,reject,0,effectively rejected
469,0,0,0,0,False,-40.2843,-40.2843,1024,112,912,1024,True,reject,0,effectively rejected
469,2,1,0,1,False,-59.4513,-59.4513,1024,23,1001,1024,True,reject,0,effectively rejected
469,6,2,0,2,False,-5.0131,-5.0131,1024,302,722,1024,True,reject,0,effectively rejected
469,13,3,1,2,True,-40.8915,-40.8915,302,60,964,1024,False,,0,effectively rejected
469,28,4,1,3,False,-38.7642,-38.7642,302,48,976,1024,False,,0,effectively rejected
469,58,5,1,4,False,-36.9556,-36.9556,302,75,949,1024,False,,0,effectively rejected
469,14,3,0,3,False,-41.6596,-41.6596,1024,489,535,1024,True,reject,0,effectively rejected
469,30,4,0,4,False,0.6458,0.0,1024,870,154,1024,True,accept,0,effectively accepted
469,61,5,1,4,True,-11.976,-11.976,870,153,871,1024,True,reject,0,effectively rejected
469,123,6,2,4,True,-44.3652,-44.3652,153,84,940,1024,False,,0,effectively rejected
469,124,6,1,5,False,1.2298,0.0,870,776,248,1024,True,accept,0,effectively accepted
469,250,7,1,6,False,-39.8984,-39.8984,870,307,717,1024,False,,0,effectively rejected
469,62,5,0,5,False,-3.9017,-3.9017,1024,649,375,1024,False,,0,genuinely stochastic
469,126,6,0,6,False,0.2604,0.0,1024,809,215,1024,False,,0,effectively accepted
469,254,7,0,7,False,0.0386,0.0,1024,990,34,1024,False,,0,effectively accepted
470,0,0,0,0,False,-41.3062,-41.3062,1024,260,764,1024,True,reject,0,effectively rejected
470,2,1,0,1,False,-0.9575,-0.9575,1024,750,274,1024,True,reject,0,genuinely stochastic
470,5,2,1,1,True,-5.205,-5.205,750,638,386,1024,False,,0,effectively rejected
470,11,3,2,1,True,-26.4832,-26.4832,638,558,466,1024,False,,0,effectively rejected
470,24,4,2,2,False,-51.9011,-51.9011,638,509,515,1024,False,,0,effectively rejected
470,49,5,3,2,True,-33.8877,-33.8877,509,33,991,1024,False,,0,effectively rejected
470,12,3,1,2,False,-40.382,-40.382,750,399,625,1024,False,,0,effectively rejected
470,26,4,1,3,False,-43.668,-43.668,750,97,927,1024,False,,0,effectively rejected
470,6,2,0,2,False,-19.8263,-19.8263,1024,175,849,1024,True,reject,0,effectively rejected
470,14,3,0,3,False,-0.0395,-0.0395,1024,882,142,1024,True,accept,0,genuinely stochastic
470,29,4,1,3,True,-0.0771,-0.0771,882,840,184,1024,True,accept,0,genuinely stochastic
471,0,0,0,0,False,0.0181,0.0,1024,902,122,1024,True,accept,0,effectively accepted
471,1,1,1,0,True,-42.6977,-42.6977,902,504,520,1024,True,reject,0,effectively rejected
471,4,2,1,1,False,-6.4391,-6.4391,902,613,411,1024,True,reject,0,effectively rejected
471,9,3,2,1,True,-42.6099,-42.6099,613,508,516,1024,False,,0,effectively rejected
471,19,4,3,1,True,-62.2874,-62.2874,508,108,916,1024,False,,0,effectively rejected
471,39,5,4,1,True,-39.8164,-39.8164,108,35,989,1024,False,,0,effectively rejected
471,40,5,3,2,False,-39.8177,-39.8177,508,357,667,1024,False,,0,effectively rejected
471,81,6,4,2,True,-41.0021,-41.0021,357,62,962,1024,False,,0,effectively rejected
471,20,4,2,2,False,-1.5141,-1.5141,613,541,483,1024,False,,0,genuinely stochastic
471,41,5,3,2,True,-61.7178,-61.7178,541,157,867,1024,False,,0,effectively rejected
471,10,3,1,2,False,-39.9114,-39.9114,902,433,591,1024,True,reject,0,effectively rejected
471,2,1,0,1,False,-39.5189,-39.5189,1024,333,691,1024,False,,0,effectively rejected
471,5,2,1,1,True,-46.3781,-46.3781,333,178,846,1024,False,,0,effectively rejected
471,12,3,1,2,False,-39.2783,-39.2783,333,72,952,1024,False,,0,effectively rejected
471,6,2,0,2,False,-40.7266,-40.7266,1024,352,672,1024,False,,0,effectively rejected
471,13,3,1,2,True,-49.3417,-49.3417,352,144,880,1024,False,,0,effectively rejected
471,27,4,2,2,True,-48.9669,-48.9669,144,76,948,1024,False,,0,effectively rejected
472,0,0,0,0,False,-40.1506,-40.1506,1024,235,789,1024,True,reject,0,effectively rejected
472,1,1,1,0,True,-37.6624,-37.6624,235,115,909,1024,False,,0,effectively rejected
472,4,2,1,1,False,-39.2533,-39.2533,235,19,1005,1024,False,,0,effectively rejected
472,2,1,0,1,False,-21.3413,-21.3413,1024,704,320,1024,True,reject,0,effectively rejected
472,5,2,1,1,True,-72.3842,-72.3842,704,152,872,1024,False,,0,effectively rejected
472,6,2,0,2,False,-41.1363,-41.1363,1024,140,884,1024,True,reject,0,effectively rejected
472,14,3,0,3,False,3.7364,0.0,1024,205,819,1024,True,accept,0,effectively accepted
472,30,4,0,4,False,-45.47,-45.47,1024,138,886,1024,False,,0,effectively rejected
472,61,5,1,4,True,-74.4155,-74.4155,138,124,900,1024,False,,0,effectively rejected
472,62,5,0,5,False,-0.0071,-0.0071,1024,1015,9,1024,False,,0,effectively accepted
473,0,0,0,0,False,-0.0316,-0.0316,1024,976,48,1024,True,accept,0,genuinely stochastic
473,1,1,1,0,True,-3.835,-3.835,976,525,499,1024,True,reject,0,genuinely stochastic
473,3,2,2,0,True,-68.4026,-68.4026,525,41,983,1024,False,,0,effectively rejected
473,4,2,1,1,False,-0.9132,-0.9132,976,740,284,1024,True,reject,0,genuinely stochastic
473,10,3,1,2,False,-43.5929,-43.5929,976,153,871,1024,True,reject,0,effectively rejected
473,22,4,1,3,False,-0.737,-0.737,976,817,207,1024,True,accept,0,genuinely stochastic
473,2,1,0,1,False,-45.2946,-45.2946,1024,531,493,1024,False,,0,effectively rejected
473,5,2,1,1,True,-45.9545,-45.9545,531,285,739,1024,False,,0,effectively rejected
473,11,3,2,1,True,-43.8322,-43.8322,285,266,758,1024,False,,0,effectively rejected
473,23,4,3,1,True,-42.6189,-42.6189,266,168,856,1024,False,,0,effectively rejected
473,6,2,0,2,False,-17.7112,-17.7112,1024,451,573,1024,False,,0,effectively rejected
473,14,3,0,3,False,-44.616,-44.616,1024,69,955,1024,False,,0,effectively rejected
474,0,0,0,0,False,0.9593,0.0,1024,674,350,1024,True,accept,0,effectively accepted
474,2,1,0,1,False,-30.9803,-30.9803,1024,533,491,1024,False,,0,effectively rejected
474,6,2,0,2,False,-0.1701,-0.1701,1024,914,110,1024,False,,0,genuinely stochastic
474,13,3,1,2,True,-9.1846,-9.1846,914,195,829,1024,False,,0,effectively rejected
474,28,4,1,3,False,-0.1909,-0.1909,914,677,347,1024,False,,0,genuinely stochastic
474,57,5,2,3,True,-45.2399,-45.2399,677,268,756,1024,False,,0,effectively rejected
474,58,5,1,4,False,0.3426,0.0,914,643,381,1024,False,,0,effectively accepted
474,14,3,0,3,False,-47.1244,-47.1244,1024,194,830,1024,False,,0,effectively rejected
474,30,4,0,4,False,0.1393,0.0,1024,938,86,1024,False,,0,effectively accepted
475,0,0,0,0,False,-42.9708,-42.9708,1024,200,824,1024,True,reject,0,effectively rejected
475,2,1,0,1,False,0.373,0.0,1024,1017,7,1024,True,accept,0,effectively accepted
475,5,2,1,1,True,-52.9313,-52.9313,1017,47,977,1024,True,reject,0,effectively rejected
475,12,3,1,2,False,-12.3089,-12.3089,1017,40,984,1024,True,reject,0,effectively rejected
475,26,4,1,3,False,0.9375,0.0,1017,596,428,1024,True,accept,0,effectively accepted
475,54,5,1,4,False,-10.6923,-10.6923,1017,495,529,1024,False,,0,effectively rejected
475,109,6,2,4,True,-50.2356,-50.2356,495,360,664,1024,False,,0,effectively rejected
475,110,6,1,5,False,-54.1713,-54.1713,1017,157,867,1024,False,,0,effectively rejected
475,6,2,0,2,False,-0.7435,-0.7435,1024,653,371,1024,False,,0,genuinely stochastic
475,13,3,1,2,True,-47.4431,-47.4431,653,302,722,1024,False,,0,effectively rejected
475,14,3,0,3,False,-43.2413,-43.2413,1024,121,903,1024,False,,0,effectively rejected
475,29,4,1,3,True,-52.9313,-52.9313,121,47,977,1024,False,,0,effectively rejected
475,59,5,2,3,True,-1.9515,-1.9515,47,17,1007,1024,False,,0,genuinely stochastic
475,30,4,0,4,False,-0.5396,-0.5396,1024,804,220,1024,False,,0,genuinely stochastic
475,62,5,0,5,False,-44.8792,-44.8792,1024,187,837,1024,False,,0,effectively rejected
476,0,0,0,0,False,-4.7328,-4.7328,1024,14,1010,1024,True,reject,0,effectively rejected
476,2,1,0,1,False,-88.1473,-88.1473,1024,314,710,1024,True,reject,0,effectively rejected
476,5,2,1,1,True,-38.337,-38.337,314,66,958,1024,False,,0,effectively rejected
476,6,2,0,2,False,-48.9225,-48.9225,1024,299,725,1024,True,reject,0,effectively rejected
476,14,3,0,3,False,-0.0315,-0.0315,1024,1007,17,1024,True,accept,0,genuinely stochastic
476,29,4,1,3,True,-33.7715,-33.7715,1007,25,999,1024,True,reject,0,effectively rejected
476,60,5,1,4,False,-1.497,-1.497,1007,741,283,1024,True,accept,0,genuinely stochastic
476,122,6,1,5,False,-50.2904,-50.2904,1007,85,939,1024,False,,0,effectively rejected
476,30,4,0,4,False,-49.4202,-49.4202,1024,496,528,1024,False,,0,effectively rejected
476,61,5,1,4,True,-9.9064,-9.9064,496,480,544,1024,False,,0,effectively rejected
476,123,6,2,4,True,-42.1909,-42.1909,480,62,962,1024,False,,0,effectively rejected
476,124,6,1,5,False,-33.4809,-33.4809,496,140,884,1024,False,,0,effectively rejected
476,62,5,0,5,False,-5.3773,-5.3773,1024,440,584,1024,False,,0,effectively rejected
477,0,0,0,0,False,0.9371,0.0,1024,729,295,1024,True,accept,0,effectively accepted
477,1,1,1,0,True,-120.4343,-120.4343,729,223,801,1024,True,reject,0,effectively rejected
477,2,1,0,1,False,-44.1482,-44.1482,1024,347,677,1024,False,,0,effectively rejected
477,6,2,0,2,False,0.3814,0.0,1024,639,385,1024,False,,0,effectively accepted
477,14,3,0,3,False,-39.1288,-39.1288,1024,73,951,1024,False,,0,effectively rejected
477,30,4,0,4,False,-29.4169,-29.4169,1024,65,959,1024,False,,0,effectively rejected
477,62,5,0,5,False,-43.6202,-43.6202,1024,273,751,1024,False,,0,effectively rejected
478,0,0,0,0,False,-43.3484,-43.3484,1024,85,939,1024,True,reject,0,effectively rejected
478,2,1,0,1,False,-1.9975,-1.9975,1024,401,623,1024,True,reject,0,genuinely stochastic
478,5,2,1,1,True,-20.0944,-20.0944,401,300,724,1024,False,,0,effectively rejected
478,12,3,1,2,False,-40.7244,-40.7244,401,285,739,1024,False,,0,effectively rejected
478,26,4,1,3,False,6.5742,0.0,401,58,966,1024,False,,0,effectively accepted
478,6,2,0,2,False,-32.8854,-32.8854,1024,470,554,1024,True,reject,0,effectively rejected
478,13,3,1,2,True,-89.5911,-89.5911,470,69,955,1024,False,,0,effectively rejected
478,14,3,0,3,False,-0.3217,-0.3217,1024,726,298,1024,True,accept,0,genuinely stochastic
478,30,4,0,4,False,-0.5193,-0.5193,1024,763,261,1024,False,,0,genuinely stochastic
478,62,5,0,5,False,-0.0315,-0.0315,1024,958,66,1024,False,,0,genuinely stochastic
479,0,0,0,0,False,-45.5594,-45.5594,1024,261,763,1024,True,reject,0,effectively rejected
479,2,1,0,1,False,-28.4614,-28.4614,1024,233,791,1024,True,reject,0,effectively rejected
479,6,2,0,2,False,-0.0316,-0.0316,1024,950,74,1024,True,accept,0,genuinely stochastic
479,13,3,1,2,True,-45.6309,-45.6309,950,179,845,1024,True,reject,0,effectively rejected
479,28,4,1,3,False,-0.6234,-0.6234,950,795,229,1024,True,accept,0,genuinely stochastic
479,57,5,2,3,True,-9.9509,-9.9509,795,453,571,1024,True,reject,0,effectively rejected
479,115,6,3,3,True,-43.3056,-43.3056,453,246,778,1024,False,,0,effectively rejected
479,231,7,4,3,True,-10.2369,-10.2369,246,200,824,1024,False,,0,effectively rejected
479,463,8,5,3,True,-85.8075,-85.8075,200,13,1011,1024,False,,0,effectively rejected
479,58,5,1,4,False,0.666,0.0,950,620,404,1024,False,,0,effectively accepted
479,14,3,0,3,False,0.5233,0.0,1024,846,178,1024,False,,0,effectively accepted
479,30,4,0,4,False,-46.5148,-46.5148,1024,323,701,1024,False,,0,effectively rejected
480,0,0,0,0,False,-42.4033,-42.4033,1024,86,938,1024,True,reject,0,effectively rejected
480,2,1,0,1,False,-8.45,-8.45,1024,389,635,1024,True,reject,0,effectively rejected
480,5,2,1,1,True,-43.5572,-43.5572,389,276,748,1024,False,,0,effectively rejected
480,6,2,0,2,False,-44.2725,-44.2725,1024,94,930,1024,True,reject,0,effectively rejected
481,0,0,0,0,False,2.9962,0.0,1024,375,649,1024,True,accept,0,effectively accepted
481,2,1,0,1,False,8.3547,0.0,1024,281,743,1024,False,,0,effectively accepted
481,6,2,0,2,False,65.134,0.0,1024,256,768,1024,False,,0,effectively accepted
481,13,3,1,2,True,38.5244,0.0,256,94,930,1024,False,,0,effectively accepted
481,28,4,1,3,False,33.6337,0.0,256,218,806,1024,False,,0,effectively accepted
481,14,3,0,3,False,-4.7862,-4.7862,1024,335,689,1024,False,,0,effectively rejected
481,30,4,0,4,False,-2.2807,-2.2807,1024,802,222,1024,False,,0,genuinely stochastic
481,61,5,1,4,True,98.2496,0.0,802,411,613,1024,False,,0,effectively accepted
481,62,5,0,5,False,112.1071,0.0,1024,144,880,1024,False,,0,effectively accepted
481,126,6,0,6,False,-70.2537,-70.2537,1024,284,740,1024,False,,0,effectively rejected
481,253,7,1,6,True,79.6137,0.0,284,74,950,1024,False,,0,effectively accepted
482,0,0,0,0,False,71.2374,0.0,1024,450,574,1024,True,accept,0,effectively accepted
482,2,1,0,1,False,0.4397,0.0,1024,707,317,1024,False,,0,effectively accepted
482,6,2,0,2,False,-1.3287,-1.3287,1024,945,79,1024,False,,0,genuinely stochastic
482,13,3,1,2,True,74.4474,0.0,945,28,996,1024,False,,0,effectively accepted
482,28,4,1,3,False,48.9679,0.0,945,169,855,1024,False,,0,effectively accepted
482,58,5,1,4,False,83.074,0.0,945,77,947,1024,False,,0,effectively accepted
482,118,6,1,5,False,4.9984,0.0,945,345,679,1024,False,,0,effectively accepted
482,14,3,0,3,False,73.9496,0.0,1024,572,452,1024,False,,0,effectively accepted
482,30,4,0,4,False,-2.4468,-2.4468,1024,928,96,1024,False,,0,genuinely stochastic
482,61,5,1,4,True,91.7476,0.0,928,141,883,1024,False,,0,effectively accepted
482,124,6,1,5,False,36.1865,0.0,928,206,818,1024,False,,0,effectively accepted
482,62,5,0,5,False,91.889,0.0,1024,401,623,1024,False,,0,effectively accepted
483,0,0,0,0,False,-29.91,-29.91,1024,128,896,1024,True,reject,0,effectively rejected
483,2,1,0,1,False,-14.0068,-14.0068,1024,10,1014,1024,True,reject,0,effectively rejected
483,6,2,0,2,False,44.2063,0.0,1024,140,884,1024,True,accept,0,effectively accepted
483,14,3,0,3,False,33.619,0.0,1024,6,1018,1024,False,,0,effectively accepted
483,30,4,0,4,False,-0.7453,-0.7453,1024,815,209,1024,False,,0,genuinely stochastic
483,61,5,1,4,True,24.1035,0.0,815,477,547,1024,False,,0,effectively accepted
483,124,6,1,5,False,-12.9146,-12.9146,815,159,865,1024,False,,0,effectively rejected
483,250,7,1,6,False,-98.49,-98.49,815,192,832,1024,False,,0,effectively rejected
483,502,8,1,7,False,-12.884,-12.884,815,71,953,1024,False,,0,effectively rejected
483,62,5,0,5,False,-16.6241,-16.6241,1024,671,353,1024,False,,0,effectively rejected
483,125,6,1,5,True,-70.1762,-70.1762,671,316,708,1024,False,,0,effectively rejected
483,126,6,0,6,False,-46.3181,-46.3181,1024,514,510,1024,False,,0,effectively rejected
483,253,7,1,6,True,22.993,0.0,514,481,543,1024,False,,0,effectively accepted
483,254,7,0,7,False,-1.7468,-1.7468,1024,196,828,1024,False,,0,genuinely stochastic
484,0,0,0,0,False,-3.0888,-3.0888,1024,327,697,1024,True,reject,0,genuinely stochastic
484,2,1,0,1,False,-3.0626,-3.0626,1024,603,421,1024,True,reject,0,genuinely stochastic
484,6,2,0,2,False,-7.252,-7.252,1024,295,729,1024,True,reject,0,effectively rejected
484,14,3,0,3,False,-4.9853,-4.9853,1024,385,639,1024,True,reject,0,effectively rejected
484,30,4,0,4,False,-0.4148,-0.4148,1024,982,42,1024,True,accept,0,genuinely stochastic
484,61,5,1,4,True,-44.8581,-44.8581,982,39,985,1024,True,reject,0,effectively rejected
484,124,6,1,5,False,-3.9162,-3.9162,982,544,480,1024,True,reject,0,genuinely stochastic
484,62,5,0,5,False,0.0354,0.0,1024,1003,21,1024,False,,0,effectively accepted
484,125,6,1,5,True,-4.5857,-4.5857,1003,410,614,1024,False,,0,genuinely stochastic
484,126,6,0,6,False,-192.1087,-192.1087,1024,181,843,1024,False,,0,effectively rejected
485,0,0,0,0,False,-52.8103,-52.8103,1024,149,875,1024,True,reject,0,effectively rejected
485,2,1,0,1,False,-23.9365,-23.9365,1024,104,920,1024,True,reject,0,effectively rejected
485,6,2,0,2,False,-7.3013,-7.3013,1024,335,689,1024,True,reject,0,effectively rejected
485,14,3,0,3,False,-0.4505,-0.4505,1024,888,136,1024,True,accept,0,genuinely stochastic
485,29,4,1,3,True,-2.0268,-2.0268,888,829,195,1024,True,accept,0,genuinely stochastic
485,59,5,2,3,True,-25.3574,-25.3574,829,209,815,1024,True,reject,0,effectively rejected
485,120,6,2,4,False,1.1363,0.0,829,797,227,1024,True,accept,0,effectively accepted
485,30,4,0,4,False,-0.5958,-0.5958,1024,704,320,1024,False,,0,genuinely stochastic
485,61,5,1,4,True,-1.1683,-1.1683,704,266,758,1024,False,,0,genuinely stochastic
485,123,6,2,4,True,-111.5854,-111.5854,266,184,840,1024,False,,0,effectively rejected
485,248,7,2,5,False,-74.1731,-74.1731,266,110,914,1024,False,,0,effectively rejected
485,124,6,1,5,False,-53.3072,-53.3072,704,155,869,1024,False,,0,effectively rejected
485,62,5,0,5,False,-2.8501,-2.8501,1024,278,746,1024,False,,0,genuinely stochastic
486,0,0,0,0,False,-47.0862,-47.0862,1024,5,1019,1024,True,reject,0,effectively rejected
486,2,1,0,1,False,-1.0804,-1.0804,1024,374,650,1024,True,accept,0,genuinely stochastic
486,6,2,0,2,False,-0.6475,-0.6475,1024,894,130,1024,False,,0,genuinely stochastic
486,13,3,1,2,True,-2.4767,-2.4767,894,300,724,1024,False,,0,genuinely stochastic
486,28,4,1,3,False,-2.1283,-2.1283,894,795,229,1024,False,,0,genuinely stochastic
486,57,5,2,3,True,-42.4037,-42.4037,795,85,939,1024,False,,0,effectively rejected
486,116,6,2,4,False,-72.1411,-72.1411,795,210,814,1024,False,,0,effectively rejected
486,234,7,2,5,False,-51.8019,-51.8019,795,104,920,1024,False,,0,effectively rejected
486,58,5,1,4,False,-6.3065,-6.3065,894,470,554,1024,False,,0,effectively rejected
486,117,6,2,4,True,-71.196,-71.196,470,170,854,1024,False,,0,effectively rejected
486,118,6,1,5,False,-3.2867,-3.2867,894,505,519,1024,False,,0,genuinely stochastic
486,14,3,0,3,False,-146.738,-146.738,1024,4,1020,1024,False,,0,effectively rejected
486,30,4,0,4,False,-101.8492,-101.8492,1024,101,923,1024,False,,0,effectively rejected
486,62,5,0,5,False,-3.7204,-3.7204,1024,231,793,1024,False,,0,genuinely stochastic
487,0,0,0,0,False,-119.4214,-119.4214,1024,154,870,1024,True,reject,0,effectively rejected
487,2,1,0,1,False,1.5783,0.0,1024,808,216,1024,True,accept,0,effectively accepted
487,5,2,1,1,True,-0.4649,-0.4649,808,780,244,1024,True,reject,0,genuinely stochastic
487,12,3,1,2,False,-9.4408,-9.4408,808,504,520,1024,True,reject,0,effectively rejected
487,6,2,0,2,False,1.5364,0.0,1024,734,290,1024,False,,0,effectively accepted
487,13,3,1,2,True,1.3641,0.0,734,425,599,1024,False,,0,effectively accepted
487,27,4,2,2,True,-8.2604,-8.2604,425,332,692,1024,False,,0,effectively rejected
487,28,4,1,3,False,-57.2991,-57.2991,734,30,994,1024,False,,0,effectively rejected
487,14,3,0,3,False,0.1699,0.0,1024,869,155,1024,False,,0,effectively accepted
487,29,4,1,3,True,-0.197,-0.197,869,466,558,1024,False,,0,genuinely stochastic
487,59,5,2,3,True,-0.197,-0.197,466,466,558,1024,False,,0,genuinely stochastic
487,30,4,0,4,False,-8.8684,-8.8684,1024,280,744,1024,False,,0,effectively rejected
488,0,0,0,0,False,0.3406,0.0,1024,524,500,1024,True,accept,0,effectively accepted
488,1,1,1,0,True,-41.8215,-41.8215,524,80,944,1024,True,reject,0,effectively rejected
488,4,2,1,1,False,-47.5106,-47.5106,524,333,691,1024,True,reject,0,effectively rejected
488,10,3,1,2,False,-65.9884,-65.9884,524,185,839,1024,True,reject,0,effectively rejected
488,2,1,0,1,False,-3.4392,-3.4392,1024,500,524,1024,False,,0,genuinely stochastic
488,6,2,0,2,False,-60.9997,-60.9997,1024,9,1015,1024,False,,0,effectively rejected
488,14,3,0,3,False,-83.9955,-83.9955,1024,103,921,1024,False,,0,effectively rejected
488,30,4,0,4,False,-0.1686,-0.1686,1024,987,37,1024,False,,0,genuinely stochastic
489,0,0,0,0,False,-6.3425,-6.3425,1024,349,675,1024,True,reject,0,effectively rejected
489,2,1,0,1,False,-0.8171,-0.8171,1024,982,42,1024,True,reject,0,genuinely stochastic
489,5,2,1,1,True,-0.9099,-0.9099,982,690,334,1024,False,,0,genuinely stochastic
489,11,3,2,1,True,-28.836,-28.836,690,206,818,1024,False,,0,effectively rejected
489,23,4,3,1,True,-66.252,-66.252,206,109,915,1024,False,,0,effectively rejected
489,24,4,2,2,False,-5.3525,-5.3525,690,467,557,1024,False,,0,effectively rejected
489,49,5,3,2,True,-4.0679,-4.0679,467,446,578,1024,False,,0,genuinely stochastic
489,100,6,3,3,False,-4.9309,-4.9309,467,320,704,1024,False,,0,effectively rejected
489,12,3,1,2,False,-1.4472,-1.4472,982,713,311,1024,False,,0,genuinely stochastic
489,26,4,1,3,False,-106.7566,-106.7566,982,29,995,1024,False,,0,effectively rejected
489,6,2,0,2,False,-1.5147,-1.5147,1024,773,251,1024,True,reject,0,genuinely stochastic
489,14,3,0,3,False,0.2312,0.0,1024,880,144,1024,True,accept,0,effectively accepted
489,29,4,1,3,True,-1.1561,-1.1561,880,794,230,1024,True,reject,0,genuinely stochastic
489,59,5,2,3,True,-143.7919,-143.7919,794,207,817,1024,False,,0,effectively rejected
490,0,0,0,0,False,-3.4437,-3.4437,1024,629,395,1024,True,reject,0,genuinely stochastic
490,2,1,0,1,False,-2.1237,-2.1237,1024,598,426,1024,True,reject,0,genuinely stochastic
490,5,2,1,1,True,-8.4859,-8.4859,598,558,466,1024,False,,0,effectively rejected
490,12,3,1,2,False,-7.6636,-7.6636,598,374,650,1024,False,,0,effectively rejected
490,25,4,2,2,True,-113.6175,-113.6175,374,66,958,1024,False,,0,effectively rejected
490,52,5,2,3,False,-5.0649,-5.0649,374,320,704,1024,False,,0,effectively rejected
490,26,4,1,3,False,-8.2326,-8.2326,598,359,665,1024,False,,0,effectively rejected
490,6,2,0,2,False,-0.9709,-0.9709,1024,587,437,1024,True,accept,0,genuinely stochastic
490,13,3,1,2,True,-94.1906,-94.1906,587,176,848,1024,True,reject,0,effectively rejected
490,28,4,1,3,False,-9.4164,-9.4164,587,246,778,1024,True,reject,0,effectively rejected
490,57,5,2,3,True,-22.5072,-22.5072,246,52,972,1024,False,,0,effectively rejected
490,14,3,0,3,False,-0.8387,-0.8387,1024,891,133,1024,False,,0,genuinely stochastic
491,0,0,0,0,False,-3.7778,-3.7778,1024,518,506,1024,True,reject,0,genuinely stochastic
491,1,1,1,0,True,-31.5983,-31.5983,518,75,949,1024,False,,0,effectively rejected
491,2,1,0,1,False,-4.724,-4.724,1024,108,916,1024,True,reject,0,effectively rejected
491,6,2,0,2,False,-42.6393,-42.6393,1024,196,828,1024,True,reject,0,effectively rejected
491,14,3,0,3,False,-4.3574,-4.3574,1024,544,480,1024,True,reject,0,genuinely stochastic
491,29,4,1,3,True,-138.0164,-138.0164,544,193,831,1024,False,,0,effectively rejected
491,59,5,2,3,True,-38.5202,-38.5202,193,155,869,1024,False,,0,effectively rejected
491,30,4,0,4,False,-60.1585,-60.1585,1024,158,866,1024,True,reject,0,effectively rejected
491,62,5,0,5,False,-0.1851,-0.1851,1024,262,762,1024,True,accept,0,genuinely stochastic
491,126,6,0,6,False,0.0189,0.0,1024,882,142,1024,False,,0,effectively accepted
491,254,7,0,7,False,-63.2821,-63.2821,1024,52,972,1024,False,,0,effectively rejected
492,0,0,0,0,False,-2.0662,-2.0662,1024,440,584,1024,True,reject,0,genuinely stochastic
492,1,1,1,0,True,-2.4227,-2.4227,440,342,682,1024,False,,0,genuinely stochastic
492,3,2,2,0,True,-27.8778,-27.8778,342,185,839,1024,False,,0,effectively rejected
492,7,3,3,0,True,-44.8845,-44.8845,185,23,1001,1024,False,,0,effectively rejected
492,4,2,1,1,False,1.9502,0.0,440,391,633,1024,False,,0,effectively accepted
492,9,3,2,1,True,1.7062,0.0,391,376,648,1024,False,,0,effectively accepted
492,2,1,0,1,False,-0.976,-0.976,1024,639,385,1024,True,reject,0,genuinely stochastic
492,5,2,1,1,True,-0.6371,-0.6371,639,336,688,1024,False,,0,genuinely stochastic
492,11,3,2,1,True,-1.5333,-1.5333,336,312,712,1024,False,,0,genuinely stochastic
492,23,4,3,1,True,-75.336,-75.336,312,109,915,1024,False,,0,effectively rejected
492,24,4,2,2,False,-26.6848,-26.6848,336,1,1023,1024,False,,0,effectively rejected
492,50,5,2,3,False,-63.1313,-63.1313,336,165,859,1024,False,,0,effectively rejected
492,12,3,1,2,False,-3.1378,-3.1378,639,353,671,1024,False,,0,genuinely stochastic
492,26,4,1,3,False,-5.9881,-5.9881,639,532,492,1024,False,,0,effectively rejected
492,6,2,0,2,False,-111.6959,-111.6959,1024,565,459,1024,True,reject,0,effectively rejected
492,14,3,0,3,False,1.1235,0.0,1024,605,419,1024,True,accept,0,effectively accepted
493,0,0,0,0,False,2.7194,0.0,1024,720,304,1024,True,accept,0,effectively accepted
493,1,1,1,0,True,-2.9399,-2.9399,720,591,433,1024,True,reject,0,genuinely stochastic
493,3,2,2,0,True,-60.1299,-60.1299,591,23,1001,1024,False,,0,effectively rejected
493,8,3,2,1,False,-122.3401,-122.3401,591,210,814,1024,False,,0,effectively rejected
493,2,1,0,1,False,-6.2058,-6.2058,1024,281,743,1024,False,,0,effectively rejected
493,6,2,0,2,False,-8.6814,-8.6814,1024,339,685,1024,False,,0,effectively rejected
493,13,3,1,2,True,-66.0878,-66.0878,339,167,857,1024,False,,0,effectively rejected
493,14,3,0,3,False,-61.5254,-61.5254,1024,53,971,1024,False,,0,effectively rejected
493,30,4,0,4,False,0.0379,0.0,1024,1003,21,1024,False,,0,effectively accepted
494,0,0,0,0,False,-0.8253,-0.8253,1024,950,74,1024,True,accept,0,genuinely stochastic
494,1,1,1,0,True,-122.9982,-122.9982,950,101,923,1024,True,reject,0,effectively rejected
494,4,2,1,1,False,-127.9633,-127.9633,950,204,820,1024,True,reject,0,effectively rejected
494,10,3,1,2,False,-30.6631,-30.6631,950,186,838,1024,True,reject,0,effectively rejected
494,22,4,1,3,False,-0.2266,-0.2266,950,787,237,1024,True,accept,0,genuinely stochastic
494,2,1,0,1,False,-1.028,-1.028,1024,934,90,1024,False,,0,genuinely stochastic
494,6,2,0,2,False,-1.09,-1.09,1024,812,212,1024,False,,0,genuinely stochastic
494,13,3,1,2,True,-44.9013,-44.9013,812,634,390,1024,False,,0,effectively rejected
494,27,4,2,2,True,-4.9839,-4.9839,634,427,597,1024,False,,0,effectively rejected
494,55,5,3,2,True,-143.7333,-143.7333,427,57,967,1024,False,,0,effectively rejected
494,28,4,1,3,False,-6.2244,-6.2244,812,741,283,1024,False,,0,effectively rejected
494,14,3,0,3,False,-46.2256,-46.2256,1024,154,870,1024,False,,0,effectively rejected
495,0,0,0,0,False,-122.6914,-122.6914,1024,45,979,1024,True,reject,0,effectively rejected
495,2,1,0,1,False,-6.4214,-6.4214,1024,429,595,1024,True,reject,0,effectively rejected
495,6,2,0,2,False,-0.096,-0.096,1024,1004,20,1024,True,reject,0,genuinely stochastic
495,13,3,1,2,True,-0.8975,-0.8975,1004,928,96,1024,False,,0,genuinely stochastic
495,27,4,2,2,True,0.2331,0.0,928,889,135,1024,False,,0,effectively accepted
495,55,5,3,2,True,-1.2606,-1.2606,889,736,288,1024,False,,0,genuinely stochastic
495,111,6,4,2,True,0.8011,0.0,736,598,426,1024,False,,0,effectively accepted
495,224,7,4,3,False,-46.4928,-46.4928,736,16,1008,1024,False,,0,effectively rejected
495,112,6,3,3,False,-1.2009,-1.2009,889,711,313,1024,False,,0,genuinely stochastic
495,226,7,3,4,False,-64.438,-64.438,889,163,861,1024,False,,0,effectively rejected
495,56,5,2,3,False,-5.6232,-5.6232,928,685,339,1024,False,,0,effectively rejected
495,114,6,2,4,False,-6.2976,-6.2976,928,548,476,1024,False,,0,effectively rejected
495,28,4,1,3,False,-4.5063,-4.5063,1004,361,663,1024,False,,0,genuinely stochastic
495,58,5,1,4,False,-9.011,-9.011,1004,469,555,1024,False,,0,effectively rejected
495,14,3,0,3,False,0.8011,0.0,1024,598,426,1024,True,accept,0,effectively accepted
495,30,4,0,4,False,-46.4928,-46.4928,1024,16,1008,1024,False,,0,effectively rejected
496,0,0,0,0,False,0.4485,0.0,1024,612,412,1024,True,accept,0,effectively accepted
496,1,1,1,0,True,-3.148,-3.148,612,589,435,1024,True,reject,0,genuinely stochastic
496,4,2,1,1,False,5.3668,0.0,612,121,903,1024,True,accept,0,effectively accepted
496,10,3,1,2,False,-41.9956,-41.9956,612,72,952,1024,False,,0,effectively rejected
496,2,1,0,1,False,-52.5288,-52.5288,1024,16,1008,1024,False,,0,effectively rejected
496,6,2,0,2,False,-1.8987,-1.8987,1024,832,192,1024,False,,0,genuinely stochastic
496,13,3,1,2,True,-9.529,-9.529,832,290,734,1024,False,,0,effectively rejected
496,14,3,0,3,False,-1.6821,-1.6821,1024,751,273,1024,False,,0,genuinely stochastic
496,29,4,1,3,True,-58.8725,-58.8725,751,201,823,1024,False,,0,effectively rejected
496,30,4,0,4,False,-4.0053,-4.0053,1024,454,570,1024,False,,0,genuinely stochastic
496,62,5,0,5,False,-46.3929,-46.3929,1024,10,1014,1024,False,,0,effectively rejected
497,0,0,0,0,False,-1.6619,-1.6619,1024,708,316,1024,True,reject,0,genuinely stochastic
497,1,1,1,0,True,22.9796,0.0,708,226,798,1024,False,,0,effectively accepted
497,3,2,2,0,True,-3.4143,-3.4143,226,126,898,1024,False,,0,genuinely stochastic
497,4,2,1,1,False,-53.1871,-53.1871,708,219,805,1024,False,,0,effectively rejected
497,9,3,2,1,True,-87.0821,-87.0821,219,106,918,1024,False,,0,effectively rejected
497,20,4,2,2,False,-67.7486,-67.7486,219,125,899,1024,False,,0,effectively rejected
497,10,3,1,2,False,-0.5043,-0.5043,708,431,593,1024,False,,0,genuinely stochastic
497,22,4,1,3,False,-27.2671,-27.2671,708,264,760,1024,False,,0,effectively rejected
497,46,5,1,4,False,-48.2749,-48.2749,708,382,642,1024,False,,0,effectively rejected
497,2,1,0,1,False,-69.6799,-69.6799,1024,54,970,1024,True,reject,0,effectively rejected
497,6,2,0,2,False,-0.9098,-0.9098,1024,915,109,1024,True,reject,0,genuinely stochastic
497,14,3,0,3,False,-47.7132,-47.7132,1024,68,956,1024,True,reject,0,effectively rejected
497,30,4,0,4,False,-0.7924,-0.7924,1024,671,353,1024,True,reject,0,genuinely stochastic
498,0,0,0,0,False,-128.8592,-128.8592,1024,139,885,1024,True,reject,0,effectively rejected
498,2,1,0,1,False,-136.9256,-136.9256,1024,157,867,1024,True,reject,0,effectively rejected
498,6,2,0,2,False,-73.8173,-73.8173,1024,620,404,1024,True,reject,0,effectively rejected
498,14,3,0,3,False,-21.4818,-21.4818,1024,192,832,1024,True,reject,0,effectively rejected
498,30,4,0,4,False,-76.7064,-76.7064,1024,518,506,1024,True,reject,0,effectively rejected
498,61,5,1,4,True,-41.7619,-41.7619,518,491,533,1024,False,,0,effectively rejected
498,62,5,0,5,False,-44.5536,-44.5536,1024,175,849,1024,True,reject,0,effectively rejected
498,125,6,1,5,True,-31.3959,-31.3959,175,130,894,1024,False,,0,effectively rejected
498,126,6,0,6,False,0.2635,0.0,1024,478,546,1024,True,accept,0,effectively accepted
499,0,0,0,0,False,1.4212,0.0,1024,950,74,1024,True,accept,0,effectively accepted
499,1,1,1,0,True,1.2102,0.0,950,518,506,1024,True,accept,0,effectively accepted
499,4,2,1,1,False,0.4184,0.0,950,591,433,1024,False,,0,effectively accepted
499,9,3,2,1,True,-84.5939,-84.5939,591,75,949,1024,False,,0,effectively rejected
499,19,4,3,1,True,-69.0549,-69.0549,75,41,983,1024,False,,0,effectively rejected
499,20,4,2,2,False,-67.4672,-67.4672,591,265,759,1024,False,,0,effectively rejected
499,41,5,3,2,True,-43.7242,-43.7242,265,35,989,1024,False,,0,effectively rejected
499,10,3,1,2,False,-0.7107,-0.7107,950,877,147,1024,False,,0,genuinely stochastic
499,21,4,2,2,True,-1.3432,-1.3432,877,466,558,1024,False,,0,genuinely stochastic
499,43,5,3,2,True,0.432,0.0,466,462,562,1024,False,,0,effectively accepted
499,22,4,1,3,False,-85.465,-85.465,950,168,856,1024,False,,0,effectively rejected
499,2,1,0,1,False,-0.2284,-0.2284,1024,942,82,1024,False,,0,genuinely stochastic
499,6,2,0,2,False,-23.3418,-23.3418,1024,125,899,1024,False,,0,effectively rejected
499,14,3,0,3,False,-66.7776,-66.7776,1024,414,610,1024,False,,0,effectively rejected
500,0,0,0,0,False,-3.3481,-3.3481,1024,508,516,1024,True,reject,0,genuinely stochastic
500,1,1,1,0,True,-65.1913,-65.1913,508,236,788,1024,False,,0,effectively rejected
500,2,1,0,1,False,-0.8659,-0.8659,1024,737,287,1024,True,reject,0,genuinely stochastic
500,6,2,0,2,False,-2.7818,-2.7818,1024,441,583,1024,True,reject,0,genuinely stochastic
500,14,3,0,3,False,-9.5313,-9.5313,1024,56,968,1024,True,reject,0,effectively rejected
500,30,4,0,4,False,-66.5319,-66.5319,1024,458,566,1024,True,reject,0,effectively rejected
500,61,5,1,4,True,-48.4352,-48.4352,458,304,720,1024,False,,0,effectively rejected
500,62,5,0,5,False,-21.6047,-21.6047,1024,320,704,1024,True,reject,0,effectively rejected
501,0,0,0,0,False,-0.6728,-0.6728,1024,838,186,1024,True,reject,0,genuinely stochastic
501,1,1,1,0,True,-74.5456,-74.5456,838,414,610,1024,False,,0,effectively rejected
501,3,2,2,0,True,-86.4821,-86.4821,414,165,859,1024,False,,0,effectively rejected
501,8,3,2,1,False,-68.3302,-68.3302,414,409,615,1024,False,,0,effectively rejected
501,4,2,1,1,False,0.6098,0.0,838,752,272,1024,False,,0,effectively accepted
501,9,3,2,1,True,-86.4821,-86.4821,752,165,859,1024,False,,0,effectively rejected
501,20,4,2,2,False,-57.1401,-57.1401,752,354,670,1024,False,,0,effectively rejected
501,42,5,2,3,False,-97.1436,-97.1436,752,288,736,1024,False,,0,effectively rejected
501,10,3,1,2,False,1.6622,0.0,838,789,235,1024,False,,0,effectively accepted
501,21,4,2,2,True,-11.5828,-11.5828,789,293,731,1024,False,,0,effectively rejected
501,44,5,2,3,False,-44.0211,-44.0211,789,239,785,1024,False,,0,effectively rejected
501,2,1,0,1,False,-55.7087,-55.7087,1024,163,861,1024,True,reject,0,effectively rejected
501,6,2,0,2,False,-41.8258,-41.8258,1024,247,777,1024,True,reject,0,effectively rejected
501,14,3,0,3,False,-3.6907,-3.6907,1024,372,652,1024,True,reject,0,genuinely stochastic
501,30,4,0,4,False,-7.8997,-7.8997,1024,39,985,1024,True,reject,0,effectively rejected
502,0,0,0,0,False,-136.6065,-136.6065,1024,162,862,1024,True,reject,0,effectively rejected
502,2,1,0,1,False,-82.4354,-82.4354,1024,142,882,1024,True,reject,0,effectively rejected
502,6,2,0,2,False,-1.1116,-1.1116,1024,453,571,1024,True,accept,0,genuinely stochastic
502,14,3,0,3,False,-1.4044,-1.4044,1024,661,363,1024,False,,0,genuinely stochastic
502,29,4,1,3,True,-23.2299,-23.2299,661,270,754,1024,False,,0,effectively rejected
502,59,5,2,3,True,-67.5494,-67.5494,270,191,833,1024,False,,0,effectively rejected
502,60,5,1,4,False,-11.2618,-11.2618,661,257,767,1024,False,,0,effectively rejected
502,122,6,1,5,False,-3.5716,-3.5716,661,188,836,1024,False,,0,genuinely stochastic
502,30,4,0,4,False,-69.6314,-69.6314,1024,364,660,1024,False,,0,effectively rejected
502,62,5,0,5,False,-1.3539,-1.3539,1024,614,410,1024,False,,0,genuinely stochastic
502,125,6,1,5,True,-86.3957,-86.3957,614,281,743,1024,False,,0,effectively rejected
502,126,6,0,6,False,-5.4507,-5.4507,1024,423,601,1024,False,,0,effectively rejected
503,0,0,0,0,False,-1.6343,-1.6343,1024,597,427,1024,True,accept,0,genuinely stochastic
503,1,1,1,0,True,-22.8942,-22.8942,597,293,731,1024,True,reject,0,effectively rejected
503,4,2,1,1,False,-19.4564,-19.4564,597,286,738,1024,True,reject,0,effectively rejected
503,2,1,0,1,False,-75.2823,-75.2823,1024,67,957,1024,False,,0,effectively rejected
503,6,2,0,2,False,-1.4427,-1.4427,1024,833,191,1024,False,,0,genuinely stochastic
503,13,3,1,2,True,-14.3347,-14.3347,833,38,986,1024,False,,0,effectively rejected
503,28,4,1,3,False,-1.8005,-1.8005,833,788,236,1024,False,,0,genuinely stochastic
503,57,5,2,3,True,-67.3782,-67.3782,788,185,839,1024,False,,0,effectively rejected
503,116,6,2,4,False,-80.386,-80.386,788,36,988,1024,False,,0,effectively rejected
503,233,7,3,4,True,-57.0705,-57.0705,36,0,1024,1024,False,,0,effectively rejected
503,58,5,1,4,False,-48.968,-48.968,833,8,1016,1024,False,,0,effectively rejected
503,14,3,0,3,False,-67.7335,-67.7335,1024,219,805,1024,False,,0,effectively rejected
503,30,4,0,4,False,-22.1934,-22.1934,1024,285,739,1024,False,,0,effectively rejected
503,61,5,1,4,True,-68.3168,-68.3168,285,70,954,1024,False,,0,effectively rejected
503,62,5,0,5,False,-1.2514,-1.2514,1024,616,408,1024,False,,0,genuinely stochastic
504,0,0,0,0,False,-42.4727,-42.4727,1024,234,790,1024,True,reject,0,effectively rejected
504,2,1,0,1,False,15.388,0.0,1024,400,624,1024,True,accept,0,effectively accepted
504,6,2,0,2,False,-1.0969,-1.0969,1024,649,375,1024,False,,0,genuinely stochastic
504,14,3,0,3,False,-0.2182,-0.2182,1024,788,236,1024,False,,0,genuinely stochastic
504,30,4,0,4,False,-27.2206,-27.2206,1024,267,757,1024,False,,0,effectively rejected
504,62,5,0,5,False,-44.712,-44.712,1024,79,945,1024,False,,0,effectively rejected
505,0,0,0,0,False,0.0,0.0,1024,1008,16,1024,True,accept,0,effectively accepted
505,1,1,1,0,True,-0.8547,-0.8547,1008,799,225,1024,True,reject,0,genuinely stochastic
505,3,2,2,0,True,0.005,0.0,799,651,373,1024,False,,0,effectively accepted
505,7,3,3,0,True,0.0087,0.0,651,637,387,1024,False,,0,effectively accepted
505,8,3,2,1,False,-93.002,-93.002,799,269,755,1024,False,,0,effectively rejected
505,4,2,1,1,False,-79.609,-79.609,1008,595,429,1024,True,reject,0,effectively rejected
505,9,3,2,1,True,-78.2323,-78.2323,595,440,584,1024,False,,0,effectively rejected
505,10,3,1,2,False,-93.002,-93.002,1008,269,755,1024,True,reject,0,effectively rejected
505,2,1,0,1,False,-13.2168,-13.2168,1024,504,520,1024,False,,0,effectively rejected
505,6,2,0,2,False,-33.9847,-33.9847,1024,7,1017,1024,False,,0,effectively rejected
505,14,3,0,3,False,-0.0531,-0.0531,1024,962,62,1024,False,,0,genuinely stochastic
