source_log,source_line,timestamp,elapsed_seconds,prompt_throughput_tokens_s,generation_throughput_tokens_s,running_requests,waiting_requests,gpu_kv_cache_usage_percent,prefix_cache_hit_rate_percent
dataset-lcb_v6.model-qwen3.5-9b.alpha4.0.steps100.blocks-1.prefetch-budget-8.rank-smallest_cut_diff.cut-entropy4.0.samples20.maxnew1024.seed10086.subtreePrefetch.vllm.log,117,2026-09-09 14:53:55,0.0,100.8,75.7,8,0,1.2,0.0
dataset-lcb_v6.model-qwen3.5-9b.alpha4.0.steps100.blocks-1.prefetch-budget-8.rank-smallest_cut_diff.cut-entropy4.0.samples20.maxnew1024.seed10086.subtreePrefetch.vllm.log,122,2026-09-09 14:54:05,10.0,153.1,518.3,3,0,0.7,0.0
dataset-lcb_v6.model-qwen3.5-9b.alpha4.0.steps100.blocks-1.prefetch-budget-8.rank-smallest_cut_diff.cut-entropy4.0.samples20.maxnew1024.seed10086.subtreePrefetch.vllm.log,127,2026-09-09 14:54:15,20.0,176.6,464.8,2,0,0.5,0.0
dataset-lcb_v6.model-qwen3.5-9b.alpha4.0.steps100.blocks-1.prefetch-budget-8.rank-smallest_cut_diff.cut-entropy4.0.samples20.maxnew1024.seed10086.subtreePrefetch.vllm.log,136,2026-09-09 14:54:25,30.0,521.3,539.3,7,0,1.0,0.0
dataset-lcb_v6.model-qwen3.5-9b.alpha4.0.steps100.blocks-1.prefetch-budget-8.rank-smallest_cut_diff.cut-entropy4.0.samples20.maxnew1024.seed10086.subtreePrefetch.vllm.log,141,2026-09-09 14:54:35,40.0,245.5,590.5,5,0,1.1,0.0
dataset-lcb_v6.model-qwen3.5-9b.alpha4.0.steps100.blocks-1.prefetch-budget-8.rank-smallest_cut_diff.cut-entropy4.0.samples20.maxnew1024.seed10086.subtreePrefetch.vllm.log,146,2026-09-09 14:54:45,50.0,242.0,473.2,2,0,0.5,0.0
dataset-lcb_v6.model-qwen3.5-9b.alpha4.0.steps100.blocks-1.prefetch-budget-8.rank-smallest_cut_diff.cut-entropy4.0.samples20.maxnew1024.seed10086.subtreePrefetch.vllm.log,151,2026-09-09 14:54:55,60.0,212.6,409.1,1,0,0.3,0.0
dataset-lcb_v6.model-qwen3.5-9b.alpha4.0.steps100.blocks-1.prefetch-budget-8.rank-smallest_cut_diff.cut-entropy4.0.samples20.maxnew1024.seed10086.subtreePrefetch.vllm.log,160,2026-09-09 14:55:05,70.0,421.6,434.7,8,0,1.2,0.0
dataset-lcb_v6.model-qwen3.5-9b.alpha4.0.steps100.blocks-1.prefetch-budget-8.rank-smallest_cut_diff.cut-entropy4.0.samples20.maxnew1024.seed10086.subtreePrefetch.vllm.log,165,2026-09-09 14:55:15,80.0,180.3,576.2,6,0,0.9,0.0
dataset-lcb_v6.model-qwen3.5-9b.alpha4.0.steps100.blocks-1.prefetch-budget-8.rank-smallest_cut_diff.cut-entropy4.0.samples20.maxnew1024.seed10086.subtreePrefetch.vllm.log,170,2026-09-09 14:55:25,90.0,171.7,483.9,6,0,1.0,0.0
dataset-lcb_v6.model-qwen3.5-9b.alpha4.0.steps100.blocks-1.prefetch-budget-8.rank-smallest_cut_diff.cut-entropy4.0.samples20.maxnew1024.seed10086.subtreePrefetch.vllm.log,175,2026-09-09 14:55:35,100.0,180.9,497.6,3,0,0.7,0.0
dataset-lcb_v6.model-qwen3.5-9b.alpha4.0.steps100.blocks-1.prefetch-budget-8.rank-smallest_cut_diff.cut-entropy4.0.samples20.maxnew1024.seed10086.subtreePrefetch.vllm.log,180,2026-09-09 14:55:45,110.0,179.4,536.5,1,0,0.3,0.0
dataset-lcb_v6.model-qwen3.5-9b.alpha4.0.steps100.blocks-1.prefetch-budget-8.rank-smallest_cut_diff.cut-entropy4.0.samples20.maxnew1024.seed10086.subtreePrefetch.vllm.log,189,2026-09-09 14:55:55,120.0,415.6,483.1,8,0,1.1,0.0
dataset-lcb_v6.model-qwen3.5-9b.alpha4.0.steps100.blocks-1.prefetch-budget-8.rank-smallest_cut_diff.cut-entropy4.0.samples20.maxnew1024.seed10086.subtreePrefetch.vllm.log,194,2026-09-09 14:56:05,130.0,180.0,643.2,8,0,1.3,0.0
dataset-lcb_v6.model-qwen3.5-9b.alpha4.0.steps100.blocks-1.prefetch-budget-8.rank-smallest_cut_diff.cut-entropy4.0.samples20.maxnew1024.seed10086.subtreePrefetch.vllm.log,199,2026-09-09 14:56:15,140.0,186.4,609.1,7,0,1.4,0.0
dataset-lcb_v6.model-qwen3.5-9b.alpha4.0.steps100.blocks-1.prefetch-budget-8.rank-smallest_cut_diff.cut-entropy4.0.samples20.maxnew1024.seed10086.subtreePrefetch.vllm.log,204,2026-09-09 14:56:25,150.0,200.8,595.6,5,0,1.1,0.0
dataset-lcb_v6.model-qwen3.5-9b.alpha4.0.steps100.blocks-1.prefetch-budget-8.rank-smallest_cut_diff.cut-entropy4.0.samples20.maxnew1024.seed10086.subtreePrefetch.vllm.log,209,2026-09-09 14:56:35,160.0,171.2,583.7,3,0,0.7,0.0
dataset-lcb_v6.model-qwen3.5-9b.alpha4.0.steps100.blocks-1.prefetch-budget-8.rank-smallest_cut_diff.cut-entropy4.0.samples20.maxnew1024.seed10086.subtreePrefetch.vllm.log,218,2026-09-09 14:56:45,170.0,485.6,462.5,5,0,0.8,0.0
dataset-lcb_v6.model-qwen3.5-9b.alpha4.0.steps100.blocks-1.prefetch-budget-8.rank-smallest_cut_diff.cut-entropy4.0.samples20.maxnew1024.seed10086.subtreePrefetch.vllm.log,223,2026-09-09 14:56:55,180.0,209.6,477.1,7,0,1.3,0.0
dataset-lcb_v6.model-qwen3.5-9b.alpha4.0.steps100.blocks-1.prefetch-budget-8.rank-smallest_cut_diff.cut-entropy4.0.samples20.maxnew1024.seed10086.subtreePrefetch.vllm.log,228,2026-09-09 14:57:05,190.0,281.5,544.9,7,0,1.5,0.0
dataset-lcb_v6.model-qwen3.5-9b.alpha4.0.steps100.blocks-1.prefetch-budget-8.rank-smallest_cut_diff.cut-entropy4.0.samples20.maxnew1024.seed10086.subtreePrefetch.vllm.log,233,2026-09-09 14:57:15,200.0,241.7,562.7,5,0,1.1,0.0
dataset-lcb_v6.model-qwen3.5-9b.alpha4.0.steps100.blocks-1.prefetch-budget-8.rank-smallest_cut_diff.cut-entropy4.0.samples20.maxnew1024.seed10086.subtreePrefetch.vllm.log,238,2026-09-09 14:57:25,210.0,181.9,585.0,2,0,0.5,0.0
dataset-lcb_v6.model-qwen3.5-9b.alpha4.0.steps100.blocks-1.prefetch-budget-8.rank-smallest_cut_diff.cut-entropy4.0.samples20.maxnew1024.seed10086.subtreePrefetch.vllm.log,247,2026-09-09 14:57:35,220.0,436.6,409.5,8,0,1.1,0.0
dataset-lcb_v6.model-qwen3.5-9b.alpha4.0.steps100.blocks-1.prefetch-budget-8.rank-smallest_cut_diff.cut-entropy4.0.samples20.maxnew1024.seed10086.subtreePrefetch.vllm.log,252,2026-09-09 14:57:45,230.0,284.2,488.7,7,0,1.3,0.0
dataset-lcb_v6.model-qwen3.5-9b.alpha4.0.steps100.blocks-1.prefetch-budget-8.rank-smallest_cut_diff.cut-entropy4.0.samples20.maxnew1024.seed10086.subtreePrefetch.vllm.log,257,2026-09-09 14:57:55,240.0,187.7,575.6,6,0,1.2,0.0
dataset-lcb_v6.model-qwen3.5-9b.alpha4.0.steps100.blocks-1.prefetch-budget-8.rank-smallest_cut_diff.cut-entropy4.0.samples20.maxnew1024.seed10086.subtreePrefetch.vllm.log,262,2026-09-09 14:58:05,250.0,182.9,582.1,6,0,1.3,0.0
dataset-lcb_v6.model-qwen3.5-9b.alpha4.0.steps100.blocks-1.prefetch-budget-8.rank-smallest_cut_diff.cut-entropy4.0.samples20.maxnew1024.seed10086.subtreePrefetch.vllm.log,267,2026-09-09 14:58:15,260.0,219.5,511.6,3,0,0.7,0.0
dataset-lcb_v6.model-qwen3.5-9b.alpha4.0.steps100.blocks-1.prefetch-budget-8.rank-smallest_cut_diff.cut-entropy4.0.samples20.maxnew1024.seed10086.subtreePrefetch.vllm.log,402,2026-09-09 14:58:25,270.0,105.7,200.7,1,0,0.2,0.0
dataset-lcb_v6.model-qwen3.5-9b.alpha4.0.steps100.blocks-1.prefetch-budget-8.rank-smallest_cut_diff.cut-entropy4.0.samples20.maxnew1024.seed10086.subtreePrefetch.vllm.log,407,2026-09-09 14:58:35,280.0,157.1,453.5,5,0,1.1,0.0
dataset-lcb_v6.model-qwen3.5-9b.alpha4.0.steps100.blocks-1.prefetch-budget-8.rank-smallest_cut_diff.cut-entropy4.0.samples20.maxnew1024.seed10086.subtreePrefetch.vllm.log,412,2026-09-09 14:58:45,290.0,170.3,652.3,1,0,0.3,0.0
dataset-lcb_v6.model-qwen3.5-9b.alpha4.0.steps100.blocks-1.prefetch-budget-8.rank-smallest_cut_diff.cut-entropy4.0.samples20.maxnew1024.seed10086.subtreePrefetch.vllm.log,421,2026-09-09 14:58:55,300.0,368.9,642.0,8,0,1.0,0.0
dataset-lcb_v6.model-qwen3.5-9b.alpha4.0.steps100.blocks-1.prefetch-budget-8.rank-smallest_cut_diff.cut-entropy4.0.samples20.maxnew1024.seed10086.subtreePrefetch.vllm.log,426,2026-09-09 14:59:05,310.0,287.1,748.8,8,0,1.7,0.0
dataset-lcb_v6.model-qwen3.5-9b.alpha4.0.steps100.blocks-1.prefetch-budget-8.rank-smallest_cut_diff.cut-entropy4.0.samples20.maxnew1024.seed10086.subtreePrefetch.vllm.log,431,2026-09-09 14:59:15,320.0,236.3,657.7,6,0,1.4,0.0
dataset-lcb_v6.model-qwen3.5-9b.alpha4.0.steps100.blocks-1.prefetch-budget-8.rank-smallest_cut_diff.cut-entropy4.0.samples20.maxnew1024.seed10086.subtreePrefetch.vllm.log,436,2026-09-09 14:59:25,330.0,193.6,579.8,7,0,1.5,0.0
dataset-lcb_v6.model-qwen3.5-9b.alpha4.0.steps100.blocks-1.prefetch-budget-8.rank-smallest_cut_diff.cut-entropy4.0.samples20.maxnew1024.seed10086.subtreePrefetch.vllm.log,441,2026-09-09 14:59:36,341.0,190.8,598.3,2,0,0.6,0.0
dataset-lcb_v6.model-qwen3.5-9b.alpha4.0.steps100.blocks-1.prefetch-budget-8.rank-smallest_cut_diff.cut-entropy4.0.samples20.maxnew1024.seed10086.subtreePrefetch.vllm.log,446,2026-09-09 14:59:46,351.0,241.7,500.3,2,0,0.6,0.0
dataset-lcb_v6.model-qwen3.5-9b.alpha4.0.steps100.blocks-1.prefetch-budget-8.rank-smallest_cut_diff.cut-entropy4.0.samples20.maxnew1024.seed10086.subtreePrefetch.vllm.log,455,2026-09-09 14:59:56,361.0,531.4,527.6,8,0,1.1,0.0
dataset-lcb_v6.model-qwen3.5-9b.alpha4.0.steps100.blocks-1.prefetch-budget-8.rank-smallest_cut_diff.cut-entropy4.0.samples20.maxnew1024.seed10086.subtreePrefetch.vllm.log,460,2026-09-09 15:00:06,371.0,171.5,578.2,8,0,1.1,0.0
dataset-lcb_v6.model-qwen3.5-9b.alpha4.0.steps100.blocks-1.prefetch-budget-8.rank-smallest_cut_diff.cut-entropy4.0.samples20.maxnew1024.seed10086.subtreePrefetch.vllm.log,465,2026-09-09 15:00:16,381.0,218.1,554.4,8,0,1.4,0.0
dataset-lcb_v6.model-qwen3.5-9b.alpha4.0.steps100.blocks-1.prefetch-budget-8.rank-smallest_cut_diff.cut-entropy4.0.samples20.maxnew1024.seed10086.subtreePrefetch.vllm.log,470,2026-09-09 15:00:26,391.0,202.6,583.6,6,0,1.1,0.0
dataset-lcb_v6.model-qwen3.5-9b.alpha4.0.steps100.blocks-1.prefetch-budget-8.rank-smallest_cut_diff.cut-entropy4.0.samples20.maxnew1024.seed10086.subtreePrefetch.vllm.log,475,2026-09-09 15:00:36,401.0,242.2,582.4,6,0,1.3,0.0
dataset-lcb_v6.model-qwen3.5-9b.alpha4.0.steps100.blocks-1.prefetch-budget-8.rank-smallest_cut_diff.cut-entropy4.0.samples20.maxnew1024.seed10086.subtreePrefetch.vllm.log,480,2026-09-09 15:00:46,411.0,200.6,592.9,6,0,1.3,0.0
dataset-lcb_v6.model-qwen3.5-9b.alpha4.0.steps100.blocks-1.prefetch-budget-8.rank-smallest_cut_diff.cut-entropy4.0.samples20.maxnew1024.seed10086.subtreePrefetch.vllm.log,485,2026-09-09 15:00:56,421.0,183.9,621.2,6,0,1.5,0.0
dataset-lcb_v6.model-qwen3.5-9b.alpha4.0.steps100.blocks-1.prefetch-budget-8.rank-smallest_cut_diff.cut-entropy4.0.samples20.maxnew1024.seed10086.subtreePrefetch.vllm.log,490,2026-09-09 15:01:06,431.0,240.8,670.1,7,0,1.8,0.0
dataset-lcb_v6.model-qwen3.5-9b.alpha4.0.steps100.blocks-1.prefetch-budget-8.rank-smallest_cut_diff.cut-entropy4.0.samples20.maxnew1024.seed10086.subtreePrefetch.vllm.log,495,2026-09-09 15:01:16,441.0,241.3,576.5,1,0,0.3,0.0
dataset-lcb_v6.model-qwen3.5-9b.alpha4.0.steps100.blocks-1.prefetch-budget-8.rank-smallest_cut_diff.cut-entropy4.0.samples20.maxnew1024.seed10086.subtreePrefetch.vllm.log,500,2026-09-09 15:01:26,451.0,295.1,594.1,1,0,0.3,0.0
dataset-lcb_v6.model-qwen3.5-9b.alpha4.0.steps100.blocks-1.prefetch-budget-8.rank-smallest_cut_diff.cut-entropy4.0.samples20.maxnew1024.seed10086.subtreePrefetch.vllm.log,505,2026-09-09 15:01:36,461.0,345.2,543.9,1,0,0.3,0.0
dataset-lcb_v6.model-qwen3.5-9b.alpha4.0.steps100.blocks-1.prefetch-budget-8.rank-smallest_cut_diff.cut-entropy4.0.samples20.maxnew1024.seed10086.subtreePrefetch.vllm.log,514,2026-09-09 15:01:46,471.0,364.9,643.2,7,0,1.1,0.0
dataset-lcb_v6.model-qwen3.5-9b.alpha4.0.steps100.blocks-1.prefetch-budget-8.rank-smallest_cut_diff.cut-entropy4.0.samples20.maxnew1024.seed10086.subtreePrefetch.vllm.log,519,2026-09-09 15:01:56,481.0,262.8,587.6,8,0,1.7,0.0
dataset-lcb_v6.model-qwen3.5-9b.alpha4.0.steps100.blocks-1.prefetch-budget-8.rank-smallest_cut_diff.cut-entropy4.0.samples20.maxnew1024.seed10086.subtreePrefetch.vllm.log,524,2026-09-09 15:02:06,491.0,277.4,666.9,7,0,1.5,0.0
dataset-lcb_v6.model-qwen3.5-9b.alpha4.0.steps100.blocks-1.prefetch-budget-8.rank-smallest_cut_diff.cut-entropy4.0.samples20.maxnew1024.seed10086.subtreePrefetch.vllm.log,529,2026-09-09 15:02:16,501.0,228.0,603.6,5,0,1.1,0.0
dataset-lcb_v6.model-qwen3.5-9b.alpha4.0.steps100.blocks-1.prefetch-budget-8.rank-smallest_cut_diff.cut-entropy4.0.samples20.maxnew1024.seed10086.subtreePrefetch.vllm.log,534,2026-09-09 15:02:26,511.0,267.2,655.3,5,0,1.5,0.0
dataset-lcb_v6.model-qwen3.5-9b.alpha4.0.steps100.blocks-1.prefetch-budget-8.rank-smallest_cut_diff.cut-entropy4.0.samples20.maxnew1024.seed10086.subtreePrefetch.vllm.log,539,2026-09-09 15:02:36,521.0,222.3,652.8,4,0,1.2,0.0
dataset-lcb_v6.model-qwen3.5-9b.alpha4.0.steps100.blocks-1.prefetch-budget-8.rank-smallest_cut_diff.cut-entropy4.0.samples20.maxnew1024.seed10086.subtreePrefetch.vllm.log,544,2026-09-09 15:02:46,531.0,278.9,625.3,3,0,0.9,0.0
dataset-lcb_v6.model-qwen3.5-9b.alpha4.0.steps100.blocks-1.prefetch-budget-8.rank-smallest_cut_diff.cut-entropy4.0.samples20.maxnew1024.seed10086.subtreePrefetch.vllm.log,709,2026-09-09 15:02:56,541.0,345.4,167.1,6,0,1.0,0.0
dataset-lcb_v6.model-qwen3.5-9b.alpha4.0.steps100.blocks-1.prefetch-budget-8.rank-smallest_cut_diff.cut-entropy4.0.samples20.maxnew1024.seed10086.subtreePrefetch.vllm.log,714,2026-09-09 15:03:06,551.0,171.1,308.6,6,0,0.9,0.0
dataset-lcb_v6.model-qwen3.5-9b.alpha4.0.steps100.blocks-1.prefetch-budget-8.rank-smallest_cut_diff.cut-entropy4.0.samples20.maxnew1024.seed10086.subtreePrefetch.vllm.log,719,2026-09-09 15:03:16,561.0,280.6,504.1,4,0,0.9,0.0
dataset-lcb_v6.model-qwen3.5-9b.alpha4.0.steps100.blocks-1.prefetch-budget-8.rank-smallest_cut_diff.cut-entropy4.0.samples20.maxnew1024.seed10086.subtreePrefetch.vllm.log,724,2026-09-09 15:03:26,571.0,229.5,445.8,4,0,0.9,0.0
dataset-lcb_v6.model-qwen3.5-9b.alpha4.0.steps100.blocks-1.prefetch-budget-8.rank-smallest_cut_diff.cut-entropy4.0.samples20.maxnew1024.seed10086.subtreePrefetch.vllm.log,729,2026-09-09 15:03:36,581.0,159.4,543.1,3,0,0.7,0.0
dataset-lcb_v6.model-qwen3.5-9b.alpha4.0.steps100.blocks-1.prefetch-budget-8.rank-smallest_cut_diff.cut-entropy4.0.samples20.maxnew1024.seed10086.subtreePrefetch.vllm.log,734,2026-09-09 15:03:46,591.0,257.4,531.3,3,0,0.9,0.0
dataset-lcb_v6.model-qwen3.5-9b.alpha4.0.steps100.blocks-1.prefetch-budget-8.rank-smallest_cut_diff.cut-entropy4.0.samples20.maxnew1024.seed10086.subtreePrefetch.vllm.log,743,2026-09-09 15:03:56,601.0,404.7,569.2,8,0,1.1,0.0
dataset-lcb_v6.model-qwen3.5-9b.alpha4.0.steps100.blocks-1.prefetch-budget-8.rank-smallest_cut_diff.cut-entropy4.0.samples20.maxnew1024.seed10086.subtreePrefetch.vllm.log,748,2026-09-09 15:04:06,611.0,192.8,648.6,8,0,1.1,0.0
dataset-lcb_v6.model-qwen3.5-9b.alpha4.0.steps100.blocks-1.prefetch-budget-8.rank-smallest_cut_diff.cut-entropy4.0.samples20.maxnew1024.seed10086.subtreePrefetch.vllm.log,753,2026-09-09 15:04:16,621.0,234.3,654.7,7,0,1.2,0.0
dataset-lcb_v6.model-qwen3.5-9b.alpha4.0.steps100.blocks-1.prefetch-budget-8.rank-smallest_cut_diff.cut-entropy4.0.samples20.maxnew1024.seed10086.subtreePrefetch.vllm.log,758,2026-09-09 15:04:26,631.0,260.8,536.3,8,0,1.6,0.0
dataset-lcb_v6.model-qwen3.5-9b.alpha4.0.steps100.blocks-1.prefetch-budget-8.rank-smallest_cut_diff.cut-entropy4.0.samples20.maxnew1024.seed10086.subtreePrefetch.vllm.log,763,2026-09-09 15:04:36,641.0,212.6,554.8,4,0,1.0,0.0
dataset-lcb_v6.model-qwen3.5-9b.alpha4.0.steps100.blocks-1.prefetch-budget-8.rank-smallest_cut_diff.cut-entropy4.0.samples20.maxnew1024.seed10086.subtreePrefetch.vllm.log,768,2026-09-09 15:04:46,651.0,116.7,536.5,7,0,1.6,0.0
dataset-lcb_v6.model-qwen3.5-9b.alpha4.0.steps100.blocks-1.prefetch-budget-8.rank-smallest_cut_diff.cut-entropy4.0.samples20.maxnew1024.seed10086.subtreePrefetch.vllm.log,773,2026-09-09 15:04:56,661.0,236.3,548.5,4,0,0.9,0.0
dataset-lcb_v6.model-qwen3.5-9b.alpha4.0.steps100.blocks-1.prefetch-budget-8.rank-smallest_cut_diff.cut-entropy4.0.samples20.maxnew1024.seed10086.subtreePrefetch.vllm.log,778,2026-09-09 15:05:06,671.0,226.0,584.0,3,0,0.8,0.0
dataset-lcb_v6.model-qwen3.5-9b.alpha4.0.steps100.blocks-1.prefetch-budget-8.rank-smallest_cut_diff.cut-entropy4.0.samples20.maxnew1024.seed10086.subtreePrefetch.vllm.log,783,2026-09-09 15:05:16,681.0,188.0,606.0,4,0,1.0,0.0
dataset-lcb_v6.model-qwen3.5-9b.alpha4.0.steps100.blocks-1.prefetch-budget-8.rank-smallest_cut_diff.cut-entropy4.0.samples20.maxnew1024.seed10086.subtreePrefetch.vllm.log,788,2026-09-09 15:05:26,691.0,237.3,545.6,1,0,0.4,0.0
dataset-lcb_v6.model-qwen3.5-9b.alpha4.0.steps100.blocks-1.prefetch-budget-8.rank-smallest_cut_diff.cut-entropy4.0.samples20.maxnew1024.seed10086.subtreePrefetch.vllm.log,909,2026-09-09 15:05:36,701.0,247.0,148.0,8,0,1.3,0.0
dataset-lcb_v6.model-qwen3.5-9b.alpha4.0.steps100.blocks-1.prefetch-budget-8.rank-smallest_cut_diff.cut-entropy4.0.samples20.maxnew1024.seed10086.subtreePrefetch.vllm.log,914,2026-09-09 15:05:46,711.0,174.6,532.6,4,0,0.9,0.0
dataset-lcb_v6.model-qwen3.5-9b.alpha4.0.steps100.blocks-1.prefetch-budget-8.rank-smallest_cut_diff.cut-entropy4.0.samples20.maxnew1024.seed10086.subtreePrefetch.vllm.log,919,2026-09-09 15:05:56,721.0,57.4,441.2,1,0,0.4,0.0
dataset-lcb_v6.model-qwen3.5-9b.alpha4.0.steps100.blocks-1.prefetch-budget-8.rank-smallest_cut_diff.cut-entropy4.0.samples20.maxnew1024.seed10086.subtreePrefetch.vllm.log,928,2026-09-09 15:06:06,731.0,369.6,455.3,7,0,1.2,0.0
dataset-lcb_v6.model-qwen3.5-9b.alpha4.0.steps100.blocks-1.prefetch-budget-8.rank-smallest_cut_diff.cut-entropy4.0.samples20.maxnew1024.seed10086.subtreePrefetch.vllm.log,933,2026-09-09 15:06:16,741.0,66.7,527.2,3,0,0.5,0.0
dataset-lcb_v6.model-qwen3.5-9b.alpha4.0.steps100.blocks-1.prefetch-budget-8.rank-smallest_cut_diff.cut-entropy4.0.samples20.maxnew1024.seed10086.subtreePrefetch.vllm.log,938,2026-09-09 15:06:26,751.0,287.2,453.7,3,0,1.0,0.0
dataset-lcb_v6.model-qwen3.5-9b.alpha4.0.steps100.blocks-1.prefetch-budget-8.rank-smallest_cut_diff.cut-entropy4.0.samples20.maxnew1024.seed10086.subtreePrefetch.vllm.log,943,2026-09-09 15:06:36,761.0,204.0,410.8,1,0,0.4,0.0
dataset-lcb_v6.model-qwen3.5-9b.alpha4.0.steps100.blocks-1.prefetch-budget-8.rank-smallest_cut_diff.cut-entropy4.0.samples20.maxnew1024.seed10086.subtreePrefetch.vllm.log,952,2026-09-09 15:06:46,771.0,454.6,466.6,7,0,1.0,0.0
dataset-lcb_v6.model-qwen3.5-9b.alpha4.0.steps100.blocks-1.prefetch-budget-8.rank-smallest_cut_diff.cut-entropy4.0.samples20.maxnew1024.seed10086.subtreePrefetch.vllm.log,957,2026-09-09 15:06:56,781.0,284.8,536.3,6,0,1.3,0.0
dataset-lcb_v6.model-qwen3.5-9b.alpha4.0.steps100.blocks-1.prefetch-budget-8.rank-smallest_cut_diff.cut-entropy4.0.samples20.maxnew1024.seed10086.subtreePrefetch.vllm.log,962,2026-09-09 15:07:06,791.0,179.8,517.7,6,0,1.1,0.0
dataset-lcb_v6.model-qwen3.5-9b.alpha4.0.steps100.blocks-1.prefetch-budget-8.rank-smallest_cut_diff.cut-entropy4.0.samples20.maxnew1024.seed10086.subtreePrefetch.vllm.log,967,2026-09-09 15:07:16,801.0,277.7,545.3,5,0,1.1,0.0
dataset-lcb_v6.model-qwen3.5-9b.alpha4.0.steps100.blocks-1.prefetch-budget-8.rank-smallest_cut_diff.cut-entropy4.0.samples20.maxnew1024.seed10086.subtreePrefetch.vllm.log,972,2026-09-09 15:07:26,811.0,200.4,535.7,5,0,1.2,0.0
dataset-lcb_v6.model-qwen3.5-9b.alpha4.0.steps100.blocks-1.prefetch-budget-8.rank-smallest_cut_diff.cut-entropy4.0.samples20.maxnew1024.seed10086.subtreePrefetch.vllm.log,977,2026-09-09 15:07:36,821.0,245.0,471.7,4,0,1.3,0.0
dataset-lcb_v6.model-qwen3.5-9b.alpha4.0.steps100.blocks-1.prefetch-budget-8.rank-smallest_cut_diff.cut-entropy4.0.samples20.maxnew1024.seed10086.subtreePrefetch.vllm.log,982,2026-09-09 15:07:46,831.0,154.1,425.8,1,0,0.4,0.0
dataset-lcb_v6.model-qwen3.5-9b.alpha4.0.steps100.blocks-1.prefetch-budget-8.rank-smallest_cut_diff.cut-entropy4.0.samples20.maxnew1024.seed10086.subtreePrefetch.vllm.log,991,2026-09-09 15:07:56,841.0,354.8,434.5,8,0,1.1,0.0
dataset-lcb_v6.model-qwen3.5-9b.alpha4.0.steps100.blocks-1.prefetch-budget-8.rank-smallest_cut_diff.cut-entropy4.0.samples20.maxnew1024.seed10086.subtreePrefetch.vllm.log,996,2026-09-09 15:08:06,851.0,243.3,594.3,5,0,1.0,0.0
dataset-lcb_v6.model-qwen3.5-9b.alpha4.0.steps100.blocks-1.prefetch-budget-8.rank-smallest_cut_diff.cut-entropy4.0.samples20.maxnew1024.seed10086.subtreePrefetch.vllm.log,1001,2026-09-09 15:08:16,861.0,249.1,468.7,6,0,1.3,0.0
dataset-lcb_v6.model-qwen3.5-9b.alpha4.0.steps100.blocks-1.prefetch-budget-8.rank-smallest_cut_diff.cut-entropy4.0.samples20.maxnew1024.seed10086.subtreePrefetch.vllm.log,1006,2026-09-09 15:08:26,871.0,119.0,427.0,3,0,0.9,0.0
dataset-lcb_v6.model-qwen3.5-9b.alpha4.0.steps100.blocks-1.prefetch-budget-8.rank-smallest_cut_diff.cut-entropy4.0.samples20.maxnew1024.seed10086.subtreePrefetch.vllm.log,1015,2026-09-09 15:08:36,881.0,349.0,401.6,3,0,0.7,0.0
dataset-lcb_v6.model-qwen3.5-9b.alpha4.0.steps100.blocks-1.prefetch-budget-8.rank-smallest_cut_diff.cut-entropy4.0.samples20.maxnew1024.seed10086.subtreePrefetch.vllm.log,1020,2026-09-09 15:08:46,891.0,162.8,341.5,2,0,0.6,0.0
dataset-lcb_v6.model-qwen3.5-9b.alpha4.0.steps100.blocks-1.prefetch-budget-8.rank-smallest_cut_diff.cut-entropy4.0.samples20.maxnew1024.seed10086.subtreePrefetch.vllm.log,1025,2026-09-09 15:08:56,901.0,253.6,441.7,3,0,1.0,0.0
dataset-lcb_v6.model-qwen3.5-9b.alpha4.0.steps100.blocks-1.prefetch-budget-8.rank-smallest_cut_diff.cut-entropy4.0.samples20.maxnew1024.seed10086.subtreePrefetch.vllm.log,1030,2026-09-09 15:09:06,911.0,184.5,429.5,1,0,0.4,0.0
dataset-lcb_v6.model-qwen3.5-9b.alpha4.0.steps100.blocks-1.prefetch-budget-8.rank-smallest_cut_diff.cut-entropy4.0.samples20.maxnew1024.seed10086.subtreePrefetch.vllm.log,1039,2026-09-09 15:09:16,921.0,488.2,428.7,7,0,1.6,0.0
dataset-lcb_v6.model-qwen3.5-9b.alpha4.0.steps100.blocks-1.prefetch-budget-8.rank-smallest_cut_diff.cut-entropy4.0.samples20.maxnew1024.seed10086.subtreePrefetch.vllm.log,1044,2026-09-09 15:09:26,931.0,65.6,351.4,2,0,0.6,0.0
dataset-lcb_v6.model-qwen3.5-9b.alpha4.0.steps100.blocks-1.prefetch-budget-8.rank-smallest_cut_diff.cut-entropy4.0.samples20.maxnew1024.seed10086.subtreePrefetch.vllm.log,1174,2026-09-09 15:09:36,941.0,83.9,126.7,1,0,0.3,0.0
dataset-lcb_v6.model-qwen3.5-9b.alpha4.0.steps100.blocks-1.prefetch-budget-8.rank-smallest_cut_diff.cut-entropy4.0.samples20.maxnew1024.seed10086.subtreePrefetch.vllm.log,1179,2026-09-09 15:09:46,951.0,209.7,302.0,3,0,0.9,0.0
dataset-lcb_v6.model-qwen3.5-9b.alpha4.0.steps100.blocks-1.prefetch-budget-8.rank-smallest_cut_diff.cut-entropy4.0.samples20.maxnew1024.seed10086.subtreePrefetch.vllm.log,1184,2026-09-09 15:09:56,961.0,223.7,442.8,2,0,0.7,0.0
dataset-lcb_v6.model-qwen3.5-9b.alpha4.0.steps100.blocks-1.prefetch-budget-8.rank-smallest_cut_diff.cut-entropy4.0.samples20.maxnew1024.seed10086.subtreePrefetch.vllm.log,1193,2026-09-09 15:10:06,971.0,392.4,490.1,6,0,0.9,0.0
dataset-lcb_v6.model-qwen3.5-9b.alpha4.0.steps100.blocks-1.prefetch-budget-8.rank-smallest_cut_diff.cut-entropy4.0.samples20.maxnew1024.seed10086.subtreePrefetch.vllm.log,1198,2026-09-09 15:10:16,981.0,195.5,409.7,7,0,1.1,0.0
dataset-lcb_v6.model-qwen3.5-9b.alpha4.0.steps100.blocks-1.prefetch-budget-8.rank-smallest_cut_diff.cut-entropy4.0.samples20.maxnew1024.seed10086.subtreePrefetch.vllm.log,1203,2026-09-09 15:10:26,991.0,133.0,503.3,4,0,0.7,0.0
dataset-lcb_v6.model-qwen3.5-9b.alpha4.0.steps100.blocks-1.prefetch-budget-8.rank-smallest_cut_diff.cut-entropy4.0.samples20.maxnew1024.seed10086.subtreePrefetch.vllm.log,1208,2026-09-09 15:10:36,1001.0,193.8,570.6,6,0,1.4,0.0
dataset-lcb_v6.model-qwen3.5-9b.alpha4.0.steps100.blocks-1.prefetch-budget-8.rank-smallest_cut_diff.cut-entropy4.0.samples20.maxnew1024.seed10086.subtreePrefetch.vllm.log,1217,2026-09-09 15:10:46,1011.0,372.4,417.8,8,0,1.0,0.0
dataset-lcb_v6.model-qwen3.5-9b.alpha4.0.steps100.blocks-1.prefetch-budget-8.rank-smallest_cut_diff.cut-entropy4.0.samples20.maxnew1024.seed10086.subtreePrefetch.vllm.log,1222,2026-09-09 15:10:56,1021.0,203.3,520.0,5,0,1.1,0.0
dataset-lcb_v6.model-qwen3.5-9b.alpha4.0.steps100.blocks-1.prefetch-budget-8.rank-smallest_cut_diff.cut-entropy4.0.samples20.maxnew1024.seed10086.subtreePrefetch.vllm.log,1227,2026-09-09 15:11:06,1031.0,134.1,394.6,3,0,0.7,0.0
dataset-lcb_v6.model-qwen3.5-9b.alpha4.0.steps100.blocks-1.prefetch-budget-8.rank-smallest_cut_diff.cut-entropy4.0.samples20.maxnew1024.seed10086.subtreePrefetch.vllm.log,1236,2026-09-09 15:11:16,1041.0,327.4,517.8,7,0,0.8,0.0
dataset-lcb_v6.model-qwen3.5-9b.alpha4.0.steps100.blocks-1.prefetch-budget-8.rank-smallest_cut_diff.cut-entropy4.0.samples20.maxnew1024.seed10086.subtreePrefetch.vllm.log,1241,2026-09-09 15:11:26,1051.0,104.6,580.4,6,0,1.1,0.0
dataset-lcb_v6.model-qwen3.5-9b.alpha4.0.steps100.blocks-1.prefetch-budget-8.rank-smallest_cut_diff.cut-entropy4.0.samples20.maxnew1024.seed10086.subtreePrefetch.vllm.log,1246,2026-09-09 15:11:36,1061.0,152.0,597.2,5,0,1.1,0.0
dataset-lcb_v6.model-qwen3.5-9b.alpha4.0.steps100.blocks-1.prefetch-budget-8.rank-smallest_cut_diff.cut-entropy4.0.samples20.maxnew1024.seed10086.subtreePrefetch.vllm.log,1255,2026-09-09 15:11:46,1071.0,378.0,485.6,8,0,1.1,0.0
dataset-lcb_v6.model-qwen3.5-9b.alpha4.0.steps100.blocks-1.prefetch-budget-8.rank-smallest_cut_diff.cut-entropy4.0.samples20.maxnew1024.seed10086.subtreePrefetch.vllm.log,1260,2026-09-09 15:11:56,1081.0,122.3,628.7,7,0,0.8,0.0
dataset-lcb_v6.model-qwen3.5-9b.alpha4.0.steps100.blocks-1.prefetch-budget-8.rank-smallest_cut_diff.cut-entropy4.0.samples20.maxnew1024.seed10086.subtreePrefetch.vllm.log,1265,2026-09-09 15:12:06,1091.0,169.6,599.8,6,0,1.1,0.0
dataset-lcb_v6.model-qwen3.5-9b.alpha4.0.steps100.blocks-1.prefetch-budget-8.rank-smallest_cut_diff.cut-entropy4.0.samples20.maxnew1024.seed10086.subtreePrefetch.vllm.log,1270,2026-09-09 15:12:16,1101.0,153.1,638.8,6,0,1.5,0.0
dataset-lcb_v6.model-qwen3.5-9b.alpha4.0.steps100.blocks-1.prefetch-budget-8.rank-smallest_cut_diff.cut-entropy4.0.samples20.maxnew1024.seed10086.subtreePrefetch.vllm.log,1279,2026-09-09 15:12:26,1111.0,433.1,333.3,4,0,0.5,0.0
dataset-lcb_v6.model-qwen3.5-9b.alpha4.0.steps100.blocks-1.prefetch-budget-8.rank-smallest_cut_diff.cut-entropy4.0.samples20.maxnew1024.seed10086.subtreePrefetch.vllm.log,1284,2026-09-09 15:12:36,1121.0,188.2,398.5,1,0,0.4,0.0
dataset-lcb_v6.model-qwen3.5-9b.alpha4.0.steps100.blocks-1.prefetch-budget-8.rank-smallest_cut_diff.cut-entropy4.0.samples20.maxnew1024.seed10086.subtreePrefetch.vllm.log,1293,2026-09-09 15:12:46,1131.0,386.2,423.8,8,0,1.0,0.0
dataset-lcb_v6.model-qwen3.5-9b.alpha4.0.steps100.blocks-1.prefetch-budget-8.rank-smallest_cut_diff.cut-entropy4.0.samples20.maxnew1024.seed10086.subtreePrefetch.vllm.log,1298,2026-09-09 15:12:56,1141.0,175.8,482.8,5,0,1.1,0.0
dataset-lcb_v6.model-qwen3.5-9b.alpha4.0.steps100.blocks-1.prefetch-budget-8.rank-smallest_cut_diff.cut-entropy4.0.samples20.maxnew1024.seed10086.subtreePrefetch.vllm.log,1303,2026-09-09 15:13:06,1151.0,163.6,451.9,4,0,1.0,0.0
dataset-lcb_v6.model-qwen3.5-9b.alpha4.0.steps100.blocks-1.prefetch-budget-8.rank-smallest_cut_diff.cut-entropy4.0.samples20.maxnew1024.seed10086.subtreePrefetch.vllm.log,1308,2026-09-09 15:13:16,1161.0,153.8,420.8,2,0,0.5,0.0
dataset-lcb_v6.model-qwen3.5-9b.alpha4.0.steps100.blocks-1.prefetch-budget-8.rank-smallest_cut_diff.cut-entropy4.0.samples20.maxnew1024.seed10086.subtreePrefetch.vllm.log,1317,2026-09-09 15:13:26,1171.0,284.3,478.1,5,0,0.8,0.0
dataset-lcb_v6.model-qwen3.5-9b.alpha4.0.steps100.blocks-1.prefetch-budget-8.rank-smallest_cut_diff.cut-entropy4.0.samples20.maxnew1024.seed10086.subtreePrefetch.vllm.log,1322,2026-09-09 15:13:36,1181.0,186.0,461.3,3,0,1.0,0.0
dataset-lcb_v6.model-qwen3.5-9b.alpha4.0.steps100.blocks-1.prefetch-budget-8.rank-smallest_cut_diff.cut-entropy4.0.samples20.maxnew1024.seed10086.subtreePrefetch.vllm.log,1445,2026-09-09 15:13:46,1191.0,35.4,139.1,1,0,0.3,0.0
dataset-lcb_v6.model-qwen3.5-9b.alpha4.0.steps100.blocks-1.prefetch-budget-8.rank-smallest_cut_diff.cut-entropy4.0.samples20.maxnew1024.seed10086.subtreePrefetch.vllm.log,1454,2026-09-09 15:13:56,1201.0,387.0,454.7,6,0,0.8,0.0
dataset-lcb_v6.model-qwen3.5-9b.alpha4.0.steps100.blocks-1.prefetch-budget-8.rank-smallest_cut_diff.cut-entropy4.0.samples20.maxnew1024.seed10086.subtreePrefetch.vllm.log,1459,2026-09-09 15:14:06,1211.0,250.2,492.3,5,0,1.1,0.0
dataset-lcb_v6.model-qwen3.5-9b.alpha4.0.steps100.blocks-1.prefetch-budget-8.rank-smallest_cut_diff.cut-entropy4.0.samples20.maxnew1024.seed10086.subtreePrefetch.vllm.log,1464,2026-09-09 15:14:16,1221.0,204.4,448.1,4,0,1.0,0.0
dataset-lcb_v6.model-qwen3.5-9b.alpha4.0.steps100.blocks-1.prefetch-budget-8.rank-smallest_cut_diff.cut-entropy4.0.samples20.maxnew1024.seed10086.subtreePrefetch.vllm.log,1469,2026-09-09 15:14:26,1231.0,163.7,602.5,5,0,1.3,0.0
dataset-lcb_v6.model-qwen3.5-9b.alpha4.0.steps100.blocks-1.prefetch-budget-8.rank-smallest_cut_diff.cut-entropy4.0.samples20.maxnew1024.seed10086.subtreePrefetch.vllm.log,1474,2026-09-09 15:14:36,1241.0,223.9,484.2,1,0,0.3,0.0
dataset-lcb_v6.model-qwen3.5-9b.alpha4.0.steps100.blocks-1.prefetch-budget-8.rank-smallest_cut_diff.cut-entropy4.0.samples20.maxnew1024.seed10086.subtreePrefetch.vllm.log,1479,2026-09-09 15:14:46,1251.0,156.1,528.2,0,0,0.0,0.0
dataset-lcb_v6.model-qwen3.5-9b.alpha4.0.steps100.blocks-1.prefetch-budget-8.rank-smallest_cut_diff.cut-entropy4.0.samples20.maxnew1024.seed10086.subtreePrefetch.vllm.log,1488,2026-09-09 15:14:56,1261.0,430.6,543.6,6,0,0.9,0.0
dataset-lcb_v6.model-qwen3.5-9b.alpha4.0.steps100.blocks-1.prefetch-budget-8.rank-smallest_cut_diff.cut-entropy4.0.samples20.maxnew1024.seed10086.subtreePrefetch.vllm.log,1493,2026-09-09 15:15:06,1271.0,196.6,502.4,6,0,1.2,0.0
dataset-lcb_v6.model-qwen3.5-9b.alpha4.0.steps100.blocks-1.prefetch-budget-8.rank-smallest_cut_diff.cut-entropy4.0.samples20.maxnew1024.seed10086.subtreePrefetch.vllm.log,1498,2026-09-09 15:15:16,1281.0,159.1,531.6,7,0,1.3,0.0
dataset-lcb_v6.model-qwen3.5-9b.alpha4.0.steps100.blocks-1.prefetch-budget-8.rank-smallest_cut_diff.cut-entropy4.0.samples20.maxnew1024.seed10086.subtreePrefetch.vllm.log,1503,2026-09-09 15:15:26,1291.0,165.2,437.3,1,0,0.3,0.0
dataset-lcb_v6.model-qwen3.5-9b.alpha4.0.steps100.blocks-1.prefetch-budget-8.rank-smallest_cut_diff.cut-entropy4.0.samples20.maxnew1024.seed10086.subtreePrefetch.vllm.log,1508,2026-09-09 15:15:36,1301.0,153.6,428.3,1,0,0.3,0.0
dataset-lcb_v6.model-qwen3.5-9b.alpha4.0.steps100.blocks-1.prefetch-budget-8.rank-smallest_cut_diff.cut-entropy4.0.samples20.maxnew1024.seed10086.subtreePrefetch.vllm.log,1517,2026-09-09 15:15:46,1311.0,459.1,492.5,6,0,0.9,0.0
dataset-lcb_v6.model-qwen3.5-9b.alpha4.0.steps100.blocks-1.prefetch-budget-8.rank-smallest_cut_diff.cut-entropy4.0.samples20.maxnew1024.seed10086.subtreePrefetch.vllm.log,1522,2026-09-09 15:15:56,1321.0,176.6,536.8,4,0,0.8,0.0
dataset-lcb_v6.model-qwen3.5-9b.alpha4.0.steps100.blocks-1.prefetch-budget-8.rank-smallest_cut_diff.cut-entropy4.0.samples20.maxnew1024.seed10086.subtreePrefetch.vllm.log,1527,2026-09-09 15:16:06,1331.0,231.7,442.1,1,0,0.3,0.0
dataset-lcb_v6.model-qwen3.5-9b.alpha4.0.steps100.blocks-1.prefetch-budget-8.rank-smallest_cut_diff.cut-entropy4.0.samples20.maxnew1024.seed10086.subtreePrefetch.vllm.log,1536,2026-09-09 15:16:16,1341.0,374.2,567.6,7,0,1.2,0.0
dataset-lcb_v6.model-qwen3.5-9b.alpha4.0.steps100.blocks-1.prefetch-budget-8.rank-smallest_cut_diff.cut-entropy4.0.samples20.maxnew1024.seed10086.subtreePrefetch.vllm.log,1541,2026-09-09 15:16:26,1351.0,201.5,528.8,6,0,1.3,0.0
dataset-lcb_v6.model-qwen3.5-9b.alpha4.0.steps100.blocks-1.prefetch-budget-8.rank-smallest_cut_diff.cut-entropy4.0.samples20.maxnew1024.seed10086.subtreePrefetch.vllm.log,1550,2026-09-09 15:16:36,1361.0,420.1,498.7,7,0,1.2,0.0
dataset-lcb_v6.model-qwen3.5-9b.alpha4.0.steps100.blocks-1.prefetch-budget-8.rank-smallest_cut_diff.cut-entropy4.0.samples20.maxnew1024.seed10086.subtreePrefetch.vllm.log,1555,2026-09-09 15:16:46,1371.0,156.6,487.1,6,0,0.9,0.0
dataset-lcb_v6.model-qwen3.5-9b.alpha4.0.steps100.blocks-1.prefetch-budget-8.rank-smallest_cut_diff.cut-entropy4.0.samples20.maxnew1024.seed10086.subtreePrefetch.vllm.log,1560,2026-09-09 15:16:56,1381.0,139.4,523.8,4,0,0.9,0.0
dataset-lcb_v6.model-qwen3.5-9b.alpha4.0.steps100.blocks-1.prefetch-budget-8.rank-smallest_cut_diff.cut-entropy4.0.samples20.maxnew1024.seed10086.subtreePrefetch.vllm.log,1565,2026-09-09 15:17:06,1391.0,150.1,384.0,1,0,0.3,0.0
dataset-lcb_v6.model-qwen3.5-9b.alpha4.0.steps100.blocks-1.prefetch-budget-8.rank-smallest_cut_diff.cut-entropy4.0.samples20.maxnew1024.seed10086.subtreePrefetch.vllm.log,1682,2026-09-09 15:17:16,1401.0,277.2,149.6,8,0,1.2,0.0
dataset-lcb_v6.model-qwen3.5-9b.alpha4.0.steps100.blocks-1.prefetch-budget-8.rank-smallest_cut_diff.cut-entropy4.0.samples20.maxnew1024.seed10086.subtreePrefetch.vllm.log,1687,2026-09-09 15:17:26,1411.0,292.6,524.6,7,0,1.5,0.0
dataset-lcb_v6.model-qwen3.5-9b.alpha4.0.steps100.blocks-1.prefetch-budget-8.rank-smallest_cut_diff.cut-entropy4.0.samples20.maxnew1024.seed10086.subtreePrefetch.vllm.log,1692,2026-09-09 15:17:36,1421.0,153.9,468.0,1,0,0.4,0.0
dataset-lcb_v6.model-qwen3.5-9b.alpha4.0.steps100.blocks-1.prefetch-budget-8.rank-smallest_cut_diff.cut-entropy4.0.samples20.maxnew1024.seed10086.subtreePrefetch.vllm.log,1701,2026-09-09 15:17:46,1431.0,563.5,450.1,8,0,1.0,0.0
dataset-lcb_v6.model-qwen3.5-9b.alpha4.0.steps100.blocks-1.prefetch-budget-8.rank-smallest_cut_diff.cut-entropy4.0.samples20.maxnew1024.seed10086.subtreePrefetch.vllm.log,1706,2026-09-09 15:17:56,1441.0,244.5,530.0,7,0,1.3,0.0
dataset-lcb_v6.model-qwen3.5-9b.alpha4.0.steps100.blocks-1.prefetch-budget-8.rank-smallest_cut_diff.cut-entropy4.0.samples20.maxnew1024.seed10086.subtreePrefetch.vllm.log,1711,2026-09-09 15:18:06,1451.0,142.1,470.3,2,0,0.3,0.0
dataset-lcb_v6.model-qwen3.5-9b.alpha4.0.steps100.blocks-1.prefetch-budget-8.rank-smallest_cut_diff.cut-entropy4.0.samples20.maxnew1024.seed10086.subtreePrefetch.vllm.log,1716,2026-09-09 15:18:16,1461.0,263.0,403.1,1,0,0.4,0.0
dataset-lcb_v6.model-qwen3.5-9b.alpha4.0.steps100.blocks-1.prefetch-budget-8.rank-smallest_cut_diff.cut-entropy4.0.samples20.maxnew1024.seed10086.subtreePrefetch.vllm.log,1721,2026-09-09 15:18:26,1471.0,144.4,337.4,1,0,0.3,0.0
dataset-lcb_v6.model-qwen3.5-9b.alpha4.0.steps100.blocks-1.prefetch-budget-8.rank-smallest_cut_diff.cut-entropy4.0.samples20.maxnew1024.seed10086.subtreePrefetch.vllm.log,1726,2026-09-09 15:18:36,1481.0,263.2,467.1,1,0,0.4,0.0
dataset-lcb_v6.model-qwen3.5-9b.alpha4.0.steps100.blocks-1.prefetch-budget-8.rank-smallest_cut_diff.cut-entropy4.0.samples20.maxnew1024.seed10086.subtreePrefetch.vllm.log,1735,2026-09-09 15:18:46,1491.0,376.0,449.3,8,0,1.0,0.0
dataset-lcb_v6.model-qwen3.5-9b.alpha4.0.steps100.blocks-1.prefetch-budget-8.rank-smallest_cut_diff.cut-entropy4.0.samples20.maxnew1024.seed10086.subtreePrefetch.vllm.log,1740,2026-09-09 15:18:56,1501.0,145.8,539.9,5,0,1.0,0.0
dataset-lcb_v6.model-qwen3.5-9b.alpha4.0.steps100.blocks-1.prefetch-budget-8.rank-smallest_cut_diff.cut-entropy4.0.samples20.maxnew1024.seed10086.subtreePrefetch.vllm.log,1745,2026-09-09 15:19:06,1511.0,131.5,443.6,4,0,0.8,0.0
dataset-lcb_v6.model-qwen3.5-9b.alpha4.0.steps100.blocks-1.prefetch-budget-8.rank-smallest_cut_diff.cut-entropy4.0.samples20.maxnew1024.seed10086.subtreePrefetch.vllm.log,1750,2026-09-09 15:19:16,1521.0,151.6,478.8,4,0,0.8,0.0
dataset-lcb_v6.model-qwen3.5-9b.alpha4.0.steps100.blocks-1.prefetch-budget-8.rank-smallest_cut_diff.cut-entropy4.0.samples20.maxnew1024.seed10086.subtreePrefetch.vllm.log,1755,2026-09-09 15:19:26,1531.0,137.2,447.4,4,0,0.9,0.0
dataset-lcb_v6.model-qwen3.5-9b.alpha4.0.steps100.blocks-1.prefetch-budget-8.rank-smallest_cut_diff.cut-entropy4.0.samples20.maxnew1024.seed10086.subtreePrefetch.vllm.log,1760,2026-09-09 15:19:36,1541.0,273.0,510.9,6,0,1.5,0.0
dataset-lcb_v6.model-qwen3.5-9b.alpha4.0.steps100.blocks-1.prefetch-budget-8.rank-smallest_cut_diff.cut-entropy4.0.samples20.maxnew1024.seed10086.subtreePrefetch.vllm.log,1765,2026-09-09 15:19:46,1551.0,133.5,577.7,5,0,1.3,0.0
dataset-lcb_v6.model-qwen3.5-9b.alpha4.0.steps100.blocks-1.prefetch-budget-8.rank-smallest_cut_diff.cut-entropy4.0.samples20.maxnew1024.seed10086.subtreePrefetch.vllm.log,1770,2026-09-09 15:19:56,1561.0,159.1,525.7,3,0,0.9,0.0
dataset-lcb_v6.model-qwen3.5-9b.alpha4.0.steps100.blocks-1.prefetch-budget-8.rank-smallest_cut_diff.cut-entropy4.0.samples20.maxnew1024.seed10086.subtreePrefetch.vllm.log,1775,2026-09-09 15:20:06,1571.0,176.1,332.8,1,0,0.4,0.0
dataset-lcb_v6.model-qwen3.5-9b.alpha4.0.steps100.blocks-1.prefetch-budget-8.rank-smallest_cut_diff.cut-entropy4.0.samples20.maxnew1024.seed10086.subtreePrefetch.vllm.log,1784,2026-09-09 15:20:16,1581.0,302.3,341.9,8,0,1.0,0.0
dataset-lcb_v6.model-qwen3.5-9b.alpha4.0.steps100.blocks-1.prefetch-budget-8.rank-smallest_cut_diff.cut-entropy4.0.samples20.maxnew1024.seed10086.subtreePrefetch.vllm.log,1789,2026-09-09 15:20:26,1591.0,193.0,538.1,8,0,1.4,0.0
dataset-lcb_v6.model-qwen3.5-9b.alpha4.0.steps100.blocks-1.prefetch-budget-8.rank-smallest_cut_diff.cut-entropy4.0.samples20.maxnew1024.seed10086.subtreePrefetch.vllm.log,1794,2026-09-09 15:20:36,1601.0,75.7,517.6,4,0,0.6,0.0
dataset-lcb_v6.model-qwen3.5-9b.alpha4.0.steps100.blocks-1.prefetch-budget-8.rank-smallest_cut_diff.cut-entropy4.0.samples20.maxnew1024.seed10086.subtreePrefetch.vllm.log,1873,2026-09-09 15:20:46,1611.0,57.0,238.2,1,0,0.3,0.0
dataset-lcb_v6.model-qwen3.5-9b.alpha4.0.steps100.blocks-1.prefetch-budget-8.rank-smallest_cut_diff.cut-entropy4.0.samples20.maxnew1024.seed10086.subtreePrefetch.vllm.log,1878,2026-09-09 15:20:56,1621.0,282.6,262.4,2,0,0.5,0.0
dataset-lcb_v6.model-qwen3.5-9b.alpha4.0.steps100.blocks-1.prefetch-budget-8.rank-smallest_cut_diff.cut-entropy4.0.samples20.maxnew1024.seed10086.subtreePrefetch.vllm.log,1887,2026-09-09 15:21:06,1631.0,568.3,414.3,8,0,1.2,0.0
dataset-lcb_v6.model-qwen3.5-9b.alpha4.0.steps100.blocks-1.prefetch-budget-8.rank-smallest_cut_diff.cut-entropy4.0.samples20.maxnew1024.seed10086.subtreePrefetch.vllm.log,1892,2026-09-09 15:21:16,1641.0,254.1,501.7,4,0,1.0,0.0
dataset-lcb_v6.model-qwen3.5-9b.alpha4.0.steps100.blocks-1.prefetch-budget-8.rank-smallest_cut_diff.cut-entropy4.0.samples20.maxnew1024.seed10086.subtreePrefetch.vllm.log,1897,2026-09-09 15:21:26,1651.0,232.4,464.4,1,0,0.3,0.0
dataset-lcb_v6.model-qwen3.5-9b.alpha4.0.steps100.blocks-1.prefetch-budget-8.rank-smallest_cut_diff.cut-entropy4.0.samples20.maxnew1024.seed10086.subtreePrefetch.vllm.log,1902,2026-09-09 15:21:36,1661.0,226.8,367.6,2,0,0.5,0.0
dataset-lcb_v6.model-qwen3.5-9b.alpha4.0.steps100.blocks-1.prefetch-budget-8.rank-smallest_cut_diff.cut-entropy4.0.samples20.maxnew1024.seed10086.subtreePrefetch.vllm.log,1911,2026-09-09 15:21:46,1671.0,306.1,498.1,8,0,1.0,0.0
dataset-lcb_v6.model-qwen3.5-9b.alpha4.0.steps100.blocks-1.prefetch-budget-8.rank-smallest_cut_diff.cut-entropy4.0.samples20.maxnew1024.seed10086.subtreePrefetch.vllm.log,1916,2026-09-09 15:21:56,1681.0,166.5,508.0,8,0,1.1,0.0
dataset-lcb_v6.model-qwen3.5-9b.alpha4.0.steps100.blocks-1.prefetch-budget-8.rank-smallest_cut_diff.cut-entropy4.0.samples20.maxnew1024.seed10086.subtreePrefetch.vllm.log,1921,2026-09-09 15:22:06,1691.0,286.8,549.7,6,0,1.0,0.0
dataset-lcb_v6.model-qwen3.5-9b.alpha4.0.steps100.blocks-1.prefetch-budget-8.rank-smallest_cut_diff.cut-entropy4.0.samples20.maxnew1024.seed10086.subtreePrefetch.vllm.log,1926,2026-09-09 15:22:16,1701.0,219.4,484.3,8,0,1.4,0.0
dataset-lcb_v6.model-qwen3.5-9b.alpha4.0.steps100.blocks-1.prefetch-budget-8.rank-smallest_cut_diff.cut-entropy4.0.samples20.maxnew1024.seed10086.subtreePrefetch.vllm.log,1931,2026-09-09 15:22:26,1711.0,203.7,580.5,5,0,0.8,0.0
dataset-lcb_v6.model-qwen3.5-9b.alpha4.0.steps100.blocks-1.prefetch-budget-8.rank-smallest_cut_diff.cut-entropy4.0.samples20.maxnew1024.seed10086.subtreePrefetch.vllm.log,1936,2026-09-09 15:22:36,1721.0,173.9,466.6,6,0,1.0,0.0
dataset-lcb_v6.model-qwen3.5-9b.alpha4.0.steps100.blocks-1.prefetch-budget-8.rank-smallest_cut_diff.cut-entropy4.0.samples20.maxnew1024.seed10086.subtreePrefetch.vllm.log,1941,2026-09-09 15:22:46,1731.0,152.1,572.3,7,0,1.2,0.0
dataset-lcb_v6.model-qwen3.5-9b.alpha4.0.steps100.blocks-1.prefetch-budget-8.rank-smallest_cut_diff.cut-entropy4.0.samples20.maxnew1024.seed10086.subtreePrefetch.vllm.log,1946,2026-09-09 15:22:56,1741.0,245.2,589.5,4,0,0.9,0.0
dataset-lcb_v6.model-qwen3.5-9b.alpha4.0.steps100.blocks-1.prefetch-budget-8.rank-smallest_cut_diff.cut-entropy4.0.samples20.maxnew1024.seed10086.subtreePrefetch.vllm.log,1951,2026-09-09 15:23:06,1751.0,194.2,446.2,4,0,0.9,0.0
dataset-lcb_v6.model-qwen3.5-9b.alpha4.0.steps100.blocks-1.prefetch-budget-8.rank-smallest_cut_diff.cut-entropy4.0.samples20.maxnew1024.seed10086.subtreePrefetch.vllm.log,1956,2026-09-09 15:23:16,1761.0,292.6,427.7,3,0,0.7,0.0
dataset-lcb_v6.model-qwen3.5-9b.alpha4.0.steps100.blocks-1.prefetch-budget-8.rank-smallest_cut_diff.cut-entropy4.0.samples20.maxnew1024.seed10086.subtreePrefetch.vllm.log,1961,2026-09-09 15:23:26,1771.0,201.0,358.1,2,0,0.5,0.0
dataset-lcb_v6.model-qwen3.5-9b.alpha4.0.steps100.blocks-1.prefetch-budget-8.rank-smallest_cut_diff.cut-entropy4.0.samples20.maxnew1024.seed10086.subtreePrefetch.vllm.log,1966,2026-09-09 15:23:36,1781.0,194.8,525.3,3,0,0.8,0.0
dataset-lcb_v6.model-qwen3.5-9b.alpha4.0.steps100.blocks-1.prefetch-budget-8.rank-smallest_cut_diff.cut-entropy4.0.samples20.maxnew1024.seed10086.subtreePrefetch.vllm.log,1971,2026-09-09 15:23:46,1791.0,257.0,449.7,1,0,0.3,0.0
dataset-lcb_v6.model-qwen3.5-9b.alpha4.0.steps100.blocks-1.prefetch-budget-8.rank-smallest_cut_diff.cut-entropy4.0.samples20.maxnew1024.seed10086.subtreePrefetch.vllm.log,1980,2026-09-09 15:23:56,1801.0,488.1,452.8,8,0,1.0,0.0
dataset-lcb_v6.model-qwen3.5-9b.alpha4.0.steps100.blocks-1.prefetch-budget-8.rank-smallest_cut_diff.cut-entropy4.0.samples20.maxnew1024.seed10086.subtreePrefetch.vllm.log,1985,2026-09-09 15:24:06,1811.0,277.2,506.7,8,0,1.3,0.0
dataset-lcb_v6.model-qwen3.5-9b.alpha4.0.steps100.blocks-1.prefetch-budget-8.rank-smallest_cut_diff.cut-entropy4.0.samples20.maxnew1024.seed10086.subtreePrefetch.vllm.log,1990,2026-09-09 15:24:16,1821.0,273.9,623.8,4,0,0.9,0.0
dataset-lcb_v6.model-qwen3.5-9b.alpha4.0.steps100.blocks-1.prefetch-budget-8.rank-smallest_cut_diff.cut-entropy4.0.samples20.maxnew1024.seed10086.subtreePrefetch.vllm.log,1995,2026-09-09 15:24:26,1831.0,196.2,552.5,5,0,1.1,0.0
dataset-lcb_v6.model-qwen3.5-9b.alpha4.0.steps100.blocks-1.prefetch-budget-8.rank-smallest_cut_diff.cut-entropy4.0.samples20.maxnew1024.seed10086.subtreePrefetch.vllm.log,2000,2026-09-09 15:24:36,1841.0,335.8,611.8,3,0,0.8,0.0
dataset-lcb_v6.model-qwen3.5-9b.alpha4.0.steps100.blocks-1.prefetch-budget-8.rank-smallest_cut_diff.cut-entropy4.0.samples20.maxnew1024.seed10086.subtreePrefetch.vllm.log,2009,2026-09-09 15:24:46,1851.0,313.7,396.5,8,0,1.0,0.0
dataset-lcb_v6.model-qwen3.5-9b.alpha4.0.steps100.blocks-1.prefetch-budget-8.rank-smallest_cut_diff.cut-entropy4.0.samples20.maxnew1024.seed10086.subtreePrefetch.vllm.log,2014,2026-09-09 15:24:56,1861.0,221.4,519.7,8,0,1.1,0.0
dataset-lcb_v6.model-qwen3.5-9b.alpha4.0.steps100.blocks-1.prefetch-budget-8.rank-smallest_cut_diff.cut-entropy4.0.samples20.maxnew1024.seed10086.subtreePrefetch.vllm.log,2125,2026-09-09 15:25:06,1871.0,81.8,497.6,1,0,0.2,0.0
dataset-lcb_v6.model-qwen3.5-9b.alpha4.0.steps100.blocks-1.prefetch-budget-8.rank-smallest_cut_diff.cut-entropy4.0.samples20.maxnew1024.seed10086.subtreePrefetch.vllm.log,2130,2026-09-09 15:25:16,1881.0,222.0,233.9,4,0,0.9,0.0
dataset-lcb_v6.model-qwen3.5-9b.alpha4.0.steps100.blocks-1.prefetch-budget-8.rank-smallest_cut_diff.cut-entropy4.0.samples20.maxnew1024.seed10086.subtreePrefetch.vllm.log,2135,2026-09-09 15:25:26,1891.0,293.3,374.5,1,0,0.4,0.0
dataset-lcb_v6.model-qwen3.5-9b.alpha4.0.steps100.blocks-1.prefetch-budget-8.rank-smallest_cut_diff.cut-entropy4.0.samples20.maxnew1024.seed10086.subtreePrefetch.vllm.log,2144,2026-09-09 15:25:36,1901.0,423.4,504.9,7,0,1.0,0.0
dataset-lcb_v6.model-qwen3.5-9b.alpha4.0.steps100.blocks-1.prefetch-budget-8.rank-smallest_cut_diff.cut-entropy4.0.samples20.maxnew1024.seed10086.subtreePrefetch.vllm.log,2149,2026-09-09 15:25:46,1911.0,205.0,498.0,7,0,1.2,0.0
dataset-lcb_v6.model-qwen3.5-9b.alpha4.0.steps100.blocks-1.prefetch-budget-8.rank-smallest_cut_diff.cut-entropy4.0.samples20.maxnew1024.seed10086.subtreePrefetch.vllm.log,2154,2026-09-09 15:25:56,1921.0,194.7,490.7,6,0,1.2,0.0
dataset-lcb_v6.model-qwen3.5-9b.alpha4.0.steps100.blocks-1.prefetch-budget-8.rank-smallest_cut_diff.cut-entropy4.0.samples20.maxnew1024.seed10086.subtreePrefetch.vllm.log,2159,2026-09-09 15:26:06,1931.0,273.1,483.8,2,0,0.6,0.0
dataset-lcb_v6.model-qwen3.5-9b.alpha4.0.steps100.blocks-1.prefetch-budget-8.rank-smallest_cut_diff.cut-entropy4.0.samples20.maxnew1024.seed10086.subtreePrefetch.vllm.log,2168,2026-09-09 15:26:16,1941.0,446.5,302.0,8,0,1.1,0.0
dataset-lcb_v6.model-qwen3.5-9b.alpha4.0.steps100.blocks-1.prefetch-budget-8.rank-smallest_cut_diff.cut-entropy4.0.samples20.maxnew1024.seed10086.subtreePrefetch.vllm.log,2173,2026-09-09 15:26:26,1951.0,247.9,490.9,8,0,1.2,0.0
dataset-lcb_v6.model-qwen3.5-9b.alpha4.0.steps100.blocks-1.prefetch-budget-8.rank-smallest_cut_diff.cut-entropy4.0.samples20.maxnew1024.seed10086.subtreePrefetch.vllm.log,2178,2026-09-09 15:26:36,1961.0,340.1,550.3,8,0,1.6,0.0
dataset-lcb_v6.model-qwen3.5-9b.alpha4.0.steps100.blocks-1.prefetch-budget-8.rank-smallest_cut_diff.cut-entropy4.0.samples20.maxnew1024.seed10086.subtreePrefetch.vllm.log,2183,2026-09-09 15:26:46,1971.0,316.6,567.7,3,0,0.9,0.0
dataset-lcb_v6.model-qwen3.5-9b.alpha4.0.steps100.blocks-1.prefetch-budget-8.rank-smallest_cut_diff.cut-entropy4.0.samples20.maxnew1024.seed10086.subtreePrefetch.vllm.log,2188,2026-09-09 15:26:56,1981.0,207.5,365.4,1,0,0.4,0.0
dataset-lcb_v6.model-qwen3.5-9b.alpha4.0.steps100.blocks-1.prefetch-budget-8.rank-smallest_cut_diff.cut-entropy4.0.samples20.maxnew1024.seed10086.subtreePrefetch.vllm.log,2197,2026-09-09 15:27:06,1991.0,433.1,525.3,4,0,1.0,0.0
dataset-lcb_v6.model-qwen3.5-9b.alpha4.0.steps100.blocks-1.prefetch-budget-8.rank-smallest_cut_diff.cut-entropy4.0.samples20.maxnew1024.seed10086.subtreePrefetch.vllm.log,2202,2026-09-09 15:27:16,2001.0,179.7,367.7,2,0,0.5,0.0
dataset-lcb_v6.model-qwen3.5-9b.alpha4.0.steps100.blocks-1.prefetch-budget-8.rank-smallest_cut_diff.cut-entropy4.0.samples20.maxnew1024.seed10086.subtreePrefetch.vllm.log,2207,2026-09-09 15:27:26,2011.0,222.4,385.9,2,0,0.7,0.0
dataset-lcb_v6.model-qwen3.5-9b.alpha4.0.steps100.blocks-1.prefetch-budget-8.rank-smallest_cut_diff.cut-entropy4.0.samples20.maxnew1024.seed10086.subtreePrefetch.vllm.log,2216,2026-09-09 15:27:36,2021.0,424.6,462.2,6,0,1.4,0.0
dataset-lcb_v6.model-qwen3.5-9b.alpha4.0.steps100.blocks-1.prefetch-budget-8.rank-smallest_cut_diff.cut-entropy4.0.samples20.maxnew1024.seed10086.subtreePrefetch.vllm.log,2221,2026-09-09 15:27:46,2031.0,272.1,399.7,3,0,0.7,0.0
dataset-lcb_v6.model-qwen3.5-9b.alpha4.0.steps100.blocks-1.prefetch-budget-8.rank-smallest_cut_diff.cut-entropy4.0.samples20.maxnew1024.seed10086.subtreePrefetch.vllm.log,2226,2026-09-09 15:27:56,2041.0,234.9,443.7,3,0,0.8,0.0
dataset-lcb_v6.model-qwen3.5-9b.alpha4.0.steps100.blocks-1.prefetch-budget-8.rank-smallest_cut_diff.cut-entropy4.0.samples20.maxnew1024.seed10086.subtreePrefetch.vllm.log,2231,2026-09-09 15:28:06,2051.0,217.5,433.3,2,0,0.7,0.0
dataset-lcb_v6.model-qwen3.5-9b.alpha4.0.steps100.blocks-1.prefetch-budget-8.rank-smallest_cut_diff.cut-entropy4.0.samples20.maxnew1024.seed10086.subtreePrefetch.vllm.log,2236,2026-09-09 15:28:16,2061.0,283.3,413.5,2,0,0.7,0.0
dataset-lcb_v6.model-qwen3.5-9b.alpha4.0.steps100.blocks-1.prefetch-budget-8.rank-smallest_cut_diff.cut-entropy4.0.samples20.maxnew1024.seed10086.subtreePrefetch.vllm.log,2245,2026-09-09 15:28:26,2071.0,386.0,496.4,3,0,0.7,0.0
dataset-lcb_v6.model-qwen3.5-9b.alpha4.0.steps100.blocks-1.prefetch-budget-8.rank-smallest_cut_diff.cut-entropy4.0.samples20.maxnew1024.seed10086.subtreePrefetch.vllm.log,2250,2026-09-09 15:28:36,2081.0,306.0,455.6,3,0,0.7,0.0
dataset-lcb_v6.model-qwen3.5-9b.alpha4.0.steps100.blocks-1.prefetch-budget-8.rank-smallest_cut_diff.cut-entropy4.0.samples20.maxnew1024.seed10086.subtreePrefetch.vllm.log,2259,2026-09-09 15:28:46,2091.0,414.4,418.0,8,0,1.1,0.0
dataset-lcb_v6.model-qwen3.5-9b.alpha4.0.steps100.blocks-1.prefetch-budget-8.rank-smallest_cut_diff.cut-entropy4.0.samples20.maxnew1024.seed10086.subtreePrefetch.vllm.log,2264,2026-09-09 15:28:56,2101.0,263.9,397.4,6,0,1.3,0.0
dataset-lcb_v6.model-qwen3.5-9b.alpha4.0.steps100.blocks-1.prefetch-budget-8.rank-smallest_cut_diff.cut-entropy4.0.samples20.maxnew1024.seed10086.subtreePrefetch.vllm.log,2269,2026-09-09 15:29:06,2111.0,212.6,434.3,5,0,1.1,0.0
dataset-lcb_v6.model-qwen3.5-9b.alpha4.0.steps100.blocks-1.prefetch-budget-8.rank-smallest_cut_diff.cut-entropy4.0.samples20.maxnew1024.seed10086.subtreePrefetch.vllm.log,2274,2026-09-09 15:29:16,2121.0,250.3,436.3,1,0,0.3,0.0
dataset-lcb_v6.model-qwen3.5-9b.alpha4.0.steps100.blocks-1.prefetch-budget-8.rank-smallest_cut_diff.cut-entropy4.0.samples20.maxnew1024.seed10086.subtreePrefetch.vllm.log,2279,2026-09-09 15:29:26,2131.0,199.2,286.1,2,0,0.7,0.0
dataset-lcb_v6.model-qwen3.5-9b.alpha4.0.steps100.blocks-1.prefetch-budget-8.rank-smallest_cut_diff.cut-entropy4.0.samples20.maxnew1024.seed10086.subtreePrefetch.vllm.log,2284,2026-09-09 15:29:36,2141.0,224.4,425.7,1,0,0.4,0.0
dataset-lcb_v6.model-qwen3.5-9b.alpha4.0.steps100.blocks-1.prefetch-budget-8.rank-smallest_cut_diff.cut-entropy4.0.samples20.maxnew1024.seed10086.subtreePrefetch.vllm.log,2289,2026-09-09 15:29:47,2152.0,251.4,387.3,1,0,0.4,0.0
dataset-lcb_v6.model-qwen3.5-9b.alpha4.0.steps100.blocks-1.prefetch-budget-8.rank-smallest_cut_diff.cut-entropy4.0.samples20.maxnew1024.seed10086.subtreePrefetch.vllm.log,2298,2026-09-09 15:29:57,2162.0,440.1,354.8,5,0,0.7,0.0
dataset-lcb_v6.model-qwen3.5-9b.alpha4.0.steps100.blocks-1.prefetch-budget-8.rank-smallest_cut_diff.cut-entropy4.0.samples20.maxnew1024.seed10086.subtreePrefetch.vllm.log,2303,2026-09-09 15:30:07,2172.0,158.4,450.3,3,0,0.7,0.0
dataset-lcb_v6.model-qwen3.5-9b.alpha4.0.steps100.blocks-1.prefetch-budget-8.rank-smallest_cut_diff.cut-entropy4.0.samples20.maxnew1024.seed10086.subtreePrefetch.vllm.log,2308,2026-09-09 15:30:17,2182.0,282.1,412.2,7,0,1.6,0.0
dataset-lcb_v6.model-qwen3.5-9b.alpha4.0.steps100.blocks-1.prefetch-budget-8.rank-smallest_cut_diff.cut-entropy4.0.samples20.maxnew1024.seed10086.subtreePrefetch.vllm.log,2313,2026-09-09 15:30:27,2192.0,244.9,610.8,4,0,1.0,0.0
dataset-lcb_v6.model-qwen3.5-9b.alpha4.0.steps100.blocks-1.prefetch-budget-8.rank-smallest_cut_diff.cut-entropy4.0.samples20.maxnew1024.seed10086.subtreePrefetch.vllm.log,2318,2026-09-09 15:30:37,2202.0,184.0,384.2,5,0,1.1,0.0
dataset-lcb_v6.model-qwen3.5-9b.alpha4.0.steps100.blocks-1.prefetch-budget-8.rank-smallest_cut_diff.cut-entropy4.0.samples20.maxnew1024.seed10086.subtreePrefetch.vllm.log,2439,2026-09-09 15:30:47,2212.0,44.1,286.8,1,0,0.2,0.0
dataset-lcb_v6.model-qwen3.5-9b.alpha4.0.steps100.blocks-1.prefetch-budget-8.rank-smallest_cut_diff.cut-entropy4.0.samples20.maxnew1024.seed10086.subtreePrefetch.vllm.log,2444,2026-09-09 15:30:57,2222.0,233.9,235.5,1,0,0.3,0.0
dataset-lcb_v6.model-qwen3.5-9b.alpha4.0.steps100.blocks-1.prefetch-budget-8.rank-smallest_cut_diff.cut-entropy4.0.samples20.maxnew1024.seed10086.subtreePrefetch.vllm.log,2453,2026-09-09 15:31:07,2232.0,434.6,445.8,3,0,0.6,0.0
dataset-lcb_v6.model-qwen3.5-9b.alpha4.0.steps100.blocks-1.prefetch-budget-8.rank-smallest_cut_diff.cut-entropy4.0.samples20.maxnew1024.seed10086.subtreePrefetch.vllm.log,2458,2026-09-09 15:31:17,2242.0,181.0,350.9,4,0,0.8,0.0
dataset-lcb_v6.model-qwen3.5-9b.alpha4.0.steps100.blocks-1.prefetch-budget-8.rank-smallest_cut_diff.cut-entropy4.0.samples20.maxnew1024.seed10086.subtreePrefetch.vllm.log,2463,2026-09-09 15:31:27,2252.0,281.4,278.1,1,0,0.3,0.0
dataset-lcb_v6.model-qwen3.5-9b.alpha4.0.steps100.blocks-1.prefetch-budget-8.rank-smallest_cut_diff.cut-entropy4.0.samples20.maxnew1024.seed10086.subtreePrefetch.vllm.log,2472,2026-09-09 15:31:37,2262.0,407.9,296.0,8,0,1.0,0.0
dataset-lcb_v6.model-qwen3.5-9b.alpha4.0.steps100.blocks-1.prefetch-budget-8.rank-smallest_cut_diff.cut-entropy4.0.samples20.maxnew1024.seed10086.subtreePrefetch.vllm.log,2477,2026-09-09 15:31:47,2272.0,202.6,379.2,3,0,0.5,0.0
dataset-lcb_v6.model-qwen3.5-9b.alpha4.0.steps100.blocks-1.prefetch-budget-8.rank-smallest_cut_diff.cut-entropy4.0.samples20.maxnew1024.seed10086.subtreePrefetch.vllm.log,2482,2026-09-09 15:31:57,2282.0,176.8,405.6,2,0,0.5,0.0
dataset-lcb_v6.model-qwen3.5-9b.alpha4.0.steps100.blocks-1.prefetch-budget-8.rank-smallest_cut_diff.cut-entropy4.0.samples20.maxnew1024.seed10086.subtreePrefetch.vllm.log,2491,2026-09-09 15:32:07,2292.0,402.8,408.9,4,0,0.7,0.0
dataset-lcb_v6.model-qwen3.5-9b.alpha4.0.steps100.blocks-1.prefetch-budget-8.rank-smallest_cut_diff.cut-entropy4.0.samples20.maxnew1024.seed10086.subtreePrefetch.vllm.log,2496,2026-09-09 15:32:17,2302.0,130.6,341.7,1,0,0.3,0.0
dataset-lcb_v6.model-qwen3.5-9b.alpha4.0.steps100.blocks-1.prefetch-budget-8.rank-smallest_cut_diff.cut-entropy4.0.samples20.maxnew1024.seed10086.subtreePrefetch.vllm.log,2505,2026-09-09 15:32:27,2312.0,458.0,322.4,4,0,0.8,0.0
dataset-lcb_v6.model-qwen3.5-9b.alpha4.0.steps100.blocks-1.prefetch-budget-8.rank-smallest_cut_diff.cut-entropy4.0.samples20.maxnew1024.seed10086.subtreePrefetch.vllm.log,2510,2026-09-09 15:32:37,2322.0,189.8,261.7,1,0,0.3,0.0
dataset-lcb_v6.model-qwen3.5-9b.alpha4.0.steps100.blocks-1.prefetch-budget-8.rank-smallest_cut_diff.cut-entropy4.0.samples20.maxnew1024.seed10086.subtreePrefetch.vllm.log,2515,2026-09-09 15:32:47,2332.0,220.9,424.5,2,0,0.6,0.0
dataset-lcb_v6.model-qwen3.5-9b.alpha4.0.steps100.blocks-1.prefetch-budget-8.rank-smallest_cut_diff.cut-entropy4.0.samples20.maxnew1024.seed10086.subtreePrefetch.vllm.log,2524,2026-09-09 15:32:57,2342.0,360.3,429.1,3,0,0.5,0.0
dataset-lcb_v6.model-qwen3.5-9b.alpha4.0.steps100.blocks-1.prefetch-budget-8.rank-smallest_cut_diff.cut-entropy4.0.samples20.maxnew1024.seed10086.subtreePrefetch.vllm.log,2529,2026-09-09 15:33:07,2352.0,201.9,369.9,4,0,0.7,0.0
dataset-lcb_v6.model-qwen3.5-9b.alpha4.0.steps100.blocks-1.prefetch-budget-8.rank-smallest_cut_diff.cut-entropy4.0.samples20.maxnew1024.seed10086.subtreePrefetch.vllm.log,2534,2026-09-09 15:33:17,2362.0,244.0,416.7,3,0,0.7,0.0
dataset-lcb_v6.model-qwen3.5-9b.alpha4.0.steps100.blocks-1.prefetch-budget-8.rank-smallest_cut_diff.cut-entropy4.0.samples20.maxnew1024.seed10086.subtreePrefetch.vllm.log,2539,2026-09-09 15:33:27,2372.0,214.4,347.6,1,0,0.3,0.0
dataset-lcb_v6.model-qwen3.5-9b.alpha4.0.steps100.blocks-1.prefetch-budget-8.rank-smallest_cut_diff.cut-entropy4.0.samples20.maxnew1024.seed10086.subtreePrefetch.vllm.log,2544,2026-09-09 15:33:37,2382.0,185.7,364.7,1,0,0.3,0.0
dataset-lcb_v6.model-qwen3.5-9b.alpha4.0.steps100.blocks-1.prefetch-budget-8.rank-smallest_cut_diff.cut-entropy4.0.samples20.maxnew1024.seed10086.subtreePrefetch.vllm.log,2553,2026-09-09 15:33:47,2392.0,435.2,599.0,6,0,1.1,0.0
dataset-lcb_v6.model-qwen3.5-9b.alpha4.0.steps100.blocks-1.prefetch-budget-8.rank-smallest_cut_diff.cut-entropy4.0.samples20.maxnew1024.seed10086.subtreePrefetch.vllm.log,2558,2026-09-09 15:33:57,2402.0,149.3,551.1,7,0,1.0,0.0
dataset-lcb_v6.model-qwen3.5-9b.alpha4.0.steps100.blocks-1.prefetch-budget-8.rank-smallest_cut_diff.cut-entropy4.0.samples20.maxnew1024.seed10086.subtreePrefetch.vllm.log,2563,2026-09-09 15:34:07,2412.0,256.3,483.0,1,0,0.2,0.0
dataset-lcb_v6.model-qwen3.5-9b.alpha4.0.steps100.blocks-1.prefetch-budget-8.rank-smallest_cut_diff.cut-entropy4.0.samples20.maxnew1024.seed10086.subtreePrefetch.vllm.log,2568,2026-09-09 15:34:17,2422.0,220.4,336.4,3,0,0.7,0.0
dataset-lcb_v6.model-qwen3.5-9b.alpha4.0.steps100.blocks-1.prefetch-budget-8.rank-smallest_cut_diff.cut-entropy4.0.samples20.maxnew1024.seed10086.subtreePrefetch.vllm.log,2573,2026-09-09 15:34:27,2432.0,71.1,385.7,4,0,1.0,0.0
dataset-lcb_v6.model-qwen3.5-9b.alpha4.0.steps100.blocks-1.prefetch-budget-8.rank-smallest_cut_diff.cut-entropy4.0.samples20.maxnew1024.seed10086.subtreePrefetch.vllm.log,2601,2026-09-09 15:34:37,2442.0,40.1,181.2,1,0,0.3,0.0
dataset-lcb_v6.model-qwen3.5-9b.alpha4.0.steps100.blocks-1.prefetch-budget-8.rank-smallest_cut_diff.cut-entropy4.0.samples20.maxnew1024.seed10086.subtreePrefetch.vllm.log,2606,2026-09-09 15:34:47,2452.0,284.3,661.4,8,0,2.3,0.0
dataset-lcb_v6.model-qwen3.5-9b.alpha4.0.steps100.blocks-1.prefetch-budget-8.rank-smallest_cut_diff.cut-entropy4.0.samples20.maxnew1024.seed10086.subtreePrefetch.vllm.log,2611,2026-09-09 15:34:57,2462.0,344.7,685.5,7,0,2.1,0.0
dataset-lcb_v6.model-qwen3.5-9b.alpha4.0.steps100.blocks-1.prefetch-budget-8.rank-smallest_cut_diff.cut-entropy4.0.samples20.maxnew1024.seed10086.subtreePrefetch.vllm.log,2616,2026-09-09 15:35:07,2472.0,388.3,724.0,8,0,2.4,0.0
dataset-lcb_v6.model-qwen3.5-9b.alpha4.0.steps100.blocks-1.prefetch-budget-8.rank-smallest_cut_diff.cut-entropy4.0.samples20.maxnew1024.seed10086.subtreePrefetch.vllm.log,2621,2026-09-09 15:35:17,2482.0,334.4,697.5,7,0,2.1,0.0
dataset-lcb_v6.model-qwen3.5-9b.alpha4.0.steps100.blocks-1.prefetch-budget-8.rank-smallest_cut_diff.cut-entropy4.0.samples20.maxnew1024.seed10086.subtreePrefetch.vllm.log,2626,2026-09-09 15:35:27,2492.0,292.1,686.8,7,0,2.1,0.0
dataset-lcb_v6.model-qwen3.5-9b.alpha4.0.steps100.blocks-1.prefetch-budget-8.rank-smallest_cut_diff.cut-entropy4.0.samples20.maxnew1024.seed10086.subtreePrefetch.vllm.log,2631,2026-09-09 15:35:37,2502.0,380.2,718.7,8,0,2.4,0.0
dataset-lcb_v6.model-qwen3.5-9b.alpha4.0.steps100.blocks-1.prefetch-budget-8.rank-smallest_cut_diff.cut-entropy4.0.samples20.maxnew1024.seed10086.subtreePrefetch.vllm.log,2636,2026-09-09 15:35:47,2512.0,355.2,741.3,8,0,2.4,0.0
dataset-lcb_v6.model-qwen3.5-9b.alpha4.0.steps100.blocks-1.prefetch-budget-8.rank-smallest_cut_diff.cut-entropy4.0.samples20.maxnew1024.seed10086.subtreePrefetch.vllm.log,2641,2026-09-09 15:35:57,2522.0,352.3,736.9,7,0,2.1,0.0
dataset-lcb_v6.model-qwen3.5-9b.alpha4.0.steps100.blocks-1.prefetch-budget-8.rank-smallest_cut_diff.cut-entropy4.0.samples20.maxnew1024.seed10086.subtreePrefetch.vllm.log,2646,2026-09-09 15:36:07,2532.0,303.6,682.9,6,0,1.8,0.0
dataset-lcb_v6.model-qwen3.5-9b.alpha4.0.steps100.blocks-1.prefetch-budget-8.rank-smallest_cut_diff.cut-entropy4.0.samples20.maxnew1024.seed10086.subtreePrefetch.vllm.log,2651,2026-09-09 15:36:17,2542.0,329.7,719.7,7,0,2.1,0.0
dataset-lcb_v6.model-qwen3.5-9b.alpha4.0.steps100.blocks-1.prefetch-budget-8.rank-smallest_cut_diff.cut-entropy4.0.samples20.maxnew1024.seed10086.subtreePrefetch.vllm.log,2656,2026-09-09 15:36:27,2552.0,339.4,657.1,6,0,1.8,0.0
dataset-lcb_v6.model-qwen3.5-9b.alpha4.0.steps100.blocks-1.prefetch-budget-8.rank-smallest_cut_diff.cut-entropy4.0.samples20.maxnew1024.seed10086.subtreePrefetch.vllm.log,2661,2026-09-09 15:36:37,2562.0,349.9,547.6,5,0,1.5,0.0
dataset-lcb_v6.model-qwen3.5-9b.alpha4.0.steps100.blocks-1.prefetch-budget-8.rank-smallest_cut_diff.cut-entropy4.0.samples20.maxnew1024.seed10086.subtreePrefetch.vllm.log,2666,2026-09-09 15:36:47,2572.0,212.1,670.0,1,0,0.3,0.0
dataset-lcb_v6.model-qwen3.5-9b.alpha4.0.steps100.blocks-1.prefetch-budget-8.rank-smallest_cut_diff.cut-entropy4.0.samples20.maxnew1024.seed10086.subtreePrefetch.vllm.log,2675,2026-09-09 15:36:57,2582.0,591.7,555.6,8,0,1.2,0.0
dataset-lcb_v6.model-qwen3.5-9b.alpha4.0.steps100.blocks-1.prefetch-budget-8.rank-smallest_cut_diff.cut-entropy4.0.samples20.maxnew1024.seed10086.subtreePrefetch.vllm.log,2680,2026-09-09 15:37:07,2592.0,364.0,587.6,7,0,1.4,0.0
dataset-lcb_v6.model-qwen3.5-9b.alpha4.0.steps100.blocks-1.prefetch-budget-8.rank-smallest_cut_diff.cut-entropy4.0.samples20.maxnew1024.seed10086.subtreePrefetch.vllm.log,2685,2026-09-09 15:37:17,2602.0,336.8,678.0,6,0,1.3,0.0
dataset-lcb_v6.model-qwen3.5-9b.alpha4.0.steps100.blocks-1.prefetch-budget-8.rank-smallest_cut_diff.cut-entropy4.0.samples20.maxnew1024.seed10086.subtreePrefetch.vllm.log,2690,2026-09-09 15:37:27,2612.0,300.8,545.1,4,0,0.9,0.0
dataset-lcb_v6.model-qwen3.5-9b.alpha4.0.steps100.blocks-1.prefetch-budget-8.rank-smallest_cut_diff.cut-entropy4.0.samples20.maxnew1024.seed10086.subtreePrefetch.vllm.log,2695,2026-09-09 15:37:37,2622.0,309.2,462.9,6,0,1.2,0.0
dataset-lcb_v6.model-qwen3.5-9b.alpha4.0.steps100.blocks-1.prefetch-budget-8.rank-smallest_cut_diff.cut-entropy4.0.samples20.maxnew1024.seed10086.subtreePrefetch.vllm.log,2700,2026-09-09 15:37:47,2632.0,372.6,677.2,8,0,1.6,0.0
dataset-lcb_v6.model-qwen3.5-9b.alpha4.0.steps100.blocks-1.prefetch-budget-8.rank-smallest_cut_diff.cut-entropy4.0.samples20.maxnew1024.seed10086.subtreePrefetch.vllm.log,2705,2026-09-09 15:37:57,2642.0,354.5,743.5,8,0,1.6,0.0
dataset-lcb_v6.model-qwen3.5-9b.alpha4.0.steps100.blocks-1.prefetch-budget-8.rank-smallest_cut_diff.cut-entropy4.0.samples20.maxnew1024.seed10086.subtreePrefetch.vllm.log,2710,2026-09-09 15:38:07,2652.0,391.9,718.2,6,0,1.2,0.0
dataset-lcb_v6.model-qwen3.5-9b.alpha4.0.steps100.blocks-1.prefetch-budget-8.rank-smallest_cut_diff.cut-entropy4.0.samples20.maxnew1024.seed10086.subtreePrefetch.vllm.log,2715,2026-09-09 15:38:17,2662.0,292.2,653.5,7,0,1.7,0.0
dataset-lcb_v6.model-qwen3.5-9b.alpha4.0.steps100.blocks-1.prefetch-budget-8.rank-smallest_cut_diff.cut-entropy4.0.samples20.maxnew1024.seed10086.subtreePrefetch.vllm.log,2743,2026-09-09 15:38:27,2672.0,36.6,326.0,1,0,0.2,0.0
dataset-lcb_v6.model-qwen3.5-9b.alpha4.0.steps100.blocks-1.prefetch-budget-8.rank-smallest_cut_diff.cut-entropy4.0.samples20.maxnew1024.seed10086.subtreePrefetch.vllm.log,2748,2026-09-09 15:38:37,2682.0,203.0,446.6,2,0,0.6,0.0
dataset-lcb_v6.model-qwen3.5-9b.alpha4.0.steps100.blocks-1.prefetch-budget-8.rank-smallest_cut_diff.cut-entropy4.0.samples20.maxnew1024.seed10086.subtreePrefetch.vllm.log,2753,2026-09-09 15:38:47,2692.0,185.3,472.5,1,0,0.3,0.0
dataset-lcb_v6.model-qwen3.5-9b.alpha4.0.steps100.blocks-1.prefetch-budget-8.rank-smallest_cut_diff.cut-entropy4.0.samples20.maxnew1024.seed10086.subtreePrefetch.vllm.log,2762,2026-09-09 15:38:57,2702.0,400.6,540.8,7,0,1.2,0.0
dataset-lcb_v6.model-qwen3.5-9b.alpha4.0.steps100.blocks-1.prefetch-budget-8.rank-smallest_cut_diff.cut-entropy4.0.samples20.maxnew1024.seed10086.subtreePrefetch.vllm.log,2767,2026-09-09 15:39:07,2712.0,206.7,557.8,6,0,1.0,0.0
dataset-lcb_v6.model-qwen3.5-9b.alpha4.0.steps100.blocks-1.prefetch-budget-8.rank-smallest_cut_diff.cut-entropy4.0.samples20.maxnew1024.seed10086.subtreePrefetch.vllm.log,2772,2026-09-09 15:39:17,2722.0,164.3,558.9,5,0,0.9,0.0
dataset-lcb_v6.model-qwen3.5-9b.alpha4.0.steps100.blocks-1.prefetch-budget-8.rank-smallest_cut_diff.cut-entropy4.0.samples20.maxnew1024.seed10086.subtreePrefetch.vllm.log,2777,2026-09-09 15:39:27,2732.0,244.6,394.4,3,0,0.6,0.0
dataset-lcb_v6.model-qwen3.5-9b.alpha4.0.steps100.blocks-1.prefetch-budget-8.rank-smallest_cut_diff.cut-entropy4.0.samples20.maxnew1024.seed10086.subtreePrefetch.vllm.log,2782,2026-09-09 15:39:37,2742.0,146.7,470.6,3,0,0.7,0.0
dataset-lcb_v6.model-qwen3.5-9b.alpha4.0.steps100.blocks-1.prefetch-budget-8.rank-smallest_cut_diff.cut-entropy4.0.samples20.maxnew1024.seed10086.subtreePrefetch.vllm.log,2787,2026-09-09 15:39:47,2752.0,256.0,616.3,2,0,0.6,0.0
dataset-lcb_v6.model-qwen3.5-9b.alpha4.0.steps100.blocks-1.prefetch-budget-8.rank-smallest_cut_diff.cut-entropy4.0.samples20.maxnew1024.seed10086.subtreePrefetch.vllm.log,2796,2026-09-09 15:39:57,2762.0,309.4,527.6,8,0,1.0,0.0
dataset-lcb_v6.model-qwen3.5-9b.alpha4.0.steps100.blocks-1.prefetch-budget-8.rank-smallest_cut_diff.cut-entropy4.0.samples20.maxnew1024.seed10086.subtreePrefetch.vllm.log,2801,2026-09-09 15:40:07,2772.0,181.5,564.3,8,0,1.1,0.0
dataset-lcb_v6.model-qwen3.5-9b.alpha4.0.steps100.blocks-1.prefetch-budget-8.rank-smallest_cut_diff.cut-entropy4.0.samples20.maxnew1024.seed10086.subtreePrefetch.vllm.log,2806,2026-09-09 15:40:17,2782.0,162.0,621.7,5,0,0.7,0.0
dataset-lcb_v6.model-qwen3.5-9b.alpha4.0.steps100.blocks-1.prefetch-budget-8.rank-smallest_cut_diff.cut-entropy4.0.samples20.maxnew1024.seed10086.subtreePrefetch.vllm.log,2811,2026-09-09 15:40:27,2792.0,129.3,508.4,5,0,0.9,0.0
dataset-lcb_v6.model-qwen3.5-9b.alpha4.0.steps100.blocks-1.prefetch-budget-8.rank-smallest_cut_diff.cut-entropy4.0.samples20.maxnew1024.seed10086.subtreePrefetch.vllm.log,2816,2026-09-09 15:40:37,2802.0,248.7,533.0,5,0,1.5,0.0
dataset-lcb_v6.model-qwen3.5-9b.alpha4.0.steps100.blocks-1.prefetch-budget-8.rank-smallest_cut_diff.cut-entropy4.0.samples20.maxnew1024.seed10086.subtreePrefetch.vllm.log,2821,2026-09-09 15:40:47,2812.0,255.0,678.6,6,0,1.7,0.0
dataset-lcb_v6.model-qwen3.5-9b.alpha4.0.steps100.blocks-1.prefetch-budget-8.rank-smallest_cut_diff.cut-entropy4.0.samples20.maxnew1024.seed10086.subtreePrefetch.vllm.log,2826,2026-09-09 15:40:57,2822.0,153.2,479.5,1,0,0.3,0.0
dataset-lcb_v6.model-qwen3.5-9b.alpha4.0.steps100.blocks-1.prefetch-budget-8.rank-smallest_cut_diff.cut-entropy4.0.samples20.maxnew1024.seed10086.subtreePrefetch.vllm.log,2835,2026-09-09 15:41:07,2832.0,410.5,569.4,6,0,1.1,0.0
dataset-lcb_v6.model-qwen3.5-9b.alpha4.0.steps100.blocks-1.prefetch-budget-8.rank-smallest_cut_diff.cut-entropy4.0.samples20.maxnew1024.seed10086.subtreePrefetch.vllm.log,2840,2026-09-09 15:41:17,2842.0,209.8,432.7,6,0,0.9,0.0
dataset-lcb_v6.model-qwen3.5-9b.alpha4.0.steps100.blocks-1.prefetch-budget-8.rank-smallest_cut_diff.cut-entropy4.0.samples20.maxnew1024.seed10086.subtreePrefetch.vllm.log,2845,2026-09-09 15:41:27,2852.0,191.0,468.2,3,0,0.5,0.0
dataset-lcb_v6.model-qwen3.5-9b.alpha4.0.steps100.blocks-1.prefetch-budget-8.rank-smallest_cut_diff.cut-entropy4.0.samples20.maxnew1024.seed10086.subtreePrefetch.vllm.log,2850,2026-09-09 15:41:37,2862.0,227.9,398.8,4,0,0.9,0.0
dataset-lcb_v6.model-qwen3.5-9b.alpha4.0.steps100.blocks-1.prefetch-budget-8.rank-smallest_cut_diff.cut-entropy4.0.samples20.maxnew1024.seed10086.subtreePrefetch.vllm.log,2855,2026-09-09 15:41:47,2872.0,223.8,425.1,3,0,0.8,0.0
dataset-lcb_v6.model-qwen3.5-9b.alpha4.0.steps100.blocks-1.prefetch-budget-8.rank-smallest_cut_diff.cut-entropy4.0.samples20.maxnew1024.seed10086.subtreePrefetch.vllm.log,2860,2026-09-09 15:41:57,2882.0,251.5,436.2,3,0,0.9,0.0
dataset-lcb_v6.model-qwen3.5-9b.alpha4.0.steps100.blocks-1.prefetch-budget-8.rank-smallest_cut_diff.cut-entropy4.0.samples20.maxnew1024.seed10086.subtreePrefetch.vllm.log,2865,2026-09-09 15:42:07,2892.0,152.4,429.2,1,0,0.3,0.0
dataset-lcb_v6.model-qwen3.5-9b.alpha4.0.steps100.blocks-1.prefetch-budget-8.rank-smallest_cut_diff.cut-entropy4.0.samples20.maxnew1024.seed10086.subtreePrefetch.vllm.log,2874,2026-09-09 15:42:17,2902.0,408.6,475.1,8,0,1.1,0.0
dataset-lcb_v6.model-qwen3.5-9b.alpha4.0.steps100.blocks-1.prefetch-budget-8.rank-smallest_cut_diff.cut-entropy4.0.samples20.maxnew1024.seed10086.subtreePrefetch.vllm.log,2879,2026-09-09 15:42:27,2912.0,218.6,502.0,7,0,1.2,0.0
dataset-lcb_v6.model-qwen3.5-9b.alpha4.0.steps100.blocks-1.prefetch-budget-8.rank-smallest_cut_diff.cut-entropy4.0.samples20.maxnew1024.seed10086.subtreePrefetch.vllm.log,2884,2026-09-09 15:42:37,2922.0,204.5,430.8,4,0,0.9,0.0
dataset-lcb_v6.model-qwen3.5-9b.alpha4.0.steps100.blocks-1.prefetch-budget-8.rank-smallest_cut_diff.cut-entropy4.0.samples20.maxnew1024.seed10086.subtreePrefetch.vllm.log,2889,2026-09-09 15:42:47,2932.0,211.1,468.9,4,0,1.0,0.0
dataset-lcb_v6.model-qwen3.5-9b.alpha4.0.steps100.blocks-1.prefetch-budget-8.rank-smallest_cut_diff.cut-entropy4.0.samples20.maxnew1024.seed10086.subtreePrefetch.vllm.log,2894,2026-09-09 15:42:57,2942.0,147.2,520.0,5,0,1.2,0.0
dataset-lcb_v6.model-qwen3.5-9b.alpha4.0.steps100.blocks-1.prefetch-budget-8.rank-smallest_cut_diff.cut-entropy4.0.samples20.maxnew1024.seed10086.subtreePrefetch.vllm.log,2922,2026-09-09 15:43:07,2952.0,36.5,168.0,1,0,0.3,0.0
dataset-lcb_v6.model-qwen3.5-9b.alpha4.0.steps100.blocks-1.prefetch-budget-8.rank-smallest_cut_diff.cut-entropy4.0.samples20.maxnew1024.seed10086.subtreePrefetch.vllm.log,2927,2026-09-09 15:43:17,2962.0,244.6,401.0,1,0,0.3,0.0
dataset-lcb_v6.model-qwen3.5-9b.alpha4.0.steps100.blocks-1.prefetch-budget-8.rank-smallest_cut_diff.cut-entropy4.0.samples20.maxnew1024.seed10086.subtreePrefetch.vllm.log,2936,2026-09-09 15:43:27,2972.0,483.7,526.1,4,0,0.9,0.0
dataset-lcb_v6.model-qwen3.5-9b.alpha4.0.steps100.blocks-1.prefetch-budget-8.rank-smallest_cut_diff.cut-entropy4.0.samples20.maxnew1024.seed10086.subtreePrefetch.vllm.log,2941,2026-09-09 15:43:37,2982.0,190.8,474.3,2,0,0.5,0.0
dataset-lcb_v6.model-qwen3.5-9b.alpha4.0.steps100.blocks-1.prefetch-budget-8.rank-smallest_cut_diff.cut-entropy4.0.samples20.maxnew1024.seed10086.subtreePrefetch.vllm.log,2946,2026-09-09 15:43:47,2992.0,262.9,557.3,3,0,0.9,0.0
dataset-lcb_v6.model-qwen3.5-9b.alpha4.0.steps100.blocks-1.prefetch-budget-8.rank-smallest_cut_diff.cut-entropy4.0.samples20.maxnew1024.seed10086.subtreePrefetch.vllm.log,2951,2026-09-09 15:43:57,3002.0,248.5,568.4,2,0,0.6,0.0
dataset-lcb_v6.model-qwen3.5-9b.alpha4.0.steps100.blocks-1.prefetch-budget-8.rank-smallest_cut_diff.cut-entropy4.0.samples20.maxnew1024.seed10086.subtreePrefetch.vllm.log,2956,2026-09-09 15:44:07,3012.0,249.6,508.9,1,0,0.3,0.0
dataset-lcb_v6.model-qwen3.5-9b.alpha4.0.steps100.blocks-1.prefetch-budget-8.rank-smallest_cut_diff.cut-entropy4.0.samples20.maxnew1024.seed10086.subtreePrefetch.vllm.log,2961,2026-09-09 15:44:17,3022.0,247.9,535.5,3,0,0.9,0.0
dataset-lcb_v6.model-qwen3.5-9b.alpha4.0.steps100.blocks-1.prefetch-budget-8.rank-smallest_cut_diff.cut-entropy4.0.samples20.maxnew1024.seed10086.subtreePrefetch.vllm.log,2970,2026-09-09 15:44:27,3032.0,411.4,594.0,7,0,0.9,0.0
dataset-lcb_v6.model-qwen3.5-9b.alpha4.0.steps100.blocks-1.prefetch-budget-8.rank-smallest_cut_diff.cut-entropy4.0.samples20.maxnew1024.seed10086.subtreePrefetch.vllm.log,2975,2026-09-09 15:44:37,3042.0,209.5,437.8,8,0,1.1,0.0
dataset-lcb_v6.model-qwen3.5-9b.alpha4.0.steps100.blocks-1.prefetch-budget-8.rank-smallest_cut_diff.cut-entropy4.0.samples20.maxnew1024.seed10086.subtreePrefetch.vllm.log,2980,2026-09-09 15:44:47,3052.0,248.9,595.2,8,0,1.3,0.0
dataset-lcb_v6.model-qwen3.5-9b.alpha4.0.steps100.blocks-1.prefetch-budget-8.rank-smallest_cut_diff.cut-entropy4.0.samples20.maxnew1024.seed10086.subtreePrefetch.vllm.log,2985,2026-09-09 15:44:57,3062.0,252.7,643.6,7,0,1.2,0.0
dataset-lcb_v6.model-qwen3.5-9b.alpha4.0.steps100.blocks-1.prefetch-budget-8.rank-smallest_cut_diff.cut-entropy4.0.samples20.maxnew1024.seed10086.subtreePrefetch.vllm.log,2992,2026-09-09 15:45:07,3072.0,244.8,551.1,6,0,1.1,0.0
dataset-lcb_v6.model-qwen3.5-9b.alpha4.0.steps100.blocks-1.prefetch-budget-8.rank-smallest_cut_diff.cut-entropy4.0.samples20.maxnew1024.seed10086.subtreePrefetch.vllm.log,2997,2026-09-09 15:45:17,3082.0,242.8,579.4,7,0,1.3,0.0
dataset-lcb_v6.model-qwen3.5-9b.alpha4.0.steps100.blocks-1.prefetch-budget-8.rank-smallest_cut_diff.cut-entropy4.0.samples20.maxnew1024.seed10086.subtreePrefetch.vllm.log,3002,2026-09-09 15:45:27,3092.0,140.8,631.7,8,0,1.0,0.0
dataset-lcb_v6.model-qwen3.5-9b.alpha4.0.steps100.blocks-1.prefetch-budget-8.rank-smallest_cut_diff.cut-entropy4.0.samples20.maxnew1024.seed10086.subtreePrefetch.vllm.log,3007,2026-09-09 15:45:37,3102.0,190.1,675.6,8,0,1.6,0.0
dataset-lcb_v6.model-qwen3.5-9b.alpha4.0.steps100.blocks-1.prefetch-budget-8.rank-smallest_cut_diff.cut-entropy4.0.samples20.maxnew1024.seed10086.subtreePrefetch.vllm.log,3012,2026-09-09 15:45:47,3112.0,160.2,596.5,7,0,1.5,0.0
dataset-lcb_v6.model-qwen3.5-9b.alpha4.0.steps100.blocks-1.prefetch-budget-8.rank-smallest_cut_diff.cut-entropy4.0.samples20.maxnew1024.seed10086.subtreePrefetch.vllm.log,3017,2026-09-09 15:45:57,3122.0,172.5,612.8,6,0,1.3,0.0
dataset-lcb_v6.model-qwen3.5-9b.alpha4.0.steps100.blocks-1.prefetch-budget-8.rank-smallest_cut_diff.cut-entropy4.0.samples20.maxnew1024.seed10086.subtreePrefetch.vllm.log,3022,2026-09-09 15:46:07,3132.0,172.4,519.2,6,0,1.4,0.0
dataset-lcb_v6.model-qwen3.5-9b.alpha4.0.steps100.blocks-1.prefetch-budget-8.rank-smallest_cut_diff.cut-entropy4.0.samples20.maxnew1024.seed10086.subtreePrefetch.vllm.log,3027,2026-09-09 15:46:17,3142.0,162.6,492.7,5,0,1.2,0.0
dataset-lcb_v6.model-qwen3.5-9b.alpha4.0.steps100.blocks-1.prefetch-budget-8.rank-smallest_cut_diff.cut-entropy4.0.samples20.maxnew1024.seed10086.subtreePrefetch.vllm.log,3055,2026-09-09 15:46:27,3152.0,39.7,199.1,1,0,0.3,0.0
dataset-lcb_v6.model-qwen3.5-9b.alpha4.0.steps100.blocks-1.prefetch-budget-8.rank-smallest_cut_diff.cut-entropy4.0.samples20.maxnew1024.seed10086.subtreePrefetch.vllm.log,3060,2026-09-09 15:46:37,3162.0,248.7,475.3,1,0,0.3,0.0
dataset-lcb_v6.model-qwen3.5-9b.alpha4.0.steps100.blocks-1.prefetch-budget-8.rank-smallest_cut_diff.cut-entropy4.0.samples20.maxnew1024.seed10086.subtreePrefetch.vllm.log,3065,2026-09-09 15:46:47,3172.0,289.6,435.1,1,0,0.3,0.0
dataset-lcb_v6.model-qwen3.5-9b.alpha4.0.steps100.blocks-1.prefetch-budget-8.rank-smallest_cut_diff.cut-entropy4.0.samples20.maxnew1024.seed10086.subtreePrefetch.vllm.log,3074,2026-09-09 15:46:57,3182.0,460.4,494.5,8,0,0.9,0.0
dataset-lcb_v6.model-qwen3.5-9b.alpha4.0.steps100.blocks-1.prefetch-budget-8.rank-smallest_cut_diff.cut-entropy4.0.samples20.maxnew1024.seed10086.subtreePrefetch.vllm.log,3079,2026-09-09 15:47:07,3192.0,285.3,551.6,8,0,1.4,0.0
dataset-lcb_v6.model-qwen3.5-9b.alpha4.0.steps100.blocks-1.prefetch-budget-8.rank-smallest_cut_diff.cut-entropy4.0.samples20.maxnew1024.seed10086.subtreePrefetch.vllm.log,3084,2026-09-09 15:47:17,3202.0,140.6,565.2,8,0,1.1,0.0
dataset-lcb_v6.model-qwen3.5-9b.alpha4.0.steps100.blocks-1.prefetch-budget-8.rank-smallest_cut_diff.cut-entropy4.0.samples20.maxnew1024.seed10086.subtreePrefetch.vllm.log,3089,2026-09-09 15:47:27,3212.0,110.5,529.6,6,0,0.9,0.0
dataset-lcb_v6.model-qwen3.5-9b.alpha4.0.steps100.blocks-1.prefetch-budget-8.rank-smallest_cut_diff.cut-entropy4.0.samples20.maxnew1024.seed10086.subtreePrefetch.vllm.log,3094,2026-09-09 15:47:37,3222.0,242.6,524.8,3,0,0.7,0.0
dataset-lcb_v6.model-qwen3.5-9b.alpha4.0.steps100.blocks-1.prefetch-budget-8.rank-smallest_cut_diff.cut-entropy4.0.samples20.maxnew1024.seed10086.subtreePrefetch.vllm.log,3099,2026-09-09 15:47:47,3232.0,129.9,427.0,3,0,0.7,0.0
dataset-lcb_v6.model-qwen3.5-9b.alpha4.0.steps100.blocks-1.prefetch-budget-8.rank-smallest_cut_diff.cut-entropy4.0.samples20.maxnew1024.seed10086.subtreePrefetch.vllm.log,3104,2026-09-09 15:47:57,3242.0,240.3,445.7,2,0,0.6,0.0
dataset-lcb_v6.model-qwen3.5-9b.alpha4.0.steps100.blocks-1.prefetch-budget-8.rank-smallest_cut_diff.cut-entropy4.0.samples20.maxnew1024.seed10086.subtreePrefetch.vllm.log,3109,2026-09-09 15:48:07,3252.0,170.8,418.3,1,0,0.3,0.0
dataset-lcb_v6.model-qwen3.5-9b.alpha4.0.steps100.blocks-1.prefetch-budget-8.rank-smallest_cut_diff.cut-entropy4.0.samples20.maxnew1024.seed10086.subtreePrefetch.vllm.log,3118,2026-09-09 15:48:17,3262.0,355.9,507.2,8,0,1.0,0.0
dataset-lcb_v6.model-qwen3.5-9b.alpha4.0.steps100.blocks-1.prefetch-budget-8.rank-smallest_cut_diff.cut-entropy4.0.samples20.maxnew1024.seed10086.subtreePrefetch.vllm.log,3123,2026-09-09 15:48:27,3272.0,211.1,617.6,8,0,1.4,0.0
dataset-lcb_v6.model-qwen3.5-9b.alpha4.0.steps100.blocks-1.prefetch-budget-8.rank-smallest_cut_diff.cut-entropy4.0.samples20.maxnew1024.seed10086.subtreePrefetch.vllm.log,3128,2026-09-09 15:48:37,3282.0,338.8,575.0,8,0,1.6,0.0
dataset-lcb_v6.model-qwen3.5-9b.alpha4.0.steps100.blocks-1.prefetch-budget-8.rank-smallest_cut_diff.cut-entropy4.0.samples20.maxnew1024.seed10086.subtreePrefetch.vllm.log,3133,2026-09-09 15:48:47,3292.0,178.6,609.0,8,0,1.2,0.0
dataset-lcb_v6.model-qwen3.5-9b.alpha4.0.steps100.blocks-1.prefetch-budget-8.rank-smallest_cut_diff.cut-entropy4.0.samples20.maxnew1024.seed10086.subtreePrefetch.vllm.log,3138,2026-09-09 15:48:57,3302.0,234.1,523.9,6,0,1.1,0.0
dataset-lcb_v6.model-qwen3.5-9b.alpha4.0.steps100.blocks-1.prefetch-budget-8.rank-smallest_cut_diff.cut-entropy4.0.samples20.maxnew1024.seed10086.subtreePrefetch.vllm.log,3143,2026-09-09 15:49:07,3312.0,284.9,544.0,7,0,1.5,0.0
dataset-lcb_v6.model-qwen3.5-9b.alpha4.0.steps100.blocks-1.prefetch-budget-8.rank-smallest_cut_diff.cut-entropy4.0.samples20.maxnew1024.seed10086.subtreePrefetch.vllm.log,3148,2026-09-09 15:49:17,3322.0,245.7,525.7,7,0,1.3,0.0
dataset-lcb_v6.model-qwen3.5-9b.alpha4.0.steps100.blocks-1.prefetch-budget-8.rank-smallest_cut_diff.cut-entropy4.0.samples20.maxnew1024.seed10086.subtreePrefetch.vllm.log,3153,2026-09-09 15:49:27,3332.0,180.1,594.3,7,0,1.2,0.0
dataset-lcb_v6.model-qwen3.5-9b.alpha4.0.steps100.blocks-1.prefetch-budget-8.rank-smallest_cut_diff.cut-entropy4.0.samples20.maxnew1024.seed10086.subtreePrefetch.vllm.log,3158,2026-09-09 15:49:37,3342.0,142.5,595.1,6,0,1.2,0.0
dataset-lcb_v6.model-qwen3.5-9b.alpha4.0.steps100.blocks-1.prefetch-budget-8.rank-smallest_cut_diff.cut-entropy4.0.samples20.maxnew1024.seed10086.subtreePrefetch.vllm.log,3163,2026-09-09 15:49:47,3352.0,357.3,596.5,5,0,1.0,0.0
dataset-lcb_v6.model-qwen3.5-9b.alpha4.0.steps100.blocks-1.prefetch-budget-8.rank-smallest_cut_diff.cut-entropy4.0.samples20.maxnew1024.seed10086.subtreePrefetch.vllm.log,3168,2026-09-09 15:49:57,3362.0,268.8,616.1,5,0,1.1,0.0
dataset-lcb_v6.model-qwen3.5-9b.alpha4.0.steps100.blocks-1.prefetch-budget-8.rank-smallest_cut_diff.cut-entropy4.0.samples20.maxnew1024.seed10086.subtreePrefetch.vllm.log,3200,2026-09-09 15:50:07,3372.0,129.6,261.2,1,0,0.2,0.0
dataset-lcb_v6.model-qwen3.5-9b.alpha4.0.steps100.blocks-1.prefetch-budget-8.rank-smallest_cut_diff.cut-entropy4.0.samples20.maxnew1024.seed10086.subtreePrefetch.vllm.log,3205,2026-09-09 15:50:17,3382.0,205.2,296.2,5,0,1.1,0.0
dataset-lcb_v6.model-qwen3.5-9b.alpha4.0.steps100.blocks-1.prefetch-budget-8.rank-smallest_cut_diff.cut-entropy4.0.samples20.maxnew1024.seed10086.subtreePrefetch.vllm.log,3210,2026-09-09 15:50:27,3392.0,296.5,548.9,8,0,1.6,0.0
dataset-lcb_v6.model-qwen3.5-9b.alpha4.0.steps100.blocks-1.prefetch-budget-8.rank-smallest_cut_diff.cut-entropy4.0.samples20.maxnew1024.seed10086.subtreePrefetch.vllm.log,3215,2026-09-09 15:50:37,3402.0,261.6,768.8,7,0,1.4,0.0
dataset-lcb_v6.model-qwen3.5-9b.alpha4.0.steps100.blocks-1.prefetch-budget-8.rank-smallest_cut_diff.cut-entropy4.0.samples20.maxnew1024.seed10086.subtreePrefetch.vllm.log,3220,2026-09-09 15:50:47,3412.0,241.5,722.4,7,0,1.4,0.0
dataset-lcb_v6.model-qwen3.5-9b.alpha4.0.steps100.blocks-1.prefetch-budget-8.rank-smallest_cut_diff.cut-entropy4.0.samples20.maxnew1024.seed10086.subtreePrefetch.vllm.log,3225,2026-09-09 15:50:57,3422.0,286.3,700.6,8,0,1.6,0.0
dataset-lcb_v6.model-qwen3.5-9b.alpha4.0.steps100.blocks-1.prefetch-budget-8.rank-smallest_cut_diff.cut-entropy4.0.samples20.maxnew1024.seed10086.subtreePrefetch.vllm.log,3230,2026-09-09 15:51:07,3432.0,219.1,774.3,6,0,1.2,0.0
dataset-lcb_v6.model-qwen3.5-9b.alpha4.0.steps100.blocks-1.prefetch-budget-8.rank-smallest_cut_diff.cut-entropy4.0.samples20.maxnew1024.seed10086.subtreePrefetch.vllm.log,3235,2026-09-09 15:51:17,3442.0,228.0,614.8,5,0,1.1,0.0
dataset-lcb_v6.model-qwen3.5-9b.alpha4.0.steps100.blocks-1.prefetch-budget-8.rank-smallest_cut_diff.cut-entropy4.0.samples20.maxnew1024.seed10086.subtreePrefetch.vllm.log,3240,2026-09-09 15:51:27,3452.0,237.5,533.6,6,0,1.2,0.0
dataset-lcb_v6.model-qwen3.5-9b.alpha4.0.steps100.blocks-1.prefetch-budget-8.rank-smallest_cut_diff.cut-entropy4.0.samples20.maxnew1024.seed10086.subtreePrefetch.vllm.log,3245,2026-09-09 15:51:37,3462.0,272.2,659.4,7,0,1.4,0.0
dataset-lcb_v6.model-qwen3.5-9b.alpha4.0.steps100.blocks-1.prefetch-budget-8.rank-smallest_cut_diff.cut-entropy4.0.samples20.maxnew1024.seed10086.subtreePrefetch.vllm.log,3250,2026-09-09 15:51:47,3472.0,237.6,707.4,6,0,1.2,0.0
dataset-lcb_v6.model-qwen3.5-9b.alpha4.0.steps100.blocks-1.prefetch-budget-8.rank-smallest_cut_diff.cut-entropy4.0.samples20.maxnew1024.seed10086.subtreePrefetch.vllm.log,3255,2026-09-09 15:51:57,3482.0,261.7,660.3,7,0,1.4,0.0
dataset-lcb_v6.model-qwen3.5-9b.alpha4.0.steps100.blocks-1.prefetch-budget-8.rank-smallest_cut_diff.cut-entropy4.0.samples20.maxnew1024.seed10086.subtreePrefetch.vllm.log,3260,2026-09-09 15:52:07,3492.0,299.0,727.4,8,0,1.6,0.0
dataset-lcb_v6.model-qwen3.5-9b.alpha4.0.steps100.blocks-1.prefetch-budget-8.rank-smallest_cut_diff.cut-entropy4.0.samples20.maxnew1024.seed10086.subtreePrefetch.vllm.log,3265,2026-09-09 15:52:17,3502.0,243.0,763.9,7,0,1.4,0.0
dataset-lcb_v6.model-qwen3.5-9b.alpha4.0.steps100.blocks-1.prefetch-budget-8.rank-smallest_cut_diff.cut-entropy4.0.samples20.maxnew1024.seed10086.subtreePrefetch.vllm.log,3270,2026-09-09 15:52:27,3512.0,299.3,693.1,8,0,1.6,0.0
dataset-lcb_v6.model-qwen3.5-9b.alpha4.0.steps100.blocks-1.prefetch-budget-8.rank-smallest_cut_diff.cut-entropy4.0.samples20.maxnew1024.seed10086.subtreePrefetch.vllm.log,3275,2026-09-09 15:52:37,3522.0,261.2,762.7,7,0,1.4,0.0
dataset-lcb_v6.model-qwen3.5-9b.alpha4.0.steps100.blocks-1.prefetch-budget-8.rank-smallest_cut_diff.cut-entropy4.0.samples20.maxnew1024.seed10086.subtreePrefetch.vllm.log,3280,2026-09-09 15:52:47,3532.0,302.6,693.1,8,0,1.6,0.0
dataset-lcb_v6.model-qwen3.5-9b.alpha4.0.steps100.blocks-1.prefetch-budget-8.rank-smallest_cut_diff.cut-entropy4.0.samples20.maxnew1024.seed10086.subtreePrefetch.vllm.log,3285,2026-09-09 15:52:57,3542.0,307.4,774.5,8,0,1.2,0.0
dataset-lcb_v6.model-qwen3.5-9b.alpha4.0.steps100.blocks-1.prefetch-budget-8.rank-smallest_cut_diff.cut-entropy4.0.samples20.maxnew1024.seed10086.subtreePrefetch.vllm.log,3290,2026-09-09 15:53:07,3552.0,302.9,682.9,8,0,1.0,0.0
dataset-lcb_v6.model-qwen3.5-9b.alpha4.0.steps100.blocks-1.prefetch-budget-8.rank-smallest_cut_diff.cut-entropy4.0.samples20.maxnew1024.seed10086.subtreePrefetch.vllm.log,3295,2026-09-09 15:53:17,3562.0,328.7,731.6,8,0,1.2,0.0
dataset-lcb_v6.model-qwen3.5-9b.alpha4.0.steps100.blocks-1.prefetch-budget-8.rank-smallest_cut_diff.cut-entropy4.0.samples20.maxnew1024.seed10086.subtreePrefetch.vllm.log,3300,2026-09-09 15:53:27,3572.0,288.9,703.4,7,0,0.8,0.0
dataset-lcb_v6.model-qwen3.5-9b.alpha4.0.steps100.blocks-1.prefetch-budget-8.rank-smallest_cut_diff.cut-entropy4.0.samples20.maxnew1024.seed10086.subtreePrefetch.vllm.log,3305,2026-09-09 15:53:37,3582.0,279.1,701.1,7,0,0.7,0.0
dataset-lcb_v6.model-qwen3.5-9b.alpha4.0.steps100.blocks-1.prefetch-budget-8.rank-smallest_cut_diff.cut-entropy4.0.samples20.maxnew1024.seed10086.subtreePrefetch.vllm.log,3310,2026-09-09 15:53:47,3592.0,289.7,713.9,8,0,0.8,0.0
dataset-lcb_v6.model-qwen3.5-9b.alpha4.0.steps100.blocks-1.prefetch-budget-8.rank-smallest_cut_diff.cut-entropy4.0.samples20.maxnew1024.seed10086.subtreePrefetch.vllm.log,3315,2026-09-09 15:53:57,3602.0,290.9,788.1,8,0,0.8,0.0
dataset-lcb_v6.model-qwen3.5-9b.alpha4.0.steps100.blocks-1.prefetch-budget-8.rank-smallest_cut_diff.cut-entropy4.0.samples20.maxnew1024.seed10086.subtreePrefetch.vllm.log,3320,2026-09-09 15:54:07,3612.0,286.2,786.7,8,0,0.8,0.0
dataset-lcb_v6.model-qwen3.5-9b.alpha4.0.steps100.blocks-1.prefetch-budget-8.rank-smallest_cut_diff.cut-entropy4.0.samples20.maxnew1024.seed10086.subtreePrefetch.vllm.log,3348,2026-09-09 15:54:17,3622.0,39.7,795.4,1,0,0.1,0.0
dataset-lcb_v6.model-qwen3.5-9b.alpha4.0.steps100.blocks-1.prefetch-budget-8.rank-smallest_cut_diff.cut-entropy4.0.samples20.maxnew1024.seed10086.subtreePrefetch.vllm.log,3353,2026-09-09 15:54:27,3632.0,197.2,191.7,7,0,1.0,0.0
dataset-lcb_v6.model-qwen3.5-9b.alpha4.0.steps100.blocks-1.prefetch-budget-8.rank-smallest_cut_diff.cut-entropy4.0.samples20.maxnew1024.seed10086.subtreePrefetch.vllm.log,3358,2026-09-09 15:54:37,3642.0,196.4,481.1,6,0,1.1,0.0
dataset-lcb_v6.model-qwen3.5-9b.alpha4.0.steps100.blocks-1.prefetch-budget-8.rank-smallest_cut_diff.cut-entropy4.0.samples20.maxnew1024.seed10086.subtreePrefetch.vllm.log,3363,2026-09-09 15:54:47,3652.0,202.3,528.5,2,0,0.5,0.0
dataset-lcb_v6.model-qwen3.5-9b.alpha4.0.steps100.blocks-1.prefetch-budget-8.rank-smallest_cut_diff.cut-entropy4.0.samples20.maxnew1024.seed10086.subtreePrefetch.vllm.log,3372,2026-09-09 15:54:57,3662.0,351.6,485.6,6,0,1.1,0.0
dataset-lcb_v6.model-qwen3.5-9b.alpha4.0.steps100.blocks-1.prefetch-budget-8.rank-smallest_cut_diff.cut-entropy4.0.samples20.maxnew1024.seed10086.subtreePrefetch.vllm.log,3377,2026-09-09 15:55:07,3672.0,175.8,493.2,3,0,0.7,0.0
dataset-lcb_v6.model-qwen3.5-9b.alpha4.0.steps100.blocks-1.prefetch-budget-8.rank-smallest_cut_diff.cut-entropy4.0.samples20.maxnew1024.seed10086.subtreePrefetch.vllm.log,3386,2026-09-09 15:55:17,3682.0,421.5,500.3,7,0,1.1,0.0
dataset-lcb_v6.model-qwen3.5-9b.alpha4.0.steps100.blocks-1.prefetch-budget-8.rank-smallest_cut_diff.cut-entropy4.0.samples20.maxnew1024.seed10086.subtreePrefetch.vllm.log,3391,2026-09-09 15:55:27,3692.0,97.3,457.0,1,0,0.3,0.0
dataset-lcb_v6.model-qwen3.5-9b.alpha4.0.steps100.blocks-1.prefetch-budget-8.rank-smallest_cut_diff.cut-entropy4.0.samples20.maxnew1024.seed10086.subtreePrefetch.vllm.log,3400,2026-09-09 15:55:37,3702.0,379.3,477.4,7,0,1.2,0.0
dataset-lcb_v6.model-qwen3.5-9b.alpha4.0.steps100.blocks-1.prefetch-budget-8.rank-smallest_cut_diff.cut-entropy4.0.samples20.maxnew1024.seed10086.subtreePrefetch.vllm.log,3405,2026-09-09 15:55:47,3712.0,179.2,513.5,4,0,0.8,0.0
dataset-lcb_v6.model-qwen3.5-9b.alpha4.0.steps100.blocks-1.prefetch-budget-8.rank-smallest_cut_diff.cut-entropy4.0.samples20.maxnew1024.seed10086.subtreePrefetch.vllm.log,3410,2026-09-09 15:55:57,3722.0,112.6,434.9,3,0,0.7,0.0
dataset-lcb_v6.model-qwen3.5-9b.alpha4.0.steps100.blocks-1.prefetch-budget-8.rank-smallest_cut_diff.cut-entropy4.0.samples20.maxnew1024.seed10086.subtreePrefetch.vllm.log,3415,2026-09-09 15:56:07,3732.0,196.2,440.7,1,0,0.3,0.0
dataset-lcb_v6.model-qwen3.5-9b.alpha4.0.steps100.blocks-1.prefetch-budget-8.rank-smallest_cut_diff.cut-entropy4.0.samples20.maxnew1024.seed10086.subtreePrefetch.vllm.log,3424,2026-09-09 15:56:17,3742.0,321.1,549.7,8,0,1.0,0.0
dataset-lcb_v6.model-qwen3.5-9b.alpha4.0.steps100.blocks-1.prefetch-budget-8.rank-smallest_cut_diff.cut-entropy4.0.samples20.maxnew1024.seed10086.subtreePrefetch.vllm.log,3429,2026-09-09 15:56:27,3752.0,186.2,551.0,5,0,1.0,0.0
dataset-lcb_v6.model-qwen3.5-9b.alpha4.0.steps100.blocks-1.prefetch-budget-8.rank-smallest_cut_diff.cut-entropy4.0.samples20.maxnew1024.seed10086.subtreePrefetch.vllm.log,3434,2026-09-09 15:56:37,3762.0,122.6,436.0,1,0,0.3,0.0
dataset-lcb_v6.model-qwen3.5-9b.alpha4.0.steps100.blocks-1.prefetch-budget-8.rank-smallest_cut_diff.cut-entropy4.0.samples20.maxnew1024.seed10086.subtreePrefetch.vllm.log,3443,2026-09-09 15:56:47,3772.0,252.8,541.2,6,0,1.1,0.0
dataset-lcb_v6.model-qwen3.5-9b.alpha4.0.steps100.blocks-1.prefetch-budget-8.rank-smallest_cut_diff.cut-entropy4.0.samples20.maxnew1024.seed10086.subtreePrefetch.vllm.log,3452,2026-09-09 15:56:57,3782.0,369.2,462.9,8,0,1.0,0.0
dataset-lcb_v6.model-qwen3.5-9b.alpha4.0.steps100.blocks-1.prefetch-budget-8.rank-smallest_cut_diff.cut-entropy4.0.samples20.maxnew1024.seed10086.subtreePrefetch.vllm.log,3457,2026-09-09 15:57:07,3792.0,93.4,570.4,7,0,1.1,0.0
dataset-lcb_v6.model-qwen3.5-9b.alpha4.0.steps100.blocks-1.prefetch-budget-8.rank-smallest_cut_diff.cut-entropy4.0.samples20.maxnew1024.seed10086.subtreePrefetch.vllm.log,3542,2026-09-09 15:57:17,3802.0,73.1,335.3,1,0,0.3,0.0
dataset-lcb_v6.model-qwen3.5-9b.alpha4.0.steps100.blocks-1.prefetch-budget-8.rank-smallest_cut_diff.cut-entropy4.0.samples20.maxnew1024.seed10086.subtreePrefetch.vllm.log,3547,2026-09-09 15:57:27,3812.0,270.3,409.3,8,0,1.7,0.0
dataset-lcb_v6.model-qwen3.5-9b.alpha4.0.steps100.blocks-1.prefetch-budget-8.rank-smallest_cut_diff.cut-entropy4.0.samples20.maxnew1024.seed10086.subtreePrefetch.vllm.log,3552,2026-09-09 15:57:37,3822.0,251.2,698.3,8,0,1.7,0.0
dataset-lcb_v6.model-qwen3.5-9b.alpha4.0.steps100.blocks-1.prefetch-budget-8.rank-smallest_cut_diff.cut-entropy4.0.samples20.maxnew1024.seed10086.subtreePrefetch.vllm.log,3557,2026-09-09 15:57:47,3832.0,262.7,749.5,8,0,1.7,0.0
dataset-lcb_v6.model-qwen3.5-9b.alpha4.0.steps100.blocks-1.prefetch-budget-8.rank-smallest_cut_diff.cut-entropy4.0.samples20.maxnew1024.seed10086.subtreePrefetch.vllm.log,3562,2026-09-09 15:57:57,3842.0,280.3,747.1,8,0,1.7,0.0
dataset-lcb_v6.model-qwen3.5-9b.alpha4.0.steps100.blocks-1.prefetch-budget-8.rank-smallest_cut_diff.cut-entropy4.0.samples20.maxnew1024.seed10086.subtreePrefetch.vllm.log,3567,2026-09-09 15:58:08,3853.0,284.4,742.1,8,0,1.7,0.0
dataset-lcb_v6.model-qwen3.5-9b.alpha4.0.steps100.blocks-1.prefetch-budget-8.rank-smallest_cut_diff.cut-entropy4.0.samples20.maxnew1024.seed10086.subtreePrefetch.vllm.log,3572,2026-09-09 15:58:18,3863.0,277.6,760.9,8,0,1.8,0.0
dataset-lcb_v6.model-qwen3.5-9b.alpha4.0.steps100.blocks-1.prefetch-budget-8.rank-smallest_cut_diff.cut-entropy4.0.samples20.maxnew1024.seed10086.subtreePrefetch.vllm.log,3577,2026-09-09 15:58:28,3873.0,291.0,742.0,8,0,2.2,0.0
dataset-lcb_v6.model-qwen3.5-9b.alpha4.0.steps100.blocks-1.prefetch-budget-8.rank-smallest_cut_diff.cut-entropy4.0.samples20.maxnew1024.seed10086.subtreePrefetch.vllm.log,3582,2026-09-09 15:58:38,3883.0,286.8,692.7,8,0,2.0,0.0
dataset-lcb_v6.model-qwen3.5-9b.alpha4.0.steps100.blocks-1.prefetch-budget-8.rank-smallest_cut_diff.cut-entropy4.0.samples20.maxnew1024.seed10086.subtreePrefetch.vllm.log,3587,2026-09-09 15:58:48,3893.0,257.8,655.8,8,0,1.9,0.0
dataset-lcb_v6.model-qwen3.5-9b.alpha4.0.steps100.blocks-1.prefetch-budget-8.rank-smallest_cut_diff.cut-entropy4.0.samples20.maxnew1024.seed10086.subtreePrefetch.vllm.log,3592,2026-09-09 15:58:58,3903.0,243.1,659.8,7,0,1.6,0.0
dataset-lcb_v6.model-qwen3.5-9b.alpha4.0.steps100.blocks-1.prefetch-budget-8.rank-smallest_cut_diff.cut-entropy4.0.samples20.maxnew1024.seed10086.subtreePrefetch.vllm.log,3597,2026-09-09 15:59:08,3913.0,257.6,730.1,8,0,1.8,0.0
dataset-lcb_v6.model-qwen3.5-9b.alpha4.0.steps100.blocks-1.prefetch-budget-8.rank-smallest_cut_diff.cut-entropy4.0.samples20.maxnew1024.seed10086.subtreePrefetch.vllm.log,3602,2026-09-09 15:59:18,3923.0,291.8,718.0,8,0,2.2,0.0
dataset-lcb_v6.model-qwen3.5-9b.alpha4.0.steps100.blocks-1.prefetch-budget-8.rank-smallest_cut_diff.cut-entropy4.0.samples20.maxnew1024.seed10086.subtreePrefetch.vllm.log,3607,2026-09-09 15:59:28,3933.0,300.1,697.5,7,0,2.2,0.0
dataset-lcb_v6.model-qwen3.5-9b.alpha4.0.steps100.blocks-1.prefetch-budget-8.rank-smallest_cut_diff.cut-entropy4.0.samples20.maxnew1024.seed10086.subtreePrefetch.vllm.log,3612,2026-09-09 15:59:38,3943.0,298.6,718.7,5,0,1.6,0.0
dataset-lcb_v6.model-qwen3.5-9b.alpha4.0.steps100.blocks-1.prefetch-budget-8.rank-smallest_cut_diff.cut-entropy4.0.samples20.maxnew1024.seed10086.subtreePrefetch.vllm.log,3621,2026-09-09 15:59:48,3953.0,545.0,735.7,8,0,0.9,0.0
dataset-lcb_v6.model-qwen3.5-9b.alpha4.0.steps100.blocks-1.prefetch-budget-8.rank-smallest_cut_diff.cut-entropy4.0.samples20.maxnew1024.seed10086.subtreePrefetch.vllm.log,3626,2026-09-09 15:59:58,3963.0,237.0,729.1,8,0,1.0,0.0
dataset-lcb_v6.model-qwen3.5-9b.alpha4.0.steps100.blocks-1.prefetch-budget-8.rank-smallest_cut_diff.cut-entropy4.0.samples20.maxnew1024.seed10086.subtreePrefetch.vllm.log,3631,2026-09-09 16:00:08,3973.0,257.7,757.9,8,0,1.3,0.0
dataset-lcb_v6.model-qwen3.5-9b.alpha4.0.steps100.blocks-1.prefetch-budget-8.rank-smallest_cut_diff.cut-entropy4.0.samples20.maxnew1024.seed10086.subtreePrefetch.vllm.log,3636,2026-09-09 16:00:18,3983.0,268.7,697.3,8,0,1.2,0.0
dataset-lcb_v6.model-qwen3.5-9b.alpha4.0.steps100.blocks-1.prefetch-budget-8.rank-smallest_cut_diff.cut-entropy4.0.samples20.maxnew1024.seed10086.subtreePrefetch.vllm.log,3641,2026-09-09 16:00:28,3993.0,278.3,702.1,8,0,1.0,0.0
dataset-lcb_v6.model-qwen3.5-9b.alpha4.0.steps100.blocks-1.prefetch-budget-8.rank-smallest_cut_diff.cut-entropy4.0.samples20.maxnew1024.seed10086.subtreePrefetch.vllm.log,3646,2026-09-09 16:00:38,4003.0,284.9,770.8,8,0,1.7,0.0
dataset-lcb_v6.model-qwen3.5-9b.alpha4.0.steps100.blocks-1.prefetch-budget-8.rank-smallest_cut_diff.cut-entropy4.0.samples20.maxnew1024.seed10086.subtreePrefetch.vllm.log,3651,2026-09-09 16:00:48,4013.0,266.3,768.7,8,0,1.7,0.0
dataset-lcb_v6.model-qwen3.5-9b.alpha4.0.steps100.blocks-1.prefetch-budget-8.rank-smallest_cut_diff.cut-entropy4.0.samples20.maxnew1024.seed10086.subtreePrefetch.vllm.log,3656,2026-09-09 16:00:58,4023.0,271.8,781.3,8,0,1.7,0.0
dataset-lcb_v6.model-qwen3.5-9b.alpha4.0.steps100.blocks-1.prefetch-budget-8.rank-smallest_cut_diff.cut-entropy4.0.samples20.maxnew1024.seed10086.subtreePrefetch.vllm.log,3661,2026-09-09 16:01:08,4033.0,236.9,701.1,8,0,1.7,0.0
dataset-lcb_v6.model-qwen3.5-9b.alpha4.0.steps100.blocks-1.prefetch-budget-8.rank-smallest_cut_diff.cut-entropy4.0.samples20.maxnew1024.seed10086.subtreePrefetch.vllm.log,3666,2026-09-09 16:01:18,4043.0,32.7,428.2,1,0,0.3,0.0
dataset-lcb_v6.model-qwen3.5-9b.alpha4.0.steps100.blocks-1.prefetch-budget-8.rank-smallest_cut_diff.cut-entropy4.0.samples20.maxnew1024.seed10086.subtreePrefetch.vllm.log,3694,2026-09-09 16:01:28,4053.0,63.3,115.7,1,0,0.3,0.0
dataset-lcb_v6.model-qwen3.5-9b.alpha4.0.steps100.blocks-1.prefetch-budget-8.rank-smallest_cut_diff.cut-entropy4.0.samples20.maxnew1024.seed10086.subtreePrefetch.vllm.log,3699,2026-09-09 16:01:38,4063.0,209.9,502.1,1,0,0.4,0.0
dataset-lcb_v6.model-qwen3.5-9b.alpha4.0.steps100.blocks-1.prefetch-budget-8.rank-smallest_cut_diff.cut-entropy4.0.samples20.maxnew1024.seed10086.subtreePrefetch.vllm.log,3708,2026-09-09 16:01:48,4073.0,518.0,643.0,7,0,0.8,0.0
dataset-lcb_v6.model-qwen3.5-9b.alpha4.0.steps100.blocks-1.prefetch-budget-8.rank-smallest_cut_diff.cut-entropy4.0.samples20.maxnew1024.seed10086.subtreePrefetch.vllm.log,3713,2026-09-09 16:01:58,4083.0,318.7,543.7,8,0,0.9,0.0
dataset-lcb_v6.model-qwen3.5-9b.alpha4.0.steps100.blocks-1.prefetch-budget-8.rank-smallest_cut_diff.cut-entropy4.0.samples20.maxnew1024.seed10086.subtreePrefetch.vllm.log,3718,2026-09-09 16:02:08,4093.0,313.3,700.8,8,0,1.5,0.0
dataset-lcb_v6.model-qwen3.5-9b.alpha4.0.steps100.blocks-1.prefetch-budget-8.rank-smallest_cut_diff.cut-entropy4.0.samples20.maxnew1024.seed10086.subtreePrefetch.vllm.log,3723,2026-09-09 16:02:18,4103.0,251.7,687.3,8,0,1.7,0.0
dataset-lcb_v6.model-qwen3.5-9b.alpha4.0.steps100.blocks-1.prefetch-budget-8.rank-smallest_cut_diff.cut-entropy4.0.samples20.maxnew1024.seed10086.subtreePrefetch.vllm.log,3728,2026-09-09 16:02:28,4113.0,287.8,713.3,8,0,1.7,0.0
dataset-lcb_v6.model-qwen3.5-9b.alpha4.0.steps100.blocks-1.prefetch-budget-8.rank-smallest_cut_diff.cut-entropy4.0.samples20.maxnew1024.seed10086.subtreePrefetch.vllm.log,3733,2026-09-09 16:02:38,4123.0,292.9,701.1,8,0,2.1,0.0
dataset-lcb_v6.model-qwen3.5-9b.alpha4.0.steps100.blocks-1.prefetch-budget-8.rank-smallest_cut_diff.cut-entropy4.0.samples20.maxnew1024.seed10086.subtreePrefetch.vllm.log,3738,2026-09-09 16:02:48,4133.0,259.2,694.3,6,0,1.7,0.0
dataset-lcb_v6.model-qwen3.5-9b.alpha4.0.steps100.blocks-1.prefetch-budget-8.rank-smallest_cut_diff.cut-entropy4.0.samples20.maxnew1024.seed10086.subtreePrefetch.vllm.log,3743,2026-09-09 16:02:58,4143.0,235.1,649.1,1,0,0.4,0.0
dataset-lcb_v6.model-qwen3.5-9b.alpha4.0.steps100.blocks-1.prefetch-budget-8.rank-smallest_cut_diff.cut-entropy4.0.samples20.maxnew1024.seed10086.subtreePrefetch.vllm.log,3748,2026-09-09 16:03:08,4153.0,204.2,542.4,1,0,0.4,0.0
dataset-lcb_v6.model-qwen3.5-9b.alpha4.0.steps100.blocks-1.prefetch-budget-8.rank-smallest_cut_diff.cut-entropy4.0.samples20.maxnew1024.seed10086.subtreePrefetch.vllm.log,3757,2026-09-09 16:03:18,4163.0,507.5,694.5,8,0,1.2,0.0
dataset-lcb_v6.model-qwen3.5-9b.alpha4.0.steps100.blocks-1.prefetch-budget-8.rank-smallest_cut_diff.cut-entropy4.0.samples20.maxnew1024.seed10086.subtreePrefetch.vllm.log,3762,2026-09-09 16:03:28,4173.0,313.3,623.1,8,0,1.4,0.0
dataset-lcb_v6.model-qwen3.5-9b.alpha4.0.steps100.blocks-1.prefetch-budget-8.rank-smallest_cut_diff.cut-entropy4.0.samples20.maxnew1024.seed10086.subtreePrefetch.vllm.log,3767,2026-09-09 16:03:38,4183.0,270.9,728.1,8,0,1.6,0.0
dataset-lcb_v6.model-qwen3.5-9b.alpha4.0.steps100.blocks-1.prefetch-budget-8.rank-smallest_cut_diff.cut-entropy4.0.samples20.maxnew1024.seed10086.subtreePrefetch.vllm.log,3772,2026-09-09 16:03:48,4193.0,327.9,749.2,8,0,2.2,0.0
dataset-lcb_v6.model-qwen3.5-9b.alpha4.0.steps100.blocks-1.prefetch-budget-8.rank-smallest_cut_diff.cut-entropy4.0.samples20.maxnew1024.seed10086.subtreePrefetch.vllm.log,3777,2026-09-09 16:03:58,4203.0,225.0,638.7,2,0,0.6,0.0
dataset-lcb_v6.model-qwen3.5-9b.alpha4.0.steps100.blocks-1.prefetch-budget-8.rank-smallest_cut_diff.cut-entropy4.0.samples20.maxnew1024.seed10086.subtreePrefetch.vllm.log,3786,2026-09-09 16:04:08,4213.0,448.6,542.7,8,0,1.0,0.0
dataset-lcb_v6.model-qwen3.5-9b.alpha4.0.steps100.blocks-1.prefetch-budget-8.rank-smallest_cut_diff.cut-entropy4.0.samples20.maxnew1024.seed10086.subtreePrefetch.vllm.log,3791,2026-09-09 16:04:18,4223.0,264.3,684.7,8,0,1.4,0.0
dataset-lcb_v6.model-qwen3.5-9b.alpha4.0.steps100.blocks-1.prefetch-budget-8.rank-smallest_cut_diff.cut-entropy4.0.samples20.maxnew1024.seed10086.subtreePrefetch.vllm.log,3796,2026-09-09 16:04:28,4233.0,307.4,700.2,8,0,1.7,0.0
dataset-lcb_v6.model-qwen3.5-9b.alpha4.0.steps100.blocks-1.prefetch-budget-8.rank-smallest_cut_diff.cut-entropy4.0.samples20.maxnew1024.seed10086.subtreePrefetch.vllm.log,3801,2026-09-09 16:04:38,4243.0,193.2,691.5,8,0,1.6,0.0
dataset-lcb_v6.model-qwen3.5-9b.alpha4.0.steps100.blocks-1.prefetch-budget-8.rank-smallest_cut_diff.cut-entropy4.0.samples20.maxnew1024.seed10086.subtreePrefetch.vllm.log,3806,2026-09-09 16:04:48,4253.0,259.0,708.9,6,0,1.6,0.0
dataset-lcb_v6.model-qwen3.5-9b.alpha4.0.steps100.blocks-1.prefetch-budget-8.rank-smallest_cut_diff.cut-entropy4.0.samples20.maxnew1024.seed10086.subtreePrefetch.vllm.log,3811,2026-09-09 16:04:58,4263.0,239.0,610.8,2,0,0.7,0.0
dataset-lcb_v6.model-qwen3.5-9b.alpha4.0.steps100.blocks-1.prefetch-budget-8.rank-smallest_cut_diff.cut-entropy4.0.samples20.maxnew1024.seed10086.subtreePrefetch.vllm.log,3820,2026-09-09 16:05:08,4273.0,621.9,659.9,8,0,1.0,0.0
dataset-lcb_v6.model-qwen3.5-9b.alpha4.0.steps100.blocks-1.prefetch-budget-8.rank-smallest_cut_diff.cut-entropy4.0.samples20.maxnew1024.seed10086.subtreePrefetch.vllm.log,3825,2026-09-09 16:05:18,4283.0,45.6,541.8,1,0,0.3,0.0
dataset-lcb_v6.model-qwen3.5-9b.alpha4.0.steps100.blocks-1.prefetch-budget-8.rank-smallest_cut_diff.cut-entropy4.0.samples20.maxnew1024.seed10086.subtreePrefetch.vllm.log,3853,2026-09-09 16:05:28,4293.0,55.9,115.9,1,0,0.3,0.0
dataset-lcb_v6.model-qwen3.5-9b.alpha4.0.steps100.blocks-1.prefetch-budget-8.rank-smallest_cut_diff.cut-entropy4.0.samples20.maxnew1024.seed10086.subtreePrefetch.vllm.log,3858,2026-09-09 16:05:38,4303.0,165.7,484.7,6,0,1.3,0.0
dataset-lcb_v6.model-qwen3.5-9b.alpha4.0.steps100.blocks-1.prefetch-budget-8.rank-smallest_cut_diff.cut-entropy4.0.samples20.maxnew1024.seed10086.subtreePrefetch.vllm.log,3863,2026-09-09 16:05:48,4313.0,239.7,580.7,3,0,0.7,0.0
dataset-lcb_v6.model-qwen3.5-9b.alpha4.0.steps100.blocks-1.prefetch-budget-8.rank-smallest_cut_diff.cut-entropy4.0.samples20.maxnew1024.seed10086.subtreePrefetch.vllm.log,3868,2026-09-09 16:05:58,4323.0,256.7,532.0,3,0,0.7,0.0
dataset-lcb_v6.model-qwen3.5-9b.alpha4.0.steps100.blocks-1.prefetch-budget-8.rank-smallest_cut_diff.cut-entropy4.0.samples20.maxnew1024.seed10086.subtreePrefetch.vllm.log,3877,2026-09-09 16:06:08,4333.0,425.0,504.4,8,0,1.0,0.0
dataset-lcb_v6.model-qwen3.5-9b.alpha4.0.steps100.blocks-1.prefetch-budget-8.rank-smallest_cut_diff.cut-entropy4.0.samples20.maxnew1024.seed10086.subtreePrefetch.vllm.log,3882,2026-09-09 16:06:18,4343.0,168.2,551.0,8,0,1.2,0.0
dataset-lcb_v6.model-qwen3.5-9b.alpha4.0.steps100.blocks-1.prefetch-budget-8.rank-smallest_cut_diff.cut-entropy4.0.samples20.maxnew1024.seed10086.subtreePrefetch.vllm.log,3887,2026-09-09 16:06:28,4353.0,197.6,621.0,8,0,1.0,0.0
dataset-lcb_v6.model-qwen3.5-9b.alpha4.0.steps100.blocks-1.prefetch-budget-8.rank-smallest_cut_diff.cut-entropy4.0.samples20.maxnew1024.seed10086.subtreePrefetch.vllm.log,3892,2026-09-09 16:06:38,4363.0,215.5,606.7,7,0,1.1,0.0
dataset-lcb_v6.model-qwen3.5-9b.alpha4.0.steps100.blocks-1.prefetch-budget-8.rank-smallest_cut_diff.cut-entropy4.0.samples20.maxnew1024.seed10086.subtreePrefetch.vllm.log,3897,2026-09-09 16:06:48,4373.0,222.2,522.5,6,0,1.3,0.0
dataset-lcb_v6.model-qwen3.5-9b.alpha4.0.steps100.blocks-1.prefetch-budget-8.rank-smallest_cut_diff.cut-entropy4.0.samples20.maxnew1024.seed10086.subtreePrefetch.vllm.log,3902,2026-09-09 16:06:58,4383.0,187.4,561.0,5,0,1.1,0.0
dataset-lcb_v6.model-qwen3.5-9b.alpha4.0.steps100.blocks-1.prefetch-budget-8.rank-smallest_cut_diff.cut-entropy4.0.samples20.maxnew1024.seed10086.subtreePrefetch.vllm.log,3907,2026-09-09 16:07:08,4393.0,171.9,532.0,6,0,1.3,0.0
dataset-lcb_v6.model-qwen3.5-9b.alpha4.0.steps100.blocks-1.prefetch-budget-8.rank-smallest_cut_diff.cut-entropy4.0.samples20.maxnew1024.seed10086.subtreePrefetch.vllm.log,3912,2026-09-09 16:07:18,4403.0,228.5,486.0,5,0,1.1,0.0
dataset-lcb_v6.model-qwen3.5-9b.alpha4.0.steps100.blocks-1.prefetch-budget-8.rank-smallest_cut_diff.cut-entropy4.0.samples20.maxnew1024.seed10086.subtreePrefetch.vllm.log,3917,2026-09-09 16:07:28,4413.0,260.4,460.4,2,0,0.5,0.0
dataset-lcb_v6.model-qwen3.5-9b.alpha4.0.steps100.blocks-1.prefetch-budget-8.rank-smallest_cut_diff.cut-entropy4.0.samples20.maxnew1024.seed10086.subtreePrefetch.vllm.log,3922,2026-09-09 16:07:38,4423.0,166.0,563.0,4,0,0.9,0.0
dataset-lcb_v6.model-qwen3.5-9b.alpha4.0.steps100.blocks-1.prefetch-budget-8.rank-smallest_cut_diff.cut-entropy4.0.samples20.maxnew1024.seed10086.subtreePrefetch.vllm.log,3927,2026-09-09 16:07:48,4433.0,134.6,605.3,5,0,1.1,0.0
dataset-lcb_v6.model-qwen3.5-9b.alpha4.0.steps100.blocks-1.prefetch-budget-8.rank-smallest_cut_diff.cut-entropy4.0.samples20.maxnew1024.seed10086.subtreePrefetch.vllm.log,3936,2026-09-09 16:07:58,4443.0,422.8,525.1,8,0,1.0,0.0
dataset-lcb_v6.model-qwen3.5-9b.alpha4.0.steps100.blocks-1.prefetch-budget-8.rank-smallest_cut_diff.cut-entropy4.0.samples20.maxnew1024.seed10086.subtreePrefetch.vllm.log,3941,2026-09-09 16:08:08,4453.0,261.2,424.1,6,0,1.1,0.0
dataset-lcb_v6.model-qwen3.5-9b.alpha4.0.steps100.blocks-1.prefetch-budget-8.rank-smallest_cut_diff.cut-entropy4.0.samples20.maxnew1024.seed10086.subtreePrefetch.vllm.log,3946,2026-09-09 16:08:18,4463.0,170.2,460.6,7,0,0.9,0.0
dataset-lcb_v6.model-qwen3.5-9b.alpha4.0.steps100.blocks-1.prefetch-budget-8.rank-smallest_cut_diff.cut-entropy4.0.samples20.maxnew1024.seed10086.subtreePrefetch.vllm.log,3951,2026-09-09 16:08:28,4473.0,292.7,543.8,2,0,0.4,0.0
dataset-lcb_v6.model-qwen3.5-9b.alpha4.0.steps100.blocks-1.prefetch-budget-8.rank-smallest_cut_diff.cut-entropy4.0.samples20.maxnew1024.seed10086.subtreePrefetch.vllm.log,3956,2026-09-09 16:08:38,4483.0,283.9,304.1,3,0,0.7,0.0
dataset-lcb_v6.model-qwen3.5-9b.alpha4.0.steps100.blocks-1.prefetch-budget-8.rank-smallest_cut_diff.cut-entropy4.0.samples20.maxnew1024.seed10086.subtreePrefetch.vllm.log,3961,2026-09-09 16:08:48,4493.0,152.5,565.8,6,0,1.3,0.0
dataset-lcb_v6.model-qwen3.5-9b.alpha4.0.steps100.blocks-1.prefetch-budget-8.rank-smallest_cut_diff.cut-entropy4.0.samples20.maxnew1024.seed10086.subtreePrefetch.vllm.log,3989,2026-09-09 16:08:58,4503.0,52.8,190.6,1,0,0.3,0.0
dataset-lcb_v6.model-qwen3.5-9b.alpha4.0.steps100.blocks-1.prefetch-budget-8.rank-smallest_cut_diff.cut-entropy4.0.samples20.maxnew1024.seed10086.subtreePrefetch.vllm.log,3998,2026-09-09 16:09:08,4513.0,497.9,451.6,8,0,1.0,0.0
dataset-lcb_v6.model-qwen3.5-9b.alpha4.0.steps100.blocks-1.prefetch-budget-8.rank-smallest_cut_diff.cut-entropy4.0.samples20.maxnew1024.seed10086.subtreePrefetch.vllm.log,4003,2026-09-09 16:09:18,4523.0,272.6,519.1,7,0,1.1,0.0
dataset-lcb_v6.model-qwen3.5-9b.alpha4.0.steps100.blocks-1.prefetch-budget-8.rank-smallest_cut_diff.cut-entropy4.0.samples20.maxnew1024.seed10086.subtreePrefetch.vllm.log,4008,2026-09-09 16:09:28,4533.0,156.5,626.1,8,0,1.2,0.0
dataset-lcb_v6.model-qwen3.5-9b.alpha4.0.steps100.blocks-1.prefetch-budget-8.rank-smallest_cut_diff.cut-entropy4.0.samples20.maxnew1024.seed10086.subtreePrefetch.vllm.log,4013,2026-09-09 16:09:38,4543.0,247.8,669.7,8,0,1.6,0.0
dataset-lcb_v6.model-qwen3.5-9b.alpha4.0.steps100.blocks-1.prefetch-budget-8.rank-smallest_cut_diff.cut-entropy4.0.samples20.maxnew1024.seed10086.subtreePrefetch.vllm.log,4018,2026-09-09 16:09:48,4553.0,205.6,569.3,6,0,1.3,0.0
dataset-lcb_v6.model-qwen3.5-9b.alpha4.0.steps100.blocks-1.prefetch-budget-8.rank-smallest_cut_diff.cut-entropy4.0.samples20.maxnew1024.seed10086.subtreePrefetch.vllm.log,4027,2026-09-09 16:09:58,4563.0,521.9,505.1,8,0,1.0,0.0
dataset-lcb_v6.model-qwen3.5-9b.alpha4.0.steps100.blocks-1.prefetch-budget-8.rank-smallest_cut_diff.cut-entropy4.0.samples20.maxnew1024.seed10086.subtreePrefetch.vllm.log,4032,2026-09-09 16:10:08,4573.0,250.4,566.0,8,0,1.1,0.0
dataset-lcb_v6.model-qwen3.5-9b.alpha4.0.steps100.blocks-1.prefetch-budget-8.rank-smallest_cut_diff.cut-entropy4.0.samples20.maxnew1024.seed10086.subtreePrefetch.vllm.log,4037,2026-09-09 16:10:18,4583.0,224.1,599.2,6,0,0.9,0.0
dataset-lcb_v6.model-qwen3.5-9b.alpha4.0.steps100.blocks-1.prefetch-budget-8.rank-smallest_cut_diff.cut-entropy4.0.samples20.maxnew1024.seed10086.subtreePrefetch.vllm.log,4042,2026-09-09 16:10:28,4593.0,204.6,549.4,6,0,1.2,0.0
dataset-lcb_v6.model-qwen3.5-9b.alpha4.0.steps100.blocks-1.prefetch-budget-8.rank-smallest_cut_diff.cut-entropy4.0.samples20.maxnew1024.seed10086.subtreePrefetch.vllm.log,4047,2026-09-09 16:10:38,4603.0,180.9,476.2,4,0,0.8,0.0
dataset-lcb_v6.model-qwen3.5-9b.alpha4.0.steps100.blocks-1.prefetch-budget-8.rank-smallest_cut_diff.cut-entropy4.0.samples20.maxnew1024.seed10086.subtreePrefetch.vllm.log,4052,2026-09-09 16:10:48,4613.0,192.8,554.8,6,0,1.3,0.0
dataset-lcb_v6.model-qwen3.5-9b.alpha4.0.steps100.blocks-1.prefetch-budget-8.rank-smallest_cut_diff.cut-entropy4.0.samples20.maxnew1024.seed10086.subtreePrefetch.vllm.log,4057,2026-09-09 16:10:58,4623.0,235.0,499.7,3,0,0.7,0.0
dataset-lcb_v6.model-qwen3.5-9b.alpha4.0.steps100.blocks-1.prefetch-budget-8.rank-smallest_cut_diff.cut-entropy4.0.samples20.maxnew1024.seed10086.subtreePrefetch.vllm.log,4062,2026-09-09 16:11:08,4633.0,248.3,574.9,1,0,0.3,0.0
dataset-lcb_v6.model-qwen3.5-9b.alpha4.0.steps100.blocks-1.prefetch-budget-8.rank-smallest_cut_diff.cut-entropy4.0.samples20.maxnew1024.seed10086.subtreePrefetch.vllm.log,4071,2026-09-09 16:11:18,4643.0,452.8,537.8,7,0,0.8,0.0
dataset-lcb_v6.model-qwen3.5-9b.alpha4.0.steps100.blocks-1.prefetch-budget-8.rank-smallest_cut_diff.cut-entropy4.0.samples20.maxnew1024.seed10086.subtreePrefetch.vllm.log,4076,2026-09-09 16:11:28,4653.0,224.2,653.5,8,0,1.1,0.0
dataset-lcb_v6.model-qwen3.5-9b.alpha4.0.steps100.blocks-1.prefetch-budget-8.rank-smallest_cut_diff.cut-entropy4.0.samples20.maxnew1024.seed10086.subtreePrefetch.vllm.log,4081,2026-09-09 16:11:38,4663.0,275.2,656.1,6,0,1.2,0.0
dataset-lcb_v6.model-qwen3.5-9b.alpha4.0.steps100.blocks-1.prefetch-budget-8.rank-smallest_cut_diff.cut-entropy4.0.samples20.maxnew1024.seed10086.subtreePrefetch.vllm.log,4086,2026-09-09 16:11:48,4673.0,212.8,565.3,7,0,1.5,0.0
dataset-lcb_v6.model-qwen3.5-9b.alpha4.0.steps100.blocks-1.prefetch-budget-8.rank-smallest_cut_diff.cut-entropy4.0.samples20.maxnew1024.seed10086.subtreePrefetch.vllm.log,4091,2026-09-09 16:11:58,4683.0,169.8,504.6,4,0,0.9,0.0
