source_log,method,source_line,timestamp,prompt_throughput_tokens_s,generation_throughput_tokens_s,running_requests,waiting_requests,gpu_kv_cache_usage_percent,prefix_cache_hit_rate_percent,elapsed_minutes,eviction_rate_percent,evicted_blocks,allocated_blocks
/Users/jiangnanhugo/workspace/power-sharpening/Subtree-Prefetching-Power-Sharpening/case_studies/logs-entropycut/lcb_v6/2026-09-09/vllm/dataset-lcb_v6.model-qwen3.5-9b.alpha4.0.steps100.blocks-1.cut-entropy4.0.samples20.maxnew1024.seed10086.powerMH.vllm.log,EntropyCut,174,2026-09-09 14:53:56,24.7,43.6,1,0,0.2,0.0,0.0,0.0,0,16
/Users/jiangnanhugo/workspace/power-sharpening/Subtree-Prefetching-Power-Sharpening/case_studies/logs-entropycut/lcb_v6/2026-09-09/vllm/dataset-lcb_v6.model-qwen3.5-9b.alpha4.0.steps100.blocks-1.cut-entropy4.0.samples20.maxnew1024.seed10086.powerMH.vllm.log,EntropyCut,183,2026-09-09 14:54:06,53.3,116.0,1,0,0.2,0.0,0.16666666666666666,0.0,0,12
/Users/jiangnanhugo/workspace/power-sharpening/Subtree-Prefetching-Power-Sharpening/case_studies/logs-entropycut/lcb_v6/2026-09-09/vllm/dataset-lcb_v6.model-qwen3.5-9b.alpha4.0.steps100.blocks-1.cut-entropy4.0.samples20.maxnew1024.seed10086.powerMH.vllm.log,EntropyCut,192,2026-09-09 14:54:16,22.1,115.3,1,0,0.3,0.0,0.3333333333333333,0.0,0,12
/Users/jiangnanhugo/workspace/power-sharpening/Subtree-Prefetching-Power-Sharpening/case_studies/logs-entropycut/lcb_v6/2026-09-09/vllm/dataset-lcb_v6.model-qwen3.5-9b.alpha4.0.steps100.blocks-1.cut-entropy4.0.samples20.maxnew1024.seed10086.powerMH.vllm.log,EntropyCut,209,2026-09-09 14:54:26,77.6,113.5,1,0,0.2,0.0,0.5,0.0,0,16
/Users/jiangnanhugo/workspace/power-sharpening/Subtree-Prefetching-Power-Sharpening/case_studies/logs-entropycut/lcb_v6/2026-09-09/vllm/dataset-lcb_v6.model-qwen3.5-9b.alpha4.0.steps100.blocks-1.cut-entropy4.0.samples20.maxnew1024.seed10086.powerMH.vllm.log,EntropyCut,218,2026-09-09 14:54:36,49.9,115.0,1,0,0.2,0.0,0.6666666666666666,0.0,0,12
/Users/jiangnanhugo/workspace/power-sharpening/Subtree-Prefetching-Power-Sharpening/case_studies/logs-entropycut/lcb_v6/2026-09-09/vllm/dataset-lcb_v6.model-qwen3.5-9b.alpha4.0.steps100.blocks-1.cut-entropy4.0.samples20.maxnew1024.seed10086.powerMH.vllm.log,EntropyCut,227,2026-09-09 14:54:46,66.8,115.3,1,0,0.3,0.0,0.8333333333333334,0.0,0,16
/Users/jiangnanhugo/workspace/power-sharpening/Subtree-Prefetching-Power-Sharpening/case_studies/logs-entropycut/lcb_v6/2026-09-09/vllm/dataset-lcb_v6.model-qwen3.5-9b.alpha4.0.steps100.blocks-1.cut-entropy4.0.samples20.maxnew1024.seed10086.powerMH.vllm.log,EntropyCut,236,2026-09-09 14:54:56,28.2,115.4,1,0,0.3,0.0,1.0,0.0,0,12
/Users/jiangnanhugo/workspace/power-sharpening/Subtree-Prefetching-Power-Sharpening/case_studies/logs-entropycut/lcb_v6/2026-09-09/vllm/dataset-lcb_v6.model-qwen3.5-9b.alpha4.0.steps100.blocks-1.cut-entropy4.0.samples20.maxnew1024.seed10086.powerMH.vllm.log,EntropyCut,245,2026-09-09 14:55:06,50.0,115.2,1,0,0.2,0.0,1.1666666666666667,0.0,0,12
/Users/jiangnanhugo/workspace/power-sharpening/Subtree-Prefetching-Power-Sharpening/case_studies/logs-entropycut/lcb_v6/2026-09-09/vllm/dataset-lcb_v6.model-qwen3.5-9b.alpha4.0.steps100.blocks-1.cut-entropy4.0.samples20.maxnew1024.seed10086.powerMH.vllm.log,EntropyCut,258,2026-09-09 14:55:16,78.8,114.0,1,0,0.2,0.0,1.3333333333333333,0.0,0,16
/Users/jiangnanhugo/workspace/power-sharpening/Subtree-Prefetching-Power-Sharpening/case_studies/logs-entropycut/lcb_v6/2026-09-09/vllm/dataset-lcb_v6.model-qwen3.5-9b.alpha4.0.steps100.blocks-1.cut-entropy4.0.samples20.maxnew1024.seed10086.powerMH.vllm.log,EntropyCut,267,2026-09-09 14:55:26,91.2,115.4,1,0,0.3,0.0,1.5,0.0,0,16
/Users/jiangnanhugo/workspace/power-sharpening/Subtree-Prefetching-Power-Sharpening/case_studies/logs-entropycut/lcb_v6/2026-09-09/vllm/dataset-lcb_v6.model-qwen3.5-9b.alpha4.0.steps100.blocks-1.cut-entropy4.0.samples20.maxnew1024.seed10086.powerMH.vllm.log,EntropyCut,280,2026-09-09 14:55:36,111.4,114.1,1,0,0.3,0.0,1.6666666666666667,0.0,0,20
/Users/jiangnanhugo/workspace/power-sharpening/Subtree-Prefetching-Power-Sharpening/case_studies/logs-entropycut/lcb_v6/2026-09-09/vllm/dataset-lcb_v6.model-qwen3.5-9b.alpha4.0.steps100.blocks-1.cut-entropy4.0.samples20.maxnew1024.seed10086.powerMH.vllm.log,EntropyCut,293,2026-09-09 14:55:46,72.0,114.2,1,0,0.2,0.0,1.8333333333333333,0.0,0,12
/Users/jiangnanhugo/workspace/power-sharpening/Subtree-Prefetching-Power-Sharpening/case_studies/logs-entropycut/lcb_v6/2026-09-09/vllm/dataset-lcb_v6.model-qwen3.5-9b.alpha4.0.steps100.blocks-1.cut-entropy4.0.samples20.maxnew1024.seed10086.powerMH.vllm.log,EntropyCut,298,2026-09-09 14:55:56,33.1,116.0,1,0,0.3,0.0,2.0,0.0,0,12
/Users/jiangnanhugo/workspace/power-sharpening/Subtree-Prefetching-Power-Sharpening/case_studies/logs-entropycut/lcb_v6/2026-09-09/vllm/dataset-lcb_v6.model-qwen3.5-9b.alpha4.0.steps100.blocks-1.cut-entropy4.0.samples20.maxnew1024.seed10086.powerMH.vllm.log,EntropyCut,311,2026-09-09 14:56:06,95.4,114.0,1,0,0.3,0.0,2.1666666666666665,0.0,0,16
/Users/jiangnanhugo/workspace/power-sharpening/Subtree-Prefetching-Power-Sharpening/case_studies/logs-entropycut/lcb_v6/2026-09-09/vllm/dataset-lcb_v6.model-qwen3.5-9b.alpha4.0.steps100.blocks-1.cut-entropy4.0.samples20.maxnew1024.seed10086.powerMH.vllm.log,EntropyCut,320,2026-09-09 14:56:16,28.6,114.9,1,0,0.3,0.0,2.3333333333333335,0.0,0,12
/Users/jiangnanhugo/workspace/power-sharpening/Subtree-Prefetching-Power-Sharpening/case_studies/logs-entropycut/lcb_v6/2026-09-09/vllm/dataset-lcb_v6.model-qwen3.5-9b.alpha4.0.steps100.blocks-1.cut-entropy4.0.samples20.maxnew1024.seed10086.powerMH.vllm.log,EntropyCut,333,2026-09-09 14:56:26,78.0,113.6,1,0,0.3,0.0,2.5,0.0,0,16
/Users/jiangnanhugo/workspace/power-sharpening/Subtree-Prefetching-Power-Sharpening/case_studies/logs-entropycut/lcb_v6/2026-09-09/vllm/dataset-lcb_v6.model-qwen3.5-9b.alpha4.0.steps100.blocks-1.cut-entropy4.0.samples20.maxnew1024.seed10086.powerMH.vllm.log,EntropyCut,346,2026-09-09 14:56:36,86.1,114.2,1,0,0.3,0.0,2.6666666666666665,0.0,0,16
/Users/jiangnanhugo/workspace/power-sharpening/Subtree-Prefetching-Power-Sharpening/case_studies/logs-entropycut/lcb_v6/2026-09-09/vllm/dataset-lcb_v6.model-qwen3.5-9b.alpha4.0.steps100.blocks-1.cut-entropy4.0.samples20.maxnew1024.seed10086.powerMH.vllm.log,EntropyCut,355,2026-09-09 14:56:46,35.8,115.1,1,0,0.3,0.0,2.8333333333333335,0.0,0,12
/Users/jiangnanhugo/workspace/power-sharpening/Subtree-Prefetching-Power-Sharpening/case_studies/logs-entropycut/lcb_v6/2026-09-09/vllm/dataset-lcb_v6.model-qwen3.5-9b.alpha4.0.steps100.blocks-1.cut-entropy4.0.samples20.maxnew1024.seed10086.powerMH.vllm.log,EntropyCut,368,2026-09-09 14:56:56,46.6,114.2,1,0,0.2,0.0,3.0,0.0,0,12
/Users/jiangnanhugo/workspace/power-sharpening/Subtree-Prefetching-Power-Sharpening/case_studies/logs-entropycut/lcb_v6/2026-09-09/vllm/dataset-lcb_v6.model-qwen3.5-9b.alpha4.0.steps100.blocks-1.cut-entropy4.0.samples20.maxnew1024.seed10086.powerMH.vllm.log,EntropyCut,385,2026-09-09 14:57:06,90.9,113.4,1,0,0.3,0.0,3.1666666666666665,0.0,0,20
/Users/jiangnanhugo/workspace/power-sharpening/Subtree-Prefetching-Power-Sharpening/case_studies/logs-entropycut/lcb_v6/2026-09-09/vllm/dataset-lcb_v6.model-qwen3.5-9b.alpha4.0.steps100.blocks-1.cut-entropy4.0.samples20.maxnew1024.seed10086.powerMH.vllm.log,EntropyCut,398,2026-09-09 14:57:16,104.3,114.0,1,0,0.3,0.0,3.3333333333333335,0.0,0,16
/Users/jiangnanhugo/workspace/power-sharpening/Subtree-Prefetching-Power-Sharpening/case_studies/logs-entropycut/lcb_v6/2026-09-09/vllm/dataset-lcb_v6.model-qwen3.5-9b.alpha4.0.steps100.blocks-1.cut-entropy4.0.samples20.maxnew1024.seed10086.powerMH.vllm.log,EntropyCut,407,2026-09-09 14:57:26,46.8,115.9,1,0,0.2,0.0,3.5,0.0,0,12
/Users/jiangnanhugo/workspace/power-sharpening/Subtree-Prefetching-Power-Sharpening/case_studies/logs-entropycut/lcb_v6/2026-09-09/vllm/dataset-lcb_v6.model-qwen3.5-9b.alpha4.0.steps100.blocks-1.cut-entropy4.0.samples20.maxnew1024.seed10086.powerMH.vllm.log,EntropyCut,416,2026-09-09 14:57:36,28.7,115.5,1,0,0.2,0.0,3.6666666666666665,0.0,0,12
/Users/jiangnanhugo/workspace/power-sharpening/Subtree-Prefetching-Power-Sharpening/case_studies/logs-entropycut/lcb_v6/2026-09-09/vllm/dataset-lcb_v6.model-qwen3.5-9b.alpha4.0.steps100.blocks-1.cut-entropy4.0.samples20.maxnew1024.seed10086.powerMH.vllm.log,EntropyCut,429,2026-09-09 14:57:46,49.8,115.0,1,0,0.2,0.0,3.8333333333333335,0.0,0,12
/Users/jiangnanhugo/workspace/power-sharpening/Subtree-Prefetching-Power-Sharpening/case_studies/logs-entropycut/lcb_v6/2026-09-09/vllm/dataset-lcb_v6.model-qwen3.5-9b.alpha4.0.steps100.blocks-1.cut-entropy4.0.samples20.maxnew1024.seed10086.powerMH.vllm.log,EntropyCut,450,2026-09-09 14:57:56,120.2,112.8,1,0,0.2,0.0,4.0,0.0,0,20
/Users/jiangnanhugo/workspace/power-sharpening/Subtree-Prefetching-Power-Sharpening/case_studies/logs-entropycut/lcb_v6/2026-09-09/vllm/dataset-lcb_v6.model-qwen3.5-9b.alpha4.0.steps100.blocks-1.cut-entropy4.0.samples20.maxnew1024.seed10086.powerMH.vllm.log,EntropyCut,459,2026-09-09 14:58:06,15.6,115.6,1,0,0.2,0.0,4.166666666666667,0.0,0,12
/Users/jiangnanhugo/workspace/power-sharpening/Subtree-Prefetching-Power-Sharpening/case_studies/logs-entropycut/lcb_v6/2026-09-09/vllm/dataset-lcb_v6.model-qwen3.5-9b.alpha4.0.steps100.blocks-1.cut-entropy4.0.samples20.maxnew1024.seed10086.powerMH.vllm.log,EntropyCut,464,2026-09-09 14:58:16,4.2,116.9,1,0,0.3,0.0,4.333333333333333,0.0,0,8
/Users/jiangnanhugo/workspace/power-sharpening/Subtree-Prefetching-Power-Sharpening/case_studies/logs-entropycut/lcb_v6/2026-09-09/vllm/dataset-lcb_v6.model-qwen3.5-9b.alpha4.0.steps100.blocks-1.cut-entropy4.0.samples20.maxnew1024.seed10086.powerMH.vllm.log,EntropyCut,489,2026-09-09 14:58:26,151.3,112.1,1,0,0.2,0.0,4.5,0.0,0,24
/Users/jiangnanhugo/workspace/power-sharpening/Subtree-Prefetching-Power-Sharpening/case_studies/logs-entropycut/lcb_v6/2026-09-09/vllm/dataset-lcb_v6.model-qwen3.5-9b.alpha4.0.steps100.blocks-1.cut-entropy4.0.samples20.maxnew1024.seed10086.powerMH.vllm.log,EntropyCut,502,2026-09-09 14:58:36,116.9,114.8,1,0,0.2,0.0,4.666666666666667,0.0,0,16
/Users/jiangnanhugo/workspace/power-sharpening/Subtree-Prefetching-Power-Sharpening/case_studies/logs-entropycut/lcb_v6/2026-09-09/vllm/dataset-lcb_v6.model-qwen3.5-9b.alpha4.0.steps100.blocks-1.cut-entropy4.0.samples20.maxnew1024.seed10086.powerMH.vllm.log,EntropyCut,515,2026-09-09 14:58:46,89.7,114.8,1,0,0.3,0.0,4.833333333333333,0.0,0,16
/Users/jiangnanhugo/workspace/power-sharpening/Subtree-Prefetching-Power-Sharpening/case_studies/logs-entropycut/lcb_v6/2026-09-09/vllm/dataset-lcb_v6.model-qwen3.5-9b.alpha4.0.steps100.blocks-1.cut-entropy4.0.samples20.maxnew1024.seed10086.powerMH.vllm.log,EntropyCut,528,2026-09-09 14:58:56,104.6,114.8,1,0,0.3,0.0,5.0,0.0,0,20
/Users/jiangnanhugo/workspace/power-sharpening/Subtree-Prefetching-Power-Sharpening/case_studies/logs-entropycut/lcb_v6/2026-09-09/vllm/dataset-lcb_v6.model-qwen3.5-9b.alpha4.0.steps100.blocks-1.cut-entropy4.0.samples20.maxnew1024.seed10086.powerMH.vllm.log,EntropyCut,537,2026-09-09 14:59:06,63.3,116.0,1,0,0.3,0.0,5.166666666666667,0.0,0,12
/Users/jiangnanhugo/workspace/power-sharpening/Subtree-Prefetching-Power-Sharpening/case_studies/logs-entropycut/lcb_v6/2026-09-09/vllm/dataset-lcb_v6.model-qwen3.5-9b.alpha4.0.steps100.blocks-1.cut-entropy4.0.samples20.maxnew1024.seed10086.powerMH.vllm.log,EntropyCut,546,2026-09-09 14:59:16,38.0,115.7,1,0,0.3,0.0,5.333333333333333,0.0,0,12
/Users/jiangnanhugo/workspace/power-sharpening/Subtree-Prefetching-Power-Sharpening/case_studies/logs-entropycut/lcb_v6/2026-09-09/vllm/dataset-lcb_v6.model-qwen3.5-9b.alpha4.0.steps100.blocks-1.cut-entropy4.0.samples20.maxnew1024.seed10086.powerMH.vllm.log,EntropyCut,559,2026-09-09 14:59:26,57.8,115.3,1,0,0.3,0.0,5.5,0.0,0,16
/Users/jiangnanhugo/workspace/power-sharpening/Subtree-Prefetching-Power-Sharpening/case_studies/logs-entropycut/lcb_v6/2026-09-09/vllm/dataset-lcb_v6.model-qwen3.5-9b.alpha4.0.steps100.blocks-1.cut-entropy4.0.samples20.maxnew1024.seed10086.powerMH.vllm.log,EntropyCut,568,2026-09-09 14:59:36,60.2,116.0,1,0,0.2,0.0,5.666666666666667,0.0,0,12
/Users/jiangnanhugo/workspace/power-sharpening/Subtree-Prefetching-Power-Sharpening/case_studies/logs-entropycut/lcb_v6/2026-09-09/vllm/dataset-lcb_v6.model-qwen3.5-9b.alpha4.0.steps100.blocks-1.cut-entropy4.0.samples20.maxnew1024.seed10086.powerMH.vllm.log,EntropyCut,581,2026-09-09 14:59:46,45.1,114.8,1,0,0.2,0.0,5.833333333333333,0.0,0,16
/Users/jiangnanhugo/workspace/power-sharpening/Subtree-Prefetching-Power-Sharpening/case_studies/logs-entropycut/lcb_v6/2026-09-09/vllm/dataset-lcb_v6.model-qwen3.5-9b.alpha4.0.steps100.blocks-1.cut-entropy4.0.samples20.maxnew1024.seed10086.powerMH.vllm.log,EntropyCut,590,2026-09-09 14:59:56,74.0,115.8,1,0,0.3,0.0,6.0,0.0,0,12
/Users/jiangnanhugo/workspace/power-sharpening/Subtree-Prefetching-Power-Sharpening/case_studies/logs-entropycut/lcb_v6/2026-09-09/vllm/dataset-lcb_v6.model-qwen3.5-9b.alpha4.0.steps100.blocks-1.cut-entropy4.0.samples20.maxnew1024.seed10086.powerMH.vllm.log,EntropyCut,607,2026-09-09 15:00:06,73.5,113.4,1,0,0.2,0.0,6.166666666666667,0.0,0,16
/Users/jiangnanhugo/workspace/power-sharpening/Subtree-Prefetching-Power-Sharpening/case_studies/logs-entropycut/lcb_v6/2026-09-09/vllm/dataset-lcb_v6.model-qwen3.5-9b.alpha4.0.steps100.blocks-1.cut-entropy4.0.samples20.maxnew1024.seed10086.powerMH.vllm.log,EntropyCut,758,2026-09-09 15:00:16,61.7,114.4,1,0,0.2,0.0,6.333333333333333,0.0,0,16
/Users/jiangnanhugo/workspace/power-sharpening/Subtree-Prefetching-Power-Sharpening/case_studies/logs-entropycut/lcb_v6/2026-09-09/vllm/dataset-lcb_v6.model-qwen3.5-9b.alpha4.0.steps100.blocks-1.cut-entropy4.0.samples20.maxnew1024.seed10086.powerMH.vllm.log,EntropyCut,763,2026-09-09 15:00:26,20.5,116.6,1,0,0.3,0.0,6.5,0.0,0,12
/Users/jiangnanhugo/workspace/power-sharpening/Subtree-Prefetching-Power-Sharpening/case_studies/logs-entropycut/lcb_v6/2026-09-09/vllm/dataset-lcb_v6.model-qwen3.5-9b.alpha4.0.steps100.blocks-1.cut-entropy4.0.samples20.maxnew1024.seed10086.powerMH.vllm.log,EntropyCut,768,2026-09-09 15:00:36,44.3,117.4,1,0,0.3,0.0,6.666666666666667,0.0,0,12
/Users/jiangnanhugo/workspace/power-sharpening/Subtree-Prefetching-Power-Sharpening/case_studies/logs-entropycut/lcb_v6/2026-09-09/vllm/dataset-lcb_v6.model-qwen3.5-9b.alpha4.0.steps100.blocks-1.cut-entropy4.0.samples20.maxnew1024.seed10086.powerMH.vllm.log,EntropyCut,777,2026-09-09 15:00:46,23.4,116.2,1,0,0.2,0.0,6.833333333333333,0.0,0,12
/Users/jiangnanhugo/workspace/power-sharpening/Subtree-Prefetching-Power-Sharpening/case_studies/logs-entropycut/lcb_v6/2026-09-09/vllm/dataset-lcb_v6.model-qwen3.5-9b.alpha4.0.steps100.blocks-1.cut-entropy4.0.samples20.maxnew1024.seed10086.powerMH.vllm.log,EntropyCut,782,2026-09-09 15:00:56,14.7,117.4,1,0,0.3,0.0,7.0,0.0,0,12
/Users/jiangnanhugo/workspace/power-sharpening/Subtree-Prefetching-Power-Sharpening/case_studies/logs-entropycut/lcb_v6/2026-09-09/vllm/dataset-lcb_v6.model-qwen3.5-9b.alpha4.0.steps100.blocks-1.cut-entropy4.0.samples20.maxnew1024.seed10086.powerMH.vllm.log,EntropyCut,791,2026-09-09 15:01:06,30.0,116.0,1,0,0.2,0.0,7.166666666666667,0.0,0,12
/Users/jiangnanhugo/workspace/power-sharpening/Subtree-Prefetching-Power-Sharpening/case_studies/logs-entropycut/lcb_v6/2026-09-09/vllm/dataset-lcb_v6.model-qwen3.5-9b.alpha4.0.steps100.blocks-1.cut-entropy4.0.samples20.maxnew1024.seed10086.powerMH.vllm.log,EntropyCut,800,2026-09-09 15:01:16,67.9,115.8,1,0,0.2,0.0,7.333333333333333,0.0,0,20
/Users/jiangnanhugo/workspace/power-sharpening/Subtree-Prefetching-Power-Sharpening/case_studies/logs-entropycut/lcb_v6/2026-09-09/vllm/dataset-lcb_v6.model-qwen3.5-9b.alpha4.0.steps100.blocks-1.cut-entropy4.0.samples20.maxnew1024.seed10086.powerMH.vllm.log,EntropyCut,805,2026-09-09 15:01:26,52.6,116.9,1,0,0.2,0.0,7.5,0.0,0,12
/Users/jiangnanhugo/workspace/power-sharpening/Subtree-Prefetching-Power-Sharpening/case_studies/logs-entropycut/lcb_v6/2026-09-09/vllm/dataset-lcb_v6.model-qwen3.5-9b.alpha4.0.steps100.blocks-1.cut-entropy4.0.samples20.maxnew1024.seed10086.powerMH.vllm.log,EntropyCut,810,2026-09-09 15:01:36,7.0,117.1,1,0,0.3,0.0,7.666666666666667,0.0,0,12
/Users/jiangnanhugo/workspace/power-sharpening/Subtree-Prefetching-Power-Sharpening/case_studies/logs-entropycut/lcb_v6/2026-09-09/vllm/dataset-lcb_v6.model-qwen3.5-9b.alpha4.0.steps100.blocks-1.cut-entropy4.0.samples20.maxnew1024.seed10086.powerMH.vllm.log,EntropyCut,819,2026-09-09 15:01:46,67.3,115.8,1,0,0.2,0.0,7.833333333333333,0.0,0,16
/Users/jiangnanhugo/workspace/power-sharpening/Subtree-Prefetching-Power-Sharpening/case_studies/logs-entropycut/lcb_v6/2026-09-09/vllm/dataset-lcb_v6.model-qwen3.5-9b.alpha4.0.steps100.blocks-1.cut-entropy4.0.samples20.maxnew1024.seed10086.powerMH.vllm.log,EntropyCut,824,2026-09-09 15:01:56,34.7,117.0,1,0,0.3,0.0,8.0,0.0,0,12
/Users/jiangnanhugo/workspace/power-sharpening/Subtree-Prefetching-Power-Sharpening/case_studies/logs-entropycut/lcb_v6/2026-09-09/vllm/dataset-lcb_v6.model-qwen3.5-9b.alpha4.0.steps100.blocks-1.cut-entropy4.0.samples20.maxnew1024.seed10086.powerMH.vllm.log,EntropyCut,833,2026-09-09 15:02:06,40.9,115.7,1,0,0.2,0.0,8.166666666666666,0.0,0,12
/Users/jiangnanhugo/workspace/power-sharpening/Subtree-Prefetching-Power-Sharpening/case_studies/logs-entropycut/lcb_v6/2026-09-09/vllm/dataset-lcb_v6.model-qwen3.5-9b.alpha4.0.steps100.blocks-1.cut-entropy4.0.samples20.maxnew1024.seed10086.powerMH.vllm.log,EntropyCut,842,2026-09-09 15:02:16,23.9,115.7,1,0,0.3,0.0,8.333333333333334,0.0,0,16
/Users/jiangnanhugo/workspace/power-sharpening/Subtree-Prefetching-Power-Sharpening/case_studies/logs-entropycut/lcb_v6/2026-09-09/vllm/dataset-lcb_v6.model-qwen3.5-9b.alpha4.0.steps100.blocks-1.cut-entropy4.0.samples20.maxnew1024.seed10086.powerMH.vllm.log,EntropyCut,851,2026-09-09 15:02:26,50.0,114.6,1,0,0.2,0.0,8.5,0.0,0,12
/Users/jiangnanhugo/workspace/power-sharpening/Subtree-Prefetching-Power-Sharpening/case_studies/logs-entropycut/lcb_v6/2026-09-09/vllm/dataset-lcb_v6.model-qwen3.5-9b.alpha4.0.steps100.blocks-1.cut-entropy4.0.samples20.maxnew1024.seed10086.powerMH.vllm.log,EntropyCut,856,2026-09-09 15:02:36,9.6,115.6,1,0,0.3,0.0,8.666666666666666,0.0,0,12
/Users/jiangnanhugo/workspace/power-sharpening/Subtree-Prefetching-Power-Sharpening/case_studies/logs-entropycut/lcb_v6/2026-09-09/vllm/dataset-lcb_v6.model-qwen3.5-9b.alpha4.0.steps100.blocks-1.cut-entropy4.0.samples20.maxnew1024.seed10086.powerMH.vllm.log,EntropyCut,865,2026-09-09 15:02:46,88.5,114.5,1,0,0.2,0.0,8.833333333333334,0.0,0,16
/Users/jiangnanhugo/workspace/power-sharpening/Subtree-Prefetching-Power-Sharpening/case_studies/logs-entropycut/lcb_v6/2026-09-09/vllm/dataset-lcb_v6.model-qwen3.5-9b.alpha4.0.steps100.blocks-1.cut-entropy4.0.samples20.maxnew1024.seed10086.powerMH.vllm.log,EntropyCut,874,2026-09-09 15:02:56,38.1,114.7,1,0,0.3,0.0,9.0,0.0,0,16
/Users/jiangnanhugo/workspace/power-sharpening/Subtree-Prefetching-Power-Sharpening/case_studies/logs-entropycut/lcb_v6/2026-09-09/vllm/dataset-lcb_v6.model-qwen3.5-9b.alpha4.0.steps100.blocks-1.cut-entropy4.0.samples20.maxnew1024.seed10086.powerMH.vllm.log,EntropyCut,883,2026-09-09 15:03:06,71.8,114.7,1,0,0.2,0.0,9.166666666666666,0.0,0,16
/Users/jiangnanhugo/workspace/power-sharpening/Subtree-Prefetching-Power-Sharpening/case_studies/logs-entropycut/lcb_v6/2026-09-09/vllm/dataset-lcb_v6.model-qwen3.5-9b.alpha4.0.steps100.blocks-1.cut-entropy4.0.samples20.maxnew1024.seed10086.powerMH.vllm.log,EntropyCut,892,2026-09-09 15:03:16,41.4,115.2,1,0,0.2,0.0,9.333333333333334,0.0,0,12
/Users/jiangnanhugo/workspace/power-sharpening/Subtree-Prefetching-Power-Sharpening/case_studies/logs-entropycut/lcb_v6/2026-09-09/vllm/dataset-lcb_v6.model-qwen3.5-9b.alpha4.0.steps100.blocks-1.cut-entropy4.0.samples20.maxnew1024.seed10086.powerMH.vllm.log,EntropyCut,897,2026-09-09 15:03:26,15.2,116.1,1,0,0.3,0.0,9.5,0.0,0,12
/Users/jiangnanhugo/workspace/power-sharpening/Subtree-Prefetching-Power-Sharpening/case_studies/logs-entropycut/lcb_v6/2026-09-09/vllm/dataset-lcb_v6.model-qwen3.5-9b.alpha4.0.steps100.blocks-1.cut-entropy4.0.samples20.maxnew1024.seed10086.powerMH.vllm.log,EntropyCut,906,2026-09-09 15:03:36,40.7,114.8,1,0,0.3,0.0,9.666666666666666,0.0,0,16
/Users/jiangnanhugo/workspace/power-sharpening/Subtree-Prefetching-Power-Sharpening/case_studies/logs-entropycut/lcb_v6/2026-09-09/vllm/dataset-lcb_v6.model-qwen3.5-9b.alpha4.0.steps100.blocks-1.cut-entropy4.0.samples20.maxnew1024.seed10086.powerMH.vllm.log,EntropyCut,911,2026-09-09 15:03:46,52.6,116.2,1,0,0.3,0.0,9.833333333333334,0.0,0,12
/Users/jiangnanhugo/workspace/power-sharpening/Subtree-Prefetching-Power-Sharpening/case_studies/logs-entropycut/lcb_v6/2026-09-09/vllm/dataset-lcb_v6.model-qwen3.5-9b.alpha4.0.steps100.blocks-1.cut-entropy4.0.samples20.maxnew1024.seed10086.powerMH.vllm.log,EntropyCut,924,2026-09-09 15:03:56,48.7,113.9,1,0,0.3,0.0,10.0,0.0,0,16
/Users/jiangnanhugo/workspace/power-sharpening/Subtree-Prefetching-Power-Sharpening/case_studies/logs-entropycut/lcb_v6/2026-09-09/vllm/dataset-lcb_v6.model-qwen3.5-9b.alpha4.0.steps100.blocks-1.cut-entropy4.0.samples20.maxnew1024.seed10086.powerMH.vllm.log,EntropyCut,933,2026-09-09 15:04:06,69.5,114.8,1,0,0.2,0.0,10.166666666666666,0.0,0,16
/Users/jiangnanhugo/workspace/power-sharpening/Subtree-Prefetching-Power-Sharpening/case_studies/logs-entropycut/lcb_v6/2026-09-09/vllm/dataset-lcb_v6.model-qwen3.5-9b.alpha4.0.steps100.blocks-1.cut-entropy4.0.samples20.maxnew1024.seed10086.powerMH.vllm.log,EntropyCut,938,2026-09-09 15:04:16,15.2,116.1,1,0,0.3,0.0,10.333333333333334,0.0,0,12
/Users/jiangnanhugo/workspace/power-sharpening/Subtree-Prefetching-Power-Sharpening/case_studies/logs-entropycut/lcb_v6/2026-09-09/vllm/dataset-lcb_v6.model-qwen3.5-9b.alpha4.0.steps100.blocks-1.cut-entropy4.0.samples20.maxnew1024.seed10086.powerMH.vllm.log,EntropyCut,947,2026-09-09 15:04:26,69.6,115.2,1,0,0.2,0.0,10.5,0.0,0,16
/Users/jiangnanhugo/workspace/power-sharpening/Subtree-Prefetching-Power-Sharpening/case_studies/logs-entropycut/lcb_v6/2026-09-09/vllm/dataset-lcb_v6.model-qwen3.5-9b.alpha4.0.steps100.blocks-1.cut-entropy4.0.samples20.maxnew1024.seed10086.powerMH.vllm.log,EntropyCut,956,2026-09-09 15:04:36,24.9,115.2,1,0,0.2,0.0,10.666666666666666,0.0,0,12
/Users/jiangnanhugo/workspace/power-sharpening/Subtree-Prefetching-Power-Sharpening/case_studies/logs-entropycut/lcb_v6/2026-09-09/vllm/dataset-lcb_v6.model-qwen3.5-9b.alpha4.0.steps100.blocks-1.cut-entropy4.0.samples20.maxnew1024.seed10086.powerMH.vllm.log,EntropyCut,965,2026-09-09 15:04:46,24.0,115.0,1,0,0.2,0.0,10.833333333333334,0.0,0,12
/Users/jiangnanhugo/workspace/power-sharpening/Subtree-Prefetching-Power-Sharpening/case_studies/logs-entropycut/lcb_v6/2026-09-09/vllm/dataset-lcb_v6.model-qwen3.5-9b.alpha4.0.steps100.blocks-1.cut-entropy4.0.samples20.maxnew1024.seed10086.powerMH.vllm.log,EntropyCut,974,2026-09-09 15:04:56,40.0,115.2,1,0,0.2,0.0,11.0,0.0,0,16
/Users/jiangnanhugo/workspace/power-sharpening/Subtree-Prefetching-Power-Sharpening/case_studies/logs-entropycut/lcb_v6/2026-09-09/vllm/dataset-lcb_v6.model-qwen3.5-9b.alpha4.0.steps100.blocks-1.cut-entropy4.0.samples20.maxnew1024.seed10086.powerMH.vllm.log,EntropyCut,987,2026-09-09 15:05:06,109.6,114.1,1,0,0.3,0.0,11.166666666666666,0.0,0,20
/Users/jiangnanhugo/workspace/power-sharpening/Subtree-Prefetching-Power-Sharpening/case_studies/logs-entropycut/lcb_v6/2026-09-09/vllm/dataset-lcb_v6.model-qwen3.5-9b.alpha4.0.steps100.blocks-1.cut-entropy4.0.samples20.maxnew1024.seed10086.powerMH.vllm.log,EntropyCut,996,2026-09-09 15:05:16,60.4,114.8,1,0,0.2,0.0,11.333333333333334,0.0,0,16
/Users/jiangnanhugo/workspace/power-sharpening/Subtree-Prefetching-Power-Sharpening/case_studies/logs-entropycut/lcb_v6/2026-09-09/vllm/dataset-lcb_v6.model-qwen3.5-9b.alpha4.0.steps100.blocks-1.cut-entropy4.0.samples20.maxnew1024.seed10086.powerMH.vllm.log,EntropyCut,1009,2026-09-09 15:05:26,45.3,114.2,1,0,0.3,0.0,11.5,0.0,0,16
/Users/jiangnanhugo/workspace/power-sharpening/Subtree-Prefetching-Power-Sharpening/case_studies/logs-entropycut/lcb_v6/2026-09-09/vllm/dataset-lcb_v6.model-qwen3.5-9b.alpha4.0.steps100.blocks-1.cut-entropy4.0.samples20.maxnew1024.seed10086.powerMH.vllm.log,EntropyCut,1018,2026-09-09 15:05:36,36.6,114.7,1,0,0.2,0.0,11.666666666666666,0.0,0,12
/Users/jiangnanhugo/workspace/power-sharpening/Subtree-Prefetching-Power-Sharpening/case_studies/logs-entropycut/lcb_v6/2026-09-09/vllm/dataset-lcb_v6.model-qwen3.5-9b.alpha4.0.steps100.blocks-1.cut-entropy4.0.samples20.maxnew1024.seed10086.powerMH.vllm.log,EntropyCut,1023,2026-09-09 15:05:46,52.6,116.2,1,0,0.3,0.0,11.833333333333334,0.0,0,16
/Users/jiangnanhugo/workspace/power-sharpening/Subtree-Prefetching-Power-Sharpening/case_studies/logs-entropycut/lcb_v6/2026-09-09/vllm/dataset-lcb_v6.model-qwen3.5-9b.alpha4.0.steps100.blocks-1.cut-entropy4.0.samples20.maxnew1024.seed10086.powerMH.vllm.log,EntropyCut,1036,2026-09-09 15:05:56,51.2,114.0,1,0,0.3,0.0,12.0,0.0,0,16
/Users/jiangnanhugo/workspace/power-sharpening/Subtree-Prefetching-Power-Sharpening/case_studies/logs-entropycut/lcb_v6/2026-09-09/vllm/dataset-lcb_v6.model-qwen3.5-9b.alpha4.0.steps100.blocks-1.cut-entropy4.0.samples20.maxnew1024.seed10086.powerMH.vllm.log,EntropyCut,1041,2026-09-09 15:06:06,9.1,116.2,1,0,0.3,0.0,12.166666666666666,0.0,0,8
/Users/jiangnanhugo/workspace/power-sharpening/Subtree-Prefetching-Power-Sharpening/case_studies/logs-entropycut/lcb_v6/2026-09-09/vllm/dataset-lcb_v6.model-qwen3.5-9b.alpha4.0.steps100.blocks-1.cut-entropy4.0.samples20.maxnew1024.seed10086.powerMH.vllm.log,EntropyCut,1054,2026-09-09 15:06:16,129.9,113.5,1,0,0.2,0.0,12.333333333333334,0.0,0,24
/Users/jiangnanhugo/workspace/power-sharpening/Subtree-Prefetching-Power-Sharpening/case_studies/logs-entropycut/lcb_v6/2026-09-09/vllm/dataset-lcb_v6.model-qwen3.5-9b.alpha4.0.steps100.blocks-1.cut-entropy4.0.samples20.maxnew1024.seed10086.powerMH.vllm.log,EntropyCut,1059,2026-09-09 15:06:26,52.4,115.7,1,0,0.2,0.0,12.5,0.0,0,12
/Users/jiangnanhugo/workspace/power-sharpening/Subtree-Prefetching-Power-Sharpening/case_studies/logs-entropycut/lcb_v6/2026-09-09/vllm/dataset-lcb_v6.model-qwen3.5-9b.alpha4.0.steps100.blocks-1.cut-entropy4.0.samples20.maxnew1024.seed10086.powerMH.vllm.log,EntropyCut,1064,2026-09-09 15:06:36,17.0,116.5,1,0,0.3,0.0,12.666666666666666,0.0,0,12
/Users/jiangnanhugo/workspace/power-sharpening/Subtree-Prefetching-Power-Sharpening/case_studies/logs-entropycut/lcb_v6/2026-09-09/vllm/dataset-lcb_v6.model-qwen3.5-9b.alpha4.0.steps100.blocks-1.cut-entropy4.0.samples20.maxnew1024.seed10086.powerMH.vllm.log,EntropyCut,1073,2026-09-09 15:06:46,57.2,115.4,1,0,0.2,0.0,12.833333333333334,0.0,0,16
/Users/jiangnanhugo/workspace/power-sharpening/Subtree-Prefetching-Power-Sharpening/case_studies/logs-entropycut/lcb_v6/2026-09-09/vllm/dataset-lcb_v6.model-qwen3.5-9b.alpha4.0.steps100.blocks-1.cut-entropy4.0.samples20.maxnew1024.seed10086.powerMH.vllm.log,EntropyCut,1082,2026-09-09 15:06:56,23.5,115.5,1,0,0.3,0.0,13.0,0.0,0,12
/Users/jiangnanhugo/workspace/power-sharpening/Subtree-Prefetching-Power-Sharpening/case_studies/logs-entropycut/lcb_v6/2026-09-09/vllm/dataset-lcb_v6.model-qwen3.5-9b.alpha4.0.steps100.blocks-1.cut-entropy4.0.samples20.maxnew1024.seed10086.powerMH.vllm.log,EntropyCut,1099,2026-09-09 15:07:06,88.5,112.9,1,0,0.2,0.0,13.166666666666666,0.0,0,20
/Users/jiangnanhugo/workspace/power-sharpening/Subtree-Prefetching-Power-Sharpening/case_studies/logs-entropycut/lcb_v6/2026-09-09/vllm/dataset-lcb_v6.model-qwen3.5-9b.alpha4.0.steps100.blocks-1.cut-entropy4.0.samples20.maxnew1024.seed10086.powerMH.vllm.log,EntropyCut,1112,2026-09-09 15:07:16,92.2,113.8,1,0,0.3,0.0,13.333333333333334,0.0,0,20
/Users/jiangnanhugo/workspace/power-sharpening/Subtree-Prefetching-Power-Sharpening/case_studies/logs-entropycut/lcb_v6/2026-09-09/vllm/dataset-lcb_v6.model-qwen3.5-9b.alpha4.0.steps100.blocks-1.cut-entropy4.0.samples20.maxnew1024.seed10086.powerMH.vllm.log,EntropyCut,1117,2026-09-09 15:07:26,52.6,116.2,1,0,0.3,0.0,13.5,0.0,0,12
/Users/jiangnanhugo/workspace/power-sharpening/Subtree-Prefetching-Power-Sharpening/case_studies/logs-entropycut/lcb_v6/2026-09-09/vllm/dataset-lcb_v6.model-qwen3.5-9b.alpha4.0.steps100.blocks-1.cut-entropy4.0.samples20.maxnew1024.seed10086.powerMH.vllm.log,EntropyCut,1126,2026-09-09 15:07:36,105.2,114.8,1,0,0.2,0.0,13.666666666666666,0.0,0,20
/Users/jiangnanhugo/workspace/power-sharpening/Subtree-Prefetching-Power-Sharpening/case_studies/logs-entropycut/lcb_v6/2026-09-09/vllm/dataset-lcb_v6.model-qwen3.5-9b.alpha4.0.steps100.blocks-1.cut-entropy4.0.samples20.maxnew1024.seed10086.powerMH.vllm.log,EntropyCut,1135,2026-09-09 15:07:46,32.3,115.2,1,0,0.2,0.0,13.833333333333334,0.0,0,12
/Users/jiangnanhugo/workspace/power-sharpening/Subtree-Prefetching-Power-Sharpening/case_studies/logs-entropycut/lcb_v6/2026-09-09/vllm/dataset-lcb_v6.model-qwen3.5-9b.alpha4.0.steps100.blocks-1.cut-entropy4.0.samples20.maxnew1024.seed10086.powerMH.vllm.log,EntropyCut,1148,2026-09-09 15:07:56,88.2,114.1,1,0,0.2,0.0,14.0,0.0,0,20
/Users/jiangnanhugo/workspace/power-sharpening/Subtree-Prefetching-Power-Sharpening/case_studies/logs-entropycut/lcb_v6/2026-09-09/vllm/dataset-lcb_v6.model-qwen3.5-9b.alpha4.0.steps100.blocks-1.cut-entropy4.0.samples20.maxnew1024.seed10086.powerMH.vllm.log,EntropyCut,1153,2026-09-09 15:08:06,52.6,115.8,1,0,0.2,0.0,14.166666666666666,0.0,0,12
/Users/jiangnanhugo/workspace/power-sharpening/Subtree-Prefetching-Power-Sharpening/case_studies/logs-entropycut/lcb_v6/2026-09-09/vllm/dataset-lcb_v6.model-qwen3.5-9b.alpha4.0.steps100.blocks-1.cut-entropy4.0.samples20.maxnew1024.seed10086.powerMH.vllm.log,EntropyCut,1158,2026-09-09 15:08:16,15.2,116.1,1,0,0.3,0.0,14.333333333333334,0.0,0,12
/Users/jiangnanhugo/workspace/power-sharpening/Subtree-Prefetching-Power-Sharpening/case_studies/logs-entropycut/lcb_v6/2026-09-09/vllm/dataset-lcb_v6.model-qwen3.5-9b.alpha4.0.steps100.blocks-1.cut-entropy4.0.samples20.maxnew1024.seed10086.powerMH.vllm.log,EntropyCut,1167,2026-09-09 15:08:26,18.4,115.4,1,0,0.2,0.0,14.5,0.0,0,12
/Users/jiangnanhugo/workspace/power-sharpening/Subtree-Prefetching-Power-Sharpening/case_studies/logs-entropycut/lcb_v6/2026-09-09/vllm/dataset-lcb_v6.model-qwen3.5-9b.alpha4.0.steps100.blocks-1.cut-entropy4.0.samples20.maxnew1024.seed10086.powerMH.vllm.log,EntropyCut,1172,2026-09-09 15:08:36,52.6,116.2,1,0,0.3,0.0,14.666666666666666,0.0,0,16
/Users/jiangnanhugo/workspace/power-sharpening/Subtree-Prefetching-Power-Sharpening/case_studies/logs-entropycut/lcb_v6/2026-09-09/vllm/dataset-lcb_v6.model-qwen3.5-9b.alpha4.0.steps100.blocks-1.cut-entropy4.0.samples20.maxnew1024.seed10086.powerMH.vllm.log,EntropyCut,1189,2026-09-09 15:08:46,82.6,113.2,1,0,0.2,0.0,14.833333333333334,0.0,0,20
/Users/jiangnanhugo/workspace/power-sharpening/Subtree-Prefetching-Power-Sharpening/case_studies/logs-entropycut/lcb_v6/2026-09-09/vllm/dataset-lcb_v6.model-qwen3.5-9b.alpha4.0.steps100.blocks-1.cut-entropy4.0.samples20.maxnew1024.seed10086.powerMH.vllm.log,EntropyCut,1198,2026-09-09 15:08:56,33.5,114.9,1,0,0.2,0.0,15.0,0.0,0,12
/Users/jiangnanhugo/workspace/power-sharpening/Subtree-Prefetching-Power-Sharpening/case_studies/logs-entropycut/lcb_v6/2026-09-09/vllm/dataset-lcb_v6.model-qwen3.5-9b.alpha4.0.steps100.blocks-1.cut-entropy4.0.samples20.maxnew1024.seed10086.powerMH.vllm.log,EntropyCut,1207,2026-09-09 15:09:06,73.9,115.0,1,0,0.2,0.0,15.166666666666666,0.0,0,16
/Users/jiangnanhugo/workspace/power-sharpening/Subtree-Prefetching-Power-Sharpening/case_studies/logs-entropycut/lcb_v6/2026-09-09/vllm/dataset-lcb_v6.model-qwen3.5-9b.alpha4.0.steps100.blocks-1.cut-entropy4.0.samples20.maxnew1024.seed10086.powerMH.vllm.log,EntropyCut,1364,2026-09-09 15:09:16,62.9,113.1,1,0,0.2,0.0,15.333333333333334,0.0,0,20
/Users/jiangnanhugo/workspace/power-sharpening/Subtree-Prefetching-Power-Sharpening/case_studies/logs-entropycut/lcb_v6/2026-09-09/vllm/dataset-lcb_v6.model-qwen3.5-9b.alpha4.0.steps100.blocks-1.cut-entropy4.0.samples20.maxnew1024.seed10086.powerMH.vllm.log,EntropyCut,1369,2026-09-09 15:09:26,0.3,115.9,1,0,0.3,0.0,15.5,0.0,0,12
/Users/jiangnanhugo/workspace/power-sharpening/Subtree-Prefetching-Power-Sharpening/case_studies/logs-entropycut/lcb_v6/2026-09-09/vllm/dataset-lcb_v6.model-qwen3.5-9b.alpha4.0.steps100.blocks-1.cut-entropy4.0.samples20.maxnew1024.seed10086.powerMH.vllm.log,EntropyCut,1382,2026-09-09 15:09:36,88.9,113.5,1,0,0.3,0.0,15.666666666666666,0.0,0,24
/Users/jiangnanhugo/workspace/power-sharpening/Subtree-Prefetching-Power-Sharpening/case_studies/logs-entropycut/lcb_v6/2026-09-09/vllm/dataset-lcb_v6.model-qwen3.5-9b.alpha4.0.steps100.blocks-1.cut-entropy4.0.samples20.maxnew1024.seed10086.powerMH.vllm.log,EntropyCut,1395,2026-09-09 15:09:46,76.1,113.6,1,0,0.2,0.0,15.833333333333334,0.0,0,24
/Users/jiangnanhugo/workspace/power-sharpening/Subtree-Prefetching-Power-Sharpening/case_studies/logs-entropycut/lcb_v6/2026-09-09/vllm/dataset-lcb_v6.model-qwen3.5-9b.alpha4.0.steps100.blocks-1.cut-entropy4.0.samples20.maxnew1024.seed10086.powerMH.vllm.log,EntropyCut,1400,2026-09-09 15:09:56,17.7,116.1,1,0,0.3,0.0,16.0,0.0,0,16
/Users/jiangnanhugo/workspace/power-sharpening/Subtree-Prefetching-Power-Sharpening/case_studies/logs-entropycut/lcb_v6/2026-09-09/vllm/dataset-lcb_v6.model-qwen3.5-9b.alpha4.0.steps100.blocks-1.cut-entropy4.0.samples20.maxnew1024.seed10086.powerMH.vllm.log,EntropyCut,1405,2026-09-09 15:10:06,17.7,115.8,1,0,0.3,0.0,16.166666666666668,0.0,0,12
/Users/jiangnanhugo/workspace/power-sharpening/Subtree-Prefetching-Power-Sharpening/case_studies/logs-entropycut/lcb_v6/2026-09-09/vllm/dataset-lcb_v6.model-qwen3.5-9b.alpha4.0.steps100.blocks-1.cut-entropy4.0.samples20.maxnew1024.seed10086.powerMH.vllm.log,EntropyCut,1414,2026-09-09 15:10:16,41.2,114.7,1,0,0.3,0.0,16.333333333333332,0.0,0,20
/Users/jiangnanhugo/workspace/power-sharpening/Subtree-Prefetching-Power-Sharpening/case_studies/logs-entropycut/lcb_v6/2026-09-09/vllm/dataset-lcb_v6.model-qwen3.5-9b.alpha4.0.steps100.blocks-1.cut-entropy4.0.samples20.maxnew1024.seed10086.powerMH.vllm.log,EntropyCut,1423,2026-09-09 15:10:26,45.3,114.4,1,0,0.3,0.0,16.5,0.0,0,20
/Users/jiangnanhugo/workspace/power-sharpening/Subtree-Prefetching-Power-Sharpening/case_studies/logs-entropycut/lcb_v6/2026-09-09/vllm/dataset-lcb_v6.model-qwen3.5-9b.alpha4.0.steps100.blocks-1.cut-entropy4.0.samples20.maxnew1024.seed10086.powerMH.vllm.log,EntropyCut,1432,2026-09-09 15:10:36,46.6,114.3,1,0,0.3,0.0,16.666666666666668,0.0,0,16
/Users/jiangnanhugo/workspace/power-sharpening/Subtree-Prefetching-Power-Sharpening/case_studies/logs-entropycut/lcb_v6/2026-09-09/vllm/dataset-lcb_v6.model-qwen3.5-9b.alpha4.0.steps100.blocks-1.cut-entropy4.0.samples20.maxnew1024.seed10086.powerMH.vllm.log,EntropyCut,1441,2026-09-09 15:10:46,36.9,114.8,1,0,0.3,0.0,16.833333333333332,0.0,0,20
/Users/jiangnanhugo/workspace/power-sharpening/Subtree-Prefetching-Power-Sharpening/case_studies/logs-entropycut/lcb_v6/2026-09-09/vllm/dataset-lcb_v6.model-qwen3.5-9b.alpha4.0.steps100.blocks-1.cut-entropy4.0.samples20.maxnew1024.seed10086.powerMH.vllm.log,EntropyCut,1446,2026-09-09 15:10:56,17.7,116.1,1,0,0.3,0.0,17.0,0.0,0,12
/Users/jiangnanhugo/workspace/power-sharpening/Subtree-Prefetching-Power-Sharpening/case_studies/logs-entropycut/lcb_v6/2026-09-09/vllm/dataset-lcb_v6.model-qwen3.5-9b.alpha4.0.steps100.blocks-1.cut-entropy4.0.samples20.maxnew1024.seed10086.powerMH.vllm.log,EntropyCut,1455,2026-09-09 15:11:06,33.3,114.9,1,0,0.2,0.0,17.166666666666668,0.0,0,20
/Users/jiangnanhugo/workspace/power-sharpening/Subtree-Prefetching-Power-Sharpening/case_studies/logs-entropycut/lcb_v6/2026-09-09/vllm/dataset-lcb_v6.model-qwen3.5-9b.alpha4.0.steps100.blocks-1.cut-entropy4.0.samples20.maxnew1024.seed10086.powerMH.vllm.log,EntropyCut,1460,2026-09-09 15:11:16,20.5,116.1,1,0,0.2,0.0,17.333333333333332,0.0,0,12
/Users/jiangnanhugo/workspace/power-sharpening/Subtree-Prefetching-Power-Sharpening/case_studies/logs-entropycut/lcb_v6/2026-09-09/vllm/dataset-lcb_v6.model-qwen3.5-9b.alpha4.0.steps100.blocks-1.cut-entropy4.0.samples20.maxnew1024.seed10086.powerMH.vllm.log,EntropyCut,1465,2026-09-09 15:11:26,42.7,115.6,1,0,0.3,0.0,17.5,0.0,0,16
/Users/jiangnanhugo/workspace/power-sharpening/Subtree-Prefetching-Power-Sharpening/case_studies/logs-entropycut/lcb_v6/2026-09-09/vllm/dataset-lcb_v6.model-qwen3.5-9b.alpha4.0.steps100.blocks-1.cut-entropy4.0.samples20.maxnew1024.seed10086.powerMH.vllm.log,EntropyCut,1470,2026-09-09 15:11:36,11.7,116.0,1,0,0.4,0.0,17.666666666666668,0.0,0,16
/Users/jiangnanhugo/workspace/power-sharpening/Subtree-Prefetching-Power-Sharpening/case_studies/logs-entropycut/lcb_v6/2026-09-09/vllm/dataset-lcb_v6.model-qwen3.5-9b.alpha4.0.steps100.blocks-1.cut-entropy4.0.samples20.maxnew1024.seed10086.powerMH.vllm.log,EntropyCut,1483,2026-09-09 15:11:46,106.3,113.7,1,0,0.2,0.0,17.833333333333332,0.0,0,24
/Users/jiangnanhugo/workspace/power-sharpening/Subtree-Prefetching-Power-Sharpening/case_studies/logs-entropycut/lcb_v6/2026-09-09/vllm/dataset-lcb_v6.model-qwen3.5-9b.alpha4.0.steps100.blocks-1.cut-entropy4.0.samples20.maxnew1024.seed10086.powerMH.vllm.log,EntropyCut,1488,2026-09-09 15:11:56,16.5,116.0,1,0,0.3,0.0,18.0,0.0,0,16
/Users/jiangnanhugo/workspace/power-sharpening/Subtree-Prefetching-Power-Sharpening/case_studies/logs-entropycut/lcb_v6/2026-09-09/vllm/dataset-lcb_v6.model-qwen3.5-9b.alpha4.0.steps100.blocks-1.cut-entropy4.0.samples20.maxnew1024.seed10086.powerMH.vllm.log,EntropyCut,1497,2026-09-09 15:12:06,60.6,114.8,1,0,0.3,0.0,18.166666666666668,0.0,0,20
/Users/jiangnanhugo/workspace/power-sharpening/Subtree-Prefetching-Power-Sharpening/case_studies/logs-entropycut/lcb_v6/2026-09-09/vllm/dataset-lcb_v6.model-qwen3.5-9b.alpha4.0.steps100.blocks-1.cut-entropy4.0.samples20.maxnew1024.seed10086.powerMH.vllm.log,EntropyCut,1506,2026-09-09 15:12:16,30.4,114.7,1,0,0.2,0.0,18.333333333333332,0.0,0,16
/Users/jiangnanhugo/workspace/power-sharpening/Subtree-Prefetching-Power-Sharpening/case_studies/logs-entropycut/lcb_v6/2026-09-09/vllm/dataset-lcb_v6.model-qwen3.5-9b.alpha4.0.steps100.blocks-1.cut-entropy4.0.samples20.maxnew1024.seed10086.powerMH.vllm.log,EntropyCut,1515,2026-09-09 15:12:26,20.8,114.7,1,0,0.2,0.0,18.5,0.0,0,20
/Users/jiangnanhugo/workspace/power-sharpening/Subtree-Prefetching-Power-Sharpening/case_studies/logs-entropycut/lcb_v6/2026-09-09/vllm/dataset-lcb_v6.model-qwen3.5-9b.alpha4.0.steps100.blocks-1.cut-entropy4.0.samples20.maxnew1024.seed10086.powerMH.vllm.log,EntropyCut,1520,2026-09-09 15:12:36,17.7,115.8,1,0,0.3,0.0,18.666666666666668,0.0,0,12
/Users/jiangnanhugo/workspace/power-sharpening/Subtree-Prefetching-Power-Sharpening/case_studies/logs-entropycut/lcb_v6/2026-09-09/vllm/dataset-lcb_v6.model-qwen3.5-9b.alpha4.0.steps100.blocks-1.cut-entropy4.0.samples20.maxnew1024.seed10086.powerMH.vllm.log,EntropyCut,1529,2026-09-09 15:12:46,58.7,114.8,1,0,0.2,0.0,18.833333333333332,0.0,0,20
/Users/jiangnanhugo/workspace/power-sharpening/Subtree-Prefetching-Power-Sharpening/case_studies/logs-entropycut/lcb_v6/2026-09-09/vllm/dataset-lcb_v6.model-qwen3.5-9b.alpha4.0.steps100.blocks-1.cut-entropy4.0.samples20.maxnew1024.seed10086.powerMH.vllm.log,EntropyCut,1538,2026-09-09 15:12:56,55.3,115.0,1,0,0.2,0.0,19.0,0.0,0,20
/Users/jiangnanhugo/workspace/power-sharpening/Subtree-Prefetching-Power-Sharpening/case_studies/logs-entropycut/lcb_v6/2026-09-09/vllm/dataset-lcb_v6.model-qwen3.5-9b.alpha4.0.steps100.blocks-1.cut-entropy4.0.samples20.maxnew1024.seed10086.powerMH.vllm.log,EntropyCut,1547,2026-09-09 15:13:06,47.8,114.4,1,0,0.3,0.0,19.166666666666668,0.0,0,20
/Users/jiangnanhugo/workspace/power-sharpening/Subtree-Prefetching-Power-Sharpening/case_studies/logs-entropycut/lcb_v6/2026-09-09/vllm/dataset-lcb_v6.model-qwen3.5-9b.alpha4.0.steps100.blocks-1.cut-entropy4.0.samples20.maxnew1024.seed10086.powerMH.vllm.log,EntropyCut,1556,2026-09-09 15:13:16,68.1,114.9,1,0,0.2,0.0,19.333333333333332,0.0,0,20
/Users/jiangnanhugo/workspace/power-sharpening/Subtree-Prefetching-Power-Sharpening/case_studies/logs-entropycut/lcb_v6/2026-09-09/vllm/dataset-lcb_v6.model-qwen3.5-9b.alpha4.0.steps100.blocks-1.cut-entropy4.0.samples20.maxnew1024.seed10086.powerMH.vllm.log,EntropyCut,1565,2026-09-09 15:13:26,68.1,114.6,1,0,0.3,0.0,19.5,0.0,0,20
/Users/jiangnanhugo/workspace/power-sharpening/Subtree-Prefetching-Power-Sharpening/case_studies/logs-entropycut/lcb_v6/2026-09-09/vllm/dataset-lcb_v6.model-qwen3.5-9b.alpha4.0.steps100.blocks-1.cut-entropy4.0.samples20.maxnew1024.seed10086.powerMH.vllm.log,EntropyCut,1574,2026-09-09 15:13:36,69.5,115.0,1,0,0.4,0.0,19.666666666666668,0.0,0,24
/Users/jiangnanhugo/workspace/power-sharpening/Subtree-Prefetching-Power-Sharpening/case_studies/logs-entropycut/lcb_v6/2026-09-09/vllm/dataset-lcb_v6.model-qwen3.5-9b.alpha4.0.steps100.blocks-1.cut-entropy4.0.samples20.maxnew1024.seed10086.powerMH.vllm.log,EntropyCut,1583,2026-09-09 15:13:46,25.8,114.9,1,0,0.3,0.0,19.833333333333332,0.0,0,16
/Users/jiangnanhugo/workspace/power-sharpening/Subtree-Prefetching-Power-Sharpening/case_studies/logs-entropycut/lcb_v6/2026-09-09/vllm/dataset-lcb_v6.model-qwen3.5-9b.alpha4.0.steps100.blocks-1.cut-entropy4.0.samples20.maxnew1024.seed10086.powerMH.vllm.log,EntropyCut,1588,2026-09-09 15:13:56,17.7,115.7,1,0,0.3,0.0,20.0,0.0,0,12
/Users/jiangnanhugo/workspace/power-sharpening/Subtree-Prefetching-Power-Sharpening/case_studies/logs-entropycut/lcb_v6/2026-09-09/vllm/dataset-lcb_v6.model-qwen3.5-9b.alpha4.0.steps100.blocks-1.cut-entropy4.0.samples20.maxnew1024.seed10086.powerMH.vllm.log,EntropyCut,1601,2026-09-09 15:14:06,51.3,113.3,1,0,0.2,0.0,20.166666666666668,0.0,0,24
/Users/jiangnanhugo/workspace/power-sharpening/Subtree-Prefetching-Power-Sharpening/case_studies/logs-entropycut/lcb_v6/2026-09-09/vllm/dataset-lcb_v6.model-qwen3.5-9b.alpha4.0.steps100.blocks-1.cut-entropy4.0.samples20.maxnew1024.seed10086.powerMH.vllm.log,EntropyCut,1610,2026-09-09 15:14:16,93.6,114.5,1,0,0.3,0.0,20.333333333333332,0.0,0,24
/Users/jiangnanhugo/workspace/power-sharpening/Subtree-Prefetching-Power-Sharpening/case_studies/logs-entropycut/lcb_v6/2026-09-09/vllm/dataset-lcb_v6.model-qwen3.5-9b.alpha4.0.steps100.blocks-1.cut-entropy4.0.samples20.maxnew1024.seed10086.powerMH.vllm.log,EntropyCut,1619,2026-09-09 15:14:26,36.8,115.5,1,0,0.2,0.0,20.5,0.0,0,16
/Users/jiangnanhugo/workspace/power-sharpening/Subtree-Prefetching-Power-Sharpening/case_studies/logs-entropycut/lcb_v6/2026-09-09/vllm/dataset-lcb_v6.model-qwen3.5-9b.alpha4.0.steps100.blocks-1.cut-entropy4.0.samples20.maxnew1024.seed10086.powerMH.vllm.log,EntropyCut,1628,2026-09-09 15:14:36,43.1,116.1,1,0,0.3,0.0,20.666666666666668,0.0,0,20
/Users/jiangnanhugo/workspace/power-sharpening/Subtree-Prefetching-Power-Sharpening/case_studies/logs-entropycut/lcb_v6/2026-09-09/vllm/dataset-lcb_v6.model-qwen3.5-9b.alpha4.0.steps100.blocks-1.cut-entropy4.0.samples20.maxnew1024.seed10086.powerMH.vllm.log,EntropyCut,1633,2026-09-09 15:14:46,11.7,117.2,1,0,0.4,0.0,20.833333333333332,0.0,0,16
/Users/jiangnanhugo/workspace/power-sharpening/Subtree-Prefetching-Power-Sharpening/case_studies/logs-entropycut/lcb_v6/2026-09-09/vllm/dataset-lcb_v6.model-qwen3.5-9b.alpha4.0.steps100.blocks-1.cut-entropy4.0.samples20.maxnew1024.seed10086.powerMH.vllm.log,EntropyCut,1642,2026-09-09 15:14:56,40.3,116.5,1,0,0.3,0.0,21.0,0.0,0,16
/Users/jiangnanhugo/workspace/power-sharpening/Subtree-Prefetching-Power-Sharpening/case_studies/logs-entropycut/lcb_v6/2026-09-09/vllm/dataset-lcb_v6.model-qwen3.5-9b.alpha4.0.steps100.blocks-1.cut-entropy4.0.samples20.maxnew1024.seed10086.powerMH.vllm.log,EntropyCut,1651,2026-09-09 15:15:06,43.1,116.2,1,0,0.2,0.0,21.166666666666668,0.0,0,20
/Users/jiangnanhugo/workspace/power-sharpening/Subtree-Prefetching-Power-Sharpening/case_studies/logs-entropycut/lcb_v6/2026-09-09/vllm/dataset-lcb_v6.model-qwen3.5-9b.alpha4.0.steps100.blocks-1.cut-entropy4.0.samples20.maxnew1024.seed10086.powerMH.vllm.log,EntropyCut,1656,2026-09-09 15:15:16,17.7,117.2,1,0,0.3,0.0,21.333333333333332,0.0,0,12
/Users/jiangnanhugo/workspace/power-sharpening/Subtree-Prefetching-Power-Sharpening/case_studies/logs-entropycut/lcb_v6/2026-09-09/vllm/dataset-lcb_v6.model-qwen3.5-9b.alpha4.0.steps100.blocks-1.cut-entropy4.0.samples20.maxnew1024.seed10086.powerMH.vllm.log,EntropyCut,1665,2026-09-09 15:15:26,77.8,116.2,1,0,0.3,0.0,21.5,0.0,0,24
/Users/jiangnanhugo/workspace/power-sharpening/Subtree-Prefetching-Power-Sharpening/case_studies/logs-entropycut/lcb_v6/2026-09-09/vllm/dataset-lcb_v6.model-qwen3.5-9b.alpha4.0.steps100.blocks-1.cut-entropy4.0.samples20.maxnew1024.seed10086.powerMH.vllm.log,EntropyCut,1674,2026-09-09 15:15:36,23.9,116.1,1,0,0.2,0.0,21.666666666666668,0.0,0,16
/Users/jiangnanhugo/workspace/power-sharpening/Subtree-Prefetching-Power-Sharpening/case_studies/logs-entropycut/lcb_v6/2026-09-09/vllm/dataset-lcb_v6.model-qwen3.5-9b.alpha4.0.steps100.blocks-1.cut-entropy4.0.samples20.maxnew1024.seed10086.powerMH.vllm.log,EntropyCut,1679,2026-09-09 15:15:46,17.7,117.4,1,0,0.3,0.0,21.833333333333332,0.0,0,16
/Users/jiangnanhugo/workspace/power-sharpening/Subtree-Prefetching-Power-Sharpening/case_studies/logs-entropycut/lcb_v6/2026-09-09/vllm/dataset-lcb_v6.model-qwen3.5-9b.alpha4.0.steps100.blocks-1.cut-entropy4.0.samples20.maxnew1024.seed10086.powerMH.vllm.log,EntropyCut,1688,2026-09-09 15:15:56,38.1,116.6,1,0,0.2,0.0,22.0,0.0,0,16
/Users/jiangnanhugo/workspace/power-sharpening/Subtree-Prefetching-Power-Sharpening/case_studies/logs-entropycut/lcb_v6/2026-09-09/vllm/dataset-lcb_v6.model-qwen3.5-9b.alpha4.0.steps100.blocks-1.cut-entropy4.0.samples20.maxnew1024.seed10086.powerMH.vllm.log,EntropyCut,1697,2026-09-09 15:16:06,47.6,116.2,1,0,0.2,0.0,22.166666666666668,0.0,0,20
/Users/jiangnanhugo/workspace/power-sharpening/Subtree-Prefetching-Power-Sharpening/case_studies/logs-entropycut/lcb_v6/2026-09-09/vllm/dataset-lcb_v6.model-qwen3.5-9b.alpha4.0.steps100.blocks-1.cut-entropy4.0.samples20.maxnew1024.seed10086.powerMH.vllm.log,EntropyCut,1706,2026-09-09 15:16:16,39.4,116.7,1,0,0.2,0.0,22.333333333333332,0.0,0,20
/Users/jiangnanhugo/workspace/power-sharpening/Subtree-Prefetching-Power-Sharpening/case_studies/logs-entropycut/lcb_v6/2026-09-09/vllm/dataset-lcb_v6.model-qwen3.5-9b.alpha4.0.steps100.blocks-1.cut-entropy4.0.samples20.maxnew1024.seed10086.powerMH.vllm.log,EntropyCut,1711,2026-09-09 15:16:26,17.7,117.1,1,0,0.2,0.0,22.5,0.0,0,12
/Users/jiangnanhugo/workspace/power-sharpening/Subtree-Prefetching-Power-Sharpening/case_studies/logs-entropycut/lcb_v6/2026-09-09/vllm/dataset-lcb_v6.model-qwen3.5-9b.alpha4.0.steps100.blocks-1.cut-entropy4.0.samples20.maxnew1024.seed10086.powerMH.vllm.log,EntropyCut,1716,2026-09-09 15:16:36,11.7,117.6,1,0,0.3,0.0,22.666666666666668,0.0,0,16
/Users/jiangnanhugo/workspace/power-sharpening/Subtree-Prefetching-Power-Sharpening/case_studies/logs-entropycut/lcb_v6/2026-09-09/vllm/dataset-lcb_v6.model-qwen3.5-9b.alpha4.0.steps100.blocks-1.cut-entropy4.0.samples20.maxnew1024.seed10086.powerMH.vllm.log,EntropyCut,1729,2026-09-09 15:16:46,93.5,115.7,1,0,0.2,0.0,22.833333333333332,0.0,0,24
/Users/jiangnanhugo/workspace/power-sharpening/Subtree-Prefetching-Power-Sharpening/case_studies/logs-entropycut/lcb_v6/2026-09-09/vllm/dataset-lcb_v6.model-qwen3.5-9b.alpha4.0.steps100.blocks-1.cut-entropy4.0.samples20.maxnew1024.seed10086.powerMH.vllm.log,EntropyCut,1738,2026-09-09 15:16:56,43.1,116.7,1,0,0.2,0.0,23.0,0.0,0,20
/Users/jiangnanhugo/workspace/power-sharpening/Subtree-Prefetching-Power-Sharpening/case_studies/logs-entropycut/lcb_v6/2026-09-09/vllm/dataset-lcb_v6.model-qwen3.5-9b.alpha4.0.steps100.blocks-1.cut-entropy4.0.samples20.maxnew1024.seed10086.powerMH.vllm.log,EntropyCut,1743,2026-09-09 15:17:06,0.8,117.8,1,0,0.2,0.0,23.166666666666668,0.0,0,12
/Users/jiangnanhugo/workspace/power-sharpening/Subtree-Prefetching-Power-Sharpening/case_studies/logs-entropycut/lcb_v6/2026-09-09/vllm/dataset-lcb_v6.model-qwen3.5-9b.alpha4.0.steps100.blocks-1.cut-entropy4.0.samples20.maxnew1024.seed10086.powerMH.vllm.log,EntropyCut,1756,2026-09-09 15:17:16,55.4,115.2,1,0,0.2,0.0,23.333333333333332,0.0,0,24
/Users/jiangnanhugo/workspace/power-sharpening/Subtree-Prefetching-Power-Sharpening/case_studies/logs-entropycut/lcb_v6/2026-09-09/vllm/dataset-lcb_v6.model-qwen3.5-9b.alpha4.0.steps100.blocks-1.cut-entropy4.0.samples20.maxnew1024.seed10086.powerMH.vllm.log,EntropyCut,1761,2026-09-09 15:17:26,22.3,117.7,1,0,0.4,0.0,23.5,0.0,0,16
/Users/jiangnanhugo/workspace/power-sharpening/Subtree-Prefetching-Power-Sharpening/case_studies/logs-entropycut/lcb_v6/2026-09-09/vllm/dataset-lcb_v6.model-qwen3.5-9b.alpha4.0.steps100.blocks-1.cut-entropy4.0.samples20.maxnew1024.seed10086.powerMH.vllm.log,EntropyCut,1770,2026-09-09 15:17:36,25.5,116.3,1,0,0.2,0.0,23.666666666666668,0.0,0,16
/Users/jiangnanhugo/workspace/power-sharpening/Subtree-Prefetching-Power-Sharpening/case_studies/logs-entropycut/lcb_v6/2026-09-09/vllm/dataset-lcb_v6.model-qwen3.5-9b.alpha4.0.steps100.blocks-1.cut-entropy4.0.samples20.maxnew1024.seed10086.powerMH.vllm.log,EntropyCut,1783,2026-09-09 15:17:46,58.6,115.7,1,0,0.2,0.0,23.833333333333332,0.0,0,24
/Users/jiangnanhugo/workspace/power-sharpening/Subtree-Prefetching-Power-Sharpening/case_studies/logs-entropycut/lcb_v6/2026-09-09/vllm/dataset-lcb_v6.model-qwen3.5-9b.alpha4.0.steps100.blocks-1.cut-entropy4.0.samples20.maxnew1024.seed10086.powerMH.vllm.log,EntropyCut,1788,2026-09-09 15:17:56,8.1,117.8,1,0,0.2,0.0,24.0,0.0,0,12
/Users/jiangnanhugo/workspace/power-sharpening/Subtree-Prefetching-Power-Sharpening/case_studies/logs-entropycut/lcb_v6/2026-09-09/vllm/dataset-lcb_v6.model-qwen3.5-9b.alpha4.0.steps100.blocks-1.cut-entropy4.0.samples20.maxnew1024.seed10086.powerMH.vllm.log,EntropyCut,1797,2026-09-09 15:18:06,47.8,116.7,1,0,0.3,0.0,24.166666666666668,0.0,0,20
/Users/jiangnanhugo/workspace/power-sharpening/Subtree-Prefetching-Power-Sharpening/case_studies/logs-entropycut/lcb_v6/2026-09-09/vllm/dataset-lcb_v6.model-qwen3.5-9b.alpha4.0.steps100.blocks-1.cut-entropy4.0.samples20.maxnew1024.seed10086.powerMH.vllm.log,EntropyCut,1802,2026-09-09 15:18:16,17.7,117.8,1,0,0.4,0.0,24.333333333333332,0.0,0,16
/Users/jiangnanhugo/workspace/power-sharpening/Subtree-Prefetching-Power-Sharpening/case_studies/logs-entropycut/lcb_v6/2026-09-09/vllm/dataset-lcb_v6.model-qwen3.5-9b.alpha4.0.steps100.blocks-1.cut-entropy4.0.samples20.maxnew1024.seed10086.powerMH.vllm.log,EntropyCut,1815,2026-09-09 15:18:26,70.5,115.8,1,0,0.2,0.0,24.5,0.0,0,24
/Users/jiangnanhugo/workspace/power-sharpening/Subtree-Prefetching-Power-Sharpening/case_studies/logs-entropycut/lcb_v6/2026-09-09/vllm/dataset-lcb_v6.model-qwen3.5-9b.alpha4.0.steps100.blocks-1.cut-entropy4.0.samples20.maxnew1024.seed10086.powerMH.vllm.log,EntropyCut,2008,2026-09-09 15:18:36,81.9,115.4,1,0,0.3,0.0,24.666666666666668,0.0,0,16
/Users/jiangnanhugo/workspace/power-sharpening/Subtree-Prefetching-Power-Sharpening/case_studies/logs-entropycut/lcb_v6/2026-09-09/vllm/dataset-lcb_v6.model-qwen3.5-9b.alpha4.0.steps100.blocks-1.cut-entropy4.0.samples20.maxnew1024.seed10086.powerMH.vllm.log,EntropyCut,2020,2026-09-09 15:18:46,43.4,115.2,1,0,0.3,0.0,24.833333333333332,0.0,0,20
/Users/jiangnanhugo/workspace/power-sharpening/Subtree-Prefetching-Power-Sharpening/case_studies/logs-entropycut/lcb_v6/2026-09-09/vllm/dataset-lcb_v6.model-qwen3.5-9b.alpha4.0.steps100.blocks-1.cut-entropy4.0.samples20.maxnew1024.seed10086.powerMH.vllm.log,EntropyCut,2033,2026-09-09 15:18:56,114.4,115.1,1,0,0.3,0.0,25.0,0.0,0,24
/Users/jiangnanhugo/workspace/power-sharpening/Subtree-Prefetching-Power-Sharpening/case_studies/logs-entropycut/lcb_v6/2026-09-09/vllm/dataset-lcb_v6.model-qwen3.5-9b.alpha4.0.steps100.blocks-1.cut-entropy4.0.samples20.maxnew1024.seed10086.powerMH.vllm.log,EntropyCut,2038,2026-09-09 15:19:06,0.2,117.7,1,0,0.2,0.0,25.166666666666668,0.0,0,8
/Users/jiangnanhugo/workspace/power-sharpening/Subtree-Prefetching-Power-Sharpening/case_studies/logs-entropycut/lcb_v6/2026-09-09/vllm/dataset-lcb_v6.model-qwen3.5-9b.alpha4.0.steps100.blocks-1.cut-entropy4.0.samples20.maxnew1024.seed10086.powerMH.vllm.log,EntropyCut,2051,2026-09-09 15:19:16,57.5,115.3,1,0,0.2,0.0,25.333333333333332,0.0,0,20
/Users/jiangnanhugo/workspace/power-sharpening/Subtree-Prefetching-Power-Sharpening/case_studies/logs-entropycut/lcb_v6/2026-09-09/vllm/dataset-lcb_v6.model-qwen3.5-9b.alpha4.0.steps100.blocks-1.cut-entropy4.0.samples20.maxnew1024.seed10086.powerMH.vllm.log,EntropyCut,2056,2026-09-09 15:19:26,52.5,117.4,1,0,0.4,0.0,25.5,0.0,0,16
/Users/jiangnanhugo/workspace/power-sharpening/Subtree-Prefetching-Power-Sharpening/case_studies/logs-entropycut/lcb_v6/2026-09-09/vllm/dataset-lcb_v6.model-qwen3.5-9b.alpha4.0.steps100.blocks-1.cut-entropy4.0.samples20.maxnew1024.seed10086.powerMH.vllm.log,EntropyCut,2069,2026-09-09 15:19:36,98.4,115.7,1,0,0.3,0.0,25.666666666666668,0.0,0,24
/Users/jiangnanhugo/workspace/power-sharpening/Subtree-Prefetching-Power-Sharpening/case_studies/logs-entropycut/lcb_v6/2026-09-09/vllm/dataset-lcb_v6.model-qwen3.5-9b.alpha4.0.steps100.blocks-1.cut-entropy4.0.samples20.maxnew1024.seed10086.powerMH.vllm.log,EntropyCut,2078,2026-09-09 15:19:46,73.5,116.6,1,0,0.3,0.0,25.833333333333332,0.0,0,16
/Users/jiangnanhugo/workspace/power-sharpening/Subtree-Prefetching-Power-Sharpening/case_studies/logs-entropycut/lcb_v6/2026-09-09/vllm/dataset-lcb_v6.model-qwen3.5-9b.alpha4.0.steps100.blocks-1.cut-entropy4.0.samples20.maxnew1024.seed10086.powerMH.vllm.log,EntropyCut,2087,2026-09-09 15:19:56,89.4,116.6,1,0,0.3,0.0,26.0,0.0,0,20
/Users/jiangnanhugo/workspace/power-sharpening/Subtree-Prefetching-Power-Sharpening/case_studies/logs-entropycut/lcb_v6/2026-09-09/vllm/dataset-lcb_v6.model-qwen3.5-9b.alpha4.0.steps100.blocks-1.cut-entropy4.0.samples20.maxnew1024.seed10086.powerMH.vllm.log,EntropyCut,2100,2026-09-09 15:20:06,64.3,115.3,1,0,0.2,0.0,26.166666666666668,0.0,0,20
/Users/jiangnanhugo/workspace/power-sharpening/Subtree-Prefetching-Power-Sharpening/case_studies/logs-entropycut/lcb_v6/2026-09-09/vllm/dataset-lcb_v6.model-qwen3.5-9b.alpha4.0.steps100.blocks-1.cut-entropy4.0.samples20.maxnew1024.seed10086.powerMH.vllm.log,EntropyCut,2105,2026-09-09 15:20:16,32.4,117.7,1,0,0.3,0.0,26.333333333333332,0.0,0,12
/Users/jiangnanhugo/workspace/power-sharpening/Subtree-Prefetching-Power-Sharpening/case_studies/logs-entropycut/lcb_v6/2026-09-09/vllm/dataset-lcb_v6.model-qwen3.5-9b.alpha4.0.steps100.blocks-1.cut-entropy4.0.samples20.maxnew1024.seed10086.powerMH.vllm.log,EntropyCut,2110,2026-09-09 15:20:26,38.5,117.6,1,0,0.4,0.0,26.5,0.0,0,16
/Users/jiangnanhugo/workspace/power-sharpening/Subtree-Prefetching-Power-Sharpening/case_studies/logs-entropycut/lcb_v6/2026-09-09/vllm/dataset-lcb_v6.model-qwen3.5-9b.alpha4.0.steps100.blocks-1.cut-entropy4.0.samples20.maxnew1024.seed10086.powerMH.vllm.log,EntropyCut,2127,2026-09-09 15:20:36,103.2,114.1,1,0,0.2,0.0,26.666666666666668,0.0,0,24
/Users/jiangnanhugo/workspace/power-sharpening/Subtree-Prefetching-Power-Sharpening/case_studies/logs-entropycut/lcb_v6/2026-09-09/vllm/dataset-lcb_v6.model-qwen3.5-9b.alpha4.0.steps100.blocks-1.cut-entropy4.0.samples20.maxnew1024.seed10086.powerMH.vllm.log,EntropyCut,2140,2026-09-09 15:20:46,99.9,115.8,1,0,0.3,0.0,26.833333333333332,0.0,0,24
/Users/jiangnanhugo/workspace/power-sharpening/Subtree-Prefetching-Power-Sharpening/case_studies/logs-entropycut/lcb_v6/2026-09-09/vllm/dataset-lcb_v6.model-qwen3.5-9b.alpha4.0.steps100.blocks-1.cut-entropy4.0.samples20.maxnew1024.seed10086.powerMH.vllm.log,EntropyCut,2145,2026-09-09 15:20:56,42.2,117.9,1,0,0.3,0.0,27.0,0.0,0,12
/Users/jiangnanhugo/workspace/power-sharpening/Subtree-Prefetching-Power-Sharpening/case_studies/logs-entropycut/lcb_v6/2026-09-09/vllm/dataset-lcb_v6.model-qwen3.5-9b.alpha4.0.steps100.blocks-1.cut-entropy4.0.samples20.maxnew1024.seed10086.powerMH.vllm.log,EntropyCut,2154,2026-09-09 15:21:06,75.4,116.7,1,0,0.3,0.0,27.166666666666668,0.0,0,20
/Users/jiangnanhugo/workspace/power-sharpening/Subtree-Prefetching-Power-Sharpening/case_studies/logs-entropycut/lcb_v6/2026-09-09/vllm/dataset-lcb_v6.model-qwen3.5-9b.alpha4.0.steps100.blocks-1.cut-entropy4.0.samples20.maxnew1024.seed10086.powerMH.vllm.log,EntropyCut,2163,2026-09-09 15:21:16,16.9,116.5,1,0,0.2,0.0,27.333333333333332,0.0,0,12
/Users/jiangnanhugo/workspace/power-sharpening/Subtree-Prefetching-Power-Sharpening/case_studies/logs-entropycut/lcb_v6/2026-09-09/vllm/dataset-lcb_v6.model-qwen3.5-9b.alpha4.0.steps100.blocks-1.cut-entropy4.0.samples20.maxnew1024.seed10086.powerMH.vllm.log,EntropyCut,2168,2026-09-09 15:21:26,32.8,117.4,1,0,0.4,0.0,27.5,0.0,0,16
/Users/jiangnanhugo/workspace/power-sharpening/Subtree-Prefetching-Power-Sharpening/case_studies/logs-entropycut/lcb_v6/2026-09-09/vllm/dataset-lcb_v6.model-qwen3.5-9b.alpha4.0.steps100.blocks-1.cut-entropy4.0.samples20.maxnew1024.seed10086.powerMH.vllm.log,EntropyCut,2177,2026-09-09 15:21:36,60.7,116.8,1,0,0.2,0.0,27.666666666666668,0.0,0,16
/Users/jiangnanhugo/workspace/power-sharpening/Subtree-Prefetching-Power-Sharpening/case_studies/logs-entropycut/lcb_v6/2026-09-09/vllm/dataset-lcb_v6.model-qwen3.5-9b.alpha4.0.steps100.blocks-1.cut-entropy4.0.samples20.maxnew1024.seed10086.powerMH.vllm.log,EntropyCut,2194,2026-09-09 15:21:46,128.7,114.4,1,0,0.3,0.0,27.833333333333332,0.0,0,28
/Users/jiangnanhugo/workspace/power-sharpening/Subtree-Prefetching-Power-Sharpening/case_studies/logs-entropycut/lcb_v6/2026-09-09/vllm/dataset-lcb_v6.model-qwen3.5-9b.alpha4.0.steps100.blocks-1.cut-entropy4.0.samples20.maxnew1024.seed10086.powerMH.vllm.log,EntropyCut,2203,2026-09-09 15:21:56,41.2,115.9,1,0,0.3,0.0,28.0,0.0,0,16
/Users/jiangnanhugo/workspace/power-sharpening/Subtree-Prefetching-Power-Sharpening/case_studies/logs-entropycut/lcb_v6/2026-09-09/vllm/dataset-lcb_v6.model-qwen3.5-9b.alpha4.0.steps100.blocks-1.cut-entropy4.0.samples20.maxnew1024.seed10086.powerMH.vllm.log,EntropyCut,2212,2026-09-09 15:22:06,93.8,116.1,1,0,0.3,0.0,28.166666666666668,0.0,0,20
/Users/jiangnanhugo/workspace/power-sharpening/Subtree-Prefetching-Power-Sharpening/case_studies/logs-entropycut/lcb_v6/2026-09-09/vllm/dataset-lcb_v6.model-qwen3.5-9b.alpha4.0.steps100.blocks-1.cut-entropy4.0.samples20.maxnew1024.seed10086.powerMH.vllm.log,EntropyCut,2217,2026-09-09 15:22:16,0.2,117.2,1,0,0.2,0.0,28.333333333333332,0.0,0,8
/Users/jiangnanhugo/workspace/power-sharpening/Subtree-Prefetching-Power-Sharpening/case_studies/logs-entropycut/lcb_v6/2026-09-09/vllm/dataset-lcb_v6.model-qwen3.5-9b.alpha4.0.steps100.blocks-1.cut-entropy4.0.samples20.maxnew1024.seed10086.powerMH.vllm.log,EntropyCut,2234,2026-09-09 15:22:26,109.2,114.4,1,0,0.3,0.0,28.5,0.0,0,28
/Users/jiangnanhugo/workspace/power-sharpening/Subtree-Prefetching-Power-Sharpening/case_studies/logs-entropycut/lcb_v6/2026-09-09/vllm/dataset-lcb_v6.model-qwen3.5-9b.alpha4.0.steps100.blocks-1.cut-entropy4.0.samples20.maxnew1024.seed10086.powerMH.vllm.log,EntropyCut,2243,2026-09-09 15:22:36,24.6,116.4,1,0,0.2,0.0,28.666666666666668,0.0,0,12
/Users/jiangnanhugo/workspace/power-sharpening/Subtree-Prefetching-Power-Sharpening/case_studies/logs-entropycut/lcb_v6/2026-09-09/vllm/dataset-lcb_v6.model-qwen3.5-9b.alpha4.0.steps100.blocks-1.cut-entropy4.0.samples20.maxnew1024.seed10086.powerMH.vllm.log,EntropyCut,2252,2026-09-09 15:22:46,64.7,116.4,1,0,0.2,0.0,28.833333333333332,0.0,0,20
/Users/jiangnanhugo/workspace/power-sharpening/Subtree-Prefetching-Power-Sharpening/case_studies/logs-entropycut/lcb_v6/2026-09-09/vllm/dataset-lcb_v6.model-qwen3.5-9b.alpha4.0.steps100.blocks-1.cut-entropy4.0.samples20.maxnew1024.seed10086.powerMH.vllm.log,EntropyCut,2257,2026-09-09 15:22:56,38.5,117.6,1,0,0.3,0.0,29.0,0.0,0,12
/Users/jiangnanhugo/workspace/power-sharpening/Subtree-Prefetching-Power-Sharpening/case_studies/logs-entropycut/lcb_v6/2026-09-09/vllm/dataset-lcb_v6.model-qwen3.5-9b.alpha4.0.steps100.blocks-1.cut-entropy4.0.samples20.maxnew1024.seed10086.powerMH.vllm.log,EntropyCut,2266,2026-09-09 15:23:06,33.0,116.3,1,0,0.2,0.0,29.166666666666668,0.0,0,16
/Users/jiangnanhugo/workspace/power-sharpening/Subtree-Prefetching-Power-Sharpening/case_studies/logs-entropycut/lcb_v6/2026-09-09/vllm/dataset-lcb_v6.model-qwen3.5-9b.alpha4.0.steps100.blocks-1.cut-entropy4.0.samples20.maxnew1024.seed10086.powerMH.vllm.log,EntropyCut,2279,2026-09-09 15:23:16,83.1,115.8,1,0,0.3,0.0,29.333333333333332,0.0,0,24
/Users/jiangnanhugo/workspace/power-sharpening/Subtree-Prefetching-Power-Sharpening/case_studies/logs-entropycut/lcb_v6/2026-09-09/vllm/dataset-lcb_v6.model-qwen3.5-9b.alpha4.0.steps100.blocks-1.cut-entropy4.0.samples20.maxnew1024.seed10086.powerMH.vllm.log,EntropyCut,2288,2026-09-09 15:23:26,52.7,116.5,1,0,0.3,0.0,29.5,0.0,0,16
/Users/jiangnanhugo/workspace/power-sharpening/Subtree-Prefetching-Power-Sharpening/case_studies/logs-entropycut/lcb_v6/2026-09-09/vllm/dataset-lcb_v6.model-qwen3.5-9b.alpha4.0.steps100.blocks-1.cut-entropy4.0.samples20.maxnew1024.seed10086.powerMH.vllm.log,EntropyCut,2297,2026-09-09 15:23:36,38.3,116.3,1,0,0.3,0.0,29.666666666666668,0.0,0,16
/Users/jiangnanhugo/workspace/power-sharpening/Subtree-Prefetching-Power-Sharpening/case_studies/logs-entropycut/lcb_v6/2026-09-09/vllm/dataset-lcb_v6.model-qwen3.5-9b.alpha4.0.steps100.blocks-1.cut-entropy4.0.samples20.maxnew1024.seed10086.powerMH.vllm.log,EntropyCut,2314,2026-09-09 15:23:46,137.8,114.6,1,0,0.3,0.0,29.833333333333332,0.0,0,28
/Users/jiangnanhugo/workspace/power-sharpening/Subtree-Prefetching-Power-Sharpening/case_studies/logs-entropycut/lcb_v6/2026-09-09/vllm/dataset-lcb_v6.model-qwen3.5-9b.alpha4.0.steps100.blocks-1.cut-entropy4.0.samples20.maxnew1024.seed10086.powerMH.vllm.log,EntropyCut,2319,2026-09-09 15:23:57,38.5,117.4,1,0,0.3,0.0,30.016666666666666,0.0,0,12
/Users/jiangnanhugo/workspace/power-sharpening/Subtree-Prefetching-Power-Sharpening/case_studies/logs-entropycut/lcb_v6/2026-09-09/vllm/dataset-lcb_v6.model-qwen3.5-9b.alpha4.0.steps100.blocks-1.cut-entropy4.0.samples20.maxnew1024.seed10086.powerMH.vllm.log,EntropyCut,2324,2026-09-09 15:24:07,0.2,117.6,1,0,0.3,0.0,30.183333333333334,0.0,0,12
/Users/jiangnanhugo/workspace/power-sharpening/Subtree-Prefetching-Power-Sharpening/case_studies/logs-entropycut/lcb_v6/2026-09-09/vllm/dataset-lcb_v6.model-qwen3.5-9b.alpha4.0.steps100.blocks-1.cut-entropy4.0.samples20.maxnew1024.seed10086.powerMH.vllm.log,EntropyCut,2333,2026-09-09 15:24:17,71.9,116.7,1,0,0.3,0.0,30.35,0.0,0,16
/Users/jiangnanhugo/workspace/power-sharpening/Subtree-Prefetching-Power-Sharpening/case_studies/logs-entropycut/lcb_v6/2026-09-09/vllm/dataset-lcb_v6.model-qwen3.5-9b.alpha4.0.steps100.blocks-1.cut-entropy4.0.samples20.maxnew1024.seed10086.powerMH.vllm.log,EntropyCut,2342,2026-09-09 15:24:27,49.4,116.8,1,0,0.3,0.0,30.516666666666666,0.0,0,16
/Users/jiangnanhugo/workspace/power-sharpening/Subtree-Prefetching-Power-Sharpening/case_studies/logs-entropycut/lcb_v6/2026-09-09/vllm/dataset-lcb_v6.model-qwen3.5-9b.alpha4.0.steps100.blocks-1.cut-entropy4.0.samples20.maxnew1024.seed10086.powerMH.vllm.log,EntropyCut,2351,2026-09-09 15:24:37,42.4,117.1,1,0,0.2,0.0,30.683333333333334,0.0,0,20
/Users/jiangnanhugo/workspace/power-sharpening/Subtree-Prefetching-Power-Sharpening/case_studies/logs-entropycut/lcb_v6/2026-09-09/vllm/dataset-lcb_v6.model-qwen3.5-9b.alpha4.0.steps100.blocks-1.cut-entropy4.0.samples20.maxnew1024.seed10086.powerMH.vllm.log,EntropyCut,2356,2026-09-09 15:24:47,52.5,117.1,1,0,0.3,0.0,30.85,0.0,0,12
/Users/jiangnanhugo/workspace/power-sharpening/Subtree-Prefetching-Power-Sharpening/case_studies/logs-entropycut/lcb_v6/2026-09-09/vllm/dataset-lcb_v6.model-qwen3.5-9b.alpha4.0.steps100.blocks-1.cut-entropy4.0.samples20.maxnew1024.seed10086.powerMH.vllm.log,EntropyCut,2369,2026-09-09 15:24:57,70.2,115.8,1,0,0.2,0.0,31.016666666666666,0.0,0,20
/Users/jiangnanhugo/workspace/power-sharpening/Subtree-Prefetching-Power-Sharpening/case_studies/logs-entropycut/lcb_v6/2026-09-09/vllm/dataset-lcb_v6.model-qwen3.5-9b.alpha4.0.steps100.blocks-1.cut-entropy4.0.samples20.maxnew1024.seed10086.powerMH.vllm.log,EntropyCut,2374,2026-09-09 15:25:07,32.8,117.5,1,0,0.3,0.0,31.183333333333334,0.0,0,16
/Users/jiangnanhugo/workspace/power-sharpening/Subtree-Prefetching-Power-Sharpening/case_studies/logs-entropycut/lcb_v6/2026-09-09/vllm/dataset-lcb_v6.model-qwen3.5-9b.alpha4.0.steps100.blocks-1.cut-entropy4.0.samples20.maxnew1024.seed10086.powerMH.vllm.log,EntropyCut,2383,2026-09-09 15:25:17,42.9,116.5,1,0,0.3,0.0,31.35,0.0,0,16
/Users/jiangnanhugo/workspace/power-sharpening/Subtree-Prefetching-Power-Sharpening/case_studies/logs-entropycut/lcb_v6/2026-09-09/vllm/dataset-lcb_v6.model-qwen3.5-9b.alpha4.0.steps100.blocks-1.cut-entropy4.0.samples20.maxnew1024.seed10086.powerMH.vllm.log,EntropyCut,2392,2026-09-09 15:25:27,52.7,116.6,1,0,0.2,0.0,31.516666666666666,0.0,0,16
/Users/jiangnanhugo/workspace/power-sharpening/Subtree-Prefetching-Power-Sharpening/case_studies/logs-entropycut/lcb_v6/2026-09-09/vllm/dataset-lcb_v6.model-qwen3.5-9b.alpha4.0.steps100.blocks-1.cut-entropy4.0.samples20.maxnew1024.seed10086.powerMH.vllm.log,EntropyCut,2401,2026-09-09 15:25:37,41.2,116.3,1,0,0.3,0.0,31.683333333333334,0.0,0,16
/Users/jiangnanhugo/workspace/power-sharpening/Subtree-Prefetching-Power-Sharpening/case_studies/logs-entropycut/lcb_v6/2026-09-09/vllm/dataset-lcb_v6.model-qwen3.5-9b.alpha4.0.steps100.blocks-1.cut-entropy4.0.samples20.maxnew1024.seed10086.powerMH.vllm.log,EntropyCut,2410,2026-09-09 15:25:47,104.1,116.1,1,0,0.3,0.0,31.85,0.0,0,20
/Users/jiangnanhugo/workspace/power-sharpening/Subtree-Prefetching-Power-Sharpening/case_studies/logs-entropycut/lcb_v6/2026-09-09/vllm/dataset-lcb_v6.model-qwen3.5-9b.alpha4.0.steps100.blocks-1.cut-entropy4.0.samples20.maxnew1024.seed10086.powerMH.vllm.log,EntropyCut,2419,2026-09-09 15:25:57,51.5,116.5,1,0,0.2,0.0,32.016666666666666,0.0,0,16
/Users/jiangnanhugo/workspace/power-sharpening/Subtree-Prefetching-Power-Sharpening/case_studies/logs-entropycut/lcb_v6/2026-09-09/vllm/dataset-lcb_v6.model-qwen3.5-9b.alpha4.0.steps100.blocks-1.cut-entropy4.0.samples20.maxnew1024.seed10086.powerMH.vllm.log,EntropyCut,2424,2026-09-09 15:26:07,43.7,117.2,1,0,0.3,0.0,32.18333333333333,0.0,0,16
/Users/jiangnanhugo/workspace/power-sharpening/Subtree-Prefetching-Power-Sharpening/case_studies/logs-entropycut/lcb_v6/2026-09-09/vllm/dataset-lcb_v6.model-qwen3.5-9b.alpha4.0.steps100.blocks-1.cut-entropy4.0.samples20.maxnew1024.seed10086.powerMH.vllm.log,EntropyCut,2437,2026-09-09 15:26:17,70.7,115.3,1,0,0.3,0.0,32.35,0.0,0,20
/Users/jiangnanhugo/workspace/power-sharpening/Subtree-Prefetching-Power-Sharpening/case_studies/logs-entropycut/lcb_v6/2026-09-09/vllm/dataset-lcb_v6.model-qwen3.5-9b.alpha4.0.steps100.blocks-1.cut-entropy4.0.samples20.maxnew1024.seed10086.powerMH.vllm.log,EntropyCut,2450,2026-09-09 15:26:27,81.4,115.8,1,0,0.3,0.0,32.516666666666666,0.0,0,20
/Users/jiangnanhugo/workspace/power-sharpening/Subtree-Prefetching-Power-Sharpening/case_studies/logs-entropycut/lcb_v6/2026-09-09/vllm/dataset-lcb_v6.model-qwen3.5-9b.alpha4.0.steps100.blocks-1.cut-entropy4.0.samples20.maxnew1024.seed10086.powerMH.vllm.log,EntropyCut,2455,2026-09-09 15:26:37,52.5,117.6,1,0,0.4,0.0,32.68333333333333,0.0,0,16
/Users/jiangnanhugo/workspace/power-sharpening/Subtree-Prefetching-Power-Sharpening/case_studies/logs-entropycut/lcb_v6/2026-09-09/vllm/dataset-lcb_v6.model-qwen3.5-9b.alpha4.0.steps100.blocks-1.cut-entropy4.0.samples20.maxnew1024.seed10086.powerMH.vllm.log,EntropyCut,2653,2026-09-09 15:26:47,110.1,114.5,1,0,0.2,0.0,32.85,0.0,0,20
/Users/jiangnanhugo/workspace/power-sharpening/Subtree-Prefetching-Power-Sharpening/case_studies/logs-entropycut/lcb_v6/2026-09-09/vllm/dataset-lcb_v6.model-qwen3.5-9b.alpha4.0.steps100.blocks-1.cut-entropy4.0.samples20.maxnew1024.seed10086.powerMH.vllm.log,EntropyCut,2678,2026-09-09 15:26:57,79.2,112.0,1,0,0.3,0.0,33.016666666666666,0.0,0,28
/Users/jiangnanhugo/workspace/power-sharpening/Subtree-Prefetching-Power-Sharpening/case_studies/logs-entropycut/lcb_v6/2026-09-09/vllm/dataset-lcb_v6.model-qwen3.5-9b.alpha4.0.steps100.blocks-1.cut-entropy4.0.samples20.maxnew1024.seed10086.powerMH.vllm.log,EntropyCut,2687,2026-09-09 15:27:07,70.9,116.3,1,0,0.4,0.0,33.18333333333333,0.0,0,20
/Users/jiangnanhugo/workspace/power-sharpening/Subtree-Prefetching-Power-Sharpening/case_studies/logs-entropycut/lcb_v6/2026-09-09/vllm/dataset-lcb_v6.model-qwen3.5-9b.alpha4.0.steps100.blocks-1.cut-entropy4.0.samples20.maxnew1024.seed10086.powerMH.vllm.log,EntropyCut,2700,2026-09-09 15:27:17,66.3,115.1,1,0,0.3,0.0,33.35,0.0,0,20
/Users/jiangnanhugo/workspace/power-sharpening/Subtree-Prefetching-Power-Sharpening/case_studies/logs-entropycut/lcb_v6/2026-09-09/vllm/dataset-lcb_v6.model-qwen3.5-9b.alpha4.0.steps100.blocks-1.cut-entropy4.0.samples20.maxnew1024.seed10086.powerMH.vllm.log,EntropyCut,2713,2026-09-09 15:27:27,113.5,115.4,1,0,0.3,0.0,33.516666666666666,0.0,0,20
/Users/jiangnanhugo/workspace/power-sharpening/Subtree-Prefetching-Power-Sharpening/case_studies/logs-entropycut/lcb_v6/2026-09-09/vllm/dataset-lcb_v6.model-qwen3.5-9b.alpha4.0.steps100.blocks-1.cut-entropy4.0.samples20.maxnew1024.seed10086.powerMH.vllm.log,EntropyCut,2722,2026-09-09 15:27:37,57.2,116.1,1,0,0.3,0.0,33.68333333333333,0.0,0,20
/Users/jiangnanhugo/workspace/power-sharpening/Subtree-Prefetching-Power-Sharpening/case_studies/logs-entropycut/lcb_v6/2026-09-09/vllm/dataset-lcb_v6.model-qwen3.5-9b.alpha4.0.steps100.blocks-1.cut-entropy4.0.samples20.maxnew1024.seed10086.powerMH.vllm.log,EntropyCut,2747,2026-09-09 15:27:47,115.7,113.0,1,0,0.2,0.0,33.85,0.0,0,28
/Users/jiangnanhugo/workspace/power-sharpening/Subtree-Prefetching-Power-Sharpening/case_studies/logs-entropycut/lcb_v6/2026-09-09/vllm/dataset-lcb_v6.model-qwen3.5-9b.alpha4.0.steps100.blocks-1.cut-entropy4.0.samples20.maxnew1024.seed10086.powerMH.vllm.log,EntropyCut,2760,2026-09-09 15:27:57,93.9,115.2,1,0,0.3,0.0,34.016666666666666,0.0,0,24
/Users/jiangnanhugo/workspace/power-sharpening/Subtree-Prefetching-Power-Sharpening/case_studies/logs-entropycut/lcb_v6/2026-09-09/vllm/dataset-lcb_v6.model-qwen3.5-9b.alpha4.0.steps100.blocks-1.cut-entropy4.0.samples20.maxnew1024.seed10086.powerMH.vllm.log,EntropyCut,2769,2026-09-09 15:28:07,28.8,116.1,1,0,0.3,0.0,34.18333333333333,0.0,0,16
/Users/jiangnanhugo/workspace/power-sharpening/Subtree-Prefetching-Power-Sharpening/case_studies/logs-entropycut/lcb_v6/2026-09-09/vllm/dataset-lcb_v6.model-qwen3.5-9b.alpha4.0.steps100.blocks-1.cut-entropy4.0.samples20.maxnew1024.seed10086.powerMH.vllm.log,EntropyCut,2794,2026-09-09 15:28:17,181.5,110.9,1,0,0.2,0.0,34.35,0.0,0,32
/Users/jiangnanhugo/workspace/power-sharpening/Subtree-Prefetching-Power-Sharpening/case_studies/logs-entropycut/lcb_v6/2026-09-09/vllm/dataset-lcb_v6.model-qwen3.5-9b.alpha4.0.steps100.blocks-1.cut-entropy4.0.samples20.maxnew1024.seed10086.powerMH.vllm.log,EntropyCut,2803,2026-09-09 15:28:27,59.5,115.5,1,0,0.3,0.0,34.516666666666666,0.0,0,20
/Users/jiangnanhugo/workspace/power-sharpening/Subtree-Prefetching-Power-Sharpening/case_studies/logs-entropycut/lcb_v6/2026-09-09/vllm/dataset-lcb_v6.model-qwen3.5-9b.alpha4.0.steps100.blocks-1.cut-entropy4.0.samples20.maxnew1024.seed10086.powerMH.vllm.log,EntropyCut,2816,2026-09-09 15:28:37,89.0,114.2,1,0,0.2,0.0,34.68333333333333,0.0,0,20
/Users/jiangnanhugo/workspace/power-sharpening/Subtree-Prefetching-Power-Sharpening/case_studies/logs-entropycut/lcb_v6/2026-09-09/vllm/dataset-lcb_v6.model-qwen3.5-9b.alpha4.0.steps100.blocks-1.cut-entropy4.0.samples20.maxnew1024.seed10086.powerMH.vllm.log,EntropyCut,2825,2026-09-09 15:28:47,23.2,115.3,1,0,0.2,0.0,34.85,0.0,0,16
/Users/jiangnanhugo/workspace/power-sharpening/Subtree-Prefetching-Power-Sharpening/case_studies/logs-entropycut/lcb_v6/2026-09-09/vllm/dataset-lcb_v6.model-qwen3.5-9b.alpha4.0.steps100.blocks-1.cut-entropy4.0.samples20.maxnew1024.seed10086.powerMH.vllm.log,EntropyCut,2830,2026-09-09 15:28:57,13.9,116.7,1,0,0.3,0.0,35.016666666666666,0.0,0,12
/Users/jiangnanhugo/workspace/power-sharpening/Subtree-Prefetching-Power-Sharpening/case_studies/logs-entropycut/lcb_v6/2026-09-09/vllm/dataset-lcb_v6.model-qwen3.5-9b.alpha4.0.steps100.blocks-1.cut-entropy4.0.samples20.maxnew1024.seed10086.powerMH.vllm.log,EntropyCut,2847,2026-09-09 15:29:07,152.5,113.0,1,0,0.3,0.0,35.18333333333333,0.0,0,28
/Users/jiangnanhugo/workspace/power-sharpening/Subtree-Prefetching-Power-Sharpening/case_studies/logs-entropycut/lcb_v6/2026-09-09/vllm/dataset-lcb_v6.model-qwen3.5-9b.alpha4.0.steps100.blocks-1.cut-entropy4.0.samples20.maxnew1024.seed10086.powerMH.vllm.log,EntropyCut,2852,2026-09-09 15:29:17,31.2,116.8,1,0,0.3,0.0,35.35,0.0,0,12
/Users/jiangnanhugo/workspace/power-sharpening/Subtree-Prefetching-Power-Sharpening/case_studies/logs-entropycut/lcb_v6/2026-09-09/vllm/dataset-lcb_v6.model-qwen3.5-9b.alpha4.0.steps100.blocks-1.cut-entropy4.0.samples20.maxnew1024.seed10086.powerMH.vllm.log,EntropyCut,2861,2026-09-09 15:29:27,44.2,115.6,1,0,0.2,0.0,35.516666666666666,0.0,0,16
/Users/jiangnanhugo/workspace/power-sharpening/Subtree-Prefetching-Power-Sharpening/case_studies/logs-entropycut/lcb_v6/2026-09-09/vllm/dataset-lcb_v6.model-qwen3.5-9b.alpha4.0.steps100.blocks-1.cut-entropy4.0.samples20.maxnew1024.seed10086.powerMH.vllm.log,EntropyCut,2866,2026-09-09 15:29:37,13.9,116.4,1,0,0.2,0.0,35.68333333333333,0.0,0,12
/Users/jiangnanhugo/workspace/power-sharpening/Subtree-Prefetching-Power-Sharpening/case_studies/logs-entropycut/lcb_v6/2026-09-09/vllm/dataset-lcb_v6.model-qwen3.5-9b.alpha4.0.steps100.blocks-1.cut-entropy4.0.samples20.maxnew1024.seed10086.powerMH.vllm.log,EntropyCut,2879,2026-09-09 15:29:47,59.7,114.4,1,0,0.2,0.0,35.85,0.0,0,20
/Users/jiangnanhugo/workspace/power-sharpening/Subtree-Prefetching-Power-Sharpening/case_studies/logs-entropycut/lcb_v6/2026-09-09/vllm/dataset-lcb_v6.model-qwen3.5-9b.alpha4.0.steps100.blocks-1.cut-entropy4.0.samples20.maxnew1024.seed10086.powerMH.vllm.log,EntropyCut,2892,2026-09-09 15:29:57,52.4,114.8,1,0,0.2,0.0,36.016666666666666,0.0,0,20
/Users/jiangnanhugo/workspace/power-sharpening/Subtree-Prefetching-Power-Sharpening/case_studies/logs-entropycut/lcb_v6/2026-09-09/vllm/dataset-lcb_v6.model-qwen3.5-9b.alpha4.0.steps100.blocks-1.cut-entropy4.0.samples20.maxnew1024.seed10086.powerMH.vllm.log,EntropyCut,2897,2026-09-09 15:30:07,8.2,116.5,1,0,0.3,0.0,36.18333333333333,0.0,0,12
/Users/jiangnanhugo/workspace/power-sharpening/Subtree-Prefetching-Power-Sharpening/case_studies/logs-entropycut/lcb_v6/2026-09-09/vllm/dataset-lcb_v6.model-qwen3.5-9b.alpha4.0.steps100.blocks-1.cut-entropy4.0.samples20.maxnew1024.seed10086.powerMH.vllm.log,EntropyCut,2906,2026-09-09 15:30:17,43.8,115.4,1,0,0.3,0.0,36.35,0.0,0,16
/Users/jiangnanhugo/workspace/power-sharpening/Subtree-Prefetching-Power-Sharpening/case_studies/logs-entropycut/lcb_v6/2026-09-09/vllm/dataset-lcb_v6.model-qwen3.5-9b.alpha4.0.steps100.blocks-1.cut-entropy4.0.samples20.maxnew1024.seed10086.powerMH.vllm.log,EntropyCut,2919,2026-09-09 15:30:27,37.1,114.2,1,0,0.2,0.0,36.516666666666666,0.0,0,16
/Users/jiangnanhugo/workspace/power-sharpening/Subtree-Prefetching-Power-Sharpening/case_studies/logs-entropycut/lcb_v6/2026-09-09/vllm/dataset-lcb_v6.model-qwen3.5-9b.alpha4.0.steps100.blocks-1.cut-entropy4.0.samples20.maxnew1024.seed10086.powerMH.vllm.log,EntropyCut,2928,2026-09-09 15:30:37,30.7,115.2,1,0,0.3,0.0,36.68333333333333,0.0,0,16
/Users/jiangnanhugo/workspace/power-sharpening/Subtree-Prefetching-Power-Sharpening/case_studies/logs-entropycut/lcb_v6/2026-09-09/vllm/dataset-lcb_v6.model-qwen3.5-9b.alpha4.0.steps100.blocks-1.cut-entropy4.0.samples20.maxnew1024.seed10086.powerMH.vllm.log,EntropyCut,2953,2026-09-09 15:30:47,110.8,110.6,1,0,0.2,0.0,36.85,0.0,0,28
/Users/jiangnanhugo/workspace/power-sharpening/Subtree-Prefetching-Power-Sharpening/case_studies/logs-entropycut/lcb_v6/2026-09-09/vllm/dataset-lcb_v6.model-qwen3.5-9b.alpha4.0.steps100.blocks-1.cut-entropy4.0.samples20.maxnew1024.seed10086.powerMH.vllm.log,EntropyCut,2966,2026-09-09 15:30:57,78.8,114.0,1,0,0.2,0.0,37.016666666666666,0.0,0,20
/Users/jiangnanhugo/workspace/power-sharpening/Subtree-Prefetching-Power-Sharpening/case_studies/logs-entropycut/lcb_v6/2026-09-09/vllm/dataset-lcb_v6.model-qwen3.5-9b.alpha4.0.steps100.blocks-1.cut-entropy4.0.samples20.maxnew1024.seed10086.powerMH.vllm.log,EntropyCut,2983,2026-09-09 15:31:07,64.5,112.9,1,0,0.2,0.0,37.18333333333333,0.0,0,24
/Users/jiangnanhugo/workspace/power-sharpening/Subtree-Prefetching-Power-Sharpening/case_studies/logs-entropycut/lcb_v6/2026-09-09/vllm/dataset-lcb_v6.model-qwen3.5-9b.alpha4.0.steps100.blocks-1.cut-entropy4.0.samples20.maxnew1024.seed10086.powerMH.vllm.log,EntropyCut,3000,2026-09-09 15:31:17,117.8,112.7,1,0,0.3,0.0,37.35,0.0,0,24
/Users/jiangnanhugo/workspace/power-sharpening/Subtree-Prefetching-Power-Sharpening/case_studies/logs-entropycut/lcb_v6/2026-09-09/vllm/dataset-lcb_v6.model-qwen3.5-9b.alpha4.0.steps100.blocks-1.cut-entropy4.0.samples20.maxnew1024.seed10086.powerMH.vllm.log,EntropyCut,3009,2026-09-09 15:31:27,67.4,114.9,1,0,0.3,0.0,37.516666666666666,0.0,0,20
/Users/jiangnanhugo/workspace/power-sharpening/Subtree-Prefetching-Power-Sharpening/case_studies/logs-entropycut/lcb_v6/2026-09-09/vllm/dataset-lcb_v6.model-qwen3.5-9b.alpha4.0.steps100.blocks-1.cut-entropy4.0.samples20.maxnew1024.seed10086.powerMH.vllm.log,EntropyCut,3030,2026-09-09 15:31:37,111.9,111.8,1,0,0.3,0.0,37.68333333333333,0.0,0,28
/Users/jiangnanhugo/workspace/power-sharpening/Subtree-Prefetching-Power-Sharpening/case_studies/logs-entropycut/lcb_v6/2026-09-09/vllm/dataset-lcb_v6.model-qwen3.5-9b.alpha4.0.steps100.blocks-1.cut-entropy4.0.samples20.maxnew1024.seed10086.powerMH.vllm.log,EntropyCut,3039,2026-09-09 15:31:47,18.3,114.8,1,0,0.2,0.0,37.85,0.0,0,12
/Users/jiangnanhugo/workspace/power-sharpening/Subtree-Prefetching-Power-Sharpening/case_studies/logs-entropycut/lcb_v6/2026-09-09/vllm/dataset-lcb_v6.model-qwen3.5-9b.alpha4.0.steps100.blocks-1.cut-entropy4.0.samples20.maxnew1024.seed10086.powerMH.vllm.log,EntropyCut,3048,2026-09-09 15:31:57,42.6,115.2,1,0,0.2,0.0,38.016666666666666,0.0,0,16
/Users/jiangnanhugo/workspace/power-sharpening/Subtree-Prefetching-Power-Sharpening/case_studies/logs-entropycut/lcb_v6/2026-09-09/vllm/dataset-lcb_v6.model-qwen3.5-9b.alpha4.0.steps100.blocks-1.cut-entropy4.0.samples20.maxnew1024.seed10086.powerMH.vllm.log,EntropyCut,3057,2026-09-09 15:32:07,35.0,114.6,1,0,0.2,0.0,38.18333333333333,0.0,0,16
/Users/jiangnanhugo/workspace/power-sharpening/Subtree-Prefetching-Power-Sharpening/case_studies/logs-entropycut/lcb_v6/2026-09-09/vllm/dataset-lcb_v6.model-qwen3.5-9b.alpha4.0.steps100.blocks-1.cut-entropy4.0.samples20.maxnew1024.seed10086.powerMH.vllm.log,EntropyCut,3078,2026-09-09 15:32:17,119.4,112.1,1,0,0.2,0.0,38.35,0.0,0,28
/Users/jiangnanhugo/workspace/power-sharpening/Subtree-Prefetching-Power-Sharpening/case_studies/logs-entropycut/lcb_v6/2026-09-09/vllm/dataset-lcb_v6.model-qwen3.5-9b.alpha4.0.steps100.blocks-1.cut-entropy4.0.samples20.maxnew1024.seed10086.powerMH.vllm.log,EntropyCut,3197,2026-09-09 15:32:27,64.7,112.7,1,0,0.2,0.0,38.516666666666666,0.0,0,20
/Users/jiangnanhugo/workspace/power-sharpening/Subtree-Prefetching-Power-Sharpening/case_studies/logs-entropycut/lcb_v6/2026-09-09/vllm/dataset-lcb_v6.model-qwen3.5-9b.alpha4.0.steps100.blocks-1.cut-entropy4.0.samples20.maxnew1024.seed10086.powerMH.vllm.log,EntropyCut,3205,2026-09-09 15:32:37,10.3,115.0,1,0,0.2,0.0,38.68333333333333,0.0,0,12
/Users/jiangnanhugo/workspace/power-sharpening/Subtree-Prefetching-Power-Sharpening/case_studies/logs-entropycut/lcb_v6/2026-09-09/vllm/dataset-lcb_v6.model-qwen3.5-9b.alpha4.0.steps100.blocks-1.cut-entropy4.0.samples20.maxnew1024.seed10086.powerMH.vllm.log,EntropyCut,3218,2026-09-09 15:32:47,50.0,114.2,1,0,0.2,0.0,38.85,0.0,0,16
/Users/jiangnanhugo/workspace/power-sharpening/Subtree-Prefetching-Power-Sharpening/case_studies/logs-entropycut/lcb_v6/2026-09-09/vllm/dataset-lcb_v6.model-qwen3.5-9b.alpha4.0.steps100.blocks-1.cut-entropy4.0.samples20.maxnew1024.seed10086.powerMH.vllm.log,EntropyCut,3227,2026-09-09 15:32:57,59.3,114.7,1,0,0.2,0.0,39.016666666666666,0.0,0,16
/Users/jiangnanhugo/workspace/power-sharpening/Subtree-Prefetching-Power-Sharpening/case_studies/logs-entropycut/lcb_v6/2026-09-09/vllm/dataset-lcb_v6.model-qwen3.5-9b.alpha4.0.steps100.blocks-1.cut-entropy4.0.samples20.maxnew1024.seed10086.powerMH.vllm.log,EntropyCut,3248,2026-09-09 15:33:07,161.9,111.9,1,0,0.2,0.0,39.18333333333333,0.0,0,28
/Users/jiangnanhugo/workspace/power-sharpening/Subtree-Prefetching-Power-Sharpening/case_studies/logs-entropycut/lcb_v6/2026-09-09/vllm/dataset-lcb_v6.model-qwen3.5-9b.alpha4.0.steps100.blocks-1.cut-entropy4.0.samples20.maxnew1024.seed10086.powerMH.vllm.log,EntropyCut,3253,2026-09-09 15:33:17,3.9,116.1,1,0,0.3,0.0,39.35,0.0,0,12
/Users/jiangnanhugo/workspace/power-sharpening/Subtree-Prefetching-Power-Sharpening/case_studies/logs-entropycut/lcb_v6/2026-09-09/vllm/dataset-lcb_v6.model-qwen3.5-9b.alpha4.0.steps100.blocks-1.cut-entropy4.0.samples20.maxnew1024.seed10086.powerMH.vllm.log,EntropyCut,3266,2026-09-09 15:33:27,39.7,114.0,1,0,0.2,0.0,39.516666666666666,0.0,0,16
/Users/jiangnanhugo/workspace/power-sharpening/Subtree-Prefetching-Power-Sharpening/case_studies/logs-entropycut/lcb_v6/2026-09-09/vllm/dataset-lcb_v6.model-qwen3.5-9b.alpha4.0.steps100.blocks-1.cut-entropy4.0.samples20.maxnew1024.seed10086.powerMH.vllm.log,EntropyCut,3271,2026-09-09 15:33:37,3.9,116.3,1,0,0.3,0.0,39.68333333333333,0.0,0,12
/Users/jiangnanhugo/workspace/power-sharpening/Subtree-Prefetching-Power-Sharpening/case_studies/logs-entropycut/lcb_v6/2026-09-09/vllm/dataset-lcb_v6.model-qwen3.5-9b.alpha4.0.steps100.blocks-1.cut-entropy4.0.samples20.maxnew1024.seed10086.powerMH.vllm.log,EntropyCut,3284,2026-09-09 15:33:47,51.7,113.6,1,0,0.3,0.0,39.85,0.0,0,16
/Users/jiangnanhugo/workspace/power-sharpening/Subtree-Prefetching-Power-Sharpening/case_studies/logs-entropycut/lcb_v6/2026-09-09/vllm/dataset-lcb_v6.model-qwen3.5-9b.alpha4.0.steps100.blocks-1.cut-entropy4.0.samples20.maxnew1024.seed10086.powerMH.vllm.log,EntropyCut,3293,2026-09-09 15:33:57,16.2,115.0,1,0,0.2,0.0,40.016666666666666,0.0,0,12
/Users/jiangnanhugo/workspace/power-sharpening/Subtree-Prefetching-Power-Sharpening/case_studies/logs-entropycut/lcb_v6/2026-09-09/vllm/dataset-lcb_v6.model-qwen3.5-9b.alpha4.0.steps100.blocks-1.cut-entropy4.0.samples20.maxnew1024.seed10086.powerMH.vllm.log,EntropyCut,3298,2026-09-09 15:34:07,5.3,116.2,1,0,0.3,0.0,40.18333333333333,0.0,0,12
/Users/jiangnanhugo/workspace/power-sharpening/Subtree-Prefetching-Power-Sharpening/case_studies/logs-entropycut/lcb_v6/2026-09-09/vllm/dataset-lcb_v6.model-qwen3.5-9b.alpha4.0.steps100.blocks-1.cut-entropy4.0.samples20.maxnew1024.seed10086.powerMH.vllm.log,EntropyCut,3307,2026-09-09 15:34:17,39.0,115.4,1,0,0.3,0.0,40.35,0.0,0,16
/Users/jiangnanhugo/workspace/power-sharpening/Subtree-Prefetching-Power-Sharpening/case_studies/logs-entropycut/lcb_v6/2026-09-09/vllm/dataset-lcb_v6.model-qwen3.5-9b.alpha4.0.steps100.blocks-1.cut-entropy4.0.samples20.maxnew1024.seed10086.powerMH.vllm.log,EntropyCut,3316,2026-09-09 15:34:27,26.2,115.0,1,0,0.2,0.0,40.516666666666666,0.0,0,12
/Users/jiangnanhugo/workspace/power-sharpening/Subtree-Prefetching-Power-Sharpening/case_studies/logs-entropycut/lcb_v6/2026-09-09/vllm/dataset-lcb_v6.model-qwen3.5-9b.alpha4.0.steps100.blocks-1.cut-entropy4.0.samples20.maxnew1024.seed10086.powerMH.vllm.log,EntropyCut,3325,2026-09-09 15:34:37,62.2,114.6,1,0,0.2,0.0,40.68333333333333,0.0,0,16
/Users/jiangnanhugo/workspace/power-sharpening/Subtree-Prefetching-Power-Sharpening/case_studies/logs-entropycut/lcb_v6/2026-09-09/vllm/dataset-lcb_v6.model-qwen3.5-9b.alpha4.0.steps100.blocks-1.cut-entropy4.0.samples20.maxnew1024.seed10086.powerMH.vllm.log,EntropyCut,3330,2026-09-09 15:34:47,16.8,116.1,1,0,0.3,0.0,40.85,0.0,0,12
/Users/jiangnanhugo/workspace/power-sharpening/Subtree-Prefetching-Power-Sharpening/case_studies/logs-entropycut/lcb_v6/2026-09-09/vllm/dataset-lcb_v6.model-qwen3.5-9b.alpha4.0.steps100.blocks-1.cut-entropy4.0.samples20.maxnew1024.seed10086.powerMH.vllm.log,EntropyCut,3347,2026-09-09 15:34:57,77.8,113.2,1,0,0.2,0.0,41.016666666666666,0.0,0,20
/Users/jiangnanhugo/workspace/power-sharpening/Subtree-Prefetching-Power-Sharpening/case_studies/logs-entropycut/lcb_v6/2026-09-09/vllm/dataset-lcb_v6.model-qwen3.5-9b.alpha4.0.steps100.blocks-1.cut-entropy4.0.samples20.maxnew1024.seed10086.powerMH.vllm.log,EntropyCut,3356,2026-09-09 15:35:07,48.4,114.7,1,0,0.2,0.0,41.18333333333333,0.0,0,16
/Users/jiangnanhugo/workspace/power-sharpening/Subtree-Prefetching-Power-Sharpening/case_studies/logs-entropycut/lcb_v6/2026-09-09/vllm/dataset-lcb_v6.model-qwen3.5-9b.alpha4.0.steps100.blocks-1.cut-entropy4.0.samples20.maxnew1024.seed10086.powerMH.vllm.log,EntropyCut,3365,2026-09-09 15:35:17,68.0,114.9,1,0,0.2,0.0,41.35,0.0,0,16
/Users/jiangnanhugo/workspace/power-sharpening/Subtree-Prefetching-Power-Sharpening/case_studies/logs-entropycut/lcb_v6/2026-09-09/vllm/dataset-lcb_v6.model-qwen3.5-9b.alpha4.0.steps100.blocks-1.cut-entropy4.0.samples20.maxnew1024.seed10086.powerMH.vllm.log,EntropyCut,3370,2026-09-09 15:35:27,37.6,115.8,1,0,0.3,0.0,41.516666666666666,0.0,0,16
/Users/jiangnanhugo/workspace/power-sharpening/Subtree-Prefetching-Power-Sharpening/case_studies/logs-entropycut/lcb_v6/2026-09-09/vllm/dataset-lcb_v6.model-qwen3.5-9b.alpha4.0.steps100.blocks-1.cut-entropy4.0.samples20.maxnew1024.seed10086.powerMH.vllm.log,EntropyCut,3383,2026-09-09 15:35:37,69.3,114.0,1,0,0.2,0.0,41.68333333333333,0.0,0,16
/Users/jiangnanhugo/workspace/power-sharpening/Subtree-Prefetching-Power-Sharpening/case_studies/logs-entropycut/lcb_v6/2026-09-09/vllm/dataset-lcb_v6.model-qwen3.5-9b.alpha4.0.steps100.blocks-1.cut-entropy4.0.samples20.maxnew1024.seed10086.powerMH.vllm.log,EntropyCut,3392,2026-09-09 15:35:47,13.2,115.2,1,0,0.3,0.0,41.85,0.0,0,16
/Users/jiangnanhugo/workspace/power-sharpening/Subtree-Prefetching-Power-Sharpening/case_studies/logs-entropycut/lcb_v6/2026-09-09/vllm/dataset-lcb_v6.model-qwen3.5-9b.alpha4.0.steps100.blocks-1.cut-entropy4.0.samples20.maxnew1024.seed10086.powerMH.vllm.log,EntropyCut,3401,2026-09-09 15:35:57,13.2,115.0,1,0,0.3,0.0,42.016666666666666,0.0,0,12
/Users/jiangnanhugo/workspace/power-sharpening/Subtree-Prefetching-Power-Sharpening/case_studies/logs-entropycut/lcb_v6/2026-09-09/vllm/dataset-lcb_v6.model-qwen3.5-9b.alpha4.0.steps100.blocks-1.cut-entropy4.0.samples20.maxnew1024.seed10086.powerMH.vllm.log,EntropyCut,3410,2026-09-09 15:36:07,7.8,115.1,1,0,0.2,0.0,42.18333333333333,0.0,0,12
/Users/jiangnanhugo/workspace/power-sharpening/Subtree-Prefetching-Power-Sharpening/case_studies/logs-entropycut/lcb_v6/2026-09-09/vllm/dataset-lcb_v6.model-qwen3.5-9b.alpha4.0.steps100.blocks-1.cut-entropy4.0.samples20.maxnew1024.seed10086.powerMH.vllm.log,EntropyCut,3415,2026-09-09 15:36:17,16.8,115.9,1,0,0.3,0.0,42.35,0.0,0,12
/Users/jiangnanhugo/workspace/power-sharpening/Subtree-Prefetching-Power-Sharpening/case_studies/logs-entropycut/lcb_v6/2026-09-09/vllm/dataset-lcb_v6.model-qwen3.5-9b.alpha4.0.steps100.blocks-1.cut-entropy4.0.samples20.maxnew1024.seed10086.powerMH.vllm.log,EntropyCut,3428,2026-09-09 15:36:27,71.3,114.4,1,0,0.2,0.0,42.516666666666666,0.0,0,16
/Users/jiangnanhugo/workspace/power-sharpening/Subtree-Prefetching-Power-Sharpening/case_studies/logs-entropycut/lcb_v6/2026-09-09/vllm/dataset-lcb_v6.model-qwen3.5-9b.alpha4.0.steps100.blocks-1.cut-entropy4.0.samples20.maxnew1024.seed10086.powerMH.vllm.log,EntropyCut,3433,2026-09-09 15:36:37,3.9,116.2,1,0,0.3,0.0,42.68333333333333,0.0,0,12
/Users/jiangnanhugo/workspace/power-sharpening/Subtree-Prefetching-Power-Sharpening/case_studies/logs-entropycut/lcb_v6/2026-09-09/vllm/dataset-lcb_v6.model-qwen3.5-9b.alpha4.0.steps100.blocks-1.cut-entropy4.0.samples20.maxnew1024.seed10086.powerMH.vllm.log,EntropyCut,3446,2026-09-09 15:36:47,111.0,113.9,1,0,0.3,0.0,42.85,0.0,0,24
/Users/jiangnanhugo/workspace/power-sharpening/Subtree-Prefetching-Power-Sharpening/case_studies/logs-entropycut/lcb_v6/2026-09-09/vllm/dataset-lcb_v6.model-qwen3.5-9b.alpha4.0.steps100.blocks-1.cut-entropy4.0.samples20.maxnew1024.seed10086.powerMH.vllm.log,EntropyCut,3451,2026-09-09 15:36:57,47.8,116.2,1,0,0.3,0.0,43.016666666666666,0.0,0,12
/Users/jiangnanhugo/workspace/power-sharpening/Subtree-Prefetching-Power-Sharpening/case_studies/logs-entropycut/lcb_v6/2026-09-09/vllm/dataset-lcb_v6.model-qwen3.5-9b.alpha4.0.steps100.blocks-1.cut-entropy4.0.samples20.maxnew1024.seed10086.powerMH.vllm.log,EntropyCut,3464,2026-09-09 15:37:07,65.1,113.5,1,0,0.3,0.0,43.18333333333333,0.0,0,20
/Users/jiangnanhugo/workspace/power-sharpening/Subtree-Prefetching-Power-Sharpening/case_studies/logs-entropycut/lcb_v6/2026-09-09/vllm/dataset-lcb_v6.model-qwen3.5-9b.alpha4.0.steps100.blocks-1.cut-entropy4.0.samples20.maxnew1024.seed10086.powerMH.vllm.log,EntropyCut,3473,2026-09-09 15:37:17,44.6,114.8,1,0,0.2,0.0,43.35,0.0,0,12
/Users/jiangnanhugo/workspace/power-sharpening/Subtree-Prefetching-Power-Sharpening/case_studies/logs-entropycut/lcb_v6/2026-09-09/vllm/dataset-lcb_v6.model-qwen3.5-9b.alpha4.0.steps100.blocks-1.cut-entropy4.0.samples20.maxnew1024.seed10086.powerMH.vllm.log,EntropyCut,3482,2026-09-09 15:37:27,30.1,115.3,1,0,0.2,0.0,43.516666666666666,0.0,0,16
/Users/jiangnanhugo/workspace/power-sharpening/Subtree-Prefetching-Power-Sharpening/case_studies/logs-entropycut/lcb_v6/2026-09-09/vllm/dataset-lcb_v6.model-qwen3.5-9b.alpha4.0.steps100.blocks-1.cut-entropy4.0.samples20.maxnew1024.seed10086.powerMH.vllm.log,EntropyCut,3487,2026-09-09 15:37:37,3.9,116.0,1,0,0.3,0.0,43.68333333333333,0.0,0,12
/Users/jiangnanhugo/workspace/power-sharpening/Subtree-Prefetching-Power-Sharpening/case_studies/logs-entropycut/lcb_v6/2026-09-09/vllm/dataset-lcb_v6.model-qwen3.5-9b.alpha4.0.steps100.blocks-1.cut-entropy4.0.samples20.maxnew1024.seed10086.powerMH.vllm.log,EntropyCut,3500,2026-09-09 15:37:47,54.6,113.9,1,0,0.2,0.0,43.85,0.0,0,16
/Users/jiangnanhugo/workspace/power-sharpening/Subtree-Prefetching-Power-Sharpening/case_studies/logs-entropycut/lcb_v6/2026-09-09/vllm/dataset-lcb_v6.model-qwen3.5-9b.alpha4.0.steps100.blocks-1.cut-entropy4.0.samples20.maxnew1024.seed10086.powerMH.vllm.log,EntropyCut,3509,2026-09-09 15:37:57,40.1,114.8,1,0,0.3,0.0,44.016666666666666,0.0,0,16
/Users/jiangnanhugo/workspace/power-sharpening/Subtree-Prefetching-Power-Sharpening/case_studies/logs-entropycut/lcb_v6/2026-09-09/vllm/dataset-lcb_v6.model-qwen3.5-9b.alpha4.0.steps100.blocks-1.cut-entropy4.0.samples20.maxnew1024.seed10086.powerMH.vllm.log,EntropyCut,3518,2026-09-09 15:38:07,69.8,115.2,1,0,0.2,0.0,44.18333333333333,0.0,0,16
/Users/jiangnanhugo/workspace/power-sharpening/Subtree-Prefetching-Power-Sharpening/case_studies/logs-entropycut/lcb_v6/2026-09-09/vllm/dataset-lcb_v6.model-qwen3.5-9b.alpha4.0.steps100.blocks-1.cut-entropy4.0.samples20.maxnew1024.seed10086.powerMH.vllm.log,EntropyCut,3523,2026-09-09 15:38:17,22.3,116.3,1,0,0.3,0.0,44.35,0.0,0,12
/Users/jiangnanhugo/workspace/power-sharpening/Subtree-Prefetching-Power-Sharpening/case_studies/logs-entropycut/lcb_v6/2026-09-09/vllm/dataset-lcb_v6.model-qwen3.5-9b.alpha4.0.steps100.blocks-1.cut-entropy4.0.samples20.maxnew1024.seed10086.powerMH.vllm.log,EntropyCut,3532,2026-09-09 15:38:27,29.5,115.0,1,0,0.2,0.0,44.516666666666666,0.0,0,12
/Users/jiangnanhugo/workspace/power-sharpening/Subtree-Prefetching-Power-Sharpening/case_studies/logs-entropycut/lcb_v6/2026-09-09/vllm/dataset-lcb_v6.model-qwen3.5-9b.alpha4.0.steps100.blocks-1.cut-entropy4.0.samples20.maxnew1024.seed10086.powerMH.vllm.log,EntropyCut,3545,2026-09-09 15:38:37,61.7,114.1,1,0,0.2,0.0,44.68333333333333,0.0,0,20
/Users/jiangnanhugo/workspace/power-sharpening/Subtree-Prefetching-Power-Sharpening/case_studies/logs-entropycut/lcb_v6/2026-09-09/vllm/dataset-lcb_v6.model-qwen3.5-9b.alpha4.0.steps100.blocks-1.cut-entropy4.0.samples20.maxnew1024.seed10086.powerMH.vllm.log,EntropyCut,3558,2026-09-09 15:38:47,71.1,113.7,1,0,0.3,0.0,44.85,0.0,0,20
/Users/jiangnanhugo/workspace/power-sharpening/Subtree-Prefetching-Power-Sharpening/case_studies/logs-entropycut/lcb_v6/2026-09-09/vllm/dataset-lcb_v6.model-qwen3.5-9b.alpha4.0.steps100.blocks-1.cut-entropy4.0.samples20.maxnew1024.seed10086.powerMH.vllm.log,EntropyCut,3575,2026-09-09 15:38:57,82.0,113.5,1,0,0.2,0.0,45.016666666666666,0.0,0,20
/Users/jiangnanhugo/workspace/power-sharpening/Subtree-Prefetching-Power-Sharpening/case_studies/logs-entropycut/lcb_v6/2026-09-09/vllm/dataset-lcb_v6.model-qwen3.5-9b.alpha4.0.steps100.blocks-1.cut-entropy4.0.samples20.maxnew1024.seed10086.powerMH.vllm.log,EntropyCut,3584,2026-09-09 15:39:07,54.5,115.3,1,0,0.2,0.0,45.18333333333333,0.0,0,16
/Users/jiangnanhugo/workspace/power-sharpening/Subtree-Prefetching-Power-Sharpening/case_studies/logs-entropycut/lcb_v6/2026-09-09/vllm/dataset-lcb_v6.model-qwen3.5-9b.alpha4.0.steps100.blocks-1.cut-entropy4.0.samples20.maxnew1024.seed10086.powerMH.vllm.log,EntropyCut,3593,2026-09-09 15:39:17,52.1,115.3,1,0,0.3,0.0,45.35,0.0,0,16
/Users/jiangnanhugo/workspace/power-sharpening/Subtree-Prefetching-Power-Sharpening/case_studies/logs-entropycut/lcb_v6/2026-09-09/vllm/dataset-lcb_v6.model-qwen3.5-9b.alpha4.0.steps100.blocks-1.cut-entropy4.0.samples20.maxnew1024.seed10086.powerMH.vllm.log,EntropyCut,3606,2026-09-09 15:39:27,68.9,113.2,1,0,0.3,0.0,45.516666666666666,0.0,0,20
/Users/jiangnanhugo/workspace/power-sharpening/Subtree-Prefetching-Power-Sharpening/case_studies/logs-entropycut/lcb_v6/2026-09-09/vllm/dataset-lcb_v6.model-qwen3.5-9b.alpha4.0.steps100.blocks-1.cut-entropy4.0.samples20.maxnew1024.seed10086.powerMH.vllm.log,EntropyCut,3615,2026-09-09 15:39:37,17.0,115.6,1,0,0.2,0.0,45.68333333333333,0.0,0,12
/Users/jiangnanhugo/workspace/power-sharpening/Subtree-Prefetching-Power-Sharpening/case_studies/logs-entropycut/lcb_v6/2026-09-09/vllm/dataset-lcb_v6.model-qwen3.5-9b.alpha4.0.steps100.blocks-1.cut-entropy4.0.samples20.maxnew1024.seed10086.powerMH.vllm.log,EntropyCut,3628,2026-09-09 15:39:47,85.6,115.0,1,0,0.3,0.0,45.85,0.0,0,20
/Users/jiangnanhugo/workspace/power-sharpening/Subtree-Prefetching-Power-Sharpening/case_studies/logs-entropycut/lcb_v6/2026-09-09/vllm/dataset-lcb_v6.model-qwen3.5-9b.alpha4.0.steps100.blocks-1.cut-entropy4.0.samples20.maxnew1024.seed10086.powerMH.vllm.log,EntropyCut,3641,2026-09-09 15:39:57,50.8,115.1,1,0,0.2,0.0,46.016666666666666,0.0,0,16
/Users/jiangnanhugo/workspace/power-sharpening/Subtree-Prefetching-Power-Sharpening/case_studies/logs-entropycut/lcb_v6/2026-09-09/vllm/dataset-lcb_v6.model-qwen3.5-9b.alpha4.0.steps100.blocks-1.cut-entropy4.0.samples20.maxnew1024.seed10086.powerMH.vllm.log,EntropyCut,3787,2026-09-09 15:40:07,93.4,115.1,1,0,0.3,0.0,46.18333333333333,0.0,0,16
/Users/jiangnanhugo/workspace/power-sharpening/Subtree-Prefetching-Power-Sharpening/case_studies/logs-entropycut/lcb_v6/2026-09-09/vllm/dataset-lcb_v6.model-qwen3.5-9b.alpha4.0.steps100.blocks-1.cut-entropy4.0.samples20.maxnew1024.seed10086.powerMH.vllm.log,EntropyCut,3791,2026-09-09 15:40:17,12.4,117.0,1,0,0.3,0.0,46.35,0.0,0,12
/Users/jiangnanhugo/workspace/power-sharpening/Subtree-Prefetching-Power-Sharpening/case_studies/logs-entropycut/lcb_v6/2026-09-09/vllm/dataset-lcb_v6.model-qwen3.5-9b.alpha4.0.steps100.blocks-1.cut-entropy4.0.samples20.maxnew1024.seed10086.powerMH.vllm.log,EntropyCut,3804,2026-09-09 15:40:27,72.9,114.6,1,0,0.3,0.0,46.516666666666666,0.0,0,20
/Users/jiangnanhugo/workspace/power-sharpening/Subtree-Prefetching-Power-Sharpening/case_studies/logs-entropycut/lcb_v6/2026-09-09/vllm/dataset-lcb_v6.model-qwen3.5-9b.alpha4.0.steps100.blocks-1.cut-entropy4.0.samples20.maxnew1024.seed10086.powerMH.vllm.log,EntropyCut,3813,2026-09-09 15:40:37,36.1,116.1,1,0,0.3,0.0,46.68333333333333,0.0,0,12
/Users/jiangnanhugo/workspace/power-sharpening/Subtree-Prefetching-Power-Sharpening/case_studies/logs-entropycut/lcb_v6/2026-09-09/vllm/dataset-lcb_v6.model-qwen3.5-9b.alpha4.0.steps100.blocks-1.cut-entropy4.0.samples20.maxnew1024.seed10086.powerMH.vllm.log,EntropyCut,3826,2026-09-09 15:40:47,85.4,115.1,1,0,0.3,0.0,46.85,0.0,0,20
/Users/jiangnanhugo/workspace/power-sharpening/Subtree-Prefetching-Power-Sharpening/case_studies/logs-entropycut/lcb_v6/2026-09-09/vllm/dataset-lcb_v6.model-qwen3.5-9b.alpha4.0.steps100.blocks-1.cut-entropy4.0.samples20.maxnew1024.seed10086.powerMH.vllm.log,EntropyCut,3839,2026-09-09 15:40:57,65.6,115.7,1,0,0.3,0.0,47.016666666666666,0.0,0,16
/Users/jiangnanhugo/workspace/power-sharpening/Subtree-Prefetching-Power-Sharpening/case_studies/logs-entropycut/lcb_v6/2026-09-09/vllm/dataset-lcb_v6.model-qwen3.5-9b.alpha4.0.steps100.blocks-1.cut-entropy4.0.samples20.maxnew1024.seed10086.powerMH.vllm.log,EntropyCut,3852,2026-09-09 15:41:07,105.8,115.2,1,0,0.3,0.0,47.18333333333333,0.0,0,20
/Users/jiangnanhugo/workspace/power-sharpening/Subtree-Prefetching-Power-Sharpening/case_studies/logs-entropycut/lcb_v6/2026-09-09/vllm/dataset-lcb_v6.model-qwen3.5-9b.alpha4.0.steps100.blocks-1.cut-entropy4.0.samples20.maxnew1024.seed10086.powerMH.vllm.log,EntropyCut,3869,2026-09-09 15:41:17,141.5,114.0,1,0,0.3,0.0,47.35,0.0,0,24
/Users/jiangnanhugo/workspace/power-sharpening/Subtree-Prefetching-Power-Sharpening/case_studies/logs-entropycut/lcb_v6/2026-09-09/vllm/dataset-lcb_v6.model-qwen3.5-9b.alpha4.0.steps100.blocks-1.cut-entropy4.0.samples20.maxnew1024.seed10086.powerMH.vllm.log,EntropyCut,3886,2026-09-09 15:41:27,60.0,114.5,1,0,0.2,0.0,47.516666666666666,0.0,0,20
/Users/jiangnanhugo/workspace/power-sharpening/Subtree-Prefetching-Power-Sharpening/case_studies/logs-entropycut/lcb_v6/2026-09-09/vllm/dataset-lcb_v6.model-qwen3.5-9b.alpha4.0.steps100.blocks-1.cut-entropy4.0.samples20.maxnew1024.seed10086.powerMH.vllm.log,EntropyCut,3891,2026-09-09 15:41:37,39.7,117.3,1,0,0.3,0.0,47.68333333333333,0.0,0,12
/Users/jiangnanhugo/workspace/power-sharpening/Subtree-Prefetching-Power-Sharpening/case_studies/logs-entropycut/lcb_v6/2026-09-09/vllm/dataset-lcb_v6.model-qwen3.5-9b.alpha4.0.steps100.blocks-1.cut-entropy4.0.samples20.maxnew1024.seed10086.powerMH.vllm.log,EntropyCut,3904,2026-09-09 15:41:47,130.9,115.3,1,0,0.2,0.0,47.85,0.0,0,20
/Users/jiangnanhugo/workspace/power-sharpening/Subtree-Prefetching-Power-Sharpening/case_studies/logs-entropycut/lcb_v6/2026-09-09/vllm/dataset-lcb_v6.model-qwen3.5-9b.alpha4.0.steps100.blocks-1.cut-entropy4.0.samples20.maxnew1024.seed10086.powerMH.vllm.log,EntropyCut,3913,2026-09-09 15:41:57,96.5,116.1,1,0,0.3,0.0,48.016666666666666,0.0,0,20
/Users/jiangnanhugo/workspace/power-sharpening/Subtree-Prefetching-Power-Sharpening/case_studies/logs-entropycut/lcb_v6/2026-09-09/vllm/dataset-lcb_v6.model-qwen3.5-9b.alpha4.0.steps100.blocks-1.cut-entropy4.0.samples20.maxnew1024.seed10086.powerMH.vllm.log,EntropyCut,3930,2026-09-09 15:42:07,168.5,113.8,1,0,0.3,0.0,48.18333333333333,0.0,0,28
/Users/jiangnanhugo/workspace/power-sharpening/Subtree-Prefetching-Power-Sharpening/case_studies/logs-entropycut/lcb_v6/2026-09-09/vllm/dataset-lcb_v6.model-qwen3.5-9b.alpha4.0.steps100.blocks-1.cut-entropy4.0.samples20.maxnew1024.seed10086.powerMH.vllm.log,EntropyCut,3947,2026-09-09 15:42:17,140.8,114.7,1,0,0.3,0.0,48.35,0.0,0,24
/Users/jiangnanhugo/workspace/power-sharpening/Subtree-Prefetching-Power-Sharpening/case_studies/logs-entropycut/lcb_v6/2026-09-09/vllm/dataset-lcb_v6.model-qwen3.5-9b.alpha4.0.steps100.blocks-1.cut-entropy4.0.samples20.maxnew1024.seed10086.powerMH.vllm.log,EntropyCut,3956,2026-09-09 15:42:27,63.6,116.3,1,0,0.4,0.0,48.516666666666666,0.0,0,16
/Users/jiangnanhugo/workspace/power-sharpening/Subtree-Prefetching-Power-Sharpening/case_studies/logs-entropycut/lcb_v6/2026-09-09/vllm/dataset-lcb_v6.model-qwen3.5-9b.alpha4.0.steps100.blocks-1.cut-entropy4.0.samples20.maxnew1024.seed10086.powerMH.vllm.log,EntropyCut,3965,2026-09-09 15:42:37,49.8,116.2,1,0,0.2,0.0,48.68333333333333,0.0,0,12
/Users/jiangnanhugo/workspace/power-sharpening/Subtree-Prefetching-Power-Sharpening/case_studies/logs-entropycut/lcb_v6/2026-09-09/vllm/dataset-lcb_v6.model-qwen3.5-9b.alpha4.0.steps100.blocks-1.cut-entropy4.0.samples20.maxnew1024.seed10086.powerMH.vllm.log,EntropyCut,3974,2026-09-09 15:42:47,93.9,116.4,1,0,0.3,0.0,48.85,0.0,0,20
/Users/jiangnanhugo/workspace/power-sharpening/Subtree-Prefetching-Power-Sharpening/case_studies/logs-entropycut/lcb_v6/2026-09-09/vllm/dataset-lcb_v6.model-qwen3.5-9b.alpha4.0.steps100.blocks-1.cut-entropy4.0.samples20.maxnew1024.seed10086.powerMH.vllm.log,EntropyCut,3983,2026-09-09 15:42:57,23.5,116.2,1,0,0.3,0.0,49.016666666666666,0.0,0,12
/Users/jiangnanhugo/workspace/power-sharpening/Subtree-Prefetching-Power-Sharpening/case_studies/logs-entropycut/lcb_v6/2026-09-09/vllm/dataset-lcb_v6.model-qwen3.5-9b.alpha4.0.steps100.blocks-1.cut-entropy4.0.samples20.maxnew1024.seed10086.powerMH.vllm.log,EntropyCut,3996,2026-09-09 15:43:07,126.6,115.4,1,0,0.3,0.0,49.18333333333333,0.0,0,24
/Users/jiangnanhugo/workspace/power-sharpening/Subtree-Prefetching-Power-Sharpening/case_studies/logs-entropycut/lcb_v6/2026-09-09/vllm/dataset-lcb_v6.model-qwen3.5-9b.alpha4.0.steps100.blocks-1.cut-entropy4.0.samples20.maxnew1024.seed10086.powerMH.vllm.log,EntropyCut,4005,2026-09-09 15:43:17,95.4,116.4,1,0,0.3,0.0,49.35,0.0,0,16
/Users/jiangnanhugo/workspace/power-sharpening/Subtree-Prefetching-Power-Sharpening/case_studies/logs-entropycut/lcb_v6/2026-09-09/vllm/dataset-lcb_v6.model-qwen3.5-9b.alpha4.0.steps100.blocks-1.cut-entropy4.0.samples20.maxnew1024.seed10086.powerMH.vllm.log,EntropyCut,4014,2026-09-09 15:43:27,9.6,116.7,1,0,0.2,0.0,49.516666666666666,0.0,0,12
/Users/jiangnanhugo/workspace/power-sharpening/Subtree-Prefetching-Power-Sharpening/case_studies/logs-entropycut/lcb_v6/2026-09-09/vllm/dataset-lcb_v6.model-qwen3.5-9b.alpha4.0.steps100.blocks-1.cut-entropy4.0.samples20.maxnew1024.seed10086.powerMH.vllm.log,EntropyCut,4023,2026-09-09 15:43:37,61.3,116.7,1,0,0.3,0.0,49.68333333333333,0.0,0,16
/Users/jiangnanhugo/workspace/power-sharpening/Subtree-Prefetching-Power-Sharpening/case_studies/logs-entropycut/lcb_v6/2026-09-09/vllm/dataset-lcb_v6.model-qwen3.5-9b.alpha4.0.steps100.blocks-1.cut-entropy4.0.samples20.maxnew1024.seed10086.powerMH.vllm.log,EntropyCut,4032,2026-09-09 15:43:47,68.4,116.5,1,0,0.3,0.0,49.85,0.0,0,16
/Users/jiangnanhugo/workspace/power-sharpening/Subtree-Prefetching-Power-Sharpening/case_studies/logs-entropycut/lcb_v6/2026-09-09/vllm/dataset-lcb_v6.model-qwen3.5-9b.alpha4.0.steps100.blocks-1.cut-entropy4.0.samples20.maxnew1024.seed10086.powerMH.vllm.log,EntropyCut,4049,2026-09-09 15:43:57,119.7,114.9,1,0,0.3,0.0,50.016666666666666,0.0,0,24
/Users/jiangnanhugo/workspace/power-sharpening/Subtree-Prefetching-Power-Sharpening/case_studies/logs-entropycut/lcb_v6/2026-09-09/vllm/dataset-lcb_v6.model-qwen3.5-9b.alpha4.0.steps100.blocks-1.cut-entropy4.0.samples20.maxnew1024.seed10086.powerMH.vllm.log,EntropyCut,4066,2026-09-09 15:44:07,64.8,115.0,1,0,0.2,0.0,50.18333333333333,0.0,0,16
/Users/jiangnanhugo/workspace/power-sharpening/Subtree-Prefetching-Power-Sharpening/case_studies/logs-entropycut/lcb_v6/2026-09-09/vllm/dataset-lcb_v6.model-qwen3.5-9b.alpha4.0.steps100.blocks-1.cut-entropy4.0.samples20.maxnew1024.seed10086.powerMH.vllm.log,EntropyCut,4075,2026-09-09 15:44:17,86.0,116.5,1,0,0.3,0.0,50.35,0.0,0,20
/Users/jiangnanhugo/workspace/power-sharpening/Subtree-Prefetching-Power-Sharpening/case_studies/logs-entropycut/lcb_v6/2026-09-09/vllm/dataset-lcb_v6.model-qwen3.5-9b.alpha4.0.steps100.blocks-1.cut-entropy4.0.samples20.maxnew1024.seed10086.powerMH.vllm.log,EntropyCut,4084,2026-09-09 15:44:27,48.2,110.0,1,0,0.3,0.0,50.516666666666666,0.0,0,12
/Users/jiangnanhugo/workspace/power-sharpening/Subtree-Prefetching-Power-Sharpening/case_studies/logs-entropycut/lcb_v6/2026-09-09/vllm/dataset-lcb_v6.model-qwen3.5-9b.alpha4.0.steps100.blocks-1.cut-entropy4.0.samples20.maxnew1024.seed10086.powerMH.vllm.log,EntropyCut,4093,2026-09-09 15:44:37,76.5,116.1,1,0,0.3,0.0,50.68333333333333,0.0,0,20
/Users/jiangnanhugo/workspace/power-sharpening/Subtree-Prefetching-Power-Sharpening/case_studies/logs-entropycut/lcb_v6/2026-09-09/vllm/dataset-lcb_v6.model-qwen3.5-9b.alpha4.0.steps100.blocks-1.cut-entropy4.0.samples20.maxnew1024.seed10086.powerMH.vllm.log,EntropyCut,4102,2026-09-09 15:44:47,45.4,115.7,1,0,0.3,0.0,50.85,0.0,0,12
/Users/jiangnanhugo/workspace/power-sharpening/Subtree-Prefetching-Power-Sharpening/case_studies/logs-entropycut/lcb_v6/2026-09-09/vllm/dataset-lcb_v6.model-qwen3.5-9b.alpha4.0.steps100.blocks-1.cut-entropy4.0.samples20.maxnew1024.seed10086.powerMH.vllm.log,EntropyCut,4119,2026-09-09 15:44:57,100.2,113.9,1,0,0.2,0.0,51.016666666666666,0.0,0,20
/Users/jiangnanhugo/workspace/power-sharpening/Subtree-Prefetching-Power-Sharpening/case_studies/logs-entropycut/lcb_v6/2026-09-09/vllm/dataset-lcb_v6.model-qwen3.5-9b.alpha4.0.steps100.blocks-1.cut-entropy4.0.samples20.maxnew1024.seed10086.powerMH.vllm.log,EntropyCut,4132,2026-09-09 15:45:07,53.3,114.6,1,0,0.2,0.0,51.18333333333333,0.0,0,16
/Users/jiangnanhugo/workspace/power-sharpening/Subtree-Prefetching-Power-Sharpening/case_studies/logs-entropycut/lcb_v6/2026-09-09/vllm/dataset-lcb_v6.model-qwen3.5-9b.alpha4.0.steps100.blocks-1.cut-entropy4.0.samples20.maxnew1024.seed10086.powerMH.vllm.log,EntropyCut,4149,2026-09-09 15:45:17,89.4,113.6,1,0,0.2,0.0,51.35,0.0,0,20
/Users/jiangnanhugo/workspace/power-sharpening/Subtree-Prefetching-Power-Sharpening/case_studies/logs-entropycut/lcb_v6/2026-09-09/vllm/dataset-lcb_v6.model-qwen3.5-9b.alpha4.0.steps100.blocks-1.cut-entropy4.0.samples20.maxnew1024.seed10086.powerMH.vllm.log,EntropyCut,4154,2026-09-09 15:45:27,45.4,116.6,1,0,0.4,0.0,51.516666666666666,0.0,0,16
/Users/jiangnanhugo/workspace/power-sharpening/Subtree-Prefetching-Power-Sharpening/case_studies/logs-entropycut/lcb_v6/2026-09-09/vllm/dataset-lcb_v6.model-qwen3.5-9b.alpha4.0.steps100.blocks-1.cut-entropy4.0.samples20.maxnew1024.seed10086.powerMH.vllm.log,EntropyCut,4163,2026-09-09 15:45:37,30.0,116.0,1,0,0.2,0.0,51.68333333333333,0.0,0,12
/Users/jiangnanhugo/workspace/power-sharpening/Subtree-Prefetching-Power-Sharpening/case_studies/logs-entropycut/lcb_v6/2026-09-09/vllm/dataset-lcb_v6.model-qwen3.5-9b.alpha4.0.steps100.blocks-1.cut-entropy4.0.samples20.maxnew1024.seed10086.powerMH.vllm.log,EntropyCut,4172,2026-09-09 15:45:47,88.5,116.3,1,0,0.3,0.0,51.85,0.0,0,20
/Users/jiangnanhugo/workspace/power-sharpening/Subtree-Prefetching-Power-Sharpening/case_studies/logs-entropycut/lcb_v6/2026-09-09/vllm/dataset-lcb_v6.model-qwen3.5-9b.alpha4.0.steps100.blocks-1.cut-entropy4.0.samples20.maxnew1024.seed10086.powerMH.vllm.log,EntropyCut,4181,2026-09-09 15:45:57,64.8,116.4,1,0,0.3,0.0,52.016666666666666,0.0,0,16
/Users/jiangnanhugo/workspace/power-sharpening/Subtree-Prefetching-Power-Sharpening/case_studies/logs-entropycut/lcb_v6/2026-09-09/vllm/dataset-lcb_v6.model-qwen3.5-9b.alpha4.0.steps100.blocks-1.cut-entropy4.0.samples20.maxnew1024.seed10086.powerMH.vllm.log,EntropyCut,4202,2026-09-09 15:46:07,131.6,113.3,1,0,0.3,0.0,52.18333333333333,0.0,0,24
/Users/jiangnanhugo/workspace/power-sharpening/Subtree-Prefetching-Power-Sharpening/case_studies/logs-entropycut/lcb_v6/2026-09-09/vllm/dataset-lcb_v6.model-qwen3.5-9b.alpha4.0.steps100.blocks-1.cut-entropy4.0.samples20.maxnew1024.seed10086.powerMH.vllm.log,EntropyCut,4211,2026-09-09 15:46:17,16.6,116.0,1,0,0.3,0.0,52.35,0.0,0,12
/Users/jiangnanhugo/workspace/power-sharpening/Subtree-Prefetching-Power-Sharpening/case_studies/logs-entropycut/lcb_v6/2026-09-09/vllm/dataset-lcb_v6.model-qwen3.5-9b.alpha4.0.steps100.blocks-1.cut-entropy4.0.samples20.maxnew1024.seed10086.powerMH.vllm.log,EntropyCut,4220,2026-09-09 15:46:27,70.0,115.6,1,0,0.3,0.0,52.516666666666666,0.0,0,16
/Users/jiangnanhugo/workspace/power-sharpening/Subtree-Prefetching-Power-Sharpening/case_studies/logs-entropycut/lcb_v6/2026-09-09/vllm/dataset-lcb_v6.model-qwen3.5-9b.alpha4.0.steps100.blocks-1.cut-entropy4.0.samples20.maxnew1024.seed10086.powerMH.vllm.log,EntropyCut,4346,2026-09-09 15:46:37,100.1,113.8,1,0,0.3,0.0,52.68333333333333,0.0,0,20
/Users/jiangnanhugo/workspace/power-sharpening/Subtree-Prefetching-Power-Sharpening/case_studies/logs-entropycut/lcb_v6/2026-09-09/vllm/dataset-lcb_v6.model-qwen3.5-9b.alpha4.0.steps100.blocks-1.cut-entropy4.0.samples20.maxnew1024.seed10086.powerMH.vllm.log,EntropyCut,4354,2026-09-09 15:46:47,37.2,116.4,1,0,0.2,0.0,52.85,0.0,0,16
/Users/jiangnanhugo/workspace/power-sharpening/Subtree-Prefetching-Power-Sharpening/case_studies/logs-entropycut/lcb_v6/2026-09-09/vllm/dataset-lcb_v6.model-qwen3.5-9b.alpha4.0.steps100.blocks-1.cut-entropy4.0.samples20.maxnew1024.seed10086.powerMH.vllm.log,EntropyCut,4367,2026-09-09 15:46:57,63.6,115.8,1,0,0.3,0.0,53.016666666666666,0.0,0,28
/Users/jiangnanhugo/workspace/power-sharpening/Subtree-Prefetching-Power-Sharpening/case_studies/logs-entropycut/lcb_v6/2026-09-09/vllm/dataset-lcb_v6.model-qwen3.5-9b.alpha4.0.steps100.blocks-1.cut-entropy4.0.samples20.maxnew1024.seed10086.powerMH.vllm.log,EntropyCut,4380,2026-09-09 15:47:07,81.2,115.3,1,0,0.2,0.0,53.18333333333333,0.0,0,24
/Users/jiangnanhugo/workspace/power-sharpening/Subtree-Prefetching-Power-Sharpening/case_studies/logs-entropycut/lcb_v6/2026-09-09/vllm/dataset-lcb_v6.model-qwen3.5-9b.alpha4.0.steps100.blocks-1.cut-entropy4.0.samples20.maxnew1024.seed10086.powerMH.vllm.log,EntropyCut,4389,2026-09-09 15:47:17,34.4,116.7,1,0,0.3,0.0,53.35,0.0,0,20
/Users/jiangnanhugo/workspace/power-sharpening/Subtree-Prefetching-Power-Sharpening/case_studies/logs-entropycut/lcb_v6/2026-09-09/vllm/dataset-lcb_v6.model-qwen3.5-9b.alpha4.0.steps100.blocks-1.cut-entropy4.0.samples20.maxnew1024.seed10086.powerMH.vllm.log,EntropyCut,4398,2026-09-09 15:47:27,35.3,116.4,1,0,0.2,0.0,53.516666666666666,0.0,0,20
/Users/jiangnanhugo/workspace/power-sharpening/Subtree-Prefetching-Power-Sharpening/case_studies/logs-entropycut/lcb_v6/2026-09-09/vllm/dataset-lcb_v6.model-qwen3.5-9b.alpha4.0.steps100.blocks-1.cut-entropy4.0.samples20.maxnew1024.seed10086.powerMH.vllm.log,EntropyCut,4407,2026-09-09 15:47:37,43.1,116.0,1,0,0.2,0.0,53.68333333333333,0.0,0,20
/Users/jiangnanhugo/workspace/power-sharpening/Subtree-Prefetching-Power-Sharpening/case_studies/logs-entropycut/lcb_v6/2026-09-09/vllm/dataset-lcb_v6.model-qwen3.5-9b.alpha4.0.steps100.blocks-1.cut-entropy4.0.samples20.maxnew1024.seed10086.powerMH.vllm.log,EntropyCut,4412,2026-09-09 15:47:47,25.3,117.0,1,0,0.3,0.0,53.85,0.0,0,16
/Users/jiangnanhugo/workspace/power-sharpening/Subtree-Prefetching-Power-Sharpening/case_studies/logs-entropycut/lcb_v6/2026-09-09/vllm/dataset-lcb_v6.model-qwen3.5-9b.alpha4.0.steps100.blocks-1.cut-entropy4.0.samples20.maxnew1024.seed10086.powerMH.vllm.log,EntropyCut,4425,2026-09-09 15:47:57,117.3,114.3,1,0,0.3,0.0,54.016666666666666,0.0,0,28
/Users/jiangnanhugo/workspace/power-sharpening/Subtree-Prefetching-Power-Sharpening/case_studies/logs-entropycut/lcb_v6/2026-09-09/vllm/dataset-lcb_v6.model-qwen3.5-9b.alpha4.0.steps100.blocks-1.cut-entropy4.0.samples20.maxnew1024.seed10086.powerMH.vllm.log,EntropyCut,4434,2026-09-09 15:48:07,58.9,115.9,1,0,0.2,0.0,54.18333333333333,0.0,0,20
/Users/jiangnanhugo/workspace/power-sharpening/Subtree-Prefetching-Power-Sharpening/case_studies/logs-entropycut/lcb_v6/2026-09-09/vllm/dataset-lcb_v6.model-qwen3.5-9b.alpha4.0.steps100.blocks-1.cut-entropy4.0.samples20.maxnew1024.seed10086.powerMH.vllm.log,EntropyCut,4447,2026-09-09 15:48:17,98.0,115.3,1,0,0.3,0.0,54.35,0.0,0,28
/Users/jiangnanhugo/workspace/power-sharpening/Subtree-Prefetching-Power-Sharpening/case_studies/logs-entropycut/lcb_v6/2026-09-09/vllm/dataset-lcb_v6.model-qwen3.5-9b.alpha4.0.steps100.blocks-1.cut-entropy4.0.samples20.maxnew1024.seed10086.powerMH.vllm.log,EntropyCut,4460,2026-09-09 15:48:27,30.5,115.3,1,0,0.2,0.0,54.516666666666666,0.0,0,24
/Users/jiangnanhugo/workspace/power-sharpening/Subtree-Prefetching-Power-Sharpening/case_studies/logs-entropycut/lcb_v6/2026-09-09/vllm/dataset-lcb_v6.model-qwen3.5-9b.alpha4.0.steps100.blocks-1.cut-entropy4.0.samples20.maxnew1024.seed10086.powerMH.vllm.log,EntropyCut,4473,2026-09-09 15:48:37,41.2,115.1,1,0,0.2,0.0,54.68333333333333,0.0,0,24
/Users/jiangnanhugo/workspace/power-sharpening/Subtree-Prefetching-Power-Sharpening/case_studies/logs-entropycut/lcb_v6/2026-09-09/vllm/dataset-lcb_v6.model-qwen3.5-9b.alpha4.0.steps100.blocks-1.cut-entropy4.0.samples20.maxnew1024.seed10086.powerMH.vllm.log,EntropyCut,4478,2026-09-09 15:48:47,35.0,117.2,1,0,0.3,0.0,54.85,0.0,0,16
/Users/jiangnanhugo/workspace/power-sharpening/Subtree-Prefetching-Power-Sharpening/case_studies/logs-entropycut/lcb_v6/2026-09-09/vllm/dataset-lcb_v6.model-qwen3.5-9b.alpha4.0.steps100.blocks-1.cut-entropy4.0.samples20.maxnew1024.seed10086.powerMH.vllm.log,EntropyCut,4491,2026-09-09 15:48:57,43.4,115.2,1,0,0.2,0.0,55.016666666666666,0.0,0,24
/Users/jiangnanhugo/workspace/power-sharpening/Subtree-Prefetching-Power-Sharpening/case_studies/logs-entropycut/lcb_v6/2026-09-09/vllm/dataset-lcb_v6.model-qwen3.5-9b.alpha4.0.steps100.blocks-1.cut-entropy4.0.samples20.maxnew1024.seed10086.powerMH.vllm.log,EntropyCut,4496,2026-09-09 15:49:07,14.6,117.1,1,0,0.2,0.0,55.18333333333333,0.0,0,12
/Users/jiangnanhugo/workspace/power-sharpening/Subtree-Prefetching-Power-Sharpening/case_studies/logs-entropycut/lcb_v6/2026-09-09/vllm/dataset-lcb_v6.model-qwen3.5-9b.alpha4.0.steps100.blocks-1.cut-entropy4.0.samples20.maxnew1024.seed10086.powerMH.vllm.log,EntropyCut,4505,2026-09-09 15:49:17,49.1,116.3,1,0,0.2,0.0,55.35,0.0,0,20
/Users/jiangnanhugo/workspace/power-sharpening/Subtree-Prefetching-Power-Sharpening/case_studies/logs-entropycut/lcb_v6/2026-09-09/vllm/dataset-lcb_v6.model-qwen3.5-9b.alpha4.0.steps100.blocks-1.cut-entropy4.0.samples20.maxnew1024.seed10086.powerMH.vllm.log,EntropyCut,4514,2026-09-09 15:49:27,103.3,115.7,1,0,0.3,0.0,55.516666666666666,0.0,0,24
/Users/jiangnanhugo/workspace/power-sharpening/Subtree-Prefetching-Power-Sharpening/case_studies/logs-entropycut/lcb_v6/2026-09-09/vllm/dataset-lcb_v6.model-qwen3.5-9b.alpha4.0.steps100.blocks-1.cut-entropy4.0.samples20.maxnew1024.seed10086.powerMH.vllm.log,EntropyCut,4523,2026-09-09 15:49:37,14.3,116.5,1,0,0.3,0.0,55.68333333333333,0.0,0,20
/Users/jiangnanhugo/workspace/power-sharpening/Subtree-Prefetching-Power-Sharpening/case_studies/logs-entropycut/lcb_v6/2026-09-09/vllm/dataset-lcb_v6.model-qwen3.5-9b.alpha4.0.steps100.blocks-1.cut-entropy4.0.samples20.maxnew1024.seed10086.powerMH.vllm.log,EntropyCut,4548,2026-09-09 15:49:47,193.2,112.0,1,0,0.3,0.0,55.85,0.0,0,48
/Users/jiangnanhugo/workspace/power-sharpening/Subtree-Prefetching-Power-Sharpening/case_studies/logs-entropycut/lcb_v6/2026-09-09/vllm/dataset-lcb_v6.model-qwen3.5-9b.alpha4.0.steps100.blocks-1.cut-entropy4.0.samples20.maxnew1024.seed10086.powerMH.vllm.log,EntropyCut,4557,2026-09-09 15:49:57,13.1,116.3,1,0,0.2,0.0,56.016666666666666,0.0,0,16
/Users/jiangnanhugo/workspace/power-sharpening/Subtree-Prefetching-Power-Sharpening/case_studies/logs-entropycut/lcb_v6/2026-09-09/vllm/dataset-lcb_v6.model-qwen3.5-9b.alpha4.0.steps100.blocks-1.cut-entropy4.0.samples20.maxnew1024.seed10086.powerMH.vllm.log,EntropyCut,4570,2026-09-09 15:50:07,59.7,114.9,1,0,0.2,0.0,56.18333333333333,0.0,0,24
/Users/jiangnanhugo/workspace/power-sharpening/Subtree-Prefetching-Power-Sharpening/case_studies/logs-entropycut/lcb_v6/2026-09-09/vllm/dataset-lcb_v6.model-qwen3.5-9b.alpha4.0.steps100.blocks-1.cut-entropy4.0.samples20.maxnew1024.seed10086.powerMH.vllm.log,EntropyCut,4579,2026-09-09 15:50:17,48.3,116.0,1,0,0.2,0.0,56.35,0.0,0,20
/Users/jiangnanhugo/workspace/power-sharpening/Subtree-Prefetching-Power-Sharpening/case_studies/logs-entropycut/lcb_v6/2026-09-09/vllm/dataset-lcb_v6.model-qwen3.5-9b.alpha4.0.steps100.blocks-1.cut-entropy4.0.samples20.maxnew1024.seed10086.powerMH.vllm.log,EntropyCut,4608,2026-09-09 15:50:27,254.4,110.5,1,0,0.2,0.0,56.516666666666666,0.0,0,56
/Users/jiangnanhugo/workspace/power-sharpening/Subtree-Prefetching-Power-Sharpening/case_studies/logs-entropycut/lcb_v6/2026-09-09/vllm/dataset-lcb_v6.model-qwen3.5-9b.alpha4.0.steps100.blocks-1.cut-entropy4.0.samples20.maxnew1024.seed10086.powerMH.vllm.log,EntropyCut,4621,2026-09-09 15:50:37,67.7,115.4,1,0,0.3,0.0,56.68333333333333,0.0,0,28
/Users/jiangnanhugo/workspace/power-sharpening/Subtree-Prefetching-Power-Sharpening/case_studies/logs-entropycut/lcb_v6/2026-09-09/vllm/dataset-lcb_v6.model-qwen3.5-9b.alpha4.0.steps100.blocks-1.cut-entropy4.0.samples20.maxnew1024.seed10086.powerMH.vllm.log,EntropyCut,4638,2026-09-09 15:50:47,145.0,114.2,1,0,0.2,0.0,56.85,0.0,0,32
/Users/jiangnanhugo/workspace/power-sharpening/Subtree-Prefetching-Power-Sharpening/case_studies/logs-entropycut/lcb_v6/2026-09-09/vllm/dataset-lcb_v6.model-qwen3.5-9b.alpha4.0.steps100.blocks-1.cut-entropy4.0.samples20.maxnew1024.seed10086.powerMH.vllm.log,EntropyCut,4651,2026-09-09 15:50:57,94.9,115.0,1,0,0.2,0.0,57.016666666666666,0.0,0,28
/Users/jiangnanhugo/workspace/power-sharpening/Subtree-Prefetching-Power-Sharpening/case_studies/logs-entropycut/lcb_v6/2026-09-09/vllm/dataset-lcb_v6.model-qwen3.5-9b.alpha4.0.steps100.blocks-1.cut-entropy4.0.samples20.maxnew1024.seed10086.powerMH.vllm.log,EntropyCut,4660,2026-09-09 15:51:07,44.3,115.6,1,0,0.2,0.0,57.18333333333333,0.0,0,20
/Users/jiangnanhugo/workspace/power-sharpening/Subtree-Prefetching-Power-Sharpening/case_studies/logs-entropycut/lcb_v6/2026-09-09/vllm/dataset-lcb_v6.model-qwen3.5-9b.alpha4.0.steps100.blocks-1.cut-entropy4.0.samples20.maxnew1024.seed10086.powerMH.vllm.log,EntropyCut,4673,2026-09-09 15:51:17,44.6,114.4,1,0,0.2,0.0,57.35,0.0,0,24
/Users/jiangnanhugo/workspace/power-sharpening/Subtree-Prefetching-Power-Sharpening/case_studies/logs-entropycut/lcb_v6/2026-09-09/vllm/dataset-lcb_v6.model-qwen3.5-9b.alpha4.0.steps100.blocks-1.cut-entropy4.0.samples20.maxnew1024.seed10086.powerMH.vllm.log,EntropyCut,4690,2026-09-09 15:51:27,156.7,113.6,1,0,0.2,0.0,57.516666666666666,0.0,0,36
/Users/jiangnanhugo/workspace/power-sharpening/Subtree-Prefetching-Power-Sharpening/case_studies/logs-entropycut/lcb_v6/2026-09-09/vllm/dataset-lcb_v6.model-qwen3.5-9b.alpha4.0.steps100.blocks-1.cut-entropy4.0.samples20.maxnew1024.seed10086.powerMH.vllm.log,EntropyCut,4699,2026-09-09 15:51:37,10.2,115.7,1,0,0.2,0.0,57.68333333333333,0.0,0,20
/Users/jiangnanhugo/workspace/power-sharpening/Subtree-Prefetching-Power-Sharpening/case_studies/logs-entropycut/lcb_v6/2026-09-09/vllm/dataset-lcb_v6.model-qwen3.5-9b.alpha4.0.steps100.blocks-1.cut-entropy4.0.samples20.maxnew1024.seed10086.powerMH.vllm.log,EntropyCut,4708,2026-09-09 15:51:47,76.0,115.6,1,0,0.3,0.0,57.85,0.0,0,20
/Users/jiangnanhugo/workspace/power-sharpening/Subtree-Prefetching-Power-Sharpening/case_studies/logs-entropycut/lcb_v6/2026-09-09/vllm/dataset-lcb_v6.model-qwen3.5-9b.alpha4.0.steps100.blocks-1.cut-entropy4.0.samples20.maxnew1024.seed10086.powerMH.vllm.log,EntropyCut,4721,2026-09-09 15:51:57,50.1,114.7,1,0,0.2,0.0,58.016666666666666,0.0,0,24
/Users/jiangnanhugo/workspace/power-sharpening/Subtree-Prefetching-Power-Sharpening/case_studies/logs-entropycut/lcb_v6/2026-09-09/vllm/dataset-lcb_v6.model-qwen3.5-9b.alpha4.0.steps100.blocks-1.cut-entropy4.0.samples20.maxnew1024.seed10086.powerMH.vllm.log,EntropyCut,4734,2026-09-09 15:52:07,95.6,99.6,1,0,0.2,0.0,58.18333333333333,0.0,0,28
/Users/jiangnanhugo/workspace/power-sharpening/Subtree-Prefetching-Power-Sharpening/case_studies/logs-entropycut/lcb_v6/2026-09-09/vllm/dataset-lcb_v6.model-qwen3.5-9b.alpha4.0.steps100.blocks-1.cut-entropy4.0.samples20.maxnew1024.seed10086.powerMH.vllm.log,EntropyCut,4759,2026-09-09 15:52:17,222.5,111.9,1,0,0.2,0.0,58.35,0.0,0,48
/Users/jiangnanhugo/workspace/power-sharpening/Subtree-Prefetching-Power-Sharpening/case_studies/logs-entropycut/lcb_v6/2026-09-09/vllm/dataset-lcb_v6.model-qwen3.5-9b.alpha4.0.steps100.blocks-1.cut-entropy4.0.samples20.maxnew1024.seed10086.powerMH.vllm.log,EntropyCut,4780,2026-09-09 15:52:27,136.3,113.4,1,0,0.2,0.0,58.516666666666666,0.0,0,40
/Users/jiangnanhugo/workspace/power-sharpening/Subtree-Prefetching-Power-Sharpening/case_studies/logs-entropycut/lcb_v6/2026-09-09/vllm/dataset-lcb_v6.model-qwen3.5-9b.alpha4.0.steps100.blocks-1.cut-entropy4.0.samples20.maxnew1024.seed10086.powerMH.vllm.log,EntropyCut,4904,2026-09-09 15:52:37,81.8,114.4,1,0,0.3,0.0,58.68333333333333,0.0,0,16
/Users/jiangnanhugo/workspace/power-sharpening/Subtree-Prefetching-Power-Sharpening/case_studies/logs-entropycut/lcb_v6/2026-09-09/vllm/dataset-lcb_v6.model-qwen3.5-9b.alpha4.0.steps100.blocks-1.cut-entropy4.0.samples20.maxnew1024.seed10086.powerMH.vllm.log,EntropyCut,4912,2026-09-09 15:52:47,79.7,115.8,1,0,0.3,0.0,58.85,0.0,0,20
/Users/jiangnanhugo/workspace/power-sharpening/Subtree-Prefetching-Power-Sharpening/case_studies/logs-entropycut/lcb_v6/2026-09-09/vllm/dataset-lcb_v6.model-qwen3.5-9b.alpha4.0.steps100.blocks-1.cut-entropy4.0.samples20.maxnew1024.seed10086.powerMH.vllm.log,EntropyCut,4925,2026-09-09 15:52:57,76.3,115.0,1,0,0.3,0.0,59.016666666666666,0.0,0,20
/Users/jiangnanhugo/workspace/power-sharpening/Subtree-Prefetching-Power-Sharpening/case_studies/logs-entropycut/lcb_v6/2026-09-09/vllm/dataset-lcb_v6.model-qwen3.5-9b.alpha4.0.steps100.blocks-1.cut-entropy4.0.samples20.maxnew1024.seed10086.powerMH.vllm.log,EntropyCut,4938,2026-09-09 15:53:07,113.2,114.9,1,0,0.3,0.0,59.18333333333333,0.0,0,24
/Users/jiangnanhugo/workspace/power-sharpening/Subtree-Prefetching-Power-Sharpening/case_studies/logs-entropycut/lcb_v6/2026-09-09/vllm/dataset-lcb_v6.model-qwen3.5-9b.alpha4.0.steps100.blocks-1.cut-entropy4.0.samples20.maxnew1024.seed10086.powerMH.vllm.log,EntropyCut,4951,2026-09-09 15:53:17,67.7,115.2,1,0,0.2,0.0,59.35,0.0,0,20
/Users/jiangnanhugo/workspace/power-sharpening/Subtree-Prefetching-Power-Sharpening/case_studies/logs-entropycut/lcb_v6/2026-09-09/vllm/dataset-lcb_v6.model-qwen3.5-9b.alpha4.0.steps100.blocks-1.cut-entropy4.0.samples20.maxnew1024.seed10086.powerMH.vllm.log,EntropyCut,4968,2026-09-09 15:53:27,117.6,113.9,1,0,0.3,0.0,59.516666666666666,0.0,0,28
/Users/jiangnanhugo/workspace/power-sharpening/Subtree-Prefetching-Power-Sharpening/case_studies/logs-entropycut/lcb_v6/2026-09-09/vllm/dataset-lcb_v6.model-qwen3.5-9b.alpha4.0.steps100.blocks-1.cut-entropy4.0.samples20.maxnew1024.seed10086.powerMH.vllm.log,EntropyCut,4977,2026-09-09 15:53:37,43.5,115.6,1,0,0.3,0.0,59.68333333333333,0.0,0,16
/Users/jiangnanhugo/workspace/power-sharpening/Subtree-Prefetching-Power-Sharpening/case_studies/logs-entropycut/lcb_v6/2026-09-09/vllm/dataset-lcb_v6.model-qwen3.5-9b.alpha4.0.steps100.blocks-1.cut-entropy4.0.samples20.maxnew1024.seed10086.powerMH.vllm.log,EntropyCut,4986,2026-09-09 15:53:48,74.0,115.9,1,0,0.3,0.0,59.86666666666667,0.0,0,16
/Users/jiangnanhugo/workspace/power-sharpening/Subtree-Prefetching-Power-Sharpening/case_studies/logs-entropycut/lcb_v6/2026-09-09/vllm/dataset-lcb_v6.model-qwen3.5-9b.alpha4.0.steps100.blocks-1.cut-entropy4.0.samples20.maxnew1024.seed10086.powerMH.vllm.log,EntropyCut,5003,2026-09-09 15:53:58,113.1,113.4,1,0,0.3,0.0,60.03333333333333,0.0,0,28
/Users/jiangnanhugo/workspace/power-sharpening/Subtree-Prefetching-Power-Sharpening/case_studies/logs-entropycut/lcb_v6/2026-09-09/vllm/dataset-lcb_v6.model-qwen3.5-9b.alpha4.0.steps100.blocks-1.cut-entropy4.0.samples20.maxnew1024.seed10086.powerMH.vllm.log,EntropyCut,5012,2026-09-09 15:54:08,90.4,115.9,1,0,0.4,0.0,60.2,0.0,0,20
/Users/jiangnanhugo/workspace/power-sharpening/Subtree-Prefetching-Power-Sharpening/case_studies/logs-entropycut/lcb_v6/2026-09-09/vllm/dataset-lcb_v6.model-qwen3.5-9b.alpha4.0.steps100.blocks-1.cut-entropy4.0.samples20.maxnew1024.seed10086.powerMH.vllm.log,EntropyCut,5025,2026-09-09 15:54:18,53.5,115.2,1,0,0.2,0.0,60.36666666666667,0.0,0,16
/Users/jiangnanhugo/workspace/power-sharpening/Subtree-Prefetching-Power-Sharpening/case_studies/logs-entropycut/lcb_v6/2026-09-09/vllm/dataset-lcb_v6.model-qwen3.5-9b.alpha4.0.steps100.blocks-1.cut-entropy4.0.samples20.maxnew1024.seed10086.powerMH.vllm.log,EntropyCut,5034,2026-09-09 15:54:28,52.2,116.4,1,0,0.2,0.0,60.53333333333333,0.0,0,20
/Users/jiangnanhugo/workspace/power-sharpening/Subtree-Prefetching-Power-Sharpening/case_studies/logs-entropycut/lcb_v6/2026-09-09/vllm/dataset-lcb_v6.model-qwen3.5-9b.alpha4.0.steps100.blocks-1.cut-entropy4.0.samples20.maxnew1024.seed10086.powerMH.vllm.log,EntropyCut,5043,2026-09-09 15:54:38,41.9,116.4,1,0,0.2,0.0,60.7,0.0,0,16
/Users/jiangnanhugo/workspace/power-sharpening/Subtree-Prefetching-Power-Sharpening/case_studies/logs-entropycut/lcb_v6/2026-09-09/vllm/dataset-lcb_v6.model-qwen3.5-9b.alpha4.0.steps100.blocks-1.cut-entropy4.0.samples20.maxnew1024.seed10086.powerMH.vllm.log,EntropyCut,5048,2026-09-09 15:54:48,33.4,117.5,1,0,0.3,0.0,60.86666666666667,0.0,0,12
/Users/jiangnanhugo/workspace/power-sharpening/Subtree-Prefetching-Power-Sharpening/case_studies/logs-entropycut/lcb_v6/2026-09-09/vllm/dataset-lcb_v6.model-qwen3.5-9b.alpha4.0.steps100.blocks-1.cut-entropy4.0.samples20.maxnew1024.seed10086.powerMH.vllm.log,EntropyCut,5061,2026-09-09 15:54:58,102.6,115.4,1,0,0.3,0.0,61.03333333333333,0.0,0,24
/Users/jiangnanhugo/workspace/power-sharpening/Subtree-Prefetching-Power-Sharpening/case_studies/logs-entropycut/lcb_v6/2026-09-09/vllm/dataset-lcb_v6.model-qwen3.5-9b.alpha4.0.steps100.blocks-1.cut-entropy4.0.samples20.maxnew1024.seed10086.powerMH.vllm.log,EntropyCut,5074,2026-09-09 15:55:08,90.0,115.3,1,0,0.3,0.0,61.2,0.0,0,20
/Users/jiangnanhugo/workspace/power-sharpening/Subtree-Prefetching-Power-Sharpening/case_studies/logs-entropycut/lcb_v6/2026-09-09/vllm/dataset-lcb_v6.model-qwen3.5-9b.alpha4.0.steps100.blocks-1.cut-entropy4.0.samples20.maxnew1024.seed10086.powerMH.vllm.log,EntropyCut,5079,2026-09-09 15:55:18,36.7,117.7,1,0,0.3,0.0,61.36666666666667,0.0,0,12
/Users/jiangnanhugo/workspace/power-sharpening/Subtree-Prefetching-Power-Sharpening/case_studies/logs-entropycut/lcb_v6/2026-09-09/vllm/dataset-lcb_v6.model-qwen3.5-9b.alpha4.0.steps100.blocks-1.cut-entropy4.0.samples20.maxnew1024.seed10086.powerMH.vllm.log,EntropyCut,5088,2026-09-09 15:55:28,58.9,116.8,1,0,0.4,0.0,61.53333333333333,0.0,0,20
/Users/jiangnanhugo/workspace/power-sharpening/Subtree-Prefetching-Power-Sharpening/case_studies/logs-entropycut/lcb_v6/2026-09-09/vllm/dataset-lcb_v6.model-qwen3.5-9b.alpha4.0.steps100.blocks-1.cut-entropy4.0.samples20.maxnew1024.seed10086.powerMH.vllm.log,EntropyCut,5097,2026-09-09 15:55:38,38.4,117.0,1,0,0.3,0.0,61.7,0.0,0,16
/Users/jiangnanhugo/workspace/power-sharpening/Subtree-Prefetching-Power-Sharpening/case_studies/logs-entropycut/lcb_v6/2026-09-09/vllm/dataset-lcb_v6.model-qwen3.5-9b.alpha4.0.steps100.blocks-1.cut-entropy4.0.samples20.maxnew1024.seed10086.powerMH.vllm.log,EntropyCut,5106,2026-09-09 15:55:48,61.9,117.2,1,0,0.2,0.0,61.86666666666667,0.0,0,16
/Users/jiangnanhugo/workspace/power-sharpening/Subtree-Prefetching-Power-Sharpening/case_studies/logs-entropycut/lcb_v6/2026-09-09/vllm/dataset-lcb_v6.model-qwen3.5-9b.alpha4.0.steps100.blocks-1.cut-entropy4.0.samples20.maxnew1024.seed10086.powerMH.vllm.log,EntropyCut,5115,2026-09-09 15:55:58,32.6,116.8,1,0,0.2,0.0,62.03333333333333,0.0,0,16
/Users/jiangnanhugo/workspace/power-sharpening/Subtree-Prefetching-Power-Sharpening/case_studies/logs-entropycut/lcb_v6/2026-09-09/vllm/dataset-lcb_v6.model-qwen3.5-9b.alpha4.0.steps100.blocks-1.cut-entropy4.0.samples20.maxnew1024.seed10086.powerMH.vllm.log,EntropyCut,5124,2026-09-09 15:56:08,25.2,116.6,1,0,0.3,0.0,62.2,0.0,0,16
/Users/jiangnanhugo/workspace/power-sharpening/Subtree-Prefetching-Power-Sharpening/case_studies/logs-entropycut/lcb_v6/2026-09-09/vllm/dataset-lcb_v6.model-qwen3.5-9b.alpha4.0.steps100.blocks-1.cut-entropy4.0.samples20.maxnew1024.seed10086.powerMH.vllm.log,EntropyCut,5137,2026-09-09 15:56:18,120.8,115.4,1,0,0.3,0.0,62.36666666666667,0.0,0,24
/Users/jiangnanhugo/workspace/power-sharpening/Subtree-Prefetching-Power-Sharpening/case_studies/logs-entropycut/lcb_v6/2026-09-09/vllm/dataset-lcb_v6.model-qwen3.5-9b.alpha4.0.steps100.blocks-1.cut-entropy4.0.samples20.maxnew1024.seed10086.powerMH.vllm.log,EntropyCut,5150,2026-09-09 15:56:28,77.0,116.4,1,0,0.3,0.0,62.53333333333333,0.0,0,20
/Users/jiangnanhugo/workspace/power-sharpening/Subtree-Prefetching-Power-Sharpening/case_studies/logs-entropycut/lcb_v6/2026-09-09/vllm/dataset-lcb_v6.model-qwen3.5-9b.alpha4.0.steps100.blocks-1.cut-entropy4.0.samples20.maxnew1024.seed10086.powerMH.vllm.log,EntropyCut,5159,2026-09-09 15:56:38,46.5,117.0,1,0,0.2,0.0,62.7,0.0,0,16
/Users/jiangnanhugo/workspace/power-sharpening/Subtree-Prefetching-Power-Sharpening/case_studies/logs-entropycut/lcb_v6/2026-09-09/vllm/dataset-lcb_v6.model-qwen3.5-9b.alpha4.0.steps100.blocks-1.cut-entropy4.0.samples20.maxnew1024.seed10086.powerMH.vllm.log,EntropyCut,5172,2026-09-09 15:56:48,49.4,116.2,1,0,0.3,0.0,62.86666666666667,0.0,0,20
/Users/jiangnanhugo/workspace/power-sharpening/Subtree-Prefetching-Power-Sharpening/case_studies/logs-entropycut/lcb_v6/2026-09-09/vllm/dataset-lcb_v6.model-qwen3.5-9b.alpha4.0.steps100.blocks-1.cut-entropy4.0.samples20.maxnew1024.seed10086.powerMH.vllm.log,EntropyCut,5185,2026-09-09 15:56:58,63.9,115.9,1,0,0.2,0.0,63.03333333333333,0.0,0,20
/Users/jiangnanhugo/workspace/power-sharpening/Subtree-Prefetching-Power-Sharpening/case_studies/logs-entropycut/lcb_v6/2026-09-09/vllm/dataset-lcb_v6.model-qwen3.5-9b.alpha4.0.steps100.blocks-1.cut-entropy4.0.samples20.maxnew1024.seed10086.powerMH.vllm.log,EntropyCut,5190,2026-09-09 15:57:08,2.2,118.1,1,0,0.3,0.0,63.2,0.0,0,12
/Users/jiangnanhugo/workspace/power-sharpening/Subtree-Prefetching-Power-Sharpening/case_studies/logs-entropycut/lcb_v6/2026-09-09/vllm/dataset-lcb_v6.model-qwen3.5-9b.alpha4.0.steps100.blocks-1.cut-entropy4.0.samples20.maxnew1024.seed10086.powerMH.vllm.log,EntropyCut,5199,2026-09-09 15:57:18,35.1,117.1,1,0,0.2,0.0,63.36666666666667,0.0,0,12
/Users/jiangnanhugo/workspace/power-sharpening/Subtree-Prefetching-Power-Sharpening/case_studies/logs-entropycut/lcb_v6/2026-09-09/vllm/dataset-lcb_v6.model-qwen3.5-9b.alpha4.0.steps100.blocks-1.cut-entropy4.0.samples20.maxnew1024.seed10086.powerMH.vllm.log,EntropyCut,5204,2026-09-09 15:57:28,33.4,118.4,1,0,0.4,0.0,63.53333333333333,0.0,0,16
/Users/jiangnanhugo/workspace/power-sharpening/Subtree-Prefetching-Power-Sharpening/case_studies/logs-entropycut/lcb_v6/2026-09-09/vllm/dataset-lcb_v6.model-qwen3.5-9b.alpha4.0.steps100.blocks-1.cut-entropy4.0.samples20.maxnew1024.seed10086.powerMH.vllm.log,EntropyCut,5213,2026-09-09 15:57:38,13.8,117.3,1,0,0.2,0.0,63.7,0.0,0,12
/Users/jiangnanhugo/workspace/power-sharpening/Subtree-Prefetching-Power-Sharpening/case_studies/logs-entropycut/lcb_v6/2026-09-09/vllm/dataset-lcb_v6.model-qwen3.5-9b.alpha4.0.steps100.blocks-1.cut-entropy4.0.samples20.maxnew1024.seed10086.powerMH.vllm.log,EntropyCut,5222,2026-09-09 15:57:48,72.8,116.8,1,0,0.3,0.0,63.86666666666667,0.0,0,20
/Users/jiangnanhugo/workspace/power-sharpening/Subtree-Prefetching-Power-Sharpening/case_studies/logs-entropycut/lcb_v6/2026-09-09/vllm/dataset-lcb_v6.model-qwen3.5-9b.alpha4.0.steps100.blocks-1.cut-entropy4.0.samples20.maxnew1024.seed10086.powerMH.vllm.log,EntropyCut,5235,2026-09-09 15:57:58,42.7,115.2,1,0,0.2,0.0,64.03333333333333,0.0,0,16
/Users/jiangnanhugo/workspace/power-sharpening/Subtree-Prefetching-Power-Sharpening/case_studies/logs-entropycut/lcb_v6/2026-09-09/vllm/dataset-lcb_v6.model-qwen3.5-9b.alpha4.0.steps100.blocks-1.cut-entropy4.0.samples20.maxnew1024.seed10086.powerMH.vllm.log,EntropyCut,5252,2026-09-09 15:58:08,63.2,113.5,1,0,0.2,0.0,64.2,0.0,0,24
/Users/jiangnanhugo/workspace/power-sharpening/Subtree-Prefetching-Power-Sharpening/case_studies/logs-entropycut/lcb_v6/2026-09-09/vllm/dataset-lcb_v6.model-qwen3.5-9b.alpha4.0.steps100.blocks-1.cut-entropy4.0.samples20.maxnew1024.seed10086.powerMH.vllm.log,EntropyCut,5265,2026-09-09 15:58:18,97.7,116.0,1,0,0.2,0.0,64.36666666666666,0.0,0,20
/Users/jiangnanhugo/workspace/power-sharpening/Subtree-Prefetching-Power-Sharpening/case_studies/logs-entropycut/lcb_v6/2026-09-09/vllm/dataset-lcb_v6.model-qwen3.5-9b.alpha4.0.steps100.blocks-1.cut-entropy4.0.samples20.maxnew1024.seed10086.powerMH.vllm.log,EntropyCut,5270,2026-09-09 15:58:28,34.1,117.1,1,0,0.4,0.0,64.53333333333333,0.0,0,16
/Users/jiangnanhugo/workspace/power-sharpening/Subtree-Prefetching-Power-Sharpening/case_studies/logs-entropycut/lcb_v6/2026-09-09/vllm/dataset-lcb_v6.model-qwen3.5-9b.alpha4.0.steps100.blocks-1.cut-entropy4.0.samples20.maxnew1024.seed10086.powerMH.vllm.log,EntropyCut,5287,2026-09-09 15:58:38,108.4,113.5,1,0,0.2,0.0,64.7,0.0,0,24
/Users/jiangnanhugo/workspace/power-sharpening/Subtree-Prefetching-Power-Sharpening/case_studies/logs-entropycut/lcb_v6/2026-09-09/vllm/dataset-lcb_v6.model-qwen3.5-9b.alpha4.0.steps100.blocks-1.cut-entropy4.0.samples20.maxnew1024.seed10086.powerMH.vllm.log,EntropyCut,5296,2026-09-09 15:58:48,26.9,110.4,1,0,0.3,0.0,64.86666666666666,0.0,0,16
/Users/jiangnanhugo/workspace/power-sharpening/Subtree-Prefetching-Power-Sharpening/case_studies/logs-entropycut/lcb_v6/2026-09-09/vllm/dataset-lcb_v6.model-qwen3.5-9b.alpha4.0.steps100.blocks-1.cut-entropy4.0.samples20.maxnew1024.seed10086.powerMH.vllm.log,EntropyCut,5309,2026-09-09 15:58:58,24.4,112.6,1,0,0.3,0.0,65.03333333333333,0.0,0,16
/Users/jiangnanhugo/workspace/power-sharpening/Subtree-Prefetching-Power-Sharpening/case_studies/logs-entropycut/lcb_v6/2026-09-09/vllm/dataset-lcb_v6.model-qwen3.5-9b.alpha4.0.steps100.blocks-1.cut-entropy4.0.samples20.maxnew1024.seed10086.powerMH.vllm.log,EntropyCut,5318,2026-09-09 15:59:08,49.1,115.1,1,0,0.3,0.0,65.2,0.0,0,16
/Users/jiangnanhugo/workspace/power-sharpening/Subtree-Prefetching-Power-Sharpening/case_studies/logs-entropycut/lcb_v6/2026-09-09/vllm/dataset-lcb_v6.model-qwen3.5-9b.alpha4.0.steps100.blocks-1.cut-entropy4.0.samples20.maxnew1024.seed10086.powerMH.vllm.log,EntropyCut,5331,2026-09-09 15:59:18,70.2,114.2,1,0,0.3,0.0,65.36666666666666,0.0,0,20
/Users/jiangnanhugo/workspace/power-sharpening/Subtree-Prefetching-Power-Sharpening/case_studies/logs-entropycut/lcb_v6/2026-09-09/vllm/dataset-lcb_v6.model-qwen3.5-9b.alpha4.0.steps100.blocks-1.cut-entropy4.0.samples20.maxnew1024.seed10086.powerMH.vllm.log,EntropyCut,5340,2026-09-09 15:59:28,49.9,115.1,1,0,0.3,0.0,65.53333333333333,0.0,0,16
/Users/jiangnanhugo/workspace/power-sharpening/Subtree-Prefetching-Power-Sharpening/case_studies/logs-entropycut/lcb_v6/2026-09-09/vllm/dataset-lcb_v6.model-qwen3.5-9b.alpha4.0.steps100.blocks-1.cut-entropy4.0.samples20.maxnew1024.seed10086.powerMH.vllm.log,EntropyCut,5454,2026-09-09 15:59:38,56.4,113.2,1,0,0.1,0.0,65.7,0.0,0,16
/Users/jiangnanhugo/workspace/power-sharpening/Subtree-Prefetching-Power-Sharpening/case_studies/logs-entropycut/lcb_v6/2026-09-09/vllm/dataset-lcb_v6.model-qwen3.5-9b.alpha4.0.steps100.blocks-1.cut-entropy4.0.samples20.maxnew1024.seed10086.powerMH.vllm.log,EntropyCut,5458,2026-09-09 15:59:48,58.7,115.3,1,0,0.2,0.0,65.86666666666666,0.0,0,16
/Users/jiangnanhugo/workspace/power-sharpening/Subtree-Prefetching-Power-Sharpening/case_studies/logs-entropycut/lcb_v6/2026-09-09/vllm/dataset-lcb_v6.model-qwen3.5-9b.alpha4.0.steps100.blocks-1.cut-entropy4.0.samples20.maxnew1024.seed10086.powerMH.vllm.log,EntropyCut,5467,2026-09-09 15:59:58,68.5,115.6,1,0,0.3,0.0,66.03333333333333,0.0,0,16
/Users/jiangnanhugo/workspace/power-sharpening/Subtree-Prefetching-Power-Sharpening/case_studies/logs-entropycut/lcb_v6/2026-09-09/vllm/dataset-lcb_v6.model-qwen3.5-9b.alpha4.0.steps100.blocks-1.cut-entropy4.0.samples20.maxnew1024.seed10086.powerMH.vllm.log,EntropyCut,5476,2026-09-09 16:00:08,19.6,115.6,1,0,0.3,0.0,66.2,0.0,0,12
/Users/jiangnanhugo/workspace/power-sharpening/Subtree-Prefetching-Power-Sharpening/case_studies/logs-entropycut/lcb_v6/2026-09-09/vllm/dataset-lcb_v6.model-qwen3.5-9b.alpha4.0.steps100.blocks-1.cut-entropy4.0.samples20.maxnew1024.seed10086.powerMH.vllm.log,EntropyCut,5493,2026-09-09 16:00:18,114.6,113.3,1,0,0.3,0.0,66.36666666666666,0.0,0,20
/Users/jiangnanhugo/workspace/power-sharpening/Subtree-Prefetching-Power-Sharpening/case_studies/logs-entropycut/lcb_v6/2026-09-09/vllm/dataset-lcb_v6.model-qwen3.5-9b.alpha4.0.steps100.blocks-1.cut-entropy4.0.samples20.maxnew1024.seed10086.powerMH.vllm.log,EntropyCut,5506,2026-09-09 16:00:28,64.1,115.2,1,0,0.3,0.0,66.53333333333333,0.0,0,16
/Users/jiangnanhugo/workspace/power-sharpening/Subtree-Prefetching-Power-Sharpening/case_studies/logs-entropycut/lcb_v6/2026-09-09/vllm/dataset-lcb_v6.model-qwen3.5-9b.alpha4.0.steps100.blocks-1.cut-entropy4.0.samples20.maxnew1024.seed10086.powerMH.vllm.log,EntropyCut,5515,2026-09-09 16:00:38,51.8,116.4,1,0,0.2,0.0,66.7,0.0,0,16
/Users/jiangnanhugo/workspace/power-sharpening/Subtree-Prefetching-Power-Sharpening/case_studies/logs-entropycut/lcb_v6/2026-09-09/vllm/dataset-lcb_v6.model-qwen3.5-9b.alpha4.0.steps100.blocks-1.cut-entropy4.0.samples20.maxnew1024.seed10086.powerMH.vllm.log,EntropyCut,5524,2026-09-09 16:00:48,37.6,116.0,1,0,0.2,0.0,66.86666666666666,0.0,0,12
/Users/jiangnanhugo/workspace/power-sharpening/Subtree-Prefetching-Power-Sharpening/case_studies/logs-entropycut/lcb_v6/2026-09-09/vllm/dataset-lcb_v6.model-qwen3.5-9b.alpha4.0.steps100.blocks-1.cut-entropy4.0.samples20.maxnew1024.seed10086.powerMH.vllm.log,EntropyCut,5533,2026-09-09 16:00:58,19.6,116.0,1,0,0.2,0.0,67.03333333333333,0.0,0,12
/Users/jiangnanhugo/workspace/power-sharpening/Subtree-Prefetching-Power-Sharpening/case_studies/logs-entropycut/lcb_v6/2026-09-09/vllm/dataset-lcb_v6.model-qwen3.5-9b.alpha4.0.steps100.blocks-1.cut-entropy4.0.samples20.maxnew1024.seed10086.powerMH.vllm.log,EntropyCut,5542,2026-09-09 16:01:08,67.6,115.3,1,0,0.2,0.0,67.2,0.0,0,16
/Users/jiangnanhugo/workspace/power-sharpening/Subtree-Prefetching-Power-Sharpening/case_studies/logs-entropycut/lcb_v6/2026-09-09/vllm/dataset-lcb_v6.model-qwen3.5-9b.alpha4.0.steps100.blocks-1.cut-entropy4.0.samples20.maxnew1024.seed10086.powerMH.vllm.log,EntropyCut,5551,2026-09-09 16:01:18,57.7,116.1,1,0,0.3,0.0,67.36666666666666,0.0,0,16
/Users/jiangnanhugo/workspace/power-sharpening/Subtree-Prefetching-Power-Sharpening/case_studies/logs-entropycut/lcb_v6/2026-09-09/vllm/dataset-lcb_v6.model-qwen3.5-9b.alpha4.0.steps100.blocks-1.cut-entropy4.0.samples20.maxnew1024.seed10086.powerMH.vllm.log,EntropyCut,5560,2026-09-09 16:01:28,31.2,116.2,1,0,0.3,0.0,67.53333333333333,0.0,0,12
/Users/jiangnanhugo/workspace/power-sharpening/Subtree-Prefetching-Power-Sharpening/case_studies/logs-entropycut/lcb_v6/2026-09-09/vllm/dataset-lcb_v6.model-qwen3.5-9b.alpha4.0.steps100.blocks-1.cut-entropy4.0.samples20.maxnew1024.seed10086.powerMH.vllm.log,EntropyCut,5573,2026-09-09 16:01:38,42.3,115.1,1,0,0.3,0.0,67.7,0.0,0,16
/Users/jiangnanhugo/workspace/power-sharpening/Subtree-Prefetching-Power-Sharpening/case_studies/logs-entropycut/lcb_v6/2026-09-09/vllm/dataset-lcb_v6.model-qwen3.5-9b.alpha4.0.steps100.blocks-1.cut-entropy4.0.samples20.maxnew1024.seed10086.powerMH.vllm.log,EntropyCut,5582,2026-09-09 16:01:48,62.8,116.2,1,0,0.3,0.0,67.86666666666666,0.0,0,16
/Users/jiangnanhugo/workspace/power-sharpening/Subtree-Prefetching-Power-Sharpening/case_studies/logs-entropycut/lcb_v6/2026-09-09/vllm/dataset-lcb_v6.model-qwen3.5-9b.alpha4.0.steps100.blocks-1.cut-entropy4.0.samples20.maxnew1024.seed10086.powerMH.vllm.log,EntropyCut,5599,2026-09-09 16:01:58,47.0,113.7,1,0,0.2,0.0,68.03333333333333,0.0,0,16
/Users/jiangnanhugo/workspace/power-sharpening/Subtree-Prefetching-Power-Sharpening/case_studies/logs-entropycut/lcb_v6/2026-09-09/vllm/dataset-lcb_v6.model-qwen3.5-9b.alpha4.0.steps100.blocks-1.cut-entropy4.0.samples20.maxnew1024.seed10086.powerMH.vllm.log,EntropyCut,5608,2026-09-09 16:02:08,78.0,115.9,1,0,0.3,0.0,68.2,0.0,0,16
/Users/jiangnanhugo/workspace/power-sharpening/Subtree-Prefetching-Power-Sharpening/case_studies/logs-entropycut/lcb_v6/2026-09-09/vllm/dataset-lcb_v6.model-qwen3.5-9b.alpha4.0.steps100.blocks-1.cut-entropy4.0.samples20.maxnew1024.seed10086.powerMH.vllm.log,EntropyCut,5625,2026-09-09 16:02:18,110.5,113.8,1,0,0.2,0.0,68.36666666666666,0.0,0,20
/Users/jiangnanhugo/workspace/power-sharpening/Subtree-Prefetching-Power-Sharpening/case_studies/logs-entropycut/lcb_v6/2026-09-09/vllm/dataset-lcb_v6.model-qwen3.5-9b.alpha4.0.steps100.blocks-1.cut-entropy4.0.samples20.maxnew1024.seed10086.powerMH.vllm.log,EntropyCut,5634,2026-09-09 16:02:28,71.6,115.8,1,0,0.2,0.0,68.53333333333333,0.0,0,16
/Users/jiangnanhugo/workspace/power-sharpening/Subtree-Prefetching-Power-Sharpening/case_studies/logs-entropycut/lcb_v6/2026-09-09/vllm/dataset-lcb_v6.model-qwen3.5-9b.alpha4.0.steps100.blocks-1.cut-entropy4.0.samples20.maxnew1024.seed10086.powerMH.vllm.log,EntropyCut,5639,2026-09-09 16:02:38,45.9,116.9,1,0,0.2,0.0,68.7,0.0,0,12
/Users/jiangnanhugo/workspace/power-sharpening/Subtree-Prefetching-Power-Sharpening/case_studies/logs-entropycut/lcb_v6/2026-09-09/vllm/dataset-lcb_v6.model-qwen3.5-9b.alpha4.0.steps100.blocks-1.cut-entropy4.0.samples20.maxnew1024.seed10086.powerMH.vllm.log,EntropyCut,5652,2026-09-09 16:02:48,61.1,115.3,1,0,0.2,0.0,68.86666666666666,0.0,0,16
/Users/jiangnanhugo/workspace/power-sharpening/Subtree-Prefetching-Power-Sharpening/case_studies/logs-entropycut/lcb_v6/2026-09-09/vllm/dataset-lcb_v6.model-qwen3.5-9b.alpha4.0.steps100.blocks-1.cut-entropy4.0.samples20.maxnew1024.seed10086.powerMH.vllm.log,EntropyCut,5669,2026-09-09 16:02:58,63.7,114.4,1,0,0.2,0.0,69.03333333333333,0.0,0,20
/Users/jiangnanhugo/workspace/power-sharpening/Subtree-Prefetching-Power-Sharpening/case_studies/logs-entropycut/lcb_v6/2026-09-09/vllm/dataset-lcb_v6.model-qwen3.5-9b.alpha4.0.steps100.blocks-1.cut-entropy4.0.samples20.maxnew1024.seed10086.powerMH.vllm.log,EntropyCut,5674,2026-09-09 16:03:08,5.9,117.5,1,0,0.2,0.0,69.2,0.0,0,8
/Users/jiangnanhugo/workspace/power-sharpening/Subtree-Prefetching-Power-Sharpening/case_studies/logs-entropycut/lcb_v6/2026-09-09/vllm/dataset-lcb_v6.model-qwen3.5-9b.alpha4.0.steps100.blocks-1.cut-entropy4.0.samples20.maxnew1024.seed10086.powerMH.vllm.log,EntropyCut,5683,2026-09-09 16:03:18,69.1,115.6,1,0,0.2,0.0,69.36666666666666,0.0,0,16
/Users/jiangnanhugo/workspace/power-sharpening/Subtree-Prefetching-Power-Sharpening/case_studies/logs-entropycut/lcb_v6/2026-09-09/vllm/dataset-lcb_v6.model-qwen3.5-9b.alpha4.0.steps100.blocks-1.cut-entropy4.0.samples20.maxnew1024.seed10086.powerMH.vllm.log,EntropyCut,5692,2026-09-09 16:03:28,18.8,115.3,1,0,0.2,0.0,69.53333333333333,0.0,0,12
/Users/jiangnanhugo/workspace/power-sharpening/Subtree-Prefetching-Power-Sharpening/case_studies/logs-entropycut/lcb_v6/2026-09-09/vllm/dataset-lcb_v6.model-qwen3.5-9b.alpha4.0.steps100.blocks-1.cut-entropy4.0.samples20.maxnew1024.seed10086.powerMH.vllm.log,EntropyCut,5705,2026-09-09 16:03:38,79.1,115.1,1,0,0.3,0.0,69.7,0.0,0,20
/Users/jiangnanhugo/workspace/power-sharpening/Subtree-Prefetching-Power-Sharpening/case_studies/logs-entropycut/lcb_v6/2026-09-09/vllm/dataset-lcb_v6.model-qwen3.5-9b.alpha4.0.steps100.blocks-1.cut-entropy4.0.samples20.maxnew1024.seed10086.powerMH.vllm.log,EntropyCut,5710,2026-09-09 16:03:48,5.9,117.2,1,0,0.3,0.0,69.86666666666666,0.0,0,8
/Users/jiangnanhugo/workspace/power-sharpening/Subtree-Prefetching-Power-Sharpening/case_studies/logs-entropycut/lcb_v6/2026-09-09/vllm/dataset-lcb_v6.model-qwen3.5-9b.alpha4.0.steps100.blocks-1.cut-entropy4.0.samples20.maxnew1024.seed10086.powerMH.vllm.log,EntropyCut,5719,2026-09-09 16:03:58,23.0,116.6,1,0,0.2,0.0,70.03333333333333,0.0,0,12
/Users/jiangnanhugo/workspace/power-sharpening/Subtree-Prefetching-Power-Sharpening/case_studies/logs-entropycut/lcb_v6/2026-09-09/vllm/dataset-lcb_v6.model-qwen3.5-9b.alpha4.0.steps100.blocks-1.cut-entropy4.0.samples20.maxnew1024.seed10086.powerMH.vllm.log,EntropyCut,5732,2026-09-09 16:04:08,43.8,115.4,1,0,0.2,0.0,70.2,0.0,0,16
/Users/jiangnanhugo/workspace/power-sharpening/Subtree-Prefetching-Power-Sharpening/case_studies/logs-entropycut/lcb_v6/2026-09-09/vllm/dataset-lcb_v6.model-qwen3.5-9b.alpha4.0.steps100.blocks-1.cut-entropy4.0.samples20.maxnew1024.seed10086.powerMH.vllm.log,EntropyCut,5741,2026-09-09 16:04:18,68.7,116.0,1,0,0.3,0.0,70.36666666666666,0.0,0,16
/Users/jiangnanhugo/workspace/power-sharpening/Subtree-Prefetching-Power-Sharpening/case_studies/logs-entropycut/lcb_v6/2026-09-09/vllm/dataset-lcb_v6.model-qwen3.5-9b.alpha4.0.steps100.blocks-1.cut-entropy4.0.samples20.maxnew1024.seed10086.powerMH.vllm.log,EntropyCut,5758,2026-09-09 16:04:28,96.1,114.4,1,0,0.2,0.0,70.53333333333333,0.0,0,20
/Users/jiangnanhugo/workspace/power-sharpening/Subtree-Prefetching-Power-Sharpening/case_studies/logs-entropycut/lcb_v6/2026-09-09/vllm/dataset-lcb_v6.model-qwen3.5-9b.alpha4.0.steps100.blocks-1.cut-entropy4.0.samples20.maxnew1024.seed10086.powerMH.vllm.log,EntropyCut,5767,2026-09-09 16:04:38,33.4,116.4,1,0,0.2,0.0,70.7,0.0,0,12
/Users/jiangnanhugo/workspace/power-sharpening/Subtree-Prefetching-Power-Sharpening/case_studies/logs-entropycut/lcb_v6/2026-09-09/vllm/dataset-lcb_v6.model-qwen3.5-9b.alpha4.0.steps100.blocks-1.cut-entropy4.0.samples20.maxnew1024.seed10086.powerMH.vllm.log,EntropyCut,5784,2026-09-09 16:04:48,84.0,114.6,1,0,0.3,0.0,70.86666666666666,0.0,0,20
/Users/jiangnanhugo/workspace/power-sharpening/Subtree-Prefetching-Power-Sharpening/case_studies/logs-entropycut/lcb_v6/2026-09-09/vllm/dataset-lcb_v6.model-qwen3.5-9b.alpha4.0.steps100.blocks-1.cut-entropy4.0.samples20.maxnew1024.seed10086.powerMH.vllm.log,EntropyCut,5801,2026-09-09 16:04:58,113.0,114.0,1,0,0.2,0.0,71.03333333333333,0.0,0,20
/Users/jiangnanhugo/workspace/power-sharpening/Subtree-Prefetching-Power-Sharpening/case_studies/logs-entropycut/lcb_v6/2026-09-09/vllm/dataset-lcb_v6.model-qwen3.5-9b.alpha4.0.steps100.blocks-1.cut-entropy4.0.samples20.maxnew1024.seed10086.powerMH.vllm.log,EntropyCut,5822,2026-09-09 16:05:08,71.2,112.3,1,0,0.2,0.0,71.2,0.0,0,20
/Users/jiangnanhugo/workspace/power-sharpening/Subtree-Prefetching-Power-Sharpening/case_studies/logs-entropycut/lcb_v6/2026-09-09/vllm/dataset-lcb_v6.model-qwen3.5-9b.alpha4.0.steps100.blocks-1.cut-entropy4.0.samples20.maxnew1024.seed10086.powerMH.vllm.log,EntropyCut,5835,2026-09-09 16:05:18,82.0,115.1,1,0,0.2,0.0,71.36666666666666,0.0,0,16
/Users/jiangnanhugo/workspace/power-sharpening/Subtree-Prefetching-Power-Sharpening/case_studies/logs-entropycut/lcb_v6/2026-09-09/vllm/dataset-lcb_v6.model-qwen3.5-9b.alpha4.0.steps100.blocks-1.cut-entropy4.0.samples20.maxnew1024.seed10086.powerMH.vllm.log,EntropyCut,5844,2026-09-09 16:05:28,20.8,116.2,1,0,0.2,0.0,71.53333333333333,0.0,0,12
/Users/jiangnanhugo/workspace/power-sharpening/Subtree-Prefetching-Power-Sharpening/case_studies/logs-entropycut/lcb_v6/2026-09-09/vllm/dataset-lcb_v6.model-qwen3.5-9b.alpha4.0.steps100.blocks-1.cut-entropy4.0.samples20.maxnew1024.seed10086.powerMH.vllm.log,EntropyCut,5857,2026-09-09 16:05:38,60.9,115.4,1,0,0.2,0.0,71.7,0.0,0,16
/Users/jiangnanhugo/workspace/power-sharpening/Subtree-Prefetching-Power-Sharpening/case_studies/logs-entropycut/lcb_v6/2026-09-09/vllm/dataset-lcb_v6.model-qwen3.5-9b.alpha4.0.steps100.blocks-1.cut-entropy4.0.samples20.maxnew1024.seed10086.powerMH.vllm.log,EntropyCut,5862,2026-09-09 16:05:48,5.9,117.4,1,0,0.3,0.0,71.86666666666666,0.0,0,12
/Users/jiangnanhugo/workspace/power-sharpening/Subtree-Prefetching-Power-Sharpening/case_studies/logs-entropycut/lcb_v6/2026-09-09/vllm/dataset-lcb_v6.model-qwen3.5-9b.alpha4.0.steps100.blocks-1.cut-entropy4.0.samples20.maxnew1024.seed10086.powerMH.vllm.log,EntropyCut,5879,2026-09-09 16:05:58,105.0,113.8,1,0,0.2,0.0,72.03333333333333,0.0,0,20
/Users/jiangnanhugo/workspace/power-sharpening/Subtree-Prefetching-Power-Sharpening/case_studies/logs-entropycut/lcb_v6/2026-09-09/vllm/dataset-lcb_v6.model-qwen3.5-9b.alpha4.0.steps100.blocks-1.cut-entropy4.0.samples20.maxnew1024.seed10086.powerMH.vllm.log,EntropyCut,5946,2026-09-09 16:06:08,97.0,113.0,1,0,0.2,0.0,72.2,0.0,0,20
/Users/jiangnanhugo/workspace/power-sharpening/Subtree-Prefetching-Power-Sharpening/case_studies/logs-entropycut/lcb_v6/2026-09-09/vllm/dataset-lcb_v6.model-qwen3.5-9b.alpha4.0.steps100.blocks-1.cut-entropy4.0.samples20.maxnew1024.seed10086.powerMH.vllm.log,EntropyCut,5950,2026-09-09 16:06:18,48.9,117.2,1,0,0.2,0.0,72.36666666666666,0.0,0,12
/Users/jiangnanhugo/workspace/power-sharpening/Subtree-Prefetching-Power-Sharpening/case_studies/logs-entropycut/lcb_v6/2026-09-09/vllm/dataset-lcb_v6.model-qwen3.5-9b.alpha4.0.steps100.blocks-1.cut-entropy4.0.samples20.maxnew1024.seed10086.powerMH.vllm.log,EntropyCut,5959,2026-09-09 16:06:28,101.9,115.6,1,0,0.2,0.0,72.53333333333333,0.0,0,20
/Users/jiangnanhugo/workspace/power-sharpening/Subtree-Prefetching-Power-Sharpening/case_studies/logs-entropycut/lcb_v6/2026-09-09/vllm/dataset-lcb_v6.model-qwen3.5-9b.alpha4.0.steps100.blocks-1.cut-entropy4.0.samples20.maxnew1024.seed10086.powerMH.vllm.log,EntropyCut,5964,2026-09-09 16:06:38,48.9,117.3,1,0,0.3,0.0,72.7,0.0,0,16
/Users/jiangnanhugo/workspace/power-sharpening/Subtree-Prefetching-Power-Sharpening/case_studies/logs-entropycut/lcb_v6/2026-09-09/vllm/dataset-lcb_v6.model-qwen3.5-9b.alpha4.0.steps100.blocks-1.cut-entropy4.0.samples20.maxnew1024.seed10086.powerMH.vllm.log,EntropyCut,5969,2026-09-09 16:06:48,40.3,116.7,1,0,0.3,0.0,72.86666666666666,0.0,0,12
/Users/jiangnanhugo/workspace/power-sharpening/Subtree-Prefetching-Power-Sharpening/case_studies/logs-entropycut/lcb_v6/2026-09-09/vllm/dataset-lcb_v6.model-qwen3.5-9b.alpha4.0.steps100.blocks-1.cut-entropy4.0.samples20.maxnew1024.seed10086.powerMH.vllm.log,EntropyCut,5978,2026-09-09 16:06:58,90.5,116.1,1,0,0.1,0.0,73.03333333333333,0.0,0,16
/Users/jiangnanhugo/workspace/power-sharpening/Subtree-Prefetching-Power-Sharpening/case_studies/logs-entropycut/lcb_v6/2026-09-09/vllm/dataset-lcb_v6.model-qwen3.5-9b.alpha4.0.steps100.blocks-1.cut-entropy4.0.samples20.maxnew1024.seed10086.powerMH.vllm.log,EntropyCut,5983,2026-09-09 16:07:08,49.3,117.1,1,0,0.2,0.0,73.2,0.0,0,16
/Users/jiangnanhugo/workspace/power-sharpening/Subtree-Prefetching-Power-Sharpening/case_studies/logs-entropycut/lcb_v6/2026-09-09/vllm/dataset-lcb_v6.model-qwen3.5-9b.alpha4.0.steps100.blocks-1.cut-entropy4.0.samples20.maxnew1024.seed10086.powerMH.vllm.log,EntropyCut,5992,2026-09-09 16:07:18,98.8,116.0,1,0,0.1,0.0,73.36666666666666,0.0,0,16
/Users/jiangnanhugo/workspace/power-sharpening/Subtree-Prefetching-Power-Sharpening/case_studies/logs-entropycut/lcb_v6/2026-09-09/vllm/dataset-lcb_v6.model-qwen3.5-9b.alpha4.0.steps100.blocks-1.cut-entropy4.0.samples20.maxnew1024.seed10086.powerMH.vllm.log,EntropyCut,5997,2026-09-09 16:07:28,52.4,117.1,1,0,0.2,0.0,73.53333333333333,0.0,0,16
/Users/jiangnanhugo/workspace/power-sharpening/Subtree-Prefetching-Power-Sharpening/case_studies/logs-entropycut/lcb_v6/2026-09-09/vllm/dataset-lcb_v6.model-qwen3.5-9b.alpha4.0.steps100.blocks-1.cut-entropy4.0.samples20.maxnew1024.seed10086.powerMH.vllm.log,EntropyCut,6002,2026-09-09 16:07:38,49.3,116.9,1,0,0.2,0.0,73.7,0.0,0,12
/Users/jiangnanhugo/workspace/power-sharpening/Subtree-Prefetching-Power-Sharpening/case_studies/logs-entropycut/lcb_v6/2026-09-09/vllm/dataset-lcb_v6.model-qwen3.5-9b.alpha4.0.steps100.blocks-1.cut-entropy4.0.samples20.maxnew1024.seed10086.powerMH.vllm.log,EntropyCut,6007,2026-09-09 16:07:48,40.5,117.6,1,0,0.3,0.0,73.86666666666666,0.0,0,16
/Users/jiangnanhugo/workspace/power-sharpening/Subtree-Prefetching-Power-Sharpening/case_studies/logs-entropycut/lcb_v6/2026-09-09/vllm/dataset-lcb_v6.model-qwen3.5-9b.alpha4.0.steps100.blocks-1.cut-entropy4.0.samples20.maxnew1024.seed10086.powerMH.vllm.log,EntropyCut,6016,2026-09-09 16:07:58,97.8,116.4,1,0,0.1,0.0,74.03333333333333,0.0,0,16
/Users/jiangnanhugo/workspace/power-sharpening/Subtree-Prefetching-Power-Sharpening/case_studies/logs-entropycut/lcb_v6/2026-09-09/vllm/dataset-lcb_v6.model-qwen3.5-9b.alpha4.0.steps100.blocks-1.cut-entropy4.0.samples20.maxnew1024.seed10086.powerMH.vllm.log,EntropyCut,6021,2026-09-09 16:08:08,49.3,117.4,1,0,0.2,0.0,74.2,0.0,0,16
/Users/jiangnanhugo/workspace/power-sharpening/Subtree-Prefetching-Power-Sharpening/case_studies/logs-entropycut/lcb_v6/2026-09-09/vllm/dataset-lcb_v6.model-qwen3.5-9b.alpha4.0.steps100.blocks-1.cut-entropy4.0.samples20.maxnew1024.seed10086.powerMH.vllm.log,EntropyCut,6026,2026-09-09 16:08:18,51.7,117.2,1,0,0.2,0.0,74.36666666666666,0.0,0,12
/Users/jiangnanhugo/workspace/power-sharpening/Subtree-Prefetching-Power-Sharpening/case_studies/logs-entropycut/lcb_v6/2026-09-09/vllm/dataset-lcb_v6.model-qwen3.5-9b.alpha4.0.steps100.blocks-1.cut-entropy4.0.samples20.maxnew1024.seed10086.powerMH.vllm.log,EntropyCut,6031,2026-09-09 16:08:28,49.3,116.8,1,0,0.3,0.0,74.53333333333333,0.0,0,16
/Users/jiangnanhugo/workspace/power-sharpening/Subtree-Prefetching-Power-Sharpening/case_studies/logs-entropycut/lcb_v6/2026-09-09/vllm/dataset-lcb_v6.model-qwen3.5-9b.alpha4.0.steps100.blocks-1.cut-entropy4.0.samples20.maxnew1024.seed10086.powerMH.vllm.log,EntropyCut,6036,2026-09-09 16:08:38,40.5,117.0,1,0,0.3,0.0,74.7,0.0,0,12
/Users/jiangnanhugo/workspace/power-sharpening/Subtree-Prefetching-Power-Sharpening/case_studies/logs-entropycut/lcb_v6/2026-09-09/vllm/dataset-lcb_v6.model-qwen3.5-9b.alpha4.0.steps100.blocks-1.cut-entropy4.0.samples20.maxnew1024.seed10086.powerMH.vllm.log,EntropyCut,6045,2026-09-09 16:08:48,100.9,115.6,1,0,0.2,0.0,74.86666666666666,0.0,0,20
/Users/jiangnanhugo/workspace/power-sharpening/Subtree-Prefetching-Power-Sharpening/case_studies/logs-entropycut/lcb_v6/2026-09-09/vllm/dataset-lcb_v6.model-qwen3.5-9b.alpha4.0.steps100.blocks-1.cut-entropy4.0.samples20.maxnew1024.seed10086.powerMH.vllm.log,EntropyCut,6050,2026-09-09 16:08:58,49.3,116.8,1,0,0.2,0.0,75.03333333333333,0.0,0,12
/Users/jiangnanhugo/workspace/power-sharpening/Subtree-Prefetching-Power-Sharpening/case_studies/logs-entropycut/lcb_v6/2026-09-09/vllm/dataset-lcb_v6.model-qwen3.5-9b.alpha4.0.steps100.blocks-1.cut-entropy4.0.samples20.maxnew1024.seed10086.powerMH.vllm.log,EntropyCut,6055,2026-09-09 16:09:08,49.3,116.8,1,0,0.3,0.0,75.2,0.0,0,16
/Users/jiangnanhugo/workspace/power-sharpening/Subtree-Prefetching-Power-Sharpening/case_studies/logs-entropycut/lcb_v6/2026-09-09/vllm/dataset-lcb_v6.model-qwen3.5-9b.alpha4.0.steps100.blocks-1.cut-entropy4.0.samples20.maxnew1024.seed10086.powerMH.vllm.log,EntropyCut,6060,2026-09-09 16:09:18,40.5,116.7,1,0,0.3,0.0,75.36666666666666,0.0,0,12
/Users/jiangnanhugo/workspace/power-sharpening/Subtree-Prefetching-Power-Sharpening/case_studies/logs-entropycut/lcb_v6/2026-09-09/vllm/dataset-lcb_v6.model-qwen3.5-9b.alpha4.0.steps100.blocks-1.cut-entropy4.0.samples20.maxnew1024.seed10086.powerMH.vllm.log,EntropyCut,6069,2026-09-09 16:09:28,42.8,115.8,1,0,0.2,0.0,75.53333333333333,0.0,0,16
/Users/jiangnanhugo/workspace/power-sharpening/Subtree-Prefetching-Power-Sharpening/case_studies/logs-entropycut/lcb_v6/2026-09-09/vllm/dataset-lcb_v6.model-qwen3.5-9b.alpha4.0.steps100.blocks-1.cut-entropy4.0.samples20.maxnew1024.seed10086.powerMH.vllm.log,EntropyCut,6074,2026-09-09 16:09:38,49.3,117.1,1,0,0.2,0.0,75.7,0.0,0,12
/Users/jiangnanhugo/workspace/power-sharpening/Subtree-Prefetching-Power-Sharpening/case_studies/logs-entropycut/lcb_v6/2026-09-09/vllm/dataset-lcb_v6.model-qwen3.5-9b.alpha4.0.steps100.blocks-1.cut-entropy4.0.samples20.maxnew1024.seed10086.powerMH.vllm.log,EntropyCut,6079,2026-09-09 16:09:48,49.9,117.1,1,0,0.3,0.0,75.86666666666666,0.0,0,16
/Users/jiangnanhugo/workspace/power-sharpening/Subtree-Prefetching-Power-Sharpening/case_studies/logs-entropycut/lcb_v6/2026-09-09/vllm/dataset-lcb_v6.model-qwen3.5-9b.alpha4.0.steps100.blocks-1.cut-entropy4.0.samples20.maxnew1024.seed10086.powerMH.vllm.log,EntropyCut,6084,2026-09-09 16:09:58,49.9,116.9,1,0,0.3,0.0,76.03333333333333,0.0,0,12
/Users/jiangnanhugo/workspace/power-sharpening/Subtree-Prefetching-Power-Sharpening/case_studies/logs-entropycut/lcb_v6/2026-09-09/vllm/dataset-lcb_v6.model-qwen3.5-9b.alpha4.0.steps100.blocks-1.cut-entropy4.0.samples20.maxnew1024.seed10086.powerMH.vllm.log,EntropyCut,6093,2026-09-09 16:10:08,89.6,115.9,1,0,0.2,0.0,76.2,0.0,0,20
/Users/jiangnanhugo/workspace/power-sharpening/Subtree-Prefetching-Power-Sharpening/case_studies/logs-entropycut/lcb_v6/2026-09-09/vllm/dataset-lcb_v6.model-qwen3.5-9b.alpha4.0.steps100.blocks-1.cut-entropy4.0.samples20.maxnew1024.seed10086.powerMH.vllm.log,EntropyCut,6098,2026-09-09 16:10:18,50.5,117.4,1,0,0.2,0.0,76.36666666666666,0.0,0,12
/Users/jiangnanhugo/workspace/power-sharpening/Subtree-Prefetching-Power-Sharpening/case_studies/logs-entropycut/lcb_v6/2026-09-09/vllm/dataset-lcb_v6.model-qwen3.5-9b.alpha4.0.steps100.blocks-1.cut-entropy4.0.samples20.maxnew1024.seed10086.powerMH.vllm.log,EntropyCut,6103,2026-09-09 16:10:28,48.5,117.7,1,0,0.2,0.0,76.53333333333333,0.0,0,12
/Users/jiangnanhugo/workspace/power-sharpening/Subtree-Prefetching-Power-Sharpening/case_studies/logs-entropycut/lcb_v6/2026-09-09/vllm/dataset-lcb_v6.model-qwen3.5-9b.alpha4.0.steps100.blocks-1.cut-entropy4.0.samples20.maxnew1024.seed10086.powerMH.vllm.log,EntropyCut,6108,2026-09-09 16:10:38,50.5,117.3,1,0,0.3,0.0,76.7,0.0,0,16
/Users/jiangnanhugo/workspace/power-sharpening/Subtree-Prefetching-Power-Sharpening/case_studies/logs-entropycut/lcb_v6/2026-09-09/vllm/dataset-lcb_v6.model-qwen3.5-9b.alpha4.0.steps100.blocks-1.cut-entropy4.0.samples20.maxnew1024.seed10086.powerMH.vllm.log,EntropyCut,6117,2026-09-09 16:10:48,98.4,116.5,1,0,0.2,0.0,76.86666666666666,0.0,0,20
/Users/jiangnanhugo/workspace/power-sharpening/Subtree-Prefetching-Power-Sharpening/case_studies/logs-entropycut/lcb_v6/2026-09-09/vllm/dataset-lcb_v6.model-qwen3.5-9b.alpha4.0.steps100.blocks-1.cut-entropy4.0.samples20.maxnew1024.seed10086.powerMH.vllm.log,EntropyCut,6122,2026-09-09 16:10:58,49.9,116.8,1,0,0.2,0.0,77.03333333333333,0.0,0,12
/Users/jiangnanhugo/workspace/power-sharpening/Subtree-Prefetching-Power-Sharpening/case_studies/logs-entropycut/lcb_v6/2026-09-09/vllm/dataset-lcb_v6.model-qwen3.5-9b.alpha4.0.steps100.blocks-1.cut-entropy4.0.samples20.maxnew1024.seed10086.powerMH.vllm.log,EntropyCut,6127,2026-09-09 16:11:08,40.5,117.5,1,0,0.2,0.0,77.2,0.0,0,12
/Users/jiangnanhugo/workspace/power-sharpening/Subtree-Prefetching-Power-Sharpening/case_studies/logs-entropycut/lcb_v6/2026-09-09/vllm/dataset-lcb_v6.model-qwen3.5-9b.alpha4.0.steps100.blocks-1.cut-entropy4.0.samples20.maxnew1024.seed10086.powerMH.vllm.log,EntropyCut,6132,2026-09-09 16:11:18,50.5,117.4,1,0,0.3,0.0,77.36666666666666,0.0,0,16
/Users/jiangnanhugo/workspace/power-sharpening/Subtree-Prefetching-Power-Sharpening/case_studies/logs-entropycut/lcb_v6/2026-09-09/vllm/dataset-lcb_v6.model-qwen3.5-9b.alpha4.0.steps100.blocks-1.cut-entropy4.0.samples20.maxnew1024.seed10086.powerMH.vllm.log,EntropyCut,6141,2026-09-09 16:11:28,98.6,116.0,1,0,0.2,0.0,77.53333333333333,0.0,0,20
/Users/jiangnanhugo/workspace/power-sharpening/Subtree-Prefetching-Power-Sharpening/case_studies/logs-entropycut/lcb_v6/2026-09-09/vllm/dataset-lcb_v6.model-qwen3.5-9b.alpha4.0.steps100.blocks-1.cut-entropy4.0.samples20.maxnew1024.seed10086.powerMH.vllm.log,EntropyCut,6146,2026-09-09 16:11:38,49.3,117.5,1,0,0.2,0.0,77.7,0.0,0,12
/Users/jiangnanhugo/workspace/power-sharpening/Subtree-Prefetching-Power-Sharpening/case_studies/logs-entropycut/lcb_v6/2026-09-09/vllm/dataset-lcb_v6.model-qwen3.5-9b.alpha4.0.steps100.blocks-1.cut-entropy4.0.samples20.maxnew1024.seed10086.powerMH.vllm.log,EntropyCut,6151,2026-09-09 16:11:48,42.5,117.2,1,0,0.2,0.0,77.86666666666666,0.0,0,12
/Users/jiangnanhugo/workspace/power-sharpening/Subtree-Prefetching-Power-Sharpening/case_studies/logs-entropycut/lcb_v6/2026-09-09/vllm/dataset-lcb_v6.model-qwen3.5-9b.alpha4.0.steps100.blocks-1.cut-entropy4.0.samples20.maxnew1024.seed10086.powerMH.vllm.log,EntropyCut,6156,2026-09-09 16:11:58,40.3,117.5,1,0,0.3,0.0,78.03333333333333,0.0,0,16
/Users/jiangnanhugo/workspace/power-sharpening/Subtree-Prefetching-Power-Sharpening/case_studies/logs-entropycut/lcb_v6/2026-09-09/vllm/dataset-lcb_v6.model-qwen3.5-9b.alpha4.0.steps100.blocks-1.cut-entropy4.0.samples20.maxnew1024.seed10086.powerMH.vllm.log,EntropyCut,6165,2026-09-09 16:12:08,50.5,116.2,1,0,0.2,0.0,78.2,0.0,0,12
/Users/jiangnanhugo/workspace/power-sharpening/Subtree-Prefetching-Power-Sharpening/case_studies/logs-entropycut/lcb_v6/2026-09-09/vllm/dataset-lcb_v6.model-qwen3.5-9b.alpha4.0.steps100.blocks-1.cut-entropy4.0.samples20.maxnew1024.seed10086.powerMH.vllm.log,EntropyCut,6170,2026-09-09 16:12:18,41.3,117.4,1,0,0.3,0.0,78.36666666666666,0.0,0,16
/Users/jiangnanhugo/workspace/power-sharpening/Subtree-Prefetching-Power-Sharpening/case_studies/logs-entropycut/lcb_v6/2026-09-09/vllm/dataset-lcb_v6.model-qwen3.5-9b.alpha4.0.steps100.blocks-1.cut-entropy4.0.samples20.maxnew1024.seed10086.powerMH.vllm.log,EntropyCut,6175,2026-09-09 16:12:28,40.3,117.5,1,0,0.3,0.0,78.53333333333333,0.0,0,12
/Users/jiangnanhugo/workspace/power-sharpening/Subtree-Prefetching-Power-Sharpening/case_studies/logs-entropycut/lcb_v6/2026-09-09/vllm/dataset-lcb_v6.model-qwen3.5-9b.alpha4.0.steps100.blocks-1.cut-entropy4.0.samples20.maxnew1024.seed10086.powerMH.vllm.log,EntropyCut,6184,2026-09-09 16:12:38,100.0,116.0,1,0,0.2,0.0,78.7,0.0,0,20
/Users/jiangnanhugo/workspace/power-sharpening/Subtree-Prefetching-Power-Sharpening/case_studies/logs-entropycut/lcb_v6/2026-09-09/vllm/dataset-lcb_v6.model-qwen3.5-9b.alpha4.0.steps100.blocks-1.cut-entropy4.0.samples20.maxnew1024.seed10086.powerMH.vllm.log,EntropyCut,6189,2026-09-09 16:12:48,51.7,116.9,1,0,0.2,0.0,78.86666666666666,0.0,0,12
/Users/jiangnanhugo/workspace/power-sharpening/Subtree-Prefetching-Power-Sharpening/case_studies/logs-entropycut/lcb_v6/2026-09-09/vllm/dataset-lcb_v6.model-qwen3.5-9b.alpha4.0.steps100.blocks-1.cut-entropy4.0.samples20.maxnew1024.seed10086.powerMH.vllm.log,EntropyCut,6194,2026-09-09 16:12:58,49.3,117.2,1,0,0.3,0.0,79.03333333333333,0.0,0,16
/Users/jiangnanhugo/workspace/power-sharpening/Subtree-Prefetching-Power-Sharpening/case_studies/logs-entropycut/lcb_v6/2026-09-09/vllm/dataset-lcb_v6.model-qwen3.5-9b.alpha4.0.steps100.blocks-1.cut-entropy4.0.samples20.maxnew1024.seed10086.powerMH.vllm.log,EntropyCut,6199,2026-09-09 16:13:08,49.3,117.2,1,0,0.3,0.0,79.2,0.0,0,12
/Users/jiangnanhugo/workspace/power-sharpening/Subtree-Prefetching-Power-Sharpening/case_studies/logs-entropycut/lcb_v6/2026-09-09/vllm/dataset-lcb_v6.model-qwen3.5-9b.alpha4.0.steps100.blocks-1.cut-entropy4.0.samples20.maxnew1024.seed10086.powerMH.vllm.log,EntropyCut,6208,2026-09-09 16:13:18,98.6,116.3,1,0,0.2,0.0,79.36666666666666,0.0,0,20
/Users/jiangnanhugo/workspace/power-sharpening/Subtree-Prefetching-Power-Sharpening/case_studies/logs-entropycut/lcb_v6/2026-09-09/vllm/dataset-lcb_v6.model-qwen3.5-9b.alpha4.0.steps100.blocks-1.cut-entropy4.0.samples20.maxnew1024.seed10086.powerMH.vllm.log,EntropyCut,6213,2026-09-09 16:13:28,41.3,117.1,1,0,0.2,0.0,79.53333333333333,0.0,0,12
/Users/jiangnanhugo/workspace/power-sharpening/Subtree-Prefetching-Power-Sharpening/case_studies/logs-entropycut/lcb_v6/2026-09-09/vllm/dataset-lcb_v6.model-qwen3.5-9b.alpha4.0.steps100.blocks-1.cut-entropy4.0.samples20.maxnew1024.seed10086.powerMH.vllm.log,EntropyCut,6218,2026-09-09 16:13:38,40.5,117.7,1,0,0.2,0.0,79.7,25.0,3,12
/Users/jiangnanhugo/workspace/power-sharpening/Subtree-Prefetching-Power-Sharpening/case_studies/logs-entropycut/lcb_v6/2026-09-09/vllm/dataset-lcb_v6.model-qwen3.5-9b.alpha4.0.steps100.blocks-1.cut-entropy4.0.samples20.maxnew1024.seed10086.powerMH.vllm.log,EntropyCut,6223,2026-09-09 16:13:48,40.5,117.4,1,0,0.3,0.0,79.86666666666666,75.0,12,16
/Users/jiangnanhugo/workspace/power-sharpening/Subtree-Prefetching-Power-Sharpening/case_studies/logs-entropycut/lcb_v6/2026-09-09/vllm/dataset-lcb_v6.model-qwen3.5-9b.alpha4.0.steps100.blocks-1.cut-entropy4.0.samples20.maxnew1024.seed10086.powerMH.vllm.log,EntropyCut,6232,2026-09-09 16:13:58,98.6,116.3,1,0,0.1,0.0,80.03333333333333,50.0,8,16
/Users/jiangnanhugo/workspace/power-sharpening/Subtree-Prefetching-Power-Sharpening/case_studies/logs-entropycut/lcb_v6/2026-09-09/vllm/dataset-lcb_v6.model-qwen3.5-9b.alpha4.0.steps100.blocks-1.cut-entropy4.0.samples20.maxnew1024.seed10086.powerMH.vllm.log,EntropyCut,6237,2026-09-09 16:14:08,49.3,117.2,1,0,0.2,0.0,80.2,75.0,12,16
/Users/jiangnanhugo/workspace/power-sharpening/Subtree-Prefetching-Power-Sharpening/case_studies/logs-entropycut/lcb_v6/2026-09-09/vllm/dataset-lcb_v6.model-qwen3.5-9b.alpha4.0.steps100.blocks-1.cut-entropy4.0.samples20.maxnew1024.seed10086.powerMH.vllm.log,EntropyCut,6242,2026-09-09 16:14:18,50.5,117.1,1,0,0.2,0.0,80.36666666666666,66.666667,8,12
/Users/jiangnanhugo/workspace/power-sharpening/Subtree-Prefetching-Power-Sharpening/case_studies/logs-entropycut/lcb_v6/2026-09-09/vllm/dataset-lcb_v6.model-qwen3.5-9b.alpha4.0.steps100.blocks-1.cut-entropy4.0.samples20.maxnew1024.seed10086.powerMH.vllm.log,EntropyCut,6247,2026-09-09 16:14:28,48.5,117.2,1,0,0.3,0.0,80.53333333333333,75.0,12,16
/Users/jiangnanhugo/workspace/power-sharpening/Subtree-Prefetching-Power-Sharpening/case_studies/logs-entropycut/lcb_v6/2026-09-09/vllm/dataset-lcb_v6.model-qwen3.5-9b.alpha4.0.steps100.blocks-1.cut-entropy4.0.samples20.maxnew1024.seed10086.powerMH.vllm.log,EntropyCut,6256,2026-09-09 16:14:38,100.9,115.8,1,0,0.2,0.0,80.7,60.0,12,20
/Users/jiangnanhugo/workspace/power-sharpening/Subtree-Prefetching-Power-Sharpening/case_studies/logs-entropycut/lcb_v6/2026-09-09/vllm/dataset-lcb_v6.model-qwen3.5-9b.alpha4.0.steps100.blocks-1.cut-entropy4.0.samples20.maxnew1024.seed10086.powerMH.vllm.log,EntropyCut,6261,2026-09-09 16:14:48,49.0,117.4,1,0,0.2,0.0,80.86666666666666,66.666667,8,12
/Users/jiangnanhugo/workspace/power-sharpening/Subtree-Prefetching-Power-Sharpening/case_studies/logs-entropycut/lcb_v6/2026-09-09/vllm/dataset-lcb_v6.model-qwen3.5-9b.alpha4.0.steps100.blocks-1.cut-entropy4.0.samples20.maxnew1024.seed10086.powerMH.vllm.log,EntropyCut,6266,2026-09-09 16:14:58,42.5,117.5,1,0,0.2,0.0,81.03333333333333,66.666667,8,12
/Users/jiangnanhugo/workspace/power-sharpening/Subtree-Prefetching-Power-Sharpening/case_studies/logs-entropycut/lcb_v6/2026-09-09/vllm/dataset-lcb_v6.model-qwen3.5-9b.alpha4.0.steps100.blocks-1.cut-entropy4.0.samples20.maxnew1024.seed10086.powerMH.vllm.log,EntropyCut,6275,2026-09-09 16:15:08,90.2,115.8,1,0,0.2,0.0,81.2,60.0,12,20
/Users/jiangnanhugo/workspace/power-sharpening/Subtree-Prefetching-Power-Sharpening/case_studies/logs-entropycut/lcb_v6/2026-09-09/vllm/dataset-lcb_v6.model-qwen3.5-9b.alpha4.0.steps100.blocks-1.cut-entropy4.0.samples20.maxnew1024.seed10086.powerMH.vllm.log,EntropyCut,6280,2026-09-09 16:15:18,49.3,117.4,1,0,0.2,0.0,81.36666666666666,66.666667,8,12
/Users/jiangnanhugo/workspace/power-sharpening/Subtree-Prefetching-Power-Sharpening/case_studies/logs-entropycut/lcb_v6/2026-09-09/vllm/dataset-lcb_v6.model-qwen3.5-9b.alpha4.0.steps100.blocks-1.cut-entropy4.0.samples20.maxnew1024.seed10086.powerMH.vllm.log,EntropyCut,6285,2026-09-09 16:15:28,49.9,117.2,1,0,0.3,0.0,81.53333333333333,75.0,12,16
/Users/jiangnanhugo/workspace/power-sharpening/Subtree-Prefetching-Power-Sharpening/case_studies/logs-entropycut/lcb_v6/2026-09-09/vllm/dataset-lcb_v6.model-qwen3.5-9b.alpha4.0.steps100.blocks-1.cut-entropy4.0.samples20.maxnew1024.seed10086.powerMH.vllm.log,EntropyCut,6290,2026-09-09 16:15:38,40.5,117.6,1,0,0.3,0.0,81.7,66.666667,8,12
/Users/jiangnanhugo/workspace/power-sharpening/Subtree-Prefetching-Power-Sharpening/case_studies/logs-entropycut/lcb_v6/2026-09-09/vllm/dataset-lcb_v6.model-qwen3.5-9b.alpha4.0.steps100.blocks-1.cut-entropy4.0.samples20.maxnew1024.seed10086.powerMH.vllm.log,EntropyCut,6299,2026-09-09 16:15:48,83.0,116.1,1,0,0.1,0.0,81.86666666666666,50.0,8,16
/Users/jiangnanhugo/workspace/power-sharpening/Subtree-Prefetching-Power-Sharpening/case_studies/logs-entropycut/lcb_v6/2026-09-09/vllm/dataset-lcb_v6.model-qwen3.5-9b.alpha4.0.steps100.blocks-1.cut-entropy4.0.samples20.maxnew1024.seed10086.powerMH.vllm.log,EntropyCut,6304,2026-09-09 16:15:58,49.9,117.1,1,0,0.2,0.0,82.03333333333333,75.0,12,16
/Users/jiangnanhugo/workspace/power-sharpening/Subtree-Prefetching-Power-Sharpening/case_studies/logs-entropycut/lcb_v6/2026-09-09/vllm/dataset-lcb_v6.model-qwen3.5-9b.alpha4.0.steps100.blocks-1.cut-entropy4.0.samples20.maxnew1024.seed10086.powerMH.vllm.log,EntropyCut,6309,2026-09-09 16:16:08,49.3,117.2,1,0,0.2,0.0,82.2,66.666667,8,12
/Users/jiangnanhugo/workspace/power-sharpening/Subtree-Prefetching-Power-Sharpening/case_studies/logs-entropycut/lcb_v6/2026-09-09/vllm/dataset-lcb_v6.model-qwen3.5-9b.alpha4.0.steps100.blocks-1.cut-entropy4.0.samples20.maxnew1024.seed10086.powerMH.vllm.log,EntropyCut,6314,2026-09-09 16:16:18,51.7,117.1,1,0,0.3,0.0,82.36666666666666,75.0,12,16
/Users/jiangnanhugo/workspace/power-sharpening/Subtree-Prefetching-Power-Sharpening/case_studies/logs-entropycut/lcb_v6/2026-09-09/vllm/dataset-lcb_v6.model-qwen3.5-9b.alpha4.0.steps100.blocks-1.cut-entropy4.0.samples20.maxnew1024.seed10086.powerMH.vllm.log,EntropyCut,6323,2026-09-09 16:16:28,90.4,116.2,1,0,0.1,0.0,82.53333333333333,50.0,8,16
/Users/jiangnanhugo/workspace/power-sharpening/Subtree-Prefetching-Power-Sharpening/case_studies/logs-entropycut/lcb_v6/2026-09-09/vllm/dataset-lcb_v6.model-qwen3.5-9b.alpha4.0.steps100.blocks-1.cut-entropy4.0.samples20.maxnew1024.seed10086.powerMH.vllm.log,EntropyCut,6328,2026-09-09 16:16:38,51.7,117.5,1,0,0.2,0.0,82.7,75.0,12,16
/Users/jiangnanhugo/workspace/power-sharpening/Subtree-Prefetching-Power-Sharpening/case_studies/logs-entropycut/lcb_v6/2026-09-09/vllm/dataset-lcb_v6.model-qwen3.5-9b.alpha4.0.steps100.blocks-1.cut-entropy4.0.samples20.maxnew1024.seed10086.powerMH.vllm.log,EntropyCut,6333,2026-09-09 16:16:48,49.3,116.6,1,0,0.2,0.0,82.86666666666666,66.666667,8,12
/Users/jiangnanhugo/workspace/power-sharpening/Subtree-Prefetching-Power-Sharpening/case_studies/logs-entropycut/lcb_v6/2026-09-09/vllm/dataset-lcb_v6.model-qwen3.5-9b.alpha4.0.steps100.blocks-1.cut-entropy4.0.samples20.maxnew1024.seed10086.powerMH.vllm.log,EntropyCut,6338,2026-09-09 16:16:58,49.3,117.2,1,0,0.3,0.0,83.03333333333333,75.0,12,16
/Users/jiangnanhugo/workspace/power-sharpening/Subtree-Prefetching-Power-Sharpening/case_studies/logs-entropycut/lcb_v6/2026-09-09/vllm/dataset-lcb_v6.model-qwen3.5-9b.alpha4.0.steps100.blocks-1.cut-entropy4.0.samples20.maxnew1024.seed10086.powerMH.vllm.log,EntropyCut,6347,2026-09-09 16:17:08,101.0,116.1,1,0,0.2,0.0,83.2,60.0,12,20
/Users/jiangnanhugo/workspace/power-sharpening/Subtree-Prefetching-Power-Sharpening/case_studies/logs-entropycut/lcb_v6/2026-09-09/vllm/dataset-lcb_v6.model-qwen3.5-9b.alpha4.0.steps100.blocks-1.cut-entropy4.0.samples20.maxnew1024.seed10086.powerMH.vllm.log,EntropyCut,6352,2026-09-09 16:17:18,50.5,117.2,1,0,0.2,0.0,83.36666666666666,66.666667,8,12
/Users/jiangnanhugo/workspace/power-sharpening/Subtree-Prefetching-Power-Sharpening/case_studies/logs-entropycut/lcb_v6/2026-09-09/vllm/dataset-lcb_v6.model-qwen3.5-9b.alpha4.0.steps100.blocks-1.cut-entropy4.0.samples20.maxnew1024.seed10086.powerMH.vllm.log,EntropyCut,6357,2026-09-09 16:17:28,0.3,117.7,1,0,0.3,0.0,83.53333333333333,66.666667,8,12
/Users/jiangnanhugo/workspace/power-sharpening/Subtree-Prefetching-Power-Sharpening/case_studies/logs-entropycut/lcb_v6/2026-09-09/vllm/dataset-lcb_v6.model-qwen3.5-9b.alpha4.0.steps100.blocks-1.cut-entropy4.0.samples20.maxnew1024.seed10086.powerMH.vllm.log,EntropyCut,6362,2026-09-09 16:17:38,51.7,116.9,1,0,0.3,0.0,83.7,66.666667,8,12
/Users/jiangnanhugo/workspace/power-sharpening/Subtree-Prefetching-Power-Sharpening/case_studies/logs-entropycut/lcb_v6/2026-09-09/vllm/dataset-lcb_v6.model-qwen3.5-9b.alpha4.0.steps100.blocks-1.cut-entropy4.0.samples20.maxnew1024.seed10086.powerMH.vllm.log,EntropyCut,6371,2026-09-09 16:17:48,97.7,116.4,1,0,0.2,0.0,83.86666666666666,60.0,12,20
/Users/jiangnanhugo/workspace/power-sharpening/Subtree-Prefetching-Power-Sharpening/case_studies/logs-entropycut/lcb_v6/2026-09-09/vllm/dataset-lcb_v6.model-qwen3.5-9b.alpha4.0.steps100.blocks-1.cut-entropy4.0.samples20.maxnew1024.seed10086.powerMH.vllm.log,EntropyCut,6376,2026-09-09 16:17:58,49.3,117.5,1,0,0.2,0.0,84.03333333333333,66.666667,8,12
/Users/jiangnanhugo/workspace/power-sharpening/Subtree-Prefetching-Power-Sharpening/case_studies/logs-entropycut/lcb_v6/2026-09-09/vllm/dataset-lcb_v6.model-qwen3.5-9b.alpha4.0.steps100.blocks-1.cut-entropy4.0.samples20.maxnew1024.seed10086.powerMH.vllm.log,EntropyCut,6381,2026-09-09 16:18:08,49.3,117.5,1,0,0.3,0.0,84.2,75.0,12,16
/Users/jiangnanhugo/workspace/power-sharpening/Subtree-Prefetching-Power-Sharpening/case_studies/logs-entropycut/lcb_v6/2026-09-09/vllm/dataset-lcb_v6.model-qwen3.5-9b.alpha4.0.steps100.blocks-1.cut-entropy4.0.samples20.maxnew1024.seed10086.powerMH.vllm.log,EntropyCut,6386,2026-09-09 16:18:18,49.3,117.4,1,0,0.3,0.0,84.36666666666666,66.666667,8,12
/Users/jiangnanhugo/workspace/power-sharpening/Subtree-Prefetching-Power-Sharpening/case_studies/logs-entropycut/lcb_v6/2026-09-09/vllm/dataset-lcb_v6.model-qwen3.5-9b.alpha4.0.steps100.blocks-1.cut-entropy4.0.samples20.maxnew1024.seed10086.powerMH.vllm.log,EntropyCut,6395,2026-09-09 16:18:28,94.2,115.6,1,0,0.2,0.0,84.53333333333333,60.0,12,20
/Users/jiangnanhugo/workspace/power-sharpening/Subtree-Prefetching-Power-Sharpening/case_studies/logs-entropycut/lcb_v6/2026-09-09/vllm/dataset-lcb_v6.model-qwen3.5-9b.alpha4.0.steps100.blocks-1.cut-entropy4.0.samples20.maxnew1024.seed10086.powerMH.vllm.log,EntropyCut,6400,2026-09-09 16:18:38,49.5,117.5,1,0,0.2,0.0,84.7,66.666667,8,12
/Users/jiangnanhugo/workspace/power-sharpening/Subtree-Prefetching-Power-Sharpening/case_studies/logs-entropycut/lcb_v6/2026-09-09/vllm/dataset-lcb_v6.model-qwen3.5-9b.alpha4.0.steps100.blocks-1.cut-entropy4.0.samples20.maxnew1024.seed10086.powerMH.vllm.log,EntropyCut,6405,2026-09-09 16:18:48,48.5,117.6,1,0,0.3,0.0,84.86666666666666,75.0,12,16
/Users/jiangnanhugo/workspace/power-sharpening/Subtree-Prefetching-Power-Sharpening/case_studies/logs-entropycut/lcb_v6/2026-09-09/vllm/dataset-lcb_v6.model-qwen3.5-9b.alpha4.0.steps100.blocks-1.cut-entropy4.0.samples20.maxnew1024.seed10086.powerMH.vllm.log,EntropyCut,6410,2026-09-09 16:18:58,49.3,117.6,1,0,0.3,0.0,85.03333333333333,66.666667,8,12
/Users/jiangnanhugo/workspace/power-sharpening/Subtree-Prefetching-Power-Sharpening/case_studies/logs-entropycut/lcb_v6/2026-09-09/vllm/dataset-lcb_v6.model-qwen3.5-9b.alpha4.0.steps100.blocks-1.cut-entropy4.0.samples20.maxnew1024.seed10086.powerMH.vllm.log,EntropyCut,6419,2026-09-09 16:19:08,98.6,116.2,1,0,0.2,0.0,85.2,60.0,12,20
/Users/jiangnanhugo/workspace/power-sharpening/Subtree-Prefetching-Power-Sharpening/case_studies/logs-entropycut/lcb_v6/2026-09-09/vllm/dataset-lcb_v6.model-qwen3.5-9b.alpha4.0.steps100.blocks-1.cut-entropy4.0.samples20.maxnew1024.seed10086.powerMH.vllm.log,EntropyCut,6424,2026-09-09 16:19:18,52.4,117.1,1,0,0.2,0.0,85.36666666666666,66.666667,8,12
/Users/jiangnanhugo/workspace/power-sharpening/Subtree-Prefetching-Power-Sharpening/case_studies/logs-entropycut/lcb_v6/2026-09-09/vllm/dataset-lcb_v6.model-qwen3.5-9b.alpha4.0.steps100.blocks-1.cut-entropy4.0.samples20.maxnew1024.seed10086.powerMH.vllm.log,EntropyCut,6494,2026-09-09 16:19:28,36.6,114.7,1,0,0.2,0.0,85.53333333333333,66.666667,8,12
/Users/jiangnanhugo/workspace/power-sharpening/Subtree-Prefetching-Power-Sharpening/case_studies/logs-entropycut/lcb_v6/2026-09-09/vllm/dataset-lcb_v6.model-qwen3.5-9b.alpha4.0.steps100.blocks-1.cut-entropy4.0.samples20.maxnew1024.seed10086.powerMH.vllm.log,EntropyCut,6506,2026-09-09 16:19:38,221.8,108.8,1,0,0.3,0.0,85.7,58.62069,17,29
/Users/jiangnanhugo/workspace/power-sharpening/Subtree-Prefetching-Power-Sharpening/case_studies/logs-entropycut/lcb_v6/2026-09-09/vllm/dataset-lcb_v6.model-qwen3.5-9b.alpha4.0.steps100.blocks-1.cut-entropy4.0.samples20.maxnew1024.seed10086.powerMH.vllm.log,EntropyCut,6519,2026-09-09 16:19:48,58.2,114.2,1,0,0.2,0.0,85.86666666666666,25.0,4,16
/Users/jiangnanhugo/workspace/power-sharpening/Subtree-Prefetching-Power-Sharpening/case_studies/logs-entropycut/lcb_v6/2026-09-09/vllm/dataset-lcb_v6.model-qwen3.5-9b.alpha4.0.steps100.blocks-1.cut-entropy4.0.samples20.maxnew1024.seed10086.powerMH.vllm.log,EntropyCut,6524,2026-09-09 16:19:58,51.0,116.3,1,0,0.3,0.0,86.03333333333333,75.0,12,16
/Users/jiangnanhugo/workspace/power-sharpening/Subtree-Prefetching-Power-Sharpening/case_studies/logs-entropycut/lcb_v6/2026-09-09/vllm/dataset-lcb_v6.model-qwen3.5-9b.alpha4.0.steps100.blocks-1.cut-entropy4.0.samples20.maxnew1024.seed10086.powerMH.vllm.log,EntropyCut,6533,2026-09-09 16:20:08,72.1,114.7,1,0,0.2,0.0,86.2,50.0,8,16
/Users/jiangnanhugo/workspace/power-sharpening/Subtree-Prefetching-Power-Sharpening/case_studies/logs-entropycut/lcb_v6/2026-09-09/vllm/dataset-lcb_v6.model-qwen3.5-9b.alpha4.0.steps100.blocks-1.cut-entropy4.0.samples20.maxnew1024.seed10086.powerMH.vllm.log,EntropyCut,6542,2026-09-09 16:20:18,48.0,115.3,1,0,0.3,0.0,86.36666666666666,50.0,8,16
/Users/jiangnanhugo/workspace/power-sharpening/Subtree-Prefetching-Power-Sharpening/case_studies/logs-entropycut/lcb_v6/2026-09-09/vllm/dataset-lcb_v6.model-qwen3.5-9b.alpha4.0.steps100.blocks-1.cut-entropy4.0.samples20.maxnew1024.seed10086.powerMH.vllm.log,EntropyCut,6559,2026-09-09 16:20:28,63.0,113.2,1,0,0.3,0.0,86.53333333333333,20.0,4,20
/Users/jiangnanhugo/workspace/power-sharpening/Subtree-Prefetching-Power-Sharpening/case_studies/logs-entropycut/lcb_v6/2026-09-09/vllm/dataset-lcb_v6.model-qwen3.5-9b.alpha4.0.steps100.blocks-1.cut-entropy4.0.samples20.maxnew1024.seed10086.powerMH.vllm.log,EntropyCut,6572,2026-09-09 16:20:38,89.5,115.4,1,0,0.3,0.0,86.7,40.0,8,20
/Users/jiangnanhugo/workspace/power-sharpening/Subtree-Prefetching-Power-Sharpening/case_studies/logs-entropycut/lcb_v6/2026-09-09/vllm/dataset-lcb_v6.model-qwen3.5-9b.alpha4.0.steps100.blocks-1.cut-entropy4.0.samples20.maxnew1024.seed10086.powerMH.vllm.log,EntropyCut,6585,2026-09-09 16:20:48,46.0,115.8,1,0,0.3,0.0,86.86666666666666,25.0,4,16
/Users/jiangnanhugo/workspace/power-sharpening/Subtree-Prefetching-Power-Sharpening/case_studies/logs-entropycut/lcb_v6/2026-09-09/vllm/dataset-lcb_v6.model-qwen3.5-9b.alpha4.0.steps100.blocks-1.cut-entropy4.0.samples20.maxnew1024.seed10086.powerMH.vllm.log,EntropyCut,6594,2026-09-09 16:20:58,67.9,115.5,1,0,0.2,0.0,87.03333333333333,50.0,8,16
/Users/jiangnanhugo/workspace/power-sharpening/Subtree-Prefetching-Power-Sharpening/case_studies/logs-entropycut/lcb_v6/2026-09-09/vllm/dataset-lcb_v6.model-qwen3.5-9b.alpha4.0.steps100.blocks-1.cut-entropy4.0.samples20.maxnew1024.seed10086.powerMH.vllm.log,EntropyCut,6607,2026-09-09 16:21:08,36.1,115.1,1,0,0.2,0.0,87.2,25.0,4,16
/Users/jiangnanhugo/workspace/power-sharpening/Subtree-Prefetching-Power-Sharpening/case_studies/logs-entropycut/lcb_v6/2026-09-09/vllm/dataset-lcb_v6.model-qwen3.5-9b.alpha4.0.steps100.blocks-1.cut-entropy4.0.samples20.maxnew1024.seed10086.powerMH.vllm.log,EntropyCut,6616,2026-09-09 16:21:18,62.9,115.9,1,0,0.2,0.0,87.36666666666666,50.0,8,16
/Users/jiangnanhugo/workspace/power-sharpening/Subtree-Prefetching-Power-Sharpening/case_studies/logs-entropycut/lcb_v6/2026-09-09/vllm/dataset-lcb_v6.model-qwen3.5-9b.alpha4.0.steps100.blocks-1.cut-entropy4.0.samples20.maxnew1024.seed10086.powerMH.vllm.log,EntropyCut,6625,2026-09-09 16:21:28,34.9,115.5,1,0,0.3,0.0,87.53333333333333,50.0,8,16
/Users/jiangnanhugo/workspace/power-sharpening/Subtree-Prefetching-Power-Sharpening/case_studies/logs-entropycut/lcb_v6/2026-09-09/vllm/dataset-lcb_v6.model-qwen3.5-9b.alpha4.0.steps100.blocks-1.cut-entropy4.0.samples20.maxnew1024.seed10086.powerMH.vllm.log,EntropyCut,6634,2026-09-09 16:21:38,73.6,115.6,1,0,0.2,0.0,87.7,50.0,8,16
/Users/jiangnanhugo/workspace/power-sharpening/Subtree-Prefetching-Power-Sharpening/case_studies/logs-entropycut/lcb_v6/2026-09-09/vllm/dataset-lcb_v6.model-qwen3.5-9b.alpha4.0.steps100.blocks-1.cut-entropy4.0.samples20.maxnew1024.seed10086.powerMH.vllm.log,EntropyCut,6647,2026-09-09 16:21:48,103.8,114.6,1,0,0.1,0.0,87.86666666666666,40.0,8,20
/Users/jiangnanhugo/workspace/power-sharpening/Subtree-Prefetching-Power-Sharpening/case_studies/logs-entropycut/lcb_v6/2026-09-09/vllm/dataset-lcb_v6.model-qwen3.5-9b.alpha4.0.steps100.blocks-1.cut-entropy4.0.samples20.maxnew1024.seed10086.powerMH.vllm.log,EntropyCut,6656,2026-09-09 16:21:58,38.5,116.0,1,0,0.2,0.0,88.03333333333333,50.0,8,16
/Users/jiangnanhugo/workspace/power-sharpening/Subtree-Prefetching-Power-Sharpening/case_studies/logs-entropycut/lcb_v6/2026-09-09/vllm/dataset-lcb_v6.model-qwen3.5-9b.alpha4.0.steps100.blocks-1.cut-entropy4.0.samples20.maxnew1024.seed10086.powerMH.vllm.log,EntropyCut,6665,2026-09-09 16:22:08,78.0,115.5,1,0,0.2,0.0,88.2,60.0,12,20
/Users/jiangnanhugo/workspace/power-sharpening/Subtree-Prefetching-Power-Sharpening/case_studies/logs-entropycut/lcb_v6/2026-09-09/vllm/dataset-lcb_v6.model-qwen3.5-9b.alpha4.0.steps100.blocks-1.cut-entropy4.0.samples20.maxnew1024.seed10086.powerMH.vllm.log,EntropyCut,6670,2026-09-09 16:22:18,46.8,117.3,1,0,0.2,0.0,88.36666666666666,66.666667,8,12
/Users/jiangnanhugo/workspace/power-sharpening/Subtree-Prefetching-Power-Sharpening/case_studies/logs-entropycut/lcb_v6/2026-09-09/vllm/dataset-lcb_v6.model-qwen3.5-9b.alpha4.0.steps100.blocks-1.cut-entropy4.0.samples20.maxnew1024.seed10086.powerMH.vllm.log,EntropyCut,6679,2026-09-09 16:22:28,62.4,116.0,1,0,0.2,0.0,88.53333333333333,50.0,8,16
/Users/jiangnanhugo/workspace/power-sharpening/Subtree-Prefetching-Power-Sharpening/case_studies/logs-entropycut/lcb_v6/2026-09-09/vllm/dataset-lcb_v6.model-qwen3.5-9b.alpha4.0.steps100.blocks-1.cut-entropy4.0.samples20.maxnew1024.seed10086.powerMH.vllm.log,EntropyCut,6692,2026-09-09 16:22:38,62.2,114.8,1,0,0.3,0.0,88.7,40.0,8,20
/Users/jiangnanhugo/workspace/power-sharpening/Subtree-Prefetching-Power-Sharpening/case_studies/logs-entropycut/lcb_v6/2026-09-09/vllm/dataset-lcb_v6.model-qwen3.5-9b.alpha4.0.steps100.blocks-1.cut-entropy4.0.samples20.maxnew1024.seed10086.powerMH.vllm.log,EntropyCut,6701,2026-09-09 16:22:48,58.8,116.3,1,0,0.3,0.0,88.86666666666666,50.0,8,16
/Users/jiangnanhugo/workspace/power-sharpening/Subtree-Prefetching-Power-Sharpening/case_studies/logs-entropycut/lcb_v6/2026-09-09/vllm/dataset-lcb_v6.model-qwen3.5-9b.alpha4.0.steps100.blocks-1.cut-entropy4.0.samples20.maxnew1024.seed10086.powerMH.vllm.log,EntropyCut,6710,2026-09-09 16:22:58,77.9,116.4,1,0,0.2,0.0,89.03333333333333,50.0,8,16
/Users/jiangnanhugo/workspace/power-sharpening/Subtree-Prefetching-Power-Sharpening/case_studies/logs-entropycut/lcb_v6/2026-09-09/vllm/dataset-lcb_v6.model-qwen3.5-9b.alpha4.0.steps100.blocks-1.cut-entropy4.0.samples20.maxnew1024.seed10086.powerMH.vllm.log,EntropyCut,6715,2026-09-09 16:23:08,46.8,116.7,1,0,0.3,0.0,89.2,75.0,12,16
/Users/jiangnanhugo/workspace/power-sharpening/Subtree-Prefetching-Power-Sharpening/case_studies/logs-entropycut/lcb_v6/2026-09-09/vllm/dataset-lcb_v6.model-qwen3.5-9b.alpha4.0.steps100.blocks-1.cut-entropy4.0.samples20.maxnew1024.seed10086.powerMH.vllm.log,EntropyCut,6724,2026-09-09 16:23:18,82.8,115.5,1,0,0.3,0.0,89.36666666666666,50.0,8,16
/Users/jiangnanhugo/workspace/power-sharpening/Subtree-Prefetching-Power-Sharpening/case_studies/logs-entropycut/lcb_v6/2026-09-09/vllm/dataset-lcb_v6.model-qwen3.5-9b.alpha4.0.steps100.blocks-1.cut-entropy4.0.samples20.maxnew1024.seed10086.powerMH.vllm.log,EntropyCut,6733,2026-09-09 16:23:28,57.2,115.7,1,0,0.3,0.0,89.53333333333333,50.0,8,16
/Users/jiangnanhugo/workspace/power-sharpening/Subtree-Prefetching-Power-Sharpening/case_studies/logs-entropycut/lcb_v6/2026-09-09/vllm/dataset-lcb_v6.model-qwen3.5-9b.alpha4.0.steps100.blocks-1.cut-entropy4.0.samples20.maxnew1024.seed10086.powerMH.vllm.log,EntropyCut,6742,2026-09-09 16:23:38,48.8,116.1,1,0,0.2,0.0,89.7,50.0,8,16
/Users/jiangnanhugo/workspace/power-sharpening/Subtree-Prefetching-Power-Sharpening/case_studies/logs-entropycut/lcb_v6/2026-09-09/vllm/dataset-lcb_v6.model-qwen3.5-9b.alpha4.0.steps100.blocks-1.cut-entropy4.0.samples20.maxnew1024.seed10086.powerMH.vllm.log,EntropyCut,6751,2026-09-09 16:23:48,82.3,115.1,1,0,0.2,0.0,89.86666666666666,50.0,8,16
/Users/jiangnanhugo/workspace/power-sharpening/Subtree-Prefetching-Power-Sharpening/case_studies/logs-entropycut/lcb_v6/2026-09-09/vllm/dataset-lcb_v6.model-qwen3.5-9b.alpha4.0.steps100.blocks-1.cut-entropy4.0.samples20.maxnew1024.seed10086.powerMH.vllm.log,EntropyCut,6768,2026-09-09 16:23:58,101.1,113.2,1,0,0.2,0.0,90.03333333333333,33.333333,8,24
/Users/jiangnanhugo/workspace/power-sharpening/Subtree-Prefetching-Power-Sharpening/case_studies/logs-entropycut/lcb_v6/2026-09-09/vllm/dataset-lcb_v6.model-qwen3.5-9b.alpha4.0.steps100.blocks-1.cut-entropy4.0.samples20.maxnew1024.seed10086.powerMH.vllm.log,EntropyCut,6773,2026-09-09 16:24:08,27.3,116.6,0,0,0.0,0.0,90.2,66.666667,8,12
/Users/jiangnanhugo/workspace/power-sharpening/Subtree-Prefetching-Power-Sharpening/case_studies/logs-entropycut/lcb_v6/2026-09-09/vllm/dataset-lcb_v6.model-qwen3.5-9b.alpha4.0.steps100.blocks-1.cut-entropy4.0.samples20.maxnew1024.seed10086.powerMH.vllm.log,EntropyCut,6782,2026-09-09 16:24:18,59.0,115.5,1,0,0.2,0.0,90.36666666666666,50.0,8,16
/Users/jiangnanhugo/workspace/power-sharpening/Subtree-Prefetching-Power-Sharpening/case_studies/logs-entropycut/lcb_v6/2026-09-09/vllm/dataset-lcb_v6.model-qwen3.5-9b.alpha4.0.steps100.blocks-1.cut-entropy4.0.samples20.maxnew1024.seed10086.powerMH.vllm.log,EntropyCut,6795,2026-09-09 16:24:28,69.1,115.0,1,0,0.2,0.0,90.53333333333333,40.0,8,20
/Users/jiangnanhugo/workspace/power-sharpening/Subtree-Prefetching-Power-Sharpening/case_studies/logs-entropycut/lcb_v6/2026-09-09/vllm/dataset-lcb_v6.model-qwen3.5-9b.alpha4.0.steps100.blocks-1.cut-entropy4.0.samples20.maxnew1024.seed10086.powerMH.vllm.log,EntropyCut,6800,2026-09-09 16:24:38,36.7,116.8,1,0,0.3,0.0,90.7,66.666667,8,12
/Users/jiangnanhugo/workspace/power-sharpening/Subtree-Prefetching-Power-Sharpening/case_studies/logs-entropycut/lcb_v6/2026-09-09/vllm/dataset-lcb_v6.model-qwen3.5-9b.alpha4.0.steps100.blocks-1.cut-entropy4.0.samples20.maxnew1024.seed10086.powerMH.vllm.log,EntropyCut,6813,2026-09-09 16:24:48,64.2,114.7,1,0,0.3,0.0,90.86666666666666,40.0,8,20
/Users/jiangnanhugo/workspace/power-sharpening/Subtree-Prefetching-Power-Sharpening/case_studies/logs-entropycut/lcb_v6/2026-09-09/vllm/dataset-lcb_v6.model-qwen3.5-9b.alpha4.0.steps100.blocks-1.cut-entropy4.0.samples20.maxnew1024.seed10086.powerMH.vllm.log,EntropyCut,6822,2026-09-09 16:24:58,50.2,115.6,1,0,0.2,0.0,91.03333333333333,33.333333,4,12
/Users/jiangnanhugo/workspace/power-sharpening/Subtree-Prefetching-Power-Sharpening/case_studies/logs-entropycut/lcb_v6/2026-09-09/vllm/dataset-lcb_v6.model-qwen3.5-9b.alpha4.0.steps100.blocks-1.cut-entropy4.0.samples20.maxnew1024.seed10086.powerMH.vllm.log,EntropyCut,6831,2026-09-09 16:25:08,38.9,115.3,1,0,0.2,0.0,91.2,50.0,8,16
/Users/jiangnanhugo/workspace/power-sharpening/Subtree-Prefetching-Power-Sharpening/case_studies/logs-entropycut/lcb_v6/2026-09-09/vllm/dataset-lcb_v6.model-qwen3.5-9b.alpha4.0.steps100.blocks-1.cut-entropy4.0.samples20.maxnew1024.seed10086.powerMH.vllm.log,EntropyCut,6840,2026-09-09 16:25:18,78.0,115.7,1,0,0.2,0.0,91.36666666666666,60.0,12,20
/Users/jiangnanhugo/workspace/power-sharpening/Subtree-Prefetching-Power-Sharpening/case_studies/logs-entropycut/lcb_v6/2026-09-09/vllm/dataset-lcb_v6.model-qwen3.5-9b.alpha4.0.steps100.blocks-1.cut-entropy4.0.samples20.maxnew1024.seed10086.powerMH.vllm.log,EntropyCut,6845,2026-09-09 16:25:28,12.2,116.1,1,0,0.2,0.0,91.53333333333333,50.0,4,8
/Users/jiangnanhugo/workspace/power-sharpening/Subtree-Prefetching-Power-Sharpening/case_studies/logs-entropycut/lcb_v6/2026-09-09/vllm/dataset-lcb_v6.model-qwen3.5-9b.alpha4.0.steps100.blocks-1.cut-entropy4.0.samples20.maxnew1024.seed10086.powerMH.vllm.log,EntropyCut,6850,2026-09-09 16:25:38,5.9,117.2,1,0,0.3,0.0,91.7,66.666667,8,12
/Users/jiangnanhugo/workspace/power-sharpening/Subtree-Prefetching-Power-Sharpening/case_studies/logs-entropycut/lcb_v6/2026-09-09/vllm/dataset-lcb_v6.model-qwen3.5-9b.alpha4.0.steps100.blocks-1.cut-entropy4.0.samples20.maxnew1024.seed10086.powerMH.vllm.log,EntropyCut,6863,2026-09-09 16:25:48,111.9,115.0,1,0,0.1,0.0,91.86666666666666,40.0,8,20
/Users/jiangnanhugo/workspace/power-sharpening/Subtree-Prefetching-Power-Sharpening/case_studies/logs-entropycut/lcb_v6/2026-09-09/vllm/dataset-lcb_v6.model-qwen3.5-9b.alpha4.0.steps100.blocks-1.cut-entropy4.0.samples20.maxnew1024.seed10086.powerMH.vllm.log,EntropyCut,6872,2026-09-09 16:25:58,41.7,115.7,1,0,0.2,0.0,92.03333333333333,50.0,8,16
/Users/jiangnanhugo/workspace/power-sharpening/Subtree-Prefetching-Power-Sharpening/case_studies/logs-entropycut/lcb_v6/2026-09-09/vllm/dataset-lcb_v6.model-qwen3.5-9b.alpha4.0.steps100.blocks-1.cut-entropy4.0.samples20.maxnew1024.seed10086.powerMH.vllm.log,EntropyCut,6881,2026-09-09 16:26:08,92.3,115.9,1,0,0.3,0.0,92.2,60.0,12,20
/Users/jiangnanhugo/workspace/power-sharpening/Subtree-Prefetching-Power-Sharpening/case_studies/logs-entropycut/lcb_v6/2026-09-09/vllm/dataset-lcb_v6.model-qwen3.5-9b.alpha4.0.steps100.blocks-1.cut-entropy4.0.samples20.maxnew1024.seed10086.powerMH.vllm.log,EntropyCut,6890,2026-09-09 16:26:18,62.6,115.6,1,0,0.3,0.0,92.36666666666666,50.0,8,16
/Users/jiangnanhugo/workspace/power-sharpening/Subtree-Prefetching-Power-Sharpening/case_studies/logs-entropycut/lcb_v6/2026-09-09/vllm/dataset-lcb_v6.model-qwen3.5-9b.alpha4.0.steps100.blocks-1.cut-entropy4.0.samples20.maxnew1024.seed10086.powerMH.vllm.log,EntropyCut,6903,2026-09-09 16:26:28,128.4,113.8,1,0,0.3,0.0,92.53333333333333,50.0,12,24
/Users/jiangnanhugo/workspace/power-sharpening/Subtree-Prefetching-Power-Sharpening/case_studies/logs-entropycut/lcb_v6/2026-09-09/vllm/dataset-lcb_v6.model-qwen3.5-9b.alpha4.0.steps100.blocks-1.cut-entropy4.0.samples20.maxnew1024.seed10086.powerMH.vllm.log,EntropyCut,6912,2026-09-09 16:26:38,69.9,116.0,1,0,0.3,0.0,92.7,50.0,8,16
/Users/jiangnanhugo/workspace/power-sharpening/Subtree-Prefetching-Power-Sharpening/case_studies/logs-entropycut/lcb_v6/2026-09-09/vllm/dataset-lcb_v6.model-qwen3.5-9b.alpha4.0.steps100.blocks-1.cut-entropy4.0.samples20.maxnew1024.seed10086.powerMH.vllm.log,EntropyCut,6925,2026-09-09 16:26:48,125.0,114.5,1,0,0.2,0.0,92.86666666666666,50.0,12,24
/Users/jiangnanhugo/workspace/power-sharpening/Subtree-Prefetching-Power-Sharpening/case_studies/logs-entropycut/lcb_v6/2026-09-09/vllm/dataset-lcb_v6.model-qwen3.5-9b.alpha4.0.steps100.blocks-1.cut-entropy4.0.samples20.maxnew1024.seed10086.powerMH.vllm.log,EntropyCut,6938,2026-09-09 16:26:59,68.9,114.7,1,0,0.2,0.0,93.05,25.0,4,16
/Users/jiangnanhugo/workspace/power-sharpening/Subtree-Prefetching-Power-Sharpening/case_studies/logs-entropycut/lcb_v6/2026-09-09/vllm/dataset-lcb_v6.model-qwen3.5-9b.alpha4.0.steps100.blocks-1.cut-entropy4.0.samples20.maxnew1024.seed10086.powerMH.vllm.log,EntropyCut,7019,2026-09-09 16:27:09,36.5,115.2,1,0,0.2,0.0,93.21666666666667,66.666667,8,12
/Users/jiangnanhugo/workspace/power-sharpening/Subtree-Prefetching-Power-Sharpening/case_studies/logs-entropycut/lcb_v6/2026-09-09/vllm/dataset-lcb_v6.model-qwen3.5-9b.alpha4.0.steps100.blocks-1.cut-entropy4.0.samples20.maxnew1024.seed10086.powerMH.vllm.log,EntropyCut,7039,2026-09-09 16:27:19,334.4,111.5,1,0,0.3,0.0,93.38333333333334,51.219512,21,41
/Users/jiangnanhugo/workspace/power-sharpening/Subtree-Prefetching-Power-Sharpening/case_studies/logs-entropycut/lcb_v6/2026-09-09/vllm/dataset-lcb_v6.model-qwen3.5-9b.alpha4.0.steps100.blocks-1.cut-entropy4.0.samples20.maxnew1024.seed10086.powerMH.vllm.log,EntropyCut,7052,2026-09-09 16:27:29,104.3,115.2,1,0,0.2,0.0,93.55,40.0,8,20
/Users/jiangnanhugo/workspace/power-sharpening/Subtree-Prefetching-Power-Sharpening/case_studies/logs-entropycut/lcb_v6/2026-09-09/vllm/dataset-lcb_v6.model-qwen3.5-9b.alpha4.0.steps100.blocks-1.cut-entropy4.0.samples20.maxnew1024.seed10086.powerMH.vllm.log,EntropyCut,7061,2026-09-09 16:27:39,72.1,115.0,1,0,0.1,0.0,93.71666666666667,50.0,8,16
/Users/jiangnanhugo/workspace/power-sharpening/Subtree-Prefetching-Power-Sharpening/case_studies/logs-entropycut/lcb_v6/2026-09-09/vllm/dataset-lcb_v6.model-qwen3.5-9b.alpha4.0.steps100.blocks-1.cut-entropy4.0.samples20.maxnew1024.seed10086.powerMH.vllm.log,EntropyCut,7066,2026-09-09 16:27:49,25.1,117.3,1,0,0.3,0.0,93.88333333333334,75.0,12,16
/Users/jiangnanhugo/workspace/power-sharpening/Subtree-Prefetching-Power-Sharpening/case_studies/logs-entropycut/lcb_v6/2026-09-09/vllm/dataset-lcb_v6.model-qwen3.5-9b.alpha4.0.steps100.blocks-1.cut-entropy4.0.samples20.maxnew1024.seed10086.powerMH.vllm.log,EntropyCut,7075,2026-09-09 16:27:59,39.1,116.3,1,0,0.2,0.0,94.05,33.333333,4,12
/Users/jiangnanhugo/workspace/power-sharpening/Subtree-Prefetching-Power-Sharpening/case_studies/logs-entropycut/lcb_v6/2026-09-09/vllm/dataset-lcb_v6.model-qwen3.5-9b.alpha4.0.steps100.blocks-1.cut-entropy4.0.samples20.maxnew1024.seed10086.powerMH.vllm.log,EntropyCut,7080,2026-09-09 16:28:09,40.4,115.2,1,0,0.3,0.0,94.21666666666667,75.0,12,16
/Users/jiangnanhugo/workspace/power-sharpening/Subtree-Prefetching-Power-Sharpening/case_studies/logs-entropycut/lcb_v6/2026-09-09/vllm/dataset-lcb_v6.model-qwen3.5-9b.alpha4.0.steps100.blocks-1.cut-entropy4.0.samples20.maxnew1024.seed10086.powerMH.vllm.log,EntropyCut,7089,2026-09-09 16:28:19,21.6,115.9,1,0,0.2,0.0,94.38333333333334,33.333333,4,12
/Users/jiangnanhugo/workspace/power-sharpening/Subtree-Prefetching-Power-Sharpening/case_studies/logs-entropycut/lcb_v6/2026-09-09/vllm/dataset-lcb_v6.model-qwen3.5-9b.alpha4.0.steps100.blocks-1.cut-entropy4.0.samples20.maxnew1024.seed10086.powerMH.vllm.log,EntropyCut,7102,2026-09-09 16:28:29,68.0,115.2,1,0,0.2,0.0,94.55,40.0,8,20
/Users/jiangnanhugo/workspace/power-sharpening/Subtree-Prefetching-Power-Sharpening/case_studies/logs-entropycut/lcb_v6/2026-09-09/vllm/dataset-lcb_v6.model-qwen3.5-9b.alpha4.0.steps100.blocks-1.cut-entropy4.0.samples20.maxnew1024.seed10086.powerMH.vllm.log,EntropyCut,7107,2026-09-09 16:28:39,21.6,116.7,1,0,0.3,0.0,94.71666666666667,66.666667,8,12
/Users/jiangnanhugo/workspace/power-sharpening/Subtree-Prefetching-Power-Sharpening/case_studies/logs-entropycut/lcb_v6/2026-09-09/vllm/dataset-lcb_v6.model-qwen3.5-9b.alpha4.0.steps100.blocks-1.cut-entropy4.0.samples20.maxnew1024.seed10086.powerMH.vllm.log,EntropyCut,7116,2026-09-09 16:28:49,84.6,116.0,1,0,0.2,0.0,94.88333333333334,50.0,8,16
/Users/jiangnanhugo/workspace/power-sharpening/Subtree-Prefetching-Power-Sharpening/case_studies/logs-entropycut/lcb_v6/2026-09-09/vllm/dataset-lcb_v6.model-qwen3.5-9b.alpha4.0.steps100.blocks-1.cut-entropy4.0.samples20.maxnew1024.seed10086.powerMH.vllm.log,EntropyCut,7121,2026-09-09 16:28:59,18.1,117.5,1,0,0.3,0.0,95.05,66.666667,8,12
/Users/jiangnanhugo/workspace/power-sharpening/Subtree-Prefetching-Power-Sharpening/case_studies/logs-entropycut/lcb_v6/2026-09-09/vllm/dataset-lcb_v6.model-qwen3.5-9b.alpha4.0.steps100.blocks-1.cut-entropy4.0.samples20.maxnew1024.seed10086.powerMH.vllm.log,EntropyCut,7134,2026-09-09 16:29:09,102.3,115.2,1,0,0.1,0.0,95.21666666666667,40.0,8,20
/Users/jiangnanhugo/workspace/power-sharpening/Subtree-Prefetching-Power-Sharpening/case_studies/logs-entropycut/lcb_v6/2026-09-09/vllm/dataset-lcb_v6.model-qwen3.5-9b.alpha4.0.steps100.blocks-1.cut-entropy4.0.samples20.maxnew1024.seed10086.powerMH.vllm.log,EntropyCut,7139,2026-09-09 16:29:19,18.1,116.8,1,0,0.2,0.0,95.38333333333334,66.666667,8,12
/Users/jiangnanhugo/workspace/power-sharpening/Subtree-Prefetching-Power-Sharpening/case_studies/logs-entropycut/lcb_v6/2026-09-09/vllm/dataset-lcb_v6.model-qwen3.5-9b.alpha4.0.steps100.blocks-1.cut-entropy4.0.samples20.maxnew1024.seed10086.powerMH.vllm.log,EntropyCut,7144,2026-09-09 16:29:29,40.4,117.6,1,0,0.3,0.0,95.55,75.0,12,16
/Users/jiangnanhugo/workspace/power-sharpening/Subtree-Prefetching-Power-Sharpening/case_studies/logs-entropycut/lcb_v6/2026-09-09/vllm/dataset-lcb_v6.model-qwen3.5-9b.alpha4.0.steps100.blocks-1.cut-entropy4.0.samples20.maxnew1024.seed10086.powerMH.vllm.log,EntropyCut,7149,2026-09-09 16:29:39,42.8,117.6,1,0,0.3,0.0,95.71666666666667,66.666667,8,12
/Users/jiangnanhugo/workspace/power-sharpening/Subtree-Prefetching-Power-Sharpening/case_studies/logs-entropycut/lcb_v6/2026-09-09/vllm/dataset-lcb_v6.model-qwen3.5-9b.alpha4.0.steps100.blocks-1.cut-entropy4.0.samples20.maxnew1024.seed10086.powerMH.vllm.log,EntropyCut,7158,2026-09-09 16:29:49,52.9,115.8,1,0,0.3,0.0,95.88333333333334,50.0,8,16
/Users/jiangnanhugo/workspace/power-sharpening/Subtree-Prefetching-Power-Sharpening/case_studies/logs-entropycut/lcb_v6/2026-09-09/vllm/dataset-lcb_v6.model-qwen3.5-9b.alpha4.0.steps100.blocks-1.cut-entropy4.0.samples20.maxnew1024.seed10086.powerMH.vllm.log,EntropyCut,7167,2026-09-09 16:29:59,47.7,116.4,1,0,0.3,0.0,96.05,50.0,8,16
/Users/jiangnanhugo/workspace/power-sharpening/Subtree-Prefetching-Power-Sharpening/case_studies/logs-entropycut/lcb_v6/2026-09-09/vllm/dataset-lcb_v6.model-qwen3.5-9b.alpha4.0.steps100.blocks-1.cut-entropy4.0.samples20.maxnew1024.seed10086.powerMH.vllm.log,EntropyCut,7176,2026-09-09 16:30:09,12.1,115.7,1,0,0.2,0.0,96.21666666666667,33.333333,4,12
/Users/jiangnanhugo/workspace/power-sharpening/Subtree-Prefetching-Power-Sharpening/case_studies/logs-entropycut/lcb_v6/2026-09-09/vllm/dataset-lcb_v6.model-qwen3.5-9b.alpha4.0.steps100.blocks-1.cut-entropy4.0.samples20.maxnew1024.seed10086.powerMH.vllm.log,EntropyCut,7181,2026-09-09 16:30:19,18.1,117.4,1,0,0.3,0.0,96.38333333333334,66.666667,8,12
/Users/jiangnanhugo/workspace/power-sharpening/Subtree-Prefetching-Power-Sharpening/case_studies/logs-entropycut/lcb_v6/2026-09-09/vllm/dataset-lcb_v6.model-qwen3.5-9b.alpha4.0.steps100.blocks-1.cut-entropy4.0.samples20.maxnew1024.seed10086.powerMH.vllm.log,EntropyCut,7190,2026-09-09 16:30:29,49.4,116.0,1,0,0.3,0.0,96.55,50.0,8,16
/Users/jiangnanhugo/workspace/power-sharpening/Subtree-Prefetching-Power-Sharpening/case_studies/logs-entropycut/lcb_v6/2026-09-09/vllm/dataset-lcb_v6.model-qwen3.5-9b.alpha4.0.steps100.blocks-1.cut-entropy4.0.samples20.maxnew1024.seed10086.powerMH.vllm.log,EntropyCut,7199,2026-09-09 16:30:39,70.3,116.5,1,0,0.2,0.0,96.71666666666667,50.0,8,16
/Users/jiangnanhugo/workspace/power-sharpening/Subtree-Prefetching-Power-Sharpening/case_studies/logs-entropycut/lcb_v6/2026-09-09/vllm/dataset-lcb_v6.model-qwen3.5-9b.alpha4.0.steps100.blocks-1.cut-entropy4.0.samples20.maxnew1024.seed10086.powerMH.vllm.log,EntropyCut,7208,2026-09-09 16:30:49,42.8,114.9,1,0,0.2,0.0,96.88333333333334,50.0,8,16
/Users/jiangnanhugo/workspace/power-sharpening/Subtree-Prefetching-Power-Sharpening/case_studies/logs-entropycut/lcb_v6/2026-09-09/vllm/dataset-lcb_v6.model-qwen3.5-9b.alpha4.0.steps100.blocks-1.cut-entropy4.0.samples20.maxnew1024.seed10086.powerMH.vllm.log,EntropyCut,7213,2026-09-09 16:30:59,47.3,117.1,1,0,0.2,0.0,97.05,66.666667,8,12
/Users/jiangnanhugo/workspace/power-sharpening/Subtree-Prefetching-Power-Sharpening/case_studies/logs-entropycut/lcb_v6/2026-09-09/vllm/dataset-lcb_v6.model-qwen3.5-9b.alpha4.0.steps100.blocks-1.cut-entropy4.0.samples20.maxnew1024.seed10086.powerMH.vllm.log,EntropyCut,7222,2026-09-09 16:31:09,72.0,116.2,1,0,0.3,0.0,97.21666666666667,60.0,12,20
/Users/jiangnanhugo/workspace/power-sharpening/Subtree-Prefetching-Power-Sharpening/case_studies/logs-entropycut/lcb_v6/2026-09-09/vllm/dataset-lcb_v6.model-qwen3.5-9b.alpha4.0.steps100.blocks-1.cut-entropy4.0.samples20.maxnew1024.seed10086.powerMH.vllm.log,EntropyCut,7231,2026-09-09 16:31:19,89.7,115.8,1,0,0.2,0.0,97.38333333333334,50.0,8,16
/Users/jiangnanhugo/workspace/power-sharpening/Subtree-Prefetching-Power-Sharpening/case_studies/logs-entropycut/lcb_v6/2026-09-09/vllm/dataset-lcb_v6.model-qwen3.5-9b.alpha4.0.steps100.blocks-1.cut-entropy4.0.samples20.maxnew1024.seed10086.powerMH.vllm.log,EntropyCut,7240,2026-09-09 16:31:29,47.7,116.7,1,0,0.1,0.0,97.55,50.0,8,16
/Users/jiangnanhugo/workspace/power-sharpening/Subtree-Prefetching-Power-Sharpening/case_studies/logs-entropycut/lcb_v6/2026-09-09/vllm/dataset-lcb_v6.model-qwen3.5-9b.alpha4.0.steps100.blocks-1.cut-entropy4.0.samples20.maxnew1024.seed10086.powerMH.vllm.log,EntropyCut,7245,2026-09-09 16:31:39,7.3,117.5,1,0,0.2,0.0,97.71666666666667,66.666667,8,12
/Users/jiangnanhugo/workspace/power-sharpening/Subtree-Prefetching-Power-Sharpening/case_studies/logs-entropycut/lcb_v6/2026-09-09/vllm/dataset-lcb_v6.model-qwen3.5-9b.alpha4.0.steps100.blocks-1.cut-entropy4.0.samples20.maxnew1024.seed10086.powerMH.vllm.log,EntropyCut,7250,2026-09-09 16:31:49,21.6,117.0,1,0,0.3,0.0,97.88333333333334,66.666667,8,12
/Users/jiangnanhugo/workspace/power-sharpening/Subtree-Prefetching-Power-Sharpening/case_studies/logs-entropycut/lcb_v6/2026-09-09/vllm/dataset-lcb_v6.model-qwen3.5-9b.alpha4.0.steps100.blocks-1.cut-entropy4.0.samples20.maxnew1024.seed10086.powerMH.vllm.log,EntropyCut,7259,2026-09-09 16:31:59,18.2,116.6,1,0,0.2,0.0,98.05,33.333333,4,12
/Users/jiangnanhugo/workspace/power-sharpening/Subtree-Prefetching-Power-Sharpening/case_studies/logs-entropycut/lcb_v6/2026-09-09/vllm/dataset-lcb_v6.model-qwen3.5-9b.alpha4.0.steps100.blocks-1.cut-entropy4.0.samples20.maxnew1024.seed10086.powerMH.vllm.log,EntropyCut,7268,2026-09-09 16:32:09,29.7,116.1,1,0,0.2,0.0,98.21666666666667,50.0,8,16
/Users/jiangnanhugo/workspace/power-sharpening/Subtree-Prefetching-Power-Sharpening/case_studies/logs-entropycut/lcb_v6/2026-09-09/vllm/dataset-lcb_v6.model-qwen3.5-9b.alpha4.0.steps100.blocks-1.cut-entropy4.0.samples20.maxnew1024.seed10086.powerMH.vllm.log,EntropyCut,7273,2026-09-09 16:32:19,24.7,117.3,1,0,0.3,0.0,98.38333333333334,66.666667,8,12
/Users/jiangnanhugo/workspace/power-sharpening/Subtree-Prefetching-Power-Sharpening/case_studies/logs-entropycut/lcb_v6/2026-09-09/vllm/dataset-lcb_v6.model-qwen3.5-9b.alpha4.0.steps100.blocks-1.cut-entropy4.0.samples20.maxnew1024.seed10086.powerMH.vllm.log,EntropyCut,7282,2026-09-09 16:32:29,65.1,115.9,1,0,0.2,0.0,98.55,50.0,8,16
/Users/jiangnanhugo/workspace/power-sharpening/Subtree-Prefetching-Power-Sharpening/case_studies/logs-entropycut/lcb_v6/2026-09-09/vllm/dataset-lcb_v6.model-qwen3.5-9b.alpha4.0.steps100.blocks-1.cut-entropy4.0.samples20.maxnew1024.seed10086.powerMH.vllm.log,EntropyCut,7287,2026-09-09 16:32:39,40.4,117.1,1,0,0.2,0.0,98.71666666666667,66.666667,8,12
/Users/jiangnanhugo/workspace/power-sharpening/Subtree-Prefetching-Power-Sharpening/case_studies/logs-entropycut/lcb_v6/2026-09-09/vllm/dataset-lcb_v6.model-qwen3.5-9b.alpha4.0.steps100.blocks-1.cut-entropy4.0.samples20.maxnew1024.seed10086.powerMH.vllm.log,EntropyCut,7296,2026-09-09 16:32:49,65.3,116.7,1,0,0.2,0.0,98.88333333333334,60.0,12,20
/Users/jiangnanhugo/workspace/power-sharpening/Subtree-Prefetching-Power-Sharpening/case_studies/logs-entropycut/lcb_v6/2026-09-09/vllm/dataset-lcb_v6.model-qwen3.5-9b.alpha4.0.steps100.blocks-1.cut-entropy4.0.samples20.maxnew1024.seed10086.powerMH.vllm.log,EntropyCut,7301,2026-09-09 16:32:59,44.8,117.5,1,0,0.3,0.0,99.05,66.666667,8,12
/Users/jiangnanhugo/workspace/power-sharpening/Subtree-Prefetching-Power-Sharpening/case_studies/logs-entropycut/lcb_v6/2026-09-09/vllm/dataset-lcb_v6.model-qwen3.5-9b.alpha4.0.steps100.blocks-1.cut-entropy4.0.samples20.maxnew1024.seed10086.powerMH.vllm.log,EntropyCut,7310,2026-09-09 16:33:09,58.5,116.4,1,0,0.2,0.0,99.21666666666667,50.0,8,16
/Users/jiangnanhugo/workspace/power-sharpening/Subtree-Prefetching-Power-Sharpening/case_studies/logs-entropycut/lcb_v6/2026-09-09/vllm/dataset-lcb_v6.model-qwen3.5-9b.alpha4.0.steps100.blocks-1.cut-entropy4.0.samples20.maxnew1024.seed10086.powerMH.vllm.log,EntropyCut,7315,2026-09-09 16:33:19,38.3,117.3,1,0,0.3,0.0,99.38333333333334,75.0,12,16
/Users/jiangnanhugo/workspace/power-sharpening/Subtree-Prefetching-Power-Sharpening/case_studies/logs-entropycut/lcb_v6/2026-09-09/vllm/dataset-lcb_v6.model-qwen3.5-9b.alpha4.0.steps100.blocks-1.cut-entropy4.0.samples20.maxnew1024.seed10086.powerMH.vllm.log,EntropyCut,7324,2026-09-09 16:33:29,39.9,115.7,1,0,0.2,0.0,99.55,33.333333,4,12
/Users/jiangnanhugo/workspace/power-sharpening/Subtree-Prefetching-Power-Sharpening/case_studies/logs-entropycut/lcb_v6/2026-09-09/vllm/dataset-lcb_v6.model-qwen3.5-9b.alpha4.0.steps100.blocks-1.cut-entropy4.0.samples20.maxnew1024.seed10086.powerMH.vllm.log,EntropyCut,7329,2026-09-09 16:33:39,4.8,117.4,1,0,0.3,0.0,99.71666666666667,66.666667,8,12
/Users/jiangnanhugo/workspace/power-sharpening/Subtree-Prefetching-Power-Sharpening/case_studies/logs-entropycut/lcb_v6/2026-09-09/vllm/dataset-lcb_v6.model-qwen3.5-9b.alpha4.0.steps100.blocks-1.cut-entropy4.0.samples20.maxnew1024.seed10086.powerMH.vllm.log,EntropyCut,7338,2026-09-09 16:33:49,60.8,115.9,1,0,0.2,0.0,99.88333333333334,50.0,8,16
/Users/jiangnanhugo/workspace/power-sharpening/Subtree-Prefetching-Power-Sharpening/case_studies/logs-entropycut/lcb_v6/2026-09-09/vllm/dataset-lcb_v6.model-qwen3.5-9b.alpha4.0.steps100.blocks-1.cut-entropy4.0.samples20.maxnew1024.seed10086.powerMH.vllm.log,EntropyCut,7343,2026-09-09 16:33:59,7.3,117.5,1,0,0.3,0.0,100.05,66.666667,8,12
/Users/jiangnanhugo/workspace/power-sharpening/Subtree-Prefetching-Power-Sharpening/case_studies/logs-entropycut/lcb_v6/2026-09-09/vllm/dataset-lcb_v6.model-qwen3.5-9b.alpha4.0.steps100.blocks-1.cut-entropy4.0.samples20.maxnew1024.seed10086.powerMH.vllm.log,EntropyCut,7352,2026-09-09 16:34:09,12.1,114.9,1,0,0.2,0.0,100.21666666666667,33.333333,4,12
/Users/jiangnanhugo/workspace/power-sharpening/Subtree-Prefetching-Power-Sharpening/case_studies/logs-entropycut/lcb_v6/2026-09-09/vllm/dataset-lcb_v6.model-qwen3.5-9b.alpha4.0.steps100.blocks-1.cut-entropy4.0.samples20.maxnew1024.seed10086.powerMH.vllm.log,EntropyCut,7357,2026-09-09 16:34:19,4.1,116.8,1,0,0.3,0.0,100.38333333333334,66.666667,8,12
/Users/jiangnanhugo/workspace/power-sharpening/Subtree-Prefetching-Power-Sharpening/case_studies/logs-entropycut/lcb_v6/2026-09-09/vllm/dataset-lcb_v6.model-qwen3.5-9b.alpha4.0.steps100.blocks-1.cut-entropy4.0.samples20.maxnew1024.seed10086.powerMH.vllm.log,EntropyCut,7366,2026-09-09 16:34:29,19.4,115.1,1,0,0.2,0.0,100.55,33.333333,4,12
/Users/jiangnanhugo/workspace/power-sharpening/Subtree-Prefetching-Power-Sharpening/case_studies/logs-entropycut/lcb_v6/2026-09-09/vllm/dataset-lcb_v6.model-qwen3.5-9b.alpha4.0.steps100.blocks-1.cut-entropy4.0.samples20.maxnew1024.seed10086.powerMH.vllm.log,EntropyCut,7371,2026-09-09 16:34:39,18.1,117.1,1,0,0.3,0.0,100.71666666666667,66.666667,8,12
/Users/jiangnanhugo/workspace/power-sharpening/Subtree-Prefetching-Power-Sharpening/case_studies/logs-entropycut/lcb_v6/2026-09-09/vllm/dataset-lcb_v6.model-qwen3.5-9b.alpha4.0.steps100.blocks-1.cut-entropy4.0.samples20.maxnew1024.seed10086.powerMH.vllm.log,EntropyCut,7380,2026-09-09 16:34:49,60.7,116.0,1,0,0.3,0.0,100.88333333333334,50.0,8,16
/Users/jiangnanhugo/workspace/power-sharpening/Subtree-Prefetching-Power-Sharpening/case_studies/logs-entropycut/lcb_v6/2026-09-09/vllm/dataset-lcb_v6.model-qwen3.5-9b.alpha4.0.steps100.blocks-1.cut-entropy4.0.samples20.maxnew1024.seed10086.powerMH.vllm.log,EntropyCut,7389,2026-09-09 16:34:59,49.8,116.0,1,0,0.3,0.0,101.05,50.0,8,16
/Users/jiangnanhugo/workspace/power-sharpening/Subtree-Prefetching-Power-Sharpening/case_studies/logs-entropycut/lcb_v6/2026-09-09/vllm/dataset-lcb_v6.model-qwen3.5-9b.alpha4.0.steps100.blocks-1.cut-entropy4.0.samples20.maxnew1024.seed10086.powerMH.vllm.log,EntropyCut,7398,2026-09-09 16:35:09,25.4,116.1,1,0,0.2,0.0,101.21666666666667,33.333333,4,12
/Users/jiangnanhugo/workspace/power-sharpening/Subtree-Prefetching-Power-Sharpening/case_studies/logs-entropycut/lcb_v6/2026-09-09/vllm/dataset-lcb_v6.model-qwen3.5-9b.alpha4.0.steps100.blocks-1.cut-entropy4.0.samples20.maxnew1024.seed10086.powerMH.vllm.log,EntropyCut,7403,2026-09-09 16:35:19,40.4,118.5,1,0,0.3,0.0,101.38333333333334,75.0,12,16
/Users/jiangnanhugo/workspace/power-sharpening/Subtree-Prefetching-Power-Sharpening/case_studies/logs-entropycut/lcb_v6/2026-09-09/vllm/dataset-lcb_v6.model-qwen3.5-9b.alpha4.0.steps100.blocks-1.cut-entropy4.0.samples20.maxnew1024.seed10086.powerMH.vllm.log,EntropyCut,7412,2026-09-09 16:35:29,15.4,117.5,1,0,0.2,0.0,101.55,33.333333,4,12
/Users/jiangnanhugo/workspace/power-sharpening/Subtree-Prefetching-Power-Sharpening/case_studies/logs-entropycut/lcb_v6/2026-09-09/vllm/dataset-lcb_v6.model-qwen3.5-9b.alpha4.0.steps100.blocks-1.cut-entropy4.0.samples20.maxnew1024.seed10086.powerMH.vllm.log,EntropyCut,7417,2026-09-09 16:35:39,18.1,118.7,1,0,0.3,0.0,101.71666666666667,66.666667,8,12
/Users/jiangnanhugo/workspace/power-sharpening/Subtree-Prefetching-Power-Sharpening/case_studies/logs-entropycut/lcb_v6/2026-09-09/vllm/dataset-lcb_v6.model-qwen3.5-9b.alpha4.0.steps100.blocks-1.cut-entropy4.0.samples20.maxnew1024.seed10086.powerMH.vllm.log,EntropyCut,7426,2026-09-09 16:35:49,12.1,117.3,1,0,0.2,0.0,101.88333333333334,33.333333,4,12
/Users/jiangnanhugo/workspace/power-sharpening/Subtree-Prefetching-Power-Sharpening/case_studies/logs-entropycut/lcb_v6/2026-09-09/vllm/dataset-lcb_v6.model-qwen3.5-9b.alpha4.0.steps100.blocks-1.cut-entropy4.0.samples20.maxnew1024.seed10086.powerMH.vllm.log,EntropyCut,7431,2026-09-09 16:35:59,4.8,118.6,1,0,0.3,0.0,102.05,66.666667,8,12
/Users/jiangnanhugo/workspace/power-sharpening/Subtree-Prefetching-Power-Sharpening/case_studies/logs-entropycut/lcb_v6/2026-09-09/vllm/dataset-lcb_v6.model-qwen3.5-9b.alpha4.0.steps100.blocks-1.cut-entropy4.0.samples20.maxnew1024.seed10086.powerMH.vllm.log,EntropyCut,7440,2026-09-09 16:36:09,16.2,117.5,1,0,0.2,0.0,102.21666666666667,33.333333,4,12
/Users/jiangnanhugo/workspace/power-sharpening/Subtree-Prefetching-Power-Sharpening/case_studies/logs-entropycut/lcb_v6/2026-09-09/vllm/dataset-lcb_v6.model-qwen3.5-9b.alpha4.0.steps100.blocks-1.cut-entropy4.0.samples20.maxnew1024.seed10086.powerMH.vllm.log,EntropyCut,7449,2026-09-09 16:36:19,58.9,117.2,1,0,0.1,0.0,102.38333333333334,50.0,8,16
/Users/jiangnanhugo/workspace/power-sharpening/Subtree-Prefetching-Power-Sharpening/case_studies/logs-entropycut/lcb_v6/2026-09-09/vllm/dataset-lcb_v6.model-qwen3.5-9b.alpha4.0.steps100.blocks-1.cut-entropy4.0.samples20.maxnew1024.seed10086.powerMH.vllm.log,EntropyCut,7458,2026-09-09 16:36:29,71.9,117.5,1,0,0.2,0.0,102.55,60.0,12,20
/Users/jiangnanhugo/workspace/power-sharpening/Subtree-Prefetching-Power-Sharpening/case_studies/logs-entropycut/lcb_v6/2026-09-09/vllm/dataset-lcb_v6.model-qwen3.5-9b.alpha4.0.steps100.blocks-1.cut-entropy4.0.samples20.maxnew1024.seed10086.powerMH.vllm.log,EntropyCut,7463,2026-09-09 16:36:39,28.2,118.5,1,0,0.3,0.0,102.71666666666667,66.666667,8,12
/Users/jiangnanhugo/workspace/power-sharpening/Subtree-Prefetching-Power-Sharpening/case_studies/logs-entropycut/lcb_v6/2026-09-09/vllm/dataset-lcb_v6.model-qwen3.5-9b.alpha4.0.steps100.blocks-1.cut-entropy4.0.samples20.maxnew1024.seed10086.powerMH.vllm.log,EntropyCut,7472,2026-09-09 16:36:49,70.7,117.2,1,0,0.3,0.0,102.88333333333334,50.0,8,16
/Users/jiangnanhugo/workspace/power-sharpening/Subtree-Prefetching-Power-Sharpening/case_studies/logs-entropycut/lcb_v6/2026-09-09/vllm/dataset-lcb_v6.model-qwen3.5-9b.alpha4.0.steps100.blocks-1.cut-entropy4.0.samples20.maxnew1024.seed10086.powerMH.vllm.log,EntropyCut,7534,2026-09-09 16:36:59,64.4,114.4,1,0,0.2,0.0,103.05,50.0,8,16
/Users/jiangnanhugo/workspace/power-sharpening/Subtree-Prefetching-Power-Sharpening/case_studies/logs-entropycut/lcb_v6/2026-09-09/vllm/dataset-lcb_v6.model-qwen3.5-9b.alpha4.0.steps100.blocks-1.cut-entropy4.0.samples20.maxnew1024.seed10086.powerMH.vllm.log,EntropyCut,7542,2026-09-09 16:37:09,120.1,116.3,1,0,0.2,0.0,103.21666666666667,60.0,12,20
/Users/jiangnanhugo/workspace/power-sharpening/Subtree-Prefetching-Power-Sharpening/case_studies/logs-entropycut/lcb_v6/2026-09-09/vllm/dataset-lcb_v6.model-qwen3.5-9b.alpha4.0.steps100.blocks-1.cut-entropy4.0.samples20.maxnew1024.seed10086.powerMH.vllm.log,EntropyCut,7551,2026-09-09 16:37:19,29.3,115.3,1,0,0.2,0.0,103.38333333333334,50.0,8,16
/Users/jiangnanhugo/workspace/power-sharpening/Subtree-Prefetching-Power-Sharpening/case_studies/logs-entropycut/lcb_v6/2026-09-09/vllm/dataset-lcb_v6.model-qwen3.5-9b.alpha4.0.steps100.blocks-1.cut-entropy4.0.samples20.maxnew1024.seed10086.powerMH.vllm.log,EntropyCut,7556,2026-09-09 16:37:29,47.6,118.2,1,0,0.3,0.0,103.55,66.666667,8,12
/Users/jiangnanhugo/workspace/power-sharpening/Subtree-Prefetching-Power-Sharpening/case_studies/logs-entropycut/lcb_v6/2026-09-09/vllm/dataset-lcb_v6.model-qwen3.5-9b.alpha4.0.steps100.blocks-1.cut-entropy4.0.samples20.maxnew1024.seed10086.powerMH.vllm.log,EntropyCut,7565,2026-09-09 16:37:39,80.3,117.1,1,0,0.3,0.0,103.71666666666667,60.0,12,20
/Users/jiangnanhugo/workspace/power-sharpening/Subtree-Prefetching-Power-Sharpening/case_studies/logs-entropycut/lcb_v6/2026-09-09/vllm/dataset-lcb_v6.model-qwen3.5-9b.alpha4.0.steps100.blocks-1.cut-entropy4.0.samples20.maxnew1024.seed10086.powerMH.vllm.log,EntropyCut,7576,2026-09-09 16:37:49,92.6,105.5,1,0,0.3,0.0,103.88333333333334,50.0,8,16
/Users/jiangnanhugo/workspace/power-sharpening/Subtree-Prefetching-Power-Sharpening/case_studies/logs-entropycut/lcb_v6/2026-09-09/vllm/dataset-lcb_v6.model-qwen3.5-9b.alpha4.0.steps100.blocks-1.cut-entropy4.0.samples20.maxnew1024.seed10086.powerMH.vllm.log,EntropyCut,7585,2026-09-09 16:37:59,94.2,114.7,1,0,0.2,0.0,104.05,50.0,8,16
/Users/jiangnanhugo/workspace/power-sharpening/Subtree-Prefetching-Power-Sharpening/case_studies/logs-entropycut/lcb_v6/2026-09-09/vllm/dataset-lcb_v6.model-qwen3.5-9b.alpha4.0.steps100.blocks-1.cut-entropy4.0.samples20.maxnew1024.seed10086.powerMH.vllm.log,EntropyCut,7594,2026-09-09 16:38:09,90.2,117.5,1,0,0.3,0.0,104.21666666666667,60.0,12,20
/Users/jiangnanhugo/workspace/power-sharpening/Subtree-Prefetching-Power-Sharpening/case_studies/logs-entropycut/lcb_v6/2026-09-09/vllm/dataset-lcb_v6.model-qwen3.5-9b.alpha4.0.steps100.blocks-1.cut-entropy4.0.samples20.maxnew1024.seed10086.powerMH.vllm.log,EntropyCut,7607,2026-09-09 16:38:19,47.9,116.3,1,0,0.2,0.0,104.38333333333334,25.0,4,16
/Users/jiangnanhugo/workspace/power-sharpening/Subtree-Prefetching-Power-Sharpening/case_studies/logs-entropycut/lcb_v6/2026-09-09/vllm/dataset-lcb_v6.model-qwen3.5-9b.alpha4.0.steps100.blocks-1.cut-entropy4.0.samples20.maxnew1024.seed10086.powerMH.vllm.log,EntropyCut,7620,2026-09-09 16:38:29,113.4,116.7,1,0,0.2,0.0,104.55,40.0,8,20
/Users/jiangnanhugo/workspace/power-sharpening/Subtree-Prefetching-Power-Sharpening/case_studies/logs-entropycut/lcb_v6/2026-09-09/vllm/dataset-lcb_v6.model-qwen3.5-9b.alpha4.0.steps100.blocks-1.cut-entropy4.0.samples20.maxnew1024.seed10086.powerMH.vllm.log,EntropyCut,7629,2026-09-09 16:38:39,90.6,116.9,1,0,0.3,0.0,104.71666666666667,60.0,12,20
/Users/jiangnanhugo/workspace/power-sharpening/Subtree-Prefetching-Power-Sharpening/case_studies/logs-entropycut/lcb_v6/2026-09-09/vllm/dataset-lcb_v6.model-qwen3.5-9b.alpha4.0.steps100.blocks-1.cut-entropy4.0.samples20.maxnew1024.seed10086.powerMH.vllm.log,EntropyCut,7638,2026-09-09 16:38:49,63.8,115.2,1,0,0.2,0.0,104.88333333333334,50.0,8,16
/Users/jiangnanhugo/workspace/power-sharpening/Subtree-Prefetching-Power-Sharpening/case_studies/logs-entropycut/lcb_v6/2026-09-09/vllm/dataset-lcb_v6.model-qwen3.5-9b.alpha4.0.steps100.blocks-1.cut-entropy4.0.samples20.maxnew1024.seed10086.powerMH.vllm.log,EntropyCut,7647,2026-09-09 16:38:59,92.5,117.4,1,0,0.3,0.0,105.05,60.0,12,20
/Users/jiangnanhugo/workspace/power-sharpening/Subtree-Prefetching-Power-Sharpening/case_studies/logs-entropycut/lcb_v6/2026-09-09/vllm/dataset-lcb_v6.model-qwen3.5-9b.alpha4.0.steps100.blocks-1.cut-entropy4.0.samples20.maxnew1024.seed10086.powerMH.vllm.log,EntropyCut,7656,2026-09-09 16:39:09,45.3,117.0,1,0,0.2,0.0,105.21666666666667,33.333333,4,12
/Users/jiangnanhugo/workspace/power-sharpening/Subtree-Prefetching-Power-Sharpening/case_studies/logs-entropycut/lcb_v6/2026-09-09/vllm/dataset-lcb_v6.model-qwen3.5-9b.alpha4.0.steps100.blocks-1.cut-entropy4.0.samples20.maxnew1024.seed10086.powerMH.vllm.log,EntropyCut,7665,2026-09-09 16:39:19,57.6,117.5,1,0,0.2,0.0,105.38333333333334,50.0,8,16
/Users/jiangnanhugo/workspace/power-sharpening/Subtree-Prefetching-Power-Sharpening/case_studies/logs-entropycut/lcb_v6/2026-09-09/vllm/dataset-lcb_v6.model-qwen3.5-9b.alpha4.0.steps100.blocks-1.cut-entropy4.0.samples20.maxnew1024.seed10086.powerMH.vllm.log,EntropyCut,7674,2026-09-09 16:39:29,84.9,116.9,1,0,0.3,0.0,105.55,60.0,12,20
/Users/jiangnanhugo/workspace/power-sharpening/Subtree-Prefetching-Power-Sharpening/case_studies/logs-entropycut/lcb_v6/2026-09-09/vllm/dataset-lcb_v6.model-qwen3.5-9b.alpha4.0.steps100.blocks-1.cut-entropy4.0.samples20.maxnew1024.seed10086.powerMH.vllm.log,EntropyCut,7687,2026-09-09 16:39:39,142.9,115.1,1,0,0.3,0.0,105.71666666666667,50.0,12,24
/Users/jiangnanhugo/workspace/power-sharpening/Subtree-Prefetching-Power-Sharpening/case_studies/logs-entropycut/lcb_v6/2026-09-09/vllm/dataset-lcb_v6.model-qwen3.5-9b.alpha4.0.steps100.blocks-1.cut-entropy4.0.samples20.maxnew1024.seed10086.powerMH.vllm.log,EntropyCut,7696,2026-09-09 16:39:49,69.0,117.5,1,0,0.3,0.0,105.88333333333334,50.0,8,16
/Users/jiangnanhugo/workspace/power-sharpening/Subtree-Prefetching-Power-Sharpening/case_studies/logs-entropycut/lcb_v6/2026-09-09/vllm/dataset-lcb_v6.model-qwen3.5-9b.alpha4.0.steps100.blocks-1.cut-entropy4.0.samples20.maxnew1024.seed10086.powerMH.vllm.log,EntropyCut,7705,2026-09-09 16:39:59,76.3,117.0,1,0,0.3,0.0,106.05,50.0,8,16
/Users/jiangnanhugo/workspace/power-sharpening/Subtree-Prefetching-Power-Sharpening/case_studies/logs-entropycut/lcb_v6/2026-09-09/vllm/dataset-lcb_v6.model-qwen3.5-9b.alpha4.0.steps100.blocks-1.cut-entropy4.0.samples20.maxnew1024.seed10086.powerMH.vllm.log,EntropyCut,7714,2026-09-09 16:40:09,82.7,117.3,1,0,0.2,0.0,106.21666666666667,50.0,8,16
/Users/jiangnanhugo/workspace/power-sharpening/Subtree-Prefetching-Power-Sharpening/case_studies/logs-entropycut/lcb_v6/2026-09-09/vllm/dataset-lcb_v6.model-qwen3.5-9b.alpha4.0.steps100.blocks-1.cut-entropy4.0.samples20.maxnew1024.seed10086.powerMH.vllm.log,EntropyCut,7723,2026-09-09 16:40:19,51.1,117.5,1,0,0.2,0.0,106.38333333333334,50.0,8,16
/Users/jiangnanhugo/workspace/power-sharpening/Subtree-Prefetching-Power-Sharpening/case_studies/logs-entropycut/lcb_v6/2026-09-09/vllm/dataset-lcb_v6.model-qwen3.5-9b.alpha4.0.steps100.blocks-1.cut-entropy4.0.samples20.maxnew1024.seed10086.powerMH.vllm.log,EntropyCut,7732,2026-09-09 16:40:29,92.6,117.6,1,0,0.3,0.0,106.55,60.0,12,20
/Users/jiangnanhugo/workspace/power-sharpening/Subtree-Prefetching-Power-Sharpening/case_studies/logs-entropycut/lcb_v6/2026-09-09/vllm/dataset-lcb_v6.model-qwen3.5-9b.alpha4.0.steps100.blocks-1.cut-entropy4.0.samples20.maxnew1024.seed10086.powerMH.vllm.log,EntropyCut,7741,2026-09-09 16:40:39,100.3,115.3,1,0,0.3,0.0,106.71666666666667,60.0,12,20
/Users/jiangnanhugo/workspace/power-sharpening/Subtree-Prefetching-Power-Sharpening/case_studies/logs-entropycut/lcb_v6/2026-09-09/vllm/dataset-lcb_v6.model-qwen3.5-9b.alpha4.0.steps100.blocks-1.cut-entropy4.0.samples20.maxnew1024.seed10086.powerMH.vllm.log,EntropyCut,7750,2026-09-09 16:40:49,52.4,117.2,1,0,0.2,0.0,106.88333333333334,33.333333,4,12
/Users/jiangnanhugo/workspace/power-sharpening/Subtree-Prefetching-Power-Sharpening/case_studies/logs-entropycut/lcb_v6/2026-09-09/vllm/dataset-lcb_v6.model-qwen3.5-9b.alpha4.0.steps100.blocks-1.cut-entropy4.0.samples20.maxnew1024.seed10086.powerMH.vllm.log,EntropyCut,7759,2026-09-09 16:40:59,75.9,117.4,1,0,0.3,0.0,107.05,60.0,12,20
/Users/jiangnanhugo/workspace/power-sharpening/Subtree-Prefetching-Power-Sharpening/case_studies/logs-entropycut/lcb_v6/2026-09-09/vllm/dataset-lcb_v6.model-qwen3.5-9b.alpha4.0.steps100.blocks-1.cut-entropy4.0.samples20.maxnew1024.seed10086.powerMH.vllm.log,EntropyCut,7772,2026-09-09 16:41:09,96.6,114.7,1,0,0.2,0.0,107.21666666666667,40.0,8,20
/Users/jiangnanhugo/workspace/power-sharpening/Subtree-Prefetching-Power-Sharpening/case_studies/logs-entropycut/lcb_v6/2026-09-09/vllm/dataset-lcb_v6.model-qwen3.5-9b.alpha4.0.steps100.blocks-1.cut-entropy4.0.samples20.maxnew1024.seed10086.powerMH.vllm.log,EntropyCut,7777,2026-09-09 16:41:19,47.6,118.7,1,0,0.3,0.0,107.38333333333334,66.666667,8,12
/Users/jiangnanhugo/workspace/power-sharpening/Subtree-Prefetching-Power-Sharpening/case_studies/logs-entropycut/lcb_v6/2026-09-09/vllm/dataset-lcb_v6.model-qwen3.5-9b.alpha4.0.steps100.blocks-1.cut-entropy4.0.samples20.maxnew1024.seed10086.powerMH.vllm.log,EntropyCut,7790,2026-09-09 16:41:29,138.6,116.1,1,0,0.2,0.0,107.55,50.0,12,24
/Users/jiangnanhugo/workspace/power-sharpening/Subtree-Prefetching-Power-Sharpening/case_studies/logs-entropycut/lcb_v6/2026-09-09/vllm/dataset-lcb_v6.model-qwen3.5-9b.alpha4.0.steps100.blocks-1.cut-entropy4.0.samples20.maxnew1024.seed10086.powerMH.vllm.log,EntropyCut,7799,2026-09-09 16:41:39,93.7,117.1,1,0,0.2,0.0,107.71666666666667,50.0,8,16
/Users/jiangnanhugo/workspace/power-sharpening/Subtree-Prefetching-Power-Sharpening/case_studies/logs-entropycut/lcb_v6/2026-09-09/vllm/dataset-lcb_v6.model-qwen3.5-9b.alpha4.0.steps100.blocks-1.cut-entropy4.0.samples20.maxnew1024.seed10086.powerMH.vllm.log,EntropyCut,7808,2026-09-09 16:41:49,51.4,117.1,1,0,0.2,0.0,107.88333333333334,50.0,8,16
/Users/jiangnanhugo/workspace/power-sharpening/Subtree-Prefetching-Power-Sharpening/case_studies/logs-entropycut/lcb_v6/2026-09-09/vllm/dataset-lcb_v6.model-qwen3.5-9b.alpha4.0.steps100.blocks-1.cut-entropy4.0.samples20.maxnew1024.seed10086.powerMH.vllm.log,EntropyCut,7817,2026-09-09 16:41:59,95.2,117.6,1,0,0.3,0.0,108.05,60.0,12,20
/Users/jiangnanhugo/workspace/power-sharpening/Subtree-Prefetching-Power-Sharpening/case_studies/logs-entropycut/lcb_v6/2026-09-09/vllm/dataset-lcb_v6.model-qwen3.5-9b.alpha4.0.steps100.blocks-1.cut-entropy4.0.samples20.maxnew1024.seed10086.powerMH.vllm.log,EntropyCut,7830,2026-09-09 16:42:09,126.3,116.0,1,0,0.3,0.0,108.21666666666667,50.0,12,24
/Users/jiangnanhugo/workspace/power-sharpening/Subtree-Prefetching-Power-Sharpening/case_studies/logs-entropycut/lcb_v6/2026-09-09/vllm/dataset-lcb_v6.model-qwen3.5-9b.alpha4.0.steps100.blocks-1.cut-entropy4.0.samples20.maxnew1024.seed10086.powerMH.vllm.log,EntropyCut,7839,2026-09-09 16:42:19,11.4,117.6,1,0,0.2,0.0,108.38333333333334,33.333333,4,12
/Users/jiangnanhugo/workspace/power-sharpening/Subtree-Prefetching-Power-Sharpening/case_studies/logs-entropycut/lcb_v6/2026-09-09/vllm/dataset-lcb_v6.model-qwen3.5-9b.alpha4.0.steps100.blocks-1.cut-entropy4.0.samples20.maxnew1024.seed10086.powerMH.vllm.log,EntropyCut,7852,2026-09-09 16:42:29,83.8,116.1,1,0,0.2,0.0,108.55,25.0,4,16
/Users/jiangnanhugo/workspace/power-sharpening/Subtree-Prefetching-Power-Sharpening/case_studies/logs-entropycut/lcb_v6/2026-09-09/vllm/dataset-lcb_v6.model-qwen3.5-9b.alpha4.0.steps100.blocks-1.cut-entropy4.0.samples20.maxnew1024.seed10086.powerMH.vllm.log,EntropyCut,7865,2026-09-09 16:42:39,102.9,116.4,1,0,0.2,0.0,108.71666666666667,40.0,8,20
/Users/jiangnanhugo/workspace/power-sharpening/Subtree-Prefetching-Power-Sharpening/case_studies/logs-entropycut/lcb_v6/2026-09-09/vllm/dataset-lcb_v6.model-qwen3.5-9b.alpha4.0.steps100.blocks-1.cut-entropy4.0.samples20.maxnew1024.seed10086.powerMH.vllm.log,EntropyCut,7874,2026-09-09 16:42:49,51.4,116.1,1,0,0.2,0.0,108.88333333333334,50.0,8,16
/Users/jiangnanhugo/workspace/power-sharpening/Subtree-Prefetching-Power-Sharpening/case_studies/logs-entropycut/lcb_v6/2026-09-09/vllm/dataset-lcb_v6.model-qwen3.5-9b.alpha4.0.steps100.blocks-1.cut-entropy4.0.samples20.maxnew1024.seed10086.powerMH.vllm.log,EntropyCut,7883,2026-09-09 16:42:59,21.0,117.5,1,0,0.2,0.0,109.05,33.333333,4,12
/Users/jiangnanhugo/workspace/power-sharpening/Subtree-Prefetching-Power-Sharpening/case_studies/logs-entropycut/lcb_v6/2026-09-09/vllm/dataset-lcb_v6.model-qwen3.5-9b.alpha4.0.steps100.blocks-1.cut-entropy4.0.samples20.maxnew1024.seed10086.powerMH.vllm.log,EntropyCut,7888,2026-09-09 16:43:09,44.5,118.6,1,0,0.3,0.0,109.21666666666667,75.0,12,16
/Users/jiangnanhugo/workspace/power-sharpening/Subtree-Prefetching-Power-Sharpening/case_studies/logs-entropycut/lcb_v6/2026-09-09/vllm/dataset-lcb_v6.model-qwen3.5-9b.alpha4.0.steps100.blocks-1.cut-entropy4.0.samples20.maxnew1024.seed10086.powerMH.vllm.log,EntropyCut,7897,2026-09-09 16:43:19,119.1,116.1,1,0,0.3,0.0,109.38333333333334,60.0,12,20
/Users/jiangnanhugo/workspace/power-sharpening/Subtree-Prefetching-Power-Sharpening/case_studies/logs-entropycut/lcb_v6/2026-09-09/vllm/dataset-lcb_v6.model-qwen3.5-9b.alpha4.0.steps100.blocks-1.cut-entropy4.0.samples20.maxnew1024.seed10086.powerMH.vllm.log,EntropyCut,7910,2026-09-09 16:43:29,80.3,115.8,1,0,0.2,0.0,109.55,40.0,8,20
/Users/jiangnanhugo/workspace/power-sharpening/Subtree-Prefetching-Power-Sharpening/case_studies/logs-entropycut/lcb_v6/2026-09-09/vllm/dataset-lcb_v6.model-qwen3.5-9b.alpha4.0.steps100.blocks-1.cut-entropy4.0.samples20.maxnew1024.seed10086.powerMH.vllm.log,EntropyCut,7919,2026-09-09 16:43:39,38.9,117.4,1,0,0.2,0.0,109.71666666666667,33.333333,4,12
/Users/jiangnanhugo/workspace/power-sharpening/Subtree-Prefetching-Power-Sharpening/case_studies/logs-entropycut/lcb_v6/2026-09-09/vllm/dataset-lcb_v6.model-qwen3.5-9b.alpha4.0.steps100.blocks-1.cut-entropy4.0.samples20.maxnew1024.seed10086.powerMH.vllm.log,EntropyCut,7924,2026-09-09 16:43:49,41.6,117.8,1,0,0.3,0.0,109.88333333333334,75.0,12,16
/Users/jiangnanhugo/workspace/power-sharpening/Subtree-Prefetching-Power-Sharpening/case_studies/logs-entropycut/lcb_v6/2026-09-09/vllm/dataset-lcb_v6.model-qwen3.5-9b.alpha4.0.steps100.blocks-1.cut-entropy4.0.samples20.maxnew1024.seed10086.powerMH.vllm.log,EntropyCut,7929,2026-09-09 16:43:59,51.8,115.3,1,0,0.3,0.0,110.05,66.666667,8,12
/Users/jiangnanhugo/workspace/power-sharpening/Subtree-Prefetching-Power-Sharpening/case_studies/logs-entropycut/lcb_v6/2026-09-09/vllm/dataset-lcb_v6.model-qwen3.5-9b.alpha4.0.steps100.blocks-1.cut-entropy4.0.samples20.maxnew1024.seed10086.powerMH.vllm.log,EntropyCut,7942,2026-09-09 16:44:09,82.7,115.3,1,0,0.2,0.0,110.21666666666667,40.0,8,20
/Users/jiangnanhugo/workspace/power-sharpening/Subtree-Prefetching-Power-Sharpening/case_studies/logs-entropycut/lcb_v6/2026-09-09/vllm/dataset-lcb_v6.model-qwen3.5-9b.alpha4.0.steps100.blocks-1.cut-entropy4.0.samples20.maxnew1024.seed10086.powerMH.vllm.log,EntropyCut,7947,2026-09-09 16:44:19,4.4,117.6,1,0,0.2,0.0,110.38333333333334,50.0,4,8
/Users/jiangnanhugo/workspace/power-sharpening/Subtree-Prefetching-Power-Sharpening/case_studies/logs-entropycut/lcb_v6/2026-09-09/vllm/dataset-lcb_v6.model-qwen3.5-9b.alpha4.0.steps100.blocks-1.cut-entropy4.0.samples20.maxnew1024.seed10086.powerMH.vllm.log,EntropyCut,7952,2026-09-09 16:44:29,41.6,115.9,1,0,0.3,0.0,110.55,75.0,12,16
/Users/jiangnanhugo/workspace/power-sharpening/Subtree-Prefetching-Power-Sharpening/case_studies/logs-entropycut/lcb_v6/2026-09-09/vllm/dataset-lcb_v6.model-qwen3.5-9b.alpha4.0.steps100.blocks-1.cut-entropy4.0.samples20.maxnew1024.seed10086.powerMH.vllm.log,EntropyCut,7957,2026-09-09 16:44:39,41.6,117.9,1,0,0.3,0.0,110.71666666666667,66.666667,8,12
/Users/jiangnanhugo/workspace/power-sharpening/Subtree-Prefetching-Power-Sharpening/case_studies/logs-entropycut/lcb_v6/2026-09-09/vllm/dataset-lcb_v6.model-qwen3.5-9b.alpha4.0.steps100.blocks-1.cut-entropy4.0.samples20.maxnew1024.seed10086.powerMH.vllm.log,EntropyCut,7966,2026-09-09 16:44:49,46.0,116.8,1,0,0.2,0.0,110.88333333333334,50.0,8,16
/Users/jiangnanhugo/workspace/power-sharpening/Subtree-Prefetching-Power-Sharpening/case_studies/logs-entropycut/lcb_v6/2026-09-09/vllm/dataset-lcb_v6.model-qwen3.5-9b.alpha4.0.steps100.blocks-1.cut-entropy4.0.samples20.maxnew1024.seed10086.powerMH.vllm.log,EntropyCut,7971,2026-09-09 16:44:59,41.6,117.4,1,0,0.2,0.0,111.05,66.666667,8,12
/Users/jiangnanhugo/workspace/power-sharpening/Subtree-Prefetching-Power-Sharpening/case_studies/logs-entropycut/lcb_v6/2026-09-09/vllm/dataset-lcb_v6.model-qwen3.5-9b.alpha4.0.steps100.blocks-1.cut-entropy4.0.samples20.maxnew1024.seed10086.powerMH.vllm.log,EntropyCut,7976,2026-09-09 16:45:09,13.1,117.8,1,0,0.3,0.0,111.21666666666667,66.666667,8,12
/Users/jiangnanhugo/workspace/power-sharpening/Subtree-Prefetching-Power-Sharpening/case_studies/logs-entropycut/lcb_v6/2026-09-09/vllm/dataset-lcb_v6.model-qwen3.5-9b.alpha4.0.steps100.blocks-1.cut-entropy4.0.samples20.maxnew1024.seed10086.powerMH.vllm.log,EntropyCut,7985,2026-09-09 16:45:19,65.7,117.4,1,0,0.2,0.0,111.38333333333334,50.0,8,16
/Users/jiangnanhugo/workspace/power-sharpening/Subtree-Prefetching-Power-Sharpening/case_studies/logs-entropycut/lcb_v6/2026-09-09/vllm/dataset-lcb_v6.model-qwen3.5-9b.alpha4.0.steps100.blocks-1.cut-entropy4.0.samples20.maxnew1024.seed10086.powerMH.vllm.log,EntropyCut,8040,2026-09-09 16:45:29,35.4,117.4,1,0,0.2,0.0,111.55,66.666667,8,12
/Users/jiangnanhugo/workspace/power-sharpening/Subtree-Prefetching-Power-Sharpening/case_studies/logs-entropycut/lcb_v6/2026-09-09/vllm/dataset-lcb_v6.model-qwen3.5-9b.alpha4.0.steps100.blocks-1.cut-entropy4.0.samples20.maxnew1024.seed10086.powerMH.vllm.log,EntropyCut,8048,2026-09-09 16:45:39,114.4,116.4,1,0,0.1,0.0,111.71666666666667,60.0,12,20
/Users/jiangnanhugo/workspace/power-sharpening/Subtree-Prefetching-Power-Sharpening/case_studies/logs-entropycut/lcb_v6/2026-09-09/vllm/dataset-lcb_v6.model-qwen3.5-9b.alpha4.0.steps100.blocks-1.cut-entropy4.0.samples20.maxnew1024.seed10086.powerMH.vllm.log,EntropyCut,8061,2026-09-09 16:45:49,139.3,115.3,1,0,0.1,0.0,111.88333333333334,50.0,12,24
/Users/jiangnanhugo/workspace/power-sharpening/Subtree-Prefetching-Power-Sharpening/case_studies/logs-entropycut/lcb_v6/2026-09-09/vllm/dataset-lcb_v6.model-qwen3.5-9b.alpha4.0.steps100.blocks-1.cut-entropy4.0.samples20.maxnew1024.seed10086.powerMH.vllm.log,EntropyCut,8074,2026-09-09 16:45:59,75.8,116.5,1,0,0.2,0.0,112.05,40.0,8,20
/Users/jiangnanhugo/workspace/power-sharpening/Subtree-Prefetching-Power-Sharpening/case_studies/logs-entropycut/lcb_v6/2026-09-09/vllm/dataset-lcb_v6.model-qwen3.5-9b.alpha4.0.steps100.blocks-1.cut-entropy4.0.samples20.maxnew1024.seed10086.powerMH.vllm.log,EntropyCut,8087,2026-09-09 16:46:09,63.5,113.9,1,0,0.2,0.0,112.21666666666667,40.0,8,20
/Users/jiangnanhugo/workspace/power-sharpening/Subtree-Prefetching-Power-Sharpening/case_studies/logs-entropycut/lcb_v6/2026-09-09/vllm/dataset-lcb_v6.model-qwen3.5-9b.alpha4.0.steps100.blocks-1.cut-entropy4.0.samples20.maxnew1024.seed10086.powerMH.vllm.log,EntropyCut,8092,2026-09-09 16:46:19,11.7,118.4,1,0,0.3,0.0,112.38333333333334,66.666667,8,12
/Users/jiangnanhugo/workspace/power-sharpening/Subtree-Prefetching-Power-Sharpening/case_studies/logs-entropycut/lcb_v6/2026-09-09/vllm/dataset-lcb_v6.model-qwen3.5-9b.alpha4.0.steps100.blocks-1.cut-entropy4.0.samples20.maxnew1024.seed10086.powerMH.vllm.log,EntropyCut,8101,2026-09-09 16:46:29,59.0,117.5,1,0,0.2,0.0,112.55,50.0,8,16
/Users/jiangnanhugo/workspace/power-sharpening/Subtree-Prefetching-Power-Sharpening/case_studies/logs-entropycut/lcb_v6/2026-09-09/vllm/dataset-lcb_v6.model-qwen3.5-9b.alpha4.0.steps100.blocks-1.cut-entropy4.0.samples20.maxnew1024.seed10086.powerMH.vllm.log,EntropyCut,8106,2026-09-09 16:46:39,23.1,116.9,1,0,0.3,0.0,112.71666666666667,66.666667,8,12
/Users/jiangnanhugo/workspace/power-sharpening/Subtree-Prefetching-Power-Sharpening/case_studies/logs-entropycut/lcb_v6/2026-09-09/vllm/dataset-lcb_v6.model-qwen3.5-9b.alpha4.0.steps100.blocks-1.cut-entropy4.0.samples20.maxnew1024.seed10086.powerMH.vllm.log,EntropyCut,8115,2026-09-09 16:46:49,63.1,117.3,1,0,0.3,0.0,112.88333333333334,50.0,8,16
/Users/jiangnanhugo/workspace/power-sharpening/Subtree-Prefetching-Power-Sharpening/case_studies/logs-entropycut/lcb_v6/2026-09-09/vllm/dataset-lcb_v6.model-qwen3.5-9b.alpha4.0.steps100.blocks-1.cut-entropy4.0.samples20.maxnew1024.seed10086.powerMH.vllm.log,EntropyCut,8132,2026-09-09 16:46:59,183.6,114.7,1,0,0.2,0.0,113.05,42.857143,12,28
/Users/jiangnanhugo/workspace/power-sharpening/Subtree-Prefetching-Power-Sharpening/case_studies/logs-entropycut/lcb_v6/2026-09-09/vllm/dataset-lcb_v6.model-qwen3.5-9b.alpha4.0.steps100.blocks-1.cut-entropy4.0.samples20.maxnew1024.seed10086.powerMH.vllm.log,EntropyCut,8137,2026-09-09 16:47:09,41.9,118.4,1,0,0.3,0.0,113.21666666666667,75.0,12,16
/Users/jiangnanhugo/workspace/power-sharpening/Subtree-Prefetching-Power-Sharpening/case_studies/logs-entropycut/lcb_v6/2026-09-09/vllm/dataset-lcb_v6.model-qwen3.5-9b.alpha4.0.steps100.blocks-1.cut-entropy4.0.samples20.maxnew1024.seed10086.powerMH.vllm.log,EntropyCut,8142,2026-09-09 16:47:19,36.4,118.3,1,0,0.3,0.0,113.38333333333334,66.666667,8,12
/Users/jiangnanhugo/workspace/power-sharpening/Subtree-Prefetching-Power-Sharpening/case_studies/logs-entropycut/lcb_v6/2026-09-09/vllm/dataset-lcb_v6.model-qwen3.5-9b.alpha4.0.steps100.blocks-1.cut-entropy4.0.samples20.maxnew1024.seed10086.powerMH.vllm.log,EntropyCut,8151,2026-09-09 16:47:29,83.2,117.2,1,0,0.3,0.0,113.55,60.0,12,20
/Users/jiangnanhugo/workspace/power-sharpening/Subtree-Prefetching-Power-Sharpening/case_studies/logs-entropycut/lcb_v6/2026-09-09/vllm/dataset-lcb_v6.model-qwen3.5-9b.alpha4.0.steps100.blocks-1.cut-entropy4.0.samples20.maxnew1024.seed10086.powerMH.vllm.log,EntropyCut,8156,2026-09-09 16:47:39,42.0,118.6,1,0,0.3,0.0,113.71666666666667,66.666667,8,12
/Users/jiangnanhugo/workspace/power-sharpening/Subtree-Prefetching-Power-Sharpening/case_studies/logs-entropycut/lcb_v6/2026-09-09/vllm/dataset-lcb_v6.model-qwen3.5-9b.alpha4.0.steps100.blocks-1.cut-entropy4.0.samples20.maxnew1024.seed10086.powerMH.vllm.log,EntropyCut,8165,2026-09-09 16:47:49,72.4,117.6,1,0,0.1,0.0,113.88333333333334,50.0,8,16
/Users/jiangnanhugo/workspace/power-sharpening/Subtree-Prefetching-Power-Sharpening/case_studies/logs-entropycut/lcb_v6/2026-09-09/vllm/dataset-lcb_v6.model-qwen3.5-9b.alpha4.0.steps100.blocks-1.cut-entropy4.0.samples20.maxnew1024.seed10086.powerMH.vllm.log,EntropyCut,8170,2026-09-09 16:47:59,36.0,118.6,1,0,0.2,0.0,114.05,75.0,12,16
/Users/jiangnanhugo/workspace/power-sharpening/Subtree-Prefetching-Power-Sharpening/case_studies/logs-entropycut/lcb_v6/2026-09-09/vllm/dataset-lcb_v6.model-qwen3.5-9b.alpha4.0.steps100.blocks-1.cut-entropy4.0.samples20.maxnew1024.seed10086.powerMH.vllm.log,EntropyCut,8179,2026-09-09 16:48:09,77.5,117.3,1,0,0.1,0.0,114.21666666666667,50.0,8,16
/Users/jiangnanhugo/workspace/power-sharpening/Subtree-Prefetching-Power-Sharpening/case_studies/logs-entropycut/lcb_v6/2026-09-09/vllm/dataset-lcb_v6.model-qwen3.5-9b.alpha4.0.steps100.blocks-1.cut-entropy4.0.samples20.maxnew1024.seed10086.powerMH.vllm.log,EntropyCut,8184,2026-09-09 16:48:19,42.0,118.5,1,0,0.2,0.0,114.38333333333334,75.0,12,16
/Users/jiangnanhugo/workspace/power-sharpening/Subtree-Prefetching-Power-Sharpening/case_studies/logs-entropycut/lcb_v6/2026-09-09/vllm/dataset-lcb_v6.model-qwen3.5-9b.alpha4.0.steps100.blocks-1.cut-entropy4.0.samples20.maxnew1024.seed10086.powerMH.vllm.log,EntropyCut,8189,2026-09-09 16:48:29,41.2,115.4,1,0,0.3,0.0,114.55,66.666667,8,12
/Users/jiangnanhugo/workspace/power-sharpening/Subtree-Prefetching-Power-Sharpening/case_studies/logs-entropycut/lcb_v6/2026-09-09/vllm/dataset-lcb_v6.model-qwen3.5-9b.alpha4.0.steps100.blocks-1.cut-entropy4.0.samples20.maxnew1024.seed10086.powerMH.vllm.log,EntropyCut,8198,2026-09-09 16:48:39,91.4,117.3,1,0,0.3,0.0,114.71666666666667,60.0,12,20
/Users/jiangnanhugo/workspace/power-sharpening/Subtree-Prefetching-Power-Sharpening/case_studies/logs-entropycut/lcb_v6/2026-09-09/vllm/dataset-lcb_v6.model-qwen3.5-9b.alpha4.0.steps100.blocks-1.cut-entropy4.0.samples20.maxnew1024.seed10086.powerMH.vllm.log,EntropyCut,8207,2026-09-09 16:48:49,86.0,117.4,1,0,0.2,0.0,114.88333333333334,50.0,8,16
/Users/jiangnanhugo/workspace/power-sharpening/Subtree-Prefetching-Power-Sharpening/case_studies/logs-entropycut/lcb_v6/2026-09-09/vllm/dataset-lcb_v6.model-qwen3.5-9b.alpha4.0.steps100.blocks-1.cut-entropy4.0.samples20.maxnew1024.seed10086.powerMH.vllm.log,EntropyCut,8216,2026-09-09 16:48:59,77.0,117.2,1,0,0.3,0.0,115.05,60.0,12,20
/Users/jiangnanhugo/workspace/power-sharpening/Subtree-Prefetching-Power-Sharpening/case_studies/logs-entropycut/lcb_v6/2026-09-09/vllm/dataset-lcb_v6.model-qwen3.5-9b.alpha4.0.steps100.blocks-1.cut-entropy4.0.samples20.maxnew1024.seed10086.powerMH.vllm.log,EntropyCut,8225,2026-09-09 16:49:09,41.6,117.5,1,0,0.3,0.0,115.21666666666667,50.0,8,16
/Users/jiangnanhugo/workspace/power-sharpening/Subtree-Prefetching-Power-Sharpening/case_studies/logs-entropycut/lcb_v6/2026-09-09/vllm/dataset-lcb_v6.model-qwen3.5-9b.alpha4.0.steps100.blocks-1.cut-entropy4.0.samples20.maxnew1024.seed10086.powerMH.vllm.log,EntropyCut,8230,2026-09-09 16:49:19,36.4,118.3,1,0,0.3,0.0,115.38333333333334,66.666667,8,12
/Users/jiangnanhugo/workspace/power-sharpening/Subtree-Prefetching-Power-Sharpening/case_studies/logs-entropycut/lcb_v6/2026-09-09/vllm/dataset-lcb_v6.model-qwen3.5-9b.alpha4.0.steps100.blocks-1.cut-entropy4.0.samples20.maxnew1024.seed10086.powerMH.vllm.log,EntropyCut,8243,2026-09-09 16:49:29,160.8,113.3,1,0,0.2,0.0,115.55,50.0,12,24
/Users/jiangnanhugo/workspace/power-sharpening/Subtree-Prefetching-Power-Sharpening/case_studies/logs-entropycut/lcb_v6/2026-09-09/vllm/dataset-lcb_v6.model-qwen3.5-9b.alpha4.0.steps100.blocks-1.cut-entropy4.0.samples20.maxnew1024.seed10086.powerMH.vllm.log,EntropyCut,8248,2026-09-09 16:49:39,38.1,118.7,1,0,0.3,0.0,115.71666666666667,75.0,12,16
/Users/jiangnanhugo/workspace/power-sharpening/Subtree-Prefetching-Power-Sharpening/case_studies/logs-entropycut/lcb_v6/2026-09-09/vllm/dataset-lcb_v6.model-qwen3.5-9b.alpha4.0.steps100.blocks-1.cut-entropy4.0.samples20.maxnew1024.seed10086.powerMH.vllm.log,EntropyCut,8265,2026-09-09 16:49:49,146.9,115.5,1,0,0.1,0.0,115.88333333333334,33.333333,8,24
/Users/jiangnanhugo/workspace/power-sharpening/Subtree-Prefetching-Power-Sharpening/case_studies/logs-entropycut/lcb_v6/2026-09-09/vllm/dataset-lcb_v6.model-qwen3.5-9b.alpha4.0.steps100.blocks-1.cut-entropy4.0.samples20.maxnew1024.seed10086.powerMH.vllm.log,EntropyCut,8270,2026-09-09 16:49:59,41.0,117.7,1,0,0.3,0.0,116.05,75.0,12,16
/Users/jiangnanhugo/workspace/power-sharpening/Subtree-Prefetching-Power-Sharpening/case_studies/logs-entropycut/lcb_v6/2026-09-09/vllm/dataset-lcb_v6.model-qwen3.5-9b.alpha4.0.steps100.blocks-1.cut-entropy4.0.samples20.maxnew1024.seed10086.powerMH.vllm.log,EntropyCut,8275,2026-09-09 16:50:09,36.0,117.4,1,0,0.3,0.0,116.21666666666667,66.666667,8,12
/Users/jiangnanhugo/workspace/power-sharpening/Subtree-Prefetching-Power-Sharpening/case_studies/logs-entropycut/lcb_v6/2026-09-09/vllm/dataset-lcb_v6.model-qwen3.5-9b.alpha4.0.steps100.blocks-1.cut-entropy4.0.samples20.maxnew1024.seed10086.powerMH.vllm.log,EntropyCut,8296,2026-09-09 16:50:19,174.9,113.6,1,0,0.2,0.0,116.38333333333334,37.5,12,32
/Users/jiangnanhugo/workspace/power-sharpening/Subtree-Prefetching-Power-Sharpening/case_studies/logs-entropycut/lcb_v6/2026-09-09/vllm/dataset-lcb_v6.model-qwen3.5-9b.alpha4.0.steps100.blocks-1.cut-entropy4.0.samples20.maxnew1024.seed10086.powerMH.vllm.log,EntropyCut,8301,2026-09-09 16:50:29,36.4,117.5,1,0,0.2,0.0,116.55,66.666667,8,12
/Users/jiangnanhugo/workspace/power-sharpening/Subtree-Prefetching-Power-Sharpening/case_studies/logs-entropycut/lcb_v6/2026-09-09/vllm/dataset-lcb_v6.model-qwen3.5-9b.alpha4.0.steps100.blocks-1.cut-entropy4.0.samples20.maxnew1024.seed10086.powerMH.vllm.log,EntropyCut,8306,2026-09-09 16:50:39,39.0,114.5,1,0,0.2,0.0,116.71666666666667,66.666667,8,12
/Users/jiangnanhugo/workspace/power-sharpening/Subtree-Prefetching-Power-Sharpening/case_studies/logs-entropycut/lcb_v6/2026-09-09/vllm/dataset-lcb_v6.model-qwen3.5-9b.alpha4.0.steps100.blocks-1.cut-entropy4.0.samples20.maxnew1024.seed10086.powerMH.vllm.log,EntropyCut,8319,2026-09-09 16:50:49,96.9,115.3,1,0,0.2,0.0,116.88333333333334,40.0,8,20
/Users/jiangnanhugo/workspace/power-sharpening/Subtree-Prefetching-Power-Sharpening/case_studies/logs-entropycut/lcb_v6/2026-09-09/vllm/dataset-lcb_v6.model-qwen3.5-9b.alpha4.0.steps100.blocks-1.cut-entropy4.0.samples20.maxnew1024.seed10086.powerMH.vllm.log,EntropyCut,8324,2026-09-09 16:50:59,39.0,117.6,1,0,0.3,0.0,117.05,75.0,12,16
/Users/jiangnanhugo/workspace/power-sharpening/Subtree-Prefetching-Power-Sharpening/case_studies/logs-entropycut/lcb_v6/2026-09-09/vllm/dataset-lcb_v6.model-qwen3.5-9b.alpha4.0.steps100.blocks-1.cut-entropy4.0.samples20.maxnew1024.seed10086.powerMH.vllm.log,EntropyCut,8329,2026-09-09 16:51:09,35.7,117.3,1,0,0.3,0.0,117.21666666666667,66.666667,8,12
/Users/jiangnanhugo/workspace/power-sharpening/Subtree-Prefetching-Power-Sharpening/case_studies/logs-entropycut/lcb_v6/2026-09-09/vllm/dataset-lcb_v6.model-qwen3.5-9b.alpha4.0.steps100.blocks-1.cut-entropy4.0.samples20.maxnew1024.seed10086.powerMH.vllm.log,EntropyCut,8350,2026-09-09 16:51:19,181.3,111.3,1,0,0.2,0.0,117.38333333333334,37.5,12,32
/Users/jiangnanhugo/workspace/power-sharpening/Subtree-Prefetching-Power-Sharpening/case_studies/logs-entropycut/lcb_v6/2026-09-09/vllm/dataset-lcb_v6.model-qwen3.5-9b.alpha4.0.steps100.blocks-1.cut-entropy4.0.samples20.maxnew1024.seed10086.powerMH.vllm.log,EntropyCut,8355,2026-09-09 16:51:29,42.0,117.3,1,0,0.2,0.0,117.55,66.666667,8,12
/Users/jiangnanhugo/workspace/power-sharpening/Subtree-Prefetching-Power-Sharpening/case_studies/logs-entropycut/lcb_v6/2026-09-09/vllm/dataset-lcb_v6.model-qwen3.5-9b.alpha4.0.steps100.blocks-1.cut-entropy4.0.samples20.maxnew1024.seed10086.powerMH.vllm.log,EntropyCut,8360,2026-09-09 16:51:39,36.4,117.6,1,0,0.2,0.0,117.71666666666667,66.666667,8,12
/Users/jiangnanhugo/workspace/power-sharpening/Subtree-Prefetching-Power-Sharpening/case_studies/logs-entropycut/lcb_v6/2026-09-09/vllm/dataset-lcb_v6.model-qwen3.5-9b.alpha4.0.steps100.blocks-1.cut-entropy4.0.samples20.maxnew1024.seed10086.powerMH.vllm.log,EntropyCut,8369,2026-09-09 16:51:49,66.8,116.5,1,0,0.3,0.0,117.88333333333334,60.0,12,20
/Users/jiangnanhugo/workspace/power-sharpening/Subtree-Prefetching-Power-Sharpening/case_studies/logs-entropycut/lcb_v6/2026-09-09/vllm/dataset-lcb_v6.model-qwen3.5-9b.alpha4.0.steps100.blocks-1.cut-entropy4.0.samples20.maxnew1024.seed10086.powerMH.vllm.log,EntropyCut,8382,2026-09-09 16:51:59,97.2,115.5,1,0,0.3,0.0,118.05,40.0,8,20
/Users/jiangnanhugo/workspace/power-sharpening/Subtree-Prefetching-Power-Sharpening/case_studies/logs-entropycut/lcb_v6/2026-09-09/vllm/dataset-lcb_v6.model-qwen3.5-9b.alpha4.0.steps100.blocks-1.cut-entropy4.0.samples20.maxnew1024.seed10086.powerMH.vllm.log,EntropyCut,8391,2026-09-09 16:53:40,7.7,11.1,1,0,0.2,0.0,119.73333333333333,50.0,8,16
/Users/jiangnanhugo/workspace/power-sharpening/Subtree-Prefetching-Power-Sharpening/case_studies/logs-entropycut/lcb_v6/2026-09-09/vllm/dataset-lcb_v6.model-qwen3.5-9b.alpha4.0.steps100.blocks-1.cut-entropy4.0.samples20.maxnew1024.seed10086.powerMH.vllm.log,EntropyCut,8400,2026-09-09 16:53:50,68.5,116.5,1,0,0.2,0.0,119.9,50.0,8,16
/Users/jiangnanhugo/workspace/power-sharpening/Subtree-Prefetching-Power-Sharpening/case_studies/logs-entropycut/lcb_v6/2026-09-09/vllm/dataset-lcb_v6.model-qwen3.5-9b.alpha4.0.steps100.blocks-1.cut-entropy4.0.samples20.maxnew1024.seed10086.powerMH.vllm.log,EntropyCut,8405,2026-09-09 16:54:00,41.9,117.8,1,0,0.3,0.0,120.06666666666666,75.0,12,16
/Users/jiangnanhugo/workspace/power-sharpening/Subtree-Prefetching-Power-Sharpening/case_studies/logs-entropycut/lcb_v6/2026-09-09/vllm/dataset-lcb_v6.model-qwen3.5-9b.alpha4.0.steps100.blocks-1.cut-entropy4.0.samples20.maxnew1024.seed10086.powerMH.vllm.log,EntropyCut,8418,2026-09-09 16:54:10,102.3,115.8,1,0,0.1,0.0,120.23333333333333,40.0,8,20
/Users/jiangnanhugo/workspace/power-sharpening/Subtree-Prefetching-Power-Sharpening/case_studies/logs-entropycut/lcb_v6/2026-09-09/vllm/dataset-lcb_v6.model-qwen3.5-9b.alpha4.0.steps100.blocks-1.cut-entropy4.0.samples20.maxnew1024.seed10086.powerMH.vllm.log,EntropyCut,8435,2026-09-09 16:54:20,127.1,114.9,1,0,0.2,0.0,120.4,33.333333,8,24
/Users/jiangnanhugo/workspace/power-sharpening/Subtree-Prefetching-Power-Sharpening/case_studies/logs-entropycut/lcb_v6/2026-09-09/vllm/dataset-lcb_v6.model-qwen3.5-9b.alpha4.0.steps100.blocks-1.cut-entropy4.0.samples20.maxnew1024.seed10086.powerMH.vllm.log,EntropyCut,8440,2026-09-09 16:54:30,36.4,117.5,1,0,0.3,0.0,120.56666666666666,75.0,12,16
/Users/jiangnanhugo/workspace/power-sharpening/Subtree-Prefetching-Power-Sharpening/case_studies/logs-entropycut/lcb_v6/2026-09-09/vllm/dataset-lcb_v6.model-qwen3.5-9b.alpha4.0.steps100.blocks-1.cut-entropy4.0.samples20.maxnew1024.seed10086.powerMH.vllm.log,EntropyCut,8449,2026-09-09 16:54:40,41.6,116.4,1,0,0.3,0.0,120.73333333333333,50.0,8,16
/Users/jiangnanhugo/workspace/power-sharpening/Subtree-Prefetching-Power-Sharpening/case_studies/logs-entropycut/lcb_v6/2026-09-09/vllm/dataset-lcb_v6.model-qwen3.5-9b.alpha4.0.steps100.blocks-1.cut-entropy4.0.samples20.maxnew1024.seed10086.powerMH.vllm.log,EntropyCut,8454,2026-09-09 16:54:50,36.4,117.5,1,0,0.3,0.0,120.9,66.666667,8,12
/Users/jiangnanhugo/workspace/power-sharpening/Subtree-Prefetching-Power-Sharpening/case_studies/logs-entropycut/lcb_v6/2026-09-09/vllm/dataset-lcb_v6.model-qwen3.5-9b.alpha4.0.steps100.blocks-1.cut-entropy4.0.samples20.maxnew1024.seed10086.powerMH.vllm.log,EntropyCut,8467,2026-09-09 16:55:00,98.8,115.7,1,0,0.3,0.0,121.06666666666666,40.0,8,20
/Users/jiangnanhugo/workspace/power-sharpening/Subtree-Prefetching-Power-Sharpening/case_studies/logs-entropycut/lcb_v6/2026-09-09/vllm/dataset-lcb_v6.model-qwen3.5-9b.alpha4.0.steps100.blocks-1.cut-entropy4.0.samples20.maxnew1024.seed10086.powerMH.vllm.log,EntropyCut,8476,2026-09-09 16:55:10,83.2,116.2,1,0,0.3,0.0,121.23333333333333,60.0,12,20
/Users/jiangnanhugo/workspace/power-sharpening/Subtree-Prefetching-Power-Sharpening/case_studies/logs-entropycut/lcb_v6/2026-09-09/vllm/dataset-lcb_v6.model-qwen3.5-9b.alpha4.0.steps100.blocks-1.cut-entropy4.0.samples20.maxnew1024.seed10086.powerMH.vllm.log,EntropyCut,8485,2026-09-09 16:55:20,66.8,116.6,1,0,0.3,0.0,121.4,50.0,8,16
/Users/jiangnanhugo/workspace/power-sharpening/Subtree-Prefetching-Power-Sharpening/case_studies/logs-entropycut/lcb_v6/2026-09-09/vllm/dataset-lcb_v6.model-qwen3.5-9b.alpha4.0.steps100.blocks-1.cut-entropy4.0.samples20.maxnew1024.seed10086.powerMH.vllm.log,EntropyCut,8546,2026-09-09 16:55:30,81.6,114.9,1,0,0.1,0.0,121.56666666666666,50.0,8,16
/Users/jiangnanhugo/workspace/power-sharpening/Subtree-Prefetching-Power-Sharpening/case_studies/logs-entropycut/lcb_v6/2026-09-09/vllm/dataset-lcb_v6.model-qwen3.5-9b.alpha4.0.steps100.blocks-1.cut-entropy4.0.samples20.maxnew1024.seed10086.powerMH.vllm.log,EntropyCut,8550,2026-09-09 16:55:40,1.1,117.5,1,0,0.2,0.0,121.73333333333333,66.666667,8,12
/Users/jiangnanhugo/workspace/power-sharpening/Subtree-Prefetching-Power-Sharpening/case_studies/logs-entropycut/lcb_v6/2026-09-09/vllm/dataset-lcb_v6.model-qwen3.5-9b.alpha4.0.steps100.blocks-1.cut-entropy4.0.samples20.maxnew1024.seed10086.powerMH.vllm.log,EntropyCut,8559,2026-09-09 16:55:50,49.4,116.6,1,0,0.3,0.0,121.9,50.0,8,16
/Users/jiangnanhugo/workspace/power-sharpening/Subtree-Prefetching-Power-Sharpening/case_studies/logs-entropycut/lcb_v6/2026-09-09/vllm/dataset-lcb_v6.model-qwen3.5-9b.alpha4.0.steps100.blocks-1.cut-entropy4.0.samples20.maxnew1024.seed10086.powerMH.vllm.log,EntropyCut,8568,2026-09-09 16:56:00,61.2,117.1,1,0,0.2,0.0,122.06666666666666,50.0,8,16
/Users/jiangnanhugo/workspace/power-sharpening/Subtree-Prefetching-Power-Sharpening/case_studies/logs-entropycut/lcb_v6/2026-09-09/vllm/dataset-lcb_v6.model-qwen3.5-9b.alpha4.0.steps100.blocks-1.cut-entropy4.0.samples20.maxnew1024.seed10086.powerMH.vllm.log,EntropyCut,8573,2026-09-09 16:56:10,26.8,117.3,1,0,0.3,0.0,122.23333333333333,66.666667,8,12
/Users/jiangnanhugo/workspace/power-sharpening/Subtree-Prefetching-Power-Sharpening/case_studies/logs-entropycut/lcb_v6/2026-09-09/vllm/dataset-lcb_v6.model-qwen3.5-9b.alpha4.0.steps100.blocks-1.cut-entropy4.0.samples20.maxnew1024.seed10086.powerMH.vllm.log,EntropyCut,8582,2026-09-09 16:56:20,62.3,116.6,1,0,0.3,0.0,122.4,50.0,8,16
/Users/jiangnanhugo/workspace/power-sharpening/Subtree-Prefetching-Power-Sharpening/case_studies/logs-entropycut/lcb_v6/2026-09-09/vllm/dataset-lcb_v6.model-qwen3.5-9b.alpha4.0.steps100.blocks-1.cut-entropy4.0.samples20.maxnew1024.seed10086.powerMH.vllm.log,EntropyCut,8595,2026-09-09 16:56:30,78.0,115.7,1,0,0.2,0.0,122.56666666666666,25.0,4,16
/Users/jiangnanhugo/workspace/power-sharpening/Subtree-Prefetching-Power-Sharpening/case_studies/logs-entropycut/lcb_v6/2026-09-09/vllm/dataset-lcb_v6.model-qwen3.5-9b.alpha4.0.steps100.blocks-1.cut-entropy4.0.samples20.maxnew1024.seed10086.powerMH.vllm.log,EntropyCut,8604,2026-09-09 16:56:41,68.7,116.8,1,0,0.3,0.0,122.75,60.0,12,20
/Users/jiangnanhugo/workspace/power-sharpening/Subtree-Prefetching-Power-Sharpening/case_studies/logs-entropycut/lcb_v6/2026-09-09/vllm/dataset-lcb_v6.model-qwen3.5-9b.alpha4.0.steps100.blocks-1.cut-entropy4.0.samples20.maxnew1024.seed10086.powerMH.vllm.log,EntropyCut,8609,2026-09-09 16:56:51,45.3,118.0,1,0,0.3,0.0,122.91666666666667,66.666667,8,12
/Users/jiangnanhugo/workspace/power-sharpening/Subtree-Prefetching-Power-Sharpening/case_studies/logs-entropycut/lcb_v6/2026-09-09/vllm/dataset-lcb_v6.model-qwen3.5-9b.alpha4.0.steps100.blocks-1.cut-entropy4.0.samples20.maxnew1024.seed10086.powerMH.vllm.log,EntropyCut,8622,2026-09-09 16:57:01,71.0,115.5,1,0,0.2,0.0,123.08333333333333,25.0,4,16
/Users/jiangnanhugo/workspace/power-sharpening/Subtree-Prefetching-Power-Sharpening/case_studies/logs-entropycut/lcb_v6/2026-09-09/vllm/dataset-lcb_v6.model-qwen3.5-9b.alpha4.0.steps100.blocks-1.cut-entropy4.0.samples20.maxnew1024.seed10086.powerMH.vllm.log,EntropyCut,8631,2026-09-09 16:57:11,73.2,117.1,1,0,0.3,0.0,123.25,60.0,12,20
/Users/jiangnanhugo/workspace/power-sharpening/Subtree-Prefetching-Power-Sharpening/case_studies/logs-entropycut/lcb_v6/2026-09-09/vllm/dataset-lcb_v6.model-qwen3.5-9b.alpha4.0.steps100.blocks-1.cut-entropy4.0.samples20.maxnew1024.seed10086.powerMH.vllm.log,EntropyCut,8644,2026-09-09 16:57:21,33.6,116.1,1,0,0.2,0.0,123.41666666666667,0.0,0,12
/Users/jiangnanhugo/workspace/power-sharpening/Subtree-Prefetching-Power-Sharpening/case_studies/logs-entropycut/lcb_v6/2026-09-09/vllm/dataset-lcb_v6.model-qwen3.5-9b.alpha4.0.steps100.blocks-1.cut-entropy4.0.samples20.maxnew1024.seed10086.powerMH.vllm.log,EntropyCut,8657,2026-09-09 16:57:31,51.6,115.9,1,0,0.3,0.0,123.58333333333333,40.0,8,20
/Users/jiangnanhugo/workspace/power-sharpening/Subtree-Prefetching-Power-Sharpening/case_studies/logs-entropycut/lcb_v6/2026-09-09/vllm/dataset-lcb_v6.model-qwen3.5-9b.alpha4.0.steps100.blocks-1.cut-entropy4.0.samples20.maxnew1024.seed10086.powerMH.vllm.log,EntropyCut,8670,2026-09-09 16:57:41,12.1,115.4,1,0,0.2,0.0,123.75,0.0,0,12
/Users/jiangnanhugo/workspace/power-sharpening/Subtree-Prefetching-Power-Sharpening/case_studies/logs-entropycut/lcb_v6/2026-09-09/vllm/dataset-lcb_v6.model-qwen3.5-9b.alpha4.0.steps100.blocks-1.cut-entropy4.0.samples20.maxnew1024.seed10086.powerMH.vllm.log,EntropyCut,8679,2026-09-09 16:57:51,25.5,116.7,1,0,0.3,0.0,123.91666666666667,33.333333,4,12
/Users/jiangnanhugo/workspace/power-sharpening/Subtree-Prefetching-Power-Sharpening/case_studies/logs-entropycut/lcb_v6/2026-09-09/vllm/dataset-lcb_v6.model-qwen3.5-9b.alpha4.0.steps100.blocks-1.cut-entropy4.0.samples20.maxnew1024.seed10086.powerMH.vllm.log,EntropyCut,8692,2026-09-09 16:58:01,62.0,116.0,1,0,0.2,0.0,124.08333333333333,25.0,4,16
/Users/jiangnanhugo/workspace/power-sharpening/Subtree-Prefetching-Power-Sharpening/case_studies/logs-entropycut/lcb_v6/2026-09-09/vllm/dataset-lcb_v6.model-qwen3.5-9b.alpha4.0.steps100.blocks-1.cut-entropy4.0.samples20.maxnew1024.seed10086.powerMH.vllm.log,EntropyCut,8701,2026-09-09 16:58:11,17.2,116.5,1,0,0.3,0.0,124.25,50.0,8,16
/Users/jiangnanhugo/workspace/power-sharpening/Subtree-Prefetching-Power-Sharpening/case_studies/logs-entropycut/lcb_v6/2026-09-09/vllm/dataset-lcb_v6.model-qwen3.5-9b.alpha4.0.steps100.blocks-1.cut-entropy4.0.samples20.maxnew1024.seed10086.powerMH.vllm.log,EntropyCut,8710,2026-09-09 16:58:21,39.8,116.6,1,0,0.2,0.0,124.41666666666667,33.333333,4,12
/Users/jiangnanhugo/workspace/power-sharpening/Subtree-Prefetching-Power-Sharpening/case_studies/logs-entropycut/lcb_v6/2026-09-09/vllm/dataset-lcb_v6.model-qwen3.5-9b.alpha4.0.steps100.blocks-1.cut-entropy4.0.samples20.maxnew1024.seed10086.powerMH.vllm.log,EntropyCut,8723,2026-09-09 16:58:31,58.2,115.7,1,0,0.2,0.0,124.58333333333333,25.0,4,16
/Users/jiangnanhugo/workspace/power-sharpening/Subtree-Prefetching-Power-Sharpening/case_studies/logs-entropycut/lcb_v6/2026-09-09/vllm/dataset-lcb_v6.model-qwen3.5-9b.alpha4.0.steps100.blocks-1.cut-entropy4.0.samples20.maxnew1024.seed10086.powerMH.vllm.log,EntropyCut,8736,2026-09-09 16:58:41,68.5,115.7,1,0,0.3,0.0,124.75,40.0,8,20
/Users/jiangnanhugo/workspace/power-sharpening/Subtree-Prefetching-Power-Sharpening/case_studies/logs-entropycut/lcb_v6/2026-09-09/vllm/dataset-lcb_v6.model-qwen3.5-9b.alpha4.0.steps100.blocks-1.cut-entropy4.0.samples20.maxnew1024.seed10086.powerMH.vllm.log,EntropyCut,8749,2026-09-09 16:58:51,50.0,115.6,1,0,0.3,0.0,124.91666666666667,25.0,4,16
/Users/jiangnanhugo/workspace/power-sharpening/Subtree-Prefetching-Power-Sharpening/case_studies/logs-entropycut/lcb_v6/2026-09-09/vllm/dataset-lcb_v6.model-qwen3.5-9b.alpha4.0.steps100.blocks-1.cut-entropy4.0.samples20.maxnew1024.seed10086.powerMH.vllm.log,EntropyCut,8758,2026-09-09 16:59:01,66.8,116.9,1,0,0.3,0.0,125.08333333333333,50.0,8,16
/Users/jiangnanhugo/workspace/power-sharpening/Subtree-Prefetching-Power-Sharpening/case_studies/logs-entropycut/lcb_v6/2026-09-09/vllm/dataset-lcb_v6.model-qwen3.5-9b.alpha4.0.steps100.blocks-1.cut-entropy4.0.samples20.maxnew1024.seed10086.powerMH.vllm.log,EntropyCut,8767,2026-09-09 16:59:11,68.7,116.7,1,0,0.3,0.0,125.25,50.0,8,16
/Users/jiangnanhugo/workspace/power-sharpening/Subtree-Prefetching-Power-Sharpening/case_studies/logs-entropycut/lcb_v6/2026-09-09/vllm/dataset-lcb_v6.model-qwen3.5-9b.alpha4.0.steps100.blocks-1.cut-entropy4.0.samples20.maxnew1024.seed10086.powerMH.vllm.log,EntropyCut,8776,2026-09-09 16:59:21,44.7,115.8,1,0,0.3,0.0,125.41666666666667,50.0,8,16
/Users/jiangnanhugo/workspace/power-sharpening/Subtree-Prefetching-Power-Sharpening/case_studies/logs-entropycut/lcb_v6/2026-09-09/vllm/dataset-lcb_v6.model-qwen3.5-9b.alpha4.0.steps100.blocks-1.cut-entropy4.0.samples20.maxnew1024.seed10086.powerMH.vllm.log,EntropyCut,8789,2026-09-09 16:59:31,58.4,114.0,1,0,0.2,0.0,125.58333333333333,25.0,4,16
/Users/jiangnanhugo/workspace/power-sharpening/Subtree-Prefetching-Power-Sharpening/case_studies/logs-entropycut/lcb_v6/2026-09-09/vllm/dataset-lcb_v6.model-qwen3.5-9b.alpha4.0.steps100.blocks-1.cut-entropy4.0.samples20.maxnew1024.seed10086.powerMH.vllm.log,EntropyCut,8798,2026-09-09 16:59:41,12.9,115.5,1,0,0.2,0.0,125.75,33.333333,4,12
/Users/jiangnanhugo/workspace/power-sharpening/Subtree-Prefetching-Power-Sharpening/case_studies/logs-entropycut/lcb_v6/2026-09-09/vllm/dataset-lcb_v6.model-qwen3.5-9b.alpha4.0.steps100.blocks-1.cut-entropy4.0.samples20.maxnew1024.seed10086.powerMH.vllm.log,EntropyCut,8807,2026-09-09 16:59:51,48.1,115.7,1,0,0.3,0.0,125.91666666666667,50.0,8,16
/Users/jiangnanhugo/workspace/power-sharpening/Subtree-Prefetching-Power-Sharpening/case_studies/logs-entropycut/lcb_v6/2026-09-09/vllm/dataset-lcb_v6.model-qwen3.5-9b.alpha4.0.steps100.blocks-1.cut-entropy4.0.samples20.maxnew1024.seed10086.powerMH.vllm.log,EntropyCut,8820,2026-09-09 17:00:01,35.7,114.7,1,0,0.2,0.0,126.08333333333333,25.0,4,16
/Users/jiangnanhugo/workspace/power-sharpening/Subtree-Prefetching-Power-Sharpening/case_studies/logs-entropycut/lcb_v6/2026-09-09/vllm/dataset-lcb_v6.model-qwen3.5-9b.alpha4.0.steps100.blocks-1.cut-entropy4.0.samples20.maxnew1024.seed10086.powerMH.vllm.log,EntropyCut,8837,2026-09-09 17:00:11,52.3,113.2,1,0,0.2,0.0,126.25,0.0,0,16
/Users/jiangnanhugo/workspace/power-sharpening/Subtree-Prefetching-Power-Sharpening/case_studies/logs-entropycut/lcb_v6/2026-09-09/vllm/dataset-lcb_v6.model-qwen3.5-9b.alpha4.0.steps100.blocks-1.cut-entropy4.0.samples20.maxnew1024.seed10086.powerMH.vllm.log,EntropyCut,8846,2026-09-09 17:00:21,13.0,115.1,1,0,0.2,0.0,126.41666666666667,33.333333,4,12
/Users/jiangnanhugo/workspace/power-sharpening/Subtree-Prefetching-Power-Sharpening/case_studies/logs-entropycut/lcb_v6/2026-09-09/vllm/dataset-lcb_v6.model-qwen3.5-9b.alpha4.0.steps100.blocks-1.cut-entropy4.0.samples20.maxnew1024.seed10086.powerMH.vllm.log,EntropyCut,8855,2026-09-09 17:00:31,48.1,115.8,1,0,0.3,0.0,126.58333333333333,50.0,8,16
/Users/jiangnanhugo/workspace/power-sharpening/Subtree-Prefetching-Power-Sharpening/case_studies/logs-entropycut/lcb_v6/2026-09-09/vllm/dataset-lcb_v6.model-qwen3.5-9b.alpha4.0.steps100.blocks-1.cut-entropy4.0.samples20.maxnew1024.seed10086.powerMH.vllm.log,EntropyCut,8868,2026-09-09 17:00:41,72.5,115.9,1,0,0.3,0.0,126.75,25.0,4,16
/Users/jiangnanhugo/workspace/power-sharpening/Subtree-Prefetching-Power-Sharpening/case_studies/logs-entropycut/lcb_v6/2026-09-09/vllm/dataset-lcb_v6.model-qwen3.5-9b.alpha4.0.steps100.blocks-1.cut-entropy4.0.samples20.maxnew1024.seed10086.powerMH.vllm.log,EntropyCut,8881,2026-09-09 17:00:51,76.7,116.0,1,0,0.3,0.0,126.91666666666667,40.0,8,20
/Users/jiangnanhugo/workspace/power-sharpening/Subtree-Prefetching-Power-Sharpening/case_studies/logs-entropycut/lcb_v6/2026-09-09/vllm/dataset-lcb_v6.model-qwen3.5-9b.alpha4.0.steps100.blocks-1.cut-entropy4.0.samples20.maxnew1024.seed10086.powerMH.vllm.log,EntropyCut,8890,2026-09-09 17:01:01,44.7,117.2,1,0,0.2,0.0,127.08333333333333,33.333333,4,12
/Users/jiangnanhugo/workspace/power-sharpening/Subtree-Prefetching-Power-Sharpening/case_studies/logs-entropycut/lcb_v6/2026-09-09/vllm/dataset-lcb_v6.model-qwen3.5-9b.alpha4.0.steps100.blocks-1.cut-entropy4.0.samples20.maxnew1024.seed10086.powerMH.vllm.log,EntropyCut,8903,2026-09-09 17:01:11,78.6,115.8,1,0,0.2,0.0,127.25,40.0,8,20
/Users/jiangnanhugo/workspace/power-sharpening/Subtree-Prefetching-Power-Sharpening/case_studies/logs-entropycut/lcb_v6/2026-09-09/vllm/dataset-lcb_v6.model-qwen3.5-9b.alpha4.0.steps100.blocks-1.cut-entropy4.0.samples20.maxnew1024.seed10086.powerMH.vllm.log,EntropyCut,8912,2026-09-09 17:01:21,16.1,117.3,1,0,0.2,0.0,127.41666666666667,33.333333,4,12
/Users/jiangnanhugo/workspace/power-sharpening/Subtree-Prefetching-Power-Sharpening/case_studies/logs-entropycut/lcb_v6/2026-09-09/vllm/dataset-lcb_v6.model-qwen3.5-9b.alpha4.0.steps100.blocks-1.cut-entropy4.0.samples20.maxnew1024.seed10086.powerMH.vllm.log,EntropyCut,8921,2026-09-09 17:01:31,48.0,117.1,1,0,0.2,0.0,127.58333333333333,50.0,8,16
/Users/jiangnanhugo/workspace/power-sharpening/Subtree-Prefetching-Power-Sharpening/case_studies/logs-entropycut/lcb_v6/2026-09-09/vllm/dataset-lcb_v6.model-qwen3.5-9b.alpha4.0.steps100.blocks-1.cut-entropy4.0.samples20.maxnew1024.seed10086.powerMH.vllm.log,EntropyCut,8930,2026-09-09 17:01:41,50.7,117.0,1,0,0.3,0.0,127.75,50.0,8,16
/Users/jiangnanhugo/workspace/power-sharpening/Subtree-Prefetching-Power-Sharpening/case_studies/logs-entropycut/lcb_v6/2026-09-09/vllm/dataset-lcb_v6.model-qwen3.5-9b.alpha4.0.steps100.blocks-1.cut-entropy4.0.samples20.maxnew1024.seed10086.powerMH.vllm.log,EntropyCut,8943,2026-09-09 17:01:51,56.1,115.7,1,0,0.2,0.0,127.91666666666667,25.0,4,16
/Users/jiangnanhugo/workspace/power-sharpening/Subtree-Prefetching-Power-Sharpening/case_studies/logs-entropycut/lcb_v6/2026-09-09/vllm/dataset-lcb_v6.model-qwen3.5-9b.alpha4.0.steps100.blocks-1.cut-entropy4.0.samples20.maxnew1024.seed10086.powerMH.vllm.log,EntropyCut,8952,2026-09-09 17:02:01,79.6,116.8,1,0,0.2,0.0,128.08333333333334,50.0,8,16
/Users/jiangnanhugo/workspace/power-sharpening/Subtree-Prefetching-Power-Sharpening/case_studies/logs-entropycut/lcb_v6/2026-09-09/vllm/dataset-lcb_v6.model-qwen3.5-9b.alpha4.0.steps100.blocks-1.cut-entropy4.0.samples20.maxnew1024.seed10086.powerMH.vllm.log,EntropyCut,8957,2026-09-09 17:02:11,15.9,118.0,1,0,0.3,0.0,128.25,66.666667,8,12
/Users/jiangnanhugo/workspace/power-sharpening/Subtree-Prefetching-Power-Sharpening/case_studies/logs-entropycut/lcb_v6/2026-09-09/vllm/dataset-lcb_v6.model-qwen3.5-9b.alpha4.0.steps100.blocks-1.cut-entropy4.0.samples20.maxnew1024.seed10086.powerMH.vllm.log,EntropyCut,8966,2026-09-09 17:02:21,78.5,116.9,1,0,0.2,0.0,128.41666666666666,50.0,8,16
/Users/jiangnanhugo/workspace/power-sharpening/Subtree-Prefetching-Power-Sharpening/case_studies/logs-entropycut/lcb_v6/2026-09-09/vllm/dataset-lcb_v6.model-qwen3.5-9b.alpha4.0.steps100.blocks-1.cut-entropy4.0.samples20.maxnew1024.seed10086.powerMH.vllm.log,EntropyCut,8971,2026-09-09 17:02:31,11.7,118.1,1,0,0.3,0.0,128.58333333333334,66.666667,8,12
/Users/jiangnanhugo/workspace/power-sharpening/Subtree-Prefetching-Power-Sharpening/case_studies/logs-entropycut/lcb_v6/2026-09-09/vllm/dataset-lcb_v6.model-qwen3.5-9b.alpha4.0.steps100.blocks-1.cut-entropy4.0.samples20.maxnew1024.seed10086.powerMH.vllm.log,EntropyCut,8980,2026-09-09 17:02:41,81.9,117.2,1,0,0.3,0.0,128.75,60.0,12,20
/Users/jiangnanhugo/workspace/power-sharpening/Subtree-Prefetching-Power-Sharpening/case_studies/logs-entropycut/lcb_v6/2026-09-09/vllm/dataset-lcb_v6.model-qwen3.5-9b.alpha4.0.steps100.blocks-1.cut-entropy4.0.samples20.maxnew1024.seed10086.powerMH.vllm.log,EntropyCut,8989,2026-09-09 17:02:51,28.8,116.8,1,0,0.3,0.0,128.91666666666666,33.333333,4,12
/Users/jiangnanhugo/workspace/power-sharpening/Subtree-Prefetching-Power-Sharpening/case_studies/logs-entropycut/lcb_v6/2026-09-09/vllm/dataset-lcb_v6.model-qwen3.5-9b.alpha4.0.steps100.blocks-1.cut-entropy4.0.samples20.maxnew1024.seed10086.powerMH.vllm.log,EntropyCut,9078,2026-09-09 17:03:01,73.1,116.2,1,0,0.4,0.0,129.08333333333334,75.0,12,16
/Users/jiangnanhugo/workspace/power-sharpening/Subtree-Prefetching-Power-Sharpening/case_studies/logs-entropycut/lcb_v6/2026-09-09/vllm/dataset-lcb_v6.model-qwen3.5-9b.alpha4.0.steps100.blocks-1.cut-entropy4.0.samples20.maxnew1024.seed10086.powerMH.vllm.log,EntropyCut,9086,2026-09-09 17:03:11,125.6,116.6,1,0,0.4,0.0,129.25,66.666667,16,24
/Users/jiangnanhugo/workspace/power-sharpening/Subtree-Prefetching-Power-Sharpening/case_studies/logs-entropycut/lcb_v6/2026-09-09/vllm/dataset-lcb_v6.model-qwen3.5-9b.alpha4.0.steps100.blocks-1.cut-entropy4.0.samples20.maxnew1024.seed10086.powerMH.vllm.log,EntropyCut,9095,2026-09-09 17:03:21,72.8,116.6,1,0,0.3,0.0,129.41666666666666,60.0,12,20
/Users/jiangnanhugo/workspace/power-sharpening/Subtree-Prefetching-Power-Sharpening/case_studies/logs-entropycut/lcb_v6/2026-09-09/vllm/dataset-lcb_v6.model-qwen3.5-9b.alpha4.0.steps100.blocks-1.cut-entropy4.0.samples20.maxnew1024.seed10086.powerMH.vllm.log,EntropyCut,9104,2026-09-09 17:03:31,68.1,117.3,1,0,0.3,0.0,129.58333333333334,60.0,12,20
/Users/jiangnanhugo/workspace/power-sharpening/Subtree-Prefetching-Power-Sharpening/case_studies/logs-entropycut/lcb_v6/2026-09-09/vllm/dataset-lcb_v6.model-qwen3.5-9b.alpha4.0.steps100.blocks-1.cut-entropy4.0.samples20.maxnew1024.seed10086.powerMH.vllm.log,EntropyCut,9109,2026-09-09 17:03:41,32.6,116.1,1,0,0.3,0.0,129.75,66.666667,8,12
/Users/jiangnanhugo/workspace/power-sharpening/Subtree-Prefetching-Power-Sharpening/case_studies/logs-entropycut/lcb_v6/2026-09-09/vllm/dataset-lcb_v6.model-qwen3.5-9b.alpha4.0.steps100.blocks-1.cut-entropy4.0.samples20.maxnew1024.seed10086.powerMH.vllm.log,EntropyCut,9114,2026-09-09 17:03:51,33.1,115.6,1,0,0.4,0.0,129.91666666666666,75.0,12,16
/Users/jiangnanhugo/workspace/power-sharpening/Subtree-Prefetching-Power-Sharpening/case_studies/logs-entropycut/lcb_v6/2026-09-09/vllm/dataset-lcb_v6.model-qwen3.5-9b.alpha4.0.steps100.blocks-1.cut-entropy4.0.samples20.maxnew1024.seed10086.powerMH.vllm.log,EntropyCut,9123,2026-09-09 17:04:01,70.9,114.8,1,0,0.2,0.0,130.08333333333334,50.0,8,16
/Users/jiangnanhugo/workspace/power-sharpening/Subtree-Prefetching-Power-Sharpening/case_studies/logs-entropycut/lcb_v6/2026-09-09/vllm/dataset-lcb_v6.model-qwen3.5-9b.alpha4.0.steps100.blocks-1.cut-entropy4.0.samples20.maxnew1024.seed10086.powerMH.vllm.log,EntropyCut,9128,2026-09-09 17:04:11,32.6,117.9,1,0,0.3,0.0,130.25,75.0,12,16
/Users/jiangnanhugo/workspace/power-sharpening/Subtree-Prefetching-Power-Sharpening/case_studies/logs-entropycut/lcb_v6/2026-09-09/vllm/dataset-lcb_v6.model-qwen3.5-9b.alpha4.0.steps100.blocks-1.cut-entropy4.0.samples20.maxnew1024.seed10086.powerMH.vllm.log,EntropyCut,9133,2026-09-09 17:04:21,35.5,118.3,1,0,0.4,0.0,130.41666666666666,75.0,12,16
/Users/jiangnanhugo/workspace/power-sharpening/Subtree-Prefetching-Power-Sharpening/case_studies/logs-entropycut/lcb_v6/2026-09-09/vllm/dataset-lcb_v6.model-qwen3.5-9b.alpha4.0.steps100.blocks-1.cut-entropy4.0.samples20.maxnew1024.seed10086.powerMH.vllm.log,EntropyCut,9142,2026-09-09 17:04:31,65.2,116.6,1,0,0.2,0.0,130.58333333333334,50.0,8,16
/Users/jiangnanhugo/workspace/power-sharpening/Subtree-Prefetching-Power-Sharpening/case_studies/logs-entropycut/lcb_v6/2026-09-09/vllm/dataset-lcb_v6.model-qwen3.5-9b.alpha4.0.steps100.blocks-1.cut-entropy4.0.samples20.maxnew1024.seed10086.powerMH.vllm.log,EntropyCut,9147,2026-09-09 17:04:41,32.6,117.9,1,0,0.3,0.0,130.75,75.0,12,16
/Users/jiangnanhugo/workspace/power-sharpening/Subtree-Prefetching-Power-Sharpening/case_studies/logs-entropycut/lcb_v6/2026-09-09/vllm/dataset-lcb_v6.model-qwen3.5-9b.alpha4.0.steps100.blocks-1.cut-entropy4.0.samples20.maxnew1024.seed10086.powerMH.vllm.log,EntropyCut,9152,2026-09-09 17:04:51,43.5,117.8,1,0,0.4,0.0,130.91666666666666,75.0,12,16
/Users/jiangnanhugo/workspace/power-sharpening/Subtree-Prefetching-Power-Sharpening/case_studies/logs-entropycut/lcb_v6/2026-09-09/vllm/dataset-lcb_v6.model-qwen3.5-9b.alpha4.0.steps100.blocks-1.cut-entropy4.0.samples20.maxnew1024.seed10086.powerMH.vllm.log,EntropyCut,9161,2026-09-09 17:05:01,51.3,116.9,1,0,0.2,0.0,131.08333333333334,50.0,8,16
/Users/jiangnanhugo/workspace/power-sharpening/Subtree-Prefetching-Power-Sharpening/case_studies/logs-entropycut/lcb_v6/2026-09-09/vllm/dataset-lcb_v6.model-qwen3.5-9b.alpha4.0.steps100.blocks-1.cut-entropy4.0.samples20.maxnew1024.seed10086.powerMH.vllm.log,EntropyCut,9166,2026-09-09 17:05:11,32.6,117.7,1,0,0.3,0.0,131.25,75.0,12,16
/Users/jiangnanhugo/workspace/power-sharpening/Subtree-Prefetching-Power-Sharpening/case_studies/logs-entropycut/lcb_v6/2026-09-09/vllm/dataset-lcb_v6.model-qwen3.5-9b.alpha4.0.steps100.blocks-1.cut-entropy4.0.samples20.maxnew1024.seed10086.powerMH.vllm.log,EntropyCut,9171,2026-09-09 17:05:21,32.6,117.4,1,0,0.3,0.0,131.41666666666666,66.666667,8,12
/Users/jiangnanhugo/workspace/power-sharpening/Subtree-Prefetching-Power-Sharpening/case_studies/logs-entropycut/lcb_v6/2026-09-09/vllm/dataset-lcb_v6.model-qwen3.5-9b.alpha4.0.steps100.blocks-1.cut-entropy4.0.samples20.maxnew1024.seed10086.powerMH.vllm.log,EntropyCut,9180,2026-09-09 17:05:31,77.0,117.0,1,0,0.2,0.0,131.58333333333334,60.0,12,20
/Users/jiangnanhugo/workspace/power-sharpening/Subtree-Prefetching-Power-Sharpening/case_studies/logs-entropycut/lcb_v6/2026-09-09/vllm/dataset-lcb_v6.model-qwen3.5-9b.alpha4.0.steps100.blocks-1.cut-entropy4.0.samples20.maxnew1024.seed10086.powerMH.vllm.log,EntropyCut,9185,2026-09-09 17:05:41,32.6,117.9,1,0,0.3,0.0,131.75,75.0,12,16
/Users/jiangnanhugo/workspace/power-sharpening/Subtree-Prefetching-Power-Sharpening/case_studies/logs-entropycut/lcb_v6/2026-09-09/vllm/dataset-lcb_v6.model-qwen3.5-9b.alpha4.0.steps100.blocks-1.cut-entropy4.0.samples20.maxnew1024.seed10086.powerMH.vllm.log,EntropyCut,9190,2026-09-09 17:05:51,32.6,118.0,1,0,0.3,0.0,131.91666666666666,66.666667,8,12
/Users/jiangnanhugo/workspace/power-sharpening/Subtree-Prefetching-Power-Sharpening/case_studies/logs-entropycut/lcb_v6/2026-09-09/vllm/dataset-lcb_v6.model-qwen3.5-9b.alpha4.0.steps100.blocks-1.cut-entropy4.0.samples20.maxnew1024.seed10086.powerMH.vllm.log,EntropyCut,9199,2026-09-09 17:06:01,55.5,116.9,1,0,0.2,0.0,132.08333333333334,60.0,12,20
/Users/jiangnanhugo/workspace/power-sharpening/Subtree-Prefetching-Power-Sharpening/case_studies/logs-entropycut/lcb_v6/2026-09-09/vllm/dataset-lcb_v6.model-qwen3.5-9b.alpha4.0.steps100.blocks-1.cut-entropy4.0.samples20.maxnew1024.seed10086.powerMH.vllm.log,EntropyCut,9204,2026-09-09 17:06:11,21.0,117.7,1,0,0.2,0.0,132.25,66.666667,8,12
/Users/jiangnanhugo/workspace/power-sharpening/Subtree-Prefetching-Power-Sharpening/case_studies/logs-entropycut/lcb_v6/2026-09-09/vllm/dataset-lcb_v6.model-qwen3.5-9b.alpha4.0.steps100.blocks-1.cut-entropy4.0.samples20.maxnew1024.seed10086.powerMH.vllm.log,EntropyCut,9209,2026-09-09 17:06:21,35.5,118.0,1,0,0.3,0.0,132.41666666666666,75.0,12,16
/Users/jiangnanhugo/workspace/power-sharpening/Subtree-Prefetching-Power-Sharpening/case_studies/logs-entropycut/lcb_v6/2026-09-09/vllm/dataset-lcb_v6.model-qwen3.5-9b.alpha4.0.steps100.blocks-1.cut-entropy4.0.samples20.maxnew1024.seed10086.powerMH.vllm.log,EntropyCut,9214,2026-09-09 17:06:31,32.6,118.1,1,0,0.3,0.0,132.58333333333334,66.666667,8,12
/Users/jiangnanhugo/workspace/power-sharpening/Subtree-Prefetching-Power-Sharpening/case_studies/logs-entropycut/lcb_v6/2026-09-09/vllm/dataset-lcb_v6.model-qwen3.5-9b.alpha4.0.steps100.blocks-1.cut-entropy4.0.samples20.maxnew1024.seed10086.powerMH.vllm.log,EntropyCut,9223,2026-09-09 17:06:41,58.7,117.0,1,0,0.2,0.0,132.75,60.0,12,20
/Users/jiangnanhugo/workspace/power-sharpening/Subtree-Prefetching-Power-Sharpening/case_studies/logs-entropycut/lcb_v6/2026-09-09/vllm/dataset-lcb_v6.model-qwen3.5-9b.alpha4.0.steps100.blocks-1.cut-entropy4.0.samples20.maxnew1024.seed10086.powerMH.vllm.log,EntropyCut,9228,2026-09-09 17:06:51,45.0,118.1,1,0,0.3,0.0,132.91666666666666,75.0,12,16
/Users/jiangnanhugo/workspace/power-sharpening/Subtree-Prefetching-Power-Sharpening/case_studies/logs-entropycut/lcb_v6/2026-09-09/vllm/dataset-lcb_v6.model-qwen3.5-9b.alpha4.0.steps100.blocks-1.cut-entropy4.0.samples20.maxnew1024.seed10086.powerMH.vllm.log,EntropyCut,9233,2026-09-09 17:07:01,45.0,117.8,1,0,0.4,0.0,133.08333333333334,75.0,12,16
/Users/jiangnanhugo/workspace/power-sharpening/Subtree-Prefetching-Power-Sharpening/case_studies/logs-entropycut/lcb_v6/2026-09-09/vllm/dataset-lcb_v6.model-qwen3.5-9b.alpha4.0.steps100.blocks-1.cut-entropy4.0.samples20.maxnew1024.seed10086.powerMH.vllm.log,EntropyCut,9242,2026-09-09 17:07:11,68.0,117.0,1,0,0.3,0.0,133.25,60.0,12,20
/Users/jiangnanhugo/workspace/power-sharpening/Subtree-Prefetching-Power-Sharpening/case_studies/logs-entropycut/lcb_v6/2026-09-09/vllm/dataset-lcb_v6.model-qwen3.5-9b.alpha4.0.steps100.blocks-1.cut-entropy4.0.samples20.maxnew1024.seed10086.powerMH.vllm.log,EntropyCut,9251,2026-09-09 17:07:21,68.1,116.9,1,0,0.2,0.0,133.41666666666666,50.0,8,16
/Users/jiangnanhugo/workspace/power-sharpening/Subtree-Prefetching-Power-Sharpening/case_studies/logs-entropycut/lcb_v6/2026-09-09/vllm/dataset-lcb_v6.model-qwen3.5-9b.alpha4.0.steps100.blocks-1.cut-entropy4.0.samples20.maxnew1024.seed10086.powerMH.vllm.log,EntropyCut,9256,2026-09-09 17:07:31,34.1,118.1,1,0,0.3,0.0,133.58333333333334,75.0,12,16
/Users/jiangnanhugo/workspace/power-sharpening/Subtree-Prefetching-Power-Sharpening/case_studies/logs-entropycut/lcb_v6/2026-09-09/vllm/dataset-lcb_v6.model-qwen3.5-9b.alpha4.0.steps100.blocks-1.cut-entropy4.0.samples20.maxnew1024.seed10086.powerMH.vllm.log,EntropyCut,9261,2026-09-09 17:07:41,35.5,118.0,1,0,0.4,0.0,133.75,75.0,12,16
/Users/jiangnanhugo/workspace/power-sharpening/Subtree-Prefetching-Power-Sharpening/case_studies/logs-entropycut/lcb_v6/2026-09-09/vllm/dataset-lcb_v6.model-qwen3.5-9b.alpha4.0.steps100.blocks-1.cut-entropy4.0.samples20.maxnew1024.seed10086.powerMH.vllm.log,EntropyCut,9274,2026-09-09 17:07:51,84.4,116.0,1,0,0.2,0.0,133.91666666666666,40.0,8,20
/Users/jiangnanhugo/workspace/power-sharpening/Subtree-Prefetching-Power-Sharpening/case_studies/logs-entropycut/lcb_v6/2026-09-09/vllm/dataset-lcb_v6.model-qwen3.5-9b.alpha4.0.steps100.blocks-1.cut-entropy4.0.samples20.maxnew1024.seed10086.powerMH.vllm.log,EntropyCut,9279,2026-09-09 17:08:01,22.9,118.0,1,0,0.3,0.0,134.08333333333334,75.0,12,16
/Users/jiangnanhugo/workspace/power-sharpening/Subtree-Prefetching-Power-Sharpening/case_studies/logs-entropycut/lcb_v6/2026-09-09/vllm/dataset-lcb_v6.model-qwen3.5-9b.alpha4.0.steps100.blocks-1.cut-entropy4.0.samples20.maxnew1024.seed10086.powerMH.vllm.log,EntropyCut,9284,2026-09-09 17:08:11,50.2,118.1,1,0,0.4,0.0,134.25,75.0,12,16
/Users/jiangnanhugo/workspace/power-sharpening/Subtree-Prefetching-Power-Sharpening/case_studies/logs-entropycut/lcb_v6/2026-09-09/vllm/dataset-lcb_v6.model-qwen3.5-9b.alpha4.0.steps100.blocks-1.cut-entropy4.0.samples20.maxnew1024.seed10086.powerMH.vllm.log,EntropyCut,9293,2026-09-09 17:08:21,93.3,117.0,1,0,0.3,0.0,134.41666666666666,60.0,12,20
/Users/jiangnanhugo/workspace/power-sharpening/Subtree-Prefetching-Power-Sharpening/case_studies/logs-entropycut/lcb_v6/2026-09-09/vllm/dataset-lcb_v6.model-qwen3.5-9b.alpha4.0.steps100.blocks-1.cut-entropy4.0.samples20.maxnew1024.seed10086.powerMH.vllm.log,EntropyCut,9298,2026-09-09 17:08:31,49.1,118.0,1,0,0.4,0.0,134.58333333333334,75.0,12,16
/Users/jiangnanhugo/workspace/power-sharpening/Subtree-Prefetching-Power-Sharpening/case_studies/logs-entropycut/lcb_v6/2026-09-09/vllm/dataset-lcb_v6.model-qwen3.5-9b.alpha4.0.steps100.blocks-1.cut-entropy4.0.samples20.maxnew1024.seed10086.powerMH.vllm.log,EntropyCut,9307,2026-09-09 17:08:41,71.2,116.6,1,0,0.3,0.0,134.75,60.0,12,20
/Users/jiangnanhugo/workspace/power-sharpening/Subtree-Prefetching-Power-Sharpening/case_studies/logs-entropycut/lcb_v6/2026-09-09/vllm/dataset-lcb_v6.model-qwen3.5-9b.alpha4.0.steps100.blocks-1.cut-entropy4.0.samples20.maxnew1024.seed10086.powerMH.vllm.log,EntropyCut,9312,2026-09-09 17:08:51,50.2,118.0,1,0,0.4,0.0,134.91666666666666,75.0,12,16
/Users/jiangnanhugo/workspace/power-sharpening/Subtree-Prefetching-Power-Sharpening/case_studies/logs-entropycut/lcb_v6/2026-09-09/vllm/dataset-lcb_v6.model-qwen3.5-9b.alpha4.0.steps100.blocks-1.cut-entropy4.0.samples20.maxnew1024.seed10086.powerMH.vllm.log,EntropyCut,9321,2026-09-09 17:09:01,69.3,117.1,1,0,0.2,0.0,135.08333333333334,50.0,8,16
/Users/jiangnanhugo/workspace/power-sharpening/Subtree-Prefetching-Power-Sharpening/case_studies/logs-entropycut/lcb_v6/2026-09-09/vllm/dataset-lcb_v6.model-qwen3.5-9b.alpha4.0.steps100.blocks-1.cut-entropy4.0.samples20.maxnew1024.seed10086.powerMH.vllm.log,EntropyCut,9326,2026-09-09 17:09:11,40.7,118.1,1,0,0.3,0.0,135.25,75.0,12,16
/Users/jiangnanhugo/workspace/power-sharpening/Subtree-Prefetching-Power-Sharpening/case_studies/logs-entropycut/lcb_v6/2026-09-09/vllm/dataset-lcb_v6.model-qwen3.5-9b.alpha4.0.steps100.blocks-1.cut-entropy4.0.samples20.maxnew1024.seed10086.powerMH.vllm.log,EntropyCut,9331,2026-09-09 17:09:21,24.1,118.4,1,0,0.4,0.0,135.41666666666666,75.0,12,16
/Users/jiangnanhugo/workspace/power-sharpening/Subtree-Prefetching-Power-Sharpening/case_studies/logs-entropycut/lcb_v6/2026-09-09/vllm/dataset-lcb_v6.model-qwen3.5-9b.alpha4.0.steps100.blocks-1.cut-entropy4.0.samples20.maxnew1024.seed10086.powerMH.vllm.log,EntropyCut,9340,2026-09-09 17:09:31,60.3,117.0,1,0,0.2,0.0,135.58333333333334,50.0,8,16
/Users/jiangnanhugo/workspace/power-sharpening/Subtree-Prefetching-Power-Sharpening/case_studies/logs-entropycut/lcb_v6/2026-09-09/vllm/dataset-lcb_v6.model-qwen3.5-9b.alpha4.0.steps100.blocks-1.cut-entropy4.0.samples20.maxnew1024.seed10086.powerMH.vllm.log,EntropyCut,9345,2026-09-09 17:09:41,40.7,118.2,1,0,0.3,0.0,135.75,75.0,12,16
/Users/jiangnanhugo/workspace/power-sharpening/Subtree-Prefetching-Power-Sharpening/case_studies/logs-entropycut/lcb_v6/2026-09-09/vllm/dataset-lcb_v6.model-qwen3.5-9b.alpha4.0.steps100.blocks-1.cut-entropy4.0.samples20.maxnew1024.seed10086.powerMH.vllm.log,EntropyCut,9350,2026-09-09 17:09:51,21.0,118.4,1,0,0.3,0.0,135.91666666666666,66.666667,8,12
/Users/jiangnanhugo/workspace/power-sharpening/Subtree-Prefetching-Power-Sharpening/case_studies/logs-entropycut/lcb_v6/2026-09-09/vllm/dataset-lcb_v6.model-qwen3.5-9b.alpha4.0.steps100.blocks-1.cut-entropy4.0.samples20.maxnew1024.seed10086.powerMH.vllm.log,EntropyCut,9359,2026-09-09 17:10:01,37.5,117.4,1,0,0.4,0.0,136.08333333333334,60.0,12,20
/Users/jiangnanhugo/workspace/power-sharpening/Subtree-Prefetching-Power-Sharpening/case_studies/logs-entropycut/lcb_v6/2026-09-09/vllm/dataset-lcb_v6.model-qwen3.5-9b.alpha4.0.steps100.blocks-1.cut-entropy4.0.samples20.maxnew1024.seed10086.powerMH.vllm.log,EntropyCut,9368,2026-09-09 17:10:11,72.1,116.8,1,0,0.2,0.0,136.25,50.0,8,16
/Users/jiangnanhugo/workspace/power-sharpening/Subtree-Prefetching-Power-Sharpening/case_studies/logs-entropycut/lcb_v6/2026-09-09/vllm/dataset-lcb_v6.model-qwen3.5-9b.alpha4.0.steps100.blocks-1.cut-entropy4.0.samples20.maxnew1024.seed10086.powerMH.vllm.log,EntropyCut,9373,2026-09-09 17:10:21,40.7,117.6,1,0,0.3,0.0,136.41666666666666,75.0,12,16
/Users/jiangnanhugo/workspace/power-sharpening/Subtree-Prefetching-Power-Sharpening/case_studies/logs-entropycut/lcb_v6/2026-09-09/vllm/dataset-lcb_v6.model-qwen3.5-9b.alpha4.0.steps100.blocks-1.cut-entropy4.0.samples20.maxnew1024.seed10086.powerMH.vllm.log,EntropyCut,9378,2026-09-09 17:10:31,22.9,118.1,1,0,0.4,0.0,136.58333333333334,75.0,12,16
/Users/jiangnanhugo/workspace/power-sharpening/Subtree-Prefetching-Power-Sharpening/case_studies/logs-entropycut/lcb_v6/2026-09-09/vllm/dataset-lcb_v6.model-qwen3.5-9b.alpha4.0.steps100.blocks-1.cut-entropy4.0.samples20.maxnew1024.seed10086.powerMH.vllm.log,EntropyCut,9387,2026-09-09 17:10:41,53.4,117.0,1,0,0.2,0.0,136.75,50.0,8,16
/Users/jiangnanhugo/workspace/power-sharpening/Subtree-Prefetching-Power-Sharpening/case_studies/logs-entropycut/lcb_v6/2026-09-09/vllm/dataset-lcb_v6.model-qwen3.5-9b.alpha4.0.steps100.blocks-1.cut-entropy4.0.samples20.maxnew1024.seed10086.powerMH.vllm.log,EntropyCut,9392,2026-09-09 17:10:51,40.7,118.3,1,0,0.3,0.0,136.91666666666666,75.0,12,16
/Users/jiangnanhugo/workspace/power-sharpening/Subtree-Prefetching-Power-Sharpening/case_studies/logs-entropycut/lcb_v6/2026-09-09/vllm/dataset-lcb_v6.model-qwen3.5-9b.alpha4.0.steps100.blocks-1.cut-entropy4.0.samples20.maxnew1024.seed10086.powerMH.vllm.log,EntropyCut,9397,2026-09-09 17:11:01,34.1,118.2,1,0,0.3,0.0,137.08333333333334,66.666667,8,12
/Users/jiangnanhugo/workspace/power-sharpening/Subtree-Prefetching-Power-Sharpening/case_studies/logs-entropycut/lcb_v6/2026-09-09/vllm/dataset-lcb_v6.model-qwen3.5-9b.alpha4.0.steps100.blocks-1.cut-entropy4.0.samples20.maxnew1024.seed10086.powerMH.vllm.log,EntropyCut,9406,2026-09-09 17:11:11,52.5,117.1,1,0,0.2,0.0,137.25,60.0,12,20
/Users/jiangnanhugo/workspace/power-sharpening/Subtree-Prefetching-Power-Sharpening/case_studies/logs-entropycut/lcb_v6/2026-09-09/vllm/dataset-lcb_v6.model-qwen3.5-9b.alpha4.0.steps100.blocks-1.cut-entropy4.0.samples20.maxnew1024.seed10086.powerMH.vllm.log,EntropyCut,9411,2026-09-09 17:11:21,31.5,118.3,1,0,0.2,0.0,137.41666666666666,66.666667,8,12
/Users/jiangnanhugo/workspace/power-sharpening/Subtree-Prefetching-Power-Sharpening/case_studies/logs-entropycut/lcb_v6/2026-09-09/vllm/dataset-lcb_v6.model-qwen3.5-9b.alpha4.0.steps100.blocks-1.cut-entropy4.0.samples20.maxnew1024.seed10086.powerMH.vllm.log,EntropyCut,9416,2026-09-09 17:11:31,26.7,118.4,1,0,0.3,0.0,137.58333333333334,75.0,12,16
/Users/jiangnanhugo/workspace/power-sharpening/Subtree-Prefetching-Power-Sharpening/case_studies/logs-entropycut/lcb_v6/2026-09-09/vllm/dataset-lcb_v6.model-qwen3.5-9b.alpha4.0.steps100.blocks-1.cut-entropy4.0.samples20.maxnew1024.seed10086.powerMH.vllm.log,EntropyCut,9421,2026-09-09 17:11:41,44.9,118.4,1,0,0.4,0.0,137.75,75.0,12,16
/Users/jiangnanhugo/workspace/power-sharpening/Subtree-Prefetching-Power-Sharpening/case_studies/logs-entropycut/lcb_v6/2026-09-09/vllm/dataset-lcb_v6.model-qwen3.5-9b.alpha4.0.steps100.blocks-1.cut-entropy4.0.samples20.maxnew1024.seed10086.powerMH.vllm.log,EntropyCut,9434,2026-09-09 17:11:51,61.4,116.4,1,0,0.2,0.0,137.91666666666666,40.0,8,20
/Users/jiangnanhugo/workspace/power-sharpening/Subtree-Prefetching-Power-Sharpening/case_studies/logs-entropycut/lcb_v6/2026-09-09/vllm/dataset-lcb_v6.model-qwen3.5-9b.alpha4.0.steps100.blocks-1.cut-entropy4.0.samples20.maxnew1024.seed10086.powerMH.vllm.log,EntropyCut,9439,2026-09-09 17:12:01,31.5,118.0,1,0,0.3,0.0,138.08333333333334,75.0,12,16
/Users/jiangnanhugo/workspace/power-sharpening/Subtree-Prefetching-Power-Sharpening/case_studies/logs-entropycut/lcb_v6/2026-09-09/vllm/dataset-lcb_v6.model-qwen3.5-9b.alpha4.0.steps100.blocks-1.cut-entropy4.0.samples20.maxnew1024.seed10086.powerMH.vllm.log,EntropyCut,9444,2026-09-09 17:12:11,31.0,118.4,1,0,0.3,0.0,138.25,66.666667,8,12
/Users/jiangnanhugo/workspace/power-sharpening/Subtree-Prefetching-Power-Sharpening/case_studies/logs-entropycut/lcb_v6/2026-09-09/vllm/dataset-lcb_v6.model-qwen3.5-9b.alpha4.0.steps100.blocks-1.cut-entropy4.0.samples20.maxnew1024.seed10086.powerMH.vllm.log,EntropyCut,9449,2026-09-09 17:12:21,22.9,118.3,1,0,0.3,0.0,138.41666666666666,66.666667,8,12
/Users/jiangnanhugo/workspace/power-sharpening/Subtree-Prefetching-Power-Sharpening/case_studies/logs-entropycut/lcb_v6/2026-09-09/vllm/dataset-lcb_v6.model-qwen3.5-9b.alpha4.0.steps100.blocks-1.cut-entropy4.0.samples20.maxnew1024.seed10086.powerMH.vllm.log,EntropyCut,9458,2026-09-09 17:12:31,63.9,117.6,1,0,0.2,0.0,138.58333333333334,60.0,12,20
/Users/jiangnanhugo/workspace/power-sharpening/Subtree-Prefetching-Power-Sharpening/case_studies/logs-entropycut/lcb_v6/2026-09-09/vllm/dataset-lcb_v6.model-qwen3.5-9b.alpha4.0.steps100.blocks-1.cut-entropy4.0.samples20.maxnew1024.seed10086.powerMH.vllm.log,EntropyCut,9463,2026-09-09 17:12:41,24.6,118.4,1,0,0.3,0.0,138.75,75.0,12,16
/Users/jiangnanhugo/workspace/power-sharpening/Subtree-Prefetching-Power-Sharpening/case_studies/logs-entropycut/lcb_v6/2026-09-09/vllm/dataset-lcb_v6.model-qwen3.5-9b.alpha4.0.steps100.blocks-1.cut-entropy4.0.samples20.maxnew1024.seed10086.powerMH.vllm.log,EntropyCut,9468,2026-09-09 17:12:51,43.0,118.0,1,0,0.3,0.0,138.91666666666666,66.666667,8,12
/Users/jiangnanhugo/workspace/power-sharpening/Subtree-Prefetching-Power-Sharpening/case_studies/logs-entropycut/lcb_v6/2026-09-09/vllm/dataset-lcb_v6.model-qwen3.5-9b.alpha4.0.steps100.blocks-1.cut-entropy4.0.samples20.maxnew1024.seed10086.powerMH.vllm.log,EntropyCut,9477,2026-09-09 17:13:01,72.0,117.4,1,0,0.2,0.0,139.08333333333334,60.0,12,20
/Users/jiangnanhugo/workspace/power-sharpening/Subtree-Prefetching-Power-Sharpening/case_studies/logs-entropycut/lcb_v6/2026-09-09/vllm/dataset-lcb_v6.model-qwen3.5-9b.alpha4.0.steps100.blocks-1.cut-entropy4.0.samples20.maxnew1024.seed10086.powerMH.vllm.log,EntropyCut,9482,2026-09-09 17:13:11,0.1,118.5,1,0,0.2,0.0,139.25,66.666667,8,12
/Users/jiangnanhugo/workspace/power-sharpening/Subtree-Prefetching-Power-Sharpening/case_studies/logs-entropycut/lcb_v6/2026-09-09/vllm/dataset-lcb_v6.model-qwen3.5-9b.alpha4.0.steps100.blocks-1.cut-entropy4.0.samples20.maxnew1024.seed10086.powerMH.vllm.log,EntropyCut,9487,2026-09-09 17:13:21,31.5,117.8,1,0,0.4,0.0,139.41666666666666,75.0,12,16
/Users/jiangnanhugo/workspace/power-sharpening/Subtree-Prefetching-Power-Sharpening/case_studies/logs-entropycut/lcb_v6/2026-09-09/vllm/dataset-lcb_v6.model-qwen3.5-9b.alpha4.0.steps100.blocks-1.cut-entropy4.0.samples20.maxnew1024.seed10086.powerMH.vllm.log,EntropyCut,9496,2026-09-09 17:13:31,68.2,116.7,1,0,0.3,0.0,139.58333333333334,60.0,12,20
/Users/jiangnanhugo/workspace/power-sharpening/Subtree-Prefetching-Power-Sharpening/case_studies/logs-entropycut/lcb_v6/2026-09-09/vllm/dataset-lcb_v6.model-qwen3.5-9b.alpha4.0.steps100.blocks-1.cut-entropy4.0.samples20.maxnew1024.seed10086.powerMH.vllm.log,EntropyCut,9501,2026-09-09 17:13:41,44.7,117.3,1,0,0.3,0.0,139.75,66.666667,8,12
/Users/jiangnanhugo/workspace/power-sharpening/Subtree-Prefetching-Power-Sharpening/case_studies/logs-entropycut/lcb_v6/2026-09-09/vllm/dataset-lcb_v6.model-qwen3.5-9b.alpha4.0.steps100.blocks-1.cut-entropy4.0.samples20.maxnew1024.seed10086.powerMH.vllm.log,EntropyCut,9510,2026-09-09 17:13:51,39.9,116.8,1,0,0.3,0.0,139.91666666666666,60.0,12,20
/Users/jiangnanhugo/workspace/power-sharpening/Subtree-Prefetching-Power-Sharpening/case_studies/logs-entropycut/lcb_v6/2026-09-09/vllm/dataset-lcb_v6.model-qwen3.5-9b.alpha4.0.steps100.blocks-1.cut-entropy4.0.samples20.maxnew1024.seed10086.powerMH.vllm.log,EntropyCut,9515,2026-09-09 17:14:01,41.1,117.7,1,0,0.3,0.0,140.08333333333334,66.666667,8,12
/Users/jiangnanhugo/workspace/power-sharpening/Subtree-Prefetching-Power-Sharpening/case_studies/logs-entropycut/lcb_v6/2026-09-09/vllm/dataset-lcb_v6.model-qwen3.5-9b.alpha4.0.steps100.blocks-1.cut-entropy4.0.samples20.maxnew1024.seed10086.powerMH.vllm.log,EntropyCut,9524,2026-09-09 17:14:11,61.9,116.5,1,0,0.2,0.0,140.25,60.0,12,20
/Users/jiangnanhugo/workspace/power-sharpening/Subtree-Prefetching-Power-Sharpening/case_studies/logs-entropycut/lcb_v6/2026-09-09/vllm/dataset-lcb_v6.model-qwen3.5-9b.alpha4.0.steps100.blocks-1.cut-entropy4.0.samples20.maxnew1024.seed10086.powerMH.vllm.log,EntropyCut,9529,2026-09-09 17:14:21,24.1,117.5,1,0,0.4,0.0,140.41666666666666,75.0,12,16
/Users/jiangnanhugo/workspace/power-sharpening/Subtree-Prefetching-Power-Sharpening/case_studies/logs-entropycut/lcb_v6/2026-09-09/vllm/dataset-lcb_v6.model-qwen3.5-9b.alpha4.0.steps100.blocks-1.cut-entropy4.0.samples20.maxnew1024.seed10086.powerMH.vllm.log,EntropyCut,9538,2026-09-09 17:14:31,70.2,116.5,1,0,0.3,0.0,140.58333333333334,50.0,8,16
/Users/jiangnanhugo/workspace/power-sharpening/Subtree-Prefetching-Power-Sharpening/case_studies/logs-entropycut/lcb_v6/2026-09-09/vllm/dataset-lcb_v6.model-qwen3.5-9b.alpha4.0.steps100.blocks-1.cut-entropy4.0.samples20.maxnew1024.seed10086.powerMH.vllm.log,EntropyCut,9547,2026-09-09 17:14:41,72.2,116.7,1,0,0.2,0.0,140.75,60.0,12,20
/Users/jiangnanhugo/workspace/power-sharpening/Subtree-Prefetching-Power-Sharpening/case_studies/logs-entropycut/lcb_v6/2026-09-09/vllm/dataset-lcb_v6.model-qwen3.5-9b.alpha4.0.steps100.blocks-1.cut-entropy4.0.samples20.maxnew1024.seed10086.powerMH.vllm.log,EntropyCut,9694,2026-09-09 17:14:51,63.3,114.7,1,0,0.2,0.0,140.91666666666666,75.0,12,16
/Users/jiangnanhugo/workspace/power-sharpening/Subtree-Prefetching-Power-Sharpening/case_studies/logs-entropycut/lcb_v6/2026-09-09/vllm/dataset-lcb_v6.model-qwen3.5-9b.alpha4.0.steps100.blocks-1.cut-entropy4.0.samples20.maxnew1024.seed10086.powerMH.vllm.log,EntropyCut,9702,2026-09-09 17:15:01,107.6,115.6,1,0,0.2,0.0,141.08333333333334,66.666667,16,24
/Users/jiangnanhugo/workspace/power-sharpening/Subtree-Prefetching-Power-Sharpening/case_studies/logs-entropycut/lcb_v6/2026-09-09/vllm/dataset-lcb_v6.model-qwen3.5-9b.alpha4.0.steps100.blocks-1.cut-entropy4.0.samples20.maxnew1024.seed10086.powerMH.vllm.log,EntropyCut,9707,2026-09-09 17:15:11,44.6,116.6,1,0,0.3,0.0,141.25,75.0,12,16
/Users/jiangnanhugo/workspace/power-sharpening/Subtree-Prefetching-Power-Sharpening/case_studies/logs-entropycut/lcb_v6/2026-09-09/vllm/dataset-lcb_v6.model-qwen3.5-9b.alpha4.0.steps100.blocks-1.cut-entropy4.0.samples20.maxnew1024.seed10086.powerMH.vllm.log,EntropyCut,9716,2026-09-09 17:15:21,38.2,115.8,1,0,0.2,0.0,141.41666666666666,60.0,12,20
/Users/jiangnanhugo/workspace/power-sharpening/Subtree-Prefetching-Power-Sharpening/case_studies/logs-entropycut/lcb_v6/2026-09-09/vllm/dataset-lcb_v6.model-qwen3.5-9b.alpha4.0.steps100.blocks-1.cut-entropy4.0.samples20.maxnew1024.seed10086.powerMH.vllm.log,EntropyCut,9721,2026-09-09 17:15:31,19.0,117.5,1,0,0.2,0.0,141.58333333333334,66.666667,8,12
/Users/jiangnanhugo/workspace/power-sharpening/Subtree-Prefetching-Power-Sharpening/case_studies/logs-entropycut/lcb_v6/2026-09-09/vllm/dataset-lcb_v6.model-qwen3.5-9b.alpha4.0.steps100.blocks-1.cut-entropy4.0.samples20.maxnew1024.seed10086.powerMH.vllm.log,EntropyCut,9726,2026-09-09 17:15:41,48.6,117.4,1,0,0.3,0.0,141.75,75.0,12,16
/Users/jiangnanhugo/workspace/power-sharpening/Subtree-Prefetching-Power-Sharpening/case_studies/logs-entropycut/lcb_v6/2026-09-09/vllm/dataset-lcb_v6.model-qwen3.5-9b.alpha4.0.steps100.blocks-1.cut-entropy4.0.samples20.maxnew1024.seed10086.powerMH.vllm.log,EntropyCut,9735,2026-09-09 17:15:51,69.7,116.0,1,0,0.3,0.0,141.91666666666666,66.666667,16,24
/Users/jiangnanhugo/workspace/power-sharpening/Subtree-Prefetching-Power-Sharpening/case_studies/logs-entropycut/lcb_v6/2026-09-09/vllm/dataset-lcb_v6.model-qwen3.5-9b.alpha4.0.steps100.blocks-1.cut-entropy4.0.samples20.maxnew1024.seed10086.powerMH.vllm.log,EntropyCut,9740,2026-09-09 17:16:01,24.2,117.1,1,0,0.3,0.0,142.08333333333334,66.666667,8,12
/Users/jiangnanhugo/workspace/power-sharpening/Subtree-Prefetching-Power-Sharpening/case_studies/logs-entropycut/lcb_v6/2026-09-09/vllm/dataset-lcb_v6.model-qwen3.5-9b.alpha4.0.steps100.blocks-1.cut-entropy4.0.samples20.maxnew1024.seed10086.powerMH.vllm.log,EntropyCut,9749,2026-09-09 17:16:11,65.6,115.9,1,0,0.2,0.0,142.25,60.0,12,20
/Users/jiangnanhugo/workspace/power-sharpening/Subtree-Prefetching-Power-Sharpening/case_studies/logs-entropycut/lcb_v6/2026-09-09/vllm/dataset-lcb_v6.model-qwen3.5-9b.alpha4.0.steps100.blocks-1.cut-entropy4.0.samples20.maxnew1024.seed10086.powerMH.vllm.log,EntropyCut,9754,2026-09-09 17:16:21,10.7,117.3,1,0,0.3,0.0,142.41666666666666,75.0,12,16
/Users/jiangnanhugo/workspace/power-sharpening/Subtree-Prefetching-Power-Sharpening/case_studies/logs-entropycut/lcb_v6/2026-09-09/vllm/dataset-lcb_v6.model-qwen3.5-9b.alpha4.0.steps100.blocks-1.cut-entropy4.0.samples20.maxnew1024.seed10086.powerMH.vllm.log,EntropyCut,9763,2026-09-09 17:16:31,69.3,116.1,1,0,0.2,0.0,142.58333333333334,60.0,12,20
/Users/jiangnanhugo/workspace/power-sharpening/Subtree-Prefetching-Power-Sharpening/case_studies/logs-entropycut/lcb_v6/2026-09-09/vllm/dataset-lcb_v6.model-qwen3.5-9b.alpha4.0.steps100.blocks-1.cut-entropy4.0.samples20.maxnew1024.seed10086.powerMH.vllm.log,EntropyCut,9768,2026-09-09 17:16:41,20.7,116.9,1,0,0.2,0.0,142.75,66.666667,8,12
/Users/jiangnanhugo/workspace/power-sharpening/Subtree-Prefetching-Power-Sharpening/case_studies/logs-entropycut/lcb_v6/2026-09-09/vllm/dataset-lcb_v6.model-qwen3.5-9b.alpha4.0.steps100.blocks-1.cut-entropy4.0.samples20.maxnew1024.seed10086.powerMH.vllm.log,EntropyCut,9773,2026-09-09 17:16:51,48.6,117.4,1,0,0.3,0.0,142.91666666666666,75.0,12,16
/Users/jiangnanhugo/workspace/power-sharpening/Subtree-Prefetching-Power-Sharpening/case_studies/logs-entropycut/lcb_v6/2026-09-09/vllm/dataset-lcb_v6.model-qwen3.5-9b.alpha4.0.steps100.blocks-1.cut-entropy4.0.samples20.maxnew1024.seed10086.powerMH.vllm.log,EntropyCut,9782,2026-09-09 17:17:01,59.3,116.1,1,0,0.2,0.0,143.08333333333334,60.0,12,20
/Users/jiangnanhugo/workspace/power-sharpening/Subtree-Prefetching-Power-Sharpening/case_studies/logs-entropycut/lcb_v6/2026-09-09/vllm/dataset-lcb_v6.model-qwen3.5-9b.alpha4.0.steps100.blocks-1.cut-entropy4.0.samples20.maxnew1024.seed10086.powerMH.vllm.log,EntropyCut,9787,2026-09-09 17:17:11,37.0,117.3,1,0,0.3,0.0,143.25,75.0,12,16
/Users/jiangnanhugo/workspace/power-sharpening/Subtree-Prefetching-Power-Sharpening/case_studies/logs-entropycut/lcb_v6/2026-09-09/vllm/dataset-lcb_v6.model-qwen3.5-9b.alpha4.0.steps100.blocks-1.cut-entropy4.0.samples20.maxnew1024.seed10086.powerMH.vllm.log,EntropyCut,9796,2026-09-09 17:17:21,53.5,116.3,1,0,0.2,0.0,143.41666666666666,60.0,12,20
/Users/jiangnanhugo/workspace/power-sharpening/Subtree-Prefetching-Power-Sharpening/case_studies/logs-entropycut/lcb_v6/2026-09-09/vllm/dataset-lcb_v6.model-qwen3.5-9b.alpha4.0.steps100.blocks-1.cut-entropy4.0.samples20.maxnew1024.seed10086.powerMH.vllm.log,EntropyCut,9801,2026-09-09 17:17:31,10.7,117.4,1,0,0.2,0.0,143.58333333333334,66.666667,8,12
/Users/jiangnanhugo/workspace/power-sharpening/Subtree-Prefetching-Power-Sharpening/case_studies/logs-entropycut/lcb_v6/2026-09-09/vllm/dataset-lcb_v6.model-qwen3.5-9b.alpha4.0.steps100.blocks-1.cut-entropy4.0.samples20.maxnew1024.seed10086.powerMH.vllm.log,EntropyCut,9806,2026-09-09 17:17:41,19.0,117.4,1,0,0.3,0.0,143.75,75.0,12,16
/Users/jiangnanhugo/workspace/power-sharpening/Subtree-Prefetching-Power-Sharpening/case_studies/logs-entropycut/lcb_v6/2026-09-09/vllm/dataset-lcb_v6.model-qwen3.5-9b.alpha4.0.steps100.blocks-1.cut-entropy4.0.samples20.maxnew1024.seed10086.powerMH.vllm.log,EntropyCut,9815,2026-09-09 17:17:51,65.7,115.8,1,0,0.2,0.0,143.91666666666666,60.0,12,20
/Users/jiangnanhugo/workspace/power-sharpening/Subtree-Prefetching-Power-Sharpening/case_studies/logs-entropycut/lcb_v6/2026-09-09/vllm/dataset-lcb_v6.model-qwen3.5-9b.alpha4.0.steps100.blocks-1.cut-entropy4.0.samples20.maxnew1024.seed10086.powerMH.vllm.log,EntropyCut,9820,2026-09-09 17:18:01,11.3,117.4,1,0,0.2,0.0,144.08333333333334,66.666667,8,12
/Users/jiangnanhugo/workspace/power-sharpening/Subtree-Prefetching-Power-Sharpening/case_studies/logs-entropycut/lcb_v6/2026-09-09/vllm/dataset-lcb_v6.model-qwen3.5-9b.alpha4.0.steps100.blocks-1.cut-entropy4.0.samples20.maxnew1024.seed10086.powerMH.vllm.log,EntropyCut,9825,2026-09-09 17:18:11,38.5,117.4,1,0,0.3,0.0,144.25,75.0,12,16
/Users/jiangnanhugo/workspace/power-sharpening/Subtree-Prefetching-Power-Sharpening/case_studies/logs-entropycut/lcb_v6/2026-09-09/vllm/dataset-lcb_v6.model-qwen3.5-9b.alpha4.0.steps100.blocks-1.cut-entropy4.0.samples20.maxnew1024.seed10086.powerMH.vllm.log,EntropyCut,9830,2026-09-09 17:18:21,10.7,117.4,1,0,0.3,0.0,144.41666666666666,66.666667,8,12
/Users/jiangnanhugo/workspace/power-sharpening/Subtree-Prefetching-Power-Sharpening/case_studies/logs-entropycut/lcb_v6/2026-09-09/vllm/dataset-lcb_v6.model-qwen3.5-9b.alpha4.0.steps100.blocks-1.cut-entropy4.0.samples20.maxnew1024.seed10086.powerMH.vllm.log,EntropyCut,9839,2026-09-09 17:18:31,46.2,116.0,1,0,0.2,0.0,144.58333333333334,60.0,12,20
/Users/jiangnanhugo/workspace/power-sharpening/Subtree-Prefetching-Power-Sharpening/case_studies/logs-entropycut/lcb_v6/2026-09-09/vllm/dataset-lcb_v6.model-qwen3.5-9b.alpha4.0.steps100.blocks-1.cut-entropy4.0.samples20.maxnew1024.seed10086.powerMH.vllm.log,EntropyCut,9844,2026-09-09 17:18:41,38.5,117.0,1,0,0.3,0.0,144.75,75.0,12,16
/Users/jiangnanhugo/workspace/power-sharpening/Subtree-Prefetching-Power-Sharpening/case_studies/logs-entropycut/lcb_v6/2026-09-09/vllm/dataset-lcb_v6.model-qwen3.5-9b.alpha4.0.steps100.blocks-1.cut-entropy4.0.samples20.maxnew1024.seed10086.powerMH.vllm.log,EntropyCut,9849,2026-09-09 17:18:51,12.3,117.3,1,0,0.3,0.0,144.91666666666666,66.666667,8,12
/Users/jiangnanhugo/workspace/power-sharpening/Subtree-Prefetching-Power-Sharpening/case_studies/logs-entropycut/lcb_v6/2026-09-09/vllm/dataset-lcb_v6.model-qwen3.5-9b.alpha4.0.steps100.blocks-1.cut-entropy4.0.samples20.maxnew1024.seed10086.powerMH.vllm.log,EntropyCut,9858,2026-09-09 17:19:01,60.2,116.5,1,0,0.3,0.0,145.08333333333334,66.666667,16,24
/Users/jiangnanhugo/workspace/power-sharpening/Subtree-Prefetching-Power-Sharpening/case_studies/logs-entropycut/lcb_v6/2026-09-09/vllm/dataset-lcb_v6.model-qwen3.5-9b.alpha4.0.steps100.blocks-1.cut-entropy4.0.samples20.maxnew1024.seed10086.powerMH.vllm.log,EntropyCut,9863,2026-09-09 17:19:11,37.0,117.2,1,0,0.3,0.0,145.25,66.666667,8,12
/Users/jiangnanhugo/workspace/power-sharpening/Subtree-Prefetching-Power-Sharpening/case_studies/logs-entropycut/lcb_v6/2026-09-09/vllm/dataset-lcb_v6.model-qwen3.5-9b.alpha4.0.steps100.blocks-1.cut-entropy4.0.samples20.maxnew1024.seed10086.powerMH.vllm.log,EntropyCut,9872,2026-09-09 17:19:21,64.8,116.2,1,0,0.3,0.0,145.41666666666666,60.0,12,20
/Users/jiangnanhugo/workspace/power-sharpening/Subtree-Prefetching-Power-Sharpening/case_studies/logs-entropycut/lcb_v6/2026-09-09/vllm/dataset-lcb_v6.model-qwen3.5-9b.alpha4.0.steps100.blocks-1.cut-entropy4.0.samples20.maxnew1024.seed10086.powerMH.vllm.log,EntropyCut,9881,2026-09-09 17:19:31,74.0,116.0,1,0,0.3,0.0,145.58333333333334,66.666667,16,24
/Users/jiangnanhugo/workspace/power-sharpening/Subtree-Prefetching-Power-Sharpening/case_studies/logs-entropycut/lcb_v6/2026-09-09/vllm/dataset-lcb_v6.model-qwen3.5-9b.alpha4.0.steps100.blocks-1.cut-entropy4.0.samples20.maxnew1024.seed10086.powerMH.vllm.log,EntropyCut,9886,2026-09-09 17:19:41,24.2,117.4,1,0,0.3,0.0,145.75,66.666667,8,12
/Users/jiangnanhugo/workspace/power-sharpening/Subtree-Prefetching-Power-Sharpening/case_studies/logs-entropycut/lcb_v6/2026-09-09/vllm/dataset-lcb_v6.model-qwen3.5-9b.alpha4.0.steps100.blocks-1.cut-entropy4.0.samples20.maxnew1024.seed10086.powerMH.vllm.log,EntropyCut,9895,2026-09-09 17:19:51,43.2,116.6,1,0,0.2,0.0,145.91666666666666,60.0,12,20
/Users/jiangnanhugo/workspace/power-sharpening/Subtree-Prefetching-Power-Sharpening/case_studies/logs-entropycut/lcb_v6/2026-09-09/vllm/dataset-lcb_v6.model-qwen3.5-9b.alpha4.0.steps100.blocks-1.cut-entropy4.0.samples20.maxnew1024.seed10086.powerMH.vllm.log,EntropyCut,9900,2026-09-09 17:20:01,48.6,117.3,1,0,0.3,0.0,146.08333333333334,75.0,12,16
/Users/jiangnanhugo/workspace/power-sharpening/Subtree-Prefetching-Power-Sharpening/case_studies/logs-entropycut/lcb_v6/2026-09-09/vllm/dataset-lcb_v6.model-qwen3.5-9b.alpha4.0.steps100.blocks-1.cut-entropy4.0.samples20.maxnew1024.seed10086.powerMH.vllm.log,EntropyCut,9909,2026-09-09 17:20:11,97.1,116.3,1,0,0.3,0.0,146.25,66.666667,16,24
/Users/jiangnanhugo/workspace/power-sharpening/Subtree-Prefetching-Power-Sharpening/case_studies/logs-entropycut/lcb_v6/2026-09-09/vllm/dataset-lcb_v6.model-qwen3.5-9b.alpha4.0.steps100.blocks-1.cut-entropy4.0.samples20.maxnew1024.seed10086.powerMH.vllm.log,EntropyCut,9918,2026-09-09 17:20:21,65.6,116.4,1,0,0.3,0.0,146.41666666666666,60.0,12,20
/Users/jiangnanhugo/workspace/power-sharpening/Subtree-Prefetching-Power-Sharpening/case_studies/logs-entropycut/lcb_v6/2026-09-09/vllm/dataset-lcb_v6.model-qwen3.5-9b.alpha4.0.steps100.blocks-1.cut-entropy4.0.samples20.maxnew1024.seed10086.powerMH.vllm.log,EntropyCut,9927,2026-09-09 17:20:31,74.2,116.5,1,0,0.2,0.0,146.58333333333334,60.0,12,20
/Users/jiangnanhugo/workspace/power-sharpening/Subtree-Prefetching-Power-Sharpening/case_studies/logs-entropycut/lcb_v6/2026-09-09/vllm/dataset-lcb_v6.model-qwen3.5-9b.alpha4.0.steps100.blocks-1.cut-entropy4.0.samples20.maxnew1024.seed10086.powerMH.vllm.log,EntropyCut,9932,2026-09-09 17:20:41,11.3,117.2,1,0,0.3,0.0,146.75,75.0,12,16
/Users/jiangnanhugo/workspace/power-sharpening/Subtree-Prefetching-Power-Sharpening/case_studies/logs-entropycut/lcb_v6/2026-09-09/vllm/dataset-lcb_v6.model-qwen3.5-9b.alpha4.0.steps100.blocks-1.cut-entropy4.0.samples20.maxnew1024.seed10086.powerMH.vllm.log,EntropyCut,9941,2026-09-09 17:20:51,74.5,116.5,1,0,0.2,0.0,146.91666666666666,60.0,12,20
/Users/jiangnanhugo/workspace/power-sharpening/Subtree-Prefetching-Power-Sharpening/case_studies/logs-entropycut/lcb_v6/2026-09-09/vllm/dataset-lcb_v6.model-qwen3.5-9b.alpha4.0.steps100.blocks-1.cut-entropy4.0.samples20.maxnew1024.seed10086.powerMH.vllm.log,EntropyCut,9946,2026-09-09 17:21:01,19.0,117.5,1,0,0.3,0.0,147.08333333333334,75.0,12,16
/Users/jiangnanhugo/workspace/power-sharpening/Subtree-Prefetching-Power-Sharpening/case_studies/logs-entropycut/lcb_v6/2026-09-09/vllm/dataset-lcb_v6.model-qwen3.5-9b.alpha4.0.steps100.blocks-1.cut-entropy4.0.samples20.maxnew1024.seed10086.powerMH.vllm.log,EntropyCut,9951,2026-09-09 17:21:11,48.6,117.0,1,0,0.4,0.0,147.25,75.0,12,16
/Users/jiangnanhugo/workspace/power-sharpening/Subtree-Prefetching-Power-Sharpening/case_studies/logs-entropycut/lcb_v6/2026-09-09/vllm/dataset-lcb_v6.model-qwen3.5-9b.alpha4.0.steps100.blocks-1.cut-entropy4.0.samples20.maxnew1024.seed10086.powerMH.vllm.log,EntropyCut,9960,2026-09-09 17:21:21,97.1,116.2,1,0,0.3,0.0,147.41666666666666,60.0,12,20
/Users/jiangnanhugo/workspace/power-sharpening/Subtree-Prefetching-Power-Sharpening/case_studies/logs-entropycut/lcb_v6/2026-09-09/vllm/dataset-lcb_v6.model-qwen3.5-9b.alpha4.0.steps100.blocks-1.cut-entropy4.0.samples20.maxnew1024.seed10086.powerMH.vllm.log,EntropyCut,9969,2026-09-09 17:21:31,75.5,116.7,1,0,0.3,0.0,147.58333333333334,66.666667,16,24
/Users/jiangnanhugo/workspace/power-sharpening/Subtree-Prefetching-Power-Sharpening/case_studies/logs-entropycut/lcb_v6/2026-09-09/vllm/dataset-lcb_v6.model-qwen3.5-9b.alpha4.0.steps100.blocks-1.cut-entropy4.0.samples20.maxnew1024.seed10086.powerMH.vllm.log,EntropyCut,9978,2026-09-09 17:21:41,59.3,116.6,1,0,0.2,0.0,147.75,60.0,12,20
/Users/jiangnanhugo/workspace/power-sharpening/Subtree-Prefetching-Power-Sharpening/case_studies/logs-entropycut/lcb_v6/2026-09-09/vllm/dataset-lcb_v6.model-qwen3.5-9b.alpha4.0.steps100.blocks-1.cut-entropy4.0.samples20.maxnew1024.seed10086.powerMH.vllm.log,EntropyCut,9983,2026-09-09 17:21:51,10.7,117.7,1,0,0.2,0.0,147.91666666666666,66.666667,8,12
/Users/jiangnanhugo/workspace/power-sharpening/Subtree-Prefetching-Power-Sharpening/case_studies/logs-entropycut/lcb_v6/2026-09-09/vllm/dataset-lcb_v6.model-qwen3.5-9b.alpha4.0.steps100.blocks-1.cut-entropy4.0.samples20.maxnew1024.seed10086.powerMH.vllm.log,EntropyCut,9988,2026-09-09 17:22:01,19.0,117.4,1,0,0.2,0.0,148.08333333333334,66.666667,8,12
/Users/jiangnanhugo/workspace/power-sharpening/Subtree-Prefetching-Power-Sharpening/case_studies/logs-entropycut/lcb_v6/2026-09-09/vllm/dataset-lcb_v6.model-qwen3.5-9b.alpha4.0.steps100.blocks-1.cut-entropy4.0.samples20.maxnew1024.seed10086.powerMH.vllm.log,EntropyCut,9993,2026-09-09 17:22:11,38.5,117.5,1,0,0.3,0.0,148.25,75.0,12,16
/Users/jiangnanhugo/workspace/power-sharpening/Subtree-Prefetching-Power-Sharpening/case_studies/logs-entropycut/lcb_v6/2026-09-09/vllm/dataset-lcb_v6.model-qwen3.5-9b.alpha4.0.steps100.blocks-1.cut-entropy4.0.samples20.maxnew1024.seed10086.powerMH.vllm.log,EntropyCut,9998,2026-09-09 17:22:21,11.3,117.8,1,0,0.4,0.0,148.41666666666666,75.0,12,16
/Users/jiangnanhugo/workspace/power-sharpening/Subtree-Prefetching-Power-Sharpening/case_studies/logs-entropycut/lcb_v6/2026-09-09/vllm/dataset-lcb_v6.model-qwen3.5-9b.alpha4.0.steps100.blocks-1.cut-entropy4.0.samples20.maxnew1024.seed10086.powerMH.vllm.log,EntropyCut,10011,2026-09-09 17:22:31,131.5,115.5,1,0,0.3,0.0,148.58333333333334,57.142857,16,28
/Users/jiangnanhugo/workspace/power-sharpening/Subtree-Prefetching-Power-Sharpening/case_studies/logs-entropycut/lcb_v6/2026-09-09/vllm/dataset-lcb_v6.model-qwen3.5-9b.alpha4.0.steps100.blocks-1.cut-entropy4.0.samples20.maxnew1024.seed10086.powerMH.vllm.log,EntropyCut,10016,2026-09-09 17:22:41,24.9,117.8,1,0,0.3,0.0,148.75,66.666667,8,12
/Users/jiangnanhugo/workspace/power-sharpening/Subtree-Prefetching-Power-Sharpening/case_studies/logs-entropycut/lcb_v6/2026-09-09/vllm/dataset-lcb_v6.model-qwen3.5-9b.alpha4.0.steps100.blocks-1.cut-entropy4.0.samples20.maxnew1024.seed10086.powerMH.vllm.log,EntropyCut,10025,2026-09-09 17:22:51,29.7,116.3,1,0,0.2,0.0,148.91666666666666,60.0,12,20
/Users/jiangnanhugo/workspace/power-sharpening/Subtree-Prefetching-Power-Sharpening/case_studies/logs-entropycut/lcb_v6/2026-09-09/vllm/dataset-lcb_v6.model-qwen3.5-9b.alpha4.0.steps100.blocks-1.cut-entropy4.0.samples20.maxnew1024.seed10086.powerMH.vllm.log,EntropyCut,10030,2026-09-09 17:23:01,25.8,117.8,1,0,0.3,0.0,149.08333333333334,75.0,12,16
/Users/jiangnanhugo/workspace/power-sharpening/Subtree-Prefetching-Power-Sharpening/case_studies/logs-entropycut/lcb_v6/2026-09-09/vllm/dataset-lcb_v6.model-qwen3.5-9b.alpha4.0.steps100.blocks-1.cut-entropy4.0.samples20.maxnew1024.seed10086.powerMH.vllm.log,EntropyCut,10035,2026-09-09 17:23:11,10.7,117.7,1,0,0.3,0.0,149.25,66.666667,8,12
/Users/jiangnanhugo/workspace/power-sharpening/Subtree-Prefetching-Power-Sharpening/case_studies/logs-entropycut/lcb_v6/2026-09-09/vllm/dataset-lcb_v6.model-qwen3.5-9b.alpha4.0.steps100.blocks-1.cut-entropy4.0.samples20.maxnew1024.seed10086.powerMH.vllm.log,EntropyCut,10040,2026-09-09 17:23:21,25.8,117.7,1,0,0.3,0.0,149.41666666666666,66.666667,8,12
/Users/jiangnanhugo/workspace/power-sharpening/Subtree-Prefetching-Power-Sharpening/case_studies/logs-entropycut/lcb_v6/2026-09-09/vllm/dataset-lcb_v6.model-qwen3.5-9b.alpha4.0.steps100.blocks-1.cut-entropy4.0.samples20.maxnew1024.seed10086.powerMH.vllm.log,EntropyCut,10049,2026-09-09 17:23:31,96.7,116.2,1,0,0.3,0.0,149.58333333333334,66.666667,16,24
/Users/jiangnanhugo/workspace/power-sharpening/Subtree-Prefetching-Power-Sharpening/case_studies/logs-entropycut/lcb_v6/2026-09-09/vllm/dataset-lcb_v6.model-qwen3.5-9b.alpha4.0.steps100.blocks-1.cut-entropy4.0.samples20.maxnew1024.seed10086.powerMH.vllm.log,EntropyCut,10058,2026-09-09 17:23:42,67.3,116.6,1,0,0.2,0.0,149.76666666666668,60.0,12,20
/Users/jiangnanhugo/workspace/power-sharpening/Subtree-Prefetching-Power-Sharpening/case_studies/logs-entropycut/lcb_v6/2026-09-09/vllm/dataset-lcb_v6.model-qwen3.5-9b.alpha4.0.steps100.blocks-1.cut-entropy4.0.samples20.maxnew1024.seed10086.powerMH.vllm.log,EntropyCut,10063,2026-09-09 17:23:52,10.7,117.7,1,0,0.3,0.0,149.93333333333334,75.0,12,16
/Users/jiangnanhugo/workspace/power-sharpening/Subtree-Prefetching-Power-Sharpening/case_studies/logs-entropycut/lcb_v6/2026-09-09/vllm/dataset-lcb_v6.model-qwen3.5-9b.alpha4.0.steps100.blocks-1.cut-entropy4.0.samples20.maxnew1024.seed10086.powerMH.vllm.log,EntropyCut,10068,2026-09-09 17:24:02,20.7,117.8,1,0,0.3,0.0,150.1,66.666667,8,12
/Users/jiangnanhugo/workspace/power-sharpening/Subtree-Prefetching-Power-Sharpening/case_studies/logs-entropycut/lcb_v6/2026-09-09/vllm/dataset-lcb_v6.model-qwen3.5-9b.alpha4.0.steps100.blocks-1.cut-entropy4.0.samples20.maxnew1024.seed10086.powerMH.vllm.log,EntropyCut,10077,2026-09-09 17:24:12,85.5,116.7,1,0,0.3,0.0,150.26666666666668,66.666667,16,24
/Users/jiangnanhugo/workspace/power-sharpening/Subtree-Prefetching-Power-Sharpening/case_studies/logs-entropycut/lcb_v6/2026-09-09/vllm/dataset-lcb_v6.model-qwen3.5-9b.alpha4.0.steps100.blocks-1.cut-entropy4.0.samples20.maxnew1024.seed10086.powerMH.vllm.log,EntropyCut,10082,2026-09-09 17:24:22,38.5,117.6,1,0,0.4,0.0,150.43333333333334,75.0,12,16
/Users/jiangnanhugo/workspace/power-sharpening/Subtree-Prefetching-Power-Sharpening/case_studies/logs-entropycut/lcb_v6/2026-09-09/vllm/dataset-lcb_v6.model-qwen3.5-9b.alpha4.0.steps100.blocks-1.cut-entropy4.0.samples20.maxnew1024.seed10086.powerMH.vllm.log,EntropyCut,10091,2026-09-09 17:24:32,74.4,116.1,1,0,0.3,0.0,150.6,60.0,12,20
/Users/jiangnanhugo/workspace/power-sharpening/Subtree-Prefetching-Power-Sharpening/case_studies/logs-entropycut/lcb_v6/2026-09-09/vllm/dataset-lcb_v6.model-qwen3.5-9b.alpha4.0.steps100.blocks-1.cut-entropy4.0.samples20.maxnew1024.seed10086.powerMH.vllm.log,EntropyCut,10100,2026-09-09 17:24:42,85.8,111.5,1,0,0.2,0.0,150.76666666666668,60.0,12,20
/Users/jiangnanhugo/workspace/power-sharpening/Subtree-Prefetching-Power-Sharpening/case_studies/logs-entropycut/lcb_v6/2026-09-09/vllm/dataset-lcb_v6.model-qwen3.5-9b.alpha4.0.steps100.blocks-1.cut-entropy4.0.samples20.maxnew1024.seed10086.powerMH.vllm.log,EntropyCut,10105,2026-09-09 17:24:52,48.6,110.3,1,0,0.3,0.0,150.93333333333334,75.0,12,16
/Users/jiangnanhugo/workspace/power-sharpening/Subtree-Prefetching-Power-Sharpening/case_studies/logs-entropycut/lcb_v6/2026-09-09/vllm/dataset-lcb_v6.model-qwen3.5-9b.alpha4.0.steps100.blocks-1.cut-entropy4.0.samples20.maxnew1024.seed10086.powerMH.vllm.log,EntropyCut,10114,2026-09-09 17:25:02,74.4,116.5,1,0,0.3,0.0,151.1,66.666667,16,24
/Users/jiangnanhugo/workspace/power-sharpening/Subtree-Prefetching-Power-Sharpening/case_studies/logs-entropycut/lcb_v6/2026-09-09/vllm/dataset-lcb_v6.model-qwen3.5-9b.alpha4.0.steps100.blocks-1.cut-entropy4.0.samples20.maxnew1024.seed10086.powerMH.vllm.log,EntropyCut,10123,2026-09-09 17:25:12,59.3,116.3,1,0,0.2,0.0,151.26666666666668,60.0,12,20
/Users/jiangnanhugo/workspace/power-sharpening/Subtree-Prefetching-Power-Sharpening/case_studies/logs-entropycut/lcb_v6/2026-09-09/vllm/dataset-lcb_v6.model-qwen3.5-9b.alpha4.0.steps100.blocks-1.cut-entropy4.0.samples20.maxnew1024.seed10086.powerMH.vllm.log,EntropyCut,10128,2026-09-09 17:25:22,37.0,117.0,1,0,0.3,0.0,151.43333333333334,75.0,12,16
/Users/jiangnanhugo/workspace/power-sharpening/Subtree-Prefetching-Power-Sharpening/case_studies/logs-entropycut/lcb_v6/2026-09-09/vllm/dataset-lcb_v6.model-qwen3.5-9b.alpha4.0.steps100.blocks-1.cut-entropy4.0.samples20.maxnew1024.seed10086.powerMH.vllm.log,EntropyCut,10133,2026-09-09 17:25:32,27.2,117.8,1,0,0.3,0.0,151.6,66.666667,8,12
/Users/jiangnanhugo/workspace/power-sharpening/Subtree-Prefetching-Power-Sharpening/case_studies/logs-entropycut/lcb_v6/2026-09-09/vllm/dataset-lcb_v6.model-qwen3.5-9b.alpha4.0.steps100.blocks-1.cut-entropy4.0.samples20.maxnew1024.seed10086.powerMH.vllm.log,EntropyCut,10142,2026-09-09 17:25:42,77.0,116.5,1,0,0.3,0.0,151.76666666666668,66.666667,16,24
/Users/jiangnanhugo/workspace/power-sharpening/Subtree-Prefetching-Power-Sharpening/case_studies/logs-entropycut/lcb_v6/2026-09-09/vllm/dataset-lcb_v6.model-qwen3.5-9b.alpha4.0.steps100.blocks-1.cut-entropy4.0.samples20.maxnew1024.seed10086.powerMH.vllm.log,EntropyCut,10147,2026-09-09 17:25:52,24.9,117.7,1,0,0.3,0.0,151.93333333333334,66.666667,8,12
/Users/jiangnanhugo/workspace/power-sharpening/Subtree-Prefetching-Power-Sharpening/case_studies/logs-entropycut/lcb_v6/2026-09-09/vllm/dataset-lcb_v6.model-qwen3.5-9b.alpha4.0.steps100.blocks-1.cut-entropy4.0.samples20.maxnew1024.seed10086.powerMH.vllm.log,EntropyCut,10152,2026-09-09 17:26:02,21.3,117.7,1,0,0.4,0.0,152.1,75.0,12,16
/Users/jiangnanhugo/workspace/power-sharpening/Subtree-Prefetching-Power-Sharpening/case_studies/logs-entropycut/lcb_v6/2026-09-09/vllm/dataset-lcb_v6.model-qwen3.5-9b.alpha4.0.steps100.blocks-1.cut-entropy4.0.samples20.maxnew1024.seed10086.powerMH.vllm.log,EntropyCut,10161,2026-09-09 17:26:12,74.4,116.5,1,0,0.3,0.0,152.26666666666668,60.0,12,20
/Users/jiangnanhugo/workspace/power-sharpening/Subtree-Prefetching-Power-Sharpening/case_studies/logs-entropycut/lcb_v6/2026-09-09/vllm/dataset-lcb_v6.model-qwen3.5-9b.alpha4.0.steps100.blocks-1.cut-entropy4.0.samples20.maxnew1024.seed10086.powerMH.vllm.log,EntropyCut,10228,2026-09-09 17:26:22,55.9,114.5,1,0,0.3,0.0,152.43333333333334,75.0,12,16
/Users/jiangnanhugo/workspace/power-sharpening/Subtree-Prefetching-Power-Sharpening/case_studies/logs-entropycut/lcb_v6/2026-09-09/vllm/dataset-lcb_v6.model-qwen3.5-9b.alpha4.0.steps100.blocks-1.cut-entropy4.0.samples20.maxnew1024.seed10086.powerMH.vllm.log,EntropyCut,10240,2026-09-09 17:26:32,135.2,113.8,1,0,0.3,0.0,152.6,40.0,8,20
/Users/jiangnanhugo/workspace/power-sharpening/Subtree-Prefetching-Power-Sharpening/case_studies/logs-entropycut/lcb_v6/2026-09-09/vllm/dataset-lcb_v6.model-qwen3.5-9b.alpha4.0.steps100.blocks-1.cut-entropy4.0.samples20.maxnew1024.seed10086.powerMH.vllm.log,EntropyCut,10249,2026-09-09 17:26:42,38.9,115.4,1,0,0.2,0.0,152.76666666666668,33.333333,4,12
/Users/jiangnanhugo/workspace/power-sharpening/Subtree-Prefetching-Power-Sharpening/case_studies/logs-entropycut/lcb_v6/2026-09-09/vllm/dataset-lcb_v6.model-qwen3.5-9b.alpha4.0.steps100.blocks-1.cut-entropy4.0.samples20.maxnew1024.seed10086.powerMH.vllm.log,EntropyCut,10262,2026-09-09 17:26:52,131.5,114.6,1,0,0.2,0.0,152.93333333333334,25.0,4,16
/Users/jiangnanhugo/workspace/power-sharpening/Subtree-Prefetching-Power-Sharpening/case_studies/logs-entropycut/lcb_v6/2026-09-09/vllm/dataset-lcb_v6.model-qwen3.5-9b.alpha4.0.steps100.blocks-1.cut-entropy4.0.samples20.maxnew1024.seed10086.powerMH.vllm.log,EntropyCut,10271,2026-09-09 17:27:02,58.3,115.5,1,0,0.3,0.0,153.1,50.0,8,16
/Users/jiangnanhugo/workspace/power-sharpening/Subtree-Prefetching-Power-Sharpening/case_studies/logs-entropycut/lcb_v6/2026-09-09/vllm/dataset-lcb_v6.model-qwen3.5-9b.alpha4.0.steps100.blocks-1.cut-entropy4.0.samples20.maxnew1024.seed10086.powerMH.vllm.log,EntropyCut,10276,2026-09-09 17:27:12,3.4,116.7,1,0,0.3,0.0,153.26666666666668,50.0,4,8
/Users/jiangnanhugo/workspace/power-sharpening/Subtree-Prefetching-Power-Sharpening/case_studies/logs-entropycut/lcb_v6/2026-09-09/vllm/dataset-lcb_v6.model-qwen3.5-9b.alpha4.0.steps100.blocks-1.cut-entropy4.0.samples20.maxnew1024.seed10086.powerMH.vllm.log,EntropyCut,10281,2026-09-09 17:27:22,15.2,116.6,1,0,0.3,0.0,153.43333333333334,50.0,4,8
/Users/jiangnanhugo/workspace/power-sharpening/Subtree-Prefetching-Power-Sharpening/case_studies/logs-entropycut/lcb_v6/2026-09-09/vllm/dataset-lcb_v6.model-qwen3.5-9b.alpha4.0.steps100.blocks-1.cut-entropy4.0.samples20.maxnew1024.seed10086.powerMH.vllm.log,EntropyCut,10290,2026-09-09 17:27:32,68.6,115.7,1,0,0.3,0.0,153.6,50.0,8,16
/Users/jiangnanhugo/workspace/power-sharpening/Subtree-Prefetching-Power-Sharpening/case_studies/logs-entropycut/lcb_v6/2026-09-09/vllm/dataset-lcb_v6.model-qwen3.5-9b.alpha4.0.steps100.blocks-1.cut-entropy4.0.samples20.maxnew1024.seed10086.powerMH.vllm.log,EntropyCut,10299,2026-09-09 17:27:42,40.0,115.8,1,0,0.3,0.0,153.76666666666668,33.333333,4,12
/Users/jiangnanhugo/workspace/power-sharpening/Subtree-Prefetching-Power-Sharpening/case_studies/logs-entropycut/lcb_v6/2026-09-09/vllm/dataset-lcb_v6.model-qwen3.5-9b.alpha4.0.steps100.blocks-1.cut-entropy4.0.samples20.maxnew1024.seed10086.powerMH.vllm.log,EntropyCut,10304,2026-09-09 17:27:52,3.4,116.7,1,0,0.3,0.0,153.93333333333334,50.0,4,8
/Users/jiangnanhugo/workspace/power-sharpening/Subtree-Prefetching-Power-Sharpening/case_studies/logs-entropycut/lcb_v6/2026-09-09/vllm/dataset-lcb_v6.model-qwen3.5-9b.alpha4.0.steps100.blocks-1.cut-entropy4.0.samples20.maxnew1024.seed10086.powerMH.vllm.log,EntropyCut,10313,2026-09-09 17:28:02,61.7,115.7,1,0,0.3,0.0,154.1,50.0,8,16
/Users/jiangnanhugo/workspace/power-sharpening/Subtree-Prefetching-Power-Sharpening/case_studies/logs-entropycut/lcb_v6/2026-09-09/vllm/dataset-lcb_v6.model-qwen3.5-9b.alpha4.0.steps100.blocks-1.cut-entropy4.0.samples20.maxnew1024.seed10086.powerMH.vllm.log,EntropyCut,10318,2026-09-09 17:28:12,10.9,116.8,1,0,0.3,0.0,154.26666666666668,50.0,4,8
/Users/jiangnanhugo/workspace/power-sharpening/Subtree-Prefetching-Power-Sharpening/case_studies/logs-entropycut/lcb_v6/2026-09-09/vllm/dataset-lcb_v6.model-qwen3.5-9b.alpha4.0.steps100.blocks-1.cut-entropy4.0.samples20.maxnew1024.seed10086.powerMH.vllm.log,EntropyCut,10327,2026-09-09 17:28:22,105.2,115.1,1,0,0.3,0.0,154.43333333333334,50.0,8,16
/Users/jiangnanhugo/workspace/power-sharpening/Subtree-Prefetching-Power-Sharpening/case_studies/logs-entropycut/lcb_v6/2026-09-09/vllm/dataset-lcb_v6.model-qwen3.5-9b.alpha4.0.steps100.blocks-1.cut-entropy4.0.samples20.maxnew1024.seed10086.powerMH.vllm.log,EntropyCut,10340,2026-09-09 17:28:32,106.7,114.8,1,0,0.3,0.0,154.6,25.0,4,16
/Users/jiangnanhugo/workspace/power-sharpening/Subtree-Prefetching-Power-Sharpening/case_studies/logs-entropycut/lcb_v6/2026-09-09/vllm/dataset-lcb_v6.model-qwen3.5-9b.alpha4.0.steps100.blocks-1.cut-entropy4.0.samples20.maxnew1024.seed10086.powerMH.vllm.log,EntropyCut,10349,2026-09-09 17:28:42,59.9,116.0,1,0,0.3,0.0,154.76666666666668,50.0,8,16
/Users/jiangnanhugo/workspace/power-sharpening/Subtree-Prefetching-Power-Sharpening/case_studies/logs-entropycut/lcb_v6/2026-09-09/vllm/dataset-lcb_v6.model-qwen3.5-9b.alpha4.0.steps100.blocks-1.cut-entropy4.0.samples20.maxnew1024.seed10086.powerMH.vllm.log,EntropyCut,10358,2026-09-09 17:28:52,17.1,115.5,1,0,0.2,0.0,154.93333333333334,0.0,0,8
/Users/jiangnanhugo/workspace/power-sharpening/Subtree-Prefetching-Power-Sharpening/case_studies/logs-entropycut/lcb_v6/2026-09-09/vllm/dataset-lcb_v6.model-qwen3.5-9b.alpha4.0.steps100.blocks-1.cut-entropy4.0.samples20.maxnew1024.seed10086.powerMH.vllm.log,EntropyCut,10367,2026-09-09 17:29:02,30.3,116.0,1,0,0.3,0.0,155.1,33.333333,4,12
/Users/jiangnanhugo/workspace/power-sharpening/Subtree-Prefetching-Power-Sharpening/case_studies/logs-entropycut/lcb_v6/2026-09-09/vllm/dataset-lcb_v6.model-qwen3.5-9b.alpha4.0.steps100.blocks-1.cut-entropy4.0.samples20.maxnew1024.seed10086.powerMH.vllm.log,EntropyCut,10376,2026-09-09 17:29:12,59.9,116.1,1,0,0.2,0.0,155.26666666666668,33.333333,4,12
/Users/jiangnanhugo/workspace/power-sharpening/Subtree-Prefetching-Power-Sharpening/case_studies/logs-entropycut/lcb_v6/2026-09-09/vllm/dataset-lcb_v6.model-qwen3.5-9b.alpha4.0.steps100.blocks-1.cut-entropy4.0.samples20.maxnew1024.seed10086.powerMH.vllm.log,EntropyCut,10389,2026-09-09 17:29:22,89.4,114.9,1,0,0.2,0.0,155.43333333333334,25.0,4,16
/Users/jiangnanhugo/workspace/power-sharpening/Subtree-Prefetching-Power-Sharpening/case_studies/logs-entropycut/lcb_v6/2026-09-09/vllm/dataset-lcb_v6.model-qwen3.5-9b.alpha4.0.steps100.blocks-1.cut-entropy4.0.samples20.maxnew1024.seed10086.powerMH.vllm.log,EntropyCut,10394,2026-09-09 17:29:32,25.6,116.8,1,0,0.3,0.0,155.6,66.666667,8,12
/Users/jiangnanhugo/workspace/power-sharpening/Subtree-Prefetching-Power-Sharpening/case_studies/logs-entropycut/lcb_v6/2026-09-09/vllm/dataset-lcb_v6.model-qwen3.5-9b.alpha4.0.steps100.blocks-1.cut-entropy4.0.samples20.maxnew1024.seed10086.powerMH.vllm.log,EntropyCut,10399,2026-09-09 17:29:42,10.9,117.1,1,0,0.3,0.0,155.76666666666668,50.0,4,8
/Users/jiangnanhugo/workspace/power-sharpening/Subtree-Prefetching-Power-Sharpening/case_studies/logs-entropycut/lcb_v6/2026-09-09/vllm/dataset-lcb_v6.model-qwen3.5-9b.alpha4.0.steps100.blocks-1.cut-entropy4.0.samples20.maxnew1024.seed10086.powerMH.vllm.log,EntropyCut,10408,2026-09-09 17:29:52,63.3,115.7,1,0,0.3,0.0,155.93333333333334,50.0,8,16
/Users/jiangnanhugo/workspace/power-sharpening/Subtree-Prefetching-Power-Sharpening/case_studies/logs-entropycut/lcb_v6/2026-09-09/vllm/dataset-lcb_v6.model-qwen3.5-9b.alpha4.0.steps100.blocks-1.cut-entropy4.0.samples20.maxnew1024.seed10086.powerMH.vllm.log,EntropyCut,10413,2026-09-09 17:30:02,19.6,116.4,1,0,0.3,0.0,156.1,50.0,4,8
/Users/jiangnanhugo/workspace/power-sharpening/Subtree-Prefetching-Power-Sharpening/case_studies/logs-entropycut/lcb_v6/2026-09-09/vllm/dataset-lcb_v6.model-qwen3.5-9b.alpha4.0.steps100.blocks-1.cut-entropy4.0.samples20.maxnew1024.seed10086.powerMH.vllm.log,EntropyCut,10422,2026-09-09 17:30:12,67.8,115.4,1,0,0.3,0.0,156.26666666666668,50.0,8,16
/Users/jiangnanhugo/workspace/power-sharpening/Subtree-Prefetching-Power-Sharpening/case_studies/logs-entropycut/lcb_v6/2026-09-09/vllm/dataset-lcb_v6.model-qwen3.5-9b.alpha4.0.steps100.blocks-1.cut-entropy4.0.samples20.maxnew1024.seed10086.powerMH.vllm.log,EntropyCut,10427,2026-09-09 17:30:22,10.9,116.6,1,0,0.3,0.0,156.43333333333334,50.0,4,8
/Users/jiangnanhugo/workspace/power-sharpening/Subtree-Prefetching-Power-Sharpening/case_studies/logs-entropycut/lcb_v6/2026-09-09/vllm/dataset-lcb_v6.model-qwen3.5-9b.alpha4.0.steps100.blocks-1.cut-entropy4.0.samples20.maxnew1024.seed10086.powerMH.vllm.log,EntropyCut,10440,2026-09-09 17:30:32,94.2,114.5,1,0,0.3,0.0,156.6,25.0,4,16
/Users/jiangnanhugo/workspace/power-sharpening/Subtree-Prefetching-Power-Sharpening/case_studies/logs-entropycut/lcb_v6/2026-09-09/vllm/dataset-lcb_v6.model-qwen3.5-9b.alpha4.0.steps100.blocks-1.cut-entropy4.0.samples20.maxnew1024.seed10086.powerMH.vllm.log,EntropyCut,10449,2026-09-09 17:30:42,18.6,116.1,1,0,0.2,0.0,156.76666666666668,33.333333,4,12
/Users/jiangnanhugo/workspace/power-sharpening/Subtree-Prefetching-Power-Sharpening/case_studies/logs-entropycut/lcb_v6/2026-09-09/vllm/dataset-lcb_v6.model-qwen3.5-9b.alpha4.0.steps100.blocks-1.cut-entropy4.0.samples20.maxnew1024.seed10086.powerMH.vllm.log,EntropyCut,10454,2026-09-09 17:30:52,15.9,116.7,1,0,0.2,0.0,156.93333333333334,50.0,4,8
/Users/jiangnanhugo/workspace/power-sharpening/Subtree-Prefetching-Power-Sharpening/case_studies/logs-entropycut/lcb_v6/2026-09-09/vllm/dataset-lcb_v6.model-qwen3.5-9b.alpha4.0.steps100.blocks-1.cut-entropy4.0.samples20.maxnew1024.seed10086.powerMH.vllm.log,EntropyCut,10463,2026-09-09 17:31:02,27.7,115.8,1,0,0.2,0.0,157.1,33.333333,4,12
/Users/jiangnanhugo/workspace/power-sharpening/Subtree-Prefetching-Power-Sharpening/case_studies/logs-entropycut/lcb_v6/2026-09-09/vllm/dataset-lcb_v6.model-qwen3.5-9b.alpha4.0.steps100.blocks-1.cut-entropy4.0.samples20.maxnew1024.seed10086.powerMH.vllm.log,EntropyCut,10472,2026-09-09 17:31:12,86.8,115.4,1,0,0.3,0.0,157.26666666666668,50.0,8,16
/Users/jiangnanhugo/workspace/power-sharpening/Subtree-Prefetching-Power-Sharpening/case_studies/logs-entropycut/lcb_v6/2026-09-09/vllm/dataset-lcb_v6.model-qwen3.5-9b.alpha4.0.steps100.blocks-1.cut-entropy4.0.samples20.maxnew1024.seed10086.powerMH.vllm.log,EntropyCut,10477,2026-09-09 17:31:22,10.9,116.9,1,0,0.3,0.0,157.43333333333334,50.0,4,8
/Users/jiangnanhugo/workspace/power-sharpening/Subtree-Prefetching-Power-Sharpening/case_studies/logs-entropycut/lcb_v6/2026-09-09/vllm/dataset-lcb_v6.model-qwen3.5-9b.alpha4.0.steps100.blocks-1.cut-entropy4.0.samples20.maxnew1024.seed10086.powerMH.vllm.log,EntropyCut,10486,2026-09-09 17:31:32,30.4,116.2,1,0,0.2,0.0,157.6,33.333333,4,12
/Users/jiangnanhugo/workspace/power-sharpening/Subtree-Prefetching-Power-Sharpening/case_studies/logs-entropycut/lcb_v6/2026-09-09/vllm/dataset-lcb_v6.model-qwen3.5-9b.alpha4.0.steps100.blocks-1.cut-entropy4.0.samples20.maxnew1024.seed10086.powerMH.vllm.log,EntropyCut,10491,2026-09-09 17:31:42,4.7,117.0,1,0,0.2,0.0,157.76666666666668,50.0,4,8
/Users/jiangnanhugo/workspace/power-sharpening/Subtree-Prefetching-Power-Sharpening/case_studies/logs-entropycut/lcb_v6/2026-09-09/vllm/dataset-lcb_v6.model-qwen3.5-9b.alpha4.0.steps100.blocks-1.cut-entropy4.0.samples20.maxnew1024.seed10086.powerMH.vllm.log,EntropyCut,10500,2026-09-09 17:31:52,32.0,115.6,1,0,0.2,0.0,157.93333333333334,33.333333,4,12
/Users/jiangnanhugo/workspace/power-sharpening/Subtree-Prefetching-Power-Sharpening/case_studies/logs-entropycut/lcb_v6/2026-09-09/vllm/dataset-lcb_v6.model-qwen3.5-9b.alpha4.0.steps100.blocks-1.cut-entropy4.0.samples20.maxnew1024.seed10086.powerMH.vllm.log,EntropyCut,10509,2026-09-09 17:32:02,24.6,115.3,1,0,0.2,0.0,158.1,33.333333,4,12
/Users/jiangnanhugo/workspace/power-sharpening/Subtree-Prefetching-Power-Sharpening/case_studies/logs-entropycut/lcb_v6/2026-09-09/vllm/dataset-lcb_v6.model-qwen3.5-9b.alpha4.0.steps100.blocks-1.cut-entropy4.0.samples20.maxnew1024.seed10086.powerMH.vllm.log,EntropyCut,10518,2026-09-09 17:32:12,62.2,116.0,1,0,0.2,0.0,158.26666666666668,33.333333,4,12
/Users/jiangnanhugo/workspace/power-sharpening/Subtree-Prefetching-Power-Sharpening/case_studies/logs-entropycut/lcb_v6/2026-09-09/vllm/dataset-lcb_v6.model-qwen3.5-9b.alpha4.0.steps100.blocks-1.cut-entropy4.0.samples20.maxnew1024.seed10086.powerMH.vllm.log,EntropyCut,10523,2026-09-09 17:32:22,24.1,116.8,1,0,0.3,0.0,158.43333333333334,66.666667,8,12
/Users/jiangnanhugo/workspace/power-sharpening/Subtree-Prefetching-Power-Sharpening/case_studies/logs-entropycut/lcb_v6/2026-09-09/vllm/dataset-lcb_v6.model-qwen3.5-9b.alpha4.0.steps100.blocks-1.cut-entropy4.0.samples20.maxnew1024.seed10086.powerMH.vllm.log,EntropyCut,10540,2026-09-09 17:32:32,172.7,113.8,1,0,0.2,0.0,158.6,20.0,4,20
/Users/jiangnanhugo/workspace/power-sharpening/Subtree-Prefetching-Power-Sharpening/case_studies/logs-entropycut/lcb_v6/2026-09-09/vllm/dataset-lcb_v6.model-qwen3.5-9b.alpha4.0.steps100.blocks-1.cut-entropy4.0.samples20.maxnew1024.seed10086.powerMH.vllm.log,EntropyCut,10549,2026-09-09 17:32:42,40.8,115.7,1,0,0.2,0.0,158.76666666666668,33.333333,4,12
/Users/jiangnanhugo/workspace/power-sharpening/Subtree-Prefetching-Power-Sharpening/case_studies/logs-entropycut/lcb_v6/2026-09-09/vllm/dataset-lcb_v6.model-qwen3.5-9b.alpha4.0.steps100.blocks-1.cut-entropy4.0.samples20.maxnew1024.seed10086.powerMH.vllm.log,EntropyCut,10562,2026-09-09 17:32:52,97.5,114.2,1,0,0.2,0.0,158.93333333333334,25.0,4,16
/Users/jiangnanhugo/workspace/power-sharpening/Subtree-Prefetching-Power-Sharpening/case_studies/logs-entropycut/lcb_v6/2026-09-09/vllm/dataset-lcb_v6.model-qwen3.5-9b.alpha4.0.steps100.blocks-1.cut-entropy4.0.samples20.maxnew1024.seed10086.powerMH.vllm.log,EntropyCut,10571,2026-09-09 17:33:02,16.6,115.9,1,0,0.2,0.0,159.1,33.333333,4,12
/Users/jiangnanhugo/workspace/power-sharpening/Subtree-Prefetching-Power-Sharpening/case_studies/logs-entropycut/lcb_v6/2026-09-09/vllm/dataset-lcb_v6.model-qwen3.5-9b.alpha4.0.steps100.blocks-1.cut-entropy4.0.samples20.maxnew1024.seed10086.powerMH.vllm.log,EntropyCut,10576,2026-09-09 17:33:12,9.4,117.0,1,0,0.3,0.0,159.26666666666668,50.0,4,8
/Users/jiangnanhugo/workspace/power-sharpening/Subtree-Prefetching-Power-Sharpening/case_studies/logs-entropycut/lcb_v6/2026-09-09/vllm/dataset-lcb_v6.model-qwen3.5-9b.alpha4.0.steps100.blocks-1.cut-entropy4.0.samples20.maxnew1024.seed10086.powerMH.vllm.log,EntropyCut,10589,2026-09-09 17:33:22,69.9,115.2,1,0,0.2,0.0,159.43333333333334,25.0,4,16
/Users/jiangnanhugo/workspace/power-sharpening/Subtree-Prefetching-Power-Sharpening/case_studies/logs-entropycut/lcb_v6/2026-09-09/vllm/dataset-lcb_v6.model-qwen3.5-9b.alpha4.0.steps100.blocks-1.cut-entropy4.0.samples20.maxnew1024.seed10086.powerMH.vllm.log,EntropyCut,10594,2026-09-09 17:33:32,15.2,117.0,1,0,0.2,0.0,159.6,50.0,4,8
/Users/jiangnanhugo/workspace/power-sharpening/Subtree-Prefetching-Power-Sharpening/case_studies/logs-entropycut/lcb_v6/2026-09-09/vllm/dataset-lcb_v6.model-qwen3.5-9b.alpha4.0.steps100.blocks-1.cut-entropy4.0.samples20.maxnew1024.seed10086.powerMH.vllm.log,EntropyCut,10599,2026-09-09 17:33:42,9.4,116.4,1,0,0.3,0.0,159.76666666666668,66.666667,8,12
/Users/jiangnanhugo/workspace/power-sharpening/Subtree-Prefetching-Power-Sharpening/case_studies/logs-entropycut/lcb_v6/2026-09-09/vllm/dataset-lcb_v6.model-qwen3.5-9b.alpha4.0.steps100.blocks-1.cut-entropy4.0.samples20.maxnew1024.seed10086.powerMH.vllm.log,EntropyCut,10604,2026-09-09 17:33:52,9.4,116.8,1,0,0.3,0.0,159.93333333333334,50.0,4,8
/Users/jiangnanhugo/workspace/power-sharpening/Subtree-Prefetching-Power-Sharpening/case_studies/logs-entropycut/lcb_v6/2026-09-09/vllm/dataset-lcb_v6.model-qwen3.5-9b.alpha4.0.steps100.blocks-1.cut-entropy4.0.samples20.maxnew1024.seed10086.powerMH.vllm.log,EntropyCut,10613,2026-09-09 17:34:02,46.2,115.5,1,0,0.2,0.0,160.1,33.333333,4,12
/Users/jiangnanhugo/workspace/power-sharpening/Subtree-Prefetching-Power-Sharpening/case_studies/logs-entropycut/lcb_v6/2026-09-09/vllm/dataset-lcb_v6.model-qwen3.5-9b.alpha4.0.steps100.blocks-1.cut-entropy4.0.samples20.maxnew1024.seed10086.powerMH.vllm.log,EntropyCut,10618,2026-09-09 17:34:12,20.8,116.9,1,0,0.3,0.0,160.26666666666668,66.666667,8,12
/Users/jiangnanhugo/workspace/power-sharpening/Subtree-Prefetching-Power-Sharpening/case_studies/logs-entropycut/lcb_v6/2026-09-09/vllm/dataset-lcb_v6.model-qwen3.5-9b.alpha4.0.steps100.blocks-1.cut-entropy4.0.samples20.maxnew1024.seed10086.powerMH.vllm.log,EntropyCut,10623,2026-09-09 17:34:22,17.0,116.9,1,0,0.3,0.0,160.43333333333334,50.0,4,8
/Users/jiangnanhugo/workspace/power-sharpening/Subtree-Prefetching-Power-Sharpening/case_studies/logs-entropycut/lcb_v6/2026-09-09/vllm/dataset-lcb_v6.model-qwen3.5-9b.alpha4.0.steps100.blocks-1.cut-entropy4.0.samples20.maxnew1024.seed10086.powerMH.vllm.log,EntropyCut,10640,2026-09-09 17:34:32,144.5,112.7,1,0,0.2,0.0,160.6,20.0,4,20
/Users/jiangnanhugo/workspace/power-sharpening/Subtree-Prefetching-Power-Sharpening/case_studies/logs-entropycut/lcb_v6/2026-09-09/vllm/dataset-lcb_v6.model-qwen3.5-9b.alpha4.0.steps100.blocks-1.cut-entropy4.0.samples20.maxnew1024.seed10086.powerMH.vllm.log,EntropyCut,10653,2026-09-09 17:34:42,31.8,115.0,1,0,0.2,0.0,160.76666666666668,0.0,0,12
/Users/jiangnanhugo/workspace/power-sharpening/Subtree-Prefetching-Power-Sharpening/case_studies/logs-entropycut/lcb_v6/2026-09-09/vllm/dataset-lcb_v6.model-qwen3.5-9b.alpha4.0.steps100.blocks-1.cut-entropy4.0.samples20.maxnew1024.seed10086.powerMH.vllm.log,EntropyCut,10662,2026-09-09 17:34:52,39.7,115.6,1,0,0.2,0.0,160.93333333333334,33.333333,4,12
/Users/jiangnanhugo/workspace/power-sharpening/Subtree-Prefetching-Power-Sharpening/case_studies/logs-entropycut/lcb_v6/2026-09-09/vllm/dataset-lcb_v6.model-qwen3.5-9b.alpha4.0.steps100.blocks-1.cut-entropy4.0.samples20.maxnew1024.seed10086.powerMH.vllm.log,EntropyCut,10667,2026-09-09 17:35:02,33.6,116.0,1,0,0.3,0.0,161.1,66.666667,8,12
/Users/jiangnanhugo/workspace/power-sharpening/Subtree-Prefetching-Power-Sharpening/case_studies/logs-entropycut/lcb_v6/2026-09-09/vllm/dataset-lcb_v6.model-qwen3.5-9b.alpha4.0.steps100.blocks-1.cut-entropy4.0.samples20.maxnew1024.seed10086.powerMH.vllm.log,EntropyCut,10672,2026-09-09 17:35:12,9.4,116.2,1,0,0.3,0.0,161.26666666666668,50.0,4,8
/Users/jiangnanhugo/workspace/power-sharpening/Subtree-Prefetching-Power-Sharpening/case_studies/logs-entropycut/lcb_v6/2026-09-09/vllm/dataset-lcb_v6.model-qwen3.5-9b.alpha4.0.steps100.blocks-1.cut-entropy4.0.samples20.maxnew1024.seed10086.powerMH.vllm.log,EntropyCut,10751,2026-09-09 17:35:22,129.6,112.2,1,0,0.2,0.0,161.43333333333334,40.0,8,20
/Users/jiangnanhugo/workspace/power-sharpening/Subtree-Prefetching-Power-Sharpening/case_studies/logs-entropycut/lcb_v6/2026-09-09/vllm/dataset-lcb_v6.model-qwen3.5-9b.alpha4.0.steps100.blocks-1.cut-entropy4.0.samples20.maxnew1024.seed10086.powerMH.vllm.log,EntropyCut,10755,2026-09-09 17:35:32,48.3,116.8,1,0,0.3,0.0,161.6,66.666667,8,12
/Users/jiangnanhugo/workspace/power-sharpening/Subtree-Prefetching-Power-Sharpening/case_studies/logs-entropycut/lcb_v6/2026-09-09/vllm/dataset-lcb_v6.model-qwen3.5-9b.alpha4.0.steps100.blocks-1.cut-entropy4.0.samples20.maxnew1024.seed10086.powerMH.vllm.log,EntropyCut,10776,2026-09-09 17:35:42,251.2,111.7,1,0,0.3,0.0,161.76666666666668,28.571429,8,28
/Users/jiangnanhugo/workspace/power-sharpening/Subtree-Prefetching-Power-Sharpening/case_studies/logs-entropycut/lcb_v6/2026-09-09/vllm/dataset-lcb_v6.model-qwen3.5-9b.alpha4.0.steps100.blocks-1.cut-entropy4.0.samples20.maxnew1024.seed10086.powerMH.vllm.log,EntropyCut,10785,2026-09-09 17:35:52,71.5,115.6,1,0,0.3,0.0,161.93333333333334,50.0,8,16
/Users/jiangnanhugo/workspace/power-sharpening/Subtree-Prefetching-Power-Sharpening/case_studies/logs-entropycut/lcb_v6/2026-09-09/vllm/dataset-lcb_v6.model-qwen3.5-9b.alpha4.0.steps100.blocks-1.cut-entropy4.0.samples20.maxnew1024.seed10086.powerMH.vllm.log,EntropyCut,10794,2026-09-09 17:36:02,35.8,115.6,1,0,0.2,0.0,162.1,33.333333,4,12
/Users/jiangnanhugo/workspace/power-sharpening/Subtree-Prefetching-Power-Sharpening/case_studies/logs-entropycut/lcb_v6/2026-09-09/vllm/dataset-lcb_v6.model-qwen3.5-9b.alpha4.0.steps100.blocks-1.cut-entropy4.0.samples20.maxnew1024.seed10086.powerMH.vllm.log,EntropyCut,10807,2026-09-09 17:36:12,60.2,114.2,1,0,0.2,0.0,162.26666666666668,0.0,0,12
/Users/jiangnanhugo/workspace/power-sharpening/Subtree-Prefetching-Power-Sharpening/case_studies/logs-entropycut/lcb_v6/2026-09-09/vllm/dataset-lcb_v6.model-qwen3.5-9b.alpha4.0.steps100.blocks-1.cut-entropy4.0.samples20.maxnew1024.seed10086.powerMH.vllm.log,EntropyCut,10820,2026-09-09 17:36:22,58.7,114.8,1,0,0.2,0.0,162.43333333333334,25.0,4,16
/Users/jiangnanhugo/workspace/power-sharpening/Subtree-Prefetching-Power-Sharpening/case_studies/logs-entropycut/lcb_v6/2026-09-09/vllm/dataset-lcb_v6.model-qwen3.5-9b.alpha4.0.steps100.blocks-1.cut-entropy4.0.samples20.maxnew1024.seed10086.powerMH.vllm.log,EntropyCut,10829,2026-09-09 17:36:32,29.6,115.6,1,0,0.2,0.0,162.6,33.333333,4,12
/Users/jiangnanhugo/workspace/power-sharpening/Subtree-Prefetching-Power-Sharpening/case_studies/logs-entropycut/lcb_v6/2026-09-09/vllm/dataset-lcb_v6.model-qwen3.5-9b.alpha4.0.steps100.blocks-1.cut-entropy4.0.samples20.maxnew1024.seed10086.powerMH.vllm.log,EntropyCut,10834,2026-09-09 17:36:42,9.6,116.8,1,0,0.2,0.0,162.76666666666668,50.0,4,8
/Users/jiangnanhugo/workspace/power-sharpening/Subtree-Prefetching-Power-Sharpening/case_studies/logs-entropycut/lcb_v6/2026-09-09/vllm/dataset-lcb_v6.model-qwen3.5-9b.alpha4.0.steps100.blocks-1.cut-entropy4.0.samples20.maxnew1024.seed10086.powerMH.vllm.log,EntropyCut,10851,2026-09-09 17:36:52,81.3,113.3,1,0,0.2,0.0,162.93333333333334,0.0,0,16
/Users/jiangnanhugo/workspace/power-sharpening/Subtree-Prefetching-Power-Sharpening/case_studies/logs-entropycut/lcb_v6/2026-09-09/vllm/dataset-lcb_v6.model-qwen3.5-9b.alpha4.0.steps100.blocks-1.cut-entropy4.0.samples20.maxnew1024.seed10086.powerMH.vllm.log,EntropyCut,10860,2026-09-09 17:37:02,28.4,115.6,1,0,0.2,0.0,163.1,33.333333,4,12
/Users/jiangnanhugo/workspace/power-sharpening/Subtree-Prefetching-Power-Sharpening/case_studies/logs-entropycut/lcb_v6/2026-09-09/vllm/dataset-lcb_v6.model-qwen3.5-9b.alpha4.0.steps100.blocks-1.cut-entropy4.0.samples20.maxnew1024.seed10086.powerMH.vllm.log,EntropyCut,10865,2026-09-09 17:37:12,7.2,116.9,1,0,0.3,0.0,163.26666666666668,66.666667,8,12
/Users/jiangnanhugo/workspace/power-sharpening/Subtree-Prefetching-Power-Sharpening/case_studies/logs-entropycut/lcb_v6/2026-09-09/vllm/dataset-lcb_v6.model-qwen3.5-9b.alpha4.0.steps100.blocks-1.cut-entropy4.0.samples20.maxnew1024.seed10086.powerMH.vllm.log,EntropyCut,10874,2026-09-09 17:37:22,67.9,115.8,1,0,0.3,0.0,163.43333333333334,33.333333,4,12
/Users/jiangnanhugo/workspace/power-sharpening/Subtree-Prefetching-Power-Sharpening/case_studies/logs-entropycut/lcb_v6/2026-09-09/vllm/dataset-lcb_v6.model-qwen3.5-9b.alpha4.0.steps100.blocks-1.cut-entropy4.0.samples20.maxnew1024.seed10086.powerMH.vllm.log,EntropyCut,10887,2026-09-09 17:37:32,51.1,115.2,1,0,0.2,0.0,163.6,0.0,0,12
/Users/jiangnanhugo/workspace/power-sharpening/Subtree-Prefetching-Power-Sharpening/case_studies/logs-entropycut/lcb_v6/2026-09-09/vllm/dataset-lcb_v6.model-qwen3.5-9b.alpha4.0.steps100.blocks-1.cut-entropy4.0.samples20.maxnew1024.seed10086.powerMH.vllm.log,EntropyCut,10896,2026-09-09 17:37:42,48.5,116.0,1,0,0.3,0.0,163.76666666666668,50.0,8,16
/Users/jiangnanhugo/workspace/power-sharpening/Subtree-Prefetching-Power-Sharpening/case_studies/logs-entropycut/lcb_v6/2026-09-09/vllm/dataset-lcb_v6.model-qwen3.5-9b.alpha4.0.steps100.blocks-1.cut-entropy4.0.samples20.maxnew1024.seed10086.powerMH.vllm.log,EntropyCut,10901,2026-09-09 17:37:52,11.7,117.1,1,0,0.3,0.0,163.93333333333334,50.0,4,8
/Users/jiangnanhugo/workspace/power-sharpening/Subtree-Prefetching-Power-Sharpening/case_studies/logs-entropycut/lcb_v6/2026-09-09/vllm/dataset-lcb_v6.model-qwen3.5-9b.alpha4.0.steps100.blocks-1.cut-entropy4.0.samples20.maxnew1024.seed10086.powerMH.vllm.log,EntropyCut,10914,2026-09-09 17:38:02,81.5,115.2,1,0,0.2,0.0,164.1,25.0,4,16
/Users/jiangnanhugo/workspace/power-sharpening/Subtree-Prefetching-Power-Sharpening/case_studies/logs-entropycut/lcb_v6/2026-09-09/vllm/dataset-lcb_v6.model-qwen3.5-9b.alpha4.0.steps100.blocks-1.cut-entropy4.0.samples20.maxnew1024.seed10086.powerMH.vllm.log,EntropyCut,10927,2026-09-09 17:38:12,90.7,115.1,1,0,0.2,0.0,164.26666666666668,25.0,4,16
/Users/jiangnanhugo/workspace/power-sharpening/Subtree-Prefetching-Power-Sharpening/case_studies/logs-entropycut/lcb_v6/2026-09-09/vllm/dataset-lcb_v6.model-qwen3.5-9b.alpha4.0.steps100.blocks-1.cut-entropy4.0.samples20.maxnew1024.seed10086.powerMH.vllm.log,EntropyCut,10932,2026-09-09 17:38:22,11.7,117.3,1,0,0.3,0.0,164.43333333333334,66.666667,8,12
/Users/jiangnanhugo/workspace/power-sharpening/Subtree-Prefetching-Power-Sharpening/case_studies/logs-entropycut/lcb_v6/2026-09-09/vllm/dataset-lcb_v6.model-qwen3.5-9b.alpha4.0.steps100.blocks-1.cut-entropy4.0.samples20.maxnew1024.seed10086.powerMH.vllm.log,EntropyCut,10937,2026-09-09 17:38:32,11.7,117.4,1,0,0.3,0.0,164.6,50.0,4,8
/Users/jiangnanhugo/workspace/power-sharpening/Subtree-Prefetching-Power-Sharpening/case_studies/logs-entropycut/lcb_v6/2026-09-09/vllm/dataset-lcb_v6.model-qwen3.5-9b.alpha4.0.steps100.blocks-1.cut-entropy4.0.samples20.maxnew1024.seed10086.powerMH.vllm.log,EntropyCut,10950,2026-09-09 17:38:42,83.7,114.8,1,0,0.2,0.0,164.76666666666668,25.0,4,16
/Users/jiangnanhugo/workspace/power-sharpening/Subtree-Prefetching-Power-Sharpening/case_studies/logs-entropycut/lcb_v6/2026-09-09/vllm/dataset-lcb_v6.model-qwen3.5-9b.alpha4.0.steps100.blocks-1.cut-entropy4.0.samples20.maxnew1024.seed10086.powerMH.vllm.log,EntropyCut,10959,2026-09-09 17:38:52,31.0,115.8,1,0,0.2,0.0,164.93333333333334,33.333333,4,12
/Users/jiangnanhugo/workspace/power-sharpening/Subtree-Prefetching-Power-Sharpening/case_studies/logs-entropycut/lcb_v6/2026-09-09/vllm/dataset-lcb_v6.model-qwen3.5-9b.alpha4.0.steps100.blocks-1.cut-entropy4.0.samples20.maxnew1024.seed10086.powerMH.vllm.log,EntropyCut,10964,2026-09-09 17:39:02,39.3,117.4,1,0,0.3,0.0,165.1,66.666667,8,12
/Users/jiangnanhugo/workspace/power-sharpening/Subtree-Prefetching-Power-Sharpening/case_studies/logs-entropycut/lcb_v6/2026-09-09/vllm/dataset-lcb_v6.model-qwen3.5-9b.alpha4.0.steps100.blocks-1.cut-entropy4.0.samples20.maxnew1024.seed10086.powerMH.vllm.log,EntropyCut,10977,2026-09-09 17:39:12,77.2,115.5,1,0,0.3,0.0,165.26666666666668,25.0,4,16
/Users/jiangnanhugo/workspace/power-sharpening/Subtree-Prefetching-Power-Sharpening/case_studies/logs-entropycut/lcb_v6/2026-09-09/vllm/dataset-lcb_v6.model-qwen3.5-9b.alpha4.0.steps100.blocks-1.cut-entropy4.0.samples20.maxnew1024.seed10086.powerMH.vllm.log,EntropyCut,10990,2026-09-09 17:39:22,40.8,115.4,1,0,0.2,0.0,165.43333333333334,0.0,0,12
/Users/jiangnanhugo/workspace/power-sharpening/Subtree-Prefetching-Power-Sharpening/case_studies/logs-entropycut/lcb_v6/2026-09-09/vllm/dataset-lcb_v6.model-qwen3.5-9b.alpha4.0.steps100.blocks-1.cut-entropy4.0.samples20.maxnew1024.seed10086.powerMH.vllm.log,EntropyCut,10995,2026-09-09 17:39:32,36.9,117.0,1,0,0.3,0.0,165.6,66.666667,8,12
/Users/jiangnanhugo/workspace/power-sharpening/Subtree-Prefetching-Power-Sharpening/case_studies/logs-entropycut/lcb_v6/2026-09-09/vllm/dataset-lcb_v6.model-qwen3.5-9b.alpha4.0.steps100.blocks-1.cut-entropy4.0.samples20.maxnew1024.seed10086.powerMH.vllm.log,EntropyCut,11008,2026-09-09 17:39:42,123.7,115.1,1,0,0.3,0.0,165.76666666666668,40.0,8,20
/Users/jiangnanhugo/workspace/power-sharpening/Subtree-Prefetching-Power-Sharpening/case_studies/logs-entropycut/lcb_v6/2026-09-09/vllm/dataset-lcb_v6.model-qwen3.5-9b.alpha4.0.steps100.blocks-1.cut-entropy4.0.samples20.maxnew1024.seed10086.powerMH.vllm.log,EntropyCut,11021,2026-09-09 17:39:52,59.0,114.9,1,0,0.2,0.0,165.93333333333334,0.0,0,12
/Users/jiangnanhugo/workspace/power-sharpening/Subtree-Prefetching-Power-Sharpening/case_studies/logs-entropycut/lcb_v6/2026-09-09/vllm/dataset-lcb_v6.model-qwen3.5-9b.alpha4.0.steps100.blocks-1.cut-entropy4.0.samples20.maxnew1024.seed10086.powerMH.vllm.log,EntropyCut,11026,2026-09-09 17:40:02,32.1,117.1,1,0,0.3,0.0,166.1,66.666667,8,12
/Users/jiangnanhugo/workspace/power-sharpening/Subtree-Prefetching-Power-Sharpening/case_studies/logs-entropycut/lcb_v6/2026-09-09/vllm/dataset-lcb_v6.model-qwen3.5-9b.alpha4.0.steps100.blocks-1.cut-entropy4.0.samples20.maxnew1024.seed10086.powerMH.vllm.log,EntropyCut,11039,2026-09-09 17:40:12,110.0,114.7,1,0,0.3,0.0,166.26666666666668,40.0,8,20
/Users/jiangnanhugo/workspace/power-sharpening/Subtree-Prefetching-Power-Sharpening/case_studies/logs-entropycut/lcb_v6/2026-09-09/vllm/dataset-lcb_v6.model-qwen3.5-9b.alpha4.0.steps100.blocks-1.cut-entropy4.0.samples20.maxnew1024.seed10086.powerMH.vllm.log,EntropyCut,11048,2026-09-09 17:40:22,53.7,115.8,1,0,0.2,0.0,166.43333333333334,33.333333,4,12
/Users/jiangnanhugo/workspace/power-sharpening/Subtree-Prefetching-Power-Sharpening/case_studies/logs-entropycut/lcb_v6/2026-09-09/vllm/dataset-lcb_v6.model-qwen3.5-9b.alpha4.0.steps100.blocks-1.cut-entropy4.0.samples20.maxnew1024.seed10086.powerMH.vllm.log,EntropyCut,11053,2026-09-09 17:40:32,1.4,117.6,1,0,0.3,0.0,166.6,50.0,4,8
/Users/jiangnanhugo/workspace/power-sharpening/Subtree-Prefetching-Power-Sharpening/case_studies/logs-entropycut/lcb_v6/2026-09-09/vllm/dataset-lcb_v6.model-qwen3.5-9b.alpha4.0.steps100.blocks-1.cut-entropy4.0.samples20.maxnew1024.seed10086.powerMH.vllm.log,EntropyCut,11062,2026-09-09 17:40:42,40.2,116.5,1,0,0.2,0.0,166.76666666666668,33.333333,4,12
/Users/jiangnanhugo/workspace/power-sharpening/Subtree-Prefetching-Power-Sharpening/case_studies/logs-entropycut/lcb_v6/2026-09-09/vllm/dataset-lcb_v6.model-qwen3.5-9b.alpha4.0.steps100.blocks-1.cut-entropy4.0.samples20.maxnew1024.seed10086.powerMH.vllm.log,EntropyCut,11067,2026-09-09 17:40:52,35.9,117.5,1,0,0.3,0.0,166.93333333333334,66.666667,8,12
/Users/jiangnanhugo/workspace/power-sharpening/Subtree-Prefetching-Power-Sharpening/case_studies/logs-entropycut/lcb_v6/2026-09-09/vllm/dataset-lcb_v6.model-qwen3.5-9b.alpha4.0.steps100.blocks-1.cut-entropy4.0.samples20.maxnew1024.seed10086.powerMH.vllm.log,EntropyCut,11076,2026-09-09 17:41:02,26.8,116.3,1,0,0.2,0.0,167.1,33.333333,4,12
/Users/jiangnanhugo/workspace/power-sharpening/Subtree-Prefetching-Power-Sharpening/case_studies/logs-entropycut/lcb_v6/2026-09-09/vllm/dataset-lcb_v6.model-qwen3.5-9b.alpha4.0.steps100.blocks-1.cut-entropy4.0.samples20.maxnew1024.seed10086.powerMH.vllm.log,EntropyCut,11081,2026-09-09 17:41:12,37.3,117.3,1,0,0.3,0.0,167.26666666666668,66.666667,8,12
/Users/jiangnanhugo/workspace/power-sharpening/Subtree-Prefetching-Power-Sharpening/case_studies/logs-entropycut/lcb_v6/2026-09-09/vllm/dataset-lcb_v6.model-qwen3.5-9b.alpha4.0.steps100.blocks-1.cut-entropy4.0.samples20.maxnew1024.seed10086.powerMH.vllm.log,EntropyCut,11094,2026-09-09 17:41:22,128.3,114.9,1,0,0.3,0.0,167.43333333333334,40.0,8,20
/Users/jiangnanhugo/workspace/power-sharpening/Subtree-Prefetching-Power-Sharpening/case_studies/logs-entropycut/lcb_v6/2026-09-09/vllm/dataset-lcb_v6.model-qwen3.5-9b.alpha4.0.steps100.blocks-1.cut-entropy4.0.samples20.maxnew1024.seed10086.powerMH.vllm.log,EntropyCut,11103,2026-09-09 17:41:32,75.7,116.3,1,0,0.3,0.0,167.6,50.0,8,16
/Users/jiangnanhugo/workspace/power-sharpening/Subtree-Prefetching-Power-Sharpening/case_studies/logs-entropycut/lcb_v6/2026-09-09/vllm/dataset-lcb_v6.model-qwen3.5-9b.alpha4.0.steps100.blocks-1.cut-entropy4.0.samples20.maxnew1024.seed10086.powerMH.vllm.log,EntropyCut,11108,2026-09-09 17:41:42,14.3,117.3,1,0,0.3,0.0,167.76666666666668,50.0,4,8
/Users/jiangnanhugo/workspace/power-sharpening/Subtree-Prefetching-Power-Sharpening/case_studies/logs-entropycut/lcb_v6/2026-09-09/vllm/dataset-lcb_v6.model-qwen3.5-9b.alpha4.0.steps100.blocks-1.cut-entropy4.0.samples20.maxnew1024.seed10086.powerMH.vllm.log,EntropyCut,11117,2026-09-09 17:41:52,64.3,116.2,1,0,0.3,0.0,167.93333333333334,50.0,8,16
/Users/jiangnanhugo/workspace/power-sharpening/Subtree-Prefetching-Power-Sharpening/case_studies/logs-entropycut/lcb_v6/2026-09-09/vllm/dataset-lcb_v6.model-qwen3.5-9b.alpha4.0.steps100.blocks-1.cut-entropy4.0.samples20.maxnew1024.seed10086.powerMH.vllm.log,EntropyCut,11126,2026-09-09 17:42:02,46.5,115.7,1,0,0.3,0.0,168.1,33.333333,4,12
/Users/jiangnanhugo/workspace/power-sharpening/Subtree-Prefetching-Power-Sharpening/case_studies/logs-entropycut/lcb_v6/2026-09-09/vllm/dataset-lcb_v6.model-qwen3.5-9b.alpha4.0.steps100.blocks-1.cut-entropy4.0.samples20.maxnew1024.seed10086.powerMH.vllm.log,EntropyCut,11135,2026-09-09 17:42:12,76.5,115.9,1,0,0.3,0.0,168.26666666666668,50.0,8,16
/Users/jiangnanhugo/workspace/power-sharpening/Subtree-Prefetching-Power-Sharpening/case_studies/logs-entropycut/lcb_v6/2026-09-09/vllm/dataset-lcb_v6.model-qwen3.5-9b.alpha4.0.steps100.blocks-1.cut-entropy4.0.samples20.maxnew1024.seed10086.powerMH.vllm.log,EntropyCut,11144,2026-09-09 17:42:22,51.7,116.3,1,0,0.2,0.0,168.43333333333334,33.333333,4,12
/Users/jiangnanhugo/workspace/power-sharpening/Subtree-Prefetching-Power-Sharpening/case_studies/logs-entropycut/lcb_v6/2026-09-09/vllm/dataset-lcb_v6.model-qwen3.5-9b.alpha4.0.steps100.blocks-1.cut-entropy4.0.samples20.maxnew1024.seed10086.powerMH.vllm.log,EntropyCut,11153,2026-09-09 17:42:32,47.5,116.0,1,0,0.2,0.0,168.6,33.333333,4,12
/Users/jiangnanhugo/workspace/power-sharpening/Subtree-Prefetching-Power-Sharpening/case_studies/logs-entropycut/lcb_v6/2026-09-09/vllm/dataset-lcb_v6.model-qwen3.5-9b.alpha4.0.steps100.blocks-1.cut-entropy4.0.samples20.maxnew1024.seed10086.powerMH.vllm.log,EntropyCut,11162,2026-09-09 17:42:42,60.6,115.9,1,0,0.2,0.0,168.76666666666668,50.0,8,16
/Users/jiangnanhugo/workspace/power-sharpening/Subtree-Prefetching-Power-Sharpening/case_studies/logs-entropycut/lcb_v6/2026-09-09/vllm/dataset-lcb_v6.model-qwen3.5-9b.alpha4.0.steps100.blocks-1.cut-entropy4.0.samples20.maxnew1024.seed10086.powerMH.vllm.log,EntropyCut,11167,2026-09-09 17:42:52,6.6,116.7,1,0,0.3,0.0,168.93333333333334,50.0,4,8
/Users/jiangnanhugo/workspace/power-sharpening/Subtree-Prefetching-Power-Sharpening/case_studies/logs-entropycut/lcb_v6/2026-09-09/vllm/dataset-lcb_v6.model-qwen3.5-9b.alpha4.0.steps100.blocks-1.cut-entropy4.0.samples20.maxnew1024.seed10086.powerMH.vllm.log,EntropyCut,11176,2026-09-09 17:43:02,79.2,115.8,1,0,0.3,0.0,169.1,50.0,8,16
/Users/jiangnanhugo/workspace/power-sharpening/Subtree-Prefetching-Power-Sharpening/case_studies/logs-entropycut/lcb_v6/2026-09-09/vllm/dataset-lcb_v6.model-qwen3.5-9b.alpha4.0.steps100.blocks-1.cut-entropy4.0.samples20.maxnew1024.seed10086.powerMH.vllm.log,EntropyCut,11185,2026-09-09 17:43:12,66.1,115.8,1,0,0.3,0.0,169.26666666666668,50.0,8,16
/Users/jiangnanhugo/workspace/power-sharpening/Subtree-Prefetching-Power-Sharpening/case_studies/logs-entropycut/lcb_v6/2026-09-09/vllm/dataset-lcb_v6.model-qwen3.5-9b.alpha4.0.steps100.blocks-1.cut-entropy4.0.samples20.maxnew1024.seed10086.powerMH.vllm.log,EntropyCut,11194,2026-09-09 17:43:22,32.7,116.0,1,0,0.2,0.0,169.43333333333334,33.333333,4,12
/Users/jiangnanhugo/workspace/power-sharpening/Subtree-Prefetching-Power-Sharpening/case_studies/logs-entropycut/lcb_v6/2026-09-09/vllm/dataset-lcb_v6.model-qwen3.5-9b.alpha4.0.steps100.blocks-1.cut-entropy4.0.samples20.maxnew1024.seed10086.powerMH.vllm.log,EntropyCut,11199,2026-09-09 17:43:32,30.2,116.8,1,0,0.3,0.0,169.6,66.666667,8,12
/Users/jiangnanhugo/workspace/power-sharpening/Subtree-Prefetching-Power-Sharpening/case_studies/logs-entropycut/lcb_v6/2026-09-09/vllm/dataset-lcb_v6.model-qwen3.5-9b.alpha4.0.steps100.blocks-1.prefetch-budget-8.rank-reject_first.cut-entropy4.0.samples20.maxnew1024.seed10086.subtreePrefetch.vllm.log,PreSTO-EntropyCut,117,2026-09-09 14:53:55,100.9,79.1,8,0,1.2,0.0,0.0,0.0,0,52
/Users/jiangnanhugo/workspace/power-sharpening/Subtree-Prefetching-Power-Sharpening/case_studies/logs-entropycut/lcb_v6/2026-09-09/vllm/dataset-lcb_v6.model-qwen3.5-9b.alpha4.0.steps100.blocks-1.prefetch-budget-8.rank-reject_first.cut-entropy4.0.samples20.maxnew1024.seed10086.subtreePrefetch.vllm.log,PreSTO-EntropyCut,122,2026-09-09 14:54:05,153.1,514.9,3,0,0.7,0.0,0.16666666666666666,0.0,0,48
/Users/jiangnanhugo/workspace/power-sharpening/Subtree-Prefetching-Power-Sharpening/case_studies/logs-entropycut/lcb_v6/2026-09-09/vllm/dataset-lcb_v6.model-qwen3.5-9b.alpha4.0.steps100.blocks-1.prefetch-budget-8.rank-reject_first.cut-entropy4.0.samples20.maxnew1024.seed10086.subtreePrefetch.vllm.log,PreSTO-EntropyCut,127,2026-09-09 14:54:15,176.7,464.1,2,0,0.5,0.0,0.3333333333333333,0.0,0,44
/Users/jiangnanhugo/workspace/power-sharpening/Subtree-Prefetching-Power-Sharpening/case_studies/logs-entropycut/lcb_v6/2026-09-09/vllm/dataset-lcb_v6.model-qwen3.5-9b.alpha4.0.steps100.blocks-1.prefetch-budget-8.rank-reject_first.cut-entropy4.0.samples20.maxnew1024.seed10086.subtreePrefetch.vllm.log,PreSTO-EntropyCut,136,2026-09-09 14:54:25,521.6,551.8,7,0,1.0,0.0,0.5,0.0,0,92
/Users/jiangnanhugo/workspace/power-sharpening/Subtree-Prefetching-Power-Sharpening/case_studies/logs-entropycut/lcb_v6/2026-09-09/vllm/dataset-lcb_v6.model-qwen3.5-9b.alpha4.0.steps100.blocks-1.prefetch-budget-8.rank-reject_first.cut-entropy4.0.samples20.maxnew1024.seed10086.subtreePrefetch.vllm.log,PreSTO-EntropyCut,141,2026-09-09 14:54:35,245.6,588.4,4,0,0.9,0.0,0.6666666666666666,0.0,0,68
/Users/jiangnanhugo/workspace/power-sharpening/Subtree-Prefetching-Power-Sharpening/case_studies/logs-entropycut/lcb_v6/2026-09-09/vllm/dataset-lcb_v6.model-qwen3.5-9b.alpha4.0.steps100.blocks-1.prefetch-budget-8.rank-reject_first.cut-entropy4.0.samples20.maxnew1024.seed10086.subtreePrefetch.vllm.log,PreSTO-EntropyCut,146,2026-09-09 14:54:45,242.1,466.3,2,0,0.5,0.0,0.8333333333333334,0.0,0,48
/Users/jiangnanhugo/workspace/power-sharpening/Subtree-Prefetching-Power-Sharpening/case_studies/logs-entropycut/lcb_v6/2026-09-09/vllm/dataset-lcb_v6.model-qwen3.5-9b.alpha4.0.steps100.blocks-1.prefetch-budget-8.rank-reject_first.cut-entropy4.0.samples20.maxnew1024.seed10086.subtreePrefetch.vllm.log,PreSTO-EntropyCut,151,2026-09-09 14:54:55,212.6,407.3,1,0,0.3,0.0,1.0,0.0,0,48
/Users/jiangnanhugo/workspace/power-sharpening/Subtree-Prefetching-Power-Sharpening/case_studies/logs-entropycut/lcb_v6/2026-09-09/vllm/dataset-lcb_v6.model-qwen3.5-9b.alpha4.0.steps100.blocks-1.prefetch-budget-8.rank-reject_first.cut-entropy4.0.samples20.maxnew1024.seed10086.subtreePrefetch.vllm.log,PreSTO-EntropyCut,160,2026-09-09 14:55:05,422.0,472.6,8,0,1.2,0.0,1.1666666666666667,0.0,0,88
/Users/jiangnanhugo/workspace/power-sharpening/Subtree-Prefetching-Power-Sharpening/case_studies/logs-entropycut/lcb_v6/2026-09-09/vllm/dataset-lcb_v6.model-qwen3.5-9b.alpha4.0.steps100.blocks-1.prefetch-budget-8.rank-reject_first.cut-entropy4.0.samples20.maxnew1024.seed10086.subtreePrefetch.vllm.log,PreSTO-EntropyCut,165,2026-09-09 14:55:15,180.4,569.2,6,0,1.0,0.0,1.3333333333333333,0.0,0,56
/Users/jiangnanhugo/workspace/power-sharpening/Subtree-Prefetching-Power-Sharpening/case_studies/logs-entropycut/lcb_v6/2026-09-09/vllm/dataset-lcb_v6.model-qwen3.5-9b.alpha4.0.steps100.blocks-1.prefetch-budget-8.rank-reject_first.cut-entropy4.0.samples20.maxnew1024.seed10086.subtreePrefetch.vllm.log,PreSTO-EntropyCut,170,2026-09-09 14:55:25,171.8,488.8,6,0,1.0,0.0,1.5,0.0,0,44
/Users/jiangnanhugo/workspace/power-sharpening/Subtree-Prefetching-Power-Sharpening/case_studies/logs-entropycut/lcb_v6/2026-09-09/vllm/dataset-lcb_v6.model-qwen3.5-9b.alpha4.0.steps100.blocks-1.prefetch-budget-8.rank-reject_first.cut-entropy4.0.samples20.maxnew1024.seed10086.subtreePrefetch.vllm.log,PreSTO-EntropyCut,179,2026-09-09 14:55:35,358.2,469.1,8,0,1.0,0.0,1.6666666666666667,0.0,0,80
/Users/jiangnanhugo/workspace/power-sharpening/Subtree-Prefetching-Power-Sharpening/case_studies/logs-entropycut/lcb_v6/2026-09-09/vllm/dataset-lcb_v6.model-qwen3.5-9b.alpha4.0.steps100.blocks-1.prefetch-budget-8.rank-reject_first.cut-entropy4.0.samples20.maxnew1024.seed10086.subtreePrefetch.vllm.log,PreSTO-EntropyCut,184,2026-09-09 14:55:45,228.7,550.4,8,0,1.1,0.0,1.8333333333333333,0.0,0,60
/Users/jiangnanhugo/workspace/power-sharpening/Subtree-Prefetching-Power-Sharpening/case_studies/logs-entropycut/lcb_v6/2026-09-09/vllm/dataset-lcb_v6.model-qwen3.5-9b.alpha4.0.steps100.blocks-1.prefetch-budget-8.rank-reject_first.cut-entropy4.0.samples20.maxnew1024.seed10086.subtreePrefetch.vllm.log,PreSTO-EntropyCut,189,2026-09-09 14:55:55,187.0,531.8,8,0,1.3,0.0,2.0,0.0,0,56
/Users/jiangnanhugo/workspace/power-sharpening/Subtree-Prefetching-Power-Sharpening/case_studies/logs-entropycut/lcb_v6/2026-09-09/vllm/dataset-lcb_v6.model-qwen3.5-9b.alpha4.0.steps100.blocks-1.prefetch-budget-8.rank-reject_first.cut-entropy4.0.samples20.maxnew1024.seed10086.subtreePrefetch.vllm.log,PreSTO-EntropyCut,194,2026-09-09 14:56:05,180.0,646.2,8,0,1.5,0.0,2.1666666666666665,0.0,0,64
/Users/jiangnanhugo/workspace/power-sharpening/Subtree-Prefetching-Power-Sharpening/case_studies/logs-entropycut/lcb_v6/2026-09-09/vllm/dataset-lcb_v6.model-qwen3.5-9b.alpha4.0.steps100.blocks-1.prefetch-budget-8.rank-reject_first.cut-entropy4.0.samples20.maxnew1024.seed10086.subtreePrefetch.vllm.log,PreSTO-EntropyCut,199,2026-09-09 14:56:15,186.3,602.3,7,0,1.5,0.0,2.3333333333333335,0.0,0,60
/Users/jiangnanhugo/workspace/power-sharpening/Subtree-Prefetching-Power-Sharpening/case_studies/logs-entropycut/lcb_v6/2026-09-09/vllm/dataset-lcb_v6.model-qwen3.5-9b.alpha4.0.steps100.blocks-1.prefetch-budget-8.rank-reject_first.cut-entropy4.0.samples20.maxnew1024.seed10086.subtreePrefetch.vllm.log,PreSTO-EntropyCut,204,2026-09-09 14:56:25,200.9,582.0,5,0,1.1,0.0,2.5,0.0,0,56
/Users/jiangnanhugo/workspace/power-sharpening/Subtree-Prefetching-Power-Sharpening/case_studies/logs-entropycut/lcb_v6/2026-09-09/vllm/dataset-lcb_v6.model-qwen3.5-9b.alpha4.0.steps100.blocks-1.prefetch-budget-8.rank-reject_first.cut-entropy4.0.samples20.maxnew1024.seed10086.subtreePrefetch.vllm.log,PreSTO-EntropyCut,213,2026-09-09 14:56:35,431.6,550.5,8,0,1.1,0.0,2.6666666666666665,0.0,0,88
/Users/jiangnanhugo/workspace/power-sharpening/Subtree-Prefetching-Power-Sharpening/case_studies/logs-entropycut/lcb_v6/2026-09-09/vllm/dataset-lcb_v6.model-qwen3.5-9b.alpha4.0.steps100.blocks-1.prefetch-budget-8.rank-reject_first.cut-entropy4.0.samples20.maxnew1024.seed10086.subtreePrefetch.vllm.log,PreSTO-EntropyCut,218,2026-09-09 14:56:45,225.5,505.6,5,0,0.9,0.0,2.8333333333333335,0.0,0,52
/Users/jiangnanhugo/workspace/power-sharpening/Subtree-Prefetching-Power-Sharpening/case_studies/logs-entropycut/lcb_v6/2026-09-09/vllm/dataset-lcb_v6.model-qwen3.5-9b.alpha4.0.steps100.blocks-1.prefetch-budget-8.rank-reject_first.cut-entropy4.0.samples20.maxnew1024.seed10086.subtreePrefetch.vllm.log,PreSTO-EntropyCut,223,2026-09-09 14:56:55,209.5,505.1,6,0,1.2,0.0,3.0,0.0,0,56
/Users/jiangnanhugo/workspace/power-sharpening/Subtree-Prefetching-Power-Sharpening/case_studies/logs-entropycut/lcb_v6/2026-09-09/vllm/dataset-lcb_v6.model-qwen3.5-9b.alpha4.0.steps100.blocks-1.prefetch-budget-8.rank-reject_first.cut-entropy4.0.samples20.maxnew1024.seed10086.subtreePrefetch.vllm.log,PreSTO-EntropyCut,228,2026-09-09 14:57:05,281.5,519.0,3,0,0.7,0.0,3.1666666666666665,0.0,0,60
/Users/jiangnanhugo/workspace/power-sharpening/Subtree-Prefetching-Power-Sharpening/case_studies/logs-entropycut/lcb_v6/2026-09-09/vllm/dataset-lcb_v6.model-qwen3.5-9b.alpha4.0.steps100.blocks-1.prefetch-budget-8.rank-reject_first.cut-entropy4.0.samples20.maxnew1024.seed10086.subtreePrefetch.vllm.log,PreSTO-EntropyCut,233,2026-09-09 14:57:15,241.9,561.9,2,0,0.5,0.0,3.3333333333333335,0.0,0,60
/Users/jiangnanhugo/workspace/power-sharpening/Subtree-Prefetching-Power-Sharpening/case_studies/logs-entropycut/lcb_v6/2026-09-09/vllm/dataset-lcb_v6.model-qwen3.5-9b.alpha4.0.steps100.blocks-1.prefetch-budget-8.rank-reject_first.cut-entropy4.0.samples20.maxnew1024.seed10086.subtreePrefetch.vllm.log,PreSTO-EntropyCut,242,2026-09-09 14:57:25,447.1,557.2,7,0,1.1,0.0,3.5,0.0,0,96
/Users/jiangnanhugo/workspace/power-sharpening/Subtree-Prefetching-Power-Sharpening/case_studies/logs-entropycut/lcb_v6/2026-09-09/vllm/dataset-lcb_v6.model-qwen3.5-9b.alpha4.0.steps100.blocks-1.prefetch-budget-8.rank-reject_first.cut-entropy4.0.samples20.maxnew1024.seed10086.subtreePrefetch.vllm.log,PreSTO-EntropyCut,247,2026-09-09 14:57:35,171.5,482.7,6,0,0.9,0.0,3.6666666666666665,0.0,0,44
/Users/jiangnanhugo/workspace/power-sharpening/Subtree-Prefetching-Power-Sharpening/case_studies/logs-entropycut/lcb_v6/2026-09-09/vllm/dataset-lcb_v6.model-qwen3.5-9b.alpha4.0.steps100.blocks-1.prefetch-budget-8.rank-reject_first.cut-entropy4.0.samples20.maxnew1024.seed10086.subtreePrefetch.vllm.log,PreSTO-EntropyCut,252,2026-09-09 14:57:45,284.4,502.1,7,0,1.5,0.0,3.8333333333333335,0.0,0,68
/Users/jiangnanhugo/workspace/power-sharpening/Subtree-Prefetching-Power-Sharpening/case_studies/logs-entropycut/lcb_v6/2026-09-09/vllm/dataset-lcb_v6.model-qwen3.5-9b.alpha4.0.steps100.blocks-1.prefetch-budget-8.rank-reject_first.cut-entropy4.0.samples20.maxnew1024.seed10086.subtreePrefetch.vllm.log,PreSTO-EntropyCut,257,2026-09-09 14:57:55,187.7,536.5,4,0,0.9,0.0,4.0,0.0,0,48
/Users/jiangnanhugo/workspace/power-sharpening/Subtree-Prefetching-Power-Sharpening/case_studies/logs-entropycut/lcb_v6/2026-09-09/vllm/dataset-lcb_v6.model-qwen3.5-9b.alpha4.0.steps100.blocks-1.prefetch-budget-8.rank-reject_first.cut-entropy4.0.samples20.maxnew1024.seed10086.subtreePrefetch.vllm.log,PreSTO-EntropyCut,262,2026-09-09 14:58:05,183.0,567.5,1,0,0.3,0.0,4.166666666666667,0.0,0,56
/Users/jiangnanhugo/workspace/power-sharpening/Subtree-Prefetching-Power-Sharpening/case_studies/logs-entropycut/lcb_v6/2026-09-09/vllm/dataset-lcb_v6.model-qwen3.5-9b.alpha4.0.steps100.blocks-1.prefetch-budget-8.rank-reject_first.cut-entropy4.0.samples20.maxnew1024.seed10086.subtreePrefetch.vllm.log,PreSTO-EntropyCut,267,2026-09-09 14:58:15,241.1,522.9,1,0,0.3,0.0,4.333333333333333,0.0,0,60
/Users/jiangnanhugo/workspace/power-sharpening/Subtree-Prefetching-Power-Sharpening/case_studies/logs-entropycut/lcb_v6/2026-09-09/vllm/dataset-lcb_v6.model-qwen3.5-9b.alpha4.0.steps100.blocks-1.prefetch-budget-8.rank-reject_first.cut-entropy4.0.samples20.maxnew1024.seed10086.subtreePrefetch.vllm.log,PreSTO-EntropyCut,276,2026-09-09 14:58:25,291.0,532.7,3,0,0.4,0.0,4.5,0.0,0,68
/Users/jiangnanhugo/workspace/power-sharpening/Subtree-Prefetching-Power-Sharpening/case_studies/logs-entropycut/lcb_v6/2026-09-09/vllm/dataset-lcb_v6.model-qwen3.5-9b.alpha4.0.steps100.blocks-1.prefetch-budget-8.rank-reject_first.cut-entropy4.0.samples20.maxnew1024.seed10086.subtreePrefetch.vllm.log,PreSTO-EntropyCut,407,2026-09-09 14:58:35,41.2,117.5,1,0,0.3,0.0,4.666666666666667,0.0,0,12
/Users/jiangnanhugo/workspace/power-sharpening/Subtree-Prefetching-Power-Sharpening/case_studies/logs-entropycut/lcb_v6/2026-09-09/vllm/dataset-lcb_v6.model-qwen3.5-9b.alpha4.0.steps100.blocks-1.prefetch-budget-8.rank-reject_first.cut-entropy4.0.samples20.maxnew1024.seed10086.subtreePrefetch.vllm.log,PreSTO-EntropyCut,412,2026-09-09 14:58:45,191.7,592.6,1,0,0.3,0.0,4.833333333333333,0.0,0,68
/Users/jiangnanhugo/workspace/power-sharpening/Subtree-Prefetching-Power-Sharpening/case_studies/logs-entropycut/lcb_v6/2026-09-09/vllm/dataset-lcb_v6.model-qwen3.5-9b.alpha4.0.steps100.blocks-1.prefetch-budget-8.rank-reject_first.cut-entropy4.0.samples20.maxnew1024.seed10086.subtreePrefetch.vllm.log,PreSTO-EntropyCut,421,2026-09-09 14:58:55,387.5,514.0,6,0,0.9,0.0,5.0,0.0,0,88
/Users/jiangnanhugo/workspace/power-sharpening/Subtree-Prefetching-Power-Sharpening/case_studies/logs-entropycut/lcb_v6/2026-09-09/vllm/dataset-lcb_v6.model-qwen3.5-9b.alpha4.0.steps100.blocks-1.prefetch-budget-8.rank-reject_first.cut-entropy4.0.samples20.maxnew1024.seed10086.subtreePrefetch.vllm.log,PreSTO-EntropyCut,426,2026-09-09 14:59:05,166.9,475.5,4,0,0.7,0.0,5.166666666666667,0.0,0,56
/Users/jiangnanhugo/workspace/power-sharpening/Subtree-Prefetching-Power-Sharpening/case_studies/logs-entropycut/lcb_v6/2026-09-09/vllm/dataset-lcb_v6.model-qwen3.5-9b.alpha4.0.steps100.blocks-1.prefetch-budget-8.rank-reject_first.cut-entropy4.0.samples20.maxnew1024.seed10086.subtreePrefetch.vllm.log,PreSTO-EntropyCut,431,2026-09-09 14:59:15,178.7,402.0,4,0,0.9,0.0,5.333333333333333,0.0,0,56
/Users/jiangnanhugo/workspace/power-sharpening/Subtree-Prefetching-Power-Sharpening/case_studies/logs-entropycut/lcb_v6/2026-09-09/vllm/dataset-lcb_v6.model-qwen3.5-9b.alpha4.0.steps100.blocks-1.prefetch-budget-8.rank-reject_first.cut-entropy4.0.samples20.maxnew1024.seed10086.subtreePrefetch.vllm.log,PreSTO-EntropyCut,436,2026-09-09 14:59:25,259.1,488.6,5,0,1.1,0.0,5.5,0.0,0,60
/Users/jiangnanhugo/workspace/power-sharpening/Subtree-Prefetching-Power-Sharpening/case_studies/logs-entropycut/lcb_v6/2026-09-09/vllm/dataset-lcb_v6.model-qwen3.5-9b.alpha4.0.steps100.blocks-1.prefetch-budget-8.rank-reject_first.cut-entropy4.0.samples20.maxnew1024.seed10086.subtreePrefetch.vllm.log,PreSTO-EntropyCut,441,2026-09-09 14:59:35,137.7,582.3,6,0,1.3,0.0,5.666666666666667,0.0,0,72
/Users/jiangnanhugo/workspace/power-sharpening/Subtree-Prefetching-Power-Sharpening/case_studies/logs-entropycut/lcb_v6/2026-09-09/vllm/dataset-lcb_v6.model-qwen3.5-9b.alpha4.0.steps100.blocks-1.prefetch-budget-8.rank-reject_first.cut-entropy4.0.samples20.maxnew1024.seed10086.subtreePrefetch.vllm.log,PreSTO-EntropyCut,446,2026-09-09 14:59:45,250.6,625.7,6,0,1.7,0.0,5.833333333333333,0.0,0,72
/Users/jiangnanhugo/workspace/power-sharpening/Subtree-Prefetching-Power-Sharpening/case_studies/logs-entropycut/lcb_v6/2026-09-09/vllm/dataset-lcb_v6.model-qwen3.5-9b.alpha4.0.steps100.blocks-1.prefetch-budget-8.rank-reject_first.cut-entropy4.0.samples20.maxnew1024.seed10086.subtreePrefetch.vllm.log,PreSTO-EntropyCut,451,2026-09-09 14:59:55,160.4,501.3,1,0,0.3,0.0,6.0,0.0,0,56
/Users/jiangnanhugo/workspace/power-sharpening/Subtree-Prefetching-Power-Sharpening/case_studies/logs-entropycut/lcb_v6/2026-09-09/vllm/dataset-lcb_v6.model-qwen3.5-9b.alpha4.0.steps100.blocks-1.prefetch-budget-8.rank-reject_first.cut-entropy4.0.samples20.maxnew1024.seed10086.subtreePrefetch.vllm.log,PreSTO-EntropyCut,460,2026-09-09 15:00:05,501.6,550.3,8,0,1.2,0.0,6.166666666666667,0.0,0,108
/Users/jiangnanhugo/workspace/power-sharpening/Subtree-Prefetching-Power-Sharpening/case_studies/logs-entropycut/lcb_v6/2026-09-09/vllm/dataset-lcb_v6.model-qwen3.5-9b.alpha4.0.steps100.blocks-1.prefetch-budget-8.rank-reject_first.cut-entropy4.0.samples20.maxnew1024.seed10086.subtreePrefetch.vllm.log,PreSTO-EntropyCut,465,2026-09-09 15:00:15,229.5,512.0,6,0,1.1,0.0,6.333333333333333,0.0,0,60
/Users/jiangnanhugo/workspace/power-sharpening/Subtree-Prefetching-Power-Sharpening/case_studies/logs-entropycut/lcb_v6/2026-09-09/vllm/dataset-lcb_v6.model-qwen3.5-9b.alpha4.0.steps100.blocks-1.prefetch-budget-8.rank-reject_first.cut-entropy4.0.samples20.maxnew1024.seed10086.subtreePrefetch.vllm.log,PreSTO-EntropyCut,470,2026-09-09 15:00:25,175.7,512.6,5,0,0.8,0.0,6.5,0.0,0,56
/Users/jiangnanhugo/workspace/power-sharpening/Subtree-Prefetching-Power-Sharpening/case_studies/logs-entropycut/lcb_v6/2026-09-09/vllm/dataset-lcb_v6.model-qwen3.5-9b.alpha4.0.steps100.blocks-1.prefetch-budget-8.rank-reject_first.cut-entropy4.0.samples20.maxnew1024.seed10086.subtreePrefetch.vllm.log,PreSTO-EntropyCut,475,2026-09-09 15:00:35,214.2,458.4,4,0,0.8,0.0,6.666666666666667,0.0,0,60
/Users/jiangnanhugo/workspace/power-sharpening/Subtree-Prefetching-Power-Sharpening/case_studies/logs-entropycut/lcb_v6/2026-09-09/vllm/dataset-lcb_v6.model-qwen3.5-9b.alpha4.0.steps100.blocks-1.prefetch-budget-8.rank-reject_first.cut-entropy4.0.samples20.maxnew1024.seed10086.subtreePrefetch.vllm.log,PreSTO-EntropyCut,480,2026-09-09 15:00:45,208.9,513.2,4,0,1.0,0.0,6.833333333333333,0.0,0,68
/Users/jiangnanhugo/workspace/power-sharpening/Subtree-Prefetching-Power-Sharpening/case_studies/logs-entropycut/lcb_v6/2026-09-09/vllm/dataset-lcb_v6.model-qwen3.5-9b.alpha4.0.steps100.blocks-1.prefetch-budget-8.rank-reject_first.cut-entropy4.0.samples20.maxnew1024.seed10086.subtreePrefetch.vllm.log,PreSTO-EntropyCut,485,2026-09-09 15:00:55,268.7,588.6,6,0,1.7,0.0,7.0,0.0,0,76
/Users/jiangnanhugo/workspace/power-sharpening/Subtree-Prefetching-Power-Sharpening/case_studies/logs-entropycut/lcb_v6/2026-09-09/vllm/dataset-lcb_v6.model-qwen3.5-9b.alpha4.0.steps100.blocks-1.prefetch-budget-8.rank-reject_first.cut-entropy4.0.samples20.maxnew1024.seed10086.subtreePrefetch.vllm.log,PreSTO-EntropyCut,490,2026-09-09 15:01:06,245.6,582.1,3,0,0.9,0.0,7.183333333333334,0.0,0,68
/Users/jiangnanhugo/workspace/power-sharpening/Subtree-Prefetching-Power-Sharpening/case_studies/logs-entropycut/lcb_v6/2026-09-09/vllm/dataset-lcb_v6.model-qwen3.5-9b.alpha4.0.steps100.blocks-1.prefetch-budget-8.rank-reject_first.cut-entropy4.0.samples20.maxnew1024.seed10086.subtreePrefetch.vllm.log,PreSTO-EntropyCut,495,2026-09-09 15:01:16,195.8,522.1,2,0,0.6,0.0,7.35,0.0,0,60
/Users/jiangnanhugo/workspace/power-sharpening/Subtree-Prefetching-Power-Sharpening/case_studies/logs-entropycut/lcb_v6/2026-09-09/vllm/dataset-lcb_v6.model-qwen3.5-9b.alpha4.0.steps100.blocks-1.prefetch-budget-8.rank-reject_first.cut-entropy4.0.samples20.maxnew1024.seed10086.subtreePrefetch.vllm.log,PreSTO-EntropyCut,504,2026-09-09 15:01:26,368.6,491.4,8,0,1.1,0.0,7.516666666666667,0.0,0,92
/Users/jiangnanhugo/workspace/power-sharpening/Subtree-Prefetching-Power-Sharpening/case_studies/logs-entropycut/lcb_v6/2026-09-09/vllm/dataset-lcb_v6.model-qwen3.5-9b.alpha4.0.steps100.blocks-1.prefetch-budget-8.rank-reject_first.cut-entropy4.0.samples20.maxnew1024.seed10086.subtreePrefetch.vllm.log,PreSTO-EntropyCut,509,2026-09-09 15:01:36,225.8,617.6,7,0,1.0,0.0,7.683333333333334,0.0,0,68
/Users/jiangnanhugo/workspace/power-sharpening/Subtree-Prefetching-Power-Sharpening/case_studies/logs-entropycut/lcb_v6/2026-09-09/vllm/dataset-lcb_v6.model-qwen3.5-9b.alpha4.0.steps100.blocks-1.prefetch-budget-8.rank-reject_first.cut-entropy4.0.samples20.maxnew1024.seed10086.subtreePrefetch.vllm.log,PreSTO-EntropyCut,514,2026-09-09 15:01:46,342.9,579.1,7,0,1.4,0.0,7.85,0.0,0,84
/Users/jiangnanhugo/workspace/power-sharpening/Subtree-Prefetching-Power-Sharpening/case_studies/logs-entropycut/lcb_v6/2026-09-09/vllm/dataset-lcb_v6.model-qwen3.5-9b.alpha4.0.steps100.blocks-1.prefetch-budget-8.rank-reject_first.cut-entropy4.0.samples20.maxnew1024.seed10086.subtreePrefetch.vllm.log,PreSTO-EntropyCut,519,2026-09-09 15:01:56,187.1,599.5,8,0,1.2,0.0,8.016666666666667,0.0,0,60
/Users/jiangnanhugo/workspace/power-sharpening/Subtree-Prefetching-Power-Sharpening/case_studies/logs-entropycut/lcb_v6/2026-09-09/vllm/dataset-lcb_v6.model-qwen3.5-9b.alpha4.0.steps100.blocks-1.prefetch-budget-8.rank-reject_first.cut-entropy4.0.samples20.maxnew1024.seed10086.subtreePrefetch.vllm.log,PreSTO-EntropyCut,524,2026-09-09 15:02:06,229.9,605.1,6,0,1.5,0.0,8.183333333333334,0.0,0,80
/Users/jiangnanhugo/workspace/power-sharpening/Subtree-Prefetching-Power-Sharpening/case_studies/logs-entropycut/lcb_v6/2026-09-09/vllm/dataset-lcb_v6.model-qwen3.5-9b.alpha4.0.steps100.blocks-1.prefetch-budget-8.rank-reject_first.cut-entropy4.0.samples20.maxnew1024.seed10086.subtreePrefetch.vllm.log,PreSTO-EntropyCut,529,2026-09-09 15:02:16,239.7,640.0,7,0,1.8,0.0,8.35,0.0,0,76
/Users/jiangnanhugo/workspace/power-sharpening/Subtree-Prefetching-Power-Sharpening/case_studies/logs-entropycut/lcb_v6/2026-09-09/vllm/dataset-lcb_v6.model-qwen3.5-9b.alpha4.0.steps100.blocks-1.prefetch-budget-8.rank-reject_first.cut-entropy4.0.samples20.maxnew1024.seed10086.subtreePrefetch.vllm.log,PreSTO-EntropyCut,534,2026-09-09 15:02:26,286.7,552.5,3,0,0.9,0.0,8.516666666666667,0.0,0,68
/Users/jiangnanhugo/workspace/power-sharpening/Subtree-Prefetching-Power-Sharpening/case_studies/logs-entropycut/lcb_v6/2026-09-09/vllm/dataset-lcb_v6.model-qwen3.5-9b.alpha4.0.steps100.blocks-1.prefetch-budget-8.rank-reject_first.cut-entropy4.0.samples20.maxnew1024.seed10086.subtreePrefetch.vllm.log,PreSTO-EntropyCut,543,2026-09-09 15:02:36,495.0,569.1,8,0,1.4,0.0,8.683333333333334,0.0,0,108
/Users/jiangnanhugo/workspace/power-sharpening/Subtree-Prefetching-Power-Sharpening/case_studies/logs-entropycut/lcb_v6/2026-09-09/vllm/dataset-lcb_v6.model-qwen3.5-9b.alpha4.0.steps100.blocks-1.prefetch-budget-8.rank-reject_first.cut-entropy4.0.samples20.maxnew1024.seed10086.subtreePrefetch.vllm.log,PreSTO-EntropyCut,548,2026-09-09 15:02:46,228.8,689.0,7,0,1.2,0.0,8.85,0.0,0,72
/Users/jiangnanhugo/workspace/power-sharpening/Subtree-Prefetching-Power-Sharpening/case_studies/logs-entropycut/lcb_v6/2026-09-09/vllm/dataset-lcb_v6.model-qwen3.5-9b.alpha4.0.steps100.blocks-1.prefetch-budget-8.rank-reject_first.cut-entropy4.0.samples20.maxnew1024.seed10086.subtreePrefetch.vllm.log,PreSTO-EntropyCut,553,2026-09-09 15:02:56,261.7,584.9,7,0,1.1,0.0,9.016666666666667,0.0,0,68
/Users/jiangnanhugo/workspace/power-sharpening/Subtree-Prefetching-Power-Sharpening/case_studies/logs-entropycut/lcb_v6/2026-09-09/vllm/dataset-lcb_v6.model-qwen3.5-9b.alpha4.0.steps100.blocks-1.prefetch-budget-8.rank-reject_first.cut-entropy4.0.samples20.maxnew1024.seed10086.subtreePrefetch.vllm.log,PreSTO-EntropyCut,558,2026-09-09 15:03:06,149.4,578.5,5,0,0.9,0.0,9.183333333333334,0.0,0,68
/Users/jiangnanhugo/workspace/power-sharpening/Subtree-Prefetching-Power-Sharpening/case_studies/logs-entropycut/lcb_v6/2026-09-09/vllm/dataset-lcb_v6.model-qwen3.5-9b.alpha4.0.steps100.blocks-1.prefetch-budget-8.rank-reject_first.cut-entropy4.0.samples20.maxnew1024.seed10086.subtreePrefetch.vllm.log,PreSTO-EntropyCut,563,2026-09-09 15:03:16,283.8,660.5,6,0,1.6,0.0,9.35,0.0,0,84
/Users/jiangnanhugo/workspace/power-sharpening/Subtree-Prefetching-Power-Sharpening/case_studies/logs-entropycut/lcb_v6/2026-09-09/vllm/dataset-lcb_v6.model-qwen3.5-9b.alpha4.0.steps100.blocks-1.prefetch-budget-8.rank-reject_first.cut-entropy4.0.samples20.maxnew1024.seed10086.subtreePrefetch.vllm.log,PreSTO-EntropyCut,568,2026-09-09 15:03:26,196.6,592.0,5,0,1.3,0.0,9.516666666666667,0.0,0,64
/Users/jiangnanhugo/workspace/power-sharpening/Subtree-Prefetching-Power-Sharpening/case_studies/logs-entropycut/lcb_v6/2026-09-09/vllm/dataset-lcb_v6.model-qwen3.5-9b.alpha4.0.steps100.blocks-1.prefetch-budget-8.rank-reject_first.cut-entropy4.0.samples20.maxnew1024.seed10086.subtreePrefetch.vllm.log,PreSTO-EntropyCut,577,2026-09-09 15:03:36,527.0,555.8,8,0,1.3,0.0,9.683333333333334,0.0,0,108
/Users/jiangnanhugo/workspace/power-sharpening/Subtree-Prefetching-Power-Sharpening/case_studies/logs-entropycut/lcb_v6/2026-09-09/vllm/dataset-lcb_v6.model-qwen3.5-9b.alpha4.0.steps100.blocks-1.prefetch-budget-8.rank-reject_first.cut-entropy4.0.samples20.maxnew1024.seed10086.subtreePrefetch.vllm.log,PreSTO-EntropyCut,738,2026-09-09 15:03:46,62.5,599.6,1,0,0.2,0.0,9.85,0.0,0,40
/Users/jiangnanhugo/workspace/power-sharpening/Subtree-Prefetching-Power-Sharpening/case_studies/logs-entropycut/lcb_v6/2026-09-09/vllm/dataset-lcb_v6.model-qwen3.5-9b.alpha4.0.steps100.blocks-1.prefetch-budget-8.rank-reject_first.cut-entropy4.0.samples20.maxnew1024.seed10086.subtreePrefetch.vllm.log,PreSTO-EntropyCut,743,2026-09-09 15:03:56,167.1,248.2,5,0,0.8,0.0,10.016666666666667,0.0,0,52
/Users/jiangnanhugo/workspace/power-sharpening/Subtree-Prefetching-Power-Sharpening/case_studies/logs-entropycut/lcb_v6/2026-09-09/vllm/dataset-lcb_v6.model-qwen3.5-9b.alpha4.0.steps100.blocks-1.prefetch-budget-8.rank-reject_first.cut-entropy4.0.samples20.maxnew1024.seed10086.subtreePrefetch.vllm.log,PreSTO-EntropyCut,748,2026-09-09 15:04:06,161.2,463.5,7,0,1.1,0.0,10.183333333333334,0.0,0,68
/Users/jiangnanhugo/workspace/power-sharpening/Subtree-Prefetching-Power-Sharpening/case_studies/logs-entropycut/lcb_v6/2026-09-09/vllm/dataset-lcb_v6.model-qwen3.5-9b.alpha4.0.steps100.blocks-1.prefetch-budget-8.rank-reject_first.cut-entropy4.0.samples20.maxnew1024.seed10086.subtreePrefetch.vllm.log,PreSTO-EntropyCut,753,2026-09-09 15:04:16,162.9,568.9,8,0,1.6,0.0,10.35,0.0,0,88
/Users/jiangnanhugo/workspace/power-sharpening/Subtree-Prefetching-Power-Sharpening/case_studies/logs-entropycut/lcb_v6/2026-09-09/vllm/dataset-lcb_v6.model-qwen3.5-9b.alpha4.0.steps100.blocks-1.prefetch-budget-8.rank-reject_first.cut-entropy4.0.samples20.maxnew1024.seed10086.subtreePrefetch.vllm.log,PreSTO-EntropyCut,758,2026-09-09 15:04:26,153.2,616.8,7,0,1.6,0.0,10.516666666666667,0.0,0,92
/Users/jiangnanhugo/workspace/power-sharpening/Subtree-Prefetching-Power-Sharpening/case_studies/logs-entropycut/lcb_v6/2026-09-09/vllm/dataset-lcb_v6.model-qwen3.5-9b.alpha4.0.steps100.blocks-1.prefetch-budget-8.rank-reject_first.cut-entropy4.0.samples20.maxnew1024.seed10086.subtreePrefetch.vllm.log,PreSTO-EntropyCut,763,2026-09-09 15:04:36,136.2,652.4,3,0,0.7,0.0,10.683333333333334,0.0,0,88
/Users/jiangnanhugo/workspace/power-sharpening/Subtree-Prefetching-Power-Sharpening/case_studies/logs-entropycut/lcb_v6/2026-09-09/vllm/dataset-lcb_v6.model-qwen3.5-9b.alpha4.0.steps100.blocks-1.prefetch-budget-8.rank-reject_first.cut-entropy4.0.samples20.maxnew1024.seed10086.subtreePrefetch.vllm.log,PreSTO-EntropyCut,768,2026-09-09 15:04:46,184.3,557.2,2,0,0.6,0.0,10.85,0.0,0,88
/Users/jiangnanhugo/workspace/power-sharpening/Subtree-Prefetching-Power-Sharpening/case_studies/logs-entropycut/lcb_v6/2026-09-09/vllm/dataset-lcb_v6.model-qwen3.5-9b.alpha4.0.steps100.blocks-1.prefetch-budget-8.rank-reject_first.cut-entropy4.0.samples20.maxnew1024.seed10086.subtreePrefetch.vllm.log,PreSTO-EntropyCut,773,2026-09-09 15:04:56,192.7,449.3,2,0,0.5,0.0,11.016666666666667,0.0,0,72
/Users/jiangnanhugo/workspace/power-sharpening/Subtree-Prefetching-Power-Sharpening/case_studies/logs-entropycut/lcb_v6/2026-09-09/vllm/dataset-lcb_v6.model-qwen3.5-9b.alpha4.0.steps100.blocks-1.prefetch-budget-8.rank-reject_first.cut-entropy4.0.samples20.maxnew1024.seed10086.subtreePrefetch.vllm.log,PreSTO-EntropyCut,778,2026-09-09 15:05:06,274.2,588.3,1,0,0.4,0.0,11.183333333333334,0.0,0,100
/Users/jiangnanhugo/workspace/power-sharpening/Subtree-Prefetching-Power-Sharpening/case_studies/logs-entropycut/lcb_v6/2026-09-09/vllm/dataset-lcb_v6.model-qwen3.5-9b.alpha4.0.steps100.blocks-1.prefetch-budget-8.rank-reject_first.cut-entropy4.0.samples20.maxnew1024.seed10086.subtreePrefetch.vllm.log,PreSTO-EntropyCut,787,2026-09-09 15:05:16,549.2,534.4,7,0,1.5,0.0,11.35,0.0,0,128
/Users/jiangnanhugo/workspace/power-sharpening/Subtree-Prefetching-Power-Sharpening/case_studies/logs-entropycut/lcb_v6/2026-09-09/vllm/dataset-lcb_v6.model-qwen3.5-9b.alpha4.0.steps100.blocks-1.prefetch-budget-8.rank-reject_first.cut-entropy4.0.samples20.maxnew1024.seed10086.subtreePrefetch.vllm.log,PreSTO-EntropyCut,792,2026-09-09 15:05:26,167.3,592.5,5,0,1.1,0.0,11.516666666666667,0.0,0,92
/Users/jiangnanhugo/workspace/power-sharpening/Subtree-Prefetching-Power-Sharpening/case_studies/logs-entropycut/lcb_v6/2026-09-09/vllm/dataset-lcb_v6.model-qwen3.5-9b.alpha4.0.steps100.blocks-1.prefetch-budget-8.rank-reject_first.cut-entropy4.0.samples20.maxnew1024.seed10086.subtreePrefetch.vllm.log,PreSTO-EntropyCut,797,2026-09-09 15:05:36,239.5,530.1,4,0,0.9,0.0,11.683333333333334,0.0,0,84
/Users/jiangnanhugo/workspace/power-sharpening/Subtree-Prefetching-Power-Sharpening/case_studies/logs-entropycut/lcb_v6/2026-09-09/vllm/dataset-lcb_v6.model-qwen3.5-9b.alpha4.0.steps100.blocks-1.prefetch-budget-8.rank-reject_first.cut-entropy4.0.samples20.maxnew1024.seed10086.subtreePrefetch.vllm.log,PreSTO-EntropyCut,802,2026-09-09 15:05:46,265.9,453.0,2,0,0.5,0.0,11.85,0.0,0,84
/Users/jiangnanhugo/workspace/power-sharpening/Subtree-Prefetching-Power-Sharpening/case_studies/logs-entropycut/lcb_v6/2026-09-09/vllm/dataset-lcb_v6.model-qwen3.5-9b.alpha4.0.steps100.blocks-1.prefetch-budget-8.rank-reject_first.cut-entropy4.0.samples20.maxnew1024.seed10086.subtreePrefetch.vllm.log,PreSTO-EntropyCut,807,2026-09-09 15:05:56,245.9,413.3,2,0,0.5,0.0,12.016666666666667,0.0,0,76
/Users/jiangnanhugo/workspace/power-sharpening/Subtree-Prefetching-Power-Sharpening/case_studies/logs-entropycut/lcb_v6/2026-09-09/vllm/dataset-lcb_v6.model-qwen3.5-9b.alpha4.0.steps100.blocks-1.prefetch-budget-8.rank-reject_first.cut-entropy4.0.samples20.maxnew1024.seed10086.subtreePrefetch.vllm.log,PreSTO-EntropyCut,816,2026-09-09 15:06:06,433.6,552.6,5,0,0.8,0.0,12.183333333333334,0.0,0,124
/Users/jiangnanhugo/workspace/power-sharpening/Subtree-Prefetching-Power-Sharpening/case_studies/logs-entropycut/lcb_v6/2026-09-09/vllm/dataset-lcb_v6.model-qwen3.5-9b.alpha4.0.steps100.blocks-1.prefetch-budget-8.rank-reject_first.cut-entropy4.0.samples20.maxnew1024.seed10086.subtreePrefetch.vllm.log,PreSTO-EntropyCut,821,2026-09-09 15:06:16,199.8,433.4,2,0,0.5,0.0,12.35,0.0,0,88
/Users/jiangnanhugo/workspace/power-sharpening/Subtree-Prefetching-Power-Sharpening/case_studies/logs-entropycut/lcb_v6/2026-09-09/vllm/dataset-lcb_v6.model-qwen3.5-9b.alpha4.0.steps100.blocks-1.prefetch-budget-8.rank-reject_first.cut-entropy4.0.samples20.maxnew1024.seed10086.subtreePrefetch.vllm.log,PreSTO-EntropyCut,826,2026-09-09 15:06:26,259.0,420.0,4,0,0.9,0.0,12.516666666666667,0.0,0,72
/Users/jiangnanhugo/workspace/power-sharpening/Subtree-Prefetching-Power-Sharpening/case_studies/logs-entropycut/lcb_v6/2026-09-09/vllm/dataset-lcb_v6.model-qwen3.5-9b.alpha4.0.steps100.blocks-1.prefetch-budget-8.rank-reject_first.cut-entropy4.0.samples20.maxnew1024.seed10086.subtreePrefetch.vllm.log,PreSTO-EntropyCut,831,2026-09-09 15:06:36,192.2,510.3,3,0,0.7,0.0,12.683333333333334,0.0,0,84
/Users/jiangnanhugo/workspace/power-sharpening/Subtree-Prefetching-Power-Sharpening/case_studies/logs-entropycut/lcb_v6/2026-09-09/vllm/dataset-lcb_v6.model-qwen3.5-9b.alpha4.0.steps100.blocks-1.prefetch-budget-8.rank-reject_first.cut-entropy4.0.samples20.maxnew1024.seed10086.subtreePrefetch.vllm.log,PreSTO-EntropyCut,836,2026-09-09 15:06:46,17.6,168.5,1,0,0.4,0.0,12.85,0.0,0,24
/Users/jiangnanhugo/workspace/power-sharpening/Subtree-Prefetching-Power-Sharpening/case_studies/logs-entropycut/lcb_v6/2026-09-09/vllm/dataset-lcb_v6.model-qwen3.5-9b.alpha4.0.steps100.blocks-1.prefetch-budget-8.rank-reject_first.cut-entropy4.0.samples20.maxnew1024.seed10086.subtreePrefetch.vllm.log,PreSTO-EntropyCut,945,2026-09-09 15:06:56,335.7,140.8,5,0,0.8,0.0,13.016666666666667,0.0,0,52
/Users/jiangnanhugo/workspace/power-sharpening/Subtree-Prefetching-Power-Sharpening/case_studies/logs-entropycut/lcb_v6/2026-09-09/vllm/dataset-lcb_v6.model-qwen3.5-9b.alpha4.0.steps100.blocks-1.prefetch-budget-8.rank-reject_first.cut-entropy4.0.samples20.maxnew1024.seed10086.subtreePrefetch.vllm.log,PreSTO-EntropyCut,950,2026-09-09 15:07:06,230.5,420.2,6,0,1.2,0.0,13.183333333333334,0.0,0,72
/Users/jiangnanhugo/workspace/power-sharpening/Subtree-Prefetching-Power-Sharpening/case_studies/logs-entropycut/lcb_v6/2026-09-09/vllm/dataset-lcb_v6.model-qwen3.5-9b.alpha4.0.steps100.blocks-1.prefetch-budget-8.rank-reject_first.cut-entropy4.0.samples20.maxnew1024.seed10086.subtreePrefetch.vllm.log,PreSTO-EntropyCut,955,2026-09-09 15:07:16,245.4,513.4,7,0,1.4,0.0,13.35,0.0,0,68
/Users/jiangnanhugo/workspace/power-sharpening/Subtree-Prefetching-Power-Sharpening/case_studies/logs-entropycut/lcb_v6/2026-09-09/vllm/dataset-lcb_v6.model-qwen3.5-9b.alpha4.0.steps100.blocks-1.prefetch-budget-8.rank-reject_first.cut-entropy4.0.samples20.maxnew1024.seed10086.subtreePrefetch.vllm.log,PreSTO-EntropyCut,960,2026-09-09 15:07:26,247.8,478.8,4,0,1.0,0.0,13.516666666666667,0.0,0,72
/Users/jiangnanhugo/workspace/power-sharpening/Subtree-Prefetching-Power-Sharpening/case_studies/logs-entropycut/lcb_v6/2026-09-09/vllm/dataset-lcb_v6.model-qwen3.5-9b.alpha4.0.steps100.blocks-1.prefetch-budget-8.rank-reject_first.cut-entropy4.0.samples20.maxnew1024.seed10086.subtreePrefetch.vllm.log,PreSTO-EntropyCut,965,2026-09-09 15:07:36,178.5,479.0,1,0,0.4,0.0,13.683333333333334,0.0,0,68
/Users/jiangnanhugo/workspace/power-sharpening/Subtree-Prefetching-Power-Sharpening/case_studies/logs-entropycut/lcb_v6/2026-09-09/vllm/dataset-lcb_v6.model-qwen3.5-9b.alpha4.0.steps100.blocks-1.prefetch-budget-8.rank-reject_first.cut-entropy4.0.samples20.maxnew1024.seed10086.subtreePrefetch.vllm.log,PreSTO-EntropyCut,974,2026-09-09 15:07:46,449.8,429.6,8,0,1.1,0.0,13.85,0.0,0,96
/Users/jiangnanhugo/workspace/power-sharpening/Subtree-Prefetching-Power-Sharpening/case_studies/logs-entropycut/lcb_v6/2026-09-09/vllm/dataset-lcb_v6.model-qwen3.5-9b.alpha4.0.steps100.blocks-1.prefetch-budget-8.rank-reject_first.cut-entropy4.0.samples20.maxnew1024.seed10086.subtreePrefetch.vllm.log,PreSTO-EntropyCut,979,2026-09-09 15:07:56,168.9,535.9,8,0,1.1,0.0,14.016666666666667,0.0,0,72
/Users/jiangnanhugo/workspace/power-sharpening/Subtree-Prefetching-Power-Sharpening/case_studies/logs-entropycut/lcb_v6/2026-09-09/vllm/dataset-lcb_v6.model-qwen3.5-9b.alpha4.0.steps100.blocks-1.prefetch-budget-8.rank-reject_first.cut-entropy4.0.samples20.maxnew1024.seed10086.subtreePrefetch.vllm.log,PreSTO-EntropyCut,984,2026-09-09 15:08:06,158.4,529.3,6,0,1.1,0.0,14.183333333333334,0.0,0,72
/Users/jiangnanhugo/workspace/power-sharpening/Subtree-Prefetching-Power-Sharpening/case_studies/logs-entropycut/lcb_v6/2026-09-09/vllm/dataset-lcb_v6.model-qwen3.5-9b.alpha4.0.steps100.blocks-1.prefetch-budget-8.rank-reject_first.cut-entropy4.0.samples20.maxnew1024.seed10086.subtreePrefetch.vllm.log,PreSTO-EntropyCut,989,2026-09-09 15:08:16,235.6,538.3,5,0,1.0,0.0,14.35,0.0,0,68
/Users/jiangnanhugo/workspace/power-sharpening/Subtree-Prefetching-Power-Sharpening/case_studies/logs-entropycut/lcb_v6/2026-09-09/vllm/dataset-lcb_v6.model-qwen3.5-9b.alpha4.0.steps100.blocks-1.prefetch-budget-8.rank-reject_first.cut-entropy4.0.samples20.maxnew1024.seed10086.subtreePrefetch.vllm.log,PreSTO-EntropyCut,994,2026-09-09 15:08:26,247.8,516.6,6,0,1.4,0.0,14.516666666666667,0.0,0,76
/Users/jiangnanhugo/workspace/power-sharpening/Subtree-Prefetching-Power-Sharpening/case_studies/logs-entropycut/lcb_v6/2026-09-09/vllm/dataset-lcb_v6.model-qwen3.5-9b.alpha4.0.steps100.blocks-1.prefetch-budget-8.rank-reject_first.cut-entropy4.0.samples20.maxnew1024.seed10086.subtreePrefetch.vllm.log,PreSTO-EntropyCut,999,2026-09-09 15:08:36,209.5,562.4,5,0,1.2,0.0,14.683333333333334,0.0,0,76
/Users/jiangnanhugo/workspace/power-sharpening/Subtree-Prefetching-Power-Sharpening/case_studies/logs-entropycut/lcb_v6/2026-09-09/vllm/dataset-lcb_v6.model-qwen3.5-9b.alpha4.0.steps100.blocks-1.prefetch-budget-8.rank-reject_first.cut-entropy4.0.samples20.maxnew1024.seed10086.subtreePrefetch.vllm.log,PreSTO-EntropyCut,1004,2026-09-09 15:08:46,193.8,506.6,2,0,0.6,0.0,14.85,0.0,0,68
/Users/jiangnanhugo/workspace/power-sharpening/Subtree-Prefetching-Power-Sharpening/case_studies/logs-entropycut/lcb_v6/2026-09-09/vllm/dataset-lcb_v6.model-qwen3.5-9b.alpha4.0.steps100.blocks-1.prefetch-budget-8.rank-reject_first.cut-entropy4.0.samples20.maxnew1024.seed10086.subtreePrefetch.vllm.log,PreSTO-EntropyCut,1009,2026-09-09 15:08:56,237.8,396.2,3,0,1.0,0.0,15.016666666666667,0.0,0,68
/Users/jiangnanhugo/workspace/power-sharpening/Subtree-Prefetching-Power-Sharpening/case_studies/logs-entropycut/lcb_v6/2026-09-09/vllm/dataset-lcb_v6.model-qwen3.5-9b.alpha4.0.steps100.blocks-1.prefetch-budget-8.rank-reject_first.cut-entropy4.0.samples20.maxnew1024.seed10086.subtreePrefetch.vllm.log,PreSTO-EntropyCut,1018,2026-09-09 15:09:06,485.5,542.8,7,0,1.2,0.0,15.183333333333334,0.0,0,108
/Users/jiangnanhugo/workspace/power-sharpening/Subtree-Prefetching-Power-Sharpening/case_studies/logs-entropycut/lcb_v6/2026-09-09/vllm/dataset-lcb_v6.model-qwen3.5-9b.alpha4.0.steps100.blocks-1.prefetch-budget-8.rank-reject_first.cut-entropy4.0.samples20.maxnew1024.seed10086.subtreePrefetch.vllm.log,PreSTO-EntropyCut,1023,2026-09-09 15:09:16,205.7,499.1,4,0,1.0,0.0,15.35,0.0,0,72
/Users/jiangnanhugo/workspace/power-sharpening/Subtree-Prefetching-Power-Sharpening/case_studies/logs-entropycut/lcb_v6/2026-09-09/vllm/dataset-lcb_v6.model-qwen3.5-9b.alpha4.0.steps100.blocks-1.prefetch-budget-8.rank-reject_first.cut-entropy4.0.samples20.maxnew1024.seed10086.subtreePrefetch.vllm.log,PreSTO-EntropyCut,1028,2026-09-09 15:09:26,202.3,387.5,3,0,0.8,0.0,15.516666666666667,0.0,0,60
/Users/jiangnanhugo/workspace/power-sharpening/Subtree-Prefetching-Power-Sharpening/case_studies/logs-entropycut/lcb_v6/2026-09-09/vllm/dataset-lcb_v6.model-qwen3.5-9b.alpha4.0.steps100.blocks-1.prefetch-budget-8.rank-reject_first.cut-entropy4.0.samples20.maxnew1024.seed10086.subtreePrefetch.vllm.log,PreSTO-EntropyCut,1033,2026-09-09 15:09:36,161.9,353.1,2,0,0.5,0.0,15.683333333333334,0.0,0,56
/Users/jiangnanhugo/workspace/power-sharpening/Subtree-Prefetching-Power-Sharpening/case_studies/logs-entropycut/lcb_v6/2026-09-09/vllm/dataset-lcb_v6.model-qwen3.5-9b.alpha4.0.steps100.blocks-1.prefetch-budget-8.rank-reject_first.cut-entropy4.0.samples20.maxnew1024.seed10086.subtreePrefetch.vllm.log,PreSTO-EntropyCut,1042,2026-09-09 15:09:46,335.1,524.9,8,0,1.2,0.0,15.85,0.0,0,100
/Users/jiangnanhugo/workspace/power-sharpening/Subtree-Prefetching-Power-Sharpening/case_studies/logs-entropycut/lcb_v6/2026-09-09/vllm/dataset-lcb_v6.model-qwen3.5-9b.alpha4.0.steps100.blocks-1.prefetch-budget-8.rank-reject_first.cut-entropy4.0.samples20.maxnew1024.seed10086.subtreePrefetch.vllm.log,PreSTO-EntropyCut,1047,2026-09-09 15:09:56,252.8,401.1,7,0,1.3,70.6,16.016666666666666,0.0,0,64
/Users/jiangnanhugo/workspace/power-sharpening/Subtree-Prefetching-Power-Sharpening/case_studies/logs-entropycut/lcb_v6/2026-09-09/vllm/dataset-lcb_v6.model-qwen3.5-9b.alpha4.0.steps100.blocks-1.prefetch-budget-8.rank-reject_first.cut-entropy4.0.samples20.maxnew1024.seed10086.subtreePrefetch.vllm.log,PreSTO-EntropyCut,1052,2026-09-09 15:10:06,139.2,361.7,4,0,0.7,70.6,16.183333333333334,0.0,0,52
/Users/jiangnanhugo/workspace/power-sharpening/Subtree-Prefetching-Power-Sharpening/case_studies/logs-entropycut/lcb_v6/2026-09-09/vllm/dataset-lcb_v6.model-qwen3.5-9b.alpha4.0.steps100.blocks-1.prefetch-budget-8.rank-reject_first.cut-entropy4.0.samples20.maxnew1024.seed10086.subtreePrefetch.vllm.log,PreSTO-EntropyCut,1057,2026-09-09 15:10:16,274.1,460.9,6,0,1.4,75.8,16.35,0.0,0,76
/Users/jiangnanhugo/workspace/power-sharpening/Subtree-Prefetching-Power-Sharpening/case_studies/logs-entropycut/lcb_v6/2026-09-09/vllm/dataset-lcb_v6.model-qwen3.5-9b.alpha4.0.steps100.blocks-1.prefetch-budget-8.rank-reject_first.cut-entropy4.0.samples20.maxnew1024.seed10086.subtreePrefetch.vllm.log,PreSTO-EntropyCut,1062,2026-09-09 15:10:26,124.1,349.0,2,0,0.6,75.8,16.516666666666666,0.0,0,48
/Users/jiangnanhugo/workspace/power-sharpening/Subtree-Prefetching-Power-Sharpening/case_studies/logs-entropycut/lcb_v6/2026-09-09/vllm/dataset-lcb_v6.model-qwen3.5-9b.alpha4.0.steps100.blocks-1.prefetch-budget-8.rank-reject_first.cut-entropy4.0.samples20.maxnew1024.seed10086.subtreePrefetch.vllm.log,PreSTO-EntropyCut,1067,2026-09-09 15:10:36,201.0,340.4,1,0,0.4,75.8,16.683333333333334,0.0,0,60
/Users/jiangnanhugo/workspace/power-sharpening/Subtree-Prefetching-Power-Sharpening/case_studies/logs-entropycut/lcb_v6/2026-09-09/vllm/dataset-lcb_v6.model-qwen3.5-9b.alpha4.0.steps100.blocks-1.prefetch-budget-8.rank-reject_first.cut-entropy4.0.samples20.maxnew1024.seed10086.subtreePrefetch.vllm.log,PreSTO-EntropyCut,1072,2026-09-09 15:10:46,227.7,314.9,1,0,0.4,75.8,16.85,0.0,0,56
/Users/jiangnanhugo/workspace/power-sharpening/Subtree-Prefetching-Power-Sharpening/case_studies/logs-entropycut/lcb_v6/2026-09-09/vllm/dataset-lcb_v6.model-qwen3.5-9b.alpha4.0.steps100.blocks-1.prefetch-budget-8.rank-reject_first.cut-entropy4.0.samples20.maxnew1024.seed10086.subtreePrefetch.vllm.log,PreSTO-EntropyCut,1081,2026-09-09 15:10:56,502.0,462.2,6,0,1.0,75.8,17.016666666666666,0.0,0,104
/Users/jiangnanhugo/workspace/power-sharpening/Subtree-Prefetching-Power-Sharpening/case_studies/logs-entropycut/lcb_v6/2026-09-09/vllm/dataset-lcb_v6.model-qwen3.5-9b.alpha4.0.steps100.blocks-1.prefetch-budget-8.rank-reject_first.cut-entropy4.0.samples20.maxnew1024.seed10086.subtreePrefetch.vllm.log,PreSTO-EntropyCut,1086,2026-09-09 15:11:06,209.9,462.8,4,0,0.9,75.8,17.183333333333334,0.0,0,72
/Users/jiangnanhugo/workspace/power-sharpening/Subtree-Prefetching-Power-Sharpening/case_studies/logs-entropycut/lcb_v6/2026-09-09/vllm/dataset-lcb_v6.model-qwen3.5-9b.alpha4.0.steps100.blocks-1.prefetch-budget-8.rank-reject_first.cut-entropy4.0.samples20.maxnew1024.seed10086.subtreePrefetch.vllm.log,PreSTO-EntropyCut,1091,2026-09-09 15:11:16,260.6,403.7,3,0,0.8,75.8,17.35,0.0,0,64
/Users/jiangnanhugo/workspace/power-sharpening/Subtree-Prefetching-Power-Sharpening/case_studies/logs-entropycut/lcb_v6/2026-09-09/vllm/dataset-lcb_v6.model-qwen3.5-9b.alpha4.0.steps100.blocks-1.prefetch-budget-8.rank-reject_first.cut-entropy4.0.samples20.maxnew1024.seed10086.subtreePrefetch.vllm.log,PreSTO-EntropyCut,1096,2026-09-09 15:11:26,186.5,417.6,1,0,0.3,75.8,17.516666666666666,0.0,0,60
/Users/jiangnanhugo/workspace/power-sharpening/Subtree-Prefetching-Power-Sharpening/case_studies/logs-entropycut/lcb_v6/2026-09-09/vllm/dataset-lcb_v6.model-qwen3.5-9b.alpha4.0.steps100.blocks-1.prefetch-budget-8.rank-reject_first.cut-entropy4.0.samples20.maxnew1024.seed10086.subtreePrefetch.vllm.log,PreSTO-EntropyCut,1101,2026-09-09 15:11:36,216.1,277.7,4,0,0.8,80.3,17.683333333333334,0.0,0,56
/Users/jiangnanhugo/workspace/power-sharpening/Subtree-Prefetching-Power-Sharpening/case_studies/logs-entropycut/lcb_v6/2026-09-09/vllm/dataset-lcb_v6.model-qwen3.5-9b.alpha4.0.steps100.blocks-1.prefetch-budget-8.rank-reject_first.cut-entropy4.0.samples20.maxnew1024.seed10086.subtreePrefetch.vllm.log,PreSTO-EntropyCut,1106,2026-09-09 15:11:46,141.3,336.7,2,0,0.5,80.3,17.85,0.0,0,52
/Users/jiangnanhugo/workspace/power-sharpening/Subtree-Prefetching-Power-Sharpening/case_studies/logs-entropycut/lcb_v6/2026-09-09/vllm/dataset-lcb_v6.model-qwen3.5-9b.alpha4.0.steps100.blocks-1.prefetch-budget-8.rank-reject_first.cut-entropy4.0.samples20.maxnew1024.seed10086.subtreePrefetch.vllm.log,PreSTO-EntropyCut,1115,2026-09-09 15:11:56,440.5,418.9,7,0,1.0,80.3,18.016666666666666,0.0,0,92
/Users/jiangnanhugo/workspace/power-sharpening/Subtree-Prefetching-Power-Sharpening/case_studies/logs-entropycut/lcb_v6/2026-09-09/vllm/dataset-lcb_v6.model-qwen3.5-9b.alpha4.0.steps100.blocks-1.prefetch-budget-8.rank-reject_first.cut-entropy4.0.samples20.maxnew1024.seed10086.subtreePrefetch.vllm.log,PreSTO-EntropyCut,1120,2026-09-09 15:12:06,157.6,444.9,4,0,0.7,80.3,18.183333333333334,0.0,0,68
/Users/jiangnanhugo/workspace/power-sharpening/Subtree-Prefetching-Power-Sharpening/case_studies/logs-entropycut/lcb_v6/2026-09-09/vllm/dataset-lcb_v6.model-qwen3.5-9b.alpha4.0.steps100.blocks-1.prefetch-budget-8.rank-reject_first.cut-entropy4.0.samples20.maxnew1024.seed10086.subtreePrefetch.vllm.log,PreSTO-EntropyCut,1125,2026-09-09 15:12:16,184.2,415.1,3,0,0.9,80.3,18.35,0.0,0,64
/Users/jiangnanhugo/workspace/power-sharpening/Subtree-Prefetching-Power-Sharpening/case_studies/logs-entropycut/lcb_v6/2026-09-09/vllm/dataset-lcb_v6.model-qwen3.5-9b.alpha4.0.steps100.blocks-1.prefetch-budget-8.rank-reject_first.cut-entropy4.0.samples20.maxnew1024.seed10086.subtreePrefetch.vllm.log,PreSTO-EntropyCut,1134,2026-09-09 15:12:26,477.3,419.8,7,0,0.9,80.3,18.516666666666666,0.0,0,96
/Users/jiangnanhugo/workspace/power-sharpening/Subtree-Prefetching-Power-Sharpening/case_studies/logs-entropycut/lcb_v6/2026-09-09/vllm/dataset-lcb_v6.model-qwen3.5-9b.alpha4.0.steps100.blocks-1.prefetch-budget-8.rank-reject_first.cut-entropy4.0.samples20.maxnew1024.seed10086.subtreePrefetch.vllm.log,PreSTO-EntropyCut,1139,2026-09-09 15:12:36,191.8,561.5,6,0,1.3,80.3,18.683333333333334,0.0,0,76
/Users/jiangnanhugo/workspace/power-sharpening/Subtree-Prefetching-Power-Sharpening/case_studies/logs-entropycut/lcb_v6/2026-09-09/vllm/dataset-lcb_v6.model-qwen3.5-9b.alpha4.0.steps100.blocks-1.prefetch-budget-8.rank-reject_first.cut-entropy4.0.samples20.maxnew1024.seed10086.subtreePrefetch.vllm.log,PreSTO-EntropyCut,1266,2026-09-09 15:12:46,116.4,271.1,1,0,0.2,80.3,18.85,0.0,0,32
/Users/jiangnanhugo/workspace/power-sharpening/Subtree-Prefetching-Power-Sharpening/case_studies/logs-entropycut/lcb_v6/2026-09-09/vllm/dataset-lcb_v6.model-qwen3.5-9b.alpha4.0.steps100.blocks-1.prefetch-budget-8.rank-reject_first.cut-entropy4.0.samples20.maxnew1024.seed10086.subtreePrefetch.vllm.log,PreSTO-EntropyCut,1271,2026-09-09 15:12:56,115.5,256.2,6,0,0.9,80.3,19.016666666666666,0.0,0,44
/Users/jiangnanhugo/workspace/power-sharpening/Subtree-Prefetching-Power-Sharpening/case_studies/logs-entropycut/lcb_v6/2026-09-09/vllm/dataset-lcb_v6.model-qwen3.5-9b.alpha4.0.steps100.blocks-1.prefetch-budget-8.rank-reject_first.cut-entropy4.0.samples20.maxnew1024.seed10086.subtreePrefetch.vllm.log,PreSTO-EntropyCut,1276,2026-09-09 15:13:06,153.2,409.1,2,0,0.6,80.3,19.183333333333334,0.0,0,60
/Users/jiangnanhugo/workspace/power-sharpening/Subtree-Prefetching-Power-Sharpening/case_studies/logs-entropycut/lcb_v6/2026-09-09/vllm/dataset-lcb_v6.model-qwen3.5-9b.alpha4.0.steps100.blocks-1.prefetch-budget-8.rank-reject_first.cut-entropy4.0.samples20.maxnew1024.seed10086.subtreePrefetch.vllm.log,PreSTO-EntropyCut,1281,2026-09-09 15:13:16,102.0,507.7,1,0,0.4,80.3,19.35,0.0,0,64
/Users/jiangnanhugo/workspace/power-sharpening/Subtree-Prefetching-Power-Sharpening/case_studies/logs-entropycut/lcb_v6/2026-09-09/vllm/dataset-lcb_v6.model-qwen3.5-9b.alpha4.0.steps100.blocks-1.prefetch-budget-8.rank-reject_first.cut-entropy4.0.samples20.maxnew1024.seed10086.subtreePrefetch.vllm.log,PreSTO-EntropyCut,1294,2026-09-09 15:13:26,617.7,328.9,8,0,1.0,80.3,19.516666666666666,0.0,0,116
/Users/jiangnanhugo/workspace/power-sharpening/Subtree-Prefetching-Power-Sharpening/case_studies/logs-entropycut/lcb_v6/2026-09-09/vllm/dataset-lcb_v6.model-qwen3.5-9b.alpha4.0.steps100.blocks-1.prefetch-budget-8.rank-reject_first.cut-entropy4.0.samples20.maxnew1024.seed10086.subtreePrefetch.vllm.log,PreSTO-EntropyCut,1299,2026-09-09 15:13:36,278.1,532.4,4,0,1.1,80.3,19.683333333333334,8.333333,7,84
/Users/jiangnanhugo/workspace/power-sharpening/Subtree-Prefetching-Power-Sharpening/case_studies/logs-entropycut/lcb_v6/2026-09-09/vllm/dataset-lcb_v6.model-qwen3.5-9b.alpha4.0.steps100.blocks-1.prefetch-budget-8.rank-reject_first.cut-entropy4.0.samples20.maxnew1024.seed10086.subtreePrefetch.vllm.log,PreSTO-EntropyCut,1308,2026-09-09 15:13:46,414.2,317.1,8,0,1.1,80.3,19.85,38.095238,32,84
/Users/jiangnanhugo/workspace/power-sharpening/Subtree-Prefetching-Power-Sharpening/case_studies/logs-entropycut/lcb_v6/2026-09-09/vllm/dataset-lcb_v6.model-qwen3.5-9b.alpha4.0.steps100.blocks-1.prefetch-budget-8.rank-reject_first.cut-entropy4.0.samples20.maxnew1024.seed10086.subtreePrefetch.vllm.log,PreSTO-EntropyCut,1313,2026-09-09 15:13:56,154.2,363.4,2,0,0.4,80.3,20.016666666666666,40.0,24,60
/Users/jiangnanhugo/workspace/power-sharpening/Subtree-Prefetching-Power-Sharpening/case_studies/logs-entropycut/lcb_v6/2026-09-09/vllm/dataset-lcb_v6.model-qwen3.5-9b.alpha4.0.steps100.blocks-1.prefetch-budget-8.rank-reject_first.cut-entropy4.0.samples20.maxnew1024.seed10086.subtreePrefetch.vllm.log,PreSTO-EntropyCut,1318,2026-09-09 15:14:06,162.4,295.1,1,0,0.4,80.3,20.183333333333334,30.769231,16,52
/Users/jiangnanhugo/workspace/power-sharpening/Subtree-Prefetching-Power-Sharpening/case_studies/logs-entropycut/lcb_v6/2026-09-09/vllm/dataset-lcb_v6.model-qwen3.5-9b.alpha4.0.steps100.blocks-1.prefetch-budget-8.rank-reject_first.cut-entropy4.0.samples20.maxnew1024.seed10086.subtreePrefetch.vllm.log,PreSTO-EntropyCut,1327,2026-09-09 15:14:16,374.3,448.8,5,0,0.7,80.3,20.35,37.5,36,96
/Users/jiangnanhugo/workspace/power-sharpening/Subtree-Prefetching-Power-Sharpening/case_studies/logs-entropycut/lcb_v6/2026-09-09/vllm/dataset-lcb_v6.model-qwen3.5-9b.alpha4.0.steps100.blocks-1.prefetch-budget-8.rank-reject_first.cut-entropy4.0.samples20.maxnew1024.seed10086.subtreePrefetch.vllm.log,PreSTO-EntropyCut,1332,2026-09-09 15:14:26,115.1,424.3,3,0,0.7,80.3,20.516666666666666,33.333333,20,60
/Users/jiangnanhugo/workspace/power-sharpening/Subtree-Prefetching-Power-Sharpening/case_studies/logs-entropycut/lcb_v6/2026-09-09/vllm/dataset-lcb_v6.model-qwen3.5-9b.alpha4.0.steps100.blocks-1.prefetch-budget-8.rank-reject_first.cut-entropy4.0.samples20.maxnew1024.seed10086.subtreePrefetch.vllm.log,PreSTO-EntropyCut,1341,2026-09-09 15:14:36,449.2,446.0,6,0,1.4,80.3,20.683333333333334,42.307692,44,104
/Users/jiangnanhugo/workspace/power-sharpening/Subtree-Prefetching-Power-Sharpening/case_studies/logs-entropycut/lcb_v6/2026-09-09/vllm/dataset-lcb_v6.model-qwen3.5-9b.alpha4.0.steps100.blocks-1.prefetch-budget-8.rank-reject_first.cut-entropy4.0.samples20.maxnew1024.seed10086.subtreePrefetch.vllm.log,PreSTO-EntropyCut,1346,2026-09-09 15:14:46,149.8,575.4,7,0,1.2,80.3,20.85,53.333333,32,60
/Users/jiangnanhugo/workspace/power-sharpening/Subtree-Prefetching-Power-Sharpening/case_studies/logs-entropycut/lcb_v6/2026-09-09/vllm/dataset-lcb_v6.model-qwen3.5-9b.alpha4.0.steps100.blocks-1.prefetch-budget-8.rank-reject_first.cut-entropy4.0.samples20.maxnew1024.seed10086.subtreePrefetch.vllm.log,PreSTO-EntropyCut,1351,2026-09-09 15:14:56,120.5,614.5,3,0,0.7,80.3,21.016666666666666,55.0,44,80
/Users/jiangnanhugo/workspace/power-sharpening/Subtree-Prefetching-Power-Sharpening/case_studies/logs-entropycut/lcb_v6/2026-09-09/vllm/dataset-lcb_v6.model-qwen3.5-9b.alpha4.0.steps100.blocks-1.prefetch-budget-8.rank-reject_first.cut-entropy4.0.samples20.maxnew1024.seed10086.subtreePrefetch.vllm.log,PreSTO-EntropyCut,1360,2026-09-09 15:15:06,329.3,426.4,6,0,0.9,80.3,21.183333333333334,34.782609,32,92
/Users/jiangnanhugo/workspace/power-sharpening/Subtree-Prefetching-Power-Sharpening/case_studies/logs-entropycut/lcb_v6/2026-09-09/vllm/dataset-lcb_v6.model-qwen3.5-9b.alpha4.0.steps100.blocks-1.prefetch-budget-8.rank-reject_first.cut-entropy4.0.samples20.maxnew1024.seed10086.subtreePrefetch.vllm.log,PreSTO-EntropyCut,1365,2026-09-09 15:15:16,141.8,595.9,8,0,1.3,80.3,21.35,61.111111,44,72
/Users/jiangnanhugo/workspace/power-sharpening/Subtree-Prefetching-Power-Sharpening/case_studies/logs-entropycut/lcb_v6/2026-09-09/vllm/dataset-lcb_v6.model-qwen3.5-9b.alpha4.0.steps100.blocks-1.prefetch-budget-8.rank-reject_first.cut-entropy4.0.samples20.maxnew1024.seed10086.subtreePrefetch.vllm.log,PreSTO-EntropyCut,1370,2026-09-09 15:15:26,200.2,603.8,7,0,1.3,80.3,21.516666666666666,52.631579,40,76
/Users/jiangnanhugo/workspace/power-sharpening/Subtree-Prefetching-Power-Sharpening/case_studies/logs-entropycut/lcb_v6/2026-09-09/vllm/dataset-lcb_v6.model-qwen3.5-9b.alpha4.0.steps100.blocks-1.prefetch-budget-8.rank-reject_first.cut-entropy4.0.samples20.maxnew1024.seed10086.subtreePrefetch.vllm.log,PreSTO-EntropyCut,1375,2026-09-09 15:15:36,152.4,520.0,7,0,1.1,80.3,21.683333333333334,46.666667,28,60
/Users/jiangnanhugo/workspace/power-sharpening/Subtree-Prefetching-Power-Sharpening/case_studies/logs-entropycut/lcb_v6/2026-09-09/vllm/dataset-lcb_v6.model-qwen3.5-9b.alpha4.0.steps100.blocks-1.prefetch-budget-8.rank-reject_first.cut-entropy4.0.samples20.maxnew1024.seed10086.subtreePrefetch.vllm.log,PreSTO-EntropyCut,1380,2026-09-09 15:15:46,202.8,570.1,5,0,1.2,80.3,21.85,57.142857,48,84
/Users/jiangnanhugo/workspace/power-sharpening/Subtree-Prefetching-Power-Sharpening/case_studies/logs-entropycut/lcb_v6/2026-09-09/vllm/dataset-lcb_v6.model-qwen3.5-9b.alpha4.0.steps100.blocks-1.prefetch-budget-8.rank-reject_first.cut-entropy4.0.samples20.maxnew1024.seed10086.subtreePrefetch.vllm.log,PreSTO-EntropyCut,1385,2026-09-09 15:15:56,159.7,478.6,2,0,0.7,80.3,22.016666666666666,43.75,28,64
/Users/jiangnanhugo/workspace/power-sharpening/Subtree-Prefetching-Power-Sharpening/case_studies/logs-entropycut/lcb_v6/2026-09-09/vllm/dataset-lcb_v6.model-qwen3.5-9b.alpha4.0.steps100.blocks-1.prefetch-budget-8.rank-reject_first.cut-entropy4.0.samples20.maxnew1024.seed10086.subtreePrefetch.vllm.log,PreSTO-EntropyCut,1394,2026-09-09 15:16:06,288.6,537.1,8,0,1.1,80.3,22.183333333333334,48.0,48,100
/Users/jiangnanhugo/workspace/power-sharpening/Subtree-Prefetching-Power-Sharpening/case_studies/logs-entropycut/lcb_v6/2026-09-09/vllm/dataset-lcb_v6.model-qwen3.5-9b.alpha4.0.steps100.blocks-1.prefetch-budget-8.rank-reject_first.cut-entropy4.0.samples20.maxnew1024.seed10086.subtreePrefetch.vllm.log,PreSTO-EntropyCut,1399,2026-09-09 15:16:16,127.3,517.4,6,0,1.0,80.3,22.35,28.571429,16,56
/Users/jiangnanhugo/workspace/power-sharpening/Subtree-Prefetching-Power-Sharpening/case_studies/logs-entropycut/lcb_v6/2026-09-09/vllm/dataset-lcb_v6.model-qwen3.5-9b.alpha4.0.steps100.blocks-1.prefetch-budget-8.rank-reject_first.cut-entropy4.0.samples20.maxnew1024.seed10086.subtreePrefetch.vllm.log,PreSTO-EntropyCut,1404,2026-09-09 15:16:26,128.0,467.7,6,0,1.3,80.3,22.516666666666666,58.823529,40,68
/Users/jiangnanhugo/workspace/power-sharpening/Subtree-Prefetching-Power-Sharpening/case_studies/logs-entropycut/lcb_v6/2026-09-09/vllm/dataset-lcb_v6.model-qwen3.5-9b.alpha4.0.steps100.blocks-1.prefetch-budget-8.rank-reject_first.cut-entropy4.0.samples20.maxnew1024.seed10086.subtreePrefetch.vllm.log,PreSTO-EntropyCut,1527,2026-09-09 15:16:36,35.4,221.3,1,0,0.2,80.3,22.683333333333334,25.0,4,16
/Users/jiangnanhugo/workspace/power-sharpening/Subtree-Prefetching-Power-Sharpening/case_studies/logs-entropycut/lcb_v6/2026-09-09/vllm/dataset-lcb_v6.model-qwen3.5-9b.alpha4.0.steps100.blocks-1.prefetch-budget-8.rank-reject_first.cut-entropy4.0.samples20.maxnew1024.seed10086.subtreePrefetch.vllm.log,PreSTO-EntropyCut,1536,2026-09-09 15:16:46,342.2,364.2,8,0,1.0,80.3,22.85,42.857143,36,84
/Users/jiangnanhugo/workspace/power-sharpening/Subtree-Prefetching-Power-Sharpening/case_studies/logs-entropycut/lcb_v6/2026-09-09/vllm/dataset-lcb_v6.model-qwen3.5-9b.alpha4.0.steps100.blocks-1.prefetch-budget-8.rank-reject_first.cut-entropy4.0.samples20.maxnew1024.seed10086.subtreePrefetch.vllm.log,PreSTO-EntropyCut,1541,2026-09-09 15:16:56,165.7,468.0,6,0,1.1,80.3,23.016666666666666,37.5,24,64
/Users/jiangnanhugo/workspace/power-sharpening/Subtree-Prefetching-Power-Sharpening/case_studies/logs-entropycut/lcb_v6/2026-09-09/vllm/dataset-lcb_v6.model-qwen3.5-9b.alpha4.0.steps100.blocks-1.prefetch-budget-8.rank-reject_first.cut-entropy4.0.samples20.maxnew1024.seed10086.subtreePrefetch.vllm.log,PreSTO-EntropyCut,1546,2026-09-09 15:17:06,176.3,418.1,1,0,0.3,80.3,23.183333333333334,38.461538,20,52
/Users/jiangnanhugo/workspace/power-sharpening/Subtree-Prefetching-Power-Sharpening/case_studies/logs-entropycut/lcb_v6/2026-09-09/vllm/dataset-lcb_v6.model-qwen3.5-9b.alpha4.0.steps100.blocks-1.prefetch-budget-8.rank-reject_first.cut-entropy4.0.samples20.maxnew1024.seed10086.subtreePrefetch.vllm.log,PreSTO-EntropyCut,1555,2026-09-09 15:17:16,368.4,456.2,8,0,1.0,80.3,23.35,33.333333,28,84
/Users/jiangnanhugo/workspace/power-sharpening/Subtree-Prefetching-Power-Sharpening/case_studies/logs-entropycut/lcb_v6/2026-09-09/vllm/dataset-lcb_v6.model-qwen3.5-9b.alpha4.0.steps100.blocks-1.prefetch-budget-8.rank-reject_first.cut-entropy4.0.samples20.maxnew1024.seed10086.subtreePrefetch.vllm.log,PreSTO-EntropyCut,1560,2026-09-09 15:17:26,154.3,532.2,7,0,1.0,80.3,23.516666666666666,47.058824,32,68
/Users/jiangnanhugo/workspace/power-sharpening/Subtree-Prefetching-Power-Sharpening/case_studies/logs-entropycut/lcb_v6/2026-09-09/vllm/dataset-lcb_v6.model-qwen3.5-9b.alpha4.0.steps100.blocks-1.prefetch-budget-8.rank-reject_first.cut-entropy4.0.samples20.maxnew1024.seed10086.subtreePrefetch.vllm.log,PreSTO-EntropyCut,1565,2026-09-09 15:17:36,178.3,550.9,6,0,1.1,80.3,23.683333333333334,52.941176,36,68
/Users/jiangnanhugo/workspace/power-sharpening/Subtree-Prefetching-Power-Sharpening/case_studies/logs-entropycut/lcb_v6/2026-09-09/vllm/dataset-lcb_v6.model-qwen3.5-9b.alpha4.0.steps100.blocks-1.prefetch-budget-8.rank-reject_first.cut-entropy4.0.samples20.maxnew1024.seed10086.subtreePrefetch.vllm.log,PreSTO-EntropyCut,1570,2026-09-09 15:17:46,261.3,479.4,1,0,0.3,80.3,23.85,41.176471,28,68
/Users/jiangnanhugo/workspace/power-sharpening/Subtree-Prefetching-Power-Sharpening/case_studies/logs-entropycut/lcb_v6/2026-09-09/vllm/dataset-lcb_v6.model-qwen3.5-9b.alpha4.0.steps100.blocks-1.prefetch-budget-8.rank-reject_first.cut-entropy4.0.samples20.maxnew1024.seed10086.subtreePrefetch.vllm.log,PreSTO-EntropyCut,1575,2026-09-09 15:17:56,214.3,318.0,1,0,0.3,80.3,24.016666666666666,30.769231,16,52
/Users/jiangnanhugo/workspace/power-sharpening/Subtree-Prefetching-Power-Sharpening/case_studies/logs-entropycut/lcb_v6/2026-09-09/vllm/dataset-lcb_v6.model-qwen3.5-9b.alpha4.0.steps100.blocks-1.prefetch-budget-8.rank-reject_first.cut-entropy4.0.samples20.maxnew1024.seed10086.subtreePrefetch.vllm.log,PreSTO-EntropyCut,1584,2026-09-09 15:18:06,356.6,455.9,6,0,0.9,80.3,24.183333333333334,47.826087,44,92
/Users/jiangnanhugo/workspace/power-sharpening/Subtree-Prefetching-Power-Sharpening/case_studies/logs-entropycut/lcb_v6/2026-09-09/vllm/dataset-lcb_v6.model-qwen3.5-9b.alpha4.0.steps100.blocks-1.prefetch-budget-8.rank-reject_first.cut-entropy4.0.samples20.maxnew1024.seed10086.subtreePrefetch.vllm.log,PreSTO-EntropyCut,1589,2026-09-09 15:18:16,191.4,495.9,6,0,1.0,80.3,24.35,33.333333,20,60
/Users/jiangnanhugo/workspace/power-sharpening/Subtree-Prefetching-Power-Sharpening/case_studies/logs-entropycut/lcb_v6/2026-09-09/vllm/dataset-lcb_v6.model-qwen3.5-9b.alpha4.0.steps100.blocks-1.prefetch-budget-8.rank-reject_first.cut-entropy4.0.samples20.maxnew1024.seed10086.subtreePrefetch.vllm.log,PreSTO-EntropyCut,1594,2026-09-09 15:18:26,188.9,448.4,3,0,0.7,80.3,24.516666666666666,43.75,28,64
/Users/jiangnanhugo/workspace/power-sharpening/Subtree-Prefetching-Power-Sharpening/case_studies/logs-entropycut/lcb_v6/2026-09-09/vllm/dataset-lcb_v6.model-qwen3.5-9b.alpha4.0.steps100.blocks-1.prefetch-budget-8.rank-reject_first.cut-entropy4.0.samples20.maxnew1024.seed10086.subtreePrefetch.vllm.log,PreSTO-EntropyCut,1599,2026-09-09 15:18:36,154.3,539.2,1,0,0.3,80.3,24.683333333333334,60.0,36,60
/Users/jiangnanhugo/workspace/power-sharpening/Subtree-Prefetching-Power-Sharpening/case_studies/logs-entropycut/lcb_v6/2026-09-09/vllm/dataset-lcb_v6.model-qwen3.5-9b.alpha4.0.steps100.blocks-1.prefetch-budget-8.rank-reject_first.cut-entropy4.0.samples20.maxnew1024.seed10086.subtreePrefetch.vllm.log,PreSTO-EntropyCut,1608,2026-09-09 15:18:46,412.1,536.2,6,0,1.0,80.3,24.85,36.0,36,100
/Users/jiangnanhugo/workspace/power-sharpening/Subtree-Prefetching-Power-Sharpening/case_studies/logs-entropycut/lcb_v6/2026-09-09/vllm/dataset-lcb_v6.model-qwen3.5-9b.alpha4.0.steps100.blocks-1.prefetch-budget-8.rank-reject_first.cut-entropy4.0.samples20.maxnew1024.seed10086.subtreePrefetch.vllm.log,PreSTO-EntropyCut,1613,2026-09-09 15:18:56,123.8,468.3,5,0,0.9,80.3,25.016666666666666,28.571429,16,56
/Users/jiangnanhugo/workspace/power-sharpening/Subtree-Prefetching-Power-Sharpening/case_studies/logs-entropycut/lcb_v6/2026-09-09/vllm/dataset-lcb_v6.model-qwen3.5-9b.alpha4.0.steps100.blocks-1.prefetch-budget-8.rank-reject_first.cut-entropy4.0.samples20.maxnew1024.seed10086.subtreePrefetch.vllm.log,PreSTO-EntropyCut,1618,2026-09-09 15:19:06,138.2,550.9,2,0,0.5,80.3,25.183333333333334,56.25,36,64
/Users/jiangnanhugo/workspace/power-sharpening/Subtree-Prefetching-Power-Sharpening/case_studies/logs-entropycut/lcb_v6/2026-09-09/vllm/dataset-lcb_v6.model-qwen3.5-9b.alpha4.0.steps100.blocks-1.prefetch-budget-8.rank-reject_first.cut-entropy4.0.samples20.maxnew1024.seed10086.subtreePrefetch.vllm.log,PreSTO-EntropyCut,1627,2026-09-09 15:19:16,373.0,446.2,7,0,1.2,80.3,25.35,34.782609,32,92
/Users/jiangnanhugo/workspace/power-sharpening/Subtree-Prefetching-Power-Sharpening/case_studies/logs-entropycut/lcb_v6/2026-09-09/vllm/dataset-lcb_v6.model-qwen3.5-9b.alpha4.0.steps100.blocks-1.prefetch-budget-8.rank-reject_first.cut-entropy4.0.samples20.maxnew1024.seed10086.subtreePrefetch.vllm.log,PreSTO-EntropyCut,1632,2026-09-09 15:19:26,229.8,517.1,6,0,1.3,80.3,25.516666666666666,47.058824,32,68
/Users/jiangnanhugo/workspace/power-sharpening/Subtree-Prefetching-Power-Sharpening/case_studies/logs-entropycut/lcb_v6/2026-09-09/vllm/dataset-lcb_v6.model-qwen3.5-9b.alpha4.0.steps100.blocks-1.prefetch-budget-8.rank-reject_first.cut-entropy4.0.samples20.maxnew1024.seed10086.subtreePrefetch.vllm.log,PreSTO-EntropyCut,1637,2026-09-09 15:19:36,185.1,458.7,3,0,0.8,80.3,25.683333333333334,33.333333,20,60
/Users/jiangnanhugo/workspace/power-sharpening/Subtree-Prefetching-Power-Sharpening/case_studies/logs-entropycut/lcb_v6/2026-09-09/vllm/dataset-lcb_v6.model-qwen3.5-9b.alpha4.0.steps100.blocks-1.prefetch-budget-8.rank-reject_first.cut-entropy4.0.samples20.maxnew1024.seed10086.subtreePrefetch.vllm.log,PreSTO-EntropyCut,1756,2026-09-09 15:19:46,205.9,498.1,1,0,0.2,80.3,25.85,50.0,32,64
/Users/jiangnanhugo/workspace/power-sharpening/Subtree-Prefetching-Power-Sharpening/case_studies/logs-entropycut/lcb_v6/2026-09-09/vllm/dataset-lcb_v6.model-qwen3.5-9b.alpha4.0.steps100.blocks-1.prefetch-budget-8.rank-reject_first.cut-entropy4.0.samples20.maxnew1024.seed10086.subtreePrefetch.vllm.log,PreSTO-EntropyCut,1761,2026-09-09 15:19:56,285.8,204.5,8,0,1.5,80.3,26.016666666666666,66.666667,40,60
/Users/jiangnanhugo/workspace/power-sharpening/Subtree-Prefetching-Power-Sharpening/case_studies/logs-entropycut/lcb_v6/2026-09-09/vllm/dataset-lcb_v6.model-qwen3.5-9b.alpha4.0.steps100.blocks-1.prefetch-budget-8.rank-reject_first.cut-entropy4.0.samples20.maxnew1024.seed10086.subtreePrefetch.vllm.log,PreSTO-EntropyCut,1766,2026-09-09 15:20:06,264.4,524.1,2,0,0.6,80.3,26.183333333333334,21.428571,12,56
/Users/jiangnanhugo/workspace/power-sharpening/Subtree-Prefetching-Power-Sharpening/case_studies/logs-entropycut/lcb_v6/2026-09-09/vllm/dataset-lcb_v6.model-qwen3.5-9b.alpha4.0.steps100.blocks-1.prefetch-budget-8.rank-reject_first.cut-entropy4.0.samples20.maxnew1024.seed10086.subtreePrefetch.vllm.log,PreSTO-EntropyCut,1771,2026-09-09 15:20:16,206.5,443.0,2,0,0.5,80.3,26.35,46.666667,28,60
/Users/jiangnanhugo/workspace/power-sharpening/Subtree-Prefetching-Power-Sharpening/case_studies/logs-entropycut/lcb_v6/2026-09-09/vllm/dataset-lcb_v6.model-qwen3.5-9b.alpha4.0.steps100.blocks-1.prefetch-budget-8.rank-reject_first.cut-entropy4.0.samples20.maxnew1024.seed10086.subtreePrefetch.vllm.log,PreSTO-EntropyCut,1776,2026-09-09 15:20:26,278.7,511.4,2,0,0.7,80.3,26.516666666666666,52.941176,36,68
/Users/jiangnanhugo/workspace/power-sharpening/Subtree-Prefetching-Power-Sharpening/case_studies/logs-entropycut/lcb_v6/2026-09-09/vllm/dataset-lcb_v6.model-qwen3.5-9b.alpha4.0.steps100.blocks-1.prefetch-budget-8.rank-reject_first.cut-entropy4.0.samples20.maxnew1024.seed10086.subtreePrefetch.vllm.log,PreSTO-EntropyCut,1785,2026-09-09 15:20:36,419.9,539.5,4,0,0.8,80.3,26.683333333333334,39.130435,36,92
/Users/jiangnanhugo/workspace/power-sharpening/Subtree-Prefetching-Power-Sharpening/case_studies/logs-entropycut/lcb_v6/2026-09-09/vllm/dataset-lcb_v6.model-qwen3.5-9b.alpha4.0.steps100.blocks-1.prefetch-budget-8.rank-reject_first.cut-entropy4.0.samples20.maxnew1024.seed10086.subtreePrefetch.vllm.log,PreSTO-EntropyCut,1790,2026-09-09 15:20:46,249.3,420.8,3,0,1.0,80.3,26.85,31.25,20,64
/Users/jiangnanhugo/workspace/power-sharpening/Subtree-Prefetching-Power-Sharpening/case_studies/logs-entropycut/lcb_v6/2026-09-09/vllm/dataset-lcb_v6.model-qwen3.5-9b.alpha4.0.steps100.blocks-1.prefetch-budget-8.rank-reject_first.cut-entropy4.0.samples20.maxnew1024.seed10086.subtreePrefetch.vllm.log,PreSTO-EntropyCut,1795,2026-09-09 15:20:56,236.4,421.8,2,0,0.7,80.3,27.016666666666666,50.0,28,56
/Users/jiangnanhugo/workspace/power-sharpening/Subtree-Prefetching-Power-Sharpening/case_studies/logs-entropycut/lcb_v6/2026-09-09/vllm/dataset-lcb_v6.model-qwen3.5-9b.alpha4.0.steps100.blocks-1.prefetch-budget-8.rank-reject_first.cut-entropy4.0.samples20.maxnew1024.seed10086.subtreePrefetch.vllm.log,PreSTO-EntropyCut,1804,2026-09-09 15:21:06,392.3,352.7,8,0,1.2,80.3,27.183333333333334,31.578947,24,76
/Users/jiangnanhugo/workspace/power-sharpening/Subtree-Prefetching-Power-Sharpening/case_studies/logs-entropycut/lcb_v6/2026-09-09/vllm/dataset-lcb_v6.model-qwen3.5-9b.alpha4.0.steps100.blocks-1.prefetch-budget-8.rank-reject_first.cut-entropy4.0.samples20.maxnew1024.seed10086.subtreePrefetch.vllm.log,PreSTO-EntropyCut,1809,2026-09-09 15:21:16,169.8,475.5,3,0,0.6,80.3,27.35,46.666667,28,60
/Users/jiangnanhugo/workspace/power-sharpening/Subtree-Prefetching-Power-Sharpening/case_studies/logs-entropycut/lcb_v6/2026-09-09/vllm/dataset-lcb_v6.model-qwen3.5-9b.alpha4.0.steps100.blocks-1.prefetch-budget-8.rank-reject_first.cut-entropy4.0.samples20.maxnew1024.seed10086.subtreePrefetch.vllm.log,PreSTO-EntropyCut,1814,2026-09-09 15:21:26,149.6,413.7,5,0,0.9,80.3,27.516666666666666,33.333333,16,48
/Users/jiangnanhugo/workspace/power-sharpening/Subtree-Prefetching-Power-Sharpening/case_studies/logs-entropycut/lcb_v6/2026-09-09/vllm/dataset-lcb_v6.model-qwen3.5-9b.alpha4.0.steps100.blocks-1.prefetch-budget-8.rank-reject_first.cut-entropy4.0.samples20.maxnew1024.seed10086.subtreePrefetch.vllm.log,PreSTO-EntropyCut,1819,2026-09-09 15:21:36,160.3,369.7,2,0,0.5,80.3,27.683333333333334,23.076923,12,52
/Users/jiangnanhugo/workspace/power-sharpening/Subtree-Prefetching-Power-Sharpening/case_studies/logs-entropycut/lcb_v6/2026-09-09/vllm/dataset-lcb_v6.model-qwen3.5-9b.alpha4.0.steps100.blocks-1.prefetch-budget-8.rank-reject_first.cut-entropy4.0.samples20.maxnew1024.seed10086.subtreePrefetch.vllm.log,PreSTO-EntropyCut,1824,2026-09-09 15:21:46,198.3,391.8,1,0,0.4,80.3,27.85,38.461538,20,52
/Users/jiangnanhugo/workspace/power-sharpening/Subtree-Prefetching-Power-Sharpening/case_studies/logs-entropycut/lcb_v6/2026-09-09/vllm/dataset-lcb_v6.model-qwen3.5-9b.alpha4.0.steps100.blocks-1.prefetch-budget-8.rank-reject_first.cut-entropy4.0.samples20.maxnew1024.seed10086.subtreePrefetch.vllm.log,PreSTO-EntropyCut,1835,2026-09-09 15:21:56,242.5,448.7,8,0,1.0,80.3,28.016666666666666,33.333333,28,84
/Users/jiangnanhugo/workspace/power-sharpening/Subtree-Prefetching-Power-Sharpening/case_studies/logs-entropycut/lcb_v6/2026-09-09/vllm/dataset-lcb_v6.model-qwen3.5-9b.alpha4.0.steps100.blocks-1.prefetch-budget-8.rank-reject_first.cut-entropy4.0.samples20.maxnew1024.seed10086.subtreePrefetch.vllm.log,PreSTO-EntropyCut,1840,2026-09-09 15:22:06,182.2,541.2,6,0,1.2,80.3,28.183333333333334,46.666667,28,60
/Users/jiangnanhugo/workspace/power-sharpening/Subtree-Prefetching-Power-Sharpening/case_studies/logs-entropycut/lcb_v6/2026-09-09/vllm/dataset-lcb_v6.model-qwen3.5-9b.alpha4.0.steps100.blocks-1.prefetch-budget-8.rank-reject_first.cut-entropy4.0.samples20.maxnew1024.seed10086.subtreePrefetch.vllm.log,PreSTO-EntropyCut,1845,2026-09-09 15:22:16,300.6,427.3,8,0,1.8,80.3,28.35,50.0,32,64
/Users/jiangnanhugo/workspace/power-sharpening/Subtree-Prefetching-Power-Sharpening/case_studies/logs-entropycut/lcb_v6/2026-09-09/vllm/dataset-lcb_v6.model-qwen3.5-9b.alpha4.0.steps100.blocks-1.prefetch-budget-8.rank-reject_first.cut-entropy4.0.samples20.maxnew1024.seed10086.subtreePrefetch.vllm.log,PreSTO-EntropyCut,1854,2026-09-09 15:22:26,369.8,389.3,8,0,1.1,80.3,28.516666666666666,15.789474,12,76
/Users/jiangnanhugo/workspace/power-sharpening/Subtree-Prefetching-Power-Sharpening/case_studies/logs-entropycut/lcb_v6/2026-09-09/vllm/dataset-lcb_v6.model-qwen3.5-9b.alpha4.0.steps100.blocks-1.prefetch-budget-8.rank-reject_first.cut-entropy4.0.samples20.maxnew1024.seed10086.subtreePrefetch.vllm.log,PreSTO-EntropyCut,1859,2026-09-09 15:22:36,203.5,569.0,8,0,1.3,80.3,28.683333333333334,52.941176,36,68
/Users/jiangnanhugo/workspace/power-sharpening/Subtree-Prefetching-Power-Sharpening/case_studies/logs-entropycut/lcb_v6/2026-09-09/vllm/dataset-lcb_v6.model-qwen3.5-9b.alpha4.0.steps100.blocks-1.prefetch-budget-8.rank-reject_first.cut-entropy4.0.samples20.maxnew1024.seed10086.subtreePrefetch.vllm.log,PreSTO-EntropyCut,1864,2026-09-09 15:22:46,182.3,576.5,6,0,1.2,80.3,28.85,47.058824,32,68
/Users/jiangnanhugo/workspace/power-sharpening/Subtree-Prefetching-Power-Sharpening/case_studies/logs-entropycut/lcb_v6/2026-09-09/vllm/dataset-lcb_v6.model-qwen3.5-9b.alpha4.0.steps100.blocks-1.prefetch-budget-8.rank-reject_first.cut-entropy4.0.samples20.maxnew1024.seed10086.subtreePrefetch.vllm.log,PreSTO-EntropyCut,1869,2026-09-09 15:22:56,230.0,550.4,7,0,1.5,80.3,29.016666666666666,52.941176,36,68
/Users/jiangnanhugo/workspace/power-sharpening/Subtree-Prefetching-Power-Sharpening/case_studies/logs-entropycut/lcb_v6/2026-09-09/vllm/dataset-lcb_v6.model-qwen3.5-9b.alpha4.0.steps100.blocks-1.prefetch-budget-8.rank-reject_first.cut-entropy4.0.samples20.maxnew1024.seed10086.subtreePrefetch.vllm.log,PreSTO-EntropyCut,1874,2026-09-09 15:23:06,230.5,556.6,6,0,1.3,80.3,29.183333333333334,50.0,32,64
/Users/jiangnanhugo/workspace/power-sharpening/Subtree-Prefetching-Power-Sharpening/case_studies/logs-entropycut/lcb_v6/2026-09-09/vllm/dataset-lcb_v6.model-qwen3.5-9b.alpha4.0.steps100.blocks-1.prefetch-budget-8.rank-reject_first.cut-entropy4.0.samples20.maxnew1024.seed10086.subtreePrefetch.vllm.log,PreSTO-EntropyCut,1973,2026-09-09 15:23:16,101.0,263.1,1,0,0.2,80.3,29.35,0.0,0,28
/Users/jiangnanhugo/workspace/power-sharpening/Subtree-Prefetching-Power-Sharpening/case_studies/logs-entropycut/lcb_v6/2026-09-09/vllm/dataset-lcb_v6.model-qwen3.5-9b.alpha4.0.steps100.blocks-1.prefetch-budget-8.rank-reject_first.cut-entropy4.0.samples20.maxnew1024.seed10086.subtreePrefetch.vllm.log,PreSTO-EntropyCut,1978,2026-09-09 15:23:27,199.4,226.3,7,0,0.9,80.3,29.533333333333335,81.818182,36,44
/Users/jiangnanhugo/workspace/power-sharpening/Subtree-Prefetching-Power-Sharpening/case_studies/logs-entropycut/lcb_v6/2026-09-09/vllm/dataset-lcb_v6.model-qwen3.5-9b.alpha4.0.steps100.blocks-1.prefetch-budget-8.rank-reject_first.cut-entropy4.0.samples20.maxnew1024.seed10086.subtreePrefetch.vllm.log,PreSTO-EntropyCut,1983,2026-09-09 15:23:37,190.4,470.6,8,0,1.3,80.3,29.7,61.904762,52,84
/Users/jiangnanhugo/workspace/power-sharpening/Subtree-Prefetching-Power-Sharpening/case_studies/logs-entropycut/lcb_v6/2026-09-09/vllm/dataset-lcb_v6.model-qwen3.5-9b.alpha4.0.steps100.blocks-1.prefetch-budget-8.rank-reject_first.cut-entropy4.0.samples20.maxnew1024.seed10086.subtreePrefetch.vllm.log,PreSTO-EntropyCut,1988,2026-09-09 15:23:47,275.5,464.7,4,0,0.7,80.3,29.866666666666667,52.173913,48,92
/Users/jiangnanhugo/workspace/power-sharpening/Subtree-Prefetching-Power-Sharpening/case_studies/logs-entropycut/lcb_v6/2026-09-09/vllm/dataset-lcb_v6.model-qwen3.5-9b.alpha4.0.steps100.blocks-1.prefetch-budget-8.rank-reject_first.cut-entropy4.0.samples20.maxnew1024.seed10086.subtreePrefetch.vllm.log,PreSTO-EntropyCut,1993,2026-09-09 15:23:57,216.7,322.3,2,0,0.5,80.3,30.033333333333335,57.142857,48,84
/Users/jiangnanhugo/workspace/power-sharpening/Subtree-Prefetching-Power-Sharpening/case_studies/logs-entropycut/lcb_v6/2026-09-09/vllm/dataset-lcb_v6.model-qwen3.5-9b.alpha4.0.steps100.blocks-1.prefetch-budget-8.rank-reject_first.cut-entropy4.0.samples20.maxnew1024.seed10086.subtreePrefetch.vllm.log,PreSTO-EntropyCut,1998,2026-09-09 15:24:07,254.6,416.0,4,0,0.9,80.3,30.2,61.111111,44,72
/Users/jiangnanhugo/workspace/power-sharpening/Subtree-Prefetching-Power-Sharpening/case_studies/logs-entropycut/lcb_v6/2026-09-09/vllm/dataset-lcb_v6.model-qwen3.5-9b.alpha4.0.steps100.blocks-1.prefetch-budget-8.rank-reject_first.cut-entropy4.0.samples20.maxnew1024.seed10086.subtreePrefetch.vllm.log,PreSTO-EntropyCut,2003,2026-09-09 15:24:17,185.8,443.1,1,0,0.3,80.3,30.366666666666667,50.0,44,88
/Users/jiangnanhugo/workspace/power-sharpening/Subtree-Prefetching-Power-Sharpening/case_studies/logs-entropycut/lcb_v6/2026-09-09/vllm/dataset-lcb_v6.model-qwen3.5-9b.alpha4.0.steps100.blocks-1.prefetch-budget-8.rank-reject_first.cut-entropy4.0.samples20.maxnew1024.seed10086.subtreePrefetch.vllm.log,PreSTO-EntropyCut,2008,2026-09-09 15:24:27,215.7,332.5,1,0,0.3,80.3,30.533333333333335,55.555556,40,72
/Users/jiangnanhugo/workspace/power-sharpening/Subtree-Prefetching-Power-Sharpening/case_studies/logs-entropycut/lcb_v6/2026-09-09/vllm/dataset-lcb_v6.model-qwen3.5-9b.alpha4.0.steps100.blocks-1.prefetch-budget-8.rank-reject_first.cut-entropy4.0.samples20.maxnew1024.seed10086.subtreePrefetch.vllm.log,PreSTO-EntropyCut,2017,2026-09-09 15:24:37,469.4,345.8,5,0,0.7,80.3,30.7,63.333333,76,120
/Users/jiangnanhugo/workspace/power-sharpening/Subtree-Prefetching-Power-Sharpening/case_studies/logs-entropycut/lcb_v6/2026-09-09/vllm/dataset-lcb_v6.model-qwen3.5-9b.alpha4.0.steps100.blocks-1.prefetch-budget-8.rank-reject_first.cut-entropy4.0.samples20.maxnew1024.seed10086.subtreePrefetch.vllm.log,PreSTO-EntropyCut,2022,2026-09-09 15:24:47,265.5,417.4,5,0,0.8,80.3,30.866666666666667,55.0,44,80
/Users/jiangnanhugo/workspace/power-sharpening/Subtree-Prefetching-Power-Sharpening/case_studies/logs-entropycut/lcb_v6/2026-09-09/vllm/dataset-lcb_v6.model-qwen3.5-9b.alpha4.0.steps100.blocks-1.prefetch-budget-8.rank-reject_first.cut-entropy4.0.samples20.maxnew1024.seed10086.subtreePrefetch.vllm.log,PreSTO-EntropyCut,2027,2026-09-09 15:24:57,264.8,429.3,4,0,0.9,80.3,31.033333333333335,54.545455,48,88
/Users/jiangnanhugo/workspace/power-sharpening/Subtree-Prefetching-Power-Sharpening/case_studies/logs-entropycut/lcb_v6/2026-09-09/vllm/dataset-lcb_v6.model-qwen3.5-9b.alpha4.0.steps100.blocks-1.prefetch-budget-8.rank-reject_first.cut-entropy4.0.samples20.maxnew1024.seed10086.subtreePrefetch.vllm.log,PreSTO-EntropyCut,2032,2026-09-09 15:25:07,325.2,361.3,2,0,0.5,80.3,31.2,57.142857,48,84
/Users/jiangnanhugo/workspace/power-sharpening/Subtree-Prefetching-Power-Sharpening/case_studies/logs-entropycut/lcb_v6/2026-09-09/vllm/dataset-lcb_v6.model-qwen3.5-9b.alpha4.0.steps100.blocks-1.prefetch-budget-8.rank-reject_first.cut-entropy4.0.samples20.maxnew1024.seed10086.subtreePrefetch.vllm.log,PreSTO-EntropyCut,2041,2026-09-09 15:25:17,292.4,625.0,6,0,1.1,80.3,31.366666666666667,59.375,76,128
/Users/jiangnanhugo/workspace/power-sharpening/Subtree-Prefetching-Power-Sharpening/case_studies/logs-entropycut/lcb_v6/2026-09-09/vllm/dataset-lcb_v6.model-qwen3.5-9b.alpha4.0.steps100.blocks-1.prefetch-budget-8.rank-reject_first.cut-entropy4.0.samples20.maxnew1024.seed10086.subtreePrefetch.vllm.log,PreSTO-EntropyCut,2046,2026-09-09 15:25:27,178.9,504.0,4,0,0.6,80.3,31.533333333333335,55.0,44,80
/Users/jiangnanhugo/workspace/power-sharpening/Subtree-Prefetching-Power-Sharpening/case_studies/logs-entropycut/lcb_v6/2026-09-09/vllm/dataset-lcb_v6.model-qwen3.5-9b.alpha4.0.steps100.blocks-1.prefetch-budget-8.rank-reject_first.cut-entropy4.0.samples20.maxnew1024.seed10086.subtreePrefetch.vllm.log,PreSTO-EntropyCut,2051,2026-09-09 15:25:37,253.7,573.6,7,0,1.5,80.3,31.7,77.272727,68,88
/Users/jiangnanhugo/workspace/power-sharpening/Subtree-Prefetching-Power-Sharpening/case_studies/logs-entropycut/lcb_v6/2026-09-09/vllm/dataset-lcb_v6.model-qwen3.5-9b.alpha4.0.steps100.blocks-1.prefetch-budget-8.rank-reject_first.cut-entropy4.0.samples20.maxnew1024.seed10086.subtreePrefetch.vllm.log,PreSTO-EntropyCut,2056,2026-09-09 15:25:47,244.6,420.7,2,0,0.5,80.3,31.866666666666667,48.0,48,100
/Users/jiangnanhugo/workspace/power-sharpening/Subtree-Prefetching-Power-Sharpening/case_studies/logs-entropycut/lcb_v6/2026-09-09/vllm/dataset-lcb_v6.model-qwen3.5-9b.alpha4.0.steps100.blocks-1.prefetch-budget-8.rank-reject_first.cut-entropy4.0.samples20.maxnew1024.seed10086.subtreePrefetch.vllm.log,PreSTO-EntropyCut,2065,2026-09-09 15:25:57,403.4,502.9,6,0,0.8,80.3,32.03333333333333,60.0,72,120
/Users/jiangnanhugo/workspace/power-sharpening/Subtree-Prefetching-Power-Sharpening/case_studies/logs-entropycut/lcb_v6/2026-09-09/vllm/dataset-lcb_v6.model-qwen3.5-9b.alpha4.0.steps100.blocks-1.prefetch-budget-8.rank-reject_first.cut-entropy4.0.samples20.maxnew1024.seed10086.subtreePrefetch.vllm.log,PreSTO-EntropyCut,2070,2026-09-09 15:26:07,256.1,421.2,5,0,0.7,80.3,32.2,55.0,44,80
/Users/jiangnanhugo/workspace/power-sharpening/Subtree-Prefetching-Power-Sharpening/case_studies/logs-entropycut/lcb_v6/2026-09-09/vllm/dataset-lcb_v6.model-qwen3.5-9b.alpha4.0.steps100.blocks-1.prefetch-budget-8.rank-reject_first.cut-entropy4.0.samples20.maxnew1024.seed10086.subtreePrefetch.vllm.log,PreSTO-EntropyCut,2075,2026-09-09 15:26:17,174.9,497.5,6,0,1.0,80.3,32.36666666666667,70.0,56,80
/Users/jiangnanhugo/workspace/power-sharpening/Subtree-Prefetching-Power-Sharpening/case_studies/logs-entropycut/lcb_v6/2026-09-09/vllm/dataset-lcb_v6.model-qwen3.5-9b.alpha4.0.steps100.blocks-1.prefetch-budget-8.rank-reject_first.cut-entropy4.0.samples20.maxnew1024.seed10086.subtreePrefetch.vllm.log,PreSTO-EntropyCut,2080,2026-09-09 15:26:27,172.2,479.3,2,0,0.5,80.3,32.53333333333333,45.833333,44,96
/Users/jiangnanhugo/workspace/power-sharpening/Subtree-Prefetching-Power-Sharpening/case_studies/logs-entropycut/lcb_v6/2026-09-09/vllm/dataset-lcb_v6.model-qwen3.5-9b.alpha4.0.steps100.blocks-1.prefetch-budget-8.rank-reject_first.cut-entropy4.0.samples20.maxnew1024.seed10086.subtreePrefetch.vllm.log,PreSTO-EntropyCut,2089,2026-09-09 15:26:37,433.8,318.0,5,0,0.7,80.3,32.7,58.62069,68,116
/Users/jiangnanhugo/workspace/power-sharpening/Subtree-Prefetching-Power-Sharpening/case_studies/logs-entropycut/lcb_v6/2026-09-09/vllm/dataset-lcb_v6.model-qwen3.5-9b.alpha4.0.steps100.blocks-1.prefetch-budget-8.rank-reject_first.cut-entropy4.0.samples20.maxnew1024.seed10086.subtreePrefetch.vllm.log,PreSTO-EntropyCut,2094,2026-09-09 15:26:47,268.3,448.7,6,0,1.0,80.3,32.86666666666667,55.0,44,80
/Users/jiangnanhugo/workspace/power-sharpening/Subtree-Prefetching-Power-Sharpening/case_studies/logs-entropycut/lcb_v6/2026-09-09/vllm/dataset-lcb_v6.model-qwen3.5-9b.alpha4.0.steps100.blocks-1.prefetch-budget-8.rank-reject_first.cut-entropy4.0.samples20.maxnew1024.seed10086.subtreePrefetch.vllm.log,PreSTO-EntropyCut,2103,2026-09-09 15:26:57,315.8,555.1,8,0,1.1,80.3,33.03333333333333,57.575758,76,132
/Users/jiangnanhugo/workspace/power-sharpening/Subtree-Prefetching-Power-Sharpening/case_studies/logs-entropycut/lcb_v6/2026-09-09/vllm/dataset-lcb_v6.model-qwen3.5-9b.alpha4.0.steps100.blocks-1.prefetch-budget-8.rank-reject_first.cut-entropy4.0.samples20.maxnew1024.seed10086.subtreePrefetch.vllm.log,PreSTO-EntropyCut,2108,2026-09-09 15:27:07,36.2,474.4,2,0,0.4,80.3,33.2,38.461538,20,52
/Users/jiangnanhugo/workspace/power-sharpening/Subtree-Prefetching-Power-Sharpening/case_studies/logs-entropycut/lcb_v6/2026-09-09/vllm/dataset-lcb_v6.model-qwen3.5-9b.alpha4.0.steps100.blocks-1.prefetch-budget-8.rank-reject_first.cut-entropy4.0.samples20.maxnew1024.seed10086.subtreePrefetch.vllm.log,PreSTO-EntropyCut,2217,2026-09-09 15:27:17,81.8,139.3,1,0,0.3,80.3,33.36666666666667,66.666667,16,24
/Users/jiangnanhugo/workspace/power-sharpening/Subtree-Prefetching-Power-Sharpening/case_studies/logs-entropycut/lcb_v6/2026-09-09/vllm/dataset-lcb_v6.model-qwen3.5-9b.alpha4.0.steps100.blocks-1.prefetch-budget-8.rank-reject_first.cut-entropy4.0.samples20.maxnew1024.seed10086.subtreePrefetch.vllm.log,PreSTO-EntropyCut,2226,2026-09-09 15:27:27,407.0,340.7,7,0,1.2,80.3,33.53333333333333,56.521739,52,92
/Users/jiangnanhugo/workspace/power-sharpening/Subtree-Prefetching-Power-Sharpening/case_studies/logs-entropycut/lcb_v6/2026-09-09/vllm/dataset-lcb_v6.model-qwen3.5-9b.alpha4.0.steps100.blocks-1.prefetch-budget-8.rank-reject_first.cut-entropy4.0.samples20.maxnew1024.seed10086.subtreePrefetch.vllm.log,PreSTO-EntropyCut,2231,2026-09-09 15:27:37,185.2,365.2,7,0,1.2,80.3,33.7,46.666667,28,60
/Users/jiangnanhugo/workspace/power-sharpening/Subtree-Prefetching-Power-Sharpening/case_studies/logs-entropycut/lcb_v6/2026-09-09/vllm/dataset-lcb_v6.model-qwen3.5-9b.alpha4.0.steps100.blocks-1.prefetch-budget-8.rank-reject_first.cut-entropy4.0.samples20.maxnew1024.seed10086.subtreePrefetch.vllm.log,PreSTO-EntropyCut,2236,2026-09-09 15:27:47,159.6,385.6,3,0,0.7,80.3,33.86666666666667,21.428571,12,56
/Users/jiangnanhugo/workspace/power-sharpening/Subtree-Prefetching-Power-Sharpening/case_studies/logs-entropycut/lcb_v6/2026-09-09/vllm/dataset-lcb_v6.model-qwen3.5-9b.alpha4.0.steps100.blocks-1.prefetch-budget-8.rank-reject_first.cut-entropy4.0.samples20.maxnew1024.seed10086.subtreePrefetch.vllm.log,PreSTO-EntropyCut,2245,2026-09-09 15:27:57,433.1,450.0,5,0,0.9,80.3,34.03333333333333,41.666667,40,96
/Users/jiangnanhugo/workspace/power-sharpening/Subtree-Prefetching-Power-Sharpening/case_studies/logs-entropycut/lcb_v6/2026-09-09/vllm/dataset-lcb_v6.model-qwen3.5-9b.alpha4.0.steps100.blocks-1.prefetch-budget-8.rank-reject_first.cut-entropy4.0.samples20.maxnew1024.seed10086.subtreePrefetch.vllm.log,PreSTO-EntropyCut,2250,2026-09-09 15:28:07,271.1,417.1,2,0,0.6,80.3,34.2,58.823529,40,68
/Users/jiangnanhugo/workspace/power-sharpening/Subtree-Prefetching-Power-Sharpening/case_studies/logs-entropycut/lcb_v6/2026-09-09/vllm/dataset-lcb_v6.model-qwen3.5-9b.alpha4.0.steps100.blocks-1.prefetch-budget-8.rank-reject_first.cut-entropy4.0.samples20.maxnew1024.seed10086.subtreePrefetch.vllm.log,PreSTO-EntropyCut,2255,2026-09-09 15:28:17,181.6,327.6,2,0,0.5,80.3,34.36666666666667,14.285714,8,56
/Users/jiangnanhugo/workspace/power-sharpening/Subtree-Prefetching-Power-Sharpening/case_studies/logs-entropycut/lcb_v6/2026-09-09/vllm/dataset-lcb_v6.model-qwen3.5-9b.alpha4.0.steps100.blocks-1.prefetch-budget-8.rank-reject_first.cut-entropy4.0.samples20.maxnew1024.seed10086.subtreePrefetch.vllm.log,PreSTO-EntropyCut,2264,2026-09-09 15:28:27,493.7,367.3,8,0,1.4,80.3,34.53333333333333,57.692308,60,104
/Users/jiangnanhugo/workspace/power-sharpening/Subtree-Prefetching-Power-Sharpening/case_studies/logs-entropycut/lcb_v6/2026-09-09/vllm/dataset-lcb_v6.model-qwen3.5-9b.alpha4.0.steps100.blocks-1.prefetch-budget-8.rank-reject_first.cut-entropy4.0.samples20.maxnew1024.seed10086.subtreePrefetch.vllm.log,PreSTO-EntropyCut,2269,2026-09-09 15:28:37,229.2,560.5,6,0,1.2,80.3,34.7,44.444444,32,72
/Users/jiangnanhugo/workspace/power-sharpening/Subtree-Prefetching-Power-Sharpening/case_studies/logs-entropycut/lcb_v6/2026-09-09/vllm/dataset-lcb_v6.model-qwen3.5-9b.alpha4.0.steps100.blocks-1.prefetch-budget-8.rank-reject_first.cut-entropy4.0.samples20.maxnew1024.seed10086.subtreePrefetch.vllm.log,PreSTO-EntropyCut,2274,2026-09-09 15:28:47,176.7,355.6,3,0,0.8,80.3,34.86666666666667,23.076923,12,52
/Users/jiangnanhugo/workspace/power-sharpening/Subtree-Prefetching-Power-Sharpening/case_studies/logs-entropycut/lcb_v6/2026-09-09/vllm/dataset-lcb_v6.model-qwen3.5-9b.alpha4.0.steps100.blocks-1.prefetch-budget-8.rank-reject_first.cut-entropy4.0.samples20.maxnew1024.seed10086.subtreePrefetch.vllm.log,PreSTO-EntropyCut,2283,2026-09-09 15:28:57,636.3,518.4,7,0,1.5,80.3,35.03333333333333,60.606061,80,132
/Users/jiangnanhugo/workspace/power-sharpening/Subtree-Prefetching-Power-Sharpening/case_studies/logs-entropycut/lcb_v6/2026-09-09/vllm/dataset-lcb_v6.model-qwen3.5-9b.alpha4.0.steps100.blocks-1.prefetch-budget-8.rank-reject_first.cut-entropy4.0.samples20.maxnew1024.seed10086.subtreePrefetch.vllm.log,PreSTO-EntropyCut,2288,2026-09-09 15:29:07,227.6,463.9,1,0,0.4,80.3,35.2,33.333333,20,60
/Users/jiangnanhugo/workspace/power-sharpening/Subtree-Prefetching-Power-Sharpening/case_studies/logs-entropycut/lcb_v6/2026-09-09/vllm/dataset-lcb_v6.model-qwen3.5-9b.alpha4.0.steps100.blocks-1.prefetch-budget-8.rank-reject_first.cut-entropy4.0.samples20.maxnew1024.seed10086.subtreePrefetch.vllm.log,PreSTO-EntropyCut,2297,2026-09-09 15:29:17,462.9,492.5,8,0,1.1,80.3,35.36666666666667,50.0,52,104
/Users/jiangnanhugo/workspace/power-sharpening/Subtree-Prefetching-Power-Sharpening/case_studies/logs-entropycut/lcb_v6/2026-09-09/vllm/dataset-lcb_v6.model-qwen3.5-9b.alpha4.0.steps100.blocks-1.prefetch-budget-8.rank-reject_first.cut-entropy4.0.samples20.maxnew1024.seed10086.subtreePrefetch.vllm.log,PreSTO-EntropyCut,2302,2026-09-09 15:29:27,219.4,341.7,5,0,1.0,80.3,35.53333333333333,33.333333,20,60
/Users/jiangnanhugo/workspace/power-sharpening/Subtree-Prefetching-Power-Sharpening/case_studies/logs-entropycut/lcb_v6/2026-09-09/vllm/dataset-lcb_v6.model-qwen3.5-9b.alpha4.0.steps100.blocks-1.prefetch-budget-8.rank-reject_first.cut-entropy4.0.samples20.maxnew1024.seed10086.subtreePrefetch.vllm.log,PreSTO-EntropyCut,2307,2026-09-09 15:29:37,225.5,426.8,5,0,1.2,80.3,35.7,47.058824,32,68
/Users/jiangnanhugo/workspace/power-sharpening/Subtree-Prefetching-Power-Sharpening/case_studies/logs-entropycut/lcb_v6/2026-09-09/vllm/dataset-lcb_v6.model-qwen3.5-9b.alpha4.0.steps100.blocks-1.prefetch-budget-8.rank-reject_first.cut-entropy4.0.samples20.maxnew1024.seed10086.subtreePrefetch.vllm.log,PreSTO-EntropyCut,2312,2026-09-09 15:29:47,199.8,409.0,3,0,0.8,80.3,35.86666666666667,40.0,24,60
/Users/jiangnanhugo/workspace/power-sharpening/Subtree-Prefetching-Power-Sharpening/case_studies/logs-entropycut/lcb_v6/2026-09-09/vllm/dataset-lcb_v6.model-qwen3.5-9b.alpha4.0.steps100.blocks-1.prefetch-budget-8.rank-reject_first.cut-entropy4.0.samples20.maxnew1024.seed10086.subtreePrefetch.vllm.log,PreSTO-EntropyCut,2317,2026-09-09 15:29:57,191.8,396.4,2,0,0.6,80.3,36.03333333333333,46.666667,28,60
/Users/jiangnanhugo/workspace/power-sharpening/Subtree-Prefetching-Power-Sharpening/case_studies/logs-entropycut/lcb_v6/2026-09-09/vllm/dataset-lcb_v6.model-qwen3.5-9b.alpha4.0.steps100.blocks-1.prefetch-budget-8.rank-reject_first.cut-entropy4.0.samples20.maxnew1024.seed10086.subtreePrefetch.vllm.log,PreSTO-EntropyCut,2322,2026-09-09 15:30:07,245.3,451.6,4,0,1.3,80.3,36.2,57.894737,44,76
/Users/jiangnanhugo/workspace/power-sharpening/Subtree-Prefetching-Power-Sharpening/case_studies/logs-entropycut/lcb_v6/2026-09-09/vllm/dataset-lcb_v6.model-qwen3.5-9b.alpha4.0.steps100.blocks-1.prefetch-budget-8.rank-reject_first.cut-entropy4.0.samples20.maxnew1024.seed10086.subtreePrefetch.vllm.log,PreSTO-EntropyCut,2327,2026-09-09 15:30:17,196.0,590.6,2,0,0.7,80.3,36.36666666666667,61.111111,44,72
/Users/jiangnanhugo/workspace/power-sharpening/Subtree-Prefetching-Power-Sharpening/case_studies/logs-entropycut/lcb_v6/2026-09-09/vllm/dataset-lcb_v6.model-qwen3.5-9b.alpha4.0.steps100.blocks-1.prefetch-budget-8.rank-reject_first.cut-entropy4.0.samples20.maxnew1024.seed10086.subtreePrefetch.vllm.log,PreSTO-EntropyCut,2332,2026-09-09 15:30:27,260.2,394.9,1,0,0.4,80.3,36.53333333333333,43.75,28,64
/Users/jiangnanhugo/workspace/power-sharpening/Subtree-Prefetching-Power-Sharpening/case_studies/logs-entropycut/lcb_v6/2026-09-09/vllm/dataset-lcb_v6.model-qwen3.5-9b.alpha4.0.steps100.blocks-1.prefetch-budget-8.rank-reject_first.cut-entropy4.0.samples20.maxnew1024.seed10086.subtreePrefetch.vllm.log,PreSTO-EntropyCut,2341,2026-09-09 15:30:37,456.9,485.5,6,0,0.9,80.3,36.7,52.0,52,100
/Users/jiangnanhugo/workspace/power-sharpening/Subtree-Prefetching-Power-Sharpening/case_studies/logs-entropycut/lcb_v6/2026-09-09/vllm/dataset-lcb_v6.model-qwen3.5-9b.alpha4.0.steps100.blocks-1.prefetch-budget-8.rank-reject_first.cut-entropy4.0.samples20.maxnew1024.seed10086.subtreePrefetch.vllm.log,PreSTO-EntropyCut,2346,2026-09-09 15:30:47,86.1,532.8,8,0,1.0,80.3,36.86666666666667,52.941176,36,68
/Users/jiangnanhugo/workspace/power-sharpening/Subtree-Prefetching-Power-Sharpening/case_studies/logs-entropycut/lcb_v6/2026-09-09/vllm/dataset-lcb_v6.model-qwen3.5-9b.alpha4.0.steps100.blocks-1.prefetch-budget-8.rank-reject_first.cut-entropy4.0.samples20.maxnew1024.seed10086.subtreePrefetch.vllm.log,PreSTO-EntropyCut,2351,2026-09-09 15:30:57,210.0,356.6,1,0,0.4,80.3,37.03333333333333,26.666667,16,60
/Users/jiangnanhugo/workspace/power-sharpening/Subtree-Prefetching-Power-Sharpening/case_studies/logs-entropycut/lcb_v6/2026-09-09/vllm/dataset-lcb_v6.model-qwen3.5-9b.alpha4.0.steps100.blocks-1.prefetch-budget-8.rank-reject_first.cut-entropy4.0.samples20.maxnew1024.seed10086.subtreePrefetch.vllm.log,PreSTO-EntropyCut,2360,2026-09-09 15:31:07,531.1,352.6,8,0,1.5,80.3,37.2,50.0,52,104
/Users/jiangnanhugo/workspace/power-sharpening/Subtree-Prefetching-Power-Sharpening/case_studies/logs-entropycut/lcb_v6/2026-09-09/vllm/dataset-lcb_v6.model-qwen3.5-9b.alpha4.0.steps100.blocks-1.prefetch-budget-8.rank-reject_first.cut-entropy4.0.samples20.maxnew1024.seed10086.subtreePrefetch.vllm.log,PreSTO-EntropyCut,2365,2026-09-09 15:31:17,245.1,573.9,5,0,1.2,80.3,37.36666666666667,55.0,44,80
/Users/jiangnanhugo/workspace/power-sharpening/Subtree-Prefetching-Power-Sharpening/case_studies/logs-entropycut/lcb_v6/2026-09-09/vllm/dataset-lcb_v6.model-qwen3.5-9b.alpha4.0.steps100.blocks-1.prefetch-budget-8.rank-reject_first.cut-entropy4.0.samples20.maxnew1024.seed10086.subtreePrefetch.vllm.log,PreSTO-EntropyCut,2370,2026-09-09 15:31:27,229.9,354.5,4,0,1.0,80.3,37.53333333333333,35.714286,20,56
/Users/jiangnanhugo/workspace/power-sharpening/Subtree-Prefetching-Power-Sharpening/case_studies/logs-entropycut/lcb_v6/2026-09-09/vllm/dataset-lcb_v6.model-qwen3.5-9b.alpha4.0.steps100.blocks-1.prefetch-budget-8.rank-reject_first.cut-entropy4.0.samples20.maxnew1024.seed10086.subtreePrefetch.vllm.log,PreSTO-EntropyCut,2375,2026-09-09 15:31:37,102.4,324.9,2,0,0.5,80.3,37.7,36.363636,16,44
/Users/jiangnanhugo/workspace/power-sharpening/Subtree-Prefetching-Power-Sharpening/case_studies/logs-entropycut/lcb_v6/2026-09-09/vllm/dataset-lcb_v6.model-qwen3.5-9b.alpha4.0.steps100.blocks-1.prefetch-budget-8.rank-reject_first.cut-entropy4.0.samples20.maxnew1024.seed10086.subtreePrefetch.vllm.log,PreSTO-EntropyCut,2384,2026-09-09 15:31:47,318.3,423.3,4,0,0.8,80.3,37.86666666666667,30.434783,28,92
/Users/jiangnanhugo/workspace/power-sharpening/Subtree-Prefetching-Power-Sharpening/case_studies/logs-entropycut/lcb_v6/2026-09-09/vllm/dataset-lcb_v6.model-qwen3.5-9b.alpha4.0.steps100.blocks-1.prefetch-budget-8.rank-reject_first.cut-entropy4.0.samples20.maxnew1024.seed10086.subtreePrefetch.vllm.log,PreSTO-EntropyCut,2393,2026-09-09 15:31:57,280.4,400.9,1,0,0.2,80.3,38.03333333333333,44.444444,32,72
/Users/jiangnanhugo/workspace/power-sharpening/Subtree-Prefetching-Power-Sharpening/case_studies/logs-entropycut/lcb_v6/2026-09-09/vllm/dataset-lcb_v6.model-qwen3.5-9b.alpha4.0.steps100.blocks-1.prefetch-budget-8.rank-reject_first.cut-entropy4.0.samples20.maxnew1024.seed10086.subtreePrefetch.vllm.log,PreSTO-EntropyCut,2514,2026-09-09 15:32:07,44.1,116.2,1,0,0.3,80.3,38.2,0.0,0,16
/Users/jiangnanhugo/workspace/power-sharpening/Subtree-Prefetching-Power-Sharpening/case_studies/logs-entropycut/lcb_v6/2026-09-09/vllm/dataset-lcb_v6.model-qwen3.5-9b.alpha4.0.steps100.blocks-1.prefetch-budget-8.rank-reject_first.cut-entropy4.0.samples20.maxnew1024.seed10086.subtreePrefetch.vllm.log,PreSTO-EntropyCut,2523,2026-09-09 15:32:17,424.9,377.6,7,0,1.2,80.3,38.36666666666667,36.363636,32,88
/Users/jiangnanhugo/workspace/power-sharpening/Subtree-Prefetching-Power-Sharpening/case_studies/logs-entropycut/lcb_v6/2026-09-09/vllm/dataset-lcb_v6.model-qwen3.5-9b.alpha4.0.steps100.blocks-1.prefetch-budget-8.rank-reject_first.cut-entropy4.0.samples20.maxnew1024.seed10086.subtreePrefetch.vllm.log,PreSTO-EntropyCut,2528,2026-09-09 15:32:27,213.4,454.4,3,0,0.6,80.3,38.53333333333333,25.0,12,48
/Users/jiangnanhugo/workspace/power-sharpening/Subtree-Prefetching-Power-Sharpening/case_studies/logs-entropycut/lcb_v6/2026-09-09/vllm/dataset-lcb_v6.model-qwen3.5-9b.alpha4.0.steps100.blocks-1.prefetch-budget-8.rank-reject_first.cut-entropy4.0.samples20.maxnew1024.seed10086.subtreePrefetch.vllm.log,PreSTO-EntropyCut,2537,2026-09-09 15:32:37,497.4,301.9,1,0,0.3,80.3,38.7,16.666667,12,72
/Users/jiangnanhugo/workspace/power-sharpening/Subtree-Prefetching-Power-Sharpening/case_studies/logs-entropycut/lcb_v6/2026-09-09/vllm/dataset-lcb_v6.model-qwen3.5-9b.alpha4.0.steps100.blocks-1.prefetch-budget-8.rank-reject_first.cut-entropy4.0.samples20.maxnew1024.seed10086.subtreePrefetch.vllm.log,PreSTO-EntropyCut,2542,2026-09-09 15:32:47,225.8,377.2,1,0,0.3,80.3,38.86666666666667,15.384615,8,52
/Users/jiangnanhugo/workspace/power-sharpening/Subtree-Prefetching-Power-Sharpening/case_studies/logs-entropycut/lcb_v6/2026-09-09/vllm/dataset-lcb_v6.model-qwen3.5-9b.alpha4.0.steps100.blocks-1.prefetch-budget-8.rank-reject_first.cut-entropy4.0.samples20.maxnew1024.seed10086.subtreePrefetch.vllm.log,PreSTO-EntropyCut,2551,2026-09-09 15:32:57,373.3,402.8,2,0,0.4,80.3,39.03333333333333,36.842105,28,76
/Users/jiangnanhugo/workspace/power-sharpening/Subtree-Prefetching-Power-Sharpening/case_studies/logs-entropycut/lcb_v6/2026-09-09/vllm/dataset-lcb_v6.model-qwen3.5-9b.alpha4.0.steps100.blocks-1.prefetch-budget-8.rank-reject_first.cut-entropy4.0.samples20.maxnew1024.seed10086.subtreePrefetch.vllm.log,PreSTO-EntropyCut,2556,2026-09-09 15:33:07,205.8,280.5,2,0,0.5,80.3,39.2,18.181818,8,44
/Users/jiangnanhugo/workspace/power-sharpening/Subtree-Prefetching-Power-Sharpening/case_studies/logs-entropycut/lcb_v6/2026-09-09/vllm/dataset-lcb_v6.model-qwen3.5-9b.alpha4.0.steps100.blocks-1.prefetch-budget-8.rank-reject_first.cut-entropy4.0.samples20.maxnew1024.seed10086.subtreePrefetch.vllm.log,PreSTO-EntropyCut,2565,2026-09-09 15:33:17,450.1,280.2,8,0,1.0,80.3,39.36666666666667,21.052632,16,76
/Users/jiangnanhugo/workspace/power-sharpening/Subtree-Prefetching-Power-Sharpening/case_studies/logs-entropycut/lcb_v6/2026-09-09/vllm/dataset-lcb_v6.model-qwen3.5-9b.alpha4.0.steps100.blocks-1.prefetch-budget-8.rank-reject_first.cut-entropy4.0.samples20.maxnew1024.seed10086.subtreePrefetch.vllm.log,PreSTO-EntropyCut,2570,2026-09-09 15:33:27,218.7,371.5,6,0,1.0,80.3,39.53333333333333,25.0,12,48
/Users/jiangnanhugo/workspace/power-sharpening/Subtree-Prefetching-Power-Sharpening/case_studies/logs-entropycut/lcb_v6/2026-09-09/vllm/dataset-lcb_v6.model-qwen3.5-9b.alpha4.0.steps100.blocks-1.prefetch-budget-8.rank-reject_first.cut-entropy4.0.samples20.maxnew1024.seed10086.subtreePrefetch.vllm.log,PreSTO-EntropyCut,2575,2026-09-09 15:33:37,219.4,298.0,1,0,0.3,80.3,39.7,27.272727,12,44
/Users/jiangnanhugo/workspace/power-sharpening/Subtree-Prefetching-Power-Sharpening/case_studies/logs-entropycut/lcb_v6/2026-09-09/vllm/dataset-lcb_v6.model-qwen3.5-9b.alpha4.0.steps100.blocks-1.prefetch-budget-8.rank-reject_first.cut-entropy4.0.samples20.maxnew1024.seed10086.subtreePrefetch.vllm.log,PreSTO-EntropyCut,2580,2026-09-09 15:33:47,245.5,266.0,1,0,0.3,80.3,39.86666666666667,9.090909,4,44
/Users/jiangnanhugo/workspace/power-sharpening/Subtree-Prefetching-Power-Sharpening/case_studies/logs-entropycut/lcb_v6/2026-09-09/vllm/dataset-lcb_v6.model-qwen3.5-9b.alpha4.0.steps100.blocks-1.prefetch-budget-8.rank-reject_first.cut-entropy4.0.samples20.maxnew1024.seed10086.subtreePrefetch.vllm.log,PreSTO-EntropyCut,2589,2026-09-09 15:33:57,492.7,287.7,5,0,0.8,80.3,40.03333333333333,25.0,20,80
/Users/jiangnanhugo/workspace/power-sharpening/Subtree-Prefetching-Power-Sharpening/case_studies/logs-entropycut/lcb_v6/2026-09-09/vllm/dataset-lcb_v6.model-qwen3.5-9b.alpha4.0.steps100.blocks-1.prefetch-budget-8.rank-reject_first.cut-entropy4.0.samples20.maxnew1024.seed10086.subtreePrefetch.vllm.log,PreSTO-EntropyCut,2594,2026-09-09 15:34:07,233.9,348.0,1,0,0.2,80.3,40.2,45.454545,20,44
/Users/jiangnanhugo/workspace/power-sharpening/Subtree-Prefetching-Power-Sharpening/case_studies/logs-entropycut/lcb_v6/2026-09-09/vllm/dataset-lcb_v6.model-qwen3.5-9b.alpha4.0.steps100.blocks-1.prefetch-budget-8.rank-reject_first.cut-entropy4.0.samples20.maxnew1024.seed10086.subtreePrefetch.vllm.log,PreSTO-EntropyCut,2599,2026-09-09 15:34:17,225.7,260.0,2,0,0.6,80.3,40.36666666666667,16.666667,8,48
/Users/jiangnanhugo/workspace/power-sharpening/Subtree-Prefetching-Power-Sharpening/case_studies/logs-entropycut/lcb_v6/2026-09-09/vllm/dataset-lcb_v6.model-qwen3.5-9b.alpha4.0.steps100.blocks-1.prefetch-budget-8.rank-reject_first.cut-entropy4.0.samples20.maxnew1024.seed10086.subtreePrefetch.vllm.log,PreSTO-EntropyCut,2604,2026-09-09 15:34:27,279.1,338.9,1,0,0.3,80.3,40.53333333333333,15.384615,8,52
/Users/jiangnanhugo/workspace/power-sharpening/Subtree-Prefetching-Power-Sharpening/case_studies/logs-entropycut/lcb_v6/2026-09-09/vllm/dataset-lcb_v6.model-qwen3.5-9b.alpha4.0.steps100.blocks-1.prefetch-budget-8.rank-reject_first.cut-entropy4.0.samples20.maxnew1024.seed10086.subtreePrefetch.vllm.log,PreSTO-EntropyCut,2609,2026-09-09 15:34:37,223.7,389.0,1,0,0.3,80.3,40.7,53.846154,28,52
/Users/jiangnanhugo/workspace/power-sharpening/Subtree-Prefetching-Power-Sharpening/case_studies/logs-entropycut/lcb_v6/2026-09-09/vllm/dataset-lcb_v6.model-qwen3.5-9b.alpha4.0.steps100.blocks-1.prefetch-budget-8.rank-reject_first.cut-entropy4.0.samples20.maxnew1024.seed10086.subtreePrefetch.vllm.log,PreSTO-EntropyCut,2618,2026-09-09 15:34:47,365.0,392.4,6,0,0.8,80.3,40.86666666666667,31.578947,24,76
/Users/jiangnanhugo/workspace/power-sharpening/Subtree-Prefetching-Power-Sharpening/case_studies/logs-entropycut/lcb_v6/2026-09-09/vllm/dataset-lcb_v6.model-qwen3.5-9b.alpha4.0.steps100.blocks-1.prefetch-budget-8.rank-reject_first.cut-entropy4.0.samples20.maxnew1024.seed10086.subtreePrefetch.vllm.log,PreSTO-EntropyCut,2623,2026-09-09 15:34:57,182.9,415.4,5,0,0.9,80.3,41.03333333333333,30.769231,16,52
/Users/jiangnanhugo/workspace/power-sharpening/Subtree-Prefetching-Power-Sharpening/case_studies/logs-entropycut/lcb_v6/2026-09-09/vllm/dataset-lcb_v6.model-qwen3.5-9b.alpha4.0.steps100.blocks-1.prefetch-budget-8.rank-reject_first.cut-entropy4.0.samples20.maxnew1024.seed10086.subtreePrefetch.vllm.log,PreSTO-EntropyCut,2651,2026-09-09 15:35:07,40.1,232.6,1,0,0.2,80.3,41.2,50.0,8,16
/Users/jiangnanhugo/workspace/power-sharpening/Subtree-Prefetching-Power-Sharpening/case_studies/logs-entropycut/lcb_v6/2026-09-09/vllm/dataset-lcb_v6.model-qwen3.5-9b.alpha4.0.steps100.blocks-1.prefetch-budget-8.rank-reject_first.cut-entropy4.0.samples20.maxnew1024.seed10086.subtreePrefetch.vllm.log,PreSTO-EntropyCut,2656,2026-09-09 15:35:17,307.4,494.3,7,0,2.1,80.3,41.36666666666667,77.272727,68,88
/Users/jiangnanhugo/workspace/power-sharpening/Subtree-Prefetching-Power-Sharpening/case_studies/logs-entropycut/lcb_v6/2026-09-09/vllm/dataset-lcb_v6.model-qwen3.5-9b.alpha4.0.steps100.blocks-1.prefetch-budget-8.rank-reject_first.cut-entropy4.0.samples20.maxnew1024.seed10086.subtreePrefetch.vllm.log,PreSTO-EntropyCut,2661,2026-09-09 15:35:27,251.8,662.0,5,0,1.5,80.3,41.53333333333333,44.444444,32,72
/Users/jiangnanhugo/workspace/power-sharpening/Subtree-Prefetching-Power-Sharpening/case_studies/logs-entropycut/lcb_v6/2026-09-09/vllm/dataset-lcb_v6.model-qwen3.5-9b.alpha4.0.steps100.blocks-1.prefetch-budget-8.rank-reject_first.cut-entropy4.0.samples20.maxnew1024.seed10086.subtreePrefetch.vllm.log,PreSTO-EntropyCut,2666,2026-09-09 15:35:37,357.1,648.6,7,0,2.1,80.3,41.7,72.727273,64,88
/Users/jiangnanhugo/workspace/power-sharpening/Subtree-Prefetching-Power-Sharpening/case_studies/logs-entropycut/lcb_v6/2026-09-09/vllm/dataset-lcb_v6.model-qwen3.5-9b.alpha4.0.steps100.blocks-1.prefetch-budget-8.rank-reject_first.cut-entropy4.0.samples20.maxnew1024.seed10086.subtreePrefetch.vllm.log,PreSTO-EntropyCut,2671,2026-09-09 15:35:47,333.0,761.3,8,0,2.4,80.3,41.86666666666667,69.565217,64,92
/Users/jiangnanhugo/workspace/power-sharpening/Subtree-Prefetching-Power-Sharpening/case_studies/logs-entropycut/lcb_v6/2026-09-09/vllm/dataset-lcb_v6.model-qwen3.5-9b.alpha4.0.steps100.blocks-1.prefetch-budget-8.rank-reject_first.cut-entropy4.0.samples20.maxnew1024.seed10086.subtreePrefetch.vllm.log,PreSTO-EntropyCut,2676,2026-09-09 15:35:57,342.8,697.8,7,0,2.1,80.3,42.03333333333333,59.090909,52,88
/Users/jiangnanhugo/workspace/power-sharpening/Subtree-Prefetching-Power-Sharpening/case_studies/logs-entropycut/lcb_v6/2026-09-09/vllm/dataset-lcb_v6.model-qwen3.5-9b.alpha4.0.steps100.blocks-1.prefetch-budget-8.rank-reject_first.cut-entropy4.0.samples20.maxnew1024.seed10086.subtreePrefetch.vllm.log,PreSTO-EntropyCut,2681,2026-09-09 15:36:07,325.6,566.0,5,0,1.5,80.3,42.2,44.444444,32,72
/Users/jiangnanhugo/workspace/power-sharpening/Subtree-Prefetching-Power-Sharpening/case_studies/logs-entropycut/lcb_v6/2026-09-09/vllm/dataset-lcb_v6.model-qwen3.5-9b.alpha4.0.steps100.blocks-1.prefetch-budget-8.rank-reject_first.cut-entropy4.0.samples20.maxnew1024.seed10086.subtreePrefetch.vllm.log,PreSTO-EntropyCut,2686,2026-09-09 15:36:17,307.9,570.2,5,0,1.5,80.3,42.36666666666667,55.555556,40,72
/Users/jiangnanhugo/workspace/power-sharpening/Subtree-Prefetching-Power-Sharpening/case_studies/logs-entropycut/lcb_v6/2026-09-09/vllm/dataset-lcb_v6.model-qwen3.5-9b.alpha4.0.steps100.blocks-1.prefetch-budget-8.rank-reject_first.cut-entropy4.0.samples20.maxnew1024.seed10086.subtreePrefetch.vllm.log,PreSTO-EntropyCut,2691,2026-09-09 15:36:27,350.4,644.7,2,0,0.6,80.3,42.53333333333333,61.904762,52,84
/Users/jiangnanhugo/workspace/power-sharpening/Subtree-Prefetching-Power-Sharpening/case_studies/logs-entropycut/lcb_v6/2026-09-09/vllm/dataset-lcb_v6.model-qwen3.5-9b.alpha4.0.steps100.blocks-1.prefetch-budget-8.rank-reject_first.cut-entropy4.0.samples20.maxnew1024.seed10086.subtreePrefetch.vllm.log,PreSTO-EntropyCut,2700,2026-09-09 15:36:37,672.8,645.3,8,0,1.0,80.3,42.7,55.172414,64,116
/Users/jiangnanhugo/workspace/power-sharpening/Subtree-Prefetching-Power-Sharpening/case_studies/logs-entropycut/lcb_v6/2026-09-09/vllm/dataset-lcb_v6.model-qwen3.5-9b.alpha4.0.steps100.blocks-1.prefetch-budget-8.rank-reject_first.cut-entropy4.0.samples20.maxnew1024.seed10086.subtreePrefetch.vllm.log,PreSTO-EntropyCut,2705,2026-09-09 15:36:47,315.3,657.8,8,0,1.4,80.3,42.86666666666667,68.0,68,100
/Users/jiangnanhugo/workspace/power-sharpening/Subtree-Prefetching-Power-Sharpening/case_studies/logs-entropycut/lcb_v6/2026-09-09/vllm/dataset-lcb_v6.model-qwen3.5-9b.alpha4.0.steps100.blocks-1.prefetch-budget-8.rank-reject_first.cut-entropy4.0.samples20.maxnew1024.seed10086.subtreePrefetch.vllm.log,PreSTO-EntropyCut,2710,2026-09-09 15:36:57,285.0,583.3,8,0,1.5,80.3,43.03333333333333,55.555556,40,72
/Users/jiangnanhugo/workspace/power-sharpening/Subtree-Prefetching-Power-Sharpening/case_studies/logs-entropycut/lcb_v6/2026-09-09/vllm/dataset-lcb_v6.model-qwen3.5-9b.alpha4.0.steps100.blocks-1.prefetch-budget-8.rank-reject_first.cut-entropy4.0.samples20.maxnew1024.seed10086.subtreePrefetch.vllm.log,PreSTO-EntropyCut,2715,2026-09-09 15:37:07,368.4,631.2,7,0,1.4,80.3,43.2,61.904762,52,84
/Users/jiangnanhugo/workspace/power-sharpening/Subtree-Prefetching-Power-Sharpening/case_studies/logs-entropycut/lcb_v6/2026-09-09/vllm/dataset-lcb_v6.model-qwen3.5-9b.alpha4.0.steps100.blocks-1.prefetch-budget-8.rank-reject_first.cut-entropy4.0.samples20.maxnew1024.seed10086.subtreePrefetch.vllm.log,PreSTO-EntropyCut,2720,2026-09-09 15:37:17,236.9,686.5,5,0,1.0,80.3,43.36666666666667,52.631579,40,76
/Users/jiangnanhugo/workspace/power-sharpening/Subtree-Prefetching-Power-Sharpening/case_studies/logs-entropycut/lcb_v6/2026-09-09/vllm/dataset-lcb_v6.model-qwen3.5-9b.alpha4.0.steps100.blocks-1.prefetch-budget-8.rank-reject_first.cut-entropy4.0.samples20.maxnew1024.seed10086.subtreePrefetch.vllm.log,PreSTO-EntropyCut,2725,2026-09-09 15:37:27,313.8,445.0,5,0,1.0,80.3,43.53333333333333,53.333333,32,60
/Users/jiangnanhugo/workspace/power-sharpening/Subtree-Prefetching-Power-Sharpening/case_studies/logs-entropycut/lcb_v6/2026-09-09/vllm/dataset-lcb_v6.model-qwen3.5-9b.alpha4.0.steps100.blocks-1.prefetch-budget-8.rank-reject_first.cut-entropy4.0.samples20.maxnew1024.seed10086.subtreePrefetch.vllm.log,PreSTO-EntropyCut,2730,2026-09-09 15:37:37,309.2,537.4,3,0,0.6,80.3,43.7,55.555556,40,72
/Users/jiangnanhugo/workspace/power-sharpening/Subtree-Prefetching-Power-Sharpening/case_studies/logs-entropycut/lcb_v6/2026-09-09/vllm/dataset-lcb_v6.model-qwen3.5-9b.alpha4.0.steps100.blocks-1.prefetch-budget-8.rank-reject_first.cut-entropy4.0.samples20.maxnew1024.seed10086.subtreePrefetch.vllm.log,PreSTO-EntropyCut,2735,2026-09-09 15:37:47,370.1,561.5,6,0,1.8,80.3,43.86666666666667,58.333333,56,96
/Users/jiangnanhugo/workspace/power-sharpening/Subtree-Prefetching-Power-Sharpening/case_studies/logs-entropycut/lcb_v6/2026-09-09/vllm/dataset-lcb_v6.model-qwen3.5-9b.alpha4.0.steps100.blocks-1.prefetch-budget-8.rank-reject_first.cut-entropy4.0.samples20.maxnew1024.seed10086.subtreePrefetch.vllm.log,PreSTO-EntropyCut,2740,2026-09-09 15:37:57,352.7,630.0,5,0,1.5,80.3,44.03333333333333,55.0,44,80
/Users/jiangnanhugo/workspace/power-sharpening/Subtree-Prefetching-Power-Sharpening/case_studies/logs-entropycut/lcb_v6/2026-09-09/vllm/dataset-lcb_v6.model-qwen3.5-9b.alpha4.0.steps100.blocks-1.prefetch-budget-8.rank-reject_first.cut-entropy4.0.samples20.maxnew1024.seed10086.subtreePrefetch.vllm.log,PreSTO-EntropyCut,2745,2026-09-09 15:38:07,332.9,588.9,6,0,1.8,80.3,44.2,65.0,52,80
/Users/jiangnanhugo/workspace/power-sharpening/Subtree-Prefetching-Power-Sharpening/case_studies/logs-entropycut/lcb_v6/2026-09-09/vllm/dataset-lcb_v6.model-qwen3.5-9b.alpha4.0.steps100.blocks-1.prefetch-budget-8.rank-reject_first.cut-entropy4.0.samples20.maxnew1024.seed10086.subtreePrefetch.vllm.log,PreSTO-EntropyCut,2750,2026-09-09 15:38:17,138.2,362.8,3,0,0.9,80.3,44.36666666666667,33.333333,12,36
/Users/jiangnanhugo/workspace/power-sharpening/Subtree-Prefetching-Power-Sharpening/case_studies/logs-entropycut/lcb_v6/2026-09-09/vllm/dataset-lcb_v6.model-qwen3.5-9b.alpha4.0.steps100.blocks-1.prefetch-budget-8.rank-reject_first.cut-entropy4.0.samples20.maxnew1024.seed10086.subtreePrefetch.vllm.log,PreSTO-EntropyCut,2782,2026-09-09 15:38:27,87.3,138.1,1,0,0.1,80.3,44.53333333333333,0.0,0,16
/Users/jiangnanhugo/workspace/power-sharpening/Subtree-Prefetching-Power-Sharpening/case_studies/logs-entropycut/lcb_v6/2026-09-09/vllm/dataset-lcb_v6.model-qwen3.5-9b.alpha4.0.steps100.blocks-1.prefetch-budget-8.rank-reject_first.cut-entropy4.0.samples20.maxnew1024.seed10086.subtreePrefetch.vllm.log,PreSTO-EntropyCut,2787,2026-09-09 15:38:37,236.2,218.2,7,0,1.2,80.3,44.7,84.615385,44,52
/Users/jiangnanhugo/workspace/power-sharpening/Subtree-Prefetching-Power-Sharpening/case_studies/logs-entropycut/lcb_v6/2026-09-09/vllm/dataset-lcb_v6.model-qwen3.5-9b.alpha4.0.steps100.blocks-1.prefetch-budget-8.rank-reject_first.cut-entropy4.0.samples20.maxnew1024.seed10086.subtreePrefetch.vllm.log,PreSTO-EntropyCut,2792,2026-09-09 15:38:47,349.9,453.3,6,0,1.3,80.3,44.86666666666667,58.823529,40,68
/Users/jiangnanhugo/workspace/power-sharpening/Subtree-Prefetching-Power-Sharpening/case_studies/logs-entropycut/lcb_v6/2026-09-09/vllm/dataset-lcb_v6.model-qwen3.5-9b.alpha4.0.steps100.blocks-1.prefetch-budget-8.rank-reject_first.cut-entropy4.0.samples20.maxnew1024.seed10086.subtreePrefetch.vllm.log,PreSTO-EntropyCut,2797,2026-09-09 15:38:57,235.5,458.3,1,0,0.3,80.3,45.03333333333333,43.75,28,64
/Users/jiangnanhugo/workspace/power-sharpening/Subtree-Prefetching-Power-Sharpening/case_studies/logs-entropycut/lcb_v6/2026-09-09/vllm/dataset-lcb_v6.model-qwen3.5-9b.alpha4.0.steps100.blocks-1.prefetch-budget-8.rank-reject_first.cut-entropy4.0.samples20.maxnew1024.seed10086.subtreePrefetch.vllm.log,PreSTO-EntropyCut,2806,2026-09-09 15:39:07,367.0,586.9,7,0,1.0,80.3,45.2,40.0,40,100
/Users/jiangnanhugo/workspace/power-sharpening/Subtree-Prefetching-Power-Sharpening/case_studies/logs-entropycut/lcb_v6/2026-09-09/vllm/dataset-lcb_v6.model-qwen3.5-9b.alpha4.0.steps100.blocks-1.prefetch-budget-8.rank-reject_first.cut-entropy4.0.samples20.maxnew1024.seed10086.subtreePrefetch.vllm.log,PreSTO-EntropyCut,2811,2026-09-09 15:39:17,232.7,619.6,7,0,1.2,80.3,45.36666666666667,52.631579,40,76
/Users/jiangnanhugo/workspace/power-sharpening/Subtree-Prefetching-Power-Sharpening/case_studies/logs-entropycut/lcb_v6/2026-09-09/vllm/dataset-lcb_v6.model-qwen3.5-9b.alpha4.0.steps100.blocks-1.prefetch-budget-8.rank-reject_first.cut-entropy4.0.samples20.maxnew1024.seed10086.subtreePrefetch.vllm.log,PreSTO-EntropyCut,2816,2026-09-09 15:39:27,236.9,605.8,7,0,1.4,80.3,45.53333333333333,57.894737,44,76
/Users/jiangnanhugo/workspace/power-sharpening/Subtree-Prefetching-Power-Sharpening/case_studies/logs-entropycut/lcb_v6/2026-09-09/vllm/dataset-lcb_v6.model-qwen3.5-9b.alpha4.0.steps100.blocks-1.prefetch-budget-8.rank-reject_first.cut-entropy4.0.samples20.maxnew1024.seed10086.subtreePrefetch.vllm.log,PreSTO-EntropyCut,2821,2026-09-09 15:39:37,287.3,577.4,7,0,1.4,80.3,45.7,55.555556,40,72
/Users/jiangnanhugo/workspace/power-sharpening/Subtree-Prefetching-Power-Sharpening/case_studies/logs-entropycut/lcb_v6/2026-09-09/vllm/dataset-lcb_v6.model-qwen3.5-9b.alpha4.0.steps100.blocks-1.prefetch-budget-8.rank-reject_first.cut-entropy4.0.samples20.maxnew1024.seed10086.subtreePrefetch.vllm.log,PreSTO-EntropyCut,2826,2026-09-09 15:39:47,208.2,507.2,4,0,1.0,80.3,45.86666666666667,38.888889,28,72
/Users/jiangnanhugo/workspace/power-sharpening/Subtree-Prefetching-Power-Sharpening/case_studies/logs-entropycut/lcb_v6/2026-09-09/vllm/dataset-lcb_v6.model-qwen3.5-9b.alpha4.0.steps100.blocks-1.prefetch-budget-8.rank-reject_first.cut-entropy4.0.samples20.maxnew1024.seed10086.subtreePrefetch.vllm.log,PreSTO-EntropyCut,2835,2026-09-09 15:39:57,373.8,375.1,7,0,1.1,80.3,46.03333333333333,38.095238,32,84
/Users/jiangnanhugo/workspace/power-sharpening/Subtree-Prefetching-Power-Sharpening/case_studies/logs-entropycut/lcb_v6/2026-09-09/vllm/dataset-lcb_v6.model-qwen3.5-9b.alpha4.0.steps100.blocks-1.prefetch-budget-8.rank-reject_first.cut-entropy4.0.samples20.maxnew1024.seed10086.subtreePrefetch.vllm.log,PreSTO-EntropyCut,2840,2026-09-09 15:40:07,337.9,555.1,6,0,1.3,80.3,46.2,57.894737,44,76
/Users/jiangnanhugo/workspace/power-sharpening/Subtree-Prefetching-Power-Sharpening/case_studies/logs-entropycut/lcb_v6/2026-09-09/vllm/dataset-lcb_v6.model-qwen3.5-9b.alpha4.0.steps100.blocks-1.prefetch-budget-8.rank-reject_first.cut-entropy4.0.samples20.maxnew1024.seed10086.subtreePrefetch.vllm.log,PreSTO-EntropyCut,2845,2026-09-09 15:40:17,123.6,565.2,6,0,0.8,80.3,46.36666666666667,42.857143,24,56
/Users/jiangnanhugo/workspace/power-sharpening/Subtree-Prefetching-Power-Sharpening/case_studies/logs-entropycut/lcb_v6/2026-09-09/vllm/dataset-lcb_v6.model-qwen3.5-9b.alpha4.0.steps100.blocks-1.prefetch-budget-8.rank-reject_first.cut-entropy4.0.samples20.maxnew1024.seed10086.subtreePrefetch.vllm.log,PreSTO-EntropyCut,2850,2026-09-09 15:40:27,120.3,546.8,3,0,0.7,80.3,46.53333333333333,41.176471,28,68
/Users/jiangnanhugo/workspace/power-sharpening/Subtree-Prefetching-Power-Sharpening/case_studies/logs-entropycut/lcb_v6/2026-09-09/vllm/dataset-lcb_v6.model-qwen3.5-9b.alpha4.0.steps100.blocks-1.prefetch-budget-8.rank-reject_first.cut-entropy4.0.samples20.maxnew1024.seed10086.subtreePrefetch.vllm.log,PreSTO-EntropyCut,2855,2026-09-09 15:40:37,214.7,459.0,1,0,0.3,80.3,46.7,46.666667,28,60
/Users/jiangnanhugo/workspace/power-sharpening/Subtree-Prefetching-Power-Sharpening/case_studies/logs-entropycut/lcb_v6/2026-09-09/vllm/dataset-lcb_v6.model-qwen3.5-9b.alpha4.0.steps100.blocks-1.prefetch-budget-8.rank-reject_first.cut-entropy4.0.samples20.maxnew1024.seed10086.subtreePrefetch.vllm.log,PreSTO-EntropyCut,2864,2026-09-09 15:40:47,453.9,397.8,6,0,1.0,80.3,46.86666666666667,43.478261,40,92
/Users/jiangnanhugo/workspace/power-sharpening/Subtree-Prefetching-Power-Sharpening/case_studies/logs-entropycut/lcb_v6/2026-09-09/vllm/dataset-lcb_v6.model-qwen3.5-9b.alpha4.0.steps100.blocks-1.prefetch-budget-8.rank-reject_first.cut-entropy4.0.samples20.maxnew1024.seed10086.subtreePrefetch.vllm.log,PreSTO-EntropyCut,2869,2026-09-09 15:40:57,266.1,484.4,5,0,0.9,80.3,47.03333333333333,41.176471,28,68
/Users/jiangnanhugo/workspace/power-sharpening/Subtree-Prefetching-Power-Sharpening/case_studies/logs-entropycut/lcb_v6/2026-09-09/vllm/dataset-lcb_v6.model-qwen3.5-9b.alpha4.0.steps100.blocks-1.prefetch-budget-8.rank-reject_first.cut-entropy4.0.samples20.maxnew1024.seed10086.subtreePrefetch.vllm.log,PreSTO-EntropyCut,2874,2026-09-09 15:41:07,264.7,489.0,6,0,1.2,80.3,47.2,52.941176,36,68
/Users/jiangnanhugo/workspace/power-sharpening/Subtree-Prefetching-Power-Sharpening/case_studies/logs-entropycut/lcb_v6/2026-09-09/vllm/dataset-lcb_v6.model-qwen3.5-9b.alpha4.0.steps100.blocks-1.prefetch-budget-8.rank-reject_first.cut-entropy4.0.samples20.maxnew1024.seed10086.subtreePrefetch.vllm.log,PreSTO-EntropyCut,2879,2026-09-09 15:41:17,210.2,475.0,6,0,1.2,80.3,47.36666666666667,50.0,32,64
/Users/jiangnanhugo/workspace/power-sharpening/Subtree-Prefetching-Power-Sharpening/case_studies/logs-entropycut/lcb_v6/2026-09-09/vllm/dataset-lcb_v6.model-qwen3.5-9b.alpha4.0.steps100.blocks-1.prefetch-budget-8.rank-reject_first.cut-entropy4.0.samples20.maxnew1024.seed10086.subtreePrefetch.vllm.log,PreSTO-EntropyCut,2884,2026-09-09 15:41:27,168.9,567.0,6,0,1.3,80.3,47.53333333333333,55.555556,40,72
/Users/jiangnanhugo/workspace/power-sharpening/Subtree-Prefetching-Power-Sharpening/case_studies/logs-entropycut/lcb_v6/2026-09-09/vllm/dataset-lcb_v6.model-qwen3.5-9b.alpha4.0.steps100.blocks-1.prefetch-budget-8.rank-reject_first.cut-entropy4.0.samples20.maxnew1024.seed10086.subtreePrefetch.vllm.log,PreSTO-EntropyCut,2889,2026-09-09 15:41:37,181.8,506.7,4,0,1.0,80.3,47.7,40.0,24,60
/Users/jiangnanhugo/workspace/power-sharpening/Subtree-Prefetching-Power-Sharpening/case_studies/logs-entropycut/lcb_v6/2026-09-09/vllm/dataset-lcb_v6.model-qwen3.5-9b.alpha4.0.steps100.blocks-1.prefetch-budget-8.rank-reject_first.cut-entropy4.0.samples20.maxnew1024.seed10086.subtreePrefetch.vllm.log,PreSTO-EntropyCut,2894,2026-09-09 15:41:47,255.3,588.6,5,0,1.4,80.3,47.86666666666667,63.157895,48,76
/Users/jiangnanhugo/workspace/power-sharpening/Subtree-Prefetching-Power-Sharpening/case_studies/logs-entropycut/lcb_v6/2026-09-09/vllm/dataset-lcb_v6.model-qwen3.5-9b.alpha4.0.steps100.blocks-1.prefetch-budget-8.rank-reject_first.cut-entropy4.0.samples20.maxnew1024.seed10086.subtreePrefetch.vllm.log,PreSTO-EntropyCut,2903,2026-09-09 15:41:57,451.5,495.9,8,0,1.0,80.3,48.03333333333333,41.666667,40,96
/Users/jiangnanhugo/workspace/power-sharpening/Subtree-Prefetching-Power-Sharpening/case_studies/logs-entropycut/lcb_v6/2026-09-09/vllm/dataset-lcb_v6.model-qwen3.5-9b.alpha4.0.steps100.blocks-1.prefetch-budget-8.rank-reject_first.cut-entropy4.0.samples20.maxnew1024.seed10086.subtreePrefetch.vllm.log,PreSTO-EntropyCut,2908,2026-09-09 15:42:07,170.1,562.8,7,0,1.0,80.3,48.2,52.941176,36,68
/Users/jiangnanhugo/workspace/power-sharpening/Subtree-Prefetching-Power-Sharpening/case_studies/logs-entropycut/lcb_v6/2026-09-09/vllm/dataset-lcb_v6.model-qwen3.5-9b.alpha4.0.steps100.blocks-1.prefetch-budget-8.rank-reject_first.cut-entropy4.0.samples20.maxnew1024.seed10086.subtreePrefetch.vllm.log,PreSTO-EntropyCut,2913,2026-09-09 15:42:17,184.0,597.0,7,0,1.1,80.3,48.36666666666667,47.058824,32,68
/Users/jiangnanhugo/workspace/power-sharpening/Subtree-Prefetching-Power-Sharpening/case_studies/logs-entropycut/lcb_v6/2026-09-09/vllm/dataset-lcb_v6.model-qwen3.5-9b.alpha4.0.steps100.blocks-1.prefetch-budget-8.rank-reject_first.cut-entropy4.0.samples20.maxnew1024.seed10086.subtreePrefetch.vllm.log,PreSTO-EntropyCut,2918,2026-09-09 15:42:27,243.5,530.8,4,0,0.8,80.3,48.53333333333333,47.058824,32,68
/Users/jiangnanhugo/workspace/power-sharpening/Subtree-Prefetching-Power-Sharpening/case_studies/logs-entropycut/lcb_v6/2026-09-09/vllm/dataset-lcb_v6.model-qwen3.5-9b.alpha4.0.steps100.blocks-1.prefetch-budget-8.rank-reject_first.cut-entropy4.0.samples20.maxnew1024.seed10086.subtreePrefetch.vllm.log,PreSTO-EntropyCut,2923,2026-09-09 15:42:37,208.4,404.3,2,0,0.4,80.3,48.7,57.142857,32,56
/Users/jiangnanhugo/workspace/power-sharpening/Subtree-Prefetching-Power-Sharpening/case_studies/logs-entropycut/lcb_v6/2026-09-09/vllm/dataset-lcb_v6.model-qwen3.5-9b.alpha4.0.steps100.blocks-1.prefetch-budget-8.rank-reject_first.cut-entropy4.0.samples20.maxnew1024.seed10086.subtreePrefetch.vllm.log,PreSTO-EntropyCut,2928,2026-09-09 15:42:47,212.0,390.6,3,0,0.9,80.3,48.86666666666667,25.0,16,64
/Users/jiangnanhugo/workspace/power-sharpening/Subtree-Prefetching-Power-Sharpening/case_studies/logs-entropycut/lcb_v6/2026-09-09/vllm/dataset-lcb_v6.model-qwen3.5-9b.alpha4.0.steps100.blocks-1.prefetch-budget-8.rank-reject_first.cut-entropy4.0.samples20.maxnew1024.seed10086.subtreePrefetch.vllm.log,PreSTO-EntropyCut,2933,2026-09-09 15:42:57,191.6,425.6,2,0,0.6,80.3,49.03333333333333,42.857143,24,56
/Users/jiangnanhugo/workspace/power-sharpening/Subtree-Prefetching-Power-Sharpening/case_studies/logs-entropycut/lcb_v6/2026-09-09/vllm/dataset-lcb_v6.model-qwen3.5-9b.alpha4.0.steps100.blocks-1.prefetch-budget-8.rank-reject_first.cut-entropy4.0.samples20.maxnew1024.seed10086.subtreePrefetch.vllm.log,PreSTO-EntropyCut,2961,2026-09-09 15:43:07,36.5,123.5,1,0,0.3,80.3,49.2,0.0,0,12
/Users/jiangnanhugo/workspace/power-sharpening/Subtree-Prefetching-Power-Sharpening/case_studies/logs-entropycut/lcb_v6/2026-09-09/vllm/dataset-lcb_v6.model-qwen3.5-9b.alpha4.0.steps100.blocks-1.prefetch-budget-8.rank-reject_first.cut-entropy4.0.samples20.maxnew1024.seed10086.subtreePrefetch.vllm.log,PreSTO-EntropyCut,2970,2026-09-09 15:43:17,509.1,469.1,8,0,1.1,80.3,49.36666666666667,60.0,60,100
/Users/jiangnanhugo/workspace/power-sharpening/Subtree-Prefetching-Power-Sharpening/case_studies/logs-entropycut/lcb_v6/2026-09-09/vllm/dataset-lcb_v6.model-qwen3.5-9b.alpha4.0.steps100.blocks-1.prefetch-budget-8.rank-reject_first.cut-entropy4.0.samples20.maxnew1024.seed10086.subtreePrefetch.vllm.log,PreSTO-EntropyCut,2975,2026-09-09 15:43:27,152.2,474.2,8,0,1.1,80.3,49.53333333333333,50.0,32,64
/Users/jiangnanhugo/workspace/power-sharpening/Subtree-Prefetching-Power-Sharpening/case_studies/logs-entropycut/lcb_v6/2026-09-09/vllm/dataset-lcb_v6.model-qwen3.5-9b.alpha4.0.steps100.blocks-1.prefetch-budget-8.rank-reject_first.cut-entropy4.0.samples20.maxnew1024.seed10086.subtreePrefetch.vllm.log,PreSTO-EntropyCut,2980,2026-09-09 15:43:37,225.8,599.4,8,0,1.1,80.3,49.7,52.941176,36,68
/Users/jiangnanhugo/workspace/power-sharpening/Subtree-Prefetching-Power-Sharpening/case_studies/logs-entropycut/lcb_v6/2026-09-09/vllm/dataset-lcb_v6.model-qwen3.5-9b.alpha4.0.steps100.blocks-1.prefetch-budget-8.rank-reject_first.cut-entropy4.0.samples20.maxnew1024.seed10086.subtreePrefetch.vllm.log,PreSTO-EntropyCut,2985,2026-09-09 15:43:47,163.1,541.7,8,0,1.0,80.3,49.86666666666667,52.941176,36,68
/Users/jiangnanhugo/workspace/power-sharpening/Subtree-Prefetching-Power-Sharpening/case_studies/logs-entropycut/lcb_v6/2026-09-09/vllm/dataset-lcb_v6.model-qwen3.5-9b.alpha4.0.steps100.blocks-1.prefetch-budget-8.rank-reject_first.cut-entropy4.0.samples20.maxnew1024.seed10086.subtreePrefetch.vllm.log,PreSTO-EntropyCut,2990,2026-09-09 15:43:57,240.7,634.7,6,0,1.2,80.3,50.03333333333333,50.0,40,80
/Users/jiangnanhugo/workspace/power-sharpening/Subtree-Prefetching-Power-Sharpening/case_studies/logs-entropycut/lcb_v6/2026-09-09/vllm/dataset-lcb_v6.model-qwen3.5-9b.alpha4.0.steps100.blocks-1.prefetch-budget-8.rank-reject_first.cut-entropy4.0.samples20.maxnew1024.seed10086.subtreePrefetch.vllm.log,PreSTO-EntropyCut,2995,2026-09-09 15:44:07,240.7,466.5,5,0,0.9,80.3,50.2,40.0,24,60
/Users/jiangnanhugo/workspace/power-sharpening/Subtree-Prefetching-Power-Sharpening/case_studies/logs-entropycut/lcb_v6/2026-09-09/vllm/dataset-lcb_v6.model-qwen3.5-9b.alpha4.0.steps100.blocks-1.prefetch-budget-8.rank-reject_first.cut-entropy4.0.samples20.maxnew1024.seed10086.subtreePrefetch.vllm.log,PreSTO-EntropyCut,3000,2026-09-09 15:44:17,196.2,511.9,6,0,1.3,80.3,50.36666666666667,58.823529,40,68
/Users/jiangnanhugo/workspace/power-sharpening/Subtree-Prefetching-Power-Sharpening/case_studies/logs-entropycut/lcb_v6/2026-09-09/vllm/dataset-lcb_v6.model-qwen3.5-9b.alpha4.0.steps100.blocks-1.prefetch-budget-8.rank-reject_first.cut-entropy4.0.samples20.maxnew1024.seed10086.subtreePrefetch.vllm.log,PreSTO-EntropyCut,3005,2026-09-09 15:44:27,285.2,465.5,6,0,1.3,80.3,50.53333333333333,56.25,36,64
/Users/jiangnanhugo/workspace/power-sharpening/Subtree-Prefetching-Power-Sharpening/case_studies/logs-entropycut/lcb_v6/2026-09-09/vllm/dataset-lcb_v6.model-qwen3.5-9b.alpha4.0.steps100.blocks-1.prefetch-budget-8.rank-reject_first.cut-entropy4.0.samples20.maxnew1024.seed10086.subtreePrefetch.vllm.log,PreSTO-EntropyCut,3010,2026-09-09 15:44:37,191.7,671.4,8,0,1.7,80.3,50.7,66.666667,56,84
/Users/jiangnanhugo/workspace/power-sharpening/Subtree-Prefetching-Power-Sharpening/case_studies/logs-entropycut/lcb_v6/2026-09-09/vllm/dataset-lcb_v6.model-qwen3.5-9b.alpha4.0.steps100.blocks-1.prefetch-budget-8.rank-reject_first.cut-entropy4.0.samples20.maxnew1024.seed10086.subtreePrefetch.vllm.log,PreSTO-EntropyCut,3015,2026-09-09 15:44:47,279.5,603.1,3,0,0.6,80.3,50.86666666666667,55.555556,40,72
/Users/jiangnanhugo/workspace/power-sharpening/Subtree-Prefetching-Power-Sharpening/case_studies/logs-entropycut/lcb_v6/2026-09-09/vllm/dataset-lcb_v6.model-qwen3.5-9b.alpha4.0.steps100.blocks-1.prefetch-budget-8.rank-reject_first.cut-entropy4.0.samples20.maxnew1024.seed10086.subtreePrefetch.vllm.log,PreSTO-EntropyCut,3020,2026-09-09 15:44:57,249.5,520.2,3,0,0.8,80.3,51.03333333333333,47.368421,36,76
/Users/jiangnanhugo/workspace/power-sharpening/Subtree-Prefetching-Power-Sharpening/case_studies/logs-entropycut/lcb_v6/2026-09-09/vllm/dataset-lcb_v6.model-qwen3.5-9b.alpha4.0.steps100.blocks-1.prefetch-budget-8.rank-reject_first.cut-entropy4.0.samples20.maxnew1024.seed10086.subtreePrefetch.vllm.log,PreSTO-EntropyCut,3025,2026-09-09 15:45:07,245.6,521.7,4,0,1.2,80.3,51.2,44.444444,32,72
/Users/jiangnanhugo/workspace/power-sharpening/Subtree-Prefetching-Power-Sharpening/case_studies/logs-entropycut/lcb_v6/2026-09-09/vllm/dataset-lcb_v6.model-qwen3.5-9b.alpha4.0.steps100.blocks-1.prefetch-budget-8.rank-reject_first.cut-entropy4.0.samples20.maxnew1024.seed10086.subtreePrefetch.vllm.log,PreSTO-EntropyCut,3030,2026-09-09 15:45:17,234.0,500.9,2,0,0.6,80.3,51.36666666666667,56.25,36,64
/Users/jiangnanhugo/workspace/power-sharpening/Subtree-Prefetching-Power-Sharpening/case_studies/logs-entropycut/lcb_v6/2026-09-09/vllm/dataset-lcb_v6.model-qwen3.5-9b.alpha4.0.steps100.blocks-1.prefetch-budget-8.rank-reject_first.cut-entropy4.0.samples20.maxnew1024.seed10086.subtreePrefetch.vllm.log,PreSTO-EntropyCut,3035,2026-09-09 15:45:27,220.3,376.9,1,0,0.3,80.3,51.53333333333333,42.857143,24,56
/Users/jiangnanhugo/workspace/power-sharpening/Subtree-Prefetching-Power-Sharpening/case_studies/logs-entropycut/lcb_v6/2026-09-09/vllm/dataset-lcb_v6.model-qwen3.5-9b.alpha4.0.steps100.blocks-1.prefetch-budget-8.rank-reject_first.cut-entropy4.0.samples20.maxnew1024.seed10086.subtreePrefetch.vllm.log,PreSTO-EntropyCut,3040,2026-09-09 15:45:37,226.9,365.1,1,0,0.3,80.3,51.7,35.714286,20,56
/Users/jiangnanhugo/workspace/power-sharpening/Subtree-Prefetching-Power-Sharpening/case_studies/logs-entropycut/lcb_v6/2026-09-09/vllm/dataset-lcb_v6.model-qwen3.5-9b.alpha4.0.steps100.blocks-1.prefetch-budget-8.rank-reject_first.cut-entropy4.0.samples20.maxnew1024.seed10086.subtreePrefetch.vllm.log,PreSTO-EntropyCut,3049,2026-09-09 15:45:47,464.0,434.6,8,0,1.0,80.3,51.86666666666667,47.826087,44,92
/Users/jiangnanhugo/workspace/power-sharpening/Subtree-Prefetching-Power-Sharpening/case_studies/logs-entropycut/lcb_v6/2026-09-09/vllm/dataset-lcb_v6.model-qwen3.5-9b.alpha4.0.steps100.blocks-1.prefetch-budget-8.rank-reject_first.cut-entropy4.0.samples20.maxnew1024.seed10086.subtreePrefetch.vllm.log,PreSTO-EntropyCut,3054,2026-09-09 15:45:57,199.1,514.5,8,0,1.0,80.3,52.03333333333333,52.941176,36,68
/Users/jiangnanhugo/workspace/power-sharpening/Subtree-Prefetching-Power-Sharpening/case_studies/logs-entropycut/lcb_v6/2026-09-09/vllm/dataset-lcb_v6.model-qwen3.5-9b.alpha4.0.steps100.blocks-1.prefetch-budget-8.rank-reject_first.cut-entropy4.0.samples20.maxnew1024.seed10086.subtreePrefetch.vllm.log,PreSTO-EntropyCut,3059,2026-09-09 15:46:07,283.9,538.2,8,0,1.6,80.3,52.2,61.904762,52,84
/Users/jiangnanhugo/workspace/power-sharpening/Subtree-Prefetching-Power-Sharpening/case_studies/logs-entropycut/lcb_v6/2026-09-09/vllm/dataset-lcb_v6.model-qwen3.5-9b.alpha4.0.steps100.blocks-1.prefetch-budget-8.rank-reject_first.cut-entropy4.0.samples20.maxnew1024.seed10086.subtreePrefetch.vllm.log,PreSTO-EntropyCut,3064,2026-09-09 15:46:17,285.5,545.3,8,0,1.7,80.3,52.36666666666667,57.894737,44,76
/Users/jiangnanhugo/workspace/power-sharpening/Subtree-Prefetching-Power-Sharpening/case_studies/logs-entropycut/lcb_v6/2026-09-09/vllm/dataset-lcb_v6.model-qwen3.5-9b.alpha4.0.steps100.blocks-1.prefetch-budget-8.rank-reject_first.cut-entropy4.0.samples20.maxnew1024.seed10086.subtreePrefetch.vllm.log,PreSTO-EntropyCut,3069,2026-09-09 15:46:27,263.1,529.0,7,0,1.5,80.3,52.53333333333333,47.058824,32,68
/Users/jiangnanhugo/workspace/power-sharpening/Subtree-Prefetching-Power-Sharpening/case_studies/logs-entropycut/lcb_v6/2026-09-09/vllm/dataset-lcb_v6.model-qwen3.5-9b.alpha4.0.steps100.blocks-1.prefetch-budget-8.rank-reject_first.cut-entropy4.0.samples20.maxnew1024.seed10086.subtreePrefetch.vllm.log,PreSTO-EntropyCut,3097,2026-09-09 15:46:37,39.7,430.7,1,0,0.2,80.3,52.7,42.857143,12,28
/Users/jiangnanhugo/workspace/power-sharpening/Subtree-Prefetching-Power-Sharpening/case_studies/logs-entropycut/lcb_v6/2026-09-09/vllm/dataset-lcb_v6.model-qwen3.5-9b.alpha4.0.steps100.blocks-1.prefetch-budget-8.rank-reject_first.cut-entropy4.0.samples20.maxnew1024.seed10086.subtreePrefetch.vllm.log,PreSTO-EntropyCut,3102,2026-09-09 15:46:47,230.3,408.6,5,0,1.1,80.3,52.86666666666667,70.588235,48,68
/Users/jiangnanhugo/workspace/power-sharpening/Subtree-Prefetching-Power-Sharpening/case_studies/logs-entropycut/lcb_v6/2026-09-09/vllm/dataset-lcb_v6.model-qwen3.5-9b.alpha4.0.steps100.blocks-1.prefetch-budget-8.rank-reject_first.cut-entropy4.0.samples20.maxnew1024.seed10086.subtreePrefetch.vllm.log,PreSTO-EntropyCut,3107,2026-09-09 15:46:57,266.6,560.7,1,0,0.3,80.3,53.03333333333333,50.0,32,64
/Users/jiangnanhugo/workspace/power-sharpening/Subtree-Prefetching-Power-Sharpening/case_studies/logs-entropycut/lcb_v6/2026-09-09/vllm/dataset-lcb_v6.model-qwen3.5-9b.alpha4.0.steps100.blocks-1.prefetch-budget-8.rank-reject_first.cut-entropy4.0.samples20.maxnew1024.seed10086.subtreePrefetch.vllm.log,PreSTO-EntropyCut,3112,2026-09-09 15:47:07,258.2,427.6,1,0,0.3,80.3,53.2,33.333333,20,60
/Users/jiangnanhugo/workspace/power-sharpening/Subtree-Prefetching-Power-Sharpening/case_studies/logs-entropycut/lcb_v6/2026-09-09/vllm/dataset-lcb_v6.model-qwen3.5-9b.alpha4.0.steps100.blocks-1.prefetch-budget-8.rank-reject_first.cut-entropy4.0.samples20.maxnew1024.seed10086.subtreePrefetch.vllm.log,PreSTO-EntropyCut,3121,2026-09-09 15:47:17,450.7,455.6,8,0,1.2,80.3,53.36666666666667,45.833333,44,96
/Users/jiangnanhugo/workspace/power-sharpening/Subtree-Prefetching-Power-Sharpening/case_studies/logs-entropycut/lcb_v6/2026-09-09/vllm/dataset-lcb_v6.model-qwen3.5-9b.alpha4.0.steps100.blocks-1.prefetch-budget-8.rank-reject_first.cut-entropy4.0.samples20.maxnew1024.seed10086.subtreePrefetch.vllm.log,PreSTO-EntropyCut,3126,2026-09-09 15:47:27,231.6,414.1,4,0,0.9,80.3,53.53333333333333,42.857143,24,56
/Users/jiangnanhugo/workspace/power-sharpening/Subtree-Prefetching-Power-Sharpening/case_studies/logs-entropycut/lcb_v6/2026-09-09/vllm/dataset-lcb_v6.model-qwen3.5-9b.alpha4.0.steps100.blocks-1.prefetch-budget-8.rank-reject_first.cut-entropy4.0.samples20.maxnew1024.seed10086.subtreePrefetch.vllm.log,PreSTO-EntropyCut,3131,2026-09-09 15:47:37,264.3,440.8,7,0,1.4,80.3,53.7,43.75,28,64
/Users/jiangnanhugo/workspace/power-sharpening/Subtree-Prefetching-Power-Sharpening/case_studies/logs-entropycut/lcb_v6/2026-09-09/vllm/dataset-lcb_v6.model-qwen3.5-9b.alpha4.0.steps100.blocks-1.prefetch-budget-8.rank-reject_first.cut-entropy4.0.samples20.maxnew1024.seed10086.subtreePrefetch.vllm.log,PreSTO-EntropyCut,3136,2026-09-09 15:47:47,166.8,604.9,6,0,1.2,80.3,53.86666666666667,47.058824,32,68
/Users/jiangnanhugo/workspace/power-sharpening/Subtree-Prefetching-Power-Sharpening/case_studies/logs-entropycut/lcb_v6/2026-09-09/vllm/dataset-lcb_v6.model-qwen3.5-9b.alpha4.0.steps100.blocks-1.prefetch-budget-8.rank-reject_first.cut-entropy4.0.samples20.maxnew1024.seed10086.subtreePrefetch.vllm.log,PreSTO-EntropyCut,3141,2026-09-09 15:47:57,169.6,517.6,3,0,0.7,80.3,54.03333333333333,46.666667,28,60
/Users/jiangnanhugo/workspace/power-sharpening/Subtree-Prefetching-Power-Sharpening/case_studies/logs-entropycut/lcb_v6/2026-09-09/vllm/dataset-lcb_v6.model-qwen3.5-9b.alpha4.0.steps100.blocks-1.prefetch-budget-8.rank-reject_first.cut-entropy4.0.samples20.maxnew1024.seed10086.subtreePrefetch.vllm.log,PreSTO-EntropyCut,3146,2026-09-09 15:48:07,258.1,512.7,4,0,1.1,80.3,54.2,44.444444,32,72
/Users/jiangnanhugo/workspace/power-sharpening/Subtree-Prefetching-Power-Sharpening/case_studies/logs-entropycut/lcb_v6/2026-09-09/vllm/dataset-lcb_v6.model-qwen3.5-9b.alpha4.0.steps100.blocks-1.prefetch-budget-8.rank-reject_first.cut-entropy4.0.samples20.maxnew1024.seed10086.subtreePrefetch.vllm.log,PreSTO-EntropyCut,3151,2026-09-09 15:48:17,132.1,346.6,1,0,0.3,80.3,54.36666666666667,50.0,20,40
/Users/jiangnanhugo/workspace/power-sharpening/Subtree-Prefetching-Power-Sharpening/case_studies/logs-entropycut/lcb_v6/2026-09-09/vllm/dataset-lcb_v6.model-qwen3.5-9b.alpha4.0.steps100.blocks-1.prefetch-budget-8.rank-reject_first.cut-entropy4.0.samples20.maxnew1024.seed10086.subtreePrefetch.vllm.log,PreSTO-EntropyCut,3156,2026-09-09 15:48:27,204.5,464.4,2,0,0.6,80.3,54.53333333333333,26.666667,16,60
/Users/jiangnanhugo/workspace/power-sharpening/Subtree-Prefetching-Power-Sharpening/case_studies/logs-entropycut/lcb_v6/2026-09-09/vllm/dataset-lcb_v6.model-qwen3.5-9b.alpha4.0.steps100.blocks-1.prefetch-budget-8.rank-reject_first.cut-entropy4.0.samples20.maxnew1024.seed10086.subtreePrefetch.vllm.log,PreSTO-EntropyCut,3165,2026-09-09 15:48:37,507.0,462.4,8,0,1.2,80.3,54.7,52.0,52,100
/Users/jiangnanhugo/workspace/power-sharpening/Subtree-Prefetching-Power-Sharpening/case_studies/logs-entropycut/lcb_v6/2026-09-09/vllm/dataset-lcb_v6.model-qwen3.5-9b.alpha4.0.steps100.blocks-1.prefetch-budget-8.rank-reject_first.cut-entropy4.0.samples20.maxnew1024.seed10086.subtreePrefetch.vllm.log,PreSTO-EntropyCut,3170,2026-09-09 15:48:47,153.1,545.7,8,0,1.1,80.3,54.86666666666667,50.0,32,64
/Users/jiangnanhugo/workspace/power-sharpening/Subtree-Prefetching-Power-Sharpening/case_studies/logs-entropycut/lcb_v6/2026-09-09/vllm/dataset-lcb_v6.model-qwen3.5-9b.alpha4.0.steps100.blocks-1.prefetch-budget-8.rank-reject_first.cut-entropy4.0.samples20.maxnew1024.seed10086.subtreePrefetch.vllm.log,PreSTO-EntropyCut,3175,2026-09-09 15:48:57,130.7,571.3,5,0,1.1,80.3,55.03333333333333,26.666667,16,60
/Users/jiangnanhugo/workspace/power-sharpening/Subtree-Prefetching-Power-Sharpening/case_studies/logs-entropycut/lcb_v6/2026-09-09/vllm/dataset-lcb_v6.model-qwen3.5-9b.alpha4.0.steps100.blocks-1.prefetch-budget-8.rank-reject_first.cut-entropy4.0.samples20.maxnew1024.seed10086.subtreePrefetch.vllm.log,PreSTO-EntropyCut,3180,2026-09-09 15:49:07,107.9,556.4,4,0,1.0,80.3,55.2,40.0,24,60
/Users/jiangnanhugo/workspace/power-sharpening/Subtree-Prefetching-Power-Sharpening/case_studies/logs-entropycut/lcb_v6/2026-09-09/vllm/dataset-lcb_v6.model-qwen3.5-9b.alpha4.0.steps100.blocks-1.prefetch-budget-8.rank-reject_first.cut-entropy4.0.samples20.maxnew1024.seed10086.subtreePrefetch.vllm.log,PreSTO-EntropyCut,3189,2026-09-09 15:49:17,356.1,382.5,8,0,1.2,80.3,55.36666666666667,40.0,32,80
/Users/jiangnanhugo/workspace/power-sharpening/Subtree-Prefetching-Power-Sharpening/case_studies/logs-entropycut/lcb_v6/2026-09-09/vllm/dataset-lcb_v6.model-qwen3.5-9b.alpha4.0.steps100.blocks-1.prefetch-budget-8.rank-reject_first.cut-entropy4.0.samples20.maxnew1024.seed10086.subtreePrefetch.vllm.log,PreSTO-EntropyCut,3194,2026-09-09 15:49:27,237.9,494.8,8,0,1.4,80.3,55.53333333333333,52.941176,36,68
/Users/jiangnanhugo/workspace/power-sharpening/Subtree-Prefetching-Power-Sharpening/case_studies/logs-entropycut/lcb_v6/2026-09-09/vllm/dataset-lcb_v6.model-qwen3.5-9b.alpha4.0.steps100.blocks-1.prefetch-budget-8.rank-reject_first.cut-entropy4.0.samples20.maxnew1024.seed10086.subtreePrefetch.vllm.log,PreSTO-EntropyCut,3222,2026-09-09 15:49:37,35.4,443.5,1,0,0.2,80.3,55.7,28.571429,8,28
/Users/jiangnanhugo/workspace/power-sharpening/Subtree-Prefetching-Power-Sharpening/case_studies/logs-entropycut/lcb_v6/2026-09-09/vllm/dataset-lcb_v6.model-qwen3.5-9b.alpha4.0.steps100.blocks-1.prefetch-budget-8.rank-reject_first.cut-entropy4.0.samples20.maxnew1024.seed10086.subtreePrefetch.vllm.log,PreSTO-EntropyCut,3227,2026-09-09 15:49:47,204.5,330.3,7,0,1.5,80.3,55.86666666666667,68.75,44,64
/Users/jiangnanhugo/workspace/power-sharpening/Subtree-Prefetching-Power-Sharpening/case_studies/logs-entropycut/lcb_v6/2026-09-09/vllm/dataset-lcb_v6.model-qwen3.5-9b.alpha4.0.steps100.blocks-1.prefetch-budget-8.rank-reject_first.cut-entropy4.0.samples20.maxnew1024.seed10086.subtreePrefetch.vllm.log,PreSTO-EntropyCut,3232,2026-09-09 15:49:57,212.9,489.7,5,0,1.1,80.3,56.03333333333333,35.714286,20,56
/Users/jiangnanhugo/workspace/power-sharpening/Subtree-Prefetching-Power-Sharpening/case_studies/logs-entropycut/lcb_v6/2026-09-09/vllm/dataset-lcb_v6.model-qwen3.5-9b.alpha4.0.steps100.blocks-1.prefetch-budget-8.rank-reject_first.cut-entropy4.0.samples20.maxnew1024.seed10086.subtreePrefetch.vllm.log,PreSTO-EntropyCut,3237,2026-09-09 15:50:07,257.0,546.7,7,0,1.4,80.3,56.2,61.111111,44,72
/Users/jiangnanhugo/workspace/power-sharpening/Subtree-Prefetching-Power-Sharpening/case_studies/logs-entropycut/lcb_v6/2026-09-09/vllm/dataset-lcb_v6.model-qwen3.5-9b.alpha4.0.steps100.blocks-1.prefetch-budget-8.rank-reject_first.cut-entropy4.0.samples20.maxnew1024.seed10086.subtreePrefetch.vllm.log,PreSTO-EntropyCut,3242,2026-09-09 15:50:17,273.7,677.1,7,0,1.4,80.3,56.36666666666667,66.666667,56,84
/Users/jiangnanhugo/workspace/power-sharpening/Subtree-Prefetching-Power-Sharpening/case_studies/logs-entropycut/lcb_v6/2026-09-09/vllm/dataset-lcb_v6.model-qwen3.5-9b.alpha4.0.steps100.blocks-1.prefetch-budget-8.rank-reject_first.cut-entropy4.0.samples20.maxnew1024.seed10086.subtreePrefetch.vllm.log,PreSTO-EntropyCut,3247,2026-09-09 15:50:27,284.3,735.0,8,0,1.7,80.3,56.53333333333333,65.217391,60,92
/Users/jiangnanhugo/workspace/power-sharpening/Subtree-Prefetching-Power-Sharpening/case_studies/logs-entropycut/lcb_v6/2026-09-09/vllm/dataset-lcb_v6.model-qwen3.5-9b.alpha4.0.steps100.blocks-1.prefetch-budget-8.rank-reject_first.cut-entropy4.0.samples20.maxnew1024.seed10086.subtreePrefetch.vllm.log,PreSTO-EntropyCut,3252,2026-09-09 15:50:37,286.2,747.8,8,0,1.6,80.3,56.7,65.217391,60,92
/Users/jiangnanhugo/workspace/power-sharpening/Subtree-Prefetching-Power-Sharpening/case_studies/logs-entropycut/lcb_v6/2026-09-09/vllm/dataset-lcb_v6.model-qwen3.5-9b.alpha4.0.steps100.blocks-1.prefetch-budget-8.rank-reject_first.cut-entropy4.0.samples20.maxnew1024.seed10086.subtreePrefetch.vllm.log,PreSTO-EntropyCut,3257,2026-09-09 15:50:47,243.6,781.3,7,0,1.5,80.3,56.86666666666667,60.869565,56,92
/Users/jiangnanhugo/workspace/power-sharpening/Subtree-Prefetching-Power-Sharpening/case_studies/logs-entropycut/lcb_v6/2026-09-09/vllm/dataset-lcb_v6.model-qwen3.5-9b.alpha4.0.steps100.blocks-1.prefetch-budget-8.rank-reject_first.cut-entropy4.0.samples20.maxnew1024.seed10086.subtreePrefetch.vllm.log,PreSTO-EntropyCut,3262,2026-09-09 15:50:57,237.9,676.8,6,0,1.2,80.3,57.03333333333333,65.0,52,80
/Users/jiangnanhugo/workspace/power-sharpening/Subtree-Prefetching-Power-Sharpening/case_studies/logs-entropycut/lcb_v6/2026-09-09/vllm/dataset-lcb_v6.model-qwen3.5-9b.alpha4.0.steps100.blocks-1.prefetch-budget-8.rank-reject_first.cut-entropy4.0.samples20.maxnew1024.seed10086.subtreePrefetch.vllm.log,PreSTO-EntropyCut,3267,2026-09-09 15:51:07,237.5,652.4,6,0,1.2,80.3,57.2,60.0,48,80
/Users/jiangnanhugo/workspace/power-sharpening/Subtree-Prefetching-Power-Sharpening/case_studies/logs-entropycut/lcb_v6/2026-09-09/vllm/dataset-lcb_v6.model-qwen3.5-9b.alpha4.0.steps100.blocks-1.prefetch-budget-8.rank-reject_first.cut-entropy4.0.samples20.maxnew1024.seed10086.subtreePrefetch.vllm.log,PreSTO-EntropyCut,3272,2026-09-09 15:51:17,217.2,651.1,6,0,1.3,80.3,57.36666666666667,55.0,44,80
/Users/jiangnanhugo/workspace/power-sharpening/Subtree-Prefetching-Power-Sharpening/case_studies/logs-entropycut/lcb_v6/2026-09-09/vllm/dataset-lcb_v6.model-qwen3.5-9b.alpha4.0.steps100.blocks-1.prefetch-budget-8.rank-reject_first.cut-entropy4.0.samples20.maxnew1024.seed10086.subtreePrefetch.vllm.log,PreSTO-EntropyCut,3277,2026-09-09 15:51:27,315.9,647.4,6,0,1.2,80.3,57.53333333333333,66.666667,56,84
/Users/jiangnanhugo/workspace/power-sharpening/Subtree-Prefetching-Power-Sharpening/case_studies/logs-entropycut/lcb_v6/2026-09-09/vllm/dataset-lcb_v6.model-qwen3.5-9b.alpha4.0.steps100.blocks-1.prefetch-budget-8.rank-reject_first.cut-entropy4.0.samples20.maxnew1024.seed10086.subtreePrefetch.vllm.log,PreSTO-EntropyCut,3282,2026-09-09 15:51:37,291.0,681.7,8,0,1.6,80.3,57.7,61.904762,52,84
/Users/jiangnanhugo/workspace/power-sharpening/Subtree-Prefetching-Power-Sharpening/case_studies/logs-entropycut/lcb_v6/2026-09-09/vllm/dataset-lcb_v6.model-qwen3.5-9b.alpha4.0.steps100.blocks-1.prefetch-budget-8.rank-reject_first.cut-entropy4.0.samples20.maxnew1024.seed10086.subtreePrefetch.vllm.log,PreSTO-EntropyCut,3287,2026-09-09 15:51:47,326.2,734.0,7,0,1.4,80.3,57.86666666666667,66.666667,64,96
/Users/jiangnanhugo/workspace/power-sharpening/Subtree-Prefetching-Power-Sharpening/case_studies/logs-entropycut/lcb_v6/2026-09-09/vllm/dataset-lcb_v6.model-qwen3.5-9b.alpha4.0.steps100.blocks-1.prefetch-budget-8.rank-reject_first.cut-entropy4.0.samples20.maxnew1024.seed10086.subtreePrefetch.vllm.log,PreSTO-EntropyCut,3292,2026-09-09 15:51:57,328.8,711.2,7,0,1.4,80.3,58.03333333333333,65.217391,60,92
/Users/jiangnanhugo/workspace/power-sharpening/Subtree-Prefetching-Power-Sharpening/case_studies/logs-entropycut/lcb_v6/2026-09-09/vllm/dataset-lcb_v6.model-qwen3.5-9b.alpha4.0.steps100.blocks-1.prefetch-budget-8.rank-reject_first.cut-entropy4.0.samples20.maxnew1024.seed10086.subtreePrefetch.vllm.log,PreSTO-EntropyCut,3297,2026-09-09 15:52:07,289.0,688.7,7,0,1.4,80.3,58.2,59.090909,52,88
/Users/jiangnanhugo/workspace/power-sharpening/Subtree-Prefetching-Power-Sharpening/case_studies/logs-entropycut/lcb_v6/2026-09-09/vllm/dataset-lcb_v6.model-qwen3.5-9b.alpha4.0.steps100.blocks-1.prefetch-budget-8.rank-reject_first.cut-entropy4.0.samples20.maxnew1024.seed10086.subtreePrefetch.vllm.log,PreSTO-EntropyCut,3302,2026-09-09 15:52:17,279.1,694.0,7,0,1.4,80.3,58.36666666666667,63.636364,56,88
/Users/jiangnanhugo/workspace/power-sharpening/Subtree-Prefetching-Power-Sharpening/case_studies/logs-entropycut/lcb_v6/2026-09-09/vllm/dataset-lcb_v6.model-qwen3.5-9b.alpha4.0.steps100.blocks-1.prefetch-budget-8.rank-reject_first.cut-entropy4.0.samples20.maxnew1024.seed10086.subtreePrefetch.vllm.log,PreSTO-EntropyCut,3307,2026-09-09 15:52:27,289.5,742.0,8,0,1.6,80.3,58.53333333333333,69.565217,64,92
/Users/jiangnanhugo/workspace/power-sharpening/Subtree-Prefetching-Power-Sharpening/case_studies/logs-entropycut/lcb_v6/2026-09-09/vllm/dataset-lcb_v6.model-qwen3.5-9b.alpha4.0.steps100.blocks-1.prefetch-budget-8.rank-reject_first.cut-entropy4.0.samples20.maxnew1024.seed10086.subtreePrefetch.vllm.log,PreSTO-EntropyCut,3312,2026-09-09 15:52:37,291.0,800.2,8,0,1.6,80.3,58.7,66.666667,64,96
/Users/jiangnanhugo/workspace/power-sharpening/Subtree-Prefetching-Power-Sharpening/case_studies/logs-entropycut/lcb_v6/2026-09-09/vllm/dataset-lcb_v6.model-qwen3.5-9b.alpha4.0.steps100.blocks-1.prefetch-budget-8.rank-reject_first.cut-entropy4.0.samples20.maxnew1024.seed10086.subtreePrefetch.vllm.log,PreSTO-EntropyCut,3317,2026-09-09 15:52:47,286.4,798.7,8,0,1.6,80.3,58.86666666666667,66.666667,64,96
/Users/jiangnanhugo/workspace/power-sharpening/Subtree-Prefetching-Power-Sharpening/case_studies/logs-entropycut/lcb_v6/2026-09-09/vllm/dataset-lcb_v6.model-qwen3.5-9b.alpha4.0.steps100.blocks-1.prefetch-budget-8.rank-reject_first.cut-entropy4.0.samples20.maxnew1024.seed10086.subtreePrefetch.vllm.log,PreSTO-EntropyCut,3322,2026-09-09 15:52:58,296.3,800.4,8,0,1.6,80.3,59.05,66.666667,64,96
/Users/jiangnanhugo/workspace/power-sharpening/Subtree-Prefetching-Power-Sharpening/case_studies/logs-entropycut/lcb_v6/2026-09-09/vllm/dataset-lcb_v6.model-qwen3.5-9b.alpha4.0.steps100.blocks-1.prefetch-budget-8.rank-reject_first.cut-entropy4.0.samples20.maxnew1024.seed10086.subtreePrefetch.vllm.log,PreSTO-EntropyCut,3350,2026-09-09 15:53:08,39.7,627.3,1,0,0.2,80.3,59.21666666666667,80.0,32,40
/Users/jiangnanhugo/workspace/power-sharpening/Subtree-Prefetching-Power-Sharpening/case_studies/logs-entropycut/lcb_v6/2026-09-09/vllm/dataset-lcb_v6.model-qwen3.5-9b.alpha4.0.steps100.blocks-1.prefetch-budget-8.rank-reject_first.cut-entropy4.0.samples20.maxnew1024.seed10086.subtreePrefetch.vllm.log,PreSTO-EntropyCut,3355,2026-09-09 15:53:18,206.4,293.5,4,0,0.9,80.3,59.38333333333333,15.384615,8,52
/Users/jiangnanhugo/workspace/power-sharpening/Subtree-Prefetching-Power-Sharpening/case_studies/logs-entropycut/lcb_v6/2026-09-09/vllm/dataset-lcb_v6.model-qwen3.5-9b.alpha4.0.steps100.blocks-1.prefetch-budget-8.rank-reject_first.cut-entropy4.0.samples20.maxnew1024.seed10086.subtreePrefetch.vllm.log,PreSTO-EntropyCut,3360,2026-09-09 15:53:28,199.7,482.1,1,0,0.3,80.3,59.55,57.142857,32,56
/Users/jiangnanhugo/workspace/power-sharpening/Subtree-Prefetching-Power-Sharpening/case_studies/logs-entropycut/lcb_v6/2026-09-09/vllm/dataset-lcb_v6.model-qwen3.5-9b.alpha4.0.steps100.blocks-1.prefetch-budget-8.rank-reject_first.cut-entropy4.0.samples20.maxnew1024.seed10086.subtreePrefetch.vllm.log,PreSTO-EntropyCut,3369,2026-09-09 15:53:38,329.0,488.6,5,0,1.1,80.3,59.71666666666667,31.818182,28,88
/Users/jiangnanhugo/workspace/power-sharpening/Subtree-Prefetching-Power-Sharpening/case_studies/logs-entropycut/lcb_v6/2026-09-09/vllm/dataset-lcb_v6.model-qwen3.5-9b.alpha4.0.steps100.blocks-1.prefetch-budget-8.rank-reject_first.cut-entropy4.0.samples20.maxnew1024.seed10086.subtreePrefetch.vllm.log,PreSTO-EntropyCut,3378,2026-09-09 15:53:48,293.9,528.8,8,0,1.0,80.3,59.88333333333333,28.571429,24,84
/Users/jiangnanhugo/workspace/power-sharpening/Subtree-Prefetching-Power-Sharpening/case_studies/logs-entropycut/lcb_v6/2026-09-09/vllm/dataset-lcb_v6.model-qwen3.5-9b.alpha4.0.steps100.blocks-1.prefetch-budget-8.rank-reject_first.cut-entropy4.0.samples20.maxnew1024.seed10086.subtreePrefetch.vllm.log,PreSTO-EntropyCut,3383,2026-09-09 15:53:58,211.5,519.2,5,0,1.1,80.3,60.05,33.333333,20,60
/Users/jiangnanhugo/workspace/power-sharpening/Subtree-Prefetching-Power-Sharpening/case_studies/logs-entropycut/lcb_v6/2026-09-09/vllm/dataset-lcb_v6.model-qwen3.5-9b.alpha4.0.steps100.blocks-1.prefetch-budget-8.rank-reject_first.cut-entropy4.0.samples20.maxnew1024.seed10086.subtreePrefetch.vllm.log,PreSTO-EntropyCut,3392,2026-09-09 15:54:08,194.8,533.8,3,0,0.5,80.3,60.21666666666667,16.666667,12,72
/Users/jiangnanhugo/workspace/power-sharpening/Subtree-Prefetching-Power-Sharpening/case_studies/logs-entropycut/lcb_v6/2026-09-09/vllm/dataset-lcb_v6.model-qwen3.5-9b.alpha4.0.steps100.blocks-1.prefetch-budget-8.rank-reject_first.cut-entropy4.0.samples20.maxnew1024.seed10086.subtreePrefetch.vllm.log,PreSTO-EntropyCut,3397,2026-09-09 15:54:18,200.8,474.0,3,0,0.7,80.3,60.38333333333333,43.75,28,64
/Users/jiangnanhugo/workspace/power-sharpening/Subtree-Prefetching-Power-Sharpening/case_studies/logs-entropycut/lcb_v6/2026-09-09/vllm/dataset-lcb_v6.model-qwen3.5-9b.alpha4.0.steps100.blocks-1.prefetch-budget-8.rank-reject_first.cut-entropy4.0.samples20.maxnew1024.seed10086.subtreePrefetch.vllm.log,PreSTO-EntropyCut,3402,2026-09-09 15:54:28,161.4,366.1,1,0,0.3,80.3,60.55,33.333333,16,48
/Users/jiangnanhugo/workspace/power-sharpening/Subtree-Prefetching-Power-Sharpening/case_studies/logs-entropycut/lcb_v6/2026-09-09/vllm/dataset-lcb_v6.model-qwen3.5-9b.alpha4.0.steps100.blocks-1.prefetch-budget-8.rank-reject_first.cut-entropy4.0.samples20.maxnew1024.seed10086.subtreePrefetch.vllm.log,PreSTO-EntropyCut,3407,2026-09-09 15:54:38,192.7,430.3,1,0,0.3,80.3,60.71666666666667,42.857143,24,56
/Users/jiangnanhugo/workspace/power-sharpening/Subtree-Prefetching-Power-Sharpening/case_studies/logs-entropycut/lcb_v6/2026-09-09/vllm/dataset-lcb_v6.model-qwen3.5-9b.alpha4.0.steps100.blocks-1.prefetch-budget-8.rank-reject_first.cut-entropy4.0.samples20.maxnew1024.seed10086.subtreePrefetch.vllm.log,PreSTO-EntropyCut,3416,2026-09-09 15:54:48,295.3,553.5,5,0,0.7,80.3,60.88333333333333,33.333333,28,84
/Users/jiangnanhugo/workspace/power-sharpening/Subtree-Prefetching-Power-Sharpening/case_studies/logs-entropycut/lcb_v6/2026-09-09/vllm/dataset-lcb_v6.model-qwen3.5-9b.alpha4.0.steps100.blocks-1.prefetch-budget-8.rank-reject_first.cut-entropy4.0.samples20.maxnew1024.seed10086.subtreePrefetch.vllm.log,PreSTO-EntropyCut,3421,2026-09-09 15:54:58,164.0,507.2,4,0,0.9,80.3,61.05,43.75,28,64
/Users/jiangnanhugo/workspace/power-sharpening/Subtree-Prefetching-Power-Sharpening/case_studies/logs-entropycut/lcb_v6/2026-09-09/vllm/dataset-lcb_v6.model-qwen3.5-9b.alpha4.0.steps100.blocks-1.prefetch-budget-8.rank-reject_first.cut-entropy4.0.samples20.maxnew1024.seed10086.subtreePrefetch.vllm.log,PreSTO-EntropyCut,3430,2026-09-09 15:55:08,261.6,487.9,8,0,1.0,80.3,61.21666666666667,25.0,20,80
/Users/jiangnanhugo/workspace/power-sharpening/Subtree-Prefetching-Power-Sharpening/case_studies/logs-entropycut/lcb_v6/2026-09-09/vllm/dataset-lcb_v6.model-qwen3.5-9b.alpha4.0.steps100.blocks-1.prefetch-budget-8.rank-reject_first.cut-entropy4.0.samples20.maxnew1024.seed10086.subtreePrefetch.vllm.log,PreSTO-EntropyCut,3435,2026-09-09 15:55:18,212.8,507.0,4,0,0.9,80.3,61.38333333333333,31.25,20,64
/Users/jiangnanhugo/workspace/power-sharpening/Subtree-Prefetching-Power-Sharpening/case_studies/logs-entropycut/lcb_v6/2026-09-09/vllm/dataset-lcb_v6.model-qwen3.5-9b.alpha4.0.steps100.blocks-1.prefetch-budget-8.rank-reject_first.cut-entropy4.0.samples20.maxnew1024.seed10086.subtreePrefetch.vllm.log,PreSTO-EntropyCut,3440,2026-09-09 15:55:28,180.7,458.3,1,0,0.3,80.3,61.55,53.846154,28,52
/Users/jiangnanhugo/workspace/power-sharpening/Subtree-Prefetching-Power-Sharpening/case_studies/logs-entropycut/lcb_v6/2026-09-09/vllm/dataset-lcb_v6.model-qwen3.5-9b.alpha4.0.steps100.blocks-1.prefetch-budget-8.rank-reject_first.cut-entropy4.0.samples20.maxnew1024.seed10086.subtreePrefetch.vllm.log,PreSTO-EntropyCut,3449,2026-09-09 15:55:38,218.6,588.0,8,0,1.1,80.3,61.71666666666667,34.782609,32,92
/Users/jiangnanhugo/workspace/power-sharpening/Subtree-Prefetching-Power-Sharpening/case_studies/logs-entropycut/lcb_v6/2026-09-09/vllm/dataset-lcb_v6.model-qwen3.5-9b.alpha4.0.steps100.blocks-1.prefetch-budget-8.rank-reject_first.cut-entropy4.0.samples20.maxnew1024.seed10086.subtreePrefetch.vllm.log,PreSTO-EntropyCut,3454,2026-09-09 15:55:48,167.3,512.1,6,0,1.0,80.3,61.88333333333333,38.461538,20,52
/Users/jiangnanhugo/workspace/power-sharpening/Subtree-Prefetching-Power-Sharpening/case_studies/logs-entropycut/lcb_v6/2026-09-09/vllm/dataset-lcb_v6.model-qwen3.5-9b.alpha4.0.steps100.blocks-1.prefetch-budget-8.rank-reject_first.cut-entropy4.0.samples20.maxnew1024.seed10086.subtreePrefetch.vllm.log,PreSTO-EntropyCut,3539,2026-09-09 15:55:58,73.1,284.5,1,0,0.3,80.3,62.05,14.285714,4,28
/Users/jiangnanhugo/workspace/power-sharpening/Subtree-Prefetching-Power-Sharpening/case_studies/logs-entropycut/lcb_v6/2026-09-09/vllm/dataset-lcb_v6.model-qwen3.5-9b.alpha4.0.steps100.blocks-1.prefetch-budget-8.rank-reject_first.cut-entropy4.0.samples20.maxnew1024.seed10086.subtreePrefetch.vllm.log,PreSTO-EntropyCut,3544,2026-09-09 15:56:08,274.0,489.0,8,0,1.7,80.3,62.21666666666667,82.352941,56,68
/Users/jiangnanhugo/workspace/power-sharpening/Subtree-Prefetching-Power-Sharpening/case_studies/logs-entropycut/lcb_v6/2026-09-09/vllm/dataset-lcb_v6.model-qwen3.5-9b.alpha4.0.steps100.blocks-1.prefetch-budget-8.rank-reject_first.cut-entropy4.0.samples20.maxnew1024.seed10086.subtreePrefetch.vllm.log,PreSTO-EntropyCut,3549,2026-09-09 15:56:18,237.5,781.1,8,0,1.8,80.3,62.38333333333333,66.666667,64,96
/Users/jiangnanhugo/workspace/power-sharpening/Subtree-Prefetching-Power-Sharpening/case_studies/logs-entropycut/lcb_v6/2026-09-09/vllm/dataset-lcb_v6.model-qwen3.5-9b.alpha4.0.steps100.blocks-1.prefetch-budget-8.rank-reject_first.cut-entropy4.0.samples20.maxnew1024.seed10086.subtreePrefetch.vllm.log,PreSTO-EntropyCut,3554,2026-09-09 15:56:28,284.8,741.4,8,0,1.9,80.3,62.55,68.0,68,100
/Users/jiangnanhugo/workspace/power-sharpening/Subtree-Prefetching-Power-Sharpening/case_studies/logs-entropycut/lcb_v6/2026-09-09/vllm/dataset-lcb_v6.model-qwen3.5-9b.alpha4.0.steps100.blocks-1.prefetch-budget-8.rank-reject_first.cut-entropy4.0.samples20.maxnew1024.seed10086.subtreePrefetch.vllm.log,PreSTO-EntropyCut,3559,2026-09-09 15:56:38,267.8,774.0,8,0,2.5,80.3,62.71666666666667,73.333333,88,120
/Users/jiangnanhugo/workspace/power-sharpening/Subtree-Prefetching-Power-Sharpening/case_studies/logs-entropycut/lcb_v6/2026-09-09/vllm/dataset-lcb_v6.model-qwen3.5-9b.alpha4.0.steps100.blocks-1.prefetch-budget-8.rank-reject_first.cut-entropy4.0.samples20.maxnew1024.seed10086.subtreePrefetch.vllm.log,PreSTO-EntropyCut,3568,2026-09-09 15:56:48,559.2,763.3,8,0,0.9,80.3,62.88333333333333,50.0,64,128
/Users/jiangnanhugo/workspace/power-sharpening/Subtree-Prefetching-Power-Sharpening/case_studies/logs-entropycut/lcb_v6/2026-09-09/vllm/dataset-lcb_v6.model-qwen3.5-9b.alpha4.0.steps100.blocks-1.prefetch-budget-8.rank-reject_first.cut-entropy4.0.samples20.maxnew1024.seed10086.subtreePrefetch.vllm.log,PreSTO-EntropyCut,3573,2026-09-09 15:56:58,295.0,717.2,8,0,0.9,80.3,63.05,66.666667,64,96
/Users/jiangnanhugo/workspace/power-sharpening/Subtree-Prefetching-Power-Sharpening/case_studies/logs-entropycut/lcb_v6/2026-09-09/vllm/dataset-lcb_v6.model-qwen3.5-9b.alpha4.0.steps100.blocks-1.prefetch-budget-8.rank-reject_first.cut-entropy4.0.samples20.maxnew1024.seed10086.subtreePrefetch.vllm.log,PreSTO-EntropyCut,3578,2026-09-09 15:57:08,298.5,766.5,8,0,1.2,80.3,63.21666666666667,70.37037,76,108
/Users/jiangnanhugo/workspace/power-sharpening/Subtree-Prefetching-Power-Sharpening/case_studies/logs-entropycut/lcb_v6/2026-09-09/vllm/dataset-lcb_v6.model-qwen3.5-9b.alpha4.0.steps100.blocks-1.prefetch-budget-8.rank-reject_first.cut-entropy4.0.samples20.maxnew1024.seed10086.subtreePrefetch.vllm.log,PreSTO-EntropyCut,3583,2026-09-09 15:57:18,256.3,757.8,8,0,1.4,80.3,63.38333333333333,69.230769,72,104
/Users/jiangnanhugo/workspace/power-sharpening/Subtree-Prefetching-Power-Sharpening/case_studies/logs-entropycut/lcb_v6/2026-09-09/vllm/dataset-lcb_v6.model-qwen3.5-9b.alpha4.0.steps100.blocks-1.prefetch-budget-8.rank-reject_first.cut-entropy4.0.samples20.maxnew1024.seed10086.subtreePrefetch.vllm.log,PreSTO-EntropyCut,3588,2026-09-09 15:57:28,259.0,734.9,8,0,1.5,80.3,63.55,68.0,68,100
/Users/jiangnanhugo/workspace/power-sharpening/Subtree-Prefetching-Power-Sharpening/case_studies/logs-entropycut/lcb_v6/2026-09-09/vllm/dataset-lcb_v6.model-qwen3.5-9b.alpha4.0.steps100.blocks-1.prefetch-budget-8.rank-reject_first.cut-entropy4.0.samples20.maxnew1024.seed10086.subtreePrefetch.vllm.log,PreSTO-EntropyCut,3593,2026-09-09 15:57:38,197.7,719.6,7,0,1.3,80.3,63.71666666666667,59.090909,52,88
/Users/jiangnanhugo/workspace/power-sharpening/Subtree-Prefetching-Power-Sharpening/case_studies/logs-entropycut/lcb_v6/2026-09-09/vllm/dataset-lcb_v6.model-qwen3.5-9b.alpha4.0.steps100.blocks-1.prefetch-budget-8.rank-reject_first.cut-entropy4.0.samples20.maxnew1024.seed10086.subtreePrefetch.vllm.log,PreSTO-EntropyCut,3598,2026-09-09 15:57:48,257.7,653.7,8,0,1.6,80.3,63.88333333333333,70.833333,68,96
/Users/jiangnanhugo/workspace/power-sharpening/Subtree-Prefetching-Power-Sharpening/case_studies/logs-entropycut/lcb_v6/2026-09-09/vllm/dataset-lcb_v6.model-qwen3.5-9b.alpha4.0.steps100.blocks-1.prefetch-budget-8.rank-reject_first.cut-entropy4.0.samples20.maxnew1024.seed10086.subtreePrefetch.vllm.log,PreSTO-EntropyCut,3603,2026-09-09 15:57:58,305.7,717.9,8,0,1.7,80.3,64.05,68.0,68,100
/Users/jiangnanhugo/workspace/power-sharpening/Subtree-Prefetching-Power-Sharpening/case_studies/logs-entropycut/lcb_v6/2026-09-09/vllm/dataset-lcb_v6.model-qwen3.5-9b.alpha4.0.steps100.blocks-1.prefetch-budget-8.rank-reject_first.cut-entropy4.0.samples20.maxnew1024.seed10086.subtreePrefetch.vllm.log,PreSTO-EntropyCut,3608,2026-09-09 15:58:08,282.7,727.7,7,0,1.5,80.3,64.21666666666667,60.869565,56,92
/Users/jiangnanhugo/workspace/power-sharpening/Subtree-Prefetching-Power-Sharpening/case_studies/logs-entropycut/lcb_v6/2026-09-09/vllm/dataset-lcb_v6.model-qwen3.5-9b.alpha4.0.steps100.blocks-1.prefetch-budget-8.rank-reject_first.cut-entropy4.0.samples20.maxnew1024.seed10086.subtreePrefetch.vllm.log,PreSTO-EntropyCut,3613,2026-09-09 15:58:18,303.5,708.7,8,0,1.7,80.3,64.38333333333334,69.565217,64,92
/Users/jiangnanhugo/workspace/power-sharpening/Subtree-Prefetching-Power-Sharpening/case_studies/logs-entropycut/lcb_v6/2026-09-09/vllm/dataset-lcb_v6.model-qwen3.5-9b.alpha4.0.steps100.blocks-1.prefetch-budget-8.rank-reject_first.cut-entropy4.0.samples20.maxnew1024.seed10086.subtreePrefetch.vllm.log,PreSTO-EntropyCut,3618,2026-09-09 15:58:28,261.6,763.0,8,0,1.7,80.3,64.55,66.666667,64,96
/Users/jiangnanhugo/workspace/power-sharpening/Subtree-Prefetching-Power-Sharpening/case_studies/logs-entropycut/lcb_v6/2026-09-09/vllm/dataset-lcb_v6.model-qwen3.5-9b.alpha4.0.steps100.blocks-1.prefetch-budget-8.rank-reject_first.cut-entropy4.0.samples20.maxnew1024.seed10086.subtreePrefetch.vllm.log,PreSTO-EntropyCut,3623,2026-09-09 15:58:38,276.4,763.9,8,0,1.8,80.3,64.71666666666667,68.0,68,100
/Users/jiangnanhugo/workspace/power-sharpening/Subtree-Prefetching-Power-Sharpening/case_studies/logs-entropycut/lcb_v6/2026-09-09/vllm/dataset-lcb_v6.model-qwen3.5-9b.alpha4.0.steps100.blocks-1.prefetch-budget-8.rank-reject_first.cut-entropy4.0.samples20.maxnew1024.seed10086.subtreePrefetch.vllm.log,PreSTO-EntropyCut,3628,2026-09-09 15:58:48,249.0,710.5,8,0,1.7,80.3,64.88333333333334,65.217391,60,92
/Users/jiangnanhugo/workspace/power-sharpening/Subtree-Prefetching-Power-Sharpening/case_studies/logs-entropycut/lcb_v6/2026-09-09/vllm/dataset-lcb_v6.model-qwen3.5-9b.alpha4.0.steps100.blocks-1.prefetch-budget-8.rank-reject_first.cut-entropy4.0.samples20.maxnew1024.seed10086.subtreePrefetch.vllm.log,PreSTO-EntropyCut,3633,2026-09-09 15:58:58,264.9,723.2,8,0,1.7,80.3,65.05,66.666667,64,96
/Users/jiangnanhugo/workspace/power-sharpening/Subtree-Prefetching-Power-Sharpening/case_studies/logs-entropycut/lcb_v6/2026-09-09/vllm/dataset-lcb_v6.model-qwen3.5-9b.alpha4.0.steps100.blocks-1.prefetch-budget-8.rank-reject_first.cut-entropy4.0.samples20.maxnew1024.seed10086.subtreePrefetch.vllm.log,PreSTO-EntropyCut,3638,2026-09-09 15:59:08,245.8,709.9,8,0,1.7,80.3,65.21666666666667,66.666667,64,96
/Users/jiangnanhugo/workspace/power-sharpening/Subtree-Prefetching-Power-Sharpening/case_studies/logs-entropycut/lcb_v6/2026-09-09/vllm/dataset-lcb_v6.model-qwen3.5-9b.alpha4.0.steps100.blocks-1.prefetch-budget-8.rank-reject_first.cut-entropy4.0.samples20.maxnew1024.seed10086.subtreePrefetch.vllm.log,PreSTO-EntropyCut,3643,2026-09-09 15:59:18,283.7,767.3,8,0,1.9,80.3,65.38333333333334,69.230769,72,104
/Users/jiangnanhugo/workspace/power-sharpening/Subtree-Prefetching-Power-Sharpening/case_studies/logs-entropycut/lcb_v6/2026-09-09/vllm/dataset-lcb_v6.model-qwen3.5-9b.alpha4.0.steps100.blocks-1.prefetch-budget-8.rank-reject_first.cut-entropy4.0.samples20.maxnew1024.seed10086.subtreePrefetch.vllm.log,PreSTO-EntropyCut,3648,2026-09-09 15:59:28,238.8,713.7,6,0,1.6,80.3,65.55,60.0,60,100
/Users/jiangnanhugo/workspace/power-sharpening/Subtree-Prefetching-Power-Sharpening/case_studies/logs-entropycut/lcb_v6/2026-09-09/vllm/dataset-lcb_v6.model-qwen3.5-9b.alpha4.0.steps100.blocks-1.prefetch-budget-8.rank-reject_first.cut-entropy4.0.samples20.maxnew1024.seed10086.subtreePrefetch.vllm.log,PreSTO-EntropyCut,3653,2026-09-09 15:59:38,266.3,708.6,8,0,2.4,80.3,65.71666666666667,76.923077,80,104
/Users/jiangnanhugo/workspace/power-sharpening/Subtree-Prefetching-Power-Sharpening/case_studies/logs-entropycut/lcb_v6/2026-09-09/vllm/dataset-lcb_v6.model-qwen3.5-9b.alpha4.0.steps100.blocks-1.prefetch-budget-8.rank-reject_first.cut-entropy4.0.samples20.maxnew1024.seed10086.subtreePrefetch.vllm.log,PreSTO-EntropyCut,3658,2026-09-09 15:59:48,279.4,704.3,8,0,2.3,80.3,65.88333333333334,65.217391,60,92
/Users/jiangnanhugo/workspace/power-sharpening/Subtree-Prefetching-Power-Sharpening/case_studies/logs-entropycut/lcb_v6/2026-09-09/vllm/dataset-lcb_v6.model-qwen3.5-9b.alpha4.0.steps100.blocks-1.prefetch-budget-8.rank-reject_first.cut-entropy4.0.samples20.maxnew1024.seed10086.subtreePrefetch.vllm.log,PreSTO-EntropyCut,3663,2026-09-09 15:59:58,285.4,741.2,6,0,1.9,80.3,66.05,69.230769,72,104
/Users/jiangnanhugo/workspace/power-sharpening/Subtree-Prefetching-Power-Sharpening/case_studies/logs-entropycut/lcb_v6/2026-09-09/vllm/dataset-lcb_v6.model-qwen3.5-9b.alpha4.0.steps100.blocks-1.prefetch-budget-8.rank-reject_first.cut-entropy4.0.samples20.maxnew1024.seed10086.subtreePrefetch.vllm.log,PreSTO-EntropyCut,3668,2026-09-09 16:00:08,270.3,738.0,6,0,1.9,80.3,66.21666666666667,66.666667,64,96
/Users/jiangnanhugo/workspace/power-sharpening/Subtree-Prefetching-Power-Sharpening/case_studies/logs-entropycut/lcb_v6/2026-09-09/vllm/dataset-lcb_v6.model-qwen3.5-9b.alpha4.0.steps100.blocks-1.prefetch-budget-8.rank-reject_first.cut-entropy4.0.samples20.maxnew1024.seed10086.subtreePrefetch.vllm.log,PreSTO-EntropyCut,3700,2026-09-09 16:00:18,183.2,167.8,8,0,1.0,80.3,66.38333333333334,25.0,12,48
/Users/jiangnanhugo/workspace/power-sharpening/Subtree-Prefetching-Power-Sharpening/case_studies/logs-entropycut/lcb_v6/2026-09-09/vllm/dataset-lcb_v6.model-qwen3.5-9b.alpha4.0.steps100.blocks-1.prefetch-budget-8.rank-reject_first.cut-entropy4.0.samples20.maxnew1024.seed10086.subtreePrefetch.vllm.log,PreSTO-EntropyCut,3705,2026-09-09 16:00:28,178.3,615.0,8,0,1.2,80.3,66.55,60.0,48,80
/Users/jiangnanhugo/workspace/power-sharpening/Subtree-Prefetching-Power-Sharpening/case_studies/logs-entropycut/lcb_v6/2026-09-09/vllm/dataset-lcb_v6.model-qwen3.5-9b.alpha4.0.steps100.blocks-1.prefetch-budget-8.rank-reject_first.cut-entropy4.0.samples20.maxnew1024.seed10086.subtreePrefetch.vllm.log,PreSTO-EntropyCut,3710,2026-09-09 16:00:38,222.9,575.3,7,0,1.5,80.3,66.71666666666667,62.5,60,96
/Users/jiangnanhugo/workspace/power-sharpening/Subtree-Prefetching-Power-Sharpening/case_studies/logs-entropycut/lcb_v6/2026-09-09/vllm/dataset-lcb_v6.model-qwen3.5-9b.alpha4.0.steps100.blocks-1.prefetch-budget-8.rank-reject_first.cut-entropy4.0.samples20.maxnew1024.seed10086.subtreePrefetch.vllm.log,PreSTO-EntropyCut,3715,2026-09-09 16:00:48,326.5,626.4,8,0,1.7,80.3,66.88333333333334,69.565217,64,92
/Users/jiangnanhugo/workspace/power-sharpening/Subtree-Prefetching-Power-Sharpening/case_studies/logs-entropycut/lcb_v6/2026-09-09/vllm/dataset-lcb_v6.model-qwen3.5-9b.alpha4.0.steps100.blocks-1.prefetch-budget-8.rank-reject_first.cut-entropy4.0.samples20.maxnew1024.seed10086.subtreePrefetch.vllm.log,PreSTO-EntropyCut,3720,2026-09-09 16:00:58,314.9,708.5,8,0,2.1,80.3,67.05,71.428571,80,112
/Users/jiangnanhugo/workspace/power-sharpening/Subtree-Prefetching-Power-Sharpening/case_studies/logs-entropycut/lcb_v6/2026-09-09/vllm/dataset-lcb_v6.model-qwen3.5-9b.alpha4.0.steps100.blocks-1.prefetch-budget-8.rank-reject_first.cut-entropy4.0.samples20.maxnew1024.seed10086.subtreePrefetch.vllm.log,PreSTO-EntropyCut,3725,2026-09-09 16:01:08,242.2,635.1,2,0,0.6,80.3,67.21666666666667,56.0,56,100
/Users/jiangnanhugo/workspace/power-sharpening/Subtree-Prefetching-Power-Sharpening/case_studies/logs-entropycut/lcb_v6/2026-09-09/vllm/dataset-lcb_v6.model-qwen3.5-9b.alpha4.0.steps100.blocks-1.prefetch-budget-8.rank-reject_first.cut-entropy4.0.samples20.maxnew1024.seed10086.subtreePrefetch.vllm.log,PreSTO-EntropyCut,3734,2026-09-09 16:01:18,492.4,561.1,8,0,1.0,80.3,67.38333333333334,58.064516,72,124
/Users/jiangnanhugo/workspace/power-sharpening/Subtree-Prefetching-Power-Sharpening/case_studies/logs-entropycut/lcb_v6/2026-09-09/vllm/dataset-lcb_v6.model-qwen3.5-9b.alpha4.0.steps100.blocks-1.prefetch-budget-8.rank-reject_first.cut-entropy4.0.samples20.maxnew1024.seed10086.subtreePrefetch.vllm.log,PreSTO-EntropyCut,3739,2026-09-09 16:01:28,188.0,731.4,8,0,1.3,80.3,67.55,69.230769,72,104
/Users/jiangnanhugo/workspace/power-sharpening/Subtree-Prefetching-Power-Sharpening/case_studies/logs-entropycut/lcb_v6/2026-09-09/vllm/dataset-lcb_v6.model-qwen3.5-9b.alpha4.0.steps100.blocks-1.prefetch-budget-8.rank-reject_first.cut-entropy4.0.samples20.maxnew1024.seed10086.subtreePrefetch.vllm.log,PreSTO-EntropyCut,3744,2026-09-09 16:01:38,266.6,680.0,8,0,1.7,80.3,67.71666666666667,68.0,68,100
/Users/jiangnanhugo/workspace/power-sharpening/Subtree-Prefetching-Power-Sharpening/case_studies/logs-entropycut/lcb_v6/2026-09-09/vllm/dataset-lcb_v6.model-qwen3.5-9b.alpha4.0.steps100.blocks-1.prefetch-budget-8.rank-reject_first.cut-entropy4.0.samples20.maxnew1024.seed10086.subtreePrefetch.vllm.log,PreSTO-EntropyCut,3749,2026-09-09 16:01:48,300.4,658.4,7,0,1.5,80.3,67.88333333333334,60.869565,56,92
/Users/jiangnanhugo/workspace/power-sharpening/Subtree-Prefetching-Power-Sharpening/case_studies/logs-entropycut/lcb_v6/2026-09-09/vllm/dataset-lcb_v6.model-qwen3.5-9b.alpha4.0.steps100.blocks-1.prefetch-budget-8.rank-reject_first.cut-entropy4.0.samples20.maxnew1024.seed10086.subtreePrefetch.vllm.log,PreSTO-EntropyCut,3754,2026-09-09 16:01:58,270.9,687.0,6,0,1.9,80.3,68.05,68.965517,80,116
/Users/jiangnanhugo/workspace/power-sharpening/Subtree-Prefetching-Power-Sharpening/case_studies/logs-entropycut/lcb_v6/2026-09-09/vllm/dataset-lcb_v6.model-qwen3.5-9b.alpha4.0.steps100.blocks-1.prefetch-budget-8.rank-reject_first.cut-entropy4.0.samples20.maxnew1024.seed10086.subtreePrefetch.vllm.log,PreSTO-EntropyCut,3763,2026-09-09 16:02:08,508.0,651.9,8,0,1.3,80.3,68.21666666666667,58.823529,80,136
/Users/jiangnanhugo/workspace/power-sharpening/Subtree-Prefetching-Power-Sharpening/case_studies/logs-entropycut/lcb_v6/2026-09-09/vllm/dataset-lcb_v6.model-qwen3.5-9b.alpha4.0.steps100.blocks-1.prefetch-budget-8.rank-reject_first.cut-entropy4.0.samples20.maxnew1024.seed10086.subtreePrefetch.vllm.log,PreSTO-EntropyCut,3768,2026-09-09 16:02:18,294.5,628.7,7,0,1.3,80.3,68.38333333333334,62.5,60,96
/Users/jiangnanhugo/workspace/power-sharpening/Subtree-Prefetching-Power-Sharpening/case_studies/logs-entropycut/lcb_v6/2026-09-09/vllm/dataset-lcb_v6.model-qwen3.5-9b.alpha4.0.steps100.blocks-1.prefetch-budget-8.rank-reject_first.cut-entropy4.0.samples20.maxnew1024.seed10086.subtreePrefetch.vllm.log,PreSTO-EntropyCut,3773,2026-09-09 16:02:28,154.5,679.1,8,0,1.4,80.3,68.55,66.666667,56,84
/Users/jiangnanhugo/workspace/power-sharpening/Subtree-Prefetching-Power-Sharpening/case_studies/logs-entropycut/lcb_v6/2026-09-09/vllm/dataset-lcb_v6.model-qwen3.5-9b.alpha4.0.steps100.blocks-1.prefetch-budget-8.rank-reject_first.cut-entropy4.0.samples20.maxnew1024.seed10086.subtreePrefetch.vllm.log,PreSTO-EntropyCut,3778,2026-09-09 16:02:38,279.5,697.2,8,0,1.7,80.3,68.71666666666667,66.666667,64,96
/Users/jiangnanhugo/workspace/power-sharpening/Subtree-Prefetching-Power-Sharpening/case_studies/logs-entropycut/lcb_v6/2026-09-09/vllm/dataset-lcb_v6.model-qwen3.5-9b.alpha4.0.steps100.blocks-1.prefetch-budget-8.rank-reject_first.cut-entropy4.0.samples20.maxnew1024.seed10086.subtreePrefetch.vllm.log,PreSTO-EntropyCut,3783,2026-09-09 16:02:48,339.0,641.9,8,0,2.0,80.3,68.88333333333334,70.37037,76,108
/Users/jiangnanhugo/workspace/power-sharpening/Subtree-Prefetching-Power-Sharpening/case_studies/logs-entropycut/lcb_v6/2026-09-09/vllm/dataset-lcb_v6.model-qwen3.5-9b.alpha4.0.steps100.blocks-1.prefetch-budget-8.rank-reject_first.cut-entropy4.0.samples20.maxnew1024.seed10086.subtreePrefetch.vllm.log,PreSTO-EntropyCut,3788,2026-09-09 16:02:58,216.7,639.2,3,0,0.7,80.3,69.05,58.333333,56,96
/Users/jiangnanhugo/workspace/power-sharpening/Subtree-Prefetching-Power-Sharpening/case_studies/logs-entropycut/lcb_v6/2026-09-09/vllm/dataset-lcb_v6.model-qwen3.5-9b.alpha4.0.steps100.blocks-1.prefetch-budget-8.rank-reject_first.cut-entropy4.0.samples20.maxnew1024.seed10086.subtreePrefetch.vllm.log,PreSTO-EntropyCut,3797,2026-09-09 16:03:08,457.6,628.0,8,0,1.1,80.3,69.21666666666667,58.823529,80,136
/Users/jiangnanhugo/workspace/power-sharpening/Subtree-Prefetching-Power-Sharpening/case_studies/logs-entropycut/lcb_v6/2026-09-09/vllm/dataset-lcb_v6.model-qwen3.5-9b.alpha4.0.steps100.blocks-1.prefetch-budget-8.rank-reject_first.cut-entropy4.0.samples20.maxnew1024.seed10086.subtreePrefetch.vllm.log,PreSTO-EntropyCut,3802,2026-09-09 16:03:18,303.2,720.3,8,0,1.5,80.3,69.38333333333334,70.37037,76,108
/Users/jiangnanhugo/workspace/power-sharpening/Subtree-Prefetching-Power-Sharpening/case_studies/logs-entropycut/lcb_v6/2026-09-09/vllm/dataset-lcb_v6.model-qwen3.5-9b.alpha4.0.steps100.blocks-1.prefetch-budget-8.rank-reject_first.cut-entropy4.0.samples20.maxnew1024.seed10086.subtreePrefetch.vllm.log,PreSTO-EntropyCut,3807,2026-09-09 16:03:28,281.2,717.1,8,0,1.6,80.3,69.55,66.666667,64,96
/Users/jiangnanhugo/workspace/power-sharpening/Subtree-Prefetching-Power-Sharpening/case_studies/logs-entropycut/lcb_v6/2026-09-09/vllm/dataset-lcb_v6.model-qwen3.5-9b.alpha4.0.steps100.blocks-1.prefetch-budget-8.rank-reject_first.cut-entropy4.0.samples20.maxnew1024.seed10086.subtreePrefetch.vllm.log,PreSTO-EntropyCut,3835,2026-09-09 16:03:38,55.9,314.6,1,0,0.2,80.3,69.71666666666667,54.545455,24,44
/Users/jiangnanhugo/workspace/power-sharpening/Subtree-Prefetching-Power-Sharpening/case_studies/logs-entropycut/lcb_v6/2026-09-09/vllm/dataset-lcb_v6.model-qwen3.5-9b.alpha4.0.steps100.blocks-1.prefetch-budget-8.rank-reject_first.cut-entropy4.0.samples20.maxnew1024.seed10086.subtreePrefetch.vllm.log,PreSTO-EntropyCut,3840,2026-09-09 16:03:48,159.3,431.4,5,0,1.1,80.3,69.88333333333334,50.0,28,56
/Users/jiangnanhugo/workspace/power-sharpening/Subtree-Prefetching-Power-Sharpening/case_studies/logs-entropycut/lcb_v6/2026-09-09/vllm/dataset-lcb_v6.model-qwen3.5-9b.alpha4.0.steps100.blocks-1.prefetch-budget-8.rank-reject_first.cut-entropy4.0.samples20.maxnew1024.seed10086.subtreePrefetch.vllm.log,PreSTO-EntropyCut,3845,2026-09-09 16:03:58,168.3,634.5,7,0,1.5,80.3,70.05,66.666667,40,60
/Users/jiangnanhugo/workspace/power-sharpening/Subtree-Prefetching-Power-Sharpening/case_studies/logs-entropycut/lcb_v6/2026-09-09/vllm/dataset-lcb_v6.model-qwen3.5-9b.alpha4.0.steps100.blocks-1.prefetch-budget-8.rank-reject_first.cut-entropy4.0.samples20.maxnew1024.seed10086.subtreePrefetch.vllm.log,PreSTO-EntropyCut,3850,2026-09-09 16:04:08,174.1,521.8,4,0,0.9,80.3,70.21666666666667,0.0,0,48
/Users/jiangnanhugo/workspace/power-sharpening/Subtree-Prefetching-Power-Sharpening/case_studies/logs-entropycut/lcb_v6/2026-09-09/vllm/dataset-lcb_v6.model-qwen3.5-9b.alpha4.0.steps100.blocks-1.prefetch-budget-8.rank-reject_first.cut-entropy4.0.samples20.maxnew1024.seed10086.subtreePrefetch.vllm.log,PreSTO-EntropyCut,3859,2026-09-09 16:04:18,460.1,420.6,7,0,0.9,80.3,70.38333333333334,36.842105,28,76
/Users/jiangnanhugo/workspace/power-sharpening/Subtree-Prefetching-Power-Sharpening/case_studies/logs-entropycut/lcb_v6/2026-09-09/vllm/dataset-lcb_v6.model-qwen3.5-9b.alpha4.0.steps100.blocks-1.prefetch-budget-8.rank-reject_first.cut-entropy4.0.samples20.maxnew1024.seed10086.subtreePrefetch.vllm.log,PreSTO-EntropyCut,3864,2026-09-09 16:04:28,148.8,504.1,8,0,1.1,80.3,70.55,33.333333,16,48
/Users/jiangnanhugo/workspace/power-sharpening/Subtree-Prefetching-Power-Sharpening/case_studies/logs-entropycut/lcb_v6/2026-09-09/vllm/dataset-lcb_v6.model-qwen3.5-9b.alpha4.0.steps100.blocks-1.prefetch-budget-8.rank-reject_first.cut-entropy4.0.samples20.maxnew1024.seed10086.subtreePrefetch.vllm.log,PreSTO-EntropyCut,3869,2026-09-09 16:04:38,214.5,600.8,8,0,1.2,80.3,70.71666666666667,46.666667,28,60
/Users/jiangnanhugo/workspace/power-sharpening/Subtree-Prefetching-Power-Sharpening/case_studies/logs-entropycut/lcb_v6/2026-09-09/vllm/dataset-lcb_v6.model-qwen3.5-9b.alpha4.0.steps100.blocks-1.prefetch-budget-8.rank-reject_first.cut-entropy4.0.samples20.maxnew1024.seed10086.subtreePrefetch.vllm.log,PreSTO-EntropyCut,3874,2026-09-09 16:04:48,168.7,673.4,8,0,1.2,80.3,70.88333333333334,46.666667,28,60
/Users/jiangnanhugo/workspace/power-sharpening/Subtree-Prefetching-Power-Sharpening/case_studies/logs-entropycut/lcb_v6/2026-09-09/vllm/dataset-lcb_v6.model-qwen3.5-9b.alpha4.0.steps100.blocks-1.prefetch-budget-8.rank-reject_first.cut-entropy4.0.samples20.maxnew1024.seed10086.subtreePrefetch.vllm.log,PreSTO-EntropyCut,3879,2026-09-09 16:04:58,186.3,488.7,5,0,1.1,80.3,71.05,21.428571,12,56
/Users/jiangnanhugo/workspace/power-sharpening/Subtree-Prefetching-Power-Sharpening/case_studies/logs-entropycut/lcb_v6/2026-09-09/vllm/dataset-lcb_v6.model-qwen3.5-9b.alpha4.0.steps100.blocks-1.prefetch-budget-8.rank-reject_first.cut-entropy4.0.samples20.maxnew1024.seed10086.subtreePrefetch.vllm.log,PreSTO-EntropyCut,3884,2026-09-09 16:05:08,118.7,597.0,5,0,1.1,80.3,71.21666666666667,53.846154,28,52
/Users/jiangnanhugo/workspace/power-sharpening/Subtree-Prefetching-Power-Sharpening/case_studies/logs-entropycut/lcb_v6/2026-09-09/vllm/dataset-lcb_v6.model-qwen3.5-9b.alpha4.0.steps100.blocks-1.prefetch-budget-8.rank-reject_first.cut-entropy4.0.samples20.maxnew1024.seed10086.subtreePrefetch.vllm.log,PreSTO-EntropyCut,3889,2026-09-09 16:05:18,187.8,628.9,8,0,1.7,80.3,71.38333333333334,56.25,36,64
/Users/jiangnanhugo/workspace/power-sharpening/Subtree-Prefetching-Power-Sharpening/case_studies/logs-entropycut/lcb_v6/2026-09-09/vllm/dataset-lcb_v6.model-qwen3.5-9b.alpha4.0.steps100.blocks-1.prefetch-budget-8.rank-reject_first.cut-entropy4.0.samples20.maxnew1024.seed10086.subtreePrefetch.vllm.log,PreSTO-EntropyCut,3894,2026-09-09 16:05:28,203.7,609.9,6,0,1.3,80.3,71.55,28.571429,16,56
/Users/jiangnanhugo/workspace/power-sharpening/Subtree-Prefetching-Power-Sharpening/case_studies/logs-entropycut/lcb_v6/2026-09-09/vllm/dataset-lcb_v6.model-qwen3.5-9b.alpha4.0.steps100.blocks-1.prefetch-budget-8.rank-reject_first.cut-entropy4.0.samples20.maxnew1024.seed10086.subtreePrefetch.vllm.log,PreSTO-EntropyCut,3899,2026-09-09 16:05:38,250.2,454.2,2,0,0.5,80.3,71.71666666666667,25.0,12,48
/Users/jiangnanhugo/workspace/power-sharpening/Subtree-Prefetching-Power-Sharpening/case_studies/logs-entropycut/lcb_v6/2026-09-09/vllm/dataset-lcb_v6.model-qwen3.5-9b.alpha4.0.steps100.blocks-1.prefetch-budget-8.rank-reject_first.cut-entropy4.0.samples20.maxnew1024.seed10086.subtreePrefetch.vllm.log,PreSTO-EntropyCut,3904,2026-09-09 16:05:48,161.9,580.8,1,0,0.3,80.3,71.88333333333334,50.0,28,56
/Users/jiangnanhugo/workspace/power-sharpening/Subtree-Prefetching-Power-Sharpening/case_studies/logs-entropycut/lcb_v6/2026-09-09/vllm/dataset-lcb_v6.model-qwen3.5-9b.alpha4.0.steps100.blocks-1.prefetch-budget-8.rank-reject_first.cut-entropy4.0.samples20.maxnew1024.seed10086.subtreePrefetch.vllm.log,PreSTO-EntropyCut,3913,2026-09-09 16:05:58,302.1,618.6,8,0,1.0,80.3,72.05,36.363636,32,88
/Users/jiangnanhugo/workspace/power-sharpening/Subtree-Prefetching-Power-Sharpening/case_studies/logs-entropycut/lcb_v6/2026-09-09/vllm/dataset-lcb_v6.model-qwen3.5-9b.alpha4.0.steps100.blocks-1.prefetch-budget-8.rank-reject_first.cut-entropy4.0.samples20.maxnew1024.seed10086.subtreePrefetch.vllm.log,PreSTO-EntropyCut,3918,2026-09-09 16:06:08,192.1,550.2,8,0,1.1,80.3,72.21666666666667,38.461538,20,52
/Users/jiangnanhugo/workspace/power-sharpening/Subtree-Prefetching-Power-Sharpening/case_studies/logs-entropycut/lcb_v6/2026-09-09/vllm/dataset-lcb_v6.model-qwen3.5-9b.alpha4.0.steps100.blocks-1.prefetch-budget-8.rank-reject_first.cut-entropy4.0.samples20.maxnew1024.seed10086.subtreePrefetch.vllm.log,PreSTO-EntropyCut,3923,2026-09-09 16:06:18,211.4,518.9,6,0,1.1,80.3,72.38333333333334,35.714286,20,56
/Users/jiangnanhugo/workspace/power-sharpening/Subtree-Prefetching-Power-Sharpening/case_studies/logs-entropycut/lcb_v6/2026-09-09/vllm/dataset-lcb_v6.model-qwen3.5-9b.alpha4.0.steps100.blocks-1.prefetch-budget-8.rank-reject_first.cut-entropy4.0.samples20.maxnew1024.seed10086.subtreePrefetch.vllm.log,PreSTO-EntropyCut,3928,2026-09-09 16:06:28,202.9,489.9,7,0,1.0,80.3,72.55,27.272727,12,44
/Users/jiangnanhugo/workspace/power-sharpening/Subtree-Prefetching-Power-Sharpening/case_studies/logs-entropycut/lcb_v6/2026-09-09/vllm/dataset-lcb_v6.model-qwen3.5-9b.alpha4.0.steps100.blocks-1.prefetch-budget-8.rank-reject_first.cut-entropy4.0.samples20.maxnew1024.seed10086.subtreePrefetch.vllm.log,PreSTO-EntropyCut,3933,2026-09-09 16:06:38,236.7,596.3,5,0,1.0,80.3,72.71666666666667,56.25,36,64
/Users/jiangnanhugo/workspace/power-sharpening/Subtree-Prefetching-Power-Sharpening/case_studies/logs-entropycut/lcb_v6/2026-09-09/vllm/dataset-lcb_v6.model-qwen3.5-9b.alpha4.0.steps100.blocks-1.prefetch-budget-8.rank-reject_first.cut-entropy4.0.samples20.maxnew1024.seed10086.subtreePrefetch.vllm.log,PreSTO-EntropyCut,3938,2026-09-09 16:06:48,212.2,426.9,4,0,0.9,80.3,72.88333333333334,23.076923,12,52
/Users/jiangnanhugo/workspace/power-sharpening/Subtree-Prefetching-Power-Sharpening/case_studies/logs-entropycut/lcb_v6/2026-09-09/vllm/dataset-lcb_v6.model-qwen3.5-9b.alpha4.0.steps100.blocks-1.prefetch-budget-8.rank-reject_first.cut-entropy4.0.samples20.maxnew1024.seed10086.subtreePrefetch.vllm.log,PreSTO-EntropyCut,3943,2026-09-09 16:06:58,179.7,573.2,5,0,1.1,80.3,73.05,42.857143,24,56
/Users/jiangnanhugo/workspace/power-sharpening/Subtree-Prefetching-Power-Sharpening/case_studies/logs-entropycut/lcb_v6/2026-09-09/vllm/dataset-lcb_v6.model-qwen3.5-9b.alpha4.0.steps100.blocks-1.prefetch-budget-8.rank-reject_first.cut-entropy4.0.samples20.maxnew1024.seed10086.subtreePrefetch.vllm.log,PreSTO-EntropyCut,3948,2026-09-09 16:07:08,78.1,551.0,6,0,1.3,80.3,73.21666666666667,50.0,24,48
/Users/jiangnanhugo/workspace/power-sharpening/Subtree-Prefetching-Power-Sharpening/case_studies/logs-entropycut/lcb_v6/2026-09-09/vllm/dataset-lcb_v6.model-qwen3.5-9b.alpha4.0.steps100.blocks-1.prefetch-budget-8.rank-reject_first.cut-entropy4.0.samples20.maxnew1024.seed10086.subtreePrefetch.vllm.log,PreSTO-EntropyCut,3976,2026-09-09 16:07:18,52.8,210.5,1,0,0.3,80.3,73.38333333333334,0.0,0,12
/Users/jiangnanhugo/workspace/power-sharpening/Subtree-Prefetching-Power-Sharpening/case_studies/logs-entropycut/lcb_v6/2026-09-09/vllm/dataset-lcb_v6.model-qwen3.5-9b.alpha4.0.steps100.blocks-1.prefetch-budget-8.rank-reject_first.cut-entropy4.0.samples20.maxnew1024.seed10086.subtreePrefetch.vllm.log,PreSTO-EntropyCut,3981,2026-09-09 16:07:28,241.7,437.0,1,0,0.3,80.3,73.55,53.846154,28,52
/Users/jiangnanhugo/workspace/power-sharpening/Subtree-Prefetching-Power-Sharpening/case_studies/logs-entropycut/lcb_v6/2026-09-09/vllm/dataset-lcb_v6.model-qwen3.5-9b.alpha4.0.steps100.blocks-1.prefetch-budget-8.rank-reject_first.cut-entropy4.0.samples20.maxnew1024.seed10086.subtreePrefetch.vllm.log,PreSTO-EntropyCut,3990,2026-09-09 16:07:38,420.1,566.3,7,0,1.0,80.3,73.71666666666667,31.818182,28,88
/Users/jiangnanhugo/workspace/power-sharpening/Subtree-Prefetching-Power-Sharpening/case_studies/logs-entropycut/lcb_v6/2026-09-09/vllm/dataset-lcb_v6.model-qwen3.5-9b.alpha4.0.steps100.blocks-1.prefetch-budget-8.rank-reject_first.cut-entropy4.0.samples20.maxnew1024.seed10086.subtreePrefetch.vllm.log,PreSTO-EntropyCut,3995,2026-09-09 16:07:48,221.4,619.3,4,0,0.8,80.3,73.88333333333334,50.0,32,64
/Users/jiangnanhugo/workspace/power-sharpening/Subtree-Prefetching-Power-Sharpening/case_studies/logs-entropycut/lcb_v6/2026-09-09/vllm/dataset-lcb_v6.model-qwen3.5-9b.alpha4.0.steps100.blocks-1.prefetch-budget-8.rank-reject_first.cut-entropy4.0.samples20.maxnew1024.seed10086.subtreePrefetch.vllm.log,PreSTO-EntropyCut,4000,2026-09-09 16:07:58,227.7,451.7,4,0,0.9,80.3,74.05,23.076923,12,52
/Users/jiangnanhugo/workspace/power-sharpening/Subtree-Prefetching-Power-Sharpening/case_studies/logs-entropycut/lcb_v6/2026-09-09/vllm/dataset-lcb_v6.model-qwen3.5-9b.alpha4.0.steps100.blocks-1.prefetch-budget-8.rank-reject_first.cut-entropy4.0.samples20.maxnew1024.seed10086.subtreePrefetch.vllm.log,PreSTO-EntropyCut,4005,2026-09-09 16:08:08,312.9,396.6,2,0,0.5,80.3,74.21666666666667,38.461538,20,52
/Users/jiangnanhugo/workspace/power-sharpening/Subtree-Prefetching-Power-Sharpening/case_studies/logs-entropycut/lcb_v6/2026-09-09/vllm/dataset-lcb_v6.model-qwen3.5-9b.alpha4.0.steps100.blocks-1.prefetch-budget-8.rank-reject_first.cut-entropy4.0.samples20.maxnew1024.seed10086.subtreePrefetch.vllm.log,PreSTO-EntropyCut,4014,2026-09-09 16:08:18,522.4,531.4,8,0,1.0,80.3,74.38333333333334,40.909091,36,88
/Users/jiangnanhugo/workspace/power-sharpening/Subtree-Prefetching-Power-Sharpening/case_studies/logs-entropycut/lcb_v6/2026-09-09/vllm/dataset-lcb_v6.model-qwen3.5-9b.alpha4.0.steps100.blocks-1.prefetch-budget-8.rank-reject_first.cut-entropy4.0.samples20.maxnew1024.seed10086.subtreePrefetch.vllm.log,PreSTO-EntropyCut,4019,2026-09-09 16:08:28,194.6,574.4,5,0,0.6,80.3,74.55,42.857143,24,56
/Users/jiangnanhugo/workspace/power-sharpening/Subtree-Prefetching-Power-Sharpening/case_studies/logs-entropycut/lcb_v6/2026-09-09/vllm/dataset-lcb_v6.model-qwen3.5-9b.alpha4.0.steps100.blocks-1.prefetch-budget-8.rank-reject_first.cut-entropy4.0.samples20.maxnew1024.seed10086.subtreePrefetch.vllm.log,PreSTO-EntropyCut,4024,2026-09-09 16:08:38,250.2,546.4,8,0,1.6,80.3,74.71666666666667,57.894737,44,76
/Users/jiangnanhugo/workspace/power-sharpening/Subtree-Prefetching-Power-Sharpening/case_studies/logs-entropycut/lcb_v6/2026-09-09/vllm/dataset-lcb_v6.model-qwen3.5-9b.alpha4.0.steps100.blocks-1.prefetch-budget-8.rank-reject_first.cut-entropy4.0.samples20.maxnew1024.seed10086.subtreePrefetch.vllm.log,PreSTO-EntropyCut,4029,2026-09-09 16:08:48,196.2,533.6,2,0,0.5,80.3,74.88333333333334,0.0,0,44
/Users/jiangnanhugo/workspace/power-sharpening/Subtree-Prefetching-Power-Sharpening/case_studies/logs-entropycut/lcb_v6/2026-09-09/vllm/dataset-lcb_v6.model-qwen3.5-9b.alpha4.0.steps100.blocks-1.prefetch-budget-8.rank-reject_first.cut-entropy4.0.samples20.maxnew1024.seed10086.subtreePrefetch.vllm.log,PreSTO-EntropyCut,4034,2026-09-09 16:08:58,186.6,531.7,3,0,0.7,80.3,75.05,50.0,28,56
/Users/jiangnanhugo/workspace/power-sharpening/Subtree-Prefetching-Power-Sharpening/case_studies/logs-entropycut/lcb_v6/2026-09-09/vllm/dataset-lcb_v6.model-qwen3.5-9b.alpha4.0.steps100.blocks-1.prefetch-budget-8.rank-reject_first.cut-entropy4.0.samples20.maxnew1024.seed10086.subtreePrefetch.vllm.log,PreSTO-EntropyCut,4043,2026-09-09 16:09:08,503.3,474.0,8,0,1.0,80.3,75.21666666666667,36.363636,32,88
/Users/jiangnanhugo/workspace/power-sharpening/Subtree-Prefetching-Power-Sharpening/case_studies/logs-entropycut/lcb_v6/2026-09-09/vllm/dataset-lcb_v6.model-qwen3.5-9b.alpha4.0.steps100.blocks-1.prefetch-budget-8.rank-reject_first.cut-entropy4.0.samples20.maxnew1024.seed10086.subtreePrefetch.vllm.log,PreSTO-EntropyCut,4048,2026-09-09 16:09:18,193.3,483.5,8,0,1.2,80.3,75.38333333333334,42.857143,24,56
/Users/jiangnanhugo/workspace/power-sharpening/Subtree-Prefetching-Power-Sharpening/case_studies/logs-entropycut/lcb_v6/2026-09-09/vllm/dataset-lcb_v6.model-qwen3.5-9b.alpha4.0.steps100.blocks-1.prefetch-budget-8.rank-reject_first.cut-entropy4.0.samples20.maxnew1024.seed10086.subtreePrefetch.vllm.log,PreSTO-EntropyCut,4053,2026-09-09 16:09:28,194.3,628.4,8,0,1.5,80.3,75.55,52.941176,36,68
/Users/jiangnanhugo/workspace/power-sharpening/Subtree-Prefetching-Power-Sharpening/case_studies/logs-entropycut/lcb_v6/2026-09-09/vllm/dataset-lcb_v6.model-qwen3.5-9b.alpha4.0.steps100.blocks-1.prefetch-budget-8.rank-reject_first.cut-entropy4.0.samples20.maxnew1024.seed10086.subtreePrefetch.vllm.log,PreSTO-EntropyCut,4058,2026-09-09 16:09:38,289.0,469.8,2,0,0.4,80.3,75.71666666666667,18.181818,8,44
/Users/jiangnanhugo/workspace/power-sharpening/Subtree-Prefetching-Power-Sharpening/case_studies/logs-entropycut/lcb_v6/2026-09-09/vllm/dataset-lcb_v6.model-qwen3.5-9b.alpha4.0.steps100.blocks-1.prefetch-budget-8.rank-reject_first.cut-entropy4.0.samples20.maxnew1024.seed10086.subtreePrefetch.vllm.log,PreSTO-EntropyCut,4063,2026-09-09 16:09:48,247.5,441.1,5,0,1.1,80.3,75.88333333333334,40.0,24,60
/Users/jiangnanhugo/workspace/power-sharpening/Subtree-Prefetching-Power-Sharpening/case_studies/logs-entropycut/lcb_v6/2026-09-09/vllm/dataset-lcb_v6.model-qwen3.5-9b.alpha4.0.steps100.blocks-1.prefetch-budget-8.rank-reject_first.cut-entropy4.0.samples20.maxnew1024.seed10086.subtreePrefetch.vllm.log,PreSTO-EntropyCut,4068,2026-09-09 16:09:58,229.4,670.6,4,0,0.9,80.3,76.05,62.5,40,64
/Users/jiangnanhugo/workspace/power-sharpening/Subtree-Prefetching-Power-Sharpening/case_studies/logs-entropycut/lcb_v6/2026-09-09/vllm/dataset-lcb_v6.model-qwen3.5-9b.alpha4.0.steps100.blocks-1.prefetch-budget-8.rank-reject_first.cut-entropy4.0.samples20.maxnew1024.seed10086.subtreePrefetch.vllm.log,PreSTO-EntropyCut,4077,2026-09-09 16:10:08,519.1,428.9,8,0,1.0,80.3,76.21666666666667,23.809524,20,84
/Users/jiangnanhugo/workspace/power-sharpening/Subtree-Prefetching-Power-Sharpening/case_studies/logs-entropycut/lcb_v6/2026-09-09/vllm/dataset-lcb_v6.model-qwen3.5-9b.alpha4.0.steps100.blocks-1.prefetch-budget-8.rank-reject_first.cut-entropy4.0.samples20.maxnew1024.seed10086.subtreePrefetch.vllm.log,PreSTO-EntropyCut,4082,2026-09-09 16:10:18,248.7,609.1,6,0,0.8,80.3,76.38333333333334,46.666667,28,60
/Users/jiangnanhugo/workspace/power-sharpening/Subtree-Prefetching-Power-Sharpening/case_studies/logs-entropycut/lcb_v6/2026-09-09/vllm/dataset-lcb_v6.model-qwen3.5-9b.alpha4.0.steps100.blocks-1.prefetch-budget-8.rank-reject_first.cut-entropy4.0.samples20.maxnew1024.seed10086.subtreePrefetch.vllm.log,PreSTO-EntropyCut,4087,2026-09-09 16:10:28,132.7,566.7,7,0,1.0,80.3,76.55,42.857143,24,56
/Users/jiangnanhugo/workspace/power-sharpening/Subtree-Prefetching-Power-Sharpening/case_studies/logs-entropycut/lcb_v6/2026-09-09/vllm/dataset-lcb_v6.model-qwen3.5-9b.alpha4.0.steps100.blocks-1.prefetch-budget-8.rank-reject_first.cut-entropy4.0.samples20.maxnew1024.seed10086.subtreePrefetch.vllm.log,PreSTO-EntropyCut,4092,2026-09-09 16:10:38,246.3,564.0,6,0,1.3,80.3,76.71666666666667,55.555556,40,72
