source_log,rank,prefetch_budget,source_line,timestamp,elapsed_seconds,prompt_throughput_tokens_s,generation_throughput_tokens_s,running_requests,waiting_requests,gpu_kv_cache_usage_percent,prefix_cache_hit_rate_percent
dataset-lcb_v6.model-qwen3.5-9b.alpha4.0.steps100.blocks-1.prefetch-budget-4.rank-bfs_accept_first.cut-entropy4.0.samples20.maxnew1024.seed10086.subtreePrefetch.vllm.log,bfs_accept_first,4,117,2026-09-09 14:56:02,0.0,67.6,58.9,4,0,0.8,0.0
dataset-lcb_v6.model-qwen3.5-9b.alpha4.0.steps100.blocks-1.prefetch-budget-4.rank-bfs_accept_first.cut-entropy4.0.samples20.maxnew1024.seed10086.subtreePrefetch.vllm.log,bfs_accept_first,4,122,2026-09-09 14:56:12,10.0,91.3,340.6,3,0,0.7,0.0
dataset-lcb_v6.model-qwen3.5-9b.alpha4.0.steps100.blocks-1.prefetch-budget-4.rank-bfs_accept_first.cut-entropy4.0.samples20.maxnew1024.seed10086.subtreePrefetch.vllm.log,bfs_accept_first,4,131,2026-09-09 14:56:22,20.0,190.8,257.3,4,0,0.6,0.0
dataset-lcb_v6.model-qwen3.5-9b.alpha4.0.steps100.blocks-1.prefetch-budget-4.rank-bfs_accept_first.cut-entropy4.0.samples20.maxnew1024.seed10086.subtreePrefetch.vllm.log,bfs_accept_first,4,136,2026-09-09 14:56:32,30.0,89.8,302.2,2,0,0.3,0.0
dataset-lcb_v6.model-qwen3.5-9b.alpha4.0.steps100.blocks-1.prefetch-budget-4.rank-bfs_accept_first.cut-entropy4.0.samples20.maxnew1024.seed10086.subtreePrefetch.vllm.log,bfs_accept_first,4,141,2026-09-09 14:56:42,40.0,131.7,241.1,2,0,0.5,0.0
dataset-lcb_v6.model-qwen3.5-9b.alpha4.0.steps100.blocks-1.prefetch-budget-4.rank-bfs_accept_first.cut-entropy4.0.samples20.maxnew1024.seed10086.subtreePrefetch.vllm.log,bfs_accept_first,4,150,2026-09-09 14:56:52,50.0,257.2,290.1,4,0,0.6,0.0
dataset-lcb_v6.model-qwen3.5-9b.alpha4.0.steps100.blocks-1.prefetch-budget-4.rank-bfs_accept_first.cut-entropy4.0.samples20.maxnew1024.seed10086.subtreePrefetch.vllm.log,bfs_accept_first,4,155,2026-09-09 14:57:02,60.0,65.4,332.9,3,0,0.6,0.0
dataset-lcb_v6.model-qwen3.5-9b.alpha4.0.steps100.blocks-1.prefetch-budget-4.rank-bfs_accept_first.cut-entropy4.0.samples20.maxnew1024.seed10086.subtreePrefetch.vllm.log,bfs_accept_first,4,160,2026-09-09 14:57:12,70.0,120.0,327.3,3,0,0.7,0.0
dataset-lcb_v6.model-qwen3.5-9b.alpha4.0.steps100.blocks-1.prefetch-budget-4.rank-bfs_accept_first.cut-entropy4.0.samples20.maxnew1024.seed10086.subtreePrefetch.vllm.log,bfs_accept_first,4,169,2026-09-09 14:57:22,80.0,256.2,330.5,3,0,0.5,0.0
dataset-lcb_v6.model-qwen3.5-9b.alpha4.0.steps100.blocks-1.prefetch-budget-4.rank-bfs_accept_first.cut-entropy4.0.samples20.maxnew1024.seed10086.subtreePrefetch.vllm.log,bfs_accept_first,4,174,2026-09-09 14:57:32,90.0,139.1,241.4,2,0,0.5,0.0
dataset-lcb_v6.model-qwen3.5-9b.alpha4.0.steps100.blocks-1.prefetch-budget-4.rank-bfs_accept_first.cut-entropy4.0.samples20.maxnew1024.seed10086.subtreePrefetch.vllm.log,bfs_accept_first,4,179,2026-09-09 14:57:42,100.0,65.7,242.0,2,0,0.5,0.0
dataset-lcb_v6.model-qwen3.5-9b.alpha4.0.steps100.blocks-1.prefetch-budget-4.rank-bfs_accept_first.cut-entropy4.0.samples20.maxnew1024.seed10086.subtreePrefetch.vllm.log,bfs_accept_first,4,188,2026-09-09 14:57:52,110.0,196.6,321.1,4,0,0.5,0.0
dataset-lcb_v6.model-qwen3.5-9b.alpha4.0.steps100.blocks-1.prefetch-budget-4.rank-bfs_accept_first.cut-entropy4.0.samples20.maxnew1024.seed10086.subtreePrefetch.vllm.log,bfs_accept_first,4,193,2026-09-09 14:58:02,120.0,54.1,337.5,2,0,0.5,0.0
dataset-lcb_v6.model-qwen3.5-9b.alpha4.0.steps100.blocks-1.prefetch-budget-4.rank-bfs_accept_first.cut-entropy4.0.samples20.maxnew1024.seed10086.subtreePrefetch.vllm.log,bfs_accept_first,4,202,2026-09-09 14:58:12,130.0,183.8,310.6,3,0,0.7,0.0
dataset-lcb_v6.model-qwen3.5-9b.alpha4.0.steps100.blocks-1.prefetch-budget-4.rank-bfs_accept_first.cut-entropy4.0.samples20.maxnew1024.seed10086.subtreePrefetch.vllm.log,bfs_accept_first,4,207,2026-09-09 14:58:22,140.0,113.1,316.4,1,0,0.3,0.0
dataset-lcb_v6.model-qwen3.5-9b.alpha4.0.steps100.blocks-1.prefetch-budget-4.rank-bfs_accept_first.cut-entropy4.0.samples20.maxnew1024.seed10086.subtreePrefetch.vllm.log,bfs_accept_first,4,216,2026-09-09 14:58:32,150.0,199.4,298.6,3,0,0.5,0.0
dataset-lcb_v6.model-qwen3.5-9b.alpha4.0.steps100.blocks-1.prefetch-budget-4.rank-bfs_accept_first.cut-entropy4.0.samples20.maxnew1024.seed10086.subtreePrefetch.vllm.log,bfs_accept_first,4,221,2026-09-09 14:58:42,160.0,71.3,338.3,4,0,0.9,0.0
dataset-lcb_v6.model-qwen3.5-9b.alpha4.0.steps100.blocks-1.prefetch-budget-4.rank-bfs_accept_first.cut-entropy4.0.samples20.maxnew1024.seed10086.subtreePrefetch.vllm.log,bfs_accept_first,4,226,2026-09-09 14:58:52,170.0,85.2,302.6,1,0,0.3,0.0
dataset-lcb_v6.model-qwen3.5-9b.alpha4.0.steps100.blocks-1.prefetch-budget-4.rank-bfs_accept_first.cut-entropy4.0.samples20.maxnew1024.seed10086.subtreePrefetch.vllm.log,bfs_accept_first,4,235,2026-09-09 14:59:02,180.0,150.9,274.9,4,0,0.7,0.0
dataset-lcb_v6.model-qwen3.5-9b.alpha4.0.steps100.blocks-1.prefetch-budget-4.rank-bfs_accept_first.cut-entropy4.0.samples20.maxnew1024.seed10086.subtreePrefetch.vllm.log,bfs_accept_first,4,240,2026-09-09 14:59:12,190.0,140.0,326.7,4,0,0.9,0.0
dataset-lcb_v6.model-qwen3.5-9b.alpha4.0.steps100.blocks-1.prefetch-budget-4.rank-bfs_accept_first.cut-entropy4.0.samples20.maxnew1024.seed10086.subtreePrefetch.vllm.log,bfs_accept_first,4,245,2026-09-09 14:59:22,200.0,117.6,363.9,1,0,0.3,0.0
dataset-lcb_v6.model-qwen3.5-9b.alpha4.0.steps100.blocks-1.prefetch-budget-4.rank-bfs_accept_first.cut-entropy4.0.samples20.maxnew1024.seed10086.subtreePrefetch.vllm.log,bfs_accept_first,4,254,2026-09-09 14:59:32,210.0,275.0,333.6,3,0,0.7,0.0
dataset-lcb_v6.model-qwen3.5-9b.alpha4.0.steps100.blocks-1.prefetch-budget-4.rank-bfs_accept_first.cut-entropy4.0.samples20.maxnew1024.seed10086.subtreePrefetch.vllm.log,bfs_accept_first,4,263,2026-09-09 14:59:42,220.0,190.8,282.4,3,0,0.5,0.0
dataset-lcb_v6.model-qwen3.5-9b.alpha4.0.steps100.blocks-1.prefetch-budget-4.rank-bfs_accept_first.cut-entropy4.0.samples20.maxnew1024.seed10086.subtreePrefetch.vllm.log,bfs_accept_first,4,268,2026-09-09 14:59:52,230.0,147.5,229.6,1,0,0.3,0.0
dataset-lcb_v6.model-qwen3.5-9b.alpha4.0.steps100.blocks-1.prefetch-budget-4.rank-bfs_accept_first.cut-entropy4.0.samples20.maxnew1024.seed10086.subtreePrefetch.vllm.log,bfs_accept_first,4,273,2026-09-09 15:00:02,240.0,100.6,244.1,2,0,0.5,0.0
dataset-lcb_v6.model-qwen3.5-9b.alpha4.0.steps100.blocks-1.prefetch-budget-4.rank-bfs_accept_first.cut-entropy4.0.samples20.maxnew1024.seed10086.subtreePrefetch.vllm.log,bfs_accept_first,4,282,2026-09-09 15:00:12,250.0,185.6,310.8,3,0,0.4,0.0
dataset-lcb_v6.model-qwen3.5-9b.alpha4.0.steps100.blocks-1.prefetch-budget-4.rank-bfs_accept_first.cut-entropy4.0.samples20.maxnew1024.seed10086.subtreePrefetch.vllm.log,bfs_accept_first,4,291,2026-09-09 15:00:22,260.0,210.0,327.1,4,0,0.6,0.0
dataset-lcb_v6.model-qwen3.5-9b.alpha4.0.steps100.blocks-1.prefetch-budget-4.rank-bfs_accept_first.cut-entropy4.0.samples20.maxnew1024.seed10086.subtreePrefetch.vllm.log,bfs_accept_first,4,296,2026-09-09 15:00:32,270.0,91.2,297.3,3,0,0.6,0.0
dataset-lcb_v6.model-qwen3.5-9b.alpha4.0.steps100.blocks-1.prefetch-budget-4.rank-bfs_accept_first.cut-entropy4.0.samples20.maxnew1024.seed10086.subtreePrefetch.vllm.log,bfs_accept_first,4,301,2026-09-09 15:00:42,280.0,71.9,305.4,3,0,0.7,0.0
dataset-lcb_v6.model-qwen3.5-9b.alpha4.0.steps100.blocks-1.prefetch-budget-4.rank-bfs_accept_first.cut-entropy4.0.samples20.maxnew1024.seed10086.subtreePrefetch.vllm.log,bfs_accept_first,4,306,2026-09-09 15:00:52,290.0,113.1,339.4,1,0,0.3,0.0
dataset-lcb_v6.model-qwen3.5-9b.alpha4.0.steps100.blocks-1.prefetch-budget-4.rank-bfs_accept_first.cut-entropy4.0.samples20.maxnew1024.seed10086.subtreePrefetch.vllm.log,bfs_accept_first,4,315,2026-09-09 15:01:02,300.0,262.5,319.7,3,0,0.6,0.0
dataset-lcb_v6.model-qwen3.5-9b.alpha4.0.steps100.blocks-1.prefetch-budget-4.rank-bfs_accept_first.cut-entropy4.0.samples20.maxnew1024.seed10086.subtreePrefetch.vllm.log,bfs_accept_first,4,320,2026-09-09 15:01:12,310.0,50.5,307.5,2,0,0.5,0.0
dataset-lcb_v6.model-qwen3.5-9b.alpha4.0.steps100.blocks-1.prefetch-budget-4.rank-bfs_accept_first.cut-entropy4.0.samples20.maxnew1024.seed10086.subtreePrefetch.vllm.log,bfs_accept_first,4,463,2026-09-09 15:01:22,320.0,94.6,185.0,1,0,0.1,0.0
dataset-lcb_v6.model-qwen3.5-9b.alpha4.0.steps100.blocks-1.prefetch-budget-4.rank-bfs_accept_first.cut-entropy4.0.samples20.maxnew1024.seed10086.subtreePrefetch.vllm.log,bfs_accept_first,4,468,2026-09-09 15:01:32,330.0,101.1,179.6,4,0,0.7,0.0
dataset-lcb_v6.model-qwen3.5-9b.alpha4.0.steps100.blocks-1.prefetch-budget-4.rank-bfs_accept_first.cut-entropy4.0.samples20.maxnew1024.seed10086.subtreePrefetch.vllm.log,bfs_accept_first,4,473,2026-09-09 15:01:42,340.0,73.2,304.8,4,0,0.5,0.0
dataset-lcb_v6.model-qwen3.5-9b.alpha4.0.steps100.blocks-1.prefetch-budget-4.rank-bfs_accept_first.cut-entropy4.0.samples20.maxnew1024.seed10086.subtreePrefetch.vllm.log,bfs_accept_first,4,478,2026-09-09 15:01:52,350.0,73.8,390.7,3,0,0.7,0.0
dataset-lcb_v6.model-qwen3.5-9b.alpha4.0.steps100.blocks-1.prefetch-budget-4.rank-bfs_accept_first.cut-entropy4.0.samples20.maxnew1024.seed10086.subtreePrefetch.vllm.log,bfs_accept_first,4,487,2026-09-09 15:02:02,360.0,137.5,389.8,4,0,0.5,0.0
dataset-lcb_v6.model-qwen3.5-9b.alpha4.0.steps100.blocks-1.prefetch-budget-4.rank-bfs_accept_first.cut-entropy4.0.samples20.maxnew1024.seed10086.subtreePrefetch.vllm.log,bfs_accept_first,4,492,2026-09-09 15:02:12,370.0,72.9,423.3,4,0,0.9,0.0
dataset-lcb_v6.model-qwen3.5-9b.alpha4.0.steps100.blocks-1.prefetch-budget-4.rank-bfs_accept_first.cut-entropy4.0.samples20.maxnew1024.seed10086.subtreePrefetch.vllm.log,bfs_accept_first,4,501,2026-09-09 15:02:22,380.0,152.8,355.4,4,0,0.6,0.0
dataset-lcb_v6.model-qwen3.5-9b.alpha4.0.steps100.blocks-1.prefetch-budget-4.rank-bfs_accept_first.cut-entropy4.0.samples20.maxnew1024.seed10086.subtreePrefetch.vllm.log,bfs_accept_first,4,506,2026-09-09 15:02:32,390.0,149.8,390.2,2,0,0.6,0.0
dataset-lcb_v6.model-qwen3.5-9b.alpha4.0.steps100.blocks-1.prefetch-budget-4.rank-bfs_accept_first.cut-entropy4.0.samples20.maxnew1024.seed10086.subtreePrefetch.vllm.log,bfs_accept_first,4,511,2026-09-09 15:02:42,400.0,81.6,335.1,2,0,0.5,0.0
dataset-lcb_v6.model-qwen3.5-9b.alpha4.0.steps100.blocks-1.prefetch-budget-4.rank-bfs_accept_first.cut-entropy4.0.samples20.maxnew1024.seed10086.subtreePrefetch.vllm.log,bfs_accept_first,4,520,2026-09-09 15:02:52,410.0,294.4,347.3,4,0,0.8,0.0
dataset-lcb_v6.model-qwen3.5-9b.alpha4.0.steps100.blocks-1.prefetch-budget-4.rank-bfs_accept_first.cut-entropy4.0.samples20.maxnew1024.seed10086.subtreePrefetch.vllm.log,bfs_accept_first,4,525,2026-09-09 15:03:02,420.0,169.0,396.5,3,0,0.6,0.0
dataset-lcb_v6.model-qwen3.5-9b.alpha4.0.steps100.blocks-1.prefetch-budget-4.rank-bfs_accept_first.cut-entropy4.0.samples20.maxnew1024.seed10086.subtreePrefetch.vllm.log,bfs_accept_first,4,530,2026-09-09 15:03:12,430.0,61.3,328.1,2,0,0.5,0.0
dataset-lcb_v6.model-qwen3.5-9b.alpha4.0.steps100.blocks-1.prefetch-budget-4.rank-bfs_accept_first.cut-entropy4.0.samples20.maxnew1024.seed10086.subtreePrefetch.vllm.log,bfs_accept_first,4,535,2026-09-09 15:03:22,440.0,73.8,243.5,1,0,0.3,0.0
dataset-lcb_v6.model-qwen3.5-9b.alpha4.0.steps100.blocks-1.prefetch-budget-4.rank-bfs_accept_first.cut-entropy4.0.samples20.maxnew1024.seed10086.subtreePrefetch.vllm.log,bfs_accept_first,4,544,2026-09-09 15:03:32,450.0,214.9,291.7,4,0,0.8,0.0
dataset-lcb_v6.model-qwen3.5-9b.alpha4.0.steps100.blocks-1.prefetch-budget-4.rank-bfs_accept_first.cut-entropy4.0.samples20.maxnew1024.seed10086.subtreePrefetch.vllm.log,bfs_accept_first,4,549,2026-09-09 15:03:42,460.0,141.3,291.2,3,0,0.7,0.0
dataset-lcb_v6.model-qwen3.5-9b.alpha4.0.steps100.blocks-1.prefetch-budget-4.rank-bfs_accept_first.cut-entropy4.0.samples20.maxnew1024.seed10086.subtreePrefetch.vllm.log,bfs_accept_first,4,554,2026-09-09 15:03:52,470.0,164.3,381.9,4,0,1.2,0.0
dataset-lcb_v6.model-qwen3.5-9b.alpha4.0.steps100.blocks-1.prefetch-budget-4.rank-bfs_accept_first.cut-entropy4.0.samples20.maxnew1024.seed10086.subtreePrefetch.vllm.log,bfs_accept_first,4,559,2026-09-09 15:04:02,480.0,162.0,349.9,3,0,0.9,0.0
dataset-lcb_v6.model-qwen3.5-9b.alpha4.0.steps100.blocks-1.prefetch-budget-4.rank-bfs_accept_first.cut-entropy4.0.samples20.maxnew1024.seed10086.subtreePrefetch.vllm.log,bfs_accept_first,4,568,2026-09-09 15:04:12,490.0,184.9,260.9,4,0,0.6,0.0
dataset-lcb_v6.model-qwen3.5-9b.alpha4.0.steps100.blocks-1.prefetch-budget-4.rank-bfs_accept_first.cut-entropy4.0.samples20.maxnew1024.seed10086.subtreePrefetch.vllm.log,bfs_accept_first,4,573,2026-09-09 15:04:22,500.0,162.0,355.7,3,0,0.6,0.0
dataset-lcb_v6.model-qwen3.5-9b.alpha4.0.steps100.blocks-1.prefetch-budget-4.rank-bfs_accept_first.cut-entropy4.0.samples20.maxnew1024.seed10086.subtreePrefetch.vllm.log,bfs_accept_first,4,578,2026-09-09 15:04:32,510.0,131.3,366.2,4,0,0.9,0.0
dataset-lcb_v6.model-qwen3.5-9b.alpha4.0.steps100.blocks-1.prefetch-budget-4.rank-bfs_accept_first.cut-entropy4.0.samples20.maxnew1024.seed10086.subtreePrefetch.vllm.log,bfs_accept_first,4,583,2026-09-09 15:04:42,520.0,144.7,408.3,3,0,0.9,0.0
dataset-lcb_v6.model-qwen3.5-9b.alpha4.0.steps100.blocks-1.prefetch-budget-4.rank-bfs_accept_first.cut-entropy4.0.samples20.maxnew1024.seed10086.subtreePrefetch.vllm.log,bfs_accept_first,4,588,2026-09-09 15:04:52,530.0,108.4,305.7,1,0,0.3,0.0
dataset-lcb_v6.model-qwen3.5-9b.alpha4.0.steps100.blocks-1.prefetch-budget-4.rank-bfs_accept_first.cut-entropy4.0.samples20.maxnew1024.seed10086.subtreePrefetch.vllm.log,bfs_accept_first,4,597,2026-09-09 15:05:02,540.0,132.2,388.4,4,0,0.6,0.0
dataset-lcb_v6.model-qwen3.5-9b.alpha4.0.steps100.blocks-1.prefetch-budget-4.rank-bfs_accept_first.cut-entropy4.0.samples20.maxnew1024.seed10086.subtreePrefetch.vllm.log,bfs_accept_first,4,602,2026-09-09 15:05:12,550.0,77.2,286.5,3,0,0.7,0.0
dataset-lcb_v6.model-qwen3.5-9b.alpha4.0.steps100.blocks-1.prefetch-budget-4.rank-bfs_accept_first.cut-entropy4.0.samples20.maxnew1024.seed10086.subtreePrefetch.vllm.log,bfs_accept_first,4,611,2026-09-09 15:05:22,560.0,275.8,250.6,4,0,0.8,0.0
dataset-lcb_v6.model-qwen3.5-9b.alpha4.0.steps100.blocks-1.prefetch-budget-4.rank-bfs_accept_first.cut-entropy4.0.samples20.maxnew1024.seed10086.subtreePrefetch.vllm.log,bfs_accept_first,4,616,2026-09-09 15:05:32,570.0,128.1,332.8,3,0,0.6,0.0
dataset-lcb_v6.model-qwen3.5-9b.alpha4.0.steps100.blocks-1.prefetch-budget-4.rank-bfs_accept_first.cut-entropy4.0.samples20.maxnew1024.seed10086.subtreePrefetch.vllm.log,bfs_accept_first,4,621,2026-09-09 15:05:42,580.0,81.7,258.2,2,0,0.4,0.0
dataset-lcb_v6.model-qwen3.5-9b.alpha4.0.steps100.blocks-1.prefetch-budget-4.rank-bfs_accept_first.cut-entropy4.0.samples20.maxnew1024.seed10086.subtreePrefetch.vllm.log,bfs_accept_first,4,626,2026-09-09 15:05:52,590.0,176.7,301.3,3,0,0.9,0.0
dataset-lcb_v6.model-qwen3.5-9b.alpha4.0.steps100.blocks-1.prefetch-budget-4.rank-bfs_accept_first.cut-entropy4.0.samples20.maxnew1024.seed10086.subtreePrefetch.vllm.log,bfs_accept_first,4,631,2026-09-09 15:06:02,600.0,144.6,374.6,2,0,0.6,0.0
dataset-lcb_v6.model-qwen3.5-9b.alpha4.0.steps100.blocks-1.prefetch-budget-4.rank-bfs_accept_first.cut-entropy4.0.samples20.maxnew1024.seed10086.subtreePrefetch.vllm.log,bfs_accept_first,4,640,2026-09-09 15:06:12,610.0,128.8,279.6,4,0,0.6,0.0
dataset-lcb_v6.model-qwen3.5-9b.alpha4.0.steps100.blocks-1.prefetch-budget-4.rank-bfs_accept_first.cut-entropy4.0.samples20.maxnew1024.seed10086.subtreePrefetch.vllm.log,bfs_accept_first,4,645,2026-09-09 15:06:22,620.0,124.0,368.9,3,0,0.7,0.0
dataset-lcb_v6.model-qwen3.5-9b.alpha4.0.steps100.blocks-1.prefetch-budget-4.rank-bfs_accept_first.cut-entropy4.0.samples20.maxnew1024.seed10086.subtreePrefetch.vllm.log,bfs_accept_first,4,650,2026-09-09 15:06:32,630.0,47.2,326.1,3,0,0.7,0.0
dataset-lcb_v6.model-qwen3.5-9b.alpha4.0.steps100.blocks-1.prefetch-budget-4.rank-bfs_accept_first.cut-entropy4.0.samples20.maxnew1024.seed10086.subtreePrefetch.vllm.log,bfs_accept_first,4,655,2026-09-09 15:06:42,640.0,205.8,355.2,3,0,0.9,0.0
dataset-lcb_v6.model-qwen3.5-9b.alpha4.0.steps100.blocks-1.prefetch-budget-4.rank-bfs_accept_first.cut-entropy4.0.samples20.maxnew1024.seed10086.subtreePrefetch.vllm.log,bfs_accept_first,4,660,2026-09-09 15:06:52,650.0,131.4,375.0,1,0,0.3,0.0
dataset-lcb_v6.model-qwen3.5-9b.alpha4.0.steps100.blocks-1.prefetch-budget-4.rank-bfs_accept_first.cut-entropy4.0.samples20.maxnew1024.seed10086.subtreePrefetch.vllm.log,bfs_accept_first,4,669,2026-09-09 15:07:02,660.0,112.9,299.8,4,0,0.6,0.0
dataset-lcb_v6.model-qwen3.5-9b.alpha4.0.steps100.blocks-1.prefetch-budget-4.rank-bfs_accept_first.cut-entropy4.0.samples20.maxnew1024.seed10086.subtreePrefetch.vllm.log,bfs_accept_first,4,674,2026-09-09 15:07:12,670.0,121.8,289.3,3,0,0.9,0.0
dataset-lcb_v6.model-qwen3.5-9b.alpha4.0.steps100.blocks-1.prefetch-budget-4.rank-bfs_accept_first.cut-entropy4.0.samples20.maxnew1024.seed10086.subtreePrefetch.vllm.log,bfs_accept_first,4,809,2026-09-09 15:07:22,680.0,62.6,155.9,1,0,0.3,0.0
dataset-lcb_v6.model-qwen3.5-9b.alpha4.0.steps100.blocks-1.prefetch-budget-4.rank-bfs_accept_first.cut-entropy4.0.samples20.maxnew1024.seed10086.subtreePrefetch.vllm.log,bfs_accept_first,4,818,2026-09-09 15:07:32,690.0,261.2,156.4,4,0,0.6,0.0
dataset-lcb_v6.model-qwen3.5-9b.alpha4.0.steps100.blocks-1.prefetch-budget-4.rank-bfs_accept_first.cut-entropy4.0.samples20.maxnew1024.seed10086.subtreePrefetch.vllm.log,bfs_accept_first,4,823,2026-09-09 15:07:42,700.0,94.5,252.8,4,0,0.7,0.0
dataset-lcb_v6.model-qwen3.5-9b.alpha4.0.steps100.blocks-1.prefetch-budget-4.rank-bfs_accept_first.cut-entropy4.0.samples20.maxnew1024.seed10086.subtreePrefetch.vllm.log,bfs_accept_first,4,828,2026-09-09 15:07:52,710.0,119.8,340.8,3,0,0.7,0.0
dataset-lcb_v6.model-qwen3.5-9b.alpha4.0.steps100.blocks-1.prefetch-budget-4.rank-bfs_accept_first.cut-entropy4.0.samples20.maxnew1024.seed10086.subtreePrefetch.vllm.log,bfs_accept_first,4,833,2026-09-09 15:08:02,720.0,80.4,283.2,2,0,0.5,0.0
dataset-lcb_v6.model-qwen3.5-9b.alpha4.0.steps100.blocks-1.prefetch-budget-4.rank-bfs_accept_first.cut-entropy4.0.samples20.maxnew1024.seed10086.subtreePrefetch.vllm.log,bfs_accept_first,4,838,2026-09-09 15:08:12,730.0,152.5,340.6,4,0,1.1,0.0
dataset-lcb_v6.model-qwen3.5-9b.alpha4.0.steps100.blocks-1.prefetch-budget-4.rank-bfs_accept_first.cut-entropy4.0.samples20.maxnew1024.seed10086.subtreePrefetch.vllm.log,bfs_accept_first,4,843,2026-09-09 15:08:22,740.0,70.3,360.8,4,0,0.9,0.0
dataset-lcb_v6.model-qwen3.5-9b.alpha4.0.steps100.blocks-1.prefetch-budget-4.rank-bfs_accept_first.cut-entropy4.0.samples20.maxnew1024.seed10086.subtreePrefetch.vllm.log,bfs_accept_first,4,848,2026-09-09 15:08:32,750.0,90.1,391.0,3,0,0.7,0.0
dataset-lcb_v6.model-qwen3.5-9b.alpha4.0.steps100.blocks-1.prefetch-budget-4.rank-bfs_accept_first.cut-entropy4.0.samples20.maxnew1024.seed10086.subtreePrefetch.vllm.log,bfs_accept_first,4,857,2026-09-09 15:08:42,760.0,216.3,361.0,4,0,0.5,0.0
dataset-lcb_v6.model-qwen3.5-9b.alpha4.0.steps100.blocks-1.prefetch-budget-4.rank-bfs_accept_first.cut-entropy4.0.samples20.maxnew1024.seed10086.subtreePrefetch.vllm.log,bfs_accept_first,4,862,2026-09-09 15:08:52,770.0,125.2,417.2,4,0,0.7,0.0
dataset-lcb_v6.model-qwen3.5-9b.alpha4.0.steps100.blocks-1.prefetch-budget-4.rank-bfs_accept_first.cut-entropy4.0.samples20.maxnew1024.seed10086.subtreePrefetch.vllm.log,bfs_accept_first,4,867,2026-09-09 15:09:02,780.0,104.2,379.9,3,0,0.5,0.0
dataset-lcb_v6.model-qwen3.5-9b.alpha4.0.steps100.blocks-1.prefetch-budget-4.rank-bfs_accept_first.cut-entropy4.0.samples20.maxnew1024.seed10086.subtreePrefetch.vllm.log,bfs_accept_first,4,872,2026-09-09 15:09:12,790.0,110.0,339.9,3,0,0.7,0.0
dataset-lcb_v6.model-qwen3.5-9b.alpha4.0.steps100.blocks-1.prefetch-budget-4.rank-bfs_accept_first.cut-entropy4.0.samples20.maxnew1024.seed10086.subtreePrefetch.vllm.log,bfs_accept_first,4,877,2026-09-09 15:09:22,800.0,71.4,368.6,4,0,0.9,0.0
dataset-lcb_v6.model-qwen3.5-9b.alpha4.0.steps100.blocks-1.prefetch-budget-4.rank-bfs_accept_first.cut-entropy4.0.samples20.maxnew1024.seed10086.subtreePrefetch.vllm.log,bfs_accept_first,4,882,2026-09-09 15:09:32,810.0,85.3,327.0,1,0,0.4,0.0
dataset-lcb_v6.model-qwen3.5-9b.alpha4.0.steps100.blocks-1.prefetch-budget-4.rank-bfs_accept_first.cut-entropy4.0.samples20.maxnew1024.seed10086.subtreePrefetch.vllm.log,bfs_accept_first,4,891,2026-09-09 15:09:42,820.0,226.0,289.0,4,0,0.6,0.0
dataset-lcb_v6.model-qwen3.5-9b.alpha4.0.steps100.blocks-1.prefetch-budget-4.rank-bfs_accept_first.cut-entropy4.0.samples20.maxnew1024.seed10086.subtreePrefetch.vllm.log,bfs_accept_first,4,896,2026-09-09 15:09:52,830.0,108.2,343.8,4,0,0.7,0.0
dataset-lcb_v6.model-qwen3.5-9b.alpha4.0.steps100.blocks-1.prefetch-budget-4.rank-bfs_accept_first.cut-entropy4.0.samples20.maxnew1024.seed10086.subtreePrefetch.vllm.log,bfs_accept_first,4,901,2026-09-09 15:10:02,840.0,97.1,366.5,1,0,0.3,0.0
dataset-lcb_v6.model-qwen3.5-9b.alpha4.0.steps100.blocks-1.prefetch-budget-4.rank-bfs_accept_first.cut-entropy4.0.samples20.maxnew1024.seed10086.subtreePrefetch.vllm.log,bfs_accept_first,4,906,2026-09-09 15:10:12,850.0,90.8,277.6,3,0,0.7,0.0
dataset-lcb_v6.model-qwen3.5-9b.alpha4.0.steps100.blocks-1.prefetch-budget-4.rank-bfs_accept_first.cut-entropy4.0.samples20.maxnew1024.seed10086.subtreePrefetch.vllm.log,bfs_accept_first,4,911,2026-09-09 15:10:22,860.0,120.3,227.1,3,0,0.7,60.9
dataset-lcb_v6.model-qwen3.5-9b.alpha4.0.steps100.blocks-1.prefetch-budget-4.rank-bfs_accept_first.cut-entropy4.0.samples20.maxnew1024.seed10086.subtreePrefetch.vllm.log,bfs_accept_first,4,916,2026-09-09 15:10:32,870.0,127.1,146.2,4,0,0.7,66.3
dataset-lcb_v6.model-qwen3.5-9b.alpha4.0.steps100.blocks-1.prefetch-budget-4.rank-bfs_accept_first.cut-entropy4.0.samples20.maxnew1024.seed10086.subtreePrefetch.vllm.log,bfs_accept_first,4,921,2026-09-09 15:10:42,880.0,124.0,289.3,4,0,0.9,66.3
dataset-lcb_v6.model-qwen3.5-9b.alpha4.0.steps100.blocks-1.prefetch-budget-4.rank-bfs_accept_first.cut-entropy4.0.samples20.maxnew1024.seed10086.subtreePrefetch.vllm.log,bfs_accept_first,4,926,2026-09-09 15:10:52,890.0,113.7,360.7,3,0,0.7,66.3
dataset-lcb_v6.model-qwen3.5-9b.alpha4.0.steps100.blocks-1.prefetch-budget-4.rank-bfs_accept_first.cut-entropy4.0.samples20.maxnew1024.seed10086.subtreePrefetch.vllm.log,bfs_accept_first,4,931,2026-09-09 15:11:02,900.0,71.8,343.3,3,0,0.7,66.3
dataset-lcb_v6.model-qwen3.5-9b.alpha4.0.steps100.blocks-1.prefetch-budget-4.rank-bfs_accept_first.cut-entropy4.0.samples20.maxnew1024.seed10086.subtreePrefetch.vllm.log,bfs_accept_first,4,936,2026-09-09 15:11:12,910.0,101.3,353.5,2,0,0.5,66.3
dataset-lcb_v6.model-qwen3.5-9b.alpha4.0.steps100.blocks-1.prefetch-budget-4.rank-bfs_accept_first.cut-entropy4.0.samples20.maxnew1024.seed10086.subtreePrefetch.vllm.log,bfs_accept_first,4,941,2026-09-09 15:11:22,920.0,121.2,347.3,1,0,0.4,66.3
dataset-lcb_v6.model-qwen3.5-9b.alpha4.0.steps100.blocks-1.prefetch-budget-4.rank-bfs_accept_first.cut-entropy4.0.samples20.maxnew1024.seed10086.subtreePrefetch.vllm.log,bfs_accept_first,4,950,2026-09-09 15:11:32,930.0,166.8,363.8,4,0,0.6,66.3
dataset-lcb_v6.model-qwen3.5-9b.alpha4.0.steps100.blocks-1.prefetch-budget-4.rank-bfs_accept_first.cut-entropy4.0.samples20.maxnew1024.seed10086.subtreePrefetch.vllm.log,bfs_accept_first,4,955,2026-09-09 15:11:42,940.0,116.1,372.3,3,0,0.6,66.3
dataset-lcb_v6.model-qwen3.5-9b.alpha4.0.steps100.blocks-1.prefetch-budget-4.rank-bfs_accept_first.cut-entropy4.0.samples20.maxnew1024.seed10086.subtreePrefetch.vllm.log,bfs_accept_first,4,960,2026-09-09 15:11:52,950.0,110.1,279.7,3,0,0.7,66.3
dataset-lcb_v6.model-qwen3.5-9b.alpha4.0.steps100.blocks-1.prefetch-budget-4.rank-bfs_accept_first.cut-entropy4.0.samples20.maxnew1024.seed10086.subtreePrefetch.vllm.log,bfs_accept_first,4,965,2026-09-09 15:12:02,960.0,71.9,327.9,2,0,0.5,66.3
dataset-lcb_v6.model-qwen3.5-9b.alpha4.0.steps100.blocks-1.prefetch-budget-4.rank-bfs_accept_first.cut-entropy4.0.samples20.maxnew1024.seed10086.subtreePrefetch.vllm.log,bfs_accept_first,4,970,2026-09-09 15:12:12,970.0,89.6,252.5,1,0,0.3,66.3
dataset-lcb_v6.model-qwen3.5-9b.alpha4.0.steps100.blocks-1.prefetch-budget-4.rank-bfs_accept_first.cut-entropy4.0.samples20.maxnew1024.seed10086.subtreePrefetch.vllm.log,bfs_accept_first,4,979,2026-09-09 15:12:22,980.0,235.3,318.4,4,0,0.6,66.3
dataset-lcb_v6.model-qwen3.5-9b.alpha4.0.steps100.blocks-1.prefetch-budget-4.rank-bfs_accept_first.cut-entropy4.0.samples20.maxnew1024.seed10086.subtreePrefetch.vllm.log,bfs_accept_first,4,984,2026-09-09 15:12:32,990.0,97.0,304.1,3,0,0.6,66.3
dataset-lcb_v6.model-qwen3.5-9b.alpha4.0.steps100.blocks-1.prefetch-budget-4.rank-bfs_accept_first.cut-entropy4.0.samples20.maxnew1024.seed10086.subtreePrefetch.vllm.log,bfs_accept_first,4,989,2026-09-09 15:12:42,1000.0,96.9,317.6,2,0,0.5,66.3
dataset-lcb_v6.model-qwen3.5-9b.alpha4.0.steps100.blocks-1.prefetch-budget-4.rank-bfs_accept_first.cut-entropy4.0.samples20.maxnew1024.seed10086.subtreePrefetch.vllm.log,bfs_accept_first,4,994,2026-09-09 15:12:52,1010.0,57.1,313.9,3,0,0.7,66.3
dataset-lcb_v6.model-qwen3.5-9b.alpha4.0.steps100.blocks-1.prefetch-budget-4.rank-bfs_accept_first.cut-entropy4.0.samples20.maxnew1024.seed10086.subtreePrefetch.vllm.log,bfs_accept_first,4,999,2026-09-09 15:13:02,1020.0,110.1,347.2,2,0,0.5,66.3
dataset-lcb_v6.model-qwen3.5-9b.alpha4.0.steps100.blocks-1.prefetch-budget-4.rank-bfs_accept_first.cut-entropy4.0.samples20.maxnew1024.seed10086.subtreePrefetch.vllm.log,bfs_accept_first,4,1004,2026-09-09 15:13:13,1031.0,115.4,314.1,0,0,0.0,66.3
dataset-lcb_v6.model-qwen3.5-9b.alpha4.0.steps100.blocks-1.prefetch-budget-4.rank-bfs_accept_first.cut-entropy4.0.samples20.maxnew1024.seed10086.subtreePrefetch.vllm.log,bfs_accept_first,4,1013,2026-09-09 15:13:23,1041.0,177.7,372.7,2,0,0.5,66.3
dataset-lcb_v6.model-qwen3.5-9b.alpha4.0.steps100.blocks-1.prefetch-budget-4.rank-bfs_accept_first.cut-entropy4.0.samples20.maxnew1024.seed10086.subtreePrefetch.vllm.log,bfs_accept_first,4,1166,2026-09-09 15:13:33,1051.0,81.8,127.5,1,0,0.3,66.3
dataset-lcb_v6.model-qwen3.5-9b.alpha4.0.steps100.blocks-1.prefetch-budget-4.rank-bfs_accept_first.cut-entropy4.0.samples20.maxnew1024.seed10086.subtreePrefetch.vllm.log,bfs_accept_first,4,1175,2026-09-09 15:13:43,1061.0,303.1,278.4,4,0,0.9,66.3
dataset-lcb_v6.model-qwen3.5-9b.alpha4.0.steps100.blocks-1.prefetch-budget-4.rank-bfs_accept_first.cut-entropy4.0.samples20.maxnew1024.seed10086.subtreePrefetch.vllm.log,bfs_accept_first,4,1180,2026-09-09 15:13:53,1071.0,187.1,292.7,1,0,0.3,66.3
dataset-lcb_v6.model-qwen3.5-9b.alpha4.0.steps100.blocks-1.prefetch-budget-4.rank-bfs_accept_first.cut-entropy4.0.samples20.maxnew1024.seed10086.subtreePrefetch.vllm.log,bfs_accept_first,4,1189,2026-09-09 15:14:03,1081.0,177.2,235.9,2,0,0.5,66.3
dataset-lcb_v6.model-qwen3.5-9b.alpha4.0.steps100.blocks-1.prefetch-budget-4.rank-bfs_accept_first.cut-entropy4.0.samples20.maxnew1024.seed10086.subtreePrefetch.vllm.log,bfs_accept_first,4,1194,2026-09-09 15:14:13,1091.0,89.2,257.5,3,0,0.7,66.3
dataset-lcb_v6.model-qwen3.5-9b.alpha4.0.steps100.blocks-1.prefetch-budget-4.rank-bfs_accept_first.cut-entropy4.0.samples20.maxnew1024.seed10086.subtreePrefetch.vllm.log,bfs_accept_first,4,1199,2026-09-09 15:14:23,1101.0,142.7,280.4,2,0,0.6,66.3
dataset-lcb_v6.model-qwen3.5-9b.alpha4.0.steps100.blocks-1.prefetch-budget-4.rank-bfs_accept_first.cut-entropy4.0.samples20.maxnew1024.seed10086.subtreePrefetch.vllm.log,bfs_accept_first,4,1204,2026-09-09 15:14:33,1111.0,125.3,287.9,1,0,0.4,66.3
dataset-lcb_v6.model-qwen3.5-9b.alpha4.0.steps100.blocks-1.prefetch-budget-4.rank-bfs_accept_first.cut-entropy4.0.samples20.maxnew1024.seed10086.subtreePrefetch.vllm.log,bfs_accept_first,4,1209,2026-09-09 15:14:43,1121.0,117.5,313.0,1,0,0.4,66.3
dataset-lcb_v6.model-qwen3.5-9b.alpha4.0.steps100.blocks-1.prefetch-budget-4.rank-bfs_accept_first.cut-entropy4.0.samples20.maxnew1024.seed10086.subtreePrefetch.vllm.log,bfs_accept_first,4,1218,2026-09-09 15:14:53,1131.0,223.8,291.1,2,0,0.5,66.3
dataset-lcb_v6.model-qwen3.5-9b.alpha4.0.steps100.blocks-1.prefetch-budget-4.rank-bfs_accept_first.cut-entropy4.0.samples20.maxnew1024.seed10086.subtreePrefetch.vllm.log,bfs_accept_first,4,1223,2026-09-09 15:15:03,1141.0,153.1,300.8,2,0,0.7,66.3
dataset-lcb_v6.model-qwen3.5-9b.alpha4.0.steps100.blocks-1.prefetch-budget-4.rank-bfs_accept_first.cut-entropy4.0.samples20.maxnew1024.seed10086.subtreePrefetch.vllm.log,bfs_accept_first,4,1232,2026-09-09 15:15:13,1151.0,174.0,262.7,4,0,0.7,66.3
dataset-lcb_v6.model-qwen3.5-9b.alpha4.0.steps100.blocks-1.prefetch-budget-4.rank-bfs_accept_first.cut-entropy4.0.samples20.maxnew1024.seed10086.subtreePrefetch.vllm.log,bfs_accept_first,4,1237,2026-09-09 15:15:23,1161.0,92.0,245.8,3,0,0.6,66.3
dataset-lcb_v6.model-qwen3.5-9b.alpha4.0.steps100.blocks-1.prefetch-budget-4.rank-bfs_accept_first.cut-entropy4.0.samples20.maxnew1024.seed10086.subtreePrefetch.vllm.log,bfs_accept_first,4,1242,2026-09-09 15:15:33,1171.0,150.2,341.8,3,0,0.8,66.3
dataset-lcb_v6.model-qwen3.5-9b.alpha4.0.steps100.blocks-1.prefetch-budget-4.rank-bfs_accept_first.cut-entropy4.0.samples20.maxnew1024.seed10086.subtreePrefetch.vllm.log,bfs_accept_first,4,1247,2026-09-09 15:15:43,1181.0,133.8,242.5,1,0,0.4,66.3
dataset-lcb_v6.model-qwen3.5-9b.alpha4.0.steps100.blocks-1.prefetch-budget-4.rank-bfs_accept_first.cut-entropy4.0.samples20.maxnew1024.seed10086.subtreePrefetch.vllm.log,bfs_accept_first,4,1256,2026-09-09 15:15:53,1191.0,188.0,250.9,3,0,0.7,66.3
dataset-lcb_v6.model-qwen3.5-9b.alpha4.0.steps100.blocks-1.prefetch-budget-4.rank-bfs_accept_first.cut-entropy4.0.samples20.maxnew1024.seed10086.subtreePrefetch.vllm.log,bfs_accept_first,4,1261,2026-09-09 15:16:03,1201.0,98.4,325.7,3,0,0.7,66.3
dataset-lcb_v6.model-qwen3.5-9b.alpha4.0.steps100.blocks-1.prefetch-budget-4.rank-bfs_accept_first.cut-entropy4.0.samples20.maxnew1024.seed10086.subtreePrefetch.vllm.log,bfs_accept_first,4,1266,2026-09-09 15:16:13,1211.0,70.0,265.6,2,0,0.7,66.3
dataset-lcb_v6.model-qwen3.5-9b.alpha4.0.steps100.blocks-1.prefetch-budget-4.rank-bfs_accept_first.cut-entropy4.0.samples20.maxnew1024.seed10086.subtreePrefetch.vllm.log,bfs_accept_first,4,1275,2026-09-09 15:16:23,1221.0,213.0,211.5,3,0,0.8,66.3
dataset-lcb_v6.model-qwen3.5-9b.alpha4.0.steps100.blocks-1.prefetch-budget-4.rank-bfs_accept_first.cut-entropy4.0.samples20.maxnew1024.seed10086.subtreePrefetch.vllm.log,bfs_accept_first,4,1280,2026-09-09 15:16:33,1231.0,90.1,267.4,2,0,0.6,66.3
dataset-lcb_v6.model-qwen3.5-9b.alpha4.0.steps100.blocks-1.prefetch-budget-4.rank-bfs_accept_first.cut-entropy4.0.samples20.maxnew1024.seed10086.subtreePrefetch.vllm.log,bfs_accept_first,4,1285,2026-09-09 15:16:43,1241.0,128.6,264.9,3,0,1.0,66.3
dataset-lcb_v6.model-qwen3.5-9b.alpha4.0.steps100.blocks-1.prefetch-budget-4.rank-bfs_accept_first.cut-entropy4.0.samples20.maxnew1024.seed10086.subtreePrefetch.vllm.log,bfs_accept_first,4,1294,2026-09-09 15:16:53,1251.0,213.1,320.5,4,0,0.8,66.3
dataset-lcb_v6.model-qwen3.5-9b.alpha4.0.steps100.blocks-1.prefetch-budget-4.rank-bfs_accept_first.cut-entropy4.0.samples20.maxnew1024.seed10086.subtreePrefetch.vllm.log,bfs_accept_first,4,1299,2026-09-09 15:17:03,1261.0,106.8,275.9,3,0,0.7,66.3
dataset-lcb_v6.model-qwen3.5-9b.alpha4.0.steps100.blocks-1.prefetch-budget-4.rank-bfs_accept_first.cut-entropy4.0.samples20.maxnew1024.seed10086.subtreePrefetch.vllm.log,bfs_accept_first,4,1304,2026-09-09 15:17:13,1271.0,99.7,223.7,1,0,0.4,66.3
dataset-lcb_v6.model-qwen3.5-9b.alpha4.0.steps100.blocks-1.prefetch-budget-4.rank-bfs_accept_first.cut-entropy4.0.samples20.maxnew1024.seed10086.subtreePrefetch.vllm.log,bfs_accept_first,4,1313,2026-09-09 15:17:23,1281.0,180.5,243.2,4,0,0.6,66.3
dataset-lcb_v6.model-qwen3.5-9b.alpha4.0.steps100.blocks-1.prefetch-budget-4.rank-bfs_accept_first.cut-entropy4.0.samples20.maxnew1024.seed10086.subtreePrefetch.vllm.log,bfs_accept_first,4,1318,2026-09-09 15:17:33,1291.0,132.4,219.3,3,0,0.8,66.3
dataset-lcb_v6.model-qwen3.5-9b.alpha4.0.steps100.blocks-1.prefetch-budget-4.rank-bfs_accept_first.cut-entropy4.0.samples20.maxnew1024.seed10086.subtreePrefetch.vllm.log,bfs_accept_first,4,1323,2026-09-09 15:17:43,1301.0,80.7,162.6,1,0,0.3,66.3
dataset-lcb_v6.model-qwen3.5-9b.alpha4.0.steps100.blocks-1.prefetch-budget-4.rank-bfs_accept_first.cut-entropy4.0.samples20.maxnew1024.seed10086.subtreePrefetch.vllm.log,bfs_accept_first,4,1328,2026-09-09 15:17:53,1311.0,85.9,228.4,2,0,0.7,66.3
dataset-lcb_v6.model-qwen3.5-9b.alpha4.0.steps100.blocks-1.prefetch-budget-4.rank-bfs_accept_first.cut-entropy4.0.samples20.maxnew1024.seed10086.subtreePrefetch.vllm.log,bfs_accept_first,4,1337,2026-09-09 15:18:03,1321.0,177.2,200.0,4,0,0.6,66.3
dataset-lcb_v6.model-qwen3.5-9b.alpha4.0.steps100.blocks-1.prefetch-budget-4.rank-bfs_accept_first.cut-entropy4.0.samples20.maxnew1024.seed10086.subtreePrefetch.vllm.log,bfs_accept_first,4,1342,2026-09-09 15:18:13,1331.0,133.4,248.9,1,0,0.4,66.3
dataset-lcb_v6.model-qwen3.5-9b.alpha4.0.steps100.blocks-1.prefetch-budget-4.rank-bfs_accept_first.cut-entropy4.0.samples20.maxnew1024.seed10086.subtreePrefetch.vllm.log,bfs_accept_first,4,1351,2026-09-09 15:18:23,1341.0,145.5,207.5,1,0,0.2,66.3
dataset-lcb_v6.model-qwen3.5-9b.alpha4.0.steps100.blocks-1.prefetch-budget-4.rank-bfs_accept_first.cut-entropy4.0.samples20.maxnew1024.seed10086.subtreePrefetch.vllm.log,bfs_accept_first,4,1360,2026-09-09 15:18:33,1351.0,178.0,235.6,4,0,0.6,66.3
dataset-lcb_v6.model-qwen3.5-9b.alpha4.0.steps100.blocks-1.prefetch-budget-4.rank-bfs_accept_first.cut-entropy4.0.samples20.maxnew1024.seed10086.subtreePrefetch.vllm.log,bfs_accept_first,4,1490,2026-09-09 15:18:43,1361.0,134.3,166.4,1,0,0.3,66.3
dataset-lcb_v6.model-qwen3.5-9b.alpha4.0.steps100.blocks-1.prefetch-budget-4.rank-bfs_accept_first.cut-entropy4.0.samples20.maxnew1024.seed10086.subtreePrefetch.vllm.log,bfs_accept_first,4,1499,2026-09-09 15:18:53,1371.0,149.5,181.3,4,0,0.8,66.3
dataset-lcb_v6.model-qwen3.5-9b.alpha4.0.steps100.blocks-1.prefetch-budget-4.rank-bfs_accept_first.cut-entropy4.0.samples20.maxnew1024.seed10086.subtreePrefetch.vllm.log,bfs_accept_first,4,1504,2026-09-09 15:19:03,1381.0,102.2,362.6,4,0,0.8,66.3
dataset-lcb_v6.model-qwen3.5-9b.alpha4.0.steps100.blocks-1.prefetch-budget-4.rank-bfs_accept_first.cut-entropy4.0.samples20.maxnew1024.seed10086.subtreePrefetch.vllm.log,bfs_accept_first,4,1509,2026-09-09 15:19:13,1391.0,77.2,325.9,2,0,0.5,66.3
dataset-lcb_v6.model-qwen3.5-9b.alpha4.0.steps100.blocks-1.prefetch-budget-4.rank-bfs_accept_first.cut-entropy4.0.samples20.maxnew1024.seed10086.subtreePrefetch.vllm.log,bfs_accept_first,4,1518,2026-09-09 15:19:23,1401.0,87.8,263.9,3,0,0.4,66.3
dataset-lcb_v6.model-qwen3.5-9b.alpha4.0.steps100.blocks-1.prefetch-budget-4.rank-bfs_accept_first.cut-entropy4.0.samples20.maxnew1024.seed10086.subtreePrefetch.vllm.log,bfs_accept_first,4,1527,2026-09-09 15:19:33,1411.0,132.1,269.8,4,0,0.6,66.3
dataset-lcb_v6.model-qwen3.5-9b.alpha4.0.steps100.blocks-1.prefetch-budget-4.rank-bfs_accept_first.cut-entropy4.0.samples20.maxnew1024.seed10086.subtreePrefetch.vllm.log,bfs_accept_first,4,1532,2026-09-09 15:19:43,1421.0,57.9,288.3,1,0,0.3,66.3
dataset-lcb_v6.model-qwen3.5-9b.alpha4.0.steps100.blocks-1.prefetch-budget-4.rank-bfs_accept_first.cut-entropy4.0.samples20.maxnew1024.seed10086.subtreePrefetch.vllm.log,bfs_accept_first,4,1541,2026-09-09 15:19:53,1431.0,103.1,305.1,3,0,0.5,66.3
dataset-lcb_v6.model-qwen3.5-9b.alpha4.0.steps100.blocks-1.prefetch-budget-4.rank-bfs_accept_first.cut-entropy4.0.samples20.maxnew1024.seed10086.subtreePrefetch.vllm.log,bfs_accept_first,4,1546,2026-09-09 15:20:03,1441.0,68.7,266.0,2,0,0.5,66.3
dataset-lcb_v6.model-qwen3.5-9b.alpha4.0.steps100.blocks-1.prefetch-budget-4.rank-bfs_accept_first.cut-entropy4.0.samples20.maxnew1024.seed10086.subtreePrefetch.vllm.log,bfs_accept_first,4,1555,2026-09-09 15:20:13,1451.0,203.2,278.5,4,0,0.7,66.3
dataset-lcb_v6.model-qwen3.5-9b.alpha4.0.steps100.blocks-1.prefetch-budget-4.rank-bfs_accept_first.cut-entropy4.0.samples20.maxnew1024.seed10086.subtreePrefetch.vllm.log,bfs_accept_first,4,1560,2026-09-09 15:20:23,1461.0,56.7,319.0,3,0,0.5,66.3
dataset-lcb_v6.model-qwen3.5-9b.alpha4.0.steps100.blocks-1.prefetch-budget-4.rank-bfs_accept_first.cut-entropy4.0.samples20.maxnew1024.seed10086.subtreePrefetch.vllm.log,bfs_accept_first,4,1565,2026-09-09 15:20:33,1471.0,119.8,319.7,3,0,0.9,66.3
dataset-lcb_v6.model-qwen3.5-9b.alpha4.0.steps100.blocks-1.prefetch-budget-4.rank-bfs_accept_first.cut-entropy4.0.samples20.maxnew1024.seed10086.subtreePrefetch.vllm.log,bfs_accept_first,4,1574,2026-09-09 15:20:43,1481.0,217.2,270.1,4,0,0.7,66.3
dataset-lcb_v6.model-qwen3.5-9b.alpha4.0.steps100.blocks-1.prefetch-budget-4.rank-bfs_accept_first.cut-entropy4.0.samples20.maxnew1024.seed10086.subtreePrefetch.vllm.log,bfs_accept_first,4,1579,2026-09-09 15:20:53,1491.0,122.5,379.6,3,0,0.8,66.3
dataset-lcb_v6.model-qwen3.5-9b.alpha4.0.steps100.blocks-1.prefetch-budget-4.rank-bfs_accept_first.cut-entropy4.0.samples20.maxnew1024.seed10086.subtreePrefetch.vllm.log,bfs_accept_first,4,1588,2026-09-09 15:21:03,1501.0,176.0,285.1,4,0,0.8,66.3
dataset-lcb_v6.model-qwen3.5-9b.alpha4.0.steps100.blocks-1.prefetch-budget-4.rank-bfs_accept_first.cut-entropy4.0.samples20.maxnew1024.seed10086.subtreePrefetch.vllm.log,bfs_accept_first,4,1593,2026-09-09 15:21:13,1511.0,80.2,259.1,1,0,0.3,66.3
dataset-lcb_v6.model-qwen3.5-9b.alpha4.0.steps100.blocks-1.prefetch-budget-4.rank-bfs_accept_first.cut-entropy4.0.samples20.maxnew1024.seed10086.subtreePrefetch.vllm.log,bfs_accept_first,4,1602,2026-09-09 15:21:23,1521.0,282.5,274.0,4,0,0.6,66.3
dataset-lcb_v6.model-qwen3.5-9b.alpha4.0.steps100.blocks-1.prefetch-budget-4.rank-bfs_accept_first.cut-entropy4.0.samples20.maxnew1024.seed10086.subtreePrefetch.vllm.log,bfs_accept_first,4,1607,2026-09-09 15:21:33,1531.0,173.2,352.4,3,0,0.8,66.3
dataset-lcb_v6.model-qwen3.5-9b.alpha4.0.steps100.blocks-1.prefetch-budget-4.rank-bfs_accept_first.cut-entropy4.0.samples20.maxnew1024.seed10086.subtreePrefetch.vllm.log,bfs_accept_first,4,1612,2026-09-09 15:21:43,1541.0,135.4,305.3,1,0,0.4,66.3
dataset-lcb_v6.model-qwen3.5-9b.alpha4.0.steps100.blocks-1.prefetch-budget-4.rank-bfs_accept_first.cut-entropy4.0.samples20.maxnew1024.seed10086.subtreePrefetch.vllm.log,bfs_accept_first,4,1621,2026-09-09 15:21:53,1551.0,138.1,333.2,2,0,0.4,66.3
dataset-lcb_v6.model-qwen3.5-9b.alpha4.0.steps100.blocks-1.prefetch-budget-4.rank-bfs_accept_first.cut-entropy4.0.samples20.maxnew1024.seed10086.subtreePrefetch.vllm.log,bfs_accept_first,4,1626,2026-09-09 15:22:03,1561.0,138.9,222.6,1,0,0.4,66.3
dataset-lcb_v6.model-qwen3.5-9b.alpha4.0.steps100.blocks-1.prefetch-budget-4.rank-bfs_accept_first.cut-entropy4.0.samples20.maxnew1024.seed10086.subtreePrefetch.vllm.log,bfs_accept_first,4,1635,2026-09-09 15:22:13,1571.0,241.8,258.9,3,0,0.6,66.3
dataset-lcb_v6.model-qwen3.5-9b.alpha4.0.steps100.blocks-1.prefetch-budget-4.rank-bfs_accept_first.cut-entropy4.0.samples20.maxnew1024.seed10086.subtreePrefetch.vllm.log,bfs_accept_first,4,1640,2026-09-09 15:22:23,1581.0,31.0,323.6,3,0,0.4,66.3
dataset-lcb_v6.model-qwen3.5-9b.alpha4.0.steps100.blocks-1.prefetch-budget-4.rank-bfs_accept_first.cut-entropy4.0.samples20.maxnew1024.seed10086.subtreePrefetch.vllm.log,bfs_accept_first,4,1645,2026-09-09 15:22:33,1591.0,129.9,326.6,1,0,0.4,66.3
dataset-lcb_v6.model-qwen3.5-9b.alpha4.0.steps100.blocks-1.prefetch-budget-4.rank-bfs_accept_first.cut-entropy4.0.samples20.maxnew1024.seed10086.subtreePrefetch.vllm.log,bfs_accept_first,4,1654,2026-09-09 15:22:43,1601.0,156.5,280.4,4,0,0.5,66.3
dataset-lcb_v6.model-qwen3.5-9b.alpha4.0.steps100.blocks-1.prefetch-budget-4.rank-bfs_accept_first.cut-entropy4.0.samples20.maxnew1024.seed10086.subtreePrefetch.vllm.log,bfs_accept_first,4,1659,2026-09-09 15:22:53,1611.0,105.4,422.2,4,0,1.1,66.3
dataset-lcb_v6.model-qwen3.5-9b.alpha4.0.steps100.blocks-1.prefetch-budget-4.rank-bfs_accept_first.cut-entropy4.0.samples20.maxnew1024.seed10086.subtreePrefetch.vllm.log,bfs_accept_first,4,1664,2026-09-09 15:23:03,1621.0,129.4,349.4,1,0,0.4,66.3
dataset-lcb_v6.model-qwen3.5-9b.alpha4.0.steps100.blocks-1.prefetch-budget-4.rank-bfs_accept_first.cut-entropy4.0.samples20.maxnew1024.seed10086.subtreePrefetch.vllm.log,bfs_accept_first,4,1669,2026-09-09 15:23:13,1631.0,132.9,348.0,1,0,0.4,66.3
dataset-lcb_v6.model-qwen3.5-9b.alpha4.0.steps100.blocks-1.prefetch-budget-4.rank-bfs_accept_first.cut-entropy4.0.samples20.maxnew1024.seed10086.subtreePrefetch.vllm.log,bfs_accept_first,4,1678,2026-09-09 15:23:23,1641.0,94.6,320.1,2,0,0.4,66.3
dataset-lcb_v6.model-qwen3.5-9b.alpha4.0.steps100.blocks-1.prefetch-budget-4.rank-bfs_accept_first.cut-entropy4.0.samples20.maxnew1024.seed10086.subtreePrefetch.vllm.log,bfs_accept_first,4,1801,2026-09-09 15:23:33,1651.0,35.4,121.4,1,0,0.2,66.3
dataset-lcb_v6.model-qwen3.5-9b.alpha4.0.steps100.blocks-1.prefetch-budget-4.rank-bfs_accept_first.cut-entropy4.0.samples20.maxnew1024.seed10086.subtreePrefetch.vllm.log,bfs_accept_first,4,1810,2026-09-09 15:23:43,1661.0,205.2,186.9,4,0,0.6,66.3
dataset-lcb_v6.model-qwen3.5-9b.alpha4.0.steps100.blocks-1.prefetch-budget-4.rank-bfs_accept_first.cut-entropy4.0.samples20.maxnew1024.seed10086.subtreePrefetch.vllm.log,bfs_accept_first,4,1819,2026-09-09 15:23:53,1671.0,160.2,273.1,4,0,0.6,66.3
dataset-lcb_v6.model-qwen3.5-9b.alpha4.0.steps100.blocks-1.prefetch-budget-4.rank-bfs_accept_first.cut-entropy4.0.samples20.maxnew1024.seed10086.subtreePrefetch.vllm.log,bfs_accept_first,4,1824,2026-09-09 15:24:03,1681.0,81.5,335.2,2,0,0.5,66.3
dataset-lcb_v6.model-qwen3.5-9b.alpha4.0.steps100.blocks-1.prefetch-budget-4.rank-bfs_accept_first.cut-entropy4.0.samples20.maxnew1024.seed10086.subtreePrefetch.vllm.log,bfs_accept_first,4,1829,2026-09-09 15:24:13,1691.0,63.8,220.5,2,0,0.5,66.3
dataset-lcb_v6.model-qwen3.5-9b.alpha4.0.steps100.blocks-1.prefetch-budget-4.rank-bfs_accept_first.cut-entropy4.0.samples20.maxnew1024.seed10086.subtreePrefetch.vllm.log,bfs_accept_first,4,1834,2026-09-09 15:24:23,1701.0,72.8,235.5,1,0,0.3,66.3
dataset-lcb_v6.model-qwen3.5-9b.alpha4.0.steps100.blocks-1.prefetch-budget-4.rank-bfs_accept_first.cut-entropy4.0.samples20.maxnew1024.seed10086.subtreePrefetch.vllm.log,bfs_accept_first,4,1843,2026-09-09 15:24:33,1711.0,270.0,296.1,4,0,0.5,66.3
dataset-lcb_v6.model-qwen3.5-9b.alpha4.0.steps100.blocks-1.prefetch-budget-4.rank-bfs_accept_first.cut-entropy4.0.samples20.maxnew1024.seed10086.subtreePrefetch.vllm.log,bfs_accept_first,4,1848,2026-09-09 15:24:43,1721.0,43.0,343.4,2,0,0.5,66.3
dataset-lcb_v6.model-qwen3.5-9b.alpha4.0.steps100.blocks-1.prefetch-budget-4.rank-bfs_accept_first.cut-entropy4.0.samples20.maxnew1024.seed10086.subtreePrefetch.vllm.log,bfs_accept_first,4,1857,2026-09-09 15:24:53,1731.0,174.0,369.1,4,0,0.7,66.3
dataset-lcb_v6.model-qwen3.5-9b.alpha4.0.steps100.blocks-1.prefetch-budget-4.rank-bfs_accept_first.cut-entropy4.0.samples20.maxnew1024.seed10086.subtreePrefetch.vllm.log,bfs_accept_first,4,1862,2026-09-09 15:25:03,1741.0,65.7,353.3,2,0,0.5,66.3
dataset-lcb_v6.model-qwen3.5-9b.alpha4.0.steps100.blocks-1.prefetch-budget-4.rank-bfs_accept_first.cut-entropy4.0.samples20.maxnew1024.seed10086.subtreePrefetch.vllm.log,bfs_accept_first,4,1871,2026-09-09 15:25:13,1751.0,216.7,280.5,3,0,0.5,66.3
dataset-lcb_v6.model-qwen3.5-9b.alpha4.0.steps100.blocks-1.prefetch-budget-4.rank-bfs_accept_first.cut-entropy4.0.samples20.maxnew1024.seed10086.subtreePrefetch.vllm.log,bfs_accept_first,4,1876,2026-09-09 15:25:23,1761.0,97.5,290.4,1,0,0.3,66.3
dataset-lcb_v6.model-qwen3.5-9b.alpha4.0.steps100.blocks-1.prefetch-budget-4.rank-bfs_accept_first.cut-entropy4.0.samples20.maxnew1024.seed10086.subtreePrefetch.vllm.log,bfs_accept_first,4,1885,2026-09-09 15:25:33,1771.0,183.3,320.3,2,0,0.5,66.3
dataset-lcb_v6.model-qwen3.5-9b.alpha4.0.steps100.blocks-1.prefetch-budget-4.rank-bfs_accept_first.cut-entropy4.0.samples20.maxnew1024.seed10086.subtreePrefetch.vllm.log,bfs_accept_first,4,1894,2026-09-09 15:25:43,1781.0,211.8,332.1,4,0,0.9,66.3
dataset-lcb_v6.model-qwen3.5-9b.alpha4.0.steps100.blocks-1.prefetch-budget-4.rank-bfs_accept_first.cut-entropy4.0.samples20.maxnew1024.seed10086.subtreePrefetch.vllm.log,bfs_accept_first,4,1899,2026-09-09 15:25:53,1791.0,109.5,291.5,3,0,0.7,66.3
dataset-lcb_v6.model-qwen3.5-9b.alpha4.0.steps100.blocks-1.prefetch-budget-4.rank-bfs_accept_first.cut-entropy4.0.samples20.maxnew1024.seed10086.subtreePrefetch.vllm.log,bfs_accept_first,4,1908,2026-09-09 15:26:03,1801.0,217.5,348.0,3,0,0.7,66.3
dataset-lcb_v6.model-qwen3.5-9b.alpha4.0.steps100.blocks-1.prefetch-budget-4.rank-bfs_accept_first.cut-entropy4.0.samples20.maxnew1024.seed10086.subtreePrefetch.vllm.log,bfs_accept_first,4,1913,2026-09-09 15:26:13,1811.0,82.4,321.7,3,0,0.6,66.3
dataset-lcb_v6.model-qwen3.5-9b.alpha4.0.steps100.blocks-1.prefetch-budget-4.rank-bfs_accept_first.cut-entropy4.0.samples20.maxnew1024.seed10086.subtreePrefetch.vllm.log,bfs_accept_first,4,1918,2026-09-09 15:26:23,1821.0,72.6,296.9,1,0,0.3,66.3
dataset-lcb_v6.model-qwen3.5-9b.alpha4.0.steps100.blocks-1.prefetch-budget-4.rank-bfs_accept_first.cut-entropy4.0.samples20.maxnew1024.seed10086.subtreePrefetch.vllm.log,bfs_accept_first,4,1927,2026-09-09 15:26:33,1831.0,285.5,248.2,3,0,0.6,66.3
dataset-lcb_v6.model-qwen3.5-9b.alpha4.0.steps100.blocks-1.prefetch-budget-4.rank-bfs_accept_first.cut-entropy4.0.samples20.maxnew1024.seed10086.subtreePrefetch.vllm.log,bfs_accept_first,4,1932,2026-09-09 15:26:43,1841.0,69.6,269.7,3,0,0.5,66.3
dataset-lcb_v6.model-qwen3.5-9b.alpha4.0.steps100.blocks-1.prefetch-budget-4.rank-bfs_accept_first.cut-entropy4.0.samples20.maxnew1024.seed10086.subtreePrefetch.vllm.log,bfs_accept_first,4,1937,2026-09-09 15:26:53,1851.0,77.6,244.2,1,0,0.3,66.3
dataset-lcb_v6.model-qwen3.5-9b.alpha4.0.steps100.blocks-1.prefetch-budget-4.rank-bfs_accept_first.cut-entropy4.0.samples20.maxnew1024.seed10086.subtreePrefetch.vllm.log,bfs_accept_first,4,1946,2026-09-09 15:27:03,1861.0,175.0,348.3,3,0,0.5,66.3
dataset-lcb_v6.model-qwen3.5-9b.alpha4.0.steps100.blocks-1.prefetch-budget-4.rank-bfs_accept_first.cut-entropy4.0.samples20.maxnew1024.seed10086.subtreePrefetch.vllm.log,bfs_accept_first,4,1955,2026-09-09 15:27:13,1871.0,215.6,271.8,4,0,0.6,66.3
dataset-lcb_v6.model-qwen3.5-9b.alpha4.0.steps100.blocks-1.prefetch-budget-4.rank-bfs_accept_first.cut-entropy4.0.samples20.maxnew1024.seed10086.subtreePrefetch.vllm.log,bfs_accept_first,4,1960,2026-09-09 15:27:23,1881.0,106.6,281.5,1,0,0.3,66.3
dataset-lcb_v6.model-qwen3.5-9b.alpha4.0.steps100.blocks-1.prefetch-budget-4.rank-bfs_accept_first.cut-entropy4.0.samples20.maxnew1024.seed10086.subtreePrefetch.vllm.log,bfs_accept_first,4,1969,2026-09-09 15:27:33,1891.0,131.4,340.0,3,0,0.6,66.3
dataset-lcb_v6.model-qwen3.5-9b.alpha4.0.steps100.blocks-1.prefetch-budget-4.rank-bfs_accept_first.cut-entropy4.0.samples20.maxnew1024.seed10086.subtreePrefetch.vllm.log,bfs_accept_first,4,1974,2026-09-09 15:27:43,1901.0,70.2,314.0,1,0,0.3,66.3
dataset-lcb_v6.model-qwen3.5-9b.alpha4.0.steps100.blocks-1.prefetch-budget-4.rank-bfs_accept_first.cut-entropy4.0.samples20.maxnew1024.seed10086.subtreePrefetch.vllm.log,bfs_accept_first,4,1983,2026-09-09 15:27:53,1911.0,155.2,327.8,3,0,0.5,66.3
dataset-lcb_v6.model-qwen3.5-9b.alpha4.0.steps100.blocks-1.prefetch-budget-4.rank-bfs_accept_first.cut-entropy4.0.samples20.maxnew1024.seed10086.subtreePrefetch.vllm.log,bfs_accept_first,4,1992,2026-09-09 15:28:03,1921.0,240.0,291.5,4,0,0.5,66.3
dataset-lcb_v6.model-qwen3.5-9b.alpha4.0.steps100.blocks-1.prefetch-budget-4.rank-bfs_accept_first.cut-entropy4.0.samples20.maxnew1024.seed10086.subtreePrefetch.vllm.log,bfs_accept_first,4,1997,2026-09-09 15:28:13,1931.0,35.6,271.3,1,0,0.3,66.3
dataset-lcb_v6.model-qwen3.5-9b.alpha4.0.steps100.blocks-1.prefetch-budget-4.rank-bfs_accept_first.cut-entropy4.0.samples20.maxnew1024.seed10086.subtreePrefetch.vllm.log,bfs_accept_first,4,2110,2026-09-09 15:28:23,1941.0,93.3,115.9,1,0,0.4,66.3
dataset-lcb_v6.model-qwen3.5-9b.alpha4.0.steps100.blocks-1.prefetch-budget-4.rank-bfs_accept_first.cut-entropy4.0.samples20.maxnew1024.seed10086.subtreePrefetch.vllm.log,bfs_accept_first,4,2119,2026-09-09 15:28:33,1951.0,307.7,354.1,3,0,0.7,66.3
dataset-lcb_v6.model-qwen3.5-9b.alpha4.0.steps100.blocks-1.prefetch-budget-4.rank-bfs_accept_first.cut-entropy4.0.samples20.maxnew1024.seed10086.subtreePrefetch.vllm.log,bfs_accept_first,4,2128,2026-09-09 15:28:43,1961.0,286.4,317.0,4,0,0.7,66.3
dataset-lcb_v6.model-qwen3.5-9b.alpha4.0.steps100.blocks-1.prefetch-budget-4.rank-bfs_accept_first.cut-entropy4.0.samples20.maxnew1024.seed10086.subtreePrefetch.vllm.log,bfs_accept_first,4,2133,2026-09-09 15:28:53,1971.0,110.5,265.3,4,0,0.8,66.3
dataset-lcb_v6.model-qwen3.5-9b.alpha4.0.steps100.blocks-1.prefetch-budget-4.rank-bfs_accept_first.cut-entropy4.0.samples20.maxnew1024.seed10086.subtreePrefetch.vllm.log,bfs_accept_first,4,2138,2026-09-09 15:29:03,1981.0,118.4,264.7,1,0,0.3,66.3
dataset-lcb_v6.model-qwen3.5-9b.alpha4.0.steps100.blocks-1.prefetch-budget-4.rank-bfs_accept_first.cut-entropy4.0.samples20.maxnew1024.seed10086.subtreePrefetch.vllm.log,bfs_accept_first,4,2143,2026-09-09 15:29:13,1991.0,60.9,256.2,2,0,0.5,66.3
dataset-lcb_v6.model-qwen3.5-9b.alpha4.0.steps100.blocks-1.prefetch-budget-4.rank-bfs_accept_first.cut-entropy4.0.samples20.maxnew1024.seed10086.subtreePrefetch.vllm.log,bfs_accept_first,4,2152,2026-09-09 15:29:23,2001.0,292.5,276.8,4,0,0.5,66.3
dataset-lcb_v6.model-qwen3.5-9b.alpha4.0.steps100.blocks-1.prefetch-budget-4.rank-bfs_accept_first.cut-entropy4.0.samples20.maxnew1024.seed10086.subtreePrefetch.vllm.log,bfs_accept_first,4,2157,2026-09-09 15:29:33,2011.0,126.4,324.6,1,0,0.3,66.3
dataset-lcb_v6.model-qwen3.5-9b.alpha4.0.steps100.blocks-1.prefetch-budget-4.rank-bfs_accept_first.cut-entropy4.0.samples20.maxnew1024.seed10086.subtreePrefetch.vllm.log,bfs_accept_first,4,2162,2026-09-09 15:29:43,2021.0,50.1,234.1,1,0,0.3,66.3
dataset-lcb_v6.model-qwen3.5-9b.alpha4.0.steps100.blocks-1.prefetch-budget-4.rank-bfs_accept_first.cut-entropy4.0.samples20.maxnew1024.seed10086.subtreePrefetch.vllm.log,bfs_accept_first,4,2171,2026-09-09 15:29:53,2031.0,294.8,266.6,4,0,0.6,66.3
dataset-lcb_v6.model-qwen3.5-9b.alpha4.0.steps100.blocks-1.prefetch-budget-4.rank-bfs_accept_first.cut-entropy4.0.samples20.maxnew1024.seed10086.subtreePrefetch.vllm.log,bfs_accept_first,4,2176,2026-09-09 15:30:03,2041.0,98.9,342.1,4,0,0.8,66.3
dataset-lcb_v6.model-qwen3.5-9b.alpha4.0.steps100.blocks-1.prefetch-budget-4.rank-bfs_accept_first.cut-entropy4.0.samples20.maxnew1024.seed10086.subtreePrefetch.vllm.log,bfs_accept_first,4,2181,2026-09-09 15:30:13,2051.0,86.3,341.0,4,0,0.7,66.3
dataset-lcb_v6.model-qwen3.5-9b.alpha4.0.steps100.blocks-1.prefetch-budget-4.rank-bfs_accept_first.cut-entropy4.0.samples20.maxnew1024.seed10086.subtreePrefetch.vllm.log,bfs_accept_first,4,2186,2026-09-09 15:30:23,2061.0,141.9,314.8,3,0,0.8,66.3
dataset-lcb_v6.model-qwen3.5-9b.alpha4.0.steps100.blocks-1.prefetch-budget-4.rank-bfs_accept_first.cut-entropy4.0.samples20.maxnew1024.seed10086.subtreePrefetch.vllm.log,bfs_accept_first,4,2191,2026-09-09 15:30:33,2071.0,112.7,273.3,1,0,0.3,66.3
dataset-lcb_v6.model-qwen3.5-9b.alpha4.0.steps100.blocks-1.prefetch-budget-4.rank-bfs_accept_first.cut-entropy4.0.samples20.maxnew1024.seed10086.subtreePrefetch.vllm.log,bfs_accept_first,4,2200,2026-09-09 15:30:43,2081.0,252.9,243.3,4,0,0.6,66.3
dataset-lcb_v6.model-qwen3.5-9b.alpha4.0.steps100.blocks-1.prefetch-budget-4.rank-bfs_accept_first.cut-entropy4.0.samples20.maxnew1024.seed10086.subtreePrefetch.vllm.log,bfs_accept_first,4,2205,2026-09-09 15:30:53,2091.0,104.7,318.0,2,0,0.4,66.3
dataset-lcb_v6.model-qwen3.5-9b.alpha4.0.steps100.blocks-1.prefetch-budget-4.rank-bfs_accept_first.cut-entropy4.0.samples20.maxnew1024.seed10086.subtreePrefetch.vllm.log,bfs_accept_first,4,2210,2026-09-09 15:31:03,2101.0,165.9,277.5,1,0,0.3,66.3
dataset-lcb_v6.model-qwen3.5-9b.alpha4.0.steps100.blocks-1.prefetch-budget-4.rank-bfs_accept_first.cut-entropy4.0.samples20.maxnew1024.seed10086.subtreePrefetch.vllm.log,bfs_accept_first,4,2215,2026-09-09 15:31:13,2111.0,68.6,161.7,1,0,0.3,66.3
dataset-lcb_v6.model-qwen3.5-9b.alpha4.0.steps100.blocks-1.prefetch-budget-4.rank-bfs_accept_first.cut-entropy4.0.samples20.maxnew1024.seed10086.subtreePrefetch.vllm.log,bfs_accept_first,4,2224,2026-09-09 15:31:23,2121.0,150.3,257.0,4,0,0.7,66.3
dataset-lcb_v6.model-qwen3.5-9b.alpha4.0.steps100.blocks-1.prefetch-budget-4.rank-bfs_accept_first.cut-entropy4.0.samples20.maxnew1024.seed10086.subtreePrefetch.vllm.log,bfs_accept_first,4,2233,2026-09-09 15:31:33,2131.0,192.8,248.0,4,0,0.8,66.3
dataset-lcb_v6.model-qwen3.5-9b.alpha4.0.steps100.blocks-1.prefetch-budget-4.rank-bfs_accept_first.cut-entropy4.0.samples20.maxnew1024.seed10086.subtreePrefetch.vllm.log,bfs_accept_first,4,2238,2026-09-09 15:31:43,2141.0,83.6,314.9,4,0,0.8,66.3
dataset-lcb_v6.model-qwen3.5-9b.alpha4.0.steps100.blocks-1.prefetch-budget-4.rank-bfs_accept_first.cut-entropy4.0.samples20.maxnew1024.seed10086.subtreePrefetch.vllm.log,bfs_accept_first,4,2243,2026-09-09 15:31:53,2151.0,51.9,350.3,3,0,0.5,66.3
dataset-lcb_v6.model-qwen3.5-9b.alpha4.0.steps100.blocks-1.prefetch-budget-4.rank-bfs_accept_first.cut-entropy4.0.samples20.maxnew1024.seed10086.subtreePrefetch.vllm.log,bfs_accept_first,4,2248,2026-09-09 15:32:03,2161.0,83.8,303.8,1,0,0.4,66.3
dataset-lcb_v6.model-qwen3.5-9b.alpha4.0.steps100.blocks-1.prefetch-budget-4.rank-bfs_accept_first.cut-entropy4.0.samples20.maxnew1024.seed10086.subtreePrefetch.vllm.log,bfs_accept_first,4,2257,2026-09-09 15:32:13,2171.0,263.6,271.4,3,0,0.7,66.3
dataset-lcb_v6.model-qwen3.5-9b.alpha4.0.steps100.blocks-1.prefetch-budget-4.rank-bfs_accept_first.cut-entropy4.0.samples20.maxnew1024.seed10086.subtreePrefetch.vllm.log,bfs_accept_first,4,2262,2026-09-09 15:32:23,2181.0,89.2,265.6,4,0,0.8,66.3
dataset-lcb_v6.model-qwen3.5-9b.alpha4.0.steps100.blocks-1.prefetch-budget-4.rank-bfs_accept_first.cut-entropy4.0.samples20.maxnew1024.seed10086.subtreePrefetch.vllm.log,bfs_accept_first,4,2267,2026-09-09 15:32:33,2191.0,107.3,323.7,3,0,0.8,66.3
dataset-lcb_v6.model-qwen3.5-9b.alpha4.0.steps100.blocks-1.prefetch-budget-4.rank-bfs_accept_first.cut-entropy4.0.samples20.maxnew1024.seed10086.subtreePrefetch.vllm.log,bfs_accept_first,4,2276,2026-09-09 15:32:43,2201.0,282.3,322.4,4,0,0.6,66.3
dataset-lcb_v6.model-qwen3.5-9b.alpha4.0.steps100.blocks-1.prefetch-budget-4.rank-bfs_accept_first.cut-entropy4.0.samples20.maxnew1024.seed10086.subtreePrefetch.vllm.log,bfs_accept_first,4,2281,2026-09-09 15:32:53,2211.0,75.1,381.1,4,0,0.5,66.3
dataset-lcb_v6.model-qwen3.5-9b.alpha4.0.steps100.blocks-1.prefetch-budget-4.rank-bfs_accept_first.cut-entropy4.0.samples20.maxnew1024.seed10086.subtreePrefetch.vllm.log,bfs_accept_first,4,2286,2026-09-09 15:33:03,2221.0,131.0,349.5,1,0,0.3,66.3
dataset-lcb_v6.model-qwen3.5-9b.alpha4.0.steps100.blocks-1.prefetch-budget-4.rank-bfs_accept_first.cut-entropy4.0.samples20.maxnew1024.seed10086.subtreePrefetch.vllm.log,bfs_accept_first,4,2291,2026-09-09 15:33:13,2231.0,55.9,294.4,3,0,0.7,66.3
dataset-lcb_v6.model-qwen3.5-9b.alpha4.0.steps100.blocks-1.prefetch-budget-4.rank-bfs_accept_first.cut-entropy4.0.samples20.maxnew1024.seed10086.subtreePrefetch.vllm.log,bfs_accept_first,4,2296,2026-09-09 15:33:23,2241.0,67.5,398.3,1,0,0.4,66.3
dataset-lcb_v6.model-qwen3.5-9b.alpha4.0.steps100.blocks-1.prefetch-budget-4.rank-bfs_accept_first.cut-entropy4.0.samples20.maxnew1024.seed10086.subtreePrefetch.vllm.log,bfs_accept_first,4,2305,2026-09-09 15:33:33,2251.0,205.1,325.6,4,0,0.6,66.3
dataset-lcb_v6.model-qwen3.5-9b.alpha4.0.steps100.blocks-1.prefetch-budget-4.rank-bfs_accept_first.cut-entropy4.0.samples20.maxnew1024.seed10086.subtreePrefetch.vllm.log,bfs_accept_first,4,2310,2026-09-09 15:33:43,2261.0,48.1,215.5,1,0,0.4,66.3
dataset-lcb_v6.model-qwen3.5-9b.alpha4.0.steps100.blocks-1.prefetch-budget-4.rank-bfs_accept_first.cut-entropy4.0.samples20.maxnew1024.seed10086.subtreePrefetch.vllm.log,bfs_accept_first,4,2408,2026-09-09 15:33:53,2271.0,57.0,115.6,1,0,0.3,66.3
dataset-lcb_v6.model-qwen3.5-9b.alpha4.0.steps100.blocks-1.prefetch-budget-4.rank-bfs_accept_first.cut-entropy4.0.samples20.maxnew1024.seed10086.subtreePrefetch.vllm.log,bfs_accept_first,4,2417,2026-09-09 15:34:03,2281.0,186.5,326.8,3,0,0.6,66.3
dataset-lcb_v6.model-qwen3.5-9b.alpha4.0.steps100.blocks-1.prefetch-budget-4.rank-bfs_accept_first.cut-entropy4.0.samples20.maxnew1024.seed10086.subtreePrefetch.vllm.log,bfs_accept_first,4,2426,2026-09-09 15:34:13,2291.0,185.7,254.0,4,0,0.6,66.3
dataset-lcb_v6.model-qwen3.5-9b.alpha4.0.steps100.blocks-1.prefetch-budget-4.rank-bfs_accept_first.cut-entropy4.0.samples20.maxnew1024.seed10086.subtreePrefetch.vllm.log,bfs_accept_first,4,2431,2026-09-09 15:34:23,2301.0,103.7,316.0,3,0,0.6,66.3
dataset-lcb_v6.model-qwen3.5-9b.alpha4.0.steps100.blocks-1.prefetch-budget-4.rank-bfs_accept_first.cut-entropy4.0.samples20.maxnew1024.seed10086.subtreePrefetch.vllm.log,bfs_accept_first,4,2436,2026-09-09 15:34:33,2311.0,120.7,334.3,2,0,0.6,66.3
dataset-lcb_v6.model-qwen3.5-9b.alpha4.0.steps100.blocks-1.prefetch-budget-4.rank-bfs_accept_first.cut-entropy4.0.samples20.maxnew1024.seed10086.subtreePrefetch.vllm.log,bfs_accept_first,4,2445,2026-09-09 15:34:43,2321.0,227.1,332.3,3,0,0.5,66.3
dataset-lcb_v6.model-qwen3.5-9b.alpha4.0.steps100.blocks-1.prefetch-budget-4.rank-bfs_accept_first.cut-entropy4.0.samples20.maxnew1024.seed10086.subtreePrefetch.vllm.log,bfs_accept_first,4,2450,2026-09-09 15:34:53,2331.0,69.5,314.1,3,0,0.5,66.3
dataset-lcb_v6.model-qwen3.5-9b.alpha4.0.steps100.blocks-1.prefetch-budget-4.rank-bfs_accept_first.cut-entropy4.0.samples20.maxnew1024.seed10086.subtreePrefetch.vllm.log,bfs_accept_first,4,2457,2026-09-09 15:35:03,2341.0,88.6,231.1,2,0,0.5,66.3
dataset-lcb_v6.model-qwen3.5-9b.alpha4.0.steps100.blocks-1.prefetch-budget-4.rank-bfs_accept_first.cut-entropy4.0.samples20.maxnew1024.seed10086.subtreePrefetch.vllm.log,bfs_accept_first,4,2462,2026-09-09 15:35:13,2351.0,110.0,307.4,1,0,0.3,66.3
dataset-lcb_v6.model-qwen3.5-9b.alpha4.0.steps100.blocks-1.prefetch-budget-4.rank-bfs_accept_first.cut-entropy4.0.samples20.maxnew1024.seed10086.subtreePrefetch.vllm.log,bfs_accept_first,4,2467,2026-09-09 15:35:23,2361.0,101.0,301.1,1,0,0.3,66.3
dataset-lcb_v6.model-qwen3.5-9b.alpha4.0.steps100.blocks-1.prefetch-budget-4.rank-bfs_accept_first.cut-entropy4.0.samples20.maxnew1024.seed10086.subtreePrefetch.vllm.log,bfs_accept_first,4,2476,2026-09-09 15:35:33,2371.0,208.2,323.5,4,0,0.7,66.3
dataset-lcb_v6.model-qwen3.5-9b.alpha4.0.steps100.blocks-1.prefetch-budget-4.rank-bfs_accept_first.cut-entropy4.0.samples20.maxnew1024.seed10086.subtreePrefetch.vllm.log,bfs_accept_first,4,2481,2026-09-09 15:35:43,2381.0,190.9,363.9,4,0,0.9,66.3
dataset-lcb_v6.model-qwen3.5-9b.alpha4.0.steps100.blocks-1.prefetch-budget-4.rank-bfs_accept_first.cut-entropy4.0.samples20.maxnew1024.seed10086.subtreePrefetch.vllm.log,bfs_accept_first,4,2486,2026-09-09 15:35:53,2391.0,118.9,335.2,1,0,0.3,66.3
dataset-lcb_v6.model-qwen3.5-9b.alpha4.0.steps100.blocks-1.prefetch-budget-4.rank-bfs_accept_first.cut-entropy4.0.samples20.maxnew1024.seed10086.subtreePrefetch.vllm.log,bfs_accept_first,4,2495,2026-09-09 15:36:03,2401.0,155.6,266.0,4,0,0.7,66.3
dataset-lcb_v6.model-qwen3.5-9b.alpha4.0.steps100.blocks-1.prefetch-budget-4.rank-bfs_accept_first.cut-entropy4.0.samples20.maxnew1024.seed10086.subtreePrefetch.vllm.log,bfs_accept_first,4,2500,2026-09-09 15:36:13,2411.0,120.9,294.2,4,0,0.6,66.3
dataset-lcb_v6.model-qwen3.5-9b.alpha4.0.steps100.blocks-1.prefetch-budget-4.rank-bfs_accept_first.cut-entropy4.0.samples20.maxnew1024.seed10086.subtreePrefetch.vllm.log,bfs_accept_first,4,2505,2026-09-09 15:36:23,2421.0,136.0,356.3,4,0,0.9,66.3
dataset-lcb_v6.model-qwen3.5-9b.alpha4.0.steps100.blocks-1.prefetch-budget-4.rank-bfs_accept_first.cut-entropy4.0.samples20.maxnew1024.seed10086.subtreePrefetch.vllm.log,bfs_accept_first,4,2510,2026-09-09 15:36:33,2431.0,85.7,375.9,1,0,0.3,66.3
dataset-lcb_v6.model-qwen3.5-9b.alpha4.0.steps100.blocks-1.prefetch-budget-4.rank-bfs_accept_first.cut-entropy4.0.samples20.maxnew1024.seed10086.subtreePrefetch.vllm.log,bfs_accept_first,4,2515,2026-09-09 15:36:43,2441.0,65.9,269.4,1,0,0.3,66.3
dataset-lcb_v6.model-qwen3.5-9b.alpha4.0.steps100.blocks-1.prefetch-budget-4.rank-bfs_accept_first.cut-entropy4.0.samples20.maxnew1024.seed10086.subtreePrefetch.vllm.log,bfs_accept_first,4,2524,2026-09-09 15:36:53,2451.0,306.8,360.3,4,0,0.9,66.3
dataset-lcb_v6.model-qwen3.5-9b.alpha4.0.steps100.blocks-1.prefetch-budget-4.rank-bfs_accept_first.cut-entropy4.0.samples20.maxnew1024.seed10086.subtreePrefetch.vllm.log,bfs_accept_first,4,2529,2026-09-09 15:37:03,2461.0,47.7,342.4,2,0,0.5,66.3
dataset-lcb_v6.model-qwen3.5-9b.alpha4.0.steps100.blocks-1.prefetch-budget-4.rank-bfs_accept_first.cut-entropy4.0.samples20.maxnew1024.seed10086.subtreePrefetch.vllm.log,bfs_accept_first,4,2534,2026-09-09 15:37:13,2471.0,95.7,290.1,1,0,0.3,66.3
dataset-lcb_v6.model-qwen3.5-9b.alpha4.0.steps100.blocks-1.prefetch-budget-4.rank-bfs_accept_first.cut-entropy4.0.samples20.maxnew1024.seed10086.subtreePrefetch.vllm.log,bfs_accept_first,4,2543,2026-09-09 15:37:23,2481.0,197.6,325.0,4,0,0.6,66.3
dataset-lcb_v6.model-qwen3.5-9b.alpha4.0.steps100.blocks-1.prefetch-budget-4.rank-bfs_accept_first.cut-entropy4.0.samples20.maxnew1024.seed10086.subtreePrefetch.vllm.log,bfs_accept_first,4,2548,2026-09-09 15:37:33,2491.0,130.5,273.0,3,0,0.7,66.3
dataset-lcb_v6.model-qwen3.5-9b.alpha4.0.steps100.blocks-1.prefetch-budget-4.rank-bfs_accept_first.cut-entropy4.0.samples20.maxnew1024.seed10086.subtreePrefetch.vllm.log,bfs_accept_first,4,2557,2026-09-09 15:37:43,2501.0,191.4,291.9,4,0,0.6,66.3
dataset-lcb_v6.model-qwen3.5-9b.alpha4.0.steps100.blocks-1.prefetch-budget-4.rank-bfs_accept_first.cut-entropy4.0.samples20.maxnew1024.seed10086.subtreePrefetch.vllm.log,bfs_accept_first,4,2562,2026-09-09 15:37:53,2511.0,149.5,321.6,3,0,0.5,66.3
dataset-lcb_v6.model-qwen3.5-9b.alpha4.0.steps100.blocks-1.prefetch-budget-4.rank-bfs_accept_first.cut-entropy4.0.samples20.maxnew1024.seed10086.subtreePrefetch.vllm.log,bfs_accept_first,4,2567,2026-09-09 15:38:03,2521.0,109.1,338.4,4,0,0.8,66.3
dataset-lcb_v6.model-qwen3.5-9b.alpha4.0.steps100.blocks-1.prefetch-budget-4.rank-bfs_accept_first.cut-entropy4.0.samples20.maxnew1024.seed10086.subtreePrefetch.vllm.log,bfs_accept_first,4,2576,2026-09-09 15:38:13,2531.0,215.5,315.5,4,0,0.7,66.3
dataset-lcb_v6.model-qwen3.5-9b.alpha4.0.steps100.blocks-1.prefetch-budget-4.rank-bfs_accept_first.cut-entropy4.0.samples20.maxnew1024.seed10086.subtreePrefetch.vllm.log,bfs_accept_first,4,2581,2026-09-09 15:38:23,2541.0,176.9,330.8,4,0,0.9,66.3
dataset-lcb_v6.model-qwen3.5-9b.alpha4.0.steps100.blocks-1.prefetch-budget-4.rank-bfs_accept_first.cut-entropy4.0.samples20.maxnew1024.seed10086.subtreePrefetch.vllm.log,bfs_accept_first,4,2586,2026-09-09 15:38:33,2551.0,61.4,350.1,2,0,0.5,66.3
dataset-lcb_v6.model-qwen3.5-9b.alpha4.0.steps100.blocks-1.prefetch-budget-4.rank-bfs_accept_first.cut-entropy4.0.samples20.maxnew1024.seed10086.subtreePrefetch.vllm.log,bfs_accept_first,4,2595,2026-09-09 15:38:43,2561.0,173.7,310.1,3,0,0.4,66.3
dataset-lcb_v6.model-qwen3.5-9b.alpha4.0.steps100.blocks-1.prefetch-budget-4.rank-bfs_accept_first.cut-entropy4.0.samples20.maxnew1024.seed10086.subtreePrefetch.vllm.log,bfs_accept_first,4,2706,2026-09-09 15:38:53,2571.0,81.8,165.9,1,0,0.4,66.3
dataset-lcb_v6.model-qwen3.5-9b.alpha4.0.steps100.blocks-1.prefetch-budget-4.rank-bfs_accept_first.cut-entropy4.0.samples20.maxnew1024.seed10086.subtreePrefetch.vllm.log,bfs_accept_first,4,2711,2026-09-09 15:39:03,2581.0,104.1,226.5,1,0,0.4,66.3
dataset-lcb_v6.model-qwen3.5-9b.alpha4.0.steps100.blocks-1.prefetch-budget-4.rank-bfs_accept_first.cut-entropy4.0.samples20.maxnew1024.seed10086.subtreePrefetch.vllm.log,bfs_accept_first,4,2724,2026-09-09 15:39:13,2591.0,215.6,243.4,3,0,0.4,66.3
dataset-lcb_v6.model-qwen3.5-9b.alpha4.0.steps100.blocks-1.prefetch-budget-4.rank-bfs_accept_first.cut-entropy4.0.samples20.maxnew1024.seed10086.subtreePrefetch.vllm.log,bfs_accept_first,4,2729,2026-09-09 15:39:23,2601.0,120.3,282.8,1,0,0.2,66.3
dataset-lcb_v6.model-qwen3.5-9b.alpha4.0.steps100.blocks-1.prefetch-budget-4.rank-bfs_accept_first.cut-entropy4.0.samples20.maxnew1024.seed10086.subtreePrefetch.vllm.log,bfs_accept_first,4,2738,2026-09-09 15:39:33,2611.0,214.7,264.0,4,0,0.7,66.3
dataset-lcb_v6.model-qwen3.5-9b.alpha4.0.steps100.blocks-1.prefetch-budget-4.rank-bfs_accept_first.cut-entropy4.0.samples20.maxnew1024.seed10086.subtreePrefetch.vllm.log,bfs_accept_first,4,2743,2026-09-09 15:39:43,2621.0,146.0,215.7,1,0,0.4,66.3
dataset-lcb_v6.model-qwen3.5-9b.alpha4.0.steps100.blocks-1.prefetch-budget-4.rank-bfs_accept_first.cut-entropy4.0.samples20.maxnew1024.seed10086.subtreePrefetch.vllm.log,bfs_accept_first,4,2752,2026-09-09 15:39:53,2631.0,180.5,266.8,4,0,0.9,66.3
dataset-lcb_v6.model-qwen3.5-9b.alpha4.0.steps100.blocks-1.prefetch-budget-4.rank-bfs_accept_first.cut-entropy4.0.samples20.maxnew1024.seed10086.subtreePrefetch.vllm.log,bfs_accept_first,4,2757,2026-09-09 15:40:03,2641.0,108.2,267.6,2,0,0.5,66.3
dataset-lcb_v6.model-qwen3.5-9b.alpha4.0.steps100.blocks-1.prefetch-budget-4.rank-bfs_accept_first.cut-entropy4.0.samples20.maxnew1024.seed10086.subtreePrefetch.vllm.log,bfs_accept_first,4,2762,2026-09-09 15:40:13,2651.0,55.3,291.2,3,0,0.7,66.3
dataset-lcb_v6.model-qwen3.5-9b.alpha4.0.steps100.blocks-1.prefetch-budget-4.rank-bfs_accept_first.cut-entropy4.0.samples20.maxnew1024.seed10086.subtreePrefetch.vllm.log,bfs_accept_first,4,2767,2026-09-09 15:40:23,2661.0,147.2,270.3,2,0,0.7,66.3
dataset-lcb_v6.model-qwen3.5-9b.alpha4.0.steps100.blocks-1.prefetch-budget-4.rank-bfs_accept_first.cut-entropy4.0.samples20.maxnew1024.seed10086.subtreePrefetch.vllm.log,bfs_accept_first,4,2776,2026-09-09 15:40:33,2671.0,170.3,246.8,3,0,0.4,66.3
dataset-lcb_v6.model-qwen3.5-9b.alpha4.0.steps100.blocks-1.prefetch-budget-4.rank-bfs_accept_first.cut-entropy4.0.samples20.maxnew1024.seed10086.subtreePrefetch.vllm.log,bfs_accept_first,4,2785,2026-09-09 15:40:43,2681.0,205.4,358.7,2,0,0.4,66.3
dataset-lcb_v6.model-qwen3.5-9b.alpha4.0.steps100.blocks-1.prefetch-budget-4.rank-bfs_accept_first.cut-entropy4.0.samples20.maxnew1024.seed10086.subtreePrefetch.vllm.log,bfs_accept_first,4,2790,2026-09-09 15:40:53,2691.0,74.4,267.0,3,0,0.8,66.3
dataset-lcb_v6.model-qwen3.5-9b.alpha4.0.steps100.blocks-1.prefetch-budget-4.rank-bfs_accept_first.cut-entropy4.0.samples20.maxnew1024.seed10086.subtreePrefetch.vllm.log,bfs_accept_first,4,2795,2026-09-09 15:41:03,2701.0,123.7,310.7,2,0,0.7,66.3
dataset-lcb_v6.model-qwen3.5-9b.alpha4.0.steps100.blocks-1.prefetch-budget-4.rank-bfs_accept_first.cut-entropy4.0.samples20.maxnew1024.seed10086.subtreePrefetch.vllm.log,bfs_accept_first,4,2804,2026-09-09 15:41:13,2711.0,206.2,264.7,3,0,0.7,66.3
dataset-lcb_v6.model-qwen3.5-9b.alpha4.0.steps100.blocks-1.prefetch-budget-4.rank-bfs_accept_first.cut-entropy4.0.samples20.maxnew1024.seed10086.subtreePrefetch.vllm.log,bfs_accept_first,4,2809,2026-09-09 15:41:23,2721.0,148.7,241.8,2,0,0.6,66.3
dataset-lcb_v6.model-qwen3.5-9b.alpha4.0.steps100.blocks-1.prefetch-budget-4.rank-bfs_accept_first.cut-entropy4.0.samples20.maxnew1024.seed10086.subtreePrefetch.vllm.log,bfs_accept_first,4,2814,2026-09-09 15:41:33,2731.0,107.2,240.4,1,0,0.4,66.3
dataset-lcb_v6.model-qwen3.5-9b.alpha4.0.steps100.blocks-1.prefetch-budget-4.rank-bfs_accept_first.cut-entropy4.0.samples20.maxnew1024.seed10086.subtreePrefetch.vllm.log,bfs_accept_first,4,2819,2026-09-09 15:41:43,2741.0,140.1,236.1,2,0,0.7,66.3
dataset-lcb_v6.model-qwen3.5-9b.alpha4.0.steps100.blocks-1.prefetch-budget-4.rank-bfs_accept_first.cut-entropy4.0.samples20.maxnew1024.seed10086.subtreePrefetch.vllm.log,bfs_accept_first,4,2828,2026-09-09 15:41:53,2751.0,198.0,237.7,3,0,0.5,66.3
dataset-lcb_v6.model-qwen3.5-9b.alpha4.0.steps100.blocks-1.prefetch-budget-4.rank-bfs_accept_first.cut-entropy4.0.samples20.maxnew1024.seed10086.subtreePrefetch.vllm.log,bfs_accept_first,4,2833,2026-09-09 15:42:03,2761.0,86.9,308.5,3,0,0.7,66.3
dataset-lcb_v6.model-qwen3.5-9b.alpha4.0.steps100.blocks-1.prefetch-budget-4.rank-bfs_accept_first.cut-entropy4.0.samples20.maxnew1024.seed10086.subtreePrefetch.vllm.log,bfs_accept_first,4,2838,2026-09-09 15:42:13,2771.0,55.1,319.0,3,0,0.6,66.3
dataset-lcb_v6.model-qwen3.5-9b.alpha4.0.steps100.blocks-1.prefetch-budget-4.rank-bfs_accept_first.cut-entropy4.0.samples20.maxnew1024.seed10086.subtreePrefetch.vllm.log,bfs_accept_first,4,2843,2026-09-09 15:42:23,2781.0,144.8,285.3,3,0,0.7,66.3
dataset-lcb_v6.model-qwen3.5-9b.alpha4.0.steps100.blocks-1.prefetch-budget-4.rank-bfs_accept_first.cut-entropy4.0.samples20.maxnew1024.seed10086.subtreePrefetch.vllm.log,bfs_accept_first,4,2848,2026-09-09 15:42:33,2791.0,81.4,265.8,1,0,0.4,66.3
dataset-lcb_v6.model-qwen3.5-9b.alpha4.0.steps100.blocks-1.prefetch-budget-4.rank-bfs_accept_first.cut-entropy4.0.samples20.maxnew1024.seed10086.subtreePrefetch.vllm.log,bfs_accept_first,4,2853,2026-09-09 15:42:43,2801.0,72.6,308.5,1,0,0.4,66.3
dataset-lcb_v6.model-qwen3.5-9b.alpha4.0.steps100.blocks-1.prefetch-budget-4.rank-bfs_accept_first.cut-entropy4.0.samples20.maxnew1024.seed10086.subtreePrefetch.vllm.log,bfs_accept_first,4,2862,2026-09-09 15:42:53,2811.0,227.7,291.3,3,0,0.5,66.3
dataset-lcb_v6.model-qwen3.5-9b.alpha4.0.steps100.blocks-1.prefetch-budget-4.rank-bfs_accept_first.cut-entropy4.0.samples20.maxnew1024.seed10086.subtreePrefetch.vllm.log,bfs_accept_first,4,2867,2026-09-09 15:43:03,2821.0,35.1,267.4,3,0,0.5,66.3
dataset-lcb_v6.model-qwen3.5-9b.alpha4.0.steps100.blocks-1.prefetch-budget-4.rank-bfs_accept_first.cut-entropy4.0.samples20.maxnew1024.seed10086.subtreePrefetch.vllm.log,bfs_accept_first,4,2876,2026-09-09 15:43:13,2831.0,136.0,271.0,4,0,0.8,66.3
dataset-lcb_v6.model-qwen3.5-9b.alpha4.0.steps100.blocks-1.prefetch-budget-4.rank-bfs_accept_first.cut-entropy4.0.samples20.maxnew1024.seed10086.subtreePrefetch.vllm.log,bfs_accept_first,4,2881,2026-09-09 15:43:23,2841.0,79.8,360.4,4,0,0.9,66.3
dataset-lcb_v6.model-qwen3.5-9b.alpha4.0.steps100.blocks-1.prefetch-budget-4.rank-bfs_accept_first.cut-entropy4.0.samples20.maxnew1024.seed10086.subtreePrefetch.vllm.log,bfs_accept_first,4,2886,2026-09-09 15:43:33,2851.0,71.9,251.0,1,0,0.3,66.3
dataset-lcb_v6.model-qwen3.5-9b.alpha4.0.steps100.blocks-1.prefetch-budget-4.rank-bfs_accept_first.cut-entropy4.0.samples20.maxnew1024.seed10086.subtreePrefetch.vllm.log,bfs_accept_first,4,3021,2026-09-09 15:43:43,2861.0,128.6,169.1,1,0,0.2,66.3
dataset-lcb_v6.model-qwen3.5-9b.alpha4.0.steps100.blocks-1.prefetch-budget-4.rank-bfs_accept_first.cut-entropy4.0.samples20.maxnew1024.seed10086.subtreePrefetch.vllm.log,bfs_accept_first,4,3026,2026-09-09 15:43:53,2871.0,108.1,160.3,2,0,0.5,66.3
dataset-lcb_v6.model-qwen3.5-9b.alpha4.0.steps100.blocks-1.prefetch-budget-4.rank-bfs_accept_first.cut-entropy4.0.samples20.maxnew1024.seed10086.subtreePrefetch.vllm.log,bfs_accept_first,4,3031,2026-09-09 15:44:03,2881.0,93.3,213.1,1,0,0.3,66.3
dataset-lcb_v6.model-qwen3.5-9b.alpha4.0.steps100.blocks-1.prefetch-budget-4.rank-bfs_accept_first.cut-entropy4.0.samples20.maxnew1024.seed10086.subtreePrefetch.vllm.log,bfs_accept_first,4,3040,2026-09-09 15:44:13,2891.0,177.0,302.6,3,0,0.7,66.3
dataset-lcb_v6.model-qwen3.5-9b.alpha4.0.steps100.blocks-1.prefetch-budget-4.rank-bfs_accept_first.cut-entropy4.0.samples20.maxnew1024.seed10086.subtreePrefetch.vllm.log,bfs_accept_first,4,3049,2026-09-09 15:44:23,2901.0,211.3,227.8,1,0,0.2,66.3
dataset-lcb_v6.model-qwen3.5-9b.alpha4.0.steps100.blocks-1.prefetch-budget-4.rank-bfs_accept_first.cut-entropy4.0.samples20.maxnew1024.seed10086.subtreePrefetch.vllm.log,bfs_accept_first,4,3058,2026-09-09 15:44:33,2911.0,218.7,244.4,4,0,0.7,66.3
dataset-lcb_v6.model-qwen3.5-9b.alpha4.0.steps100.blocks-1.prefetch-budget-4.rank-bfs_accept_first.cut-entropy4.0.samples20.maxnew1024.seed10086.subtreePrefetch.vllm.log,bfs_accept_first,4,3067,2026-09-09 15:44:43,2921.0,136.0,350.5,4,0,0.8,66.3
dataset-lcb_v6.model-qwen3.5-9b.alpha4.0.steps100.blocks-1.prefetch-budget-4.rank-bfs_accept_first.cut-entropy4.0.samples20.maxnew1024.seed10086.subtreePrefetch.vllm.log,bfs_accept_first,4,3072,2026-09-09 15:44:53,2931.0,104.1,240.3,2,0,0.5,66.3
dataset-lcb_v6.model-qwen3.5-9b.alpha4.0.steps100.blocks-1.prefetch-budget-4.rank-bfs_accept_first.cut-entropy4.0.samples20.maxnew1024.seed10086.subtreePrefetch.vllm.log,bfs_accept_first,4,3081,2026-09-09 15:45:03,2941.0,213.0,200.1,1,0,0.2,66.3
dataset-lcb_v6.model-qwen3.5-9b.alpha4.0.steps100.blocks-1.prefetch-budget-4.rank-bfs_accept_first.cut-entropy4.0.samples20.maxnew1024.seed10086.subtreePrefetch.vllm.log,bfs_accept_first,4,3090,2026-09-09 15:45:13,2951.0,264.2,230.3,1,0,0.2,66.3
dataset-lcb_v6.model-qwen3.5-9b.alpha4.0.steps100.blocks-1.prefetch-budget-4.rank-bfs_accept_first.cut-entropy4.0.samples20.maxnew1024.seed10086.subtreePrefetch.vllm.log,bfs_accept_first,4,3099,2026-09-09 15:45:23,2961.0,197.8,288.8,3,0,0.7,66.3
dataset-lcb_v6.model-qwen3.5-9b.alpha4.0.steps100.blocks-1.prefetch-budget-4.rank-bfs_accept_first.cut-entropy4.0.samples20.maxnew1024.seed10086.subtreePrefetch.vllm.log,bfs_accept_first,4,3104,2026-09-09 15:45:33,2971.0,69.3,284.6,2,0,0.5,66.3
dataset-lcb_v6.model-qwen3.5-9b.alpha4.0.steps100.blocks-1.prefetch-budget-4.rank-bfs_accept_first.cut-entropy4.0.samples20.maxnew1024.seed10086.subtreePrefetch.vllm.log,bfs_accept_first,4,3113,2026-09-09 15:45:43,2981.0,199.1,297.7,2,0,0.5,66.3
dataset-lcb_v6.model-qwen3.5-9b.alpha4.0.steps100.blocks-1.prefetch-budget-4.rank-bfs_accept_first.cut-entropy4.0.samples20.maxnew1024.seed10086.subtreePrefetch.vllm.log,bfs_accept_first,4,3118,2026-09-09 15:45:53,2991.0,47.2,241.6,1,0,0.3,66.3
dataset-lcb_v6.model-qwen3.5-9b.alpha4.0.steps100.blocks-1.prefetch-budget-4.rank-bfs_accept_first.cut-entropy4.0.samples20.maxnew1024.seed10086.subtreePrefetch.vllm.log,bfs_accept_first,4,3127,2026-09-09 15:46:03,3001.0,235.3,192.2,3,0,0.6,66.3
dataset-lcb_v6.model-qwen3.5-9b.alpha4.0.steps100.blocks-1.prefetch-budget-4.rank-bfs_accept_first.cut-entropy4.0.samples20.maxnew1024.seed10086.subtreePrefetch.vllm.log,bfs_accept_first,4,3132,2026-09-09 15:46:13,3011.0,90.8,229.3,1,0,0.3,66.3
dataset-lcb_v6.model-qwen3.5-9b.alpha4.0.steps100.blocks-1.prefetch-budget-4.rank-bfs_accept_first.cut-entropy4.0.samples20.maxnew1024.seed10086.subtreePrefetch.vllm.log,bfs_accept_first,4,3141,2026-09-09 15:46:23,3021.0,199.7,203.2,3,0,0.5,66.3
dataset-lcb_v6.model-qwen3.5-9b.alpha4.0.steps100.blocks-1.prefetch-budget-4.rank-bfs_accept_first.cut-entropy4.0.samples20.maxnew1024.seed10086.subtreePrefetch.vllm.log,bfs_accept_first,4,3146,2026-09-09 15:46:33,3031.0,69.8,224.2,1,0,0.3,66.3
dataset-lcb_v6.model-qwen3.5-9b.alpha4.0.steps100.blocks-1.prefetch-budget-4.rank-bfs_accept_first.cut-entropy4.0.samples20.maxnew1024.seed10086.subtreePrefetch.vllm.log,bfs_accept_first,4,3155,2026-09-09 15:46:43,3041.0,217.9,280.7,4,0,0.6,66.3
dataset-lcb_v6.model-qwen3.5-9b.alpha4.0.steps100.blocks-1.prefetch-budget-4.rank-bfs_accept_first.cut-entropy4.0.samples20.maxnew1024.seed10086.subtreePrefetch.vllm.log,bfs_accept_first,4,3160,2026-09-09 15:46:53,3051.0,94.6,189.4,3,0,0.6,66.3
dataset-lcb_v6.model-qwen3.5-9b.alpha4.0.steps100.blocks-1.prefetch-budget-4.rank-bfs_accept_first.cut-entropy4.0.samples20.maxnew1024.seed10086.subtreePrefetch.vllm.log,bfs_accept_first,4,3165,2026-09-09 15:47:03,3061.0,88.7,206.0,2,0,0.5,66.3
dataset-lcb_v6.model-qwen3.5-9b.alpha4.0.steps100.blocks-1.prefetch-budget-4.rank-bfs_accept_first.cut-entropy4.0.samples20.maxnew1024.seed10086.subtreePrefetch.vllm.log,bfs_accept_first,4,3174,2026-09-09 15:47:13,3071.0,214.6,247.2,4,0,0.6,66.3
dataset-lcb_v6.model-qwen3.5-9b.alpha4.0.steps100.blocks-1.prefetch-budget-4.rank-bfs_accept_first.cut-entropy4.0.samples20.maxnew1024.seed10086.subtreePrefetch.vllm.log,bfs_accept_first,4,3179,2026-09-09 15:47:23,3081.0,66.7,184.9,2,0,0.4,66.3
dataset-lcb_v6.model-qwen3.5-9b.alpha4.0.steps100.blocks-1.prefetch-budget-4.rank-bfs_accept_first.cut-entropy4.0.samples20.maxnew1024.seed10086.subtreePrefetch.vllm.log,bfs_accept_first,4,3184,2026-09-09 15:47:33,3091.0,135.7,194.0,2,0,0.6,66.3
dataset-lcb_v6.model-qwen3.5-9b.alpha4.0.steps100.blocks-1.prefetch-budget-4.rank-bfs_accept_first.cut-entropy4.0.samples20.maxnew1024.seed10086.subtreePrefetch.vllm.log,bfs_accept_first,4,3193,2026-09-09 15:47:43,3101.0,250.3,223.4,3,0,0.5,66.3
dataset-lcb_v6.model-qwen3.5-9b.alpha4.0.steps100.blocks-1.prefetch-budget-4.rank-bfs_accept_first.cut-entropy4.0.samples20.maxnew1024.seed10086.subtreePrefetch.vllm.log,bfs_accept_first,4,3198,2026-09-09 15:47:53,3111.0,19.7,244.8,2,0,0.5,66.3
dataset-lcb_v6.model-qwen3.5-9b.alpha4.0.steps100.blocks-1.prefetch-budget-4.rank-bfs_accept_first.cut-entropy4.0.samples20.maxnew1024.seed10086.subtreePrefetch.vllm.log,bfs_accept_first,4,3226,2026-09-09 15:48:03,3121.0,40.1,127.4,1,0,0.3,66.3
dataset-lcb_v6.model-qwen3.5-9b.alpha4.0.steps100.blocks-1.prefetch-budget-4.rank-bfs_accept_first.cut-entropy4.0.samples20.maxnew1024.seed10086.subtreePrefetch.vllm.log,bfs_accept_first,4,3235,2026-09-09 15:48:13,3131.0,385.3,401.7,4,0,0.7,66.3
dataset-lcb_v6.model-qwen3.5-9b.alpha4.0.steps100.blocks-1.prefetch-budget-4.rank-bfs_accept_first.cut-entropy4.0.samples20.maxnew1024.seed10086.subtreePrefetch.vllm.log,bfs_accept_first,4,3240,2026-09-09 15:48:23,3141.0,191.8,430.1,4,0,0.8,66.3
dataset-lcb_v6.model-qwen3.5-9b.alpha4.0.steps100.blocks-1.prefetch-budget-4.rank-bfs_accept_first.cut-entropy4.0.samples20.maxnew1024.seed10086.subtreePrefetch.vllm.log,bfs_accept_first,4,3245,2026-09-09 15:48:33,3151.0,194.9,411.4,4,0,0.8,66.3
dataset-lcb_v6.model-qwen3.5-9b.alpha4.0.steps100.blocks-1.prefetch-budget-4.rank-bfs_accept_first.cut-entropy4.0.samples20.maxnew1024.seed10086.subtreePrefetch.vllm.log,bfs_accept_first,4,3250,2026-09-09 15:48:43,3161.0,199.7,432.7,4,0,0.8,66.3
dataset-lcb_v6.model-qwen3.5-9b.alpha4.0.steps100.blocks-1.prefetch-budget-4.rank-bfs_accept_first.cut-entropy4.0.samples20.maxnew1024.seed10086.subtreePrefetch.vllm.log,bfs_accept_first,4,3255,2026-09-09 15:48:53,3171.0,196.4,421.1,3,0,0.9,66.3
dataset-lcb_v6.model-qwen3.5-9b.alpha4.0.steps100.blocks-1.prefetch-budget-4.rank-bfs_accept_first.cut-entropy4.0.samples20.maxnew1024.seed10086.subtreePrefetch.vllm.log,bfs_accept_first,4,3260,2026-09-09 15:49:03,3181.0,187.7,343.2,2,0,0.6,66.3
dataset-lcb_v6.model-qwen3.5-9b.alpha4.0.steps100.blocks-1.prefetch-budget-4.rank-bfs_accept_first.cut-entropy4.0.samples20.maxnew1024.seed10086.subtreePrefetch.vllm.log,bfs_accept_first,4,3265,2026-09-09 15:49:13,3191.0,199.3,400.6,4,0,1.2,66.3
dataset-lcb_v6.model-qwen3.5-9b.alpha4.0.steps100.blocks-1.prefetch-budget-4.rank-bfs_accept_first.cut-entropy4.0.samples20.maxnew1024.seed10086.subtreePrefetch.vllm.log,bfs_accept_first,4,3274,2026-09-09 15:49:23,3201.0,331.3,422.1,4,0,0.7,66.3
dataset-lcb_v6.model-qwen3.5-9b.alpha4.0.steps100.blocks-1.prefetch-budget-4.rank-bfs_accept_first.cut-entropy4.0.samples20.maxnew1024.seed10086.subtreePrefetch.vllm.log,bfs_accept_first,4,3279,2026-09-09 15:49:34,3212.0,195.0,415.4,4,0,0.8,66.3
dataset-lcb_v6.model-qwen3.5-9b.alpha4.0.steps100.blocks-1.prefetch-budget-4.rank-bfs_accept_first.cut-entropy4.0.samples20.maxnew1024.seed10086.subtreePrefetch.vllm.log,bfs_accept_first,4,3284,2026-09-09 15:49:44,3222.0,189.6,432.9,4,0,0.9,66.3
dataset-lcb_v6.model-qwen3.5-9b.alpha4.0.steps100.blocks-1.prefetch-budget-4.rank-bfs_accept_first.cut-entropy4.0.samples20.maxnew1024.seed10086.subtreePrefetch.vllm.log,bfs_accept_first,4,3289,2026-09-09 15:49:54,3232.0,182.4,348.6,4,0,0.8,66.3
dataset-lcb_v6.model-qwen3.5-9b.alpha4.0.steps100.blocks-1.prefetch-budget-4.rank-bfs_accept_first.cut-entropy4.0.samples20.maxnew1024.seed10086.subtreePrefetch.vllm.log,bfs_accept_first,4,3294,2026-09-09 15:50:04,3242.0,198.4,414.8,4,0,1.2,66.3
dataset-lcb_v6.model-qwen3.5-9b.alpha4.0.steps100.blocks-1.prefetch-budget-4.rank-bfs_accept_first.cut-entropy4.0.samples20.maxnew1024.seed10086.subtreePrefetch.vllm.log,bfs_accept_first,4,3299,2026-09-09 15:50:14,3252.0,189.9,427.5,4,0,1.2,66.3
dataset-lcb_v6.model-qwen3.5-9b.alpha4.0.steps100.blocks-1.prefetch-budget-4.rank-bfs_accept_first.cut-entropy4.0.samples20.maxnew1024.seed10086.subtreePrefetch.vllm.log,bfs_accept_first,4,3304,2026-09-09 15:50:24,3262.0,198.4,411.8,4,0,1.2,66.3
dataset-lcb_v6.model-qwen3.5-9b.alpha4.0.steps100.blocks-1.prefetch-budget-4.rank-bfs_accept_first.cut-entropy4.0.samples20.maxnew1024.seed10086.subtreePrefetch.vllm.log,bfs_accept_first,4,3313,2026-09-09 15:50:34,3272.0,389.1,426.3,4,0,0.5,66.3
dataset-lcb_v6.model-qwen3.5-9b.alpha4.0.steps100.blocks-1.prefetch-budget-4.rank-bfs_accept_first.cut-entropy4.0.samples20.maxnew1024.seed10086.subtreePrefetch.vllm.log,bfs_accept_first,4,3318,2026-09-09 15:50:44,3282.0,184.3,389.2,4,0,0.9,66.3
dataset-lcb_v6.model-qwen3.5-9b.alpha4.0.steps100.blocks-1.prefetch-budget-4.rank-bfs_accept_first.cut-entropy4.0.samples20.maxnew1024.seed10086.subtreePrefetch.vllm.log,bfs_accept_first,4,3323,2026-09-09 15:50:54,3292.0,187.4,367.8,4,0,0.9,66.3
dataset-lcb_v6.model-qwen3.5-9b.alpha4.0.steps100.blocks-1.prefetch-budget-4.rank-bfs_accept_first.cut-entropy4.0.samples20.maxnew1024.seed10086.subtreePrefetch.vllm.log,bfs_accept_first,4,3328,2026-09-09 15:51:04,3302.0,188.1,341.3,4,0,0.8,66.3
dataset-lcb_v6.model-qwen3.5-9b.alpha4.0.steps100.blocks-1.prefetch-budget-4.rank-bfs_accept_first.cut-entropy4.0.samples20.maxnew1024.seed10086.subtreePrefetch.vllm.log,bfs_accept_first,4,3333,2026-09-09 15:51:14,3312.0,146.7,413.9,4,0,0.8,66.3
dataset-lcb_v6.model-qwen3.5-9b.alpha4.0.steps100.blocks-1.prefetch-budget-4.rank-bfs_accept_first.cut-entropy4.0.samples20.maxnew1024.seed10086.subtreePrefetch.vllm.log,bfs_accept_first,4,3338,2026-09-09 15:51:24,3322.0,196.4,426.7,4,0,1.2,66.3
dataset-lcb_v6.model-qwen3.5-9b.alpha4.0.steps100.blocks-1.prefetch-budget-4.rank-bfs_accept_first.cut-entropy4.0.samples20.maxnew1024.seed10086.subtreePrefetch.vllm.log,bfs_accept_first,4,3343,2026-09-09 15:51:34,3332.0,189.5,425.8,4,0,1.2,66.3
dataset-lcb_v6.model-qwen3.5-9b.alpha4.0.steps100.blocks-1.prefetch-budget-4.rank-bfs_accept_first.cut-entropy4.0.samples20.maxnew1024.seed10086.subtreePrefetch.vllm.log,bfs_accept_first,4,3348,2026-09-09 15:51:44,3342.0,171.3,407.3,4,0,1.2,66.3
dataset-lcb_v6.model-qwen3.5-9b.alpha4.0.steps100.blocks-1.prefetch-budget-4.rank-bfs_accept_first.cut-entropy4.0.samples20.maxnew1024.seed10086.subtreePrefetch.vllm.log,bfs_accept_first,4,3353,2026-09-09 15:51:54,3352.0,202.4,423.8,2,0,0.6,66.3
dataset-lcb_v6.model-qwen3.5-9b.alpha4.0.steps100.blocks-1.prefetch-budget-4.rank-bfs_accept_first.cut-entropy4.0.samples20.maxnew1024.seed10086.subtreePrefetch.vllm.log,bfs_accept_first,4,3362,2026-09-09 15:52:04,3362.0,343.0,418.7,4,0,0.8,66.3
dataset-lcb_v6.model-qwen3.5-9b.alpha4.0.steps100.blocks-1.prefetch-budget-4.rank-bfs_accept_first.cut-entropy4.0.samples20.maxnew1024.seed10086.subtreePrefetch.vllm.log,bfs_accept_first,4,3367,2026-09-09 15:52:14,3372.0,176.5,379.1,4,0,0.9,66.3
dataset-lcb_v6.model-qwen3.5-9b.alpha4.0.steps100.blocks-1.prefetch-budget-4.rank-bfs_accept_first.cut-entropy4.0.samples20.maxnew1024.seed10086.subtreePrefetch.vllm.log,bfs_accept_first,4,3372,2026-09-09 15:52:24,3382.0,190.7,356.2,4,0,0.8,66.3
dataset-lcb_v6.model-qwen3.5-9b.alpha4.0.steps100.blocks-1.prefetch-budget-4.rank-bfs_accept_first.cut-entropy4.0.samples20.maxnew1024.seed10086.subtreePrefetch.vllm.log,bfs_accept_first,4,3377,2026-09-09 15:52:34,3392.0,195.7,407.5,4,0,0.8,66.3
dataset-lcb_v6.model-qwen3.5-9b.alpha4.0.steps100.blocks-1.prefetch-budget-4.rank-bfs_accept_first.cut-entropy4.0.samples20.maxnew1024.seed10086.subtreePrefetch.vllm.log,bfs_accept_first,4,3382,2026-09-09 15:52:44,3402.0,191.2,429.1,4,0,1.1,66.3
dataset-lcb_v6.model-qwen3.5-9b.alpha4.0.steps100.blocks-1.prefetch-budget-4.rank-bfs_accept_first.cut-entropy4.0.samples20.maxnew1024.seed10086.subtreePrefetch.vllm.log,bfs_accept_first,4,3387,2026-09-09 15:52:54,3412.0,201.8,406.4,4,0,1.2,66.3
dataset-lcb_v6.model-qwen3.5-9b.alpha4.0.steps100.blocks-1.prefetch-budget-4.rank-bfs_accept_first.cut-entropy4.0.samples20.maxnew1024.seed10086.subtreePrefetch.vllm.log,bfs_accept_first,4,3392,2026-09-09 15:53:04,3422.0,190.6,426.6,4,0,1.2,66.3
dataset-lcb_v6.model-qwen3.5-9b.alpha4.0.steps100.blocks-1.prefetch-budget-4.rank-bfs_accept_first.cut-entropy4.0.samples20.maxnew1024.seed10086.subtreePrefetch.vllm.log,bfs_accept_first,4,3397,2026-09-09 15:53:14,3432.0,197.9,406.3,3,0,0.9,66.3
dataset-lcb_v6.model-qwen3.5-9b.alpha4.0.steps100.blocks-1.prefetch-budget-4.rank-bfs_accept_first.cut-entropy4.0.samples20.maxnew1024.seed10086.subtreePrefetch.vllm.log,bfs_accept_first,4,3406,2026-09-09 15:53:24,3442.0,336.1,397.8,4,0,0.7,66.3
dataset-lcb_v6.model-qwen3.5-9b.alpha4.0.steps100.blocks-1.prefetch-budget-4.rank-bfs_accept_first.cut-entropy4.0.samples20.maxnew1024.seed10086.subtreePrefetch.vllm.log,bfs_accept_first,4,3411,2026-09-09 15:53:34,3452.0,195.7,386.8,4,0,0.8,66.3
dataset-lcb_v6.model-qwen3.5-9b.alpha4.0.steps100.blocks-1.prefetch-budget-4.rank-bfs_accept_first.cut-entropy4.0.samples20.maxnew1024.seed10086.subtreePrefetch.vllm.log,bfs_accept_first,4,3416,2026-09-09 15:53:44,3462.0,199.9,427.6,4,0,0.8,66.3
dataset-lcb_v6.model-qwen3.5-9b.alpha4.0.steps100.blocks-1.prefetch-budget-4.rank-bfs_accept_first.cut-entropy4.0.samples20.maxnew1024.seed10086.subtreePrefetch.vllm.log,bfs_accept_first,4,3421,2026-09-09 15:53:54,3472.0,193.6,429.3,4,0,0.8,66.3
dataset-lcb_v6.model-qwen3.5-9b.alpha4.0.steps100.blocks-1.prefetch-budget-4.rank-bfs_accept_first.cut-entropy4.0.samples20.maxnew1024.seed10086.subtreePrefetch.vllm.log,bfs_accept_first,4,3426,2026-09-09 15:54:04,3482.0,98.7,309.3,2,0,0.6,66.3
dataset-lcb_v6.model-qwen3.5-9b.alpha4.0.steps100.blocks-1.prefetch-budget-4.rank-bfs_accept_first.cut-entropy4.0.samples20.maxnew1024.seed10086.subtreePrefetch.vllm.log,bfs_accept_first,4,3454,2026-09-09 15:54:14,3492.0,36.6,143.2,1,0,0.3,66.3
dataset-lcb_v6.model-qwen3.5-9b.alpha4.0.steps100.blocks-1.prefetch-budget-4.rank-bfs_accept_first.cut-entropy4.0.samples20.maxnew1024.seed10086.subtreePrefetch.vllm.log,bfs_accept_first,4,3463,2026-09-09 15:54:24,3502.0,221.0,242.4,4,0,0.8,66.3
dataset-lcb_v6.model-qwen3.5-9b.alpha4.0.steps100.blocks-1.prefetch-budget-4.rank-bfs_accept_first.cut-entropy4.0.samples20.maxnew1024.seed10086.subtreePrefetch.vllm.log,bfs_accept_first,4,3468,2026-09-09 15:54:34,3512.0,124.3,344.7,4,0,0.8,66.3
dataset-lcb_v6.model-qwen3.5-9b.alpha4.0.steps100.blocks-1.prefetch-budget-4.rank-bfs_accept_first.cut-entropy4.0.samples20.maxnew1024.seed10086.subtreePrefetch.vllm.log,bfs_accept_first,4,3473,2026-09-09 15:54:44,3522.0,76.5,348.0,4,0,0.8,66.3
dataset-lcb_v6.model-qwen3.5-9b.alpha4.0.steps100.blocks-1.prefetch-budget-4.rank-bfs_accept_first.cut-entropy4.0.samples20.maxnew1024.seed10086.subtreePrefetch.vllm.log,bfs_accept_first,4,3478,2026-09-09 15:54:54,3532.0,194.1,372.6,3,0,0.9,66.3
dataset-lcb_v6.model-qwen3.5-9b.alpha4.0.steps100.blocks-1.prefetch-budget-4.rank-bfs_accept_first.cut-entropy4.0.samples20.maxnew1024.seed10086.subtreePrefetch.vllm.log,bfs_accept_first,4,3487,2026-09-09 15:55:04,3542.0,210.3,255.5,3,0,0.4,66.3
dataset-lcb_v6.model-qwen3.5-9b.alpha4.0.steps100.blocks-1.prefetch-budget-4.rank-bfs_accept_first.cut-entropy4.0.samples20.maxnew1024.seed10086.subtreePrefetch.vllm.log,bfs_accept_first,4,3492,2026-09-09 15:55:14,3552.0,96.4,261.8,2,0,0.4,66.3
dataset-lcb_v6.model-qwen3.5-9b.alpha4.0.steps100.blocks-1.prefetch-budget-4.rank-bfs_accept_first.cut-entropy4.0.samples20.maxnew1024.seed10086.subtreePrefetch.vllm.log,bfs_accept_first,4,3497,2026-09-09 15:55:24,3562.0,69.5,284.7,2,0,0.5,66.3
dataset-lcb_v6.model-qwen3.5-9b.alpha4.0.steps100.blocks-1.prefetch-budget-4.rank-bfs_accept_first.cut-entropy4.0.samples20.maxnew1024.seed10086.subtreePrefetch.vllm.log,bfs_accept_first,4,3506,2026-09-09 15:55:34,3572.0,336.6,230.9,4,0,0.5,66.3
dataset-lcb_v6.model-qwen3.5-9b.alpha4.0.steps100.blocks-1.prefetch-budget-4.rank-bfs_accept_first.cut-entropy4.0.samples20.maxnew1024.seed10086.subtreePrefetch.vllm.log,bfs_accept_first,4,3511,2026-09-09 15:55:44,3582.0,108.1,429.4,4,0,0.7,66.3
dataset-lcb_v6.model-qwen3.5-9b.alpha4.0.steps100.blocks-1.prefetch-budget-4.rank-bfs_accept_first.cut-entropy4.0.samples20.maxnew1024.seed10086.subtreePrefetch.vllm.log,bfs_accept_first,4,3520,2026-09-09 15:55:54,3592.0,208.6,353.1,3,0,0.6,66.3
dataset-lcb_v6.model-qwen3.5-9b.alpha4.0.steps100.blocks-1.prefetch-budget-4.rank-bfs_accept_first.cut-entropy4.0.samples20.maxnew1024.seed10086.subtreePrefetch.vllm.log,bfs_accept_first,4,3525,2026-09-09 15:56:04,3602.0,94.6,288.2,3,0,0.7,66.3
dataset-lcb_v6.model-qwen3.5-9b.alpha4.0.steps100.blocks-1.prefetch-budget-4.rank-bfs_accept_first.cut-entropy4.0.samples20.maxnew1024.seed10086.subtreePrefetch.vllm.log,bfs_accept_first,4,3530,2026-09-09 15:56:14,3612.0,148.3,287.9,2,0,0.6,66.3
dataset-lcb_v6.model-qwen3.5-9b.alpha4.0.steps100.blocks-1.prefetch-budget-4.rank-bfs_accept_first.cut-entropy4.0.samples20.maxnew1024.seed10086.subtreePrefetch.vllm.log,bfs_accept_first,4,3535,2026-09-09 15:56:24,3622.0,101.0,337.6,1,0,0.3,66.3
dataset-lcb_v6.model-qwen3.5-9b.alpha4.0.steps100.blocks-1.prefetch-budget-4.rank-bfs_accept_first.cut-entropy4.0.samples20.maxnew1024.seed10086.subtreePrefetch.vllm.log,bfs_accept_first,4,3544,2026-09-09 15:56:34,3632.0,230.9,369.9,3,0,0.5,66.3
dataset-lcb_v6.model-qwen3.5-9b.alpha4.0.steps100.blocks-1.prefetch-budget-4.rank-bfs_accept_first.cut-entropy4.0.samples20.maxnew1024.seed10086.subtreePrefetch.vllm.log,bfs_accept_first,4,3549,2026-09-09 15:56:44,3642.0,117.0,237.9,3,0,0.6,66.3
dataset-lcb_v6.model-qwen3.5-9b.alpha4.0.steps100.blocks-1.prefetch-budget-4.rank-bfs_accept_first.cut-entropy4.0.samples20.maxnew1024.seed10086.subtreePrefetch.vllm.log,bfs_accept_first,4,3554,2026-09-09 15:56:54,3652.0,171.0,307.8,2,0,0.4,66.3
dataset-lcb_v6.model-qwen3.5-9b.alpha4.0.steps100.blocks-1.prefetch-budget-4.rank-bfs_accept_first.cut-entropy4.0.samples20.maxnew1024.seed10086.subtreePrefetch.vllm.log,bfs_accept_first,4,3559,2026-09-09 15:57:04,3662.0,126.9,226.6,2,0,0.5,66.3
dataset-lcb_v6.model-qwen3.5-9b.alpha4.0.steps100.blocks-1.prefetch-budget-4.rank-bfs_accept_first.cut-entropy4.0.samples20.maxnew1024.seed10086.subtreePrefetch.vllm.log,bfs_accept_first,4,3564,2026-09-09 15:57:14,3672.0,101.5,269.8,2,0,0.6,66.3
dataset-lcb_v6.model-qwen3.5-9b.alpha4.0.steps100.blocks-1.prefetch-budget-4.rank-bfs_accept_first.cut-entropy4.0.samples20.maxnew1024.seed10086.subtreePrefetch.vllm.log,bfs_accept_first,4,3573,2026-09-09 15:57:24,3682.0,289.1,300.2,4,0,0.6,66.3
dataset-lcb_v6.model-qwen3.5-9b.alpha4.0.steps100.blocks-1.prefetch-budget-4.rank-bfs_accept_first.cut-entropy4.0.samples20.maxnew1024.seed10086.subtreePrefetch.vllm.log,bfs_accept_first,4,3578,2026-09-09 15:57:34,3692.0,158.2,310.5,4,0,0.8,66.3
dataset-lcb_v6.model-qwen3.5-9b.alpha4.0.steps100.blocks-1.prefetch-budget-4.rank-bfs_accept_first.cut-entropy4.0.samples20.maxnew1024.seed10086.subtreePrefetch.vllm.log,bfs_accept_first,4,3583,2026-09-09 15:57:44,3702.0,54.4,349.5,2,0,0.4,66.3
dataset-lcb_v6.model-qwen3.5-9b.alpha4.0.steps100.blocks-1.prefetch-budget-4.rank-bfs_accept_first.cut-entropy4.0.samples20.maxnew1024.seed10086.subtreePrefetch.vllm.log,bfs_accept_first,4,3588,2026-09-09 15:57:54,3712.0,63.9,235.8,2,0,0.6,66.3
dataset-lcb_v6.model-qwen3.5-9b.alpha4.0.steps100.blocks-1.prefetch-budget-4.rank-bfs_accept_first.cut-entropy4.0.samples20.maxnew1024.seed10086.subtreePrefetch.vllm.log,bfs_accept_first,4,3593,2026-09-09 15:58:04,3722.0,141.6,268.2,1,0,0.3,66.3
dataset-lcb_v6.model-qwen3.5-9b.alpha4.0.steps100.blocks-1.prefetch-budget-4.rank-bfs_accept_first.cut-entropy4.0.samples20.maxnew1024.seed10086.subtreePrefetch.vllm.log,bfs_accept_first,4,3598,2026-09-09 15:58:14,3732.0,84.0,275.0,1,0,0.3,66.3
dataset-lcb_v6.model-qwen3.5-9b.alpha4.0.steps100.blocks-1.prefetch-budget-4.rank-bfs_accept_first.cut-entropy4.0.samples20.maxnew1024.seed10086.subtreePrefetch.vllm.log,bfs_accept_first,4,3607,2026-09-09 15:58:24,3742.0,200.2,321.1,3,0,0.4,66.3
dataset-lcb_v6.model-qwen3.5-9b.alpha4.0.steps100.blocks-1.prefetch-budget-4.rank-bfs_accept_first.cut-entropy4.0.samples20.maxnew1024.seed10086.subtreePrefetch.vllm.log,bfs_accept_first,4,3612,2026-09-09 15:58:34,3752.0,67.7,228.3,4,0,0.7,66.3
dataset-lcb_v6.model-qwen3.5-9b.alpha4.0.steps100.blocks-1.prefetch-budget-4.rank-bfs_accept_first.cut-entropy4.0.samples20.maxnew1024.seed10086.subtreePrefetch.vllm.log,bfs_accept_first,4,3617,2026-09-09 15:58:44,3762.0,144.3,280.4,2,0,0.4,66.3
dataset-lcb_v6.model-qwen3.5-9b.alpha4.0.steps100.blocks-1.prefetch-budget-4.rank-bfs_accept_first.cut-entropy4.0.samples20.maxnew1024.seed10086.subtreePrefetch.vllm.log,bfs_accept_first,4,3622,2026-09-09 15:58:54,3772.0,152.7,257.8,1,0,0.3,66.3
dataset-lcb_v6.model-qwen3.5-9b.alpha4.0.steps100.blocks-1.prefetch-budget-4.rank-bfs_accept_first.cut-entropy4.0.samples20.maxnew1024.seed10086.subtreePrefetch.vllm.log,bfs_accept_first,4,3627,2026-09-09 15:59:04,3782.0,112.0,252.0,1,0,0.3,66.3
dataset-lcb_v6.model-qwen3.5-9b.alpha4.0.steps100.blocks-1.prefetch-budget-4.rank-bfs_accept_first.cut-entropy4.0.samples20.maxnew1024.seed10086.subtreePrefetch.vllm.log,bfs_accept_first,4,3636,2026-09-09 15:59:14,3792.0,251.2,298.3,4,0,0.7,66.3
dataset-lcb_v6.model-qwen3.5-9b.alpha4.0.steps100.blocks-1.prefetch-budget-4.rank-bfs_accept_first.cut-entropy4.0.samples20.maxnew1024.seed10086.subtreePrefetch.vllm.log,bfs_accept_first,4,3641,2026-09-09 15:59:24,3802.0,78.9,327.9,4,0,0.7,66.3
dataset-lcb_v6.model-qwen3.5-9b.alpha4.0.steps100.blocks-1.prefetch-budget-4.rank-bfs_accept_first.cut-entropy4.0.samples20.maxnew1024.seed10086.subtreePrefetch.vllm.log,bfs_accept_first,4,3646,2026-09-09 15:59:34,3812.0,102.5,321.0,4,0,0.7,66.3
dataset-lcb_v6.model-qwen3.5-9b.alpha4.0.steps100.blocks-1.prefetch-budget-4.rank-bfs_accept_first.cut-entropy4.0.samples20.maxnew1024.seed10086.subtreePrefetch.vllm.log,bfs_accept_first,4,3651,2026-09-09 15:59:44,3822.0,127.7,338.6,1,0,0.2,66.3
dataset-lcb_v6.model-qwen3.5-9b.alpha4.0.steps100.blocks-1.prefetch-budget-4.rank-bfs_accept_first.cut-entropy4.0.samples20.maxnew1024.seed10086.subtreePrefetch.vllm.log,bfs_accept_first,4,3656,2026-09-09 15:59:54,3832.0,56.4,183.4,1,0,0.3,66.3
dataset-lcb_v6.model-qwen3.5-9b.alpha4.0.steps100.blocks-1.prefetch-budget-4.rank-bfs_accept_first.cut-entropy4.0.samples20.maxnew1024.seed10086.subtreePrefetch.vllm.log,bfs_accept_first,4,3688,2026-09-09 16:00:04,3842.0,189.0,126.8,4,0,0.6,66.3
dataset-lcb_v6.model-qwen3.5-9b.alpha4.0.steps100.blocks-1.prefetch-budget-4.rank-bfs_accept_first.cut-entropy4.0.samples20.maxnew1024.seed10086.subtreePrefetch.vllm.log,bfs_accept_first,4,3693,2026-09-09 16:00:14,3852.0,135.1,260.6,3,0,0.7,66.3
dataset-lcb_v6.model-qwen3.5-9b.alpha4.0.steps100.blocks-1.prefetch-budget-4.rank-bfs_accept_first.cut-entropy4.0.samples20.maxnew1024.seed10086.subtreePrefetch.vllm.log,bfs_accept_first,4,3698,2026-09-09 16:00:24,3862.0,93.1,291.1,3,0,0.6,66.3
dataset-lcb_v6.model-qwen3.5-9b.alpha4.0.steps100.blocks-1.prefetch-budget-4.rank-bfs_accept_first.cut-entropy4.0.samples20.maxnew1024.seed10086.subtreePrefetch.vllm.log,bfs_accept_first,4,3703,2026-09-09 16:00:34,3872.0,68.5,279.0,2,0,0.5,66.3
dataset-lcb_v6.model-qwen3.5-9b.alpha4.0.steps100.blocks-1.prefetch-budget-4.rank-bfs_accept_first.cut-entropy4.0.samples20.maxnew1024.seed10086.subtreePrefetch.vllm.log,bfs_accept_first,4,3712,2026-09-09 16:00:44,3882.0,195.1,299.1,4,0,0.6,66.3
dataset-lcb_v6.model-qwen3.5-9b.alpha4.0.steps100.blocks-1.prefetch-budget-4.rank-bfs_accept_first.cut-entropy4.0.samples20.maxnew1024.seed10086.subtreePrefetch.vllm.log,bfs_accept_first,4,3717,2026-09-09 16:00:54,3892.0,121.6,299.9,3,0,0.6,66.3
dataset-lcb_v6.model-qwen3.5-9b.alpha4.0.steps100.blocks-1.prefetch-budget-4.rank-bfs_accept_first.cut-entropy4.0.samples20.maxnew1024.seed10086.subtreePrefetch.vllm.log,bfs_accept_first,4,3722,2026-09-09 16:01:04,3902.0,139.3,181.9,3,0,0.5,66.3
dataset-lcb_v6.model-qwen3.5-9b.alpha4.0.steps100.blocks-1.prefetch-budget-4.rank-bfs_accept_first.cut-entropy4.0.samples20.maxnew1024.seed10086.subtreePrefetch.vllm.log,bfs_accept_first,4,3727,2026-09-09 16:01:14,3912.0,117.9,286.3,4,0,0.8,66.3
dataset-lcb_v6.model-qwen3.5-9b.alpha4.0.steps100.blocks-1.prefetch-budget-4.rank-bfs_accept_first.cut-entropy4.0.samples20.maxnew1024.seed10086.subtreePrefetch.vllm.log,bfs_accept_first,4,3732,2026-09-09 16:01:24,3922.0,124.9,331.8,1,0,0.3,66.3
dataset-lcb_v6.model-qwen3.5-9b.alpha4.0.steps100.blocks-1.prefetch-budget-4.rank-bfs_accept_first.cut-entropy4.0.samples20.maxnew1024.seed10086.subtreePrefetch.vllm.log,bfs_accept_first,4,3737,2026-09-09 16:01:34,3932.0,137.7,252.0,2,0,0.6,66.3
dataset-lcb_v6.model-qwen3.5-9b.alpha4.0.steps100.blocks-1.prefetch-budget-4.rank-bfs_accept_first.cut-entropy4.0.samples20.maxnew1024.seed10086.subtreePrefetch.vllm.log,bfs_accept_first,4,3746,2026-09-09 16:01:44,3942.0,367.4,346.1,4,0,0.5,66.3
dataset-lcb_v6.model-qwen3.5-9b.alpha4.0.steps100.blocks-1.prefetch-budget-4.rank-bfs_accept_first.cut-entropy4.0.samples20.maxnew1024.seed10086.subtreePrefetch.vllm.log,bfs_accept_first,4,3751,2026-09-09 16:01:54,3952.0,145.8,337.9,4,0,0.7,66.3
dataset-lcb_v6.model-qwen3.5-9b.alpha4.0.steps100.blocks-1.prefetch-budget-4.rank-bfs_accept_first.cut-entropy4.0.samples20.maxnew1024.seed10086.subtreePrefetch.vllm.log,bfs_accept_first,4,3756,2026-09-09 16:02:04,3962.0,157.3,371.5,4,0,0.8,66.3
dataset-lcb_v6.model-qwen3.5-9b.alpha4.0.steps100.blocks-1.prefetch-budget-4.rank-bfs_accept_first.cut-entropy4.0.samples20.maxnew1024.seed10086.subtreePrefetch.vllm.log,bfs_accept_first,4,3761,2026-09-09 16:02:14,3972.0,151.2,400.7,3,0,0.6,66.3
dataset-lcb_v6.model-qwen3.5-9b.alpha4.0.steps100.blocks-1.prefetch-budget-4.rank-bfs_accept_first.cut-entropy4.0.samples20.maxnew1024.seed10086.subtreePrefetch.vllm.log,bfs_accept_first,4,3766,2026-09-09 16:02:24,3982.0,137.4,349.1,1,0,0.3,66.3
dataset-lcb_v6.model-qwen3.5-9b.alpha4.0.steps100.blocks-1.prefetch-budget-4.rank-bfs_accept_first.cut-entropy4.0.samples20.maxnew1024.seed10086.subtreePrefetch.vllm.log,bfs_accept_first,4,3771,2026-09-09 16:02:34,3992.0,162.3,306.1,1,0,0.3,66.3
dataset-lcb_v6.model-qwen3.5-9b.alpha4.0.steps100.blocks-1.prefetch-budget-4.rank-bfs_accept_first.cut-entropy4.0.samples20.maxnew1024.seed10086.subtreePrefetch.vllm.log,bfs_accept_first,4,3780,2026-09-09 16:02:44,4002.0,333.9,327.3,4,0,0.7,66.3
dataset-lcb_v6.model-qwen3.5-9b.alpha4.0.steps100.blocks-1.prefetch-budget-4.rank-bfs_accept_first.cut-entropy4.0.samples20.maxnew1024.seed10086.subtreePrefetch.vllm.log,bfs_accept_first,4,3785,2026-09-09 16:02:54,4012.0,133.1,349.4,4,0,0.8,66.3
dataset-lcb_v6.model-qwen3.5-9b.alpha4.0.steps100.blocks-1.prefetch-budget-4.rank-bfs_accept_first.cut-entropy4.0.samples20.maxnew1024.seed10086.subtreePrefetch.vllm.log,bfs_accept_first,4,3790,2026-09-09 16:03:04,4022.0,156.1,374.1,4,0,0.9,66.3
dataset-lcb_v6.model-qwen3.5-9b.alpha4.0.steps100.blocks-1.prefetch-budget-4.rank-bfs_accept_first.cut-entropy4.0.samples20.maxnew1024.seed10086.subtreePrefetch.vllm.log,bfs_accept_first,4,3799,2026-09-09 16:03:14,4032.0,292.0,339.4,4,0,0.5,66.3
dataset-lcb_v6.model-qwen3.5-9b.alpha4.0.steps100.blocks-1.prefetch-budget-4.rank-bfs_accept_first.cut-entropy4.0.samples20.maxnew1024.seed10086.subtreePrefetch.vllm.log,bfs_accept_first,4,3804,2026-09-09 16:03:24,4042.0,142.4,387.9,4,0,0.7,66.3
dataset-lcb_v6.model-qwen3.5-9b.alpha4.0.steps100.blocks-1.prefetch-budget-4.rank-bfs_accept_first.cut-entropy4.0.samples20.maxnew1024.seed10086.subtreePrefetch.vllm.log,bfs_accept_first,4,3809,2026-09-09 16:03:34,4052.0,125.1,343.4,4,0,0.7,66.3
dataset-lcb_v6.model-qwen3.5-9b.alpha4.0.steps100.blocks-1.prefetch-budget-4.rank-bfs_accept_first.cut-entropy4.0.samples20.maxnew1024.seed10086.subtreePrefetch.vllm.log,bfs_accept_first,4,3814,2026-09-09 16:03:44,4062.0,133.4,332.4,3,0,0.7,66.3
dataset-lcb_v6.model-qwen3.5-9b.alpha4.0.steps100.blocks-1.prefetch-budget-4.rank-bfs_accept_first.cut-entropy4.0.samples20.maxnew1024.seed10086.subtreePrefetch.vllm.log,bfs_accept_first,4,3819,2026-09-09 16:03:54,4072.0,137.6,324.9,3,0,0.7,66.3
dataset-lcb_v6.model-qwen3.5-9b.alpha4.0.steps100.blocks-1.prefetch-budget-4.rank-bfs_accept_first.cut-entropy4.0.samples20.maxnew1024.seed10086.subtreePrefetch.vllm.log,bfs_accept_first,4,3824,2026-09-09 16:04:04,4082.0,143.1,319.8,2,0,0.6,66.3
dataset-lcb_v6.model-qwen3.5-9b.alpha4.0.steps100.blocks-1.prefetch-budget-4.rank-bfs_accept_first.cut-entropy4.0.samples20.maxnew1024.seed10086.subtreePrefetch.vllm.log,bfs_accept_first,4,3829,2026-09-09 16:04:14,4092.0,186.6,347.6,3,0,0.9,66.3
dataset-lcb_v6.model-qwen3.5-9b.alpha4.0.steps100.blocks-1.prefetch-budget-4.rank-bfs_accept_first.cut-entropy4.0.samples20.maxnew1024.seed10086.subtreePrefetch.vllm.log,bfs_accept_first,4,3838,2026-09-09 16:04:24,4102.0,367.6,374.0,4,0,0.9,66.3
dataset-lcb_v6.model-qwen3.5-9b.alpha4.0.steps100.blocks-1.prefetch-budget-4.rank-bfs_accept_first.cut-entropy4.0.samples20.maxnew1024.seed10086.subtreePrefetch.vllm.log,bfs_accept_first,4,3843,2026-09-09 16:04:34,4112.0,134.8,387.3,4,0,0.9,66.3
dataset-lcb_v6.model-qwen3.5-9b.alpha4.0.steps100.blocks-1.prefetch-budget-4.rank-bfs_accept_first.cut-entropy4.0.samples20.maxnew1024.seed10086.subtreePrefetch.vllm.log,bfs_accept_first,4,3848,2026-09-09 16:04:44,4122.0,134.7,309.2,3,0,0.7,66.3
dataset-lcb_v6.model-qwen3.5-9b.alpha4.0.steps100.blocks-1.prefetch-budget-4.rank-bfs_accept_first.cut-entropy4.0.samples20.maxnew1024.seed10086.subtreePrefetch.vllm.log,bfs_accept_first,4,3853,2026-09-09 16:04:54,4132.0,139.5,292.9,2,0,0.4,66.3
dataset-lcb_v6.model-qwen3.5-9b.alpha4.0.steps100.blocks-1.prefetch-budget-4.rank-bfs_accept_first.cut-entropy4.0.samples20.maxnew1024.seed10086.subtreePrefetch.vllm.log,bfs_accept_first,4,3858,2026-09-09 16:05:04,4142.0,70.1,321.3,3,0,0.8,66.3
dataset-lcb_v6.model-qwen3.5-9b.alpha4.0.steps100.blocks-1.prefetch-budget-4.rank-bfs_accept_first.cut-entropy4.0.samples20.maxnew1024.seed10086.subtreePrefetch.vllm.log,bfs_accept_first,4,3867,2026-09-09 16:05:14,4152.0,291.3,321.8,4,0,0.4,66.3
dataset-lcb_v6.model-qwen3.5-9b.alpha4.0.steps100.blocks-1.prefetch-budget-4.rank-bfs_accept_first.cut-entropy4.0.samples20.maxnew1024.seed10086.subtreePrefetch.vllm.log,bfs_accept_first,4,3872,2026-09-09 16:05:24,4162.0,179.9,423.8,4,0,0.8,66.3
dataset-lcb_v6.model-qwen3.5-9b.alpha4.0.steps100.blocks-1.prefetch-budget-4.rank-bfs_accept_first.cut-entropy4.0.samples20.maxnew1024.seed10086.subtreePrefetch.vllm.log,bfs_accept_first,4,3877,2026-09-09 16:05:34,4172.0,157.9,429.7,4,0,0.9,66.3
dataset-lcb_v6.model-qwen3.5-9b.alpha4.0.steps100.blocks-1.prefetch-budget-4.rank-bfs_accept_first.cut-entropy4.0.samples20.maxnew1024.seed10086.subtreePrefetch.vllm.log,bfs_accept_first,4,3882,2026-09-09 16:05:44,4182.0,50.2,225.5,1,0,0.2,66.3
dataset-lcb_v6.model-qwen3.5-9b.alpha4.0.steps100.blocks-1.prefetch-budget-4.rank-bfs_accept_first.cut-entropy4.0.samples20.maxnew1024.seed10086.subtreePrefetch.vllm.log,bfs_accept_first,4,3910,2026-09-09 16:05:54,4192.0,39.7,116.9,1,0,0.3,66.3
dataset-lcb_v6.model-qwen3.5-9b.alpha4.0.steps100.blocks-1.prefetch-budget-4.rank-bfs_accept_first.cut-entropy4.0.samples20.maxnew1024.seed10086.subtreePrefetch.vllm.log,bfs_accept_first,4,3915,2026-09-09 16:06:04,4202.0,63.0,303.2,2,0,0.6,66.3
dataset-lcb_v6.model-qwen3.5-9b.alpha4.0.steps100.blocks-1.prefetch-budget-4.rank-bfs_accept_first.cut-entropy4.0.samples20.maxnew1024.seed10086.subtreePrefetch.vllm.log,bfs_accept_first,4,3924,2026-09-09 16:06:14,4212.0,220.1,219.0,4,0,0.6,66.3
dataset-lcb_v6.model-qwen3.5-9b.alpha4.0.steps100.blocks-1.prefetch-budget-4.rank-bfs_accept_first.cut-entropy4.0.samples20.maxnew1024.seed10086.subtreePrefetch.vllm.log,bfs_accept_first,4,3929,2026-09-09 16:06:24,4222.0,94.1,322.5,4,0,0.8,66.3
dataset-lcb_v6.model-qwen3.5-9b.alpha4.0.steps100.blocks-1.prefetch-budget-4.rank-bfs_accept_first.cut-entropy4.0.samples20.maxnew1024.seed10086.subtreePrefetch.vllm.log,bfs_accept_first,4,3934,2026-09-09 16:06:34,4232.0,112.2,334.7,2,0,0.6,66.3
dataset-lcb_v6.model-qwen3.5-9b.alpha4.0.steps100.blocks-1.prefetch-budget-4.rank-bfs_accept_first.cut-entropy4.0.samples20.maxnew1024.seed10086.subtreePrefetch.vllm.log,bfs_accept_first,4,3939,2026-09-09 16:06:44,4242.0,149.9,239.7,1,0,0.3,66.3
dataset-lcb_v6.model-qwen3.5-9b.alpha4.0.steps100.blocks-1.prefetch-budget-4.rank-bfs_accept_first.cut-entropy4.0.samples20.maxnew1024.seed10086.subtreePrefetch.vllm.log,bfs_accept_first,4,3948,2026-09-09 16:06:54,4252.0,148.4,302.6,4,0,0.8,66.3
dataset-lcb_v6.model-qwen3.5-9b.alpha4.0.steps100.blocks-1.prefetch-budget-4.rank-bfs_accept_first.cut-entropy4.0.samples20.maxnew1024.seed10086.subtreePrefetch.vllm.log,bfs_accept_first,4,3953,2026-09-09 16:07:04,4262.0,137.2,322.8,4,0,0.9,66.3
dataset-lcb_v6.model-qwen3.5-9b.alpha4.0.steps100.blocks-1.prefetch-budget-4.rank-bfs_accept_first.cut-entropy4.0.samples20.maxnew1024.seed10086.subtreePrefetch.vllm.log,bfs_accept_first,4,3958,2026-09-09 16:07:14,4272.0,130.2,307.3,2,0,0.5,66.3
dataset-lcb_v6.model-qwen3.5-9b.alpha4.0.steps100.blocks-1.prefetch-budget-4.rank-bfs_accept_first.cut-entropy4.0.samples20.maxnew1024.seed10086.subtreePrefetch.vllm.log,bfs_accept_first,4,3963,2026-09-09 16:07:24,4282.0,154.6,275.1,2,0,0.6,66.3
dataset-lcb_v6.model-qwen3.5-9b.alpha4.0.steps100.blocks-1.prefetch-budget-4.rank-bfs_accept_first.cut-entropy4.0.samples20.maxnew1024.seed10086.subtreePrefetch.vllm.log,bfs_accept_first,4,3972,2026-09-09 16:07:34,4292.0,201.4,394.4,4,0,0.5,66.3
dataset-lcb_v6.model-qwen3.5-9b.alpha4.0.steps100.blocks-1.prefetch-budget-4.rank-bfs_accept_first.cut-entropy4.0.samples20.maxnew1024.seed10086.subtreePrefetch.vllm.log,bfs_accept_first,4,3977,2026-09-09 16:07:44,4302.0,57.7,365.7,3,0,0.5,66.3
dataset-lcb_v6.model-qwen3.5-9b.alpha4.0.steps100.blocks-1.prefetch-budget-4.rank-bfs_accept_first.cut-entropy4.0.samples20.maxnew1024.seed10086.subtreePrefetch.vllm.log,bfs_accept_first,4,3986,2026-09-09 16:07:54,4312.0,201.5,262.4,4,0,0.9,66.3
dataset-lcb_v6.model-qwen3.5-9b.alpha4.0.steps100.blocks-1.prefetch-budget-4.rank-bfs_accept_first.cut-entropy4.0.samples20.maxnew1024.seed10086.subtreePrefetch.vllm.log,bfs_accept_first,4,3991,2026-09-09 16:08:04,4322.0,183.6,384.7,4,0,0.9,66.3
dataset-lcb_v6.model-qwen3.5-9b.alpha4.0.steps100.blocks-1.prefetch-budget-4.rank-bfs_accept_first.cut-entropy4.0.samples20.maxnew1024.seed10086.subtreePrefetch.vllm.log,bfs_accept_first,4,3996,2026-09-09 16:08:14,4332.0,154.7,324.1,4,0,0.9,66.3
dataset-lcb_v6.model-qwen3.5-9b.alpha4.0.steps100.blocks-1.prefetch-budget-4.rank-bfs_accept_first.cut-entropy4.0.samples20.maxnew1024.seed10086.subtreePrefetch.vllm.log,bfs_accept_first,4,4001,2026-09-09 16:08:24,4342.0,175.4,404.2,3,0,0.6,66.3
dataset-lcb_v6.model-qwen3.5-9b.alpha4.0.steps100.blocks-1.prefetch-budget-4.rank-bfs_accept_first.cut-entropy4.0.samples20.maxnew1024.seed10086.subtreePrefetch.vllm.log,bfs_accept_first,4,4006,2026-09-09 16:08:34,4352.0,149.0,337.9,2,0,0.6,66.3
dataset-lcb_v6.model-qwen3.5-9b.alpha4.0.steps100.blocks-1.prefetch-budget-4.rank-bfs_accept_first.cut-entropy4.0.samples20.maxnew1024.seed10086.subtreePrefetch.vllm.log,bfs_accept_first,4,4011,2026-09-09 16:08:44,4362.0,171.0,328.5,2,0,0.6,66.3
dataset-lcb_v6.model-qwen3.5-9b.alpha4.0.steps100.blocks-1.prefetch-budget-4.rank-bfs_accept_first.cut-entropy4.0.samples20.maxnew1024.seed10086.subtreePrefetch.vllm.log,bfs_accept_first,4,4020,2026-09-09 16:08:54,4372.0,222.7,305.7,4,0,0.5,66.3
dataset-lcb_v6.model-qwen3.5-9b.alpha4.0.steps100.blocks-1.prefetch-budget-4.rank-bfs_accept_first.cut-entropy4.0.samples20.maxnew1024.seed10086.subtreePrefetch.vllm.log,bfs_accept_first,4,4025,2026-09-09 16:09:04,4382.0,118.8,368.6,4,0,0.7,66.3
dataset-lcb_v6.model-qwen3.5-9b.alpha4.0.steps100.blocks-1.prefetch-budget-4.rank-bfs_accept_first.cut-entropy4.0.samples20.maxnew1024.seed10086.subtreePrefetch.vllm.log,bfs_accept_first,4,4030,2026-09-09 16:09:14,4392.0,105.8,334.4,4,0,0.7,66.3
dataset-lcb_v6.model-qwen3.5-9b.alpha4.0.steps100.blocks-1.prefetch-budget-4.rank-bfs_accept_first.cut-entropy4.0.samples20.maxnew1024.seed10086.subtreePrefetch.vllm.log,bfs_accept_first,4,4035,2026-09-09 16:09:24,4402.0,115.7,371.5,2,0,0.5,66.3
dataset-lcb_v6.model-qwen3.5-9b.alpha4.0.steps100.blocks-1.prefetch-budget-4.rank-bfs_accept_first.cut-entropy4.0.samples20.maxnew1024.seed10086.subtreePrefetch.vllm.log,bfs_accept_first,4,4040,2026-09-09 16:09:34,4412.0,97.1,305.9,2,0,0.6,66.3
dataset-lcb_v6.model-qwen3.5-9b.alpha4.0.steps100.blocks-1.prefetch-budget-4.rank-bfs_accept_first.cut-entropy4.0.samples20.maxnew1024.seed10086.subtreePrefetch.vllm.log,bfs_accept_first,4,4045,2026-09-09 16:09:44,4422.0,157.6,318.3,2,0,0.6,66.3
dataset-lcb_v6.model-qwen3.5-9b.alpha4.0.steps100.blocks-1.prefetch-budget-4.rank-bfs_accept_first.cut-entropy4.0.samples20.maxnew1024.seed10086.subtreePrefetch.vllm.log,bfs_accept_first,4,4054,2026-09-09 16:09:54,4432.0,254.5,375.1,4,0,0.6,66.3
dataset-lcb_v6.model-qwen3.5-9b.alpha4.0.steps100.blocks-1.prefetch-budget-4.rank-bfs_accept_first.cut-entropy4.0.samples20.maxnew1024.seed10086.subtreePrefetch.vllm.log,bfs_accept_first,4,4059,2026-09-09 16:10:04,4442.0,146.9,328.5,4,0,0.8,66.3
dataset-lcb_v6.model-qwen3.5-9b.alpha4.0.steps100.blocks-1.prefetch-budget-4.rank-bfs_accept_first.cut-entropy4.0.samples20.maxnew1024.seed10086.subtreePrefetch.vllm.log,bfs_accept_first,4,4064,2026-09-09 16:10:14,4452.0,144.3,415.7,4,0,0.8,66.3
dataset-lcb_v6.model-qwen3.5-9b.alpha4.0.steps100.blocks-1.prefetch-budget-4.rank-bfs_accept_first.cut-entropy4.0.samples20.maxnew1024.seed10086.subtreePrefetch.vllm.log,bfs_accept_first,4,4069,2026-09-09 16:10:24,4462.0,147.8,404.8,3,0,0.6,66.3
dataset-lcb_v6.model-qwen3.5-9b.alpha4.0.steps100.blocks-1.prefetch-budget-4.rank-bfs_accept_first.cut-entropy4.0.samples20.maxnew1024.seed10086.subtreePrefetch.vllm.log,bfs_accept_first,4,4074,2026-09-09 16:10:34,4472.0,152.8,355.1,2,0,0.6,66.3
dataset-lcb_v6.model-qwen3.5-9b.alpha4.0.steps100.blocks-1.prefetch-budget-4.rank-bfs_accept_first.cut-entropy4.0.samples20.maxnew1024.seed10086.subtreePrefetch.vllm.log,bfs_accept_first,4,4079,2026-09-09 16:10:45,4483.0,132.1,268.1,1,0,0.3,66.3
dataset-lcb_v6.model-qwen3.5-9b.alpha4.0.steps100.blocks-1.prefetch-budget-4.rank-bfs_accept_first.cut-entropy4.0.samples20.maxnew1024.seed10086.subtreePrefetch.vllm.log,bfs_accept_first,4,4088,2026-09-09 16:10:55,4493.0,181.5,294.2,4,0,0.5,66.3
dataset-lcb_v6.model-qwen3.5-9b.alpha4.0.steps100.blocks-1.prefetch-budget-4.rank-bfs_accept_first.cut-entropy4.0.samples20.maxnew1024.seed10086.subtreePrefetch.vllm.log,bfs_accept_first,4,4093,2026-09-09 16:11:05,4503.0,101.1,373.1,4,0,0.7,66.3
dataset-lcb_v6.model-qwen3.5-9b.alpha4.0.steps100.blocks-1.prefetch-budget-4.rank-bfs_accept_first.cut-entropy4.0.samples20.maxnew1024.seed10086.subtreePrefetch.vllm.log,bfs_accept_first,4,4098,2026-09-09 16:11:15,4513.0,68.9,273.0,2,0,0.4,66.3
dataset-lcb_v6.model-qwen3.5-9b.alpha4.0.steps100.blocks-1.prefetch-budget-4.rank-bfs_accept_first.cut-entropy4.0.samples20.maxnew1024.seed10086.subtreePrefetch.vllm.log,bfs_accept_first,4,4126,2026-09-09 16:11:25,4523.0,35.4,163.9,1,0,0.2,66.3
dataset-lcb_v6.model-qwen3.5-9b.alpha4.0.steps100.blocks-1.prefetch-budget-4.rank-bfs_accept_first.cut-entropy4.0.samples20.maxnew1024.seed10086.subtreePrefetch.vllm.log,bfs_accept_first,4,4131,2026-09-09 16:11:35,4533.0,124.5,291.9,2,0,0.4,66.3
dataset-lcb_v6.model-qwen3.5-9b.alpha4.0.steps100.blocks-1.prefetch-budget-4.rank-bfs_accept_first.cut-entropy4.0.samples20.maxnew1024.seed10086.subtreePrefetch.vllm.log,bfs_accept_first,4,4136,2026-09-09 16:11:45,4543.0,56.4,296.8,1,0,0.3,66.3
dataset-lcb_v6.model-qwen3.5-9b.alpha4.0.steps100.blocks-1.prefetch-budget-4.rank-bfs_accept_first.cut-entropy4.0.samples20.maxnew1024.seed10086.subtreePrefetch.vllm.log,bfs_accept_first,4,4141,2026-09-09 16:11:55,4553.0,121.5,327.5,2,0,0.6,66.3
dataset-lcb_v6.model-qwen3.5-9b.alpha4.0.steps100.blocks-1.prefetch-budget-4.rank-bfs_accept_first.cut-entropy4.0.samples20.maxnew1024.seed10086.subtreePrefetch.vllm.log,bfs_accept_first,4,4150,2026-09-09 16:12:05,4563.0,208.4,254.4,4,0,0.6,66.3
dataset-lcb_v6.model-qwen3.5-9b.alpha4.0.steps100.blocks-1.prefetch-budget-4.rank-bfs_accept_first.cut-entropy4.0.samples20.maxnew1024.seed10086.subtreePrefetch.vllm.log,bfs_accept_first,4,4155,2026-09-09 16:12:15,4573.0,141.8,368.3,3,0,0.7,66.3
dataset-lcb_v6.model-qwen3.5-9b.alpha4.0.steps100.blocks-1.prefetch-budget-4.rank-bfs_accept_first.cut-entropy4.0.samples20.maxnew1024.seed10086.subtreePrefetch.vllm.log,bfs_accept_first,4,4160,2026-09-09 16:12:25,4583.0,76.0,249.8,1,0,0.3,66.3
dataset-lcb_v6.model-qwen3.5-9b.alpha4.0.steps100.blocks-1.prefetch-budget-4.rank-bfs_accept_first.cut-entropy4.0.samples20.maxnew1024.seed10086.subtreePrefetch.vllm.log,bfs_accept_first,4,4165,2026-09-09 16:12:35,4593.0,97.0,258.5,1,0,0.3,66.3
dataset-lcb_v6.model-qwen3.5-9b.alpha4.0.steps100.blocks-1.prefetch-budget-4.rank-bfs_accept_first.cut-entropy4.0.samples20.maxnew1024.seed10086.subtreePrefetch.vllm.log,bfs_accept_first,4,4174,2026-09-09 16:12:45,4603.0,197.3,273.7,4,0,0.5,66.3
dataset-lcb_v6.model-qwen3.5-9b.alpha4.0.steps100.blocks-1.prefetch-budget-4.rank-bfs_accept_first.cut-entropy4.0.samples20.maxnew1024.seed10086.subtreePrefetch.vllm.log,bfs_accept_first,4,4179,2026-09-09 16:12:55,4613.0,88.0,292.4,3,0,0.6,66.3
dataset-lcb_v6.model-qwen3.5-9b.alpha4.0.steps100.blocks-1.prefetch-budget-4.rank-bfs_accept_first.cut-entropy4.0.samples20.maxnew1024.seed10086.subtreePrefetch.vllm.log,bfs_accept_first,4,4184,2026-09-09 16:13:05,4623.0,109.0,232.5,3,0,0.7,66.3
dataset-lcb_v6.model-qwen3.5-9b.alpha4.0.steps100.blocks-1.prefetch-budget-4.rank-bfs_accept_first.cut-entropy4.0.samples20.maxnew1024.seed10086.subtreePrefetch.vllm.log,bfs_accept_first,4,4189,2026-09-09 16:13:15,4633.0,156.6,289.0,4,0,0.8,66.3
dataset-lcb_v6.model-qwen3.5-9b.alpha4.0.steps100.blocks-1.prefetch-budget-4.rank-bfs_accept_first.cut-entropy4.0.samples20.maxnew1024.seed10086.subtreePrefetch.vllm.log,bfs_accept_first,4,4194,2026-09-09 16:13:25,4643.0,159.4,402.6,3,0,0.6,66.3
dataset-lcb_v6.model-qwen3.5-9b.alpha4.0.steps100.blocks-1.prefetch-budget-4.rank-bfs_accept_first.cut-entropy4.0.samples20.maxnew1024.seed10086.subtreePrefetch.vllm.log,bfs_accept_first,4,4199,2026-09-09 16:13:35,4653.0,143.2,385.7,4,0,0.8,66.3
dataset-lcb_v6.model-qwen3.5-9b.alpha4.0.steps100.blocks-1.prefetch-budget-4.rank-bfs_accept_first.cut-entropy4.0.samples20.maxnew1024.seed10086.subtreePrefetch.vllm.log,bfs_accept_first,4,4204,2026-09-09 16:13:45,4663.0,96.4,398.6,3,0,0.8,66.3
dataset-lcb_v6.model-qwen3.5-9b.alpha4.0.steps100.blocks-1.prefetch-budget-4.rank-bfs_accept_first.cut-entropy4.0.samples20.maxnew1024.seed10086.subtreePrefetch.vllm.log,bfs_accept_first,4,4209,2026-09-09 16:13:55,4673.0,101.4,306.5,3,0,0.9,66.3
dataset-lcb_v6.model-qwen3.5-9b.alpha4.0.steps100.blocks-1.prefetch-budget-4.rank-bfs_accept_first.cut-entropy4.0.samples20.maxnew1024.seed10086.subtreePrefetch.vllm.log,bfs_accept_first,4,4214,2026-09-09 16:14:05,4683.0,112.2,332.9,3,0,0.9,66.3
dataset-lcb_v6.model-qwen3.5-9b.alpha4.0.steps100.blocks-1.prefetch-budget-4.rank-bfs_accept_first.cut-entropy4.0.samples20.maxnew1024.seed10086.subtreePrefetch.vllm.log,bfs_accept_first,4,4219,2026-09-09 16:14:15,4693.0,114.5,404.2,3,0,0.9,66.3
dataset-lcb_v6.model-qwen3.5-9b.alpha4.0.steps100.blocks-1.prefetch-budget-4.rank-bfs_accept_first.cut-entropy4.0.samples20.maxnew1024.seed10086.subtreePrefetch.vllm.log,bfs_accept_first,4,4224,2026-09-09 16:14:25,4703.0,168.4,366.0,1,0,0.3,66.3
dataset-lcb_v6.model-qwen3.5-9b.alpha4.0.steps100.blocks-1.prefetch-budget-4.rank-bfs_accept_first.cut-entropy4.0.samples20.maxnew1024.seed10086.subtreePrefetch.vllm.log,bfs_accept_first,4,4233,2026-09-09 16:14:35,4713.0,320.2,340.6,4,0,0.4,66.3
dataset-lcb_v6.model-qwen3.5-9b.alpha4.0.steps100.blocks-1.prefetch-budget-4.rank-bfs_accept_first.cut-entropy4.0.samples20.maxnew1024.seed10086.subtreePrefetch.vllm.log,bfs_accept_first,4,4238,2026-09-09 16:14:45,4723.0,103.6,423.6,4,0,0.5,66.3
dataset-lcb_v6.model-qwen3.5-9b.alpha4.0.steps100.blocks-1.prefetch-budget-4.rank-bfs_accept_first.cut-entropy4.0.samples20.maxnew1024.seed10086.subtreePrefetch.vllm.log,bfs_accept_first,4,4243,2026-09-09 16:14:55,4733.0,129.2,374.8,4,0,0.8,66.3
dataset-lcb_v6.model-qwen3.5-9b.alpha4.0.steps100.blocks-1.prefetch-budget-4.rank-bfs_accept_first.cut-entropy4.0.samples20.maxnew1024.seed10086.subtreePrefetch.vllm.log,bfs_accept_first,4,4248,2026-09-09 16:15:05,4743.0,173.6,396.9,4,0,0.8,66.3
dataset-lcb_v6.model-qwen3.5-9b.alpha4.0.steps100.blocks-1.prefetch-budget-4.rank-bfs_accept_first.cut-entropy4.0.samples20.maxnew1024.seed10086.subtreePrefetch.vllm.log,bfs_accept_first,4,4253,2026-09-09 16:15:15,4753.0,143.1,406.3,4,0,0.8,66.3
dataset-lcb_v6.model-qwen3.5-9b.alpha4.0.steps100.blocks-1.prefetch-budget-4.rank-bfs_accept_first.cut-entropy4.0.samples20.maxnew1024.seed10086.subtreePrefetch.vllm.log,bfs_accept_first,4,4258,2026-09-09 16:15:25,4763.0,143.1,434.1,4,0,0.8,66.3
dataset-lcb_v6.model-qwen3.5-9b.alpha4.0.steps100.blocks-1.prefetch-budget-4.rank-bfs_accept_first.cut-entropy4.0.samples20.maxnew1024.seed10086.subtreePrefetch.vllm.log,bfs_accept_first,4,4263,2026-09-09 16:15:35,4773.0,158.4,433.6,4,0,0.9,66.3
dataset-lcb_v6.model-qwen3.5-9b.alpha4.0.steps100.blocks-1.prefetch-budget-4.rank-bfs_accept_first.cut-entropy4.0.samples20.maxnew1024.seed10086.subtreePrefetch.vllm.log,bfs_accept_first,4,4268,2026-09-09 16:15:45,4783.0,115.7,420.9,4,0,1.2,66.3
dataset-lcb_v6.model-qwen3.5-9b.alpha4.0.steps100.blocks-1.prefetch-budget-4.rank-bfs_accept_first.cut-entropy4.0.samples20.maxnew1024.seed10086.subtreePrefetch.vllm.log,bfs_accept_first,4,4273,2026-09-09 16:15:55,4793.0,156.7,406.8,4,0,1.2,66.3
dataset-lcb_v6.model-qwen3.5-9b.alpha4.0.steps100.blocks-1.prefetch-budget-4.rank-bfs_accept_first.cut-entropy4.0.samples20.maxnew1024.seed10086.subtreePrefetch.vllm.log,bfs_accept_first,4,4278,2026-09-09 16:16:05,4803.0,120.6,365.3,2,0,0.6,66.3
dataset-lcb_v6.model-qwen3.5-9b.alpha4.0.steps100.blocks-1.prefetch-budget-4.rank-bfs_accept_first.cut-entropy4.0.samples20.maxnew1024.seed10086.subtreePrefetch.vllm.log,bfs_accept_first,4,4283,2026-09-09 16:16:15,4813.0,171.2,343.4,2,0,0.6,66.3
dataset-lcb_v6.model-qwen3.5-9b.alpha4.0.steps100.blocks-1.prefetch-budget-4.rank-bfs_accept_first.cut-entropy4.0.samples20.maxnew1024.seed10086.subtreePrefetch.vllm.log,bfs_accept_first,4,4292,2026-09-09 16:16:25,4823.0,250.8,406.3,4,0,0.4,66.3
dataset-lcb_v6.model-qwen3.5-9b.alpha4.0.steps100.blocks-1.prefetch-budget-4.rank-bfs_accept_first.cut-entropy4.0.samples20.maxnew1024.seed10086.subtreePrefetch.vllm.log,bfs_accept_first,4,4297,2026-09-09 16:16:35,4833.0,80.2,435.4,4,0,0.6,66.3
dataset-lcb_v6.model-qwen3.5-9b.alpha4.0.steps100.blocks-1.prefetch-budget-4.rank-bfs_accept_first.cut-entropy4.0.samples20.maxnew1024.seed10086.subtreePrefetch.vllm.log,bfs_accept_first,4,4302,2026-09-09 16:16:45,4843.0,143.1,347.2,4,0,0.8,66.3
dataset-lcb_v6.model-qwen3.5-9b.alpha4.0.steps100.blocks-1.prefetch-budget-4.rank-bfs_accept_first.cut-entropy4.0.samples20.maxnew1024.seed10086.subtreePrefetch.vllm.log,bfs_accept_first,4,4307,2026-09-09 16:16:55,4853.0,159.0,434.8,4,0,0.9,66.3
dataset-lcb_v6.model-qwen3.5-9b.alpha4.0.steps100.blocks-1.prefetch-budget-4.rank-bfs_accept_first.cut-entropy4.0.samples20.maxnew1024.seed10086.subtreePrefetch.vllm.log,bfs_accept_first,4,4312,2026-09-09 16:17:05,4863.0,117.1,372.6,4,0,0.8,66.3
dataset-lcb_v6.model-qwen3.5-9b.alpha4.0.steps100.blocks-1.prefetch-budget-4.rank-bfs_accept_first.cut-entropy4.0.samples20.maxnew1024.seed10086.subtreePrefetch.vllm.log,bfs_accept_first,4,4317,2026-09-09 16:17:15,4873.0,91.5,407.2,4,0,0.7,66.3
dataset-lcb_v6.model-qwen3.5-9b.alpha4.0.steps100.blocks-1.prefetch-budget-4.rank-bfs_accept_first.cut-entropy4.0.samples20.maxnew1024.seed10086.subtreePrefetch.vllm.log,bfs_accept_first,4,4322,2026-09-09 16:17:25,4883.0,115.7,384.6,4,0,0.9,66.3
dataset-lcb_v6.model-qwen3.5-9b.alpha4.0.steps100.blocks-1.prefetch-budget-4.rank-bfs_accept_first.cut-entropy4.0.samples20.maxnew1024.seed10086.subtreePrefetch.vllm.log,bfs_accept_first,4,4327,2026-09-09 16:17:35,4893.0,87.2,411.7,4,0,0.9,66.3
dataset-lcb_v6.model-qwen3.5-9b.alpha4.0.steps100.blocks-1.prefetch-budget-4.rank-bfs_accept_first.cut-entropy4.0.samples20.maxnew1024.seed10086.subtreePrefetch.vllm.log,bfs_accept_first,4,4332,2026-09-09 16:17:45,4903.0,138.9,361.0,3,0,0.7,66.3
dataset-lcb_v6.model-qwen3.5-9b.alpha4.0.steps100.blocks-1.prefetch-budget-4.rank-bfs_accept_first.cut-entropy4.0.samples20.maxnew1024.seed10086.subtreePrefetch.vllm.log,bfs_accept_first,4,4337,2026-09-09 16:17:55,4913.0,169.4,333.5,3,0,0.9,66.3
dataset-lcb_v6.model-qwen3.5-9b.alpha4.0.steps100.blocks-1.prefetch-budget-4.rank-bfs_accept_first.cut-entropy4.0.samples20.maxnew1024.seed10086.subtreePrefetch.vllm.log,bfs_accept_first,4,4342,2026-09-09 16:18:05,4923.0,135.9,348.9,2,0,0.6,66.3
dataset-lcb_v6.model-qwen3.5-9b.alpha4.0.steps100.blocks-1.prefetch-budget-4.rank-bfs_accept_first.cut-entropy4.0.samples20.maxnew1024.seed10086.subtreePrefetch.vllm.log,bfs_accept_first,4,4347,2026-09-09 16:18:15,4933.0,116.4,329.9,3,0,0.9,66.3
dataset-lcb_v6.model-qwen3.5-9b.alpha4.0.steps100.blocks-1.prefetch-budget-4.rank-bfs_accept_first.cut-entropy4.0.samples20.maxnew1024.seed10086.subtreePrefetch.vllm.log,bfs_accept_first,4,4352,2026-09-09 16:18:25,4943.0,155.2,417.8,3,0,0.9,66.3
dataset-lcb_v6.model-qwen3.5-9b.alpha4.0.steps100.blocks-1.prefetch-budget-4.rank-bfs_accept_first.cut-entropy4.0.samples20.maxnew1024.seed10086.subtreePrefetch.vllm.log,bfs_accept_first,4,4384,2026-09-09 16:18:35,4953.0,147.3,325.5,1,0,0.1,66.3
dataset-lcb_v6.model-qwen3.5-9b.alpha4.0.steps100.blocks-1.prefetch-budget-4.rank-bfs_accept_first.cut-entropy4.0.samples20.maxnew1024.seed10086.subtreePrefetch.vllm.log,bfs_accept_first,4,4389,2026-09-09 16:18:45,4963.0,58.6,159.7,3,0,0.5,66.3
dataset-lcb_v6.model-qwen3.5-9b.alpha4.0.steps100.blocks-1.prefetch-budget-4.rank-bfs_accept_first.cut-entropy4.0.samples20.maxnew1024.seed10086.subtreePrefetch.vllm.log,bfs_accept_first,4,4394,2026-09-09 16:18:55,4973.0,79.3,271.2,2,0,0.5,66.3
dataset-lcb_v6.model-qwen3.5-9b.alpha4.0.steps100.blocks-1.prefetch-budget-4.rank-bfs_accept_first.cut-entropy4.0.samples20.maxnew1024.seed10086.subtreePrefetch.vllm.log,bfs_accept_first,4,4399,2026-09-09 16:19:05,4983.0,100.5,274.3,1,0,0.3,66.3
dataset-lcb_v6.model-qwen3.5-9b.alpha4.0.steps100.blocks-1.prefetch-budget-4.rank-bfs_accept_first.cut-entropy4.0.samples20.maxnew1024.seed10086.subtreePrefetch.vllm.log,bfs_accept_first,4,4408,2026-09-09 16:19:15,4993.0,222.0,271.0,3,0,0.7,66.3
dataset-lcb_v6.model-qwen3.5-9b.alpha4.0.steps100.blocks-1.prefetch-budget-4.rank-bfs_accept_first.cut-entropy4.0.samples20.maxnew1024.seed10086.subtreePrefetch.vllm.log,bfs_accept_first,4,4417,2026-09-09 16:19:25,5003.0,202.5,301.7,4,0,0.6,66.3
dataset-lcb_v6.model-qwen3.5-9b.alpha4.0.steps100.blocks-1.prefetch-budget-4.rank-bfs_accept_first.cut-entropy4.0.samples20.maxnew1024.seed10086.subtreePrefetch.vllm.log,bfs_accept_first,4,4422,2026-09-09 16:19:35,5013.0,135.3,402.3,3,0,0.7,66.3
dataset-lcb_v6.model-qwen3.5-9b.alpha4.0.steps100.blocks-1.prefetch-budget-4.rank-bfs_accept_first.cut-entropy4.0.samples20.maxnew1024.seed10086.subtreePrefetch.vllm.log,bfs_accept_first,4,4431,2026-09-09 16:19:45,5023.0,130.7,293.2,1,0,0.3,66.3
dataset-lcb_v6.model-qwen3.5-9b.alpha4.0.steps100.blocks-1.prefetch-budget-4.rank-bfs_accept_first.cut-entropy4.0.samples20.maxnew1024.seed10086.subtreePrefetch.vllm.log,bfs_accept_first,4,4436,2026-09-09 16:19:55,5033.0,124.9,249.2,1,0,0.3,66.3
dataset-lcb_v6.model-qwen3.5-9b.alpha4.0.steps100.blocks-1.prefetch-budget-4.rank-bfs_accept_first.cut-entropy4.0.samples20.maxnew1024.seed10086.subtreePrefetch.vllm.log,bfs_accept_first,4,4445,2026-09-09 16:20:05,5043.0,195.8,304.4,1,0,0.3,66.3
dataset-lcb_v6.model-qwen3.5-9b.alpha4.0.steps100.blocks-1.prefetch-budget-4.rank-bfs_accept_first.cut-entropy4.0.samples20.maxnew1024.seed10086.subtreePrefetch.vllm.log,bfs_accept_first,4,4454,2026-09-09 16:20:15,5053.0,206.2,297.9,4,0,0.5,66.3
dataset-lcb_v6.model-qwen3.5-9b.alpha4.0.steps100.blocks-1.prefetch-budget-4.rank-bfs_accept_first.cut-entropy4.0.samples20.maxnew1024.seed10086.subtreePrefetch.vllm.log,bfs_accept_first,4,4459,2026-09-09 16:20:25,5063.0,123.2,315.6,4,0,0.8,66.3
dataset-lcb_v6.model-qwen3.5-9b.alpha4.0.steps100.blocks-1.prefetch-budget-4.rank-bfs_accept_first.cut-entropy4.0.samples20.maxnew1024.seed10086.subtreePrefetch.vllm.log,bfs_accept_first,4,4464,2026-09-09 16:20:35,5073.0,126.3,301.3,2,0,0.5,66.3
dataset-lcb_v6.model-qwen3.5-9b.alpha4.0.steps100.blocks-1.prefetch-budget-4.rank-bfs_accept_first.cut-entropy4.0.samples20.maxnew1024.seed10086.subtreePrefetch.vllm.log,bfs_accept_first,4,4473,2026-09-09 16:20:45,5083.0,194.9,264.0,4,0,0.5,66.3
dataset-lcb_v6.model-qwen3.5-9b.alpha4.0.steps100.blocks-1.prefetch-budget-4.rank-bfs_accept_first.cut-entropy4.0.samples20.maxnew1024.seed10086.subtreePrefetch.vllm.log,bfs_accept_first,4,4478,2026-09-09 16:20:55,5093.0,50.9,371.6,3,0,0.7,66.3
dataset-lcb_v6.model-qwen3.5-9b.alpha4.0.steps100.blocks-1.prefetch-budget-4.rank-bfs_accept_first.cut-entropy4.0.samples20.maxnew1024.seed10086.subtreePrefetch.vllm.log,bfs_accept_first,4,4487,2026-09-09 16:21:05,5103.0,140.9,285.5,2,0,0.3,66.3
dataset-lcb_v6.model-qwen3.5-9b.alpha4.0.steps100.blocks-1.prefetch-budget-4.rank-bfs_accept_first.cut-entropy4.0.samples20.maxnew1024.seed10086.subtreePrefetch.vllm.log,bfs_accept_first,4,4496,2026-09-09 16:21:15,5113.0,147.6,332.9,4,0,0.7,66.3
dataset-lcb_v6.model-qwen3.5-9b.alpha4.0.steps100.blocks-1.prefetch-budget-4.rank-bfs_accept_first.cut-entropy4.0.samples20.maxnew1024.seed10086.subtreePrefetch.vllm.log,bfs_accept_first,4,4501,2026-09-09 16:21:25,5123.0,87.0,374.9,4,0,0.9,66.3
dataset-lcb_v6.model-qwen3.5-9b.alpha4.0.steps100.blocks-1.prefetch-budget-4.rank-bfs_accept_first.cut-entropy4.0.samples20.maxnew1024.seed10086.subtreePrefetch.vllm.log,bfs_accept_first,4,4510,2026-09-09 16:21:35,5133.0,148.1,297.9,4,0,0.5,66.3
dataset-lcb_v6.model-qwen3.5-9b.alpha4.0.steps100.blocks-1.prefetch-budget-4.rank-bfs_accept_first.cut-entropy4.0.samples20.maxnew1024.seed10086.subtreePrefetch.vllm.log,bfs_accept_first,4,4515,2026-09-09 16:21:45,5143.0,83.5,330.5,2,0,0.5,66.3
dataset-lcb_v6.model-qwen3.5-9b.alpha4.0.steps100.blocks-1.prefetch-budget-4.rank-bfs_accept_first.cut-entropy4.0.samples20.maxnew1024.seed10086.subtreePrefetch.vllm.log,bfs_accept_first,4,4520,2026-09-09 16:21:55,5153.0,138.1,301.1,1,0,0.3,66.3
dataset-lcb_v6.model-qwen3.5-9b.alpha4.0.steps100.blocks-1.prefetch-budget-4.rank-bfs_accept_first.cut-entropy4.0.samples20.maxnew1024.seed10086.subtreePrefetch.vllm.log,bfs_accept_first,4,4529,2026-09-09 16:22:05,5163.0,215.5,282.7,4,0,0.7,66.3
dataset-lcb_v6.model-qwen3.5-9b.alpha4.0.steps100.blocks-1.prefetch-budget-4.rank-bfs_accept_first.cut-entropy4.0.samples20.maxnew1024.seed10086.subtreePrefetch.vllm.log,bfs_accept_first,4,4534,2026-09-09 16:22:15,5173.0,89.7,370.5,4,0,0.9,66.3
dataset-lcb_v6.model-qwen3.5-9b.alpha4.0.steps100.blocks-1.prefetch-budget-4.rank-bfs_accept_first.cut-entropy4.0.samples20.maxnew1024.seed10086.subtreePrefetch.vllm.log,bfs_accept_first,4,4543,2026-09-09 16:22:25,5183.0,184.0,384.7,4,0,0.5,66.3
dataset-lcb_v6.model-qwen3.5-9b.alpha4.0.steps100.blocks-1.prefetch-budget-4.rank-bfs_accept_first.cut-entropy4.0.samples20.maxnew1024.seed10086.subtreePrefetch.vllm.log,bfs_accept_first,4,4548,2026-09-09 16:22:35,5193.0,134.3,410.5,4,0,0.9,66.3
dataset-lcb_v6.model-qwen3.5-9b.alpha4.0.steps100.blocks-1.prefetch-budget-4.rank-bfs_accept_first.cut-entropy4.0.samples20.maxnew1024.seed10086.subtreePrefetch.vllm.log,bfs_accept_first,4,4557,2026-09-09 16:22:45,5203.0,231.9,243.1,4,0,0.9,66.3
dataset-lcb_v6.model-qwen3.5-9b.alpha4.0.steps100.blocks-1.prefetch-budget-4.rank-bfs_accept_first.cut-entropy4.0.samples20.maxnew1024.seed10086.subtreePrefetch.vllm.log,bfs_accept_first,4,4562,2026-09-09 16:22:55,5213.0,89.9,314.1,4,0,0.7,66.3
dataset-lcb_v6.model-qwen3.5-9b.alpha4.0.steps100.blocks-1.prefetch-budget-4.rank-bfs_accept_first.cut-entropy4.0.samples20.maxnew1024.seed10086.subtreePrefetch.vllm.log,bfs_accept_first,4,4567,2026-09-09 16:23:05,5223.0,67.0,345.6,2,0,0.5,66.3
dataset-lcb_v6.model-qwen3.5-9b.alpha4.0.steps100.blocks-1.prefetch-budget-4.rank-bfs_accept_first.cut-entropy4.0.samples20.maxnew1024.seed10086.subtreePrefetch.vllm.log,bfs_accept_first,4,4576,2026-09-09 16:23:15,5233.0,101.6,354.2,3,0,0.5,66.3
dataset-lcb_v6.model-qwen3.5-9b.alpha4.0.steps100.blocks-1.prefetch-budget-4.rank-bfs_accept_first.cut-entropy4.0.samples20.maxnew1024.seed10086.subtreePrefetch.vllm.log,bfs_accept_first,4,4667,2026-09-09 16:23:25,5243.0,86.9,170.3,1,0,0.3,66.3
dataset-lcb_v6.model-qwen3.5-9b.alpha4.0.steps100.blocks-1.prefetch-budget-4.rank-bfs_accept_first.cut-entropy4.0.samples20.maxnew1024.seed10086.subtreePrefetch.vllm.log,bfs_accept_first,4,4672,2026-09-09 16:23:35,5253.0,106.9,209.2,3,0,0.7,66.3
dataset-lcb_v6.model-qwen3.5-9b.alpha4.0.steps100.blocks-1.prefetch-budget-4.rank-bfs_accept_first.cut-entropy4.0.samples20.maxnew1024.seed10086.subtreePrefetch.vllm.log,bfs_accept_first,4,4677,2026-09-09 16:23:45,5263.0,143.3,352.2,4,0,0.9,66.3
dataset-lcb_v6.model-qwen3.5-9b.alpha4.0.steps100.blocks-1.prefetch-budget-4.rank-bfs_accept_first.cut-entropy4.0.samples20.maxnew1024.seed10086.subtreePrefetch.vllm.log,bfs_accept_first,4,4682,2026-09-09 16:23:55,5273.0,137.1,403.3,4,0,0.9,66.3
dataset-lcb_v6.model-qwen3.5-9b.alpha4.0.steps100.blocks-1.prefetch-budget-4.rank-bfs_accept_first.cut-entropy4.0.samples20.maxnew1024.seed10086.subtreePrefetch.vllm.log,bfs_accept_first,4,4687,2026-09-09 16:24:05,5283.0,137.1,425.6,4,0,1.3,66.3
dataset-lcb_v6.model-qwen3.5-9b.alpha4.0.steps100.blocks-1.prefetch-budget-4.rank-bfs_accept_first.cut-entropy4.0.samples20.maxnew1024.seed10086.subtreePrefetch.vllm.log,bfs_accept_first,4,4696,2026-09-09 16:24:15,5293.0,268.7,404.9,4,0,0.5,66.3
dataset-lcb_v6.model-qwen3.5-9b.alpha4.0.steps100.blocks-1.prefetch-budget-4.rank-bfs_accept_first.cut-entropy4.0.samples20.maxnew1024.seed10086.subtreePrefetch.vllm.log,bfs_accept_first,4,4701,2026-09-09 16:24:25,5303.0,127.9,423.3,4,0,0.9,66.3
dataset-lcb_v6.model-qwen3.5-9b.alpha4.0.steps100.blocks-1.prefetch-budget-4.rank-bfs_accept_first.cut-entropy4.0.samples20.maxnew1024.seed10086.subtreePrefetch.vllm.log,bfs_accept_first,4,4706,2026-09-09 16:24:35,5313.0,126.3,413.1,4,0,0.9,66.3
dataset-lcb_v6.model-qwen3.5-9b.alpha4.0.steps100.blocks-1.prefetch-budget-4.rank-bfs_accept_first.cut-entropy4.0.samples20.maxnew1024.seed10086.subtreePrefetch.vllm.log,bfs_accept_first,4,4711,2026-09-09 16:24:45,5323.0,93.3,373.1,3,0,0.7,66.3
dataset-lcb_v6.model-qwen3.5-9b.alpha4.0.steps100.blocks-1.prefetch-budget-4.rank-bfs_accept_first.cut-entropy4.0.samples20.maxnew1024.seed10086.subtreePrefetch.vllm.log,bfs_accept_first,4,4716,2026-09-09 16:24:55,5333.0,125.2,372.2,4,0,0.9,66.3
dataset-lcb_v6.model-qwen3.5-9b.alpha4.0.steps100.blocks-1.prefetch-budget-4.rank-bfs_accept_first.cut-entropy4.0.samples20.maxnew1024.seed10086.subtreePrefetch.vllm.log,bfs_accept_first,4,4721,2026-09-09 16:25:05,5343.0,102.6,350.8,3,0,0.9,66.3
dataset-lcb_v6.model-qwen3.5-9b.alpha4.0.steps100.blocks-1.prefetch-budget-4.rank-bfs_accept_first.cut-entropy4.0.samples20.maxnew1024.seed10086.subtreePrefetch.vllm.log,bfs_accept_first,4,4726,2026-09-09 16:25:15,5353.0,131.7,395.7,2,0,0.7,66.3
dataset-lcb_v6.model-qwen3.5-9b.alpha4.0.steps100.blocks-1.prefetch-budget-4.rank-bfs_accept_first.cut-entropy4.0.samples20.maxnew1024.seed10086.subtreePrefetch.vllm.log,bfs_accept_first,4,4731,2026-09-09 16:25:25,5363.0,119.1,382.3,1,0,0.4,66.3
dataset-lcb_v6.model-qwen3.5-9b.alpha4.0.steps100.blocks-1.prefetch-budget-4.rank-bfs_accept_first.cut-entropy4.0.samples20.maxnew1024.seed10086.subtreePrefetch.vllm.log,bfs_accept_first,4,4740,2026-09-09 16:25:35,5373.0,256.5,405.2,4,0,0.6,66.3
dataset-lcb_v6.model-qwen3.5-9b.alpha4.0.steps100.blocks-1.prefetch-budget-4.rank-bfs_accept_first.cut-entropy4.0.samples20.maxnew1024.seed10086.subtreePrefetch.vllm.log,bfs_accept_first,4,4745,2026-09-09 16:25:45,5383.0,140.6,400.6,4,0,0.6,66.3
dataset-lcb_v6.model-qwen3.5-9b.alpha4.0.steps100.blocks-1.prefetch-budget-4.rank-bfs_accept_first.cut-entropy4.0.samples20.maxnew1024.seed10086.subtreePrefetch.vllm.log,bfs_accept_first,4,4750,2026-09-09 16:25:55,5393.0,127.9,424.9,4,0,0.9,66.3
dataset-lcb_v6.model-qwen3.5-9b.alpha4.0.steps100.blocks-1.prefetch-budget-4.rank-bfs_accept_first.cut-entropy4.0.samples20.maxnew1024.seed10086.subtreePrefetch.vllm.log,bfs_accept_first,4,4755,2026-09-09 16:26:05,5403.0,133.5,412.7,4,0,0.9,66.3
dataset-lcb_v6.model-qwen3.5-9b.alpha4.0.steps100.blocks-1.prefetch-budget-4.rank-bfs_accept_first.cut-entropy4.0.samples20.maxnew1024.seed10086.subtreePrefetch.vllm.log,bfs_accept_first,4,4760,2026-09-09 16:26:15,5413.0,83.1,429.9,4,0,1.0,66.3
dataset-lcb_v6.model-qwen3.5-9b.alpha4.0.steps100.blocks-1.prefetch-budget-4.rank-bfs_accept_first.cut-entropy4.0.samples20.maxnew1024.seed10086.subtreePrefetch.vllm.log,bfs_accept_first,4,4765,2026-09-09 16:26:25,5423.0,155.8,392.5,4,0,1.3,66.3
dataset-lcb_v6.model-qwen3.5-9b.alpha4.0.steps100.blocks-1.prefetch-budget-4.rank-bfs_accept_first.cut-entropy4.0.samples20.maxnew1024.seed10086.subtreePrefetch.vllm.log,bfs_accept_first,4,4774,2026-09-09 16:26:35,5433.0,246.7,391.6,4,0,0.5,66.3
dataset-lcb_v6.model-qwen3.5-9b.alpha4.0.steps100.blocks-1.prefetch-budget-4.rank-bfs_accept_first.cut-entropy4.0.samples20.maxnew1024.seed10086.subtreePrefetch.vllm.log,bfs_accept_first,4,4779,2026-09-09 16:26:45,5443.0,149.2,407.9,4,0,0.5,66.3
dataset-lcb_v6.model-qwen3.5-9b.alpha4.0.steps100.blocks-1.prefetch-budget-4.rank-bfs_accept_first.cut-entropy4.0.samples20.maxnew1024.seed10086.subtreePrefetch.vllm.log,bfs_accept_first,4,4784,2026-09-09 16:26:55,5453.0,124.0,415.8,4,0,0.8,66.3
dataset-lcb_v6.model-qwen3.5-9b.alpha4.0.steps100.blocks-1.prefetch-budget-4.rank-bfs_accept_first.cut-entropy4.0.samples20.maxnew1024.seed10086.subtreePrefetch.vllm.log,bfs_accept_first,4,4789,2026-09-09 16:27:05,5463.0,147.5,402.2,4,0,0.9,66.3
dataset-lcb_v6.model-qwen3.5-9b.alpha4.0.steps100.blocks-1.prefetch-budget-4.rank-bfs_accept_first.cut-entropy4.0.samples20.maxnew1024.seed10086.subtreePrefetch.vllm.log,bfs_accept_first,4,4794,2026-09-09 16:27:15,5473.0,129.4,416.6,4,0,0.9,66.3
dataset-lcb_v6.model-qwen3.5-9b.alpha4.0.steps100.blocks-1.prefetch-budget-4.rank-bfs_accept_first.cut-entropy4.0.samples20.maxnew1024.seed10086.subtreePrefetch.vllm.log,bfs_accept_first,4,4799,2026-09-09 16:27:25,5483.0,114.1,419.0,4,0,0.9,66.3
dataset-lcb_v6.model-qwen3.5-9b.alpha4.0.steps100.blocks-1.prefetch-budget-4.rank-bfs_accept_first.cut-entropy4.0.samples20.maxnew1024.seed10086.subtreePrefetch.vllm.log,bfs_accept_first,4,4804,2026-09-09 16:27:35,5493.0,150.8,405.5,4,0,1.3,66.3
dataset-lcb_v6.model-qwen3.5-9b.alpha4.0.steps100.blocks-1.prefetch-budget-4.rank-bfs_accept_first.cut-entropy4.0.samples20.maxnew1024.seed10086.subtreePrefetch.vllm.log,bfs_accept_first,4,4813,2026-09-09 16:27:45,5503.0,264.2,399.1,4,0,0.5,66.3
dataset-lcb_v6.model-qwen3.5-9b.alpha4.0.steps100.blocks-1.prefetch-budget-4.rank-bfs_accept_first.cut-entropy4.0.samples20.maxnew1024.seed10086.subtreePrefetch.vllm.log,bfs_accept_first,4,4818,2026-09-09 16:27:55,5513.0,136.5,405.4,4,0,0.5,66.3
dataset-lcb_v6.model-qwen3.5-9b.alpha4.0.steps100.blocks-1.prefetch-budget-4.rank-bfs_accept_first.cut-entropy4.0.samples20.maxnew1024.seed10086.subtreePrefetch.vllm.log,bfs_accept_first,4,4823,2026-09-09 16:28:05,5523.0,121.3,420.3,4,0,0.9,66.3
dataset-lcb_v6.model-qwen3.5-9b.alpha4.0.steps100.blocks-1.prefetch-budget-4.rank-bfs_accept_first.cut-entropy4.0.samples20.maxnew1024.seed10086.subtreePrefetch.vllm.log,bfs_accept_first,4,4828,2026-09-09 16:28:15,5533.0,148.2,406.7,4,0,0.9,66.3
dataset-lcb_v6.model-qwen3.5-9b.alpha4.0.steps100.blocks-1.prefetch-budget-4.rank-bfs_accept_first.cut-entropy4.0.samples20.maxnew1024.seed10086.subtreePrefetch.vllm.log,bfs_accept_first,4,4833,2026-09-09 16:28:25,5543.0,120.9,402.9,4,0,0.9,66.3
dataset-lcb_v6.model-qwen3.5-9b.alpha4.0.steps100.blocks-1.prefetch-budget-4.rank-bfs_accept_first.cut-entropy4.0.samples20.maxnew1024.seed10086.subtreePrefetch.vllm.log,bfs_accept_first,4,4838,2026-09-09 16:28:35,5553.0,134.2,419.8,4,0,0.9,66.3
dataset-lcb_v6.model-qwen3.5-9b.alpha4.0.steps100.blocks-1.prefetch-budget-4.rank-bfs_accept_first.cut-entropy4.0.samples20.maxnew1024.seed10086.subtreePrefetch.vllm.log,bfs_accept_first,4,4843,2026-09-09 16:28:45,5563.0,139.4,429.4,1,0,0.4,66.3
dataset-lcb_v6.model-qwen3.5-9b.alpha4.0.steps100.blocks-1.prefetch-budget-4.rank-bfs_accept_first.cut-entropy4.0.samples20.maxnew1024.seed10086.subtreePrefetch.vllm.log,bfs_accept_first,4,4852,2026-09-09 16:28:55,5573.0,254.1,410.4,4,0,0.5,66.3
dataset-lcb_v6.model-qwen3.5-9b.alpha4.0.steps100.blocks-1.prefetch-budget-4.rank-bfs_accept_first.cut-entropy4.0.samples20.maxnew1024.seed10086.subtreePrefetch.vllm.log,bfs_accept_first,4,4857,2026-09-09 16:29:05,5583.0,134.1,410.8,4,0,0.9,66.3
dataset-lcb_v6.model-qwen3.5-9b.alpha4.0.steps100.blocks-1.prefetch-budget-4.rank-bfs_accept_first.cut-entropy4.0.samples20.maxnew1024.seed10086.subtreePrefetch.vllm.log,bfs_accept_first,4,4862,2026-09-09 16:29:15,5593.0,133.6,422.4,4,0,0.9,66.3
dataset-lcb_v6.model-qwen3.5-9b.alpha4.0.steps100.blocks-1.prefetch-budget-4.rank-bfs_accept_first.cut-entropy4.0.samples20.maxnew1024.seed10086.subtreePrefetch.vllm.log,bfs_accept_first,4,4867,2026-09-09 16:29:25,5603.0,130.1,429.9,4,0,0.9,66.3
dataset-lcb_v6.model-qwen3.5-9b.alpha4.0.steps100.blocks-1.prefetch-budget-4.rank-bfs_accept_first.cut-entropy4.0.samples20.maxnew1024.seed10086.subtreePrefetch.vllm.log,bfs_accept_first,4,4872,2026-09-09 16:29:35,5613.0,159.8,412.8,4,0,1.2,66.3
dataset-lcb_v6.model-qwen3.5-9b.alpha4.0.steps100.blocks-1.prefetch-budget-4.rank-bfs_accept_first.cut-entropy4.0.samples20.maxnew1024.seed10086.subtreePrefetch.vllm.log,bfs_accept_first,4,4904,2026-09-09 16:29:45,5623.0,157.7,225.9,1,0,0.2,66.3
dataset-lcb_v6.model-qwen3.5-9b.alpha4.0.steps100.blocks-1.prefetch-budget-4.rank-bfs_accept_first.cut-entropy4.0.samples20.maxnew1024.seed10086.subtreePrefetch.vllm.log,bfs_accept_first,4,4909,2026-09-09 16:29:55,5633.0,71.2,178.1,4,0,0.7,66.3
dataset-lcb_v6.model-qwen3.5-9b.alpha4.0.steps100.blocks-1.prefetch-budget-4.rank-bfs_accept_first.cut-entropy4.0.samples20.maxnew1024.seed10086.subtreePrefetch.vllm.log,bfs_accept_first,4,4914,2026-09-09 16:30:05,5643.0,145.6,356.7,4,0,0.9,66.3
dataset-lcb_v6.model-qwen3.5-9b.alpha4.0.steps100.blocks-1.prefetch-budget-4.rank-bfs_accept_first.cut-entropy4.0.samples20.maxnew1024.seed10086.subtreePrefetch.vllm.log,bfs_accept_first,4,4919,2026-09-09 16:30:15,5653.0,151.0,386.5,4,0,0.9,66.3
dataset-lcb_v6.model-qwen3.5-9b.alpha4.0.steps100.blocks-1.prefetch-budget-4.rank-bfs_accept_first.cut-entropy4.0.samples20.maxnew1024.seed10086.subtreePrefetch.vllm.log,bfs_accept_first,4,4924,2026-09-09 16:30:25,5663.0,147.4,392.9,2,0,0.6,66.3
dataset-lcb_v6.model-qwen3.5-9b.alpha4.0.steps100.blocks-1.prefetch-budget-4.rank-bfs_accept_first.cut-entropy4.0.samples20.maxnew1024.seed10086.subtreePrefetch.vllm.log,bfs_accept_first,4,4933,2026-09-09 16:30:35,5673.0,317.2,376.9,4,0,0.8,66.3
dataset-lcb_v6.model-qwen3.5-9b.alpha4.0.steps100.blocks-1.prefetch-budget-4.rank-bfs_accept_first.cut-entropy4.0.samples20.maxnew1024.seed10086.subtreePrefetch.vllm.log,bfs_accept_first,4,4938,2026-09-09 16:30:45,5683.0,169.6,387.5,4,0,0.9,66.3
dataset-lcb_v6.model-qwen3.5-9b.alpha4.0.steps100.blocks-1.prefetch-budget-4.rank-bfs_accept_first.cut-entropy4.0.samples20.maxnew1024.seed10086.subtreePrefetch.vllm.log,bfs_accept_first,4,4943,2026-09-09 16:30:55,5693.0,129.5,403.1,2,0,0.5,66.3
dataset-lcb_v6.model-qwen3.5-9b.alpha4.0.steps100.blocks-1.prefetch-budget-4.rank-bfs_accept_first.cut-entropy4.0.samples20.maxnew1024.seed10086.subtreePrefetch.vllm.log,bfs_accept_first,4,4948,2026-09-09 16:31:05,5703.0,108.9,361.1,1,0,0.3,66.3
dataset-lcb_v6.model-qwen3.5-9b.alpha4.0.steps100.blocks-1.prefetch-budget-4.rank-bfs_accept_first.cut-entropy4.0.samples20.maxnew1024.seed10086.subtreePrefetch.vllm.log,bfs_accept_first,4,4957,2026-09-09 16:31:15,5713.0,205.9,369.7,4,0,0.5,66.3
dataset-lcb_v6.model-qwen3.5-9b.alpha4.0.steps100.blocks-1.prefetch-budget-4.rank-bfs_accept_first.cut-entropy4.0.samples20.maxnew1024.seed10086.subtreePrefetch.vllm.log,bfs_accept_first,4,4962,2026-09-09 16:31:25,5723.0,110.8,399.7,4,0,0.5,66.3
dataset-lcb_v6.model-qwen3.5-9b.alpha4.0.steps100.blocks-1.prefetch-budget-4.rank-bfs_accept_first.cut-entropy4.0.samples20.maxnew1024.seed10086.subtreePrefetch.vllm.log,bfs_accept_first,4,4967,2026-09-09 16:31:35,5733.0,90.6,407.3,4,0,0.7,66.3
dataset-lcb_v6.model-qwen3.5-9b.alpha4.0.steps100.blocks-1.prefetch-budget-4.rank-bfs_accept_first.cut-entropy4.0.samples20.maxnew1024.seed10086.subtreePrefetch.vllm.log,bfs_accept_first,4,4972,2026-09-09 16:31:45,5743.0,127.1,387.4,4,0,0.9,66.3
dataset-lcb_v6.model-qwen3.5-9b.alpha4.0.steps100.blocks-1.prefetch-budget-4.rank-bfs_accept_first.cut-entropy4.0.samples20.maxnew1024.seed10086.subtreePrefetch.vllm.log,bfs_accept_first,4,4977,2026-09-09 16:31:55,5753.0,85.3,403.5,4,0,0.9,66.3
dataset-lcb_v6.model-qwen3.5-9b.alpha4.0.steps100.blocks-1.prefetch-budget-4.rank-bfs_accept_first.cut-entropy4.0.samples20.maxnew1024.seed10086.subtreePrefetch.vllm.log,bfs_accept_first,4,4982,2026-09-09 16:32:05,5763.0,99.9,400.8,4,0,0.9,66.3
dataset-lcb_v6.model-qwen3.5-9b.alpha4.0.steps100.blocks-1.prefetch-budget-4.rank-bfs_accept_first.cut-entropy4.0.samples20.maxnew1024.seed10086.subtreePrefetch.vllm.log,bfs_accept_first,4,4987,2026-09-09 16:32:15,5773.0,74.5,378.2,4,0,0.9,66.3
dataset-lcb_v6.model-qwen3.5-9b.alpha4.0.steps100.blocks-1.prefetch-budget-4.rank-bfs_accept_first.cut-entropy4.0.samples20.maxnew1024.seed10086.subtreePrefetch.vllm.log,bfs_accept_first,4,4992,2026-09-09 16:32:25,5783.0,113.1,407.3,4,0,1.2,66.3
dataset-lcb_v6.model-qwen3.5-9b.alpha4.0.steps100.blocks-1.prefetch-budget-4.rank-bfs_accept_first.cut-entropy4.0.samples20.maxnew1024.seed10086.subtreePrefetch.vllm.log,bfs_accept_first,4,4997,2026-09-09 16:32:35,5793.0,91.8,378.1,1,0,0.4,66.3
dataset-lcb_v6.model-qwen3.5-9b.alpha4.0.steps100.blocks-1.prefetch-budget-4.rank-bfs_accept_first.cut-entropy4.0.samples20.maxnew1024.seed10086.subtreePrefetch.vllm.log,bfs_accept_first,4,5006,2026-09-09 16:32:45,5803.0,225.2,368.8,4,0,0.5,66.3
dataset-lcb_v6.model-qwen3.5-9b.alpha4.0.steps100.blocks-1.prefetch-budget-4.rank-bfs_accept_first.cut-entropy4.0.samples20.maxnew1024.seed10086.subtreePrefetch.vllm.log,bfs_accept_first,4,5011,2026-09-09 16:32:55,5813.0,101.6,419.0,4,0,0.7,66.3
dataset-lcb_v6.model-qwen3.5-9b.alpha4.0.steps100.blocks-1.prefetch-budget-4.rank-bfs_accept_first.cut-entropy4.0.samples20.maxnew1024.seed10086.subtreePrefetch.vllm.log,bfs_accept_first,4,5016,2026-09-09 16:33:05,5823.0,102.9,376.7,4,0,0.8,66.3
dataset-lcb_v6.model-qwen3.5-9b.alpha4.0.steps100.blocks-1.prefetch-budget-4.rank-bfs_accept_first.cut-entropy4.0.samples20.maxnew1024.seed10086.subtreePrefetch.vllm.log,bfs_accept_first,4,5021,2026-09-09 16:33:15,5833.0,86.8,379.0,4,0,0.8,66.3
dataset-lcb_v6.model-qwen3.5-9b.alpha4.0.steps100.blocks-1.prefetch-budget-4.rank-bfs_accept_first.cut-entropy4.0.samples20.maxnew1024.seed10086.subtreePrefetch.vllm.log,bfs_accept_first,4,5026,2026-09-09 16:33:25,5843.0,81.7,393.5,4,0,0.9,66.3
dataset-lcb_v6.model-qwen3.5-9b.alpha4.0.steps100.blocks-1.prefetch-budget-4.rank-bfs_accept_first.cut-entropy4.0.samples20.maxnew1024.seed10086.subtreePrefetch.vllm.log,bfs_accept_first,4,5031,2026-09-09 16:33:35,5853.0,110.0,397.8,4,0,0.9,66.3
dataset-lcb_v6.model-qwen3.5-9b.alpha4.0.steps100.blocks-1.prefetch-budget-4.rank-bfs_accept_first.cut-entropy4.0.samples20.maxnew1024.seed10086.subtreePrefetch.vllm.log,bfs_accept_first,4,5036,2026-09-09 16:33:45,5863.0,115.2,371.0,4,0,0.9,66.3
dataset-lcb_v6.model-qwen3.5-9b.alpha4.0.steps100.blocks-1.prefetch-budget-4.rank-bfs_accept_first.cut-entropy4.0.samples20.maxnew1024.seed10086.subtreePrefetch.vllm.log,bfs_accept_first,4,5041,2026-09-09 16:33:55,5873.0,114.7,399.0,4,0,1.3,66.3
dataset-lcb_v6.model-qwen3.5-9b.alpha4.0.steps100.blocks-1.prefetch-budget-4.rank-bfs_accept_first.cut-entropy4.0.samples20.maxnew1024.seed10086.subtreePrefetch.vllm.log,bfs_accept_first,4,5050,2026-09-09 16:34:05,5883.0,191.0,365.0,4,0,0.5,66.3
dataset-lcb_v6.model-qwen3.5-9b.alpha4.0.steps100.blocks-1.prefetch-budget-4.rank-bfs_accept_first.cut-entropy4.0.samples20.maxnew1024.seed10086.subtreePrefetch.vllm.log,bfs_accept_first,4,5055,2026-09-09 16:34:15,5893.0,106.5,385.5,4,0,0.5,66.3
dataset-lcb_v6.model-qwen3.5-9b.alpha4.0.steps100.blocks-1.prefetch-budget-4.rank-bfs_accept_first.cut-entropy4.0.samples20.maxnew1024.seed10086.subtreePrefetch.vllm.log,bfs_accept_first,4,5060,2026-09-09 16:34:25,5903.0,83.6,377.3,4,0,0.5,66.3
dataset-lcb_v6.model-qwen3.5-9b.alpha4.0.steps100.blocks-1.prefetch-budget-4.rank-bfs_accept_first.cut-entropy4.0.samples20.maxnew1024.seed10086.subtreePrefetch.vllm.log,bfs_accept_first,4,5065,2026-09-09 16:34:35,5913.0,127.9,398.5,4,0,0.8,66.3
dataset-lcb_v6.model-qwen3.5-9b.alpha4.0.steps100.blocks-1.prefetch-budget-4.rank-bfs_accept_first.cut-entropy4.0.samples20.maxnew1024.seed10086.subtreePrefetch.vllm.log,bfs_accept_first,4,5070,2026-09-09 16:34:45,5923.0,89.4,420.4,4,0,0.9,66.3
dataset-lcb_v6.model-qwen3.5-9b.alpha4.0.steps100.blocks-1.prefetch-budget-4.rank-bfs_accept_first.cut-entropy4.0.samples20.maxnew1024.seed10086.subtreePrefetch.vllm.log,bfs_accept_first,4,5075,2026-09-09 16:34:55,5933.0,75.4,395.6,4,0,0.9,66.3
dataset-lcb_v6.model-qwen3.5-9b.alpha4.0.steps100.blocks-1.prefetch-budget-4.rank-bfs_accept_first.cut-entropy4.0.samples20.maxnew1024.seed10086.subtreePrefetch.vllm.log,bfs_accept_first,4,5080,2026-09-09 16:35:05,5943.0,68.2,394.9,4,0,0.9,66.3
dataset-lcb_v6.model-qwen3.5-9b.alpha4.0.steps100.blocks-1.prefetch-budget-4.rank-bfs_accept_first.cut-entropy4.0.samples20.maxnew1024.seed10086.subtreePrefetch.vllm.log,bfs_accept_first,4,5085,2026-09-09 16:35:15,5953.0,90.6,407.5,4,0,0.9,66.3
dataset-lcb_v6.model-qwen3.5-9b.alpha4.0.steps100.blocks-1.prefetch-budget-4.rank-bfs_accept_first.cut-entropy4.0.samples20.maxnew1024.seed10086.subtreePrefetch.vllm.log,bfs_accept_first,4,5090,2026-09-09 16:35:25,5963.0,129.5,397.7,4,0,1.2,66.3
dataset-lcb_v6.model-qwen3.5-9b.alpha4.0.steps100.blocks-1.prefetch-budget-4.rank-bfs_accept_first.cut-entropy4.0.samples20.maxnew1024.seed10086.subtreePrefetch.vllm.log,bfs_accept_first,4,5099,2026-09-09 16:35:35,5973.0,239.2,392.5,4,0,0.5,66.3
dataset-lcb_v6.model-qwen3.5-9b.alpha4.0.steps100.blocks-1.prefetch-budget-4.rank-bfs_accept_first.cut-entropy4.0.samples20.maxnew1024.seed10086.subtreePrefetch.vllm.log,bfs_accept_first,4,5104,2026-09-09 16:35:45,5983.0,101.4,420.2,4,0,0.8,66.3
dataset-lcb_v6.model-qwen3.5-9b.alpha4.0.steps100.blocks-1.prefetch-budget-4.rank-bfs_accept_first.cut-entropy4.0.samples20.maxnew1024.seed10086.subtreePrefetch.vllm.log,bfs_accept_first,4,5109,2026-09-09 16:35:55,5993.0,96.8,385.2,4,0,0.8,66.3
dataset-lcb_v6.model-qwen3.5-9b.alpha4.0.steps100.blocks-1.prefetch-budget-4.rank-bfs_accept_first.cut-entropy4.0.samples20.maxnew1024.seed10086.subtreePrefetch.vllm.log,bfs_accept_first,4,5114,2026-09-09 16:36:05,6003.0,127.3,387.3,4,0,0.9,66.3
dataset-lcb_v6.model-qwen3.5-9b.alpha4.0.steps100.blocks-1.prefetch-budget-4.rank-bfs_accept_first.cut-entropy4.0.samples20.maxnew1024.seed10086.subtreePrefetch.vllm.log,bfs_accept_first,4,5119,2026-09-09 16:36:15,6013.0,117.7,429.7,4,0,1.1,66.3
dataset-lcb_v6.model-qwen3.5-9b.alpha4.0.steps100.blocks-1.prefetch-budget-4.rank-bfs_accept_first.cut-entropy4.0.samples20.maxnew1024.seed10086.subtreePrefetch.vllm.log,bfs_accept_first,4,5128,2026-09-09 16:36:25,6023.0,235.6,409.6,4,0,0.5,66.3
dataset-lcb_v6.model-qwen3.5-9b.alpha4.0.steps100.blocks-1.prefetch-budget-4.rank-bfs_accept_first.cut-entropy4.0.samples20.maxnew1024.seed10086.subtreePrefetch.vllm.log,bfs_accept_first,4,5133,2026-09-09 16:36:35,6033.0,107.1,404.4,4,0,0.8,66.3
dataset-lcb_v6.model-qwen3.5-9b.alpha4.0.steps100.blocks-1.prefetch-budget-4.rank-bfs_accept_first.cut-entropy4.0.samples20.maxnew1024.seed10086.subtreePrefetch.vllm.log,bfs_accept_first,4,5138,2026-09-09 16:36:45,6043.0,81.2,403.4,4,0,0.9,66.3
dataset-lcb_v6.model-qwen3.5-9b.alpha4.0.steps100.blocks-1.prefetch-budget-4.rank-bfs_accept_first.cut-entropy4.0.samples20.maxnew1024.seed10086.subtreePrefetch.vllm.log,bfs_accept_first,4,5143,2026-09-09 16:36:55,6053.0,106.0,407.3,4,0,0.9,66.3
dataset-lcb_v6.model-qwen3.5-9b.alpha4.0.steps100.blocks-1.prefetch-budget-4.rank-bfs_accept_first.cut-entropy4.0.samples20.maxnew1024.seed10086.subtreePrefetch.vllm.log,bfs_accept_first,4,5148,2026-09-09 16:37:05,6063.0,119.5,376.5,4,0,0.9,66.3
dataset-lcb_v6.model-qwen3.5-9b.alpha4.0.steps100.blocks-1.prefetch-budget-4.rank-bfs_accept_first.cut-entropy4.0.samples20.maxnew1024.seed10086.subtreePrefetch.vllm.log,bfs_accept_first,4,5153,2026-09-09 16:37:15,6073.0,93.4,421.3,3,0,0.8,66.3
dataset-lcb_v6.model-qwen3.5-9b.alpha4.0.steps100.blocks-1.prefetch-budget-4.rank-bfs_accept_first.cut-entropy4.0.samples20.maxnew1024.seed10086.subtreePrefetch.vllm.log,bfs_accept_first,4,5181,2026-09-09 16:37:25,6083.0,55.9,127.3,1,0,0.3,66.3
dataset-lcb_v6.model-qwen3.5-9b.alpha4.0.steps100.blocks-1.prefetch-budget-4.rank-bfs_accept_first.cut-entropy4.0.samples20.maxnew1024.seed10086.subtreePrefetch.vllm.log,bfs_accept_first,4,5190,2026-09-09 16:37:35,6093.0,179.9,284.3,4,0,0.6,66.3
dataset-lcb_v6.model-qwen3.5-9b.alpha4.0.steps100.blocks-1.prefetch-budget-4.rank-bfs_accept_first.cut-entropy4.0.samples20.maxnew1024.seed10086.subtreePrefetch.vllm.log,bfs_accept_first,4,5195,2026-09-09 16:37:45,6103.0,142.4,309.9,4,0,0.8,66.3
dataset-lcb_v6.model-qwen3.5-9b.alpha4.0.steps100.blocks-1.prefetch-budget-4.rank-bfs_accept_first.cut-entropy4.0.samples20.maxnew1024.seed10086.subtreePrefetch.vllm.log,bfs_accept_first,4,5200,2026-09-09 16:37:55,6113.0,70.1,315.8,2,0,0.5,66.3
dataset-lcb_v6.model-qwen3.5-9b.alpha4.0.steps100.blocks-1.prefetch-budget-4.rank-bfs_accept_first.cut-entropy4.0.samples20.maxnew1024.seed10086.subtreePrefetch.vllm.log,bfs_accept_first,4,5205,2026-09-09 16:38:05,6123.0,59.6,249.4,1,0,0.3,66.3
dataset-lcb_v6.model-qwen3.5-9b.alpha4.0.steps100.blocks-1.prefetch-budget-4.rank-bfs_accept_first.cut-entropy4.0.samples20.maxnew1024.seed10086.subtreePrefetch.vllm.log,bfs_accept_first,4,5210,2026-09-09 16:38:15,6133.0,95.5,233.8,2,0,0.5,66.3
dataset-lcb_v6.model-qwen3.5-9b.alpha4.0.steps100.blocks-1.prefetch-budget-4.rank-bfs_accept_first.cut-entropy4.0.samples20.maxnew1024.seed10086.subtreePrefetch.vllm.log,bfs_accept_first,4,5219,2026-09-09 16:38:25,6143.0,177.5,330.3,4,0,0.5,66.3
dataset-lcb_v6.model-qwen3.5-9b.alpha4.0.steps100.blocks-1.prefetch-budget-4.rank-bfs_accept_first.cut-entropy4.0.samples20.maxnew1024.seed10086.subtreePrefetch.vllm.log,bfs_accept_first,4,5224,2026-09-09 16:38:35,6153.0,148.4,363.9,1,0,0.3,66.3
dataset-lcb_v6.model-qwen3.5-9b.alpha4.0.steps100.blocks-1.prefetch-budget-4.rank-bfs_accept_first.cut-entropy4.0.samples20.maxnew1024.seed10086.subtreePrefetch.vllm.log,bfs_accept_first,4,5229,2026-09-09 16:38:45,6163.0,78.8,248.6,3,0,0.7,66.3
dataset-lcb_v6.model-qwen3.5-9b.alpha4.0.steps100.blocks-1.prefetch-budget-4.rank-bfs_accept_first.cut-entropy4.0.samples20.maxnew1024.seed10086.subtreePrefetch.vllm.log,bfs_accept_first,4,5234,2026-09-09 16:38:55,6173.0,153.3,243.7,1,0,0.3,66.3
dataset-lcb_v6.model-qwen3.5-9b.alpha4.0.steps100.blocks-1.prefetch-budget-4.rank-bfs_accept_first.cut-entropy4.0.samples20.maxnew1024.seed10086.subtreePrefetch.vllm.log,bfs_accept_first,4,5243,2026-09-09 16:39:05,6183.0,181.9,374.1,4,0,0.6,66.3
dataset-lcb_v6.model-qwen3.5-9b.alpha4.0.steps100.blocks-1.prefetch-budget-4.rank-bfs_accept_first.cut-entropy4.0.samples20.maxnew1024.seed10086.subtreePrefetch.vllm.log,bfs_accept_first,4,5248,2026-09-09 16:39:15,6193.0,102.9,334.1,2,0,0.3,66.3
dataset-lcb_v6.model-qwen3.5-9b.alpha4.0.steps100.blocks-1.prefetch-budget-4.rank-bfs_accept_first.cut-entropy4.0.samples20.maxnew1024.seed10086.subtreePrefetch.vllm.log,bfs_accept_first,4,5253,2026-09-09 16:39:25,6203.0,72.4,298.8,4,0,0.8,66.3
dataset-lcb_v6.model-qwen3.5-9b.alpha4.0.steps100.blocks-1.prefetch-budget-4.rank-bfs_accept_first.cut-entropy4.0.samples20.maxnew1024.seed10086.subtreePrefetch.vllm.log,bfs_accept_first,4,5258,2026-09-09 16:39:35,6213.0,67.1,402.3,4,0,0.9,66.3
dataset-lcb_v6.model-qwen3.5-9b.alpha4.0.steps100.blocks-1.prefetch-budget-4.rank-bfs_accept_first.cut-entropy4.0.samples20.maxnew1024.seed10086.subtreePrefetch.vllm.log,bfs_accept_first,4,5263,2026-09-09 16:39:45,6223.0,140.1,235.7,1,0,0.3,66.3
dataset-lcb_v6.model-qwen3.5-9b.alpha4.0.steps100.blocks-1.prefetch-budget-4.rank-bfs_accept_first.cut-entropy4.0.samples20.maxnew1024.seed10086.subtreePrefetch.vllm.log,bfs_accept_first,4,5272,2026-09-09 16:39:56,6234.0,113.3,276.6,4,0,0.6,66.3
dataset-lcb_v6.model-qwen3.5-9b.alpha4.0.steps100.blocks-1.prefetch-budget-4.rank-bfs_accept_first.cut-entropy4.0.samples20.maxnew1024.seed10086.subtreePrefetch.vllm.log,bfs_accept_first,4,5277,2026-09-09 16:40:06,6244.0,71.3,289.8,4,0,0.5,66.3
dataset-lcb_v6.model-qwen3.5-9b.alpha4.0.steps100.blocks-1.prefetch-budget-4.rank-bfs_accept_first.cut-entropy4.0.samples20.maxnew1024.seed10086.subtreePrefetch.vllm.log,bfs_accept_first,4,5282,2026-09-09 16:40:16,6254.0,89.8,394.9,4,0,0.7,66.3
dataset-lcb_v6.model-qwen3.5-9b.alpha4.0.steps100.blocks-1.prefetch-budget-4.rank-bfs_accept_first.cut-entropy4.0.samples20.maxnew1024.seed10086.subtreePrefetch.vllm.log,bfs_accept_first,4,5287,2026-09-09 16:40:26,6264.0,36.9,362.9,4,0,0.5,66.3
dataset-lcb_v6.model-qwen3.5-9b.alpha4.0.steps100.blocks-1.prefetch-budget-4.rank-bfs_accept_first.cut-entropy4.0.samples20.maxnew1024.seed10086.subtreePrefetch.vllm.log,bfs_accept_first,4,5292,2026-09-09 16:40:36,6274.0,56.9,412.6,4,0,0.7,66.3
dataset-lcb_v6.model-qwen3.5-9b.alpha4.0.steps100.blocks-1.prefetch-budget-4.rank-bfs_accept_first.cut-entropy4.0.samples20.maxnew1024.seed10086.subtreePrefetch.vllm.log,bfs_accept_first,4,5297,2026-09-09 16:40:46,6284.0,96.7,338.0,4,0,0.8,66.3
dataset-lcb_v6.model-qwen3.5-9b.alpha4.0.steps100.blocks-1.prefetch-budget-4.rank-bfs_accept_first.cut-entropy4.0.samples20.maxnew1024.seed10086.subtreePrefetch.vllm.log,bfs_accept_first,4,5302,2026-09-09 16:40:56,6294.0,52.2,383.0,4,0,0.9,66.3
dataset-lcb_v6.model-qwen3.5-9b.alpha4.0.steps100.blocks-1.prefetch-budget-4.rank-bfs_accept_first.cut-entropy4.0.samples20.maxnew1024.seed10086.subtreePrefetch.vllm.log,bfs_accept_first,4,5307,2026-09-09 16:41:06,6304.0,36.6,386.9,3,0,0.7,66.3
dataset-lcb_v6.model-qwen3.5-9b.alpha4.0.steps100.blocks-1.prefetch-budget-4.rank-bfs_accept_first.cut-entropy4.0.samples20.maxnew1024.seed10086.subtreePrefetch.vllm.log,bfs_accept_first,4,5312,2026-09-09 16:41:16,6314.0,68.8,369.4,3,0,0.7,66.3
dataset-lcb_v6.model-qwen3.5-9b.alpha4.0.steps100.blocks-1.prefetch-budget-4.rank-bfs_accept_first.cut-entropy4.0.samples20.maxnew1024.seed10086.subtreePrefetch.vllm.log,bfs_accept_first,4,5317,2026-09-09 16:41:26,6324.0,72.4,380.9,3,0,0.7,66.3
dataset-lcb_v6.model-qwen3.5-9b.alpha4.0.steps100.blocks-1.prefetch-budget-4.rank-bfs_accept_first.cut-entropy4.0.samples20.maxnew1024.seed10086.subtreePrefetch.vllm.log,bfs_accept_first,4,5322,2026-09-09 16:41:36,6334.0,90.7,360.4,1,0,0.3,66.3
dataset-lcb_v6.model-qwen3.5-9b.alpha4.0.steps100.blocks-1.prefetch-budget-4.rank-bfs_accept_first.cut-entropy4.0.samples20.maxnew1024.seed10086.subtreePrefetch.vllm.log,bfs_accept_first,4,5327,2026-09-09 16:41:46,6344.0,39.2,380.6,3,0,0.7,66.3
dataset-lcb_v6.model-qwen3.5-9b.alpha4.0.steps100.blocks-1.prefetch-budget-4.rank-bfs_accept_first.cut-entropy4.0.samples20.maxnew1024.seed10086.subtreePrefetch.vllm.log,bfs_accept_first,4,5336,2026-09-09 16:41:56,6354.0,176.6,369.7,4,0,0.5,66.3
dataset-lcb_v6.model-qwen3.5-9b.alpha4.0.steps100.blocks-1.prefetch-budget-4.rank-bfs_accept_first.cut-entropy4.0.samples20.maxnew1024.seed10086.subtreePrefetch.vllm.log,bfs_accept_first,4,5341,2026-09-09 16:42:06,6364.0,73.4,400.7,4,0,0.6,66.3
dataset-lcb_v6.model-qwen3.5-9b.alpha4.0.steps100.blocks-1.prefetch-budget-4.rank-bfs_accept_first.cut-entropy4.0.samples20.maxnew1024.seed10086.subtreePrefetch.vllm.log,bfs_accept_first,4,5346,2026-09-09 16:42:16,6374.0,60.4,379.6,4,0,0.6,66.3
dataset-lcb_v6.model-qwen3.5-9b.alpha4.0.steps100.blocks-1.prefetch-budget-4.rank-bfs_accept_first.cut-entropy4.0.samples20.maxnew1024.seed10086.subtreePrefetch.vllm.log,bfs_accept_first,4,5351,2026-09-09 16:42:26,6384.0,79.3,388.7,4,0,0.6,66.3
dataset-lcb_v6.model-qwen3.5-9b.alpha4.0.steps100.blocks-1.prefetch-budget-4.rank-bfs_accept_first.cut-entropy4.0.samples20.maxnew1024.seed10086.subtreePrefetch.vllm.log,bfs_accept_first,4,5356,2026-09-09 16:42:36,6394.0,60.4,395.1,4,0,0.9,66.3
dataset-lcb_v6.model-qwen3.5-9b.alpha4.0.steps100.blocks-1.prefetch-budget-4.rank-bfs_accept_first.cut-entropy4.0.samples20.maxnew1024.seed10086.subtreePrefetch.vllm.log,bfs_accept_first,4,5361,2026-09-09 16:42:46,6404.0,81.8,365.1,4,0,0.9,66.3
dataset-lcb_v6.model-qwen3.5-9b.alpha4.0.steps100.blocks-1.prefetch-budget-4.rank-bfs_accept_first.cut-entropy4.0.samples20.maxnew1024.seed10086.subtreePrefetch.vllm.log,bfs_accept_first,4,5366,2026-09-09 16:42:56,6414.0,67.6,355.7,2,0,0.5,66.3
dataset-lcb_v6.model-qwen3.5-9b.alpha4.0.steps100.blocks-1.prefetch-budget-4.rank-bfs_accept_first.cut-entropy4.0.samples20.maxnew1024.seed10086.subtreePrefetch.vllm.log,bfs_accept_first,4,5375,2026-09-09 16:43:06,6424.0,173.1,343.7,4,0,0.5,66.3
dataset-lcb_v6.model-qwen3.5-9b.alpha4.0.steps100.blocks-1.prefetch-budget-4.rank-bfs_accept_first.cut-entropy4.0.samples20.maxnew1024.seed10086.subtreePrefetch.vllm.log,bfs_accept_first,4,5380,2026-09-09 16:43:16,6434.0,72.6,377.0,4,0,0.5,66.3
dataset-lcb_v6.model-qwen3.5-9b.alpha4.0.steps100.blocks-1.prefetch-budget-4.rank-bfs_accept_first.cut-entropy4.0.samples20.maxnew1024.seed10086.subtreePrefetch.vllm.log,bfs_accept_first,4,5385,2026-09-09 16:43:26,6444.0,2.3,342.8,1,0,0.2,66.3
dataset-lcb_v6.model-qwen3.5-9b.alpha4.0.steps100.blocks-1.prefetch-budget-4.rank-bfs_accept_first.cut-entropy4.0.samples20.maxnew1024.seed10086.subtreePrefetch.vllm.log,bfs_accept_first,4,5413,2026-09-09 16:43:36,6454.0,52.8,116.5,1,0,0.3,66.3
dataset-lcb_v6.model-qwen3.5-9b.alpha4.0.steps100.blocks-1.prefetch-budget-4.rank-bfs_accept_first.cut-entropy4.0.samples20.maxnew1024.seed10086.subtreePrefetch.vllm.log,bfs_accept_first,4,5422,2026-09-09 16:43:46,6464.0,274.4,219.2,2,0,0.5,66.3
dataset-lcb_v6.model-qwen3.5-9b.alpha4.0.steps100.blocks-1.prefetch-budget-4.rank-bfs_accept_first.cut-entropy4.0.samples20.maxnew1024.seed10086.subtreePrefetch.vllm.log,bfs_accept_first,4,5431,2026-09-09 16:43:56,6474.0,263.3,258.5,3,0,0.4,66.3
dataset-lcb_v6.model-qwen3.5-9b.alpha4.0.steps100.blocks-1.prefetch-budget-4.rank-bfs_accept_first.cut-entropy4.0.samples20.maxnew1024.seed10086.subtreePrefetch.vllm.log,bfs_accept_first,4,5436,2026-09-09 16:44:06,6484.0,97.6,331.4,4,0,0.8,66.3
dataset-lcb_v6.model-qwen3.5-9b.alpha4.0.steps100.blocks-1.prefetch-budget-4.rank-bfs_accept_first.cut-entropy4.0.samples20.maxnew1024.seed10086.subtreePrefetch.vllm.log,bfs_accept_first,4,5441,2026-09-09 16:44:16,6494.0,98.0,330.2,3,0,0.7,66.3
dataset-lcb_v6.model-qwen3.5-9b.alpha4.0.steps100.blocks-1.prefetch-budget-4.rank-bfs_accept_first.cut-entropy4.0.samples20.maxnew1024.seed10086.subtreePrefetch.vllm.log,bfs_accept_first,4,5450,2026-09-09 16:44:26,6504.0,334.9,277.2,3,0,0.4,66.3
dataset-lcb_v6.model-qwen3.5-9b.alpha4.0.steps100.blocks-1.prefetch-budget-4.rank-bfs_accept_first.cut-entropy4.0.samples20.maxnew1024.seed10086.subtreePrefetch.vllm.log,bfs_accept_first,4,5455,2026-09-09 16:44:36,6514.0,122.4,307.4,3,0,0.7,66.3
dataset-lcb_v6.model-qwen3.5-9b.alpha4.0.steps100.blocks-1.prefetch-budget-4.rank-bfs_accept_first.cut-entropy4.0.samples20.maxnew1024.seed10086.subtreePrefetch.vllm.log,bfs_accept_first,4,5460,2026-09-09 16:44:46,6524.0,104.6,367.2,2,0,0.5,66.3
dataset-lcb_v6.model-qwen3.5-9b.alpha4.0.steps100.blocks-1.prefetch-budget-4.rank-bfs_accept_first.cut-entropy4.0.samples20.maxnew1024.seed10086.subtreePrefetch.vllm.log,bfs_accept_first,4,5465,2026-09-09 16:44:56,6534.0,124.5,312.9,1,0,0.3,66.3
dataset-lcb_v6.model-qwen3.5-9b.alpha4.0.steps100.blocks-1.prefetch-budget-4.rank-bfs_accept_first.cut-entropy4.0.samples20.maxnew1024.seed10086.subtreePrefetch.vllm.log,bfs_accept_first,4,5474,2026-09-09 16:45:06,6544.0,237.8,242.8,4,0,0.6,66.3
dataset-lcb_v6.model-qwen3.5-9b.alpha4.0.steps100.blocks-1.prefetch-budget-4.rank-bfs_accept_first.cut-entropy4.0.samples20.maxnew1024.seed10086.subtreePrefetch.vllm.log,bfs_accept_first,4,5479,2026-09-09 16:45:16,6554.0,99.3,367.1,4,0,0.8,66.3
dataset-lcb_v6.model-qwen3.5-9b.alpha4.0.steps100.blocks-1.prefetch-budget-4.rank-bfs_accept_first.cut-entropy4.0.samples20.maxnew1024.seed10086.subtreePrefetch.vllm.log,bfs_accept_first,4,5484,2026-09-09 16:45:26,6564.0,151.1,283.4,2,0,0.5,66.3
dataset-lcb_v6.model-qwen3.5-9b.alpha4.0.steps100.blocks-1.prefetch-budget-4.rank-bfs_accept_first.cut-entropy4.0.samples20.maxnew1024.seed10086.subtreePrefetch.vllm.log,bfs_accept_first,4,5493,2026-09-09 16:45:36,6574.0,304.5,337.8,4,0,0.8,66.3
dataset-lcb_v6.model-qwen3.5-9b.alpha4.0.steps100.blocks-1.prefetch-budget-4.rank-bfs_accept_first.cut-entropy4.0.samples20.maxnew1024.seed10086.subtreePrefetch.vllm.log,bfs_accept_first,4,5498,2026-09-09 16:45:46,6584.0,142.0,227.9,1,0,0.2,66.3
dataset-lcb_v6.model-qwen3.5-9b.alpha4.0.steps100.blocks-1.prefetch-budget-4.rank-bfs_accept_first.cut-entropy4.0.samples20.maxnew1024.seed10086.subtreePrefetch.vllm.log,bfs_accept_first,4,5507,2026-09-09 16:45:56,6594.0,223.2,316.3,3,0,0.6,66.3
dataset-lcb_v6.model-qwen3.5-9b.alpha4.0.steps100.blocks-1.prefetch-budget-4.rank-bfs_accept_first.cut-entropy4.0.samples20.maxnew1024.seed10086.subtreePrefetch.vllm.log,bfs_accept_first,4,5512,2026-09-09 16:46:06,6604.0,164.8,295.5,3,0,0.7,66.3
dataset-lcb_v6.model-qwen3.5-9b.alpha4.0.steps100.blocks-1.prefetch-budget-4.rank-bfs_accept_first.cut-entropy4.0.samples20.maxnew1024.seed10086.subtreePrefetch.vllm.log,bfs_accept_first,4,5521,2026-09-09 16:46:16,6614.0,316.6,194.8,1,0,0.3,66.3
dataset-lcb_v6.model-qwen3.5-9b.alpha4.0.steps100.blocks-1.prefetch-budget-4.rank-bfs_accept_first.cut-entropy4.0.samples20.maxnew1024.seed10086.subtreePrefetch.vllm.log,bfs_accept_first,4,5530,2026-09-09 16:46:26,6624.0,193.5,276.8,4,0,0.5,66.3
dataset-lcb_v6.model-qwen3.5-9b.alpha4.0.steps100.blocks-1.prefetch-budget-4.rank-bfs_accept_first.cut-entropy4.0.samples20.maxnew1024.seed10086.subtreePrefetch.vllm.log,bfs_accept_first,4,5535,2026-09-09 16:46:36,6634.0,140.2,348.5,3,0,0.5,66.3
dataset-lcb_v6.model-qwen3.5-9b.alpha4.0.steps100.blocks-1.prefetch-budget-4.rank-bfs_accept_first.cut-entropy4.0.samples20.maxnew1024.seed10086.subtreePrefetch.vllm.log,bfs_accept_first,4,5540,2026-09-09 16:46:46,6644.0,132.6,207.1,2,0,0.5,66.3
dataset-lcb_v6.model-qwen3.5-9b.alpha4.0.steps100.blocks-1.prefetch-budget-4.rank-bfs_accept_first.cut-entropy4.0.samples20.maxnew1024.seed10086.subtreePrefetch.vllm.log,bfs_accept_first,4,5549,2026-09-09 16:46:56,6654.0,267.9,243.4,3,0,0.6,66.3
dataset-lcb_v6.model-qwen3.5-9b.alpha4.0.steps100.blocks-1.prefetch-budget-4.rank-bfs_accept_first.cut-entropy4.0.samples20.maxnew1024.seed10086.subtreePrefetch.vllm.log,bfs_accept_first,4,5554,2026-09-09 16:47:06,6664.0,44.0,297.8,2,0,0.5,66.3
dataset-lcb_v6.model-qwen3.5-9b.alpha4.0.steps100.blocks-1.prefetch-budget-4.rank-bfs_accept_first.cut-entropy4.0.samples20.maxnew1024.seed10086.subtreePrefetch.vllm.log,bfs_accept_first,4,5559,2026-09-09 16:47:16,6674.0,131.4,284.7,1,0,0.3,66.3
dataset-lcb_v6.model-qwen3.5-9b.alpha4.0.steps100.blocks-1.prefetch-budget-4.rank-bfs_accept_first.cut-entropy4.0.samples20.maxnew1024.seed10086.subtreePrefetch.vllm.log,bfs_accept_first,4,5568,2026-09-09 16:47:27,6685.0,267.2,202.3,4,0,0.6,66.3
dataset-lcb_v6.model-qwen3.5-9b.alpha4.0.steps100.blocks-1.prefetch-budget-4.rank-bfs_accept_first.cut-entropy4.0.samples20.maxnew1024.seed10086.subtreePrefetch.vllm.log,bfs_accept_first,4,5573,2026-09-09 16:47:37,6695.0,81.1,267.5,4,0,0.6,66.3
dataset-lcb_v6.model-qwen3.5-9b.alpha4.0.steps100.blocks-1.prefetch-budget-4.rank-bfs_accept_first.cut-entropy4.0.samples20.maxnew1024.seed10086.subtreePrefetch.vllm.log,bfs_accept_first,4,5578,2026-09-09 16:47:47,6705.0,91.0,374.4,4,0,0.9,66.3
dataset-lcb_v6.model-qwen3.5-9b.alpha4.0.steps100.blocks-1.prefetch-budget-4.rank-bfs_accept_first.cut-entropy4.0.samples20.maxnew1024.seed10086.subtreePrefetch.vllm.log,bfs_accept_first,4,5583,2026-09-09 16:47:57,6715.0,125.5,407.0,2,0,0.5,66.3
dataset-lcb_v6.model-qwen3.5-9b.alpha4.0.steps100.blocks-1.prefetch-budget-4.rank-bfs_accept_first.cut-entropy4.0.samples20.maxnew1024.seed10086.subtreePrefetch.vllm.log,bfs_accept_first,4,5592,2026-09-09 16:48:07,6725.0,198.5,279.0,3,0,0.7,66.3
dataset-lcb_v6.model-qwen3.5-9b.alpha4.0.steps100.blocks-1.prefetch-budget-4.rank-bfs_accept_first.cut-entropy4.0.samples20.maxnew1024.seed10086.subtreePrefetch.vllm.log,bfs_accept_first,4,5597,2026-09-09 16:48:17,6735.0,69.5,282.8,2,0,0.5,66.3
dataset-lcb_v6.model-qwen3.5-9b.alpha4.0.steps100.blocks-1.prefetch-budget-8.rank-bfs_accept_first.cut-entropy4.0.samples20.maxnew1024.seed10086.subtreePrefetch.vllm.log,bfs_accept_first,8,117,2026-09-09 14:56:43,0.0,103.1,79.1,8,0,1.2,0.0
dataset-lcb_v6.model-qwen3.5-9b.alpha4.0.steps100.blocks-1.prefetch-budget-8.rank-bfs_accept_first.cut-entropy4.0.samples20.maxnew1024.seed10086.subtreePrefetch.vllm.log,bfs_accept_first,8,122,2026-09-09 14:56:53,10.0,156.0,580.0,6,0,1.0,0.0
dataset-lcb_v6.model-qwen3.5-9b.alpha4.0.steps100.blocks-1.prefetch-budget-8.rank-bfs_accept_first.cut-entropy4.0.samples20.maxnew1024.seed10086.subtreePrefetch.vllm.log,bfs_accept_first,8,127,2026-09-09 14:57:03,20.0,201.0,569.4,7,0,1.5,0.0
dataset-lcb_v6.model-qwen3.5-9b.alpha4.0.steps100.blocks-1.prefetch-budget-8.rank-bfs_accept_first.cut-entropy4.0.samples20.maxnew1024.seed10086.subtreePrefetch.vllm.log,bfs_accept_first,8,132,2026-09-09 14:57:13,30.0,188.2,645.1,4,0,0.9,0.0
dataset-lcb_v6.model-qwen3.5-9b.alpha4.0.steps100.blocks-1.prefetch-budget-8.rank-bfs_accept_first.cut-entropy4.0.samples20.maxnew1024.seed10086.subtreePrefetch.vllm.log,bfs_accept_first,8,137,2026-09-09 14:57:23,40.0,205.0,481.3,2,0,0.5,0.0
dataset-lcb_v6.model-qwen3.5-9b.alpha4.0.steps100.blocks-1.prefetch-budget-8.rank-bfs_accept_first.cut-entropy4.0.samples20.maxnew1024.seed10086.subtreePrefetch.vllm.log,bfs_accept_first,8,142,2026-09-09 14:57:33,50.0,282.0,503.0,1,0,0.3,0.0
dataset-lcb_v6.model-qwen3.5-9b.alpha4.0.steps100.blocks-1.prefetch-budget-8.rank-bfs_accept_first.cut-entropy4.0.samples20.maxnew1024.seed10086.subtreePrefetch.vllm.log,bfs_accept_first,8,151,2026-09-09 14:57:43,60.0,348.6,590.6,8,0,1.0,0.0
dataset-lcb_v6.model-qwen3.5-9b.alpha4.0.steps100.blocks-1.prefetch-budget-8.rank-bfs_accept_first.cut-entropy4.0.samples20.maxnew1024.seed10086.subtreePrefetch.vllm.log,bfs_accept_first,8,156,2026-09-09 14:57:53,70.0,181.0,524.5,8,0,1.1,0.0
dataset-lcb_v6.model-qwen3.5-9b.alpha4.0.steps100.blocks-1.prefetch-budget-8.rank-bfs_accept_first.cut-entropy4.0.samples20.maxnew1024.seed10086.subtreePrefetch.vllm.log,bfs_accept_first,8,161,2026-09-09 14:58:03,80.0,245.0,499.1,4,0,0.9,0.0
dataset-lcb_v6.model-qwen3.5-9b.alpha4.0.steps100.blocks-1.prefetch-budget-8.rank-bfs_accept_first.cut-entropy4.0.samples20.maxnew1024.seed10086.subtreePrefetch.vllm.log,bfs_accept_first,8,166,2026-09-09 14:58:13,90.0,185.4,536.5,2,0,0.5,0.0
dataset-lcb_v6.model-qwen3.5-9b.alpha4.0.steps100.blocks-1.prefetch-budget-8.rank-bfs_accept_first.cut-entropy4.0.samples20.maxnew1024.seed10086.subtreePrefetch.vllm.log,bfs_accept_first,8,175,2026-09-09 14:58:23,100.0,432.7,633.1,8,0,1.1,0.0
dataset-lcb_v6.model-qwen3.5-9b.alpha4.0.steps100.blocks-1.prefetch-budget-8.rank-bfs_accept_first.cut-entropy4.0.samples20.maxnew1024.seed10086.subtreePrefetch.vllm.log,bfs_accept_first,8,180,2026-09-09 14:58:33,110.0,195.8,650.4,4,0,0.8,0.0
dataset-lcb_v6.model-qwen3.5-9b.alpha4.0.steps100.blocks-1.prefetch-budget-8.rank-bfs_accept_first.cut-entropy4.0.samples20.maxnew1024.seed10086.subtreePrefetch.vllm.log,bfs_accept_first,8,185,2026-09-09 14:58:43,120.0,172.2,496.4,4,0,0.9,0.0
dataset-lcb_v6.model-qwen3.5-9b.alpha4.0.steps100.blocks-1.prefetch-budget-8.rank-bfs_accept_first.cut-entropy4.0.samples20.maxnew1024.seed10086.subtreePrefetch.vllm.log,bfs_accept_first,8,190,2026-09-09 14:58:53,130.0,274.3,539.3,5,0,1.1,0.0
dataset-lcb_v6.model-qwen3.5-9b.alpha4.0.steps100.blocks-1.prefetch-budget-8.rank-bfs_accept_first.cut-entropy4.0.samples20.maxnew1024.seed10086.subtreePrefetch.vllm.log,bfs_accept_first,8,195,2026-09-09 14:59:03,140.0,236.8,629.1,4,0,0.9,0.0
dataset-lcb_v6.model-qwen3.5-9b.alpha4.0.steps100.blocks-1.prefetch-budget-8.rank-bfs_accept_first.cut-entropy4.0.samples20.maxnew1024.seed10086.subtreePrefetch.vllm.log,bfs_accept_first,8,200,2026-09-09 14:59:13,150.0,130.8,451.6,2,0,0.5,0.0
dataset-lcb_v6.model-qwen3.5-9b.alpha4.0.steps100.blocks-1.prefetch-budget-8.rank-bfs_accept_first.cut-entropy4.0.samples20.maxnew1024.seed10086.subtreePrefetch.vllm.log,bfs_accept_first,8,209,2026-09-09 14:59:23,160.0,302.2,642.2,8,0,1.0,0.0
dataset-lcb_v6.model-qwen3.5-9b.alpha4.0.steps100.blocks-1.prefetch-budget-8.rank-bfs_accept_first.cut-entropy4.0.samples20.maxnew1024.seed10086.subtreePrefetch.vllm.log,bfs_accept_first,8,214,2026-09-09 14:59:33,170.0,202.1,680.2,8,0,1.2,0.0
dataset-lcb_v6.model-qwen3.5-9b.alpha4.0.steps100.blocks-1.prefetch-budget-8.rank-bfs_accept_first.cut-entropy4.0.samples20.maxnew1024.seed10086.subtreePrefetch.vllm.log,bfs_accept_first,8,219,2026-09-09 14:59:43,180.0,171.2,680.5,8,0,1.6,0.0
dataset-lcb_v6.model-qwen3.5-9b.alpha4.0.steps100.blocks-1.prefetch-budget-8.rank-bfs_accept_first.cut-entropy4.0.samples20.maxnew1024.seed10086.subtreePrefetch.vllm.log,bfs_accept_first,8,224,2026-09-09 14:59:53,190.0,148.5,653.1,4,0,0.9,0.0
dataset-lcb_v6.model-qwen3.5-9b.alpha4.0.steps100.blocks-1.prefetch-budget-8.rank-bfs_accept_first.cut-entropy4.0.samples20.maxnew1024.seed10086.subtreePrefetch.vllm.log,bfs_accept_first,8,229,2026-09-09 15:00:03,200.0,135.4,571.8,7,0,1.5,0.0
dataset-lcb_v6.model-qwen3.5-9b.alpha4.0.steps100.blocks-1.prefetch-budget-8.rank-bfs_accept_first.cut-entropy4.0.samples20.maxnew1024.seed10086.subtreePrefetch.vllm.log,bfs_accept_first,8,234,2026-09-09 15:00:13,210.0,189.5,582.0,4,0,0.9,0.0
dataset-lcb_v6.model-qwen3.5-9b.alpha4.0.steps100.blocks-1.prefetch-budget-8.rank-bfs_accept_first.cut-entropy4.0.samples20.maxnew1024.seed10086.subtreePrefetch.vllm.log,bfs_accept_first,8,239,2026-09-09 15:00:24,221.0,134.9,668.8,5,0,1.1,0.0
dataset-lcb_v6.model-qwen3.5-9b.alpha4.0.steps100.blocks-1.prefetch-budget-8.rank-bfs_accept_first.cut-entropy4.0.samples20.maxnew1024.seed10086.subtreePrefetch.vllm.log,bfs_accept_first,8,244,2026-09-09 15:00:34,231.0,232.3,523.6,1,0,0.3,0.0
dataset-lcb_v6.model-qwen3.5-9b.alpha4.0.steps100.blocks-1.prefetch-budget-8.rank-bfs_accept_first.cut-entropy4.0.samples20.maxnew1024.seed10086.subtreePrefetch.vllm.log,bfs_accept_first,8,253,2026-09-09 15:00:44,241.0,349.5,618.6,8,0,0.9,0.0
dataset-lcb_v6.model-qwen3.5-9b.alpha4.0.steps100.blocks-1.prefetch-budget-8.rank-bfs_accept_first.cut-entropy4.0.samples20.maxnew1024.seed10086.subtreePrefetch.vllm.log,bfs_accept_first,8,258,2026-09-09 15:00:54,251.0,186.7,677.9,8,0,1.1,0.0
dataset-lcb_v6.model-qwen3.5-9b.alpha4.0.steps100.blocks-1.prefetch-budget-8.rank-bfs_accept_first.cut-entropy4.0.samples20.maxnew1024.seed10086.subtreePrefetch.vllm.log,bfs_accept_first,8,263,2026-09-09 15:01:04,261.0,30.5,476.6,1,0,0.3,0.0
dataset-lcb_v6.model-qwen3.5-9b.alpha4.0.steps100.blocks-1.prefetch-budget-8.rank-bfs_accept_first.cut-entropy4.0.samples20.maxnew1024.seed10086.subtreePrefetch.vllm.log,bfs_accept_first,8,394,2026-09-09 15:01:14,271.0,41.2,116.6,1,0,0.3,0.0
dataset-lcb_v6.model-qwen3.5-9b.alpha4.0.steps100.blocks-1.prefetch-budget-8.rank-bfs_accept_first.cut-entropy4.0.samples20.maxnew1024.seed10086.subtreePrefetch.vllm.log,bfs_accept_first,8,399,2026-09-09 15:01:24,281.0,178.1,511.1,1,0,0.3,0.0
dataset-lcb_v6.model-qwen3.5-9b.alpha4.0.steps100.blocks-1.prefetch-budget-8.rank-bfs_accept_first.cut-entropy4.0.samples20.maxnew1024.seed10086.subtreePrefetch.vllm.log,bfs_accept_first,8,404,2026-09-09 15:01:34,291.0,176.6,616.0,1,0,0.3,0.0
dataset-lcb_v6.model-qwen3.5-9b.alpha4.0.steps100.blocks-1.prefetch-budget-8.rank-bfs_accept_first.cut-entropy4.0.samples20.maxnew1024.seed10086.subtreePrefetch.vllm.log,bfs_accept_first,8,413,2026-09-09 15:01:44,301.0,537.4,526.5,8,0,0.9,0.0
dataset-lcb_v6.model-qwen3.5-9b.alpha4.0.steps100.blocks-1.prefetch-budget-8.rank-bfs_accept_first.cut-entropy4.0.samples20.maxnew1024.seed10086.subtreePrefetch.vllm.log,bfs_accept_first,8,418,2026-09-09 15:01:54,311.0,263.7,578.1,8,0,1.1,0.0
dataset-lcb_v6.model-qwen3.5-9b.alpha4.0.steps100.blocks-1.prefetch-budget-8.rank-bfs_accept_first.cut-entropy4.0.samples20.maxnew1024.seed10086.subtreePrefetch.vllm.log,bfs_accept_first,8,423,2026-09-09 15:02:04,321.0,210.6,654.1,7,0,1.2,0.0
dataset-lcb_v6.model-qwen3.5-9b.alpha4.0.steps100.blocks-1.prefetch-budget-8.rank-bfs_accept_first.cut-entropy4.0.samples20.maxnew1024.seed10086.subtreePrefetch.vllm.log,bfs_accept_first,8,428,2026-09-09 15:02:14,331.0,252.2,518.1,7,0,1.4,0.0
dataset-lcb_v6.model-qwen3.5-9b.alpha4.0.steps100.blocks-1.prefetch-budget-8.rank-bfs_accept_first.cut-entropy4.0.samples20.maxnew1024.seed10086.subtreePrefetch.vllm.log,bfs_accept_first,8,433,2026-09-09 15:02:24,341.0,241.3,584.4,6,0,1.2,0.0
dataset-lcb_v6.model-qwen3.5-9b.alpha4.0.steps100.blocks-1.prefetch-budget-8.rank-bfs_accept_first.cut-entropy4.0.samples20.maxnew1024.seed10086.subtreePrefetch.vllm.log,bfs_accept_first,8,438,2026-09-09 15:02:34,351.0,121.1,595.8,6,0,1.2,0.0
dataset-lcb_v6.model-qwen3.5-9b.alpha4.0.steps100.blocks-1.prefetch-budget-8.rank-bfs_accept_first.cut-entropy4.0.samples20.maxnew1024.seed10086.subtreePrefetch.vllm.log,bfs_accept_first,8,443,2026-09-09 15:02:44,361.0,321.5,638.0,6,0,1.7,0.0
dataset-lcb_v6.model-qwen3.5-9b.alpha4.0.steps100.blocks-1.prefetch-budget-8.rank-bfs_accept_first.cut-entropy4.0.samples20.maxnew1024.seed10086.subtreePrefetch.vllm.log,bfs_accept_first,8,448,2026-09-09 15:02:54,371.0,213.0,602.1,5,0,1.4,0.0
dataset-lcb_v6.model-qwen3.5-9b.alpha4.0.steps100.blocks-1.prefetch-budget-8.rank-bfs_accept_first.cut-entropy4.0.samples20.maxnew1024.seed10086.subtreePrefetch.vllm.log,bfs_accept_first,8,453,2026-09-09 15:03:04,381.0,227.0,570.1,2,0,0.6,0.0
dataset-lcb_v6.model-qwen3.5-9b.alpha4.0.steps100.blocks-1.prefetch-budget-8.rank-bfs_accept_first.cut-entropy4.0.samples20.maxnew1024.seed10086.subtreePrefetch.vllm.log,bfs_accept_first,8,458,2026-09-09 15:03:14,391.0,211.5,633.8,3,0,0.9,0.0
dataset-lcb_v6.model-qwen3.5-9b.alpha4.0.steps100.blocks-1.prefetch-budget-8.rank-bfs_accept_first.cut-entropy4.0.samples20.maxnew1024.seed10086.subtreePrefetch.vllm.log,bfs_accept_first,8,463,2026-09-09 15:03:24,401.0,199.0,486.1,1,0,0.3,0.0
dataset-lcb_v6.model-qwen3.5-9b.alpha4.0.steps100.blocks-1.prefetch-budget-8.rank-bfs_accept_first.cut-entropy4.0.samples20.maxnew1024.seed10086.subtreePrefetch.vllm.log,bfs_accept_first,8,472,2026-09-09 15:03:34,411.0,567.7,627.9,8,0,1.0,0.0
dataset-lcb_v6.model-qwen3.5-9b.alpha4.0.steps100.blocks-1.prefetch-budget-8.rank-bfs_accept_first.cut-entropy4.0.samples20.maxnew1024.seed10086.subtreePrefetch.vllm.log,bfs_accept_first,8,477,2026-09-09 15:03:44,421.0,262.7,640.6,8,0,1.2,0.0
dataset-lcb_v6.model-qwen3.5-9b.alpha4.0.steps100.blocks-1.prefetch-budget-8.rank-bfs_accept_first.cut-entropy4.0.samples20.maxnew1024.seed10086.subtreePrefetch.vllm.log,bfs_accept_first,8,482,2026-09-09 15:03:54,431.0,316.0,625.2,7,0,1.4,0.0
dataset-lcb_v6.model-qwen3.5-9b.alpha4.0.steps100.blocks-1.prefetch-budget-8.rank-bfs_accept_first.cut-entropy4.0.samples20.maxnew1024.seed10086.subtreePrefetch.vllm.log,bfs_accept_first,8,487,2026-09-09 15:04:04,441.0,229.7,614.8,7,0,1.1,0.0
dataset-lcb_v6.model-qwen3.5-9b.alpha4.0.steps100.blocks-1.prefetch-budget-8.rank-bfs_accept_first.cut-entropy4.0.samples20.maxnew1024.seed10086.subtreePrefetch.vllm.log,bfs_accept_first,8,492,2026-09-09 15:04:14,451.0,232.7,636.1,8,0,1.2,0.0
dataset-lcb_v6.model-qwen3.5-9b.alpha4.0.steps100.blocks-1.prefetch-budget-8.rank-bfs_accept_first.cut-entropy4.0.samples20.maxnew1024.seed10086.subtreePrefetch.vllm.log,bfs_accept_first,8,497,2026-09-09 15:04:24,461.0,256.0,621.8,6,0,1.2,0.0
dataset-lcb_v6.model-qwen3.5-9b.alpha4.0.steps100.blocks-1.prefetch-budget-8.rank-bfs_accept_first.cut-entropy4.0.samples20.maxnew1024.seed10086.subtreePrefetch.vllm.log,bfs_accept_first,8,502,2026-09-09 15:04:34,471.0,160.0,590.1,7,0,1.5,0.0
dataset-lcb_v6.model-qwen3.5-9b.alpha4.0.steps100.blocks-1.prefetch-budget-8.rank-bfs_accept_first.cut-entropy4.0.samples20.maxnew1024.seed10086.subtreePrefetch.vllm.log,bfs_accept_first,8,507,2026-09-09 15:04:44,481.0,235.6,567.9,5,0,1.2,0.0
dataset-lcb_v6.model-qwen3.5-9b.alpha4.0.steps100.blocks-1.prefetch-budget-8.rank-bfs_accept_first.cut-entropy4.0.samples20.maxnew1024.seed10086.subtreePrefetch.vllm.log,bfs_accept_first,8,512,2026-09-09 15:04:54,491.0,228.8,650.9,7,0,1.8,0.0
dataset-lcb_v6.model-qwen3.5-9b.alpha4.0.steps100.blocks-1.prefetch-budget-8.rank-bfs_accept_first.cut-entropy4.0.samples20.maxnew1024.seed10086.subtreePrefetch.vllm.log,bfs_accept_first,8,517,2026-09-09 15:05:04,501.0,280.4,671.8,5,0,1.5,0.0
dataset-lcb_v6.model-qwen3.5-9b.alpha4.0.steps100.blocks-1.prefetch-budget-8.rank-bfs_accept_first.cut-entropy4.0.samples20.maxnew1024.seed10086.subtreePrefetch.vllm.log,bfs_accept_first,8,522,2026-09-09 15:05:14,511.0,347.5,711.2,6,0,1.8,0.0
dataset-lcb_v6.model-qwen3.5-9b.alpha4.0.steps100.blocks-1.prefetch-budget-8.rank-bfs_accept_first.cut-entropy4.0.samples20.maxnew1024.seed10086.subtreePrefetch.vllm.log,bfs_accept_first,8,531,2026-09-09 15:05:24,521.0,587.9,696.9,8,0,0.9,0.0
dataset-lcb_v6.model-qwen3.5-9b.alpha4.0.steps100.blocks-1.prefetch-budget-8.rank-bfs_accept_first.cut-entropy4.0.samples20.maxnew1024.seed10086.subtreePrefetch.vllm.log,bfs_accept_first,8,536,2026-09-09 15:05:34,531.0,186.1,652.5,8,0,1.0,0.0
dataset-lcb_v6.model-qwen3.5-9b.alpha4.0.steps100.blocks-1.prefetch-budget-8.rank-bfs_accept_first.cut-entropy4.0.samples20.maxnew1024.seed10086.subtreePrefetch.vllm.log,bfs_accept_first,8,541,2026-09-09 15:05:44,541.0,318.0,580.0,8,0,1.4,0.0
dataset-lcb_v6.model-qwen3.5-9b.alpha4.0.steps100.blocks-1.prefetch-budget-8.rank-bfs_accept_first.cut-entropy4.0.samples20.maxnew1024.seed10086.subtreePrefetch.vllm.log,bfs_accept_first,8,546,2026-09-09 15:05:54,551.0,265.7,744.9,8,0,1.4,0.0
dataset-lcb_v6.model-qwen3.5-9b.alpha4.0.steps100.blocks-1.prefetch-budget-8.rank-bfs_accept_first.cut-entropy4.0.samples20.maxnew1024.seed10086.subtreePrefetch.vllm.log,bfs_accept_first,8,551,2026-09-09 15:06:04,561.0,75.7,536.5,1,0,0.2,0.0
dataset-lcb_v6.model-qwen3.5-9b.alpha4.0.steps100.blocks-1.prefetch-budget-8.rank-bfs_accept_first.cut-entropy4.0.samples20.maxnew1024.seed10086.subtreePrefetch.vllm.log,bfs_accept_first,8,712,2026-09-09 15:06:14,571.0,62.6,115.7,1,0,0.3,0.0
dataset-lcb_v6.model-qwen3.5-9b.alpha4.0.steps100.blocks-1.prefetch-budget-8.rank-bfs_accept_first.cut-entropy4.0.samples20.maxnew1024.seed10086.subtreePrefetch.vllm.log,bfs_accept_first,8,717,2026-09-09 15:06:24,581.0,305.8,287.6,2,0,0.6,0.0
dataset-lcb_v6.model-qwen3.5-9b.alpha4.0.steps100.blocks-1.prefetch-budget-8.rank-bfs_accept_first.cut-entropy4.0.samples20.maxnew1024.seed10086.subtreePrefetch.vllm.log,bfs_accept_first,8,722,2026-09-09 15:06:34,591.0,263.0,544.4,1,0,0.4,0.0
dataset-lcb_v6.model-qwen3.5-9b.alpha4.0.steps100.blocks-1.prefetch-budget-8.rank-bfs_accept_first.cut-entropy4.0.samples20.maxnew1024.seed10086.subtreePrefetch.vllm.log,bfs_accept_first,8,731,2026-09-09 15:06:44,601.0,424.6,551.4,7,0,0.9,0.0
dataset-lcb_v6.model-qwen3.5-9b.alpha4.0.steps100.blocks-1.prefetch-budget-8.rank-bfs_accept_first.cut-entropy4.0.samples20.maxnew1024.seed10086.subtreePrefetch.vllm.log,bfs_accept_first,8,736,2026-09-09 15:06:54,611.0,248.6,483.0,6,0,0.9,0.0
dataset-lcb_v6.model-qwen3.5-9b.alpha4.0.steps100.blocks-1.prefetch-budget-8.rank-bfs_accept_first.cut-entropy4.0.samples20.maxnew1024.seed10086.subtreePrefetch.vllm.log,bfs_accept_first,8,741,2026-09-09 15:07:04,621.0,176.1,436.7,7,0,0.9,0.0
dataset-lcb_v6.model-qwen3.5-9b.alpha4.0.steps100.blocks-1.prefetch-budget-8.rank-bfs_accept_first.cut-entropy4.0.samples20.maxnew1024.seed10086.subtreePrefetch.vllm.log,bfs_accept_first,8,746,2026-09-09 15:07:14,631.0,183.2,668.8,7,0,1.0,0.0
dataset-lcb_v6.model-qwen3.5-9b.alpha4.0.steps100.blocks-1.prefetch-budget-8.rank-bfs_accept_first.cut-entropy4.0.samples20.maxnew1024.seed10086.subtreePrefetch.vllm.log,bfs_accept_first,8,751,2026-09-09 15:07:24,641.0,201.8,638.7,8,0,1.7,0.0
dataset-lcb_v6.model-qwen3.5-9b.alpha4.0.steps100.blocks-1.prefetch-budget-8.rank-bfs_accept_first.cut-entropy4.0.samples20.maxnew1024.seed10086.subtreePrefetch.vllm.log,bfs_accept_first,8,756,2026-09-09 15:07:34,651.0,151.2,724.6,6,0,1.3,0.0
dataset-lcb_v6.model-qwen3.5-9b.alpha4.0.steps100.blocks-1.prefetch-budget-8.rank-bfs_accept_first.cut-entropy4.0.samples20.maxnew1024.seed10086.subtreePrefetch.vllm.log,bfs_accept_first,8,761,2026-09-09 15:07:44,661.0,217.8,553.3,5,0,1.1,0.0
dataset-lcb_v6.model-qwen3.5-9b.alpha4.0.steps100.blocks-1.prefetch-budget-8.rank-bfs_accept_first.cut-entropy4.0.samples20.maxnew1024.seed10086.subtreePrefetch.vllm.log,bfs_accept_first,8,766,2026-09-09 15:07:54,671.0,155.3,540.9,4,0,0.9,0.0
dataset-lcb_v6.model-qwen3.5-9b.alpha4.0.steps100.blocks-1.prefetch-budget-8.rank-bfs_accept_first.cut-entropy4.0.samples20.maxnew1024.seed10086.subtreePrefetch.vllm.log,bfs_accept_first,8,771,2026-09-09 15:08:04,681.0,142.9,488.0,3,0,0.8,0.0
dataset-lcb_v6.model-qwen3.5-9b.alpha4.0.steps100.blocks-1.prefetch-budget-8.rank-bfs_accept_first.cut-entropy4.0.samples20.maxnew1024.seed10086.subtreePrefetch.vllm.log,bfs_accept_first,8,776,2026-09-09 15:08:14,691.0,216.1,583.1,4,0,0.9,0.0
dataset-lcb_v6.model-qwen3.5-9b.alpha4.0.steps100.blocks-1.prefetch-budget-8.rank-bfs_accept_first.cut-entropy4.0.samples20.maxnew1024.seed10086.subtreePrefetch.vllm.log,bfs_accept_first,8,785,2026-09-09 15:08:24,701.0,327.5,611.0,8,0,1.0,0.0
dataset-lcb_v6.model-qwen3.5-9b.alpha4.0.steps100.blocks-1.prefetch-budget-8.rank-bfs_accept_first.cut-entropy4.0.samples20.maxnew1024.seed10086.subtreePrefetch.vllm.log,bfs_accept_first,8,790,2026-09-09 15:08:34,711.0,158.9,645.6,8,0,1.1,0.0
dataset-lcb_v6.model-qwen3.5-9b.alpha4.0.steps100.blocks-1.prefetch-budget-8.rank-bfs_accept_first.cut-entropy4.0.samples20.maxnew1024.seed10086.subtreePrefetch.vllm.log,bfs_accept_first,8,795,2026-09-09 15:08:44,721.0,162.4,641.2,7,0,0.9,0.0
dataset-lcb_v6.model-qwen3.5-9b.alpha4.0.steps100.blocks-1.prefetch-budget-8.rank-bfs_accept_first.cut-entropy4.0.samples20.maxnew1024.seed10086.subtreePrefetch.vllm.log,bfs_accept_first,8,800,2026-09-09 15:08:54,731.0,117.7,631.2,7,0,1.0,0.0
dataset-lcb_v6.model-qwen3.5-9b.alpha4.0.steps100.blocks-1.prefetch-budget-8.rank-bfs_accept_first.cut-entropy4.0.samples20.maxnew1024.seed10086.subtreePrefetch.vllm.log,bfs_accept_first,8,805,2026-09-09 15:09:04,741.0,252.7,480.8,6,0,1.1,0.0
dataset-lcb_v6.model-qwen3.5-9b.alpha4.0.steps100.blocks-1.prefetch-budget-8.rank-bfs_accept_first.cut-entropy4.0.samples20.maxnew1024.seed10086.subtreePrefetch.vllm.log,bfs_accept_first,8,810,2026-09-09 15:09:14,751.0,259.7,553.9,7,0,1.5,0.0
dataset-lcb_v6.model-qwen3.5-9b.alpha4.0.steps100.blocks-1.prefetch-budget-8.rank-bfs_accept_first.cut-entropy4.0.samples20.maxnew1024.seed10086.subtreePrefetch.vllm.log,bfs_accept_first,8,815,2026-09-09 15:09:24,761.0,205.9,591.6,6,0,1.3,0.0
dataset-lcb_v6.model-qwen3.5-9b.alpha4.0.steps100.blocks-1.prefetch-budget-8.rank-bfs_accept_first.cut-entropy4.0.samples20.maxnew1024.seed10086.subtreePrefetch.vllm.log,bfs_accept_first,8,820,2026-09-09 15:09:34,771.0,182.6,595.3,6,0,1.3,0.0
dataset-lcb_v6.model-qwen3.5-9b.alpha4.0.steps100.blocks-1.prefetch-budget-8.rank-bfs_accept_first.cut-entropy4.0.samples20.maxnew1024.seed10086.subtreePrefetch.vllm.log,bfs_accept_first,8,825,2026-09-09 15:09:44,781.0,192.3,682.0,7,0,1.6,0.0
dataset-lcb_v6.model-qwen3.5-9b.alpha4.0.steps100.blocks-1.prefetch-budget-8.rank-bfs_accept_first.cut-entropy4.0.samples20.maxnew1024.seed10086.subtreePrefetch.vllm.log,bfs_accept_first,8,830,2026-09-09 15:09:54,791.0,179.1,675.7,6,0,1.3,0.0
dataset-lcb_v6.model-qwen3.5-9b.alpha4.0.steps100.blocks-1.prefetch-budget-8.rank-bfs_accept_first.cut-entropy4.0.samples20.maxnew1024.seed10086.subtreePrefetch.vllm.log,bfs_accept_first,8,835,2026-09-09 15:10:04,801.0,188.9,699.0,7,0,1.6,0.0
dataset-lcb_v6.model-qwen3.5-9b.alpha4.0.steps100.blocks-1.prefetch-budget-8.rank-bfs_accept_first.cut-entropy4.0.samples20.maxnew1024.seed10086.subtreePrefetch.vllm.log,bfs_accept_first,8,840,2026-09-09 15:10:14,811.0,178.5,723.0,7,0,1.5,0.0
dataset-lcb_v6.model-qwen3.5-9b.alpha4.0.steps100.blocks-1.prefetch-budget-8.rank-bfs_accept_first.cut-entropy4.0.samples20.maxnew1024.seed10086.subtreePrefetch.vllm.log,bfs_accept_first,8,845,2026-09-09 15:10:24,821.0,194.9,633.0,6,0,1.3,0.0
dataset-lcb_v6.model-qwen3.5-9b.alpha4.0.steps100.blocks-1.prefetch-budget-8.rank-bfs_accept_first.cut-entropy4.0.samples20.maxnew1024.seed10086.subtreePrefetch.vllm.log,bfs_accept_first,8,850,2026-09-09 15:10:34,831.0,190.1,686.7,6,0,1.6,0.0
dataset-lcb_v6.model-qwen3.5-9b.alpha4.0.steps100.blocks-1.prefetch-budget-8.rank-bfs_accept_first.cut-entropy4.0.samples20.maxnew1024.seed10086.subtreePrefetch.vllm.log,bfs_accept_first,8,855,2026-09-09 15:10:44,841.0,281.8,399.8,1,0,0.4,0.0
dataset-lcb_v6.model-qwen3.5-9b.alpha4.0.steps100.blocks-1.prefetch-budget-8.rank-bfs_accept_first.cut-entropy4.0.samples20.maxnew1024.seed10086.subtreePrefetch.vllm.log,bfs_accept_first,8,1040,2026-09-09 15:10:54,851.0,276.1,382.3,1,0,0.2,0.0
dataset-lcb_v6.model-qwen3.5-9b.alpha4.0.steps100.blocks-1.prefetch-budget-8.rank-bfs_accept_first.cut-entropy4.0.samples20.maxnew1024.seed10086.subtreePrefetch.vllm.log,bfs_accept_first,8,1045,2026-09-09 15:11:04,861.0,164.8,175.4,3,0,0.7,0.0
dataset-lcb_v6.model-qwen3.5-9b.alpha4.0.steps100.blocks-1.prefetch-budget-8.rank-bfs_accept_first.cut-entropy4.0.samples20.maxnew1024.seed10086.subtreePrefetch.vllm.log,bfs_accept_first,8,1050,2026-09-09 15:11:14,871.0,161.0,365.4,4,0,0.6,0.0
dataset-lcb_v6.model-qwen3.5-9b.alpha4.0.steps100.blocks-1.prefetch-budget-8.rank-bfs_accept_first.cut-entropy4.0.samples20.maxnew1024.seed10086.subtreePrefetch.vllm.log,bfs_accept_first,8,1055,2026-09-09 15:11:24,881.0,257.2,593.8,6,0,1.5,0.0
dataset-lcb_v6.model-qwen3.5-9b.alpha4.0.steps100.blocks-1.prefetch-budget-8.rank-bfs_accept_first.cut-entropy4.0.samples20.maxnew1024.seed10086.subtreePrefetch.vllm.log,bfs_accept_first,8,1060,2026-09-09 15:11:34,891.0,232.2,526.4,4,0,1.2,0.0
dataset-lcb_v6.model-qwen3.5-9b.alpha4.0.steps100.blocks-1.prefetch-budget-8.rank-bfs_accept_first.cut-entropy4.0.samples20.maxnew1024.seed10086.subtreePrefetch.vllm.log,bfs_accept_first,8,1065,2026-09-09 15:11:44,901.0,205.6,501.8,1,0,0.4,0.0
dataset-lcb_v6.model-qwen3.5-9b.alpha4.0.steps100.blocks-1.prefetch-budget-8.rank-bfs_accept_first.cut-entropy4.0.samples20.maxnew1024.seed10086.subtreePrefetch.vllm.log,bfs_accept_first,8,1074,2026-09-09 15:11:54,911.0,468.3,494.3,8,0,1.3,0.0
dataset-lcb_v6.model-qwen3.5-9b.alpha4.0.steps100.blocks-1.prefetch-budget-8.rank-bfs_accept_first.cut-entropy4.0.samples20.maxnew1024.seed10086.subtreePrefetch.vllm.log,bfs_accept_first,8,1079,2026-09-09 15:12:04,921.0,147.2,691.4,8,0,1.3,0.0
dataset-lcb_v6.model-qwen3.5-9b.alpha4.0.steps100.blocks-1.prefetch-budget-8.rank-bfs_accept_first.cut-entropy4.0.samples20.maxnew1024.seed10086.subtreePrefetch.vllm.log,bfs_accept_first,8,1084,2026-09-09 15:12:14,931.0,249.3,676.2,5,0,1.1,0.0
dataset-lcb_v6.model-qwen3.5-9b.alpha4.0.steps100.blocks-1.prefetch-budget-8.rank-bfs_accept_first.cut-entropy4.0.samples20.maxnew1024.seed10086.subtreePrefetch.vllm.log,bfs_accept_first,8,1089,2026-09-09 15:12:24,941.0,225.6,566.5,8,0,1.5,0.0
dataset-lcb_v6.model-qwen3.5-9b.alpha4.0.steps100.blocks-1.prefetch-budget-8.rank-bfs_accept_first.cut-entropy4.0.samples20.maxnew1024.seed10086.subtreePrefetch.vllm.log,bfs_accept_first,8,1094,2026-09-09 15:12:34,951.0,151.7,646.7,5,0,0.9,0.0
dataset-lcb_v6.model-qwen3.5-9b.alpha4.0.steps100.blocks-1.prefetch-budget-8.rank-bfs_accept_first.cut-entropy4.0.samples20.maxnew1024.seed10086.subtreePrefetch.vllm.log,bfs_accept_first,8,1099,2026-09-09 15:12:44,961.0,178.5,586.1,4,0,1.0,0.0
dataset-lcb_v6.model-qwen3.5-9b.alpha4.0.steps100.blocks-1.prefetch-budget-8.rank-bfs_accept_first.cut-entropy4.0.samples20.maxnew1024.seed10086.subtreePrefetch.vllm.log,bfs_accept_first,8,1104,2026-09-09 15:12:54,971.0,213.5,625.4,7,0,1.9,0.0
dataset-lcb_v6.model-qwen3.5-9b.alpha4.0.steps100.blocks-1.prefetch-budget-8.rank-bfs_accept_first.cut-entropy4.0.samples20.maxnew1024.seed10086.subtreePrefetch.vllm.log,bfs_accept_first,8,1109,2026-09-09 15:13:04,981.0,204.3,381.2,1,0,0.4,0.0
dataset-lcb_v6.model-qwen3.5-9b.alpha4.0.steps100.blocks-1.prefetch-budget-8.rank-bfs_accept_first.cut-entropy4.0.samples20.maxnew1024.seed10086.subtreePrefetch.vllm.log,bfs_accept_first,8,1118,2026-09-09 15:13:14,991.0,372.5,452.2,8,0,1.2,0.0
dataset-lcb_v6.model-qwen3.5-9b.alpha4.0.steps100.blocks-1.prefetch-budget-8.rank-bfs_accept_first.cut-entropy4.0.samples20.maxnew1024.seed10086.subtreePrefetch.vllm.log,bfs_accept_first,8,1123,2026-09-09 15:13:24,1001.0,236.4,585.1,7,0,1.4,0.0
dataset-lcb_v6.model-qwen3.5-9b.alpha4.0.steps100.blocks-1.prefetch-budget-8.rank-bfs_accept_first.cut-entropy4.0.samples20.maxnew1024.seed10086.subtreePrefetch.vllm.log,bfs_accept_first,8,1128,2026-09-09 15:13:34,1011.0,165.1,590.5,4,0,0.9,0.0
dataset-lcb_v6.model-qwen3.5-9b.alpha4.0.steps100.blocks-1.prefetch-budget-8.rank-bfs_accept_first.cut-entropy4.0.samples20.maxnew1024.seed10086.subtreePrefetch.vllm.log,bfs_accept_first,8,1133,2026-09-09 15:13:44,1021.0,251.9,479.5,6,0,1.3,0.0
dataset-lcb_v6.model-qwen3.5-9b.alpha4.0.steps100.blocks-1.prefetch-budget-8.rank-bfs_accept_first.cut-entropy4.0.samples20.maxnew1024.seed10086.subtreePrefetch.vllm.log,bfs_accept_first,8,1138,2026-09-09 15:13:54,1031.0,145.7,458.9,3,0,0.9,0.0
dataset-lcb_v6.model-qwen3.5-9b.alpha4.0.steps100.blocks-1.prefetch-budget-8.rank-bfs_accept_first.cut-entropy4.0.samples20.maxnew1024.seed10086.subtreePrefetch.vllm.log,bfs_accept_first,8,1143,2026-09-09 15:14:04,1041.0,237.3,477.2,1,0,0.4,0.0
dataset-lcb_v6.model-qwen3.5-9b.alpha4.0.steps100.blocks-1.prefetch-budget-8.rank-bfs_accept_first.cut-entropy4.0.samples20.maxnew1024.seed10086.subtreePrefetch.vllm.log,bfs_accept_first,8,1152,2026-09-09 15:14:14,1051.0,338.9,453.1,4,0,0.9,0.0
dataset-lcb_v6.model-qwen3.5-9b.alpha4.0.steps100.blocks-1.prefetch-budget-8.rank-bfs_accept_first.cut-entropy4.0.samples20.maxnew1024.seed10086.subtreePrefetch.vllm.log,bfs_accept_first,8,1157,2026-09-09 15:14:24,1061.0,217.8,497.3,7,0,1.5,0.0
dataset-lcb_v6.model-qwen3.5-9b.alpha4.0.steps100.blocks-1.prefetch-budget-8.rank-bfs_accept_first.cut-entropy4.0.samples20.maxnew1024.seed10086.subtreePrefetch.vllm.log,bfs_accept_first,8,1162,2026-09-09 15:14:34,1071.0,208.5,536.2,3,0,0.7,0.0
dataset-lcb_v6.model-qwen3.5-9b.alpha4.0.steps100.blocks-1.prefetch-budget-8.rank-bfs_accept_first.cut-entropy4.0.samples20.maxnew1024.seed10086.subtreePrefetch.vllm.log,bfs_accept_first,8,1167,2026-09-09 15:14:44,1081.0,173.5,504.3,4,0,1.1,0.0
dataset-lcb_v6.model-qwen3.5-9b.alpha4.0.steps100.blocks-1.prefetch-budget-8.rank-bfs_accept_first.cut-entropy4.0.samples20.maxnew1024.seed10086.subtreePrefetch.vllm.log,bfs_accept_first,8,1172,2026-09-09 15:14:54,1091.0,142.9,452.0,0,0,0.0,0.0
dataset-lcb_v6.model-qwen3.5-9b.alpha4.0.steps100.blocks-1.prefetch-budget-8.rank-bfs_accept_first.cut-entropy4.0.samples20.maxnew1024.seed10086.subtreePrefetch.vllm.log,bfs_accept_first,8,1181,2026-09-09 15:15:04,1101.0,194.7,268.4,1,0,0.2,0.0
dataset-lcb_v6.model-qwen3.5-9b.alpha4.0.steps100.blocks-1.prefetch-budget-8.rank-bfs_accept_first.cut-entropy4.0.samples20.maxnew1024.seed10086.subtreePrefetch.vllm.log,bfs_accept_first,8,1303,2026-09-09 15:15:14,1111.0,81.3,115.3,1,0,0.4,0.0
dataset-lcb_v6.model-qwen3.5-9b.alpha4.0.steps100.blocks-1.prefetch-budget-8.rank-bfs_accept_first.cut-entropy4.0.samples20.maxnew1024.seed10086.subtreePrefetch.vllm.log,bfs_accept_first,8,1312,2026-09-09 15:15:24,1121.0,308.8,552.3,7,0,1.1,0.0
dataset-lcb_v6.model-qwen3.5-9b.alpha4.0.steps100.blocks-1.prefetch-budget-8.rank-bfs_accept_first.cut-entropy4.0.samples20.maxnew1024.seed10086.subtreePrefetch.vllm.log,bfs_accept_first,8,1317,2026-09-09 15:15:34,1131.0,268.3,554.6,4,0,0.9,0.0
dataset-lcb_v6.model-qwen3.5-9b.alpha4.0.steps100.blocks-1.prefetch-budget-8.rank-bfs_accept_first.cut-entropy4.0.samples20.maxnew1024.seed10086.subtreePrefetch.vllm.log,bfs_accept_first,8,1322,2026-09-09 15:15:44,1141.0,238.8,489.8,5,0,1.3,0.0
dataset-lcb_v6.model-qwen3.5-9b.alpha4.0.steps100.blocks-1.prefetch-budget-8.rank-bfs_accept_first.cut-entropy4.0.samples20.maxnew1024.seed10086.subtreePrefetch.vllm.log,bfs_accept_first,8,1327,2026-09-09 15:15:54,1151.0,250.7,521.0,2,0,0.7,0.0
dataset-lcb_v6.model-qwen3.5-9b.alpha4.0.steps100.blocks-1.prefetch-budget-8.rank-bfs_accept_first.cut-entropy4.0.samples20.maxnew1024.seed10086.subtreePrefetch.vllm.log,bfs_accept_first,8,1336,2026-09-09 15:16:04,1161.0,360.4,552.6,8,0,1.1,0.0
dataset-lcb_v6.model-qwen3.5-9b.alpha4.0.steps100.blocks-1.prefetch-budget-8.rank-bfs_accept_first.cut-entropy4.0.samples20.maxnew1024.seed10086.subtreePrefetch.vllm.log,bfs_accept_first,8,1341,2026-09-09 15:16:14,1171.0,224.3,660.6,8,0,1.5,0.0
dataset-lcb_v6.model-qwen3.5-9b.alpha4.0.steps100.blocks-1.prefetch-budget-8.rank-bfs_accept_first.cut-entropy4.0.samples20.maxnew1024.seed10086.subtreePrefetch.vllm.log,bfs_accept_first,8,1346,2026-09-09 15:16:24,1181.0,200.3,608.7,7,0,1.4,0.0
dataset-lcb_v6.model-qwen3.5-9b.alpha4.0.steps100.blocks-1.prefetch-budget-8.rank-bfs_accept_first.cut-entropy4.0.samples20.maxnew1024.seed10086.subtreePrefetch.vllm.log,bfs_accept_first,8,1351,2026-09-09 15:16:34,1191.0,206.8,607.1,5,0,1.3,0.0
dataset-lcb_v6.model-qwen3.5-9b.alpha4.0.steps100.blocks-1.prefetch-budget-8.rank-bfs_accept_first.cut-entropy4.0.samples20.maxnew1024.seed10086.subtreePrefetch.vllm.log,bfs_accept_first,8,1356,2026-09-09 15:16:44,1201.0,160.2,533.5,1,0,0.4,0.0
dataset-lcb_v6.model-qwen3.5-9b.alpha4.0.steps100.blocks-1.prefetch-budget-8.rank-bfs_accept_first.cut-entropy4.0.samples20.maxnew1024.seed10086.subtreePrefetch.vllm.log,bfs_accept_first,8,1365,2026-09-09 15:16:54,1211.0,400.9,555.9,8,0,0.9,0.0
dataset-lcb_v6.model-qwen3.5-9b.alpha4.0.steps100.blocks-1.prefetch-budget-8.rank-bfs_accept_first.cut-entropy4.0.samples20.maxnew1024.seed10086.subtreePrefetch.vllm.log,bfs_accept_first,8,1370,2026-09-09 15:17:04,1221.0,117.5,613.7,7,0,0.8,0.0
dataset-lcb_v6.model-qwen3.5-9b.alpha4.0.steps100.blocks-1.prefetch-budget-8.rank-bfs_accept_first.cut-entropy4.0.samples20.maxnew1024.seed10086.subtreePrefetch.vllm.log,bfs_accept_first,8,1375,2026-09-09 15:17:14,1231.0,146.0,675.4,6,0,1.3,0.0
dataset-lcb_v6.model-qwen3.5-9b.alpha4.0.steps100.blocks-1.prefetch-budget-8.rank-bfs_accept_first.cut-entropy4.0.samples20.maxnew1024.seed10086.subtreePrefetch.vllm.log,bfs_accept_first,8,1384,2026-09-09 15:17:24,1241.0,390.6,475.0,8,0,1.0,0.0
dataset-lcb_v6.model-qwen3.5-9b.alpha4.0.steps100.blocks-1.prefetch-budget-8.rank-bfs_accept_first.cut-entropy4.0.samples20.maxnew1024.seed10086.subtreePrefetch.vllm.log,bfs_accept_first,8,1389,2026-09-09 15:17:34,1251.0,191.2,558.8,8,0,1.2,0.0
dataset-lcb_v6.model-qwen3.5-9b.alpha4.0.steps100.blocks-1.prefetch-budget-8.rank-bfs_accept_first.cut-entropy4.0.samples20.maxnew1024.seed10086.subtreePrefetch.vllm.log,bfs_accept_first,8,1394,2026-09-09 15:17:44,1261.0,217.6,667.4,7,0,1.3,0.0
dataset-lcb_v6.model-qwen3.5-9b.alpha4.0.steps100.blocks-1.prefetch-budget-8.rank-bfs_accept_first.cut-entropy4.0.samples20.maxnew1024.seed10086.subtreePrefetch.vllm.log,bfs_accept_first,8,1399,2026-09-09 15:17:54,1271.0,184.1,523.7,5,0,1.1,0.0
dataset-lcb_v6.model-qwen3.5-9b.alpha4.0.steps100.blocks-1.prefetch-budget-8.rank-bfs_accept_first.cut-entropy4.0.samples20.maxnew1024.seed10086.subtreePrefetch.vllm.log,bfs_accept_first,8,1404,2026-09-09 15:18:04,1281.0,223.9,623.0,2,0,0.7,0.0
dataset-lcb_v6.model-qwen3.5-9b.alpha4.0.steps100.blocks-1.prefetch-budget-8.rank-bfs_accept_first.cut-entropy4.0.samples20.maxnew1024.seed10086.subtreePrefetch.vllm.log,bfs_accept_first,8,1413,2026-09-09 15:18:14,1291.0,561.2,530.8,8,0,1.4,0.0
dataset-lcb_v6.model-qwen3.5-9b.alpha4.0.steps100.blocks-1.prefetch-budget-8.rank-bfs_accept_first.cut-entropy4.0.samples20.maxnew1024.seed10086.subtreePrefetch.vllm.log,bfs_accept_first,8,1418,2026-09-09 15:18:24,1301.0,270.4,579.0,8,0,1.5,0.0
dataset-lcb_v6.model-qwen3.5-9b.alpha4.0.steps100.blocks-1.prefetch-budget-8.rank-bfs_accept_first.cut-entropy4.0.samples20.maxnew1024.seed10086.subtreePrefetch.vllm.log,bfs_accept_first,8,1423,2026-09-09 15:18:34,1311.0,305.5,650.0,7,0,1.5,0.0
dataset-lcb_v6.model-qwen3.5-9b.alpha4.0.steps100.blocks-1.prefetch-budget-8.rank-bfs_accept_first.cut-entropy4.0.samples20.maxnew1024.seed10086.subtreePrefetch.vllm.log,bfs_accept_first,8,1428,2026-09-09 15:18:44,1321.0,251.5,658.8,5,0,1.2,0.0
dataset-lcb_v6.model-qwen3.5-9b.alpha4.0.steps100.blocks-1.prefetch-budget-8.rank-bfs_accept_first.cut-entropy4.0.samples20.maxnew1024.seed10086.subtreePrefetch.vllm.log,bfs_accept_first,8,1433,2026-09-09 15:18:54,1331.0,236.9,503.2,1,0,0.3,0.0
dataset-lcb_v6.model-qwen3.5-9b.alpha4.0.steps100.blocks-1.prefetch-budget-8.rank-bfs_accept_first.cut-entropy4.0.samples20.maxnew1024.seed10086.subtreePrefetch.vllm.log,bfs_accept_first,8,1442,2026-09-09 15:19:04,1341.0,443.8,677.2,7,0,1.2,0.0
dataset-lcb_v6.model-qwen3.5-9b.alpha4.0.steps100.blocks-1.prefetch-budget-8.rank-bfs_accept_first.cut-entropy4.0.samples20.maxnew1024.seed10086.subtreePrefetch.vllm.log,bfs_accept_first,8,1447,2026-09-09 15:19:14,1351.0,120.5,396.7,1,0,0.3,0.0
dataset-lcb_v6.model-qwen3.5-9b.alpha4.0.steps100.blocks-1.prefetch-budget-8.rank-bfs_accept_first.cut-entropy4.0.samples20.maxnew1024.seed10086.subtreePrefetch.vllm.log,bfs_accept_first,8,1568,2026-09-09 15:19:24,1361.0,187.5,168.9,8,0,1.1,0.0
dataset-lcb_v6.model-qwen3.5-9b.alpha4.0.steps100.blocks-1.prefetch-budget-8.rank-bfs_accept_first.cut-entropy4.0.samples20.maxnew1024.seed10086.subtreePrefetch.vllm.log,bfs_accept_first,8,1573,2026-09-09 15:19:34,1371.0,163.9,563.2,6,0,0.8,0.0
dataset-lcb_v6.model-qwen3.5-9b.alpha4.0.steps100.blocks-1.prefetch-budget-8.rank-bfs_accept_first.cut-entropy4.0.samples20.maxnew1024.seed10086.subtreePrefetch.vllm.log,bfs_accept_first,8,1578,2026-09-09 15:19:44,1381.0,226.7,627.5,3,0,0.7,0.0
dataset-lcb_v6.model-qwen3.5-9b.alpha4.0.steps100.blocks-1.prefetch-budget-8.rank-bfs_accept_first.cut-entropy4.0.samples20.maxnew1024.seed10086.subtreePrefetch.vllm.log,bfs_accept_first,8,1583,2026-09-09 15:19:54,1391.0,268.9,529.2,3,0,0.9,0.0
dataset-lcb_v6.model-qwen3.5-9b.alpha4.0.steps100.blocks-1.prefetch-budget-8.rank-bfs_accept_first.cut-entropy4.0.samples20.maxnew1024.seed10086.subtreePrefetch.vllm.log,bfs_accept_first,8,1592,2026-09-09 15:20:04,1401.0,438.4,553.1,8,0,0.9,0.0
dataset-lcb_v6.model-qwen3.5-9b.alpha4.0.steps100.blocks-1.prefetch-budget-8.rank-bfs_accept_first.cut-entropy4.0.samples20.maxnew1024.seed10086.subtreePrefetch.vllm.log,bfs_accept_first,8,1597,2026-09-09 15:20:14,1411.0,240.3,602.1,7,0,0.9,0.0
dataset-lcb_v6.model-qwen3.5-9b.alpha4.0.steps100.blocks-1.prefetch-budget-8.rank-bfs_accept_first.cut-entropy4.0.samples20.maxnew1024.seed10086.subtreePrefetch.vllm.log,bfs_accept_first,8,1602,2026-09-09 15:20:24,1421.0,148.5,581.2,7,0,1.2,0.0
dataset-lcb_v6.model-qwen3.5-9b.alpha4.0.steps100.blocks-1.prefetch-budget-8.rank-bfs_accept_first.cut-entropy4.0.samples20.maxnew1024.seed10086.subtreePrefetch.vllm.log,bfs_accept_first,8,1607,2026-09-09 15:20:34,1431.0,143.6,655.6,8,0,1.5,0.0
dataset-lcb_v6.model-qwen3.5-9b.alpha4.0.steps100.blocks-1.prefetch-budget-8.rank-bfs_accept_first.cut-entropy4.0.samples20.maxnew1024.seed10086.subtreePrefetch.vllm.log,bfs_accept_first,8,1612,2026-09-09 15:20:44,1441.0,252.3,617.6,2,0,0.5,0.0
dataset-lcb_v6.model-qwen3.5-9b.alpha4.0.steps100.blocks-1.prefetch-budget-8.rank-bfs_accept_first.cut-entropy4.0.samples20.maxnew1024.seed10086.subtreePrefetch.vllm.log,bfs_accept_first,8,1617,2026-09-09 15:20:54,1451.0,214.8,378.1,1,0,0.3,0.0
dataset-lcb_v6.model-qwen3.5-9b.alpha4.0.steps100.blocks-1.prefetch-budget-8.rank-bfs_accept_first.cut-entropy4.0.samples20.maxnew1024.seed10086.subtreePrefetch.vllm.log,bfs_accept_first,8,1626,2026-09-09 15:21:04,1461.0,511.0,569.0,8,0,0.9,0.0
dataset-lcb_v6.model-qwen3.5-9b.alpha4.0.steps100.blocks-1.prefetch-budget-8.rank-bfs_accept_first.cut-entropy4.0.samples20.maxnew1024.seed10086.subtreePrefetch.vllm.log,bfs_accept_first,8,1631,2026-09-09 15:21:14,1471.0,150.9,592.2,8,0,1.1,0.0
dataset-lcb_v6.model-qwen3.5-9b.alpha4.0.steps100.blocks-1.prefetch-budget-8.rank-bfs_accept_first.cut-entropy4.0.samples20.maxnew1024.seed10086.subtreePrefetch.vllm.log,bfs_accept_first,8,1636,2026-09-09 15:21:24,1481.0,224.4,598.3,7,0,1.3,0.0
dataset-lcb_v6.model-qwen3.5-9b.alpha4.0.steps100.blocks-1.prefetch-budget-8.rank-bfs_accept_first.cut-entropy4.0.samples20.maxnew1024.seed10086.subtreePrefetch.vllm.log,bfs_accept_first,8,1641,2026-09-09 15:21:34,1491.0,177.8,607.1,5,0,1.1,0.0
dataset-lcb_v6.model-qwen3.5-9b.alpha4.0.steps100.blocks-1.prefetch-budget-8.rank-bfs_accept_first.cut-entropy4.0.samples20.maxnew1024.seed10086.subtreePrefetch.vllm.log,bfs_accept_first,8,1646,2026-09-09 15:21:44,1501.0,230.4,561.3,2,0,0.6,0.0
dataset-lcb_v6.model-qwen3.5-9b.alpha4.0.steps100.blocks-1.prefetch-budget-8.rank-bfs_accept_first.cut-entropy4.0.samples20.maxnew1024.seed10086.subtreePrefetch.vllm.log,bfs_accept_first,8,1651,2026-09-09 15:21:54,1511.0,141.0,602.5,1,0,0.3,0.0
dataset-lcb_v6.model-qwen3.5-9b.alpha4.0.steps100.blocks-1.prefetch-budget-8.rank-bfs_accept_first.cut-entropy4.0.samples20.maxnew1024.seed10086.subtreePrefetch.vllm.log,bfs_accept_first,8,1656,2026-09-09 15:22:04,1521.0,208.9,528.0,1,0,0.3,0.0
dataset-lcb_v6.model-qwen3.5-9b.alpha4.0.steps100.blocks-1.prefetch-budget-8.rank-bfs_accept_first.cut-entropy4.0.samples20.maxnew1024.seed10086.subtreePrefetch.vllm.log,bfs_accept_first,8,1665,2026-09-09 15:22:14,1531.0,380.5,662.5,5,0,0.9,0.0
dataset-lcb_v6.model-qwen3.5-9b.alpha4.0.steps100.blocks-1.prefetch-budget-8.rank-bfs_accept_first.cut-entropy4.0.samples20.maxnew1024.seed10086.subtreePrefetch.vllm.log,bfs_accept_first,8,1670,2026-09-09 15:22:24,1541.0,264.4,590.7,5,0,1.2,0.0
dataset-lcb_v6.model-qwen3.5-9b.alpha4.0.steps100.blocks-1.prefetch-budget-8.rank-bfs_accept_first.cut-entropy4.0.samples20.maxnew1024.seed10086.subtreePrefetch.vllm.log,bfs_accept_first,8,1675,2026-09-09 15:22:34,1551.0,195.0,545.5,3,0,0.7,0.0
dataset-lcb_v6.model-qwen3.5-9b.alpha4.0.steps100.blocks-1.prefetch-budget-8.rank-bfs_accept_first.cut-entropy4.0.samples20.maxnew1024.seed10086.subtreePrefetch.vllm.log,bfs_accept_first,8,1680,2026-09-09 15:22:44,1561.0,224.3,579.6,2,0,0.6,0.0
dataset-lcb_v6.model-qwen3.5-9b.alpha4.0.steps100.blocks-1.prefetch-budget-8.rank-bfs_accept_first.cut-entropy4.0.samples20.maxnew1024.seed10086.subtreePrefetch.vllm.log,bfs_accept_first,8,1689,2026-09-09 15:22:54,1571.0,416.3,571.5,8,0,1.1,0.0
dataset-lcb_v6.model-qwen3.5-9b.alpha4.0.steps100.blocks-1.prefetch-budget-8.rank-bfs_accept_first.cut-entropy4.0.samples20.maxnew1024.seed10086.subtreePrefetch.vllm.log,bfs_accept_first,8,1694,2026-09-09 15:23:04,1581.0,152.3,433.6,6,0,0.9,0.0
dataset-lcb_v6.model-qwen3.5-9b.alpha4.0.steps100.blocks-1.prefetch-budget-8.rank-bfs_accept_first.cut-entropy4.0.samples20.maxnew1024.seed10086.subtreePrefetch.vllm.log,bfs_accept_first,8,1699,2026-09-09 15:23:14,1591.0,228.1,540.4,7,0,1.3,0.0
dataset-lcb_v6.model-qwen3.5-9b.alpha4.0.steps100.blocks-1.prefetch-budget-8.rank-bfs_accept_first.cut-entropy4.0.samples20.maxnew1024.seed10086.subtreePrefetch.vllm.log,bfs_accept_first,8,1704,2026-09-09 15:23:24,1601.0,111.7,514.2,3,0,0.7,0.0
dataset-lcb_v6.model-qwen3.5-9b.alpha4.0.steps100.blocks-1.prefetch-budget-8.rank-bfs_accept_first.cut-entropy4.0.samples20.maxnew1024.seed10086.subtreePrefetch.vllm.log,bfs_accept_first,8,1817,2026-09-09 15:23:34,1611.0,93.4,133.0,1,0,0.4,0.0
dataset-lcb_v6.model-qwen3.5-9b.alpha4.0.steps100.blocks-1.prefetch-budget-8.rank-bfs_accept_first.cut-entropy4.0.samples20.maxnew1024.seed10086.subtreePrefetch.vllm.log,bfs_accept_first,8,1826,2026-09-09 15:23:44,1621.0,400.9,454.4,8,0,1.1,0.0
dataset-lcb_v6.model-qwen3.5-9b.alpha4.0.steps100.blocks-1.prefetch-budget-8.rank-bfs_accept_first.cut-entropy4.0.samples20.maxnew1024.seed10086.subtreePrefetch.vllm.log,bfs_accept_first,8,1831,2026-09-09 15:23:54,1631.0,316.4,577.6,8,0,1.6,0.0
dataset-lcb_v6.model-qwen3.5-9b.alpha4.0.steps100.blocks-1.prefetch-budget-8.rank-bfs_accept_first.cut-entropy4.0.samples20.maxnew1024.seed10086.subtreePrefetch.vllm.log,bfs_accept_first,8,1836,2026-09-09 15:24:04,1641.0,225.8,478.0,6,0,1.2,0.0
dataset-lcb_v6.model-qwen3.5-9b.alpha4.0.steps100.blocks-1.prefetch-budget-8.rank-bfs_accept_first.cut-entropy4.0.samples20.maxnew1024.seed10086.subtreePrefetch.vllm.log,bfs_accept_first,8,1841,2026-09-09 15:24:14,1651.0,69.8,543.4,8,0,1.0,0.0
dataset-lcb_v6.model-qwen3.5-9b.alpha4.0.steps100.blocks-1.prefetch-budget-8.rank-bfs_accept_first.cut-entropy4.0.samples20.maxnew1024.seed10086.subtreePrefetch.vllm.log,bfs_accept_first,8,1846,2026-09-09 15:24:24,1661.0,275.2,559.2,6,0,1.4,0.0
dataset-lcb_v6.model-qwen3.5-9b.alpha4.0.steps100.blocks-1.prefetch-budget-8.rank-bfs_accept_first.cut-entropy4.0.samples20.maxnew1024.seed10086.subtreePrefetch.vllm.log,bfs_accept_first,8,1851,2026-09-09 15:24:34,1671.0,273.7,470.3,3,0,0.7,0.0
dataset-lcb_v6.model-qwen3.5-9b.alpha4.0.steps100.blocks-1.prefetch-budget-8.rank-bfs_accept_first.cut-entropy4.0.samples20.maxnew1024.seed10086.subtreePrefetch.vllm.log,bfs_accept_first,8,1856,2026-09-09 15:24:44,1681.0,134.3,509.7,3,0,0.7,0.0
dataset-lcb_v6.model-qwen3.5-9b.alpha4.0.steps100.blocks-1.prefetch-budget-8.rank-bfs_accept_first.cut-entropy4.0.samples20.maxnew1024.seed10086.subtreePrefetch.vllm.log,bfs_accept_first,8,1865,2026-09-09 15:24:54,1691.0,359.2,427.7,8,0,1.4,0.0
dataset-lcb_v6.model-qwen3.5-9b.alpha4.0.steps100.blocks-1.prefetch-budget-8.rank-bfs_accept_first.cut-entropy4.0.samples20.maxnew1024.seed10086.subtreePrefetch.vllm.log,bfs_accept_first,8,1870,2026-09-09 15:25:04,1701.0,217.7,468.9,8,0,1.6,0.0
dataset-lcb_v6.model-qwen3.5-9b.alpha4.0.steps100.blocks-1.prefetch-budget-8.rank-bfs_accept_first.cut-entropy4.0.samples20.maxnew1024.seed10086.subtreePrefetch.vllm.log,bfs_accept_first,8,1875,2026-09-09 15:25:14,1711.0,232.1,627.2,8,0,1.6,0.0
dataset-lcb_v6.model-qwen3.5-9b.alpha4.0.steps100.blocks-1.prefetch-budget-8.rank-bfs_accept_first.cut-entropy4.0.samples20.maxnew1024.seed10086.subtreePrefetch.vllm.log,bfs_accept_first,8,1880,2026-09-09 15:25:24,1721.0,251.6,559.8,7,0,1.5,0.0
dataset-lcb_v6.model-qwen3.5-9b.alpha4.0.steps100.blocks-1.prefetch-budget-8.rank-bfs_accept_first.cut-entropy4.0.samples20.maxnew1024.seed10086.subtreePrefetch.vllm.log,bfs_accept_first,8,1885,2026-09-09 15:25:34,1731.0,180.5,483.5,8,0,1.5,0.0
dataset-lcb_v6.model-qwen3.5-9b.alpha4.0.steps100.blocks-1.prefetch-budget-8.rank-bfs_accept_first.cut-entropy4.0.samples20.maxnew1024.seed10086.subtreePrefetch.vllm.log,bfs_accept_first,8,1890,2026-09-09 15:25:44,1741.0,275.1,521.6,8,0,1.7,0.0
dataset-lcb_v6.model-qwen3.5-9b.alpha4.0.steps100.blocks-1.prefetch-budget-8.rank-bfs_accept_first.cut-entropy4.0.samples20.maxnew1024.seed10086.subtreePrefetch.vllm.log,bfs_accept_first,8,1895,2026-09-09 15:25:54,1751.0,197.0,516.2,6,0,1.4,0.0
dataset-lcb_v6.model-qwen3.5-9b.alpha4.0.steps100.blocks-1.prefetch-budget-8.rank-bfs_accept_first.cut-entropy4.0.samples20.maxnew1024.seed10086.subtreePrefetch.vllm.log,bfs_accept_first,8,1900,2026-09-09 15:26:04,1761.0,175.8,461.9,3,0,0.8,0.0
dataset-lcb_v6.model-qwen3.5-9b.alpha4.0.steps100.blocks-1.prefetch-budget-8.rank-bfs_accept_first.cut-entropy4.0.samples20.maxnew1024.seed10086.subtreePrefetch.vllm.log,bfs_accept_first,8,1905,2026-09-09 15:26:14,1771.0,235.6,541.4,4,0,1.2,0.0
dataset-lcb_v6.model-qwen3.5-9b.alpha4.0.steps100.blocks-1.prefetch-budget-8.rank-bfs_accept_first.cut-entropy4.0.samples20.maxnew1024.seed10086.subtreePrefetch.vllm.log,bfs_accept_first,8,1910,2026-09-09 15:26:24,1781.0,228.5,526.5,3,0,1.0,0.0
dataset-lcb_v6.model-qwen3.5-9b.alpha4.0.steps100.blocks-1.prefetch-budget-8.rank-bfs_accept_first.cut-entropy4.0.samples20.maxnew1024.seed10086.subtreePrefetch.vllm.log,bfs_accept_first,8,1915,2026-09-09 15:26:34,1791.0,174.7,515.9,2,0,0.7,0.0
dataset-lcb_v6.model-qwen3.5-9b.alpha4.0.steps100.blocks-1.prefetch-budget-8.rank-bfs_accept_first.cut-entropy4.0.samples20.maxnew1024.seed10086.subtreePrefetch.vllm.log,bfs_accept_first,8,1920,2026-09-09 15:26:44,1801.0,275.9,507.5,2,0,0.7,0.0
dataset-lcb_v6.model-qwen3.5-9b.alpha4.0.steps100.blocks-1.prefetch-budget-8.rank-bfs_accept_first.cut-entropy4.0.samples20.maxnew1024.seed10086.subtreePrefetch.vllm.log,bfs_accept_first,8,1929,2026-09-09 15:26:54,1811.0,274.8,500.1,8,0,1.0,0.0
dataset-lcb_v6.model-qwen3.5-9b.alpha4.0.steps100.blocks-1.prefetch-budget-8.rank-bfs_accept_first.cut-entropy4.0.samples20.maxnew1024.seed10086.subtreePrefetch.vllm.log,bfs_accept_first,8,1934,2026-09-09 15:27:04,1821.0,122.4,604.0,2,0,0.5,0.0
dataset-lcb_v6.model-qwen3.5-9b.alpha4.0.steps100.blocks-1.prefetch-budget-8.rank-bfs_accept_first.cut-entropy4.0.samples20.maxnew1024.seed10086.subtreePrefetch.vllm.log,bfs_accept_first,8,1939,2026-09-09 15:27:14,1831.0,242.2,513.3,3,0,0.9,0.0
dataset-lcb_v6.model-qwen3.5-9b.alpha4.0.steps100.blocks-1.prefetch-budget-8.rank-bfs_accept_first.cut-entropy4.0.samples20.maxnew1024.seed10086.subtreePrefetch.vllm.log,bfs_accept_first,8,1944,2026-09-09 15:27:24,1841.0,318.2,479.6,2,0,0.7,0.0
dataset-lcb_v6.model-qwen3.5-9b.alpha4.0.steps100.blocks-1.prefetch-budget-8.rank-bfs_accept_first.cut-entropy4.0.samples20.maxnew1024.seed10086.subtreePrefetch.vllm.log,bfs_accept_first,8,1949,2026-09-09 15:27:34,1851.0,154.3,527.3,3,0,1.0,0.0
dataset-lcb_v6.model-qwen3.5-9b.alpha4.0.steps100.blocks-1.prefetch-budget-8.rank-bfs_accept_first.cut-entropy4.0.samples20.maxnew1024.seed10086.subtreePrefetch.vllm.log,bfs_accept_first,8,1958,2026-09-09 15:27:44,1861.0,204.8,452.3,1,0,0.3,0.0
dataset-lcb_v6.model-qwen3.5-9b.alpha4.0.steps100.blocks-1.prefetch-budget-8.rank-bfs_accept_first.cut-entropy4.0.samples20.maxnew1024.seed10086.subtreePrefetch.vllm.log,bfs_accept_first,8,2053,2026-09-09 15:27:54,1871.0,57.0,116.2,1,0,0.3,0.0
dataset-lcb_v6.model-qwen3.5-9b.alpha4.0.steps100.blocks-1.prefetch-budget-8.rank-bfs_accept_first.cut-entropy4.0.samples20.maxnew1024.seed10086.subtreePrefetch.vllm.log,bfs_accept_first,8,2062,2026-09-09 15:28:05,1882.0,510.6,498.5,8,0,1.0,0.0
dataset-lcb_v6.model-qwen3.5-9b.alpha4.0.steps100.blocks-1.prefetch-budget-8.rank-bfs_accept_first.cut-entropy4.0.samples20.maxnew1024.seed10086.subtreePrefetch.vllm.log,bfs_accept_first,8,2067,2026-09-09 15:28:15,1892.0,171.6,501.2,7,0,0.9,0.0
dataset-lcb_v6.model-qwen3.5-9b.alpha4.0.steps100.blocks-1.prefetch-budget-8.rank-bfs_accept_first.cut-entropy4.0.samples20.maxnew1024.seed10086.subtreePrefetch.vllm.log,bfs_accept_first,8,2072,2026-09-09 15:28:25,1902.0,258.1,562.3,7,0,1.1,0.0
dataset-lcb_v6.model-qwen3.5-9b.alpha4.0.steps100.blocks-1.prefetch-budget-8.rank-bfs_accept_first.cut-entropy4.0.samples20.maxnew1024.seed10086.subtreePrefetch.vllm.log,bfs_accept_first,8,2077,2026-09-09 15:28:35,1912.0,140.4,519.2,8,0,1.2,0.0
dataset-lcb_v6.model-qwen3.5-9b.alpha4.0.steps100.blocks-1.prefetch-budget-8.rank-bfs_accept_first.cut-entropy4.0.samples20.maxnew1024.seed10086.subtreePrefetch.vllm.log,bfs_accept_first,8,2082,2026-09-09 15:28:45,1922.0,202.8,490.8,5,0,0.9,0.0
dataset-lcb_v6.model-qwen3.5-9b.alpha4.0.steps100.blocks-1.prefetch-budget-8.rank-bfs_accept_first.cut-entropy4.0.samples20.maxnew1024.seed10086.subtreePrefetch.vllm.log,bfs_accept_first,8,2087,2026-09-09 15:28:55,1932.0,245.1,464.2,5,0,1.0,0.0
dataset-lcb_v6.model-qwen3.5-9b.alpha4.0.steps100.blocks-1.prefetch-budget-8.rank-bfs_accept_first.cut-entropy4.0.samples20.maxnew1024.seed10086.subtreePrefetch.vllm.log,bfs_accept_first,8,2092,2026-09-09 15:29:05,1942.0,168.9,473.5,4,0,0.9,0.0
dataset-lcb_v6.model-qwen3.5-9b.alpha4.0.steps100.blocks-1.prefetch-budget-8.rank-bfs_accept_first.cut-entropy4.0.samples20.maxnew1024.seed10086.subtreePrefetch.vllm.log,bfs_accept_first,8,2097,2026-09-09 15:29:15,1952.0,68.8,523.6,3,0,0.7,0.0
dataset-lcb_v6.model-qwen3.5-9b.alpha4.0.steps100.blocks-1.prefetch-budget-8.rank-bfs_accept_first.cut-entropy4.0.samples20.maxnew1024.seed10086.subtreePrefetch.vllm.log,bfs_accept_first,8,2102,2026-09-09 15:29:25,1962.0,203.3,389.4,1,0,0.3,0.0
dataset-lcb_v6.model-qwen3.5-9b.alpha4.0.steps100.blocks-1.prefetch-budget-8.rank-bfs_accept_first.cut-entropy4.0.samples20.maxnew1024.seed10086.subtreePrefetch.vllm.log,bfs_accept_first,8,2107,2026-09-09 15:29:35,1972.0,195.1,448.3,2,0,0.5,0.0
dataset-lcb_v6.model-qwen3.5-9b.alpha4.0.steps100.blocks-1.prefetch-budget-8.rank-bfs_accept_first.cut-entropy4.0.samples20.maxnew1024.seed10086.subtreePrefetch.vllm.log,bfs_accept_first,8,2112,2026-09-09 15:29:45,1982.0,205.5,604.8,2,0,0.5,0.0
dataset-lcb_v6.model-qwen3.5-9b.alpha4.0.steps100.blocks-1.prefetch-budget-8.rank-bfs_accept_first.cut-entropy4.0.samples20.maxnew1024.seed10086.subtreePrefetch.vllm.log,bfs_accept_first,8,2121,2026-09-09 15:29:55,1992.0,323.0,539.0,8,0,1.0,0.0
dataset-lcb_v6.model-qwen3.5-9b.alpha4.0.steps100.blocks-1.prefetch-budget-8.rank-bfs_accept_first.cut-entropy4.0.samples20.maxnew1024.seed10086.subtreePrefetch.vllm.log,bfs_accept_first,8,2126,2026-09-09 15:30:05,2002.0,223.3,457.8,8,0,1.1,0.0
dataset-lcb_v6.model-qwen3.5-9b.alpha4.0.steps100.blocks-1.prefetch-budget-8.rank-bfs_accept_first.cut-entropy4.0.samples20.maxnew1024.seed10086.subtreePrefetch.vllm.log,bfs_accept_first,8,2131,2026-09-09 15:30:15,2012.0,177.4,657.7,8,0,1.0,0.0
dataset-lcb_v6.model-qwen3.5-9b.alpha4.0.steps100.blocks-1.prefetch-budget-8.rank-bfs_accept_first.cut-entropy4.0.samples20.maxnew1024.seed10086.subtreePrefetch.vllm.log,bfs_accept_first,8,2136,2026-09-09 15:30:25,2022.0,222.6,478.1,8,0,1.4,0.0
dataset-lcb_v6.model-qwen3.5-9b.alpha4.0.steps100.blocks-1.prefetch-budget-8.rank-bfs_accept_first.cut-entropy4.0.samples20.maxnew1024.seed10086.subtreePrefetch.vllm.log,bfs_accept_first,8,2141,2026-09-09 15:30:35,2032.0,145.6,665.4,7,0,1.1,0.0
dataset-lcb_v6.model-qwen3.5-9b.alpha4.0.steps100.blocks-1.prefetch-budget-8.rank-bfs_accept_first.cut-entropy4.0.samples20.maxnew1024.seed10086.subtreePrefetch.vllm.log,bfs_accept_first,8,2146,2026-09-09 15:30:45,2042.0,244.2,607.4,4,0,0.8,0.0
dataset-lcb_v6.model-qwen3.5-9b.alpha4.0.steps100.blocks-1.prefetch-budget-8.rank-bfs_accept_first.cut-entropy4.0.samples20.maxnew1024.seed10086.subtreePrefetch.vllm.log,bfs_accept_first,8,2151,2026-09-09 15:30:55,2052.0,197.5,487.8,3,0,0.7,0.0
dataset-lcb_v6.model-qwen3.5-9b.alpha4.0.steps100.blocks-1.prefetch-budget-8.rank-bfs_accept_first.cut-entropy4.0.samples20.maxnew1024.seed10086.subtreePrefetch.vllm.log,bfs_accept_first,8,2156,2026-09-09 15:31:05,2062.0,230.8,621.4,4,0,0.9,0.0
dataset-lcb_v6.model-qwen3.5-9b.alpha4.0.steps100.blocks-1.prefetch-budget-8.rank-bfs_accept_first.cut-entropy4.0.samples20.maxnew1024.seed10086.subtreePrefetch.vllm.log,bfs_accept_first,8,2161,2026-09-09 15:31:15,2072.0,128.8,484.7,3,0,0.7,0.0
dataset-lcb_v6.model-qwen3.5-9b.alpha4.0.steps100.blocks-1.prefetch-budget-8.rank-bfs_accept_first.cut-entropy4.0.samples20.maxnew1024.seed10086.subtreePrefetch.vllm.log,bfs_accept_first,8,2170,2026-09-09 15:31:25,2082.0,386.7,514.5,8,0,1.0,0.0
dataset-lcb_v6.model-qwen3.5-9b.alpha4.0.steps100.blocks-1.prefetch-budget-8.rank-bfs_accept_first.cut-entropy4.0.samples20.maxnew1024.seed10086.subtreePrefetch.vllm.log,bfs_accept_first,8,2175,2026-09-09 15:31:35,2092.0,163.9,637.3,8,0,1.1,0.0
dataset-lcb_v6.model-qwen3.5-9b.alpha4.0.steps100.blocks-1.prefetch-budget-8.rank-bfs_accept_first.cut-entropy4.0.samples20.maxnew1024.seed10086.subtreePrefetch.vllm.log,bfs_accept_first,8,2180,2026-09-09 15:31:45,2102.0,139.7,658.6,8,0,1.0,0.0
dataset-lcb_v6.model-qwen3.5-9b.alpha4.0.steps100.blocks-1.prefetch-budget-8.rank-bfs_accept_first.cut-entropy4.0.samples20.maxnew1024.seed10086.subtreePrefetch.vllm.log,bfs_accept_first,8,2185,2026-09-09 15:31:55,2112.0,194.2,632.6,8,0,1.0,0.0
dataset-lcb_v6.model-qwen3.5-9b.alpha4.0.steps100.blocks-1.prefetch-budget-8.rank-bfs_accept_first.cut-entropy4.0.samples20.maxnew1024.seed10086.subtreePrefetch.vllm.log,bfs_accept_first,8,2190,2026-09-09 15:32:05,2122.0,234.7,478.2,8,0,1.4,0.0
dataset-lcb_v6.model-qwen3.5-9b.alpha4.0.steps100.blocks-1.prefetch-budget-8.rank-bfs_accept_first.cut-entropy4.0.samples20.maxnew1024.seed10086.subtreePrefetch.vllm.log,bfs_accept_first,8,2195,2026-09-09 15:32:15,2132.0,52.0,523.6,2,0,0.3,0.0
dataset-lcb_v6.model-qwen3.5-9b.alpha4.0.steps100.blocks-1.prefetch-budget-8.rank-bfs_accept_first.cut-entropy4.0.samples20.maxnew1024.seed10086.subtreePrefetch.vllm.log,bfs_accept_first,8,2300,2026-09-09 15:32:25,2142.0,81.8,124.1,1,0,0.4,0.0
dataset-lcb_v6.model-qwen3.5-9b.alpha4.0.steps100.blocks-1.prefetch-budget-8.rank-bfs_accept_first.cut-entropy4.0.samples20.maxnew1024.seed10086.subtreePrefetch.vllm.log,bfs_accept_first,8,2309,2026-09-09 15:32:35,2152.0,513.5,440.2,7,0,1.0,0.0
dataset-lcb_v6.model-qwen3.5-9b.alpha4.0.steps100.blocks-1.prefetch-budget-8.rank-bfs_accept_first.cut-entropy4.0.samples20.maxnew1024.seed10086.subtreePrefetch.vllm.log,bfs_accept_first,8,2314,2026-09-09 15:32:45,2162.0,239.5,424.9,8,0,1.4,0.0
dataset-lcb_v6.model-qwen3.5-9b.alpha4.0.steps100.blocks-1.prefetch-budget-8.rank-bfs_accept_first.cut-entropy4.0.samples20.maxnew1024.seed10086.subtreePrefetch.vllm.log,bfs_accept_first,8,2319,2026-09-09 15:32:55,2172.0,204.9,512.6,7,0,1.3,0.0
dataset-lcb_v6.model-qwen3.5-9b.alpha4.0.steps100.blocks-1.prefetch-budget-8.rank-bfs_accept_first.cut-entropy4.0.samples20.maxnew1024.seed10086.subtreePrefetch.vllm.log,bfs_accept_first,8,2324,2026-09-09 15:33:05,2182.0,266.9,513.0,6,0,1.4,0.0
dataset-lcb_v6.model-qwen3.5-9b.alpha4.0.steps100.blocks-1.prefetch-budget-8.rank-bfs_accept_first.cut-entropy4.0.samples20.maxnew1024.seed10086.subtreePrefetch.vllm.log,bfs_accept_first,8,2329,2026-09-09 15:33:15,2192.0,159.1,552.9,6,0,1.1,0.0
dataset-lcb_v6.model-qwen3.5-9b.alpha4.0.steps100.blocks-1.prefetch-budget-8.rank-bfs_accept_first.cut-entropy4.0.samples20.maxnew1024.seed10086.subtreePrefetch.vllm.log,bfs_accept_first,8,2334,2026-09-09 15:33:25,2202.0,279.2,589.7,4,0,1.3,0.0
dataset-lcb_v6.model-qwen3.5-9b.alpha4.0.steps100.blocks-1.prefetch-budget-8.rank-bfs_accept_first.cut-entropy4.0.samples20.maxnew1024.seed10086.subtreePrefetch.vllm.log,bfs_accept_first,8,2339,2026-09-09 15:33:35,2212.0,274.2,459.3,2,0,0.7,0.0
dataset-lcb_v6.model-qwen3.5-9b.alpha4.0.steps100.blocks-1.prefetch-budget-8.rank-bfs_accept_first.cut-entropy4.0.samples20.maxnew1024.seed10086.subtreePrefetch.vllm.log,bfs_accept_first,8,2344,2026-09-09 15:33:45,2222.0,270.1,484.9,3,0,1.0,0.0
dataset-lcb_v6.model-qwen3.5-9b.alpha4.0.steps100.blocks-1.prefetch-budget-8.rank-bfs_accept_first.cut-entropy4.0.samples20.maxnew1024.seed10086.subtreePrefetch.vllm.log,bfs_accept_first,8,2353,2026-09-09 15:33:55,2232.0,346.4,582.2,8,0,1.1,0.0
dataset-lcb_v6.model-qwen3.5-9b.alpha4.0.steps100.blocks-1.prefetch-budget-8.rank-bfs_accept_first.cut-entropy4.0.samples20.maxnew1024.seed10086.subtreePrefetch.vllm.log,bfs_accept_first,8,2358,2026-09-09 15:34:05,2242.0,193.9,585.4,7,0,1.1,0.0
dataset-lcb_v6.model-qwen3.5-9b.alpha4.0.steps100.blocks-1.prefetch-budget-8.rank-bfs_accept_first.cut-entropy4.0.samples20.maxnew1024.seed10086.subtreePrefetch.vllm.log,bfs_accept_first,8,2363,2026-09-09 15:34:15,2252.0,178.0,478.1,5,0,0.9,0.0
dataset-lcb_v6.model-qwen3.5-9b.alpha4.0.steps100.blocks-1.prefetch-budget-8.rank-bfs_accept_first.cut-entropy4.0.samples20.maxnew1024.seed10086.subtreePrefetch.vllm.log,bfs_accept_first,8,2368,2026-09-09 15:34:25,2262.0,137.0,473.9,7,0,1.1,0.0
dataset-lcb_v6.model-qwen3.5-9b.alpha4.0.steps100.blocks-1.prefetch-budget-8.rank-bfs_accept_first.cut-entropy4.0.samples20.maxnew1024.seed10086.subtreePrefetch.vllm.log,bfs_accept_first,8,2373,2026-09-09 15:34:35,2272.0,162.8,458.2,2,0,0.7,0.0
dataset-lcb_v6.model-qwen3.5-9b.alpha4.0.steps100.blocks-1.prefetch-budget-8.rank-bfs_accept_first.cut-entropy4.0.samples20.maxnew1024.seed10086.subtreePrefetch.vllm.log,bfs_accept_first,8,2378,2026-09-09 15:34:45,2282.0,215.4,267.5,2,0,0.7,0.0
dataset-lcb_v6.model-qwen3.5-9b.alpha4.0.steps100.blocks-1.prefetch-budget-8.rank-bfs_accept_first.cut-entropy4.0.samples20.maxnew1024.seed10086.subtreePrefetch.vllm.log,bfs_accept_first,8,2387,2026-09-09 15:34:55,2292.0,397.2,333.7,8,0,1.3,0.0
dataset-lcb_v6.model-qwen3.5-9b.alpha4.0.steps100.blocks-1.prefetch-budget-8.rank-bfs_accept_first.cut-entropy4.0.samples20.maxnew1024.seed10086.subtreePrefetch.vllm.log,bfs_accept_first,8,2392,2026-09-09 15:35:05,2302.0,129.3,436.3,5,0,0.8,0.0
dataset-lcb_v6.model-qwen3.5-9b.alpha4.0.steps100.blocks-1.prefetch-budget-8.rank-bfs_accept_first.cut-entropy4.0.samples20.maxnew1024.seed10086.subtreePrefetch.vllm.log,bfs_accept_first,8,2397,2026-09-09 15:35:15,2312.0,246.9,507.7,4,0,1.0,0.0
dataset-lcb_v6.model-qwen3.5-9b.alpha4.0.steps100.blocks-1.prefetch-budget-8.rank-bfs_accept_first.cut-entropy4.0.samples20.maxnew1024.seed10086.subtreePrefetch.vllm.log,bfs_accept_first,8,2402,2026-09-09 15:35:25,2322.0,182.7,466.0,5,0,1.2,0.0
dataset-lcb_v6.model-qwen3.5-9b.alpha4.0.steps100.blocks-1.prefetch-budget-8.rank-bfs_accept_first.cut-entropy4.0.samples20.maxnew1024.seed10086.subtreePrefetch.vllm.log,bfs_accept_first,8,2407,2026-09-09 15:35:35,2332.0,118.3,426.4,1,0,0.3,0.0
dataset-lcb_v6.model-qwen3.5-9b.alpha4.0.steps100.blocks-1.prefetch-budget-8.rank-bfs_accept_first.cut-entropy4.0.samples20.maxnew1024.seed10086.subtreePrefetch.vllm.log,bfs_accept_first,8,2416,2026-09-09 15:35:45,2342.0,305.5,513.3,8,0,1.1,0.0
dataset-lcb_v6.model-qwen3.5-9b.alpha4.0.steps100.blocks-1.prefetch-budget-8.rank-bfs_accept_first.cut-entropy4.0.samples20.maxnew1024.seed10086.subtreePrefetch.vllm.log,bfs_accept_first,8,2421,2026-09-09 15:35:55,2352.0,186.1,520.2,5,0,0.8,0.0
dataset-lcb_v6.model-qwen3.5-9b.alpha4.0.steps100.blocks-1.prefetch-budget-8.rank-bfs_accept_first.cut-entropy4.0.samples20.maxnew1024.seed10086.subtreePrefetch.vllm.log,bfs_accept_first,8,2426,2026-09-09 15:36:05,2362.0,253.0,510.4,8,0,1.5,0.0
dataset-lcb_v6.model-qwen3.5-9b.alpha4.0.steps100.blocks-1.prefetch-budget-8.rank-bfs_accept_first.cut-entropy4.0.samples20.maxnew1024.seed10086.subtreePrefetch.vllm.log,bfs_accept_first,8,2431,2026-09-09 15:36:15,2372.0,139.2,521.4,4,0,0.8,0.0
dataset-lcb_v6.model-qwen3.5-9b.alpha4.0.steps100.blocks-1.prefetch-budget-8.rank-bfs_accept_first.cut-entropy4.0.samples20.maxnew1024.seed10086.subtreePrefetch.vllm.log,bfs_accept_first,8,2562,2026-09-09 15:36:25,2382.0,44.1,254.8,1,0,0.2,0.0
dataset-lcb_v6.model-qwen3.5-9b.alpha4.0.steps100.blocks-1.prefetch-budget-8.rank-bfs_accept_first.cut-entropy4.0.samples20.maxnew1024.seed10086.subtreePrefetch.vllm.log,bfs_accept_first,8,2567,2026-09-09 15:36:35,2392.0,182.7,290.7,3,0,0.7,0.0
dataset-lcb_v6.model-qwen3.5-9b.alpha4.0.steps100.blocks-1.prefetch-budget-8.rank-bfs_accept_first.cut-entropy4.0.samples20.maxnew1024.seed10086.subtreePrefetch.vllm.log,bfs_accept_first,8,2576,2026-09-09 15:36:45,2402.0,443.6,351.0,7,0,1.0,0.0
dataset-lcb_v6.model-qwen3.5-9b.alpha4.0.steps100.blocks-1.prefetch-budget-8.rank-bfs_accept_first.cut-entropy4.0.samples20.maxnew1024.seed10086.subtreePrefetch.vllm.log,bfs_accept_first,8,2581,2026-09-09 15:36:55,2412.0,265.3,411.9,6,0,1.2,0.0
dataset-lcb_v6.model-qwen3.5-9b.alpha4.0.steps100.blocks-1.prefetch-budget-8.rank-bfs_accept_first.cut-entropy4.0.samples20.maxnew1024.seed10086.subtreePrefetch.vllm.log,bfs_accept_first,8,2586,2026-09-09 15:37:05,2422.0,207.4,422.3,5,0,0.9,0.0
dataset-lcb_v6.model-qwen3.5-9b.alpha4.0.steps100.blocks-1.prefetch-budget-8.rank-bfs_accept_first.cut-entropy4.0.samples20.maxnew1024.seed10086.subtreePrefetch.vllm.log,bfs_accept_first,8,2591,2026-09-09 15:37:15,2432.0,127.9,477.5,6,0,1.3,0.0
dataset-lcb_v6.model-qwen3.5-9b.alpha4.0.steps100.blocks-1.prefetch-budget-8.rank-bfs_accept_first.cut-entropy4.0.samples20.maxnew1024.seed10086.subtreePrefetch.vllm.log,bfs_accept_first,8,2596,2026-09-09 15:37:25,2442.0,168.6,528.9,2,0,0.5,0.0
dataset-lcb_v6.model-qwen3.5-9b.alpha4.0.steps100.blocks-1.prefetch-budget-8.rank-bfs_accept_first.cut-entropy4.0.samples20.maxnew1024.seed10086.subtreePrefetch.vllm.log,bfs_accept_first,8,2601,2026-09-09 15:37:35,2452.0,133.6,444.9,2,0,0.5,0.0
dataset-lcb_v6.model-qwen3.5-9b.alpha4.0.steps100.blocks-1.prefetch-budget-8.rank-bfs_accept_first.cut-entropy4.0.samples20.maxnew1024.seed10086.subtreePrefetch.vllm.log,bfs_accept_first,8,2610,2026-09-09 15:37:45,2462.0,283.4,659.7,8,0,1.1,0.0
dataset-lcb_v6.model-qwen3.5-9b.alpha4.0.steps100.blocks-1.prefetch-budget-8.rank-bfs_accept_first.cut-entropy4.0.samples20.maxnew1024.seed10086.subtreePrefetch.vllm.log,bfs_accept_first,8,2615,2026-09-09 15:37:55,2472.0,184.9,595.7,6,0,1.0,0.0
dataset-lcb_v6.model-qwen3.5-9b.alpha4.0.steps100.blocks-1.prefetch-budget-8.rank-bfs_accept_first.cut-entropy4.0.samples20.maxnew1024.seed10086.subtreePrefetch.vllm.log,bfs_accept_first,8,2620,2026-09-09 15:38:05,2482.0,215.2,443.6,3,0,0.6,0.0
dataset-lcb_v6.model-qwen3.5-9b.alpha4.0.steps100.blocks-1.prefetch-budget-8.rank-bfs_accept_first.cut-entropy4.0.samples20.maxnew1024.seed10086.subtreePrefetch.vllm.log,bfs_accept_first,8,2625,2026-09-09 15:38:15,2492.0,249.0,475.8,5,0,1.1,0.0
dataset-lcb_v6.model-qwen3.5-9b.alpha4.0.steps100.blocks-1.prefetch-budget-8.rank-bfs_accept_first.cut-entropy4.0.samples20.maxnew1024.seed10086.subtreePrefetch.vllm.log,bfs_accept_first,8,2630,2026-09-09 15:38:25,2502.0,170.3,370.7,1,0,0.3,0.0
dataset-lcb_v6.model-qwen3.5-9b.alpha4.0.steps100.blocks-1.prefetch-budget-8.rank-bfs_accept_first.cut-entropy4.0.samples20.maxnew1024.seed10086.subtreePrefetch.vllm.log,bfs_accept_first,8,2639,2026-09-09 15:38:35,2512.0,216.2,576.8,7,0,0.9,0.0
dataset-lcb_v6.model-qwen3.5-9b.alpha4.0.steps100.blocks-1.prefetch-budget-8.rank-bfs_accept_first.cut-entropy4.0.samples20.maxnew1024.seed10086.subtreePrefetch.vllm.log,bfs_accept_first,8,2644,2026-09-09 15:38:45,2522.0,119.1,549.9,7,0,0.9,0.0
dataset-lcb_v6.model-qwen3.5-9b.alpha4.0.steps100.blocks-1.prefetch-budget-8.rank-bfs_accept_first.cut-entropy4.0.samples20.maxnew1024.seed10086.subtreePrefetch.vllm.log,bfs_accept_first,8,2649,2026-09-09 15:38:55,2532.0,156.4,631.5,4,0,0.8,0.0
dataset-lcb_v6.model-qwen3.5-9b.alpha4.0.steps100.blocks-1.prefetch-budget-8.rank-bfs_accept_first.cut-entropy4.0.samples20.maxnew1024.seed10086.subtreePrefetch.vllm.log,bfs_accept_first,8,2654,2026-09-09 15:39:05,2542.0,158.5,436.1,3,0,0.7,0.0
dataset-lcb_v6.model-qwen3.5-9b.alpha4.0.steps100.blocks-1.prefetch-budget-8.rank-bfs_accept_first.cut-entropy4.0.samples20.maxnew1024.seed10086.subtreePrefetch.vllm.log,bfs_accept_first,8,2659,2026-09-09 15:39:15,2552.0,177.4,369.4,1,0,0.3,0.0
dataset-lcb_v6.model-qwen3.5-9b.alpha4.0.steps100.blocks-1.prefetch-budget-8.rank-bfs_accept_first.cut-entropy4.0.samples20.maxnew1024.seed10086.subtreePrefetch.vllm.log,bfs_accept_first,8,2668,2026-09-09 15:39:25,2562.0,366.0,531.7,8,0,1.2,0.0
dataset-lcb_v6.model-qwen3.5-9b.alpha4.0.steps100.blocks-1.prefetch-budget-8.rank-bfs_accept_first.cut-entropy4.0.samples20.maxnew1024.seed10086.subtreePrefetch.vllm.log,bfs_accept_first,8,2673,2026-09-09 15:39:35,2572.0,217.2,603.8,6,0,1.1,0.0
dataset-lcb_v6.model-qwen3.5-9b.alpha4.0.steps100.blocks-1.prefetch-budget-8.rank-bfs_accept_first.cut-entropy4.0.samples20.maxnew1024.seed10086.subtreePrefetch.vllm.log,bfs_accept_first,8,2678,2026-09-09 15:39:45,2582.0,136.4,473.4,5,0,1.1,0.0
dataset-lcb_v6.model-qwen3.5-9b.alpha4.0.steps100.blocks-1.prefetch-budget-8.rank-bfs_accept_first.cut-entropy4.0.samples20.maxnew1024.seed10086.subtreePrefetch.vllm.log,bfs_accept_first,8,2683,2026-09-09 15:39:55,2592.0,233.3,476.0,2,0,0.6,0.0
dataset-lcb_v6.model-qwen3.5-9b.alpha4.0.steps100.blocks-1.prefetch-budget-8.rank-bfs_accept_first.cut-entropy4.0.samples20.maxnew1024.seed10086.subtreePrefetch.vllm.log,bfs_accept_first,8,2692,2026-09-09 15:40:05,2602.0,342.5,430.3,8,0,1.0,0.0
dataset-lcb_v6.model-qwen3.5-9b.alpha4.0.steps100.blocks-1.prefetch-budget-8.rank-bfs_accept_first.cut-entropy4.0.samples20.maxnew1024.seed10086.subtreePrefetch.vllm.log,bfs_accept_first,8,2697,2026-09-09 15:40:15,2612.0,252.7,454.5,2,0,0.4,0.0
dataset-lcb_v6.model-qwen3.5-9b.alpha4.0.steps100.blocks-1.prefetch-budget-8.rank-bfs_accept_first.cut-entropy4.0.samples20.maxnew1024.seed10086.subtreePrefetch.vllm.log,bfs_accept_first,8,2725,2026-09-09 15:40:25,2622.0,40.1,118.5,1,0,0.2,0.0
dataset-lcb_v6.model-qwen3.5-9b.alpha4.0.steps100.blocks-1.prefetch-budget-8.rank-bfs_accept_first.cut-entropy4.0.samples20.maxnew1024.seed10086.subtreePrefetch.vllm.log,bfs_accept_first,8,2730,2026-09-09 15:40:35,2632.0,343.8,574.2,8,0,2.4,0.0
dataset-lcb_v6.model-qwen3.5-9b.alpha4.0.steps100.blocks-1.prefetch-budget-8.rank-bfs_accept_first.cut-entropy4.0.samples20.maxnew1024.seed10086.subtreePrefetch.vllm.log,bfs_accept_first,8,2735,2026-09-09 15:40:45,2642.0,395.6,758.4,7,0,2.1,0.0
dataset-lcb_v6.model-qwen3.5-9b.alpha4.0.steps100.blocks-1.prefetch-budget-8.rank-bfs_accept_first.cut-entropy4.0.samples20.maxnew1024.seed10086.subtreePrefetch.vllm.log,bfs_accept_first,8,2740,2026-09-09 15:40:55,2652.0,345.1,773.9,8,0,2.4,0.0
dataset-lcb_v6.model-qwen3.5-9b.alpha4.0.steps100.blocks-1.prefetch-budget-8.rank-bfs_accept_first.cut-entropy4.0.samples20.maxnew1024.seed10086.subtreePrefetch.vllm.log,bfs_accept_first,8,2745,2026-09-09 15:41:05,2662.0,332.5,789.0,7,0,2.1,0.0
dataset-lcb_v6.model-qwen3.5-9b.alpha4.0.steps100.blocks-1.prefetch-budget-8.rank-bfs_accept_first.cut-entropy4.0.samples20.maxnew1024.seed10086.subtreePrefetch.vllm.log,bfs_accept_first,8,2750,2026-09-09 15:41:15,2672.0,338.0,690.8,7,0,2.1,0.0
dataset-lcb_v6.model-qwen3.5-9b.alpha4.0.steps100.blocks-1.prefetch-budget-8.rank-bfs_accept_first.cut-entropy4.0.samples20.maxnew1024.seed10086.subtreePrefetch.vllm.log,bfs_accept_first,8,2757,2026-09-09 15:41:25,2682.0,379.4,744.2,8,0,2.4,0.0
dataset-lcb_v6.model-qwen3.5-9b.alpha4.0.steps100.blocks-1.prefetch-budget-8.rank-bfs_accept_first.cut-entropy4.0.samples20.maxnew1024.seed10086.subtreePrefetch.vllm.log,bfs_accept_first,8,2762,2026-09-09 15:41:35,2692.0,387.1,749.3,8,0,2.4,0.0
dataset-lcb_v6.model-qwen3.5-9b.alpha4.0.steps100.blocks-1.prefetch-budget-8.rank-bfs_accept_first.cut-entropy4.0.samples20.maxnew1024.seed10086.subtreePrefetch.vllm.log,bfs_accept_first,8,2767,2026-09-09 15:41:45,2702.0,300.3,743.4,8,0,2.3,0.0
dataset-lcb_v6.model-qwen3.5-9b.alpha4.0.steps100.blocks-1.prefetch-budget-8.rank-bfs_accept_first.cut-entropy4.0.samples20.maxnew1024.seed10086.subtreePrefetch.vllm.log,bfs_accept_first,8,2772,2026-09-09 15:41:55,2712.0,339.2,704.6,7,0,2.1,0.0
dataset-lcb_v6.model-qwen3.5-9b.alpha4.0.steps100.blocks-1.prefetch-budget-8.rank-bfs_accept_first.cut-entropy4.0.samples20.maxnew1024.seed10086.subtreePrefetch.vllm.log,bfs_accept_first,8,2777,2026-09-09 15:42:05,2722.0,351.5,676.9,6,0,1.8,0.0
dataset-lcb_v6.model-qwen3.5-9b.alpha4.0.steps100.blocks-1.prefetch-budget-8.rank-bfs_accept_first.cut-entropy4.0.samples20.maxnew1024.seed10086.subtreePrefetch.vllm.log,bfs_accept_first,8,2782,2026-09-09 15:42:15,2732.0,387.0,766.8,8,0,2.4,0.0
dataset-lcb_v6.model-qwen3.5-9b.alpha4.0.steps100.blocks-1.prefetch-budget-8.rank-bfs_accept_first.cut-entropy4.0.samples20.maxnew1024.seed10086.subtreePrefetch.vllm.log,bfs_accept_first,8,2787,2026-09-09 15:42:25,2742.0,390.4,756.8,8,0,2.4,0.0
dataset-lcb_v6.model-qwen3.5-9b.alpha4.0.steps100.blocks-1.prefetch-budget-8.rank-bfs_accept_first.cut-entropy4.0.samples20.maxnew1024.seed10086.subtreePrefetch.vllm.log,bfs_accept_first,8,2792,2026-09-09 15:42:35,2752.0,349.2,777.4,7,0,2.1,0.0
dataset-lcb_v6.model-qwen3.5-9b.alpha4.0.steps100.blocks-1.prefetch-budget-8.rank-bfs_accept_first.cut-entropy4.0.samples20.maxnew1024.seed10086.subtreePrefetch.vllm.log,bfs_accept_first,8,2801,2026-09-09 15:42:45,2762.0,727.8,698.1,8,0,0.8,0.0
dataset-lcb_v6.model-qwen3.5-9b.alpha4.0.steps100.blocks-1.prefetch-budget-8.rank-bfs_accept_first.cut-entropy4.0.samples20.maxnew1024.seed10086.subtreePrefetch.vllm.log,bfs_accept_first,8,2806,2026-09-09 15:42:55,2772.0,356.6,740.6,8,0,0.8,0.0
dataset-lcb_v6.model-qwen3.5-9b.alpha4.0.steps100.blocks-1.prefetch-budget-8.rank-bfs_accept_first.cut-entropy4.0.samples20.maxnew1024.seed10086.subtreePrefetch.vllm.log,bfs_accept_first,8,2811,2026-09-09 15:43:05,2782.0,379.3,764.3,8,0,0.8,0.0
dataset-lcb_v6.model-qwen3.5-9b.alpha4.0.steps100.blocks-1.prefetch-budget-8.rank-bfs_accept_first.cut-entropy4.0.samples20.maxnew1024.seed10086.subtreePrefetch.vllm.log,bfs_accept_first,8,2816,2026-09-09 15:43:16,2793.0,338.1,747.1,8,0,0.9,0.0
dataset-lcb_v6.model-qwen3.5-9b.alpha4.0.steps100.blocks-1.prefetch-budget-8.rank-bfs_accept_first.cut-entropy4.0.samples20.maxnew1024.seed10086.subtreePrefetch.vllm.log,bfs_accept_first,8,2821,2026-09-09 15:43:26,2803.0,391.4,739.9,8,0,0.8,0.0
dataset-lcb_v6.model-qwen3.5-9b.alpha4.0.steps100.blocks-1.prefetch-budget-8.rank-bfs_accept_first.cut-entropy4.0.samples20.maxnew1024.seed10086.subtreePrefetch.vllm.log,bfs_accept_first,8,2826,2026-09-09 15:43:36,2813.0,382.3,789.6,8,0,1.4,0.0
dataset-lcb_v6.model-qwen3.5-9b.alpha4.0.steps100.blocks-1.prefetch-budget-8.rank-bfs_accept_first.cut-entropy4.0.samples20.maxnew1024.seed10086.subtreePrefetch.vllm.log,bfs_accept_first,8,2831,2026-09-09 15:43:46,2823.0,284.4,746.2,8,0,1.4,0.0
dataset-lcb_v6.model-qwen3.5-9b.alpha4.0.steps100.blocks-1.prefetch-budget-8.rank-bfs_accept_first.cut-entropy4.0.samples20.maxnew1024.seed10086.subtreePrefetch.vllm.log,bfs_accept_first,8,2836,2026-09-09 15:43:56,2833.0,376.0,613.6,8,0,1.4,0.0
dataset-lcb_v6.model-qwen3.5-9b.alpha4.0.steps100.blocks-1.prefetch-budget-8.rank-bfs_accept_first.cut-entropy4.0.samples20.maxnew1024.seed10086.subtreePrefetch.vllm.log,bfs_accept_first,8,2841,2026-09-09 15:44:06,2843.0,393.8,746.0,8,0,1.5,0.0
dataset-lcb_v6.model-qwen3.5-9b.alpha4.0.steps100.blocks-1.prefetch-budget-8.rank-bfs_accept_first.cut-entropy4.0.samples20.maxnew1024.seed10086.subtreePrefetch.vllm.log,bfs_accept_first,8,2846,2026-09-09 15:44:16,2853.0,380.7,730.4,8,0,0.9,0.0
dataset-lcb_v6.model-qwen3.5-9b.alpha4.0.steps100.blocks-1.prefetch-budget-8.rank-bfs_accept_first.cut-entropy4.0.samples20.maxnew1024.seed10086.subtreePrefetch.vllm.log,bfs_accept_first,8,2851,2026-09-09 15:44:26,2863.0,315.6,747.3,8,0,1.2,0.0
dataset-lcb_v6.model-qwen3.5-9b.alpha4.0.steps100.blocks-1.prefetch-budget-8.rank-bfs_accept_first.cut-entropy4.0.samples20.maxnew1024.seed10086.subtreePrefetch.vllm.log,bfs_accept_first,8,2856,2026-09-09 15:44:36,2873.0,320.1,675.3,8,0,1.3,0.0
dataset-lcb_v6.model-qwen3.5-9b.alpha4.0.steps100.blocks-1.prefetch-budget-8.rank-bfs_accept_first.cut-entropy4.0.samples20.maxnew1024.seed10086.subtreePrefetch.vllm.log,bfs_accept_first,8,2861,2026-09-09 15:44:46,2883.0,327.1,746.7,8,0,1.4,0.0
dataset-lcb_v6.model-qwen3.5-9b.alpha4.0.steps100.blocks-1.prefetch-budget-8.rank-bfs_accept_first.cut-entropy4.0.samples20.maxnew1024.seed10086.subtreePrefetch.vllm.log,bfs_accept_first,8,2866,2026-09-09 15:44:56,2893.0,392.9,745.3,8,0,1.6,0.0
dataset-lcb_v6.model-qwen3.5-9b.alpha4.0.steps100.blocks-1.prefetch-budget-8.rank-bfs_accept_first.cut-entropy4.0.samples20.maxnew1024.seed10086.subtreePrefetch.vllm.log,bfs_accept_first,8,2871,2026-09-09 15:45:06,2903.0,375.9,781.9,8,0,1.4,0.0
dataset-lcb_v6.model-qwen3.5-9b.alpha4.0.steps100.blocks-1.prefetch-budget-8.rank-bfs_accept_first.cut-entropy4.0.samples20.maxnew1024.seed10086.subtreePrefetch.vllm.log,bfs_accept_first,8,2876,2026-09-09 15:45:16,2913.0,380.3,751.8,8,0,1.5,0.0
dataset-lcb_v6.model-qwen3.5-9b.alpha4.0.steps100.blocks-1.prefetch-budget-8.rank-bfs_accept_first.cut-entropy4.0.samples20.maxnew1024.seed10086.subtreePrefetch.vllm.log,bfs_accept_first,8,2881,2026-09-09 15:45:26,2923.0,395.0,744.3,8,0,1.6,0.0
dataset-lcb_v6.model-qwen3.5-9b.alpha4.0.steps100.blocks-1.prefetch-budget-8.rank-bfs_accept_first.cut-entropy4.0.samples20.maxnew1024.seed10086.subtreePrefetch.vllm.log,bfs_accept_first,8,2886,2026-09-09 15:45:36,2933.0,247.0,784.7,2,0,0.3,0.0
dataset-lcb_v6.model-qwen3.5-9b.alpha4.0.steps100.blocks-1.prefetch-budget-8.rank-bfs_accept_first.cut-entropy4.0.samples20.maxnew1024.seed10086.subtreePrefetch.vllm.log,bfs_accept_first,8,2891,2026-09-09 15:45:46,2943.0,243.4,282.1,2,0,0.4,0.0
dataset-lcb_v6.model-qwen3.5-9b.alpha4.0.steps100.blocks-1.prefetch-budget-8.rank-bfs_accept_first.cut-entropy4.0.samples20.maxnew1024.seed10086.subtreePrefetch.vllm.log,bfs_accept_first,8,2896,2026-09-09 15:45:56,2953.0,267.6,333.9,5,0,1.0,0.0
dataset-lcb_v6.model-qwen3.5-9b.alpha4.0.steps100.blocks-1.prefetch-budget-8.rank-bfs_accept_first.cut-entropy4.0.samples20.maxnew1024.seed10086.subtreePrefetch.vllm.log,bfs_accept_first,8,2901,2026-09-09 15:46:06,2963.0,149.0,483.7,4,0,0.8,0.0
dataset-lcb_v6.model-qwen3.5-9b.alpha4.0.steps100.blocks-1.prefetch-budget-8.rank-bfs_accept_first.cut-entropy4.0.samples20.maxnew1024.seed10086.subtreePrefetch.vllm.log,bfs_accept_first,8,2929,2026-09-09 15:46:16,2973.0,36.6,249.3,1,0,0.2,0.0
dataset-lcb_v6.model-qwen3.5-9b.alpha4.0.steps100.blocks-1.prefetch-budget-8.rank-bfs_accept_first.cut-entropy4.0.samples20.maxnew1024.seed10086.subtreePrefetch.vllm.log,bfs_accept_first,8,2934,2026-09-09 15:46:26,2983.0,228.9,510.7,4,0,1.1,0.0
dataset-lcb_v6.model-qwen3.5-9b.alpha4.0.steps100.blocks-1.prefetch-budget-8.rank-bfs_accept_first.cut-entropy4.0.samples20.maxnew1024.seed10086.subtreePrefetch.vllm.log,bfs_accept_first,8,2939,2026-09-09 15:46:36,2993.0,222.9,498.8,1,0,0.3,0.0
dataset-lcb_v6.model-qwen3.5-9b.alpha4.0.steps100.blocks-1.prefetch-budget-8.rank-bfs_accept_first.cut-entropy4.0.samples20.maxnew1024.seed10086.subtreePrefetch.vllm.log,bfs_accept_first,8,2948,2026-09-09 15:46:46,3003.0,414.2,611.2,8,0,1.0,0.0
dataset-lcb_v6.model-qwen3.5-9b.alpha4.0.steps100.blocks-1.prefetch-budget-8.rank-bfs_accept_first.cut-entropy4.0.samples20.maxnew1024.seed10086.subtreePrefetch.vllm.log,bfs_accept_first,8,2953,2026-09-09 15:46:56,3013.0,243.5,678.4,8,0,1.2,0.0
dataset-lcb_v6.model-qwen3.5-9b.alpha4.0.steps100.blocks-1.prefetch-budget-8.rank-bfs_accept_first.cut-entropy4.0.samples20.maxnew1024.seed10086.subtreePrefetch.vllm.log,bfs_accept_first,8,2958,2026-09-09 15:47:06,3023.0,262.2,666.1,7,0,1.3,0.0
dataset-lcb_v6.model-qwen3.5-9b.alpha4.0.steps100.blocks-1.prefetch-budget-8.rank-bfs_accept_first.cut-entropy4.0.samples20.maxnew1024.seed10086.subtreePrefetch.vllm.log,bfs_accept_first,8,2963,2026-09-09 15:47:16,3033.0,259.6,574.9,7,0,1.3,0.0
dataset-lcb_v6.model-qwen3.5-9b.alpha4.0.steps100.blocks-1.prefetch-budget-8.rank-bfs_accept_first.cut-entropy4.0.samples20.maxnew1024.seed10086.subtreePrefetch.vllm.log,bfs_accept_first,8,2968,2026-09-09 15:47:26,3043.0,256.4,706.2,8,0,1.5,0.0
dataset-lcb_v6.model-qwen3.5-9b.alpha4.0.steps100.blocks-1.prefetch-budget-8.rank-bfs_accept_first.cut-entropy4.0.samples20.maxnew1024.seed10086.subtreePrefetch.vllm.log,bfs_accept_first,8,2973,2026-09-09 15:47:36,3053.0,301.8,689.1,6,0,1.3,0.0
dataset-lcb_v6.model-qwen3.5-9b.alpha4.0.steps100.blocks-1.prefetch-budget-8.rank-bfs_accept_first.cut-entropy4.0.samples20.maxnew1024.seed10086.subtreePrefetch.vllm.log,bfs_accept_first,8,2978,2026-09-09 15:47:46,3063.0,207.3,686.1,7,0,1.5,0.0
dataset-lcb_v6.model-qwen3.5-9b.alpha4.0.steps100.blocks-1.prefetch-budget-8.rank-bfs_accept_first.cut-entropy4.0.samples20.maxnew1024.seed10086.subtreePrefetch.vllm.log,bfs_accept_first,8,2983,2026-09-09 15:47:56,3073.0,218.6,623.3,3,0,0.9,0.0
dataset-lcb_v6.model-qwen3.5-9b.alpha4.0.steps100.blocks-1.prefetch-budget-8.rank-bfs_accept_first.cut-entropy4.0.samples20.maxnew1024.seed10086.subtreePrefetch.vllm.log,bfs_accept_first,8,2988,2026-09-09 15:48:06,3083.0,198.6,529.2,2,0,0.6,0.0
dataset-lcb_v6.model-qwen3.5-9b.alpha4.0.steps100.blocks-1.prefetch-budget-8.rank-bfs_accept_first.cut-entropy4.0.samples20.maxnew1024.seed10086.subtreePrefetch.vllm.log,bfs_accept_first,8,2993,2026-09-09 15:48:16,3093.0,283.8,569.9,4,0,1.2,0.0
dataset-lcb_v6.model-qwen3.5-9b.alpha4.0.steps100.blocks-1.prefetch-budget-8.rank-bfs_accept_first.cut-entropy4.0.samples20.maxnew1024.seed10086.subtreePrefetch.vllm.log,bfs_accept_first,8,2998,2026-09-09 15:48:26,3103.0,195.8,513.2,1,0,0.3,0.0
dataset-lcb_v6.model-qwen3.5-9b.alpha4.0.steps100.blocks-1.prefetch-budget-8.rank-bfs_accept_first.cut-entropy4.0.samples20.maxnew1024.seed10086.subtreePrefetch.vllm.log,bfs_accept_first,8,3007,2026-09-09 15:48:36,3113.0,351.0,569.3,8,0,1.3,0.0
dataset-lcb_v6.model-qwen3.5-9b.alpha4.0.steps100.blocks-1.prefetch-budget-8.rank-bfs_accept_first.cut-entropy4.0.samples20.maxnew1024.seed10086.subtreePrefetch.vllm.log,bfs_accept_first,8,3012,2026-09-09 15:48:46,3123.0,165.7,593.5,7,0,1.2,0.0
dataset-lcb_v6.model-qwen3.5-9b.alpha4.0.steps100.blocks-1.prefetch-budget-8.rank-bfs_accept_first.cut-entropy4.0.samples20.maxnew1024.seed10086.subtreePrefetch.vllm.log,bfs_accept_first,8,3017,2026-09-09 15:48:56,3133.0,292.0,619.3,7,0,1.4,0.0
dataset-lcb_v6.model-qwen3.5-9b.alpha4.0.steps100.blocks-1.prefetch-budget-8.rank-bfs_accept_first.cut-entropy4.0.samples20.maxnew1024.seed10086.subtreePrefetch.vllm.log,bfs_accept_first,8,3022,2026-09-09 15:49:06,3143.0,279.2,552.5,6,0,1.2,0.0
dataset-lcb_v6.model-qwen3.5-9b.alpha4.0.steps100.blocks-1.prefetch-budget-8.rank-bfs_accept_first.cut-entropy4.0.samples20.maxnew1024.seed10086.subtreePrefetch.vllm.log,bfs_accept_first,8,3027,2026-09-09 15:49:16,3153.0,176.9,599.0,6,0,1.3,0.0
dataset-lcb_v6.model-qwen3.5-9b.alpha4.0.steps100.blocks-1.prefetch-budget-8.rank-bfs_accept_first.cut-entropy4.0.samples20.maxnew1024.seed10086.subtreePrefetch.vllm.log,bfs_accept_first,8,3032,2026-09-09 15:49:26,3163.0,218.1,569.0,6,0,1.5,0.0
dataset-lcb_v6.model-qwen3.5-9b.alpha4.0.steps100.blocks-1.prefetch-budget-8.rank-bfs_accept_first.cut-entropy4.0.samples20.maxnew1024.seed10086.subtreePrefetch.vllm.log,bfs_accept_first,8,3037,2026-09-09 15:49:36,3173.0,277.3,581.4,5,0,1.5,0.0
dataset-lcb_v6.model-qwen3.5-9b.alpha4.0.steps100.blocks-1.prefetch-budget-8.rank-bfs_accept_first.cut-entropy4.0.samples20.maxnew1024.seed10086.subtreePrefetch.vllm.log,bfs_accept_first,8,3042,2026-09-09 15:49:46,3183.0,144.2,689.6,7,0,1.7,0.0
dataset-lcb_v6.model-qwen3.5-9b.alpha4.0.steps100.blocks-1.prefetch-budget-8.rank-bfs_accept_first.cut-entropy4.0.samples20.maxnew1024.seed10086.subtreePrefetch.vllm.log,bfs_accept_first,8,3047,2026-09-09 15:49:56,3193.0,146.2,539.1,1,0,0.3,0.0
dataset-lcb_v6.model-qwen3.5-9b.alpha4.0.steps100.blocks-1.prefetch-budget-8.rank-bfs_accept_first.cut-entropy4.0.samples20.maxnew1024.seed10086.subtreePrefetch.vllm.log,bfs_accept_first,8,3056,2026-09-09 15:50:06,3203.0,353.6,589.4,8,0,1.0,0.0
dataset-lcb_v6.model-qwen3.5-9b.alpha4.0.steps100.blocks-1.prefetch-budget-8.rank-bfs_accept_first.cut-entropy4.0.samples20.maxnew1024.seed10086.subtreePrefetch.vllm.log,bfs_accept_first,8,3084,2026-09-09 15:50:16,3213.0,36.5,560.3,1,0,0.1,0.0
dataset-lcb_v6.model-qwen3.5-9b.alpha4.0.steps100.blocks-1.prefetch-budget-8.rank-bfs_accept_first.cut-entropy4.0.samples20.maxnew1024.seed10086.subtreePrefetch.vllm.log,bfs_accept_first,8,3089,2026-09-09 15:50:26,3223.0,179.2,288.8,8,0,1.2,0.0
dataset-lcb_v6.model-qwen3.5-9b.alpha4.0.steps100.blocks-1.prefetch-budget-8.rank-bfs_accept_first.cut-entropy4.0.samples20.maxnew1024.seed10086.subtreePrefetch.vllm.log,bfs_accept_first,8,3094,2026-09-09 15:50:36,3233.0,143.1,656.5,7,0,1.1,0.0
dataset-lcb_v6.model-qwen3.5-9b.alpha4.0.steps100.blocks-1.prefetch-budget-8.rank-bfs_accept_first.cut-entropy4.0.samples20.maxnew1024.seed10086.subtreePrefetch.vllm.log,bfs_accept_first,8,3099,2026-09-09 15:50:46,3243.0,156.1,545.8,8,0,1.3,0.0
dataset-lcb_v6.model-qwen3.5-9b.alpha4.0.steps100.blocks-1.prefetch-budget-8.rank-bfs_accept_first.cut-entropy4.0.samples20.maxnew1024.seed10086.subtreePrefetch.vllm.log,bfs_accept_first,8,3104,2026-09-09 15:50:56,3253.0,222.7,665.4,7,0,1.4,0.0
dataset-lcb_v6.model-qwen3.5-9b.alpha4.0.steps100.blocks-1.prefetch-budget-8.rank-bfs_accept_first.cut-entropy4.0.samples20.maxnew1024.seed10086.subtreePrefetch.vllm.log,bfs_accept_first,8,3109,2026-09-09 15:51:06,3263.0,230.1,606.7,8,0,1.7,0.0
dataset-lcb_v6.model-qwen3.5-9b.alpha4.0.steps100.blocks-1.prefetch-budget-8.rank-bfs_accept_first.cut-entropy4.0.samples20.maxnew1024.seed10086.subtreePrefetch.vllm.log,bfs_accept_first,8,3114,2026-09-09 15:51:16,3273.0,248.8,643.3,5,0,1.1,0.0
dataset-lcb_v6.model-qwen3.5-9b.alpha4.0.steps100.blocks-1.prefetch-budget-8.rank-bfs_accept_first.cut-entropy4.0.samples20.maxnew1024.seed10086.subtreePrefetch.vllm.log,bfs_accept_first,8,3119,2026-09-09 15:51:26,3283.0,280.0,543.5,2,0,0.4,0.0
dataset-lcb_v6.model-qwen3.5-9b.alpha4.0.steps100.blocks-1.prefetch-budget-8.rank-bfs_accept_first.cut-entropy4.0.samples20.maxnew1024.seed10086.subtreePrefetch.vllm.log,bfs_accept_first,8,3124,2026-09-09 15:51:36,3293.0,179.9,537.6,3,0,0.8,0.0
dataset-lcb_v6.model-qwen3.5-9b.alpha4.0.steps100.blocks-1.prefetch-budget-8.rank-bfs_accept_first.cut-entropy4.0.samples20.maxnew1024.seed10086.subtreePrefetch.vllm.log,bfs_accept_first,8,3129,2026-09-09 15:51:46,3303.0,202.3,559.8,5,0,1.3,0.0
dataset-lcb_v6.model-qwen3.5-9b.alpha4.0.steps100.blocks-1.prefetch-budget-8.rank-bfs_accept_first.cut-entropy4.0.samples20.maxnew1024.seed10086.subtreePrefetch.vllm.log,bfs_accept_first,8,3134,2026-09-09 15:51:56,3313.0,282.9,542.7,3,0,0.9,0.0
dataset-lcb_v6.model-qwen3.5-9b.alpha4.0.steps100.blocks-1.prefetch-budget-8.rank-bfs_accept_first.cut-entropy4.0.samples20.maxnew1024.seed10086.subtreePrefetch.vllm.log,bfs_accept_first,8,3139,2026-09-09 15:52:06,3323.0,251.0,647.8,6,0,1.8,0.0
dataset-lcb_v6.model-qwen3.5-9b.alpha4.0.steps100.blocks-1.prefetch-budget-8.rank-bfs_accept_first.cut-entropy4.0.samples20.maxnew1024.seed10086.subtreePrefetch.vllm.log,bfs_accept_first,8,3144,2026-09-09 15:52:16,3333.0,220.3,606.2,1,0,0.3,0.0
dataset-lcb_v6.model-qwen3.5-9b.alpha4.0.steps100.blocks-1.prefetch-budget-8.rank-bfs_accept_first.cut-entropy4.0.samples20.maxnew1024.seed10086.subtreePrefetch.vllm.log,bfs_accept_first,8,3149,2026-09-09 15:52:26,3343.0,252.4,525.2,3,0,0.9,0.0
dataset-lcb_v6.model-qwen3.5-9b.alpha4.0.steps100.blocks-1.prefetch-budget-8.rank-bfs_accept_first.cut-entropy4.0.samples20.maxnew1024.seed10086.subtreePrefetch.vllm.log,bfs_accept_first,8,3154,2026-09-09 15:52:36,3353.0,238.6,573.9,2,0,0.6,0.0
dataset-lcb_v6.model-qwen3.5-9b.alpha4.0.steps100.blocks-1.prefetch-budget-8.rank-bfs_accept_first.cut-entropy4.0.samples20.maxnew1024.seed10086.subtreePrefetch.vllm.log,bfs_accept_first,8,3159,2026-09-09 15:52:46,3363.0,218.5,583.0,1,0,0.3,0.0
dataset-lcb_v6.model-qwen3.5-9b.alpha4.0.steps100.blocks-1.prefetch-budget-8.rank-bfs_accept_first.cut-entropy4.0.samples20.maxnew1024.seed10086.subtreePrefetch.vllm.log,bfs_accept_first,8,3168,2026-09-09 15:52:56,3373.0,438.2,463.4,8,0,1.0,0.0
dataset-lcb_v6.model-qwen3.5-9b.alpha4.0.steps100.blocks-1.prefetch-budget-8.rank-bfs_accept_first.cut-entropy4.0.samples20.maxnew1024.seed10086.subtreePrefetch.vllm.log,bfs_accept_first,8,3173,2026-09-09 15:53:06,3383.0,214.5,565.9,8,0,0.9,0.0
dataset-lcb_v6.model-qwen3.5-9b.alpha4.0.steps100.blocks-1.prefetch-budget-8.rank-bfs_accept_first.cut-entropy4.0.samples20.maxnew1024.seed10086.subtreePrefetch.vllm.log,bfs_accept_first,8,3178,2026-09-09 15:53:16,3393.0,132.4,691.5,8,0,1.1,0.0
dataset-lcb_v6.model-qwen3.5-9b.alpha4.0.steps100.blocks-1.prefetch-budget-8.rank-bfs_accept_first.cut-entropy4.0.samples20.maxnew1024.seed10086.subtreePrefetch.vllm.log,bfs_accept_first,8,3183,2026-09-09 15:53:26,3403.0,146.0,595.1,8,0,1.1,0.0
dataset-lcb_v6.model-qwen3.5-9b.alpha4.0.steps100.blocks-1.prefetch-budget-8.rank-bfs_accept_first.cut-entropy4.0.samples20.maxnew1024.seed10086.subtreePrefetch.vllm.log,bfs_accept_first,8,3188,2026-09-09 15:53:36,3413.0,156.0,589.5,6,0,0.9,0.0
dataset-lcb_v6.model-qwen3.5-9b.alpha4.0.steps100.blocks-1.prefetch-budget-8.rank-bfs_accept_first.cut-entropy4.0.samples20.maxnew1024.seed10086.subtreePrefetch.vllm.log,bfs_accept_first,8,3193,2026-09-09 15:53:46,3423.0,258.3,509.6,7,0,1.4,0.0
dataset-lcb_v6.model-qwen3.5-9b.alpha4.0.steps100.blocks-1.prefetch-budget-8.rank-bfs_accept_first.cut-entropy4.0.samples20.maxnew1024.seed10086.subtreePrefetch.vllm.log,bfs_accept_first,8,3198,2026-09-09 15:53:56,3433.0,225.8,666.7,8,0,1.7,0.0
dataset-lcb_v6.model-qwen3.5-9b.alpha4.0.steps100.blocks-1.prefetch-budget-8.rank-bfs_accept_first.cut-entropy4.0.samples20.maxnew1024.seed10086.subtreePrefetch.vllm.log,bfs_accept_first,8,3203,2026-09-09 15:54:06,3443.0,216.0,642.2,7,0,1.4,0.0
dataset-lcb_v6.model-qwen3.5-9b.alpha4.0.steps100.blocks-1.prefetch-budget-8.rank-bfs_accept_first.cut-entropy4.0.samples20.maxnew1024.seed10086.subtreePrefetch.vllm.log,bfs_accept_first,8,3208,2026-09-09 15:54:16,3453.0,132.3,657.4,8,0,1.4,0.0
dataset-lcb_v6.model-qwen3.5-9b.alpha4.0.steps100.blocks-1.prefetch-budget-8.rank-bfs_accept_first.cut-entropy4.0.samples20.maxnew1024.seed10086.subtreePrefetch.vllm.log,bfs_accept_first,8,3213,2026-09-09 15:54:26,3463.0,181.2,594.0,4,0,0.9,0.0
dataset-lcb_v6.model-qwen3.5-9b.alpha4.0.steps100.blocks-1.prefetch-budget-8.rank-bfs_accept_first.cut-entropy4.0.samples20.maxnew1024.seed10086.subtreePrefetch.vllm.log,bfs_accept_first,8,3218,2026-09-09 15:54:36,3473.0,142.5,531.2,4,0,0.9,0.0
dataset-lcb_v6.model-qwen3.5-9b.alpha4.0.steps100.blocks-1.prefetch-budget-8.rank-bfs_accept_first.cut-entropy4.0.samples20.maxnew1024.seed10086.subtreePrefetch.vllm.log,bfs_accept_first,8,3223,2026-09-09 15:54:46,3483.0,211.5,536.1,5,0,1.4,0.0
dataset-lcb_v6.model-qwen3.5-9b.alpha4.0.steps100.blocks-1.prefetch-budget-8.rank-bfs_accept_first.cut-entropy4.0.samples20.maxnew1024.seed10086.subtreePrefetch.vllm.log,bfs_accept_first,8,3228,2026-09-09 15:54:56,3493.0,240.7,582.0,6,0,1.8,0.0
dataset-lcb_v6.model-qwen3.5-9b.alpha4.0.steps100.blocks-1.prefetch-budget-8.rank-bfs_accept_first.cut-entropy4.0.samples20.maxnew1024.seed10086.subtreePrefetch.vllm.log,bfs_accept_first,8,3233,2026-09-09 15:55:06,3503.0,123.1,356.3,1,0,0.3,0.0
dataset-lcb_v6.model-qwen3.5-9b.alpha4.0.steps100.blocks-1.prefetch-budget-8.rank-bfs_accept_first.cut-entropy4.0.samples20.maxnew1024.seed10086.subtreePrefetch.vllm.log,bfs_accept_first,8,3265,2026-09-09 15:55:16,3513.0,276.8,160.0,8,0,1.1,0.0
dataset-lcb_v6.model-qwen3.5-9b.alpha4.0.steps100.blocks-1.prefetch-budget-8.rank-bfs_accept_first.cut-entropy4.0.samples20.maxnew1024.seed10086.subtreePrefetch.vllm.log,bfs_accept_first,8,3270,2026-09-09 15:55:26,3523.0,318.3,611.2,8,0,1.7,0.0
dataset-lcb_v6.model-qwen3.5-9b.alpha4.0.steps100.blocks-1.prefetch-budget-8.rank-bfs_accept_first.cut-entropy4.0.samples20.maxnew1024.seed10086.subtreePrefetch.vllm.log,bfs_accept_first,8,3275,2026-09-09 15:55:36,3533.0,191.4,558.4,7,0,1.2,0.0
dataset-lcb_v6.model-qwen3.5-9b.alpha4.0.steps100.blocks-1.prefetch-budget-8.rank-bfs_accept_first.cut-entropy4.0.samples20.maxnew1024.seed10086.subtreePrefetch.vllm.log,bfs_accept_first,8,3280,2026-09-09 15:55:46,3543.0,144.3,653.5,6,0,1.2,0.0
dataset-lcb_v6.model-qwen3.5-9b.alpha4.0.steps100.blocks-1.prefetch-budget-8.rank-bfs_accept_first.cut-entropy4.0.samples20.maxnew1024.seed10086.subtreePrefetch.vllm.log,bfs_accept_first,8,3285,2026-09-09 15:55:56,3553.0,225.5,608.2,6,0,1.2,0.0
dataset-lcb_v6.model-qwen3.5-9b.alpha4.0.steps100.blocks-1.prefetch-budget-8.rank-bfs_accept_first.cut-entropy4.0.samples20.maxnew1024.seed10086.subtreePrefetch.vllm.log,bfs_accept_first,8,3290,2026-09-09 15:56:06,3563.0,242.7,576.0,6,0,1.3,0.0
dataset-lcb_v6.model-qwen3.5-9b.alpha4.0.steps100.blocks-1.prefetch-budget-8.rank-bfs_accept_first.cut-entropy4.0.samples20.maxnew1024.seed10086.subtreePrefetch.vllm.log,bfs_accept_first,8,3295,2026-09-09 15:56:16,3573.0,227.4,618.1,7,0,1.7,0.0
dataset-lcb_v6.model-qwen3.5-9b.alpha4.0.steps100.blocks-1.prefetch-budget-8.rank-bfs_accept_first.cut-entropy4.0.samples20.maxnew1024.seed10086.subtreePrefetch.vllm.log,bfs_accept_first,8,3300,2026-09-09 15:56:26,3583.0,230.6,632.3,4,0,1.0,0.0
dataset-lcb_v6.model-qwen3.5-9b.alpha4.0.steps100.blocks-1.prefetch-budget-8.rank-bfs_accept_first.cut-entropy4.0.samples20.maxnew1024.seed10086.subtreePrefetch.vllm.log,bfs_accept_first,8,3305,2026-09-09 15:56:36,3593.0,331.4,557.6,3,0,0.9,0.0
dataset-lcb_v6.model-qwen3.5-9b.alpha4.0.steps100.blocks-1.prefetch-budget-8.rank-bfs_accept_first.cut-entropy4.0.samples20.maxnew1024.seed10086.subtreePrefetch.vllm.log,bfs_accept_first,8,3310,2026-09-09 15:56:46,3603.0,188.4,513.0,2,0,0.6,0.0
dataset-lcb_v6.model-qwen3.5-9b.alpha4.0.steps100.blocks-1.prefetch-budget-8.rank-bfs_accept_first.cut-entropy4.0.samples20.maxnew1024.seed10086.subtreePrefetch.vllm.log,bfs_accept_first,8,3319,2026-09-09 15:56:56,3613.0,434.7,510.4,7,0,1.2,0.0
dataset-lcb_v6.model-qwen3.5-9b.alpha4.0.steps100.blocks-1.prefetch-budget-8.rank-bfs_accept_first.cut-entropy4.0.samples20.maxnew1024.seed10086.subtreePrefetch.vllm.log,bfs_accept_first,8,3324,2026-09-09 15:57:06,3623.0,156.6,638.2,8,0,1.2,0.0
dataset-lcb_v6.model-qwen3.5-9b.alpha4.0.steps100.blocks-1.prefetch-budget-8.rank-bfs_accept_first.cut-entropy4.0.samples20.maxnew1024.seed10086.subtreePrefetch.vllm.log,bfs_accept_first,8,3329,2026-09-09 15:57:16,3633.0,170.3,594.8,4,0,0.8,0.0
dataset-lcb_v6.model-qwen3.5-9b.alpha4.0.steps100.blocks-1.prefetch-budget-8.rank-bfs_accept_first.cut-entropy4.0.samples20.maxnew1024.seed10086.subtreePrefetch.vllm.log,bfs_accept_first,8,3334,2026-09-09 15:57:26,3643.0,237.1,495.9,6,0,1.3,0.0
dataset-lcb_v6.model-qwen3.5-9b.alpha4.0.steps100.blocks-1.prefetch-budget-8.rank-bfs_accept_first.cut-entropy4.0.samples20.maxnew1024.seed10086.subtreePrefetch.vllm.log,bfs_accept_first,8,3339,2026-09-09 15:57:36,3653.0,267.0,617.2,6,0,1.3,0.0
dataset-lcb_v6.model-qwen3.5-9b.alpha4.0.steps100.blocks-1.prefetch-budget-8.rank-bfs_accept_first.cut-entropy4.0.samples20.maxnew1024.seed10086.subtreePrefetch.vllm.log,bfs_accept_first,8,3344,2026-09-09 15:57:46,3663.0,311.3,665.1,8,0,1.8,0.0
dataset-lcb_v6.model-qwen3.5-9b.alpha4.0.steps100.blocks-1.prefetch-budget-8.rank-bfs_accept_first.cut-entropy4.0.samples20.maxnew1024.seed10086.subtreePrefetch.vllm.log,bfs_accept_first,8,3349,2026-09-09 15:57:56,3673.0,243.2,745.1,7,0,1.5,0.0
dataset-lcb_v6.model-qwen3.5-9b.alpha4.0.steps100.blocks-1.prefetch-budget-8.rank-bfs_accept_first.cut-entropy4.0.samples20.maxnew1024.seed10086.subtreePrefetch.vllm.log,bfs_accept_first,8,3354,2026-09-09 15:58:06,3683.0,199.2,658.6,7,0,1.5,0.0
dataset-lcb_v6.model-qwen3.5-9b.alpha4.0.steps100.blocks-1.prefetch-budget-8.rank-bfs_accept_first.cut-entropy4.0.samples20.maxnew1024.seed10086.subtreePrefetch.vllm.log,bfs_accept_first,8,3359,2026-09-09 15:58:16,3693.0,258.9,628.6,7,0,1.5,0.0
dataset-lcb_v6.model-qwen3.5-9b.alpha4.0.steps100.blocks-1.prefetch-budget-8.rank-bfs_accept_first.cut-entropy4.0.samples20.maxnew1024.seed10086.subtreePrefetch.vllm.log,bfs_accept_first,8,3364,2026-09-09 15:58:26,3703.0,300.3,713.5,8,0,1.7,0.0
dataset-lcb_v6.model-qwen3.5-9b.alpha4.0.steps100.blocks-1.prefetch-budget-8.rank-bfs_accept_first.cut-entropy4.0.samples20.maxnew1024.seed10086.subtreePrefetch.vllm.log,bfs_accept_first,8,3369,2026-09-09 15:58:36,3713.0,190.8,692.9,6,0,1.4,0.0
dataset-lcb_v6.model-qwen3.5-9b.alpha4.0.steps100.blocks-1.prefetch-budget-8.rank-bfs_accept_first.cut-entropy4.0.samples20.maxnew1024.seed10086.subtreePrefetch.vllm.log,bfs_accept_first,8,3374,2026-09-09 15:58:46,3723.0,195.0,585.3,7,0,1.5,0.0
dataset-lcb_v6.model-qwen3.5-9b.alpha4.0.steps100.blocks-1.prefetch-budget-8.rank-bfs_accept_first.cut-entropy4.0.samples20.maxnew1024.seed10086.subtreePrefetch.vllm.log,bfs_accept_first,8,3379,2026-09-09 15:58:56,3733.0,290.6,580.0,6,0,1.2,0.0
dataset-lcb_v6.model-qwen3.5-9b.alpha4.0.steps100.blocks-1.prefetch-budget-8.rank-bfs_accept_first.cut-entropy4.0.samples20.maxnew1024.seed10086.subtreePrefetch.vllm.log,bfs_accept_first,8,3384,2026-09-09 15:59:06,3743.0,297.3,667.7,7,0,1.6,0.0
dataset-lcb_v6.model-qwen3.5-9b.alpha4.0.steps100.blocks-1.prefetch-budget-8.rank-bfs_accept_first.cut-entropy4.0.samples20.maxnew1024.seed10086.subtreePrefetch.vllm.log,bfs_accept_first,8,3389,2026-09-09 15:59:16,3753.0,192.6,678.3,7,0,1.5,0.0
dataset-lcb_v6.model-qwen3.5-9b.alpha4.0.steps100.blocks-1.prefetch-budget-8.rank-bfs_accept_first.cut-entropy4.0.samples20.maxnew1024.seed10086.subtreePrefetch.vllm.log,bfs_accept_first,8,3394,2026-09-09 15:59:26,3763.0,287.0,668.2,8,0,1.9,0.0
dataset-lcb_v6.model-qwen3.5-9b.alpha4.0.steps100.blocks-1.prefetch-budget-8.rank-bfs_accept_first.cut-entropy4.0.samples20.maxnew1024.seed10086.subtreePrefetch.vllm.log,bfs_accept_first,8,3399,2026-09-09 15:59:36,3773.0,286.7,616.1,5,0,1.1,0.0
dataset-lcb_v6.model-qwen3.5-9b.alpha4.0.steps100.blocks-1.prefetch-budget-8.rank-bfs_accept_first.cut-entropy4.0.samples20.maxnew1024.seed10086.subtreePrefetch.vllm.log,bfs_accept_first,8,3404,2026-09-09 15:59:46,3783.0,162.6,659.5,8,0,1.7,0.0
dataset-lcb_v6.model-qwen3.5-9b.alpha4.0.steps100.blocks-1.prefetch-budget-8.rank-bfs_accept_first.cut-entropy4.0.samples20.maxnew1024.seed10086.subtreePrefetch.vllm.log,bfs_accept_first,8,3409,2026-09-09 15:59:56,3793.0,224.4,631.8,7,0,1.6,0.0
dataset-lcb_v6.model-qwen3.5-9b.alpha4.0.steps100.blocks-1.prefetch-budget-8.rank-bfs_accept_first.cut-entropy4.0.samples20.maxnew1024.seed10086.subtreePrefetch.vllm.log,bfs_accept_first,8,3414,2026-09-09 16:00:06,3803.0,179.0,695.8,8,0,1.7,0.0
dataset-lcb_v6.model-qwen3.5-9b.alpha4.0.steps100.blocks-1.prefetch-budget-8.rank-bfs_accept_first.cut-entropy4.0.samples20.maxnew1024.seed10086.subtreePrefetch.vllm.log,bfs_accept_first,8,3419,2026-09-09 16:00:16,3813.0,13.1,292.0,1,0,0.3,0.0
dataset-lcb_v6.model-qwen3.5-9b.alpha4.0.steps100.blocks-1.prefetch-budget-8.rank-bfs_accept_first.cut-entropy4.0.samples20.maxnew1024.seed10086.subtreePrefetch.vllm.log,bfs_accept_first,8,3451,2026-09-09 16:00:26,3823.0,303.2,163.3,8,0,1.2,0.0
dataset-lcb_v6.model-qwen3.5-9b.alpha4.0.steps100.blocks-1.prefetch-budget-8.rank-bfs_accept_first.cut-entropy4.0.samples20.maxnew1024.seed10086.subtreePrefetch.vllm.log,bfs_accept_first,8,3456,2026-09-09 16:00:36,3833.0,181.4,549.4,8,0,1.0,0.0
dataset-lcb_v6.model-qwen3.5-9b.alpha4.0.steps100.blocks-1.prefetch-budget-8.rank-bfs_accept_first.cut-entropy4.0.samples20.maxnew1024.seed10086.subtreePrefetch.vllm.log,bfs_accept_first,8,3461,2026-09-09 16:00:46,3843.0,287.1,529.6,6,0,1.2,0.0
dataset-lcb_v6.model-qwen3.5-9b.alpha4.0.steps100.blocks-1.prefetch-budget-8.rank-bfs_accept_first.cut-entropy4.0.samples20.maxnew1024.seed10086.subtreePrefetch.vllm.log,bfs_accept_first,8,3466,2026-09-09 16:00:56,3853.0,190.5,499.3,7,0,1.3,0.0
dataset-lcb_v6.model-qwen3.5-9b.alpha4.0.steps100.blocks-1.prefetch-budget-8.rank-bfs_accept_first.cut-entropy4.0.samples20.maxnew1024.seed10086.subtreePrefetch.vllm.log,bfs_accept_first,8,3471,2026-09-09 16:01:06,3863.0,231.4,574.0,8,0,1.5,0.0
dataset-lcb_v6.model-qwen3.5-9b.alpha4.0.steps100.blocks-1.prefetch-budget-8.rank-bfs_accept_first.cut-entropy4.0.samples20.maxnew1024.seed10086.subtreePrefetch.vllm.log,bfs_accept_first,8,3476,2026-09-09 16:01:16,3873.0,276.1,744.6,8,0,1.6,0.0
dataset-lcb_v6.model-qwen3.5-9b.alpha4.0.steps100.blocks-1.prefetch-budget-8.rank-bfs_accept_first.cut-entropy4.0.samples20.maxnew1024.seed10086.subtreePrefetch.vllm.log,bfs_accept_first,8,3481,2026-09-09 16:01:26,3883.0,261.9,758.1,7,0,1.4,0.0
dataset-lcb_v6.model-qwen3.5-9b.alpha4.0.steps100.blocks-1.prefetch-budget-8.rank-bfs_accept_first.cut-entropy4.0.samples20.maxnew1024.seed10086.subtreePrefetch.vllm.log,bfs_accept_first,8,3486,2026-09-09 16:01:36,3893.0,324.4,692.7,8,0,1.1,0.0
dataset-lcb_v6.model-qwen3.5-9b.alpha4.0.steps100.blocks-1.prefetch-budget-8.rank-bfs_accept_first.cut-entropy4.0.samples20.maxnew1024.seed10086.subtreePrefetch.vllm.log,bfs_accept_first,8,3491,2026-09-09 16:01:46,3903.0,286.5,739.2,8,0,0.8,0.0
dataset-lcb_v6.model-qwen3.5-9b.alpha4.0.steps100.blocks-1.prefetch-budget-8.rank-bfs_accept_first.cut-entropy4.0.samples20.maxnew1024.seed10086.subtreePrefetch.vllm.log,bfs_accept_first,8,3496,2026-09-09 16:01:56,3913.0,286.3,793.9,8,0,0.8,0.0
dataset-lcb_v6.model-qwen3.5-9b.alpha4.0.steps100.blocks-1.prefetch-budget-8.rank-bfs_accept_first.cut-entropy4.0.samples20.maxnew1024.seed10086.subtreePrefetch.vllm.log,bfs_accept_first,8,3501,2026-09-09 16:02:06,3923.0,325.3,791.5,8,0,1.0,0.0
dataset-lcb_v6.model-qwen3.5-9b.alpha4.0.steps100.blocks-1.prefetch-budget-8.rank-bfs_accept_first.cut-entropy4.0.samples20.maxnew1024.seed10086.subtreePrefetch.vllm.log,bfs_accept_first,8,3506,2026-09-09 16:02:16,3933.0,286.4,753.7,8,0,0.8,0.0
dataset-lcb_v6.model-qwen3.5-9b.alpha4.0.steps100.blocks-1.prefetch-budget-8.rank-bfs_accept_first.cut-entropy4.0.samples20.maxnew1024.seed10086.subtreePrefetch.vllm.log,bfs_accept_first,8,3511,2026-09-09 16:02:26,3943.0,286.1,796.0,8,0,0.8,0.0
dataset-lcb_v6.model-qwen3.5-9b.alpha4.0.steps100.blocks-1.prefetch-budget-8.rank-bfs_accept_first.cut-entropy4.0.samples20.maxnew1024.seed10086.subtreePrefetch.vllm.log,bfs_accept_first,8,3512,2026-09-09 16:02:36,3953.0,0.0,805.3,8,0,2.4,0.0
dataset-lcb_v6.model-qwen3.5-9b.alpha4.0.steps100.blocks-1.prefetch-budget-8.rank-bfs_accept_first.cut-entropy4.0.samples20.maxnew1024.seed10086.subtreePrefetch.vllm.log,bfs_accept_first,8,3517,2026-09-09 16:02:46,3963.0,286.4,795.9,8,0,2.4,0.0
dataset-lcb_v6.model-qwen3.5-9b.alpha4.0.steps100.blocks-1.prefetch-budget-8.rank-bfs_accept_first.cut-entropy4.0.samples20.maxnew1024.seed10086.subtreePrefetch.vllm.log,bfs_accept_first,8,3522,2026-09-09 16:02:56,3973.0,286.4,795.9,8,0,2.4,0.0
dataset-lcb_v6.model-qwen3.5-9b.alpha4.0.steps100.blocks-1.prefetch-budget-8.rank-bfs_accept_first.cut-entropy4.0.samples20.maxnew1024.seed10086.subtreePrefetch.vllm.log,bfs_accept_first,8,3527,2026-09-09 16:03:06,3983.0,296.2,785.7,7,0,2.1,0.0
dataset-lcb_v6.model-qwen3.5-9b.alpha4.0.steps100.blocks-1.prefetch-budget-8.rank-bfs_accept_first.cut-entropy4.0.samples20.maxnew1024.seed10086.subtreePrefetch.vllm.log,bfs_accept_first,8,3532,2026-09-09 16:03:16,3993.0,286.2,789.5,8,0,2.4,0.0
dataset-lcb_v6.model-qwen3.5-9b.alpha4.0.steps100.blocks-1.prefetch-budget-8.rank-bfs_accept_first.cut-entropy4.0.samples20.maxnew1024.seed10086.subtreePrefetch.vllm.log,bfs_accept_first,8,3537,2026-09-09 16:03:26,4003.0,303.2,744.9,7,0,2.1,0.0
dataset-lcb_v6.model-qwen3.5-9b.alpha4.0.steps100.blocks-1.prefetch-budget-8.rank-bfs_accept_first.cut-entropy4.0.samples20.maxnew1024.seed10086.subtreePrefetch.vllm.log,bfs_accept_first,8,3542,2026-09-09 16:03:36,4013.0,286.2,782.5,8,0,2.4,0.0
dataset-lcb_v6.model-qwen3.5-9b.alpha4.0.steps100.blocks-1.prefetch-budget-8.rank-bfs_accept_first.cut-entropy4.0.samples20.maxnew1024.seed10086.subtreePrefetch.vllm.log,bfs_accept_first,8,3547,2026-09-09 16:03:46,4023.0,286.3,788.6,8,0,2.4,0.0
dataset-lcb_v6.model-qwen3.5-9b.alpha4.0.steps100.blocks-1.prefetch-budget-8.rank-bfs_accept_first.cut-entropy4.0.samples20.maxnew1024.seed10086.subtreePrefetch.vllm.log,bfs_accept_first,8,3552,2026-09-09 16:03:56,4033.0,286.3,795.8,8,0,2.4,0.0
dataset-lcb_v6.model-qwen3.5-9b.alpha4.0.steps100.blocks-1.prefetch-budget-8.rank-bfs_accept_first.cut-entropy4.0.samples20.maxnew1024.seed10086.subtreePrefetch.vllm.log,bfs_accept_first,8,3557,2026-09-09 16:04:06,4043.0,286.4,788.7,8,0,2.4,0.0
dataset-lcb_v6.model-qwen3.5-9b.alpha4.0.steps100.blocks-1.prefetch-budget-8.rank-bfs_accept_first.cut-entropy4.0.samples20.maxnew1024.seed10086.subtreePrefetch.vllm.log,bfs_accept_first,8,3562,2026-09-09 16:04:16,4053.0,286.4,786.0,8,0,2.4,0.0
dataset-lcb_v6.model-qwen3.5-9b.alpha4.0.steps100.blocks-1.prefetch-budget-8.rank-bfs_accept_first.cut-entropy4.0.samples20.maxnew1024.seed10086.subtreePrefetch.vllm.log,bfs_accept_first,8,3567,2026-09-09 16:04:26,4063.0,315.9,752.2,7,0,1.5,0.0
dataset-lcb_v6.model-qwen3.5-9b.alpha4.0.steps100.blocks-1.prefetch-budget-8.rank-bfs_accept_first.cut-entropy4.0.samples20.maxnew1024.seed10086.subtreePrefetch.vllm.log,bfs_accept_first,8,3572,2026-09-09 16:04:36,4073.0,286.2,757.3,8,0,1.6,0.0
dataset-lcb_v6.model-qwen3.5-9b.alpha4.0.steps100.blocks-1.prefetch-budget-8.rank-bfs_accept_first.cut-entropy4.0.samples20.maxnew1024.seed10086.subtreePrefetch.vllm.log,bfs_accept_first,8,3577,2026-09-09 16:04:46,4083.0,286.2,794.6,8,0,1.6,0.0
dataset-lcb_v6.model-qwen3.5-9b.alpha4.0.steps100.blocks-1.prefetch-budget-8.rank-bfs_accept_first.cut-entropy4.0.samples20.maxnew1024.seed10086.subtreePrefetch.vllm.log,bfs_accept_first,8,3582,2026-09-09 16:04:56,4093.0,312.4,790.3,8,0,1.8,0.0
dataset-lcb_v6.model-qwen3.5-9b.alpha4.0.steps100.blocks-1.prefetch-budget-8.rank-bfs_accept_first.cut-entropy4.0.samples20.maxnew1024.seed10086.subtreePrefetch.vllm.log,bfs_accept_first,8,3587,2026-09-09 16:05:06,4103.0,286.3,768.2,8,0,1.6,0.0
dataset-lcb_v6.model-qwen3.5-9b.alpha4.0.steps100.blocks-1.prefetch-budget-8.rank-bfs_accept_first.cut-entropy4.0.samples20.maxnew1024.seed10086.subtreePrefetch.vllm.log,bfs_accept_first,8,3592,2026-09-09 16:05:16,4113.0,286.3,790.9,8,0,1.6,0.0
dataset-lcb_v6.model-qwen3.5-9b.alpha4.0.steps100.blocks-1.prefetch-budget-8.rank-bfs_accept_first.cut-entropy4.0.samples20.maxnew1024.seed10086.subtreePrefetch.vllm.log,bfs_accept_first,8,3597,2026-09-09 16:05:26,4123.0,303.1,774.8,7,0,1.4,0.0
dataset-lcb_v6.model-qwen3.5-9b.alpha4.0.steps100.blocks-1.prefetch-budget-8.rank-bfs_accept_first.cut-entropy4.0.samples20.maxnew1024.seed10086.subtreePrefetch.vllm.log,bfs_accept_first,8,3602,2026-09-09 16:05:36,4133.0,296.4,755.2,8,0,1.6,0.0
dataset-lcb_v6.model-qwen3.5-9b.alpha4.0.steps100.blocks-1.prefetch-budget-8.rank-bfs_accept_first.cut-entropy4.0.samples20.maxnew1024.seed10086.subtreePrefetch.vllm.log,bfs_accept_first,8,3607,2026-09-09 16:05:46,4143.0,250.6,737.5,7,0,1.4,0.0
dataset-lcb_v6.model-qwen3.5-9b.alpha4.0.steps100.blocks-1.prefetch-budget-8.rank-bfs_accept_first.cut-entropy4.0.samples20.maxnew1024.seed10086.subtreePrefetch.vllm.log,bfs_accept_first,8,3635,2026-09-09 16:05:56,4153.0,39.7,419.1,1,0,0.2,0.0
dataset-lcb_v6.model-qwen3.5-9b.alpha4.0.steps100.blocks-1.prefetch-budget-8.rank-bfs_accept_first.cut-entropy4.0.samples20.maxnew1024.seed10086.subtreePrefetch.vllm.log,bfs_accept_first,8,3640,2026-09-09 16:06:06,4163.0,164.9,323.1,1,0,0.3,0.0
dataset-lcb_v6.model-qwen3.5-9b.alpha4.0.steps100.blocks-1.prefetch-budget-8.rank-bfs_accept_first.cut-entropy4.0.samples20.maxnew1024.seed10086.subtreePrefetch.vllm.log,bfs_accept_first,8,3649,2026-09-09 16:06:16,4173.0,418.3,475.2,5,0,0.6,0.0
dataset-lcb_v6.model-qwen3.5-9b.alpha4.0.steps100.blocks-1.prefetch-budget-8.rank-bfs_accept_first.cut-entropy4.0.samples20.maxnew1024.seed10086.subtreePrefetch.vllm.log,bfs_accept_first,8,3654,2026-09-09 16:06:26,4183.0,236.5,650.1,8,0,1.7,0.0
dataset-lcb_v6.model-qwen3.5-9b.alpha4.0.steps100.blocks-1.prefetch-budget-8.rank-bfs_accept_first.cut-entropy4.0.samples20.maxnew1024.seed10086.subtreePrefetch.vllm.log,bfs_accept_first,8,3659,2026-09-09 16:06:36,4193.0,186.6,499.3,2,0,0.5,0.0
dataset-lcb_v6.model-qwen3.5-9b.alpha4.0.steps100.blocks-1.prefetch-budget-8.rank-bfs_accept_first.cut-entropy4.0.samples20.maxnew1024.seed10086.subtreePrefetch.vllm.log,bfs_accept_first,8,3668,2026-09-09 16:06:46,4203.0,280.0,576.4,8,0,1.0,0.0
dataset-lcb_v6.model-qwen3.5-9b.alpha4.0.steps100.blocks-1.prefetch-budget-8.rank-bfs_accept_first.cut-entropy4.0.samples20.maxnew1024.seed10086.subtreePrefetch.vllm.log,bfs_accept_first,8,3673,2026-09-09 16:06:56,4213.0,208.9,561.8,7,0,1.4,0.0
dataset-lcb_v6.model-qwen3.5-9b.alpha4.0.steps100.blocks-1.prefetch-budget-8.rank-bfs_accept_first.cut-entropy4.0.samples20.maxnew1024.seed10086.subtreePrefetch.vllm.log,bfs_accept_first,8,3678,2026-09-09 16:07:06,4223.0,119.1,476.1,4,0,0.6,0.0
dataset-lcb_v6.model-qwen3.5-9b.alpha4.0.steps100.blocks-1.prefetch-budget-8.rank-bfs_accept_first.cut-entropy4.0.samples20.maxnew1024.seed10086.subtreePrefetch.vllm.log,bfs_accept_first,8,3683,2026-09-09 16:07:16,4233.0,201.2,549.7,3,0,0.8,0.0
dataset-lcb_v6.model-qwen3.5-9b.alpha4.0.steps100.blocks-1.prefetch-budget-8.rank-bfs_accept_first.cut-entropy4.0.samples20.maxnew1024.seed10086.subtreePrefetch.vllm.log,bfs_accept_first,8,3692,2026-09-09 16:07:26,4243.0,294.7,453.7,8,0,1.0,0.0
dataset-lcb_v6.model-qwen3.5-9b.alpha4.0.steps100.blocks-1.prefetch-budget-8.rank-bfs_accept_first.cut-entropy4.0.samples20.maxnew1024.seed10086.subtreePrefetch.vllm.log,bfs_accept_first,8,3697,2026-09-09 16:07:37,4254.0,202.8,595.5,7,0,0.9,0.0
dataset-lcb_v6.model-qwen3.5-9b.alpha4.0.steps100.blocks-1.prefetch-budget-8.rank-bfs_accept_first.cut-entropy4.0.samples20.maxnew1024.seed10086.subtreePrefetch.vllm.log,bfs_accept_first,8,3702,2026-09-09 16:07:47,4264.0,151.9,580.6,5,0,1.1,0.0
dataset-lcb_v6.model-qwen3.5-9b.alpha4.0.steps100.blocks-1.prefetch-budget-8.rank-bfs_accept_first.cut-entropy4.0.samples20.maxnew1024.seed10086.subtreePrefetch.vllm.log,bfs_accept_first,8,3711,2026-09-09 16:07:57,4274.0,349.6,560.0,6,0,1.0,0.0
dataset-lcb_v6.model-qwen3.5-9b.alpha4.0.steps100.blocks-1.prefetch-budget-8.rank-bfs_accept_first.cut-entropy4.0.samples20.maxnew1024.seed10086.subtreePrefetch.vllm.log,bfs_accept_first,8,3716,2026-09-09 16:08:07,4284.0,132.5,575.6,4,0,0.8,0.0
dataset-lcb_v6.model-qwen3.5-9b.alpha4.0.steps100.blocks-1.prefetch-budget-8.rank-bfs_accept_first.cut-entropy4.0.samples20.maxnew1024.seed10086.subtreePrefetch.vllm.log,bfs_accept_first,8,3721,2026-09-09 16:08:17,4294.0,192.3,505.9,4,0,1.0,0.0
dataset-lcb_v6.model-qwen3.5-9b.alpha4.0.steps100.blocks-1.prefetch-budget-8.rank-bfs_accept_first.cut-entropy4.0.samples20.maxnew1024.seed10086.subtreePrefetch.vllm.log,bfs_accept_first,8,3726,2026-09-09 16:08:27,4304.0,192.0,511.3,2,0,0.6,0.0
dataset-lcb_v6.model-qwen3.5-9b.alpha4.0.steps100.blocks-1.prefetch-budget-8.rank-bfs_accept_first.cut-entropy4.0.samples20.maxnew1024.seed10086.subtreePrefetch.vllm.log,bfs_accept_first,8,3735,2026-09-09 16:08:37,4314.0,328.1,568.2,7,0,0.9,0.0
dataset-lcb_v6.model-qwen3.5-9b.alpha4.0.steps100.blocks-1.prefetch-budget-8.rank-bfs_accept_first.cut-entropy4.0.samples20.maxnew1024.seed10086.subtreePrefetch.vllm.log,bfs_accept_first,8,3740,2026-09-09 16:08:47,4324.0,129.4,463.8,7,0,0.9,0.0
dataset-lcb_v6.model-qwen3.5-9b.alpha4.0.steps100.blocks-1.prefetch-budget-8.rank-bfs_accept_first.cut-entropy4.0.samples20.maxnew1024.seed10086.subtreePrefetch.vllm.log,bfs_accept_first,8,3745,2026-09-09 16:08:57,4334.0,108.4,531.4,6,0,0.9,0.0
dataset-lcb_v6.model-qwen3.5-9b.alpha4.0.steps100.blocks-1.prefetch-budget-8.rank-bfs_accept_first.cut-entropy4.0.samples20.maxnew1024.seed10086.subtreePrefetch.vllm.log,bfs_accept_first,8,3750,2026-09-09 16:09:07,4344.0,267.2,600.1,7,0,1.5,0.0
dataset-lcb_v6.model-qwen3.5-9b.alpha4.0.steps100.blocks-1.prefetch-budget-8.rank-bfs_accept_first.cut-entropy4.0.samples20.maxnew1024.seed10086.subtreePrefetch.vllm.log,bfs_accept_first,8,3755,2026-09-09 16:09:17,4354.0,159.5,656.7,7,0,1.5,0.0
dataset-lcb_v6.model-qwen3.5-9b.alpha4.0.steps100.blocks-1.prefetch-budget-8.rank-bfs_accept_first.cut-entropy4.0.samples20.maxnew1024.seed10086.subtreePrefetch.vllm.log,bfs_accept_first,8,3760,2026-09-09 16:09:27,4364.0,169.3,589.7,4,0,0.9,0.0
dataset-lcb_v6.model-qwen3.5-9b.alpha4.0.steps100.blocks-1.prefetch-budget-8.rank-bfs_accept_first.cut-entropy4.0.samples20.maxnew1024.seed10086.subtreePrefetch.vllm.log,bfs_accept_first,8,3769,2026-09-09 16:09:37,4374.0,355.1,539.3,8,0,1.0,0.0
dataset-lcb_v6.model-qwen3.5-9b.alpha4.0.steps100.blocks-1.prefetch-budget-8.rank-bfs_accept_first.cut-entropy4.0.samples20.maxnew1024.seed10086.subtreePrefetch.vllm.log,bfs_accept_first,8,3774,2026-09-09 16:09:47,4384.0,186.4,707.4,8,0,1.5,0.0
dataset-lcb_v6.model-qwen3.5-9b.alpha4.0.steps100.blocks-1.prefetch-budget-8.rank-bfs_accept_first.cut-entropy4.0.samples20.maxnew1024.seed10086.subtreePrefetch.vllm.log,bfs_accept_first,8,3779,2026-09-09 16:09:57,4394.0,48.6,394.3,2,0,0.5,0.0
dataset-lcb_v6.model-qwen3.5-9b.alpha4.0.steps100.blocks-1.prefetch-budget-8.rank-bfs_accept_first.cut-entropy4.0.samples20.maxnew1024.seed10086.subtreePrefetch.vllm.log,bfs_accept_first,8,3864,2026-09-09 16:10:07,4404.0,73.1,138.5,1,0,0.4,0.0
dataset-lcb_v6.model-qwen3.5-9b.alpha4.0.steps100.blocks-1.prefetch-budget-8.rank-bfs_accept_first.cut-entropy4.0.samples20.maxnew1024.seed10086.subtreePrefetch.vllm.log,bfs_accept_first,8,3869,2026-09-09 16:10:17,4414.0,247.8,667.9,7,0,2.2,0.0
dataset-lcb_v6.model-qwen3.5-9b.alpha4.0.steps100.blocks-1.prefetch-budget-8.rank-bfs_accept_first.cut-entropy4.0.samples20.maxnew1024.seed10086.subtreePrefetch.vllm.log,bfs_accept_first,8,3874,2026-09-09 16:10:27,4424.0,285.0,709.9,3,0,1.0,0.0
dataset-lcb_v6.model-qwen3.5-9b.alpha4.0.steps100.blocks-1.prefetch-budget-8.rank-bfs_accept_first.cut-entropy4.0.samples20.maxnew1024.seed10086.subtreePrefetch.vllm.log,bfs_accept_first,8,3879,2026-09-09 16:10:37,4434.0,274.6,716.4,1,0,0.4,0.0
dataset-lcb_v6.model-qwen3.5-9b.alpha4.0.steps100.blocks-1.prefetch-budget-8.rank-bfs_accept_first.cut-entropy4.0.samples20.maxnew1024.seed10086.subtreePrefetch.vllm.log,bfs_accept_first,8,3884,2026-09-09 16:10:47,4444.0,265.7,716.4,1,0,0.4,0.0
dataset-lcb_v6.model-qwen3.5-9b.alpha4.0.steps100.blocks-1.prefetch-budget-8.rank-bfs_accept_first.cut-entropy4.0.samples20.maxnew1024.seed10086.subtreePrefetch.vllm.log,bfs_accept_first,8,3889,2026-09-09 16:10:57,4454.0,247.9,732.7,1,0,0.4,0.0
dataset-lcb_v6.model-qwen3.5-9b.alpha4.0.steps100.blocks-1.prefetch-budget-8.rank-bfs_accept_first.cut-entropy4.0.samples20.maxnew1024.seed10086.subtreePrefetch.vllm.log,bfs_accept_first,8,3898,2026-09-09 16:11:07,4464.0,474.9,717.2,8,0,1.1,0.0
dataset-lcb_v6.model-qwen3.5-9b.alpha4.0.steps100.blocks-1.prefetch-budget-8.rank-bfs_accept_first.cut-entropy4.0.samples20.maxnew1024.seed10086.subtreePrefetch.vllm.log,bfs_accept_first,8,3903,2026-09-09 16:11:17,4474.0,267.9,694.7,8,0,0.9,0.0
dataset-lcb_v6.model-qwen3.5-9b.alpha4.0.steps100.blocks-1.prefetch-budget-8.rank-bfs_accept_first.cut-entropy4.0.samples20.maxnew1024.seed10086.subtreePrefetch.vllm.log,bfs_accept_first,8,3908,2026-09-09 16:11:27,4484.0,255.4,755.4,8,0,0.9,0.0
dataset-lcb_v6.model-qwen3.5-9b.alpha4.0.steps100.blocks-1.prefetch-budget-8.rank-bfs_accept_first.cut-entropy4.0.samples20.maxnew1024.seed10086.subtreePrefetch.vllm.log,bfs_accept_first,8,3913,2026-09-09 16:11:37,4494.0,257.2,733.5,8,0,0.9,0.0
dataset-lcb_v6.model-qwen3.5-9b.alpha4.0.steps100.blocks-1.prefetch-budget-8.rank-bfs_accept_first.cut-entropy4.0.samples20.maxnew1024.seed10086.subtreePrefetch.vllm.log,bfs_accept_first,8,3918,2026-09-09 16:11:47,4504.0,275.9,766.9,8,0,1.7,0.0
dataset-lcb_v6.model-qwen3.5-9b.alpha4.0.steps100.blocks-1.prefetch-budget-8.rank-bfs_accept_first.cut-entropy4.0.samples20.maxnew1024.seed10086.subtreePrefetch.vllm.log,bfs_accept_first,8,3923,2026-09-09 16:11:57,4514.0,265.1,769.0,7,0,1.5,0.0
dataset-lcb_v6.model-qwen3.5-9b.alpha4.0.steps100.blocks-1.prefetch-budget-8.rank-bfs_accept_first.cut-entropy4.0.samples20.maxnew1024.seed10086.subtreePrefetch.vllm.log,bfs_accept_first,8,3928,2026-09-09 16:12:07,4524.0,251.9,656.9,7,0,1.5,0.0
dataset-lcb_v6.model-qwen3.5-9b.alpha4.0.steps100.blocks-1.prefetch-budget-8.rank-bfs_accept_first.cut-entropy4.0.samples20.maxnew1024.seed10086.subtreePrefetch.vllm.log,bfs_accept_first,8,3933,2026-09-09 16:12:17,4534.0,229.2,729.6,8,0,1.7,0.0
dataset-lcb_v6.model-qwen3.5-9b.alpha4.0.steps100.blocks-1.prefetch-budget-8.rank-bfs_accept_first.cut-entropy4.0.samples20.maxnew1024.seed10086.subtreePrefetch.vllm.log,bfs_accept_first,8,3938,2026-09-09 16:12:27,4544.0,218.5,739.5,8,0,1.7,0.0
dataset-lcb_v6.model-qwen3.5-9b.alpha4.0.steps100.blocks-1.prefetch-budget-8.rank-bfs_accept_first.cut-entropy4.0.samples20.maxnew1024.seed10086.subtreePrefetch.vllm.log,bfs_accept_first,8,3943,2026-09-09 16:12:37,4554.0,239.0,716.5,8,0,1.7,0.0
dataset-lcb_v6.model-qwen3.5-9b.alpha4.0.steps100.blocks-1.prefetch-budget-8.rank-bfs_accept_first.cut-entropy4.0.samples20.maxnew1024.seed10086.subtreePrefetch.vllm.log,bfs_accept_first,8,3948,2026-09-09 16:12:47,4564.0,224.5,729.8,8,0,1.7,0.0
dataset-lcb_v6.model-qwen3.5-9b.alpha4.0.steps100.blocks-1.prefetch-budget-8.rank-bfs_accept_first.cut-entropy4.0.samples20.maxnew1024.seed10086.subtreePrefetch.vllm.log,bfs_accept_first,8,3953,2026-09-09 16:12:57,4574.0,283.7,748.3,8,0,1.7,0.0
dataset-lcb_v6.model-qwen3.5-9b.alpha4.0.steps100.blocks-1.prefetch-budget-8.rank-bfs_accept_first.cut-entropy4.0.samples20.maxnew1024.seed10086.subtreePrefetch.vllm.log,bfs_accept_first,8,3958,2026-09-09 16:13:07,4584.0,237.8,730.6,8,0,1.7,0.0
dataset-lcb_v6.model-qwen3.5-9b.alpha4.0.steps100.blocks-1.prefetch-budget-8.rank-bfs_accept_first.cut-entropy4.0.samples20.maxnew1024.seed10086.subtreePrefetch.vllm.log,bfs_accept_first,8,3963,2026-09-09 16:13:17,4594.0,261.3,738.7,8,0,1.7,0.0
dataset-lcb_v6.model-qwen3.5-9b.alpha4.0.steps100.blocks-1.prefetch-budget-8.rank-bfs_accept_first.cut-entropy4.0.samples20.maxnew1024.seed10086.subtreePrefetch.vllm.log,bfs_accept_first,8,3968,2026-09-09 16:13:27,4604.0,273.0,723.9,8,0,1.7,0.0
dataset-lcb_v6.model-qwen3.5-9b.alpha4.0.steps100.blocks-1.prefetch-budget-8.rank-bfs_accept_first.cut-entropy4.0.samples20.maxnew1024.seed10086.subtreePrefetch.vllm.log,bfs_accept_first,8,3973,2026-09-09 16:13:37,4614.0,235.9,780.6,8,0,1.7,0.0
dataset-lcb_v6.model-qwen3.5-9b.alpha4.0.steps100.blocks-1.prefetch-budget-8.rank-bfs_accept_first.cut-entropy4.0.samples20.maxnew1024.seed10086.subtreePrefetch.vllm.log,bfs_accept_first,8,3978,2026-09-09 16:13:47,4624.0,227.0,744.6,8,0,1.7,0.0
dataset-lcb_v6.model-qwen3.5-9b.alpha4.0.steps100.blocks-1.prefetch-budget-8.rank-bfs_accept_first.cut-entropy4.0.samples20.maxnew1024.seed10086.subtreePrefetch.vllm.log,bfs_accept_first,8,3983,2026-09-09 16:13:57,4634.0,264.1,735.1,8,0,1.7,0.0
dataset-lcb_v6.model-qwen3.5-9b.alpha4.0.steps100.blocks-1.prefetch-budget-8.rank-bfs_accept_first.cut-entropy4.0.samples20.maxnew1024.seed10086.subtreePrefetch.vllm.log,bfs_accept_first,8,3988,2026-09-09 16:14:07,4644.0,291.2,720.8,8,0,1.8,0.0
dataset-lcb_v6.model-qwen3.5-9b.alpha4.0.steps100.blocks-1.prefetch-budget-8.rank-bfs_accept_first.cut-entropy4.0.samples20.maxnew1024.seed10086.subtreePrefetch.vllm.log,bfs_accept_first,8,3993,2026-09-09 16:14:17,4654.0,268.6,761.1,8,0,1.8,0.0
dataset-lcb_v6.model-qwen3.5-9b.alpha4.0.steps100.blocks-1.prefetch-budget-8.rank-bfs_accept_first.cut-entropy4.0.samples20.maxnew1024.seed10086.subtreePrefetch.vllm.log,bfs_accept_first,8,3998,2026-09-09 16:14:27,4664.0,257.2,745.5,8,0,1.9,0.0
dataset-lcb_v6.model-qwen3.5-9b.alpha4.0.steps100.blocks-1.prefetch-budget-8.rank-bfs_accept_first.cut-entropy4.0.samples20.maxnew1024.seed10086.subtreePrefetch.vllm.log,bfs_accept_first,8,4003,2026-09-09 16:14:37,4674.0,251.8,733.2,8,0,1.9,0.0
dataset-lcb_v6.model-qwen3.5-9b.alpha4.0.steps100.blocks-1.prefetch-budget-8.rank-bfs_accept_first.cut-entropy4.0.samples20.maxnew1024.seed10086.subtreePrefetch.vllm.log,bfs_accept_first,8,4008,2026-09-09 16:14:47,4684.0,222.3,673.8,7,0,1.9,0.0
dataset-lcb_v6.model-qwen3.5-9b.alpha4.0.steps100.blocks-1.prefetch-budget-8.rank-bfs_accept_first.cut-entropy4.0.samples20.maxnew1024.seed10086.subtreePrefetch.vllm.log,bfs_accept_first,8,4013,2026-09-09 16:14:57,4694.0,235.1,664.7,7,0,2.0,0.0
dataset-lcb_v6.model-qwen3.5-9b.alpha4.0.steps100.blocks-1.prefetch-budget-8.rank-bfs_accept_first.cut-entropy4.0.samples20.maxnew1024.seed10086.subtreePrefetch.vllm.log,bfs_accept_first,8,4018,2026-09-09 16:15:07,4704.0,157.8,502.5,5,0,1.6,0.0
dataset-lcb_v6.model-qwen3.5-9b.alpha4.0.steps100.blocks-1.prefetch-budget-8.rank-bfs_accept_first.cut-entropy4.0.samples20.maxnew1024.seed10086.subtreePrefetch.vllm.log,bfs_accept_first,8,4050,2026-09-09 16:15:17,4714.0,133.9,237.1,1,0,0.2,0.0
dataset-lcb_v6.model-qwen3.5-9b.alpha4.0.steps100.blocks-1.prefetch-budget-8.rank-bfs_accept_first.cut-entropy4.0.samples20.maxnew1024.seed10086.subtreePrefetch.vllm.log,bfs_accept_first,8,4055,2026-09-09 16:15:27,4724.0,229.0,215.2,8,0,1.3,0.0
dataset-lcb_v6.model-qwen3.5-9b.alpha4.0.steps100.blocks-1.prefetch-budget-8.rank-bfs_accept_first.cut-entropy4.0.samples20.maxnew1024.seed10086.subtreePrefetch.vllm.log,bfs_accept_first,8,4060,2026-09-09 16:15:37,4734.0,212.7,594.6,8,0,1.3,0.0
dataset-lcb_v6.model-qwen3.5-9b.alpha4.0.steps100.blocks-1.prefetch-budget-8.rank-bfs_accept_first.cut-entropy4.0.samples20.maxnew1024.seed10086.subtreePrefetch.vllm.log,bfs_accept_first,8,4065,2026-09-09 16:15:47,4744.0,197.3,696.4,8,0,1.0,0.0
dataset-lcb_v6.model-qwen3.5-9b.alpha4.0.steps100.blocks-1.prefetch-budget-8.rank-bfs_accept_first.cut-entropy4.0.samples20.maxnew1024.seed10086.subtreePrefetch.vllm.log,bfs_accept_first,8,4070,2026-09-09 16:15:57,4754.0,219.9,771.1,8,0,1.6,0.0
dataset-lcb_v6.model-qwen3.5-9b.alpha4.0.steps100.blocks-1.prefetch-budget-8.rank-bfs_accept_first.cut-entropy4.0.samples20.maxnew1024.seed10086.subtreePrefetch.vllm.log,bfs_accept_first,8,4075,2026-09-09 16:16:07,4764.0,203.6,734.2,8,0,1.6,0.0
dataset-lcb_v6.model-qwen3.5-9b.alpha4.0.steps100.blocks-1.prefetch-budget-8.rank-bfs_accept_first.cut-entropy4.0.samples20.maxnew1024.seed10086.subtreePrefetch.vllm.log,bfs_accept_first,8,4080,2026-09-09 16:16:17,4774.0,205.6,692.8,8,0,1.7,0.0
dataset-lcb_v6.model-qwen3.5-9b.alpha4.0.steps100.blocks-1.prefetch-budget-8.rank-bfs_accept_first.cut-entropy4.0.samples20.maxnew1024.seed10086.subtreePrefetch.vllm.log,bfs_accept_first,8,4085,2026-09-09 16:16:27,4784.0,249.0,777.0,8,0,1.7,0.0
dataset-lcb_v6.model-qwen3.5-9b.alpha4.0.steps100.blocks-1.prefetch-budget-8.rank-bfs_accept_first.cut-entropy4.0.samples20.maxnew1024.seed10086.subtreePrefetch.vllm.log,bfs_accept_first,8,4090,2026-09-09 16:16:37,4794.0,191.5,730.5,8,0,1.7,0.0
dataset-lcb_v6.model-qwen3.5-9b.alpha4.0.steps100.blocks-1.prefetch-budget-8.rank-bfs_accept_first.cut-entropy4.0.samples20.maxnew1024.seed10086.subtreePrefetch.vllm.log,bfs_accept_first,8,4095,2026-09-09 16:16:47,4804.0,215.8,707.9,8,0,1.7,0.0
dataset-lcb_v6.model-qwen3.5-9b.alpha4.0.steps100.blocks-1.prefetch-budget-8.rank-bfs_accept_first.cut-entropy4.0.samples20.maxnew1024.seed10086.subtreePrefetch.vllm.log,bfs_accept_first,8,4100,2026-09-09 16:16:57,4814.0,172.6,766.7,8,0,1.8,0.0
dataset-lcb_v6.model-qwen3.5-9b.alpha4.0.steps100.blocks-1.prefetch-budget-8.rank-bfs_accept_first.cut-entropy4.0.samples20.maxnew1024.seed10086.subtreePrefetch.vllm.log,bfs_accept_first,8,4105,2026-09-09 16:17:07,4824.0,167.9,717.2,8,0,1.7,0.0
dataset-lcb_v6.model-qwen3.5-9b.alpha4.0.steps100.blocks-1.prefetch-budget-8.rank-bfs_accept_first.cut-entropy4.0.samples20.maxnew1024.seed10086.subtreePrefetch.vllm.log,bfs_accept_first,8,4110,2026-09-09 16:17:17,4834.0,240.8,722.1,8,0,1.7,0.0
dataset-lcb_v6.model-qwen3.5-9b.alpha4.0.steps100.blocks-1.prefetch-budget-8.rank-bfs_accept_first.cut-entropy4.0.samples20.maxnew1024.seed10086.subtreePrefetch.vllm.log,bfs_accept_first,8,4115,2026-09-09 16:17:27,4844.0,196.1,668.7,8,0,1.7,0.0
dataset-lcb_v6.model-qwen3.5-9b.alpha4.0.steps100.blocks-1.prefetch-budget-8.rank-bfs_accept_first.cut-entropy4.0.samples20.maxnew1024.seed10086.subtreePrefetch.vllm.log,bfs_accept_first,8,4120,2026-09-09 16:17:37,4854.0,161.3,700.4,8,0,1.7,0.0
dataset-lcb_v6.model-qwen3.5-9b.alpha4.0.steps100.blocks-1.prefetch-budget-8.rank-bfs_accept_first.cut-entropy4.0.samples20.maxnew1024.seed10086.subtreePrefetch.vllm.log,bfs_accept_first,8,4125,2026-09-09 16:17:47,4864.0,188.8,731.0,8,0,1.7,0.0
dataset-lcb_v6.model-qwen3.5-9b.alpha4.0.steps100.blocks-1.prefetch-budget-8.rank-bfs_accept_first.cut-entropy4.0.samples20.maxnew1024.seed10086.subtreePrefetch.vllm.log,bfs_accept_first,8,4130,2026-09-09 16:17:57,4874.0,205.3,706.0,8,0,1.7,0.0
dataset-lcb_v6.model-qwen3.5-9b.alpha4.0.steps100.blocks-1.prefetch-budget-8.rank-bfs_accept_first.cut-entropy4.0.samples20.maxnew1024.seed10086.subtreePrefetch.vllm.log,bfs_accept_first,8,4135,2026-09-09 16:18:07,4884.0,186.5,691.6,8,0,1.7,0.0
dataset-lcb_v6.model-qwen3.5-9b.alpha4.0.steps100.blocks-1.prefetch-budget-8.rank-bfs_accept_first.cut-entropy4.0.samples20.maxnew1024.seed10086.subtreePrefetch.vllm.log,bfs_accept_first,8,4140,2026-09-09 16:18:17,4894.0,152.9,707.7,8,0,1.7,0.0
dataset-lcb_v6.model-qwen3.5-9b.alpha4.0.steps100.blocks-1.prefetch-budget-8.rank-bfs_accept_first.cut-entropy4.0.samples20.maxnew1024.seed10086.subtreePrefetch.vllm.log,bfs_accept_first,8,4145,2026-09-09 16:18:27,4904.0,205.4,730.8,8,0,1.7,0.0
dataset-lcb_v6.model-qwen3.5-9b.alpha4.0.steps100.blocks-1.prefetch-budget-8.rank-bfs_accept_first.cut-entropy4.0.samples20.maxnew1024.seed10086.subtreePrefetch.vllm.log,bfs_accept_first,8,4150,2026-09-09 16:18:37,4914.0,222.2,685.5,8,0,1.7,0.0
dataset-lcb_v6.model-qwen3.5-9b.alpha4.0.steps100.blocks-1.prefetch-budget-8.rank-bfs_accept_first.cut-entropy4.0.samples20.maxnew1024.seed10086.subtreePrefetch.vllm.log,bfs_accept_first,8,4155,2026-09-09 16:18:47,4924.0,183.0,682.8,8,0,1.7,0.0
dataset-lcb_v6.model-qwen3.5-9b.alpha4.0.steps100.blocks-1.prefetch-budget-8.rank-bfs_accept_first.cut-entropy4.0.samples20.maxnew1024.seed10086.subtreePrefetch.vllm.log,bfs_accept_first,8,4160,2026-09-09 16:18:57,4934.0,131.4,710.8,8,0,1.7,0.0
dataset-lcb_v6.model-qwen3.5-9b.alpha4.0.steps100.blocks-1.prefetch-budget-8.rank-bfs_accept_first.cut-entropy4.0.samples20.maxnew1024.seed10086.subtreePrefetch.vllm.log,bfs_accept_first,8,4165,2026-09-09 16:19:07,4944.0,220.2,747.3,8,0,1.7,0.0
dataset-lcb_v6.model-qwen3.5-9b.alpha4.0.steps100.blocks-1.prefetch-budget-8.rank-bfs_accept_first.cut-entropy4.0.samples20.maxnew1024.seed10086.subtreePrefetch.vllm.log,bfs_accept_first,8,4170,2026-09-09 16:19:17,4954.0,168.1,674.4,8,0,1.7,0.0
dataset-lcb_v6.model-qwen3.5-9b.alpha4.0.steps100.blocks-1.prefetch-budget-8.rank-bfs_accept_first.cut-entropy4.0.samples20.maxnew1024.seed10086.subtreePrefetch.vllm.log,bfs_accept_first,8,4175,2026-09-09 16:19:27,4964.0,225.1,713.9,8,0,1.7,0.0
dataset-lcb_v6.model-qwen3.5-9b.alpha4.0.steps100.blocks-1.prefetch-budget-8.rank-bfs_accept_first.cut-entropy4.0.samples20.maxnew1024.seed10086.subtreePrefetch.vllm.log,bfs_accept_first,8,4180,2026-09-09 16:19:37,4974.0,141.0,677.9,8,0,1.7,0.0
dataset-lcb_v6.model-qwen3.5-9b.alpha4.0.steps100.blocks-1.prefetch-budget-8.rank-bfs_accept_first.cut-entropy4.0.samples20.maxnew1024.seed10086.subtreePrefetch.vllm.log,bfs_accept_first,8,4185,2026-09-09 16:19:47,4984.0,209.8,738.4,8,0,1.7,0.0
dataset-lcb_v6.model-qwen3.5-9b.alpha4.0.steps100.blocks-1.prefetch-budget-8.rank-bfs_accept_first.cut-entropy4.0.samples20.maxnew1024.seed10086.subtreePrefetch.vllm.log,bfs_accept_first,8,4190,2026-09-09 16:19:57,4994.0,197.9,680.2,8,0,1.7,0.0
dataset-lcb_v6.model-qwen3.5-9b.alpha4.0.steps100.blocks-1.prefetch-budget-8.rank-bfs_accept_first.cut-entropy4.0.samples20.maxnew1024.seed10086.subtreePrefetch.vllm.log,bfs_accept_first,8,4195,2026-09-09 16:20:07,5004.0,185.2,690.4,8,0,1.7,0.0
dataset-lcb_v6.model-qwen3.5-9b.alpha4.0.steps100.blocks-1.prefetch-budget-8.rank-bfs_accept_first.cut-entropy4.0.samples20.maxnew1024.seed10086.subtreePrefetch.vllm.log,bfs_accept_first,8,4200,2026-09-09 16:20:17,5014.0,230.6,669.4,8,0,1.7,0.0
dataset-lcb_v6.model-qwen3.5-9b.alpha4.0.steps100.blocks-1.prefetch-budget-8.rank-bfs_accept_first.cut-entropy4.0.samples20.maxnew1024.seed10086.subtreePrefetch.vllm.log,bfs_accept_first,8,4205,2026-09-09 16:20:27,5024.0,30.0,384.8,1,0,0.3,0.0
dataset-lcb_v6.model-qwen3.5-9b.alpha4.0.steps100.blocks-1.prefetch-budget-8.rank-bfs_accept_first.cut-entropy4.0.samples20.maxnew1024.seed10086.subtreePrefetch.vllm.log,bfs_accept_first,8,4233,2026-09-09 16:20:37,5034.0,55.9,116.3,1,0,0.3,0.0
dataset-lcb_v6.model-qwen3.5-9b.alpha4.0.steps100.blocks-1.prefetch-budget-8.rank-bfs_accept_first.cut-entropy4.0.samples20.maxnew1024.seed10086.subtreePrefetch.vllm.log,bfs_accept_first,8,4242,2026-09-09 16:20:47,5044.0,461.3,490.8,6,0,0.8,0.0
dataset-lcb_v6.model-qwen3.5-9b.alpha4.0.steps100.blocks-1.prefetch-budget-8.rank-bfs_accept_first.cut-entropy4.0.samples20.maxnew1024.seed10086.subtreePrefetch.vllm.log,bfs_accept_first,8,4247,2026-09-09 16:20:57,5054.0,210.7,518.5,8,0,1.2,0.0
dataset-lcb_v6.model-qwen3.5-9b.alpha4.0.steps100.blocks-1.prefetch-budget-8.rank-bfs_accept_first.cut-entropy4.0.samples20.maxnew1024.seed10086.subtreePrefetch.vllm.log,bfs_accept_first,8,4252,2026-09-09 16:21:07,5064.0,136.8,668.9,8,0,1.1,0.0
dataset-lcb_v6.model-qwen3.5-9b.alpha4.0.steps100.blocks-1.prefetch-budget-8.rank-bfs_accept_first.cut-entropy4.0.samples20.maxnew1024.seed10086.subtreePrefetch.vllm.log,bfs_accept_first,8,4257,2026-09-09 16:21:17,5074.0,189.7,651.7,8,0,1.1,0.0
dataset-lcb_v6.model-qwen3.5-9b.alpha4.0.steps100.blocks-1.prefetch-budget-8.rank-bfs_accept_first.cut-entropy4.0.samples20.maxnew1024.seed10086.subtreePrefetch.vllm.log,bfs_accept_first,8,4262,2026-09-09 16:21:27,5084.0,202.0,579.5,6,0,1.2,0.0
dataset-lcb_v6.model-qwen3.5-9b.alpha4.0.steps100.blocks-1.prefetch-budget-8.rank-bfs_accept_first.cut-entropy4.0.samples20.maxnew1024.seed10086.subtreePrefetch.vllm.log,bfs_accept_first,8,4267,2026-09-09 16:21:37,5094.0,116.6,612.7,7,0,1.3,0.0
dataset-lcb_v6.model-qwen3.5-9b.alpha4.0.steps100.blocks-1.prefetch-budget-8.rank-bfs_accept_first.cut-entropy4.0.samples20.maxnew1024.seed10086.subtreePrefetch.vllm.log,bfs_accept_first,8,4272,2026-09-09 16:21:47,5104.0,162.3,679.2,8,0,1.7,0.0
dataset-lcb_v6.model-qwen3.5-9b.alpha4.0.steps100.blocks-1.prefetch-budget-8.rank-bfs_accept_first.cut-entropy4.0.samples20.maxnew1024.seed10086.subtreePrefetch.vllm.log,bfs_accept_first,8,4277,2026-09-09 16:21:57,5114.0,199.6,690.3,5,0,1.1,0.0
dataset-lcb_v6.model-qwen3.5-9b.alpha4.0.steps100.blocks-1.prefetch-budget-8.rank-bfs_accept_first.cut-entropy4.0.samples20.maxnew1024.seed10086.subtreePrefetch.vllm.log,bfs_accept_first,8,4282,2026-09-09 16:22:07,5124.0,115.3,626.8,8,0,1.7,0.0
dataset-lcb_v6.model-qwen3.5-9b.alpha4.0.steps100.blocks-1.prefetch-budget-8.rank-bfs_accept_first.cut-entropy4.0.samples20.maxnew1024.seed10086.subtreePrefetch.vllm.log,bfs_accept_first,8,4287,2026-09-09 16:22:17,5134.0,113.8,698.0,7,0,1.5,0.0
dataset-lcb_v6.model-qwen3.5-9b.alpha4.0.steps100.blocks-1.prefetch-budget-8.rank-bfs_accept_first.cut-entropy4.0.samples20.maxnew1024.seed10086.subtreePrefetch.vllm.log,bfs_accept_first,8,4292,2026-09-09 16:22:27,5144.0,154.0,639.7,6,0,1.3,0.0
dataset-lcb_v6.model-qwen3.5-9b.alpha4.0.steps100.blocks-1.prefetch-budget-8.rank-bfs_accept_first.cut-entropy4.0.samples20.maxnew1024.seed10086.subtreePrefetch.vllm.log,bfs_accept_first,8,4297,2026-09-09 16:22:37,5154.0,111.2,616.6,4,0,0.9,0.0
dataset-lcb_v6.model-qwen3.5-9b.alpha4.0.steps100.blocks-1.prefetch-budget-8.rank-bfs_accept_first.cut-entropy4.0.samples20.maxnew1024.seed10086.subtreePrefetch.vllm.log,bfs_accept_first,8,4302,2026-09-09 16:22:47,5164.0,126.8,645.4,8,0,1.7,0.0
dataset-lcb_v6.model-qwen3.5-9b.alpha4.0.steps100.blocks-1.prefetch-budget-8.rank-bfs_accept_first.cut-entropy4.0.samples20.maxnew1024.seed10086.subtreePrefetch.vllm.log,bfs_accept_first,8,4307,2026-09-09 16:22:57,5174.0,158.6,739.6,6,0,1.3,0.0
dataset-lcb_v6.model-qwen3.5-9b.alpha4.0.steps100.blocks-1.prefetch-budget-8.rank-bfs_accept_first.cut-entropy4.0.samples20.maxnew1024.seed10086.subtreePrefetch.vllm.log,bfs_accept_first,8,4312,2026-09-09 16:23:07,5184.0,238.5,654.8,1,0,0.3,0.0
dataset-lcb_v6.model-qwen3.5-9b.alpha4.0.steps100.blocks-1.prefetch-budget-8.rank-bfs_accept_first.cut-entropy4.0.samples20.maxnew1024.seed10086.subtreePrefetch.vllm.log,bfs_accept_first,8,4317,2026-09-09 16:23:17,5194.0,78.8,575.9,6,0,1.3,0.0
dataset-lcb_v6.model-qwen3.5-9b.alpha4.0.steps100.blocks-1.prefetch-budget-8.rank-bfs_accept_first.cut-entropy4.0.samples20.maxnew1024.seed10086.subtreePrefetch.vllm.log,bfs_accept_first,8,4322,2026-09-09 16:23:27,5204.0,182.0,692.7,5,0,1.1,0.0
dataset-lcb_v6.model-qwen3.5-9b.alpha4.0.steps100.blocks-1.prefetch-budget-8.rank-bfs_accept_first.cut-entropy4.0.samples20.maxnew1024.seed10086.subtreePrefetch.vllm.log,bfs_accept_first,8,4327,2026-09-09 16:23:37,5214.0,118.9,645.5,7,0,1.5,0.0
dataset-lcb_v6.model-qwen3.5-9b.alpha4.0.steps100.blocks-1.prefetch-budget-8.rank-bfs_accept_first.cut-entropy4.0.samples20.maxnew1024.seed10086.subtreePrefetch.vllm.log,bfs_accept_first,8,4332,2026-09-09 16:23:47,5224.0,133.6,666.7,6,0,1.3,0.0
dataset-lcb_v6.model-qwen3.5-9b.alpha4.0.steps100.blocks-1.prefetch-budget-8.rank-bfs_accept_first.cut-entropy4.0.samples20.maxnew1024.seed10086.subtreePrefetch.vllm.log,bfs_accept_first,8,4337,2026-09-09 16:23:57,5234.0,118.4,615.3,4,0,0.9,0.0
dataset-lcb_v6.model-qwen3.5-9b.alpha4.0.steps100.blocks-1.prefetch-budget-8.rank-bfs_accept_first.cut-entropy4.0.samples20.maxnew1024.seed10086.subtreePrefetch.vllm.log,bfs_accept_first,8,4342,2026-09-09 16:24:07,5244.0,110.8,642.5,6,0,1.3,0.0
dataset-lcb_v6.model-qwen3.5-9b.alpha4.0.steps100.blocks-1.prefetch-budget-8.rank-bfs_accept_first.cut-entropy4.0.samples20.maxnew1024.seed10086.subtreePrefetch.vllm.log,bfs_accept_first,8,4347,2026-09-09 16:24:17,5254.0,168.6,682.8,6,0,1.3,0.0
dataset-lcb_v6.model-qwen3.5-9b.alpha4.0.steps100.blocks-1.prefetch-budget-8.rank-bfs_accept_first.cut-entropy4.0.samples20.maxnew1024.seed10086.subtreePrefetch.vllm.log,bfs_accept_first,8,4352,2026-09-09 16:24:27,5264.0,138.5,716.9,6,0,1.3,0.0
dataset-lcb_v6.model-qwen3.5-9b.alpha4.0.steps100.blocks-1.prefetch-budget-8.rank-bfs_accept_first.cut-entropy4.0.samples20.maxnew1024.seed10086.subtreePrefetch.vllm.log,bfs_accept_first,8,4357,2026-09-09 16:24:37,5274.0,112.8,718.5,8,0,1.7,0.0
dataset-lcb_v6.model-qwen3.5-9b.alpha4.0.steps100.blocks-1.prefetch-budget-8.rank-bfs_accept_first.cut-entropy4.0.samples20.maxnew1024.seed10086.subtreePrefetch.vllm.log,bfs_accept_first,8,4362,2026-09-09 16:24:47,5284.0,137.8,700.7,6,0,1.3,0.0
dataset-lcb_v6.model-qwen3.5-9b.alpha4.0.steps100.blocks-1.prefetch-budget-8.rank-bfs_accept_first.cut-entropy4.0.samples20.maxnew1024.seed10086.subtreePrefetch.vllm.log,bfs_accept_first,8,4367,2026-09-09 16:24:57,5294.0,236.8,643.3,4,0,0.9,0.0
dataset-lcb_v6.model-qwen3.5-9b.alpha4.0.steps100.blocks-1.prefetch-budget-8.rank-bfs_accept_first.cut-entropy4.0.samples20.maxnew1024.seed10086.subtreePrefetch.vllm.log,bfs_accept_first,8,4395,2026-09-09 16:25:07,5304.0,52.8,145.0,1,0,0.3,0.0
dataset-lcb_v6.model-qwen3.5-9b.alpha4.0.steps100.blocks-1.prefetch-budget-8.rank-bfs_accept_first.cut-entropy4.0.samples20.maxnew1024.seed10086.subtreePrefetch.vllm.log,bfs_accept_first,8,4404,2026-09-09 16:25:17,5314.0,489.1,499.5,8,0,1.0,0.0
dataset-lcb_v6.model-qwen3.5-9b.alpha4.0.steps100.blocks-1.prefetch-budget-8.rank-bfs_accept_first.cut-entropy4.0.samples20.maxnew1024.seed10086.subtreePrefetch.vllm.log,bfs_accept_first,8,4409,2026-09-09 16:25:27,5324.0,210.8,632.2,7,0,1.1,0.0
dataset-lcb_v6.model-qwen3.5-9b.alpha4.0.steps100.blocks-1.prefetch-budget-8.rank-bfs_accept_first.cut-entropy4.0.samples20.maxnew1024.seed10086.subtreePrefetch.vllm.log,bfs_accept_first,8,4414,2026-09-09 16:25:37,5334.0,153.5,557.6,6,0,0.9,0.0
dataset-lcb_v6.model-qwen3.5-9b.alpha4.0.steps100.blocks-1.prefetch-budget-8.rank-bfs_accept_first.cut-entropy4.0.samples20.maxnew1024.seed10086.subtreePrefetch.vllm.log,bfs_accept_first,8,4419,2026-09-09 16:25:47,5344.0,214.0,518.6,7,0,1.2,0.0
dataset-lcb_v6.model-qwen3.5-9b.alpha4.0.steps100.blocks-1.prefetch-budget-8.rank-bfs_accept_first.cut-entropy4.0.samples20.maxnew1024.seed10086.subtreePrefetch.vllm.log,bfs_accept_first,8,4424,2026-09-09 16:25:57,5354.0,291.0,608.7,7,0,1.5,0.0
dataset-lcb_v6.model-qwen3.5-9b.alpha4.0.steps100.blocks-1.prefetch-budget-8.rank-bfs_accept_first.cut-entropy4.0.samples20.maxnew1024.seed10086.subtreePrefetch.vllm.log,bfs_accept_first,8,4429,2026-09-09 16:26:07,5364.0,221.3,646.9,5,0,1.1,0.0
dataset-lcb_v6.model-qwen3.5-9b.alpha4.0.steps100.blocks-1.prefetch-budget-8.rank-bfs_accept_first.cut-entropy4.0.samples20.maxnew1024.seed10086.subtreePrefetch.vllm.log,bfs_accept_first,8,4434,2026-09-09 16:26:17,5374.0,223.8,631.4,6,0,1.3,0.0
dataset-lcb_v6.model-qwen3.5-9b.alpha4.0.steps100.blocks-1.prefetch-budget-8.rank-bfs_accept_first.cut-entropy4.0.samples20.maxnew1024.seed10086.subtreePrefetch.vllm.log,bfs_accept_first,8,4439,2026-09-09 16:26:27,5384.0,232.7,575.7,2,0,0.5,0.0
dataset-lcb_v6.model-qwen3.5-9b.alpha4.0.steps100.blocks-1.prefetch-budget-8.rank-bfs_accept_first.cut-entropy4.0.samples20.maxnew1024.seed10086.subtreePrefetch.vllm.log,bfs_accept_first,8,4444,2026-09-09 16:26:37,5394.0,257.3,487.5,2,0,0.5,0.0
dataset-lcb_v6.model-qwen3.5-9b.alpha4.0.steps100.blocks-1.prefetch-budget-8.rank-bfs_accept_first.cut-entropy4.0.samples20.maxnew1024.seed10086.subtreePrefetch.vllm.log,bfs_accept_first,8,4453,2026-09-09 16:26:47,5404.0,514.2,616.2,8,0,1.2,0.0
dataset-lcb_v6.model-qwen3.5-9b.alpha4.0.steps100.blocks-1.prefetch-budget-8.rank-bfs_accept_first.cut-entropy4.0.samples20.maxnew1024.seed10086.subtreePrefetch.vllm.log,bfs_accept_first,8,4458,2026-09-09 16:26:57,5414.0,199.7,646.3,8,0,1.2,0.0
dataset-lcb_v6.model-qwen3.5-9b.alpha4.0.steps100.blocks-1.prefetch-budget-8.rank-bfs_accept_first.cut-entropy4.0.samples20.maxnew1024.seed10086.subtreePrefetch.vllm.log,bfs_accept_first,8,4463,2026-09-09 16:27:07,5424.0,191.7,587.9,7,0,1.1,0.0
dataset-lcb_v6.model-qwen3.5-9b.alpha4.0.steps100.blocks-1.prefetch-budget-8.rank-bfs_accept_first.cut-entropy4.0.samples20.maxnew1024.seed10086.subtreePrefetch.vllm.log,bfs_accept_first,8,4468,2026-09-09 16:27:17,5434.0,243.3,529.8,8,0,1.4,0.0
dataset-lcb_v6.model-qwen3.5-9b.alpha4.0.steps100.blocks-1.prefetch-budget-8.rank-bfs_accept_first.cut-entropy4.0.samples20.maxnew1024.seed10086.subtreePrefetch.vllm.log,bfs_accept_first,8,4473,2026-09-09 16:27:27,5444.0,223.6,638.1,8,0,1.6,0.0
dataset-lcb_v6.model-qwen3.5-9b.alpha4.0.steps100.blocks-1.prefetch-budget-8.rank-bfs_accept_first.cut-entropy4.0.samples20.maxnew1024.seed10086.subtreePrefetch.vllm.log,bfs_accept_first,8,4478,2026-09-09 16:27:37,5454.0,210.2,597.3,6,0,1.3,0.0
dataset-lcb_v6.model-qwen3.5-9b.alpha4.0.steps100.blocks-1.prefetch-budget-8.rank-bfs_accept_first.cut-entropy4.0.samples20.maxnew1024.seed10086.subtreePrefetch.vllm.log,bfs_accept_first,8,4483,2026-09-09 16:27:47,5464.0,204.9,628.1,7,0,1.5,0.0
dataset-lcb_v6.model-qwen3.5-9b.alpha4.0.steps100.blocks-1.prefetch-budget-8.rank-bfs_accept_first.cut-entropy4.0.samples20.maxnew1024.seed10086.subtreePrefetch.vllm.log,bfs_accept_first,8,4488,2026-09-09 16:27:57,5474.0,231.9,486.2,4,0,0.9,0.0
dataset-lcb_v6.model-qwen3.5-9b.alpha4.0.steps100.blocks-1.prefetch-budget-8.rank-bfs_accept_first.cut-entropy4.0.samples20.maxnew1024.seed10086.subtreePrefetch.vllm.log,bfs_accept_first,8,4493,2026-09-09 16:28:07,5484.0,235.7,599.3,2,0,0.5,0.0
dataset-lcb_v6.model-qwen3.5-9b.alpha4.0.steps100.blocks-1.prefetch-budget-8.rank-bfs_accept_first.cut-entropy4.0.samples20.maxnew1024.seed10086.subtreePrefetch.vllm.log,bfs_accept_first,8,4498,2026-09-09 16:28:17,5494.0,196.5,588.5,2,0,0.5,0.0
dataset-lcb_v6.model-qwen3.5-9b.alpha4.0.steps100.blocks-1.prefetch-budget-8.rank-bfs_accept_first.cut-entropy4.0.samples20.maxnew1024.seed10086.subtreePrefetch.vllm.log,bfs_accept_first,8,4507,2026-09-09 16:28:27,5504.0,546.5,468.2,8,0,1.1,0.0
dataset-lcb_v6.model-qwen3.5-9b.alpha4.0.steps100.blocks-1.prefetch-budget-8.rank-bfs_accept_first.cut-entropy4.0.samples20.maxnew1024.seed10086.subtreePrefetch.vllm.log,bfs_accept_first,8,4512,2026-09-09 16:28:37,5514.0,174.9,675.8,8,0,1.4,0.0
dataset-lcb_v6.model-qwen3.5-9b.alpha4.0.steps100.blocks-1.prefetch-budget-8.rank-bfs_accept_first.cut-entropy4.0.samples20.maxnew1024.seed10086.subtreePrefetch.vllm.log,bfs_accept_first,8,4517,2026-09-09 16:28:47,5524.0,210.9,654.6,6,0,1.3,0.0
dataset-lcb_v6.model-qwen3.5-9b.alpha4.0.steps100.blocks-1.prefetch-budget-8.rank-bfs_accept_first.cut-entropy4.0.samples20.maxnew1024.seed10086.subtreePrefetch.vllm.log,bfs_accept_first,8,4522,2026-09-09 16:28:57,5534.0,144.2,436.2,3,0,0.7,0.0
dataset-lcb_v6.model-qwen3.5-9b.alpha4.0.steps100.blocks-1.prefetch-budget-8.rank-bfs_accept_first.cut-entropy4.0.samples20.maxnew1024.seed10086.subtreePrefetch.vllm.log,bfs_accept_first,8,4527,2026-09-09 16:29:07,5544.0,182.4,430.1,1,0,0.3,0.0
dataset-lcb_v6.model-qwen3.5-9b.alpha4.0.steps100.blocks-1.prefetch-budget-12.rank-bfs_accept_first.cut-entropy4.0.samples20.maxnew1024.seed10086.subtreePrefetch.vllm.log,bfs_accept_first,12,117,2026-09-09 14:56:43,0.0,137.8,91.3,12,0,1.6,0.0
dataset-lcb_v6.model-qwen3.5-9b.alpha4.0.steps100.blocks-1.prefetch-budget-12.rank-bfs_accept_first.cut-entropy4.0.samples20.maxnew1024.seed10086.subtreePrefetch.vllm.log,bfs_accept_first,12,124,2026-09-09 14:56:53,10.0,293.7,817.8,12,0,1.7,0.0
dataset-lcb_v6.model-qwen3.5-9b.alpha4.0.steps100.blocks-1.prefetch-budget-12.rank-bfs_accept_first.cut-entropy4.0.samples20.maxnew1024.seed10086.subtreePrefetch.vllm.log,bfs_accept_first,12,129,2026-09-09 14:57:03,20.0,404.2,778.4,10,0,2.0,0.0
dataset-lcb_v6.model-qwen3.5-9b.alpha4.0.steps100.blocks-1.prefetch-budget-12.rank-bfs_accept_first.cut-entropy4.0.samples20.maxnew1024.seed10086.subtreePrefetch.vllm.log,bfs_accept_first,12,134,2026-09-09 14:57:13,30.0,306.2,687.0,5,0,1.0,0.0
dataset-lcb_v6.model-qwen3.5-9b.alpha4.0.steps100.blocks-1.prefetch-budget-12.rank-bfs_accept_first.cut-entropy4.0.samples20.maxnew1024.seed10086.subtreePrefetch.vllm.log,bfs_accept_first,12,139,2026-09-09 14:57:23,40.0,321.9,678.5,8,0,1.7,0.0
dataset-lcb_v6.model-qwen3.5-9b.alpha4.0.steps100.blocks-1.prefetch-budget-12.rank-bfs_accept_first.cut-entropy4.0.samples20.maxnew1024.seed10086.subtreePrefetch.vllm.log,bfs_accept_first,12,144,2026-09-09 14:57:33,50.0,231.2,665.0,5,0,1.1,0.0
dataset-lcb_v6.model-qwen3.5-9b.alpha4.0.steps100.blocks-1.prefetch-budget-12.rank-bfs_accept_first.cut-entropy4.0.samples20.maxnew1024.seed10086.subtreePrefetch.vllm.log,bfs_accept_first,12,149,2026-09-09 14:57:43,60.0,320.0,748.9,9,0,1.9,0.0
dataset-lcb_v6.model-qwen3.5-9b.alpha4.0.steps100.blocks-1.prefetch-budget-12.rank-bfs_accept_first.cut-entropy4.0.samples20.maxnew1024.seed10086.subtreePrefetch.vllm.log,bfs_accept_first,12,154,2026-09-09 14:57:53,70.0,310.6,762.2,9,0,2.0,0.0
dataset-lcb_v6.model-qwen3.5-9b.alpha4.0.steps100.blocks-1.prefetch-budget-12.rank-bfs_accept_first.cut-entropy4.0.samples20.maxnew1024.seed10086.subtreePrefetch.vllm.log,bfs_accept_first,12,159,2026-09-09 14:58:03,80.0,316.9,760.9,5,0,1.1,0.0
dataset-lcb_v6.model-qwen3.5-9b.alpha4.0.steps100.blocks-1.prefetch-budget-12.rank-bfs_accept_first.cut-entropy4.0.samples20.maxnew1024.seed10086.subtreePrefetch.vllm.log,bfs_accept_first,12,164,2026-09-09 14:58:13,90.0,349.4,866.9,8,0,1.7,0.0
dataset-lcb_v6.model-qwen3.5-9b.alpha4.0.steps100.blocks-1.prefetch-budget-12.rank-bfs_accept_first.cut-entropy4.0.samples20.maxnew1024.seed10086.subtreePrefetch.vllm.log,bfs_accept_first,12,169,2026-09-09 14:58:23,100.0,334.7,695.9,3,0,0.8,0.0
dataset-lcb_v6.model-qwen3.5-9b.alpha4.0.steps100.blocks-1.prefetch-budget-12.rank-bfs_accept_first.cut-entropy4.0.samples20.maxnew1024.seed10086.subtreePrefetch.vllm.log,bfs_accept_first,12,174,2026-09-09 14:58:33,110.0,319.3,622.4,1,0,0.3,0.0
dataset-lcb_v6.model-qwen3.5-9b.alpha4.0.steps100.blocks-1.prefetch-budget-12.rank-bfs_accept_first.cut-entropy4.0.samples20.maxnew1024.seed10086.subtreePrefetch.vllm.log,bfs_accept_first,12,183,2026-09-09 14:58:43,120.0,755.4,689.1,11,0,1.3,0.0
dataset-lcb_v6.model-qwen3.5-9b.alpha4.0.steps100.blocks-1.prefetch-budget-12.rank-bfs_accept_first.cut-entropy4.0.samples20.maxnew1024.seed10086.subtreePrefetch.vllm.log,bfs_accept_first,12,188,2026-09-09 14:58:53,130.0,371.7,837.0,9,0,1.5,0.0
dataset-lcb_v6.model-qwen3.5-9b.alpha4.0.steps100.blocks-1.prefetch-budget-12.rank-bfs_accept_first.cut-entropy4.0.samples20.maxnew1024.seed10086.subtreePrefetch.vllm.log,bfs_accept_first,12,193,2026-09-09 14:59:03,140.0,309.3,724.4,12,0,1.9,0.0
dataset-lcb_v6.model-qwen3.5-9b.alpha4.0.steps100.blocks-1.prefetch-budget-12.rank-bfs_accept_first.cut-entropy4.0.samples20.maxnew1024.seed10086.subtreePrefetch.vllm.log,bfs_accept_first,12,198,2026-09-09 14:59:13,150.0,332.7,832.9,11,0,1.8,0.0
dataset-lcb_v6.model-qwen3.5-9b.alpha4.0.steps100.blocks-1.prefetch-budget-12.rank-bfs_accept_first.cut-entropy4.0.samples20.maxnew1024.seed10086.subtreePrefetch.vllm.log,bfs_accept_first,12,203,2026-09-09 14:59:23,160.0,375.1,761.6,9,0,1.6,0.0
dataset-lcb_v6.model-qwen3.5-9b.alpha4.0.steps100.blocks-1.prefetch-budget-12.rank-bfs_accept_first.cut-entropy4.0.samples20.maxnew1024.seed10086.subtreePrefetch.vllm.log,bfs_accept_first,12,208,2026-09-09 14:59:33,170.0,323.0,578.4,10,0,1.6,0.0
dataset-lcb_v6.model-qwen3.5-9b.alpha4.0.steps100.blocks-1.prefetch-budget-12.rank-bfs_accept_first.cut-entropy4.0.samples20.maxnew1024.seed10086.subtreePrefetch.vllm.log,bfs_accept_first,12,213,2026-09-09 14:59:43,180.0,311.9,768.1,11,0,1.9,0.0
dataset-lcb_v6.model-qwen3.5-9b.alpha4.0.steps100.blocks-1.prefetch-budget-12.rank-bfs_accept_first.cut-entropy4.0.samples20.maxnew1024.seed10086.subtreePrefetch.vllm.log,bfs_accept_first,12,218,2026-09-09 14:59:53,190.0,336.5,750.3,10,0,1.6,0.0
dataset-lcb_v6.model-qwen3.5-9b.alpha4.0.steps100.blocks-1.prefetch-budget-12.rank-bfs_accept_first.cut-entropy4.0.samples20.maxnew1024.seed10086.subtreePrefetch.vllm.log,bfs_accept_first,12,223,2026-09-09 15:00:03,200.0,415.2,742.0,11,0,1.8,0.0
dataset-lcb_v6.model-qwen3.5-9b.alpha4.0.steps100.blocks-1.prefetch-budget-12.rank-bfs_accept_first.cut-entropy4.0.samples20.maxnew1024.seed10086.subtreePrefetch.vllm.log,bfs_accept_first,12,228,2026-09-09 15:00:13,210.0,264.9,901.9,5,0,1.0,0.0
dataset-lcb_v6.model-qwen3.5-9b.alpha4.0.steps100.blocks-1.prefetch-budget-12.rank-bfs_accept_first.cut-entropy4.0.samples20.maxnew1024.seed10086.subtreePrefetch.vllm.log,bfs_accept_first,12,233,2026-09-09 15:00:23,220.0,302.0,703.7,10,0,2.1,0.0
dataset-lcb_v6.model-qwen3.5-9b.alpha4.0.steps100.blocks-1.prefetch-budget-12.rank-bfs_accept_first.cut-entropy4.0.samples20.maxnew1024.seed10086.subtreePrefetch.vllm.log,bfs_accept_first,12,238,2026-09-09 15:00:33,230.0,258.0,821.6,7,0,1.5,0.0
dataset-lcb_v6.model-qwen3.5-9b.alpha4.0.steps100.blocks-1.prefetch-budget-12.rank-bfs_accept_first.cut-entropy4.0.samples20.maxnew1024.seed10086.subtreePrefetch.vllm.log,bfs_accept_first,12,381,2026-09-09 15:00:43,240.0,92.2,231.0,1,0,0.2,0.0
dataset-lcb_v6.model-qwen3.5-9b.alpha4.0.steps100.blocks-1.prefetch-budget-12.rank-bfs_accept_first.cut-entropy4.0.samples20.maxnew1024.seed10086.subtreePrefetch.vllm.log,bfs_accept_first,12,386,2026-09-09 15:00:53,250.0,265.7,449.8,12,0,1.7,0.0
dataset-lcb_v6.model-qwen3.5-9b.alpha4.0.steps100.blocks-1.prefetch-budget-12.rank-bfs_accept_first.cut-entropy4.0.samples20.maxnew1024.seed10086.subtreePrefetch.vllm.log,bfs_accept_first,12,391,2026-09-09 15:01:03,260.0,251.4,874.6,11,0,2.2,0.0
dataset-lcb_v6.model-qwen3.5-9b.alpha4.0.steps100.blocks-1.prefetch-budget-12.rank-bfs_accept_first.cut-entropy4.0.samples20.maxnew1024.seed10086.subtreePrefetch.vllm.log,bfs_accept_first,12,396,2026-09-09 15:01:13,270.0,302.9,924.6,11,0,2.5,0.0
dataset-lcb_v6.model-qwen3.5-9b.alpha4.0.steps100.blocks-1.prefetch-budget-12.rank-bfs_accept_first.cut-entropy4.0.samples20.maxnew1024.seed10086.subtreePrefetch.vllm.log,bfs_accept_first,12,401,2026-09-09 15:01:23,280.0,325.1,854.9,9,0,2.1,0.0
dataset-lcb_v6.model-qwen3.5-9b.alpha4.0.steps100.blocks-1.prefetch-budget-12.rank-bfs_accept_first.cut-entropy4.0.samples20.maxnew1024.seed10086.subtreePrefetch.vllm.log,bfs_accept_first,12,406,2026-09-09 15:01:33,290.0,353.4,829.7,8,0,2.2,0.0
dataset-lcb_v6.model-qwen3.5-9b.alpha4.0.steps100.blocks-1.prefetch-budget-12.rank-bfs_accept_first.cut-entropy4.0.samples20.maxnew1024.seed10086.subtreePrefetch.vllm.log,bfs_accept_first,12,411,2026-09-09 15:01:43,300.0,250.0,835.9,10,0,2.1,0.0
dataset-lcb_v6.model-qwen3.5-9b.alpha4.0.steps100.blocks-1.prefetch-budget-12.rank-bfs_accept_first.cut-entropy4.0.samples20.maxnew1024.seed10086.subtreePrefetch.vllm.log,bfs_accept_first,12,416,2026-09-09 15:01:53,310.0,421.6,828.1,9,0,2.5,0.0
dataset-lcb_v6.model-qwen3.5-9b.alpha4.0.steps100.blocks-1.prefetch-budget-12.rank-bfs_accept_first.cut-entropy4.0.samples20.maxnew1024.seed10086.subtreePrefetch.vllm.log,bfs_accept_first,12,421,2026-09-09 15:02:03,320.0,369.0,819.9,6,0,1.8,0.0
dataset-lcb_v6.model-qwen3.5-9b.alpha4.0.steps100.blocks-1.prefetch-budget-12.rank-bfs_accept_first.cut-entropy4.0.samples20.maxnew1024.seed10086.subtreePrefetch.vllm.log,bfs_accept_first,12,426,2026-09-09 15:02:13,330.0,337.8,819.3,7,0,1.9,0.0
dataset-lcb_v6.model-qwen3.5-9b.alpha4.0.steps100.blocks-1.prefetch-budget-12.rank-bfs_accept_first.cut-entropy4.0.samples20.maxnew1024.seed10086.subtreePrefetch.vllm.log,bfs_accept_first,12,431,2026-09-09 15:02:23,340.0,236.4,788.7,5,0,1.2,0.0
dataset-lcb_v6.model-qwen3.5-9b.alpha4.0.steps100.blocks-1.prefetch-budget-12.rank-bfs_accept_first.cut-entropy4.0.samples20.maxnew1024.seed10086.subtreePrefetch.vllm.log,bfs_accept_first,12,436,2026-09-09 15:02:33,350.0,466.6,912.3,8,0,2.4,0.0
dataset-lcb_v6.model-qwen3.5-9b.alpha4.0.steps100.blocks-1.prefetch-budget-12.rank-bfs_accept_first.cut-entropy4.0.samples20.maxnew1024.seed10086.subtreePrefetch.vllm.log,bfs_accept_first,12,441,2026-09-09 15:02:43,360.0,426.4,910.2,9,0,2.6,0.0
dataset-lcb_v6.model-qwen3.5-9b.alpha4.0.steps100.blocks-1.prefetch-budget-12.rank-bfs_accept_first.cut-entropy4.0.samples20.maxnew1024.seed10086.subtreePrefetch.vllm.log,bfs_accept_first,12,446,2026-09-09 15:02:53,370.0,249.7,828.4,4,0,1.2,0.0
dataset-lcb_v6.model-qwen3.5-9b.alpha4.0.steps100.blocks-1.prefetch-budget-12.rank-bfs_accept_first.cut-entropy4.0.samples20.maxnew1024.seed10086.subtreePrefetch.vllm.log,bfs_accept_first,12,451,2026-09-09 15:03:03,380.0,466.4,865.7,7,0,2.1,0.0
dataset-lcb_v6.model-qwen3.5-9b.alpha4.0.steps100.blocks-1.prefetch-budget-12.rank-bfs_accept_first.cut-entropy4.0.samples20.maxnew1024.seed10086.subtreePrefetch.vllm.log,bfs_accept_first,12,456,2026-09-09 15:03:13,390.0,481.4,897.1,7,0,2.1,0.0
dataset-lcb_v6.model-qwen3.5-9b.alpha4.0.steps100.blocks-1.prefetch-budget-12.rank-bfs_accept_first.cut-entropy4.0.samples20.maxnew1024.seed10086.subtreePrefetch.vllm.log,bfs_accept_first,12,461,2026-09-09 15:03:23,400.0,463.5,963.8,7,0,2.1,0.0
dataset-lcb_v6.model-qwen3.5-9b.alpha4.0.steps100.blocks-1.prefetch-budget-12.rank-bfs_accept_first.cut-entropy4.0.samples20.maxnew1024.seed10086.subtreePrefetch.vllm.log,bfs_accept_first,12,466,2026-09-09 15:03:33,410.0,459.7,958.4,7,0,2.1,0.0
dataset-lcb_v6.model-qwen3.5-9b.alpha4.0.steps100.blocks-1.prefetch-budget-12.rank-bfs_accept_first.cut-entropy4.0.samples20.maxnew1024.seed10086.subtreePrefetch.vllm.log,bfs_accept_first,12,471,2026-09-09 15:03:43,420.0,463.2,980.7,8,0,2.4,0.0
dataset-lcb_v6.model-qwen3.5-9b.alpha4.0.steps100.blocks-1.prefetch-budget-12.rank-bfs_accept_first.cut-entropy4.0.samples20.maxnew1024.seed10086.subtreePrefetch.vllm.log,bfs_accept_first,12,476,2026-09-09 15:03:53,430.0,414.8,833.5,6,0,1.8,0.0
dataset-lcb_v6.model-qwen3.5-9b.alpha4.0.steps100.blocks-1.prefetch-budget-12.rank-bfs_accept_first.cut-entropy4.0.samples20.maxnew1024.seed10086.subtreePrefetch.vllm.log,bfs_accept_first,12,481,2026-09-09 15:04:03,440.0,478.6,897.3,8,0,2.4,0.0
dataset-lcb_v6.model-qwen3.5-9b.alpha4.0.steps100.blocks-1.prefetch-budget-12.rank-bfs_accept_first.cut-entropy4.0.samples20.maxnew1024.seed10086.subtreePrefetch.vllm.log,bfs_accept_first,12,486,2026-09-09 15:04:13,450.0,305.9,832.0,5,0,1.5,0.0
dataset-lcb_v6.model-qwen3.5-9b.alpha4.0.steps100.blocks-1.prefetch-budget-12.rank-bfs_accept_first.cut-entropy4.0.samples20.maxnew1024.seed10086.subtreePrefetch.vllm.log,bfs_accept_first,12,491,2026-09-09 15:04:23,460.0,364.9,936.6,5,0,1.5,0.0
dataset-lcb_v6.model-qwen3.5-9b.alpha4.0.steps100.blocks-1.prefetch-budget-12.rank-bfs_accept_first.cut-entropy4.0.samples20.maxnew1024.seed10086.subtreePrefetch.vllm.log,bfs_accept_first,12,496,2026-09-09 15:04:33,470.0,295.1,801.1,5,0,1.5,0.0
dataset-lcb_v6.model-qwen3.5-9b.alpha4.0.steps100.blocks-1.prefetch-budget-12.rank-bfs_accept_first.cut-entropy4.0.samples20.maxnew1024.seed10086.subtreePrefetch.vllm.log,bfs_accept_first,12,661,2026-09-09 15:04:44,481.0,131.7,214.7,1,0,0.2,0.0
dataset-lcb_v6.model-qwen3.5-9b.alpha4.0.steps100.blocks-1.prefetch-budget-12.rank-bfs_accept_first.cut-entropy4.0.samples20.maxnew1024.seed10086.subtreePrefetch.vllm.log,bfs_accept_first,12,666,2026-09-09 15:04:54,491.0,409.5,280.9,8,0,1.2,0.0
dataset-lcb_v6.model-qwen3.5-9b.alpha4.0.steps100.blocks-1.prefetch-budget-12.rank-bfs_accept_first.cut-entropy4.0.samples20.maxnew1024.seed10086.subtreePrefetch.vllm.log,bfs_accept_first,12,671,2026-09-09 15:05:04,501.0,392.2,554.6,6,0,0.9,0.0
dataset-lcb_v6.model-qwen3.5-9b.alpha4.0.steps100.blocks-1.prefetch-budget-12.rank-bfs_accept_first.cut-entropy4.0.samples20.maxnew1024.seed10086.subtreePrefetch.vllm.log,bfs_accept_first,12,676,2026-09-09 15:05:14,511.0,426.5,479.3,2,0,0.5,0.0
dataset-lcb_v6.model-qwen3.5-9b.alpha4.0.steps100.blocks-1.prefetch-budget-12.rank-bfs_accept_first.cut-entropy4.0.samples20.maxnew1024.seed10086.subtreePrefetch.vllm.log,bfs_accept_first,12,681,2026-09-09 15:05:24,521.0,381.7,432.0,5,0,1.1,0.0
dataset-lcb_v6.model-qwen3.5-9b.alpha4.0.steps100.blocks-1.prefetch-budget-12.rank-bfs_accept_first.cut-entropy4.0.samples20.maxnew1024.seed10086.subtreePrefetch.vllm.log,bfs_accept_first,12,686,2026-09-09 15:05:34,531.0,215.0,764.7,9,0,2.0,0.0
dataset-lcb_v6.model-qwen3.5-9b.alpha4.0.steps100.blocks-1.prefetch-budget-12.rank-bfs_accept_first.cut-entropy4.0.samples20.maxnew1024.seed10086.subtreePrefetch.vllm.log,bfs_accept_first,12,691,2026-09-09 15:05:44,541.0,277.7,729.2,3,0,0.7,0.0
dataset-lcb_v6.model-qwen3.5-9b.alpha4.0.steps100.blocks-1.prefetch-budget-12.rank-bfs_accept_first.cut-entropy4.0.samples20.maxnew1024.seed10086.subtreePrefetch.vllm.log,bfs_accept_first,12,696,2026-09-09 15:05:54,551.0,290.2,767.9,9,0,2.1,0.0
dataset-lcb_v6.model-qwen3.5-9b.alpha4.0.steps100.blocks-1.prefetch-budget-12.rank-bfs_accept_first.cut-entropy4.0.samples20.maxnew1024.seed10086.subtreePrefetch.vllm.log,bfs_accept_first,12,701,2026-09-09 15:06:04,561.0,224.7,857.3,4,0,0.9,0.0
dataset-lcb_v6.model-qwen3.5-9b.alpha4.0.steps100.blocks-1.prefetch-budget-12.rank-bfs_accept_first.cut-entropy4.0.samples20.maxnew1024.seed10086.subtreePrefetch.vllm.log,bfs_accept_first,12,706,2026-09-09 15:06:14,571.0,238.4,806.1,8,0,1.8,0.0
dataset-lcb_v6.model-qwen3.5-9b.alpha4.0.steps100.blocks-1.prefetch-budget-12.rank-bfs_accept_first.cut-entropy4.0.samples20.maxnew1024.seed10086.subtreePrefetch.vllm.log,bfs_accept_first,12,711,2026-09-09 15:06:24,581.0,243.3,859.5,9,0,1.9,0.0
dataset-lcb_v6.model-qwen3.5-9b.alpha4.0.steps100.blocks-1.prefetch-budget-12.rank-bfs_accept_first.cut-entropy4.0.samples20.maxnew1024.seed10086.subtreePrefetch.vllm.log,bfs_accept_first,12,716,2026-09-09 15:06:34,591.0,287.5,931.0,9,0,1.9,0.0
dataset-lcb_v6.model-qwen3.5-9b.alpha4.0.steps100.blocks-1.prefetch-budget-12.rank-bfs_accept_first.cut-entropy4.0.samples20.maxnew1024.seed10086.subtreePrefetch.vllm.log,bfs_accept_first,12,721,2026-09-09 15:06:44,601.0,180.6,649.2,6,0,1.3,0.0
dataset-lcb_v6.model-qwen3.5-9b.alpha4.0.steps100.blocks-1.prefetch-budget-12.rank-bfs_accept_first.cut-entropy4.0.samples20.maxnew1024.seed10086.subtreePrefetch.vllm.log,bfs_accept_first,12,726,2026-09-09 15:06:54,611.0,243.2,869.1,8,0,1.7,0.0
dataset-lcb_v6.model-qwen3.5-9b.alpha4.0.steps100.blocks-1.prefetch-budget-12.rank-bfs_accept_first.cut-entropy4.0.samples20.maxnew1024.seed10086.subtreePrefetch.vllm.log,bfs_accept_first,12,731,2026-09-09 15:07:04,621.0,309.7,899.7,11,0,2.5,0.0
dataset-lcb_v6.model-qwen3.5-9b.alpha4.0.steps100.blocks-1.prefetch-budget-12.rank-bfs_accept_first.cut-entropy4.0.samples20.maxnew1024.seed10086.subtreePrefetch.vllm.log,bfs_accept_first,12,736,2026-09-09 15:07:14,631.0,235.4,968.7,11,0,2.3,0.0
dataset-lcb_v6.model-qwen3.5-9b.alpha4.0.steps100.blocks-1.prefetch-budget-12.rank-bfs_accept_first.cut-entropy4.0.samples20.maxnew1024.seed10086.subtreePrefetch.vllm.log,bfs_accept_first,12,741,2026-09-09 15:07:24,641.0,301.1,992.1,11,0,2.4,0.0
dataset-lcb_v6.model-qwen3.5-9b.alpha4.0.steps100.blocks-1.prefetch-budget-12.rank-bfs_accept_first.cut-entropy4.0.samples20.maxnew1024.seed10086.subtreePrefetch.vllm.log,bfs_accept_first,12,746,2026-09-09 15:07:34,651.0,225.8,954.8,11,0,2.3,0.0
dataset-lcb_v6.model-qwen3.5-9b.alpha4.0.steps100.blocks-1.prefetch-budget-12.rank-bfs_accept_first.cut-entropy4.0.samples20.maxnew1024.seed10086.subtreePrefetch.vllm.log,bfs_accept_first,12,751,2026-09-09 15:07:44,661.0,229.0,1039.7,12,0,2.5,0.0
dataset-lcb_v6.model-qwen3.5-9b.alpha4.0.steps100.blocks-1.prefetch-budget-12.rank-bfs_accept_first.cut-entropy4.0.samples20.maxnew1024.seed10086.subtreePrefetch.vllm.log,bfs_accept_first,12,756,2026-09-09 15:07:54,671.0,223.3,1018.6,12,0,2.5,0.0
dataset-lcb_v6.model-qwen3.5-9b.alpha4.0.steps100.blocks-1.prefetch-budget-12.rank-bfs_accept_first.cut-entropy4.0.samples20.maxnew1024.seed10086.subtreePrefetch.vllm.log,bfs_accept_first,12,761,2026-09-09 15:08:04,681.0,249.1,1007.7,12,0,2.5,0.0
dataset-lcb_v6.model-qwen3.5-9b.alpha4.0.steps100.blocks-1.prefetch-budget-12.rank-bfs_accept_first.cut-entropy4.0.samples20.maxnew1024.seed10086.subtreePrefetch.vllm.log,bfs_accept_first,12,766,2026-09-09 15:08:14,691.0,249.3,1034.4,9,0,1.9,0.0
dataset-lcb_v6.model-qwen3.5-9b.alpha4.0.steps100.blocks-1.prefetch-budget-12.rank-bfs_accept_first.cut-entropy4.0.samples20.maxnew1024.seed10086.subtreePrefetch.vllm.log,bfs_accept_first,12,771,2026-09-09 15:08:24,701.0,298.5,779.5,12,0,2.4,0.0
dataset-lcb_v6.model-qwen3.5-9b.alpha4.0.steps100.blocks-1.prefetch-budget-12.rank-bfs_accept_first.cut-entropy4.0.samples20.maxnew1024.seed10086.subtreePrefetch.vllm.log,bfs_accept_first,12,776,2026-09-09 15:08:34,711.0,243.8,932.1,12,0,1.8,0.0
dataset-lcb_v6.model-qwen3.5-9b.alpha4.0.steps100.blocks-1.prefetch-budget-12.rank-bfs_accept_first.cut-entropy4.0.samples20.maxnew1024.seed10086.subtreePrefetch.vllm.log,bfs_accept_first,12,781,2026-09-09 15:08:44,721.0,289.4,1016.4,11,0,1.7,0.0
dataset-lcb_v6.model-qwen3.5-9b.alpha4.0.steps100.blocks-1.prefetch-budget-12.rank-bfs_accept_first.cut-entropy4.0.samples20.maxnew1024.seed10086.subtreePrefetch.vllm.log,bfs_accept_first,12,786,2026-09-09 15:08:54,731.0,282.6,955.9,12,0,1.8,0.0
dataset-lcb_v6.model-qwen3.5-9b.alpha4.0.steps100.blocks-1.prefetch-budget-12.rank-bfs_accept_first.cut-entropy4.0.samples20.maxnew1024.seed10086.subtreePrefetch.vllm.log,bfs_accept_first,12,791,2026-09-09 15:09:04,741.0,63.0,744.9,2,0,0.5,0.0
dataset-lcb_v6.model-qwen3.5-9b.alpha4.0.steps100.blocks-1.prefetch-budget-12.rank-bfs_accept_first.cut-entropy4.0.samples20.maxnew1024.seed10086.subtreePrefetch.vllm.log,bfs_accept_first,12,912,2026-09-09 15:09:14,751.0,81.9,143.3,1,0,0.3,0.0
dataset-lcb_v6.model-qwen3.5-9b.alpha4.0.steps100.blocks-1.prefetch-budget-12.rank-bfs_accept_first.cut-entropy4.0.samples20.maxnew1024.seed10086.subtreePrefetch.vllm.log,bfs_accept_first,12,917,2026-09-09 15:09:24,761.0,200.9,545.9,8,0,1.8,0.0
dataset-lcb_v6.model-qwen3.5-9b.alpha4.0.steps100.blocks-1.prefetch-budget-12.rank-bfs_accept_first.cut-entropy4.0.samples20.maxnew1024.seed10086.subtreePrefetch.vllm.log,bfs_accept_first,12,922,2026-09-09 15:09:34,771.0,372.1,710.9,7,0,1.8,0.0
dataset-lcb_v6.model-qwen3.5-9b.alpha4.0.steps100.blocks-1.prefetch-budget-12.rank-bfs_accept_first.cut-entropy4.0.samples20.maxnew1024.seed10086.subtreePrefetch.vllm.log,bfs_accept_first,12,927,2026-09-09 15:09:44,781.0,430.6,771.2,7,0,2.0,0.0
dataset-lcb_v6.model-qwen3.5-9b.alpha4.0.steps100.blocks-1.prefetch-budget-12.rank-bfs_accept_first.cut-entropy4.0.samples20.maxnew1024.seed10086.subtreePrefetch.vllm.log,bfs_accept_first,12,932,2026-09-09 15:09:54,791.0,292.4,716.8,5,0,1.3,0.0
dataset-lcb_v6.model-qwen3.5-9b.alpha4.0.steps100.blocks-1.prefetch-budget-12.rank-bfs_accept_first.cut-entropy4.0.samples20.maxnew1024.seed10086.subtreePrefetch.vllm.log,bfs_accept_first,12,941,2026-09-09 15:10:04,801.0,732.1,775.2,12,0,1.4,0.0
dataset-lcb_v6.model-qwen3.5-9b.alpha4.0.steps100.blocks-1.prefetch-budget-12.rank-bfs_accept_first.cut-entropy4.0.samples20.maxnew1024.seed10086.subtreePrefetch.vllm.log,bfs_accept_first,12,942,2026-09-09 15:10:14,811.0,0.0,783.1,1,0,0.4,0.0
dataset-lcb_v6.model-qwen3.5-9b.alpha4.0.steps100.blocks-1.prefetch-budget-12.rank-bfs_accept_first.cut-entropy4.0.samples20.maxnew1024.seed10086.subtreePrefetch.vllm.log,bfs_accept_first,12,951,2026-09-09 15:10:24,821.0,643.2,582.9,12,0,1.7,0.0
dataset-lcb_v6.model-qwen3.5-9b.alpha4.0.steps100.blocks-1.prefetch-budget-12.rank-bfs_accept_first.cut-entropy4.0.samples20.maxnew1024.seed10086.subtreePrefetch.vllm.log,bfs_accept_first,12,956,2026-09-09 15:10:34,831.0,385.8,758.7,12,0,1.7,0.0
dataset-lcb_v6.model-qwen3.5-9b.alpha4.0.steps100.blocks-1.prefetch-budget-12.rank-bfs_accept_first.cut-entropy4.0.samples20.maxnew1024.seed10086.subtreePrefetch.vllm.log,bfs_accept_first,12,961,2026-09-09 15:10:44,841.0,361.9,727.2,12,0,1.8,0.0
dataset-lcb_v6.model-qwen3.5-9b.alpha4.0.steps100.blocks-1.prefetch-budget-12.rank-bfs_accept_first.cut-entropy4.0.samples20.maxnew1024.seed10086.subtreePrefetch.vllm.log,bfs_accept_first,12,966,2026-09-09 15:10:54,851.0,360.0,734.5,12,0,2.0,0.0
dataset-lcb_v6.model-qwen3.5-9b.alpha4.0.steps100.blocks-1.prefetch-budget-12.rank-bfs_accept_first.cut-entropy4.0.samples20.maxnew1024.seed10086.subtreePrefetch.vllm.log,bfs_accept_first,12,971,2026-09-09 15:11:04,861.0,281.8,747.2,9,0,1.6,0.0
dataset-lcb_v6.model-qwen3.5-9b.alpha4.0.steps100.blocks-1.prefetch-budget-12.rank-bfs_accept_first.cut-entropy4.0.samples20.maxnew1024.seed10086.subtreePrefetch.vllm.log,bfs_accept_first,12,976,2026-09-09 15:11:14,871.0,331.8,748.7,8,0,1.6,0.0
dataset-lcb_v6.model-qwen3.5-9b.alpha4.0.steps100.blocks-1.prefetch-budget-12.rank-bfs_accept_first.cut-entropy4.0.samples20.maxnew1024.seed10086.subtreePrefetch.vllm.log,bfs_accept_first,12,981,2026-09-09 15:11:24,881.0,316.2,606.2,6,0,1.3,0.0
dataset-lcb_v6.model-qwen3.5-9b.alpha4.0.steps100.blocks-1.prefetch-budget-12.rank-bfs_accept_first.cut-entropy4.0.samples20.maxnew1024.seed10086.subtreePrefetch.vllm.log,bfs_accept_first,12,986,2026-09-09 15:11:34,891.0,302.8,481.7,5,0,1.2,0.0
dataset-lcb_v6.model-qwen3.5-9b.alpha4.0.steps100.blocks-1.prefetch-budget-12.rank-bfs_accept_first.cut-entropy4.0.samples20.maxnew1024.seed10086.subtreePrefetch.vllm.log,bfs_accept_first,12,991,2026-09-09 15:11:44,901.0,321.0,576.5,10,0,2.0,0.0
dataset-lcb_v6.model-qwen3.5-9b.alpha4.0.steps100.blocks-1.prefetch-budget-12.rank-bfs_accept_first.cut-entropy4.0.samples20.maxnew1024.seed10086.subtreePrefetch.vllm.log,bfs_accept_first,12,996,2026-09-09 15:11:54,911.0,258.1,582.4,3,0,0.6,0.0
dataset-lcb_v6.model-qwen3.5-9b.alpha4.0.steps100.blocks-1.prefetch-budget-12.rank-bfs_accept_first.cut-entropy4.0.samples20.maxnew1024.seed10086.subtreePrefetch.vllm.log,bfs_accept_first,12,1001,2026-09-09 15:12:04,921.0,326.7,641.1,9,0,2.0,0.0
dataset-lcb_v6.model-qwen3.5-9b.alpha4.0.steps100.blocks-1.prefetch-budget-12.rank-bfs_accept_first.cut-entropy4.0.samples20.maxnew1024.seed10086.subtreePrefetch.vllm.log,bfs_accept_first,12,1006,2026-09-09 15:12:14,931.0,384.9,709.2,7,0,1.5,0.0
dataset-lcb_v6.model-qwen3.5-9b.alpha4.0.steps100.blocks-1.prefetch-budget-12.rank-bfs_accept_first.cut-entropy4.0.samples20.maxnew1024.seed10086.subtreePrefetch.vllm.log,bfs_accept_first,12,1011,2026-09-09 15:12:24,941.0,326.8,857.5,10,0,2.3,0.0
dataset-lcb_v6.model-qwen3.5-9b.alpha4.0.steps100.blocks-1.prefetch-budget-12.rank-bfs_accept_first.cut-entropy4.0.samples20.maxnew1024.seed10086.subtreePrefetch.vllm.log,bfs_accept_first,12,1016,2026-09-09 15:12:34,951.0,260.6,718.9,5,0,1.2,0.0
dataset-lcb_v6.model-qwen3.5-9b.alpha4.0.steps100.blocks-1.prefetch-budget-12.rank-bfs_accept_first.cut-entropy4.0.samples20.maxnew1024.seed10086.subtreePrefetch.vllm.log,bfs_accept_first,12,1021,2026-09-09 15:12:44,961.0,333.1,600.5,4,0,1.3,0.0
dataset-lcb_v6.model-qwen3.5-9b.alpha4.0.steps100.blocks-1.prefetch-budget-12.rank-bfs_accept_first.cut-entropy4.0.samples20.maxnew1024.seed10086.subtreePrefetch.vllm.log,bfs_accept_first,12,1026,2026-09-09 15:12:54,971.0,388.1,745.5,3,0,1.0,0.0
dataset-lcb_v6.model-qwen3.5-9b.alpha4.0.steps100.blocks-1.prefetch-budget-12.rank-bfs_accept_first.cut-entropy4.0.samples20.maxnew1024.seed10086.subtreePrefetch.vllm.log,bfs_accept_first,12,1035,2026-09-09 15:13:04,981.0,529.4,554.0,12,0,1.5,0.0
dataset-lcb_v6.model-qwen3.5-9b.alpha4.0.steps100.blocks-1.prefetch-budget-12.rank-bfs_accept_first.cut-entropy4.0.samples20.maxnew1024.seed10086.subtreePrefetch.vllm.log,bfs_accept_first,12,1040,2026-09-09 15:13:14,991.0,248.2,585.4,12,0,1.5,0.0
dataset-lcb_v6.model-qwen3.5-9b.alpha4.0.steps100.blocks-1.prefetch-budget-12.rank-bfs_accept_first.cut-entropy4.0.samples20.maxnew1024.seed10086.subtreePrefetch.vllm.log,bfs_accept_first,12,1045,2026-09-09 15:13:24,1001.0,139.9,485.0,3,0,0.7,0.0
dataset-lcb_v6.model-qwen3.5-9b.alpha4.0.steps100.blocks-1.prefetch-budget-12.rank-bfs_accept_first.cut-entropy4.0.samples20.maxnew1024.seed10086.subtreePrefetch.vllm.log,bfs_accept_first,12,1171,2026-09-09 15:13:34,1011.0,81.3,133.6,1,0,0.4,0.0
dataset-lcb_v6.model-qwen3.5-9b.alpha4.0.steps100.blocks-1.prefetch-budget-12.rank-bfs_accept_first.cut-entropy4.0.samples20.maxnew1024.seed10086.subtreePrefetch.vllm.log,bfs_accept_first,12,1180,2026-09-09 15:13:44,1021.0,489.7,701.1,12,0,1.6,0.0
dataset-lcb_v6.model-qwen3.5-9b.alpha4.0.steps100.blocks-1.prefetch-budget-12.rank-bfs_accept_first.cut-entropy4.0.samples20.maxnew1024.seed10086.subtreePrefetch.vllm.log,bfs_accept_first,12,1185,2026-09-09 15:13:54,1031.0,228.9,678.5,10,0,1.5,0.0
dataset-lcb_v6.model-qwen3.5-9b.alpha4.0.steps100.blocks-1.prefetch-budget-12.rank-bfs_accept_first.cut-entropy4.0.samples20.maxnew1024.seed10086.subtreePrefetch.vllm.log,bfs_accept_first,12,1190,2026-09-09 15:14:04,1041.0,217.0,805.2,10,0,1.4,0.0
dataset-lcb_v6.model-qwen3.5-9b.alpha4.0.steps100.blocks-1.prefetch-budget-12.rank-bfs_accept_first.cut-entropy4.0.samples20.maxnew1024.seed10086.subtreePrefetch.vllm.log,bfs_accept_first,12,1195,2026-09-09 15:14:14,1051.0,325.3,753.4,7,0,1.6,0.0
dataset-lcb_v6.model-qwen3.5-9b.alpha4.0.steps100.blocks-1.prefetch-budget-12.rank-bfs_accept_first.cut-entropy4.0.samples20.maxnew1024.seed10086.subtreePrefetch.vllm.log,bfs_accept_first,12,1200,2026-09-09 15:14:24,1061.0,285.2,695.0,5,0,1.1,0.0
dataset-lcb_v6.model-qwen3.5-9b.alpha4.0.steps100.blocks-1.prefetch-budget-12.rank-bfs_accept_first.cut-entropy4.0.samples20.maxnew1024.seed10086.subtreePrefetch.vllm.log,bfs_accept_first,12,1205,2026-09-09 15:14:34,1071.0,168.1,836.6,1,0,0.4,0.0
dataset-lcb_v6.model-qwen3.5-9b.alpha4.0.steps100.blocks-1.prefetch-budget-12.rank-bfs_accept_first.cut-entropy4.0.samples20.maxnew1024.seed10086.subtreePrefetch.vllm.log,bfs_accept_first,12,1214,2026-09-09 15:14:44,1081.0,386.5,891.8,12,0,1.6,0.0
dataset-lcb_v6.model-qwen3.5-9b.alpha4.0.steps100.blocks-1.prefetch-budget-12.rank-bfs_accept_first.cut-entropy4.0.samples20.maxnew1024.seed10086.subtreePrefetch.vllm.log,bfs_accept_first,12,1219,2026-09-09 15:14:54,1091.0,243.9,897.8,10,0,1.4,0.0
dataset-lcb_v6.model-qwen3.5-9b.alpha4.0.steps100.blocks-1.prefetch-budget-12.rank-bfs_accept_first.cut-entropy4.0.samples20.maxnew1024.seed10086.subtreePrefetch.vllm.log,bfs_accept_first,12,1224,2026-09-09 15:15:04,1101.0,309.8,753.9,12,0,1.8,0.0
dataset-lcb_v6.model-qwen3.5-9b.alpha4.0.steps100.blocks-1.prefetch-budget-12.rank-bfs_accept_first.cut-entropy4.0.samples20.maxnew1024.seed10086.subtreePrefetch.vllm.log,bfs_accept_first,12,1229,2026-09-09 15:15:14,1111.0,179.3,840.4,11,0,1.2,0.0
dataset-lcb_v6.model-qwen3.5-9b.alpha4.0.steps100.blocks-1.prefetch-budget-12.rank-bfs_accept_first.cut-entropy4.0.samples20.maxnew1024.seed10086.subtreePrefetch.vllm.log,bfs_accept_first,12,1234,2026-09-09 15:15:24,1121.0,189.5,933.0,10,0,1.5,0.0
dataset-lcb_v6.model-qwen3.5-9b.alpha4.0.steps100.blocks-1.prefetch-budget-12.rank-bfs_accept_first.cut-entropy4.0.samples20.maxnew1024.seed10086.subtreePrefetch.vllm.log,bfs_accept_first,12,1239,2026-09-09 15:15:34,1131.0,296.1,824.4,8,0,1.6,0.0
dataset-lcb_v6.model-qwen3.5-9b.alpha4.0.steps100.blocks-1.prefetch-budget-12.rank-bfs_accept_first.cut-entropy4.0.samples20.maxnew1024.seed10086.subtreePrefetch.vllm.log,bfs_accept_first,12,1244,2026-09-09 15:15:44,1141.0,185.5,666.5,8,0,1.5,0.0
dataset-lcb_v6.model-qwen3.5-9b.alpha4.0.steps100.blocks-1.prefetch-budget-12.rank-bfs_accept_first.cut-entropy4.0.samples20.maxnew1024.seed10086.subtreePrefetch.vllm.log,bfs_accept_first,12,1249,2026-09-09 15:15:54,1151.0,288.3,699.1,8,0,2.0,0.0
dataset-lcb_v6.model-qwen3.5-9b.alpha4.0.steps100.blocks-1.prefetch-budget-12.rank-bfs_accept_first.cut-entropy4.0.samples20.maxnew1024.seed10086.subtreePrefetch.vllm.log,bfs_accept_first,12,1254,2026-09-09 15:16:04,1161.0,241.5,865.8,10,0,2.3,0.0
dataset-lcb_v6.model-qwen3.5-9b.alpha4.0.steps100.blocks-1.prefetch-budget-12.rank-bfs_accept_first.cut-entropy4.0.samples20.maxnew1024.seed10086.subtreePrefetch.vllm.log,bfs_accept_first,12,1259,2026-09-09 15:16:14,1171.0,393.3,823.6,9,0,2.1,0.0
dataset-lcb_v6.model-qwen3.5-9b.alpha4.0.steps100.blocks-1.prefetch-budget-12.rank-bfs_accept_first.cut-entropy4.0.samples20.maxnew1024.seed10086.subtreePrefetch.vllm.log,bfs_accept_first,12,1264,2026-09-09 15:16:24,1181.0,177.7,885.0,11,0,2.5,0.0
dataset-lcb_v6.model-qwen3.5-9b.alpha4.0.steps100.blocks-1.prefetch-budget-12.rank-bfs_accept_first.cut-entropy4.0.samples20.maxnew1024.seed10086.subtreePrefetch.vllm.log,bfs_accept_first,12,1269,2026-09-09 15:16:34,1191.0,233.8,955.5,7,0,1.8,0.0
dataset-lcb_v6.model-qwen3.5-9b.alpha4.0.steps100.blocks-1.prefetch-budget-12.rank-bfs_accept_first.cut-entropy4.0.samples20.maxnew1024.seed10086.subtreePrefetch.vllm.log,bfs_accept_first,12,1274,2026-09-09 15:16:44,1201.0,247.2,747.9,2,0,0.7,0.0
dataset-lcb_v6.model-qwen3.5-9b.alpha4.0.steps100.blocks-1.prefetch-budget-12.rank-bfs_accept_first.cut-entropy4.0.samples20.maxnew1024.seed10086.subtreePrefetch.vllm.log,bfs_accept_first,12,1283,2026-09-09 15:16:54,1211.0,538.1,789.9,12,0,1.4,0.0
dataset-lcb_v6.model-qwen3.5-9b.alpha4.0.steps100.blocks-1.prefetch-budget-12.rank-bfs_accept_first.cut-entropy4.0.samples20.maxnew1024.seed10086.subtreePrefetch.vllm.log,bfs_accept_first,12,1288,2026-09-09 15:17:04,1221.0,37.5,907.2,6,0,0.8,0.0
dataset-lcb_v6.model-qwen3.5-9b.alpha4.0.steps100.blocks-1.prefetch-budget-12.rank-bfs_accept_first.cut-entropy4.0.samples20.maxnew1024.seed10086.subtreePrefetch.vllm.log,bfs_accept_first,12,1435,2026-09-09 15:17:14,1231.0,35.4,282.1,1,0,0.2,0.0
dataset-lcb_v6.model-qwen3.5-9b.alpha4.0.steps100.blocks-1.prefetch-budget-12.rank-bfs_accept_first.cut-entropy4.0.samples20.maxnew1024.seed10086.subtreePrefetch.vllm.log,bfs_accept_first,12,1440,2026-09-09 15:17:24,1241.0,298.0,491.2,7,0,1.5,0.0
dataset-lcb_v6.model-qwen3.5-9b.alpha4.0.steps100.blocks-1.prefetch-budget-12.rank-bfs_accept_first.cut-entropy4.0.samples20.maxnew1024.seed10086.subtreePrefetch.vllm.log,bfs_accept_first,12,1445,2026-09-09 15:17:34,1251.0,339.8,703.8,7,0,1.7,0.0
dataset-lcb_v6.model-qwen3.5-9b.alpha4.0.steps100.blocks-1.prefetch-budget-12.rank-bfs_accept_first.cut-entropy4.0.samples20.maxnew1024.seed10086.subtreePrefetch.vllm.log,bfs_accept_first,12,1450,2026-09-09 15:17:44,1261.0,289.5,812.4,8,0,1.9,0.0
dataset-lcb_v6.model-qwen3.5-9b.alpha4.0.steps100.blocks-1.prefetch-budget-12.rank-bfs_accept_first.cut-entropy4.0.samples20.maxnew1024.seed10086.subtreePrefetch.vllm.log,bfs_accept_first,12,1455,2026-09-09 15:17:54,1271.0,341.5,724.1,5,0,1.3,0.0
dataset-lcb_v6.model-qwen3.5-9b.alpha4.0.steps100.blocks-1.prefetch-budget-12.rank-bfs_accept_first.cut-entropy4.0.samples20.maxnew1024.seed10086.subtreePrefetch.vllm.log,bfs_accept_first,12,1460,2026-09-09 15:18:04,1281.0,281.4,819.4,7,0,1.6,0.0
dataset-lcb_v6.model-qwen3.5-9b.alpha4.0.steps100.blocks-1.prefetch-budget-12.rank-bfs_accept_first.cut-entropy4.0.samples20.maxnew1024.seed10086.subtreePrefetch.vllm.log,bfs_accept_first,12,1465,2026-09-09 15:18:14,1291.0,296.6,810.4,4,0,1.1,0.0
dataset-lcb_v6.model-qwen3.5-9b.alpha4.0.steps100.blocks-1.prefetch-budget-12.rank-bfs_accept_first.cut-entropy4.0.samples20.maxnew1024.seed10086.subtreePrefetch.vllm.log,bfs_accept_first,12,1470,2026-09-09 15:18:24,1301.0,220.6,765.5,4,0,0.9,0.0
dataset-lcb_v6.model-qwen3.5-9b.alpha4.0.steps100.blocks-1.prefetch-budget-12.rank-bfs_accept_first.cut-entropy4.0.samples20.maxnew1024.seed10086.subtreePrefetch.vllm.log,bfs_accept_first,12,1475,2026-09-09 15:18:34,1311.0,336.9,763.6,2,0,0.6,0.0
dataset-lcb_v6.model-qwen3.5-9b.alpha4.0.steps100.blocks-1.prefetch-budget-12.rank-bfs_accept_first.cut-entropy4.0.samples20.maxnew1024.seed10086.subtreePrefetch.vllm.log,bfs_accept_first,12,1480,2026-09-09 15:18:44,1321.0,221.4,857.4,1,0,0.3,0.0
dataset-lcb_v6.model-qwen3.5-9b.alpha4.0.steps100.blocks-1.prefetch-budget-12.rank-bfs_accept_first.cut-entropy4.0.samples20.maxnew1024.seed10086.subtreePrefetch.vllm.log,bfs_accept_first,12,1485,2026-09-09 15:18:54,1331.0,296.7,834.6,2,0,0.6,0.0
dataset-lcb_v6.model-qwen3.5-9b.alpha4.0.steps100.blocks-1.prefetch-budget-12.rank-bfs_accept_first.cut-entropy4.0.samples20.maxnew1024.seed10086.subtreePrefetch.vllm.log,bfs_accept_first,12,1494,2026-09-09 15:19:04,1341.0,496.7,850.5,12,0,1.4,0.0
dataset-lcb_v6.model-qwen3.5-9b.alpha4.0.steps100.blocks-1.prefetch-budget-12.rank-bfs_accept_first.cut-entropy4.0.samples20.maxnew1024.seed10086.subtreePrefetch.vllm.log,bfs_accept_first,12,1499,2026-09-09 15:19:14,1351.0,305.3,743.5,11,0,1.4,0.0
dataset-lcb_v6.model-qwen3.5-9b.alpha4.0.steps100.blocks-1.prefetch-budget-12.rank-bfs_accept_first.cut-entropy4.0.samples20.maxnew1024.seed10086.subtreePrefetch.vllm.log,bfs_accept_first,12,1504,2026-09-09 15:19:24,1361.0,234.3,789.1,12,0,1.3,0.0
dataset-lcb_v6.model-qwen3.5-9b.alpha4.0.steps100.blocks-1.prefetch-budget-12.rank-bfs_accept_first.cut-entropy4.0.samples20.maxnew1024.seed10086.subtreePrefetch.vllm.log,bfs_accept_first,12,1509,2026-09-09 15:19:34,1371.0,231.6,925.5,11,0,1.3,0.0
dataset-lcb_v6.model-qwen3.5-9b.alpha4.0.steps100.blocks-1.prefetch-budget-12.rank-bfs_accept_first.cut-entropy4.0.samples20.maxnew1024.seed10086.subtreePrefetch.vllm.log,bfs_accept_first,12,1514,2026-09-09 15:19:44,1381.0,243.2,771.8,10,0,1.4,0.0
dataset-lcb_v6.model-qwen3.5-9b.alpha4.0.steps100.blocks-1.prefetch-budget-12.rank-bfs_accept_first.cut-entropy4.0.samples20.maxnew1024.seed10086.subtreePrefetch.vllm.log,bfs_accept_first,12,1519,2026-09-09 15:19:54,1391.0,300.5,868.2,12,0,1.9,0.0
dataset-lcb_v6.model-qwen3.5-9b.alpha4.0.steps100.blocks-1.prefetch-budget-12.rank-bfs_accept_first.cut-entropy4.0.samples20.maxnew1024.seed10086.subtreePrefetch.vllm.log,bfs_accept_first,12,1524,2026-09-09 15:20:04,1401.0,262.6,830.8,11,0,1.6,0.0
dataset-lcb_v6.model-qwen3.5-9b.alpha4.0.steps100.blocks-1.prefetch-budget-12.rank-bfs_accept_first.cut-entropy4.0.samples20.maxnew1024.seed10086.subtreePrefetch.vllm.log,bfs_accept_first,12,1529,2026-09-09 15:20:14,1411.0,272.2,860.3,10,0,1.8,0.0
dataset-lcb_v6.model-qwen3.5-9b.alpha4.0.steps100.blocks-1.prefetch-budget-12.rank-bfs_accept_first.cut-entropy4.0.samples20.maxnew1024.seed10086.subtreePrefetch.vllm.log,bfs_accept_first,12,1534,2026-09-09 15:20:24,1421.0,326.7,828.4,10,0,1.8,0.0
dataset-lcb_v6.model-qwen3.5-9b.alpha4.0.steps100.blocks-1.prefetch-budget-12.rank-bfs_accept_first.cut-entropy4.0.samples20.maxnew1024.seed10086.subtreePrefetch.vllm.log,bfs_accept_first,12,1539,2026-09-09 15:20:34,1431.0,255.7,731.3,4,0,0.9,0.0
dataset-lcb_v6.model-qwen3.5-9b.alpha4.0.steps100.blocks-1.prefetch-budget-12.rank-bfs_accept_first.cut-entropy4.0.samples20.maxnew1024.seed10086.subtreePrefetch.vllm.log,bfs_accept_first,12,1544,2026-09-09 15:20:44,1441.0,277.5,805.9,9,0,2.1,0.0
dataset-lcb_v6.model-qwen3.5-9b.alpha4.0.steps100.blocks-1.prefetch-budget-12.rank-bfs_accept_first.cut-entropy4.0.samples20.maxnew1024.seed10086.subtreePrefetch.vllm.log,bfs_accept_first,12,1553,2026-09-09 15:20:54,1451.0,105.7,251.9,1,0,0.1,0.0
dataset-lcb_v6.model-qwen3.5-9b.alpha4.0.steps100.blocks-1.prefetch-budget-12.rank-bfs_accept_first.cut-entropy4.0.samples20.maxnew1024.seed10086.subtreePrefetch.vllm.log,bfs_accept_first,12,1676,2026-09-09 15:21:04,1461.0,93.4,114.5,1,0,0.3,0.0
dataset-lcb_v6.model-qwen3.5-9b.alpha4.0.steps100.blocks-1.prefetch-budget-12.rank-bfs_accept_first.cut-entropy4.0.samples20.maxnew1024.seed10086.subtreePrefetch.vllm.log,bfs_accept_first,12,1681,2026-09-09 15:21:14,1471.0,356.5,472.2,11,0,2.1,0.0
dataset-lcb_v6.model-qwen3.5-9b.alpha4.0.steps100.blocks-1.prefetch-budget-12.rank-bfs_accept_first.cut-entropy4.0.samples20.maxnew1024.seed10086.subtreePrefetch.vllm.log,bfs_accept_first,12,1686,2026-09-09 15:21:24,1481.0,429.1,726.4,10,0,2.1,0.0
dataset-lcb_v6.model-qwen3.5-9b.alpha4.0.steps100.blocks-1.prefetch-budget-12.rank-bfs_accept_first.cut-entropy4.0.samples20.maxnew1024.seed10086.subtreePrefetch.vllm.log,bfs_accept_first,12,1691,2026-09-09 15:21:34,1491.0,315.0,746.0,9,0,1.7,0.0
dataset-lcb_v6.model-qwen3.5-9b.alpha4.0.steps100.blocks-1.prefetch-budget-12.rank-bfs_accept_first.cut-entropy4.0.samples20.maxnew1024.seed10086.subtreePrefetch.vllm.log,bfs_accept_first,12,1696,2026-09-09 15:21:44,1501.0,311.2,751.6,9,0,1.8,0.0
dataset-lcb_v6.model-qwen3.5-9b.alpha4.0.steps100.blocks-1.prefetch-budget-12.rank-bfs_accept_first.cut-entropy4.0.samples20.maxnew1024.seed10086.subtreePrefetch.vllm.log,bfs_accept_first,12,1701,2026-09-09 15:21:54,1511.0,392.9,692.4,5,0,1.2,0.0
dataset-lcb_v6.model-qwen3.5-9b.alpha4.0.steps100.blocks-1.prefetch-budget-12.rank-bfs_accept_first.cut-entropy4.0.samples20.maxnew1024.seed10086.subtreePrefetch.vllm.log,bfs_accept_first,12,1706,2026-09-09 15:22:04,1521.0,326.9,652.2,5,0,1.2,0.0
dataset-lcb_v6.model-qwen3.5-9b.alpha4.0.steps100.blocks-1.prefetch-budget-12.rank-bfs_accept_first.cut-entropy4.0.samples20.maxnew1024.seed10086.subtreePrefetch.vllm.log,bfs_accept_first,12,1711,2026-09-09 15:22:14,1531.0,437.5,735.4,6,0,1.4,0.0
dataset-lcb_v6.model-qwen3.5-9b.alpha4.0.steps100.blocks-1.prefetch-budget-12.rank-bfs_accept_first.cut-entropy4.0.samples20.maxnew1024.seed10086.subtreePrefetch.vllm.log,bfs_accept_first,12,1716,2026-09-09 15:22:24,1541.0,387.9,707.3,9,0,2.0,0.0
dataset-lcb_v6.model-qwen3.5-9b.alpha4.0.steps100.blocks-1.prefetch-budget-12.rank-bfs_accept_first.cut-entropy4.0.samples20.maxnew1024.seed10086.subtreePrefetch.vllm.log,bfs_accept_first,12,1721,2026-09-09 15:22:34,1551.0,284.7,810.6,8,0,1.8,0.0
dataset-lcb_v6.model-qwen3.5-9b.alpha4.0.steps100.blocks-1.prefetch-budget-12.rank-bfs_accept_first.cut-entropy4.0.samples20.maxnew1024.seed10086.subtreePrefetch.vllm.log,bfs_accept_first,12,1726,2026-09-09 15:22:44,1561.0,383.3,825.3,10,0,2.2,0.0
dataset-lcb_v6.model-qwen3.5-9b.alpha4.0.steps100.blocks-1.prefetch-budget-12.rank-bfs_accept_first.cut-entropy4.0.samples20.maxnew1024.seed10086.subtreePrefetch.vllm.log,bfs_accept_first,12,1731,2026-09-09 15:22:54,1571.0,346.0,726.0,3,0,0.7,0.0
dataset-lcb_v6.model-qwen3.5-9b.alpha4.0.steps100.blocks-1.prefetch-budget-12.rank-bfs_accept_first.cut-entropy4.0.samples20.maxnew1024.seed10086.subtreePrefetch.vllm.log,bfs_accept_first,12,1736,2026-09-09 15:23:04,1581.0,392.0,748.7,3,0,1.0,0.0
dataset-lcb_v6.model-qwen3.5-9b.alpha4.0.steps100.blocks-1.prefetch-budget-12.rank-bfs_accept_first.cut-entropy4.0.samples20.maxnew1024.seed10086.subtreePrefetch.vllm.log,bfs_accept_first,12,1741,2026-09-09 15:23:14,1591.0,407.4,793.5,5,0,1.6,0.0
dataset-lcb_v6.model-qwen3.5-9b.alpha4.0.steps100.blocks-1.prefetch-budget-12.rank-bfs_accept_first.cut-entropy4.0.samples20.maxnew1024.seed10086.subtreePrefetch.vllm.log,bfs_accept_first,12,1746,2026-09-09 15:23:24,1601.0,354.4,912.2,5,0,1.6,0.0
dataset-lcb_v6.model-qwen3.5-9b.alpha4.0.steps100.blocks-1.prefetch-budget-12.rank-bfs_accept_first.cut-entropy4.0.samples20.maxnew1024.seed10086.subtreePrefetch.vllm.log,bfs_accept_first,12,1751,2026-09-09 15:23:34,1611.0,332.0,574.6,1,0,0.4,0.0
dataset-lcb_v6.model-qwen3.5-9b.alpha4.0.steps100.blocks-1.prefetch-budget-12.rank-bfs_accept_first.cut-entropy4.0.samples20.maxnew1024.seed10086.subtreePrefetch.vllm.log,bfs_accept_first,12,1756,2026-09-09 15:23:44,1621.0,390.7,766.4,4,0,1.3,0.0
dataset-lcb_v6.model-qwen3.5-9b.alpha4.0.steps100.blocks-1.prefetch-budget-12.rank-bfs_accept_first.cut-entropy4.0.samples20.maxnew1024.seed10086.subtreePrefetch.vllm.log,bfs_accept_first,12,1761,2026-09-09 15:23:54,1631.0,398.5,794.7,3,0,1.0,0.0
dataset-lcb_v6.model-qwen3.5-9b.alpha4.0.steps100.blocks-1.prefetch-budget-12.rank-bfs_accept_first.cut-entropy4.0.samples20.maxnew1024.seed10086.subtreePrefetch.vllm.log,bfs_accept_first,12,1766,2026-09-09 15:24:04,1641.0,286.8,611.3,2,0,0.7,0.0
dataset-lcb_v6.model-qwen3.5-9b.alpha4.0.steps100.blocks-1.prefetch-budget-12.rank-bfs_accept_first.cut-entropy4.0.samples20.maxnew1024.seed10086.subtreePrefetch.vllm.log,bfs_accept_first,12,1771,2026-09-09 15:24:14,1651.0,348.2,589.4,1,0,0.4,0.0
dataset-lcb_v6.model-qwen3.5-9b.alpha4.0.steps100.blocks-1.prefetch-budget-12.rank-bfs_accept_first.cut-entropy4.0.samples20.maxnew1024.seed10086.subtreePrefetch.vllm.log,bfs_accept_first,12,1780,2026-09-09 15:24:24,1661.0,622.1,731.3,12,0,1.5,0.0
dataset-lcb_v6.model-qwen3.5-9b.alpha4.0.steps100.blocks-1.prefetch-budget-12.rank-bfs_accept_first.cut-entropy4.0.samples20.maxnew1024.seed10086.subtreePrefetch.vllm.log,bfs_accept_first,12,1785,2026-09-09 15:24:34,1671.0,344.4,767.4,12,0,1.5,0.0
dataset-lcb_v6.model-qwen3.5-9b.alpha4.0.steps100.blocks-1.prefetch-budget-12.rank-bfs_accept_first.cut-entropy4.0.samples20.maxnew1024.seed10086.subtreePrefetch.vllm.log,bfs_accept_first,12,1790,2026-09-09 15:24:44,1681.0,349.3,717.1,12,0,1.7,0.0
dataset-lcb_v6.model-qwen3.5-9b.alpha4.0.steps100.blocks-1.prefetch-budget-12.rank-bfs_accept_first.cut-entropy4.0.samples20.maxnew1024.seed10086.subtreePrefetch.vllm.log,bfs_accept_first,12,1795,2026-09-09 15:24:54,1691.0,307.5,755.6,12,0,1.8,0.0
dataset-lcb_v6.model-qwen3.5-9b.alpha4.0.steps100.blocks-1.prefetch-budget-12.rank-bfs_accept_first.cut-entropy4.0.samples20.maxnew1024.seed10086.subtreePrefetch.vllm.log,bfs_accept_first,12,1800,2026-09-09 15:25:04,1701.0,204.4,789.2,12,0,1.6,0.0
dataset-lcb_v6.model-qwen3.5-9b.alpha4.0.steps100.blocks-1.prefetch-budget-12.rank-bfs_accept_first.cut-entropy4.0.samples20.maxnew1024.seed10086.subtreePrefetch.vllm.log,bfs_accept_first,12,1805,2026-09-09 15:25:14,1711.0,308.3,771.8,11,0,1.8,0.0
dataset-lcb_v6.model-qwen3.5-9b.alpha4.0.steps100.blocks-1.prefetch-budget-12.rank-bfs_accept_first.cut-entropy4.0.samples20.maxnew1024.seed10086.subtreePrefetch.vllm.log,bfs_accept_first,12,1810,2026-09-09 15:25:24,1721.0,62.4,702.2,4,0,0.5,0.0
dataset-lcb_v6.model-qwen3.5-9b.alpha4.0.steps100.blocks-1.prefetch-budget-12.rank-bfs_accept_first.cut-entropy4.0.samples20.maxnew1024.seed10086.subtreePrefetch.vllm.log,bfs_accept_first,12,1912,2026-09-09 15:25:34,1731.0,57.0,276.9,1,0,0.2,0.0
dataset-lcb_v6.model-qwen3.5-9b.alpha4.0.steps100.blocks-1.prefetch-budget-12.rank-bfs_accept_first.cut-entropy4.0.samples20.maxnew1024.seed10086.subtreePrefetch.vllm.log,bfs_accept_first,12,1917,2026-09-09 15:25:44,1741.0,218.7,594.8,9,0,1.9,0.0
dataset-lcb_v6.model-qwen3.5-9b.alpha4.0.steps100.blocks-1.prefetch-budget-12.rank-bfs_accept_first.cut-entropy4.0.samples20.maxnew1024.seed10086.subtreePrefetch.vllm.log,bfs_accept_first,12,1922,2026-09-09 15:25:54,1751.0,402.2,687.2,6,0,1.4,0.0
dataset-lcb_v6.model-qwen3.5-9b.alpha4.0.steps100.blocks-1.prefetch-budget-12.rank-bfs_accept_first.cut-entropy4.0.samples20.maxnew1024.seed10086.subtreePrefetch.vllm.log,bfs_accept_first,12,1927,2026-09-09 15:26:04,1761.0,286.1,577.8,4,0,0.9,0.0
dataset-lcb_v6.model-qwen3.5-9b.alpha4.0.steps100.blocks-1.prefetch-budget-12.rank-bfs_accept_first.cut-entropy4.0.samples20.maxnew1024.seed10086.subtreePrefetch.vllm.log,bfs_accept_first,12,1932,2026-09-09 15:26:14,1771.0,225.0,779.9,7,0,1.5,0.0
dataset-lcb_v6.model-qwen3.5-9b.alpha4.0.steps100.blocks-1.prefetch-budget-12.rank-bfs_accept_first.cut-entropy4.0.samples20.maxnew1024.seed10086.subtreePrefetch.vllm.log,bfs_accept_first,12,1937,2026-09-09 15:26:24,1781.0,274.1,795.5,6,0,1.3,0.0
dataset-lcb_v6.model-qwen3.5-9b.alpha4.0.steps100.blocks-1.prefetch-budget-12.rank-bfs_accept_first.cut-entropy4.0.samples20.maxnew1024.seed10086.subtreePrefetch.vllm.log,bfs_accept_first,12,1942,2026-09-09 15:26:34,1791.0,186.2,799.6,7,0,1.5,0.0
dataset-lcb_v6.model-qwen3.5-9b.alpha4.0.steps100.blocks-1.prefetch-budget-12.rank-bfs_accept_first.cut-entropy4.0.samples20.maxnew1024.seed10086.subtreePrefetch.vllm.log,bfs_accept_first,12,1947,2026-09-09 15:26:44,1801.0,241.4,876.6,8,0,1.7,0.0
dataset-lcb_v6.model-qwen3.5-9b.alpha4.0.steps100.blocks-1.prefetch-budget-12.rank-bfs_accept_first.cut-entropy4.0.samples20.maxnew1024.seed10086.subtreePrefetch.vllm.log,bfs_accept_first,12,1952,2026-09-09 15:26:54,1811.0,423.4,746.8,5,0,1.1,0.0
dataset-lcb_v6.model-qwen3.5-9b.alpha4.0.steps100.blocks-1.prefetch-budget-12.rank-bfs_accept_first.cut-entropy4.0.samples20.maxnew1024.seed10086.subtreePrefetch.vllm.log,bfs_accept_first,12,1957,2026-09-09 15:27:04,1821.0,292.1,800.1,3,0,0.7,0.0
dataset-lcb_v6.model-qwen3.5-9b.alpha4.0.steps100.blocks-1.prefetch-budget-12.rank-bfs_accept_first.cut-entropy4.0.samples20.maxnew1024.seed10086.subtreePrefetch.vllm.log,bfs_accept_first,12,1962,2026-09-09 15:27:14,1831.0,331.5,550.4,1,0,0.3,0.0
dataset-lcb_v6.model-qwen3.5-9b.alpha4.0.steps100.blocks-1.prefetch-budget-12.rank-bfs_accept_first.cut-entropy4.0.samples20.maxnew1024.seed10086.subtreePrefetch.vllm.log,bfs_accept_first,12,1967,2026-09-09 15:27:24,1841.0,250.1,787.5,5,0,1.1,0.0
dataset-lcb_v6.model-qwen3.5-9b.alpha4.0.steps100.blocks-1.prefetch-budget-12.rank-bfs_accept_first.cut-entropy4.0.samples20.maxnew1024.seed10086.subtreePrefetch.vllm.log,bfs_accept_first,12,1972,2026-09-09 15:27:34,1851.0,275.7,844.5,4,0,0.9,0.0
dataset-lcb_v6.model-qwen3.5-9b.alpha4.0.steps100.blocks-1.prefetch-budget-12.rank-bfs_accept_first.cut-entropy4.0.samples20.maxnew1024.seed10086.subtreePrefetch.vllm.log,bfs_accept_first,12,1981,2026-09-09 15:27:44,1861.0,603.8,647.6,12,0,1.4,0.0
dataset-lcb_v6.model-qwen3.5-9b.alpha4.0.steps100.blocks-1.prefetch-budget-12.rank-bfs_accept_first.cut-entropy4.0.samples20.maxnew1024.seed10086.subtreePrefetch.vllm.log,bfs_accept_first,12,1986,2026-09-09 15:27:54,1871.0,343.1,719.3,11,0,1.4,0.0
dataset-lcb_v6.model-qwen3.5-9b.alpha4.0.steps100.blocks-1.prefetch-budget-12.rank-bfs_accept_first.cut-entropy4.0.samples20.maxnew1024.seed10086.subtreePrefetch.vllm.log,bfs_accept_first,12,1991,2026-09-09 15:28:04,1881.0,318.1,702.3,12,0,1.5,0.0
dataset-lcb_v6.model-qwen3.5-9b.alpha4.0.steps100.blocks-1.prefetch-budget-12.rank-bfs_accept_first.cut-entropy4.0.samples20.maxnew1024.seed10086.subtreePrefetch.vllm.log,bfs_accept_first,12,1996,2026-09-09 15:28:14,1891.0,209.4,828.8,9,0,1.4,0.0
dataset-lcb_v6.model-qwen3.5-9b.alpha4.0.steps100.blocks-1.prefetch-budget-12.rank-bfs_accept_first.cut-entropy4.0.samples20.maxnew1024.seed10086.subtreePrefetch.vllm.log,bfs_accept_first,12,2001,2026-09-09 15:28:24,1901.0,372.0,714.3,11,0,2.1,0.0
dataset-lcb_v6.model-qwen3.5-9b.alpha4.0.steps100.blocks-1.prefetch-budget-12.rank-bfs_accept_first.cut-entropy4.0.samples20.maxnew1024.seed10086.subtreePrefetch.vllm.log,bfs_accept_first,12,2006,2026-09-09 15:28:34,1911.0,306.7,720.9,6,0,0.9,0.0
dataset-lcb_v6.model-qwen3.5-9b.alpha4.0.steps100.blocks-1.prefetch-budget-12.rank-bfs_accept_first.cut-entropy4.0.samples20.maxnew1024.seed10086.subtreePrefetch.vllm.log,bfs_accept_first,12,2011,2026-09-09 15:28:44,1921.0,472.6,635.0,4,0,0.9,0.0
dataset-lcb_v6.model-qwen3.5-9b.alpha4.0.steps100.blocks-1.prefetch-budget-12.rank-bfs_accept_first.cut-entropy4.0.samples20.maxnew1024.seed10086.subtreePrefetch.vllm.log,bfs_accept_first,12,2016,2026-09-09 15:28:54,1931.0,366.3,560.4,3,0,0.7,0.0
dataset-lcb_v6.model-qwen3.5-9b.alpha4.0.steps100.blocks-1.prefetch-budget-12.rank-bfs_accept_first.cut-entropy4.0.samples20.maxnew1024.seed10086.subtreePrefetch.vllm.log,bfs_accept_first,12,2021,2026-09-09 15:29:04,1941.0,271.6,550.7,1,0,0.4,0.0
dataset-lcb_v6.model-qwen3.5-9b.alpha4.0.steps100.blocks-1.prefetch-budget-12.rank-bfs_accept_first.cut-entropy4.0.samples20.maxnew1024.seed10086.subtreePrefetch.vllm.log,bfs_accept_first,12,2030,2026-09-09 15:29:14,1951.0,795.8,630.4,11,0,1.5,0.0
dataset-lcb_v6.model-qwen3.5-9b.alpha4.0.steps100.blocks-1.prefetch-budget-12.rank-bfs_accept_first.cut-entropy4.0.samples20.maxnew1024.seed10086.subtreePrefetch.vllm.log,bfs_accept_first,12,2035,2026-09-09 15:29:24,1961.0,288.6,664.1,12,0,1.5,0.0
dataset-lcb_v6.model-qwen3.5-9b.alpha4.0.steps100.blocks-1.prefetch-budget-12.rank-bfs_accept_first.cut-entropy4.0.samples20.maxnew1024.seed10086.subtreePrefetch.vllm.log,bfs_accept_first,12,2040,2026-09-09 15:29:35,1972.0,66.7,628.9,2,0,0.5,0.0
dataset-lcb_v6.model-qwen3.5-9b.alpha4.0.steps100.blocks-1.prefetch-budget-12.rank-bfs_accept_first.cut-entropy4.0.samples20.maxnew1024.seed10086.subtreePrefetch.vllm.log,bfs_accept_first,12,2149,2026-09-09 15:29:45,1982.0,81.8,115.3,1,0,0.4,0.0
dataset-lcb_v6.model-qwen3.5-9b.alpha4.0.steps100.blocks-1.prefetch-budget-12.rank-bfs_accept_first.cut-entropy4.0.samples20.maxnew1024.seed10086.subtreePrefetch.vllm.log,bfs_accept_first,12,2154,2026-09-09 15:29:55,1992.0,408.8,595.0,1,0,0.4,0.0
dataset-lcb_v6.model-qwen3.5-9b.alpha4.0.steps100.blocks-1.prefetch-budget-12.rank-bfs_accept_first.cut-entropy4.0.samples20.maxnew1024.seed10086.subtreePrefetch.vllm.log,bfs_accept_first,12,2159,2026-09-09 15:30:05,2002.0,460.9,748.2,3,0,1.0,0.0
dataset-lcb_v6.model-qwen3.5-9b.alpha4.0.steps100.blocks-1.prefetch-budget-12.rank-bfs_accept_first.cut-entropy4.0.samples20.maxnew1024.seed10086.subtreePrefetch.vllm.log,bfs_accept_first,12,2168,2026-09-09 15:30:15,2012.0,808.1,589.3,12,0,1.4,0.0
dataset-lcb_v6.model-qwen3.5-9b.alpha4.0.steps100.blocks-1.prefetch-budget-12.rank-bfs_accept_first.cut-entropy4.0.samples20.maxnew1024.seed10086.subtreePrefetch.vllm.log,bfs_accept_first,12,2173,2026-09-09 15:30:25,2022.0,360.0,640.5,12,0,1.5,0.0
dataset-lcb_v6.model-qwen3.5-9b.alpha4.0.steps100.blocks-1.prefetch-budget-12.rank-bfs_accept_first.cut-entropy4.0.samples20.maxnew1024.seed10086.subtreePrefetch.vllm.log,bfs_accept_first,12,2178,2026-09-09 15:30:35,2032.0,321.1,764.8,10,0,1.3,0.0
dataset-lcb_v6.model-qwen3.5-9b.alpha4.0.steps100.blocks-1.prefetch-budget-12.rank-bfs_accept_first.cut-entropy4.0.samples20.maxnew1024.seed10086.subtreePrefetch.vllm.log,bfs_accept_first,12,2183,2026-09-09 15:30:45,2042.0,301.7,596.1,8,0,1.4,0.0
dataset-lcb_v6.model-qwen3.5-9b.alpha4.0.steps100.blocks-1.prefetch-budget-12.rank-bfs_accept_first.cut-entropy4.0.samples20.maxnew1024.seed10086.subtreePrefetch.vllm.log,bfs_accept_first,12,2188,2026-09-09 15:30:55,2052.0,322.6,656.7,9,0,1.7,0.0
dataset-lcb_v6.model-qwen3.5-9b.alpha4.0.steps100.blocks-1.prefetch-budget-12.rank-bfs_accept_first.cut-entropy4.0.samples20.maxnew1024.seed10086.subtreePrefetch.vllm.log,bfs_accept_first,12,2193,2026-09-09 15:31:05,2062.0,380.3,755.0,4,0,0.9,0.0
dataset-lcb_v6.model-qwen3.5-9b.alpha4.0.steps100.blocks-1.prefetch-budget-12.rank-bfs_accept_first.cut-entropy4.0.samples20.maxnew1024.seed10086.subtreePrefetch.vllm.log,bfs_accept_first,12,2198,2026-09-09 15:31:15,2072.0,319.9,647.3,8,0,1.6,0.0
dataset-lcb_v6.model-qwen3.5-9b.alpha4.0.steps100.blocks-1.prefetch-budget-12.rank-bfs_accept_first.cut-entropy4.0.samples20.maxnew1024.seed10086.subtreePrefetch.vllm.log,bfs_accept_first,12,2203,2026-09-09 15:31:25,2082.0,422.0,687.1,2,0,0.5,0.0
dataset-lcb_v6.model-qwen3.5-9b.alpha4.0.steps100.blocks-1.prefetch-budget-12.rank-bfs_accept_first.cut-entropy4.0.samples20.maxnew1024.seed10086.subtreePrefetch.vllm.log,bfs_accept_first,12,2208,2026-09-09 15:31:35,2092.0,365.2,672.0,3,0,1.0,0.0
dataset-lcb_v6.model-qwen3.5-9b.alpha4.0.steps100.blocks-1.prefetch-budget-12.rank-bfs_accept_first.cut-entropy4.0.samples20.maxnew1024.seed10086.subtreePrefetch.vllm.log,bfs_accept_first,12,2217,2026-09-09 15:31:45,2102.0,844.4,692.5,11,0,1.6,0.0
dataset-lcb_v6.model-qwen3.5-9b.alpha4.0.steps100.blocks-1.prefetch-budget-12.rank-bfs_accept_first.cut-entropy4.0.samples20.maxnew1024.seed10086.subtreePrefetch.vllm.log,bfs_accept_first,12,2222,2026-09-09 15:31:55,2112.0,366.7,496.6,11,0,2.0,0.0
dataset-lcb_v6.model-qwen3.5-9b.alpha4.0.steps100.blocks-1.prefetch-budget-12.rank-bfs_accept_first.cut-entropy4.0.samples20.maxnew1024.seed10086.subtreePrefetch.vllm.log,bfs_accept_first,12,2227,2026-09-09 15:32:05,2122.0,372.1,616.1,11,0,1.9,0.0
dataset-lcb_v6.model-qwen3.5-9b.alpha4.0.steps100.blocks-1.prefetch-budget-12.rank-bfs_accept_first.cut-entropy4.0.samples20.maxnew1024.seed10086.subtreePrefetch.vllm.log,bfs_accept_first,12,2232,2026-09-09 15:32:15,2132.0,290.4,729.1,11,0,1.9,0.0
dataset-lcb_v6.model-qwen3.5-9b.alpha4.0.steps100.blocks-1.prefetch-budget-12.rank-bfs_accept_first.cut-entropy4.0.samples20.maxnew1024.seed10086.subtreePrefetch.vllm.log,bfs_accept_first,12,2237,2026-09-09 15:32:25,2142.0,344.7,834.3,10,0,1.9,0.0
dataset-lcb_v6.model-qwen3.5-9b.alpha4.0.steps100.blocks-1.prefetch-budget-12.rank-bfs_accept_first.cut-entropy4.0.samples20.maxnew1024.seed10086.subtreePrefetch.vllm.log,bfs_accept_first,12,2242,2026-09-09 15:32:35,2152.0,354.7,773.4,11,0,1.9,0.0
dataset-lcb_v6.model-qwen3.5-9b.alpha4.0.steps100.blocks-1.prefetch-budget-12.rank-bfs_accept_first.cut-entropy4.0.samples20.maxnew1024.seed10086.subtreePrefetch.vllm.log,bfs_accept_first,12,2247,2026-09-09 15:32:45,2162.0,327.4,688.7,8,0,1.6,0.0
dataset-lcb_v6.model-qwen3.5-9b.alpha4.0.steps100.blocks-1.prefetch-budget-12.rank-bfs_accept_first.cut-entropy4.0.samples20.maxnew1024.seed10086.subtreePrefetch.vllm.log,bfs_accept_first,12,2252,2026-09-09 15:32:55,2172.0,322.1,568.4,9,0,1.8,0.0
dataset-lcb_v6.model-qwen3.5-9b.alpha4.0.steps100.blocks-1.prefetch-budget-12.rank-bfs_accept_first.cut-entropy4.0.samples20.maxnew1024.seed10086.subtreePrefetch.vllm.log,bfs_accept_first,12,2257,2026-09-09 15:33:05,2182.0,383.0,661.2,7,0,1.3,0.0
dataset-lcb_v6.model-qwen3.5-9b.alpha4.0.steps100.blocks-1.prefetch-budget-12.rank-bfs_accept_first.cut-entropy4.0.samples20.maxnew1024.seed10086.subtreePrefetch.vllm.log,bfs_accept_first,12,2262,2026-09-09 15:33:15,2192.0,335.9,733.4,7,0,1.6,0.0
dataset-lcb_v6.model-qwen3.5-9b.alpha4.0.steps100.blocks-1.prefetch-budget-12.rank-bfs_accept_first.cut-entropy4.0.samples20.maxnew1024.seed10086.subtreePrefetch.vllm.log,bfs_accept_first,12,2267,2026-09-09 15:33:25,2202.0,73.5,264.7,1,0,0.4,0.0
dataset-lcb_v6.model-qwen3.5-9b.alpha4.0.steps100.blocks-1.prefetch-budget-12.rank-bfs_accept_first.cut-entropy4.0.samples20.maxnew1024.seed10086.subtreePrefetch.vllm.log,bfs_accept_first,12,2396,2026-09-09 15:33:35,2212.0,44.1,115.7,0,0,0.0,0.0
dataset-lcb_v6.model-qwen3.5-9b.alpha4.0.steps100.blocks-1.prefetch-budget-12.rank-bfs_accept_first.cut-entropy4.0.samples20.maxnew1024.seed10086.subtreePrefetch.vllm.log,bfs_accept_first,12,2405,2026-09-09 15:33:45,2222.0,633.5,608.3,11,0,1.6,0.0
dataset-lcb_v6.model-qwen3.5-9b.alpha4.0.steps100.blocks-1.prefetch-budget-12.rank-bfs_accept_first.cut-entropy4.0.samples20.maxnew1024.seed10086.subtreePrefetch.vllm.log,bfs_accept_first,12,2410,2026-09-09 15:33:55,2232.0,284.0,638.6,6,0,0.9,0.0
dataset-lcb_v6.model-qwen3.5-9b.alpha4.0.steps100.blocks-1.prefetch-budget-12.rank-bfs_accept_first.cut-entropy4.0.samples20.maxnew1024.seed10086.subtreePrefetch.vllm.log,bfs_accept_first,12,2415,2026-09-09 15:34:05,2242.0,295.9,516.4,3,0,0.5,0.0
dataset-lcb_v6.model-qwen3.5-9b.alpha4.0.steps100.blocks-1.prefetch-budget-12.rank-bfs_accept_first.cut-entropy4.0.samples20.maxnew1024.seed10086.subtreePrefetch.vllm.log,bfs_accept_first,12,2424,2026-09-09 15:34:15,2252.0,678.9,434.5,7,0,1.1,0.0
dataset-lcb_v6.model-qwen3.5-9b.alpha4.0.steps100.blocks-1.prefetch-budget-12.rank-bfs_accept_first.cut-entropy4.0.samples20.maxnew1024.seed10086.subtreePrefetch.vllm.log,bfs_accept_first,12,2429,2026-09-09 15:34:25,2262.0,302.3,465.2,6,0,0.8,0.0
dataset-lcb_v6.model-qwen3.5-9b.alpha4.0.steps100.blocks-1.prefetch-budget-12.rank-bfs_accept_first.cut-entropy4.0.samples20.maxnew1024.seed10086.subtreePrefetch.vllm.log,bfs_accept_first,12,2438,2026-09-09 15:34:35,2272.0,608.3,394.7,7,0,0.9,0.0
dataset-lcb_v6.model-qwen3.5-9b.alpha4.0.steps100.blocks-1.prefetch-budget-12.rank-bfs_accept_first.cut-entropy4.0.samples20.maxnew1024.seed10086.subtreePrefetch.vllm.log,bfs_accept_first,12,2443,2026-09-09 15:34:45,2282.0,297.7,555.6,9,0,1.5,0.0
dataset-lcb_v6.model-qwen3.5-9b.alpha4.0.steps100.blocks-1.prefetch-budget-12.rank-bfs_accept_first.cut-entropy4.0.samples20.maxnew1024.seed10086.subtreePrefetch.vllm.log,bfs_accept_first,12,2448,2026-09-09 15:34:55,2292.0,289.1,595.0,6,0,1.0,0.0
dataset-lcb_v6.model-qwen3.5-9b.alpha4.0.steps100.blocks-1.prefetch-budget-12.rank-bfs_accept_first.cut-entropy4.0.samples20.maxnew1024.seed10086.subtreePrefetch.vllm.log,bfs_accept_first,12,2453,2026-09-09 15:35:05,2302.0,254.0,562.4,5,0,1.1,0.0
dataset-lcb_v6.model-qwen3.5-9b.alpha4.0.steps100.blocks-1.prefetch-budget-12.rank-bfs_accept_first.cut-entropy4.0.samples20.maxnew1024.seed10086.subtreePrefetch.vllm.log,bfs_accept_first,12,2458,2026-09-09 15:35:15,2312.0,277.3,459.5,2,0,0.5,0.0
dataset-lcb_v6.model-qwen3.5-9b.alpha4.0.steps100.blocks-1.prefetch-budget-12.rank-bfs_accept_first.cut-entropy4.0.samples20.maxnew1024.seed10086.subtreePrefetch.vllm.log,bfs_accept_first,12,2463,2026-09-09 15:35:25,2322.0,315.2,404.1,1,0,0.3,0.0
dataset-lcb_v6.model-qwen3.5-9b.alpha4.0.steps100.blocks-1.prefetch-budget-12.rank-bfs_accept_first.cut-entropy4.0.samples20.maxnew1024.seed10086.subtreePrefetch.vllm.log,bfs_accept_first,12,2472,2026-09-09 15:35:35,2332.0,618.8,532.4,6,0,0.9,0.0
dataset-lcb_v6.model-qwen3.5-9b.alpha4.0.steps100.blocks-1.prefetch-budget-12.rank-bfs_accept_first.cut-entropy4.0.samples20.maxnew1024.seed10086.subtreePrefetch.vllm.log,bfs_accept_first,12,2477,2026-09-09 15:35:45,2342.0,346.6,579.7,10,0,1.7,0.0
dataset-lcb_v6.model-qwen3.5-9b.alpha4.0.steps100.blocks-1.prefetch-budget-12.rank-bfs_accept_first.cut-entropy4.0.samples20.maxnew1024.seed10086.subtreePrefetch.vllm.log,bfs_accept_first,12,2482,2026-09-09 15:35:55,2352.0,236.2,723.7,6,0,0.8,0.0
dataset-lcb_v6.model-qwen3.5-9b.alpha4.0.steps100.blocks-1.prefetch-budget-12.rank-bfs_accept_first.cut-entropy4.0.samples20.maxnew1024.seed10086.subtreePrefetch.vllm.log,bfs_accept_first,12,2487,2026-09-09 15:36:05,2362.0,263.1,632.1,4,0,0.9,0.0
dataset-lcb_v6.model-qwen3.5-9b.alpha4.0.steps100.blocks-1.prefetch-budget-12.rank-bfs_accept_first.cut-entropy4.0.samples20.maxnew1024.seed10086.subtreePrefetch.vllm.log,bfs_accept_first,12,2492,2026-09-09 15:36:15,2372.0,343.4,641.1,6,0,1.3,0.0
dataset-lcb_v6.model-qwen3.5-9b.alpha4.0.steps100.blocks-1.prefetch-budget-12.rank-bfs_accept_first.cut-entropy4.0.samples20.maxnew1024.seed10086.subtreePrefetch.vllm.log,bfs_accept_first,12,2497,2026-09-09 15:36:25,2382.0,215.0,539.2,3,0,0.7,0.0
dataset-lcb_v6.model-qwen3.5-9b.alpha4.0.steps100.blocks-1.prefetch-budget-12.rank-bfs_accept_first.cut-entropy4.0.samples20.maxnew1024.seed10086.subtreePrefetch.vllm.log,bfs_accept_first,12,2502,2026-09-09 15:36:35,2392.0,297.8,644.0,5,0,1.1,0.0
dataset-lcb_v6.model-qwen3.5-9b.alpha4.0.steps100.blocks-1.prefetch-budget-12.rank-bfs_accept_first.cut-entropy4.0.samples20.maxnew1024.seed10086.subtreePrefetch.vllm.log,bfs_accept_first,12,2511,2026-09-09 15:36:45,2402.0,281.7,489.5,1,0,0.2,0.0
dataset-lcb_v6.model-qwen3.5-9b.alpha4.0.steps100.blocks-1.prefetch-budget-12.rank-bfs_accept_first.cut-entropy4.0.samples20.maxnew1024.seed10086.subtreePrefetch.vllm.log,bfs_accept_first,12,2539,2026-09-09 15:36:55,2412.0,40.1,116.7,1,0,0.3,0.0
dataset-lcb_v6.model-qwen3.5-9b.alpha4.0.steps100.blocks-1.prefetch-budget-12.rank-bfs_accept_first.cut-entropy4.0.samples20.maxnew1024.seed10086.subtreePrefetch.vllm.log,bfs_accept_first,12,2544,2026-09-09 15:37:05,2422.0,449.4,852.0,10,0,3.0,0.0
dataset-lcb_v6.model-qwen3.5-9b.alpha4.0.steps100.blocks-1.prefetch-budget-12.rank-bfs_accept_first.cut-entropy4.0.samples20.maxnew1024.seed10086.subtreePrefetch.vllm.log,bfs_accept_first,12,2549,2026-09-09 15:37:15,2432.0,571.3,993.7,12,0,3.6,0.0
dataset-lcb_v6.model-qwen3.5-9b.alpha4.0.steps100.blocks-1.prefetch-budget-12.rank-bfs_accept_first.cut-entropy4.0.samples20.maxnew1024.seed10086.subtreePrefetch.vllm.log,bfs_accept_first,12,2554,2026-09-09 15:37:25,2442.0,539.1,997.5,11,0,3.2,0.0
dataset-lcb_v6.model-qwen3.5-9b.alpha4.0.steps100.blocks-1.prefetch-budget-12.rank-bfs_accept_first.cut-entropy4.0.samples20.maxnew1024.seed10086.subtreePrefetch.vllm.log,bfs_accept_first,12,2559,2026-09-09 15:37:35,2452.0,567.3,998.5,12,0,2.4,0.0
dataset-lcb_v6.model-qwen3.5-9b.alpha4.0.steps100.blocks-1.prefetch-budget-12.rank-bfs_accept_first.cut-entropy4.0.samples20.maxnew1024.seed10086.subtreePrefetch.vllm.log,bfs_accept_first,12,2564,2026-09-09 15:37:45,2462.0,567.4,1017.9,11,0,2.2,0.0
dataset-lcb_v6.model-qwen3.5-9b.alpha4.0.steps100.blocks-1.prefetch-budget-12.rank-bfs_accept_first.cut-entropy4.0.samples20.maxnew1024.seed10086.subtreePrefetch.vllm.log,bfs_accept_first,12,2569,2026-09-09 15:37:55,2472.0,429.0,982.3,11,0,2.1,0.0
dataset-lcb_v6.model-qwen3.5-9b.alpha4.0.steps100.blocks-1.prefetch-budget-12.rank-bfs_accept_first.cut-entropy4.0.samples20.maxnew1024.seed10086.subtreePrefetch.vllm.log,bfs_accept_first,12,2574,2026-09-09 15:38:05,2482.0,565.6,974.5,12,0,2.4,0.0
dataset-lcb_v6.model-qwen3.5-9b.alpha4.0.steps100.blocks-1.prefetch-budget-12.rank-bfs_accept_first.cut-entropy4.0.samples20.maxnew1024.seed10086.subtreePrefetch.vllm.log,bfs_accept_first,12,2579,2026-09-09 15:38:15,2492.0,553.7,1018.2,12,0,2.4,0.0
dataset-lcb_v6.model-qwen3.5-9b.alpha4.0.steps100.blocks-1.prefetch-budget-12.rank-bfs_accept_first.cut-entropy4.0.samples20.maxnew1024.seed10086.subtreePrefetch.vllm.log,bfs_accept_first,12,2584,2026-09-09 15:38:25,2502.0,578.2,1035.9,12,0,2.2,0.0
dataset-lcb_v6.model-qwen3.5-9b.alpha4.0.steps100.blocks-1.prefetch-budget-12.rank-bfs_accept_first.cut-entropy4.0.samples20.maxnew1024.seed10086.subtreePrefetch.vllm.log,bfs_accept_first,12,2585,2026-09-09 15:38:35,2512.0,0.0,1071.0,1,0,0.3,0.0
dataset-lcb_v6.model-qwen3.5-9b.alpha4.0.steps100.blocks-1.prefetch-budget-12.rank-bfs_accept_first.cut-entropy4.0.samples20.maxnew1024.seed10086.subtreePrefetch.vllm.log,bfs_accept_first,12,2590,2026-09-09 15:38:45,2522.0,561.1,1045.1,12,0,3.6,0.0
dataset-lcb_v6.model-qwen3.5-9b.alpha4.0.steps100.blocks-1.prefetch-budget-12.rank-bfs_accept_first.cut-entropy4.0.samples20.maxnew1024.seed10086.subtreePrefetch.vllm.log,bfs_accept_first,12,2595,2026-09-09 15:38:55,2532.0,483.5,1025.9,12,0,3.5,0.0
dataset-lcb_v6.model-qwen3.5-9b.alpha4.0.steps100.blocks-1.prefetch-budget-12.rank-bfs_accept_first.cut-entropy4.0.samples20.maxnew1024.seed10086.subtreePrefetch.vllm.log,bfs_accept_first,12,2600,2026-09-09 15:39:05,2542.0,567.7,998.8,12,0,3.6,0.0
dataset-lcb_v6.model-qwen3.5-9b.alpha4.0.steps100.blocks-1.prefetch-budget-12.rank-bfs_accept_first.cut-entropy4.0.samples20.maxnew1024.seed10086.subtreePrefetch.vllm.log,bfs_accept_first,12,2605,2026-09-09 15:39:15,2552.0,534.2,1006.2,11,0,3.1,0.0
dataset-lcb_v6.model-qwen3.5-9b.alpha4.0.steps100.blocks-1.prefetch-budget-12.rank-bfs_accept_first.cut-entropy4.0.samples20.maxnew1024.seed10086.subtreePrefetch.vllm.log,bfs_accept_first,12,2610,2026-09-09 15:39:25,2562.0,491.5,993.2,11,0,2.3,0.0
dataset-lcb_v6.model-qwen3.5-9b.alpha4.0.steps100.blocks-1.prefetch-budget-12.rank-bfs_accept_first.cut-entropy4.0.samples20.maxnew1024.seed10086.subtreePrefetch.vllm.log,bfs_accept_first,12,2615,2026-09-09 15:39:35,2572.0,489.5,956.0,11,0,2.2,0.0
dataset-lcb_v6.model-qwen3.5-9b.alpha4.0.steps100.blocks-1.prefetch-budget-12.rank-bfs_accept_first.cut-entropy4.0.samples20.maxnew1024.seed10086.subtreePrefetch.vllm.log,bfs_accept_first,12,2620,2026-09-09 15:39:45,2582.0,586.3,968.9,12,0,2.4,0.0
dataset-lcb_v6.model-qwen3.5-9b.alpha4.0.steps100.blocks-1.prefetch-budget-12.rank-bfs_accept_first.cut-entropy4.0.samples20.maxnew1024.seed10086.subtreePrefetch.vllm.log,bfs_accept_first,12,2625,2026-09-09 15:39:55,2592.0,562.1,1008.3,12,0,2.4,0.0
dataset-lcb_v6.model-qwen3.5-9b.alpha4.0.steps100.blocks-1.prefetch-budget-12.rank-bfs_accept_first.cut-entropy4.0.samples20.maxnew1024.seed10086.subtreePrefetch.vllm.log,bfs_accept_first,12,2630,2026-09-09 15:40:05,2602.0,530.0,1023.7,12,0,2.4,0.0
dataset-lcb_v6.model-qwen3.5-9b.alpha4.0.steps100.blocks-1.prefetch-budget-12.rank-bfs_accept_first.cut-entropy4.0.samples20.maxnew1024.seed10086.subtreePrefetch.vllm.log,bfs_accept_first,12,2635,2026-09-09 15:40:15,2612.0,558.3,1008.6,12,0,1.2,0.0
dataset-lcb_v6.model-qwen3.5-9b.alpha4.0.steps100.blocks-1.prefetch-budget-12.rank-bfs_accept_first.cut-entropy4.0.samples20.maxnew1024.seed10086.subtreePrefetch.vllm.log,bfs_accept_first,12,2636,2026-09-09 15:40:25,2622.0,0.0,1097.0,4,0,1.2,0.0
dataset-lcb_v6.model-qwen3.5-9b.alpha4.0.steps100.blocks-1.prefetch-budget-12.rank-bfs_accept_first.cut-entropy4.0.samples20.maxnew1024.seed10086.subtreePrefetch.vllm.log,bfs_accept_first,12,2641,2026-09-09 15:40:35,2632.0,482.9,1057.7,12,0,3.5,0.0
dataset-lcb_v6.model-qwen3.5-9b.alpha4.0.steps100.blocks-1.prefetch-budget-12.rank-bfs_accept_first.cut-entropy4.0.samples20.maxnew1024.seed10086.subtreePrefetch.vllm.log,bfs_accept_first,12,2646,2026-09-09 15:40:45,2642.0,577.3,963.2,11,0,3.3,0.0
dataset-lcb_v6.model-qwen3.5-9b.alpha4.0.steps100.blocks-1.prefetch-budget-12.rank-bfs_accept_first.cut-entropy4.0.samples20.maxnew1024.seed10086.subtreePrefetch.vllm.log,bfs_accept_first,12,2651,2026-09-09 15:40:55,2652.0,499.3,998.7,12,0,3.5,0.0
dataset-lcb_v6.model-qwen3.5-9b.alpha4.0.steps100.blocks-1.prefetch-budget-12.rank-bfs_accept_first.cut-entropy4.0.samples20.maxnew1024.seed10086.subtreePrefetch.vllm.log,bfs_accept_first,12,2656,2026-09-09 15:41:05,2662.0,392.3,967.5,10,0,2.6,0.0
dataset-lcb_v6.model-qwen3.5-9b.alpha4.0.steps100.blocks-1.prefetch-budget-12.rank-bfs_accept_first.cut-entropy4.0.samples20.maxnew1024.seed10086.subtreePrefetch.vllm.log,bfs_accept_first,12,2661,2026-09-09 15:41:15,2672.0,436.7,880.7,7,0,1.7,0.0
dataset-lcb_v6.model-qwen3.5-9b.alpha4.0.steps100.blocks-1.prefetch-budget-12.rank-bfs_accept_first.cut-entropy4.0.samples20.maxnew1024.seed10086.subtreePrefetch.vllm.log,bfs_accept_first,12,2666,2026-09-09 15:41:25,2682.0,491.6,747.9,6,0,1.8,0.0
dataset-lcb_v6.model-qwen3.5-9b.alpha4.0.steps100.blocks-1.prefetch-budget-12.rank-bfs_accept_first.cut-entropy4.0.samples20.maxnew1024.seed10086.subtreePrefetch.vllm.log,bfs_accept_first,12,2671,2026-09-09 15:41:35,2692.0,461.3,933.4,12,0,3.4,0.0
dataset-lcb_v6.model-qwen3.5-9b.alpha4.0.steps100.blocks-1.prefetch-budget-12.rank-bfs_accept_first.cut-entropy4.0.samples20.maxnew1024.seed10086.subtreePrefetch.vllm.log,bfs_accept_first,12,2676,2026-09-09 15:41:45,2702.0,609.8,1049.9,12,0,3.6,0.0
dataset-lcb_v6.model-qwen3.5-9b.alpha4.0.steps100.blocks-1.prefetch-budget-12.rank-bfs_accept_first.cut-entropy4.0.samples20.maxnew1024.seed10086.subtreePrefetch.vllm.log,bfs_accept_first,12,2681,2026-09-09 15:41:55,2712.0,605.6,1051.1,12,0,2.8,0.0
dataset-lcb_v6.model-qwen3.5-9b.alpha4.0.steps100.blocks-1.prefetch-budget-12.rank-bfs_accept_first.cut-entropy4.0.samples20.maxnew1024.seed10086.subtreePrefetch.vllm.log,bfs_accept_first,12,2686,2026-09-09 15:42:05,2722.0,556.9,1055.6,12,0,2.5,0.0
dataset-lcb_v6.model-qwen3.5-9b.alpha4.0.steps100.blocks-1.prefetch-budget-12.rank-bfs_accept_first.cut-entropy4.0.samples20.maxnew1024.seed10086.subtreePrefetch.vllm.log,bfs_accept_first,12,2691,2026-09-09 15:42:15,2732.0,606.5,982.4,12,0,2.4,0.0
dataset-lcb_v6.model-qwen3.5-9b.alpha4.0.steps100.blocks-1.prefetch-budget-12.rank-bfs_accept_first.cut-entropy4.0.samples20.maxnew1024.seed10086.subtreePrefetch.vllm.log,bfs_accept_first,12,2696,2026-09-09 15:42:25,2742.0,468.0,1075.9,12,0,2.2,0.0
dataset-lcb_v6.model-qwen3.5-9b.alpha4.0.steps100.blocks-1.prefetch-budget-12.rank-bfs_accept_first.cut-entropy4.0.samples20.maxnew1024.seed10086.subtreePrefetch.vllm.log,bfs_accept_first,12,2701,2026-09-09 15:42:35,2752.0,564.2,1062.9,12,0,2.4,0.0
dataset-lcb_v6.model-qwen3.5-9b.alpha4.0.steps100.blocks-1.prefetch-budget-12.rank-bfs_accept_first.cut-entropy4.0.samples20.maxnew1024.seed10086.subtreePrefetch.vllm.log,bfs_accept_first,12,2706,2026-09-09 15:42:45,2762.0,366.3,996.9,10,0,1.8,0.0
dataset-lcb_v6.model-qwen3.5-9b.alpha4.0.steps100.blocks-1.prefetch-budget-12.rank-bfs_accept_first.cut-entropy4.0.samples20.maxnew1024.seed10086.subtreePrefetch.vllm.log,bfs_accept_first,12,2734,2026-09-09 15:42:55,2772.0,36.6,599.5,1,0,0.2,0.0
dataset-lcb_v6.model-qwen3.5-9b.alpha4.0.steps100.blocks-1.prefetch-budget-12.rank-bfs_accept_first.cut-entropy4.0.samples20.maxnew1024.seed10086.subtreePrefetch.vllm.log,bfs_accept_first,12,2739,2026-09-09 15:43:05,2782.0,373.5,596.7,11,0,2.1,0.0
dataset-lcb_v6.model-qwen3.5-9b.alpha4.0.steps100.blocks-1.prefetch-budget-12.rank-bfs_accept_first.cut-entropy4.0.samples20.maxnew1024.seed10086.subtreePrefetch.vllm.log,bfs_accept_first,12,2744,2026-09-09 15:43:15,2792.0,326.2,885.6,11,0,1.8,0.0
dataset-lcb_v6.model-qwen3.5-9b.alpha4.0.steps100.blocks-1.prefetch-budget-12.rank-bfs_accept_first.cut-entropy4.0.samples20.maxnew1024.seed10086.subtreePrefetch.vllm.log,bfs_accept_first,12,2749,2026-09-09 15:43:25,2802.0,438.1,962.7,12,0,2.2,0.0
dataset-lcb_v6.model-qwen3.5-9b.alpha4.0.steps100.blocks-1.prefetch-budget-12.rank-bfs_accept_first.cut-entropy4.0.samples20.maxnew1024.seed10086.subtreePrefetch.vllm.log,bfs_accept_first,12,2754,2026-09-09 15:43:35,2812.0,402.3,1021.9,12,0,2.1,0.0
dataset-lcb_v6.model-qwen3.5-9b.alpha4.0.steps100.blocks-1.prefetch-budget-12.rank-bfs_accept_first.cut-entropy4.0.samples20.maxnew1024.seed10086.subtreePrefetch.vllm.log,bfs_accept_first,12,2759,2026-09-09 15:43:45,2822.0,504.7,965.1,12,0,2.4,0.0
dataset-lcb_v6.model-qwen3.5-9b.alpha4.0.steps100.blocks-1.prefetch-budget-12.rank-bfs_accept_first.cut-entropy4.0.samples20.maxnew1024.seed10086.subtreePrefetch.vllm.log,bfs_accept_first,12,2764,2026-09-09 15:43:55,2832.0,277.6,970.7,12,0,1.8,0.0
dataset-lcb_v6.model-qwen3.5-9b.alpha4.0.steps100.blocks-1.prefetch-budget-12.rank-bfs_accept_first.cut-entropy4.0.samples20.maxnew1024.seed10086.subtreePrefetch.vllm.log,bfs_accept_first,12,2769,2026-09-09 15:44:05,2842.0,359.2,927.7,9,0,1.8,0.0
dataset-lcb_v6.model-qwen3.5-9b.alpha4.0.steps100.blocks-1.prefetch-budget-12.rank-bfs_accept_first.cut-entropy4.0.samples20.maxnew1024.seed10086.subtreePrefetch.vllm.log,bfs_accept_first,12,2774,2026-09-09 15:44:15,2852.0,436.8,735.9,10,0,1.9,0.0
dataset-lcb_v6.model-qwen3.5-9b.alpha4.0.steps100.blocks-1.prefetch-budget-12.rank-bfs_accept_first.cut-entropy4.0.samples20.maxnew1024.seed10086.subtreePrefetch.vllm.log,bfs_accept_first,12,2779,2026-09-09 15:44:25,2862.0,248.6,839.4,12,0,2.0,0.0
dataset-lcb_v6.model-qwen3.5-9b.alpha4.0.steps100.blocks-1.prefetch-budget-12.rank-bfs_accept_first.cut-entropy4.0.samples20.maxnew1024.seed10086.subtreePrefetch.vllm.log,bfs_accept_first,12,2784,2026-09-09 15:44:35,2872.0,259.3,934.8,11,0,2.0,0.0
dataset-lcb_v6.model-qwen3.5-9b.alpha4.0.steps100.blocks-1.prefetch-budget-12.rank-bfs_accept_first.cut-entropy4.0.samples20.maxnew1024.seed10086.subtreePrefetch.vllm.log,bfs_accept_first,12,2789,2026-09-09 15:44:45,2882.0,297.9,935.1,12,0,2.2,0.0
dataset-lcb_v6.model-qwen3.5-9b.alpha4.0.steps100.blocks-1.prefetch-budget-12.rank-bfs_accept_first.cut-entropy4.0.samples20.maxnew1024.seed10086.subtreePrefetch.vllm.log,bfs_accept_first,12,2794,2026-09-09 15:44:55,2892.0,380.1,826.0,9,0,1.7,0.0
dataset-lcb_v6.model-qwen3.5-9b.alpha4.0.steps100.blocks-1.prefetch-budget-12.rank-bfs_accept_first.cut-entropy4.0.samples20.maxnew1024.seed10086.subtreePrefetch.vllm.log,bfs_accept_first,12,2799,2026-09-09 15:45:05,2902.0,385.7,841.5,11,0,2.3,0.0
dataset-lcb_v6.model-qwen3.5-9b.alpha4.0.steps100.blocks-1.prefetch-budget-12.rank-bfs_accept_first.cut-entropy4.0.samples20.maxnew1024.seed10086.subtreePrefetch.vllm.log,bfs_accept_first,12,2804,2026-09-09 15:45:15,2912.0,312.6,899.6,8,0,1.5,0.0
dataset-lcb_v6.model-qwen3.5-9b.alpha4.0.steps100.blocks-1.prefetch-budget-12.rank-bfs_accept_first.cut-entropy4.0.samples20.maxnew1024.seed10086.subtreePrefetch.vllm.log,bfs_accept_first,12,2809,2026-09-09 15:45:25,2922.0,396.5,799.2,7,0,1.8,0.0
dataset-lcb_v6.model-qwen3.5-9b.alpha4.0.steps100.blocks-1.prefetch-budget-12.rank-bfs_accept_first.cut-entropy4.0.samples20.maxnew1024.seed10086.subtreePrefetch.vllm.log,bfs_accept_first,12,2814,2026-09-09 15:45:35,2932.0,353.8,812.0,6,0,1.5,0.0
dataset-lcb_v6.model-qwen3.5-9b.alpha4.0.steps100.blocks-1.prefetch-budget-12.rank-bfs_accept_first.cut-entropy4.0.samples20.maxnew1024.seed10086.subtreePrefetch.vllm.log,bfs_accept_first,12,2819,2026-09-09 15:45:45,2942.0,346.9,668.6,2,0,0.6,0.0
dataset-lcb_v6.model-qwen3.5-9b.alpha4.0.steps100.blocks-1.prefetch-budget-12.rank-bfs_accept_first.cut-entropy4.0.samples20.maxnew1024.seed10086.subtreePrefetch.vllm.log,bfs_accept_first,12,2828,2026-09-09 15:45:55,2952.0,645.8,774.4,12,0,1.4,0.0
dataset-lcb_v6.model-qwen3.5-9b.alpha4.0.steps100.blocks-1.prefetch-budget-12.rank-bfs_accept_first.cut-entropy4.0.samples20.maxnew1024.seed10086.subtreePrefetch.vllm.log,bfs_accept_first,12,2833,2026-09-09 15:46:05,2962.0,329.8,809.8,12,0,1.5,0.0
dataset-lcb_v6.model-qwen3.5-9b.alpha4.0.steps100.blocks-1.prefetch-budget-12.rank-bfs_accept_first.cut-entropy4.0.samples20.maxnew1024.seed10086.subtreePrefetch.vllm.log,bfs_accept_first,12,2838,2026-09-09 15:46:15,2972.0,328.1,851.3,10,0,1.2,0.0
dataset-lcb_v6.model-qwen3.5-9b.alpha4.0.steps100.blocks-1.prefetch-budget-12.rank-bfs_accept_first.cut-entropy4.0.samples20.maxnew1024.seed10086.subtreePrefetch.vllm.log,bfs_accept_first,12,2843,2026-09-09 15:46:25,2982.0,397.7,794.1,12,0,1.7,0.0
dataset-lcb_v6.model-qwen3.5-9b.alpha4.0.steps100.blocks-1.prefetch-budget-12.rank-bfs_accept_first.cut-entropy4.0.samples20.maxnew1024.seed10086.subtreePrefetch.vllm.log,bfs_accept_first,12,2848,2026-09-09 15:46:35,2992.0,477.8,788.8,10,0,1.9,0.0
dataset-lcb_v6.model-qwen3.5-9b.alpha4.0.steps100.blocks-1.prefetch-budget-12.rank-bfs_accept_first.cut-entropy4.0.samples20.maxnew1024.seed10086.subtreePrefetch.vllm.log,bfs_accept_first,12,2853,2026-09-09 15:46:45,3002.0,314.4,847.2,12,0,1.7,0.0
dataset-lcb_v6.model-qwen3.5-9b.alpha4.0.steps100.blocks-1.prefetch-budget-12.rank-bfs_accept_first.cut-entropy4.0.samples20.maxnew1024.seed10086.subtreePrefetch.vllm.log,bfs_accept_first,12,2858,2026-09-09 15:46:55,3012.0,465.4,908.6,12,0,2.1,0.0
dataset-lcb_v6.model-qwen3.5-9b.alpha4.0.steps100.blocks-1.prefetch-budget-12.rank-bfs_accept_first.cut-entropy4.0.samples20.maxnew1024.seed10086.subtreePrefetch.vllm.log,bfs_accept_first,12,2886,2026-09-09 15:47:05,3022.0,36.5,745.3,1,0,0.2,0.0
dataset-lcb_v6.model-qwen3.5-9b.alpha4.0.steps100.blocks-1.prefetch-budget-12.rank-bfs_accept_first.cut-entropy4.0.samples20.maxnew1024.seed10086.subtreePrefetch.vllm.log,bfs_accept_first,12,2891,2026-09-09 15:47:15,3032.0,475.3,359.7,10,0,2.1,0.0
dataset-lcb_v6.model-qwen3.5-9b.alpha4.0.steps100.blocks-1.prefetch-budget-12.rank-bfs_accept_first.cut-entropy4.0.samples20.maxnew1024.seed10086.subtreePrefetch.vllm.log,bfs_accept_first,12,2896,2026-09-09 15:47:25,3042.0,394.7,839.1,12,0,2.2,0.0
dataset-lcb_v6.model-qwen3.5-9b.alpha4.0.steps100.blocks-1.prefetch-budget-12.rank-bfs_accept_first.cut-entropy4.0.samples20.maxnew1024.seed10086.subtreePrefetch.vllm.log,bfs_accept_first,12,2901,2026-09-09 15:47:35,3052.0,303.7,801.1,11,0,1.6,0.0
dataset-lcb_v6.model-qwen3.5-9b.alpha4.0.steps100.blocks-1.prefetch-budget-12.rank-bfs_accept_first.cut-entropy4.0.samples20.maxnew1024.seed10086.subtreePrefetch.vllm.log,bfs_accept_first,12,2906,2026-09-09 15:47:45,3062.0,268.3,839.7,11,0,1.5,0.0
dataset-lcb_v6.model-qwen3.5-9b.alpha4.0.steps100.blocks-1.prefetch-budget-12.rank-bfs_accept_first.cut-entropy4.0.samples20.maxnew1024.seed10086.subtreePrefetch.vllm.log,bfs_accept_first,12,2911,2026-09-09 15:47:55,3072.0,300.3,775.8,12,0,1.7,0.0
dataset-lcb_v6.model-qwen3.5-9b.alpha4.0.steps100.blocks-1.prefetch-budget-12.rank-bfs_accept_first.cut-entropy4.0.samples20.maxnew1024.seed10086.subtreePrefetch.vllm.log,bfs_accept_first,12,2916,2026-09-09 15:48:05,3082.0,262.4,789.7,12,0,1.7,0.0
dataset-lcb_v6.model-qwen3.5-9b.alpha4.0.steps100.blocks-1.prefetch-budget-12.rank-bfs_accept_first.cut-entropy4.0.samples20.maxnew1024.seed10086.subtreePrefetch.vllm.log,bfs_accept_first,12,2921,2026-09-09 15:48:15,3092.0,323.2,900.4,12,0,1.4,0.0
dataset-lcb_v6.model-qwen3.5-9b.alpha4.0.steps100.blocks-1.prefetch-budget-12.rank-bfs_accept_first.cut-entropy4.0.samples20.maxnew1024.seed10086.subtreePrefetch.vllm.log,bfs_accept_first,12,2926,2026-09-09 15:48:25,3102.0,307.9,647.2,12,0,1.8,0.0
dataset-lcb_v6.model-qwen3.5-9b.alpha4.0.steps100.blocks-1.prefetch-budget-12.rank-bfs_accept_first.cut-entropy4.0.samples20.maxnew1024.seed10086.subtreePrefetch.vllm.log,bfs_accept_first,12,2931,2026-09-09 15:48:35,3112.0,384.2,814.6,11,0,1.7,0.0
dataset-lcb_v6.model-qwen3.5-9b.alpha4.0.steps100.blocks-1.prefetch-budget-12.rank-bfs_accept_first.cut-entropy4.0.samples20.maxnew1024.seed10086.subtreePrefetch.vllm.log,bfs_accept_first,12,2936,2026-09-09 15:48:45,3122.0,222.0,786.4,12,0,1.4,0.0
dataset-lcb_v6.model-qwen3.5-9b.alpha4.0.steps100.blocks-1.prefetch-budget-12.rank-bfs_accept_first.cut-entropy4.0.samples20.maxnew1024.seed10086.subtreePrefetch.vllm.log,bfs_accept_first,12,2941,2026-09-09 15:48:55,3132.0,352.0,847.7,12,0,1.3,0.0
dataset-lcb_v6.model-qwen3.5-9b.alpha4.0.steps100.blocks-1.prefetch-budget-12.rank-bfs_accept_first.cut-entropy4.0.samples20.maxnew1024.seed10086.subtreePrefetch.vllm.log,bfs_accept_first,12,2946,2026-09-09 15:49:05,3142.0,415.2,948.8,12,0,1.4,0.0
dataset-lcb_v6.model-qwen3.5-9b.alpha4.0.steps100.blocks-1.prefetch-budget-12.rank-bfs_accept_first.cut-entropy4.0.samples20.maxnew1024.seed10086.subtreePrefetch.vllm.log,bfs_accept_first,12,2947,2026-09-09 15:49:15,3152.0,0.0,907.4,2,0,0.6,0.0
dataset-lcb_v6.model-qwen3.5-9b.alpha4.0.steps100.blocks-1.prefetch-budget-12.rank-bfs_accept_first.cut-entropy4.0.samples20.maxnew1024.seed10086.subtreePrefetch.vllm.log,bfs_accept_first,12,2952,2026-09-09 15:49:25,3162.0,270.5,857.7,3,0,0.9,0.0
dataset-lcb_v6.model-qwen3.5-9b.alpha4.0.steps100.blocks-1.prefetch-budget-12.rank-bfs_accept_first.cut-entropy4.0.samples20.maxnew1024.seed10086.subtreePrefetch.vllm.log,bfs_accept_first,12,2957,2026-09-09 15:49:35,3172.0,266.1,825.1,1,0,0.3,0.0
dataset-lcb_v6.model-qwen3.5-9b.alpha4.0.steps100.blocks-1.prefetch-budget-12.rank-bfs_accept_first.cut-entropy4.0.samples20.maxnew1024.seed10086.subtreePrefetch.vllm.log,bfs_accept_first,12,2962,2026-09-09 15:49:45,3182.0,326.7,885.8,4,0,1.2,0.0
dataset-lcb_v6.model-qwen3.5-9b.alpha4.0.steps100.blocks-1.prefetch-budget-12.rank-bfs_accept_first.cut-entropy4.0.samples20.maxnew1024.seed10086.subtreePrefetch.vllm.log,bfs_accept_first,12,2967,2026-09-09 15:49:55,3192.0,378.2,796.3,4,0,1.2,0.0
dataset-lcb_v6.model-qwen3.5-9b.alpha4.0.steps100.blocks-1.prefetch-budget-12.rank-bfs_accept_first.cut-entropy4.0.samples20.maxnew1024.seed10086.subtreePrefetch.vllm.log,bfs_accept_first,12,2972,2026-09-09 15:50:05,3202.0,287.8,830.6,2,0,0.6,0.0
dataset-lcb_v6.model-qwen3.5-9b.alpha4.0.steps100.blocks-1.prefetch-budget-12.rank-bfs_accept_first.cut-entropy4.0.samples20.maxnew1024.seed10086.subtreePrefetch.vllm.log,bfs_accept_first,12,2977,2026-09-09 15:50:15,3212.0,376.0,880.2,8,0,2.3,0.0
dataset-lcb_v6.model-qwen3.5-9b.alpha4.0.steps100.blocks-1.prefetch-budget-12.rank-bfs_accept_first.cut-entropy4.0.samples20.maxnew1024.seed10086.subtreePrefetch.vllm.log,bfs_accept_first,12,2982,2026-09-09 15:50:25,3222.0,348.1,845.0,7,0,2.0,0.0
dataset-lcb_v6.model-qwen3.5-9b.alpha4.0.steps100.blocks-1.prefetch-budget-12.rank-bfs_accept_first.cut-entropy4.0.samples20.maxnew1024.seed10086.subtreePrefetch.vllm.log,bfs_accept_first,12,2987,2026-09-09 15:50:35,3232.0,344.4,841.5,5,0,1.5,0.0
dataset-lcb_v6.model-qwen3.5-9b.alpha4.0.steps100.blocks-1.prefetch-budget-12.rank-bfs_accept_first.cut-entropy4.0.samples20.maxnew1024.seed10086.subtreePrefetch.vllm.log,bfs_accept_first,12,2992,2026-09-09 15:50:45,3242.0,248.1,879.5,7,0,1.7,0.0
dataset-lcb_v6.model-qwen3.5-9b.alpha4.0.steps100.blocks-1.prefetch-budget-12.rank-bfs_accept_first.cut-entropy4.0.samples20.maxnew1024.seed10086.subtreePrefetch.vllm.log,bfs_accept_first,12,2997,2026-09-09 15:50:55,3252.0,271.4,862.2,8,0,1.8,0.0
dataset-lcb_v6.model-qwen3.5-9b.alpha4.0.steps100.blocks-1.prefetch-budget-12.rank-bfs_accept_first.cut-entropy4.0.samples20.maxnew1024.seed10086.subtreePrefetch.vllm.log,bfs_accept_first,12,3002,2026-09-09 15:51:05,3262.0,342.0,866.0,8,0,1.7,0.0
dataset-lcb_v6.model-qwen3.5-9b.alpha4.0.steps100.blocks-1.prefetch-budget-12.rank-bfs_accept_first.cut-entropy4.0.samples20.maxnew1024.seed10086.subtreePrefetch.vllm.log,bfs_accept_first,12,3007,2026-09-09 15:51:15,3272.0,250.1,789.4,9,0,2.0,0.0
dataset-lcb_v6.model-qwen3.5-9b.alpha4.0.steps100.blocks-1.prefetch-budget-12.rank-bfs_accept_first.cut-entropy4.0.samples20.maxnew1024.seed10086.subtreePrefetch.vllm.log,bfs_accept_first,12,3012,2026-09-09 15:51:25,3282.0,308.6,853.1,8,0,1.7,0.0
dataset-lcb_v6.model-qwen3.5-9b.alpha4.0.steps100.blocks-1.prefetch-budget-12.rank-bfs_accept_first.cut-entropy4.0.samples20.maxnew1024.seed10086.subtreePrefetch.vllm.log,bfs_accept_first,12,3017,2026-09-09 15:51:35,3292.0,160.5,515.4,3,0,0.7,0.0
dataset-lcb_v6.model-qwen3.5-9b.alpha4.0.steps100.blocks-1.prefetch-budget-12.rank-bfs_accept_first.cut-entropy4.0.samples20.maxnew1024.seed10086.subtreePrefetch.vllm.log,bfs_accept_first,12,3045,2026-09-09 15:51:45,3302.0,39.7,139.9,1,0,0.3,0.0
dataset-lcb_v6.model-qwen3.5-9b.alpha4.0.steps100.blocks-1.prefetch-budget-12.rank-bfs_accept_first.cut-entropy4.0.samples20.maxnew1024.seed10086.subtreePrefetch.vllm.log,bfs_accept_first,12,3050,2026-09-09 15:51:55,3312.0,355.6,720.6,7,0,2.0,0.0
dataset-lcb_v6.model-qwen3.5-9b.alpha4.0.steps100.blocks-1.prefetch-budget-12.rank-bfs_accept_first.cut-entropy4.0.samples20.maxnew1024.seed10086.subtreePrefetch.vllm.log,bfs_accept_first,12,3055,2026-09-09 15:52:05,3322.0,324.5,747.6,7,0,2.0,0.0
dataset-lcb_v6.model-qwen3.5-9b.alpha4.0.steps100.blocks-1.prefetch-budget-12.rank-bfs_accept_first.cut-entropy4.0.samples20.maxnew1024.seed10086.subtreePrefetch.vllm.log,bfs_accept_first,12,3060,2026-09-09 15:52:15,3332.0,269.7,809.2,8,0,2.1,0.0
dataset-lcb_v6.model-qwen3.5-9b.alpha4.0.steps100.blocks-1.prefetch-budget-12.rank-bfs_accept_first.cut-entropy4.0.samples20.maxnew1024.seed10086.subtreePrefetch.vllm.log,bfs_accept_first,12,3065,2026-09-09 15:52:25,3342.0,283.2,805.8,7,0,1.8,0.0
dataset-lcb_v6.model-qwen3.5-9b.alpha4.0.steps100.blocks-1.prefetch-budget-12.rank-bfs_accept_first.cut-entropy4.0.samples20.maxnew1024.seed10086.subtreePrefetch.vllm.log,bfs_accept_first,12,3070,2026-09-09 15:52:35,3352.0,301.2,763.8,6,0,1.7,0.0
dataset-lcb_v6.model-qwen3.5-9b.alpha4.0.steps100.blocks-1.prefetch-budget-12.rank-bfs_accept_first.cut-entropy4.0.samples20.maxnew1024.seed10086.subtreePrefetch.vllm.log,bfs_accept_first,12,3075,2026-09-09 15:52:45,3362.0,430.7,795.5,7,0,2.0,0.0
dataset-lcb_v6.model-qwen3.5-9b.alpha4.0.steps100.blocks-1.prefetch-budget-12.rank-bfs_accept_first.cut-entropy4.0.samples20.maxnew1024.seed10086.subtreePrefetch.vllm.log,bfs_accept_first,12,3080,2026-09-09 15:52:55,3372.0,406.2,902.1,11,0,3.0,0.0
dataset-lcb_v6.model-qwen3.5-9b.alpha4.0.steps100.blocks-1.prefetch-budget-12.rank-bfs_accept_first.cut-entropy4.0.samples20.maxnew1024.seed10086.subtreePrefetch.vllm.log,bfs_accept_first,12,3085,2026-09-09 15:53:05,3382.0,331.9,983.6,9,0,2.0,0.0
dataset-lcb_v6.model-qwen3.5-9b.alpha4.0.steps100.blocks-1.prefetch-budget-12.rank-bfs_accept_first.cut-entropy4.0.samples20.maxnew1024.seed10086.subtreePrefetch.vllm.log,bfs_accept_first,12,3090,2026-09-09 15:53:15,3392.0,426.4,791.1,11,0,2.3,0.0
dataset-lcb_v6.model-qwen3.5-9b.alpha4.0.steps100.blocks-1.prefetch-budget-12.rank-bfs_accept_first.cut-entropy4.0.samples20.maxnew1024.seed10086.subtreePrefetch.vllm.log,bfs_accept_first,12,3095,2026-09-09 15:53:25,3402.0,353.3,949.9,12,0,2.5,0.0
dataset-lcb_v6.model-qwen3.5-9b.alpha4.0.steps100.blocks-1.prefetch-budget-12.rank-bfs_accept_first.cut-entropy4.0.samples20.maxnew1024.seed10086.subtreePrefetch.vllm.log,bfs_accept_first,12,3100,2026-09-09 15:53:35,3412.0,402.3,900.6,10,0,2.0,0.0
dataset-lcb_v6.model-qwen3.5-9b.alpha4.0.steps100.blocks-1.prefetch-budget-12.rank-bfs_accept_first.cut-entropy4.0.samples20.maxnew1024.seed10086.subtreePrefetch.vllm.log,bfs_accept_first,12,3105,2026-09-09 15:53:45,3422.0,400.3,934.3,12,0,2.4,0.0
dataset-lcb_v6.model-qwen3.5-9b.alpha4.0.steps100.blocks-1.prefetch-budget-12.rank-bfs_accept_first.cut-entropy4.0.samples20.maxnew1024.seed10086.subtreePrefetch.vllm.log,bfs_accept_first,12,3110,2026-09-09 15:53:55,3432.0,249.9,906.2,11,0,2.1,0.0
dataset-lcb_v6.model-qwen3.5-9b.alpha4.0.steps100.blocks-1.prefetch-budget-12.rank-bfs_accept_first.cut-entropy4.0.samples20.maxnew1024.seed10086.subtreePrefetch.vllm.log,bfs_accept_first,12,3115,2026-09-09 15:54:05,3442.0,304.1,847.2,10,0,2.0,0.0
dataset-lcb_v6.model-qwen3.5-9b.alpha4.0.steps100.blocks-1.prefetch-budget-12.rank-bfs_accept_first.cut-entropy4.0.samples20.maxnew1024.seed10086.subtreePrefetch.vllm.log,bfs_accept_first,12,3120,2026-09-09 15:54:15,3452.0,252.0,921.4,12,0,2.3,0.0
dataset-lcb_v6.model-qwen3.5-9b.alpha4.0.steps100.blocks-1.prefetch-budget-12.rank-bfs_accept_first.cut-entropy4.0.samples20.maxnew1024.seed10086.subtreePrefetch.vllm.log,bfs_accept_first,12,3125,2026-09-09 15:54:25,3462.0,289.5,923.6,10,0,2.0,0.0
dataset-lcb_v6.model-qwen3.5-9b.alpha4.0.steps100.blocks-1.prefetch-budget-12.rank-bfs_accept_first.cut-entropy4.0.samples20.maxnew1024.seed10086.subtreePrefetch.vllm.log,bfs_accept_first,12,3130,2026-09-09 15:54:35,3472.0,336.2,930.9,12,0,2.2,0.0
dataset-lcb_v6.model-qwen3.5-9b.alpha4.0.steps100.blocks-1.prefetch-budget-12.rank-bfs_accept_first.cut-entropy4.0.samples20.maxnew1024.seed10086.subtreePrefetch.vllm.log,bfs_accept_first,12,3135,2026-09-09 15:54:45,3482.0,451.8,962.8,12,0,2.5,0.0
dataset-lcb_v6.model-qwen3.5-9b.alpha4.0.steps100.blocks-1.prefetch-budget-12.rank-bfs_accept_first.cut-entropy4.0.samples20.maxnew1024.seed10086.subtreePrefetch.vllm.log,bfs_accept_first,12,3140,2026-09-09 15:54:55,3492.0,369.4,952.6,12,0,2.4,0.0
dataset-lcb_v6.model-qwen3.5-9b.alpha4.0.steps100.blocks-1.prefetch-budget-12.rank-bfs_accept_first.cut-entropy4.0.samples20.maxnew1024.seed10086.subtreePrefetch.vllm.log,bfs_accept_first,12,3145,2026-09-09 15:55:05,3502.0,316.6,845.5,12,0,1.9,0.0
dataset-lcb_v6.model-qwen3.5-9b.alpha4.0.steps100.blocks-1.prefetch-budget-12.rank-bfs_accept_first.cut-entropy4.0.samples20.maxnew1024.seed10086.subtreePrefetch.vllm.log,bfs_accept_first,12,3150,2026-09-09 15:55:15,3512.0,407.8,906.4,12,0,2.1,0.0
dataset-lcb_v6.model-qwen3.5-9b.alpha4.0.steps100.blocks-1.prefetch-budget-12.rank-bfs_accept_first.cut-entropy4.0.samples20.maxnew1024.seed10086.subtreePrefetch.vllm.log,bfs_accept_first,12,3155,2026-09-09 15:55:25,3522.0,85.0,752.8,2,0,0.5,0.0
dataset-lcb_v6.model-qwen3.5-9b.alpha4.0.steps100.blocks-1.prefetch-budget-12.rank-bfs_accept_first.cut-entropy4.0.samples20.maxnew1024.seed10086.subtreePrefetch.vllm.log,bfs_accept_first,12,3183,2026-09-09 15:55:35,3532.0,35.4,143.0,1,0,0.2,0.0
dataset-lcb_v6.model-qwen3.5-9b.alpha4.0.steps100.blocks-1.prefetch-budget-12.rank-bfs_accept_first.cut-entropy4.0.samples20.maxnew1024.seed10086.subtreePrefetch.vllm.log,bfs_accept_first,12,3188,2026-09-09 15:55:45,3542.0,358.5,557.1,8,0,1.7,0.0
dataset-lcb_v6.model-qwen3.5-9b.alpha4.0.steps100.blocks-1.prefetch-budget-12.rank-bfs_accept_first.cut-entropy4.0.samples20.maxnew1024.seed10086.subtreePrefetch.vllm.log,bfs_accept_first,12,3193,2026-09-09 15:55:55,3552.0,392.1,831.3,11,0,2.2,0.0
dataset-lcb_v6.model-qwen3.5-9b.alpha4.0.steps100.blocks-1.prefetch-budget-12.rank-bfs_accept_first.cut-entropy4.0.samples20.maxnew1024.seed10086.subtreePrefetch.vllm.log,bfs_accept_first,12,3198,2026-09-09 15:56:05,3562.0,384.3,986.7,12,0,2.3,0.0
dataset-lcb_v6.model-qwen3.5-9b.alpha4.0.steps100.blocks-1.prefetch-budget-12.rank-bfs_accept_first.cut-entropy4.0.samples20.maxnew1024.seed10086.subtreePrefetch.vllm.log,bfs_accept_first,12,3203,2026-09-09 15:56:15,3572.0,400.0,1041.9,12,0,2.4,0.0
dataset-lcb_v6.model-qwen3.5-9b.alpha4.0.steps100.blocks-1.prefetch-budget-12.rank-bfs_accept_first.cut-entropy4.0.samples20.maxnew1024.seed10086.subtreePrefetch.vllm.log,bfs_accept_first,12,3208,2026-09-09 15:56:25,3582.0,383.5,1068.5,12,0,1.4,0.0
dataset-lcb_v6.model-qwen3.5-9b.alpha4.0.steps100.blocks-1.prefetch-budget-12.rank-bfs_accept_first.cut-entropy4.0.samples20.maxnew1024.seed10086.subtreePrefetch.vllm.log,bfs_accept_first,12,3213,2026-09-09 15:56:35,3592.0,456.0,1044.7,12,0,1.4,0.0
dataset-lcb_v6.model-qwen3.5-9b.alpha4.0.steps100.blocks-1.prefetch-budget-12.rank-bfs_accept_first.cut-entropy4.0.samples20.maxnew1024.seed10086.subtreePrefetch.vllm.log,bfs_accept_first,12,3214,2026-09-09 15:56:45,3602.0,0.0,1098.1,10,0,3.0,0.0
dataset-lcb_v6.model-qwen3.5-9b.alpha4.0.steps100.blocks-1.prefetch-budget-12.rank-bfs_accept_first.cut-entropy4.0.samples20.maxnew1024.seed10086.subtreePrefetch.vllm.log,bfs_accept_first,12,3219,2026-09-09 15:56:55,3612.0,333.5,1065.3,9,0,2.7,0.0
dataset-lcb_v6.model-qwen3.5-9b.alpha4.0.steps100.blocks-1.prefetch-budget-12.rank-bfs_accept_first.cut-entropy4.0.samples20.maxnew1024.seed10086.subtreePrefetch.vllm.log,bfs_accept_first,12,3224,2026-09-09 15:57:05,3622.0,429.4,1057.7,12,0,3.6,0.0
dataset-lcb_v6.model-qwen3.5-9b.alpha4.0.steps100.blocks-1.prefetch-budget-12.rank-bfs_accept_first.cut-entropy4.0.samples20.maxnew1024.seed10086.subtreePrefetch.vllm.log,bfs_accept_first,12,3229,2026-09-09 15:57:15,3632.0,429.3,1094.6,12,0,2.4,0.0
dataset-lcb_v6.model-qwen3.5-9b.alpha4.0.steps100.blocks-1.prefetch-budget-12.rank-bfs_accept_first.cut-entropy4.0.samples20.maxnew1024.seed10086.subtreePrefetch.vllm.log,bfs_accept_first,12,3234,2026-09-09 15:57:25,3642.0,429.5,1097.3,12,0,2.4,0.0
dataset-lcb_v6.model-qwen3.5-9b.alpha4.0.steps100.blocks-1.prefetch-budget-12.rank-bfs_accept_first.cut-entropy4.0.samples20.maxnew1024.seed10086.subtreePrefetch.vllm.log,bfs_accept_first,12,3239,2026-09-09 15:57:35,3652.0,429.5,1092.8,12,0,2.4,0.0
dataset-lcb_v6.model-qwen3.5-9b.alpha4.0.steps100.blocks-1.prefetch-budget-12.rank-bfs_accept_first.cut-entropy4.0.samples20.maxnew1024.seed10086.subtreePrefetch.vllm.log,bfs_accept_first,12,3244,2026-09-09 15:57:45,3662.0,429.4,1095.1,12,0,2.4,0.0
dataset-lcb_v6.model-qwen3.5-9b.alpha4.0.steps100.blocks-1.prefetch-budget-12.rank-bfs_accept_first.cut-entropy4.0.samples20.maxnew1024.seed10086.subtreePrefetch.vllm.log,bfs_accept_first,12,3249,2026-09-09 15:57:55,3672.0,439.5,1093.0,12,0,2.4,0.0
dataset-lcb_v6.model-qwen3.5-9b.alpha4.0.steps100.blocks-1.prefetch-budget-12.rank-bfs_accept_first.cut-entropy4.0.samples20.maxnew1024.seed10086.subtreePrefetch.vllm.log,bfs_accept_first,12,3254,2026-09-09 15:58:05,3682.0,429.2,1082.1,12,0,1.2,0.0
dataset-lcb_v6.model-qwen3.5-9b.alpha4.0.steps100.blocks-1.prefetch-budget-12.rank-bfs_accept_first.cut-entropy4.0.samples20.maxnew1024.seed10086.subtreePrefetch.vllm.log,bfs_accept_first,12,3259,2026-09-09 15:58:15,3692.0,429.4,1091.4,12,0,1.2,0.0
dataset-lcb_v6.model-qwen3.5-9b.alpha4.0.steps100.blocks-1.prefetch-budget-12.rank-bfs_accept_first.cut-entropy4.0.samples20.maxnew1024.seed10086.subtreePrefetch.vllm.log,bfs_accept_first,12,3260,2026-09-09 15:58:25,3702.0,0.0,1118.9,12,0,3.6,0.0
dataset-lcb_v6.model-qwen3.5-9b.alpha4.0.steps100.blocks-1.prefetch-budget-12.rank-bfs_accept_first.cut-entropy4.0.samples20.maxnew1024.seed10086.subtreePrefetch.vllm.log,bfs_accept_first,12,3265,2026-09-09 15:58:35,3712.0,429.4,1091.6,12,0,3.6,0.0
dataset-lcb_v6.model-qwen3.5-9b.alpha4.0.steps100.blocks-1.prefetch-budget-12.rank-bfs_accept_first.cut-entropy4.0.samples20.maxnew1024.seed10086.subtreePrefetch.vllm.log,bfs_accept_first,12,3270,2026-09-09 15:58:45,3722.0,429.1,964.9,12,0,2.4,0.0
dataset-lcb_v6.model-qwen3.5-9b.alpha4.0.steps100.blocks-1.prefetch-budget-12.rank-bfs_accept_first.cut-entropy4.0.samples20.maxnew1024.seed10086.subtreePrefetch.vllm.log,bfs_accept_first,12,3275,2026-09-09 15:58:55,3732.0,449.2,1068.1,12,0,2.4,0.0
dataset-lcb_v6.model-qwen3.5-9b.alpha4.0.steps100.blocks-1.prefetch-budget-12.rank-bfs_accept_first.cut-entropy4.0.samples20.maxnew1024.seed10086.subtreePrefetch.vllm.log,bfs_accept_first,12,3280,2026-09-09 15:59:05,3742.0,439.6,1073.2,12,0,2.4,0.0
dataset-lcb_v6.model-qwen3.5-9b.alpha4.0.steps100.blocks-1.prefetch-budget-12.rank-bfs_accept_first.cut-entropy4.0.samples20.maxnew1024.seed10086.subtreePrefetch.vllm.log,bfs_accept_first,12,3285,2026-09-09 15:59:15,3752.0,429.3,1078.8,12,0,2.4,0.0
dataset-lcb_v6.model-qwen3.5-9b.alpha4.0.steps100.blocks-1.prefetch-budget-12.rank-bfs_accept_first.cut-entropy4.0.samples20.maxnew1024.seed10086.subtreePrefetch.vllm.log,bfs_accept_first,12,3290,2026-09-09 15:59:25,3762.0,429.3,1083.0,12,0,2.4,0.0
dataset-lcb_v6.model-qwen3.5-9b.alpha4.0.steps100.blocks-1.prefetch-budget-12.rank-bfs_accept_first.cut-entropy4.0.samples20.maxnew1024.seed10086.subtreePrefetch.vllm.log,bfs_accept_first,12,3295,2026-09-09 15:59:35,3772.0,439.4,1078.4,12,0,1.2,0.0
dataset-lcb_v6.model-qwen3.5-9b.alpha4.0.steps100.blocks-1.prefetch-budget-12.rank-bfs_accept_first.cut-entropy4.0.samples20.maxnew1024.seed10086.subtreePrefetch.vllm.log,bfs_accept_first,12,3296,2026-09-09 15:59:45,3782.0,0.0,1109.4,11,0,3.3,0.0
dataset-lcb_v6.model-qwen3.5-9b.alpha4.0.steps100.blocks-1.prefetch-budget-12.rank-bfs_accept_first.cut-entropy4.0.samples20.maxnew1024.seed10086.subtreePrefetch.vllm.log,bfs_accept_first,12,3301,2026-09-09 15:59:55,3792.0,428.9,1057.9,11,0,3.3,0.0
dataset-lcb_v6.model-qwen3.5-9b.alpha4.0.steps100.blocks-1.prefetch-budget-12.rank-bfs_accept_first.cut-entropy4.0.samples20.maxnew1024.seed10086.subtreePrefetch.vllm.log,bfs_accept_first,12,3306,2026-09-09 16:00:05,3802.0,429.6,1081.4,12,0,3.6,0.0
dataset-lcb_v6.model-qwen3.5-9b.alpha4.0.steps100.blocks-1.prefetch-budget-12.rank-bfs_accept_first.cut-entropy4.0.samples20.maxnew1024.seed10086.subtreePrefetch.vllm.log,bfs_accept_first,12,3311,2026-09-09 16:00:15,3812.0,429.4,1084.3,12,0,2.4,0.0
dataset-lcb_v6.model-qwen3.5-9b.alpha4.0.steps100.blocks-1.prefetch-budget-12.rank-bfs_accept_first.cut-entropy4.0.samples20.maxnew1024.seed10086.subtreePrefetch.vllm.log,bfs_accept_first,12,3316,2026-09-09 16:00:25,3822.0,429.4,1090.4,12,0,2.4,0.0
dataset-lcb_v6.model-qwen3.5-9b.alpha4.0.steps100.blocks-1.prefetch-budget-12.rank-bfs_accept_first.cut-entropy4.0.samples20.maxnew1024.seed10086.subtreePrefetch.vllm.log,bfs_accept_first,12,3321,2026-09-09 16:00:35,3832.0,429.5,1089.4,12,0,2.4,0.0
dataset-lcb_v6.model-qwen3.5-9b.alpha4.0.steps100.blocks-1.prefetch-budget-12.rank-bfs_accept_first.cut-entropy4.0.samples20.maxnew1024.seed10086.subtreePrefetch.vllm.log,bfs_accept_first,12,3326,2026-09-09 16:00:45,3842.0,434.1,1091.4,12,0,2.4,0.0
dataset-lcb_v6.model-qwen3.5-9b.alpha4.0.steps100.blocks-1.prefetch-budget-12.rank-bfs_accept_first.cut-entropy4.0.samples20.maxnew1024.seed10086.subtreePrefetch.vllm.log,bfs_accept_first,12,3331,2026-09-09 16:00:55,3852.0,429.8,1083.7,12,0,2.4,0.0
dataset-lcb_v6.model-qwen3.5-9b.alpha4.0.steps100.blocks-1.prefetch-budget-12.rank-bfs_accept_first.cut-entropy4.0.samples20.maxnew1024.seed10086.subtreePrefetch.vllm.log,bfs_accept_first,12,3359,2026-09-09 16:01:05,3862.0,39.7,984.8,1,0,0.1,0.0
dataset-lcb_v6.model-qwen3.5-9b.alpha4.0.steps100.blocks-1.prefetch-budget-12.rank-bfs_accept_first.cut-entropy4.0.samples20.maxnew1024.seed10086.subtreePrefetch.vllm.log,bfs_accept_first,12,3364,2026-09-09 16:01:15,3872.0,274.6,286.9,7,0,1.2,0.0
dataset-lcb_v6.model-qwen3.5-9b.alpha4.0.steps100.blocks-1.prefetch-budget-12.rank-bfs_accept_first.cut-entropy4.0.samples20.maxnew1024.seed10086.subtreePrefetch.vllm.log,bfs_accept_first,12,3369,2026-09-09 16:01:25,3882.0,188.8,687.8,7,0,1.4,0.0
dataset-lcb_v6.model-qwen3.5-9b.alpha4.0.steps100.blocks-1.prefetch-budget-12.rank-bfs_accept_first.cut-entropy4.0.samples20.maxnew1024.seed10086.subtreePrefetch.vllm.log,bfs_accept_first,12,3374,2026-09-09 16:01:35,3892.0,265.9,747.3,5,0,1.1,0.0
dataset-lcb_v6.model-qwen3.5-9b.alpha4.0.steps100.blocks-1.prefetch-budget-12.rank-bfs_accept_first.cut-entropy4.0.samples20.maxnew1024.seed10086.subtreePrefetch.vllm.log,bfs_accept_first,12,3379,2026-09-09 16:01:45,3902.0,209.1,625.6,4,0,1.0,0.0
dataset-lcb_v6.model-qwen3.5-9b.alpha4.0.steps100.blocks-1.prefetch-budget-12.rank-bfs_accept_first.cut-entropy4.0.samples20.maxnew1024.seed10086.subtreePrefetch.vllm.log,bfs_accept_first,12,3384,2026-09-09 16:01:55,3912.0,258.6,632.6,2,0,0.5,0.0
dataset-lcb_v6.model-qwen3.5-9b.alpha4.0.steps100.blocks-1.prefetch-budget-12.rank-bfs_accept_first.cut-entropy4.0.samples20.maxnew1024.seed10086.subtreePrefetch.vllm.log,bfs_accept_first,12,3393,2026-09-09 16:02:05,3922.0,470.9,783.6,12,0,1.6,0.0
dataset-lcb_v6.model-qwen3.5-9b.alpha4.0.steps100.blocks-1.prefetch-budget-12.rank-bfs_accept_first.cut-entropy4.0.samples20.maxnew1024.seed10086.subtreePrefetch.vllm.log,bfs_accept_first,12,3398,2026-09-09 16:02:15,3932.0,236.1,825.0,12,0,1.4,0.0
dataset-lcb_v6.model-qwen3.5-9b.alpha4.0.steps100.blocks-1.prefetch-budget-12.rank-bfs_accept_first.cut-entropy4.0.samples20.maxnew1024.seed10086.subtreePrefetch.vllm.log,bfs_accept_first,12,3403,2026-09-09 16:02:25,3942.0,308.4,962.0,10,0,1.8,0.0
dataset-lcb_v6.model-qwen3.5-9b.alpha4.0.steps100.blocks-1.prefetch-budget-12.rank-bfs_accept_first.cut-entropy4.0.samples20.maxnew1024.seed10086.subtreePrefetch.vllm.log,bfs_accept_first,12,3408,2026-09-09 16:02:35,3952.0,253.2,769.0,9,0,1.9,0.0
dataset-lcb_v6.model-qwen3.5-9b.alpha4.0.steps100.blocks-1.prefetch-budget-12.rank-bfs_accept_first.cut-entropy4.0.samples20.maxnew1024.seed10086.subtreePrefetch.vllm.log,bfs_accept_first,12,3413,2026-09-09 16:02:45,3962.0,306.5,747.4,10,0,1.9,0.0
dataset-lcb_v6.model-qwen3.5-9b.alpha4.0.steps100.blocks-1.prefetch-budget-12.rank-bfs_accept_first.cut-entropy4.0.samples20.maxnew1024.seed10086.subtreePrefetch.vllm.log,bfs_accept_first,12,3418,2026-09-09 16:02:55,3972.0,274.2,784.5,11,0,2.0,0.0
dataset-lcb_v6.model-qwen3.5-9b.alpha4.0.steps100.blocks-1.prefetch-budget-12.rank-bfs_accept_first.cut-entropy4.0.samples20.maxnew1024.seed10086.subtreePrefetch.vllm.log,bfs_accept_first,12,3423,2026-09-09 16:03:05,3982.0,396.6,759.6,9,0,1.9,0.0
dataset-lcb_v6.model-qwen3.5-9b.alpha4.0.steps100.blocks-1.prefetch-budget-12.rank-bfs_accept_first.cut-entropy4.0.samples20.maxnew1024.seed10086.subtreePrefetch.vllm.log,bfs_accept_first,12,3428,2026-09-09 16:03:16,3993.0,260.0,694.6,8,0,1.7,0.0
dataset-lcb_v6.model-qwen3.5-9b.alpha4.0.steps100.blocks-1.prefetch-budget-12.rank-bfs_accept_first.cut-entropy4.0.samples20.maxnew1024.seed10086.subtreePrefetch.vllm.log,bfs_accept_first,12,3433,2026-09-09 16:03:26,4003.0,293.6,810.6,7,0,1.8,0.0
dataset-lcb_v6.model-qwen3.5-9b.alpha4.0.steps100.blocks-1.prefetch-budget-12.rank-bfs_accept_first.cut-entropy4.0.samples20.maxnew1024.seed10086.subtreePrefetch.vllm.log,bfs_accept_first,12,3438,2026-09-09 16:03:36,4013.0,274.9,844.7,4,0,0.9,0.0
dataset-lcb_v6.model-qwen3.5-9b.alpha4.0.steps100.blocks-1.prefetch-budget-12.rank-bfs_accept_first.cut-entropy4.0.samples20.maxnew1024.seed10086.subtreePrefetch.vllm.log,bfs_accept_first,12,3443,2026-09-09 16:03:46,4023.0,297.9,700.4,1,0,0.3,0.0
dataset-lcb_v6.model-qwen3.5-9b.alpha4.0.steps100.blocks-1.prefetch-budget-12.rank-bfs_accept_first.cut-entropy4.0.samples20.maxnew1024.seed10086.subtreePrefetch.vllm.log,bfs_accept_first,12,3448,2026-09-09 16:03:56,4033.0,276.9,691.2,1,0,0.3,0.0
dataset-lcb_v6.model-qwen3.5-9b.alpha4.0.steps100.blocks-1.prefetch-budget-12.rank-bfs_accept_first.cut-entropy4.0.samples20.maxnew1024.seed10086.subtreePrefetch.vllm.log,bfs_accept_first,12,3453,2026-09-09 16:04:06,4043.0,278.5,838.8,2,0,0.6,0.0
dataset-lcb_v6.model-qwen3.5-9b.alpha4.0.steps100.blocks-1.prefetch-budget-12.rank-bfs_accept_first.cut-entropy4.0.samples20.maxnew1024.seed10086.subtreePrefetch.vllm.log,bfs_accept_first,12,3462,2026-09-09 16:04:16,4053.0,479.4,724.5,12,0,1.4,0.0
dataset-lcb_v6.model-qwen3.5-9b.alpha4.0.steps100.blocks-1.prefetch-budget-12.rank-bfs_accept_first.cut-entropy4.0.samples20.maxnew1024.seed10086.subtreePrefetch.vllm.log,bfs_accept_first,12,3467,2026-09-09 16:04:26,4063.0,261.5,768.0,12,0,1.4,0.0
dataset-lcb_v6.model-qwen3.5-9b.alpha4.0.steps100.blocks-1.prefetch-budget-12.rank-bfs_accept_first.cut-entropy4.0.samples20.maxnew1024.seed10086.subtreePrefetch.vllm.log,bfs_accept_first,12,3472,2026-09-09 16:04:36,4073.0,100.4,700.0,4,0,0.9,0.0
dataset-lcb_v6.model-qwen3.5-9b.alpha4.0.steps100.blocks-1.prefetch-budget-12.rank-bfs_accept_first.cut-entropy4.0.samples20.maxnew1024.seed10086.subtreePrefetch.vllm.log,bfs_accept_first,12,3557,2026-09-09 16:04:46,4083.0,73.1,161.0,1,0,0.3,0.0
dataset-lcb_v6.model-qwen3.5-9b.alpha4.0.steps100.blocks-1.prefetch-budget-12.rank-bfs_accept_first.cut-entropy4.0.samples20.maxnew1024.seed10086.subtreePrefetch.vllm.log,bfs_accept_first,12,3562,2026-09-09 16:04:56,4093.0,363.8,869.0,11,0,2.7,0.0
dataset-lcb_v6.model-qwen3.5-9b.alpha4.0.steps100.blocks-1.prefetch-budget-12.rank-bfs_accept_first.cut-entropy4.0.samples20.maxnew1024.seed10086.subtreePrefetch.vllm.log,bfs_accept_first,12,3567,2026-09-09 16:05:06,4103.0,386.5,1009.0,12,0,2.5,0.0
dataset-lcb_v6.model-qwen3.5-9b.alpha4.0.steps100.blocks-1.prefetch-budget-12.rank-bfs_accept_first.cut-entropy4.0.samples20.maxnew1024.seed10086.subtreePrefetch.vllm.log,bfs_accept_first,12,3572,2026-09-09 16:05:16,4113.0,404.5,991.9,12,0,2.6,0.0
dataset-lcb_v6.model-qwen3.5-9b.alpha4.0.steps100.blocks-1.prefetch-budget-12.rank-bfs_accept_first.cut-entropy4.0.samples20.maxnew1024.seed10086.subtreePrefetch.vllm.log,bfs_accept_first,12,3577,2026-09-09 16:05:26,4123.0,403.6,993.6,12,0,2.5,0.0
dataset-lcb_v6.model-qwen3.5-9b.alpha4.0.steps100.blocks-1.prefetch-budget-12.rank-bfs_accept_first.cut-entropy4.0.samples20.maxnew1024.seed10086.subtreePrefetch.vllm.log,bfs_accept_first,12,3582,2026-09-09 16:05:36,4133.0,388.6,1071.9,12,0,2.5,0.0
dataset-lcb_v6.model-qwen3.5-9b.alpha4.0.steps100.blocks-1.prefetch-budget-12.rank-bfs_accept_first.cut-entropy4.0.samples20.maxnew1024.seed10086.subtreePrefetch.vllm.log,bfs_accept_first,12,3587,2026-09-09 16:05:46,4143.0,374.7,987.3,12,0,2.5,0.0
dataset-lcb_v6.model-qwen3.5-9b.alpha4.0.steps100.blocks-1.prefetch-budget-12.rank-bfs_accept_first.cut-entropy4.0.samples20.maxnew1024.seed10086.subtreePrefetch.vllm.log,bfs_accept_first,12,3592,2026-09-09 16:05:56,4153.0,392.9,1004.1,12,0,2.5,0.0
dataset-lcb_v6.model-qwen3.5-9b.alpha4.0.steps100.blocks-1.prefetch-budget-12.rank-bfs_accept_first.cut-entropy4.0.samples20.maxnew1024.seed10086.subtreePrefetch.vllm.log,bfs_accept_first,12,3597,2026-09-09 16:06:06,4163.0,347.3,985.8,12,0,2.4,0.0
dataset-lcb_v6.model-qwen3.5-9b.alpha4.0.steps100.blocks-1.prefetch-budget-12.rank-bfs_accept_first.cut-entropy4.0.samples20.maxnew1024.seed10086.subtreePrefetch.vllm.log,bfs_accept_first,12,3602,2026-09-09 16:06:16,4173.0,382.9,1007.5,12,0,1.3,0.0
dataset-lcb_v6.model-qwen3.5-9b.alpha4.0.steps100.blocks-1.prefetch-budget-12.rank-bfs_accept_first.cut-entropy4.0.samples20.maxnew1024.seed10086.subtreePrefetch.vllm.log,bfs_accept_first,12,3607,2026-09-09 16:06:26,4183.0,384.8,1043.9,12,0,1.4,0.0
dataset-lcb_v6.model-qwen3.5-9b.alpha4.0.steps100.blocks-1.prefetch-budget-12.rank-bfs_accept_first.cut-entropy4.0.samples20.maxnew1024.seed10086.subtreePrefetch.vllm.log,bfs_accept_first,12,3612,2026-09-09 16:06:36,4193.0,404.0,1024.9,12,0,1.3,0.0
dataset-lcb_v6.model-qwen3.5-9b.alpha4.0.steps100.blocks-1.prefetch-budget-12.rank-bfs_accept_first.cut-entropy4.0.samples20.maxnew1024.seed10086.subtreePrefetch.vllm.log,bfs_accept_first,12,3617,2026-09-09 16:06:46,4203.0,407.3,1075.2,12,0,1.4,0.0
dataset-lcb_v6.model-qwen3.5-9b.alpha4.0.steps100.blocks-1.prefetch-budget-12.rank-bfs_accept_first.cut-entropy4.0.samples20.maxnew1024.seed10086.subtreePrefetch.vllm.log,bfs_accept_first,12,3622,2026-09-09 16:06:56,4213.0,383.0,1028.3,12,0,1.3,0.0
dataset-lcb_v6.model-qwen3.5-9b.alpha4.0.steps100.blocks-1.prefetch-budget-12.rank-bfs_accept_first.cut-entropy4.0.samples20.maxnew1024.seed10086.subtreePrefetch.vllm.log,bfs_accept_first,12,3627,2026-09-09 16:07:06,4223.0,383.5,991.3,12,0,1.3,0.0
dataset-lcb_v6.model-qwen3.5-9b.alpha4.0.steps100.blocks-1.prefetch-budget-12.rank-bfs_accept_first.cut-entropy4.0.samples20.maxnew1024.seed10086.subtreePrefetch.vllm.log,bfs_accept_first,12,3628,2026-09-09 16:07:16,4233.0,0.0,1074.5,3,0,1.0,0.0
dataset-lcb_v6.model-qwen3.5-9b.alpha4.0.steps100.blocks-1.prefetch-budget-12.rank-bfs_accept_first.cut-entropy4.0.samples20.maxnew1024.seed10086.subtreePrefetch.vllm.log,bfs_accept_first,12,3633,2026-09-09 16:07:26,4243.0,372.8,1030.0,12,0,3.7,0.0
dataset-lcb_v6.model-qwen3.5-9b.alpha4.0.steps100.blocks-1.prefetch-budget-12.rank-bfs_accept_first.cut-entropy4.0.samples20.maxnew1024.seed10086.subtreePrefetch.vllm.log,bfs_accept_first,12,3638,2026-09-09 16:07:36,4253.0,354.1,977.3,11,0,3.2,0.0
dataset-lcb_v6.model-qwen3.5-9b.alpha4.0.steps100.blocks-1.prefetch-budget-12.rank-bfs_accept_first.cut-entropy4.0.samples20.maxnew1024.seed10086.subtreePrefetch.vllm.log,bfs_accept_first,12,3643,2026-09-09 16:07:46,4263.0,401.7,985.4,12,0,2.7,0.0
dataset-lcb_v6.model-qwen3.5-9b.alpha4.0.steps100.blocks-1.prefetch-budget-12.rank-bfs_accept_first.cut-entropy4.0.samples20.maxnew1024.seed10086.subtreePrefetch.vllm.log,bfs_accept_first,12,3648,2026-09-09 16:07:56,4273.0,404.7,955.5,12,0,2.5,0.0
dataset-lcb_v6.model-qwen3.5-9b.alpha4.0.steps100.blocks-1.prefetch-budget-12.rank-bfs_accept_first.cut-entropy4.0.samples20.maxnew1024.seed10086.subtreePrefetch.vllm.log,bfs_accept_first,12,3653,2026-09-09 16:08:06,4283.0,411.1,1033.0,12,0,2.5,0.0
dataset-lcb_v6.model-qwen3.5-9b.alpha4.0.steps100.blocks-1.prefetch-budget-12.rank-bfs_accept_first.cut-entropy4.0.samples20.maxnew1024.seed10086.subtreePrefetch.vllm.log,bfs_accept_first,12,3658,2026-09-09 16:08:16,4293.0,376.0,948.9,12,0,2.5,0.0
dataset-lcb_v6.model-qwen3.5-9b.alpha4.0.steps100.blocks-1.prefetch-budget-12.rank-bfs_accept_first.cut-entropy4.0.samples20.maxnew1024.seed10086.subtreePrefetch.vllm.log,bfs_accept_first,12,3663,2026-09-09 16:08:26,4303.0,381.1,994.5,12,0,2.5,0.0
dataset-lcb_v6.model-qwen3.5-9b.alpha4.0.steps100.blocks-1.prefetch-budget-12.rank-bfs_accept_first.cut-entropy4.0.samples20.maxnew1024.seed10086.subtreePrefetch.vllm.log,bfs_accept_first,12,3668,2026-09-09 16:08:36,4313.0,360.8,995.7,12,0,2.5,0.0
dataset-lcb_v6.model-qwen3.5-9b.alpha4.0.steps100.blocks-1.prefetch-budget-12.rank-bfs_accept_first.cut-entropy4.0.samples20.maxnew1024.seed10086.subtreePrefetch.vllm.log,bfs_accept_first,12,3673,2026-09-09 16:08:46,4323.0,384.4,971.8,12,0,2.2,0.0
dataset-lcb_v6.model-qwen3.5-9b.alpha4.0.steps100.blocks-1.prefetch-budget-12.rank-bfs_accept_first.cut-entropy4.0.samples20.maxnew1024.seed10086.subtreePrefetch.vllm.log,bfs_accept_first,12,3678,2026-09-09 16:08:56,4333.0,404.8,1001.7,12,0,1.4,0.0
dataset-lcb_v6.model-qwen3.5-9b.alpha4.0.steps100.blocks-1.prefetch-budget-12.rank-bfs_accept_first.cut-entropy4.0.samples20.maxnew1024.seed10086.subtreePrefetch.vllm.log,bfs_accept_first,12,3683,2026-09-09 16:09:06,4343.0,349.1,1024.3,11,0,1.4,0.0
dataset-lcb_v6.model-qwen3.5-9b.alpha4.0.steps100.blocks-1.prefetch-budget-12.rank-bfs_accept_first.cut-entropy4.0.samples20.maxnew1024.seed10086.subtreePrefetch.vllm.log,bfs_accept_first,12,3688,2026-09-09 16:09:16,4353.0,203.2,871.1,6,0,0.8,0.0
dataset-lcb_v6.model-qwen3.5-9b.alpha4.0.steps100.blocks-1.prefetch-budget-12.rank-bfs_accept_first.cut-entropy4.0.samples20.maxnew1024.seed10086.subtreePrefetch.vllm.log,bfs_accept_first,12,3716,2026-09-09 16:09:26,4363.0,63.3,487.0,1,0,0.2,0.0
dataset-lcb_v6.model-qwen3.5-9b.alpha4.0.steps100.blocks-1.prefetch-budget-12.rank-bfs_accept_first.cut-entropy4.0.samples20.maxnew1024.seed10086.subtreePrefetch.vllm.log,bfs_accept_first,12,3721,2026-09-09 16:09:36,4373.0,309.4,351.6,12,0,1.7,0.0
dataset-lcb_v6.model-qwen3.5-9b.alpha4.0.steps100.blocks-1.prefetch-budget-12.rank-bfs_accept_first.cut-entropy4.0.samples20.maxnew1024.seed10086.subtreePrefetch.vllm.log,bfs_accept_first,12,3726,2026-09-09 16:09:46,4383.0,303.9,860.4,12,0,1.3,0.0
dataset-lcb_v6.model-qwen3.5-9b.alpha4.0.steps100.blocks-1.prefetch-budget-12.rank-bfs_accept_first.cut-entropy4.0.samples20.maxnew1024.seed10086.subtreePrefetch.vllm.log,bfs_accept_first,12,3731,2026-09-09 16:09:56,4393.0,302.1,948.6,12,0,1.3,0.0
dataset-lcb_v6.model-qwen3.5-9b.alpha4.0.steps100.blocks-1.prefetch-budget-12.rank-bfs_accept_first.cut-entropy4.0.samples20.maxnew1024.seed10086.subtreePrefetch.vllm.log,bfs_accept_first,12,3732,2026-09-09 16:10:06,4403.0,0.0,967.9,1,0,0.4,0.0
dataset-lcb_v6.model-qwen3.5-9b.alpha4.0.steps100.blocks-1.prefetch-budget-12.rank-bfs_accept_first.cut-entropy4.0.samples20.maxnew1024.seed10086.subtreePrefetch.vllm.log,bfs_accept_first,12,3737,2026-09-09 16:10:16,4413.0,290.5,1030.3,3,0,0.7,0.0
dataset-lcb_v6.model-qwen3.5-9b.alpha4.0.steps100.blocks-1.prefetch-budget-12.rank-bfs_accept_first.cut-entropy4.0.samples20.maxnew1024.seed10086.subtreePrefetch.vllm.log,bfs_accept_first,12,3742,2026-09-09 16:10:26,4423.0,323.4,994.7,9,0,2.2,0.0
dataset-lcb_v6.model-qwen3.5-9b.alpha4.0.steps100.blocks-1.prefetch-budget-12.rank-bfs_accept_first.cut-entropy4.0.samples20.maxnew1024.seed10086.subtreePrefetch.vllm.log,bfs_accept_first,12,3747,2026-09-09 16:10:36,4433.0,244.2,1035.2,12,0,2.7,0.0
dataset-lcb_v6.model-qwen3.5-9b.alpha4.0.steps100.blocks-1.prefetch-budget-12.rank-bfs_accept_first.cut-entropy4.0.samples20.maxnew1024.seed10086.subtreePrefetch.vllm.log,bfs_accept_first,12,3752,2026-09-09 16:10:46,4443.0,297.5,983.8,11,0,2.3,0.0
dataset-lcb_v6.model-qwen3.5-9b.alpha4.0.steps100.blocks-1.prefetch-budget-12.rank-bfs_accept_first.cut-entropy4.0.samples20.maxnew1024.seed10086.subtreePrefetch.vllm.log,bfs_accept_first,12,3757,2026-09-09 16:10:56,4453.0,306.0,923.8,11,0,2.5,0.0
dataset-lcb_v6.model-qwen3.5-9b.alpha4.0.steps100.blocks-1.prefetch-budget-12.rank-bfs_accept_first.cut-entropy4.0.samples20.maxnew1024.seed10086.subtreePrefetch.vllm.log,bfs_accept_first,12,3762,2026-09-09 16:11:06,4463.0,318.6,931.4,12,0,2.5,0.0
dataset-lcb_v6.model-qwen3.5-9b.alpha4.0.steps100.blocks-1.prefetch-budget-12.rank-bfs_accept_first.cut-entropy4.0.samples20.maxnew1024.seed10086.subtreePrefetch.vllm.log,bfs_accept_first,12,3767,2026-09-09 16:11:16,4473.0,317.4,932.8,12,0,2.5,0.0
dataset-lcb_v6.model-qwen3.5-9b.alpha4.0.steps100.blocks-1.prefetch-budget-12.rank-bfs_accept_first.cut-entropy4.0.samples20.maxnew1024.seed10086.subtreePrefetch.vllm.log,bfs_accept_first,12,3772,2026-09-09 16:11:26,4483.0,378.4,921.4,12,0,2.4,0.0
dataset-lcb_v6.model-qwen3.5-9b.alpha4.0.steps100.blocks-1.prefetch-budget-12.rank-bfs_accept_first.cut-entropy4.0.samples20.maxnew1024.seed10086.subtreePrefetch.vllm.log,bfs_accept_first,12,3777,2026-09-09 16:11:36,4493.0,330.8,881.6,12,0,2.0,0.0
dataset-lcb_v6.model-qwen3.5-9b.alpha4.0.steps100.blocks-1.prefetch-budget-12.rank-bfs_accept_first.cut-entropy4.0.samples20.maxnew1024.seed10086.subtreePrefetch.vllm.log,bfs_accept_first,12,3782,2026-09-09 16:11:46,4503.0,297.8,922.3,12,0,1.3,0.0
dataset-lcb_v6.model-qwen3.5-9b.alpha4.0.steps100.blocks-1.prefetch-budget-12.rank-bfs_accept_first.cut-entropy4.0.samples20.maxnew1024.seed10086.subtreePrefetch.vllm.log,bfs_accept_first,12,3787,2026-09-09 16:11:56,4513.0,304.2,1061.9,12,0,1.3,0.0
dataset-lcb_v6.model-qwen3.5-9b.alpha4.0.steps100.blocks-1.prefetch-budget-12.rank-bfs_accept_first.cut-entropy4.0.samples20.maxnew1024.seed10086.subtreePrefetch.vllm.log,bfs_accept_first,12,3792,2026-09-09 16:12:06,4523.0,263.3,946.7,12,0,1.3,0.0
dataset-lcb_v6.model-qwen3.5-9b.alpha4.0.steps100.blocks-1.prefetch-budget-12.rank-bfs_accept_first.cut-entropy4.0.samples20.maxnew1024.seed10086.subtreePrefetch.vllm.log,bfs_accept_first,12,3797,2026-09-09 16:12:16,4533.0,315.7,974.8,12,0,1.3,0.0
dataset-lcb_v6.model-qwen3.5-9b.alpha4.0.steps100.blocks-1.prefetch-budget-12.rank-bfs_accept_first.cut-entropy4.0.samples20.maxnew1024.seed10086.subtreePrefetch.vllm.log,bfs_accept_first,12,3798,2026-09-09 16:12:26,4543.0,0.0,1014.8,1,0,0.3,0.0
dataset-lcb_v6.model-qwen3.5-9b.alpha4.0.steps100.blocks-1.prefetch-budget-12.rank-bfs_accept_first.cut-entropy4.0.samples20.maxnew1024.seed10086.subtreePrefetch.vllm.log,bfs_accept_first,12,3803,2026-09-09 16:12:36,4553.0,318.8,990.6,7,0,1.9,0.0
dataset-lcb_v6.model-qwen3.5-9b.alpha4.0.steps100.blocks-1.prefetch-budget-12.rank-bfs_accept_first.cut-entropy4.0.samples20.maxnew1024.seed10086.subtreePrefetch.vllm.log,bfs_accept_first,12,3808,2026-09-09 16:12:46,4563.0,295.5,964.1,12,0,2.7,0.0
dataset-lcb_v6.model-qwen3.5-9b.alpha4.0.steps100.blocks-1.prefetch-budget-12.rank-bfs_accept_first.cut-entropy4.0.samples20.maxnew1024.seed10086.subtreePrefetch.vllm.log,bfs_accept_first,12,3813,2026-09-09 16:12:56,4573.0,292.6,939.0,12,0,2.5,0.0
dataset-lcb_v6.model-qwen3.5-9b.alpha4.0.steps100.blocks-1.prefetch-budget-12.rank-bfs_accept_first.cut-entropy4.0.samples20.maxnew1024.seed10086.subtreePrefetch.vllm.log,bfs_accept_first,12,3818,2026-09-09 16:13:06,4583.0,303.8,953.4,12,0,2.5,0.0
dataset-lcb_v6.model-qwen3.5-9b.alpha4.0.steps100.blocks-1.prefetch-budget-12.rank-bfs_accept_first.cut-entropy4.0.samples20.maxnew1024.seed10086.subtreePrefetch.vllm.log,bfs_accept_first,12,3823,2026-09-09 16:13:16,4593.0,326.8,938.9,12,0,2.5,0.0
dataset-lcb_v6.model-qwen3.5-9b.alpha4.0.steps100.blocks-1.prefetch-budget-12.rank-bfs_accept_first.cut-entropy4.0.samples20.maxnew1024.seed10086.subtreePrefetch.vllm.log,bfs_accept_first,12,3828,2026-09-09 16:13:26,4603.0,289.3,1004.9,12,0,2.5,0.0
dataset-lcb_v6.model-qwen3.5-9b.alpha4.0.steps100.blocks-1.prefetch-budget-12.rank-bfs_accept_first.cut-entropy4.0.samples20.maxnew1024.seed10086.subtreePrefetch.vllm.log,bfs_accept_first,12,3833,2026-09-09 16:13:36,4613.0,270.9,950.2,12,0,2.2,0.0
dataset-lcb_v6.model-qwen3.5-9b.alpha4.0.steps100.blocks-1.prefetch-budget-12.rank-bfs_accept_first.cut-entropy4.0.samples20.maxnew1024.seed10086.subtreePrefetch.vllm.log,bfs_accept_first,12,3838,2026-09-09 16:13:46,4623.0,255.5,980.5,12,0,1.6,0.0
dataset-lcb_v6.model-qwen3.5-9b.alpha4.0.steps100.blocks-1.prefetch-budget-12.rank-bfs_accept_first.cut-entropy4.0.samples20.maxnew1024.seed10086.subtreePrefetch.vllm.log,bfs_accept_first,12,3843,2026-09-09 16:13:56,4633.0,153.1,924.9,9,0,1.1,0.0
dataset-lcb_v6.model-qwen3.5-9b.alpha4.0.steps100.blocks-1.prefetch-budget-12.rank-bfs_accept_first.cut-entropy4.0.samples20.maxnew1024.seed10086.subtreePrefetch.vllm.log,bfs_accept_first,12,3871,2026-09-09 16:14:06,4643.0,55.9,616.4,1,0,0.2,0.0
dataset-lcb_v6.model-qwen3.5-9b.alpha4.0.steps100.blocks-1.prefetch-budget-12.rank-bfs_accept_first.cut-entropy4.0.samples20.maxnew1024.seed10086.subtreePrefetch.vllm.log,bfs_accept_first,12,3876,2026-09-09 16:14:16,4653.0,274.6,376.9,12,0,1.8,0.0
dataset-lcb_v6.model-qwen3.5-9b.alpha4.0.steps100.blocks-1.prefetch-budget-12.rank-bfs_accept_first.cut-entropy4.0.samples20.maxnew1024.seed10086.subtreePrefetch.vllm.log,bfs_accept_first,12,3881,2026-09-09 16:14:26,4663.0,270.9,810.0,12,0,1.8,0.0
dataset-lcb_v6.model-qwen3.5-9b.alpha4.0.steps100.blocks-1.prefetch-budget-12.rank-bfs_accept_first.cut-entropy4.0.samples20.maxnew1024.seed10086.subtreePrefetch.vllm.log,bfs_accept_first,12,3886,2026-09-09 16:14:36,4673.0,261.2,700.5,11,0,1.7,0.0
dataset-lcb_v6.model-qwen3.5-9b.alpha4.0.steps100.blocks-1.prefetch-budget-12.rank-bfs_accept_first.cut-entropy4.0.samples20.maxnew1024.seed10086.subtreePrefetch.vllm.log,bfs_accept_first,12,3891,2026-09-09 16:14:46,4683.0,262.3,792.7,12,0,1.8,0.0
dataset-lcb_v6.model-qwen3.5-9b.alpha4.0.steps100.blocks-1.prefetch-budget-12.rank-bfs_accept_first.cut-entropy4.0.samples20.maxnew1024.seed10086.subtreePrefetch.vllm.log,bfs_accept_first,12,3896,2026-09-09 16:14:56,4693.0,276.6,799.9,11,0,1.6,0.0
dataset-lcb_v6.model-qwen3.5-9b.alpha4.0.steps100.blocks-1.prefetch-budget-12.rank-bfs_accept_first.cut-entropy4.0.samples20.maxnew1024.seed10086.subtreePrefetch.vllm.log,bfs_accept_first,12,3901,2026-09-09 16:15:06,4703.0,191.4,759.7,12,0,1.7,0.0
dataset-lcb_v6.model-qwen3.5-9b.alpha4.0.steps100.blocks-1.prefetch-budget-12.rank-bfs_accept_first.cut-entropy4.0.samples20.maxnew1024.seed10086.subtreePrefetch.vllm.log,bfs_accept_first,12,3906,2026-09-09 16:15:16,4713.0,281.0,767.8,12,0,1.8,0.0
dataset-lcb_v6.model-qwen3.5-9b.alpha4.0.steps100.blocks-1.prefetch-budget-12.rank-bfs_accept_first.cut-entropy4.0.samples20.maxnew1024.seed10086.subtreePrefetch.vllm.log,bfs_accept_first,12,3911,2026-09-09 16:15:26,4723.0,315.6,796.0,8,0,1.2,0.0
dataset-lcb_v6.model-qwen3.5-9b.alpha4.0.steps100.blocks-1.prefetch-budget-12.rank-bfs_accept_first.cut-entropy4.0.samples20.maxnew1024.seed10086.subtreePrefetch.vllm.log,bfs_accept_first,12,3916,2026-09-09 16:15:36,4733.0,319.1,690.9,12,0,2.2,0.0
dataset-lcb_v6.model-qwen3.5-9b.alpha4.0.steps100.blocks-1.prefetch-budget-12.rank-bfs_accept_first.cut-entropy4.0.samples20.maxnew1024.seed10086.subtreePrefetch.vllm.log,bfs_accept_first,12,3921,2026-09-09 16:15:46,4743.0,152.4,903.3,12,0,1.6,0.0
dataset-lcb_v6.model-qwen3.5-9b.alpha4.0.steps100.blocks-1.prefetch-budget-12.rank-bfs_accept_first.cut-entropy4.0.samples20.maxnew1024.seed10086.subtreePrefetch.vllm.log,bfs_accept_first,12,3926,2026-09-09 16:15:56,4753.0,247.0,745.4,10,0,1.6,0.0
dataset-lcb_v6.model-qwen3.5-9b.alpha4.0.steps100.blocks-1.prefetch-budget-12.rank-bfs_accept_first.cut-entropy4.0.samples20.maxnew1024.seed10086.subtreePrefetch.vllm.log,bfs_accept_first,12,3931,2026-09-09 16:16:06,4763.0,271.1,797.6,12,0,1.8,0.0
dataset-lcb_v6.model-qwen3.5-9b.alpha4.0.steps100.blocks-1.prefetch-budget-12.rank-bfs_accept_first.cut-entropy4.0.samples20.maxnew1024.seed10086.subtreePrefetch.vllm.log,bfs_accept_first,12,3936,2026-09-09 16:16:16,4773.0,278.0,803.2,9,0,1.3,0.0
dataset-lcb_v6.model-qwen3.5-9b.alpha4.0.steps100.blocks-1.prefetch-budget-12.rank-bfs_accept_first.cut-entropy4.0.samples20.maxnew1024.seed10086.subtreePrefetch.vllm.log,bfs_accept_first,12,3941,2026-09-09 16:16:26,4783.0,294.1,768.9,11,0,1.5,0.0
dataset-lcb_v6.model-qwen3.5-9b.alpha4.0.steps100.blocks-1.prefetch-budget-12.rank-bfs_accept_first.cut-entropy4.0.samples20.maxnew1024.seed10086.subtreePrefetch.vllm.log,bfs_accept_first,12,3946,2026-09-09 16:16:36,4793.0,207.9,800.0,12,0,1.5,0.0
dataset-lcb_v6.model-qwen3.5-9b.alpha4.0.steps100.blocks-1.prefetch-budget-12.rank-bfs_accept_first.cut-entropy4.0.samples20.maxnew1024.seed10086.subtreePrefetch.vllm.log,bfs_accept_first,12,3951,2026-09-09 16:16:46,4803.0,249.6,934.3,10,0,1.1,0.0
dataset-lcb_v6.model-qwen3.5-9b.alpha4.0.steps100.blocks-1.prefetch-budget-12.rank-bfs_accept_first.cut-entropy4.0.samples20.maxnew1024.seed10086.subtreePrefetch.vllm.log,bfs_accept_first,12,3956,2026-09-09 16:16:56,4813.0,274.4,867.6,10,0,1.2,0.0
dataset-lcb_v6.model-qwen3.5-9b.alpha4.0.steps100.blocks-1.prefetch-budget-12.rank-bfs_accept_first.cut-entropy4.0.samples20.maxnew1024.seed10086.subtreePrefetch.vllm.log,bfs_accept_first,12,3961,2026-09-09 16:17:06,4823.0,208.4,863.7,12,0,1.3,0.0
dataset-lcb_v6.model-qwen3.5-9b.alpha4.0.steps100.blocks-1.prefetch-budget-12.rank-bfs_accept_first.cut-entropy4.0.samples20.maxnew1024.seed10086.subtreePrefetch.vllm.log,bfs_accept_first,12,3966,2026-09-09 16:17:16,4833.0,172.1,953.0,12,0,1.4,0.0
dataset-lcb_v6.model-qwen3.5-9b.alpha4.0.steps100.blocks-1.prefetch-budget-12.rank-bfs_accept_first.cut-entropy4.0.samples20.maxnew1024.seed10086.subtreePrefetch.vllm.log,bfs_accept_first,12,3971,2026-09-09 16:17:26,4843.0,269.4,892.1,11,0,1.3,0.0
dataset-lcb_v6.model-qwen3.5-9b.alpha4.0.steps100.blocks-1.prefetch-budget-12.rank-bfs_accept_first.cut-entropy4.0.samples20.maxnew1024.seed10086.subtreePrefetch.vllm.log,bfs_accept_first,12,3976,2026-09-09 16:17:36,4853.0,197.6,727.0,12,0,1.4,0.0
dataset-lcb_v6.model-qwen3.5-9b.alpha4.0.steps100.blocks-1.prefetch-budget-12.rank-bfs_accept_first.cut-entropy4.0.samples20.maxnew1024.seed10086.subtreePrefetch.vllm.log,bfs_accept_first,12,3981,2026-09-09 16:17:46,4863.0,277.2,931.3,12,0,1.4,0.0
dataset-lcb_v6.model-qwen3.5-9b.alpha4.0.steps100.blocks-1.prefetch-budget-12.rank-bfs_accept_first.cut-entropy4.0.samples20.maxnew1024.seed10086.subtreePrefetch.vllm.log,bfs_accept_first,12,3986,2026-09-09 16:17:56,4873.0,264.0,879.1,12,0,1.4,0.0
dataset-lcb_v6.model-qwen3.5-9b.alpha4.0.steps100.blocks-1.prefetch-budget-12.rank-bfs_accept_first.cut-entropy4.0.samples20.maxnew1024.seed10086.subtreePrefetch.vllm.log,bfs_accept_first,12,3991,2026-09-09 16:18:06,4883.0,296.1,895.6,12,0,1.4,0.0
dataset-lcb_v6.model-qwen3.5-9b.alpha4.0.steps100.blocks-1.prefetch-budget-12.rank-bfs_accept_first.cut-entropy4.0.samples20.maxnew1024.seed10086.subtreePrefetch.vllm.log,bfs_accept_first,12,3996,2026-09-09 16:18:16,4893.0,286.3,753.9,12,0,1.4,0.0
dataset-lcb_v6.model-qwen3.5-9b.alpha4.0.steps100.blocks-1.prefetch-budget-12.rank-bfs_accept_first.cut-entropy4.0.samples20.maxnew1024.seed10086.subtreePrefetch.vllm.log,bfs_accept_first,12,4001,2026-09-09 16:18:26,4903.0,259.6,891.7,11,0,1.3,0.0
dataset-lcb_v6.model-qwen3.5-9b.alpha4.0.steps100.blocks-1.prefetch-budget-12.rank-bfs_accept_first.cut-entropy4.0.samples20.maxnew1024.seed10086.subtreePrefetch.vllm.log,bfs_accept_first,12,4002,2026-09-09 16:18:36,4913.0,0.0,829.3,1,0,0.3,0.0
dataset-lcb_v6.model-qwen3.5-9b.alpha4.0.steps100.blocks-1.prefetch-budget-12.rank-bfs_accept_first.cut-entropy4.0.samples20.maxnew1024.seed10086.subtreePrefetch.vllm.log,bfs_accept_first,12,4007,2026-09-09 16:18:46,4923.0,325.3,829.4,1,0,0.3,0.0
dataset-lcb_v6.model-qwen3.5-9b.alpha4.0.steps100.blocks-1.prefetch-budget-12.rank-bfs_accept_first.cut-entropy4.0.samples20.maxnew1024.seed10086.subtreePrefetch.vllm.log,bfs_accept_first,12,4012,2026-09-09 16:18:56,4933.0,214.3,983.5,8,0,1.7,0.0
dataset-lcb_v6.model-qwen3.5-9b.alpha4.0.steps100.blocks-1.prefetch-budget-12.rank-bfs_accept_first.cut-entropy4.0.samples20.maxnew1024.seed10086.subtreePrefetch.vllm.log,bfs_accept_first,12,4017,2026-09-09 16:19:06,4943.0,149.3,883.7,7,0,1.5,0.0
dataset-lcb_v6.model-qwen3.5-9b.alpha4.0.steps100.blocks-1.prefetch-budget-12.rank-bfs_accept_first.cut-entropy4.0.samples20.maxnew1024.seed10086.subtreePrefetch.vllm.log,bfs_accept_first,12,4022,2026-09-09 16:19:16,4953.0,187.2,850.3,8,0,1.7,0.0
dataset-lcb_v6.model-qwen3.5-9b.alpha4.0.steps100.blocks-1.prefetch-budget-12.rank-bfs_accept_first.cut-entropy4.0.samples20.maxnew1024.seed10086.subtreePrefetch.vllm.log,bfs_accept_first,12,4050,2026-09-09 16:19:26,4963.0,52.8,245.9,1,0,0.3,0.0
dataset-lcb_v6.model-qwen3.5-9b.alpha4.0.steps100.blocks-1.prefetch-budget-12.rank-bfs_accept_first.cut-entropy4.0.samples20.maxnew1024.seed10086.subtreePrefetch.vllm.log,bfs_accept_first,12,4055,2026-09-09 16:19:36,4973.0,325.8,712.3,4,0,0.9,0.0
dataset-lcb_v6.model-qwen3.5-9b.alpha4.0.steps100.blocks-1.prefetch-budget-12.rank-bfs_accept_first.cut-entropy4.0.samples20.maxnew1024.seed10086.subtreePrefetch.vllm.log,bfs_accept_first,12,4060,2026-09-09 16:19:46,4983.0,218.8,776.3,8,0,1.7,0.0
dataset-lcb_v6.model-qwen3.5-9b.alpha4.0.steps100.blocks-1.prefetch-budget-12.rank-bfs_accept_first.cut-entropy4.0.samples20.maxnew1024.seed10086.subtreePrefetch.vllm.log,bfs_accept_first,12,4065,2026-09-09 16:19:56,4993.0,406.5,836.4,5,0,1.1,0.0
dataset-lcb_v6.model-qwen3.5-9b.alpha4.0.steps100.blocks-1.prefetch-budget-12.rank-bfs_accept_first.cut-entropy4.0.samples20.maxnew1024.seed10086.subtreePrefetch.vllm.log,bfs_accept_first,12,4070,2026-09-09 16:20:06,5003.0,360.1,696.5,4,0,0.9,0.0
dataset-lcb_v6.model-qwen3.5-9b.alpha4.0.steps100.blocks-1.prefetch-budget-12.rank-bfs_accept_first.cut-entropy4.0.samples20.maxnew1024.seed10086.subtreePrefetch.vllm.log,bfs_accept_first,12,4075,2026-09-09 16:20:16,5013.0,370.5,498.5,11,0,2.0,56.2
dataset-lcb_v6.model-qwen3.5-9b.alpha4.0.steps100.blocks-1.prefetch-budget-12.rank-bfs_accept_first.cut-entropy4.0.samples20.maxnew1024.seed10086.subtreePrefetch.vllm.log,bfs_accept_first,12,4080,2026-09-09 16:20:26,5023.0,303.0,492.3,12,0,1.5,56.2
dataset-lcb_v6.model-qwen3.5-9b.alpha4.0.steps100.blocks-1.prefetch-budget-12.rank-bfs_accept_first.cut-entropy4.0.samples20.maxnew1024.seed10086.subtreePrefetch.vllm.log,bfs_accept_first,12,4085,2026-09-09 16:20:36,5033.0,351.2,820.5,12,0,1.8,56.2
dataset-lcb_v6.model-qwen3.5-9b.alpha4.0.steps100.blocks-1.prefetch-budget-12.rank-bfs_accept_first.cut-entropy4.0.samples20.maxnew1024.seed10086.subtreePrefetch.vllm.log,bfs_accept_first,12,4090,2026-09-09 16:20:46,5043.0,288.2,896.3,12,0,1.4,56.2
dataset-lcb_v6.model-qwen3.5-9b.alpha4.0.steps100.blocks-1.prefetch-budget-12.rank-bfs_accept_first.cut-entropy4.0.samples20.maxnew1024.seed10086.subtreePrefetch.vllm.log,bfs_accept_first,12,4095,2026-09-09 16:20:56,5053.0,327.7,869.4,12,0,1.6,56.2
dataset-lcb_v6.model-qwen3.5-9b.alpha4.0.steps100.blocks-1.prefetch-budget-12.rank-bfs_accept_first.cut-entropy4.0.samples20.maxnew1024.seed10086.subtreePrefetch.vllm.log,bfs_accept_first,12,4100,2026-09-09 16:21:06,5063.0,331.5,771.9,12,0,1.5,56.2
dataset-lcb_v6.model-qwen3.5-9b.alpha4.0.steps100.blocks-1.prefetch-budget-12.rank-bfs_accept_first.cut-entropy4.0.samples20.maxnew1024.seed10086.subtreePrefetch.vllm.log,bfs_accept_first,12,4105,2026-09-09 16:21:16,5073.0,407.9,835.2,9,0,1.7,56.2
dataset-lcb_v6.model-qwen3.5-9b.alpha4.0.steps100.blocks-1.prefetch-budget-12.rank-bfs_accept_first.cut-entropy4.0.samples20.maxnew1024.seed10086.subtreePrefetch.vllm.log,bfs_accept_first,12,4110,2026-09-09 16:21:26,5083.0,280.8,743.4,12,0,2.0,56.2
dataset-lcb_v6.model-qwen3.5-9b.alpha4.0.steps100.blocks-1.prefetch-budget-12.rank-bfs_accept_first.cut-entropy4.0.samples20.maxnew1024.seed10086.subtreePrefetch.vllm.log,bfs_accept_first,12,4115,2026-09-09 16:21:36,5093.0,264.5,839.1,12,0,1.8,56.2
dataset-lcb_v6.model-qwen3.5-9b.alpha4.0.steps100.blocks-1.prefetch-budget-12.rank-bfs_accept_first.cut-entropy4.0.samples20.maxnew1024.seed10086.subtreePrefetch.vllm.log,bfs_accept_first,12,4120,2026-09-09 16:21:46,5103.0,446.5,888.4,11,0,2.1,56.2
dataset-lcb_v6.model-qwen3.5-9b.alpha4.0.steps100.blocks-1.prefetch-budget-12.rank-bfs_accept_first.cut-entropy4.0.samples20.maxnew1024.seed10086.subtreePrefetch.vllm.log,bfs_accept_first,12,4125,2026-09-09 16:21:56,5113.0,291.4,777.2,11,0,1.8,56.2
dataset-lcb_v6.model-qwen3.5-9b.alpha4.0.steps100.blocks-1.prefetch-budget-12.rank-bfs_accept_first.cut-entropy4.0.samples20.maxnew1024.seed10086.subtreePrefetch.vllm.log,bfs_accept_first,12,4130,2026-09-09 16:22:06,5123.0,415.5,840.1,11,0,2.1,56.2
dataset-lcb_v6.model-qwen3.5-9b.alpha4.0.steps100.blocks-1.prefetch-budget-12.rank-bfs_accept_first.cut-entropy4.0.samples20.maxnew1024.seed10086.subtreePrefetch.vllm.log,bfs_accept_first,12,4135,2026-09-09 16:22:16,5133.0,267.2,828.2,10,0,1.7,56.2
dataset-lcb_v6.model-qwen3.5-9b.alpha4.0.steps100.blocks-1.prefetch-budget-12.rank-bfs_accept_first.cut-entropy4.0.samples20.maxnew1024.seed10086.subtreePrefetch.vllm.log,bfs_accept_first,12,4140,2026-09-09 16:22:26,5143.0,266.3,836.3,12,0,2.0,56.2
dataset-lcb_v6.model-qwen3.5-9b.alpha4.0.steps100.blocks-1.prefetch-budget-12.rank-bfs_accept_first.cut-entropy4.0.samples20.maxnew1024.seed10086.subtreePrefetch.vllm.log,bfs_accept_first,12,4145,2026-09-09 16:22:36,5153.0,347.0,828.2,9,0,1.7,56.2
dataset-lcb_v6.model-qwen3.5-9b.alpha4.0.steps100.blocks-1.prefetch-budget-12.rank-bfs_accept_first.cut-entropy4.0.samples20.maxnew1024.seed10086.subtreePrefetch.vllm.log,bfs_accept_first,12,4150,2026-09-09 16:22:46,5163.0,331.5,653.2,10,0,1.7,56.2
dataset-lcb_v6.model-qwen3.5-9b.alpha4.0.steps100.blocks-1.prefetch-budget-12.rank-bfs_accept_first.cut-entropy4.0.samples20.maxnew1024.seed10086.subtreePrefetch.vllm.log,bfs_accept_first,12,4155,2026-09-09 16:22:56,5173.0,325.9,804.5,11,0,2.0,56.2
dataset-lcb_v6.model-qwen3.5-9b.alpha4.0.steps100.blocks-1.prefetch-budget-12.rank-bfs_accept_first.cut-entropy4.0.samples20.maxnew1024.seed10086.subtreePrefetch.vllm.log,bfs_accept_first,12,4160,2026-09-09 16:23:06,5183.0,241.0,847.8,9,0,1.5,56.2
dataset-lcb_v6.model-qwen3.5-9b.alpha4.0.steps100.blocks-1.prefetch-budget-12.rank-bfs_accept_first.cut-entropy4.0.samples20.maxnew1024.seed10086.subtreePrefetch.vllm.log,bfs_accept_first,12,4165,2026-09-09 16:23:16,5193.0,107.4,493.7,3,0,0.7,56.2
