source_log,call_index,realized_transitions,logged_mh_seconds
/Users/jiangnanhugo/workspace/power-sharpening/Subtree-Prefetching-Power-Sharpening/case_studies/logs-entropycut/lcb_v6/2026-09-09/vllm/dataset-lcb_v6.model-qwen3.5-9b.alpha4.0.steps100.blocks-1.prefetch-budget-4.rank-reject_first.cut-entropy4.0.samples20.maxnew1024.seed10086.subtreePrefetch.vllm.log,0,1,5.344
/Users/jiangnanhugo/workspace/power-sharpening/Subtree-Prefetching-Power-Sharpening/case_studies/logs-entropycut/lcb_v6/2026-09-09/vllm/dataset-lcb_v6.model-qwen3.5-9b.alpha4.0.steps100.blocks-1.prefetch-budget-4.rank-reject_first.cut-entropy4.0.samples20.maxnew1024.seed10086.subtreePrefetch.vllm.log,1,1,7.658
/Users/jiangnanhugo/workspace/power-sharpening/Subtree-Prefetching-Power-Sharpening/case_studies/logs-entropycut/lcb_v6/2026-09-09/vllm/dataset-lcb_v6.model-qwen3.5-9b.alpha4.0.steps100.blocks-1.prefetch-budget-4.rank-reject_first.cut-entropy4.0.samples20.maxnew1024.seed10086.subtreePrefetch.vllm.log,2,1,6.875
/Users/jiangnanhugo/workspace/power-sharpening/Subtree-Prefetching-Power-Sharpening/case_studies/logs-entropycut/lcb_v6/2026-09-09/vllm/dataset-lcb_v6.model-qwen3.5-9b.alpha4.0.steps100.blocks-1.prefetch-budget-4.rank-reject_first.cut-entropy4.0.samples20.maxnew1024.seed10086.subtreePrefetch.vllm.log,3,1,7.936
/Users/jiangnanhugo/workspace/power-sharpening/Subtree-Prefetching-Power-Sharpening/case_studies/logs-entropycut/lcb_v6/2026-09-09/vllm/dataset-lcb_v6.model-qwen3.5-9b.alpha4.0.steps100.blocks-1.prefetch-budget-4.rank-reject_first.cut-entropy4.0.samples20.maxnew1024.seed10086.subtreePrefetch.vllm.log,4,4,6.502
/Users/jiangnanhugo/workspace/power-sharpening/Subtree-Prefetching-Power-Sharpening/case_studies/logs-entropycut/lcb_v6/2026-09-09/vllm/dataset-lcb_v6.model-qwen3.5-9b.alpha4.0.steps100.blocks-1.prefetch-budget-4.rank-reject_first.cut-entropy4.0.samples20.maxnew1024.seed10086.subtreePrefetch.vllm.log,5,4,6.911
/Users/jiangnanhugo/workspace/power-sharpening/Subtree-Prefetching-Power-Sharpening/case_studies/logs-entropycut/lcb_v6/2026-09-09/vllm/dataset-lcb_v6.model-qwen3.5-9b.alpha4.0.steps100.blocks-1.prefetch-budget-4.rank-reject_first.cut-entropy4.0.samples20.maxnew1024.seed10086.subtreePrefetch.vllm.log,6,4,7.547
/Users/jiangnanhugo/workspace/power-sharpening/Subtree-Prefetching-Power-Sharpening/case_studies/logs-entropycut/lcb_v6/2026-09-09/vllm/dataset-lcb_v6.model-qwen3.5-9b.alpha4.0.steps100.blocks-1.prefetch-budget-4.rank-reject_first.cut-entropy4.0.samples20.maxnew1024.seed10086.subtreePrefetch.vllm.log,7,4,7.548
/Users/jiangnanhugo/workspace/power-sharpening/Subtree-Prefetching-Power-Sharpening/case_studies/logs-entropycut/lcb_v6/2026-09-09/vllm/dataset-lcb_v6.model-qwen3.5-9b.alpha4.0.steps100.blocks-1.prefetch-budget-4.rank-reject_first.cut-entropy4.0.samples20.maxnew1024.seed10086.subtreePrefetch.vllm.log,8,1,6.246
/Users/jiangnanhugo/workspace/power-sharpening/Subtree-Prefetching-Power-Sharpening/case_studies/logs-entropycut/lcb_v6/2026-09-09/vllm/dataset-lcb_v6.model-qwen3.5-9b.alpha4.0.steps100.blocks-1.prefetch-budget-4.rank-reject_first.cut-entropy4.0.samples20.maxnew1024.seed10086.subtreePrefetch.vllm.log,9,4,2.478
/Users/jiangnanhugo/workspace/power-sharpening/Subtree-Prefetching-Power-Sharpening/case_studies/logs-entropycut/lcb_v6/2026-09-09/vllm/dataset-lcb_v6.model-qwen3.5-9b.alpha4.0.steps100.blocks-1.prefetch-budget-4.rank-reject_first.cut-entropy4.0.samples20.maxnew1024.seed10086.subtreePrefetch.vllm.log,10,4,8.649
/Users/jiangnanhugo/workspace/power-sharpening/Subtree-Prefetching-Power-Sharpening/case_studies/logs-entropycut/lcb_v6/2026-09-09/vllm/dataset-lcb_v6.model-qwen3.5-9b.alpha4.0.steps100.blocks-1.prefetch-budget-4.rank-reject_first.cut-entropy4.0.samples20.maxnew1024.seed10086.subtreePrefetch.vllm.log,11,4,6.081
/Users/jiangnanhugo/workspace/power-sharpening/Subtree-Prefetching-Power-Sharpening/case_studies/logs-entropycut/lcb_v6/2026-09-09/vllm/dataset-lcb_v6.model-qwen3.5-9b.alpha4.0.steps100.blocks-1.prefetch-budget-4.rank-reject_first.cut-entropy4.0.samples20.maxnew1024.seed10086.subtreePrefetch.vllm.log,12,4,6.635
/Users/jiangnanhugo/workspace/power-sharpening/Subtree-Prefetching-Power-Sharpening/case_studies/logs-entropycut/lcb_v6/2026-09-09/vllm/dataset-lcb_v6.model-qwen3.5-9b.alpha4.0.steps100.blocks-1.prefetch-budget-4.rank-reject_first.cut-entropy4.0.samples20.maxnew1024.seed10086.subtreePrefetch.vllm.log,13,2,7.903
/Users/jiangnanhugo/workspace/power-sharpening/Subtree-Prefetching-Power-Sharpening/case_studies/logs-entropycut/lcb_v6/2026-09-09/vllm/dataset-lcb_v6.model-qwen3.5-9b.alpha4.0.steps100.blocks-1.prefetch-budget-4.rank-reject_first.cut-entropy4.0.samples20.maxnew1024.seed10086.subtreePrefetch.vllm.log,14,4,6.496
/Users/jiangnanhugo/workspace/power-sharpening/Subtree-Prefetching-Power-Sharpening/case_studies/logs-entropycut/lcb_v6/2026-09-09/vllm/dataset-lcb_v6.model-qwen3.5-9b.alpha4.0.steps100.blocks-1.prefetch-budget-4.rank-reject_first.cut-entropy4.0.samples20.maxnew1024.seed10086.subtreePrefetch.vllm.log,15,2,8.598
/Users/jiangnanhugo/workspace/power-sharpening/Subtree-Prefetching-Power-Sharpening/case_studies/logs-entropycut/lcb_v6/2026-09-09/vllm/dataset-lcb_v6.model-qwen3.5-9b.alpha4.0.steps100.blocks-1.prefetch-budget-4.rank-reject_first.cut-entropy4.0.samples20.maxnew1024.seed10086.subtreePrefetch.vllm.log,16,3,5.11
/Users/jiangnanhugo/workspace/power-sharpening/Subtree-Prefetching-Power-Sharpening/case_studies/logs-entropycut/lcb_v6/2026-09-09/vllm/dataset-lcb_v6.model-qwen3.5-9b.alpha4.0.steps100.blocks-1.prefetch-budget-4.rank-reject_first.cut-entropy4.0.samples20.maxnew1024.seed10086.subtreePrefetch.vllm.log,17,2,3.667
/Users/jiangnanhugo/workspace/power-sharpening/Subtree-Prefetching-Power-Sharpening/case_studies/logs-entropycut/lcb_v6/2026-09-09/vllm/dataset-lcb_v6.model-qwen3.5-9b.alpha4.0.steps100.blocks-1.prefetch-budget-4.rank-reject_first.cut-entropy4.0.samples20.maxnew1024.seed10086.subtreePrefetch.vllm.log,18,4,8.08
/Users/jiangnanhugo/workspace/power-sharpening/Subtree-Prefetching-Power-Sharpening/case_studies/logs-entropycut/lcb_v6/2026-09-09/vllm/dataset-lcb_v6.model-qwen3.5-9b.alpha4.0.steps100.blocks-1.prefetch-budget-4.rank-reject_first.cut-entropy4.0.samples20.maxnew1024.seed10086.subtreePrefetch.vllm.log,19,4,5.215
/Users/jiangnanhugo/workspace/power-sharpening/Subtree-Prefetching-Power-Sharpening/case_studies/logs-entropycut/lcb_v6/2026-09-09/vllm/dataset-lcb_v6.model-qwen3.5-9b.alpha4.0.steps100.blocks-1.prefetch-budget-4.rank-reject_first.cut-entropy4.0.samples20.maxnew1024.seed10086.subtreePrefetch.vllm.log,20,2,6.5
/Users/jiangnanhugo/workspace/power-sharpening/Subtree-Prefetching-Power-Sharpening/case_studies/logs-entropycut/lcb_v6/2026-09-09/vllm/dataset-lcb_v6.model-qwen3.5-9b.alpha4.0.steps100.blocks-1.prefetch-budget-4.rank-reject_first.cut-entropy4.0.samples20.maxnew1024.seed10086.subtreePrefetch.vllm.log,21,4,6.082
/Users/jiangnanhugo/workspace/power-sharpening/Subtree-Prefetching-Power-Sharpening/case_studies/logs-entropycut/lcb_v6/2026-09-09/vllm/dataset-lcb_v6.model-qwen3.5-9b.alpha4.0.steps100.blocks-1.prefetch-budget-4.rank-reject_first.cut-entropy4.0.samples20.maxnew1024.seed10086.subtreePrefetch.vllm.log,22,4,5.715
/Users/jiangnanhugo/workspace/power-sharpening/Subtree-Prefetching-Power-Sharpening/case_studies/logs-entropycut/lcb_v6/2026-09-09/vllm/dataset-lcb_v6.model-qwen3.5-9b.alpha4.0.steps100.blocks-1.prefetch-budget-4.rank-reject_first.cut-entropy4.0.samples20.maxnew1024.seed10086.subtreePrefetch.vllm.log,23,4,8.972
/Users/jiangnanhugo/workspace/power-sharpening/Subtree-Prefetching-Power-Sharpening/case_studies/logs-entropycut/lcb_v6/2026-09-09/vllm/dataset-lcb_v6.model-qwen3.5-9b.alpha4.0.steps100.blocks-1.prefetch-budget-4.rank-reject_first.cut-entropy4.0.samples20.maxnew1024.seed10086.subtreePrefetch.vllm.log,24,4,8.639
/Users/jiangnanhugo/workspace/power-sharpening/Subtree-Prefetching-Power-Sharpening/case_studies/logs-entropycut/lcb_v6/2026-09-09/vllm/dataset-lcb_v6.model-qwen3.5-9b.alpha4.0.steps100.blocks-1.prefetch-budget-4.rank-reject_first.cut-entropy4.0.samples20.maxnew1024.seed10086.subtreePrefetch.vllm.log,25,4,7.541
/Users/jiangnanhugo/workspace/power-sharpening/Subtree-Prefetching-Power-Sharpening/case_studies/logs-entropycut/lcb_v6/2026-09-09/vllm/dataset-lcb_v6.model-qwen3.5-9b.alpha4.0.steps100.blocks-1.prefetch-budget-4.rank-reject_first.cut-entropy4.0.samples20.maxnew1024.seed10086.subtreePrefetch.vllm.log,26,4,7.648
/Users/jiangnanhugo/workspace/power-sharpening/Subtree-Prefetching-Power-Sharpening/case_studies/logs-entropycut/lcb_v6/2026-09-09/vllm/dataset-lcb_v6.model-qwen3.5-9b.alpha4.0.steps100.blocks-1.prefetch-budget-4.rank-reject_first.cut-entropy4.0.samples20.maxnew1024.seed10086.subtreePrefetch.vllm.log,27,4,7.689
/Users/jiangnanhugo/workspace/power-sharpening/Subtree-Prefetching-Power-Sharpening/case_studies/logs-entropycut/lcb_v6/2026-09-09/vllm/dataset-lcb_v6.model-qwen3.5-9b.alpha4.0.steps100.blocks-1.prefetch-budget-4.rank-reject_first.cut-entropy4.0.samples20.maxnew1024.seed10086.subtreePrefetch.vllm.log,28,4,6.682
/Users/jiangnanhugo/workspace/power-sharpening/Subtree-Prefetching-Power-Sharpening/case_studies/logs-entropycut/lcb_v6/2026-09-09/vllm/dataset-lcb_v6.model-qwen3.5-9b.alpha4.0.steps100.blocks-1.prefetch-budget-4.rank-reject_first.cut-entropy4.0.samples20.maxnew1024.seed10086.subtreePrefetch.vllm.log,29,4,6.201
/Users/jiangnanhugo/workspace/power-sharpening/Subtree-Prefetching-Power-Sharpening/case_studies/logs-entropycut/lcb_v6/2026-09-09/vllm/dataset-lcb_v6.model-qwen3.5-9b.alpha4.0.steps100.blocks-1.prefetch-budget-4.rank-reject_first.cut-entropy4.0.samples20.maxnew1024.seed10086.subtreePrefetch.vllm.log,30,4,5.614
/Users/jiangnanhugo/workspace/power-sharpening/Subtree-Prefetching-Power-Sharpening/case_studies/logs-entropycut/lcb_v6/2026-09-09/vllm/dataset-lcb_v6.model-qwen3.5-9b.alpha4.0.steps100.blocks-1.prefetch-budget-4.rank-reject_first.cut-entropy4.0.samples20.maxnew1024.seed10086.subtreePrefetch.vllm.log,31,2,6.568
/Users/jiangnanhugo/workspace/power-sharpening/Subtree-Prefetching-Power-Sharpening/case_studies/logs-entropycut/lcb_v6/2026-09-09/vllm/dataset-lcb_v6.model-qwen3.5-9b.alpha4.0.steps100.blocks-1.prefetch-budget-4.rank-reject_first.cut-entropy4.0.samples20.maxnew1024.seed10086.subtreePrefetch.vllm.log,32,1,6.722
/Users/jiangnanhugo/workspace/power-sharpening/Subtree-Prefetching-Power-Sharpening/case_studies/logs-entropycut/lcb_v6/2026-09-09/vllm/dataset-lcb_v6.model-qwen3.5-9b.alpha4.0.steps100.blocks-1.prefetch-budget-4.rank-reject_first.cut-entropy4.0.samples20.maxnew1024.seed10086.subtreePrefetch.vllm.log,33,1,6.867
/Users/jiangnanhugo/workspace/power-sharpening/Subtree-Prefetching-Power-Sharpening/case_studies/logs-entropycut/lcb_v6/2026-09-09/vllm/dataset-lcb_v6.model-qwen3.5-9b.alpha4.0.steps100.blocks-1.prefetch-budget-4.rank-reject_first.cut-entropy4.0.samples20.maxnew1024.seed10086.subtreePrefetch.vllm.log,34,4,6.268
/Users/jiangnanhugo/workspace/power-sharpening/Subtree-Prefetching-Power-Sharpening/case_studies/logs-entropycut/lcb_v6/2026-09-09/vllm/dataset-lcb_v6.model-qwen3.5-9b.alpha4.0.steps100.blocks-1.prefetch-budget-4.rank-reject_first.cut-entropy4.0.samples20.maxnew1024.seed10086.subtreePrefetch.vllm.log,35,2,8.177
/Users/jiangnanhugo/workspace/power-sharpening/Subtree-Prefetching-Power-Sharpening/case_studies/logs-entropycut/lcb_v6/2026-09-09/vllm/dataset-lcb_v6.model-qwen3.5-9b.alpha4.0.steps100.blocks-1.prefetch-budget-4.rank-reject_first.cut-entropy4.0.samples20.maxnew1024.seed10086.subtreePrefetch.vllm.log,36,1,6.886
/Users/jiangnanhugo/workspace/power-sharpening/Subtree-Prefetching-Power-Sharpening/case_studies/logs-entropycut/lcb_v6/2026-09-09/vllm/dataset-lcb_v6.model-qwen3.5-9b.alpha4.0.steps100.blocks-1.prefetch-budget-4.rank-reject_first.cut-entropy4.0.samples20.maxnew1024.seed10086.subtreePrefetch.vllm.log,37,1,8.202
/Users/jiangnanhugo/workspace/power-sharpening/Subtree-Prefetching-Power-Sharpening/case_studies/logs-entropycut/lcb_v6/2026-09-09/vllm/dataset-lcb_v6.model-qwen3.5-9b.alpha4.0.steps100.blocks-1.prefetch-budget-4.rank-reject_first.cut-entropy4.0.samples20.maxnew1024.seed10086.subtreePrefetch.vllm.log,38,3,6.977
/Users/jiangnanhugo/workspace/power-sharpening/Subtree-Prefetching-Power-Sharpening/case_studies/logs-entropycut/lcb_v6/2026-09-09/vllm/dataset-lcb_v6.model-qwen3.5-9b.alpha4.0.steps100.blocks-1.prefetch-budget-4.rank-reject_first.cut-entropy4.0.samples20.maxnew1024.seed10086.subtreePrefetch.vllm.log,39,4,8.218
/Users/jiangnanhugo/workspace/power-sharpening/Subtree-Prefetching-Power-Sharpening/case_studies/logs-entropycut/lcb_v6/2026-09-09/vllm/dataset-lcb_v6.model-qwen3.5-9b.alpha4.0.steps100.blocks-1.prefetch-budget-4.rank-reject_first.cut-entropy4.0.samples20.maxnew1024.seed10086.subtreePrefetch.vllm.log,40,4,8.985
/Users/jiangnanhugo/workspace/power-sharpening/Subtree-Prefetching-Power-Sharpening/case_studies/logs-entropycut/lcb_v6/2026-09-09/vllm/dataset-lcb_v6.model-qwen3.5-9b.alpha4.0.steps100.blocks-1.prefetch-budget-4.rank-reject_first.cut-entropy4.0.samples20.maxnew1024.seed10086.subtreePrefetch.vllm.log,41,1,8.263
/Users/jiangnanhugo/workspace/power-sharpening/Subtree-Prefetching-Power-Sharpening/case_studies/logs-entropycut/lcb_v6/2026-09-09/vllm/dataset-lcb_v6.model-qwen3.5-9b.alpha4.0.steps100.blocks-1.prefetch-budget-4.rank-reject_first.cut-entropy4.0.samples20.maxnew1024.seed10086.subtreePrefetch.vllm.log,42,4,8.016
/Users/jiangnanhugo/workspace/power-sharpening/Subtree-Prefetching-Power-Sharpening/case_studies/logs-entropycut/lcb_v6/2026-09-09/vllm/dataset-lcb_v6.model-qwen3.5-9b.alpha4.0.steps100.blocks-1.prefetch-budget-4.rank-reject_first.cut-entropy4.0.samples20.maxnew1024.seed10086.subtreePrefetch.vllm.log,43,2,6.799
/Users/jiangnanhugo/workspace/power-sharpening/Subtree-Prefetching-Power-Sharpening/case_studies/logs-entropycut/lcb_v6/2026-09-09/vllm/dataset-lcb_v6.model-qwen3.5-9b.alpha4.0.steps100.blocks-1.prefetch-budget-4.rank-reject_first.cut-entropy4.0.samples20.maxnew1024.seed10086.subtreePrefetch.vllm.log,44,3,8.317
/Users/jiangnanhugo/workspace/power-sharpening/Subtree-Prefetching-Power-Sharpening/case_studies/logs-entropycut/lcb_v6/2026-09-09/vllm/dataset-lcb_v6.model-qwen3.5-9b.alpha4.0.steps100.blocks-1.prefetch-budget-4.rank-reject_first.cut-entropy4.0.samples20.maxnew1024.seed10086.subtreePrefetch.vllm.log,45,2,8.256
/Users/jiangnanhugo/workspace/power-sharpening/Subtree-Prefetching-Power-Sharpening/case_studies/logs-entropycut/lcb_v6/2026-09-09/vllm/dataset-lcb_v6.model-qwen3.5-9b.alpha4.0.steps100.blocks-1.prefetch-budget-4.rank-reject_first.cut-entropy4.0.samples20.maxnew1024.seed10086.subtreePrefetch.vllm.log,46,1,8.094
/Users/jiangnanhugo/workspace/power-sharpening/Subtree-Prefetching-Power-Sharpening/case_studies/logs-entropycut/lcb_v6/2026-09-09/vllm/dataset-lcb_v6.model-qwen3.5-9b.alpha4.0.steps100.blocks-1.prefetch-budget-4.rank-reject_first.cut-entropy4.0.samples20.maxnew1024.seed10086.subtreePrefetch.vllm.log,47,3,8.712
/Users/jiangnanhugo/workspace/power-sharpening/Subtree-Prefetching-Power-Sharpening/case_studies/logs-entropycut/lcb_v6/2026-09-09/vllm/dataset-lcb_v6.model-qwen3.5-9b.alpha4.0.steps100.blocks-1.prefetch-budget-4.rank-reject_first.cut-entropy4.0.samples20.maxnew1024.seed10086.subtreePrefetch.vllm.log,48,3,9.116
/Users/jiangnanhugo/workspace/power-sharpening/Subtree-Prefetching-Power-Sharpening/case_studies/logs-entropycut/lcb_v6/2026-09-09/vllm/dataset-lcb_v6.model-qwen3.5-9b.alpha4.0.steps100.blocks-1.prefetch-budget-4.rank-reject_first.cut-entropy4.0.samples20.maxnew1024.seed10086.subtreePrefetch.vllm.log,49,2,8.203
/Users/jiangnanhugo/workspace/power-sharpening/Subtree-Prefetching-Power-Sharpening/case_studies/logs-entropycut/lcb_v6/2026-09-09/vllm/dataset-lcb_v6.model-qwen3.5-9b.alpha4.0.steps100.blocks-1.prefetch-budget-4.rank-reject_first.cut-entropy4.0.samples20.maxnew1024.seed10086.subtreePrefetch.vllm.log,50,2,8.978
/Users/jiangnanhugo/workspace/power-sharpening/Subtree-Prefetching-Power-Sharpening/case_studies/logs-entropycut/lcb_v6/2026-09-09/vllm/dataset-lcb_v6.model-qwen3.5-9b.alpha4.0.steps100.blocks-1.prefetch-budget-4.rank-reject_first.cut-entropy4.0.samples20.maxnew1024.seed10086.subtreePrefetch.vllm.log,51,3,8.379
/Users/jiangnanhugo/workspace/power-sharpening/Subtree-Prefetching-Power-Sharpening/case_studies/logs-entropycut/lcb_v6/2026-09-09/vllm/dataset-lcb_v6.model-qwen3.5-9b.alpha4.0.steps100.blocks-1.prefetch-budget-4.rank-reject_first.cut-entropy4.0.samples20.maxnew1024.seed10086.subtreePrefetch.vllm.log,52,4,7.149
/Users/jiangnanhugo/workspace/power-sharpening/Subtree-Prefetching-Power-Sharpening/case_studies/logs-entropycut/lcb_v6/2026-09-09/vllm/dataset-lcb_v6.model-qwen3.5-9b.alpha4.0.steps100.blocks-1.prefetch-budget-4.rank-reject_first.cut-entropy4.0.samples20.maxnew1024.seed10086.subtreePrefetch.vllm.log,53,1,8.28
/Users/jiangnanhugo/workspace/power-sharpening/Subtree-Prefetching-Power-Sharpening/case_studies/logs-entropycut/lcb_v6/2026-09-09/vllm/dataset-lcb_v6.model-qwen3.5-9b.alpha4.0.steps100.blocks-1.prefetch-budget-4.rank-reject_first.cut-entropy4.0.samples20.maxnew1024.seed10086.subtreePrefetch.vllm.log,54,4,7.505
/Users/jiangnanhugo/workspace/power-sharpening/Subtree-Prefetching-Power-Sharpening/case_studies/logs-entropycut/lcb_v6/2026-09-09/vllm/dataset-lcb_v6.model-qwen3.5-9b.alpha4.0.steps100.blocks-1.prefetch-budget-4.rank-reject_first.cut-entropy4.0.samples20.maxnew1024.seed10086.subtreePrefetch.vllm.log,55,4,8.073
/Users/jiangnanhugo/workspace/power-sharpening/Subtree-Prefetching-Power-Sharpening/case_studies/logs-entropycut/lcb_v6/2026-09-09/vllm/dataset-lcb_v6.model-qwen3.5-9b.alpha4.0.steps100.blocks-1.prefetch-budget-4.rank-reject_first.cut-entropy4.0.samples20.maxnew1024.seed10086.subtreePrefetch.vllm.log,56,4,8.085
/Users/jiangnanhugo/workspace/power-sharpening/Subtree-Prefetching-Power-Sharpening/case_studies/logs-entropycut/lcb_v6/2026-09-09/vllm/dataset-lcb_v6.model-qwen3.5-9b.alpha4.0.steps100.blocks-1.prefetch-budget-4.rank-reject_first.cut-entropy4.0.samples20.maxnew1024.seed10086.subtreePrefetch.vllm.log,57,4,6.541
/Users/jiangnanhugo/workspace/power-sharpening/Subtree-Prefetching-Power-Sharpening/case_studies/logs-entropycut/lcb_v6/2026-09-09/vllm/dataset-lcb_v6.model-qwen3.5-9b.alpha4.0.steps100.blocks-1.prefetch-budget-4.rank-reject_first.cut-entropy4.0.samples20.maxnew1024.seed10086.subtreePrefetch.vllm.log,58,4,8.654
/Users/jiangnanhugo/workspace/power-sharpening/Subtree-Prefetching-Power-Sharpening/case_studies/logs-entropycut/lcb_v6/2026-09-09/vllm/dataset-lcb_v6.model-qwen3.5-9b.alpha4.0.steps100.blocks-1.prefetch-budget-4.rank-reject_first.cut-entropy4.0.samples20.maxnew1024.seed10086.subtreePrefetch.vllm.log,59,2,8.139
/Users/jiangnanhugo/workspace/power-sharpening/Subtree-Prefetching-Power-Sharpening/case_studies/logs-entropycut/lcb_v6/2026-09-09/vllm/dataset-lcb_v6.model-qwen3.5-9b.alpha4.0.steps100.blocks-1.prefetch-budget-4.rank-reject_first.cut-entropy4.0.samples20.maxnew1024.seed10086.subtreePrefetch.vllm.log,60,4,8.8
/Users/jiangnanhugo/workspace/power-sharpening/Subtree-Prefetching-Power-Sharpening/case_studies/logs-entropycut/lcb_v6/2026-09-09/vllm/dataset-lcb_v6.model-qwen3.5-9b.alpha4.0.steps100.blocks-1.prefetch-budget-4.rank-reject_first.cut-entropy4.0.samples20.maxnew1024.seed10086.subtreePrefetch.vllm.log,61,4,7.446
/Users/jiangnanhugo/workspace/power-sharpening/Subtree-Prefetching-Power-Sharpening/case_studies/logs-entropycut/lcb_v6/2026-09-09/vllm/dataset-lcb_v6.model-qwen3.5-9b.alpha4.0.steps100.blocks-1.prefetch-budget-4.rank-reject_first.cut-entropy4.0.samples20.maxnew1024.seed10086.subtreePrefetch.vllm.log,62,4,8.956
/Users/jiangnanhugo/workspace/power-sharpening/Subtree-Prefetching-Power-Sharpening/case_studies/logs-entropycut/lcb_v6/2026-09-09/vllm/dataset-lcb_v6.model-qwen3.5-9b.alpha4.0.steps100.blocks-1.prefetch-budget-4.rank-reject_first.cut-entropy4.0.samples20.maxnew1024.seed10086.subtreePrefetch.vllm.log,63,4,6.643
/Users/jiangnanhugo/workspace/power-sharpening/Subtree-Prefetching-Power-Sharpening/case_studies/logs-entropycut/lcb_v6/2026-09-09/vllm/dataset-lcb_v6.model-qwen3.5-9b.alpha4.0.steps100.blocks-1.prefetch-budget-4.rank-reject_first.cut-entropy4.0.samples20.maxnew1024.seed10086.subtreePrefetch.vllm.log,64,4,8.01
/Users/jiangnanhugo/workspace/power-sharpening/Subtree-Prefetching-Power-Sharpening/case_studies/logs-entropycut/lcb_v6/2026-09-09/vllm/dataset-lcb_v6.model-qwen3.5-9b.alpha4.0.steps100.blocks-1.prefetch-budget-4.rank-reject_first.cut-entropy4.0.samples20.maxnew1024.seed10086.subtreePrefetch.vllm.log,65,4,6.222
/Users/jiangnanhugo/workspace/power-sharpening/Subtree-Prefetching-Power-Sharpening/case_studies/logs-entropycut/lcb_v6/2026-09-09/vllm/dataset-lcb_v6.model-qwen3.5-9b.alpha4.0.steps100.blocks-1.prefetch-budget-4.rank-reject_first.cut-entropy4.0.samples20.maxnew1024.seed10086.subtreePrefetch.vllm.log,66,1,7.537
/Users/jiangnanhugo/workspace/power-sharpening/Subtree-Prefetching-Power-Sharpening/case_studies/logs-entropycut/lcb_v6/2026-09-09/vllm/dataset-lcb_v6.model-qwen3.5-9b.alpha4.0.steps100.blocks-1.prefetch-budget-4.rank-reject_first.cut-entropy4.0.samples20.maxnew1024.seed10086.subtreePrefetch.vllm.log,67,1,8.264
/Users/jiangnanhugo/workspace/power-sharpening/Subtree-Prefetching-Power-Sharpening/case_studies/logs-entropycut/lcb_v6/2026-09-09/vllm/dataset-lcb_v6.model-qwen3.5-9b.alpha4.0.steps100.blocks-1.prefetch-budget-4.rank-reject_first.cut-entropy4.0.samples20.maxnew1024.seed10086.subtreePrefetch.vllm.log,68,4,8.897
/Users/jiangnanhugo/workspace/power-sharpening/Subtree-Prefetching-Power-Sharpening/case_studies/logs-entropycut/lcb_v6/2026-09-09/vllm/dataset-lcb_v6.model-qwen3.5-9b.alpha4.0.steps100.blocks-1.prefetch-budget-4.rank-reject_first.cut-entropy4.0.samples20.maxnew1024.seed10086.subtreePrefetch.vllm.log,69,4,8.247
/Users/jiangnanhugo/workspace/power-sharpening/Subtree-Prefetching-Power-Sharpening/case_studies/logs-entropycut/lcb_v6/2026-09-09/vllm/dataset-lcb_v6.model-qwen3.5-9b.alpha4.0.steps100.blocks-1.prefetch-budget-4.rank-reject_first.cut-entropy4.0.samples20.maxnew1024.seed10086.subtreePrefetch.vllm.log,70,4,8.273
/Users/jiangnanhugo/workspace/power-sharpening/Subtree-Prefetching-Power-Sharpening/case_studies/logs-entropycut/lcb_v6/2026-09-09/vllm/dataset-lcb_v6.model-qwen3.5-9b.alpha4.0.steps100.blocks-1.prefetch-budget-4.rank-reject_first.cut-entropy4.0.samples20.maxnew1024.seed10086.subtreePrefetch.vllm.log,71,2,4.359
/Users/jiangnanhugo/workspace/power-sharpening/Subtree-Prefetching-Power-Sharpening/case_studies/logs-entropycut/lcb_v6/2026-09-09/vllm/dataset-lcb_v6.model-qwen3.5-9b.alpha4.0.steps100.blocks-1.prefetch-budget-4.rank-reject_first.cut-entropy4.0.samples20.maxnew1024.seed10086.subtreePrefetch.vllm.log,72,4,8.535
/Users/jiangnanhugo/workspace/power-sharpening/Subtree-Prefetching-Power-Sharpening/case_studies/logs-entropycut/lcb_v6/2026-09-09/vllm/dataset-lcb_v6.model-qwen3.5-9b.alpha4.0.steps100.blocks-1.prefetch-budget-4.rank-reject_first.cut-entropy4.0.samples20.maxnew1024.seed10086.subtreePrefetch.vllm.log,73,4,7.966
/Users/jiangnanhugo/workspace/power-sharpening/Subtree-Prefetching-Power-Sharpening/case_studies/logs-entropycut/lcb_v6/2026-09-09/vllm/dataset-lcb_v6.model-qwen3.5-9b.alpha4.0.steps100.blocks-1.prefetch-budget-4.rank-reject_first.cut-entropy4.0.samples20.maxnew1024.seed10086.subtreePrefetch.vllm.log,74,4,8.712
/Users/jiangnanhugo/workspace/power-sharpening/Subtree-Prefetching-Power-Sharpening/case_studies/logs-entropycut/lcb_v6/2026-09-09/vllm/dataset-lcb_v6.model-qwen3.5-9b.alpha4.0.steps100.blocks-1.prefetch-budget-4.rank-reject_first.cut-entropy4.0.samples20.maxnew1024.seed10086.subtreePrefetch.vllm.log,75,4,8.147
/Users/jiangnanhugo/workspace/power-sharpening/Subtree-Prefetching-Power-Sharpening/case_studies/logs-entropycut/lcb_v6/2026-09-09/vllm/dataset-lcb_v6.model-qwen3.5-9b.alpha4.0.steps100.blocks-1.prefetch-budget-4.rank-reject_first.cut-entropy4.0.samples20.maxnew1024.seed10086.subtreePrefetch.vllm.log,76,4,8.359
/Users/jiangnanhugo/workspace/power-sharpening/Subtree-Prefetching-Power-Sharpening/case_studies/logs-entropycut/lcb_v6/2026-09-09/vllm/dataset-lcb_v6.model-qwen3.5-9b.alpha4.0.steps100.blocks-1.prefetch-budget-4.rank-reject_first.cut-entropy4.0.samples20.maxnew1024.seed10086.subtreePrefetch.vllm.log,77,4,8.985
/Users/jiangnanhugo/workspace/power-sharpening/Subtree-Prefetching-Power-Sharpening/case_studies/logs-entropycut/lcb_v6/2026-09-09/vllm/dataset-lcb_v6.model-qwen3.5-9b.alpha4.0.steps100.blocks-1.prefetch-budget-4.rank-reject_first.cut-entropy4.0.samples20.maxnew1024.seed10086.subtreePrefetch.vllm.log,78,4,7.878
/Users/jiangnanhugo/workspace/power-sharpening/Subtree-Prefetching-Power-Sharpening/case_studies/logs-entropycut/lcb_v6/2026-09-09/vllm/dataset-lcb_v6.model-qwen3.5-9b.alpha4.0.steps100.blocks-1.prefetch-budget-4.rank-reject_first.cut-entropy4.0.samples20.maxnew1024.seed10086.subtreePrefetch.vllm.log,79,4,6.49
/Users/jiangnanhugo/workspace/power-sharpening/Subtree-Prefetching-Power-Sharpening/case_studies/logs-entropycut/lcb_v6/2026-09-09/vllm/dataset-lcb_v6.model-qwen3.5-9b.alpha4.0.steps100.blocks-1.prefetch-budget-4.rank-reject_first.cut-entropy4.0.samples20.maxnew1024.seed10086.subtreePrefetch.vllm.log,80,4,8.979
/Users/jiangnanhugo/workspace/power-sharpening/Subtree-Prefetching-Power-Sharpening/case_studies/logs-entropycut/lcb_v6/2026-09-09/vllm/dataset-lcb_v6.model-qwen3.5-9b.alpha4.0.steps100.blocks-1.prefetch-budget-4.rank-reject_first.cut-entropy4.0.samples20.maxnew1024.seed10086.subtreePrefetch.vllm.log,81,4,8.311
/Users/jiangnanhugo/workspace/power-sharpening/Subtree-Prefetching-Power-Sharpening/case_studies/logs-entropycut/lcb_v6/2026-09-09/vllm/dataset-lcb_v6.model-qwen3.5-9b.alpha4.0.steps100.blocks-1.prefetch-budget-4.rank-reject_first.cut-entropy4.0.samples20.maxnew1024.seed10086.subtreePrefetch.vllm.log,82,4,8.94
/Users/jiangnanhugo/workspace/power-sharpening/Subtree-Prefetching-Power-Sharpening/case_studies/logs-entropycut/lcb_v6/2026-09-09/vllm/dataset-lcb_v6.model-qwen3.5-9b.alpha4.0.steps100.blocks-1.prefetch-budget-4.rank-reject_first.cut-entropy4.0.samples20.maxnew1024.seed10086.subtreePrefetch.vllm.log,83,4,6.261
/Users/jiangnanhugo/workspace/power-sharpening/Subtree-Prefetching-Power-Sharpening/case_studies/logs-entropycut/lcb_v6/2026-09-09/vllm/dataset-lcb_v6.model-qwen3.5-9b.alpha4.0.steps100.blocks-1.prefetch-budget-4.rank-reject_first.cut-entropy4.0.samples20.maxnew1024.seed10086.subtreePrefetch.vllm.log,84,4,8.532
/Users/jiangnanhugo/workspace/power-sharpening/Subtree-Prefetching-Power-Sharpening/case_studies/logs-entropycut/lcb_v6/2026-09-09/vllm/dataset-lcb_v6.model-qwen3.5-9b.alpha4.0.steps100.blocks-1.prefetch-budget-4.rank-reject_first.cut-entropy4.0.samples20.maxnew1024.seed10086.subtreePrefetch.vllm.log,85,4,7.317
/Users/jiangnanhugo/workspace/power-sharpening/Subtree-Prefetching-Power-Sharpening/case_studies/logs-entropycut/lcb_v6/2026-09-09/vllm/dataset-lcb_v6.model-qwen3.5-9b.alpha4.0.steps100.blocks-1.prefetch-budget-4.rank-reject_first.cut-entropy4.0.samples20.maxnew1024.seed10086.subtreePrefetch.vllm.log,86,4,8.119
/Users/jiangnanhugo/workspace/power-sharpening/Subtree-Prefetching-Power-Sharpening/case_studies/logs-entropycut/lcb_v6/2026-09-09/vllm/dataset-lcb_v6.model-qwen3.5-9b.alpha4.0.steps100.blocks-1.prefetch-budget-4.rank-reject_first.cut-entropy4.0.samples20.maxnew1024.seed10086.subtreePrefetch.vllm.log,87,4,8.209
/Users/jiangnanhugo/workspace/power-sharpening/Subtree-Prefetching-Power-Sharpening/case_studies/logs-entropycut/lcb_v6/2026-09-09/vllm/dataset-lcb_v6.model-qwen3.5-9b.alpha4.0.steps100.blocks-1.prefetch-budget-4.rank-reject_first.cut-entropy4.0.samples20.maxnew1024.seed10086.subtreePrefetch.vllm.log,88,4,9.134
/Users/jiangnanhugo/workspace/power-sharpening/Subtree-Prefetching-Power-Sharpening/case_studies/logs-entropycut/lcb_v6/2026-09-09/vllm/dataset-lcb_v6.model-qwen3.5-9b.alpha4.0.steps100.blocks-1.prefetch-budget-4.rank-reject_first.cut-entropy4.0.samples20.maxnew1024.seed10086.subtreePrefetch.vllm.log,89,4,5.258
/Users/jiangnanhugo/workspace/power-sharpening/Subtree-Prefetching-Power-Sharpening/case_studies/logs-entropycut/lcb_v6/2026-09-09/vllm/dataset-lcb_v6.model-qwen3.5-9b.alpha4.0.steps100.blocks-1.prefetch-budget-4.rank-reject_first.cut-entropy4.0.samples20.maxnew1024.seed10086.subtreePrefetch.vllm.log,90,4,8.222
/Users/jiangnanhugo/workspace/power-sharpening/Subtree-Prefetching-Power-Sharpening/case_studies/logs-entropycut/lcb_v6/2026-09-09/vllm/dataset-lcb_v6.model-qwen3.5-9b.alpha4.0.steps100.blocks-1.prefetch-budget-4.rank-reject_first.cut-entropy4.0.samples20.maxnew1024.seed10086.subtreePrefetch.vllm.log,91,4,8.232
/Users/jiangnanhugo/workspace/power-sharpening/Subtree-Prefetching-Power-Sharpening/case_studies/logs-entropycut/lcb_v6/2026-09-09/vllm/dataset-lcb_v6.model-qwen3.5-9b.alpha4.0.steps100.blocks-1.prefetch-budget-4.rank-reject_first.cut-entropy4.0.samples20.maxnew1024.seed10086.subtreePrefetch.vllm.log,92,4,8.326
/Users/jiangnanhugo/workspace/power-sharpening/Subtree-Prefetching-Power-Sharpening/case_studies/logs-entropycut/lcb_v6/2026-09-09/vllm/dataset-lcb_v6.model-qwen3.5-9b.alpha4.0.steps100.blocks-1.prefetch-budget-4.rank-reject_first.cut-entropy4.0.samples20.maxnew1024.seed10086.subtreePrefetch.vllm.log,93,1,6.916
/Users/jiangnanhugo/workspace/power-sharpening/Subtree-Prefetching-Power-Sharpening/case_studies/logs-entropycut/lcb_v6/2026-09-09/vllm/dataset-lcb_v6.model-qwen3.5-9b.alpha4.0.steps100.blocks-1.prefetch-budget-4.rank-reject_first.cut-entropy4.0.samples20.maxnew1024.seed10086.subtreePrefetch.vllm.log,94,3,7.222
/Users/jiangnanhugo/workspace/power-sharpening/Subtree-Prefetching-Power-Sharpening/case_studies/logs-entropycut/lcb_v6/2026-09-09/vllm/dataset-lcb_v6.model-qwen3.5-9b.alpha4.0.steps100.blocks-1.prefetch-budget-4.rank-reject_first.cut-entropy4.0.samples20.maxnew1024.seed10086.subtreePrefetch.vllm.log,95,4,6.291
/Users/jiangnanhugo/workspace/power-sharpening/Subtree-Prefetching-Power-Sharpening/case_studies/logs-entropycut/lcb_v6/2026-09-09/vllm/dataset-lcb_v6.model-qwen3.5-9b.alpha4.0.steps100.blocks-1.prefetch-budget-4.rank-reject_first.cut-entropy4.0.samples20.maxnew1024.seed10086.subtreePrefetch.vllm.log,96,1,7.927
/Users/jiangnanhugo/workspace/power-sharpening/Subtree-Prefetching-Power-Sharpening/case_studies/logs-entropycut/lcb_v6/2026-09-09/vllm/dataset-lcb_v6.model-qwen3.5-9b.alpha4.0.steps100.blocks-1.prefetch-budget-4.rank-reject_first.cut-entropy4.0.samples20.maxnew1024.seed10086.subtreePrefetch.vllm.log,97,2,7.983
/Users/jiangnanhugo/workspace/power-sharpening/Subtree-Prefetching-Power-Sharpening/case_studies/logs-entropycut/lcb_v6/2026-09-09/vllm/dataset-lcb_v6.model-qwen3.5-9b.alpha4.0.steps100.blocks-1.prefetch-budget-4.rank-reject_first.cut-entropy4.0.samples20.maxnew1024.seed10086.subtreePrefetch.vllm.log,98,4,8.821
/Users/jiangnanhugo/workspace/power-sharpening/Subtree-Prefetching-Power-Sharpening/case_studies/logs-entropycut/lcb_v6/2026-09-09/vllm/dataset-lcb_v6.model-qwen3.5-9b.alpha4.0.steps100.blocks-1.prefetch-budget-4.rank-reject_first.cut-entropy4.0.samples20.maxnew1024.seed10086.subtreePrefetch.vllm.log,99,2,8.149
/Users/jiangnanhugo/workspace/power-sharpening/Subtree-Prefetching-Power-Sharpening/case_studies/logs-entropycut/lcb_v6/2026-09-09/vllm/dataset-lcb_v6.model-qwen3.5-9b.alpha4.0.steps100.blocks-1.prefetch-budget-4.rank-reject_first.cut-entropy4.0.samples20.maxnew1024.seed10086.subtreePrefetch.vllm.log,100,2,6.241
/Users/jiangnanhugo/workspace/power-sharpening/Subtree-Prefetching-Power-Sharpening/case_studies/logs-entropycut/lcb_v6/2026-09-09/vllm/dataset-lcb_v6.model-qwen3.5-9b.alpha4.0.steps100.blocks-1.prefetch-budget-4.rank-reject_first.cut-entropy4.0.samples20.maxnew1024.seed10086.subtreePrefetch.vllm.log,101,4,3.834
/Users/jiangnanhugo/workspace/power-sharpening/Subtree-Prefetching-Power-Sharpening/case_studies/logs-entropycut/lcb_v6/2026-09-09/vllm/dataset-lcb_v6.model-qwen3.5-9b.alpha4.0.steps100.blocks-1.prefetch-budget-4.rank-reject_first.cut-entropy4.0.samples20.maxnew1024.seed10086.subtreePrefetch.vllm.log,102,4,7.186
/Users/jiangnanhugo/workspace/power-sharpening/Subtree-Prefetching-Power-Sharpening/case_studies/logs-entropycut/lcb_v6/2026-09-09/vllm/dataset-lcb_v6.model-qwen3.5-9b.alpha4.0.steps100.blocks-1.prefetch-budget-4.rank-reject_first.cut-entropy4.0.samples20.maxnew1024.seed10086.subtreePrefetch.vllm.log,103,4,9.052
/Users/jiangnanhugo/workspace/power-sharpening/Subtree-Prefetching-Power-Sharpening/case_studies/logs-entropycut/lcb_v6/2026-09-09/vllm/dataset-lcb_v6.model-qwen3.5-9b.alpha4.0.steps100.blocks-1.prefetch-budget-4.rank-reject_first.cut-entropy4.0.samples20.maxnew1024.seed10086.subtreePrefetch.vllm.log,104,4,7.126
/Users/jiangnanhugo/workspace/power-sharpening/Subtree-Prefetching-Power-Sharpening/case_studies/logs-entropycut/lcb_v6/2026-09-09/vllm/dataset-lcb_v6.model-qwen3.5-9b.alpha4.0.steps100.blocks-1.prefetch-budget-4.rank-reject_first.cut-entropy4.0.samples20.maxnew1024.seed10086.subtreePrefetch.vllm.log,105,4,6.489
/Users/jiangnanhugo/workspace/power-sharpening/Subtree-Prefetching-Power-Sharpening/case_studies/logs-entropycut/lcb_v6/2026-09-09/vllm/dataset-lcb_v6.model-qwen3.5-9b.alpha4.0.steps100.blocks-1.prefetch-budget-4.rank-reject_first.cut-entropy4.0.samples20.maxnew1024.seed10086.subtreePrefetch.vllm.log,106,4,7.152
/Users/jiangnanhugo/workspace/power-sharpening/Subtree-Prefetching-Power-Sharpening/case_studies/logs-entropycut/lcb_v6/2026-09-09/vllm/dataset-lcb_v6.model-qwen3.5-9b.alpha4.0.steps100.blocks-1.prefetch-budget-4.rank-reject_first.cut-entropy4.0.samples20.maxnew1024.seed10086.subtreePrefetch.vllm.log,107,4,8.353
/Users/jiangnanhugo/workspace/power-sharpening/Subtree-Prefetching-Power-Sharpening/case_studies/logs-entropycut/lcb_v6/2026-09-09/vllm/dataset-lcb_v6.model-qwen3.5-9b.alpha4.0.steps100.blocks-1.prefetch-budget-4.rank-reject_first.cut-entropy4.0.samples20.maxnew1024.seed10086.subtreePrefetch.vllm.log,108,4,7.301
/Users/jiangnanhugo/workspace/power-sharpening/Subtree-Prefetching-Power-Sharpening/case_studies/logs-entropycut/lcb_v6/2026-09-09/vllm/dataset-lcb_v6.model-qwen3.5-9b.alpha4.0.steps100.blocks-1.prefetch-budget-4.rank-reject_first.cut-entropy4.0.samples20.maxnew1024.seed10086.subtreePrefetch.vllm.log,109,3,8.497
/Users/jiangnanhugo/workspace/power-sharpening/Subtree-Prefetching-Power-Sharpening/case_studies/logs-entropycut/lcb_v6/2026-09-09/vllm/dataset-lcb_v6.model-qwen3.5-9b.alpha4.0.steps100.blocks-1.prefetch-budget-4.rank-reject_first.cut-entropy4.0.samples20.maxnew1024.seed10086.subtreePrefetch.vllm.log,110,4,7.123
/Users/jiangnanhugo/workspace/power-sharpening/Subtree-Prefetching-Power-Sharpening/case_studies/logs-entropycut/lcb_v6/2026-09-09/vllm/dataset-lcb_v6.model-qwen3.5-9b.alpha4.0.steps100.blocks-1.prefetch-budget-4.rank-reject_first.cut-entropy4.0.samples20.maxnew1024.seed10086.subtreePrefetch.vllm.log,111,4,7.053
/Users/jiangnanhugo/workspace/power-sharpening/Subtree-Prefetching-Power-Sharpening/case_studies/logs-entropycut/lcb_v6/2026-09-09/vllm/dataset-lcb_v6.model-qwen3.5-9b.alpha4.0.steps100.blocks-1.prefetch-budget-4.rank-reject_first.cut-entropy4.0.samples20.maxnew1024.seed10086.subtreePrefetch.vllm.log,112,4,6.574
/Users/jiangnanhugo/workspace/power-sharpening/Subtree-Prefetching-Power-Sharpening/case_studies/logs-entropycut/lcb_v6/2026-09-09/vllm/dataset-lcb_v6.model-qwen3.5-9b.alpha4.0.steps100.blocks-1.prefetch-budget-4.rank-reject_first.cut-entropy4.0.samples20.maxnew1024.seed10086.subtreePrefetch.vllm.log,113,4,8.415
/Users/jiangnanhugo/workspace/power-sharpening/Subtree-Prefetching-Power-Sharpening/case_studies/logs-entropycut/lcb_v6/2026-09-09/vllm/dataset-lcb_v6.model-qwen3.5-9b.alpha4.0.steps100.blocks-1.prefetch-budget-4.rank-reject_first.cut-entropy4.0.samples20.maxnew1024.seed10086.subtreePrefetch.vllm.log,114,2,8.075
/Users/jiangnanhugo/workspace/power-sharpening/Subtree-Prefetching-Power-Sharpening/case_studies/logs-entropycut/lcb_v6/2026-09-09/vllm/dataset-lcb_v6.model-qwen3.5-9b.alpha4.0.steps100.blocks-1.prefetch-budget-4.rank-reject_first.cut-entropy4.0.samples20.maxnew1024.seed10086.subtreePrefetch.vllm.log,115,3,7.132
/Users/jiangnanhugo/workspace/power-sharpening/Subtree-Prefetching-Power-Sharpening/case_studies/logs-entropycut/lcb_v6/2026-09-09/vllm/dataset-lcb_v6.model-qwen3.5-9b.alpha4.0.steps100.blocks-1.prefetch-budget-4.rank-reject_first.cut-entropy4.0.samples20.maxnew1024.seed10086.subtreePrefetch.vllm.log,116,4,5.999
/Users/jiangnanhugo/workspace/power-sharpening/Subtree-Prefetching-Power-Sharpening/case_studies/logs-entropycut/lcb_v6/2026-09-09/vllm/dataset-lcb_v6.model-qwen3.5-9b.alpha4.0.steps100.blocks-1.prefetch-budget-4.rank-reject_first.cut-entropy4.0.samples20.maxnew1024.seed10086.subtreePrefetch.vllm.log,117,4,5.059
/Users/jiangnanhugo/workspace/power-sharpening/Subtree-Prefetching-Power-Sharpening/case_studies/logs-entropycut/lcb_v6/2026-09-09/vllm/dataset-lcb_v6.model-qwen3.5-9b.alpha4.0.steps100.blocks-1.prefetch-budget-4.rank-reject_first.cut-entropy4.0.samples20.maxnew1024.seed10086.subtreePrefetch.vllm.log,118,4,6.649
/Users/jiangnanhugo/workspace/power-sharpening/Subtree-Prefetching-Power-Sharpening/case_studies/logs-entropycut/lcb_v6/2026-09-09/vllm/dataset-lcb_v6.model-qwen3.5-9b.alpha4.0.steps100.blocks-1.prefetch-budget-4.rank-reject_first.cut-entropy4.0.samples20.maxnew1024.seed10086.subtreePrefetch.vllm.log,119,2,7.059
/Users/jiangnanhugo/workspace/power-sharpening/Subtree-Prefetching-Power-Sharpening/case_studies/logs-entropycut/lcb_v6/2026-09-09/vllm/dataset-lcb_v6.model-qwen3.5-9b.alpha4.0.steps100.blocks-1.prefetch-budget-4.rank-reject_first.cut-entropy4.0.samples20.maxnew1024.seed10086.subtreePrefetch.vllm.log,120,4,8.385
/Users/jiangnanhugo/workspace/power-sharpening/Subtree-Prefetching-Power-Sharpening/case_studies/logs-entropycut/lcb_v6/2026-09-09/vllm/dataset-lcb_v6.model-qwen3.5-9b.alpha4.0.steps100.blocks-1.prefetch-budget-4.rank-reject_first.cut-entropy4.0.samples20.maxnew1024.seed10086.subtreePrefetch.vllm.log,121,1,8.352
/Users/jiangnanhugo/workspace/power-sharpening/Subtree-Prefetching-Power-Sharpening/case_studies/logs-entropycut/lcb_v6/2026-09-09/vllm/dataset-lcb_v6.model-qwen3.5-9b.alpha4.0.steps100.blocks-1.prefetch-budget-4.rank-reject_first.cut-entropy4.0.samples20.maxnew1024.seed10086.subtreePrefetch.vllm.log,122,4,8.666
/Users/jiangnanhugo/workspace/power-sharpening/Subtree-Prefetching-Power-Sharpening/case_studies/logs-entropycut/lcb_v6/2026-09-09/vllm/dataset-lcb_v6.model-qwen3.5-9b.alpha4.0.steps100.blocks-1.prefetch-budget-4.rank-reject_first.cut-entropy4.0.samples20.maxnew1024.seed10086.subtreePrefetch.vllm.log,123,2,6.9
/Users/jiangnanhugo/workspace/power-sharpening/Subtree-Prefetching-Power-Sharpening/case_studies/logs-entropycut/lcb_v6/2026-09-09/vllm/dataset-lcb_v6.model-qwen3.5-9b.alpha4.0.steps100.blocks-1.prefetch-budget-4.rank-reject_first.cut-entropy4.0.samples20.maxnew1024.seed10086.subtreePrefetch.vllm.log,124,2,6.873
/Users/jiangnanhugo/workspace/power-sharpening/Subtree-Prefetching-Power-Sharpening/case_studies/logs-entropycut/lcb_v6/2026-09-09/vllm/dataset-lcb_v6.model-qwen3.5-9b.alpha4.0.steps100.blocks-1.prefetch-budget-4.rank-reject_first.cut-entropy4.0.samples20.maxnew1024.seed10086.subtreePrefetch.vllm.log,125,2,6.399
/Users/jiangnanhugo/workspace/power-sharpening/Subtree-Prefetching-Power-Sharpening/case_studies/logs-entropycut/lcb_v6/2026-09-09/vllm/dataset-lcb_v6.model-qwen3.5-9b.alpha4.0.steps100.blocks-1.prefetch-budget-4.rank-reject_first.cut-entropy4.0.samples20.maxnew1024.seed10086.subtreePrefetch.vllm.log,126,4,4.499
/Users/jiangnanhugo/workspace/power-sharpening/Subtree-Prefetching-Power-Sharpening/case_studies/logs-entropycut/lcb_v6/2026-09-09/vllm/dataset-lcb_v6.model-qwen3.5-9b.alpha4.0.steps100.blocks-1.prefetch-budget-4.rank-reject_first.cut-entropy4.0.samples20.maxnew1024.seed10086.subtreePrefetch.vllm.log,127,4,5.976
/Users/jiangnanhugo/workspace/power-sharpening/Subtree-Prefetching-Power-Sharpening/case_studies/logs-entropycut/lcb_v6/2026-09-09/vllm/dataset-lcb_v6.model-qwen3.5-9b.alpha4.0.steps100.blocks-1.prefetch-budget-4.rank-reject_first.cut-entropy4.0.samples20.maxnew1024.seed10086.subtreePrefetch.vllm.log,128,2,6.383
/Users/jiangnanhugo/workspace/power-sharpening/Subtree-Prefetching-Power-Sharpening/case_studies/logs-entropycut/lcb_v6/2026-09-09/vllm/dataset-lcb_v6.model-qwen3.5-9b.alpha4.0.steps100.blocks-1.prefetch-budget-4.rank-reject_first.cut-entropy4.0.samples20.maxnew1024.seed10086.subtreePrefetch.vllm.log,129,4,4.973
/Users/jiangnanhugo/workspace/power-sharpening/Subtree-Prefetching-Power-Sharpening/case_studies/logs-entropycut/lcb_v6/2026-09-09/vllm/dataset-lcb_v6.model-qwen3.5-9b.alpha4.0.steps100.blocks-1.prefetch-budget-4.rank-reject_first.cut-entropy4.0.samples20.maxnew1024.seed10086.subtreePrefetch.vllm.log,130,4,1.567
/Users/jiangnanhugo/workspace/power-sharpening/Subtree-Prefetching-Power-Sharpening/case_studies/logs-entropycut/lcb_v6/2026-09-09/vllm/dataset-lcb_v6.model-qwen3.5-9b.alpha4.0.steps100.blocks-1.prefetch-budget-4.rank-reject_first.cut-entropy4.0.samples20.maxnew1024.seed10086.subtreePrefetch.vllm.log,131,1,5.881
/Users/jiangnanhugo/workspace/power-sharpening/Subtree-Prefetching-Power-Sharpening/case_studies/logs-entropycut/lcb_v6/2026-09-09/vllm/dataset-lcb_v6.model-qwen3.5-9b.alpha4.0.steps100.blocks-1.prefetch-budget-4.rank-reject_first.cut-entropy4.0.samples20.maxnew1024.seed10086.subtreePrefetch.vllm.log,132,4,6.991
/Users/jiangnanhugo/workspace/power-sharpening/Subtree-Prefetching-Power-Sharpening/case_studies/logs-entropycut/lcb_v6/2026-09-09/vllm/dataset-lcb_v6.model-qwen3.5-9b.alpha4.0.steps100.blocks-1.prefetch-budget-4.rank-reject_first.cut-entropy4.0.samples20.maxnew1024.seed10086.subtreePrefetch.vllm.log,133,2,2.569
/Users/jiangnanhugo/workspace/power-sharpening/Subtree-Prefetching-Power-Sharpening/case_studies/logs-entropycut/lcb_v6/2026-09-09/vllm/dataset-lcb_v6.model-qwen3.5-9b.alpha4.0.steps100.blocks-1.prefetch-budget-4.rank-reject_first.cut-entropy4.0.samples20.maxnew1024.seed10086.subtreePrefetch.vllm.log,134,2,6.819
/Users/jiangnanhugo/workspace/power-sharpening/Subtree-Prefetching-Power-Sharpening/case_studies/logs-entropycut/lcb_v6/2026-09-09/vllm/dataset-lcb_v6.model-qwen3.5-9b.alpha4.0.steps100.blocks-1.prefetch-budget-4.rank-reject_first.cut-entropy4.0.samples20.maxnew1024.seed10086.subtreePrefetch.vllm.log,135,4,6.204
/Users/jiangnanhugo/workspace/power-sharpening/Subtree-Prefetching-Power-Sharpening/case_studies/logs-entropycut/lcb_v6/2026-09-09/vllm/dataset-lcb_v6.model-qwen3.5-9b.alpha4.0.steps100.blocks-1.prefetch-budget-4.rank-reject_first.cut-entropy4.0.samples20.maxnew1024.seed10086.subtreePrefetch.vllm.log,136,1,6.026
/Users/jiangnanhugo/workspace/power-sharpening/Subtree-Prefetching-Power-Sharpening/case_studies/logs-entropycut/lcb_v6/2026-09-09/vllm/dataset-lcb_v6.model-qwen3.5-9b.alpha4.0.steps100.blocks-1.prefetch-budget-4.rank-reject_first.cut-entropy4.0.samples20.maxnew1024.seed10086.subtreePrefetch.vllm.log,137,3,6.708
/Users/jiangnanhugo/workspace/power-sharpening/Subtree-Prefetching-Power-Sharpening/case_studies/logs-entropycut/lcb_v6/2026-09-09/vllm/dataset-lcb_v6.model-qwen3.5-9b.alpha4.0.steps100.blocks-1.prefetch-budget-4.rank-reject_first.cut-entropy4.0.samples20.maxnew1024.seed10086.subtreePrefetch.vllm.log,138,4,6.073
/Users/jiangnanhugo/workspace/power-sharpening/Subtree-Prefetching-Power-Sharpening/case_studies/logs-entropycut/lcb_v6/2026-09-09/vllm/dataset-lcb_v6.model-qwen3.5-9b.alpha4.0.steps100.blocks-1.prefetch-budget-4.rank-reject_first.cut-entropy4.0.samples20.maxnew1024.seed10086.subtreePrefetch.vllm.log,139,2,7.011
/Users/jiangnanhugo/workspace/power-sharpening/Subtree-Prefetching-Power-Sharpening/case_studies/logs-entropycut/lcb_v6/2026-09-09/vllm/dataset-lcb_v6.model-qwen3.5-9b.alpha4.0.steps100.blocks-1.prefetch-budget-4.rank-reject_first.cut-entropy4.0.samples20.maxnew1024.seed10086.subtreePrefetch.vllm.log,140,1,4.281
/Users/jiangnanhugo/workspace/power-sharpening/Subtree-Prefetching-Power-Sharpening/case_studies/logs-entropycut/lcb_v6/2026-09-09/vllm/dataset-lcb_v6.model-qwen3.5-9b.alpha4.0.steps100.blocks-1.prefetch-budget-4.rank-reject_first.cut-entropy4.0.samples20.maxnew1024.seed10086.subtreePrefetch.vllm.log,141,2,6.043
/Users/jiangnanhugo/workspace/power-sharpening/Subtree-Prefetching-Power-Sharpening/case_studies/logs-entropycut/lcb_v6/2026-09-09/vllm/dataset-lcb_v6.model-qwen3.5-9b.alpha4.0.steps100.blocks-1.prefetch-budget-4.rank-reject_first.cut-entropy4.0.samples20.maxnew1024.seed10086.subtreePrefetch.vllm.log,142,1,6.648
/Users/jiangnanhugo/workspace/power-sharpening/Subtree-Prefetching-Power-Sharpening/case_studies/logs-entropycut/lcb_v6/2026-09-09/vllm/dataset-lcb_v6.model-qwen3.5-9b.alpha4.0.steps100.blocks-1.prefetch-budget-4.rank-reject_first.cut-entropy4.0.samples20.maxnew1024.seed10086.subtreePrefetch.vllm.log,143,4,6.901
/Users/jiangnanhugo/workspace/power-sharpening/Subtree-Prefetching-Power-Sharpening/case_studies/logs-entropycut/lcb_v6/2026-09-09/vllm/dataset-lcb_v6.model-qwen3.5-9b.alpha4.0.steps100.blocks-1.prefetch-budget-4.rank-reject_first.cut-entropy4.0.samples20.maxnew1024.seed10086.subtreePrefetch.vllm.log,144,4,6.34
/Users/jiangnanhugo/workspace/power-sharpening/Subtree-Prefetching-Power-Sharpening/case_studies/logs-entropycut/lcb_v6/2026-09-09/vllm/dataset-lcb_v6.model-qwen3.5-9b.alpha4.0.steps100.blocks-1.prefetch-budget-4.rank-reject_first.cut-entropy4.0.samples20.maxnew1024.seed10086.subtreePrefetch.vllm.log,145,4,6.242
/Users/jiangnanhugo/workspace/power-sharpening/Subtree-Prefetching-Power-Sharpening/case_studies/logs-entropycut/lcb_v6/2026-09-09/vllm/dataset-lcb_v6.model-qwen3.5-9b.alpha4.0.steps100.blocks-1.prefetch-budget-4.rank-reject_first.cut-entropy4.0.samples20.maxnew1024.seed10086.subtreePrefetch.vllm.log,146,4,6.59
/Users/jiangnanhugo/workspace/power-sharpening/Subtree-Prefetching-Power-Sharpening/case_studies/logs-entropycut/lcb_v6/2026-09-09/vllm/dataset-lcb_v6.model-qwen3.5-9b.alpha4.0.steps100.blocks-1.prefetch-budget-4.rank-reject_first.cut-entropy4.0.samples20.maxnew1024.seed10086.subtreePrefetch.vllm.log,147,2,6.672
/Users/jiangnanhugo/workspace/power-sharpening/Subtree-Prefetching-Power-Sharpening/case_studies/logs-entropycut/lcb_v6/2026-09-09/vllm/dataset-lcb_v6.model-qwen3.5-9b.alpha4.0.steps100.blocks-1.prefetch-budget-4.rank-reject_first.cut-entropy4.0.samples20.maxnew1024.seed10086.subtreePrefetch.vllm.log,148,4,6.889
/Users/jiangnanhugo/workspace/power-sharpening/Subtree-Prefetching-Power-Sharpening/case_studies/logs-entropycut/lcb_v6/2026-09-09/vllm/dataset-lcb_v6.model-qwen3.5-9b.alpha4.0.steps100.blocks-1.prefetch-budget-4.rank-reject_first.cut-entropy4.0.samples20.maxnew1024.seed10086.subtreePrefetch.vllm.log,149,3,8.786
/Users/jiangnanhugo/workspace/power-sharpening/Subtree-Prefetching-Power-Sharpening/case_studies/logs-entropycut/lcb_v6/2026-09-09/vllm/dataset-lcb_v6.model-qwen3.5-9b.alpha4.0.steps100.blocks-1.prefetch-budget-4.rank-reject_first.cut-entropy4.0.samples20.maxnew1024.seed10086.subtreePrefetch.vllm.log,150,4,6.973
/Users/jiangnanhugo/workspace/power-sharpening/Subtree-Prefetching-Power-Sharpening/case_studies/logs-entropycut/lcb_v6/2026-09-09/vllm/dataset-lcb_v6.model-qwen3.5-9b.alpha4.0.steps100.blocks-1.prefetch-budget-4.rank-reject_first.cut-entropy4.0.samples20.maxnew1024.seed10086.subtreePrefetch.vllm.log,151,4,7.018
/Users/jiangnanhugo/workspace/power-sharpening/Subtree-Prefetching-Power-Sharpening/case_studies/logs-entropycut/lcb_v6/2026-09-09/vllm/dataset-lcb_v6.model-qwen3.5-9b.alpha4.0.steps100.blocks-1.prefetch-budget-4.rank-reject_first.cut-entropy4.0.samples20.maxnew1024.seed10086.subtreePrefetch.vllm.log,152,4,6.978
/Users/jiangnanhugo/workspace/power-sharpening/Subtree-Prefetching-Power-Sharpening/case_studies/logs-entropycut/lcb_v6/2026-09-09/vllm/dataset-lcb_v6.model-qwen3.5-9b.alpha4.0.steps100.blocks-1.prefetch-budget-4.rank-reject_first.cut-entropy4.0.samples20.maxnew1024.seed10086.subtreePrefetch.vllm.log,153,4,7.963
/Users/jiangnanhugo/workspace/power-sharpening/Subtree-Prefetching-Power-Sharpening/case_studies/logs-entropycut/lcb_v6/2026-09-09/vllm/dataset-lcb_v6.model-qwen3.5-9b.alpha4.0.steps100.blocks-1.prefetch-budget-4.rank-reject_first.cut-entropy4.0.samples20.maxnew1024.seed10086.subtreePrefetch.vllm.log,154,4,8.05
/Users/jiangnanhugo/workspace/power-sharpening/Subtree-Prefetching-Power-Sharpening/case_studies/logs-entropycut/lcb_v6/2026-09-09/vllm/dataset-lcb_v6.model-qwen3.5-9b.alpha4.0.steps100.blocks-1.prefetch-budget-4.rank-reject_first.cut-entropy4.0.samples20.maxnew1024.seed10086.subtreePrefetch.vllm.log,155,4,7.136
/Users/jiangnanhugo/workspace/power-sharpening/Subtree-Prefetching-Power-Sharpening/case_studies/logs-entropycut/lcb_v6/2026-09-09/vllm/dataset-lcb_v6.model-qwen3.5-9b.alpha4.0.steps100.blocks-1.prefetch-budget-4.rank-reject_first.cut-entropy4.0.samples20.maxnew1024.seed10086.subtreePrefetch.vllm.log,156,2,5.515
/Users/jiangnanhugo/workspace/power-sharpening/Subtree-Prefetching-Power-Sharpening/case_studies/logs-entropycut/lcb_v6/2026-09-09/vllm/dataset-lcb_v6.model-qwen3.5-9b.alpha4.0.steps100.blocks-1.prefetch-budget-4.rank-reject_first.cut-entropy4.0.samples20.maxnew1024.seed10086.subtreePrefetch.vllm.log,157,1,3.904
/Users/jiangnanhugo/workspace/power-sharpening/Subtree-Prefetching-Power-Sharpening/case_studies/logs-entropycut/lcb_v6/2026-09-09/vllm/dataset-lcb_v6.model-qwen3.5-9b.alpha4.0.steps100.blocks-1.prefetch-budget-4.rank-reject_first.cut-entropy4.0.samples20.maxnew1024.seed10086.subtreePrefetch.vllm.log,158,2,4.725
/Users/jiangnanhugo/workspace/power-sharpening/Subtree-Prefetching-Power-Sharpening/case_studies/logs-entropycut/lcb_v6/2026-09-09/vllm/dataset-lcb_v6.model-qwen3.5-9b.alpha4.0.steps100.blocks-1.prefetch-budget-4.rank-reject_first.cut-entropy4.0.samples20.maxnew1024.seed10086.subtreePrefetch.vllm.log,159,1,7.145
/Users/jiangnanhugo/workspace/power-sharpening/Subtree-Prefetching-Power-Sharpening/case_studies/logs-entropycut/lcb_v6/2026-09-09/vllm/dataset-lcb_v6.model-qwen3.5-9b.alpha4.0.steps100.blocks-1.prefetch-budget-4.rank-reject_first.cut-entropy4.0.samples20.maxnew1024.seed10086.subtreePrefetch.vllm.log,160,1,7.025
/Users/jiangnanhugo/workspace/power-sharpening/Subtree-Prefetching-Power-Sharpening/case_studies/logs-entropycut/lcb_v6/2026-09-09/vllm/dataset-lcb_v6.model-qwen3.5-9b.alpha4.0.steps100.blocks-1.prefetch-budget-4.rank-reject_first.cut-entropy4.0.samples20.maxnew1024.seed10086.subtreePrefetch.vllm.log,161,2,6.63
/Users/jiangnanhugo/workspace/power-sharpening/Subtree-Prefetching-Power-Sharpening/case_studies/logs-entropycut/lcb_v6/2026-09-09/vllm/dataset-lcb_v6.model-qwen3.5-9b.alpha4.0.steps100.blocks-1.prefetch-budget-4.rank-reject_first.cut-entropy4.0.samples20.maxnew1024.seed10086.subtreePrefetch.vllm.log,162,1,4.789
/Users/jiangnanhugo/workspace/power-sharpening/Subtree-Prefetching-Power-Sharpening/case_studies/logs-entropycut/lcb_v6/2026-09-09/vllm/dataset-lcb_v6.model-qwen3.5-9b.alpha4.0.steps100.blocks-1.prefetch-budget-4.rank-reject_first.cut-entropy4.0.samples20.maxnew1024.seed10086.subtreePrefetch.vllm.log,163,2,5.811
/Users/jiangnanhugo/workspace/power-sharpening/Subtree-Prefetching-Power-Sharpening/case_studies/logs-entropycut/lcb_v6/2026-09-09/vllm/dataset-lcb_v6.model-qwen3.5-9b.alpha4.0.steps100.blocks-1.prefetch-budget-4.rank-reject_first.cut-entropy4.0.samples20.maxnew1024.seed10086.subtreePrefetch.vllm.log,164,2,3.34
/Users/jiangnanhugo/workspace/power-sharpening/Subtree-Prefetching-Power-Sharpening/case_studies/logs-entropycut/lcb_v6/2026-09-09/vllm/dataset-lcb_v6.model-qwen3.5-9b.alpha4.0.steps100.blocks-1.prefetch-budget-4.rank-reject_first.cut-entropy4.0.samples20.maxnew1024.seed10086.subtreePrefetch.vllm.log,165,1,7.153
/Users/jiangnanhugo/workspace/power-sharpening/Subtree-Prefetching-Power-Sharpening/case_studies/logs-entropycut/lcb_v6/2026-09-09/vllm/dataset-lcb_v6.model-qwen3.5-9b.alpha4.0.steps100.blocks-1.prefetch-budget-4.rank-reject_first.cut-entropy4.0.samples20.maxnew1024.seed10086.subtreePrefetch.vllm.log,166,4,8.243
/Users/jiangnanhugo/workspace/power-sharpening/Subtree-Prefetching-Power-Sharpening/case_studies/logs-entropycut/lcb_v6/2026-09-09/vllm/dataset-lcb_v6.model-qwen3.5-9b.alpha4.0.steps100.blocks-1.prefetch-budget-4.rank-reject_first.cut-entropy4.0.samples20.maxnew1024.seed10086.subtreePrefetch.vllm.log,167,4,7.296
/Users/jiangnanhugo/workspace/power-sharpening/Subtree-Prefetching-Power-Sharpening/case_studies/logs-entropycut/lcb_v6/2026-09-09/vllm/dataset-lcb_v6.model-qwen3.5-9b.alpha4.0.steps100.blocks-1.prefetch-budget-4.rank-reject_first.cut-entropy4.0.samples20.maxnew1024.seed10086.subtreePrefetch.vllm.log,168,3,7.14
/Users/jiangnanhugo/workspace/power-sharpening/Subtree-Prefetching-Power-Sharpening/case_studies/logs-entropycut/lcb_v6/2026-09-09/vllm/dataset-lcb_v6.model-qwen3.5-9b.alpha4.0.steps100.blocks-1.prefetch-budget-4.rank-reject_first.cut-entropy4.0.samples20.maxnew1024.seed10086.subtreePrefetch.vllm.log,169,4,7.308
/Users/jiangnanhugo/workspace/power-sharpening/Subtree-Prefetching-Power-Sharpening/case_studies/logs-entropycut/lcb_v6/2026-09-09/vllm/dataset-lcb_v6.model-qwen3.5-9b.alpha4.0.steps100.blocks-1.prefetch-budget-4.rank-reject_first.cut-entropy4.0.samples20.maxnew1024.seed10086.subtreePrefetch.vllm.log,170,3,7.134
/Users/jiangnanhugo/workspace/power-sharpening/Subtree-Prefetching-Power-Sharpening/case_studies/logs-entropycut/lcb_v6/2026-09-09/vllm/dataset-lcb_v6.model-qwen3.5-9b.alpha4.0.steps100.blocks-1.prefetch-budget-4.rank-reject_first.cut-entropy4.0.samples20.maxnew1024.seed10086.subtreePrefetch.vllm.log,171,2,7.765
/Users/jiangnanhugo/workspace/power-sharpening/Subtree-Prefetching-Power-Sharpening/case_studies/logs-entropycut/lcb_v6/2026-09-09/vllm/dataset-lcb_v6.model-qwen3.5-9b.alpha4.0.steps100.blocks-1.prefetch-budget-4.rank-reject_first.cut-entropy4.0.samples20.maxnew1024.seed10086.subtreePrefetch.vllm.log,172,2,7.163
/Users/jiangnanhugo/workspace/power-sharpening/Subtree-Prefetching-Power-Sharpening/case_studies/logs-entropycut/lcb_v6/2026-09-09/vllm/dataset-lcb_v6.model-qwen3.5-9b.alpha4.0.steps100.blocks-1.prefetch-budget-4.rank-reject_first.cut-entropy4.0.samples20.maxnew1024.seed10086.subtreePrefetch.vllm.log,173,4,5.871
/Users/jiangnanhugo/workspace/power-sharpening/Subtree-Prefetching-Power-Sharpening/case_studies/logs-entropycut/lcb_v6/2026-09-09/vllm/dataset-lcb_v6.model-qwen3.5-9b.alpha4.0.steps100.blocks-1.prefetch-budget-4.rank-reject_first.cut-entropy4.0.samples20.maxnew1024.seed10086.subtreePrefetch.vllm.log,174,4,5.578
/Users/jiangnanhugo/workspace/power-sharpening/Subtree-Prefetching-Power-Sharpening/case_studies/logs-entropycut/lcb_v6/2026-09-09/vllm/dataset-lcb_v6.model-qwen3.5-9b.alpha4.0.steps100.blocks-1.prefetch-budget-4.rank-reject_first.cut-entropy4.0.samples20.maxnew1024.seed10086.subtreePrefetch.vllm.log,175,2,5.825
/Users/jiangnanhugo/workspace/power-sharpening/Subtree-Prefetching-Power-Sharpening/case_studies/logs-entropycut/lcb_v6/2026-09-09/vllm/dataset-lcb_v6.model-qwen3.5-9b.alpha4.0.steps100.blocks-1.prefetch-budget-4.rank-reject_first.cut-entropy4.0.samples20.maxnew1024.seed10086.subtreePrefetch.vllm.log,176,4,4.346
/Users/jiangnanhugo/workspace/power-sharpening/Subtree-Prefetching-Power-Sharpening/case_studies/logs-entropycut/lcb_v6/2026-09-09/vllm/dataset-lcb_v6.model-qwen3.5-9b.alpha4.0.steps100.blocks-1.prefetch-budget-4.rank-reject_first.cut-entropy4.0.samples20.maxnew1024.seed10086.subtreePrefetch.vllm.log,177,2,5.716
/Users/jiangnanhugo/workspace/power-sharpening/Subtree-Prefetching-Power-Sharpening/case_studies/logs-entropycut/lcb_v6/2026-09-09/vllm/dataset-lcb_v6.model-qwen3.5-9b.alpha4.0.steps100.blocks-1.prefetch-budget-4.rank-reject_first.cut-entropy4.0.samples20.maxnew1024.seed10086.subtreePrefetch.vllm.log,178,2,7.637
/Users/jiangnanhugo/workspace/power-sharpening/Subtree-Prefetching-Power-Sharpening/case_studies/logs-entropycut/lcb_v6/2026-09-09/vllm/dataset-lcb_v6.model-qwen3.5-9b.alpha4.0.steps100.blocks-1.prefetch-budget-4.rank-reject_first.cut-entropy4.0.samples20.maxnew1024.seed10086.subtreePrefetch.vllm.log,179,4,7.205
/Users/jiangnanhugo/workspace/power-sharpening/Subtree-Prefetching-Power-Sharpening/case_studies/logs-entropycut/lcb_v6/2026-09-09/vllm/dataset-lcb_v6.model-qwen3.5-9b.alpha4.0.steps100.blocks-1.prefetch-budget-4.rank-reject_first.cut-entropy4.0.samples20.maxnew1024.seed10086.subtreePrefetch.vllm.log,180,1,7.153
/Users/jiangnanhugo/workspace/power-sharpening/Subtree-Prefetching-Power-Sharpening/case_studies/logs-entropycut/lcb_v6/2026-09-09/vllm/dataset-lcb_v6.model-qwen3.5-9b.alpha4.0.steps100.blocks-1.prefetch-budget-4.rank-reject_first.cut-entropy4.0.samples20.maxnew1024.seed10086.subtreePrefetch.vllm.log,181,4,5.545
/Users/jiangnanhugo/workspace/power-sharpening/Subtree-Prefetching-Power-Sharpening/case_studies/logs-entropycut/lcb_v6/2026-09-09/vllm/dataset-lcb_v6.model-qwen3.5-9b.alpha4.0.steps100.blocks-1.prefetch-budget-4.rank-reject_first.cut-entropy4.0.samples20.maxnew1024.seed10086.subtreePrefetch.vllm.log,182,2,7.228
/Users/jiangnanhugo/workspace/power-sharpening/Subtree-Prefetching-Power-Sharpening/case_studies/logs-entropycut/lcb_v6/2026-09-09/vllm/dataset-lcb_v6.model-qwen3.5-9b.alpha4.0.steps100.blocks-1.prefetch-budget-4.rank-reject_first.cut-entropy4.0.samples20.maxnew1024.seed10086.subtreePrefetch.vllm.log,183,4,8.877
/Users/jiangnanhugo/workspace/power-sharpening/Subtree-Prefetching-Power-Sharpening/case_studies/logs-entropycut/lcb_v6/2026-09-09/vllm/dataset-lcb_v6.model-qwen3.5-9b.alpha4.0.steps100.blocks-1.prefetch-budget-4.rank-reject_first.cut-entropy4.0.samples20.maxnew1024.seed10086.subtreePrefetch.vllm.log,184,2,7.058
/Users/jiangnanhugo/workspace/power-sharpening/Subtree-Prefetching-Power-Sharpening/case_studies/logs-entropycut/lcb_v6/2026-09-09/vllm/dataset-lcb_v6.model-qwen3.5-9b.alpha4.0.steps100.blocks-1.prefetch-budget-4.rank-reject_first.cut-entropy4.0.samples20.maxnew1024.seed10086.subtreePrefetch.vllm.log,185,1,5.503
/Users/jiangnanhugo/workspace/power-sharpening/Subtree-Prefetching-Power-Sharpening/case_studies/logs-entropycut/lcb_v6/2026-09-09/vllm/dataset-lcb_v6.model-qwen3.5-9b.alpha4.0.steps100.blocks-1.prefetch-budget-4.rank-reject_first.cut-entropy4.0.samples20.maxnew1024.seed10086.subtreePrefetch.vllm.log,186,4,7.246
/Users/jiangnanhugo/workspace/power-sharpening/Subtree-Prefetching-Power-Sharpening/case_studies/logs-entropycut/lcb_v6/2026-09-09/vllm/dataset-lcb_v6.model-qwen3.5-9b.alpha4.0.steps100.blocks-1.prefetch-budget-4.rank-reject_first.cut-entropy4.0.samples20.maxnew1024.seed10086.subtreePrefetch.vllm.log,187,4,7.805
/Users/jiangnanhugo/workspace/power-sharpening/Subtree-Prefetching-Power-Sharpening/case_studies/logs-entropycut/lcb_v6/2026-09-09/vllm/dataset-lcb_v6.model-qwen3.5-9b.alpha4.0.steps100.blocks-1.prefetch-budget-4.rank-reject_first.cut-entropy4.0.samples20.maxnew1024.seed10086.subtreePrefetch.vllm.log,188,4,6.444
/Users/jiangnanhugo/workspace/power-sharpening/Subtree-Prefetching-Power-Sharpening/case_studies/logs-entropycut/lcb_v6/2026-09-09/vllm/dataset-lcb_v6.model-qwen3.5-9b.alpha4.0.steps100.blocks-1.prefetch-budget-4.rank-reject_first.cut-entropy4.0.samples20.maxnew1024.seed10086.subtreePrefetch.vllm.log,189,4,4.797
/Users/jiangnanhugo/workspace/power-sharpening/Subtree-Prefetching-Power-Sharpening/case_studies/logs-entropycut/lcb_v6/2026-09-09/vllm/dataset-lcb_v6.model-qwen3.5-9b.alpha4.0.steps100.blocks-1.prefetch-budget-4.rank-reject_first.cut-entropy4.0.samples20.maxnew1024.seed10086.subtreePrefetch.vllm.log,190,4,7.178
/Users/jiangnanhugo/workspace/power-sharpening/Subtree-Prefetching-Power-Sharpening/case_studies/logs-entropycut/lcb_v6/2026-09-09/vllm/dataset-lcb_v6.model-qwen3.5-9b.alpha4.0.steps100.blocks-1.prefetch-budget-4.rank-reject_first.cut-entropy4.0.samples20.maxnew1024.seed10086.subtreePrefetch.vllm.log,191,4,7.752
/Users/jiangnanhugo/workspace/power-sharpening/Subtree-Prefetching-Power-Sharpening/case_studies/logs-entropycut/lcb_v6/2026-09-09/vllm/dataset-lcb_v6.model-qwen3.5-9b.alpha4.0.steps100.blocks-1.prefetch-budget-4.rank-reject_first.cut-entropy4.0.samples20.maxnew1024.seed10086.subtreePrefetch.vllm.log,192,4,8.069
/Users/jiangnanhugo/workspace/power-sharpening/Subtree-Prefetching-Power-Sharpening/case_studies/logs-entropycut/lcb_v6/2026-09-09/vllm/dataset-lcb_v6.model-qwen3.5-9b.alpha4.0.steps100.blocks-1.prefetch-budget-4.rank-reject_first.cut-entropy4.0.samples20.maxnew1024.seed10086.subtreePrefetch.vllm.log,193,1,2.811
/Users/jiangnanhugo/workspace/power-sharpening/Subtree-Prefetching-Power-Sharpening/case_studies/logs-entropycut/lcb_v6/2026-09-09/vllm/dataset-lcb_v6.model-qwen3.5-9b.alpha4.0.steps100.blocks-1.prefetch-budget-4.rank-reject_first.cut-entropy4.0.samples20.maxnew1024.seed10086.subtreePrefetch.vllm.log,194,1,5.329
/Users/jiangnanhugo/workspace/power-sharpening/Subtree-Prefetching-Power-Sharpening/case_studies/logs-entropycut/lcb_v6/2026-09-09/vllm/dataset-lcb_v6.model-qwen3.5-9b.alpha4.0.steps100.blocks-1.prefetch-budget-4.rank-reject_first.cut-entropy4.0.samples20.maxnew1024.seed10086.subtreePrefetch.vllm.log,195,1,4.229
/Users/jiangnanhugo/workspace/power-sharpening/Subtree-Prefetching-Power-Sharpening/case_studies/logs-entropycut/lcb_v6/2026-09-09/vllm/dataset-lcb_v6.model-qwen3.5-9b.alpha4.0.steps100.blocks-1.prefetch-budget-4.rank-reject_first.cut-entropy4.0.samples20.maxnew1024.seed10086.subtreePrefetch.vllm.log,196,1,4.838
/Users/jiangnanhugo/workspace/power-sharpening/Subtree-Prefetching-Power-Sharpening/case_studies/logs-entropycut/lcb_v6/2026-09-09/vllm/dataset-lcb_v6.model-qwen3.5-9b.alpha4.0.steps100.blocks-1.prefetch-budget-4.rank-reject_first.cut-entropy4.0.samples20.maxnew1024.seed10086.subtreePrefetch.vllm.log,197,4,6.988
/Users/jiangnanhugo/workspace/power-sharpening/Subtree-Prefetching-Power-Sharpening/case_studies/logs-entropycut/lcb_v6/2026-09-09/vllm/dataset-lcb_v6.model-qwen3.5-9b.alpha4.0.steps100.blocks-1.prefetch-budget-4.rank-reject_first.cut-entropy4.0.samples20.maxnew1024.seed10086.subtreePrefetch.vllm.log,198,4,6.794
/Users/jiangnanhugo/workspace/power-sharpening/Subtree-Prefetching-Power-Sharpening/case_studies/logs-entropycut/lcb_v6/2026-09-09/vllm/dataset-lcb_v6.model-qwen3.5-9b.alpha4.0.steps100.blocks-1.prefetch-budget-4.rank-reject_first.cut-entropy4.0.samples20.maxnew1024.seed10086.subtreePrefetch.vllm.log,199,4,5.025
/Users/jiangnanhugo/workspace/power-sharpening/Subtree-Prefetching-Power-Sharpening/case_studies/logs-entropycut/lcb_v6/2026-09-09/vllm/dataset-lcb_v6.model-qwen3.5-9b.alpha4.0.steps100.blocks-1.prefetch-budget-4.rank-reject_first.cut-entropy4.0.samples20.maxnew1024.seed10086.subtreePrefetch.vllm.log,200,4,5.953
/Users/jiangnanhugo/workspace/power-sharpening/Subtree-Prefetching-Power-Sharpening/case_studies/logs-entropycut/lcb_v6/2026-09-09/vllm/dataset-lcb_v6.model-qwen3.5-9b.alpha4.0.steps100.blocks-1.prefetch-budget-4.rank-reject_first.cut-entropy4.0.samples20.maxnew1024.seed10086.subtreePrefetch.vllm.log,201,4,7.816
/Users/jiangnanhugo/workspace/power-sharpening/Subtree-Prefetching-Power-Sharpening/case_studies/logs-entropycut/lcb_v6/2026-09-09/vllm/dataset-lcb_v6.model-qwen3.5-9b.alpha4.0.steps100.blocks-1.prefetch-budget-4.rank-reject_first.cut-entropy4.0.samples20.maxnew1024.seed10086.subtreePrefetch.vllm.log,202,4,4.012
/Users/jiangnanhugo/workspace/power-sharpening/Subtree-Prefetching-Power-Sharpening/case_studies/logs-entropycut/lcb_v6/2026-09-09/vllm/dataset-lcb_v6.model-qwen3.5-9b.alpha4.0.steps100.blocks-1.prefetch-budget-4.rank-reject_first.cut-entropy4.0.samples20.maxnew1024.seed10086.subtreePrefetch.vllm.log,203,3,8.342
/Users/jiangnanhugo/workspace/power-sharpening/Subtree-Prefetching-Power-Sharpening/case_studies/logs-entropycut/lcb_v6/2026-09-09/vllm/dataset-lcb_v6.model-qwen3.5-9b.alpha4.0.steps100.blocks-1.prefetch-budget-4.rank-reject_first.cut-entropy4.0.samples20.maxnew1024.seed10086.subtreePrefetch.vllm.log,204,4,8.615
/Users/jiangnanhugo/workspace/power-sharpening/Subtree-Prefetching-Power-Sharpening/case_studies/logs-entropycut/lcb_v6/2026-09-09/vllm/dataset-lcb_v6.model-qwen3.5-9b.alpha4.0.steps100.blocks-1.prefetch-budget-4.rank-reject_first.cut-entropy4.0.samples20.maxnew1024.seed10086.subtreePrefetch.vllm.log,205,1,8.544
/Users/jiangnanhugo/workspace/power-sharpening/Subtree-Prefetching-Power-Sharpening/case_studies/logs-entropycut/lcb_v6/2026-09-09/vllm/dataset-lcb_v6.model-qwen3.5-9b.alpha4.0.steps100.blocks-1.prefetch-budget-4.rank-reject_first.cut-entropy4.0.samples20.maxnew1024.seed10086.subtreePrefetch.vllm.log,206,4,7.823
/Users/jiangnanhugo/workspace/power-sharpening/Subtree-Prefetching-Power-Sharpening/case_studies/logs-entropycut/lcb_v6/2026-09-09/vllm/dataset-lcb_v6.model-qwen3.5-9b.alpha4.0.steps100.blocks-1.prefetch-budget-4.rank-reject_first.cut-entropy4.0.samples20.maxnew1024.seed10086.subtreePrefetch.vllm.log,207,4,5.005
/Users/jiangnanhugo/workspace/power-sharpening/Subtree-Prefetching-Power-Sharpening/case_studies/logs-entropycut/lcb_v6/2026-09-09/vllm/dataset-lcb_v6.model-qwen3.5-9b.alpha4.0.steps100.blocks-1.prefetch-budget-4.rank-reject_first.cut-entropy4.0.samples20.maxnew1024.seed10086.subtreePrefetch.vllm.log,208,1,7.82
/Users/jiangnanhugo/workspace/power-sharpening/Subtree-Prefetching-Power-Sharpening/case_studies/logs-entropycut/lcb_v6/2026-09-09/vllm/dataset-lcb_v6.model-qwen3.5-9b.alpha4.0.steps100.blocks-1.prefetch-budget-4.rank-reject_first.cut-entropy4.0.samples20.maxnew1024.seed10086.subtreePrefetch.vllm.log,209,4,5.338
/Users/jiangnanhugo/workspace/power-sharpening/Subtree-Prefetching-Power-Sharpening/case_studies/logs-entropycut/lcb_v6/2026-09-09/vllm/dataset-lcb_v6.model-qwen3.5-9b.alpha4.0.steps100.blocks-1.prefetch-budget-4.rank-reject_first.cut-entropy4.0.samples20.maxnew1024.seed10086.subtreePrefetch.vllm.log,210,4,7.989
/Users/jiangnanhugo/workspace/power-sharpening/Subtree-Prefetching-Power-Sharpening/case_studies/logs-entropycut/lcb_v6/2026-09-09/vllm/dataset-lcb_v6.model-qwen3.5-9b.alpha4.0.steps100.blocks-1.prefetch-budget-4.rank-reject_first.cut-entropy4.0.samples20.maxnew1024.seed10086.subtreePrefetch.vllm.log,211,2,3.898
/Users/jiangnanhugo/workspace/power-sharpening/Subtree-Prefetching-Power-Sharpening/case_studies/logs-entropycut/lcb_v6/2026-09-09/vllm/dataset-lcb_v6.model-qwen3.5-9b.alpha4.0.steps100.blocks-1.prefetch-budget-4.rank-reject_first.cut-entropy4.0.samples20.maxnew1024.seed10086.subtreePrefetch.vllm.log,212,4,7.736
/Users/jiangnanhugo/workspace/power-sharpening/Subtree-Prefetching-Power-Sharpening/case_studies/logs-entropycut/lcb_v6/2026-09-09/vllm/dataset-lcb_v6.model-qwen3.5-9b.alpha4.0.steps100.blocks-1.prefetch-budget-4.rank-reject_first.cut-entropy4.0.samples20.maxnew1024.seed10086.subtreePrefetch.vllm.log,213,2,8.654
/Users/jiangnanhugo/workspace/power-sharpening/Subtree-Prefetching-Power-Sharpening/case_studies/logs-entropycut/lcb_v6/2026-09-09/vllm/dataset-lcb_v6.model-qwen3.5-9b.alpha4.0.steps100.blocks-1.prefetch-budget-4.rank-reject_first.cut-entropy4.0.samples20.maxnew1024.seed10086.subtreePrefetch.vllm.log,214,1,8.307
/Users/jiangnanhugo/workspace/power-sharpening/Subtree-Prefetching-Power-Sharpening/case_studies/logs-entropycut/lcb_v6/2026-09-09/vllm/dataset-lcb_v6.model-qwen3.5-9b.alpha4.0.steps100.blocks-1.prefetch-budget-4.rank-reject_first.cut-entropy4.0.samples20.maxnew1024.seed10086.subtreePrefetch.vllm.log,215,1,4.884
/Users/jiangnanhugo/workspace/power-sharpening/Subtree-Prefetching-Power-Sharpening/case_studies/logs-entropycut/lcb_v6/2026-09-09/vllm/dataset-lcb_v6.model-qwen3.5-9b.alpha4.0.steps100.blocks-1.prefetch-budget-4.rank-reject_first.cut-entropy4.0.samples20.maxnew1024.seed10086.subtreePrefetch.vllm.log,216,2,8.599
/Users/jiangnanhugo/workspace/power-sharpening/Subtree-Prefetching-Power-Sharpening/case_studies/logs-entropycut/lcb_v6/2026-09-09/vllm/dataset-lcb_v6.model-qwen3.5-9b.alpha4.0.steps100.blocks-1.prefetch-budget-4.rank-reject_first.cut-entropy4.0.samples20.maxnew1024.seed10086.subtreePrefetch.vllm.log,217,1,2.501
/Users/jiangnanhugo/workspace/power-sharpening/Subtree-Prefetching-Power-Sharpening/case_studies/logs-entropycut/lcb_v6/2026-09-09/vllm/dataset-lcb_v6.model-qwen3.5-9b.alpha4.0.steps100.blocks-1.prefetch-budget-4.rank-reject_first.cut-entropy4.0.samples20.maxnew1024.seed10086.subtreePrefetch.vllm.log,218,1,3.933
/Users/jiangnanhugo/workspace/power-sharpening/Subtree-Prefetching-Power-Sharpening/case_studies/logs-entropycut/lcb_v6/2026-09-09/vllm/dataset-lcb_v6.model-qwen3.5-9b.alpha4.0.steps100.blocks-1.prefetch-budget-4.rank-reject_first.cut-entropy4.0.samples20.maxnew1024.seed10086.subtreePrefetch.vllm.log,219,4,8.489
/Users/jiangnanhugo/workspace/power-sharpening/Subtree-Prefetching-Power-Sharpening/case_studies/logs-entropycut/lcb_v6/2026-09-09/vllm/dataset-lcb_v6.model-qwen3.5-9b.alpha4.0.steps100.blocks-1.prefetch-budget-4.rank-reject_first.cut-entropy4.0.samples20.maxnew1024.seed10086.subtreePrefetch.vllm.log,220,3,8.907
/Users/jiangnanhugo/workspace/power-sharpening/Subtree-Prefetching-Power-Sharpening/case_studies/logs-entropycut/lcb_v6/2026-09-09/vllm/dataset-lcb_v6.model-qwen3.5-9b.alpha4.0.steps100.blocks-1.prefetch-budget-4.rank-reject_first.cut-entropy4.0.samples20.maxnew1024.seed10086.subtreePrefetch.vllm.log,221,1,8.568
/Users/jiangnanhugo/workspace/power-sharpening/Subtree-Prefetching-Power-Sharpening/case_studies/logs-entropycut/lcb_v6/2026-09-09/vllm/dataset-lcb_v6.model-qwen3.5-9b.alpha4.0.steps100.blocks-1.prefetch-budget-4.rank-reject_first.cut-entropy4.0.samples20.maxnew1024.seed10086.subtreePrefetch.vllm.log,222,4,5.324
/Users/jiangnanhugo/workspace/power-sharpening/Subtree-Prefetching-Power-Sharpening/case_studies/logs-entropycut/lcb_v6/2026-09-09/vllm/dataset-lcb_v6.model-qwen3.5-9b.alpha4.0.steps100.blocks-1.prefetch-budget-4.rank-reject_first.cut-entropy4.0.samples20.maxnew1024.seed10086.subtreePrefetch.vllm.log,223,2,3.387
/Users/jiangnanhugo/workspace/power-sharpening/Subtree-Prefetching-Power-Sharpening/case_studies/logs-entropycut/lcb_v6/2026-09-09/vllm/dataset-lcb_v6.model-qwen3.5-9b.alpha4.0.steps100.blocks-1.prefetch-budget-4.rank-reject_first.cut-entropy4.0.samples20.maxnew1024.seed10086.subtreePrefetch.vllm.log,224,1,6.884
/Users/jiangnanhugo/workspace/power-sharpening/Subtree-Prefetching-Power-Sharpening/case_studies/logs-entropycut/lcb_v6/2026-09-09/vllm/dataset-lcb_v6.model-qwen3.5-9b.alpha4.0.steps100.blocks-1.prefetch-budget-4.rank-reject_first.cut-entropy4.0.samples20.maxnew1024.seed10086.subtreePrefetch.vllm.log,225,1,2.174
/Users/jiangnanhugo/workspace/power-sharpening/Subtree-Prefetching-Power-Sharpening/case_studies/logs-entropycut/lcb_v6/2026-09-09/vllm/dataset-lcb_v6.model-qwen3.5-9b.alpha4.0.steps100.blocks-1.prefetch-budget-4.rank-reject_first.cut-entropy4.0.samples20.maxnew1024.seed10086.subtreePrefetch.vllm.log,226,4,4.791
/Users/jiangnanhugo/workspace/power-sharpening/Subtree-Prefetching-Power-Sharpening/case_studies/logs-entropycut/lcb_v6/2026-09-09/vllm/dataset-lcb_v6.model-qwen3.5-9b.alpha4.0.steps100.blocks-1.prefetch-budget-4.rank-reject_first.cut-entropy4.0.samples20.maxnew1024.seed10086.subtreePrefetch.vllm.log,227,4,8.402
/Users/jiangnanhugo/workspace/power-sharpening/Subtree-Prefetching-Power-Sharpening/case_studies/logs-entropycut/lcb_v6/2026-09-09/vllm/dataset-lcb_v6.model-qwen3.5-9b.alpha4.0.steps100.blocks-1.prefetch-budget-4.rank-reject_first.cut-entropy4.0.samples20.maxnew1024.seed10086.subtreePrefetch.vllm.log,228,4,8.015
/Users/jiangnanhugo/workspace/power-sharpening/Subtree-Prefetching-Power-Sharpening/case_studies/logs-entropycut/lcb_v6/2026-09-09/vllm/dataset-lcb_v6.model-qwen3.5-9b.alpha4.0.steps100.blocks-1.prefetch-budget-4.rank-reject_first.cut-entropy4.0.samples20.maxnew1024.seed10086.subtreePrefetch.vllm.log,229,2,4.11
/Users/jiangnanhugo/workspace/power-sharpening/Subtree-Prefetching-Power-Sharpening/case_studies/logs-entropycut/lcb_v6/2026-09-09/vllm/dataset-lcb_v6.model-qwen3.5-9b.alpha4.0.steps100.blocks-1.prefetch-budget-4.rank-reject_first.cut-entropy4.0.samples20.maxnew1024.seed10086.subtreePrefetch.vllm.log,230,1,7.686
/Users/jiangnanhugo/workspace/power-sharpening/Subtree-Prefetching-Power-Sharpening/case_studies/logs-entropycut/lcb_v6/2026-09-09/vllm/dataset-lcb_v6.model-qwen3.5-9b.alpha4.0.steps100.blocks-1.prefetch-budget-4.rank-reject_first.cut-entropy4.0.samples20.maxnew1024.seed10086.subtreePrefetch.vllm.log,231,3,8.536
/Users/jiangnanhugo/workspace/power-sharpening/Subtree-Prefetching-Power-Sharpening/case_studies/logs-entropycut/lcb_v6/2026-09-09/vllm/dataset-lcb_v6.model-qwen3.5-9b.alpha4.0.steps100.blocks-1.prefetch-budget-4.rank-reject_first.cut-entropy4.0.samples20.maxnew1024.seed10086.subtreePrefetch.vllm.log,232,2,5.31
/Users/jiangnanhugo/workspace/power-sharpening/Subtree-Prefetching-Power-Sharpening/case_studies/logs-entropycut/lcb_v6/2026-09-09/vllm/dataset-lcb_v6.model-qwen3.5-9b.alpha4.0.steps100.blocks-1.prefetch-budget-4.rank-reject_first.cut-entropy4.0.samples20.maxnew1024.seed10086.subtreePrefetch.vllm.log,233,1,8.671
/Users/jiangnanhugo/workspace/power-sharpening/Subtree-Prefetching-Power-Sharpening/case_studies/logs-entropycut/lcb_v6/2026-09-09/vllm/dataset-lcb_v6.model-qwen3.5-9b.alpha4.0.steps100.blocks-1.prefetch-budget-4.rank-reject_first.cut-entropy4.0.samples20.maxnew1024.seed10086.subtreePrefetch.vllm.log,234,2,8.648
/Users/jiangnanhugo/workspace/power-sharpening/Subtree-Prefetching-Power-Sharpening/case_studies/logs-entropycut/lcb_v6/2026-09-09/vllm/dataset-lcb_v6.model-qwen3.5-9b.alpha4.0.steps100.blocks-1.prefetch-budget-4.rank-reject_first.cut-entropy4.0.samples20.maxnew1024.seed10086.subtreePrefetch.vllm.log,235,1,8.757
/Users/jiangnanhugo/workspace/power-sharpening/Subtree-Prefetching-Power-Sharpening/case_studies/logs-entropycut/lcb_v6/2026-09-09/vllm/dataset-lcb_v6.model-qwen3.5-9b.alpha4.0.steps100.blocks-1.prefetch-budget-4.rank-reject_first.cut-entropy4.0.samples20.maxnew1024.seed10086.subtreePrefetch.vllm.log,236,2,8.964
/Users/jiangnanhugo/workspace/power-sharpening/Subtree-Prefetching-Power-Sharpening/case_studies/logs-entropycut/lcb_v6/2026-09-09/vllm/dataset-lcb_v6.model-qwen3.5-9b.alpha4.0.steps100.blocks-1.prefetch-budget-4.rank-reject_first.cut-entropy4.0.samples20.maxnew1024.seed10086.subtreePrefetch.vllm.log,237,2,5.105
/Users/jiangnanhugo/workspace/power-sharpening/Subtree-Prefetching-Power-Sharpening/case_studies/logs-entropycut/lcb_v6/2026-09-09/vllm/dataset-lcb_v6.model-qwen3.5-9b.alpha4.0.steps100.blocks-1.prefetch-budget-4.rank-reject_first.cut-entropy4.0.samples20.maxnew1024.seed10086.subtreePrefetch.vllm.log,238,1,8.694
/Users/jiangnanhugo/workspace/power-sharpening/Subtree-Prefetching-Power-Sharpening/case_studies/logs-entropycut/lcb_v6/2026-09-09/vllm/dataset-lcb_v6.model-qwen3.5-9b.alpha4.0.steps100.blocks-1.prefetch-budget-4.rank-reject_first.cut-entropy4.0.samples20.maxnew1024.seed10086.subtreePrefetch.vllm.log,239,2,7.659
/Users/jiangnanhugo/workspace/power-sharpening/Subtree-Prefetching-Power-Sharpening/case_studies/logs-entropycut/lcb_v6/2026-09-09/vllm/dataset-lcb_v6.model-qwen3.5-9b.alpha4.0.steps100.blocks-1.prefetch-budget-4.rank-reject_first.cut-entropy4.0.samples20.maxnew1024.seed10086.subtreePrefetch.vllm.log,240,4,8.713
/Users/jiangnanhugo/workspace/power-sharpening/Subtree-Prefetching-Power-Sharpening/case_studies/logs-entropycut/lcb_v6/2026-09-09/vllm/dataset-lcb_v6.model-qwen3.5-9b.alpha4.0.steps100.blocks-1.prefetch-budget-4.rank-reject_first.cut-entropy4.0.samples20.maxnew1024.seed10086.subtreePrefetch.vllm.log,241,4,6.314
/Users/jiangnanhugo/workspace/power-sharpening/Subtree-Prefetching-Power-Sharpening/case_studies/logs-entropycut/lcb_v6/2026-09-09/vllm/dataset-lcb_v6.model-qwen3.5-9b.alpha4.0.steps100.blocks-1.prefetch-budget-4.rank-reject_first.cut-entropy4.0.samples20.maxnew1024.seed10086.subtreePrefetch.vllm.log,242,2,6.804
/Users/jiangnanhugo/workspace/power-sharpening/Subtree-Prefetching-Power-Sharpening/case_studies/logs-entropycut/lcb_v6/2026-09-09/vllm/dataset-lcb_v6.model-qwen3.5-9b.alpha4.0.steps100.blocks-1.prefetch-budget-4.rank-reject_first.cut-entropy4.0.samples20.maxnew1024.seed10086.subtreePrefetch.vllm.log,243,4,6.44
/Users/jiangnanhugo/workspace/power-sharpening/Subtree-Prefetching-Power-Sharpening/case_studies/logs-entropycut/lcb_v6/2026-09-09/vllm/dataset-lcb_v6.model-qwen3.5-9b.alpha4.0.steps100.blocks-1.prefetch-budget-4.rank-reject_first.cut-entropy4.0.samples20.maxnew1024.seed10086.subtreePrefetch.vllm.log,244,4,8.574
/Users/jiangnanhugo/workspace/power-sharpening/Subtree-Prefetching-Power-Sharpening/case_studies/logs-entropycut/lcb_v6/2026-09-09/vllm/dataset-lcb_v6.model-qwen3.5-9b.alpha4.0.steps100.blocks-1.prefetch-budget-4.rank-reject_first.cut-entropy4.0.samples20.maxnew1024.seed10086.subtreePrefetch.vllm.log,245,3,6.605
/Users/jiangnanhugo/workspace/power-sharpening/Subtree-Prefetching-Power-Sharpening/case_studies/logs-entropycut/lcb_v6/2026-09-09/vllm/dataset-lcb_v6.model-qwen3.5-9b.alpha4.0.steps100.blocks-1.prefetch-budget-4.rank-reject_first.cut-entropy4.0.samples20.maxnew1024.seed10086.subtreePrefetch.vllm.log,246,4,7.791
/Users/jiangnanhugo/workspace/power-sharpening/Subtree-Prefetching-Power-Sharpening/case_studies/logs-entropycut/lcb_v6/2026-09-09/vllm/dataset-lcb_v6.model-qwen3.5-9b.alpha4.0.steps100.blocks-1.prefetch-budget-4.rank-reject_first.cut-entropy4.0.samples20.maxnew1024.seed10086.subtreePrefetch.vllm.log,247,2,5.126
/Users/jiangnanhugo/workspace/power-sharpening/Subtree-Prefetching-Power-Sharpening/case_studies/logs-entropycut/lcb_v6/2026-09-09/vllm/dataset-lcb_v6.model-qwen3.5-9b.alpha4.0.steps100.blocks-1.prefetch-budget-4.rank-reject_first.cut-entropy4.0.samples20.maxnew1024.seed10086.subtreePrefetch.vllm.log,248,2,6.337
/Users/jiangnanhugo/workspace/power-sharpening/Subtree-Prefetching-Power-Sharpening/case_studies/logs-entropycut/lcb_v6/2026-09-09/vllm/dataset-lcb_v6.model-qwen3.5-9b.alpha4.0.steps100.blocks-1.prefetch-budget-4.rank-reject_first.cut-entropy4.0.samples20.maxnew1024.seed10086.subtreePrefetch.vllm.log,249,1,8.708
/Users/jiangnanhugo/workspace/power-sharpening/Subtree-Prefetching-Power-Sharpening/case_studies/logs-entropycut/lcb_v6/2026-09-09/vllm/dataset-lcb_v6.model-qwen3.5-9b.alpha4.0.steps100.blocks-1.prefetch-budget-4.rank-reject_first.cut-entropy4.0.samples20.maxnew1024.seed10086.subtreePrefetch.vllm.log,250,4,6.445
/Users/jiangnanhugo/workspace/power-sharpening/Subtree-Prefetching-Power-Sharpening/case_studies/logs-entropycut/lcb_v6/2026-09-09/vllm/dataset-lcb_v6.model-qwen3.5-9b.alpha4.0.steps100.blocks-1.prefetch-budget-4.rank-reject_first.cut-entropy4.0.samples20.maxnew1024.seed10086.subtreePrefetch.vllm.log,251,4,8.702
/Users/jiangnanhugo/workspace/power-sharpening/Subtree-Prefetching-Power-Sharpening/case_studies/logs-entropycut/lcb_v6/2026-09-09/vllm/dataset-lcb_v6.model-qwen3.5-9b.alpha4.0.steps100.blocks-1.prefetch-budget-4.rank-reject_first.cut-entropy4.0.samples20.maxnew1024.seed10086.subtreePrefetch.vllm.log,252,2,5.264
/Users/jiangnanhugo/workspace/power-sharpening/Subtree-Prefetching-Power-Sharpening/case_studies/logs-entropycut/lcb_v6/2026-09-09/vllm/dataset-lcb_v6.model-qwen3.5-9b.alpha4.0.steps100.blocks-1.prefetch-budget-4.rank-reject_first.cut-entropy4.0.samples20.maxnew1024.seed10086.subtreePrefetch.vllm.log,253,3,4.959
/Users/jiangnanhugo/workspace/power-sharpening/Subtree-Prefetching-Power-Sharpening/case_studies/logs-entropycut/lcb_v6/2026-09-09/vllm/dataset-lcb_v6.model-qwen3.5-9b.alpha4.0.steps100.blocks-1.prefetch-budget-4.rank-reject_first.cut-entropy4.0.samples20.maxnew1024.seed10086.subtreePrefetch.vllm.log,254,4,7.614
/Users/jiangnanhugo/workspace/power-sharpening/Subtree-Prefetching-Power-Sharpening/case_studies/logs-entropycut/lcb_v6/2026-09-09/vllm/dataset-lcb_v6.model-qwen3.5-9b.alpha4.0.steps100.blocks-1.prefetch-budget-4.rank-reject_first.cut-entropy4.0.samples20.maxnew1024.seed10086.subtreePrefetch.vllm.log,255,4,8.715
/Users/jiangnanhugo/workspace/power-sharpening/Subtree-Prefetching-Power-Sharpening/case_studies/logs-entropycut/lcb_v6/2026-09-09/vllm/dataset-lcb_v6.model-qwen3.5-9b.alpha4.0.steps100.blocks-1.prefetch-budget-4.rank-reject_first.cut-entropy4.0.samples20.maxnew1024.seed10086.subtreePrefetch.vllm.log,256,3,8.748
/Users/jiangnanhugo/workspace/power-sharpening/Subtree-Prefetching-Power-Sharpening/case_studies/logs-entropycut/lcb_v6/2026-09-09/vllm/dataset-lcb_v6.model-qwen3.5-9b.alpha4.0.steps100.blocks-1.prefetch-budget-4.rank-reject_first.cut-entropy4.0.samples20.maxnew1024.seed10086.subtreePrefetch.vllm.log,257,4,8.633
/Users/jiangnanhugo/workspace/power-sharpening/Subtree-Prefetching-Power-Sharpening/case_studies/logs-entropycut/lcb_v6/2026-09-09/vllm/dataset-lcb_v6.model-qwen3.5-9b.alpha4.0.steps100.blocks-1.prefetch-budget-4.rank-reject_first.cut-entropy4.0.samples20.maxnew1024.seed10086.subtreePrefetch.vllm.log,258,4,6.671
/Users/jiangnanhugo/workspace/power-sharpening/Subtree-Prefetching-Power-Sharpening/case_studies/logs-entropycut/lcb_v6/2026-09-09/vllm/dataset-lcb_v6.model-qwen3.5-9b.alpha4.0.steps100.blocks-1.prefetch-budget-4.rank-reject_first.cut-entropy4.0.samples20.maxnew1024.seed10086.subtreePrefetch.vllm.log,259,1,8.941
/Users/jiangnanhugo/workspace/power-sharpening/Subtree-Prefetching-Power-Sharpening/case_studies/logs-entropycut/lcb_v6/2026-09-09/vllm/dataset-lcb_v6.model-qwen3.5-9b.alpha4.0.steps100.blocks-1.prefetch-budget-4.rank-reject_first.cut-entropy4.0.samples20.maxnew1024.seed10086.subtreePrefetch.vllm.log,260,4,6.586
/Users/jiangnanhugo/workspace/power-sharpening/Subtree-Prefetching-Power-Sharpening/case_studies/logs-entropycut/lcb_v6/2026-09-09/vllm/dataset-lcb_v6.model-qwen3.5-9b.alpha4.0.steps100.blocks-1.prefetch-budget-4.rank-reject_first.cut-entropy4.0.samples20.maxnew1024.seed10086.subtreePrefetch.vllm.log,261,1,5.467
/Users/jiangnanhugo/workspace/power-sharpening/Subtree-Prefetching-Power-Sharpening/case_studies/logs-entropycut/lcb_v6/2026-09-09/vllm/dataset-lcb_v6.model-qwen3.5-9b.alpha4.0.steps100.blocks-1.prefetch-budget-4.rank-reject_first.cut-entropy4.0.samples20.maxnew1024.seed10086.subtreePrefetch.vllm.log,262,4,7.616
/Users/jiangnanhugo/workspace/power-sharpening/Subtree-Prefetching-Power-Sharpening/case_studies/logs-entropycut/lcb_v6/2026-09-09/vllm/dataset-lcb_v6.model-qwen3.5-9b.alpha4.0.steps100.blocks-1.prefetch-budget-4.rank-reject_first.cut-entropy4.0.samples20.maxnew1024.seed10086.subtreePrefetch.vllm.log,263,4,7.766
/Users/jiangnanhugo/workspace/power-sharpening/Subtree-Prefetching-Power-Sharpening/case_studies/logs-entropycut/lcb_v6/2026-09-09/vllm/dataset-lcb_v6.model-qwen3.5-9b.alpha4.0.steps100.blocks-1.prefetch-budget-4.rank-reject_first.cut-entropy4.0.samples20.maxnew1024.seed10086.subtreePrefetch.vllm.log,264,4,8.516
/Users/jiangnanhugo/workspace/power-sharpening/Subtree-Prefetching-Power-Sharpening/case_studies/logs-entropycut/lcb_v6/2026-09-09/vllm/dataset-lcb_v6.model-qwen3.5-9b.alpha4.0.steps100.blocks-1.prefetch-budget-4.rank-reject_first.cut-entropy4.0.samples20.maxnew1024.seed10086.subtreePrefetch.vllm.log,265,1,5.283
/Users/jiangnanhugo/workspace/power-sharpening/Subtree-Prefetching-Power-Sharpening/case_studies/logs-entropycut/lcb_v6/2026-09-09/vllm/dataset-lcb_v6.model-qwen3.5-9b.alpha4.0.steps100.blocks-1.prefetch-budget-4.rank-reject_first.cut-entropy4.0.samples20.maxnew1024.seed10086.subtreePrefetch.vllm.log,266,1,6.511
/Users/jiangnanhugo/workspace/power-sharpening/Subtree-Prefetching-Power-Sharpening/case_studies/logs-entropycut/lcb_v6/2026-09-09/vllm/dataset-lcb_v6.model-qwen3.5-9b.alpha4.0.steps100.blocks-1.prefetch-budget-4.rank-reject_first.cut-entropy4.0.samples20.maxnew1024.seed10086.subtreePrefetch.vllm.log,267,3,6.761
/Users/jiangnanhugo/workspace/power-sharpening/Subtree-Prefetching-Power-Sharpening/case_studies/logs-entropycut/lcb_v6/2026-09-09/vllm/dataset-lcb_v6.model-qwen3.5-9b.alpha4.0.steps100.blocks-1.prefetch-budget-4.rank-reject_first.cut-entropy4.0.samples20.maxnew1024.seed10086.subtreePrefetch.vllm.log,268,2,7.402
/Users/jiangnanhugo/workspace/power-sharpening/Subtree-Prefetching-Power-Sharpening/case_studies/logs-entropycut/lcb_v6/2026-09-09/vllm/dataset-lcb_v6.model-qwen3.5-9b.alpha4.0.steps100.blocks-1.prefetch-budget-4.rank-reject_first.cut-entropy4.0.samples20.maxnew1024.seed10086.subtreePrefetch.vllm.log,269,3,7.311
/Users/jiangnanhugo/workspace/power-sharpening/Subtree-Prefetching-Power-Sharpening/case_studies/logs-entropycut/lcb_v6/2026-09-09/vllm/dataset-lcb_v6.model-qwen3.5-9b.alpha4.0.steps100.blocks-1.prefetch-budget-4.rank-reject_first.cut-entropy4.0.samples20.maxnew1024.seed10086.subtreePrefetch.vllm.log,270,1,7.331
/Users/jiangnanhugo/workspace/power-sharpening/Subtree-Prefetching-Power-Sharpening/case_studies/logs-entropycut/lcb_v6/2026-09-09/vllm/dataset-lcb_v6.model-qwen3.5-9b.alpha4.0.steps100.blocks-1.prefetch-budget-4.rank-reject_first.cut-entropy4.0.samples20.maxnew1024.seed10086.subtreePrefetch.vllm.log,271,1,8.357
/Users/jiangnanhugo/workspace/power-sharpening/Subtree-Prefetching-Power-Sharpening/case_studies/logs-entropycut/lcb_v6/2026-09-09/vllm/dataset-lcb_v6.model-qwen3.5-9b.alpha4.0.steps100.blocks-1.prefetch-budget-4.rank-reject_first.cut-entropy4.0.samples20.maxnew1024.seed10086.subtreePrefetch.vllm.log,272,3,8.382
/Users/jiangnanhugo/workspace/power-sharpening/Subtree-Prefetching-Power-Sharpening/case_studies/logs-entropycut/lcb_v6/2026-09-09/vllm/dataset-lcb_v6.model-qwen3.5-9b.alpha4.0.steps100.blocks-1.prefetch-budget-4.rank-reject_first.cut-entropy4.0.samples20.maxnew1024.seed10086.subtreePrefetch.vllm.log,273,4,6.784
/Users/jiangnanhugo/workspace/power-sharpening/Subtree-Prefetching-Power-Sharpening/case_studies/logs-entropycut/lcb_v6/2026-09-09/vllm/dataset-lcb_v6.model-qwen3.5-9b.alpha4.0.steps100.blocks-1.prefetch-budget-4.rank-reject_first.cut-entropy4.0.samples20.maxnew1024.seed10086.subtreePrefetch.vllm.log,274,4,2.545
/Users/jiangnanhugo/workspace/power-sharpening/Subtree-Prefetching-Power-Sharpening/case_studies/logs-entropycut/lcb_v6/2026-09-09/vllm/dataset-lcb_v6.model-qwen3.5-9b.alpha4.0.steps100.blocks-1.prefetch-budget-4.rank-reject_first.cut-entropy4.0.samples20.maxnew1024.seed10086.subtreePrefetch.vllm.log,275,4,5.777
/Users/jiangnanhugo/workspace/power-sharpening/Subtree-Prefetching-Power-Sharpening/case_studies/logs-entropycut/lcb_v6/2026-09-09/vllm/dataset-lcb_v6.model-qwen3.5-9b.alpha4.0.steps100.blocks-1.prefetch-budget-4.rank-reject_first.cut-entropy4.0.samples20.maxnew1024.seed10086.subtreePrefetch.vllm.log,276,4,8.389
/Users/jiangnanhugo/workspace/power-sharpening/Subtree-Prefetching-Power-Sharpening/case_studies/logs-entropycut/lcb_v6/2026-09-09/vllm/dataset-lcb_v6.model-qwen3.5-9b.alpha4.0.steps100.blocks-1.prefetch-budget-4.rank-reject_first.cut-entropy4.0.samples20.maxnew1024.seed10086.subtreePrefetch.vllm.log,277,1,4.911
/Users/jiangnanhugo/workspace/power-sharpening/Subtree-Prefetching-Power-Sharpening/case_studies/logs-entropycut/lcb_v6/2026-09-09/vllm/dataset-lcb_v6.model-qwen3.5-9b.alpha4.0.steps100.blocks-1.prefetch-budget-4.rank-reject_first.cut-entropy4.0.samples20.maxnew1024.seed10086.subtreePrefetch.vllm.log,278,2,6.065
/Users/jiangnanhugo/workspace/power-sharpening/Subtree-Prefetching-Power-Sharpening/case_studies/logs-entropycut/lcb_v6/2026-09-09/vllm/dataset-lcb_v6.model-qwen3.5-9b.alpha4.0.steps100.blocks-1.prefetch-budget-4.rank-reject_first.cut-entropy4.0.samples20.maxnew1024.seed10086.subtreePrefetch.vllm.log,279,2,2.583
/Users/jiangnanhugo/workspace/power-sharpening/Subtree-Prefetching-Power-Sharpening/case_studies/logs-entropycut/lcb_v6/2026-09-09/vllm/dataset-lcb_v6.model-qwen3.5-9b.alpha4.0.steps100.blocks-1.prefetch-budget-4.rank-reject_first.cut-entropy4.0.samples20.maxnew1024.seed10086.subtreePrefetch.vllm.log,280,1,5.961
/Users/jiangnanhugo/workspace/power-sharpening/Subtree-Prefetching-Power-Sharpening/case_studies/logs-entropycut/lcb_v6/2026-09-09/vllm/dataset-lcb_v6.model-qwen3.5-9b.alpha4.0.steps100.blocks-1.prefetch-budget-4.rank-reject_first.cut-entropy4.0.samples20.maxnew1024.seed10086.subtreePrefetch.vllm.log,281,4,6.799
/Users/jiangnanhugo/workspace/power-sharpening/Subtree-Prefetching-Power-Sharpening/case_studies/logs-entropycut/lcb_v6/2026-09-09/vllm/dataset-lcb_v6.model-qwen3.5-9b.alpha4.0.steps100.blocks-1.prefetch-budget-4.rank-reject_first.cut-entropy4.0.samples20.maxnew1024.seed10086.subtreePrefetch.vllm.log,282,4,6.762
/Users/jiangnanhugo/workspace/power-sharpening/Subtree-Prefetching-Power-Sharpening/case_studies/logs-entropycut/lcb_v6/2026-09-09/vllm/dataset-lcb_v6.model-qwen3.5-9b.alpha4.0.steps100.blocks-1.prefetch-budget-4.rank-reject_first.cut-entropy4.0.samples20.maxnew1024.seed10086.subtreePrefetch.vllm.log,283,4,6.904
/Users/jiangnanhugo/workspace/power-sharpening/Subtree-Prefetching-Power-Sharpening/case_studies/logs-entropycut/lcb_v6/2026-09-09/vllm/dataset-lcb_v6.model-qwen3.5-9b.alpha4.0.steps100.blocks-1.prefetch-budget-4.rank-reject_first.cut-entropy4.0.samples20.maxnew1024.seed10086.subtreePrefetch.vllm.log,284,4,7.224
/Users/jiangnanhugo/workspace/power-sharpening/Subtree-Prefetching-Power-Sharpening/case_studies/logs-entropycut/lcb_v6/2026-09-09/vllm/dataset-lcb_v6.model-qwen3.5-9b.alpha4.0.steps100.blocks-1.prefetch-budget-4.rank-reject_first.cut-entropy4.0.samples20.maxnew1024.seed10086.subtreePrefetch.vllm.log,285,1,4.682
/Users/jiangnanhugo/workspace/power-sharpening/Subtree-Prefetching-Power-Sharpening/case_studies/logs-entropycut/lcb_v6/2026-09-09/vllm/dataset-lcb_v6.model-qwen3.5-9b.alpha4.0.steps100.blocks-1.prefetch-budget-4.rank-reject_first.cut-entropy4.0.samples20.maxnew1024.seed10086.subtreePrefetch.vllm.log,286,4,4.385
/Users/jiangnanhugo/workspace/power-sharpening/Subtree-Prefetching-Power-Sharpening/case_studies/logs-entropycut/lcb_v6/2026-09-09/vllm/dataset-lcb_v6.model-qwen3.5-9b.alpha4.0.steps100.blocks-1.prefetch-budget-4.rank-reject_first.cut-entropy4.0.samples20.maxnew1024.seed10086.subtreePrefetch.vllm.log,287,4,6.523
/Users/jiangnanhugo/workspace/power-sharpening/Subtree-Prefetching-Power-Sharpening/case_studies/logs-entropycut/lcb_v6/2026-09-09/vllm/dataset-lcb_v6.model-qwen3.5-9b.alpha4.0.steps100.blocks-1.prefetch-budget-4.rank-reject_first.cut-entropy4.0.samples20.maxnew1024.seed10086.subtreePrefetch.vllm.log,288,3,3.535
/Users/jiangnanhugo/workspace/power-sharpening/Subtree-Prefetching-Power-Sharpening/case_studies/logs-entropycut/lcb_v6/2026-09-09/vllm/dataset-lcb_v6.model-qwen3.5-9b.alpha4.0.steps100.blocks-1.prefetch-budget-4.rank-reject_first.cut-entropy4.0.samples20.maxnew1024.seed10086.subtreePrefetch.vllm.log,289,4,4.982
/Users/jiangnanhugo/workspace/power-sharpening/Subtree-Prefetching-Power-Sharpening/case_studies/logs-entropycut/lcb_v6/2026-09-09/vllm/dataset-lcb_v6.model-qwen3.5-9b.alpha4.0.steps100.blocks-1.prefetch-budget-4.rank-reject_first.cut-entropy4.0.samples20.maxnew1024.seed10086.subtreePrefetch.vllm.log,290,3,8.627
/Users/jiangnanhugo/workspace/power-sharpening/Subtree-Prefetching-Power-Sharpening/case_studies/logs-entropycut/lcb_v6/2026-09-09/vllm/dataset-lcb_v6.model-qwen3.5-9b.alpha4.0.steps100.blocks-1.prefetch-budget-4.rank-reject_first.cut-entropy4.0.samples20.maxnew1024.seed10086.subtreePrefetch.vllm.log,291,4,8.627
/Users/jiangnanhugo/workspace/power-sharpening/Subtree-Prefetching-Power-Sharpening/case_studies/logs-entropycut/lcb_v6/2026-09-09/vllm/dataset-lcb_v6.model-qwen3.5-9b.alpha4.0.steps100.blocks-1.prefetch-budget-4.rank-reject_first.cut-entropy4.0.samples20.maxnew1024.seed10086.subtreePrefetch.vllm.log,292,4,6.827
/Users/jiangnanhugo/workspace/power-sharpening/Subtree-Prefetching-Power-Sharpening/case_studies/logs-entropycut/lcb_v6/2026-09-09/vllm/dataset-lcb_v6.model-qwen3.5-9b.alpha4.0.steps100.blocks-1.prefetch-budget-4.rank-reject_first.cut-entropy4.0.samples20.maxnew1024.seed10086.subtreePrefetch.vllm.log,293,3,8.594
/Users/jiangnanhugo/workspace/power-sharpening/Subtree-Prefetching-Power-Sharpening/case_studies/logs-entropycut/lcb_v6/2026-09-09/vllm/dataset-lcb_v6.model-qwen3.5-9b.alpha4.0.steps100.blocks-1.prefetch-budget-4.rank-reject_first.cut-entropy4.0.samples20.maxnew1024.seed10086.subtreePrefetch.vllm.log,294,4,8.506
/Users/jiangnanhugo/workspace/power-sharpening/Subtree-Prefetching-Power-Sharpening/case_studies/logs-entropycut/lcb_v6/2026-09-09/vllm/dataset-lcb_v6.model-qwen3.5-9b.alpha4.0.steps100.blocks-1.prefetch-budget-4.rank-reject_first.cut-entropy4.0.samples20.maxnew1024.seed10086.subtreePrefetch.vllm.log,295,4,8.26
/Users/jiangnanhugo/workspace/power-sharpening/Subtree-Prefetching-Power-Sharpening/case_studies/logs-entropycut/lcb_v6/2026-09-09/vllm/dataset-lcb_v6.model-qwen3.5-9b.alpha4.0.steps100.blocks-1.prefetch-budget-4.rank-reject_first.cut-entropy4.0.samples20.maxnew1024.seed10086.subtreePrefetch.vllm.log,296,3,6.769
/Users/jiangnanhugo/workspace/power-sharpening/Subtree-Prefetching-Power-Sharpening/case_studies/logs-entropycut/lcb_v6/2026-09-09/vllm/dataset-lcb_v6.model-qwen3.5-9b.alpha4.0.steps100.blocks-1.prefetch-budget-4.rank-reject_first.cut-entropy4.0.samples20.maxnew1024.seed10086.subtreePrefetch.vllm.log,297,2,5.907
/Users/jiangnanhugo/workspace/power-sharpening/Subtree-Prefetching-Power-Sharpening/case_studies/logs-entropycut/lcb_v6/2026-09-09/vllm/dataset-lcb_v6.model-qwen3.5-9b.alpha4.0.steps100.blocks-1.prefetch-budget-4.rank-reject_first.cut-entropy4.0.samples20.maxnew1024.seed10086.subtreePrefetch.vllm.log,298,4,8.697
/Users/jiangnanhugo/workspace/power-sharpening/Subtree-Prefetching-Power-Sharpening/case_studies/logs-entropycut/lcb_v6/2026-09-09/vllm/dataset-lcb_v6.model-qwen3.5-9b.alpha4.0.steps100.blocks-1.prefetch-budget-4.rank-reject_first.cut-entropy4.0.samples20.maxnew1024.seed10086.subtreePrefetch.vllm.log,299,4,8.179
/Users/jiangnanhugo/workspace/power-sharpening/Subtree-Prefetching-Power-Sharpening/case_studies/logs-entropycut/lcb_v6/2026-09-09/vllm/dataset-lcb_v6.model-qwen3.5-9b.alpha4.0.steps100.blocks-1.prefetch-budget-4.rank-reject_first.cut-entropy4.0.samples20.maxnew1024.seed10086.subtreePrefetch.vllm.log,300,3,8.731
/Users/jiangnanhugo/workspace/power-sharpening/Subtree-Prefetching-Power-Sharpening/case_studies/logs-entropycut/lcb_v6/2026-09-09/vllm/dataset-lcb_v6.model-qwen3.5-9b.alpha4.0.steps100.blocks-1.prefetch-budget-4.rank-reject_first.cut-entropy4.0.samples20.maxnew1024.seed10086.subtreePrefetch.vllm.log,301,3,1.615
/Users/jiangnanhugo/workspace/power-sharpening/Subtree-Prefetching-Power-Sharpening/case_studies/logs-entropycut/lcb_v6/2026-09-09/vllm/dataset-lcb_v6.model-qwen3.5-9b.alpha4.0.steps100.blocks-1.prefetch-budget-4.rank-reject_first.cut-entropy4.0.samples20.maxnew1024.seed10086.subtreePrefetch.vllm.log,302,1,4.506
/Users/jiangnanhugo/workspace/power-sharpening/Subtree-Prefetching-Power-Sharpening/case_studies/logs-entropycut/lcb_v6/2026-09-09/vllm/dataset-lcb_v6.model-qwen3.5-9b.alpha4.0.steps100.blocks-1.prefetch-budget-4.rank-reject_first.cut-entropy4.0.samples20.maxnew1024.seed10086.subtreePrefetch.vllm.log,303,3,7.102
/Users/jiangnanhugo/workspace/power-sharpening/Subtree-Prefetching-Power-Sharpening/case_studies/logs-entropycut/lcb_v6/2026-09-09/vllm/dataset-lcb_v6.model-qwen3.5-9b.alpha4.0.steps100.blocks-1.prefetch-budget-4.rank-reject_first.cut-entropy4.0.samples20.maxnew1024.seed10086.subtreePrefetch.vllm.log,304,4,5.656
/Users/jiangnanhugo/workspace/power-sharpening/Subtree-Prefetching-Power-Sharpening/case_studies/logs-entropycut/lcb_v6/2026-09-09/vllm/dataset-lcb_v6.model-qwen3.5-9b.alpha4.0.steps100.blocks-1.prefetch-budget-4.rank-reject_first.cut-entropy4.0.samples20.maxnew1024.seed10086.subtreePrefetch.vllm.log,305,3,7.814
/Users/jiangnanhugo/workspace/power-sharpening/Subtree-Prefetching-Power-Sharpening/case_studies/logs-entropycut/lcb_v6/2026-09-09/vllm/dataset-lcb_v6.model-qwen3.5-9b.alpha4.0.steps100.blocks-1.prefetch-budget-4.rank-reject_first.cut-entropy4.0.samples20.maxnew1024.seed10086.subtreePrefetch.vllm.log,306,1,0.483
/Users/jiangnanhugo/workspace/power-sharpening/Subtree-Prefetching-Power-Sharpening/case_studies/logs-entropycut/lcb_v6/2026-09-09/vllm/dataset-lcb_v6.model-qwen3.5-9b.alpha4.0.steps100.blocks-1.prefetch-budget-4.rank-reject_first.cut-entropy4.0.samples20.maxnew1024.seed10086.subtreePrefetch.vllm.log,307,4,7.552
/Users/jiangnanhugo/workspace/power-sharpening/Subtree-Prefetching-Power-Sharpening/case_studies/logs-entropycut/lcb_v6/2026-09-09/vllm/dataset-lcb_v6.model-qwen3.5-9b.alpha4.0.steps100.blocks-1.prefetch-budget-4.rank-reject_first.cut-entropy4.0.samples20.maxnew1024.seed10086.subtreePrefetch.vllm.log,308,4,4.274
/Users/jiangnanhugo/workspace/power-sharpening/Subtree-Prefetching-Power-Sharpening/case_studies/logs-entropycut/lcb_v6/2026-09-09/vllm/dataset-lcb_v6.model-qwen3.5-9b.alpha4.0.steps100.blocks-1.prefetch-budget-4.rank-reject_first.cut-entropy4.0.samples20.maxnew1024.seed10086.subtreePrefetch.vllm.log,309,1,5.656
/Users/jiangnanhugo/workspace/power-sharpening/Subtree-Prefetching-Power-Sharpening/case_studies/logs-entropycut/lcb_v6/2026-09-09/vllm/dataset-lcb_v6.model-qwen3.5-9b.alpha4.0.steps100.blocks-1.prefetch-budget-4.rank-reject_first.cut-entropy4.0.samples20.maxnew1024.seed10086.subtreePrefetch.vllm.log,310,4,4.632
/Users/jiangnanhugo/workspace/power-sharpening/Subtree-Prefetching-Power-Sharpening/case_studies/logs-entropycut/lcb_v6/2026-09-09/vllm/dataset-lcb_v6.model-qwen3.5-9b.alpha4.0.steps100.blocks-1.prefetch-budget-4.rank-reject_first.cut-entropy4.0.samples20.maxnew1024.seed10086.subtreePrefetch.vllm.log,311,2,7.682
/Users/jiangnanhugo/workspace/power-sharpening/Subtree-Prefetching-Power-Sharpening/case_studies/logs-entropycut/lcb_v6/2026-09-09/vllm/dataset-lcb_v6.model-qwen3.5-9b.alpha4.0.steps100.blocks-1.prefetch-budget-4.rank-reject_first.cut-entropy4.0.samples20.maxnew1024.seed10086.subtreePrefetch.vllm.log,312,2,3.022
/Users/jiangnanhugo/workspace/power-sharpening/Subtree-Prefetching-Power-Sharpening/case_studies/logs-entropycut/lcb_v6/2026-09-09/vllm/dataset-lcb_v6.model-qwen3.5-9b.alpha4.0.steps100.blocks-1.prefetch-budget-4.rank-reject_first.cut-entropy4.0.samples20.maxnew1024.seed10086.subtreePrefetch.vllm.log,313,1,0.489
/Users/jiangnanhugo/workspace/power-sharpening/Subtree-Prefetching-Power-Sharpening/case_studies/logs-entropycut/lcb_v6/2026-09-09/vllm/dataset-lcb_v6.model-qwen3.5-9b.alpha4.0.steps100.blocks-1.prefetch-budget-4.rank-reject_first.cut-entropy4.0.samples20.maxnew1024.seed10086.subtreePrefetch.vllm.log,314,3,6.797
/Users/jiangnanhugo/workspace/power-sharpening/Subtree-Prefetching-Power-Sharpening/case_studies/logs-entropycut/lcb_v6/2026-09-09/vllm/dataset-lcb_v6.model-qwen3.5-9b.alpha4.0.steps100.blocks-1.prefetch-budget-4.rank-reject_first.cut-entropy4.0.samples20.maxnew1024.seed10086.subtreePrefetch.vllm.log,315,4,6.727
/Users/jiangnanhugo/workspace/power-sharpening/Subtree-Prefetching-Power-Sharpening/case_studies/logs-entropycut/lcb_v6/2026-09-09/vllm/dataset-lcb_v6.model-qwen3.5-9b.alpha4.0.steps100.blocks-1.prefetch-budget-4.rank-reject_first.cut-entropy4.0.samples20.maxnew1024.seed10086.subtreePrefetch.vllm.log,316,4,6.802
/Users/jiangnanhugo/workspace/power-sharpening/Subtree-Prefetching-Power-Sharpening/case_studies/logs-entropycut/lcb_v6/2026-09-09/vllm/dataset-lcb_v6.model-qwen3.5-9b.alpha4.0.steps100.blocks-1.prefetch-budget-4.rank-reject_first.cut-entropy4.0.samples20.maxnew1024.seed10086.subtreePrefetch.vllm.log,317,1,4.289
/Users/jiangnanhugo/workspace/power-sharpening/Subtree-Prefetching-Power-Sharpening/case_studies/logs-entropycut/lcb_v6/2026-09-09/vllm/dataset-lcb_v6.model-qwen3.5-9b.alpha4.0.steps100.blocks-1.prefetch-budget-4.rank-reject_first.cut-entropy4.0.samples20.maxnew1024.seed10086.subtreePrefetch.vllm.log,318,2,8.405
/Users/jiangnanhugo/workspace/power-sharpening/Subtree-Prefetching-Power-Sharpening/case_studies/logs-entropycut/lcb_v6/2026-09-09/vllm/dataset-lcb_v6.model-qwen3.5-9b.alpha4.0.steps100.blocks-1.prefetch-budget-4.rank-reject_first.cut-entropy4.0.samples20.maxnew1024.seed10086.subtreePrefetch.vllm.log,319,1,2.78
/Users/jiangnanhugo/workspace/power-sharpening/Subtree-Prefetching-Power-Sharpening/case_studies/logs-entropycut/lcb_v6/2026-09-09/vllm/dataset-lcb_v6.model-qwen3.5-9b.alpha4.0.steps100.blocks-1.prefetch-budget-4.rank-reject_first.cut-entropy4.0.samples20.maxnew1024.seed10086.subtreePrefetch.vllm.log,320,2,7.913
/Users/jiangnanhugo/workspace/power-sharpening/Subtree-Prefetching-Power-Sharpening/case_studies/logs-entropycut/lcb_v6/2026-09-09/vllm/dataset-lcb_v6.model-qwen3.5-9b.alpha4.0.steps100.blocks-1.prefetch-budget-4.rank-reject_first.cut-entropy4.0.samples20.maxnew1024.seed10086.subtreePrefetch.vllm.log,321,1,6.581
/Users/jiangnanhugo/workspace/power-sharpening/Subtree-Prefetching-Power-Sharpening/case_studies/logs-entropycut/lcb_v6/2026-09-09/vllm/dataset-lcb_v6.model-qwen3.5-9b.alpha4.0.steps100.blocks-1.prefetch-budget-4.rank-reject_first.cut-entropy4.0.samples20.maxnew1024.seed10086.subtreePrefetch.vllm.log,322,4,7.109
/Users/jiangnanhugo/workspace/power-sharpening/Subtree-Prefetching-Power-Sharpening/case_studies/logs-entropycut/lcb_v6/2026-09-09/vllm/dataset-lcb_v6.model-qwen3.5-9b.alpha4.0.steps100.blocks-1.prefetch-budget-4.rank-reject_first.cut-entropy4.0.samples20.maxnew1024.seed10086.subtreePrefetch.vllm.log,323,1,7.58
/Users/jiangnanhugo/workspace/power-sharpening/Subtree-Prefetching-Power-Sharpening/case_studies/logs-entropycut/lcb_v6/2026-09-09/vllm/dataset-lcb_v6.model-qwen3.5-9b.alpha4.0.steps100.blocks-1.prefetch-budget-4.rank-reject_first.cut-entropy4.0.samples20.maxnew1024.seed10086.subtreePrefetch.vllm.log,324,1,7.668
/Users/jiangnanhugo/workspace/power-sharpening/Subtree-Prefetching-Power-Sharpening/case_studies/logs-entropycut/lcb_v6/2026-09-09/vllm/dataset-lcb_v6.model-qwen3.5-9b.alpha4.0.steps100.blocks-1.prefetch-budget-4.rank-reject_first.cut-entropy4.0.samples20.maxnew1024.seed10086.subtreePrefetch.vllm.log,325,4,3.078
/Users/jiangnanhugo/workspace/power-sharpening/Subtree-Prefetching-Power-Sharpening/case_studies/logs-entropycut/lcb_v6/2026-09-09/vllm/dataset-lcb_v6.model-qwen3.5-9b.alpha4.0.steps100.blocks-1.prefetch-budget-4.rank-reject_first.cut-entropy4.0.samples20.maxnew1024.seed10086.subtreePrefetch.vllm.log,326,1,2.814
/Users/jiangnanhugo/workspace/power-sharpening/Subtree-Prefetching-Power-Sharpening/case_studies/logs-entropycut/lcb_v6/2026-09-09/vllm/dataset-lcb_v6.model-qwen3.5-9b.alpha4.0.steps100.blocks-1.prefetch-budget-4.rank-reject_first.cut-entropy4.0.samples20.maxnew1024.seed10086.subtreePrefetch.vllm.log,327,1,2.105
/Users/jiangnanhugo/workspace/power-sharpening/Subtree-Prefetching-Power-Sharpening/case_studies/logs-entropycut/lcb_v6/2026-09-09/vllm/dataset-lcb_v6.model-qwen3.5-9b.alpha4.0.steps100.blocks-1.prefetch-budget-4.rank-reject_first.cut-entropy4.0.samples20.maxnew1024.seed10086.subtreePrefetch.vllm.log,328,2,5.668
/Users/jiangnanhugo/workspace/power-sharpening/Subtree-Prefetching-Power-Sharpening/case_studies/logs-entropycut/lcb_v6/2026-09-09/vllm/dataset-lcb_v6.model-qwen3.5-9b.alpha4.0.steps100.blocks-1.prefetch-budget-4.rank-reject_first.cut-entropy4.0.samples20.maxnew1024.seed10086.subtreePrefetch.vllm.log,329,4,7.694
/Users/jiangnanhugo/workspace/power-sharpening/Subtree-Prefetching-Power-Sharpening/case_studies/logs-entropycut/lcb_v6/2026-09-09/vllm/dataset-lcb_v6.model-qwen3.5-9b.alpha4.0.steps100.blocks-1.prefetch-budget-4.rank-reject_first.cut-entropy4.0.samples20.maxnew1024.seed10086.subtreePrefetch.vllm.log,330,4,7.905
/Users/jiangnanhugo/workspace/power-sharpening/Subtree-Prefetching-Power-Sharpening/case_studies/logs-entropycut/lcb_v6/2026-09-09/vllm/dataset-lcb_v6.model-qwen3.5-9b.alpha4.0.steps100.blocks-1.prefetch-budget-4.rank-reject_first.cut-entropy4.0.samples20.maxnew1024.seed10086.subtreePrefetch.vllm.log,331,2,7.593
/Users/jiangnanhugo/workspace/power-sharpening/Subtree-Prefetching-Power-Sharpening/case_studies/logs-entropycut/lcb_v6/2026-09-09/vllm/dataset-lcb_v6.model-qwen3.5-9b.alpha4.0.steps100.blocks-1.prefetch-budget-4.rank-reject_first.cut-entropy4.0.samples20.maxnew1024.seed10086.subtreePrefetch.vllm.log,332,1,2.959
/Users/jiangnanhugo/workspace/power-sharpening/Subtree-Prefetching-Power-Sharpening/case_studies/logs-entropycut/lcb_v6/2026-09-09/vllm/dataset-lcb_v6.model-qwen3.5-9b.alpha4.0.steps100.blocks-1.prefetch-budget-4.rank-reject_first.cut-entropy4.0.samples20.maxnew1024.seed10086.subtreePrefetch.vllm.log,333,2,7.752
/Users/jiangnanhugo/workspace/power-sharpening/Subtree-Prefetching-Power-Sharpening/case_studies/logs-entropycut/lcb_v6/2026-09-09/vllm/dataset-lcb_v6.model-qwen3.5-9b.alpha4.0.steps100.blocks-1.prefetch-budget-4.rank-reject_first.cut-entropy4.0.samples20.maxnew1024.seed10086.subtreePrefetch.vllm.log,334,2,7.512
/Users/jiangnanhugo/workspace/power-sharpening/Subtree-Prefetching-Power-Sharpening/case_studies/logs-entropycut/lcb_v6/2026-09-09/vllm/dataset-lcb_v6.model-qwen3.5-9b.alpha4.0.steps100.blocks-1.prefetch-budget-4.rank-reject_first.cut-entropy4.0.samples20.maxnew1024.seed10086.subtreePrefetch.vllm.log,335,4,7.758
/Users/jiangnanhugo/workspace/power-sharpening/Subtree-Prefetching-Power-Sharpening/case_studies/logs-entropycut/lcb_v6/2026-09-09/vllm/dataset-lcb_v6.model-qwen3.5-9b.alpha4.0.steps100.blocks-1.prefetch-budget-4.rank-reject_first.cut-entropy4.0.samples20.maxnew1024.seed10086.subtreePrefetch.vllm.log,336,2,7.891
/Users/jiangnanhugo/workspace/power-sharpening/Subtree-Prefetching-Power-Sharpening/case_studies/logs-entropycut/lcb_v6/2026-09-09/vllm/dataset-lcb_v6.model-qwen3.5-9b.alpha4.0.steps100.blocks-1.prefetch-budget-4.rank-reject_first.cut-entropy4.0.samples20.maxnew1024.seed10086.subtreePrefetch.vllm.log,337,4,7.872
/Users/jiangnanhugo/workspace/power-sharpening/Subtree-Prefetching-Power-Sharpening/case_studies/logs-entropycut/lcb_v6/2026-09-09/vllm/dataset-lcb_v6.model-qwen3.5-9b.alpha4.0.steps100.blocks-1.prefetch-budget-4.rank-reject_first.cut-entropy4.0.samples20.maxnew1024.seed10086.subtreePrefetch.vllm.log,338,2,7.769
/Users/jiangnanhugo/workspace/power-sharpening/Subtree-Prefetching-Power-Sharpening/case_studies/logs-entropycut/lcb_v6/2026-09-09/vllm/dataset-lcb_v6.model-qwen3.5-9b.alpha4.0.steps100.blocks-1.prefetch-budget-4.rank-reject_first.cut-entropy4.0.samples20.maxnew1024.seed10086.subtreePrefetch.vllm.log,339,4,7.872
/Users/jiangnanhugo/workspace/power-sharpening/Subtree-Prefetching-Power-Sharpening/case_studies/logs-entropycut/lcb_v6/2026-09-09/vllm/dataset-lcb_v6.model-qwen3.5-9b.alpha4.0.steps100.blocks-1.prefetch-budget-4.rank-reject_first.cut-entropy4.0.samples20.maxnew1024.seed10086.subtreePrefetch.vllm.log,340,4,0.511
/Users/jiangnanhugo/workspace/power-sharpening/Subtree-Prefetching-Power-Sharpening/case_studies/logs-entropycut/lcb_v6/2026-09-09/vllm/dataset-lcb_v6.model-qwen3.5-9b.alpha4.0.steps100.blocks-1.prefetch-budget-4.rank-reject_first.cut-entropy4.0.samples20.maxnew1024.seed10086.subtreePrefetch.vllm.log,341,1,8.413
/Users/jiangnanhugo/workspace/power-sharpening/Subtree-Prefetching-Power-Sharpening/case_studies/logs-entropycut/lcb_v6/2026-09-09/vllm/dataset-lcb_v6.model-qwen3.5-9b.alpha4.0.steps100.blocks-1.prefetch-budget-4.rank-reject_first.cut-entropy4.0.samples20.maxnew1024.seed10086.subtreePrefetch.vllm.log,342,3,9.288
/Users/jiangnanhugo/workspace/power-sharpening/Subtree-Prefetching-Power-Sharpening/case_studies/logs-entropycut/lcb_v6/2026-09-09/vllm/dataset-lcb_v6.model-qwen3.5-9b.alpha4.0.steps100.blocks-1.prefetch-budget-4.rank-reject_first.cut-entropy4.0.samples20.maxnew1024.seed10086.subtreePrefetch.vllm.log,343,1,9.219
/Users/jiangnanhugo/workspace/power-sharpening/Subtree-Prefetching-Power-Sharpening/case_studies/logs-entropycut/lcb_v6/2026-09-09/vllm/dataset-lcb_v6.model-qwen3.5-9b.alpha4.0.steps100.blocks-1.prefetch-budget-4.rank-reject_first.cut-entropy4.0.samples20.maxnew1024.seed10086.subtreePrefetch.vllm.log,344,1,8.482
/Users/jiangnanhugo/workspace/power-sharpening/Subtree-Prefetching-Power-Sharpening/case_studies/logs-entropycut/lcb_v6/2026-09-09/vllm/dataset-lcb_v6.model-qwen3.5-9b.alpha4.0.steps100.blocks-1.prefetch-budget-4.rank-reject_first.cut-entropy4.0.samples20.maxnew1024.seed10086.subtreePrefetch.vllm.log,345,1,9.05
/Users/jiangnanhugo/workspace/power-sharpening/Subtree-Prefetching-Power-Sharpening/case_studies/logs-entropycut/lcb_v6/2026-09-09/vllm/dataset-lcb_v6.model-qwen3.5-9b.alpha4.0.steps100.blocks-1.prefetch-budget-4.rank-reject_first.cut-entropy4.0.samples20.maxnew1024.seed10086.subtreePrefetch.vllm.log,346,1,8.885
/Users/jiangnanhugo/workspace/power-sharpening/Subtree-Prefetching-Power-Sharpening/case_studies/logs-entropycut/lcb_v6/2026-09-09/vllm/dataset-lcb_v6.model-qwen3.5-9b.alpha4.0.steps100.blocks-1.prefetch-budget-4.rank-reject_first.cut-entropy4.0.samples20.maxnew1024.seed10086.subtreePrefetch.vllm.log,347,1,8.597
/Users/jiangnanhugo/workspace/power-sharpening/Subtree-Prefetching-Power-Sharpening/case_studies/logs-entropycut/lcb_v6/2026-09-09/vllm/dataset-lcb_v6.model-qwen3.5-9b.alpha4.0.steps100.blocks-1.prefetch-budget-4.rank-reject_first.cut-entropy4.0.samples20.maxnew1024.seed10086.subtreePrefetch.vllm.log,348,1,8.559
/Users/jiangnanhugo/workspace/power-sharpening/Subtree-Prefetching-Power-Sharpening/case_studies/logs-entropycut/lcb_v6/2026-09-09/vllm/dataset-lcb_v6.model-qwen3.5-9b.alpha4.0.steps100.blocks-1.prefetch-budget-4.rank-reject_first.cut-entropy4.0.samples20.maxnew1024.seed10086.subtreePrefetch.vllm.log,349,4,8.592
/Users/jiangnanhugo/workspace/power-sharpening/Subtree-Prefetching-Power-Sharpening/case_studies/logs-entropycut/lcb_v6/2026-09-09/vllm/dataset-lcb_v6.model-qwen3.5-9b.alpha4.0.steps100.blocks-1.prefetch-budget-4.rank-reject_first.cut-entropy4.0.samples20.maxnew1024.seed10086.subtreePrefetch.vllm.log,350,2,8.551
/Users/jiangnanhugo/workspace/power-sharpening/Subtree-Prefetching-Power-Sharpening/case_studies/logs-entropycut/lcb_v6/2026-09-09/vllm/dataset-lcb_v6.model-qwen3.5-9b.alpha4.0.steps100.blocks-1.prefetch-budget-4.rank-reject_first.cut-entropy4.0.samples20.maxnew1024.seed10086.subtreePrefetch.vllm.log,351,1,9.185
/Users/jiangnanhugo/workspace/power-sharpening/Subtree-Prefetching-Power-Sharpening/case_studies/logs-entropycut/lcb_v6/2026-09-09/vllm/dataset-lcb_v6.model-qwen3.5-9b.alpha4.0.steps100.blocks-1.prefetch-budget-4.rank-reject_first.cut-entropy4.0.samples20.maxnew1024.seed10086.subtreePrefetch.vllm.log,352,1,9.315
/Users/jiangnanhugo/workspace/power-sharpening/Subtree-Prefetching-Power-Sharpening/case_studies/logs-entropycut/lcb_v6/2026-09-09/vllm/dataset-lcb_v6.model-qwen3.5-9b.alpha4.0.steps100.blocks-1.prefetch-budget-4.rank-reject_first.cut-entropy4.0.samples20.maxnew1024.seed10086.subtreePrefetch.vllm.log,353,4,8.509
/Users/jiangnanhugo/workspace/power-sharpening/Subtree-Prefetching-Power-Sharpening/case_studies/logs-entropycut/lcb_v6/2026-09-09/vllm/dataset-lcb_v6.model-qwen3.5-9b.alpha4.0.steps100.blocks-1.prefetch-budget-4.rank-reject_first.cut-entropy4.0.samples20.maxnew1024.seed10086.subtreePrefetch.vllm.log,354,2,9.082
/Users/jiangnanhugo/workspace/power-sharpening/Subtree-Prefetching-Power-Sharpening/case_studies/logs-entropycut/lcb_v6/2026-09-09/vllm/dataset-lcb_v6.model-qwen3.5-9b.alpha4.0.steps100.blocks-1.prefetch-budget-4.rank-reject_first.cut-entropy4.0.samples20.maxnew1024.seed10086.subtreePrefetch.vllm.log,355,2,8.563
/Users/jiangnanhugo/workspace/power-sharpening/Subtree-Prefetching-Power-Sharpening/case_studies/logs-entropycut/lcb_v6/2026-09-09/vllm/dataset-lcb_v6.model-qwen3.5-9b.alpha4.0.steps100.blocks-1.prefetch-budget-4.rank-reject_first.cut-entropy4.0.samples20.maxnew1024.seed10086.subtreePrefetch.vllm.log,356,2,8.583
/Users/jiangnanhugo/workspace/power-sharpening/Subtree-Prefetching-Power-Sharpening/case_studies/logs-entropycut/lcb_v6/2026-09-09/vllm/dataset-lcb_v6.model-qwen3.5-9b.alpha4.0.steps100.blocks-1.prefetch-budget-4.rank-reject_first.cut-entropy4.0.samples20.maxnew1024.seed10086.subtreePrefetch.vllm.log,357,4,9.108
/Users/jiangnanhugo/workspace/power-sharpening/Subtree-Prefetching-Power-Sharpening/case_studies/logs-entropycut/lcb_v6/2026-09-09/vllm/dataset-lcb_v6.model-qwen3.5-9b.alpha4.0.steps100.blocks-1.prefetch-budget-4.rank-reject_first.cut-entropy4.0.samples20.maxnew1024.seed10086.subtreePrefetch.vllm.log,358,3,8.552
/Users/jiangnanhugo/workspace/power-sharpening/Subtree-Prefetching-Power-Sharpening/case_studies/logs-entropycut/lcb_v6/2026-09-09/vllm/dataset-lcb_v6.model-qwen3.5-9b.alpha4.0.steps100.blocks-1.prefetch-budget-4.rank-reject_first.cut-entropy4.0.samples20.maxnew1024.seed10086.subtreePrefetch.vllm.log,359,1,8.566
/Users/jiangnanhugo/workspace/power-sharpening/Subtree-Prefetching-Power-Sharpening/case_studies/logs-entropycut/lcb_v6/2026-09-09/vllm/dataset-lcb_v6.model-qwen3.5-9b.alpha4.0.steps100.blocks-1.prefetch-budget-4.rank-reject_first.cut-entropy4.0.samples20.maxnew1024.seed10086.subtreePrefetch.vllm.log,360,1,8.562
/Users/jiangnanhugo/workspace/power-sharpening/Subtree-Prefetching-Power-Sharpening/case_studies/logs-entropycut/lcb_v6/2026-09-09/vllm/dataset-lcb_v6.model-qwen3.5-9b.alpha4.0.steps100.blocks-1.prefetch-budget-4.rank-reject_first.cut-entropy4.0.samples20.maxnew1024.seed10086.subtreePrefetch.vllm.log,361,2,9.195
/Users/jiangnanhugo/workspace/power-sharpening/Subtree-Prefetching-Power-Sharpening/case_studies/logs-entropycut/lcb_v6/2026-09-09/vllm/dataset-lcb_v6.model-qwen3.5-9b.alpha4.0.steps100.blocks-1.prefetch-budget-4.rank-reject_first.cut-entropy4.0.samples20.maxnew1024.seed10086.subtreePrefetch.vllm.log,362,1,8.546
/Users/jiangnanhugo/workspace/power-sharpening/Subtree-Prefetching-Power-Sharpening/case_studies/logs-entropycut/lcb_v6/2026-09-09/vllm/dataset-lcb_v6.model-qwen3.5-9b.alpha4.0.steps100.blocks-1.prefetch-budget-4.rank-reject_first.cut-entropy4.0.samples20.maxnew1024.seed10086.subtreePrefetch.vllm.log,363,1,8.585
/Users/jiangnanhugo/workspace/power-sharpening/Subtree-Prefetching-Power-Sharpening/case_studies/logs-entropycut/lcb_v6/2026-09-09/vllm/dataset-lcb_v6.model-qwen3.5-9b.alpha4.0.steps100.blocks-1.prefetch-budget-4.rank-reject_first.cut-entropy4.0.samples20.maxnew1024.seed10086.subtreePrefetch.vllm.log,364,3,9.319
/Users/jiangnanhugo/workspace/power-sharpening/Subtree-Prefetching-Power-Sharpening/case_studies/logs-entropycut/lcb_v6/2026-09-09/vllm/dataset-lcb_v6.model-qwen3.5-9b.alpha4.0.steps100.blocks-1.prefetch-budget-4.rank-reject_first.cut-entropy4.0.samples20.maxnew1024.seed10086.subtreePrefetch.vllm.log,365,1,8.56
/Users/jiangnanhugo/workspace/power-sharpening/Subtree-Prefetching-Power-Sharpening/case_studies/logs-entropycut/lcb_v6/2026-09-09/vllm/dataset-lcb_v6.model-qwen3.5-9b.alpha4.0.steps100.blocks-1.prefetch-budget-4.rank-reject_first.cut-entropy4.0.samples20.maxnew1024.seed10086.subtreePrefetch.vllm.log,366,4,9.245
/Users/jiangnanhugo/workspace/power-sharpening/Subtree-Prefetching-Power-Sharpening/case_studies/logs-entropycut/lcb_v6/2026-09-09/vllm/dataset-lcb_v6.model-qwen3.5-9b.alpha4.0.steps100.blocks-1.prefetch-budget-4.rank-reject_first.cut-entropy4.0.samples20.maxnew1024.seed10086.subtreePrefetch.vllm.log,367,3,8.554
/Users/jiangnanhugo/workspace/power-sharpening/Subtree-Prefetching-Power-Sharpening/case_studies/logs-entropycut/lcb_v6/2026-09-09/vllm/dataset-lcb_v6.model-qwen3.5-9b.alpha4.0.steps100.blocks-1.prefetch-budget-4.rank-reject_first.cut-entropy4.0.samples20.maxnew1024.seed10086.subtreePrefetch.vllm.log,368,1,9.33
/Users/jiangnanhugo/workspace/power-sharpening/Subtree-Prefetching-Power-Sharpening/case_studies/logs-entropycut/lcb_v6/2026-09-09/vllm/dataset-lcb_v6.model-qwen3.5-9b.alpha4.0.steps100.blocks-1.prefetch-budget-4.rank-reject_first.cut-entropy4.0.samples20.maxnew1024.seed10086.subtreePrefetch.vllm.log,369,3,8.589
/Users/jiangnanhugo/workspace/power-sharpening/Subtree-Prefetching-Power-Sharpening/case_studies/logs-entropycut/lcb_v6/2026-09-09/vllm/dataset-lcb_v6.model-qwen3.5-9b.alpha4.0.steps100.blocks-1.prefetch-budget-4.rank-reject_first.cut-entropy4.0.samples20.maxnew1024.seed10086.subtreePrefetch.vllm.log,370,2,8.531
/Users/jiangnanhugo/workspace/power-sharpening/Subtree-Prefetching-Power-Sharpening/case_studies/logs-entropycut/lcb_v6/2026-09-09/vllm/dataset-lcb_v6.model-qwen3.5-9b.alpha4.0.steps100.blocks-1.prefetch-budget-4.rank-reject_first.cut-entropy4.0.samples20.maxnew1024.seed10086.subtreePrefetch.vllm.log,371,1,9.323
/Users/jiangnanhugo/workspace/power-sharpening/Subtree-Prefetching-Power-Sharpening/case_studies/logs-entropycut/lcb_v6/2026-09-09/vllm/dataset-lcb_v6.model-qwen3.5-9b.alpha4.0.steps100.blocks-1.prefetch-budget-4.rank-reject_first.cut-entropy4.0.samples20.maxnew1024.seed10086.subtreePrefetch.vllm.log,372,4,9.226
/Users/jiangnanhugo/workspace/power-sharpening/Subtree-Prefetching-Power-Sharpening/case_studies/logs-entropycut/lcb_v6/2026-09-09/vllm/dataset-lcb_v6.model-qwen3.5-9b.alpha4.0.steps100.blocks-1.prefetch-budget-4.rank-reject_first.cut-entropy4.0.samples20.maxnew1024.seed10086.subtreePrefetch.vllm.log,373,4,8.587
/Users/jiangnanhugo/workspace/power-sharpening/Subtree-Prefetching-Power-Sharpening/case_studies/logs-entropycut/lcb_v6/2026-09-09/vllm/dataset-lcb_v6.model-qwen3.5-9b.alpha4.0.steps100.blocks-1.prefetch-budget-4.rank-reject_first.cut-entropy4.0.samples20.maxnew1024.seed10086.subtreePrefetch.vllm.log,374,2,8.599
/Users/jiangnanhugo/workspace/power-sharpening/Subtree-Prefetching-Power-Sharpening/case_studies/logs-entropycut/lcb_v6/2026-09-09/vllm/dataset-lcb_v6.model-qwen3.5-9b.alpha4.0.steps100.blocks-1.prefetch-budget-4.rank-reject_first.cut-entropy4.0.samples20.maxnew1024.seed10086.subtreePrefetch.vllm.log,375,4,9.173
/Users/jiangnanhugo/workspace/power-sharpening/Subtree-Prefetching-Power-Sharpening/case_studies/logs-entropycut/lcb_v6/2026-09-09/vllm/dataset-lcb_v6.model-qwen3.5-9b.alpha4.0.steps100.blocks-1.prefetch-budget-4.rank-reject_first.cut-entropy4.0.samples20.maxnew1024.seed10086.subtreePrefetch.vllm.log,376,4,9.157
/Users/jiangnanhugo/workspace/power-sharpening/Subtree-Prefetching-Power-Sharpening/case_studies/logs-entropycut/lcb_v6/2026-09-09/vllm/dataset-lcb_v6.model-qwen3.5-9b.alpha4.0.steps100.blocks-1.prefetch-budget-4.rank-reject_first.cut-entropy4.0.samples20.maxnew1024.seed10086.subtreePrefetch.vllm.log,377,1,8.604
/Users/jiangnanhugo/workspace/power-sharpening/Subtree-Prefetching-Power-Sharpening/case_studies/logs-entropycut/lcb_v6/2026-09-09/vllm/dataset-lcb_v6.model-qwen3.5-9b.alpha4.0.steps100.blocks-1.prefetch-budget-4.rank-reject_first.cut-entropy4.0.samples20.maxnew1024.seed10086.subtreePrefetch.vllm.log,378,3,8.576
/Users/jiangnanhugo/workspace/power-sharpening/Subtree-Prefetching-Power-Sharpening/case_studies/logs-entropycut/lcb_v6/2026-09-09/vllm/dataset-lcb_v6.model-qwen3.5-9b.alpha4.0.steps100.blocks-1.prefetch-budget-4.rank-reject_first.cut-entropy4.0.samples20.maxnew1024.seed10086.subtreePrefetch.vllm.log,379,4,9.171
/Users/jiangnanhugo/workspace/power-sharpening/Subtree-Prefetching-Power-Sharpening/case_studies/logs-entropycut/lcb_v6/2026-09-09/vllm/dataset-lcb_v6.model-qwen3.5-9b.alpha4.0.steps100.blocks-1.prefetch-budget-4.rank-reject_first.cut-entropy4.0.samples20.maxnew1024.seed10086.subtreePrefetch.vllm.log,380,4,8.585
/Users/jiangnanhugo/workspace/power-sharpening/Subtree-Prefetching-Power-Sharpening/case_studies/logs-entropycut/lcb_v6/2026-09-09/vllm/dataset-lcb_v6.model-qwen3.5-9b.alpha4.0.steps100.blocks-1.prefetch-budget-4.rank-reject_first.cut-entropy4.0.samples20.maxnew1024.seed10086.subtreePrefetch.vllm.log,381,4,8.529
/Users/jiangnanhugo/workspace/power-sharpening/Subtree-Prefetching-Power-Sharpening/case_studies/logs-entropycut/lcb_v6/2026-09-09/vllm/dataset-lcb_v6.model-qwen3.5-9b.alpha4.0.steps100.blocks-1.prefetch-budget-4.rank-reject_first.cut-entropy4.0.samples20.maxnew1024.seed10086.subtreePrefetch.vllm.log,382,4,9.304
/Users/jiangnanhugo/workspace/power-sharpening/Subtree-Prefetching-Power-Sharpening/case_studies/logs-entropycut/lcb_v6/2026-09-09/vllm/dataset-lcb_v6.model-qwen3.5-9b.alpha4.0.steps100.blocks-1.prefetch-budget-4.rank-reject_first.cut-entropy4.0.samples20.maxnew1024.seed10086.subtreePrefetch.vllm.log,383,3,8.431
/Users/jiangnanhugo/workspace/power-sharpening/Subtree-Prefetching-Power-Sharpening/case_studies/logs-entropycut/lcb_v6/2026-09-09/vllm/dataset-lcb_v6.model-qwen3.5-9b.alpha4.0.steps100.blocks-1.prefetch-budget-4.rank-reject_first.cut-entropy4.0.samples20.maxnew1024.seed10086.subtreePrefetch.vllm.log,384,1,6.261
/Users/jiangnanhugo/workspace/power-sharpening/Subtree-Prefetching-Power-Sharpening/case_studies/logs-entropycut/lcb_v6/2026-09-09/vllm/dataset-lcb_v6.model-qwen3.5-9b.alpha4.0.steps100.blocks-1.prefetch-budget-4.rank-reject_first.cut-entropy4.0.samples20.maxnew1024.seed10086.subtreePrefetch.vllm.log,385,4,5.709
/Users/jiangnanhugo/workspace/power-sharpening/Subtree-Prefetching-Power-Sharpening/case_studies/logs-entropycut/lcb_v6/2026-09-09/vllm/dataset-lcb_v6.model-qwen3.5-9b.alpha4.0.steps100.blocks-1.prefetch-budget-4.rank-reject_first.cut-entropy4.0.samples20.maxnew1024.seed10086.subtreePrefetch.vllm.log,386,3,7.296
/Users/jiangnanhugo/workspace/power-sharpening/Subtree-Prefetching-Power-Sharpening/case_studies/logs-entropycut/lcb_v6/2026-09-09/vllm/dataset-lcb_v6.model-qwen3.5-9b.alpha4.0.steps100.blocks-1.prefetch-budget-4.rank-reject_first.cut-entropy4.0.samples20.maxnew1024.seed10086.subtreePrefetch.vllm.log,387,2,8.75
/Users/jiangnanhugo/workspace/power-sharpening/Subtree-Prefetching-Power-Sharpening/case_studies/logs-entropycut/lcb_v6/2026-09-09/vllm/dataset-lcb_v6.model-qwen3.5-9b.alpha4.0.steps100.blocks-1.prefetch-budget-4.rank-reject_first.cut-entropy4.0.samples20.maxnew1024.seed10086.subtreePrefetch.vllm.log,388,1,6.591
/Users/jiangnanhugo/workspace/power-sharpening/Subtree-Prefetching-Power-Sharpening/case_studies/logs-entropycut/lcb_v6/2026-09-09/vllm/dataset-lcb_v6.model-qwen3.5-9b.alpha4.0.steps100.blocks-1.prefetch-budget-4.rank-reject_first.cut-entropy4.0.samples20.maxnew1024.seed10086.subtreePrefetch.vllm.log,389,4,2.259
/Users/jiangnanhugo/workspace/power-sharpening/Subtree-Prefetching-Power-Sharpening/case_studies/logs-entropycut/lcb_v6/2026-09-09/vllm/dataset-lcb_v6.model-qwen3.5-9b.alpha4.0.steps100.blocks-1.prefetch-budget-4.rank-reject_first.cut-entropy4.0.samples20.maxnew1024.seed10086.subtreePrefetch.vllm.log,390,2,6.866
/Users/jiangnanhugo/workspace/power-sharpening/Subtree-Prefetching-Power-Sharpening/case_studies/logs-entropycut/lcb_v6/2026-09-09/vllm/dataset-lcb_v6.model-qwen3.5-9b.alpha4.0.steps100.blocks-1.prefetch-budget-4.rank-reject_first.cut-entropy4.0.samples20.maxnew1024.seed10086.subtreePrefetch.vllm.log,391,4,0.942
/Users/jiangnanhugo/workspace/power-sharpening/Subtree-Prefetching-Power-Sharpening/case_studies/logs-entropycut/lcb_v6/2026-09-09/vllm/dataset-lcb_v6.model-qwen3.5-9b.alpha4.0.steps100.blocks-1.prefetch-budget-4.rank-reject_first.cut-entropy4.0.samples20.maxnew1024.seed10086.subtreePrefetch.vllm.log,392,2,2.693
/Users/jiangnanhugo/workspace/power-sharpening/Subtree-Prefetching-Power-Sharpening/case_studies/logs-entropycut/lcb_v6/2026-09-09/vllm/dataset-lcb_v6.model-qwen3.5-9b.alpha4.0.steps100.blocks-1.prefetch-budget-4.rank-reject_first.cut-entropy4.0.samples20.maxnew1024.seed10086.subtreePrefetch.vllm.log,393,4,6.594
/Users/jiangnanhugo/workspace/power-sharpening/Subtree-Prefetching-Power-Sharpening/case_studies/logs-entropycut/lcb_v6/2026-09-09/vllm/dataset-lcb_v6.model-qwen3.5-9b.alpha4.0.steps100.blocks-1.prefetch-budget-4.rank-reject_first.cut-entropy4.0.samples20.maxnew1024.seed10086.subtreePrefetch.vllm.log,394,2,3.831
/Users/jiangnanhugo/workspace/power-sharpening/Subtree-Prefetching-Power-Sharpening/case_studies/logs-entropycut/lcb_v6/2026-09-09/vllm/dataset-lcb_v6.model-qwen3.5-9b.alpha4.0.steps100.blocks-1.prefetch-budget-4.rank-reject_first.cut-entropy4.0.samples20.maxnew1024.seed10086.subtreePrefetch.vllm.log,395,2,7.727
/Users/jiangnanhugo/workspace/power-sharpening/Subtree-Prefetching-Power-Sharpening/case_studies/logs-entropycut/lcb_v6/2026-09-09/vllm/dataset-lcb_v6.model-qwen3.5-9b.alpha4.0.steps100.blocks-1.prefetch-budget-4.rank-reject_first.cut-entropy4.0.samples20.maxnew1024.seed10086.subtreePrefetch.vllm.log,396,1,5.794
/Users/jiangnanhugo/workspace/power-sharpening/Subtree-Prefetching-Power-Sharpening/case_studies/logs-entropycut/lcb_v6/2026-09-09/vllm/dataset-lcb_v6.model-qwen3.5-9b.alpha4.0.steps100.blocks-1.prefetch-budget-4.rank-reject_first.cut-entropy4.0.samples20.maxnew1024.seed10086.subtreePrefetch.vllm.log,397,4,6.918
/Users/jiangnanhugo/workspace/power-sharpening/Subtree-Prefetching-Power-Sharpening/case_studies/logs-entropycut/lcb_v6/2026-09-09/vllm/dataset-lcb_v6.model-qwen3.5-9b.alpha4.0.steps100.blocks-1.prefetch-budget-4.rank-reject_first.cut-entropy4.0.samples20.maxnew1024.seed10086.subtreePrefetch.vllm.log,398,4,7.754
/Users/jiangnanhugo/workspace/power-sharpening/Subtree-Prefetching-Power-Sharpening/case_studies/logs-entropycut/lcb_v6/2026-09-09/vllm/dataset-lcb_v6.model-qwen3.5-9b.alpha4.0.steps100.blocks-1.prefetch-budget-4.rank-reject_first.cut-entropy4.0.samples20.maxnew1024.seed10086.subtreePrefetch.vllm.log,399,3,8.718
/Users/jiangnanhugo/workspace/power-sharpening/Subtree-Prefetching-Power-Sharpening/case_studies/logs-entropycut/lcb_v6/2026-09-09/vllm/dataset-lcb_v6.model-qwen3.5-9b.alpha4.0.steps100.blocks-1.prefetch-budget-4.rank-reject_first.cut-entropy4.0.samples20.maxnew1024.seed10086.subtreePrefetch.vllm.log,400,4,5.891
/Users/jiangnanhugo/workspace/power-sharpening/Subtree-Prefetching-Power-Sharpening/case_studies/logs-entropycut/lcb_v6/2026-09-09/vllm/dataset-lcb_v6.model-qwen3.5-9b.alpha4.0.steps100.blocks-1.prefetch-budget-4.rank-reject_first.cut-entropy4.0.samples20.maxnew1024.seed10086.subtreePrefetch.vllm.log,401,4,8.048
/Users/jiangnanhugo/workspace/power-sharpening/Subtree-Prefetching-Power-Sharpening/case_studies/logs-entropycut/lcb_v6/2026-09-09/vllm/dataset-lcb_v6.model-qwen3.5-9b.alpha4.0.steps100.blocks-1.prefetch-budget-4.rank-reject_first.cut-entropy4.0.samples20.maxnew1024.seed10086.subtreePrefetch.vllm.log,402,4,8.642
/Users/jiangnanhugo/workspace/power-sharpening/Subtree-Prefetching-Power-Sharpening/case_studies/logs-entropycut/lcb_v6/2026-09-09/vllm/dataset-lcb_v6.model-qwen3.5-9b.alpha4.0.steps100.blocks-1.prefetch-budget-4.rank-reject_first.cut-entropy4.0.samples20.maxnew1024.seed10086.subtreePrefetch.vllm.log,403,4,8.111
/Users/jiangnanhugo/workspace/power-sharpening/Subtree-Prefetching-Power-Sharpening/case_studies/logs-entropycut/lcb_v6/2026-09-09/vllm/dataset-lcb_v6.model-qwen3.5-9b.alpha4.0.steps100.blocks-1.prefetch-budget-4.rank-reject_first.cut-entropy4.0.samples20.maxnew1024.seed10086.subtreePrefetch.vllm.log,404,4,7.109
/Users/jiangnanhugo/workspace/power-sharpening/Subtree-Prefetching-Power-Sharpening/case_studies/logs-entropycut/lcb_v6/2026-09-09/vllm/dataset-lcb_v6.model-qwen3.5-9b.alpha4.0.steps100.blocks-1.prefetch-budget-4.rank-reject_first.cut-entropy4.0.samples20.maxnew1024.seed10086.subtreePrefetch.vllm.log,405,4,7.924
/Users/jiangnanhugo/workspace/power-sharpening/Subtree-Prefetching-Power-Sharpening/case_studies/logs-entropycut/lcb_v6/2026-09-09/vllm/dataset-lcb_v6.model-qwen3.5-9b.alpha4.0.steps100.blocks-1.prefetch-budget-4.rank-reject_first.cut-entropy4.0.samples20.maxnew1024.seed10086.subtreePrefetch.vllm.log,406,1,7.968
/Users/jiangnanhugo/workspace/power-sharpening/Subtree-Prefetching-Power-Sharpening/case_studies/logs-entropycut/lcb_v6/2026-09-09/vllm/dataset-lcb_v6.model-qwen3.5-9b.alpha4.0.steps100.blocks-1.prefetch-budget-4.rank-reject_first.cut-entropy4.0.samples20.maxnew1024.seed10086.subtreePrefetch.vllm.log,407,4,8.374
/Users/jiangnanhugo/workspace/power-sharpening/Subtree-Prefetching-Power-Sharpening/case_studies/logs-entropycut/lcb_v6/2026-09-09/vllm/dataset-lcb_v6.model-qwen3.5-9b.alpha4.0.steps100.blocks-1.prefetch-budget-4.rank-reject_first.cut-entropy4.0.samples20.maxnew1024.seed10086.subtreePrefetch.vllm.log,408,1,7.365
/Users/jiangnanhugo/workspace/power-sharpening/Subtree-Prefetching-Power-Sharpening/case_studies/logs-entropycut/lcb_v6/2026-09-09/vllm/dataset-lcb_v6.model-qwen3.5-9b.alpha4.0.steps100.blocks-1.prefetch-budget-4.rank-reject_first.cut-entropy4.0.samples20.maxnew1024.seed10086.subtreePrefetch.vllm.log,409,4,4.164
/Users/jiangnanhugo/workspace/power-sharpening/Subtree-Prefetching-Power-Sharpening/case_studies/logs-entropycut/lcb_v6/2026-09-09/vllm/dataset-lcb_v6.model-qwen3.5-9b.alpha4.0.steps100.blocks-1.prefetch-budget-4.rank-reject_first.cut-entropy4.0.samples20.maxnew1024.seed10086.subtreePrefetch.vllm.log,410,1,6.555
/Users/jiangnanhugo/workspace/power-sharpening/Subtree-Prefetching-Power-Sharpening/case_studies/logs-entropycut/lcb_v6/2026-09-09/vllm/dataset-lcb_v6.model-qwen3.5-9b.alpha4.0.steps100.blocks-1.prefetch-budget-4.rank-reject_first.cut-entropy4.0.samples20.maxnew1024.seed10086.subtreePrefetch.vllm.log,411,4,8.323
/Users/jiangnanhugo/workspace/power-sharpening/Subtree-Prefetching-Power-Sharpening/case_studies/logs-entropycut/lcb_v6/2026-09-09/vllm/dataset-lcb_v6.model-qwen3.5-9b.alpha4.0.steps100.blocks-1.prefetch-budget-4.rank-reject_first.cut-entropy4.0.samples20.maxnew1024.seed10086.subtreePrefetch.vllm.log,412,4,8.536
/Users/jiangnanhugo/workspace/power-sharpening/Subtree-Prefetching-Power-Sharpening/case_studies/logs-entropycut/lcb_v6/2026-09-09/vllm/dataset-lcb_v6.model-qwen3.5-9b.alpha4.0.steps100.blocks-1.prefetch-budget-4.rank-reject_first.cut-entropy4.0.samples20.maxnew1024.seed10086.subtreePrefetch.vllm.log,413,4,8.606
/Users/jiangnanhugo/workspace/power-sharpening/Subtree-Prefetching-Power-Sharpening/case_studies/logs-entropycut/lcb_v6/2026-09-09/vllm/dataset-lcb_v6.model-qwen3.5-9b.alpha4.0.steps100.blocks-1.prefetch-budget-4.rank-reject_first.cut-entropy4.0.samples20.maxnew1024.seed10086.subtreePrefetch.vllm.log,414,1,3.537
/Users/jiangnanhugo/workspace/power-sharpening/Subtree-Prefetching-Power-Sharpening/case_studies/logs-entropycut/lcb_v6/2026-09-09/vllm/dataset-lcb_v6.model-qwen3.5-9b.alpha4.0.steps100.blocks-1.prefetch-budget-4.rank-reject_first.cut-entropy4.0.samples20.maxnew1024.seed10086.subtreePrefetch.vllm.log,415,4,8.085
/Users/jiangnanhugo/workspace/power-sharpening/Subtree-Prefetching-Power-Sharpening/case_studies/logs-entropycut/lcb_v6/2026-09-09/vllm/dataset-lcb_v6.model-qwen3.5-9b.alpha4.0.steps100.blocks-1.prefetch-budget-4.rank-reject_first.cut-entropy4.0.samples20.maxnew1024.seed10086.subtreePrefetch.vllm.log,416,2,4.519
/Users/jiangnanhugo/workspace/power-sharpening/Subtree-Prefetching-Power-Sharpening/case_studies/logs-entropycut/lcb_v6/2026-09-09/vllm/dataset-lcb_v6.model-qwen3.5-9b.alpha4.0.steps100.blocks-1.prefetch-budget-4.rank-reject_first.cut-entropy4.0.samples20.maxnew1024.seed10086.subtreePrefetch.vllm.log,417,2,4.492
/Users/jiangnanhugo/workspace/power-sharpening/Subtree-Prefetching-Power-Sharpening/case_studies/logs-entropycut/lcb_v6/2026-09-09/vllm/dataset-lcb_v6.model-qwen3.5-9b.alpha4.0.steps100.blocks-1.prefetch-budget-4.rank-reject_first.cut-entropy4.0.samples20.maxnew1024.seed10086.subtreePrefetch.vllm.log,418,1,5.625
/Users/jiangnanhugo/workspace/power-sharpening/Subtree-Prefetching-Power-Sharpening/case_studies/logs-entropycut/lcb_v6/2026-09-09/vllm/dataset-lcb_v6.model-qwen3.5-9b.alpha4.0.steps100.blocks-1.prefetch-budget-4.rank-reject_first.cut-entropy4.0.samples20.maxnew1024.seed10086.subtreePrefetch.vllm.log,419,1,9.099
/Users/jiangnanhugo/workspace/power-sharpening/Subtree-Prefetching-Power-Sharpening/case_studies/logs-entropycut/lcb_v6/2026-09-09/vllm/dataset-lcb_v6.model-qwen3.5-9b.alpha4.0.steps100.blocks-1.prefetch-budget-4.rank-reject_first.cut-entropy4.0.samples20.maxnew1024.seed10086.subtreePrefetch.vllm.log,420,4,8.832
/Users/jiangnanhugo/workspace/power-sharpening/Subtree-Prefetching-Power-Sharpening/case_studies/logs-entropycut/lcb_v6/2026-09-09/vllm/dataset-lcb_v6.model-qwen3.5-9b.alpha4.0.steps100.blocks-1.prefetch-budget-4.rank-reject_first.cut-entropy4.0.samples20.maxnew1024.seed10086.subtreePrefetch.vllm.log,421,3,8.77
/Users/jiangnanhugo/workspace/power-sharpening/Subtree-Prefetching-Power-Sharpening/case_studies/logs-entropycut/lcb_v6/2026-09-09/vllm/dataset-lcb_v6.model-qwen3.5-9b.alpha4.0.steps100.blocks-1.prefetch-budget-4.rank-reject_first.cut-entropy4.0.samples20.maxnew1024.seed10086.subtreePrefetch.vllm.log,422,4,8.893
/Users/jiangnanhugo/workspace/power-sharpening/Subtree-Prefetching-Power-Sharpening/case_studies/logs-entropycut/lcb_v6/2026-09-09/vllm/dataset-lcb_v6.model-qwen3.5-9b.alpha4.0.steps100.blocks-1.prefetch-budget-4.rank-reject_first.cut-entropy4.0.samples20.maxnew1024.seed10086.subtreePrefetch.vllm.log,423,4,9.135
/Users/jiangnanhugo/workspace/power-sharpening/Subtree-Prefetching-Power-Sharpening/case_studies/logs-entropycut/lcb_v6/2026-09-09/vllm/dataset-lcb_v6.model-qwen3.5-9b.alpha4.0.steps100.blocks-1.prefetch-budget-4.rank-reject_first.cut-entropy4.0.samples20.maxnew1024.seed10086.subtreePrefetch.vllm.log,424,4,9.105
/Users/jiangnanhugo/workspace/power-sharpening/Subtree-Prefetching-Power-Sharpening/case_studies/logs-entropycut/lcb_v6/2026-09-09/vllm/dataset-lcb_v6.model-qwen3.5-9b.alpha4.0.steps100.blocks-1.prefetch-budget-4.rank-reject_first.cut-entropy4.0.samples20.maxnew1024.seed10086.subtreePrefetch.vllm.log,425,4,9.062
/Users/jiangnanhugo/workspace/power-sharpening/Subtree-Prefetching-Power-Sharpening/case_studies/logs-entropycut/lcb_v6/2026-09-09/vllm/dataset-lcb_v6.model-qwen3.5-9b.alpha4.0.steps100.blocks-1.prefetch-budget-4.rank-reject_first.cut-entropy4.0.samples20.maxnew1024.seed10086.subtreePrefetch.vllm.log,426,2,9.002
/Users/jiangnanhugo/workspace/power-sharpening/Subtree-Prefetching-Power-Sharpening/case_studies/logs-entropycut/lcb_v6/2026-09-09/vllm/dataset-lcb_v6.model-qwen3.5-9b.alpha4.0.steps100.blocks-1.prefetch-budget-4.rank-reject_first.cut-entropy4.0.samples20.maxnew1024.seed10086.subtreePrefetch.vllm.log,427,4,7.008
/Users/jiangnanhugo/workspace/power-sharpening/Subtree-Prefetching-Power-Sharpening/case_studies/logs-entropycut/lcb_v6/2026-09-09/vllm/dataset-lcb_v6.model-qwen3.5-9b.alpha4.0.steps100.blocks-1.prefetch-budget-4.rank-reject_first.cut-entropy4.0.samples20.maxnew1024.seed10086.subtreePrefetch.vllm.log,428,4,9.163
/Users/jiangnanhugo/workspace/power-sharpening/Subtree-Prefetching-Power-Sharpening/case_studies/logs-entropycut/lcb_v6/2026-09-09/vllm/dataset-lcb_v6.model-qwen3.5-9b.alpha4.0.steps100.blocks-1.prefetch-budget-4.rank-reject_first.cut-entropy4.0.samples20.maxnew1024.seed10086.subtreePrefetch.vllm.log,429,4,8.921
/Users/jiangnanhugo/workspace/power-sharpening/Subtree-Prefetching-Power-Sharpening/case_studies/logs-entropycut/lcb_v6/2026-09-09/vllm/dataset-lcb_v6.model-qwen3.5-9b.alpha4.0.steps100.blocks-1.prefetch-budget-4.rank-reject_first.cut-entropy4.0.samples20.maxnew1024.seed10086.subtreePrefetch.vllm.log,430,4,8.816
/Users/jiangnanhugo/workspace/power-sharpening/Subtree-Prefetching-Power-Sharpening/case_studies/logs-entropycut/lcb_v6/2026-09-09/vllm/dataset-lcb_v6.model-qwen3.5-9b.alpha4.0.steps100.blocks-1.prefetch-budget-4.rank-reject_first.cut-entropy4.0.samples20.maxnew1024.seed10086.subtreePrefetch.vllm.log,431,4,8.904
/Users/jiangnanhugo/workspace/power-sharpening/Subtree-Prefetching-Power-Sharpening/case_studies/logs-entropycut/lcb_v6/2026-09-09/vllm/dataset-lcb_v6.model-qwen3.5-9b.alpha4.0.steps100.blocks-1.prefetch-budget-4.rank-reject_first.cut-entropy4.0.samples20.maxnew1024.seed10086.subtreePrefetch.vllm.log,432,4,7.362
/Users/jiangnanhugo/workspace/power-sharpening/Subtree-Prefetching-Power-Sharpening/case_studies/logs-entropycut/lcb_v6/2026-09-09/vllm/dataset-lcb_v6.model-qwen3.5-9b.alpha4.0.steps100.blocks-1.prefetch-budget-4.rank-reject_first.cut-entropy4.0.samples20.maxnew1024.seed10086.subtreePrefetch.vllm.log,433,4,8.81
/Users/jiangnanhugo/workspace/power-sharpening/Subtree-Prefetching-Power-Sharpening/case_studies/logs-entropycut/lcb_v6/2026-09-09/vllm/dataset-lcb_v6.model-qwen3.5-9b.alpha4.0.steps100.blocks-1.prefetch-budget-4.rank-reject_first.cut-entropy4.0.samples20.maxnew1024.seed10086.subtreePrefetch.vllm.log,434,4,8.971
/Users/jiangnanhugo/workspace/power-sharpening/Subtree-Prefetching-Power-Sharpening/case_studies/logs-entropycut/lcb_v6/2026-09-09/vllm/dataset-lcb_v6.model-qwen3.5-9b.alpha4.0.steps100.blocks-1.prefetch-budget-4.rank-reject_first.cut-entropy4.0.samples20.maxnew1024.seed10086.subtreePrefetch.vllm.log,435,4,9.22
/Users/jiangnanhugo/workspace/power-sharpening/Subtree-Prefetching-Power-Sharpening/case_studies/logs-entropycut/lcb_v6/2026-09-09/vllm/dataset-lcb_v6.model-qwen3.5-9b.alpha4.0.steps100.blocks-1.prefetch-budget-4.rank-reject_first.cut-entropy4.0.samples20.maxnew1024.seed10086.subtreePrefetch.vllm.log,436,4,9.148
/Users/jiangnanhugo/workspace/power-sharpening/Subtree-Prefetching-Power-Sharpening/case_studies/logs-entropycut/lcb_v6/2026-09-09/vllm/dataset-lcb_v6.model-qwen3.5-9b.alpha4.0.steps100.blocks-1.prefetch-budget-4.rank-reject_first.cut-entropy4.0.samples20.maxnew1024.seed10086.subtreePrefetch.vllm.log,437,4,8.889
/Users/jiangnanhugo/workspace/power-sharpening/Subtree-Prefetching-Power-Sharpening/case_studies/logs-entropycut/lcb_v6/2026-09-09/vllm/dataset-lcb_v6.model-qwen3.5-9b.alpha4.0.steps100.blocks-1.prefetch-budget-4.rank-reject_first.cut-entropy4.0.samples20.maxnew1024.seed10086.subtreePrefetch.vllm.log,438,4,9.18
/Users/jiangnanhugo/workspace/power-sharpening/Subtree-Prefetching-Power-Sharpening/case_studies/logs-entropycut/lcb_v6/2026-09-09/vllm/dataset-lcb_v6.model-qwen3.5-9b.alpha4.0.steps100.blocks-1.prefetch-budget-4.rank-reject_first.cut-entropy4.0.samples20.maxnew1024.seed10086.subtreePrefetch.vllm.log,439,1,7.559
/Users/jiangnanhugo/workspace/power-sharpening/Subtree-Prefetching-Power-Sharpening/case_studies/logs-entropycut/lcb_v6/2026-09-09/vllm/dataset-lcb_v6.model-qwen3.5-9b.alpha4.0.steps100.blocks-1.prefetch-budget-4.rank-reject_first.cut-entropy4.0.samples20.maxnew1024.seed10086.subtreePrefetch.vllm.log,440,4,6.096
/Users/jiangnanhugo/workspace/power-sharpening/Subtree-Prefetching-Power-Sharpening/case_studies/logs-entropycut/lcb_v6/2026-09-09/vllm/dataset-lcb_v6.model-qwen3.5-9b.alpha4.0.steps100.blocks-1.prefetch-budget-4.rank-reject_first.cut-entropy4.0.samples20.maxnew1024.seed10086.subtreePrefetch.vllm.log,441,4,8.785
/Users/jiangnanhugo/workspace/power-sharpening/Subtree-Prefetching-Power-Sharpening/case_studies/logs-entropycut/lcb_v6/2026-09-09/vllm/dataset-lcb_v6.model-qwen3.5-9b.alpha4.0.steps100.blocks-1.prefetch-budget-4.rank-reject_first.cut-entropy4.0.samples20.maxnew1024.seed10086.subtreePrefetch.vllm.log,442,4,7.548
/Users/jiangnanhugo/workspace/power-sharpening/Subtree-Prefetching-Power-Sharpening/case_studies/logs-entropycut/lcb_v6/2026-09-09/vllm/dataset-lcb_v6.model-qwen3.5-9b.alpha4.0.steps100.blocks-1.prefetch-budget-4.rank-reject_first.cut-entropy4.0.samples20.maxnew1024.seed10086.subtreePrefetch.vllm.log,443,4,8.848
/Users/jiangnanhugo/workspace/power-sharpening/Subtree-Prefetching-Power-Sharpening/case_studies/logs-entropycut/lcb_v6/2026-09-09/vllm/dataset-lcb_v6.model-qwen3.5-9b.alpha4.0.steps100.blocks-1.prefetch-budget-4.rank-reject_first.cut-entropy4.0.samples20.maxnew1024.seed10086.subtreePrefetch.vllm.log,444,3,8.883
/Users/jiangnanhugo/workspace/power-sharpening/Subtree-Prefetching-Power-Sharpening/case_studies/logs-entropycut/lcb_v6/2026-09-09/vllm/dataset-lcb_v6.model-qwen3.5-9b.alpha4.0.steps100.blocks-1.prefetch-budget-4.rank-reject_first.cut-entropy4.0.samples20.maxnew1024.seed10086.subtreePrefetch.vllm.log,445,2,7.54
/Users/jiangnanhugo/workspace/power-sharpening/Subtree-Prefetching-Power-Sharpening/case_studies/logs-entropycut/lcb_v6/2026-09-09/vllm/dataset-lcb_v6.model-qwen3.5-9b.alpha4.0.steps100.blocks-1.prefetch-budget-4.rank-reject_first.cut-entropy4.0.samples20.maxnew1024.seed10086.subtreePrefetch.vllm.log,446,4,8.983
/Users/jiangnanhugo/workspace/power-sharpening/Subtree-Prefetching-Power-Sharpening/case_studies/logs-entropycut/lcb_v6/2026-09-09/vllm/dataset-lcb_v6.model-qwen3.5-9b.alpha4.0.steps100.blocks-1.prefetch-budget-4.rank-reject_first.cut-entropy4.0.samples20.maxnew1024.seed10086.subtreePrefetch.vllm.log,447,1,8.679
/Users/jiangnanhugo/workspace/power-sharpening/Subtree-Prefetching-Power-Sharpening/case_studies/logs-entropycut/lcb_v6/2026-09-09/vllm/dataset-lcb_v6.model-qwen3.5-9b.alpha4.0.steps100.blocks-1.prefetch-budget-4.rank-reject_first.cut-entropy4.0.samples20.maxnew1024.seed10086.subtreePrefetch.vllm.log,448,1,8.275
/Users/jiangnanhugo/workspace/power-sharpening/Subtree-Prefetching-Power-Sharpening/case_studies/logs-entropycut/lcb_v6/2026-09-09/vllm/dataset-lcb_v6.model-qwen3.5-9b.alpha4.0.steps100.blocks-1.prefetch-budget-4.rank-reject_first.cut-entropy4.0.samples20.maxnew1024.seed10086.subtreePrefetch.vllm.log,449,4,8.073
/Users/jiangnanhugo/workspace/power-sharpening/Subtree-Prefetching-Power-Sharpening/case_studies/logs-entropycut/lcb_v6/2026-09-09/vllm/dataset-lcb_v6.model-qwen3.5-9b.alpha4.0.steps100.blocks-1.prefetch-budget-4.rank-reject_first.cut-entropy4.0.samples20.maxnew1024.seed10086.subtreePrefetch.vllm.log,450,1,3.872
/Users/jiangnanhugo/workspace/power-sharpening/Subtree-Prefetching-Power-Sharpening/case_studies/logs-entropycut/lcb_v6/2026-09-09/vllm/dataset-lcb_v6.model-qwen3.5-9b.alpha4.0.steps100.blocks-1.prefetch-budget-4.rank-reject_first.cut-entropy4.0.samples20.maxnew1024.seed10086.subtreePrefetch.vllm.log,451,4,8.116
/Users/jiangnanhugo/workspace/power-sharpening/Subtree-Prefetching-Power-Sharpening/case_studies/logs-entropycut/lcb_v6/2026-09-09/vllm/dataset-lcb_v6.model-qwen3.5-9b.alpha4.0.steps100.blocks-1.prefetch-budget-4.rank-reject_first.cut-entropy4.0.samples20.maxnew1024.seed10086.subtreePrefetch.vllm.log,452,3,7.655
/Users/jiangnanhugo/workspace/power-sharpening/Subtree-Prefetching-Power-Sharpening/case_studies/logs-entropycut/lcb_v6/2026-09-09/vllm/dataset-lcb_v6.model-qwen3.5-9b.alpha4.0.steps100.blocks-1.prefetch-budget-4.rank-reject_first.cut-entropy4.0.samples20.maxnew1024.seed10086.subtreePrefetch.vllm.log,453,1,8.582
/Users/jiangnanhugo/workspace/power-sharpening/Subtree-Prefetching-Power-Sharpening/case_studies/logs-entropycut/lcb_v6/2026-09-09/vllm/dataset-lcb_v6.model-qwen3.5-9b.alpha4.0.steps100.blocks-1.prefetch-budget-4.rank-reject_first.cut-entropy4.0.samples20.maxnew1024.seed10086.subtreePrefetch.vllm.log,454,2,6.525
/Users/jiangnanhugo/workspace/power-sharpening/Subtree-Prefetching-Power-Sharpening/case_studies/logs-entropycut/lcb_v6/2026-09-09/vllm/dataset-lcb_v6.model-qwen3.5-9b.alpha4.0.steps100.blocks-1.prefetch-budget-4.rank-reject_first.cut-entropy4.0.samples20.maxnew1024.seed10086.subtreePrefetch.vllm.log,455,4,8.631
/Users/jiangnanhugo/workspace/power-sharpening/Subtree-Prefetching-Power-Sharpening/case_studies/logs-entropycut/lcb_v6/2026-09-09/vllm/dataset-lcb_v6.model-qwen3.5-9b.alpha4.0.steps100.blocks-1.prefetch-budget-4.rank-reject_first.cut-entropy4.0.samples20.maxnew1024.seed10086.subtreePrefetch.vllm.log,456,4,8.601
/Users/jiangnanhugo/workspace/power-sharpening/Subtree-Prefetching-Power-Sharpening/case_studies/logs-entropycut/lcb_v6/2026-09-09/vllm/dataset-lcb_v6.model-qwen3.5-9b.alpha4.0.steps100.blocks-1.prefetch-budget-4.rank-reject_first.cut-entropy4.0.samples20.maxnew1024.seed10086.subtreePrefetch.vllm.log,457,2,6.72
/Users/jiangnanhugo/workspace/power-sharpening/Subtree-Prefetching-Power-Sharpening/case_studies/logs-entropycut/lcb_v6/2026-09-09/vllm/dataset-lcb_v6.model-qwen3.5-9b.alpha4.0.steps100.blocks-1.prefetch-budget-4.rank-reject_first.cut-entropy4.0.samples20.maxnew1024.seed10086.subtreePrefetch.vllm.log,458,4,5.122
/Users/jiangnanhugo/workspace/power-sharpening/Subtree-Prefetching-Power-Sharpening/case_studies/logs-entropycut/lcb_v6/2026-09-09/vllm/dataset-lcb_v6.model-qwen3.5-9b.alpha4.0.steps100.blocks-1.prefetch-budget-4.rank-reject_first.cut-entropy4.0.samples20.maxnew1024.seed10086.subtreePrefetch.vllm.log,459,1,9.178
/Users/jiangnanhugo/workspace/power-sharpening/Subtree-Prefetching-Power-Sharpening/case_studies/logs-entropycut/lcb_v6/2026-09-09/vllm/dataset-lcb_v6.model-qwen3.5-9b.alpha4.0.steps100.blocks-1.prefetch-budget-4.rank-reject_first.cut-entropy4.0.samples20.maxnew1024.seed10086.subtreePrefetch.vllm.log,460,1,9.249
/Users/jiangnanhugo/workspace/power-sharpening/Subtree-Prefetching-Power-Sharpening/case_studies/logs-entropycut/lcb_v6/2026-09-09/vllm/dataset-lcb_v6.model-qwen3.5-9b.alpha4.0.steps100.blocks-1.prefetch-budget-4.rank-reject_first.cut-entropy4.0.samples20.maxnew1024.seed10086.subtreePrefetch.vllm.log,461,1,8.85
/Users/jiangnanhugo/workspace/power-sharpening/Subtree-Prefetching-Power-Sharpening/case_studies/logs-entropycut/lcb_v6/2026-09-09/vllm/dataset-lcb_v6.model-qwen3.5-9b.alpha4.0.steps100.blocks-1.prefetch-budget-4.rank-reject_first.cut-entropy4.0.samples20.maxnew1024.seed10086.subtreePrefetch.vllm.log,462,1,9.223
/Users/jiangnanhugo/workspace/power-sharpening/Subtree-Prefetching-Power-Sharpening/case_studies/logs-entropycut/lcb_v6/2026-09-09/vllm/dataset-lcb_v6.model-qwen3.5-9b.alpha4.0.steps100.blocks-1.prefetch-budget-4.rank-reject_first.cut-entropy4.0.samples20.maxnew1024.seed10086.subtreePrefetch.vllm.log,463,1,8.838
/Users/jiangnanhugo/workspace/power-sharpening/Subtree-Prefetching-Power-Sharpening/case_studies/logs-entropycut/lcb_v6/2026-09-09/vllm/dataset-lcb_v6.model-qwen3.5-9b.alpha4.0.steps100.blocks-1.prefetch-budget-4.rank-reject_first.cut-entropy4.0.samples20.maxnew1024.seed10086.subtreePrefetch.vllm.log,464,1,9.162
/Users/jiangnanhugo/workspace/power-sharpening/Subtree-Prefetching-Power-Sharpening/case_studies/logs-entropycut/lcb_v6/2026-09-09/vllm/dataset-lcb_v6.model-qwen3.5-9b.alpha4.0.steps100.blocks-1.prefetch-budget-4.rank-reject_first.cut-entropy4.0.samples20.maxnew1024.seed10086.subtreePrefetch.vllm.log,465,4,9.111
/Users/jiangnanhugo/workspace/power-sharpening/Subtree-Prefetching-Power-Sharpening/case_studies/logs-entropycut/lcb_v6/2026-09-09/vllm/dataset-lcb_v6.model-qwen3.5-9b.alpha4.0.steps100.blocks-1.prefetch-budget-4.rank-reject_first.cut-entropy4.0.samples20.maxnew1024.seed10086.subtreePrefetch.vllm.log,466,4,8.718
/Users/jiangnanhugo/workspace/power-sharpening/Subtree-Prefetching-Power-Sharpening/case_studies/logs-entropycut/lcb_v6/2026-09-09/vllm/dataset-lcb_v6.model-qwen3.5-9b.alpha4.0.steps100.blocks-1.prefetch-budget-4.rank-reject_first.cut-entropy4.0.samples20.maxnew1024.seed10086.subtreePrefetch.vllm.log,467,4,9.335
/Users/jiangnanhugo/workspace/power-sharpening/Subtree-Prefetching-Power-Sharpening/case_studies/logs-entropycut/lcb_v6/2026-09-09/vllm/dataset-lcb_v6.model-qwen3.5-9b.alpha4.0.steps100.blocks-1.prefetch-budget-4.rank-reject_first.cut-entropy4.0.samples20.maxnew1024.seed10086.subtreePrefetch.vllm.log,468,4,7.457
/Users/jiangnanhugo/workspace/power-sharpening/Subtree-Prefetching-Power-Sharpening/case_studies/logs-entropycut/lcb_v6/2026-09-09/vllm/dataset-lcb_v6.model-qwen3.5-9b.alpha4.0.steps100.blocks-1.prefetch-budget-4.rank-reject_first.cut-entropy4.0.samples20.maxnew1024.seed10086.subtreePrefetch.vllm.log,469,4,9.353
/Users/jiangnanhugo/workspace/power-sharpening/Subtree-Prefetching-Power-Sharpening/case_studies/logs-entropycut/lcb_v6/2026-09-09/vllm/dataset-lcb_v6.model-qwen3.5-9b.alpha4.0.steps100.blocks-1.prefetch-budget-4.rank-reject_first.cut-entropy4.0.samples20.maxnew1024.seed10086.subtreePrefetch.vllm.log,470,2,9.029
/Users/jiangnanhugo/workspace/power-sharpening/Subtree-Prefetching-Power-Sharpening/case_studies/logs-entropycut/lcb_v6/2026-09-09/vllm/dataset-lcb_v6.model-qwen3.5-9b.alpha4.0.steps100.blocks-1.prefetch-budget-4.rank-reject_first.cut-entropy4.0.samples20.maxnew1024.seed10086.subtreePrefetch.vllm.log,471,3,3.702
/Users/jiangnanhugo/workspace/power-sharpening/Subtree-Prefetching-Power-Sharpening/case_studies/logs-entropycut/lcb_v6/2026-09-09/vllm/dataset-lcb_v6.model-qwen3.5-9b.alpha4.0.steps100.blocks-1.prefetch-budget-4.rank-reject_first.cut-entropy4.0.samples20.maxnew1024.seed10086.subtreePrefetch.vllm.log,472,3,8.278
/Users/jiangnanhugo/workspace/power-sharpening/Subtree-Prefetching-Power-Sharpening/case_studies/logs-entropycut/lcb_v6/2026-09-09/vllm/dataset-lcb_v6.model-qwen3.5-9b.alpha4.0.steps100.blocks-1.prefetch-budget-4.rank-reject_first.cut-entropy4.0.samples20.maxnew1024.seed10086.subtreePrefetch.vllm.log,473,3,7.559
/Users/jiangnanhugo/workspace/power-sharpening/Subtree-Prefetching-Power-Sharpening/case_studies/logs-entropycut/lcb_v6/2026-09-09/vllm/dataset-lcb_v6.model-qwen3.5-9b.alpha4.0.steps100.blocks-1.prefetch-budget-4.rank-reject_first.cut-entropy4.0.samples20.maxnew1024.seed10086.subtreePrefetch.vllm.log,474,4,9.304
/Users/jiangnanhugo/workspace/power-sharpening/Subtree-Prefetching-Power-Sharpening/case_studies/logs-entropycut/lcb_v6/2026-09-09/vllm/dataset-lcb_v6.model-qwen3.5-9b.alpha4.0.steps100.blocks-1.prefetch-budget-4.rank-reject_first.cut-entropy4.0.samples20.maxnew1024.seed10086.subtreePrefetch.vllm.log,475,4,9.295
/Users/jiangnanhugo/workspace/power-sharpening/Subtree-Prefetching-Power-Sharpening/case_studies/logs-entropycut/lcb_v6/2026-09-09/vllm/dataset-lcb_v6.model-qwen3.5-9b.alpha4.0.steps100.blocks-1.prefetch-budget-4.rank-reject_first.cut-entropy4.0.samples20.maxnew1024.seed10086.subtreePrefetch.vllm.log,476,4,9.119
/Users/jiangnanhugo/workspace/power-sharpening/Subtree-Prefetching-Power-Sharpening/case_studies/logs-entropycut/lcb_v6/2026-09-09/vllm/dataset-lcb_v6.model-qwen3.5-9b.alpha4.0.steps100.blocks-1.prefetch-budget-4.rank-reject_first.cut-entropy4.0.samples20.maxnew1024.seed10086.subtreePrefetch.vllm.log,477,4,9.315
/Users/jiangnanhugo/workspace/power-sharpening/Subtree-Prefetching-Power-Sharpening/case_studies/logs-entropycut/lcb_v6/2026-09-09/vllm/dataset-lcb_v6.model-qwen3.5-9b.alpha4.0.steps100.blocks-1.prefetch-budget-4.rank-reject_first.cut-entropy4.0.samples20.maxnew1024.seed10086.subtreePrefetch.vllm.log,478,2,9.048
/Users/jiangnanhugo/workspace/power-sharpening/Subtree-Prefetching-Power-Sharpening/case_studies/logs-entropycut/lcb_v6/2026-09-09/vllm/dataset-lcb_v6.model-qwen3.5-9b.alpha4.0.steps100.blocks-1.prefetch-budget-4.rank-reject_first.cut-entropy4.0.samples20.maxnew1024.seed10086.subtreePrefetch.vllm.log,479,4,9.13
/Users/jiangnanhugo/workspace/power-sharpening/Subtree-Prefetching-Power-Sharpening/case_studies/logs-entropycut/lcb_v6/2026-09-09/vllm/dataset-lcb_v6.model-qwen3.5-9b.alpha4.0.steps100.blocks-1.prefetch-budget-4.rank-reject_first.cut-entropy4.0.samples20.maxnew1024.seed10086.subtreePrefetch.vllm.log,480,1,9.076
/Users/jiangnanhugo/workspace/power-sharpening/Subtree-Prefetching-Power-Sharpening/case_studies/logs-entropycut/lcb_v6/2026-09-09/vllm/dataset-lcb_v6.model-qwen3.5-9b.alpha4.0.steps100.blocks-1.prefetch-budget-4.rank-reject_first.cut-entropy4.0.samples20.maxnew1024.seed10086.subtreePrefetch.vllm.log,481,4,9.287
/Users/jiangnanhugo/workspace/power-sharpening/Subtree-Prefetching-Power-Sharpening/case_studies/logs-entropycut/lcb_v6/2026-09-09/vllm/dataset-lcb_v6.model-qwen3.5-9b.alpha4.0.steps100.blocks-1.prefetch-budget-4.rank-reject_first.cut-entropy4.0.samples20.maxnew1024.seed10086.subtreePrefetch.vllm.log,482,4,9.037
/Users/jiangnanhugo/workspace/power-sharpening/Subtree-Prefetching-Power-Sharpening/case_studies/logs-entropycut/lcb_v6/2026-09-09/vllm/dataset-lcb_v6.model-qwen3.5-9b.alpha4.0.steps100.blocks-1.prefetch-budget-4.rank-reject_first.cut-entropy4.0.samples20.maxnew1024.seed10086.subtreePrefetch.vllm.log,483,1,6.389
/Users/jiangnanhugo/workspace/power-sharpening/Subtree-Prefetching-Power-Sharpening/case_studies/logs-entropycut/lcb_v6/2026-09-09/vllm/dataset-lcb_v6.model-qwen3.5-9b.alpha4.0.steps100.blocks-1.prefetch-budget-4.rank-reject_first.cut-entropy4.0.samples20.maxnew1024.seed10086.subtreePrefetch.vllm.log,484,2,9.077
/Users/jiangnanhugo/workspace/power-sharpening/Subtree-Prefetching-Power-Sharpening/case_studies/logs-entropycut/lcb_v6/2026-09-09/vllm/dataset-lcb_v6.model-qwen3.5-9b.alpha4.0.steps100.blocks-1.prefetch-budget-4.rank-reject_first.cut-entropy4.0.samples20.maxnew1024.seed10086.subtreePrefetch.vllm.log,485,4,9.198
/Users/jiangnanhugo/workspace/power-sharpening/Subtree-Prefetching-Power-Sharpening/case_studies/logs-entropycut/lcb_v6/2026-09-09/vllm/dataset-lcb_v6.model-qwen3.5-9b.alpha4.0.steps100.blocks-1.prefetch-budget-4.rank-reject_first.cut-entropy4.0.samples20.maxnew1024.seed10086.subtreePrefetch.vllm.log,486,4,9.165
/Users/jiangnanhugo/workspace/power-sharpening/Subtree-Prefetching-Power-Sharpening/case_studies/logs-entropycut/lcb_v6/2026-09-09/vllm/dataset-lcb_v6.model-qwen3.5-9b.alpha4.0.steps100.blocks-1.prefetch-budget-4.rank-reject_first.cut-entropy4.0.samples20.maxnew1024.seed10086.subtreePrefetch.vllm.log,487,4,6.99
/Users/jiangnanhugo/workspace/power-sharpening/Subtree-Prefetching-Power-Sharpening/case_studies/logs-entropycut/lcb_v6/2026-09-09/vllm/dataset-lcb_v6.model-qwen3.5-9b.alpha4.0.steps100.blocks-1.prefetch-budget-4.rank-reject_first.cut-entropy4.0.samples20.maxnew1024.seed10086.subtreePrefetch.vllm.log,488,4,8.852
/Users/jiangnanhugo/workspace/power-sharpening/Subtree-Prefetching-Power-Sharpening/case_studies/logs-entropycut/lcb_v6/2026-09-09/vllm/dataset-lcb_v6.model-qwen3.5-9b.alpha4.0.steps100.blocks-1.prefetch-budget-4.rank-reject_first.cut-entropy4.0.samples20.maxnew1024.seed10086.subtreePrefetch.vllm.log,489,1,5.314
/Users/jiangnanhugo/workspace/power-sharpening/Subtree-Prefetching-Power-Sharpening/case_studies/logs-entropycut/lcb_v6/2026-09-09/vllm/dataset-lcb_v6.model-qwen3.5-9b.alpha4.0.steps100.blocks-1.prefetch-budget-4.rank-reject_first.cut-entropy4.0.samples20.maxnew1024.seed10086.subtreePrefetch.vllm.log,490,4,5.537
/Users/jiangnanhugo/workspace/power-sharpening/Subtree-Prefetching-Power-Sharpening/case_studies/logs-entropycut/lcb_v6/2026-09-09/vllm/dataset-lcb_v6.model-qwen3.5-9b.alpha4.0.steps100.blocks-1.prefetch-budget-4.rank-reject_first.cut-entropy4.0.samples20.maxnew1024.seed10086.subtreePrefetch.vllm.log,491,4,9.302
/Users/jiangnanhugo/workspace/power-sharpening/Subtree-Prefetching-Power-Sharpening/case_studies/logs-entropycut/lcb_v6/2026-09-09/vllm/dataset-lcb_v6.model-qwen3.5-9b.alpha4.0.steps100.blocks-1.prefetch-budget-4.rank-reject_first.cut-entropy4.0.samples20.maxnew1024.seed10086.subtreePrefetch.vllm.log,492,1,8.451
/Users/jiangnanhugo/workspace/power-sharpening/Subtree-Prefetching-Power-Sharpening/case_studies/logs-entropycut/lcb_v6/2026-09-09/vllm/dataset-lcb_v6.model-qwen3.5-9b.alpha4.0.steps100.blocks-1.prefetch-budget-4.rank-reject_first.cut-entropy4.0.samples20.maxnew1024.seed10086.subtreePrefetch.vllm.log,493,1,9.286
/Users/jiangnanhugo/workspace/power-sharpening/Subtree-Prefetching-Power-Sharpening/case_studies/logs-entropycut/lcb_v6/2026-09-09/vllm/dataset-lcb_v6.model-qwen3.5-9b.alpha4.0.steps100.blocks-1.prefetch-budget-4.rank-reject_first.cut-entropy4.0.samples20.maxnew1024.seed10086.subtreePrefetch.vllm.log,494,1,9.255
/Users/jiangnanhugo/workspace/power-sharpening/Subtree-Prefetching-Power-Sharpening/case_studies/logs-entropycut/lcb_v6/2026-09-09/vllm/dataset-lcb_v6.model-qwen3.5-9b.alpha4.0.steps100.blocks-1.prefetch-budget-4.rank-reject_first.cut-entropy4.0.samples20.maxnew1024.seed10086.subtreePrefetch.vllm.log,495,4,9.367
/Users/jiangnanhugo/workspace/power-sharpening/Subtree-Prefetching-Power-Sharpening/case_studies/logs-entropycut/lcb_v6/2026-09-09/vllm/dataset-lcb_v6.model-qwen3.5-9b.alpha4.0.steps100.blocks-1.prefetch-budget-4.rank-reject_first.cut-entropy4.0.samples20.maxnew1024.seed10086.subtreePrefetch.vllm.log,496,1,9.17
/Users/jiangnanhugo/workspace/power-sharpening/Subtree-Prefetching-Power-Sharpening/case_studies/logs-entropycut/lcb_v6/2026-09-09/vllm/dataset-lcb_v6.model-qwen3.5-9b.alpha4.0.steps100.blocks-1.prefetch-budget-4.rank-reject_first.cut-entropy4.0.samples20.maxnew1024.seed10086.subtreePrefetch.vllm.log,497,4,9.323
/Users/jiangnanhugo/workspace/power-sharpening/Subtree-Prefetching-Power-Sharpening/case_studies/logs-entropycut/lcb_v6/2026-09-09/vllm/dataset-lcb_v6.model-qwen3.5-9b.alpha4.0.steps100.blocks-1.prefetch-budget-4.rank-reject_first.cut-entropy4.0.samples20.maxnew1024.seed10086.subtreePrefetch.vllm.log,498,4,9.302
/Users/jiangnanhugo/workspace/power-sharpening/Subtree-Prefetching-Power-Sharpening/case_studies/logs-entropycut/lcb_v6/2026-09-09/vllm/dataset-lcb_v6.model-qwen3.5-9b.alpha4.0.steps100.blocks-1.prefetch-budget-4.rank-reject_first.cut-entropy4.0.samples20.maxnew1024.seed10086.subtreePrefetch.vllm.log,499,4,9.285
/Users/jiangnanhugo/workspace/power-sharpening/Subtree-Prefetching-Power-Sharpening/case_studies/logs-entropycut/lcb_v6/2026-09-09/vllm/dataset-lcb_v6.model-qwen3.5-9b.alpha4.0.steps100.blocks-1.prefetch-budget-4.rank-reject_first.cut-entropy4.0.samples20.maxnew1024.seed10086.subtreePrefetch.vllm.log,500,4,9.279
/Users/jiangnanhugo/workspace/power-sharpening/Subtree-Prefetching-Power-Sharpening/case_studies/logs-entropycut/lcb_v6/2026-09-09/vllm/dataset-lcb_v6.model-qwen3.5-9b.alpha4.0.steps100.blocks-1.prefetch-budget-4.rank-reject_first.cut-entropy4.0.samples20.maxnew1024.seed10086.subtreePrefetch.vllm.log,501,4,9.268
/Users/jiangnanhugo/workspace/power-sharpening/Subtree-Prefetching-Power-Sharpening/case_studies/logs-entropycut/lcb_v6/2026-09-09/vllm/dataset-lcb_v6.model-qwen3.5-9b.alpha4.0.steps100.blocks-1.prefetch-budget-4.rank-reject_first.cut-entropy4.0.samples20.maxnew1024.seed10086.subtreePrefetch.vllm.log,502,4,9.319
/Users/jiangnanhugo/workspace/power-sharpening/Subtree-Prefetching-Power-Sharpening/case_studies/logs-entropycut/lcb_v6/2026-09-09/vllm/dataset-lcb_v6.model-qwen3.5-9b.alpha4.0.steps100.blocks-1.prefetch-budget-4.rank-reject_first.cut-entropy4.0.samples20.maxnew1024.seed10086.subtreePrefetch.vllm.log,503,1,6.735
/Users/jiangnanhugo/workspace/power-sharpening/Subtree-Prefetching-Power-Sharpening/case_studies/logs-entropycut/lcb_v6/2026-09-09/vllm/dataset-lcb_v6.model-qwen3.5-9b.alpha4.0.steps100.blocks-1.prefetch-budget-4.rank-reject_first.cut-entropy4.0.samples20.maxnew1024.seed10086.subtreePrefetch.vllm.log,504,4,9.299
/Users/jiangnanhugo/workspace/power-sharpening/Subtree-Prefetching-Power-Sharpening/case_studies/logs-entropycut/lcb_v6/2026-09-09/vllm/dataset-lcb_v6.model-qwen3.5-9b.alpha4.0.steps100.blocks-1.prefetch-budget-4.rank-reject_first.cut-entropy4.0.samples20.maxnew1024.seed10086.subtreePrefetch.vllm.log,505,4,9.266
/Users/jiangnanhugo/workspace/power-sharpening/Subtree-Prefetching-Power-Sharpening/case_studies/logs-entropycut/lcb_v6/2026-09-09/vllm/dataset-lcb_v6.model-qwen3.5-9b.alpha4.0.steps100.blocks-1.prefetch-budget-4.rank-reject_first.cut-entropy4.0.samples20.maxnew1024.seed10086.subtreePrefetch.vllm.log,506,1,9.063
/Users/jiangnanhugo/workspace/power-sharpening/Subtree-Prefetching-Power-Sharpening/case_studies/logs-entropycut/lcb_v6/2026-09-09/vllm/dataset-lcb_v6.model-qwen3.5-9b.alpha4.0.steps100.blocks-1.prefetch-budget-4.rank-reject_first.cut-entropy4.0.samples20.maxnew1024.seed10086.subtreePrefetch.vllm.log,507,4,9.348
/Users/jiangnanhugo/workspace/power-sharpening/Subtree-Prefetching-Power-Sharpening/case_studies/logs-entropycut/lcb_v6/2026-09-09/vllm/dataset-lcb_v6.model-qwen3.5-9b.alpha4.0.steps100.blocks-1.prefetch-budget-4.rank-reject_first.cut-entropy4.0.samples20.maxnew1024.seed10086.subtreePrefetch.vllm.log,508,4,9.303
/Users/jiangnanhugo/workspace/power-sharpening/Subtree-Prefetching-Power-Sharpening/case_studies/logs-entropycut/lcb_v6/2026-09-09/vllm/dataset-lcb_v6.model-qwen3.5-9b.alpha4.0.steps100.blocks-1.prefetch-budget-4.rank-reject_first.cut-entropy4.0.samples20.maxnew1024.seed10086.subtreePrefetch.vllm.log,509,4,9.32
/Users/jiangnanhugo/workspace/power-sharpening/Subtree-Prefetching-Power-Sharpening/case_studies/logs-entropycut/lcb_v6/2026-09-09/vllm/dataset-lcb_v6.model-qwen3.5-9b.alpha4.0.steps100.blocks-1.prefetch-budget-4.rank-reject_first.cut-entropy4.0.samples20.maxnew1024.seed10086.subtreePrefetch.vllm.log,510,4,9.312
/Users/jiangnanhugo/workspace/power-sharpening/Subtree-Prefetching-Power-Sharpening/case_studies/logs-entropycut/lcb_v6/2026-09-09/vllm/dataset-lcb_v6.model-qwen3.5-9b.alpha4.0.steps100.blocks-1.prefetch-budget-4.rank-reject_first.cut-entropy4.0.samples20.maxnew1024.seed10086.subtreePrefetch.vllm.log,511,3,9.336
/Users/jiangnanhugo/workspace/power-sharpening/Subtree-Prefetching-Power-Sharpening/case_studies/logs-entropycut/lcb_v6/2026-09-09/vllm/dataset-lcb_v6.model-qwen3.5-9b.alpha4.0.steps100.blocks-1.prefetch-budget-4.rank-reject_first.cut-entropy4.0.samples20.maxnew1024.seed10086.subtreePrefetch.vllm.log,512,4,9.441
/Users/jiangnanhugo/workspace/power-sharpening/Subtree-Prefetching-Power-Sharpening/case_studies/logs-entropycut/lcb_v6/2026-09-09/vllm/dataset-lcb_v6.model-qwen3.5-9b.alpha4.0.steps100.blocks-1.prefetch-budget-4.rank-reject_first.cut-entropy4.0.samples20.maxnew1024.seed10086.subtreePrefetch.vllm.log,513,4,9.363
/Users/jiangnanhugo/workspace/power-sharpening/Subtree-Prefetching-Power-Sharpening/case_studies/logs-entropycut/lcb_v6/2026-09-09/vllm/dataset-lcb_v6.model-qwen3.5-9b.alpha4.0.steps100.blocks-1.prefetch-budget-4.rank-reject_first.cut-entropy4.0.samples20.maxnew1024.seed10086.subtreePrefetch.vllm.log,514,4,9.278
/Users/jiangnanhugo/workspace/power-sharpening/Subtree-Prefetching-Power-Sharpening/case_studies/logs-entropycut/lcb_v6/2026-09-09/vllm/dataset-lcb_v6.model-qwen3.5-9b.alpha4.0.steps100.blocks-1.prefetch-budget-4.rank-reject_first.cut-entropy4.0.samples20.maxnew1024.seed10086.subtreePrefetch.vllm.log,515,1,8.462
/Users/jiangnanhugo/workspace/power-sharpening/Subtree-Prefetching-Power-Sharpening/case_studies/logs-entropycut/lcb_v6/2026-09-09/vllm/dataset-lcb_v6.model-qwen3.5-9b.alpha4.0.steps100.blocks-1.prefetch-budget-4.rank-reject_first.cut-entropy4.0.samples20.maxnew1024.seed10086.subtreePrefetch.vllm.log,516,1,5.0
/Users/jiangnanhugo/workspace/power-sharpening/Subtree-Prefetching-Power-Sharpening/case_studies/logs-entropycut/lcb_v6/2026-09-09/vllm/dataset-lcb_v6.model-qwen3.5-9b.alpha4.0.steps100.blocks-1.prefetch-budget-4.rank-reject_first.cut-entropy4.0.samples20.maxnew1024.seed10086.subtreePrefetch.vllm.log,517,1,7.08
/Users/jiangnanhugo/workspace/power-sharpening/Subtree-Prefetching-Power-Sharpening/case_studies/logs-entropycut/lcb_v6/2026-09-09/vllm/dataset-lcb_v6.model-qwen3.5-9b.alpha4.0.steps100.blocks-1.prefetch-budget-4.rank-reject_first.cut-entropy4.0.samples20.maxnew1024.seed10086.subtreePrefetch.vllm.log,518,4,6.653
/Users/jiangnanhugo/workspace/power-sharpening/Subtree-Prefetching-Power-Sharpening/case_studies/logs-entropycut/lcb_v6/2026-09-09/vllm/dataset-lcb_v6.model-qwen3.5-9b.alpha4.0.steps100.blocks-1.prefetch-budget-4.rank-reject_first.cut-entropy4.0.samples20.maxnew1024.seed10086.subtreePrefetch.vllm.log,519,4,5.421
/Users/jiangnanhugo/workspace/power-sharpening/Subtree-Prefetching-Power-Sharpening/case_studies/logs-entropycut/lcb_v6/2026-09-09/vllm/dataset-lcb_v6.model-qwen3.5-9b.alpha4.0.steps100.blocks-1.prefetch-budget-4.rank-reject_first.cut-entropy4.0.samples20.maxnew1024.seed10086.subtreePrefetch.vllm.log,520,4,6.74
/Users/jiangnanhugo/workspace/power-sharpening/Subtree-Prefetching-Power-Sharpening/case_studies/logs-entropycut/lcb_v6/2026-09-09/vllm/dataset-lcb_v6.model-qwen3.5-9b.alpha4.0.steps100.blocks-1.prefetch-budget-4.rank-reject_first.cut-entropy4.0.samples20.maxnew1024.seed10086.subtreePrefetch.vllm.log,521,3,6.487
/Users/jiangnanhugo/workspace/power-sharpening/Subtree-Prefetching-Power-Sharpening/case_studies/logs-entropycut/lcb_v6/2026-09-09/vllm/dataset-lcb_v6.model-qwen3.5-9b.alpha4.0.steps100.blocks-1.prefetch-budget-4.rank-reject_first.cut-entropy4.0.samples20.maxnew1024.seed10086.subtreePrefetch.vllm.log,522,4,8.571
/Users/jiangnanhugo/workspace/power-sharpening/Subtree-Prefetching-Power-Sharpening/case_studies/logs-entropycut/lcb_v6/2026-09-09/vllm/dataset-lcb_v6.model-qwen3.5-9b.alpha4.0.steps100.blocks-1.prefetch-budget-4.rank-reject_first.cut-entropy4.0.samples20.maxnew1024.seed10086.subtreePrefetch.vllm.log,523,1,6.816
/Users/jiangnanhugo/workspace/power-sharpening/Subtree-Prefetching-Power-Sharpening/case_studies/logs-entropycut/lcb_v6/2026-09-09/vllm/dataset-lcb_v6.model-qwen3.5-9b.alpha4.0.steps100.blocks-1.prefetch-budget-4.rank-reject_first.cut-entropy4.0.samples20.maxnew1024.seed10086.subtreePrefetch.vllm.log,524,1,3.155
/Users/jiangnanhugo/workspace/power-sharpening/Subtree-Prefetching-Power-Sharpening/case_studies/logs-entropycut/lcb_v6/2026-09-09/vllm/dataset-lcb_v6.model-qwen3.5-9b.alpha4.0.steps100.blocks-1.prefetch-budget-4.rank-reject_first.cut-entropy4.0.samples20.maxnew1024.seed10086.subtreePrefetch.vllm.log,525,2,6.494
/Users/jiangnanhugo/workspace/power-sharpening/Subtree-Prefetching-Power-Sharpening/case_studies/logs-entropycut/lcb_v6/2026-09-09/vllm/dataset-lcb_v6.model-qwen3.5-9b.alpha4.0.steps100.blocks-1.prefetch-budget-4.rank-reject_first.cut-entropy4.0.samples20.maxnew1024.seed10086.subtreePrefetch.vllm.log,526,4,7.714
/Users/jiangnanhugo/workspace/power-sharpening/Subtree-Prefetching-Power-Sharpening/case_studies/logs-entropycut/lcb_v6/2026-09-09/vllm/dataset-lcb_v6.model-qwen3.5-9b.alpha4.0.steps100.blocks-1.prefetch-budget-4.rank-reject_first.cut-entropy4.0.samples20.maxnew1024.seed10086.subtreePrefetch.vllm.log,527,4,5.055
/Users/jiangnanhugo/workspace/power-sharpening/Subtree-Prefetching-Power-Sharpening/case_studies/logs-entropycut/lcb_v6/2026-09-09/vllm/dataset-lcb_v6.model-qwen3.5-9b.alpha4.0.steps100.blocks-1.prefetch-budget-4.rank-reject_first.cut-entropy4.0.samples20.maxnew1024.seed10086.subtreePrefetch.vllm.log,528,1,6.598
/Users/jiangnanhugo/workspace/power-sharpening/Subtree-Prefetching-Power-Sharpening/case_studies/logs-entropycut/lcb_v6/2026-09-09/vllm/dataset-lcb_v6.model-qwen3.5-9b.alpha4.0.steps100.blocks-1.prefetch-budget-4.rank-reject_first.cut-entropy4.0.samples20.maxnew1024.seed10086.subtreePrefetch.vllm.log,529,4,6.935
/Users/jiangnanhugo/workspace/power-sharpening/Subtree-Prefetching-Power-Sharpening/case_studies/logs-entropycut/lcb_v6/2026-09-09/vllm/dataset-lcb_v6.model-qwen3.5-9b.alpha4.0.steps100.blocks-1.prefetch-budget-4.rank-reject_first.cut-entropy4.0.samples20.maxnew1024.seed10086.subtreePrefetch.vllm.log,530,4,8.476
/Users/jiangnanhugo/workspace/power-sharpening/Subtree-Prefetching-Power-Sharpening/case_studies/logs-entropycut/lcb_v6/2026-09-09/vllm/dataset-lcb_v6.model-qwen3.5-9b.alpha4.0.steps100.blocks-1.prefetch-budget-4.rank-reject_first.cut-entropy4.0.samples20.maxnew1024.seed10086.subtreePrefetch.vllm.log,531,4,7.716
/Users/jiangnanhugo/workspace/power-sharpening/Subtree-Prefetching-Power-Sharpening/case_studies/logs-entropycut/lcb_v6/2026-09-09/vllm/dataset-lcb_v6.model-qwen3.5-9b.alpha4.0.steps100.blocks-1.prefetch-budget-4.rank-reject_first.cut-entropy4.0.samples20.maxnew1024.seed10086.subtreePrefetch.vllm.log,532,4,6.451
/Users/jiangnanhugo/workspace/power-sharpening/Subtree-Prefetching-Power-Sharpening/case_studies/logs-entropycut/lcb_v6/2026-09-09/vllm/dataset-lcb_v6.model-qwen3.5-9b.alpha4.0.steps100.blocks-1.prefetch-budget-4.rank-reject_first.cut-entropy4.0.samples20.maxnew1024.seed10086.subtreePrefetch.vllm.log,533,4,8.399
/Users/jiangnanhugo/workspace/power-sharpening/Subtree-Prefetching-Power-Sharpening/case_studies/logs-entropycut/lcb_v6/2026-09-09/vllm/dataset-lcb_v6.model-qwen3.5-9b.alpha4.0.steps100.blocks-1.prefetch-budget-4.rank-reject_first.cut-entropy4.0.samples20.maxnew1024.seed10086.subtreePrefetch.vllm.log,534,4,5.612
/Users/jiangnanhugo/workspace/power-sharpening/Subtree-Prefetching-Power-Sharpening/case_studies/logs-entropycut/lcb_v6/2026-09-09/vllm/dataset-lcb_v6.model-qwen3.5-9b.alpha4.0.steps100.blocks-1.prefetch-budget-4.rank-reject_first.cut-entropy4.0.samples20.maxnew1024.seed10086.subtreePrefetch.vllm.log,535,4,7.662
/Users/jiangnanhugo/workspace/power-sharpening/Subtree-Prefetching-Power-Sharpening/case_studies/logs-entropycut/lcb_v6/2026-09-09/vllm/dataset-lcb_v6.model-qwen3.5-9b.alpha4.0.steps100.blocks-1.prefetch-budget-4.rank-reject_first.cut-entropy4.0.samples20.maxnew1024.seed10086.subtreePrefetch.vllm.log,536,1,7.707
/Users/jiangnanhugo/workspace/power-sharpening/Subtree-Prefetching-Power-Sharpening/case_studies/logs-entropycut/lcb_v6/2026-09-09/vllm/dataset-lcb_v6.model-qwen3.5-9b.alpha4.0.steps100.blocks-1.prefetch-budget-4.rank-reject_first.cut-entropy4.0.samples20.maxnew1024.seed10086.subtreePrefetch.vllm.log,537,1,4.828
/Users/jiangnanhugo/workspace/power-sharpening/Subtree-Prefetching-Power-Sharpening/case_studies/logs-entropycut/lcb_v6/2026-09-09/vllm/dataset-lcb_v6.model-qwen3.5-9b.alpha4.0.steps100.blocks-1.prefetch-budget-4.rank-reject_first.cut-entropy4.0.samples20.maxnew1024.seed10086.subtreePrefetch.vllm.log,538,3,6.501
/Users/jiangnanhugo/workspace/power-sharpening/Subtree-Prefetching-Power-Sharpening/case_studies/logs-entropycut/lcb_v6/2026-09-09/vllm/dataset-lcb_v6.model-qwen3.5-9b.alpha4.0.steps100.blocks-1.prefetch-budget-4.rank-reject_first.cut-entropy4.0.samples20.maxnew1024.seed10086.subtreePrefetch.vllm.log,539,3,5.428
/Users/jiangnanhugo/workspace/power-sharpening/Subtree-Prefetching-Power-Sharpening/case_studies/logs-entropycut/lcb_v6/2026-09-09/vllm/dataset-lcb_v6.model-qwen3.5-9b.alpha4.0.steps100.blocks-1.prefetch-budget-4.rank-reject_first.cut-entropy4.0.samples20.maxnew1024.seed10086.subtreePrefetch.vllm.log,540,4,7.737
/Users/jiangnanhugo/workspace/power-sharpening/Subtree-Prefetching-Power-Sharpening/case_studies/logs-entropycut/lcb_v6/2026-09-09/vllm/dataset-lcb_v6.model-qwen3.5-9b.alpha4.0.steps100.blocks-1.prefetch-budget-4.rank-reject_first.cut-entropy4.0.samples20.maxnew1024.seed10086.subtreePrefetch.vllm.log,541,4,7.839
/Users/jiangnanhugo/workspace/power-sharpening/Subtree-Prefetching-Power-Sharpening/case_studies/logs-entropycut/lcb_v6/2026-09-09/vllm/dataset-lcb_v6.model-qwen3.5-9b.alpha4.0.steps100.blocks-1.prefetch-budget-4.rank-reject_first.cut-entropy4.0.samples20.maxnew1024.seed10086.subtreePrefetch.vllm.log,542,4,6.535
/Users/jiangnanhugo/workspace/power-sharpening/Subtree-Prefetching-Power-Sharpening/case_studies/logs-entropycut/lcb_v6/2026-09-09/vllm/dataset-lcb_v6.model-qwen3.5-9b.alpha4.0.steps100.blocks-1.prefetch-budget-4.rank-reject_first.cut-entropy4.0.samples20.maxnew1024.seed10086.subtreePrefetch.vllm.log,543,1,2.402
/Users/jiangnanhugo/workspace/power-sharpening/Subtree-Prefetching-Power-Sharpening/case_studies/logs-entropycut/lcb_v6/2026-09-09/vllm/dataset-lcb_v6.model-qwen3.5-9b.alpha4.0.steps100.blocks-1.prefetch-budget-4.rank-reject_first.cut-entropy4.0.samples20.maxnew1024.seed10086.subtreePrefetch.vllm.log,544,4,6.529
/Users/jiangnanhugo/workspace/power-sharpening/Subtree-Prefetching-Power-Sharpening/case_studies/logs-entropycut/lcb_v6/2026-09-09/vllm/dataset-lcb_v6.model-qwen3.5-9b.alpha4.0.steps100.blocks-1.prefetch-budget-4.rank-reject_first.cut-entropy4.0.samples20.maxnew1024.seed10086.subtreePrefetch.vllm.log,545,3,6.867
/Users/jiangnanhugo/workspace/power-sharpening/Subtree-Prefetching-Power-Sharpening/case_studies/logs-entropycut/lcb_v6/2026-09-09/vllm/dataset-lcb_v6.model-qwen3.5-9b.alpha4.0.steps100.blocks-1.prefetch-budget-4.rank-reject_first.cut-entropy4.0.samples20.maxnew1024.seed10086.subtreePrefetch.vllm.log,546,4,5.696
/Users/jiangnanhugo/workspace/power-sharpening/Subtree-Prefetching-Power-Sharpening/case_studies/logs-entropycut/lcb_v6/2026-09-09/vllm/dataset-lcb_v6.model-qwen3.5-9b.alpha4.0.steps100.blocks-1.prefetch-budget-4.rank-reject_first.cut-entropy4.0.samples20.maxnew1024.seed10086.subtreePrefetch.vllm.log,547,4,5.062
/Users/jiangnanhugo/workspace/power-sharpening/Subtree-Prefetching-Power-Sharpening/case_studies/logs-entropycut/lcb_v6/2026-09-09/vllm/dataset-lcb_v6.model-qwen3.5-9b.alpha4.0.steps100.blocks-1.prefetch-budget-4.rank-reject_first.cut-entropy4.0.samples20.maxnew1024.seed10086.subtreePrefetch.vllm.log,548,1,8.299
/Users/jiangnanhugo/workspace/power-sharpening/Subtree-Prefetching-Power-Sharpening/case_studies/logs-entropycut/lcb_v6/2026-09-09/vllm/dataset-lcb_v6.model-qwen3.5-9b.alpha4.0.steps100.blocks-1.prefetch-budget-4.rank-reject_first.cut-entropy4.0.samples20.maxnew1024.seed10086.subtreePrefetch.vllm.log,549,1,9.022
/Users/jiangnanhugo/workspace/power-sharpening/Subtree-Prefetching-Power-Sharpening/case_studies/logs-entropycut/lcb_v6/2026-09-09/vllm/dataset-lcb_v6.model-qwen3.5-9b.alpha4.0.steps100.blocks-1.prefetch-budget-4.rank-reject_first.cut-entropy4.0.samples20.maxnew1024.seed10086.subtreePrefetch.vllm.log,550,1,8.961
/Users/jiangnanhugo/workspace/power-sharpening/Subtree-Prefetching-Power-Sharpening/case_studies/logs-entropycut/lcb_v6/2026-09-09/vllm/dataset-lcb_v6.model-qwen3.5-9b.alpha4.0.steps100.blocks-1.prefetch-budget-4.rank-reject_first.cut-entropy4.0.samples20.maxnew1024.seed10086.subtreePrefetch.vllm.log,551,1,8.652
/Users/jiangnanhugo/workspace/power-sharpening/Subtree-Prefetching-Power-Sharpening/case_studies/logs-entropycut/lcb_v6/2026-09-09/vllm/dataset-lcb_v6.model-qwen3.5-9b.alpha4.0.steps100.blocks-1.prefetch-budget-4.rank-reject_first.cut-entropy4.0.samples20.maxnew1024.seed10086.subtreePrefetch.vllm.log,552,1,8.981
/Users/jiangnanhugo/workspace/power-sharpening/Subtree-Prefetching-Power-Sharpening/case_studies/logs-entropycut/lcb_v6/2026-09-09/vllm/dataset-lcb_v6.model-qwen3.5-9b.alpha4.0.steps100.blocks-1.prefetch-budget-4.rank-reject_first.cut-entropy4.0.samples20.maxnew1024.seed10086.subtreePrefetch.vllm.log,553,2,9.124
/Users/jiangnanhugo/workspace/power-sharpening/Subtree-Prefetching-Power-Sharpening/case_studies/logs-entropycut/lcb_v6/2026-09-09/vllm/dataset-lcb_v6.model-qwen3.5-9b.alpha4.0.steps100.blocks-1.prefetch-budget-4.rank-reject_first.cut-entropy4.0.samples20.maxnew1024.seed10086.subtreePrefetch.vllm.log,554,1,8.183
/Users/jiangnanhugo/workspace/power-sharpening/Subtree-Prefetching-Power-Sharpening/case_studies/logs-entropycut/lcb_v6/2026-09-09/vllm/dataset-lcb_v6.model-qwen3.5-9b.alpha4.0.steps100.blocks-1.prefetch-budget-4.rank-reject_first.cut-entropy4.0.samples20.maxnew1024.seed10086.subtreePrefetch.vllm.log,555,4,8.988
/Users/jiangnanhugo/workspace/power-sharpening/Subtree-Prefetching-Power-Sharpening/case_studies/logs-entropycut/lcb_v6/2026-09-09/vllm/dataset-lcb_v6.model-qwen3.5-9b.alpha4.0.steps100.blocks-1.prefetch-budget-4.rank-reject_first.cut-entropy4.0.samples20.maxnew1024.seed10086.subtreePrefetch.vllm.log,556,4,8.171
/Users/jiangnanhugo/workspace/power-sharpening/Subtree-Prefetching-Power-Sharpening/case_studies/logs-entropycut/lcb_v6/2026-09-09/vllm/dataset-lcb_v6.model-qwen3.5-9b.alpha4.0.steps100.blocks-1.prefetch-budget-4.rank-reject_first.cut-entropy4.0.samples20.maxnew1024.seed10086.subtreePrefetch.vllm.log,557,4,8.634
/Users/jiangnanhugo/workspace/power-sharpening/Subtree-Prefetching-Power-Sharpening/case_studies/logs-entropycut/lcb_v6/2026-09-09/vllm/dataset-lcb_v6.model-qwen3.5-9b.alpha4.0.steps100.blocks-1.prefetch-budget-4.rank-reject_first.cut-entropy4.0.samples20.maxnew1024.seed10086.subtreePrefetch.vllm.log,558,4,8.956
/Users/jiangnanhugo/workspace/power-sharpening/Subtree-Prefetching-Power-Sharpening/case_studies/logs-entropycut/lcb_v6/2026-09-09/vllm/dataset-lcb_v6.model-qwen3.5-9b.alpha4.0.steps100.blocks-1.prefetch-budget-4.rank-reject_first.cut-entropy4.0.samples20.maxnew1024.seed10086.subtreePrefetch.vllm.log,559,4,8.583
/Users/jiangnanhugo/workspace/power-sharpening/Subtree-Prefetching-Power-Sharpening/case_studies/logs-entropycut/lcb_v6/2026-09-09/vllm/dataset-lcb_v6.model-qwen3.5-9b.alpha4.0.steps100.blocks-1.prefetch-budget-4.rank-reject_first.cut-entropy4.0.samples20.maxnew1024.seed10086.subtreePrefetch.vllm.log,560,1,8.661
/Users/jiangnanhugo/workspace/power-sharpening/Subtree-Prefetching-Power-Sharpening/case_studies/logs-entropycut/lcb_v6/2026-09-09/vllm/dataset-lcb_v6.model-qwen3.5-9b.alpha4.0.steps100.blocks-1.prefetch-budget-4.rank-reject_first.cut-entropy4.0.samples20.maxnew1024.seed10086.subtreePrefetch.vllm.log,561,4,8.447
/Users/jiangnanhugo/workspace/power-sharpening/Subtree-Prefetching-Power-Sharpening/case_studies/logs-entropycut/lcb_v6/2026-09-09/vllm/dataset-lcb_v6.model-qwen3.5-9b.alpha4.0.steps100.blocks-1.prefetch-budget-4.rank-reject_first.cut-entropy4.0.samples20.maxnew1024.seed10086.subtreePrefetch.vllm.log,562,4,8.133
/Users/jiangnanhugo/workspace/power-sharpening/Subtree-Prefetching-Power-Sharpening/case_studies/logs-entropycut/lcb_v6/2026-09-09/vllm/dataset-lcb_v6.model-qwen3.5-9b.alpha4.0.steps100.blocks-1.prefetch-budget-4.rank-reject_first.cut-entropy4.0.samples20.maxnew1024.seed10086.subtreePrefetch.vllm.log,563,3,8.247
/Users/jiangnanhugo/workspace/power-sharpening/Subtree-Prefetching-Power-Sharpening/case_studies/logs-entropycut/lcb_v6/2026-09-09/vllm/dataset-lcb_v6.model-qwen3.5-9b.alpha4.0.steps100.blocks-1.prefetch-budget-4.rank-reject_first.cut-entropy4.0.samples20.maxnew1024.seed10086.subtreePrefetch.vllm.log,564,4,8.163
/Users/jiangnanhugo/workspace/power-sharpening/Subtree-Prefetching-Power-Sharpening/case_studies/logs-entropycut/lcb_v6/2026-09-09/vllm/dataset-lcb_v6.model-qwen3.5-9b.alpha4.0.steps100.blocks-1.prefetch-budget-4.rank-reject_first.cut-entropy4.0.samples20.maxnew1024.seed10086.subtreePrefetch.vllm.log,565,4,8.55
/Users/jiangnanhugo/workspace/power-sharpening/Subtree-Prefetching-Power-Sharpening/case_studies/logs-entropycut/lcb_v6/2026-09-09/vllm/dataset-lcb_v6.model-qwen3.5-9b.alpha4.0.steps100.blocks-1.prefetch-budget-4.rank-reject_first.cut-entropy4.0.samples20.maxnew1024.seed10086.subtreePrefetch.vllm.log,566,1,9.118
/Users/jiangnanhugo/workspace/power-sharpening/Subtree-Prefetching-Power-Sharpening/case_studies/logs-entropycut/lcb_v6/2026-09-09/vllm/dataset-lcb_v6.model-qwen3.5-9b.alpha4.0.steps100.blocks-1.prefetch-budget-4.rank-reject_first.cut-entropy4.0.samples20.maxnew1024.seed10086.subtreePrefetch.vllm.log,567,4,9.017
/Users/jiangnanhugo/workspace/power-sharpening/Subtree-Prefetching-Power-Sharpening/case_studies/logs-entropycut/lcb_v6/2026-09-09/vllm/dataset-lcb_v6.model-qwen3.5-9b.alpha4.0.steps100.blocks-1.prefetch-budget-4.rank-reject_first.cut-entropy4.0.samples20.maxnew1024.seed10086.subtreePrefetch.vllm.log,568,4,7.478
/Users/jiangnanhugo/workspace/power-sharpening/Subtree-Prefetching-Power-Sharpening/case_studies/logs-entropycut/lcb_v6/2026-09-09/vllm/dataset-lcb_v6.model-qwen3.5-9b.alpha4.0.steps100.blocks-1.prefetch-budget-4.rank-reject_first.cut-entropy4.0.samples20.maxnew1024.seed10086.subtreePrefetch.vllm.log,569,3,8.209
/Users/jiangnanhugo/workspace/power-sharpening/Subtree-Prefetching-Power-Sharpening/case_studies/logs-entropycut/lcb_v6/2026-09-09/vllm/dataset-lcb_v6.model-qwen3.5-9b.alpha4.0.steps100.blocks-1.prefetch-budget-4.rank-reject_first.cut-entropy4.0.samples20.maxnew1024.seed10086.subtreePrefetch.vllm.log,570,4,8.733
/Users/jiangnanhugo/workspace/power-sharpening/Subtree-Prefetching-Power-Sharpening/case_studies/logs-entropycut/lcb_v6/2026-09-09/vllm/dataset-lcb_v6.model-qwen3.5-9b.alpha4.0.steps100.blocks-1.prefetch-budget-4.rank-reject_first.cut-entropy4.0.samples20.maxnew1024.seed10086.subtreePrefetch.vllm.log,571,4,8.219
/Users/jiangnanhugo/workspace/power-sharpening/Subtree-Prefetching-Power-Sharpening/case_studies/logs-entropycut/lcb_v6/2026-09-09/vllm/dataset-lcb_v6.model-qwen3.5-9b.alpha4.0.steps100.blocks-1.prefetch-budget-4.rank-reject_first.cut-entropy4.0.samples20.maxnew1024.seed10086.subtreePrefetch.vllm.log,572,4,8.214
/Users/jiangnanhugo/workspace/power-sharpening/Subtree-Prefetching-Power-Sharpening/case_studies/logs-entropycut/lcb_v6/2026-09-09/vllm/dataset-lcb_v6.model-qwen3.5-9b.alpha4.0.steps100.blocks-1.prefetch-budget-4.rank-reject_first.cut-entropy4.0.samples20.maxnew1024.seed10086.subtreePrefetch.vllm.log,573,4,9.056
/Users/jiangnanhugo/workspace/power-sharpening/Subtree-Prefetching-Power-Sharpening/case_studies/logs-entropycut/lcb_v6/2026-09-09/vllm/dataset-lcb_v6.model-qwen3.5-9b.alpha4.0.steps100.blocks-1.prefetch-budget-4.rank-reject_first.cut-entropy4.0.samples20.maxnew1024.seed10086.subtreePrefetch.vllm.log,574,3,8.601
/Users/jiangnanhugo/workspace/power-sharpening/Subtree-Prefetching-Power-Sharpening/case_studies/logs-entropycut/lcb_v6/2026-09-09/vllm/dataset-lcb_v6.model-qwen3.5-9b.alpha4.0.steps100.blocks-1.prefetch-budget-4.rank-reject_first.cut-entropy4.0.samples20.maxnew1024.seed10086.subtreePrefetch.vllm.log,575,1,9.06
/Users/jiangnanhugo/workspace/power-sharpening/Subtree-Prefetching-Power-Sharpening/case_studies/logs-entropycut/lcb_v6/2026-09-09/vllm/dataset-lcb_v6.model-qwen3.5-9b.alpha4.0.steps100.blocks-1.prefetch-budget-4.rank-reject_first.cut-entropy4.0.samples20.maxnew1024.seed10086.subtreePrefetch.vllm.log,576,4,8.254
/Users/jiangnanhugo/workspace/power-sharpening/Subtree-Prefetching-Power-Sharpening/case_studies/logs-entropycut/lcb_v6/2026-09-09/vllm/dataset-lcb_v6.model-qwen3.5-9b.alpha4.0.steps100.blocks-1.prefetch-budget-4.rank-reject_first.cut-entropy4.0.samples20.maxnew1024.seed10086.subtreePrefetch.vllm.log,577,4,8.754
/Users/jiangnanhugo/workspace/power-sharpening/Subtree-Prefetching-Power-Sharpening/case_studies/logs-entropycut/lcb_v6/2026-09-09/vllm/dataset-lcb_v6.model-qwen3.5-9b.alpha4.0.steps100.blocks-1.prefetch-budget-4.rank-reject_first.cut-entropy4.0.samples20.maxnew1024.seed10086.subtreePrefetch.vllm.log,578,4,9.041
/Users/jiangnanhugo/workspace/power-sharpening/Subtree-Prefetching-Power-Sharpening/case_studies/logs-entropycut/lcb_v6/2026-09-09/vllm/dataset-lcb_v6.model-qwen3.5-9b.alpha4.0.steps100.blocks-1.prefetch-budget-4.rank-reject_first.cut-entropy4.0.samples20.maxnew1024.seed10086.subtreePrefetch.vllm.log,579,4,8.268
/Users/jiangnanhugo/workspace/power-sharpening/Subtree-Prefetching-Power-Sharpening/case_studies/logs-entropycut/lcb_v6/2026-09-09/vllm/dataset-lcb_v6.model-qwen3.5-9b.alpha4.0.steps100.blocks-1.prefetch-budget-4.rank-reject_first.cut-entropy4.0.samples20.maxnew1024.seed10086.subtreePrefetch.vllm.log,580,4,8.234
/Users/jiangnanhugo/workspace/power-sharpening/Subtree-Prefetching-Power-Sharpening/case_studies/logs-entropycut/lcb_v6/2026-09-09/vllm/dataset-lcb_v6.model-qwen3.5-9b.alpha4.0.steps100.blocks-1.prefetch-budget-4.rank-reject_first.cut-entropy4.0.samples20.maxnew1024.seed10086.subtreePrefetch.vllm.log,581,1,7.699
/Users/jiangnanhugo/workspace/power-sharpening/Subtree-Prefetching-Power-Sharpening/case_studies/logs-entropycut/lcb_v6/2026-09-09/vllm/dataset-lcb_v6.model-qwen3.5-9b.alpha4.0.steps100.blocks-1.prefetch-budget-4.rank-reject_first.cut-entropy4.0.samples20.maxnew1024.seed10086.subtreePrefetch.vllm.log,582,1,8.982
/Users/jiangnanhugo/workspace/power-sharpening/Subtree-Prefetching-Power-Sharpening/case_studies/logs-entropycut/lcb_v6/2026-09-09/vllm/dataset-lcb_v6.model-qwen3.5-9b.alpha4.0.steps100.blocks-1.prefetch-budget-4.rank-reject_first.cut-entropy4.0.samples20.maxnew1024.seed10086.subtreePrefetch.vllm.log,583,1,7.149
/Users/jiangnanhugo/workspace/power-sharpening/Subtree-Prefetching-Power-Sharpening/case_studies/logs-entropycut/lcb_v6/2026-09-09/vllm/dataset-lcb_v6.model-qwen3.5-9b.alpha4.0.steps100.blocks-1.prefetch-budget-4.rank-reject_first.cut-entropy4.0.samples20.maxnew1024.seed10086.subtreePrefetch.vllm.log,584,1,7.476
/Users/jiangnanhugo/workspace/power-sharpening/Subtree-Prefetching-Power-Sharpening/case_studies/logs-entropycut/lcb_v6/2026-09-09/vllm/dataset-lcb_v6.model-qwen3.5-9b.alpha4.0.steps100.blocks-1.prefetch-budget-4.rank-reject_first.cut-entropy4.0.samples20.maxnew1024.seed10086.subtreePrefetch.vllm.log,585,3,7.781
/Users/jiangnanhugo/workspace/power-sharpening/Subtree-Prefetching-Power-Sharpening/case_studies/logs-entropycut/lcb_v6/2026-09-09/vllm/dataset-lcb_v6.model-qwen3.5-9b.alpha4.0.steps100.blocks-1.prefetch-budget-4.rank-reject_first.cut-entropy4.0.samples20.maxnew1024.seed10086.subtreePrefetch.vllm.log,586,1,7.655
/Users/jiangnanhugo/workspace/power-sharpening/Subtree-Prefetching-Power-Sharpening/case_studies/logs-entropycut/lcb_v6/2026-09-09/vllm/dataset-lcb_v6.model-qwen3.5-9b.alpha4.0.steps100.blocks-1.prefetch-budget-4.rank-reject_first.cut-entropy4.0.samples20.maxnew1024.seed10086.subtreePrefetch.vllm.log,587,3,8.337
/Users/jiangnanhugo/workspace/power-sharpening/Subtree-Prefetching-Power-Sharpening/case_studies/logs-entropycut/lcb_v6/2026-09-09/vllm/dataset-lcb_v6.model-qwen3.5-9b.alpha4.0.steps100.blocks-1.prefetch-budget-4.rank-reject_first.cut-entropy4.0.samples20.maxnew1024.seed10086.subtreePrefetch.vllm.log,588,4,7.798
/Users/jiangnanhugo/workspace/power-sharpening/Subtree-Prefetching-Power-Sharpening/case_studies/logs-entropycut/lcb_v6/2026-09-09/vllm/dataset-lcb_v6.model-qwen3.5-9b.alpha4.0.steps100.blocks-1.prefetch-budget-4.rank-reject_first.cut-entropy4.0.samples20.maxnew1024.seed10086.subtreePrefetch.vllm.log,589,4,7.597
/Users/jiangnanhugo/workspace/power-sharpening/Subtree-Prefetching-Power-Sharpening/case_studies/logs-entropycut/lcb_v6/2026-09-09/vllm/dataset-lcb_v6.model-qwen3.5-9b.alpha4.0.steps100.blocks-1.prefetch-budget-4.rank-reject_first.cut-entropy4.0.samples20.maxnew1024.seed10086.subtreePrefetch.vllm.log,590,4,8.318
/Users/jiangnanhugo/workspace/power-sharpening/Subtree-Prefetching-Power-Sharpening/case_studies/logs-entropycut/lcb_v6/2026-09-09/vllm/dataset-lcb_v6.model-qwen3.5-9b.alpha4.0.steps100.blocks-1.prefetch-budget-4.rank-reject_first.cut-entropy4.0.samples20.maxnew1024.seed10086.subtreePrefetch.vllm.log,591,4,6.851
/Users/jiangnanhugo/workspace/power-sharpening/Subtree-Prefetching-Power-Sharpening/case_studies/logs-entropycut/lcb_v6/2026-09-09/vllm/dataset-lcb_v6.model-qwen3.5-9b.alpha4.0.steps100.blocks-1.prefetch-budget-4.rank-reject_first.cut-entropy4.0.samples20.maxnew1024.seed10086.subtreePrefetch.vllm.log,592,1,9.059
/Users/jiangnanhugo/workspace/power-sharpening/Subtree-Prefetching-Power-Sharpening/case_studies/logs-entropycut/lcb_v6/2026-09-09/vllm/dataset-lcb_v6.model-qwen3.5-9b.alpha4.0.steps100.blocks-1.prefetch-budget-4.rank-reject_first.cut-entropy4.0.samples20.maxnew1024.seed10086.subtreePrefetch.vllm.log,593,4,7.805
/Users/jiangnanhugo/workspace/power-sharpening/Subtree-Prefetching-Power-Sharpening/case_studies/logs-entropycut/lcb_v6/2026-09-09/vllm/dataset-lcb_v6.model-qwen3.5-9b.alpha4.0.steps100.blocks-1.prefetch-budget-4.rank-reject_first.cut-entropy4.0.samples20.maxnew1024.seed10086.subtreePrefetch.vllm.log,594,2,8.265
/Users/jiangnanhugo/workspace/power-sharpening/Subtree-Prefetching-Power-Sharpening/case_studies/logs-entropycut/lcb_v6/2026-09-09/vllm/dataset-lcb_v6.model-qwen3.5-9b.alpha4.0.steps100.blocks-1.prefetch-budget-4.rank-reject_first.cut-entropy4.0.samples20.maxnew1024.seed10086.subtreePrefetch.vllm.log,595,4,9.247
/Users/jiangnanhugo/workspace/power-sharpening/Subtree-Prefetching-Power-Sharpening/case_studies/logs-entropycut/lcb_v6/2026-09-09/vllm/dataset-lcb_v6.model-qwen3.5-9b.alpha4.0.steps100.blocks-1.prefetch-budget-4.rank-reject_first.cut-entropy4.0.samples20.maxnew1024.seed10086.subtreePrefetch.vllm.log,596,3,7.835
/Users/jiangnanhugo/workspace/power-sharpening/Subtree-Prefetching-Power-Sharpening/case_studies/logs-entropycut/lcb_v6/2026-09-09/vllm/dataset-lcb_v6.model-qwen3.5-9b.alpha4.0.steps100.blocks-1.prefetch-budget-4.rank-reject_first.cut-entropy4.0.samples20.maxnew1024.seed10086.subtreePrefetch.vllm.log,597,1,9.024
/Users/jiangnanhugo/workspace/power-sharpening/Subtree-Prefetching-Power-Sharpening/case_studies/logs-entropycut/lcb_v6/2026-09-09/vllm/dataset-lcb_v6.model-qwen3.5-9b.alpha4.0.steps100.blocks-1.prefetch-budget-4.rank-reject_first.cut-entropy4.0.samples20.maxnew1024.seed10086.subtreePrefetch.vllm.log,598,1,7.589
/Users/jiangnanhugo/workspace/power-sharpening/Subtree-Prefetching-Power-Sharpening/case_studies/logs-entropycut/lcb_v6/2026-09-09/vllm/dataset-lcb_v6.model-qwen3.5-9b.alpha4.0.steps100.blocks-1.prefetch-budget-4.rank-reject_first.cut-entropy4.0.samples20.maxnew1024.seed10086.subtreePrefetch.vllm.log,599,1,7.844
/Users/jiangnanhugo/workspace/power-sharpening/Subtree-Prefetching-Power-Sharpening/case_studies/logs-entropycut/lcb_v6/2026-09-09/vllm/dataset-lcb_v6.model-qwen3.5-9b.alpha4.0.steps100.blocks-1.prefetch-budget-4.rank-reject_first.cut-entropy4.0.samples20.maxnew1024.seed10086.subtreePrefetch.vllm.log,600,1,7.641
/Users/jiangnanhugo/workspace/power-sharpening/Subtree-Prefetching-Power-Sharpening/case_studies/logs-entropycut/lcb_v6/2026-09-09/vllm/dataset-lcb_v6.model-qwen3.5-9b.alpha4.0.steps100.blocks-1.prefetch-budget-4.rank-reject_first.cut-entropy4.0.samples20.maxnew1024.seed10086.subtreePrefetch.vllm.log,601,1,9.135
/Users/jiangnanhugo/workspace/power-sharpening/Subtree-Prefetching-Power-Sharpening/case_studies/logs-entropycut/lcb_v6/2026-09-09/vllm/dataset-lcb_v6.model-qwen3.5-9b.alpha4.0.steps100.blocks-1.prefetch-budget-4.rank-reject_first.cut-entropy4.0.samples20.maxnew1024.seed10086.subtreePrefetch.vllm.log,602,1,7.785
/Users/jiangnanhugo/workspace/power-sharpening/Subtree-Prefetching-Power-Sharpening/case_studies/logs-entropycut/lcb_v6/2026-09-09/vllm/dataset-lcb_v6.model-qwen3.5-9b.alpha4.0.steps100.blocks-1.prefetch-budget-4.rank-reject_first.cut-entropy4.0.samples20.maxnew1024.seed10086.subtreePrefetch.vllm.log,603,2,9.27
/Users/jiangnanhugo/workspace/power-sharpening/Subtree-Prefetching-Power-Sharpening/case_studies/logs-entropycut/lcb_v6/2026-09-09/vllm/dataset-lcb_v6.model-qwen3.5-9b.alpha4.0.steps100.blocks-1.prefetch-budget-4.rank-reject_first.cut-entropy4.0.samples20.maxnew1024.seed10086.subtreePrefetch.vllm.log,604,2,9.086
/Users/jiangnanhugo/workspace/power-sharpening/Subtree-Prefetching-Power-Sharpening/case_studies/logs-entropycut/lcb_v6/2026-09-09/vllm/dataset-lcb_v6.model-qwen3.5-9b.alpha4.0.steps100.blocks-1.prefetch-budget-4.rank-reject_first.cut-entropy4.0.samples20.maxnew1024.seed10086.subtreePrefetch.vllm.log,605,1,9.236
/Users/jiangnanhugo/workspace/power-sharpening/Subtree-Prefetching-Power-Sharpening/case_studies/logs-entropycut/lcb_v6/2026-09-09/vllm/dataset-lcb_v6.model-qwen3.5-9b.alpha4.0.steps100.blocks-1.prefetch-budget-4.rank-reject_first.cut-entropy4.0.samples20.maxnew1024.seed10086.subtreePrefetch.vllm.log,606,2,9.271
/Users/jiangnanhugo/workspace/power-sharpening/Subtree-Prefetching-Power-Sharpening/case_studies/logs-entropycut/lcb_v6/2026-09-09/vllm/dataset-lcb_v6.model-qwen3.5-9b.alpha4.0.steps100.blocks-1.prefetch-budget-4.rank-reject_first.cut-entropy4.0.samples20.maxnew1024.seed10086.subtreePrefetch.vllm.log,607,2,9.134
/Users/jiangnanhugo/workspace/power-sharpening/Subtree-Prefetching-Power-Sharpening/case_studies/logs-entropycut/lcb_v6/2026-09-09/vllm/dataset-lcb_v6.model-qwen3.5-9b.alpha4.0.steps100.blocks-1.prefetch-budget-4.rank-reject_first.cut-entropy4.0.samples20.maxnew1024.seed10086.subtreePrefetch.vllm.log,608,3,7.957
/Users/jiangnanhugo/workspace/power-sharpening/Subtree-Prefetching-Power-Sharpening/case_studies/logs-entropycut/lcb_v6/2026-09-09/vllm/dataset-lcb_v6.model-qwen3.5-9b.alpha4.0.steps100.blocks-1.prefetch-budget-4.rank-reject_first.cut-entropy4.0.samples20.maxnew1024.seed10086.subtreePrefetch.vllm.log,609,1,7.482
/Users/jiangnanhugo/workspace/power-sharpening/Subtree-Prefetching-Power-Sharpening/case_studies/logs-entropycut/lcb_v6/2026-09-09/vllm/dataset-lcb_v6.model-qwen3.5-9b.alpha4.0.steps100.blocks-1.prefetch-budget-4.rank-reject_first.cut-entropy4.0.samples20.maxnew1024.seed10086.subtreePrefetch.vllm.log,610,2,9.145
/Users/jiangnanhugo/workspace/power-sharpening/Subtree-Prefetching-Power-Sharpening/case_studies/logs-entropycut/lcb_v6/2026-09-09/vllm/dataset-lcb_v6.model-qwen3.5-9b.alpha4.0.steps100.blocks-1.prefetch-budget-4.rank-reject_first.cut-entropy4.0.samples20.maxnew1024.seed10086.subtreePrefetch.vllm.log,611,4,7.824
/Users/jiangnanhugo/workspace/power-sharpening/Subtree-Prefetching-Power-Sharpening/case_studies/logs-entropycut/lcb_v6/2026-09-09/vllm/dataset-lcb_v6.model-qwen3.5-9b.alpha4.0.steps100.blocks-1.prefetch-budget-4.rank-reject_first.cut-entropy4.0.samples20.maxnew1024.seed10086.subtreePrefetch.vllm.log,612,1,7.607
/Users/jiangnanhugo/workspace/power-sharpening/Subtree-Prefetching-Power-Sharpening/case_studies/logs-entropycut/lcb_v6/2026-09-09/vllm/dataset-lcb_v6.model-qwen3.5-9b.alpha4.0.steps100.blocks-1.prefetch-budget-4.rank-reject_first.cut-entropy4.0.samples20.maxnew1024.seed10086.subtreePrefetch.vllm.log,613,2,9.243
/Users/jiangnanhugo/workspace/power-sharpening/Subtree-Prefetching-Power-Sharpening/case_studies/logs-entropycut/lcb_v6/2026-09-09/vllm/dataset-lcb_v6.model-qwen3.5-9b.alpha4.0.steps100.blocks-1.prefetch-budget-4.rank-reject_first.cut-entropy4.0.samples20.maxnew1024.seed10086.subtreePrefetch.vllm.log,614,2,9.284
/Users/jiangnanhugo/workspace/power-sharpening/Subtree-Prefetching-Power-Sharpening/case_studies/logs-entropycut/lcb_v6/2026-09-09/vllm/dataset-lcb_v6.model-qwen3.5-9b.alpha4.0.steps100.blocks-1.prefetch-budget-4.rank-reject_first.cut-entropy4.0.samples20.maxnew1024.seed10086.subtreePrefetch.vllm.log,615,4,9.104
/Users/jiangnanhugo/workspace/power-sharpening/Subtree-Prefetching-Power-Sharpening/case_studies/logs-entropycut/lcb_v6/2026-09-09/vllm/dataset-lcb_v6.model-qwen3.5-9b.alpha4.0.steps100.blocks-1.prefetch-budget-4.rank-reject_first.cut-entropy4.0.samples20.maxnew1024.seed10086.subtreePrefetch.vllm.log,616,4,9.309
/Users/jiangnanhugo/workspace/power-sharpening/Subtree-Prefetching-Power-Sharpening/case_studies/logs-entropycut/lcb_v6/2026-09-09/vllm/dataset-lcb_v6.model-qwen3.5-9b.alpha4.0.steps100.blocks-1.prefetch-budget-4.rank-reject_first.cut-entropy4.0.samples20.maxnew1024.seed10086.subtreePrefetch.vllm.log,617,1,8.218
/Users/jiangnanhugo/workspace/power-sharpening/Subtree-Prefetching-Power-Sharpening/case_studies/logs-entropycut/lcb_v6/2026-09-09/vllm/dataset-lcb_v6.model-qwen3.5-9b.alpha4.0.steps100.blocks-1.prefetch-budget-4.rank-reject_first.cut-entropy4.0.samples20.maxnew1024.seed10086.subtreePrefetch.vllm.log,618,1,8.004
/Users/jiangnanhugo/workspace/power-sharpening/Subtree-Prefetching-Power-Sharpening/case_studies/logs-entropycut/lcb_v6/2026-09-09/vllm/dataset-lcb_v6.model-qwen3.5-9b.alpha4.0.steps100.blocks-1.prefetch-budget-4.rank-reject_first.cut-entropy4.0.samples20.maxnew1024.seed10086.subtreePrefetch.vllm.log,619,1,7.564
/Users/jiangnanhugo/workspace/power-sharpening/Subtree-Prefetching-Power-Sharpening/case_studies/logs-entropycut/lcb_v6/2026-09-09/vllm/dataset-lcb_v6.model-qwen3.5-9b.alpha4.0.steps100.blocks-1.prefetch-budget-4.rank-reject_first.cut-entropy4.0.samples20.maxnew1024.seed10086.subtreePrefetch.vllm.log,620,3,8.537
/Users/jiangnanhugo/workspace/power-sharpening/Subtree-Prefetching-Power-Sharpening/case_studies/logs-entropycut/lcb_v6/2026-09-09/vllm/dataset-lcb_v6.model-qwen3.5-9b.alpha4.0.steps100.blocks-1.prefetch-budget-4.rank-reject_first.cut-entropy4.0.samples20.maxnew1024.seed10086.subtreePrefetch.vllm.log,621,1,7.635
/Users/jiangnanhugo/workspace/power-sharpening/Subtree-Prefetching-Power-Sharpening/case_studies/logs-entropycut/lcb_v6/2026-09-09/vllm/dataset-lcb_v6.model-qwen3.5-9b.alpha4.0.steps100.blocks-1.prefetch-budget-4.rank-reject_first.cut-entropy4.0.samples20.maxnew1024.seed10086.subtreePrefetch.vllm.log,622,2,9.122
/Users/jiangnanhugo/workspace/power-sharpening/Subtree-Prefetching-Power-Sharpening/case_studies/logs-entropycut/lcb_v6/2026-09-09/vllm/dataset-lcb_v6.model-qwen3.5-9b.alpha4.0.steps100.blocks-1.prefetch-budget-4.rank-reject_first.cut-entropy4.0.samples20.maxnew1024.seed10086.subtreePrefetch.vllm.log,623,1,8.347
/Users/jiangnanhugo/workspace/power-sharpening/Subtree-Prefetching-Power-Sharpening/case_studies/logs-entropycut/lcb_v6/2026-09-09/vllm/dataset-lcb_v6.model-qwen3.5-9b.alpha4.0.steps100.blocks-1.prefetch-budget-4.rank-reject_first.cut-entropy4.0.samples20.maxnew1024.seed10086.subtreePrefetch.vllm.log,624,1,7.531
/Users/jiangnanhugo/workspace/power-sharpening/Subtree-Prefetching-Power-Sharpening/case_studies/logs-entropycut/lcb_v6/2026-09-09/vllm/dataset-lcb_v6.model-qwen3.5-9b.alpha4.0.steps100.blocks-1.prefetch-budget-4.rank-reject_first.cut-entropy4.0.samples20.maxnew1024.seed10086.subtreePrefetch.vllm.log,625,1,9.038
/Users/jiangnanhugo/workspace/power-sharpening/Subtree-Prefetching-Power-Sharpening/case_studies/logs-entropycut/lcb_v6/2026-09-09/vllm/dataset-lcb_v6.model-qwen3.5-9b.alpha4.0.steps100.blocks-1.prefetch-budget-4.rank-reject_first.cut-entropy4.0.samples20.maxnew1024.seed10086.subtreePrefetch.vllm.log,626,1,7.423
/Users/jiangnanhugo/workspace/power-sharpening/Subtree-Prefetching-Power-Sharpening/case_studies/logs-entropycut/lcb_v6/2026-09-09/vllm/dataset-lcb_v6.model-qwen3.5-9b.alpha4.0.steps100.blocks-1.prefetch-budget-4.rank-reject_first.cut-entropy4.0.samples20.maxnew1024.seed10086.subtreePrefetch.vllm.log,627,1,7.895
/Users/jiangnanhugo/workspace/power-sharpening/Subtree-Prefetching-Power-Sharpening/case_studies/logs-entropycut/lcb_v6/2026-09-09/vllm/dataset-lcb_v6.model-qwen3.5-9b.alpha4.0.steps100.blocks-1.prefetch-budget-4.rank-reject_first.cut-entropy4.0.samples20.maxnew1024.seed10086.subtreePrefetch.vllm.log,628,3,7.732
/Users/jiangnanhugo/workspace/power-sharpening/Subtree-Prefetching-Power-Sharpening/case_studies/logs-entropycut/lcb_v6/2026-09-09/vllm/dataset-lcb_v6.model-qwen3.5-9b.alpha4.0.steps100.blocks-1.prefetch-budget-4.rank-reject_first.cut-entropy4.0.samples20.maxnew1024.seed10086.subtreePrefetch.vllm.log,629,3,8.39
/Users/jiangnanhugo/workspace/power-sharpening/Subtree-Prefetching-Power-Sharpening/case_studies/logs-entropycut/lcb_v6/2026-09-09/vllm/dataset-lcb_v6.model-qwen3.5-9b.alpha4.0.steps100.blocks-1.prefetch-budget-4.rank-reject_first.cut-entropy4.0.samples20.maxnew1024.seed10086.subtreePrefetch.vllm.log,630,2,9.107
/Users/jiangnanhugo/workspace/power-sharpening/Subtree-Prefetching-Power-Sharpening/case_studies/logs-entropycut/lcb_v6/2026-09-09/vllm/dataset-lcb_v6.model-qwen3.5-9b.alpha4.0.steps100.blocks-1.prefetch-budget-4.rank-reject_first.cut-entropy4.0.samples20.maxnew1024.seed10086.subtreePrefetch.vllm.log,631,1,8.441
/Users/jiangnanhugo/workspace/power-sharpening/Subtree-Prefetching-Power-Sharpening/case_studies/logs-entropycut/lcb_v6/2026-09-09/vllm/dataset-lcb_v6.model-qwen3.5-9b.alpha4.0.steps100.blocks-1.prefetch-budget-4.rank-reject_first.cut-entropy4.0.samples20.maxnew1024.seed10086.subtreePrefetch.vllm.log,632,4,8.579
/Users/jiangnanhugo/workspace/power-sharpening/Subtree-Prefetching-Power-Sharpening/case_studies/logs-entropycut/lcb_v6/2026-09-09/vllm/dataset-lcb_v6.model-qwen3.5-9b.alpha4.0.steps100.blocks-1.prefetch-budget-4.rank-reject_first.cut-entropy4.0.samples20.maxnew1024.seed10086.subtreePrefetch.vllm.log,633,4,8.565
/Users/jiangnanhugo/workspace/power-sharpening/Subtree-Prefetching-Power-Sharpening/case_studies/logs-entropycut/lcb_v6/2026-09-09/vllm/dataset-lcb_v6.model-qwen3.5-9b.alpha4.0.steps100.blocks-1.prefetch-budget-4.rank-reject_first.cut-entropy4.0.samples20.maxnew1024.seed10086.subtreePrefetch.vllm.log,634,1,8.653
/Users/jiangnanhugo/workspace/power-sharpening/Subtree-Prefetching-Power-Sharpening/case_studies/logs-entropycut/lcb_v6/2026-09-09/vllm/dataset-lcb_v6.model-qwen3.5-9b.alpha4.0.steps100.blocks-1.prefetch-budget-4.rank-reject_first.cut-entropy4.0.samples20.maxnew1024.seed10086.subtreePrefetch.vllm.log,635,1,7.907
/Users/jiangnanhugo/workspace/power-sharpening/Subtree-Prefetching-Power-Sharpening/case_studies/logs-entropycut/lcb_v6/2026-09-09/vllm/dataset-lcb_v6.model-qwen3.5-9b.alpha4.0.steps100.blocks-1.prefetch-budget-4.rank-reject_first.cut-entropy4.0.samples20.maxnew1024.seed10086.subtreePrefetch.vllm.log,636,2,9.069
/Users/jiangnanhugo/workspace/power-sharpening/Subtree-Prefetching-Power-Sharpening/case_studies/logs-entropycut/lcb_v6/2026-09-09/vllm/dataset-lcb_v6.model-qwen3.5-9b.alpha4.0.steps100.blocks-1.prefetch-budget-4.rank-reject_first.cut-entropy4.0.samples20.maxnew1024.seed10086.subtreePrefetch.vllm.log,637,4,9.312
/Users/jiangnanhugo/workspace/power-sharpening/Subtree-Prefetching-Power-Sharpening/case_studies/logs-entropycut/lcb_v6/2026-09-09/vllm/dataset-lcb_v6.model-qwen3.5-9b.alpha4.0.steps100.blocks-1.prefetch-budget-4.rank-reject_first.cut-entropy4.0.samples20.maxnew1024.seed10086.subtreePrefetch.vllm.log,638,4,8.737
/Users/jiangnanhugo/workspace/power-sharpening/Subtree-Prefetching-Power-Sharpening/case_studies/logs-entropycut/lcb_v6/2026-09-09/vllm/dataset-lcb_v6.model-qwen3.5-9b.alpha4.0.steps100.blocks-1.prefetch-budget-4.rank-reject_first.cut-entropy4.0.samples20.maxnew1024.seed10086.subtreePrefetch.vllm.log,639,1,7.176
/Users/jiangnanhugo/workspace/power-sharpening/Subtree-Prefetching-Power-Sharpening/case_studies/logs-entropycut/lcb_v6/2026-09-09/vllm/dataset-lcb_v6.model-qwen3.5-9b.alpha4.0.steps100.blocks-1.prefetch-budget-4.rank-reject_first.cut-entropy4.0.samples20.maxnew1024.seed10086.subtreePrefetch.vllm.log,640,1,9.232
/Users/jiangnanhugo/workspace/power-sharpening/Subtree-Prefetching-Power-Sharpening/case_studies/logs-entropycut/lcb_v6/2026-09-09/vllm/dataset-lcb_v6.model-qwen3.5-9b.alpha4.0.steps100.blocks-1.prefetch-budget-4.rank-reject_first.cut-entropy4.0.samples20.maxnew1024.seed10086.subtreePrefetch.vllm.log,641,4,9.183
/Users/jiangnanhugo/workspace/power-sharpening/Subtree-Prefetching-Power-Sharpening/case_studies/logs-entropycut/lcb_v6/2026-09-09/vllm/dataset-lcb_v6.model-qwen3.5-9b.alpha4.0.steps100.blocks-1.prefetch-budget-4.rank-reject_first.cut-entropy4.0.samples20.maxnew1024.seed10086.subtreePrefetch.vllm.log,642,1,9.232
/Users/jiangnanhugo/workspace/power-sharpening/Subtree-Prefetching-Power-Sharpening/case_studies/logs-entropycut/lcb_v6/2026-09-09/vllm/dataset-lcb_v6.model-qwen3.5-9b.alpha4.0.steps100.blocks-1.prefetch-budget-4.rank-reject_first.cut-entropy4.0.samples20.maxnew1024.seed10086.subtreePrefetch.vllm.log,643,4,8.271
/Users/jiangnanhugo/workspace/power-sharpening/Subtree-Prefetching-Power-Sharpening/case_studies/logs-entropycut/lcb_v6/2026-09-09/vllm/dataset-lcb_v6.model-qwen3.5-9b.alpha4.0.steps100.blocks-1.prefetch-budget-4.rank-reject_first.cut-entropy4.0.samples20.maxnew1024.seed10086.subtreePrefetch.vllm.log,644,1,9.155
/Users/jiangnanhugo/workspace/power-sharpening/Subtree-Prefetching-Power-Sharpening/case_studies/logs-entropycut/lcb_v6/2026-09-09/vllm/dataset-lcb_v6.model-qwen3.5-9b.alpha4.0.steps100.blocks-1.prefetch-budget-4.rank-reject_first.cut-entropy4.0.samples20.maxnew1024.seed10086.subtreePrefetch.vllm.log,645,4,7.988
/Users/jiangnanhugo/workspace/power-sharpening/Subtree-Prefetching-Power-Sharpening/case_studies/logs-entropycut/lcb_v6/2026-09-09/vllm/dataset-lcb_v6.model-qwen3.5-9b.alpha4.0.steps100.blocks-1.prefetch-budget-4.rank-reject_first.cut-entropy4.0.samples20.maxnew1024.seed10086.subtreePrefetch.vllm.log,646,4,8.242
/Users/jiangnanhugo/workspace/power-sharpening/Subtree-Prefetching-Power-Sharpening/case_studies/logs-entropycut/lcb_v6/2026-09-09/vllm/dataset-lcb_v6.model-qwen3.5-9b.alpha4.0.steps100.blocks-1.prefetch-budget-4.rank-reject_first.cut-entropy4.0.samples20.maxnew1024.seed10086.subtreePrefetch.vllm.log,647,4,9.168
/Users/jiangnanhugo/workspace/power-sharpening/Subtree-Prefetching-Power-Sharpening/case_studies/logs-entropycut/lcb_v6/2026-09-09/vllm/dataset-lcb_v6.model-qwen3.5-9b.alpha4.0.steps100.blocks-1.prefetch-budget-4.rank-reject_first.cut-entropy4.0.samples20.maxnew1024.seed10086.subtreePrefetch.vllm.log,648,4,8.61
/Users/jiangnanhugo/workspace/power-sharpening/Subtree-Prefetching-Power-Sharpening/case_studies/logs-entropycut/lcb_v6/2026-09-09/vllm/dataset-lcb_v6.model-qwen3.5-9b.alpha4.0.steps100.blocks-1.prefetch-budget-4.rank-reject_first.cut-entropy4.0.samples20.maxnew1024.seed10086.subtreePrefetch.vllm.log,649,4,9.119
/Users/jiangnanhugo/workspace/power-sharpening/Subtree-Prefetching-Power-Sharpening/case_studies/logs-entropycut/lcb_v6/2026-09-09/vllm/dataset-lcb_v6.model-qwen3.5-9b.alpha4.0.steps100.blocks-1.prefetch-budget-4.rank-reject_first.cut-entropy4.0.samples20.maxnew1024.seed10086.subtreePrefetch.vllm.log,650,4,9.096
/Users/jiangnanhugo/workspace/power-sharpening/Subtree-Prefetching-Power-Sharpening/case_studies/logs-entropycut/lcb_v6/2026-09-09/vllm/dataset-lcb_v6.model-qwen3.5-9b.alpha4.0.steps100.blocks-1.prefetch-budget-4.rank-reject_first.cut-entropy4.0.samples20.maxnew1024.seed10086.subtreePrefetch.vllm.log,651,4,8.55
/Users/jiangnanhugo/workspace/power-sharpening/Subtree-Prefetching-Power-Sharpening/case_studies/logs-entropycut/lcb_v6/2026-09-09/vllm/dataset-lcb_v6.model-qwen3.5-9b.alpha4.0.steps100.blocks-1.prefetch-budget-4.rank-reject_first.cut-entropy4.0.samples20.maxnew1024.seed10086.subtreePrefetch.vllm.log,652,4,9.168
/Users/jiangnanhugo/workspace/power-sharpening/Subtree-Prefetching-Power-Sharpening/case_studies/logs-entropycut/lcb_v6/2026-09-09/vllm/dataset-lcb_v6.model-qwen3.5-9b.alpha4.0.steps100.blocks-1.prefetch-budget-4.rank-reject_first.cut-entropy4.0.samples20.maxnew1024.seed10086.subtreePrefetch.vllm.log,653,4,8.703
/Users/jiangnanhugo/workspace/power-sharpening/Subtree-Prefetching-Power-Sharpening/case_studies/logs-entropycut/lcb_v6/2026-09-09/vllm/dataset-lcb_v6.model-qwen3.5-9b.alpha4.0.steps100.blocks-1.prefetch-budget-4.rank-reject_first.cut-entropy4.0.samples20.maxnew1024.seed10086.subtreePrefetch.vllm.log,654,4,8.741
/Users/jiangnanhugo/workspace/power-sharpening/Subtree-Prefetching-Power-Sharpening/case_studies/logs-entropycut/lcb_v6/2026-09-09/vllm/dataset-lcb_v6.model-qwen3.5-9b.alpha4.0.steps100.blocks-1.prefetch-budget-4.rank-reject_first.cut-entropy4.0.samples20.maxnew1024.seed10086.subtreePrefetch.vllm.log,655,2,9.137
/Users/jiangnanhugo/workspace/power-sharpening/Subtree-Prefetching-Power-Sharpening/case_studies/logs-entropycut/lcb_v6/2026-09-09/vllm/dataset-lcb_v6.model-qwen3.5-9b.alpha4.0.steps100.blocks-1.prefetch-budget-4.rank-reject_first.cut-entropy4.0.samples20.maxnew1024.seed10086.subtreePrefetch.vllm.log,656,2,9.109
/Users/jiangnanhugo/workspace/power-sharpening/Subtree-Prefetching-Power-Sharpening/case_studies/logs-entropycut/lcb_v6/2026-09-09/vllm/dataset-lcb_v6.model-qwen3.5-9b.alpha4.0.steps100.blocks-1.prefetch-budget-4.rank-reject_first.cut-entropy4.0.samples20.maxnew1024.seed10086.subtreePrefetch.vllm.log,657,4,8.452
/Users/jiangnanhugo/workspace/power-sharpening/Subtree-Prefetching-Power-Sharpening/case_studies/logs-entropycut/lcb_v6/2026-09-09/vllm/dataset-lcb_v6.model-qwen3.5-9b.alpha4.0.steps100.blocks-1.prefetch-budget-4.rank-reject_first.cut-entropy4.0.samples20.maxnew1024.seed10086.subtreePrefetch.vllm.log,658,4,8.529
/Users/jiangnanhugo/workspace/power-sharpening/Subtree-Prefetching-Power-Sharpening/case_studies/logs-entropycut/lcb_v6/2026-09-09/vllm/dataset-lcb_v6.model-qwen3.5-9b.alpha4.0.steps100.blocks-1.prefetch-budget-4.rank-reject_first.cut-entropy4.0.samples20.maxnew1024.seed10086.subtreePrefetch.vllm.log,659,4,8.332
/Users/jiangnanhugo/workspace/power-sharpening/Subtree-Prefetching-Power-Sharpening/case_studies/logs-entropycut/lcb_v6/2026-09-09/vllm/dataset-lcb_v6.model-qwen3.5-9b.alpha4.0.steps100.blocks-1.prefetch-budget-4.rank-reject_first.cut-entropy4.0.samples20.maxnew1024.seed10086.subtreePrefetch.vllm.log,660,4,9.217
/Users/jiangnanhugo/workspace/power-sharpening/Subtree-Prefetching-Power-Sharpening/case_studies/logs-entropycut/lcb_v6/2026-09-09/vllm/dataset-lcb_v6.model-qwen3.5-9b.alpha4.0.steps100.blocks-1.prefetch-budget-4.rank-reject_first.cut-entropy4.0.samples20.maxnew1024.seed10086.subtreePrefetch.vllm.log,661,4,9.112
/Users/jiangnanhugo/workspace/power-sharpening/Subtree-Prefetching-Power-Sharpening/case_studies/logs-entropycut/lcb_v6/2026-09-09/vllm/dataset-lcb_v6.model-qwen3.5-9b.alpha4.0.steps100.blocks-1.prefetch-budget-4.rank-reject_first.cut-entropy4.0.samples20.maxnew1024.seed10086.subtreePrefetch.vllm.log,662,3,8.063
/Users/jiangnanhugo/workspace/power-sharpening/Subtree-Prefetching-Power-Sharpening/case_studies/logs-entropycut/lcb_v6/2026-09-09/vllm/dataset-lcb_v6.model-qwen3.5-9b.alpha4.0.steps100.blocks-1.prefetch-budget-4.rank-reject_first.cut-entropy4.0.samples20.maxnew1024.seed10086.subtreePrefetch.vllm.log,663,1,6.934
/Users/jiangnanhugo/workspace/power-sharpening/Subtree-Prefetching-Power-Sharpening/case_studies/logs-entropycut/lcb_v6/2026-09-09/vllm/dataset-lcb_v6.model-qwen3.5-9b.alpha4.0.steps100.blocks-1.prefetch-budget-4.rank-reject_first.cut-entropy4.0.samples20.maxnew1024.seed10086.subtreePrefetch.vllm.log,664,1,5.58
/Users/jiangnanhugo/workspace/power-sharpening/Subtree-Prefetching-Power-Sharpening/case_studies/logs-entropycut/lcb_v6/2026-09-09/vllm/dataset-lcb_v6.model-qwen3.5-9b.alpha4.0.steps100.blocks-1.prefetch-budget-4.rank-reject_first.cut-entropy4.0.samples20.maxnew1024.seed10086.subtreePrefetch.vllm.log,665,2,5.751
/Users/jiangnanhugo/workspace/power-sharpening/Subtree-Prefetching-Power-Sharpening/case_studies/logs-entropycut/lcb_v6/2026-09-09/vllm/dataset-lcb_v6.model-qwen3.5-9b.alpha4.0.steps100.blocks-1.prefetch-budget-4.rank-reject_first.cut-entropy4.0.samples20.maxnew1024.seed10086.subtreePrefetch.vllm.log,666,2,7.954
/Users/jiangnanhugo/workspace/power-sharpening/Subtree-Prefetching-Power-Sharpening/case_studies/logs-entropycut/lcb_v6/2026-09-09/vllm/dataset-lcb_v6.model-qwen3.5-9b.alpha4.0.steps100.blocks-1.prefetch-budget-4.rank-reject_first.cut-entropy4.0.samples20.maxnew1024.seed10086.subtreePrefetch.vllm.log,667,1,6.241
/Users/jiangnanhugo/workspace/power-sharpening/Subtree-Prefetching-Power-Sharpening/case_studies/logs-entropycut/lcb_v6/2026-09-09/vllm/dataset-lcb_v6.model-qwen3.5-9b.alpha4.0.steps100.blocks-1.prefetch-budget-4.rank-reject_first.cut-entropy4.0.samples20.maxnew1024.seed10086.subtreePrefetch.vllm.log,668,4,8.013
/Users/jiangnanhugo/workspace/power-sharpening/Subtree-Prefetching-Power-Sharpening/case_studies/logs-entropycut/lcb_v6/2026-09-09/vllm/dataset-lcb_v6.model-qwen3.5-9b.alpha4.0.steps100.blocks-1.prefetch-budget-4.rank-reject_first.cut-entropy4.0.samples20.maxnew1024.seed10086.subtreePrefetch.vllm.log,669,1,6.083
/Users/jiangnanhugo/workspace/power-sharpening/Subtree-Prefetching-Power-Sharpening/case_studies/logs-entropycut/lcb_v6/2026-09-09/vllm/dataset-lcb_v6.model-qwen3.5-9b.alpha4.0.steps100.blocks-1.prefetch-budget-4.rank-reject_first.cut-entropy4.0.samples20.maxnew1024.seed10086.subtreePrefetch.vllm.log,670,1,7.823
/Users/jiangnanhugo/workspace/power-sharpening/Subtree-Prefetching-Power-Sharpening/case_studies/logs-entropycut/lcb_v6/2026-09-09/vllm/dataset-lcb_v6.model-qwen3.5-9b.alpha4.0.steps100.blocks-1.prefetch-budget-4.rank-reject_first.cut-entropy4.0.samples20.maxnew1024.seed10086.subtreePrefetch.vllm.log,671,1,5.797
/Users/jiangnanhugo/workspace/power-sharpening/Subtree-Prefetching-Power-Sharpening/case_studies/logs-entropycut/lcb_v6/2026-09-09/vllm/dataset-lcb_v6.model-qwen3.5-9b.alpha4.0.steps100.blocks-1.prefetch-budget-4.rank-reject_first.cut-entropy4.0.samples20.maxnew1024.seed10086.subtreePrefetch.vllm.log,672,1,7.804
/Users/jiangnanhugo/workspace/power-sharpening/Subtree-Prefetching-Power-Sharpening/case_studies/logs-entropycut/lcb_v6/2026-09-09/vllm/dataset-lcb_v6.model-qwen3.5-9b.alpha4.0.steps100.blocks-1.prefetch-budget-4.rank-reject_first.cut-entropy4.0.samples20.maxnew1024.seed10086.subtreePrefetch.vllm.log,673,4,6.338
/Users/jiangnanhugo/workspace/power-sharpening/Subtree-Prefetching-Power-Sharpening/case_studies/logs-entropycut/lcb_v6/2026-09-09/vllm/dataset-lcb_v6.model-qwen3.5-9b.alpha4.0.steps100.blocks-1.prefetch-budget-4.rank-reject_first.cut-entropy4.0.samples20.maxnew1024.seed10086.subtreePrefetch.vllm.log,674,1,6.294
/Users/jiangnanhugo/workspace/power-sharpening/Subtree-Prefetching-Power-Sharpening/case_studies/logs-entropycut/lcb_v6/2026-09-09/vllm/dataset-lcb_v6.model-qwen3.5-9b.alpha4.0.steps100.blocks-1.prefetch-budget-4.rank-reject_first.cut-entropy4.0.samples20.maxnew1024.seed10086.subtreePrefetch.vllm.log,675,1,8.001
/Users/jiangnanhugo/workspace/power-sharpening/Subtree-Prefetching-Power-Sharpening/case_studies/logs-entropycut/lcb_v6/2026-09-09/vllm/dataset-lcb_v6.model-qwen3.5-9b.alpha4.0.steps100.blocks-1.prefetch-budget-4.rank-reject_first.cut-entropy4.0.samples20.maxnew1024.seed10086.subtreePrefetch.vllm.log,676,4,7.228
/Users/jiangnanhugo/workspace/power-sharpening/Subtree-Prefetching-Power-Sharpening/case_studies/logs-entropycut/lcb_v6/2026-09-09/vllm/dataset-lcb_v6.model-qwen3.5-9b.alpha4.0.steps100.blocks-1.prefetch-budget-4.rank-reject_first.cut-entropy4.0.samples20.maxnew1024.seed10086.subtreePrefetch.vllm.log,677,4,6.136
/Users/jiangnanhugo/workspace/power-sharpening/Subtree-Prefetching-Power-Sharpening/case_studies/logs-entropycut/lcb_v6/2026-09-09/vllm/dataset-lcb_v6.model-qwen3.5-9b.alpha4.0.steps100.blocks-1.prefetch-budget-4.rank-reject_first.cut-entropy4.0.samples20.maxnew1024.seed10086.subtreePrefetch.vllm.log,678,4,6.645
/Users/jiangnanhugo/workspace/power-sharpening/Subtree-Prefetching-Power-Sharpening/case_studies/logs-entropycut/lcb_v6/2026-09-09/vllm/dataset-lcb_v6.model-qwen3.5-9b.alpha4.0.steps100.blocks-1.prefetch-budget-4.rank-reject_first.cut-entropy4.0.samples20.maxnew1024.seed10086.subtreePrefetch.vllm.log,679,4,6.079
/Users/jiangnanhugo/workspace/power-sharpening/Subtree-Prefetching-Power-Sharpening/case_studies/logs-entropycut/lcb_v6/2026-09-09/vllm/dataset-lcb_v6.model-qwen3.5-9b.alpha4.0.steps100.blocks-1.prefetch-budget-4.rank-reject_first.cut-entropy4.0.samples20.maxnew1024.seed10086.subtreePrefetch.vllm.log,680,2,8.062
/Users/jiangnanhugo/workspace/power-sharpening/Subtree-Prefetching-Power-Sharpening/case_studies/logs-entropycut/lcb_v6/2026-09-09/vllm/dataset-lcb_v6.model-qwen3.5-9b.alpha4.0.steps100.blocks-1.prefetch-budget-4.rank-reject_first.cut-entropy4.0.samples20.maxnew1024.seed10086.subtreePrefetch.vllm.log,681,4,5.776
/Users/jiangnanhugo/workspace/power-sharpening/Subtree-Prefetching-Power-Sharpening/case_studies/logs-entropycut/lcb_v6/2026-09-09/vllm/dataset-lcb_v6.model-qwen3.5-9b.alpha4.0.steps100.blocks-1.prefetch-budget-4.rank-reject_first.cut-entropy4.0.samples20.maxnew1024.seed10086.subtreePrefetch.vllm.log,682,2,7.133
/Users/jiangnanhugo/workspace/power-sharpening/Subtree-Prefetching-Power-Sharpening/case_studies/logs-entropycut/lcb_v6/2026-09-09/vllm/dataset-lcb_v6.model-qwen3.5-9b.alpha4.0.steps100.blocks-1.prefetch-budget-4.rank-reject_first.cut-entropy4.0.samples20.maxnew1024.seed10086.subtreePrefetch.vllm.log,683,3,5.954
/Users/jiangnanhugo/workspace/power-sharpening/Subtree-Prefetching-Power-Sharpening/case_studies/logs-entropycut/lcb_v6/2026-09-09/vllm/dataset-lcb_v6.model-qwen3.5-9b.alpha4.0.steps100.blocks-1.prefetch-budget-4.rank-reject_first.cut-entropy4.0.samples20.maxnew1024.seed10086.subtreePrefetch.vllm.log,684,4,7.739
/Users/jiangnanhugo/workspace/power-sharpening/Subtree-Prefetching-Power-Sharpening/case_studies/logs-entropycut/lcb_v6/2026-09-09/vllm/dataset-lcb_v6.model-qwen3.5-9b.alpha4.0.steps100.blocks-1.prefetch-budget-4.rank-reject_first.cut-entropy4.0.samples20.maxnew1024.seed10086.subtreePrefetch.vllm.log,685,1,7.063
/Users/jiangnanhugo/workspace/power-sharpening/Subtree-Prefetching-Power-Sharpening/case_studies/logs-entropycut/lcb_v6/2026-09-09/vllm/dataset-lcb_v6.model-qwen3.5-9b.alpha4.0.steps100.blocks-1.prefetch-budget-4.rank-reject_first.cut-entropy4.0.samples20.maxnew1024.seed10086.subtreePrefetch.vllm.log,686,4,5.826
/Users/jiangnanhugo/workspace/power-sharpening/Subtree-Prefetching-Power-Sharpening/case_studies/logs-entropycut/lcb_v6/2026-09-09/vllm/dataset-lcb_v6.model-qwen3.5-9b.alpha4.0.steps100.blocks-1.prefetch-budget-4.rank-reject_first.cut-entropy4.0.samples20.maxnew1024.seed10086.subtreePrefetch.vllm.log,687,2,7.986
/Users/jiangnanhugo/workspace/power-sharpening/Subtree-Prefetching-Power-Sharpening/case_studies/logs-entropycut/lcb_v6/2026-09-09/vllm/dataset-lcb_v6.model-qwen3.5-9b.alpha4.0.steps100.blocks-1.prefetch-budget-4.rank-reject_first.cut-entropy4.0.samples20.maxnew1024.seed10086.subtreePrefetch.vllm.log,688,1,5.553
/Users/jiangnanhugo/workspace/power-sharpening/Subtree-Prefetching-Power-Sharpening/case_studies/logs-entropycut/lcb_v6/2026-09-09/vllm/dataset-lcb_v6.model-qwen3.5-9b.alpha4.0.steps100.blocks-1.prefetch-budget-4.rank-reject_first.cut-entropy4.0.samples20.maxnew1024.seed10086.subtreePrefetch.vllm.log,689,2,5.89
/Users/jiangnanhugo/workspace/power-sharpening/Subtree-Prefetching-Power-Sharpening/case_studies/logs-entropycut/lcb_v6/2026-09-09/vllm/dataset-lcb_v6.model-qwen3.5-9b.alpha4.0.steps100.blocks-1.prefetch-budget-4.rank-reject_first.cut-entropy4.0.samples20.maxnew1024.seed10086.subtreePrefetch.vllm.log,690,1,5.596
/Users/jiangnanhugo/workspace/power-sharpening/Subtree-Prefetching-Power-Sharpening/case_studies/logs-entropycut/lcb_v6/2026-09-09/vllm/dataset-lcb_v6.model-qwen3.5-9b.alpha4.0.steps100.blocks-1.prefetch-budget-4.rank-reject_first.cut-entropy4.0.samples20.maxnew1024.seed10086.subtreePrefetch.vllm.log,691,4,7.451
/Users/jiangnanhugo/workspace/power-sharpening/Subtree-Prefetching-Power-Sharpening/case_studies/logs-entropycut/lcb_v6/2026-09-09/vllm/dataset-lcb_v6.model-qwen3.5-9b.alpha4.0.steps100.blocks-1.prefetch-budget-4.rank-reject_first.cut-entropy4.0.samples20.maxnew1024.seed10086.subtreePrefetch.vllm.log,692,4,7.433
/Users/jiangnanhugo/workspace/power-sharpening/Subtree-Prefetching-Power-Sharpening/case_studies/logs-entropycut/lcb_v6/2026-09-09/vllm/dataset-lcb_v6.model-qwen3.5-9b.alpha4.0.steps100.blocks-1.prefetch-budget-4.rank-reject_first.cut-entropy4.0.samples20.maxnew1024.seed10086.subtreePrefetch.vllm.log,693,4,8.016
/Users/jiangnanhugo/workspace/power-sharpening/Subtree-Prefetching-Power-Sharpening/case_studies/logs-entropycut/lcb_v6/2026-09-09/vllm/dataset-lcb_v6.model-qwen3.5-9b.alpha4.0.steps100.blocks-1.prefetch-budget-4.rank-reject_first.cut-entropy4.0.samples20.maxnew1024.seed10086.subtreePrefetch.vllm.log,694,3,6.966
/Users/jiangnanhugo/workspace/power-sharpening/Subtree-Prefetching-Power-Sharpening/case_studies/logs-entropycut/lcb_v6/2026-09-09/vllm/dataset-lcb_v6.model-qwen3.5-9b.alpha4.0.steps100.blocks-1.prefetch-budget-4.rank-reject_first.cut-entropy4.0.samples20.maxnew1024.seed10086.subtreePrefetch.vllm.log,695,4,6.366
/Users/jiangnanhugo/workspace/power-sharpening/Subtree-Prefetching-Power-Sharpening/case_studies/logs-entropycut/lcb_v6/2026-09-09/vllm/dataset-lcb_v6.model-qwen3.5-9b.alpha4.0.steps100.blocks-1.prefetch-budget-4.rank-reject_first.cut-entropy4.0.samples20.maxnew1024.seed10086.subtreePrefetch.vllm.log,696,3,7.992
/Users/jiangnanhugo/workspace/power-sharpening/Subtree-Prefetching-Power-Sharpening/case_studies/logs-entropycut/lcb_v6/2026-09-09/vllm/dataset-lcb_v6.model-qwen3.5-9b.alpha4.0.steps100.blocks-1.prefetch-budget-4.rank-reject_first.cut-entropy4.0.samples20.maxnew1024.seed10086.subtreePrefetch.vllm.log,697,4,7.973
/Users/jiangnanhugo/workspace/power-sharpening/Subtree-Prefetching-Power-Sharpening/case_studies/logs-entropycut/lcb_v6/2026-09-09/vllm/dataset-lcb_v6.model-qwen3.5-9b.alpha4.0.steps100.blocks-1.prefetch-budget-4.rank-reject_first.cut-entropy4.0.samples20.maxnew1024.seed10086.subtreePrefetch.vllm.log,698,1,6.183
/Users/jiangnanhugo/workspace/power-sharpening/Subtree-Prefetching-Power-Sharpening/case_studies/logs-entropycut/lcb_v6/2026-09-09/vllm/dataset-lcb_v6.model-qwen3.5-9b.alpha4.0.steps100.blocks-1.prefetch-budget-4.rank-reject_first.cut-entropy4.0.samples20.maxnew1024.seed10086.subtreePrefetch.vllm.log,699,3,6.555
/Users/jiangnanhugo/workspace/power-sharpening/Subtree-Prefetching-Power-Sharpening/case_studies/logs-entropycut/lcb_v6/2026-09-09/vllm/dataset-lcb_v6.model-qwen3.5-9b.alpha4.0.steps100.blocks-1.prefetch-budget-4.rank-reject_first.cut-entropy4.0.samples20.maxnew1024.seed10086.subtreePrefetch.vllm.log,700,2,5.95
/Users/jiangnanhugo/workspace/power-sharpening/Subtree-Prefetching-Power-Sharpening/case_studies/logs-entropycut/lcb_v6/2026-09-09/vllm/dataset-lcb_v6.model-qwen3.5-9b.alpha4.0.steps100.blocks-1.prefetch-budget-4.rank-reject_first.cut-entropy4.0.samples20.maxnew1024.seed10086.subtreePrefetch.vllm.log,701,2,7.344
/Users/jiangnanhugo/workspace/power-sharpening/Subtree-Prefetching-Power-Sharpening/case_studies/logs-entropycut/lcb_v6/2026-09-09/vllm/dataset-lcb_v6.model-qwen3.5-9b.alpha4.0.steps100.blocks-1.prefetch-budget-4.rank-reject_first.cut-entropy4.0.samples20.maxnew1024.seed10086.subtreePrefetch.vllm.log,702,2,5.692
/Users/jiangnanhugo/workspace/power-sharpening/Subtree-Prefetching-Power-Sharpening/case_studies/logs-entropycut/lcb_v6/2026-09-09/vllm/dataset-lcb_v6.model-qwen3.5-9b.alpha4.0.steps100.blocks-1.prefetch-budget-4.rank-reject_first.cut-entropy4.0.samples20.maxnew1024.seed10086.subtreePrefetch.vllm.log,703,1,5.485
