source_log,call_index,realized_transitions,logged_mh_seconds
/Users/jiangnanhugo/workspace/power-sharpening/Subtree-Prefetching-Power-Sharpening/case_studies/logs-entropycut/lcb_v6/2026-09-09/vllm/dataset-lcb_v6.model-qwen3.5-9b.alpha4.0.steps100.blocks-1.prefetch-budget-8.rank-reject_first.cut-entropy4.0.samples20.maxnew1024.seed10086.subtreePrefetch.vllm.log,0,1,6.815
/Users/jiangnanhugo/workspace/power-sharpening/Subtree-Prefetching-Power-Sharpening/case_studies/logs-entropycut/lcb_v6/2026-09-09/vllm/dataset-lcb_v6.model-qwen3.5-9b.alpha4.0.steps100.blocks-1.prefetch-budget-8.rank-reject_first.cut-entropy4.0.samples20.maxnew1024.seed10086.subtreePrefetch.vllm.log,1,2,8.344
/Users/jiangnanhugo/workspace/power-sharpening/Subtree-Prefetching-Power-Sharpening/case_studies/logs-entropycut/lcb_v6/2026-09-09/vllm/dataset-lcb_v6.model-qwen3.5-9b.alpha4.0.steps100.blocks-1.prefetch-budget-8.rank-reject_first.cut-entropy4.0.samples20.maxnew1024.seed10086.subtreePrefetch.vllm.log,2,5,7.3
/Users/jiangnanhugo/workspace/power-sharpening/Subtree-Prefetching-Power-Sharpening/case_studies/logs-entropycut/lcb_v6/2026-09-09/vllm/dataset-lcb_v6.model-qwen3.5-9b.alpha4.0.steps100.blocks-1.prefetch-budget-8.rank-reject_first.cut-entropy4.0.samples20.maxnew1024.seed10086.subtreePrefetch.vllm.log,3,1,8.24
/Users/jiangnanhugo/workspace/power-sharpening/Subtree-Prefetching-Power-Sharpening/case_studies/logs-entropycut/lcb_v6/2026-09-09/vllm/dataset-lcb_v6.model-qwen3.5-9b.alpha4.0.steps100.blocks-1.prefetch-budget-8.rank-reject_first.cut-entropy4.0.samples20.maxnew1024.seed10086.subtreePrefetch.vllm.log,4,2,7.516
/Users/jiangnanhugo/workspace/power-sharpening/Subtree-Prefetching-Power-Sharpening/case_studies/logs-entropycut/lcb_v6/2026-09-09/vllm/dataset-lcb_v6.model-qwen3.5-9b.alpha4.0.steps100.blocks-1.prefetch-budget-8.rank-reject_first.cut-entropy4.0.samples20.maxnew1024.seed10086.subtreePrefetch.vllm.log,5,8,6.509
/Users/jiangnanhugo/workspace/power-sharpening/Subtree-Prefetching-Power-Sharpening/case_studies/logs-entropycut/lcb_v6/2026-09-09/vllm/dataset-lcb_v6.model-qwen3.5-9b.alpha4.0.steps100.blocks-1.prefetch-budget-8.rank-reject_first.cut-entropy4.0.samples20.maxnew1024.seed10086.subtreePrefetch.vllm.log,6,2,7.951
/Users/jiangnanhugo/workspace/power-sharpening/Subtree-Prefetching-Power-Sharpening/case_studies/logs-entropycut/lcb_v6/2026-09-09/vllm/dataset-lcb_v6.model-qwen3.5-9b.alpha4.0.steps100.blocks-1.prefetch-budget-8.rank-reject_first.cut-entropy4.0.samples20.maxnew1024.seed10086.subtreePrefetch.vllm.log,7,8,8.967
/Users/jiangnanhugo/workspace/power-sharpening/Subtree-Prefetching-Power-Sharpening/case_studies/logs-entropycut/lcb_v6/2026-09-09/vllm/dataset-lcb_v6.model-qwen3.5-9b.alpha4.0.steps100.blocks-1.prefetch-budget-8.rank-reject_first.cut-entropy4.0.samples20.maxnew1024.seed10086.subtreePrefetch.vllm.log,8,3,8.212
/Users/jiangnanhugo/workspace/power-sharpening/Subtree-Prefetching-Power-Sharpening/case_studies/logs-entropycut/lcb_v6/2026-09-09/vllm/dataset-lcb_v6.model-qwen3.5-9b.alpha4.0.steps100.blocks-1.prefetch-budget-8.rank-reject_first.cut-entropy4.0.samples20.maxnew1024.seed10086.subtreePrefetch.vllm.log,9,8,9.359
/Users/jiangnanhugo/workspace/power-sharpening/Subtree-Prefetching-Power-Sharpening/case_studies/logs-entropycut/lcb_v6/2026-09-09/vllm/dataset-lcb_v6.model-qwen3.5-9b.alpha4.0.steps100.blocks-1.prefetch-budget-8.rank-reject_first.cut-entropy4.0.samples20.maxnew1024.seed10086.subtreePrefetch.vllm.log,10,8,8.097
/Users/jiangnanhugo/workspace/power-sharpening/Subtree-Prefetching-Power-Sharpening/case_studies/logs-entropycut/lcb_v6/2026-09-09/vllm/dataset-lcb_v6.model-qwen3.5-9b.alpha4.0.steps100.blocks-1.prefetch-budget-8.rank-reject_first.cut-entropy4.0.samples20.maxnew1024.seed10086.subtreePrefetch.vllm.log,11,6,6.403
/Users/jiangnanhugo/workspace/power-sharpening/Subtree-Prefetching-Power-Sharpening/case_studies/logs-entropycut/lcb_v6/2026-09-09/vllm/dataset-lcb_v6.model-qwen3.5-9b.alpha4.0.steps100.blocks-1.prefetch-budget-8.rank-reject_first.cut-entropy4.0.samples20.maxnew1024.seed10086.subtreePrefetch.vllm.log,12,1,7.658
/Users/jiangnanhugo/workspace/power-sharpening/Subtree-Prefetching-Power-Sharpening/case_studies/logs-entropycut/lcb_v6/2026-09-09/vllm/dataset-lcb_v6.model-qwen3.5-9b.alpha4.0.steps100.blocks-1.prefetch-budget-8.rank-reject_first.cut-entropy4.0.samples20.maxnew1024.seed10086.subtreePrefetch.vllm.log,13,1,9.734
/Users/jiangnanhugo/workspace/power-sharpening/Subtree-Prefetching-Power-Sharpening/case_studies/logs-entropycut/lcb_v6/2026-09-09/vllm/dataset-lcb_v6.model-qwen3.5-9b.alpha4.0.steps100.blocks-1.prefetch-budget-8.rank-reject_first.cut-entropy4.0.samples20.maxnew1024.seed10086.subtreePrefetch.vllm.log,14,4,7.987
/Users/jiangnanhugo/workspace/power-sharpening/Subtree-Prefetching-Power-Sharpening/case_studies/logs-entropycut/lcb_v6/2026-09-09/vllm/dataset-lcb_v6.model-qwen3.5-9b.alpha4.0.steps100.blocks-1.prefetch-budget-8.rank-reject_first.cut-entropy4.0.samples20.maxnew1024.seed10086.subtreePrefetch.vllm.log,15,1,8.433
/Users/jiangnanhugo/workspace/power-sharpening/Subtree-Prefetching-Power-Sharpening/case_studies/logs-entropycut/lcb_v6/2026-09-09/vllm/dataset-lcb_v6.model-qwen3.5-9b.alpha4.0.steps100.blocks-1.prefetch-budget-8.rank-reject_first.cut-entropy4.0.samples20.maxnew1024.seed10086.subtreePrefetch.vllm.log,16,3,8.336
/Users/jiangnanhugo/workspace/power-sharpening/Subtree-Prefetching-Power-Sharpening/case_studies/logs-entropycut/lcb_v6/2026-09-09/vllm/dataset-lcb_v6.model-qwen3.5-9b.alpha4.0.steps100.blocks-1.prefetch-budget-8.rank-reject_first.cut-entropy4.0.samples20.maxnew1024.seed10086.subtreePrefetch.vllm.log,17,7,9.392
/Users/jiangnanhugo/workspace/power-sharpening/Subtree-Prefetching-Power-Sharpening/case_studies/logs-entropycut/lcb_v6/2026-09-09/vllm/dataset-lcb_v6.model-qwen3.5-9b.alpha4.0.steps100.blocks-1.prefetch-budget-8.rank-reject_first.cut-entropy4.0.samples20.maxnew1024.seed10086.subtreePrefetch.vllm.log,18,2,7.778
/Users/jiangnanhugo/workspace/power-sharpening/Subtree-Prefetching-Power-Sharpening/case_studies/logs-entropycut/lcb_v6/2026-09-09/vllm/dataset-lcb_v6.model-qwen3.5-9b.alpha4.0.steps100.blocks-1.prefetch-budget-8.rank-reject_first.cut-entropy4.0.samples20.maxnew1024.seed10086.subtreePrefetch.vllm.log,19,1,8.262
/Users/jiangnanhugo/workspace/power-sharpening/Subtree-Prefetching-Power-Sharpening/case_studies/logs-entropycut/lcb_v6/2026-09-09/vllm/dataset-lcb_v6.model-qwen3.5-9b.alpha4.0.steps100.blocks-1.prefetch-budget-8.rank-reject_first.cut-entropy4.0.samples20.maxnew1024.seed10086.subtreePrefetch.vllm.log,20,1,7.336
/Users/jiangnanhugo/workspace/power-sharpening/Subtree-Prefetching-Power-Sharpening/case_studies/logs-entropycut/lcb_v6/2026-09-09/vllm/dataset-lcb_v6.model-qwen3.5-9b.alpha4.0.steps100.blocks-1.prefetch-budget-8.rank-reject_first.cut-entropy4.0.samples20.maxnew1024.seed10086.subtreePrefetch.vllm.log,21,1,7.962
/Users/jiangnanhugo/workspace/power-sharpening/Subtree-Prefetching-Power-Sharpening/case_studies/logs-entropycut/lcb_v6/2026-09-09/vllm/dataset-lcb_v6.model-qwen3.5-9b.alpha4.0.steps100.blocks-1.prefetch-budget-8.rank-reject_first.cut-entropy4.0.samples20.maxnew1024.seed10086.subtreePrefetch.vllm.log,22,2,9.269
/Users/jiangnanhugo/workspace/power-sharpening/Subtree-Prefetching-Power-Sharpening/case_studies/logs-entropycut/lcb_v6/2026-09-09/vllm/dataset-lcb_v6.model-qwen3.5-9b.alpha4.0.steps100.blocks-1.prefetch-budget-8.rank-reject_first.cut-entropy4.0.samples20.maxnew1024.seed10086.subtreePrefetch.vllm.log,23,1,8.232
/Users/jiangnanhugo/workspace/power-sharpening/Subtree-Prefetching-Power-Sharpening/case_studies/logs-entropycut/lcb_v6/2026-09-09/vllm/dataset-lcb_v6.model-qwen3.5-9b.alpha4.0.steps100.blocks-1.prefetch-budget-8.rank-reject_first.cut-entropy4.0.samples20.maxnew1024.seed10086.subtreePrefetch.vllm.log,24,1,7.79
/Users/jiangnanhugo/workspace/power-sharpening/Subtree-Prefetching-Power-Sharpening/case_studies/logs-entropycut/lcb_v6/2026-09-09/vllm/dataset-lcb_v6.model-qwen3.5-9b.alpha4.0.steps100.blocks-1.prefetch-budget-8.rank-reject_first.cut-entropy4.0.samples20.maxnew1024.seed10086.subtreePrefetch.vllm.log,25,4,9.186
/Users/jiangnanhugo/workspace/power-sharpening/Subtree-Prefetching-Power-Sharpening/case_studies/logs-entropycut/lcb_v6/2026-09-09/vllm/dataset-lcb_v6.model-qwen3.5-9b.alpha4.0.steps100.blocks-1.prefetch-budget-8.rank-reject_first.cut-entropy4.0.samples20.maxnew1024.seed10086.subtreePrefetch.vllm.log,26,1,7.971
/Users/jiangnanhugo/workspace/power-sharpening/Subtree-Prefetching-Power-Sharpening/case_studies/logs-entropycut/lcb_v6/2026-09-09/vllm/dataset-lcb_v6.model-qwen3.5-9b.alpha4.0.steps100.blocks-1.prefetch-budget-8.rank-reject_first.cut-entropy4.0.samples20.maxnew1024.seed10086.subtreePrefetch.vllm.log,27,1,8.397
/Users/jiangnanhugo/workspace/power-sharpening/Subtree-Prefetching-Power-Sharpening/case_studies/logs-entropycut/lcb_v6/2026-09-09/vllm/dataset-lcb_v6.model-qwen3.5-9b.alpha4.0.steps100.blocks-1.prefetch-budget-8.rank-reject_first.cut-entropy4.0.samples20.maxnew1024.seed10086.subtreePrefetch.vllm.log,28,1,8.182
/Users/jiangnanhugo/workspace/power-sharpening/Subtree-Prefetching-Power-Sharpening/case_studies/logs-entropycut/lcb_v6/2026-09-09/vllm/dataset-lcb_v6.model-qwen3.5-9b.alpha4.0.steps100.blocks-1.prefetch-budget-8.rank-reject_first.cut-entropy4.0.samples20.maxnew1024.seed10086.subtreePrefetch.vllm.log,29,5,7.566
/Users/jiangnanhugo/workspace/power-sharpening/Subtree-Prefetching-Power-Sharpening/case_studies/logs-entropycut/lcb_v6/2026-09-09/vllm/dataset-lcb_v6.model-qwen3.5-9b.alpha4.0.steps100.blocks-1.prefetch-budget-8.rank-reject_first.cut-entropy4.0.samples20.maxnew1024.seed10086.subtreePrefetch.vllm.log,30,2,9.298
/Users/jiangnanhugo/workspace/power-sharpening/Subtree-Prefetching-Power-Sharpening/case_studies/logs-entropycut/lcb_v6/2026-09-09/vllm/dataset-lcb_v6.model-qwen3.5-9b.alpha4.0.steps100.blocks-1.prefetch-budget-8.rank-reject_first.cut-entropy4.0.samples20.maxnew1024.seed10086.subtreePrefetch.vllm.log,31,1,9.653
/Users/jiangnanhugo/workspace/power-sharpening/Subtree-Prefetching-Power-Sharpening/case_studies/logs-entropycut/lcb_v6/2026-09-09/vllm/dataset-lcb_v6.model-qwen3.5-9b.alpha4.0.steps100.blocks-1.prefetch-budget-8.rank-reject_first.cut-entropy4.0.samples20.maxnew1024.seed10086.subtreePrefetch.vllm.log,32,3,8.299
/Users/jiangnanhugo/workspace/power-sharpening/Subtree-Prefetching-Power-Sharpening/case_studies/logs-entropycut/lcb_v6/2026-09-09/vllm/dataset-lcb_v6.model-qwen3.5-9b.alpha4.0.steps100.blocks-1.prefetch-budget-8.rank-reject_first.cut-entropy4.0.samples20.maxnew1024.seed10086.subtreePrefetch.vllm.log,33,2,4.131
/Users/jiangnanhugo/workspace/power-sharpening/Subtree-Prefetching-Power-Sharpening/case_studies/logs-entropycut/lcb_v6/2026-09-09/vllm/dataset-lcb_v6.model-qwen3.5-9b.alpha4.0.steps100.blocks-1.prefetch-budget-8.rank-reject_first.cut-entropy4.0.samples20.maxnew1024.seed10086.subtreePrefetch.vllm.log,34,3,9.586
/Users/jiangnanhugo/workspace/power-sharpening/Subtree-Prefetching-Power-Sharpening/case_studies/logs-entropycut/lcb_v6/2026-09-09/vllm/dataset-lcb_v6.model-qwen3.5-9b.alpha4.0.steps100.blocks-1.prefetch-budget-8.rank-reject_first.cut-entropy4.0.samples20.maxnew1024.seed10086.subtreePrefetch.vllm.log,35,1,7.047
/Users/jiangnanhugo/workspace/power-sharpening/Subtree-Prefetching-Power-Sharpening/case_studies/logs-entropycut/lcb_v6/2026-09-09/vllm/dataset-lcb_v6.model-qwen3.5-9b.alpha4.0.steps100.blocks-1.prefetch-budget-8.rank-reject_first.cut-entropy4.0.samples20.maxnew1024.seed10086.subtreePrefetch.vllm.log,36,1,8.931
/Users/jiangnanhugo/workspace/power-sharpening/Subtree-Prefetching-Power-Sharpening/case_studies/logs-entropycut/lcb_v6/2026-09-09/vllm/dataset-lcb_v6.model-qwen3.5-9b.alpha4.0.steps100.blocks-1.prefetch-budget-8.rank-reject_first.cut-entropy4.0.samples20.maxnew1024.seed10086.subtreePrefetch.vllm.log,37,1,8.275
/Users/jiangnanhugo/workspace/power-sharpening/Subtree-Prefetching-Power-Sharpening/case_studies/logs-entropycut/lcb_v6/2026-09-09/vllm/dataset-lcb_v6.model-qwen3.5-9b.alpha4.0.steps100.blocks-1.prefetch-budget-8.rank-reject_first.cut-entropy4.0.samples20.maxnew1024.seed10086.subtreePrefetch.vllm.log,38,1,9.2
/Users/jiangnanhugo/workspace/power-sharpening/Subtree-Prefetching-Power-Sharpening/case_studies/logs-entropycut/lcb_v6/2026-09-09/vllm/dataset-lcb_v6.model-qwen3.5-9b.alpha4.0.steps100.blocks-1.prefetch-budget-8.rank-reject_first.cut-entropy4.0.samples20.maxnew1024.seed10086.subtreePrefetch.vllm.log,39,2,9.604
/Users/jiangnanhugo/workspace/power-sharpening/Subtree-Prefetching-Power-Sharpening/case_studies/logs-entropycut/lcb_v6/2026-09-09/vllm/dataset-lcb_v6.model-qwen3.5-9b.alpha4.0.steps100.blocks-1.prefetch-budget-8.rank-reject_first.cut-entropy4.0.samples20.maxnew1024.seed10086.subtreePrefetch.vllm.log,40,2,7.42
/Users/jiangnanhugo/workspace/power-sharpening/Subtree-Prefetching-Power-Sharpening/case_studies/logs-entropycut/lcb_v6/2026-09-09/vllm/dataset-lcb_v6.model-qwen3.5-9b.alpha4.0.steps100.blocks-1.prefetch-budget-8.rank-reject_first.cut-entropy4.0.samples20.maxnew1024.seed10086.subtreePrefetch.vllm.log,41,4,9.601
/Users/jiangnanhugo/workspace/power-sharpening/Subtree-Prefetching-Power-Sharpening/case_studies/logs-entropycut/lcb_v6/2026-09-09/vllm/dataset-lcb_v6.model-qwen3.5-9b.alpha4.0.steps100.blocks-1.prefetch-budget-8.rank-reject_first.cut-entropy4.0.samples20.maxnew1024.seed10086.subtreePrefetch.vllm.log,42,2,9.288
/Users/jiangnanhugo/workspace/power-sharpening/Subtree-Prefetching-Power-Sharpening/case_studies/logs-entropycut/lcb_v6/2026-09-09/vllm/dataset-lcb_v6.model-qwen3.5-9b.alpha4.0.steps100.blocks-1.prefetch-budget-8.rank-reject_first.cut-entropy4.0.samples20.maxnew1024.seed10086.subtreePrefetch.vllm.log,43,2,8.742
/Users/jiangnanhugo/workspace/power-sharpening/Subtree-Prefetching-Power-Sharpening/case_studies/logs-entropycut/lcb_v6/2026-09-09/vllm/dataset-lcb_v6.model-qwen3.5-9b.alpha4.0.steps100.blocks-1.prefetch-budget-8.rank-reject_first.cut-entropy4.0.samples20.maxnew1024.seed10086.subtreePrefetch.vllm.log,44,2,8.433
/Users/jiangnanhugo/workspace/power-sharpening/Subtree-Prefetching-Power-Sharpening/case_studies/logs-entropycut/lcb_v6/2026-09-09/vllm/dataset-lcb_v6.model-qwen3.5-9b.alpha4.0.steps100.blocks-1.prefetch-budget-8.rank-reject_first.cut-entropy4.0.samples20.maxnew1024.seed10086.subtreePrefetch.vllm.log,45,1,9.47
/Users/jiangnanhugo/workspace/power-sharpening/Subtree-Prefetching-Power-Sharpening/case_studies/logs-entropycut/lcb_v6/2026-09-09/vllm/dataset-lcb_v6.model-qwen3.5-9b.alpha4.0.steps100.blocks-1.prefetch-budget-8.rank-reject_first.cut-entropy4.0.samples20.maxnew1024.seed10086.subtreePrefetch.vllm.log,46,1,8.477
/Users/jiangnanhugo/workspace/power-sharpening/Subtree-Prefetching-Power-Sharpening/case_studies/logs-entropycut/lcb_v6/2026-09-09/vllm/dataset-lcb_v6.model-qwen3.5-9b.alpha4.0.steps100.blocks-1.prefetch-budget-8.rank-reject_first.cut-entropy4.0.samples20.maxnew1024.seed10086.subtreePrefetch.vllm.log,47,2,8.462
/Users/jiangnanhugo/workspace/power-sharpening/Subtree-Prefetching-Power-Sharpening/case_studies/logs-entropycut/lcb_v6/2026-09-09/vllm/dataset-lcb_v6.model-qwen3.5-9b.alpha4.0.steps100.blocks-1.prefetch-budget-8.rank-reject_first.cut-entropy4.0.samples20.maxnew1024.seed10086.subtreePrefetch.vllm.log,48,1,8.439
/Users/jiangnanhugo/workspace/power-sharpening/Subtree-Prefetching-Power-Sharpening/case_studies/logs-entropycut/lcb_v6/2026-09-09/vllm/dataset-lcb_v6.model-qwen3.5-9b.alpha4.0.steps100.blocks-1.prefetch-budget-8.rank-reject_first.cut-entropy4.0.samples20.maxnew1024.seed10086.subtreePrefetch.vllm.log,49,3,9.81
/Users/jiangnanhugo/workspace/power-sharpening/Subtree-Prefetching-Power-Sharpening/case_studies/logs-entropycut/lcb_v6/2026-09-09/vllm/dataset-lcb_v6.model-qwen3.5-9b.alpha4.0.steps100.blocks-1.prefetch-budget-8.rank-reject_first.cut-entropy4.0.samples20.maxnew1024.seed10086.subtreePrefetch.vllm.log,50,8,8.871
/Users/jiangnanhugo/workspace/power-sharpening/Subtree-Prefetching-Power-Sharpening/case_studies/logs-entropycut/lcb_v6/2026-09-09/vllm/dataset-lcb_v6.model-qwen3.5-9b.alpha4.0.steps100.blocks-1.prefetch-budget-8.rank-reject_first.cut-entropy4.0.samples20.maxnew1024.seed10086.subtreePrefetch.vllm.log,51,3,8.657
/Users/jiangnanhugo/workspace/power-sharpening/Subtree-Prefetching-Power-Sharpening/case_studies/logs-entropycut/lcb_v6/2026-09-09/vllm/dataset-lcb_v6.model-qwen3.5-9b.alpha4.0.steps100.blocks-1.prefetch-budget-8.rank-reject_first.cut-entropy4.0.samples20.maxnew1024.seed10086.subtreePrefetch.vllm.log,52,1,9.415
/Users/jiangnanhugo/workspace/power-sharpening/Subtree-Prefetching-Power-Sharpening/case_studies/logs-entropycut/lcb_v6/2026-09-09/vllm/dataset-lcb_v6.model-qwen3.5-9b.alpha4.0.steps100.blocks-1.prefetch-budget-8.rank-reject_first.cut-entropy4.0.samples20.maxnew1024.seed10086.subtreePrefetch.vllm.log,53,1,8.796
/Users/jiangnanhugo/workspace/power-sharpening/Subtree-Prefetching-Power-Sharpening/case_studies/logs-entropycut/lcb_v6/2026-09-09/vllm/dataset-lcb_v6.model-qwen3.5-9b.alpha4.0.steps100.blocks-1.prefetch-budget-8.rank-reject_first.cut-entropy4.0.samples20.maxnew1024.seed10086.subtreePrefetch.vllm.log,54,7,9.529
/Users/jiangnanhugo/workspace/power-sharpening/Subtree-Prefetching-Power-Sharpening/case_studies/logs-entropycut/lcb_v6/2026-09-09/vllm/dataset-lcb_v6.model-qwen3.5-9b.alpha4.0.steps100.blocks-1.prefetch-budget-8.rank-reject_first.cut-entropy4.0.samples20.maxnew1024.seed10086.subtreePrefetch.vllm.log,55,4,9.47
/Users/jiangnanhugo/workspace/power-sharpening/Subtree-Prefetching-Power-Sharpening/case_studies/logs-entropycut/lcb_v6/2026-09-09/vllm/dataset-lcb_v6.model-qwen3.5-9b.alpha4.0.steps100.blocks-1.prefetch-budget-8.rank-reject_first.cut-entropy4.0.samples20.maxnew1024.seed10086.subtreePrefetch.vllm.log,56,3,7.094
/Users/jiangnanhugo/workspace/power-sharpening/Subtree-Prefetching-Power-Sharpening/case_studies/logs-entropycut/lcb_v6/2026-09-09/vllm/dataset-lcb_v6.model-qwen3.5-9b.alpha4.0.steps100.blocks-1.prefetch-budget-8.rank-reject_first.cut-entropy4.0.samples20.maxnew1024.seed10086.subtreePrefetch.vllm.log,57,4,9.312
/Users/jiangnanhugo/workspace/power-sharpening/Subtree-Prefetching-Power-Sharpening/case_studies/logs-entropycut/lcb_v6/2026-09-09/vllm/dataset-lcb_v6.model-qwen3.5-9b.alpha4.0.steps100.blocks-1.prefetch-budget-8.rank-reject_first.cut-entropy4.0.samples20.maxnew1024.seed10086.subtreePrefetch.vllm.log,58,2,9.314
/Users/jiangnanhugo/workspace/power-sharpening/Subtree-Prefetching-Power-Sharpening/case_studies/logs-entropycut/lcb_v6/2026-09-09/vllm/dataset-lcb_v6.model-qwen3.5-9b.alpha4.0.steps100.blocks-1.prefetch-budget-8.rank-reject_first.cut-entropy4.0.samples20.maxnew1024.seed10086.subtreePrefetch.vllm.log,59,8,8.694
/Users/jiangnanhugo/workspace/power-sharpening/Subtree-Prefetching-Power-Sharpening/case_studies/logs-entropycut/lcb_v6/2026-09-09/vllm/dataset-lcb_v6.model-qwen3.5-9b.alpha4.0.steps100.blocks-1.prefetch-budget-8.rank-reject_first.cut-entropy4.0.samples20.maxnew1024.seed10086.subtreePrefetch.vllm.log,60,2,7.371
/Users/jiangnanhugo/workspace/power-sharpening/Subtree-Prefetching-Power-Sharpening/case_studies/logs-entropycut/lcb_v6/2026-09-09/vllm/dataset-lcb_v6.model-qwen3.5-9b.alpha4.0.steps100.blocks-1.prefetch-budget-8.rank-reject_first.cut-entropy4.0.samples20.maxnew1024.seed10086.subtreePrefetch.vllm.log,61,5,9.012
/Users/jiangnanhugo/workspace/power-sharpening/Subtree-Prefetching-Power-Sharpening/case_studies/logs-entropycut/lcb_v6/2026-09-09/vllm/dataset-lcb_v6.model-qwen3.5-9b.alpha4.0.steps100.blocks-1.prefetch-budget-8.rank-reject_first.cut-entropy4.0.samples20.maxnew1024.seed10086.subtreePrefetch.vllm.log,62,2,9.498
/Users/jiangnanhugo/workspace/power-sharpening/Subtree-Prefetching-Power-Sharpening/case_studies/logs-entropycut/lcb_v6/2026-09-09/vllm/dataset-lcb_v6.model-qwen3.5-9b.alpha4.0.steps100.blocks-1.prefetch-budget-8.rank-reject_first.cut-entropy4.0.samples20.maxnew1024.seed10086.subtreePrefetch.vllm.log,63,4,8.808
/Users/jiangnanhugo/workspace/power-sharpening/Subtree-Prefetching-Power-Sharpening/case_studies/logs-entropycut/lcb_v6/2026-09-09/vllm/dataset-lcb_v6.model-qwen3.5-9b.alpha4.0.steps100.blocks-1.prefetch-budget-8.rank-reject_first.cut-entropy4.0.samples20.maxnew1024.seed10086.subtreePrefetch.vllm.log,64,3,7.25
/Users/jiangnanhugo/workspace/power-sharpening/Subtree-Prefetching-Power-Sharpening/case_studies/logs-entropycut/lcb_v6/2026-09-09/vllm/dataset-lcb_v6.model-qwen3.5-9b.alpha4.0.steps100.blocks-1.prefetch-budget-8.rank-reject_first.cut-entropy4.0.samples20.maxnew1024.seed10086.subtreePrefetch.vllm.log,65,3,9.44
/Users/jiangnanhugo/workspace/power-sharpening/Subtree-Prefetching-Power-Sharpening/case_studies/logs-entropycut/lcb_v6/2026-09-09/vllm/dataset-lcb_v6.model-qwen3.5-9b.alpha4.0.steps100.blocks-1.prefetch-budget-8.rank-reject_first.cut-entropy4.0.samples20.maxnew1024.seed10086.subtreePrefetch.vllm.log,66,3,8.751
/Users/jiangnanhugo/workspace/power-sharpening/Subtree-Prefetching-Power-Sharpening/case_studies/logs-entropycut/lcb_v6/2026-09-09/vllm/dataset-lcb_v6.model-qwen3.5-9b.alpha4.0.steps100.blocks-1.prefetch-budget-8.rank-reject_first.cut-entropy4.0.samples20.maxnew1024.seed10086.subtreePrefetch.vllm.log,67,1,7.152
/Users/jiangnanhugo/workspace/power-sharpening/Subtree-Prefetching-Power-Sharpening/case_studies/logs-entropycut/lcb_v6/2026-09-09/vllm/dataset-lcb_v6.model-qwen3.5-9b.alpha4.0.steps100.blocks-1.prefetch-budget-8.rank-reject_first.cut-entropy4.0.samples20.maxnew1024.seed10086.subtreePrefetch.vllm.log,68,7,9.789
/Users/jiangnanhugo/workspace/power-sharpening/Subtree-Prefetching-Power-Sharpening/case_studies/logs-entropycut/lcb_v6/2026-09-09/vllm/dataset-lcb_v6.model-qwen3.5-9b.alpha4.0.steps100.blocks-1.prefetch-budget-8.rank-reject_first.cut-entropy4.0.samples20.maxnew1024.seed10086.subtreePrefetch.vllm.log,69,1,8.771
/Users/jiangnanhugo/workspace/power-sharpening/Subtree-Prefetching-Power-Sharpening/case_studies/logs-entropycut/lcb_v6/2026-09-09/vllm/dataset-lcb_v6.model-qwen3.5-9b.alpha4.0.steps100.blocks-1.prefetch-budget-8.rank-reject_first.cut-entropy4.0.samples20.maxnew1024.seed10086.subtreePrefetch.vllm.log,70,8,9.087
/Users/jiangnanhugo/workspace/power-sharpening/Subtree-Prefetching-Power-Sharpening/case_studies/logs-entropycut/lcb_v6/2026-09-09/vllm/dataset-lcb_v6.model-qwen3.5-9b.alpha4.0.steps100.blocks-1.prefetch-budget-8.rank-reject_first.cut-entropy4.0.samples20.maxnew1024.seed10086.subtreePrefetch.vllm.log,71,8,9.204
/Users/jiangnanhugo/workspace/power-sharpening/Subtree-Prefetching-Power-Sharpening/case_studies/logs-entropycut/lcb_v6/2026-09-09/vllm/dataset-lcb_v6.model-qwen3.5-9b.alpha4.0.steps100.blocks-1.prefetch-budget-8.rank-reject_first.cut-entropy4.0.samples20.maxnew1024.seed10086.subtreePrefetch.vllm.log,72,2,9.278
/Users/jiangnanhugo/workspace/power-sharpening/Subtree-Prefetching-Power-Sharpening/case_studies/logs-entropycut/lcb_v6/2026-09-09/vllm/dataset-lcb_v6.model-qwen3.5-9b.alpha4.0.steps100.blocks-1.prefetch-budget-8.rank-reject_first.cut-entropy4.0.samples20.maxnew1024.seed10086.subtreePrefetch.vllm.log,73,8,9.072
/Users/jiangnanhugo/workspace/power-sharpening/Subtree-Prefetching-Power-Sharpening/case_studies/logs-entropycut/lcb_v6/2026-09-09/vllm/dataset-lcb_v6.model-qwen3.5-9b.alpha4.0.steps100.blocks-1.prefetch-budget-8.rank-reject_first.cut-entropy4.0.samples20.maxnew1024.seed10086.subtreePrefetch.vllm.log,74,8,9.014
/Users/jiangnanhugo/workspace/power-sharpening/Subtree-Prefetching-Power-Sharpening/case_studies/logs-entropycut/lcb_v6/2026-09-09/vllm/dataset-lcb_v6.model-qwen3.5-9b.alpha4.0.steps100.blocks-1.prefetch-budget-8.rank-reject_first.cut-entropy4.0.samples20.maxnew1024.seed10086.subtreePrefetch.vllm.log,75,1,8.907
/Users/jiangnanhugo/workspace/power-sharpening/Subtree-Prefetching-Power-Sharpening/case_studies/logs-entropycut/lcb_v6/2026-09-09/vllm/dataset-lcb_v6.model-qwen3.5-9b.alpha4.0.steps100.blocks-1.prefetch-budget-8.rank-reject_first.cut-entropy4.0.samples20.maxnew1024.seed10086.subtreePrefetch.vllm.log,76,6,9.275
/Users/jiangnanhugo/workspace/power-sharpening/Subtree-Prefetching-Power-Sharpening/case_studies/logs-entropycut/lcb_v6/2026-09-09/vllm/dataset-lcb_v6.model-qwen3.5-9b.alpha4.0.steps100.blocks-1.prefetch-budget-8.rank-reject_first.cut-entropy4.0.samples20.maxnew1024.seed10086.subtreePrefetch.vllm.log,77,8,5.738
/Users/jiangnanhugo/workspace/power-sharpening/Subtree-Prefetching-Power-Sharpening/case_studies/logs-entropycut/lcb_v6/2026-09-09/vllm/dataset-lcb_v6.model-qwen3.5-9b.alpha4.0.steps100.blocks-1.prefetch-budget-8.rank-reject_first.cut-entropy4.0.samples20.maxnew1024.seed10086.subtreePrefetch.vllm.log,78,7,9.184
/Users/jiangnanhugo/workspace/power-sharpening/Subtree-Prefetching-Power-Sharpening/case_studies/logs-entropycut/lcb_v6/2026-09-09/vllm/dataset-lcb_v6.model-qwen3.5-9b.alpha4.0.steps100.blocks-1.prefetch-budget-8.rank-reject_first.cut-entropy4.0.samples20.maxnew1024.seed10086.subtreePrefetch.vllm.log,79,8,9.752
/Users/jiangnanhugo/workspace/power-sharpening/Subtree-Prefetching-Power-Sharpening/case_studies/logs-entropycut/lcb_v6/2026-09-09/vllm/dataset-lcb_v6.model-qwen3.5-9b.alpha4.0.steps100.blocks-1.prefetch-budget-8.rank-reject_first.cut-entropy4.0.samples20.maxnew1024.seed10086.subtreePrefetch.vllm.log,80,8,8.892
/Users/jiangnanhugo/workspace/power-sharpening/Subtree-Prefetching-Power-Sharpening/case_studies/logs-entropycut/lcb_v6/2026-09-09/vllm/dataset-lcb_v6.model-qwen3.5-9b.alpha4.0.steps100.blocks-1.prefetch-budget-8.rank-reject_first.cut-entropy4.0.samples20.maxnew1024.seed10086.subtreePrefetch.vllm.log,81,2,8.688
/Users/jiangnanhugo/workspace/power-sharpening/Subtree-Prefetching-Power-Sharpening/case_studies/logs-entropycut/lcb_v6/2026-09-09/vllm/dataset-lcb_v6.model-qwen3.5-9b.alpha4.0.steps100.blocks-1.prefetch-budget-8.rank-reject_first.cut-entropy4.0.samples20.maxnew1024.seed10086.subtreePrefetch.vllm.log,82,1,8.789
/Users/jiangnanhugo/workspace/power-sharpening/Subtree-Prefetching-Power-Sharpening/case_studies/logs-entropycut/lcb_v6/2026-09-09/vllm/dataset-lcb_v6.model-qwen3.5-9b.alpha4.0.steps100.blocks-1.prefetch-budget-8.rank-reject_first.cut-entropy4.0.samples20.maxnew1024.seed10086.subtreePrefetch.vllm.log,83,5,5.998
/Users/jiangnanhugo/workspace/power-sharpening/Subtree-Prefetching-Power-Sharpening/case_studies/logs-entropycut/lcb_v6/2026-09-09/vllm/dataset-lcb_v6.model-qwen3.5-9b.alpha4.0.steps100.blocks-1.prefetch-budget-8.rank-reject_first.cut-entropy4.0.samples20.maxnew1024.seed10086.subtreePrefetch.vllm.log,84,5,8.802
/Users/jiangnanhugo/workspace/power-sharpening/Subtree-Prefetching-Power-Sharpening/case_studies/logs-entropycut/lcb_v6/2026-09-09/vllm/dataset-lcb_v6.model-qwen3.5-9b.alpha4.0.steps100.blocks-1.prefetch-budget-8.rank-reject_first.cut-entropy4.0.samples20.maxnew1024.seed10086.subtreePrefetch.vllm.log,85,5,8.586
/Users/jiangnanhugo/workspace/power-sharpening/Subtree-Prefetching-Power-Sharpening/case_studies/logs-entropycut/lcb_v6/2026-09-09/vllm/dataset-lcb_v6.model-qwen3.5-9b.alpha4.0.steps100.blocks-1.prefetch-budget-8.rank-reject_first.cut-entropy4.0.samples20.maxnew1024.seed10086.subtreePrefetch.vllm.log,86,5,8.906
/Users/jiangnanhugo/workspace/power-sharpening/Subtree-Prefetching-Power-Sharpening/case_studies/logs-entropycut/lcb_v6/2026-09-09/vllm/dataset-lcb_v6.model-qwen3.5-9b.alpha4.0.steps100.blocks-1.prefetch-budget-8.rank-reject_first.cut-entropy4.0.samples20.maxnew1024.seed10086.subtreePrefetch.vllm.log,87,3,9.022
/Users/jiangnanhugo/workspace/power-sharpening/Subtree-Prefetching-Power-Sharpening/case_studies/logs-entropycut/lcb_v6/2026-09-09/vllm/dataset-lcb_v6.model-qwen3.5-9b.alpha4.0.steps100.blocks-1.prefetch-budget-8.rank-reject_first.cut-entropy4.0.samples20.maxnew1024.seed10086.subtreePrefetch.vllm.log,88,1,8.069
/Users/jiangnanhugo/workspace/power-sharpening/Subtree-Prefetching-Power-Sharpening/case_studies/logs-entropycut/lcb_v6/2026-09-09/vllm/dataset-lcb_v6.model-qwen3.5-9b.alpha4.0.steps100.blocks-1.prefetch-budget-8.rank-reject_first.cut-entropy4.0.samples20.maxnew1024.seed10086.subtreePrefetch.vllm.log,89,1,8.575
/Users/jiangnanhugo/workspace/power-sharpening/Subtree-Prefetching-Power-Sharpening/case_studies/logs-entropycut/lcb_v6/2026-09-09/vllm/dataset-lcb_v6.model-qwen3.5-9b.alpha4.0.steps100.blocks-1.prefetch-budget-8.rank-reject_first.cut-entropy4.0.samples20.maxnew1024.seed10086.subtreePrefetch.vllm.log,90,1,8.647
/Users/jiangnanhugo/workspace/power-sharpening/Subtree-Prefetching-Power-Sharpening/case_studies/logs-entropycut/lcb_v6/2026-09-09/vllm/dataset-lcb_v6.model-qwen3.5-9b.alpha4.0.steps100.blocks-1.prefetch-budget-8.rank-reject_first.cut-entropy4.0.samples20.maxnew1024.seed10086.subtreePrefetch.vllm.log,91,1,8.436
/Users/jiangnanhugo/workspace/power-sharpening/Subtree-Prefetching-Power-Sharpening/case_studies/logs-entropycut/lcb_v6/2026-09-09/vllm/dataset-lcb_v6.model-qwen3.5-9b.alpha4.0.steps100.blocks-1.prefetch-budget-8.rank-reject_first.cut-entropy4.0.samples20.maxnew1024.seed10086.subtreePrefetch.vllm.log,92,5,7.753
/Users/jiangnanhugo/workspace/power-sharpening/Subtree-Prefetching-Power-Sharpening/case_studies/logs-entropycut/lcb_v6/2026-09-09/vllm/dataset-lcb_v6.model-qwen3.5-9b.alpha4.0.steps100.blocks-1.prefetch-budget-8.rank-reject_first.cut-entropy4.0.samples20.maxnew1024.seed10086.subtreePrefetch.vllm.log,93,2,8.435
/Users/jiangnanhugo/workspace/power-sharpening/Subtree-Prefetching-Power-Sharpening/case_studies/logs-entropycut/lcb_v6/2026-09-09/vllm/dataset-lcb_v6.model-qwen3.5-9b.alpha4.0.steps100.blocks-1.prefetch-budget-8.rank-reject_first.cut-entropy4.0.samples20.maxnew1024.seed10086.subtreePrefetch.vllm.log,94,6,8.693
/Users/jiangnanhugo/workspace/power-sharpening/Subtree-Prefetching-Power-Sharpening/case_studies/logs-entropycut/lcb_v6/2026-09-09/vllm/dataset-lcb_v6.model-qwen3.5-9b.alpha4.0.steps100.blocks-1.prefetch-budget-8.rank-reject_first.cut-entropy4.0.samples20.maxnew1024.seed10086.subtreePrefetch.vllm.log,95,1,9.515
/Users/jiangnanhugo/workspace/power-sharpening/Subtree-Prefetching-Power-Sharpening/case_studies/logs-entropycut/lcb_v6/2026-09-09/vllm/dataset-lcb_v6.model-qwen3.5-9b.alpha4.0.steps100.blocks-1.prefetch-budget-8.rank-reject_first.cut-entropy4.0.samples20.maxnew1024.seed10086.subtreePrefetch.vllm.log,96,7,8.371
/Users/jiangnanhugo/workspace/power-sharpening/Subtree-Prefetching-Power-Sharpening/case_studies/logs-entropycut/lcb_v6/2026-09-09/vllm/dataset-lcb_v6.model-qwen3.5-9b.alpha4.0.steps100.blocks-1.prefetch-budget-8.rank-reject_first.cut-entropy4.0.samples20.maxnew1024.seed10086.subtreePrefetch.vllm.log,97,3,8.255
/Users/jiangnanhugo/workspace/power-sharpening/Subtree-Prefetching-Power-Sharpening/case_studies/logs-entropycut/lcb_v6/2026-09-09/vllm/dataset-lcb_v6.model-qwen3.5-9b.alpha4.0.steps100.blocks-1.prefetch-budget-8.rank-reject_first.cut-entropy4.0.samples20.maxnew1024.seed10086.subtreePrefetch.vllm.log,98,1,8.766
/Users/jiangnanhugo/workspace/power-sharpening/Subtree-Prefetching-Power-Sharpening/case_studies/logs-entropycut/lcb_v6/2026-09-09/vllm/dataset-lcb_v6.model-qwen3.5-9b.alpha4.0.steps100.blocks-1.prefetch-budget-8.rank-reject_first.cut-entropy4.0.samples20.maxnew1024.seed10086.subtreePrefetch.vllm.log,99,6,9.483
/Users/jiangnanhugo/workspace/power-sharpening/Subtree-Prefetching-Power-Sharpening/case_studies/logs-entropycut/lcb_v6/2026-09-09/vllm/dataset-lcb_v6.model-qwen3.5-9b.alpha4.0.steps100.blocks-1.prefetch-budget-8.rank-reject_first.cut-entropy4.0.samples20.maxnew1024.seed10086.subtreePrefetch.vllm.log,100,1,8.749
/Users/jiangnanhugo/workspace/power-sharpening/Subtree-Prefetching-Power-Sharpening/case_studies/logs-entropycut/lcb_v6/2026-09-09/vllm/dataset-lcb_v6.model-qwen3.5-9b.alpha4.0.steps100.blocks-1.prefetch-budget-8.rank-reject_first.cut-entropy4.0.samples20.maxnew1024.seed10086.subtreePrefetch.vllm.log,101,1,9.23
/Users/jiangnanhugo/workspace/power-sharpening/Subtree-Prefetching-Power-Sharpening/case_studies/logs-entropycut/lcb_v6/2026-09-09/vllm/dataset-lcb_v6.model-qwen3.5-9b.alpha4.0.steps100.blocks-1.prefetch-budget-8.rank-reject_first.cut-entropy4.0.samples20.maxnew1024.seed10086.subtreePrefetch.vllm.log,102,2,8.652
/Users/jiangnanhugo/workspace/power-sharpening/Subtree-Prefetching-Power-Sharpening/case_studies/logs-entropycut/lcb_v6/2026-09-09/vllm/dataset-lcb_v6.model-qwen3.5-9b.alpha4.0.steps100.blocks-1.prefetch-budget-8.rank-reject_first.cut-entropy4.0.samples20.maxnew1024.seed10086.subtreePrefetch.vllm.log,103,2,7.601
/Users/jiangnanhugo/workspace/power-sharpening/Subtree-Prefetching-Power-Sharpening/case_studies/logs-entropycut/lcb_v6/2026-09-09/vllm/dataset-lcb_v6.model-qwen3.5-9b.alpha4.0.steps100.blocks-1.prefetch-budget-8.rank-reject_first.cut-entropy4.0.samples20.maxnew1024.seed10086.subtreePrefetch.vllm.log,104,2,7.481
/Users/jiangnanhugo/workspace/power-sharpening/Subtree-Prefetching-Power-Sharpening/case_studies/logs-entropycut/lcb_v6/2026-09-09/vllm/dataset-lcb_v6.model-qwen3.5-9b.alpha4.0.steps100.blocks-1.prefetch-budget-8.rank-reject_first.cut-entropy4.0.samples20.maxnew1024.seed10086.subtreePrefetch.vllm.log,105,1,8.687
/Users/jiangnanhugo/workspace/power-sharpening/Subtree-Prefetching-Power-Sharpening/case_studies/logs-entropycut/lcb_v6/2026-09-09/vllm/dataset-lcb_v6.model-qwen3.5-9b.alpha4.0.steps100.blocks-1.prefetch-budget-8.rank-reject_first.cut-entropy4.0.samples20.maxnew1024.seed10086.subtreePrefetch.vllm.log,106,4,8.97
/Users/jiangnanhugo/workspace/power-sharpening/Subtree-Prefetching-Power-Sharpening/case_studies/logs-entropycut/lcb_v6/2026-09-09/vllm/dataset-lcb_v6.model-qwen3.5-9b.alpha4.0.steps100.blocks-1.prefetch-budget-8.rank-reject_first.cut-entropy4.0.samples20.maxnew1024.seed10086.subtreePrefetch.vllm.log,107,1,7.023
/Users/jiangnanhugo/workspace/power-sharpening/Subtree-Prefetching-Power-Sharpening/case_studies/logs-entropycut/lcb_v6/2026-09-09/vllm/dataset-lcb_v6.model-qwen3.5-9b.alpha4.0.steps100.blocks-1.prefetch-budget-8.rank-reject_first.cut-entropy4.0.samples20.maxnew1024.seed10086.subtreePrefetch.vllm.log,108,1,8.881
/Users/jiangnanhugo/workspace/power-sharpening/Subtree-Prefetching-Power-Sharpening/case_studies/logs-entropycut/lcb_v6/2026-09-09/vllm/dataset-lcb_v6.model-qwen3.5-9b.alpha4.0.steps100.blocks-1.prefetch-budget-8.rank-reject_first.cut-entropy4.0.samples20.maxnew1024.seed10086.subtreePrefetch.vllm.log,109,1,8.246
/Users/jiangnanhugo/workspace/power-sharpening/Subtree-Prefetching-Power-Sharpening/case_studies/logs-entropycut/lcb_v6/2026-09-09/vllm/dataset-lcb_v6.model-qwen3.5-9b.alpha4.0.steps100.blocks-1.prefetch-budget-8.rank-reject_first.cut-entropy4.0.samples20.maxnew1024.seed10086.subtreePrefetch.vllm.log,110,1,10.138
/Users/jiangnanhugo/workspace/power-sharpening/Subtree-Prefetching-Power-Sharpening/case_studies/logs-entropycut/lcb_v6/2026-09-09/vllm/dataset-lcb_v6.model-qwen3.5-9b.alpha4.0.steps100.blocks-1.prefetch-budget-8.rank-reject_first.cut-entropy4.0.samples20.maxnew1024.seed10086.subtreePrefetch.vllm.log,111,1,8.156
/Users/jiangnanhugo/workspace/power-sharpening/Subtree-Prefetching-Power-Sharpening/case_studies/logs-entropycut/lcb_v6/2026-09-09/vllm/dataset-lcb_v6.model-qwen3.5-9b.alpha4.0.steps100.blocks-1.prefetch-budget-8.rank-reject_first.cut-entropy4.0.samples20.maxnew1024.seed10086.subtreePrefetch.vllm.log,112,2,8.369
/Users/jiangnanhugo/workspace/power-sharpening/Subtree-Prefetching-Power-Sharpening/case_studies/logs-entropycut/lcb_v6/2026-09-09/vllm/dataset-lcb_v6.model-qwen3.5-9b.alpha4.0.steps100.blocks-1.prefetch-budget-8.rank-reject_first.cut-entropy4.0.samples20.maxnew1024.seed10086.subtreePrefetch.vllm.log,113,1,8.402
/Users/jiangnanhugo/workspace/power-sharpening/Subtree-Prefetching-Power-Sharpening/case_studies/logs-entropycut/lcb_v6/2026-09-09/vllm/dataset-lcb_v6.model-qwen3.5-9b.alpha4.0.steps100.blocks-1.prefetch-budget-8.rank-reject_first.cut-entropy4.0.samples20.maxnew1024.seed10086.subtreePrefetch.vllm.log,114,1,9.03
/Users/jiangnanhugo/workspace/power-sharpening/Subtree-Prefetching-Power-Sharpening/case_studies/logs-entropycut/lcb_v6/2026-09-09/vllm/dataset-lcb_v6.model-qwen3.5-9b.alpha4.0.steps100.blocks-1.prefetch-budget-8.rank-reject_first.cut-entropy4.0.samples20.maxnew1024.seed10086.subtreePrefetch.vllm.log,115,2,8.392
/Users/jiangnanhugo/workspace/power-sharpening/Subtree-Prefetching-Power-Sharpening/case_studies/logs-entropycut/lcb_v6/2026-09-09/vllm/dataset-lcb_v6.model-qwen3.5-9b.alpha4.0.steps100.blocks-1.prefetch-budget-8.rank-reject_first.cut-entropy4.0.samples20.maxnew1024.seed10086.subtreePrefetch.vllm.log,116,8,8.337
/Users/jiangnanhugo/workspace/power-sharpening/Subtree-Prefetching-Power-Sharpening/case_studies/logs-entropycut/lcb_v6/2026-09-09/vllm/dataset-lcb_v6.model-qwen3.5-9b.alpha4.0.steps100.blocks-1.prefetch-budget-8.rank-reject_first.cut-entropy4.0.samples20.maxnew1024.seed10086.subtreePrefetch.vllm.log,117,7,9.289
/Users/jiangnanhugo/workspace/power-sharpening/Subtree-Prefetching-Power-Sharpening/case_studies/logs-entropycut/lcb_v6/2026-09-09/vllm/dataset-lcb_v6.model-qwen3.5-9b.alpha4.0.steps100.blocks-1.prefetch-budget-8.rank-reject_first.cut-entropy4.0.samples20.maxnew1024.seed10086.subtreePrefetch.vllm.log,118,2,8.011
/Users/jiangnanhugo/workspace/power-sharpening/Subtree-Prefetching-Power-Sharpening/case_studies/logs-entropycut/lcb_v6/2026-09-09/vllm/dataset-lcb_v6.model-qwen3.5-9b.alpha4.0.steps100.blocks-1.prefetch-budget-8.rank-reject_first.cut-entropy4.0.samples20.maxnew1024.seed10086.subtreePrefetch.vllm.log,119,1,8.328
/Users/jiangnanhugo/workspace/power-sharpening/Subtree-Prefetching-Power-Sharpening/case_studies/logs-entropycut/lcb_v6/2026-09-09/vllm/dataset-lcb_v6.model-qwen3.5-9b.alpha4.0.steps100.blocks-1.prefetch-budget-8.rank-reject_first.cut-entropy4.0.samples20.maxnew1024.seed10086.subtreePrefetch.vllm.log,120,1,8.573
/Users/jiangnanhugo/workspace/power-sharpening/Subtree-Prefetching-Power-Sharpening/case_studies/logs-entropycut/lcb_v6/2026-09-09/vllm/dataset-lcb_v6.model-qwen3.5-9b.alpha4.0.steps100.blocks-1.prefetch-budget-8.rank-reject_first.cut-entropy4.0.samples20.maxnew1024.seed10086.subtreePrefetch.vllm.log,121,2,11.267
/Users/jiangnanhugo/workspace/power-sharpening/Subtree-Prefetching-Power-Sharpening/case_studies/logs-entropycut/lcb_v6/2026-09-09/vllm/dataset-lcb_v6.model-qwen3.5-9b.alpha4.0.steps100.blocks-1.prefetch-budget-8.rank-reject_first.cut-entropy4.0.samples20.maxnew1024.seed10086.subtreePrefetch.vllm.log,122,2,6.159
/Users/jiangnanhugo/workspace/power-sharpening/Subtree-Prefetching-Power-Sharpening/case_studies/logs-entropycut/lcb_v6/2026-09-09/vllm/dataset-lcb_v6.model-qwen3.5-9b.alpha4.0.steps100.blocks-1.prefetch-budget-8.rank-reject_first.cut-entropy4.0.samples20.maxnew1024.seed10086.subtreePrefetch.vllm.log,123,2,8.408
/Users/jiangnanhugo/workspace/power-sharpening/Subtree-Prefetching-Power-Sharpening/case_studies/logs-entropycut/lcb_v6/2026-09-09/vllm/dataset-lcb_v6.model-qwen3.5-9b.alpha4.0.steps100.blocks-1.prefetch-budget-8.rank-reject_first.cut-entropy4.0.samples20.maxnew1024.seed10086.subtreePrefetch.vllm.log,124,1,8.761
/Users/jiangnanhugo/workspace/power-sharpening/Subtree-Prefetching-Power-Sharpening/case_studies/logs-entropycut/lcb_v6/2026-09-09/vllm/dataset-lcb_v6.model-qwen3.5-9b.alpha4.0.steps100.blocks-1.prefetch-budget-8.rank-reject_first.cut-entropy4.0.samples20.maxnew1024.seed10086.subtreePrefetch.vllm.log,125,2,6.851
/Users/jiangnanhugo/workspace/power-sharpening/Subtree-Prefetching-Power-Sharpening/case_studies/logs-entropycut/lcb_v6/2026-09-09/vllm/dataset-lcb_v6.model-qwen3.5-9b.alpha4.0.steps100.blocks-1.prefetch-budget-8.rank-reject_first.cut-entropy4.0.samples20.maxnew1024.seed10086.subtreePrefetch.vllm.log,126,1,7.501
/Users/jiangnanhugo/workspace/power-sharpening/Subtree-Prefetching-Power-Sharpening/case_studies/logs-entropycut/lcb_v6/2026-09-09/vllm/dataset-lcb_v6.model-qwen3.5-9b.alpha4.0.steps100.blocks-1.prefetch-budget-8.rank-reject_first.cut-entropy4.0.samples20.maxnew1024.seed10086.subtreePrefetch.vllm.log,127,5,7.252
/Users/jiangnanhugo/workspace/power-sharpening/Subtree-Prefetching-Power-Sharpening/case_studies/logs-entropycut/lcb_v6/2026-09-09/vllm/dataset-lcb_v6.model-qwen3.5-9b.alpha4.0.steps100.blocks-1.prefetch-budget-8.rank-reject_first.cut-entropy4.0.samples20.maxnew1024.seed10086.subtreePrefetch.vllm.log,128,2,7.09
/Users/jiangnanhugo/workspace/power-sharpening/Subtree-Prefetching-Power-Sharpening/case_studies/logs-entropycut/lcb_v6/2026-09-09/vllm/dataset-lcb_v6.model-qwen3.5-9b.alpha4.0.steps100.blocks-1.prefetch-budget-8.rank-reject_first.cut-entropy4.0.samples20.maxnew1024.seed10086.subtreePrefetch.vllm.log,129,5,9.402
/Users/jiangnanhugo/workspace/power-sharpening/Subtree-Prefetching-Power-Sharpening/case_studies/logs-entropycut/lcb_v6/2026-09-09/vllm/dataset-lcb_v6.model-qwen3.5-9b.alpha4.0.steps100.blocks-1.prefetch-budget-8.rank-reject_first.cut-entropy4.0.samples20.maxnew1024.seed10086.subtreePrefetch.vllm.log,130,1,3.764
/Users/jiangnanhugo/workspace/power-sharpening/Subtree-Prefetching-Power-Sharpening/case_studies/logs-entropycut/lcb_v6/2026-09-09/vllm/dataset-lcb_v6.model-qwen3.5-9b.alpha4.0.steps100.blocks-1.prefetch-budget-8.rank-reject_first.cut-entropy4.0.samples20.maxnew1024.seed10086.subtreePrefetch.vllm.log,131,1,7.114
/Users/jiangnanhugo/workspace/power-sharpening/Subtree-Prefetching-Power-Sharpening/case_studies/logs-entropycut/lcb_v6/2026-09-09/vllm/dataset-lcb_v6.model-qwen3.5-9b.alpha4.0.steps100.blocks-1.prefetch-budget-8.rank-reject_first.cut-entropy4.0.samples20.maxnew1024.seed10086.subtreePrefetch.vllm.log,132,3,7.511
/Users/jiangnanhugo/workspace/power-sharpening/Subtree-Prefetching-Power-Sharpening/case_studies/logs-entropycut/lcb_v6/2026-09-09/vllm/dataset-lcb_v6.model-qwen3.5-9b.alpha4.0.steps100.blocks-1.prefetch-budget-8.rank-reject_first.cut-entropy4.0.samples20.maxnew1024.seed10086.subtreePrefetch.vllm.log,133,1,7.688
/Users/jiangnanhugo/workspace/power-sharpening/Subtree-Prefetching-Power-Sharpening/case_studies/logs-entropycut/lcb_v6/2026-09-09/vllm/dataset-lcb_v6.model-qwen3.5-9b.alpha4.0.steps100.blocks-1.prefetch-budget-8.rank-reject_first.cut-entropy4.0.samples20.maxnew1024.seed10086.subtreePrefetch.vllm.log,134,3,6.293
/Users/jiangnanhugo/workspace/power-sharpening/Subtree-Prefetching-Power-Sharpening/case_studies/logs-entropycut/lcb_v6/2026-09-09/vllm/dataset-lcb_v6.model-qwen3.5-9b.alpha4.0.steps100.blocks-1.prefetch-budget-8.rank-reject_first.cut-entropy4.0.samples20.maxnew1024.seed10086.subtreePrefetch.vllm.log,135,1,2.912
/Users/jiangnanhugo/workspace/power-sharpening/Subtree-Prefetching-Power-Sharpening/case_studies/logs-entropycut/lcb_v6/2026-09-09/vllm/dataset-lcb_v6.model-qwen3.5-9b.alpha4.0.steps100.blocks-1.prefetch-budget-8.rank-reject_first.cut-entropy4.0.samples20.maxnew1024.seed10086.subtreePrefetch.vllm.log,136,1,5.335
/Users/jiangnanhugo/workspace/power-sharpening/Subtree-Prefetching-Power-Sharpening/case_studies/logs-entropycut/lcb_v6/2026-09-09/vllm/dataset-lcb_v6.model-qwen3.5-9b.alpha4.0.steps100.blocks-1.prefetch-budget-8.rank-reject_first.cut-entropy4.0.samples20.maxnew1024.seed10086.subtreePrefetch.vllm.log,137,2,8.4
/Users/jiangnanhugo/workspace/power-sharpening/Subtree-Prefetching-Power-Sharpening/case_studies/logs-entropycut/lcb_v6/2026-09-09/vllm/dataset-lcb_v6.model-qwen3.5-9b.alpha4.0.steps100.blocks-1.prefetch-budget-8.rank-reject_first.cut-entropy4.0.samples20.maxnew1024.seed10086.subtreePrefetch.vllm.log,138,1,6.773
/Users/jiangnanhugo/workspace/power-sharpening/Subtree-Prefetching-Power-Sharpening/case_studies/logs-entropycut/lcb_v6/2026-09-09/vllm/dataset-lcb_v6.model-qwen3.5-9b.alpha4.0.steps100.blocks-1.prefetch-budget-8.rank-reject_first.cut-entropy4.0.samples20.maxnew1024.seed10086.subtreePrefetch.vllm.log,139,2,7.998
/Users/jiangnanhugo/workspace/power-sharpening/Subtree-Prefetching-Power-Sharpening/case_studies/logs-entropycut/lcb_v6/2026-09-09/vllm/dataset-lcb_v6.model-qwen3.5-9b.alpha4.0.steps100.blocks-1.prefetch-budget-8.rank-reject_first.cut-entropy4.0.samples20.maxnew1024.seed10086.subtreePrefetch.vllm.log,140,3,5.168
/Users/jiangnanhugo/workspace/power-sharpening/Subtree-Prefetching-Power-Sharpening/case_studies/logs-entropycut/lcb_v6/2026-09-09/vllm/dataset-lcb_v6.model-qwen3.5-9b.alpha4.0.steps100.blocks-1.prefetch-budget-8.rank-reject_first.cut-entropy4.0.samples20.maxnew1024.seed10086.subtreePrefetch.vllm.log,141,8,7.143
/Users/jiangnanhugo/workspace/power-sharpening/Subtree-Prefetching-Power-Sharpening/case_studies/logs-entropycut/lcb_v6/2026-09-09/vllm/dataset-lcb_v6.model-qwen3.5-9b.alpha4.0.steps100.blocks-1.prefetch-budget-8.rank-reject_first.cut-entropy4.0.samples20.maxnew1024.seed10086.subtreePrefetch.vllm.log,142,6,8.184
/Users/jiangnanhugo/workspace/power-sharpening/Subtree-Prefetching-Power-Sharpening/case_studies/logs-entropycut/lcb_v6/2026-09-09/vllm/dataset-lcb_v6.model-qwen3.5-9b.alpha4.0.steps100.blocks-1.prefetch-budget-8.rank-reject_first.cut-entropy4.0.samples20.maxnew1024.seed10086.subtreePrefetch.vllm.log,143,1,6.738
/Users/jiangnanhugo/workspace/power-sharpening/Subtree-Prefetching-Power-Sharpening/case_studies/logs-entropycut/lcb_v6/2026-09-09/vllm/dataset-lcb_v6.model-qwen3.5-9b.alpha4.0.steps100.blocks-1.prefetch-budget-8.rank-reject_first.cut-entropy4.0.samples20.maxnew1024.seed10086.subtreePrefetch.vllm.log,144,4,6.634
/Users/jiangnanhugo/workspace/power-sharpening/Subtree-Prefetching-Power-Sharpening/case_studies/logs-entropycut/lcb_v6/2026-09-09/vllm/dataset-lcb_v6.model-qwen3.5-9b.alpha4.0.steps100.blocks-1.prefetch-budget-8.rank-reject_first.cut-entropy4.0.samples20.maxnew1024.seed10086.subtreePrefetch.vllm.log,145,1,5.802
/Users/jiangnanhugo/workspace/power-sharpening/Subtree-Prefetching-Power-Sharpening/case_studies/logs-entropycut/lcb_v6/2026-09-09/vllm/dataset-lcb_v6.model-qwen3.5-9b.alpha4.0.steps100.blocks-1.prefetch-budget-8.rank-reject_first.cut-entropy4.0.samples20.maxnew1024.seed10086.subtreePrefetch.vllm.log,146,4,8.459
/Users/jiangnanhugo/workspace/power-sharpening/Subtree-Prefetching-Power-Sharpening/case_studies/logs-entropycut/lcb_v6/2026-09-09/vllm/dataset-lcb_v6.model-qwen3.5-9b.alpha4.0.steps100.blocks-1.prefetch-budget-8.rank-reject_first.cut-entropy4.0.samples20.maxnew1024.seed10086.subtreePrefetch.vllm.log,147,4,7.679
/Users/jiangnanhugo/workspace/power-sharpening/Subtree-Prefetching-Power-Sharpening/case_studies/logs-entropycut/lcb_v6/2026-09-09/vllm/dataset-lcb_v6.model-qwen3.5-9b.alpha4.0.steps100.blocks-1.prefetch-budget-8.rank-reject_first.cut-entropy4.0.samples20.maxnew1024.seed10086.subtreePrefetch.vllm.log,148,3,7.434
/Users/jiangnanhugo/workspace/power-sharpening/Subtree-Prefetching-Power-Sharpening/case_studies/logs-entropycut/lcb_v6/2026-09-09/vllm/dataset-lcb_v6.model-qwen3.5-9b.alpha4.0.steps100.blocks-1.prefetch-budget-8.rank-reject_first.cut-entropy4.0.samples20.maxnew1024.seed10086.subtreePrefetch.vllm.log,149,2,8.3
/Users/jiangnanhugo/workspace/power-sharpening/Subtree-Prefetching-Power-Sharpening/case_studies/logs-entropycut/lcb_v6/2026-09-09/vllm/dataset-lcb_v6.model-qwen3.5-9b.alpha4.0.steps100.blocks-1.prefetch-budget-8.rank-reject_first.cut-entropy4.0.samples20.maxnew1024.seed10086.subtreePrefetch.vllm.log,150,4,8.178
/Users/jiangnanhugo/workspace/power-sharpening/Subtree-Prefetching-Power-Sharpening/case_studies/logs-entropycut/lcb_v6/2026-09-09/vllm/dataset-lcb_v6.model-qwen3.5-9b.alpha4.0.steps100.blocks-1.prefetch-budget-8.rank-reject_first.cut-entropy4.0.samples20.maxnew1024.seed10086.subtreePrefetch.vllm.log,151,8,9.666
/Users/jiangnanhugo/workspace/power-sharpening/Subtree-Prefetching-Power-Sharpening/case_studies/logs-entropycut/lcb_v6/2026-09-09/vllm/dataset-lcb_v6.model-qwen3.5-9b.alpha4.0.steps100.blocks-1.prefetch-budget-8.rank-reject_first.cut-entropy4.0.samples20.maxnew1024.seed10086.subtreePrefetch.vllm.log,152,7,9.354
/Users/jiangnanhugo/workspace/power-sharpening/Subtree-Prefetching-Power-Sharpening/case_studies/logs-entropycut/lcb_v6/2026-09-09/vllm/dataset-lcb_v6.model-qwen3.5-9b.alpha4.0.steps100.blocks-1.prefetch-budget-8.rank-reject_first.cut-entropy4.0.samples20.maxnew1024.seed10086.subtreePrefetch.vllm.log,153,8,8.45
/Users/jiangnanhugo/workspace/power-sharpening/Subtree-Prefetching-Power-Sharpening/case_studies/logs-entropycut/lcb_v6/2026-09-09/vllm/dataset-lcb_v6.model-qwen3.5-9b.alpha4.0.steps100.blocks-1.prefetch-budget-8.rank-reject_first.cut-entropy4.0.samples20.maxnew1024.seed10086.subtreePrefetch.vllm.log,154,2,8.575
/Users/jiangnanhugo/workspace/power-sharpening/Subtree-Prefetching-Power-Sharpening/case_studies/logs-entropycut/lcb_v6/2026-09-09/vllm/dataset-lcb_v6.model-qwen3.5-9b.alpha4.0.steps100.blocks-1.prefetch-budget-8.rank-reject_first.cut-entropy4.0.samples20.maxnew1024.seed10086.subtreePrefetch.vllm.log,155,4,7.42
/Users/jiangnanhugo/workspace/power-sharpening/Subtree-Prefetching-Power-Sharpening/case_studies/logs-entropycut/lcb_v6/2026-09-09/vllm/dataset-lcb_v6.model-qwen3.5-9b.alpha4.0.steps100.blocks-1.prefetch-budget-8.rank-reject_first.cut-entropy4.0.samples20.maxnew1024.seed10086.subtreePrefetch.vllm.log,156,8,8.565
/Users/jiangnanhugo/workspace/power-sharpening/Subtree-Prefetching-Power-Sharpening/case_studies/logs-entropycut/lcb_v6/2026-09-09/vllm/dataset-lcb_v6.model-qwen3.5-9b.alpha4.0.steps100.blocks-1.prefetch-budget-8.rank-reject_first.cut-entropy4.0.samples20.maxnew1024.seed10086.subtreePrefetch.vllm.log,157,1,7.016
/Users/jiangnanhugo/workspace/power-sharpening/Subtree-Prefetching-Power-Sharpening/case_studies/logs-entropycut/lcb_v6/2026-09-09/vllm/dataset-lcb_v6.model-qwen3.5-9b.alpha4.0.steps100.blocks-1.prefetch-budget-8.rank-reject_first.cut-entropy4.0.samples20.maxnew1024.seed10086.subtreePrefetch.vllm.log,158,3,9.25
/Users/jiangnanhugo/workspace/power-sharpening/Subtree-Prefetching-Power-Sharpening/case_studies/logs-entropycut/lcb_v6/2026-09-09/vllm/dataset-lcb_v6.model-qwen3.5-9b.alpha4.0.steps100.blocks-1.prefetch-budget-8.rank-reject_first.cut-entropy4.0.samples20.maxnew1024.seed10086.subtreePrefetch.vllm.log,159,4,8.448
/Users/jiangnanhugo/workspace/power-sharpening/Subtree-Prefetching-Power-Sharpening/case_studies/logs-entropycut/lcb_v6/2026-09-09/vllm/dataset-lcb_v6.model-qwen3.5-9b.alpha4.0.steps100.blocks-1.prefetch-budget-8.rank-reject_first.cut-entropy4.0.samples20.maxnew1024.seed10086.subtreePrefetch.vllm.log,160,1,6.327
/Users/jiangnanhugo/workspace/power-sharpening/Subtree-Prefetching-Power-Sharpening/case_studies/logs-entropycut/lcb_v6/2026-09-09/vllm/dataset-lcb_v6.model-qwen3.5-9b.alpha4.0.steps100.blocks-1.prefetch-budget-8.rank-reject_first.cut-entropy4.0.samples20.maxnew1024.seed10086.subtreePrefetch.vllm.log,161,2,7.478
/Users/jiangnanhugo/workspace/power-sharpening/Subtree-Prefetching-Power-Sharpening/case_studies/logs-entropycut/lcb_v6/2026-09-09/vllm/dataset-lcb_v6.model-qwen3.5-9b.alpha4.0.steps100.blocks-1.prefetch-budget-8.rank-reject_first.cut-entropy4.0.samples20.maxnew1024.seed10086.subtreePrefetch.vllm.log,162,1,7.781
/Users/jiangnanhugo/workspace/power-sharpening/Subtree-Prefetching-Power-Sharpening/case_studies/logs-entropycut/lcb_v6/2026-09-09/vllm/dataset-lcb_v6.model-qwen3.5-9b.alpha4.0.steps100.blocks-1.prefetch-budget-8.rank-reject_first.cut-entropy4.0.samples20.maxnew1024.seed10086.subtreePrefetch.vllm.log,163,1,7.841
/Users/jiangnanhugo/workspace/power-sharpening/Subtree-Prefetching-Power-Sharpening/case_studies/logs-entropycut/lcb_v6/2026-09-09/vllm/dataset-lcb_v6.model-qwen3.5-9b.alpha4.0.steps100.blocks-1.prefetch-budget-8.rank-reject_first.cut-entropy4.0.samples20.maxnew1024.seed10086.subtreePrefetch.vllm.log,164,1,6.247
/Users/jiangnanhugo/workspace/power-sharpening/Subtree-Prefetching-Power-Sharpening/case_studies/logs-entropycut/lcb_v6/2026-09-09/vllm/dataset-lcb_v6.model-qwen3.5-9b.alpha4.0.steps100.blocks-1.prefetch-budget-8.rank-reject_first.cut-entropy4.0.samples20.maxnew1024.seed10086.subtreePrefetch.vllm.log,165,5,9.409
/Users/jiangnanhugo/workspace/power-sharpening/Subtree-Prefetching-Power-Sharpening/case_studies/logs-entropycut/lcb_v6/2026-09-09/vllm/dataset-lcb_v6.model-qwen3.5-9b.alpha4.0.steps100.blocks-1.prefetch-budget-8.rank-reject_first.cut-entropy4.0.samples20.maxnew1024.seed10086.subtreePrefetch.vllm.log,166,1,7.588
/Users/jiangnanhugo/workspace/power-sharpening/Subtree-Prefetching-Power-Sharpening/case_studies/logs-entropycut/lcb_v6/2026-09-09/vllm/dataset-lcb_v6.model-qwen3.5-9b.alpha4.0.steps100.blocks-1.prefetch-budget-8.rank-reject_first.cut-entropy4.0.samples20.maxnew1024.seed10086.subtreePrefetch.vllm.log,167,4,7.917
/Users/jiangnanhugo/workspace/power-sharpening/Subtree-Prefetching-Power-Sharpening/case_studies/logs-entropycut/lcb_v6/2026-09-09/vllm/dataset-lcb_v6.model-qwen3.5-9b.alpha4.0.steps100.blocks-1.prefetch-budget-8.rank-reject_first.cut-entropy4.0.samples20.maxnew1024.seed10086.subtreePrefetch.vllm.log,168,6,8.447
/Users/jiangnanhugo/workspace/power-sharpening/Subtree-Prefetching-Power-Sharpening/case_studies/logs-entropycut/lcb_v6/2026-09-09/vllm/dataset-lcb_v6.model-qwen3.5-9b.alpha4.0.steps100.blocks-1.prefetch-budget-8.rank-reject_first.cut-entropy4.0.samples20.maxnew1024.seed10086.subtreePrefetch.vllm.log,169,2,9.106
/Users/jiangnanhugo/workspace/power-sharpening/Subtree-Prefetching-Power-Sharpening/case_studies/logs-entropycut/lcb_v6/2026-09-09/vllm/dataset-lcb_v6.model-qwen3.5-9b.alpha4.0.steps100.blocks-1.prefetch-budget-8.rank-reject_first.cut-entropy4.0.samples20.maxnew1024.seed10086.subtreePrefetch.vllm.log,170,1,8.294
/Users/jiangnanhugo/workspace/power-sharpening/Subtree-Prefetching-Power-Sharpening/case_studies/logs-entropycut/lcb_v6/2026-09-09/vllm/dataset-lcb_v6.model-qwen3.5-9b.alpha4.0.steps100.blocks-1.prefetch-budget-8.rank-reject_first.cut-entropy4.0.samples20.maxnew1024.seed10086.subtreePrefetch.vllm.log,171,7,8.21
/Users/jiangnanhugo/workspace/power-sharpening/Subtree-Prefetching-Power-Sharpening/case_studies/logs-entropycut/lcb_v6/2026-09-09/vllm/dataset-lcb_v6.model-qwen3.5-9b.alpha4.0.steps100.blocks-1.prefetch-budget-8.rank-reject_first.cut-entropy4.0.samples20.maxnew1024.seed10086.subtreePrefetch.vllm.log,172,2,7.6
/Users/jiangnanhugo/workspace/power-sharpening/Subtree-Prefetching-Power-Sharpening/case_studies/logs-entropycut/lcb_v6/2026-09-09/vllm/dataset-lcb_v6.model-qwen3.5-9b.alpha4.0.steps100.blocks-1.prefetch-budget-8.rank-reject_first.cut-entropy4.0.samples20.maxnew1024.seed10086.subtreePrefetch.vllm.log,173,4,7.453
/Users/jiangnanhugo/workspace/power-sharpening/Subtree-Prefetching-Power-Sharpening/case_studies/logs-entropycut/lcb_v6/2026-09-09/vllm/dataset-lcb_v6.model-qwen3.5-9b.alpha4.0.steps100.blocks-1.prefetch-budget-8.rank-reject_first.cut-entropy4.0.samples20.maxnew1024.seed10086.subtreePrefetch.vllm.log,174,8,7.38
/Users/jiangnanhugo/workspace/power-sharpening/Subtree-Prefetching-Power-Sharpening/case_studies/logs-entropycut/lcb_v6/2026-09-09/vllm/dataset-lcb_v6.model-qwen3.5-9b.alpha4.0.steps100.blocks-1.prefetch-budget-8.rank-reject_first.cut-entropy4.0.samples20.maxnew1024.seed10086.subtreePrefetch.vllm.log,175,3,7.702
/Users/jiangnanhugo/workspace/power-sharpening/Subtree-Prefetching-Power-Sharpening/case_studies/logs-entropycut/lcb_v6/2026-09-09/vllm/dataset-lcb_v6.model-qwen3.5-9b.alpha4.0.steps100.blocks-1.prefetch-budget-8.rank-reject_first.cut-entropy4.0.samples20.maxnew1024.seed10086.subtreePrefetch.vllm.log,176,3,7.31
/Users/jiangnanhugo/workspace/power-sharpening/Subtree-Prefetching-Power-Sharpening/case_studies/logs-entropycut/lcb_v6/2026-09-09/vllm/dataset-lcb_v6.model-qwen3.5-9b.alpha4.0.steps100.blocks-1.prefetch-budget-8.rank-reject_first.cut-entropy4.0.samples20.maxnew1024.seed10086.subtreePrefetch.vllm.log,177,5,7.835
/Users/jiangnanhugo/workspace/power-sharpening/Subtree-Prefetching-Power-Sharpening/case_studies/logs-entropycut/lcb_v6/2026-09-09/vllm/dataset-lcb_v6.model-qwen3.5-9b.alpha4.0.steps100.blocks-1.prefetch-budget-8.rank-reject_first.cut-entropy4.0.samples20.maxnew1024.seed10086.subtreePrefetch.vllm.log,178,5,7.746
/Users/jiangnanhugo/workspace/power-sharpening/Subtree-Prefetching-Power-Sharpening/case_studies/logs-entropycut/lcb_v6/2026-09-09/vllm/dataset-lcb_v6.model-qwen3.5-9b.alpha4.0.steps100.blocks-1.prefetch-budget-8.rank-reject_first.cut-entropy4.0.samples20.maxnew1024.seed10086.subtreePrefetch.vllm.log,179,8,7.433
/Users/jiangnanhugo/workspace/power-sharpening/Subtree-Prefetching-Power-Sharpening/case_studies/logs-entropycut/lcb_v6/2026-09-09/vllm/dataset-lcb_v6.model-qwen3.5-9b.alpha4.0.steps100.blocks-1.prefetch-budget-8.rank-reject_first.cut-entropy4.0.samples20.maxnew1024.seed10086.subtreePrefetch.vllm.log,180,8,7.492
/Users/jiangnanhugo/workspace/power-sharpening/Subtree-Prefetching-Power-Sharpening/case_studies/logs-entropycut/lcb_v6/2026-09-09/vllm/dataset-lcb_v6.model-qwen3.5-9b.alpha4.0.steps100.blocks-1.prefetch-budget-8.rank-reject_first.cut-entropy4.0.samples20.maxnew1024.seed10086.subtreePrefetch.vllm.log,181,8,8.267
/Users/jiangnanhugo/workspace/power-sharpening/Subtree-Prefetching-Power-Sharpening/case_studies/logs-entropycut/lcb_v6/2026-09-09/vllm/dataset-lcb_v6.model-qwen3.5-9b.alpha4.0.steps100.blocks-1.prefetch-budget-8.rank-reject_first.cut-entropy4.0.samples20.maxnew1024.seed10086.subtreePrefetch.vllm.log,182,8,8.256
/Users/jiangnanhugo/workspace/power-sharpening/Subtree-Prefetching-Power-Sharpening/case_studies/logs-entropycut/lcb_v6/2026-09-09/vllm/dataset-lcb_v6.model-qwen3.5-9b.alpha4.0.steps100.blocks-1.prefetch-budget-8.rank-reject_first.cut-entropy4.0.samples20.maxnew1024.seed10086.subtreePrefetch.vllm.log,183,6,7.816
/Users/jiangnanhugo/workspace/power-sharpening/Subtree-Prefetching-Power-Sharpening/case_studies/logs-entropycut/lcb_v6/2026-09-09/vllm/dataset-lcb_v6.model-qwen3.5-9b.alpha4.0.steps100.blocks-1.prefetch-budget-8.rank-reject_first.cut-entropy4.0.samples20.maxnew1024.seed10086.subtreePrefetch.vllm.log,184,3,5.587
/Users/jiangnanhugo/workspace/power-sharpening/Subtree-Prefetching-Power-Sharpening/case_studies/logs-entropycut/lcb_v6/2026-09-09/vllm/dataset-lcb_v6.model-qwen3.5-9b.alpha4.0.steps100.blocks-1.prefetch-budget-8.rank-reject_first.cut-entropy4.0.samples20.maxnew1024.seed10086.subtreePrefetch.vllm.log,185,2,8.991
/Users/jiangnanhugo/workspace/power-sharpening/Subtree-Prefetching-Power-Sharpening/case_studies/logs-entropycut/lcb_v6/2026-09-09/vllm/dataset-lcb_v6.model-qwen3.5-9b.alpha4.0.steps100.blocks-1.prefetch-budget-8.rank-reject_first.cut-entropy4.0.samples20.maxnew1024.seed10086.subtreePrefetch.vllm.log,186,1,8.042
/Users/jiangnanhugo/workspace/power-sharpening/Subtree-Prefetching-Power-Sharpening/case_studies/logs-entropycut/lcb_v6/2026-09-09/vllm/dataset-lcb_v6.model-qwen3.5-9b.alpha4.0.steps100.blocks-1.prefetch-budget-8.rank-reject_first.cut-entropy4.0.samples20.maxnew1024.seed10086.subtreePrefetch.vllm.log,187,5,9.004
/Users/jiangnanhugo/workspace/power-sharpening/Subtree-Prefetching-Power-Sharpening/case_studies/logs-entropycut/lcb_v6/2026-09-09/vllm/dataset-lcb_v6.model-qwen3.5-9b.alpha4.0.steps100.blocks-1.prefetch-budget-8.rank-reject_first.cut-entropy4.0.samples20.maxnew1024.seed10086.subtreePrefetch.vllm.log,188,8,5.375
/Users/jiangnanhugo/workspace/power-sharpening/Subtree-Prefetching-Power-Sharpening/case_studies/logs-entropycut/lcb_v6/2026-09-09/vllm/dataset-lcb_v6.model-qwen3.5-9b.alpha4.0.steps100.blocks-1.prefetch-budget-8.rank-reject_first.cut-entropy4.0.samples20.maxnew1024.seed10086.subtreePrefetch.vllm.log,189,1,7.901
/Users/jiangnanhugo/workspace/power-sharpening/Subtree-Prefetching-Power-Sharpening/case_studies/logs-entropycut/lcb_v6/2026-09-09/vllm/dataset-lcb_v6.model-qwen3.5-9b.alpha4.0.steps100.blocks-1.prefetch-budget-8.rank-reject_first.cut-entropy4.0.samples20.maxnew1024.seed10086.subtreePrefetch.vllm.log,190,3,8.886
/Users/jiangnanhugo/workspace/power-sharpening/Subtree-Prefetching-Power-Sharpening/case_studies/logs-entropycut/lcb_v6/2026-09-09/vllm/dataset-lcb_v6.model-qwen3.5-9b.alpha4.0.steps100.blocks-1.prefetch-budget-8.rank-reject_first.cut-entropy4.0.samples20.maxnew1024.seed10086.subtreePrefetch.vllm.log,191,8,8.931
/Users/jiangnanhugo/workspace/power-sharpening/Subtree-Prefetching-Power-Sharpening/case_studies/logs-entropycut/lcb_v6/2026-09-09/vllm/dataset-lcb_v6.model-qwen3.5-9b.alpha4.0.steps100.blocks-1.prefetch-budget-8.rank-reject_first.cut-entropy4.0.samples20.maxnew1024.seed10086.subtreePrefetch.vllm.log,192,8,7.746
/Users/jiangnanhugo/workspace/power-sharpening/Subtree-Prefetching-Power-Sharpening/case_studies/logs-entropycut/lcb_v6/2026-09-09/vllm/dataset-lcb_v6.model-qwen3.5-9b.alpha4.0.steps100.blocks-1.prefetch-budget-8.rank-reject_first.cut-entropy4.0.samples20.maxnew1024.seed10086.subtreePrefetch.vllm.log,193,2,9.119
/Users/jiangnanhugo/workspace/power-sharpening/Subtree-Prefetching-Power-Sharpening/case_studies/logs-entropycut/lcb_v6/2026-09-09/vllm/dataset-lcb_v6.model-qwen3.5-9b.alpha4.0.steps100.blocks-1.prefetch-budget-8.rank-reject_first.cut-entropy4.0.samples20.maxnew1024.seed10086.subtreePrefetch.vllm.log,194,2,7.624
/Users/jiangnanhugo/workspace/power-sharpening/Subtree-Prefetching-Power-Sharpening/case_studies/logs-entropycut/lcb_v6/2026-09-09/vllm/dataset-lcb_v6.model-qwen3.5-9b.alpha4.0.steps100.blocks-1.prefetch-budget-8.rank-reject_first.cut-entropy4.0.samples20.maxnew1024.seed10086.subtreePrefetch.vllm.log,195,3,8.009
/Users/jiangnanhugo/workspace/power-sharpening/Subtree-Prefetching-Power-Sharpening/case_studies/logs-entropycut/lcb_v6/2026-09-09/vllm/dataset-lcb_v6.model-qwen3.5-9b.alpha4.0.steps100.blocks-1.prefetch-budget-8.rank-reject_first.cut-entropy4.0.samples20.maxnew1024.seed10086.subtreePrefetch.vllm.log,196,2,7.758
/Users/jiangnanhugo/workspace/power-sharpening/Subtree-Prefetching-Power-Sharpening/case_studies/logs-entropycut/lcb_v6/2026-09-09/vllm/dataset-lcb_v6.model-qwen3.5-9b.alpha4.0.steps100.blocks-1.prefetch-budget-8.rank-reject_first.cut-entropy4.0.samples20.maxnew1024.seed10086.subtreePrefetch.vllm.log,197,5,9.186
/Users/jiangnanhugo/workspace/power-sharpening/Subtree-Prefetching-Power-Sharpening/case_studies/logs-entropycut/lcb_v6/2026-09-09/vllm/dataset-lcb_v6.model-qwen3.5-9b.alpha4.0.steps100.blocks-1.prefetch-budget-8.rank-reject_first.cut-entropy4.0.samples20.maxnew1024.seed10086.subtreePrefetch.vllm.log,198,1,9.016
/Users/jiangnanhugo/workspace/power-sharpening/Subtree-Prefetching-Power-Sharpening/case_studies/logs-entropycut/lcb_v6/2026-09-09/vllm/dataset-lcb_v6.model-qwen3.5-9b.alpha4.0.steps100.blocks-1.prefetch-budget-8.rank-reject_first.cut-entropy4.0.samples20.maxnew1024.seed10086.subtreePrefetch.vllm.log,199,2,8.251
/Users/jiangnanhugo/workspace/power-sharpening/Subtree-Prefetching-Power-Sharpening/case_studies/logs-entropycut/lcb_v6/2026-09-09/vllm/dataset-lcb_v6.model-qwen3.5-9b.alpha4.0.steps100.blocks-1.prefetch-budget-8.rank-reject_first.cut-entropy4.0.samples20.maxnew1024.seed10086.subtreePrefetch.vllm.log,200,2,8.789
/Users/jiangnanhugo/workspace/power-sharpening/Subtree-Prefetching-Power-Sharpening/case_studies/logs-entropycut/lcb_v6/2026-09-09/vllm/dataset-lcb_v6.model-qwen3.5-9b.alpha4.0.steps100.blocks-1.prefetch-budget-8.rank-reject_first.cut-entropy4.0.samples20.maxnew1024.seed10086.subtreePrefetch.vllm.log,201,1,8.814
/Users/jiangnanhugo/workspace/power-sharpening/Subtree-Prefetching-Power-Sharpening/case_studies/logs-entropycut/lcb_v6/2026-09-09/vllm/dataset-lcb_v6.model-qwen3.5-9b.alpha4.0.steps100.blocks-1.prefetch-budget-8.rank-reject_first.cut-entropy4.0.samples20.maxnew1024.seed10086.subtreePrefetch.vllm.log,202,5,4.377
/Users/jiangnanhugo/workspace/power-sharpening/Subtree-Prefetching-Power-Sharpening/case_studies/logs-entropycut/lcb_v6/2026-09-09/vllm/dataset-lcb_v6.model-qwen3.5-9b.alpha4.0.steps100.blocks-1.prefetch-budget-8.rank-reject_first.cut-entropy4.0.samples20.maxnew1024.seed10086.subtreePrefetch.vllm.log,203,8,8.88
/Users/jiangnanhugo/workspace/power-sharpening/Subtree-Prefetching-Power-Sharpening/case_studies/logs-entropycut/lcb_v6/2026-09-09/vllm/dataset-lcb_v6.model-qwen3.5-9b.alpha4.0.steps100.blocks-1.prefetch-budget-8.rank-reject_first.cut-entropy4.0.samples20.maxnew1024.seed10086.subtreePrefetch.vllm.log,204,8,9.228
/Users/jiangnanhugo/workspace/power-sharpening/Subtree-Prefetching-Power-Sharpening/case_studies/logs-entropycut/lcb_v6/2026-09-09/vllm/dataset-lcb_v6.model-qwen3.5-9b.alpha4.0.steps100.blocks-1.prefetch-budget-8.rank-reject_first.cut-entropy4.0.samples20.maxnew1024.seed10086.subtreePrefetch.vllm.log,205,7,9.095
/Users/jiangnanhugo/workspace/power-sharpening/Subtree-Prefetching-Power-Sharpening/case_studies/logs-entropycut/lcb_v6/2026-09-09/vllm/dataset-lcb_v6.model-qwen3.5-9b.alpha4.0.steps100.blocks-1.prefetch-budget-8.rank-reject_first.cut-entropy4.0.samples20.maxnew1024.seed10086.subtreePrefetch.vllm.log,206,8,9.072
/Users/jiangnanhugo/workspace/power-sharpening/Subtree-Prefetching-Power-Sharpening/case_studies/logs-entropycut/lcb_v6/2026-09-09/vllm/dataset-lcb_v6.model-qwen3.5-9b.alpha4.0.steps100.blocks-1.prefetch-budget-8.rank-reject_first.cut-entropy4.0.samples20.maxnew1024.seed10086.subtreePrefetch.vllm.log,207,4,9.285
/Users/jiangnanhugo/workspace/power-sharpening/Subtree-Prefetching-Power-Sharpening/case_studies/logs-entropycut/lcb_v6/2026-09-09/vllm/dataset-lcb_v6.model-qwen3.5-9b.alpha4.0.steps100.blocks-1.prefetch-budget-8.rank-reject_first.cut-entropy4.0.samples20.maxnew1024.seed10086.subtreePrefetch.vllm.log,208,1,4.009
/Users/jiangnanhugo/workspace/power-sharpening/Subtree-Prefetching-Power-Sharpening/case_studies/logs-entropycut/lcb_v6/2026-09-09/vllm/dataset-lcb_v6.model-qwen3.5-9b.alpha4.0.steps100.blocks-1.prefetch-budget-8.rank-reject_first.cut-entropy4.0.samples20.maxnew1024.seed10086.subtreePrefetch.vllm.log,209,3,9.012
/Users/jiangnanhugo/workspace/power-sharpening/Subtree-Prefetching-Power-Sharpening/case_studies/logs-entropycut/lcb_v6/2026-09-09/vllm/dataset-lcb_v6.model-qwen3.5-9b.alpha4.0.steps100.blocks-1.prefetch-budget-8.rank-reject_first.cut-entropy4.0.samples20.maxnew1024.seed10086.subtreePrefetch.vllm.log,210,2,9.273
/Users/jiangnanhugo/workspace/power-sharpening/Subtree-Prefetching-Power-Sharpening/case_studies/logs-entropycut/lcb_v6/2026-09-09/vllm/dataset-lcb_v6.model-qwen3.5-9b.alpha4.0.steps100.blocks-1.prefetch-budget-8.rank-reject_first.cut-entropy4.0.samples20.maxnew1024.seed10086.subtreePrefetch.vllm.log,211,1,8.764
/Users/jiangnanhugo/workspace/power-sharpening/Subtree-Prefetching-Power-Sharpening/case_studies/logs-entropycut/lcb_v6/2026-09-09/vllm/dataset-lcb_v6.model-qwen3.5-9b.alpha4.0.steps100.blocks-1.prefetch-budget-8.rank-reject_first.cut-entropy4.0.samples20.maxnew1024.seed10086.subtreePrefetch.vllm.log,212,2,8.912
/Users/jiangnanhugo/workspace/power-sharpening/Subtree-Prefetching-Power-Sharpening/case_studies/logs-entropycut/lcb_v6/2026-09-09/vllm/dataset-lcb_v6.model-qwen3.5-9b.alpha4.0.steps100.blocks-1.prefetch-budget-8.rank-reject_first.cut-entropy4.0.samples20.maxnew1024.seed10086.subtreePrefetch.vllm.log,213,2,8.118
/Users/jiangnanhugo/workspace/power-sharpening/Subtree-Prefetching-Power-Sharpening/case_studies/logs-entropycut/lcb_v6/2026-09-09/vllm/dataset-lcb_v6.model-qwen3.5-9b.alpha4.0.steps100.blocks-1.prefetch-budget-8.rank-reject_first.cut-entropy4.0.samples20.maxnew1024.seed10086.subtreePrefetch.vllm.log,214,1,9.123
/Users/jiangnanhugo/workspace/power-sharpening/Subtree-Prefetching-Power-Sharpening/case_studies/logs-entropycut/lcb_v6/2026-09-09/vllm/dataset-lcb_v6.model-qwen3.5-9b.alpha4.0.steps100.blocks-1.prefetch-budget-8.rank-reject_first.cut-entropy4.0.samples20.maxnew1024.seed10086.subtreePrefetch.vllm.log,215,1,8.905
/Users/jiangnanhugo/workspace/power-sharpening/Subtree-Prefetching-Power-Sharpening/case_studies/logs-entropycut/lcb_v6/2026-09-09/vllm/dataset-lcb_v6.model-qwen3.5-9b.alpha4.0.steps100.blocks-1.prefetch-budget-8.rank-reject_first.cut-entropy4.0.samples20.maxnew1024.seed10086.subtreePrefetch.vllm.log,216,2,8.868
/Users/jiangnanhugo/workspace/power-sharpening/Subtree-Prefetching-Power-Sharpening/case_studies/logs-entropycut/lcb_v6/2026-09-09/vllm/dataset-lcb_v6.model-qwen3.5-9b.alpha4.0.steps100.blocks-1.prefetch-budget-8.rank-reject_first.cut-entropy4.0.samples20.maxnew1024.seed10086.subtreePrefetch.vllm.log,217,1,8.966
/Users/jiangnanhugo/workspace/power-sharpening/Subtree-Prefetching-Power-Sharpening/case_studies/logs-entropycut/lcb_v6/2026-09-09/vllm/dataset-lcb_v6.model-qwen3.5-9b.alpha4.0.steps100.blocks-1.prefetch-budget-8.rank-reject_first.cut-entropy4.0.samples20.maxnew1024.seed10086.subtreePrefetch.vllm.log,218,7,6.744
/Users/jiangnanhugo/workspace/power-sharpening/Subtree-Prefetching-Power-Sharpening/case_studies/logs-entropycut/lcb_v6/2026-09-09/vllm/dataset-lcb_v6.model-qwen3.5-9b.alpha4.0.steps100.blocks-1.prefetch-budget-8.rank-reject_first.cut-entropy4.0.samples20.maxnew1024.seed10086.subtreePrefetch.vllm.log,219,2,9.076
/Users/jiangnanhugo/workspace/power-sharpening/Subtree-Prefetching-Power-Sharpening/case_studies/logs-entropycut/lcb_v6/2026-09-09/vllm/dataset-lcb_v6.model-qwen3.5-9b.alpha4.0.steps100.blocks-1.prefetch-budget-8.rank-reject_first.cut-entropy4.0.samples20.maxnew1024.seed10086.subtreePrefetch.vllm.log,220,8,6.75
/Users/jiangnanhugo/workspace/power-sharpening/Subtree-Prefetching-Power-Sharpening/case_studies/logs-entropycut/lcb_v6/2026-09-09/vllm/dataset-lcb_v6.model-qwen3.5-9b.alpha4.0.steps100.blocks-1.prefetch-budget-8.rank-reject_first.cut-entropy4.0.samples20.maxnew1024.seed10086.subtreePrefetch.vllm.log,221,1,5.558
/Users/jiangnanhugo/workspace/power-sharpening/Subtree-Prefetching-Power-Sharpening/case_studies/logs-entropycut/lcb_v6/2026-09-09/vllm/dataset-lcb_v6.model-qwen3.5-9b.alpha4.0.steps100.blocks-1.prefetch-budget-8.rank-reject_first.cut-entropy4.0.samples20.maxnew1024.seed10086.subtreePrefetch.vllm.log,222,8,9.353
/Users/jiangnanhugo/workspace/power-sharpening/Subtree-Prefetching-Power-Sharpening/case_studies/logs-entropycut/lcb_v6/2026-09-09/vllm/dataset-lcb_v6.model-qwen3.5-9b.alpha4.0.steps100.blocks-1.prefetch-budget-8.rank-reject_first.cut-entropy4.0.samples20.maxnew1024.seed10086.subtreePrefetch.vllm.log,223,8,9.266
/Users/jiangnanhugo/workspace/power-sharpening/Subtree-Prefetching-Power-Sharpening/case_studies/logs-entropycut/lcb_v6/2026-09-09/vllm/dataset-lcb_v6.model-qwen3.5-9b.alpha4.0.steps100.blocks-1.prefetch-budget-8.rank-reject_first.cut-entropy4.0.samples20.maxnew1024.seed10086.subtreePrefetch.vllm.log,224,6,9.294
/Users/jiangnanhugo/workspace/power-sharpening/Subtree-Prefetching-Power-Sharpening/case_studies/logs-entropycut/lcb_v6/2026-09-09/vllm/dataset-lcb_v6.model-qwen3.5-9b.alpha4.0.steps100.blocks-1.prefetch-budget-8.rank-reject_first.cut-entropy4.0.samples20.maxnew1024.seed10086.subtreePrefetch.vllm.log,225,7,9.127
/Users/jiangnanhugo/workspace/power-sharpening/Subtree-Prefetching-Power-Sharpening/case_studies/logs-entropycut/lcb_v6/2026-09-09/vllm/dataset-lcb_v6.model-qwen3.5-9b.alpha4.0.steps100.blocks-1.prefetch-budget-8.rank-reject_first.cut-entropy4.0.samples20.maxnew1024.seed10086.subtreePrefetch.vllm.log,226,7,5.626
/Users/jiangnanhugo/workspace/power-sharpening/Subtree-Prefetching-Power-Sharpening/case_studies/logs-entropycut/lcb_v6/2026-09-09/vllm/dataset-lcb_v6.model-qwen3.5-9b.alpha4.0.steps100.blocks-1.prefetch-budget-8.rank-reject_first.cut-entropy4.0.samples20.maxnew1024.seed10086.subtreePrefetch.vllm.log,227,1,9.089
/Users/jiangnanhugo/workspace/power-sharpening/Subtree-Prefetching-Power-Sharpening/case_studies/logs-entropycut/lcb_v6/2026-09-09/vllm/dataset-lcb_v6.model-qwen3.5-9b.alpha4.0.steps100.blocks-1.prefetch-budget-8.rank-reject_first.cut-entropy4.0.samples20.maxnew1024.seed10086.subtreePrefetch.vllm.log,228,6,8.007
/Users/jiangnanhugo/workspace/power-sharpening/Subtree-Prefetching-Power-Sharpening/case_studies/logs-entropycut/lcb_v6/2026-09-09/vllm/dataset-lcb_v6.model-qwen3.5-9b.alpha4.0.steps100.blocks-1.prefetch-budget-8.rank-reject_first.cut-entropy4.0.samples20.maxnew1024.seed10086.subtreePrefetch.vllm.log,229,1,9.161
/Users/jiangnanhugo/workspace/power-sharpening/Subtree-Prefetching-Power-Sharpening/case_studies/logs-entropycut/lcb_v6/2026-09-09/vllm/dataset-lcb_v6.model-qwen3.5-9b.alpha4.0.steps100.blocks-1.prefetch-budget-8.rank-reject_first.cut-entropy4.0.samples20.maxnew1024.seed10086.subtreePrefetch.vllm.log,230,1,8.541
/Users/jiangnanhugo/workspace/power-sharpening/Subtree-Prefetching-Power-Sharpening/case_studies/logs-entropycut/lcb_v6/2026-09-09/vllm/dataset-lcb_v6.model-qwen3.5-9b.alpha4.0.steps100.blocks-1.prefetch-budget-8.rank-reject_first.cut-entropy4.0.samples20.maxnew1024.seed10086.subtreePrefetch.vllm.log,231,4,5.236
/Users/jiangnanhugo/workspace/power-sharpening/Subtree-Prefetching-Power-Sharpening/case_studies/logs-entropycut/lcb_v6/2026-09-09/vllm/dataset-lcb_v6.model-qwen3.5-9b.alpha4.0.steps100.blocks-1.prefetch-budget-8.rank-reject_first.cut-entropy4.0.samples20.maxnew1024.seed10086.subtreePrefetch.vllm.log,232,1,9.134
/Users/jiangnanhugo/workspace/power-sharpening/Subtree-Prefetching-Power-Sharpening/case_studies/logs-entropycut/lcb_v6/2026-09-09/vllm/dataset-lcb_v6.model-qwen3.5-9b.alpha4.0.steps100.blocks-1.prefetch-budget-8.rank-reject_first.cut-entropy4.0.samples20.maxnew1024.seed10086.subtreePrefetch.vllm.log,233,3,6.989
/Users/jiangnanhugo/workspace/power-sharpening/Subtree-Prefetching-Power-Sharpening/case_studies/logs-entropycut/lcb_v6/2026-09-09/vllm/dataset-lcb_v6.model-qwen3.5-9b.alpha4.0.steps100.blocks-1.prefetch-budget-8.rank-reject_first.cut-entropy4.0.samples20.maxnew1024.seed10086.subtreePrefetch.vllm.log,234,8,4.379
/Users/jiangnanhugo/workspace/power-sharpening/Subtree-Prefetching-Power-Sharpening/case_studies/logs-entropycut/lcb_v6/2026-09-09/vllm/dataset-lcb_v6.model-qwen3.5-9b.alpha4.0.steps100.blocks-1.prefetch-budget-8.rank-reject_first.cut-entropy4.0.samples20.maxnew1024.seed10086.subtreePrefetch.vllm.log,235,4,9.352
/Users/jiangnanhugo/workspace/power-sharpening/Subtree-Prefetching-Power-Sharpening/case_studies/logs-entropycut/lcb_v6/2026-09-09/vllm/dataset-lcb_v6.model-qwen3.5-9b.alpha4.0.steps100.blocks-1.prefetch-budget-8.rank-reject_first.cut-entropy4.0.samples20.maxnew1024.seed10086.subtreePrefetch.vllm.log,236,2,7.531
/Users/jiangnanhugo/workspace/power-sharpening/Subtree-Prefetching-Power-Sharpening/case_studies/logs-entropycut/lcb_v6/2026-09-09/vllm/dataset-lcb_v6.model-qwen3.5-9b.alpha4.0.steps100.blocks-1.prefetch-budget-8.rank-reject_first.cut-entropy4.0.samples20.maxnew1024.seed10086.subtreePrefetch.vllm.log,237,5,4.097
/Users/jiangnanhugo/workspace/power-sharpening/Subtree-Prefetching-Power-Sharpening/case_studies/logs-entropycut/lcb_v6/2026-09-09/vllm/dataset-lcb_v6.model-qwen3.5-9b.alpha4.0.steps100.blocks-1.prefetch-budget-8.rank-reject_first.cut-entropy4.0.samples20.maxnew1024.seed10086.subtreePrefetch.vllm.log,238,2,9.024
/Users/jiangnanhugo/workspace/power-sharpening/Subtree-Prefetching-Power-Sharpening/case_studies/logs-entropycut/lcb_v6/2026-09-09/vllm/dataset-lcb_v6.model-qwen3.5-9b.alpha4.0.steps100.blocks-1.prefetch-budget-8.rank-reject_first.cut-entropy4.0.samples20.maxnew1024.seed10086.subtreePrefetch.vllm.log,239,1,6.722
/Users/jiangnanhugo/workspace/power-sharpening/Subtree-Prefetching-Power-Sharpening/case_studies/logs-entropycut/lcb_v6/2026-09-09/vllm/dataset-lcb_v6.model-qwen3.5-9b.alpha4.0.steps100.blocks-1.prefetch-budget-8.rank-reject_first.cut-entropy4.0.samples20.maxnew1024.seed10086.subtreePrefetch.vllm.log,240,2,6.354
/Users/jiangnanhugo/workspace/power-sharpening/Subtree-Prefetching-Power-Sharpening/case_studies/logs-entropycut/lcb_v6/2026-09-09/vllm/dataset-lcb_v6.model-qwen3.5-9b.alpha4.0.steps100.blocks-1.prefetch-budget-8.rank-reject_first.cut-entropy4.0.samples20.maxnew1024.seed10086.subtreePrefetch.vllm.log,241,2,6.072
/Users/jiangnanhugo/workspace/power-sharpening/Subtree-Prefetching-Power-Sharpening/case_studies/logs-entropycut/lcb_v6/2026-09-09/vllm/dataset-lcb_v6.model-qwen3.5-9b.alpha4.0.steps100.blocks-1.prefetch-budget-8.rank-reject_first.cut-entropy4.0.samples20.maxnew1024.seed10086.subtreePrefetch.vllm.log,242,1,6.873
/Users/jiangnanhugo/workspace/power-sharpening/Subtree-Prefetching-Power-Sharpening/case_studies/logs-entropycut/lcb_v6/2026-09-09/vllm/dataset-lcb_v6.model-qwen3.5-9b.alpha4.0.steps100.blocks-1.prefetch-budget-8.rank-reject_first.cut-entropy4.0.samples20.maxnew1024.seed10086.subtreePrefetch.vllm.log,243,3,8.777
/Users/jiangnanhugo/workspace/power-sharpening/Subtree-Prefetching-Power-Sharpening/case_studies/logs-entropycut/lcb_v6/2026-09-09/vllm/dataset-lcb_v6.model-qwen3.5-9b.alpha4.0.steps100.blocks-1.prefetch-budget-8.rank-reject_first.cut-entropy4.0.samples20.maxnew1024.seed10086.subtreePrefetch.vllm.log,244,1,7.104
/Users/jiangnanhugo/workspace/power-sharpening/Subtree-Prefetching-Power-Sharpening/case_studies/logs-entropycut/lcb_v6/2026-09-09/vllm/dataset-lcb_v6.model-qwen3.5-9b.alpha4.0.steps100.blocks-1.prefetch-budget-8.rank-reject_first.cut-entropy4.0.samples20.maxnew1024.seed10086.subtreePrefetch.vllm.log,245,1,8.92
/Users/jiangnanhugo/workspace/power-sharpening/Subtree-Prefetching-Power-Sharpening/case_studies/logs-entropycut/lcb_v6/2026-09-09/vllm/dataset-lcb_v6.model-qwen3.5-9b.alpha4.0.steps100.blocks-1.prefetch-budget-8.rank-reject_first.cut-entropy4.0.samples20.maxnew1024.seed10086.subtreePrefetch.vllm.log,246,3,7.713
/Users/jiangnanhugo/workspace/power-sharpening/Subtree-Prefetching-Power-Sharpening/case_studies/logs-entropycut/lcb_v6/2026-09-09/vllm/dataset-lcb_v6.model-qwen3.5-9b.alpha4.0.steps100.blocks-1.prefetch-budget-8.rank-reject_first.cut-entropy4.0.samples20.maxnew1024.seed10086.subtreePrefetch.vllm.log,247,1,7.087
/Users/jiangnanhugo/workspace/power-sharpening/Subtree-Prefetching-Power-Sharpening/case_studies/logs-entropycut/lcb_v6/2026-09-09/vllm/dataset-lcb_v6.model-qwen3.5-9b.alpha4.0.steps100.blocks-1.prefetch-budget-8.rank-reject_first.cut-entropy4.0.samples20.maxnew1024.seed10086.subtreePrefetch.vllm.log,248,2,8.906
/Users/jiangnanhugo/workspace/power-sharpening/Subtree-Prefetching-Power-Sharpening/case_studies/logs-entropycut/lcb_v6/2026-09-09/vllm/dataset-lcb_v6.model-qwen3.5-9b.alpha4.0.steps100.blocks-1.prefetch-budget-8.rank-reject_first.cut-entropy4.0.samples20.maxnew1024.seed10086.subtreePrefetch.vllm.log,249,5,5.153
/Users/jiangnanhugo/workspace/power-sharpening/Subtree-Prefetching-Power-Sharpening/case_studies/logs-entropycut/lcb_v6/2026-09-09/vllm/dataset-lcb_v6.model-qwen3.5-9b.alpha4.0.steps100.blocks-1.prefetch-budget-8.rank-reject_first.cut-entropy4.0.samples20.maxnew1024.seed10086.subtreePrefetch.vllm.log,250,8,4.128
/Users/jiangnanhugo/workspace/power-sharpening/Subtree-Prefetching-Power-Sharpening/case_studies/logs-entropycut/lcb_v6/2026-09-09/vllm/dataset-lcb_v6.model-qwen3.5-9b.alpha4.0.steps100.blocks-1.prefetch-budget-8.rank-reject_first.cut-entropy4.0.samples20.maxnew1024.seed10086.subtreePrefetch.vllm.log,251,2,8.433
/Users/jiangnanhugo/workspace/power-sharpening/Subtree-Prefetching-Power-Sharpening/case_studies/logs-entropycut/lcb_v6/2026-09-09/vllm/dataset-lcb_v6.model-qwen3.5-9b.alpha4.0.steps100.blocks-1.prefetch-budget-8.rank-reject_first.cut-entropy4.0.samples20.maxnew1024.seed10086.subtreePrefetch.vllm.log,252,2,9.315
/Users/jiangnanhugo/workspace/power-sharpening/Subtree-Prefetching-Power-Sharpening/case_studies/logs-entropycut/lcb_v6/2026-09-09/vllm/dataset-lcb_v6.model-qwen3.5-9b.alpha4.0.steps100.blocks-1.prefetch-budget-8.rank-reject_first.cut-entropy4.0.samples20.maxnew1024.seed10086.subtreePrefetch.vllm.log,253,8,8.569
/Users/jiangnanhugo/workspace/power-sharpening/Subtree-Prefetching-Power-Sharpening/case_studies/logs-entropycut/lcb_v6/2026-09-09/vllm/dataset-lcb_v6.model-qwen3.5-9b.alpha4.0.steps100.blocks-1.prefetch-budget-8.rank-reject_first.cut-entropy4.0.samples20.maxnew1024.seed10086.subtreePrefetch.vllm.log,254,4,7.328
/Users/jiangnanhugo/workspace/power-sharpening/Subtree-Prefetching-Power-Sharpening/case_studies/logs-entropycut/lcb_v6/2026-09-09/vllm/dataset-lcb_v6.model-qwen3.5-9b.alpha4.0.steps100.blocks-1.prefetch-budget-8.rank-reject_first.cut-entropy4.0.samples20.maxnew1024.seed10086.subtreePrefetch.vllm.log,255,1,9.227
/Users/jiangnanhugo/workspace/power-sharpening/Subtree-Prefetching-Power-Sharpening/case_studies/logs-entropycut/lcb_v6/2026-09-09/vllm/dataset-lcb_v6.model-qwen3.5-9b.alpha4.0.steps100.blocks-1.prefetch-budget-8.rank-reject_first.cut-entropy4.0.samples20.maxnew1024.seed10086.subtreePrefetch.vllm.log,256,1,8.929
/Users/jiangnanhugo/workspace/power-sharpening/Subtree-Prefetching-Power-Sharpening/case_studies/logs-entropycut/lcb_v6/2026-09-09/vllm/dataset-lcb_v6.model-qwen3.5-9b.alpha4.0.steps100.blocks-1.prefetch-budget-8.rank-reject_first.cut-entropy4.0.samples20.maxnew1024.seed10086.subtreePrefetch.vllm.log,257,1,8.724
/Users/jiangnanhugo/workspace/power-sharpening/Subtree-Prefetching-Power-Sharpening/case_studies/logs-entropycut/lcb_v6/2026-09-09/vllm/dataset-lcb_v6.model-qwen3.5-9b.alpha4.0.steps100.blocks-1.prefetch-budget-8.rank-reject_first.cut-entropy4.0.samples20.maxnew1024.seed10086.subtreePrefetch.vllm.log,258,7,9.355
/Users/jiangnanhugo/workspace/power-sharpening/Subtree-Prefetching-Power-Sharpening/case_studies/logs-entropycut/lcb_v6/2026-09-09/vllm/dataset-lcb_v6.model-qwen3.5-9b.alpha4.0.steps100.blocks-1.prefetch-budget-8.rank-reject_first.cut-entropy4.0.samples20.maxnew1024.seed10086.subtreePrefetch.vllm.log,259,1,9.225
/Users/jiangnanhugo/workspace/power-sharpening/Subtree-Prefetching-Power-Sharpening/case_studies/logs-entropycut/lcb_v6/2026-09-09/vllm/dataset-lcb_v6.model-qwen3.5-9b.alpha4.0.steps100.blocks-1.prefetch-budget-8.rank-reject_first.cut-entropy4.0.samples20.maxnew1024.seed10086.subtreePrefetch.vllm.log,260,4,8.827
/Users/jiangnanhugo/workspace/power-sharpening/Subtree-Prefetching-Power-Sharpening/case_studies/logs-entropycut/lcb_v6/2026-09-09/vllm/dataset-lcb_v6.model-qwen3.5-9b.alpha4.0.steps100.blocks-1.prefetch-budget-8.rank-reject_first.cut-entropy4.0.samples20.maxnew1024.seed10086.subtreePrefetch.vllm.log,261,2,9.257
/Users/jiangnanhugo/workspace/power-sharpening/Subtree-Prefetching-Power-Sharpening/case_studies/logs-entropycut/lcb_v6/2026-09-09/vllm/dataset-lcb_v6.model-qwen3.5-9b.alpha4.0.steps100.blocks-1.prefetch-budget-8.rank-reject_first.cut-entropy4.0.samples20.maxnew1024.seed10086.subtreePrefetch.vllm.log,262,1,9.245
/Users/jiangnanhugo/workspace/power-sharpening/Subtree-Prefetching-Power-Sharpening/case_studies/logs-entropycut/lcb_v6/2026-09-09/vllm/dataset-lcb_v6.model-qwen3.5-9b.alpha4.0.steps100.blocks-1.prefetch-budget-8.rank-reject_first.cut-entropy4.0.samples20.maxnew1024.seed10086.subtreePrefetch.vllm.log,263,1,5.178
/Users/jiangnanhugo/workspace/power-sharpening/Subtree-Prefetching-Power-Sharpening/case_studies/logs-entropycut/lcb_v6/2026-09-09/vllm/dataset-lcb_v6.model-qwen3.5-9b.alpha4.0.steps100.blocks-1.prefetch-budget-8.rank-reject_first.cut-entropy4.0.samples20.maxnew1024.seed10086.subtreePrefetch.vllm.log,264,2,7.711
/Users/jiangnanhugo/workspace/power-sharpening/Subtree-Prefetching-Power-Sharpening/case_studies/logs-entropycut/lcb_v6/2026-09-09/vllm/dataset-lcb_v6.model-qwen3.5-9b.alpha4.0.steps100.blocks-1.prefetch-budget-8.rank-reject_first.cut-entropy4.0.samples20.maxnew1024.seed10086.subtreePrefetch.vllm.log,265,1,7.661
/Users/jiangnanhugo/workspace/power-sharpening/Subtree-Prefetching-Power-Sharpening/case_studies/logs-entropycut/lcb_v6/2026-09-09/vllm/dataset-lcb_v6.model-qwen3.5-9b.alpha4.0.steps100.blocks-1.prefetch-budget-8.rank-reject_first.cut-entropy4.0.samples20.maxnew1024.seed10086.subtreePrefetch.vllm.log,266,4,9.157
/Users/jiangnanhugo/workspace/power-sharpening/Subtree-Prefetching-Power-Sharpening/case_studies/logs-entropycut/lcb_v6/2026-09-09/vllm/dataset-lcb_v6.model-qwen3.5-9b.alpha4.0.steps100.blocks-1.prefetch-budget-8.rank-reject_first.cut-entropy4.0.samples20.maxnew1024.seed10086.subtreePrefetch.vllm.log,267,6,8.583
/Users/jiangnanhugo/workspace/power-sharpening/Subtree-Prefetching-Power-Sharpening/case_studies/logs-entropycut/lcb_v6/2026-09-09/vllm/dataset-lcb_v6.model-qwen3.5-9b.alpha4.0.steps100.blocks-1.prefetch-budget-8.rank-reject_first.cut-entropy4.0.samples20.maxnew1024.seed10086.subtreePrefetch.vllm.log,268,3,8.732
/Users/jiangnanhugo/workspace/power-sharpening/Subtree-Prefetching-Power-Sharpening/case_studies/logs-entropycut/lcb_v6/2026-09-09/vllm/dataset-lcb_v6.model-qwen3.5-9b.alpha4.0.steps100.blocks-1.prefetch-budget-8.rank-reject_first.cut-entropy4.0.samples20.maxnew1024.seed10086.subtreePrefetch.vllm.log,269,1,8.563
/Users/jiangnanhugo/workspace/power-sharpening/Subtree-Prefetching-Power-Sharpening/case_studies/logs-entropycut/lcb_v6/2026-09-09/vllm/dataset-lcb_v6.model-qwen3.5-9b.alpha4.0.steps100.blocks-1.prefetch-budget-8.rank-reject_first.cut-entropy4.0.samples20.maxnew1024.seed10086.subtreePrefetch.vllm.log,270,2,3.25
/Users/jiangnanhugo/workspace/power-sharpening/Subtree-Prefetching-Power-Sharpening/case_studies/logs-entropycut/lcb_v6/2026-09-09/vllm/dataset-lcb_v6.model-qwen3.5-9b.alpha4.0.steps100.blocks-1.prefetch-budget-8.rank-reject_first.cut-entropy4.0.samples20.maxnew1024.seed10086.subtreePrefetch.vllm.log,271,4,7.766
/Users/jiangnanhugo/workspace/power-sharpening/Subtree-Prefetching-Power-Sharpening/case_studies/logs-entropycut/lcb_v6/2026-09-09/vllm/dataset-lcb_v6.model-qwen3.5-9b.alpha4.0.steps100.blocks-1.prefetch-budget-8.rank-reject_first.cut-entropy4.0.samples20.maxnew1024.seed10086.subtreePrefetch.vllm.log,272,3,3.263
/Users/jiangnanhugo/workspace/power-sharpening/Subtree-Prefetching-Power-Sharpening/case_studies/logs-entropycut/lcb_v6/2026-09-09/vllm/dataset-lcb_v6.model-qwen3.5-9b.alpha4.0.steps100.blocks-1.prefetch-budget-8.rank-reject_first.cut-entropy4.0.samples20.maxnew1024.seed10086.subtreePrefetch.vllm.log,273,2,4.552
/Users/jiangnanhugo/workspace/power-sharpening/Subtree-Prefetching-Power-Sharpening/case_studies/logs-entropycut/lcb_v6/2026-09-09/vllm/dataset-lcb_v6.model-qwen3.5-9b.alpha4.0.steps100.blocks-1.prefetch-budget-8.rank-reject_first.cut-entropy4.0.samples20.maxnew1024.seed10086.subtreePrefetch.vllm.log,274,1,7.037
/Users/jiangnanhugo/workspace/power-sharpening/Subtree-Prefetching-Power-Sharpening/case_studies/logs-entropycut/lcb_v6/2026-09-09/vllm/dataset-lcb_v6.model-qwen3.5-9b.alpha4.0.steps100.blocks-1.prefetch-budget-8.rank-reject_first.cut-entropy4.0.samples20.maxnew1024.seed10086.subtreePrefetch.vllm.log,275,8,8.207
/Users/jiangnanhugo/workspace/power-sharpening/Subtree-Prefetching-Power-Sharpening/case_studies/logs-entropycut/lcb_v6/2026-09-09/vllm/dataset-lcb_v6.model-qwen3.5-9b.alpha4.0.steps100.blocks-1.prefetch-budget-8.rank-reject_first.cut-entropy4.0.samples20.maxnew1024.seed10086.subtreePrefetch.vllm.log,276,4,7.026
/Users/jiangnanhugo/workspace/power-sharpening/Subtree-Prefetching-Power-Sharpening/case_studies/logs-entropycut/lcb_v6/2026-09-09/vllm/dataset-lcb_v6.model-qwen3.5-9b.alpha4.0.steps100.blocks-1.prefetch-budget-8.rank-reject_first.cut-entropy4.0.samples20.maxnew1024.seed10086.subtreePrefetch.vllm.log,277,8,2.873
/Users/jiangnanhugo/workspace/power-sharpening/Subtree-Prefetching-Power-Sharpening/case_studies/logs-entropycut/lcb_v6/2026-09-09/vllm/dataset-lcb_v6.model-qwen3.5-9b.alpha4.0.steps100.blocks-1.prefetch-budget-8.rank-reject_first.cut-entropy4.0.samples20.maxnew1024.seed10086.subtreePrefetch.vllm.log,278,8,4.768
/Users/jiangnanhugo/workspace/power-sharpening/Subtree-Prefetching-Power-Sharpening/case_studies/logs-entropycut/lcb_v6/2026-09-09/vllm/dataset-lcb_v6.model-qwen3.5-9b.alpha4.0.steps100.blocks-1.prefetch-budget-8.rank-reject_first.cut-entropy4.0.samples20.maxnew1024.seed10086.subtreePrefetch.vllm.log,279,2,8.999
/Users/jiangnanhugo/workspace/power-sharpening/Subtree-Prefetching-Power-Sharpening/case_studies/logs-entropycut/lcb_v6/2026-09-09/vllm/dataset-lcb_v6.model-qwen3.5-9b.alpha4.0.steps100.blocks-1.prefetch-budget-8.rank-reject_first.cut-entropy4.0.samples20.maxnew1024.seed10086.subtreePrefetch.vllm.log,280,3,8.131
/Users/jiangnanhugo/workspace/power-sharpening/Subtree-Prefetching-Power-Sharpening/case_studies/logs-entropycut/lcb_v6/2026-09-09/vllm/dataset-lcb_v6.model-qwen3.5-9b.alpha4.0.steps100.blocks-1.prefetch-budget-8.rank-reject_first.cut-entropy4.0.samples20.maxnew1024.seed10086.subtreePrefetch.vllm.log,281,8,7.711
/Users/jiangnanhugo/workspace/power-sharpening/Subtree-Prefetching-Power-Sharpening/case_studies/logs-entropycut/lcb_v6/2026-09-09/vllm/dataset-lcb_v6.model-qwen3.5-9b.alpha4.0.steps100.blocks-1.prefetch-budget-8.rank-reject_first.cut-entropy4.0.samples20.maxnew1024.seed10086.subtreePrefetch.vllm.log,282,5,8.773
/Users/jiangnanhugo/workspace/power-sharpening/Subtree-Prefetching-Power-Sharpening/case_studies/logs-entropycut/lcb_v6/2026-09-09/vllm/dataset-lcb_v6.model-qwen3.5-9b.alpha4.0.steps100.blocks-1.prefetch-budget-8.rank-reject_first.cut-entropy4.0.samples20.maxnew1024.seed10086.subtreePrefetch.vllm.log,283,5,4.746
/Users/jiangnanhugo/workspace/power-sharpening/Subtree-Prefetching-Power-Sharpening/case_studies/logs-entropycut/lcb_v6/2026-09-09/vllm/dataset-lcb_v6.model-qwen3.5-9b.alpha4.0.steps100.blocks-1.prefetch-budget-8.rank-reject_first.cut-entropy4.0.samples20.maxnew1024.seed10086.subtreePrefetch.vllm.log,284,4,7.781
/Users/jiangnanhugo/workspace/power-sharpening/Subtree-Prefetching-Power-Sharpening/case_studies/logs-entropycut/lcb_v6/2026-09-09/vllm/dataset-lcb_v6.model-qwen3.5-9b.alpha4.0.steps100.blocks-1.prefetch-budget-8.rank-reject_first.cut-entropy4.0.samples20.maxnew1024.seed10086.subtreePrefetch.vllm.log,285,1,8.899
/Users/jiangnanhugo/workspace/power-sharpening/Subtree-Prefetching-Power-Sharpening/case_studies/logs-entropycut/lcb_v6/2026-09-09/vllm/dataset-lcb_v6.model-qwen3.5-9b.alpha4.0.steps100.blocks-1.prefetch-budget-8.rank-reject_first.cut-entropy4.0.samples20.maxnew1024.seed10086.subtreePrefetch.vllm.log,286,8,6.375
/Users/jiangnanhugo/workspace/power-sharpening/Subtree-Prefetching-Power-Sharpening/case_studies/logs-entropycut/lcb_v6/2026-09-09/vllm/dataset-lcb_v6.model-qwen3.5-9b.alpha4.0.steps100.blocks-1.prefetch-budget-8.rank-reject_first.cut-entropy4.0.samples20.maxnew1024.seed10086.subtreePrefetch.vllm.log,287,3,7.837
/Users/jiangnanhugo/workspace/power-sharpening/Subtree-Prefetching-Power-Sharpening/case_studies/logs-entropycut/lcb_v6/2026-09-09/vllm/dataset-lcb_v6.model-qwen3.5-9b.alpha4.0.steps100.blocks-1.prefetch-budget-8.rank-reject_first.cut-entropy4.0.samples20.maxnew1024.seed10086.subtreePrefetch.vllm.log,288,8,7.743
/Users/jiangnanhugo/workspace/power-sharpening/Subtree-Prefetching-Power-Sharpening/case_studies/logs-entropycut/lcb_v6/2026-09-09/vllm/dataset-lcb_v6.model-qwen3.5-9b.alpha4.0.steps100.blocks-1.prefetch-budget-8.rank-reject_first.cut-entropy4.0.samples20.maxnew1024.seed10086.subtreePrefetch.vllm.log,289,3,8.093
/Users/jiangnanhugo/workspace/power-sharpening/Subtree-Prefetching-Power-Sharpening/case_studies/logs-entropycut/lcb_v6/2026-09-09/vllm/dataset-lcb_v6.model-qwen3.5-9b.alpha4.0.steps100.blocks-1.prefetch-budget-8.rank-reject_first.cut-entropy4.0.samples20.maxnew1024.seed10086.subtreePrefetch.vllm.log,290,1,7.568
/Users/jiangnanhugo/workspace/power-sharpening/Subtree-Prefetching-Power-Sharpening/case_studies/logs-entropycut/lcb_v6/2026-09-09/vllm/dataset-lcb_v6.model-qwen3.5-9b.alpha4.0.steps100.blocks-1.prefetch-budget-8.rank-reject_first.cut-entropy4.0.samples20.maxnew1024.seed10086.subtreePrefetch.vllm.log,291,1,8.684
/Users/jiangnanhugo/workspace/power-sharpening/Subtree-Prefetching-Power-Sharpening/case_studies/logs-entropycut/lcb_v6/2026-09-09/vllm/dataset-lcb_v6.model-qwen3.5-9b.alpha4.0.steps100.blocks-1.prefetch-budget-8.rank-reject_first.cut-entropy4.0.samples20.maxnew1024.seed10086.subtreePrefetch.vllm.log,292,4,9.026
/Users/jiangnanhugo/workspace/power-sharpening/Subtree-Prefetching-Power-Sharpening/case_studies/logs-entropycut/lcb_v6/2026-09-09/vllm/dataset-lcb_v6.model-qwen3.5-9b.alpha4.0.steps100.blocks-1.prefetch-budget-8.rank-reject_first.cut-entropy4.0.samples20.maxnew1024.seed10086.subtreePrefetch.vllm.log,293,1,8.184
/Users/jiangnanhugo/workspace/power-sharpening/Subtree-Prefetching-Power-Sharpening/case_studies/logs-entropycut/lcb_v6/2026-09-09/vllm/dataset-lcb_v6.model-qwen3.5-9b.alpha4.0.steps100.blocks-1.prefetch-budget-8.rank-reject_first.cut-entropy4.0.samples20.maxnew1024.seed10086.subtreePrefetch.vllm.log,294,8,9.106
/Users/jiangnanhugo/workspace/power-sharpening/Subtree-Prefetching-Power-Sharpening/case_studies/logs-entropycut/lcb_v6/2026-09-09/vllm/dataset-lcb_v6.model-qwen3.5-9b.alpha4.0.steps100.blocks-1.prefetch-budget-8.rank-reject_first.cut-entropy4.0.samples20.maxnew1024.seed10086.subtreePrefetch.vllm.log,295,2,8.09
/Users/jiangnanhugo/workspace/power-sharpening/Subtree-Prefetching-Power-Sharpening/case_studies/logs-entropycut/lcb_v6/2026-09-09/vllm/dataset-lcb_v6.model-qwen3.5-9b.alpha4.0.steps100.blocks-1.prefetch-budget-8.rank-reject_first.cut-entropy4.0.samples20.maxnew1024.seed10086.subtreePrefetch.vllm.log,296,4,7.976
/Users/jiangnanhugo/workspace/power-sharpening/Subtree-Prefetching-Power-Sharpening/case_studies/logs-entropycut/lcb_v6/2026-09-09/vllm/dataset-lcb_v6.model-qwen3.5-9b.alpha4.0.steps100.blocks-1.prefetch-budget-8.rank-reject_first.cut-entropy4.0.samples20.maxnew1024.seed10086.subtreePrefetch.vllm.log,297,1,9.41
/Users/jiangnanhugo/workspace/power-sharpening/Subtree-Prefetching-Power-Sharpening/case_studies/logs-entropycut/lcb_v6/2026-09-09/vllm/dataset-lcb_v6.model-qwen3.5-9b.alpha4.0.steps100.blocks-1.prefetch-budget-8.rank-reject_first.cut-entropy4.0.samples20.maxnew1024.seed10086.subtreePrefetch.vllm.log,298,1,9.637
/Users/jiangnanhugo/workspace/power-sharpening/Subtree-Prefetching-Power-Sharpening/case_studies/logs-entropycut/lcb_v6/2026-09-09/vllm/dataset-lcb_v6.model-qwen3.5-9b.alpha4.0.steps100.blocks-1.prefetch-budget-8.rank-reject_first.cut-entropy4.0.samples20.maxnew1024.seed10086.subtreePrefetch.vllm.log,299,1,9.396
/Users/jiangnanhugo/workspace/power-sharpening/Subtree-Prefetching-Power-Sharpening/case_studies/logs-entropycut/lcb_v6/2026-09-09/vllm/dataset-lcb_v6.model-qwen3.5-9b.alpha4.0.steps100.blocks-1.prefetch-budget-8.rank-reject_first.cut-entropy4.0.samples20.maxnew1024.seed10086.subtreePrefetch.vllm.log,300,5,10.17
/Users/jiangnanhugo/workspace/power-sharpening/Subtree-Prefetching-Power-Sharpening/case_studies/logs-entropycut/lcb_v6/2026-09-09/vllm/dataset-lcb_v6.model-qwen3.5-9b.alpha4.0.steps100.blocks-1.prefetch-budget-8.rank-reject_first.cut-entropy4.0.samples20.maxnew1024.seed10086.subtreePrefetch.vllm.log,301,2,10.103
/Users/jiangnanhugo/workspace/power-sharpening/Subtree-Prefetching-Power-Sharpening/case_studies/logs-entropycut/lcb_v6/2026-09-09/vllm/dataset-lcb_v6.model-qwen3.5-9b.alpha4.0.steps100.blocks-1.prefetch-budget-8.rank-reject_first.cut-entropy4.0.samples20.maxnew1024.seed10086.subtreePrefetch.vllm.log,302,1,9.05
/Users/jiangnanhugo/workspace/power-sharpening/Subtree-Prefetching-Power-Sharpening/case_studies/logs-entropycut/lcb_v6/2026-09-09/vllm/dataset-lcb_v6.model-qwen3.5-9b.alpha4.0.steps100.blocks-1.prefetch-budget-8.rank-reject_first.cut-entropy4.0.samples20.maxnew1024.seed10086.subtreePrefetch.vllm.log,303,8,8.906
/Users/jiangnanhugo/workspace/power-sharpening/Subtree-Prefetching-Power-Sharpening/case_studies/logs-entropycut/lcb_v6/2026-09-09/vllm/dataset-lcb_v6.model-qwen3.5-9b.alpha4.0.steps100.blocks-1.prefetch-budget-8.rank-reject_first.cut-entropy4.0.samples20.maxnew1024.seed10086.subtreePrefetch.vllm.log,304,4,9.928
/Users/jiangnanhugo/workspace/power-sharpening/Subtree-Prefetching-Power-Sharpening/case_studies/logs-entropycut/lcb_v6/2026-09-09/vllm/dataset-lcb_v6.model-qwen3.5-9b.alpha4.0.steps100.blocks-1.prefetch-budget-8.rank-reject_first.cut-entropy4.0.samples20.maxnew1024.seed10086.subtreePrefetch.vllm.log,305,8,9.337
/Users/jiangnanhugo/workspace/power-sharpening/Subtree-Prefetching-Power-Sharpening/case_studies/logs-entropycut/lcb_v6/2026-09-09/vllm/dataset-lcb_v6.model-qwen3.5-9b.alpha4.0.steps100.blocks-1.prefetch-budget-8.rank-reject_first.cut-entropy4.0.samples20.maxnew1024.seed10086.subtreePrefetch.vllm.log,306,8,9.307
/Users/jiangnanhugo/workspace/power-sharpening/Subtree-Prefetching-Power-Sharpening/case_studies/logs-entropycut/lcb_v6/2026-09-09/vllm/dataset-lcb_v6.model-qwen3.5-9b.alpha4.0.steps100.blocks-1.prefetch-budget-8.rank-reject_first.cut-entropy4.0.samples20.maxnew1024.seed10086.subtreePrefetch.vllm.log,307,8,9.05
/Users/jiangnanhugo/workspace/power-sharpening/Subtree-Prefetching-Power-Sharpening/case_studies/logs-entropycut/lcb_v6/2026-09-09/vllm/dataset-lcb_v6.model-qwen3.5-9b.alpha4.0.steps100.blocks-1.prefetch-budget-8.rank-reject_first.cut-entropy4.0.samples20.maxnew1024.seed10086.subtreePrefetch.vllm.log,308,8,9.424
/Users/jiangnanhugo/workspace/power-sharpening/Subtree-Prefetching-Power-Sharpening/case_studies/logs-entropycut/lcb_v6/2026-09-09/vllm/dataset-lcb_v6.model-qwen3.5-9b.alpha4.0.steps100.blocks-1.prefetch-budget-8.rank-reject_first.cut-entropy4.0.samples20.maxnew1024.seed10086.subtreePrefetch.vllm.log,309,8,9.474
/Users/jiangnanhugo/workspace/power-sharpening/Subtree-Prefetching-Power-Sharpening/case_studies/logs-entropycut/lcb_v6/2026-09-09/vllm/dataset-lcb_v6.model-qwen3.5-9b.alpha4.0.steps100.blocks-1.prefetch-budget-8.rank-reject_first.cut-entropy4.0.samples20.maxnew1024.seed10086.subtreePrefetch.vllm.log,310,7,8.685
/Users/jiangnanhugo/workspace/power-sharpening/Subtree-Prefetching-Power-Sharpening/case_studies/logs-entropycut/lcb_v6/2026-09-09/vllm/dataset-lcb_v6.model-qwen3.5-9b.alpha4.0.steps100.blocks-1.prefetch-budget-8.rank-reject_first.cut-entropy4.0.samples20.maxnew1024.seed10086.subtreePrefetch.vllm.log,311,1,8.952
/Users/jiangnanhugo/workspace/power-sharpening/Subtree-Prefetching-Power-Sharpening/case_studies/logs-entropycut/lcb_v6/2026-09-09/vllm/dataset-lcb_v6.model-qwen3.5-9b.alpha4.0.steps100.blocks-1.prefetch-budget-8.rank-reject_first.cut-entropy4.0.samples20.maxnew1024.seed10086.subtreePrefetch.vllm.log,312,2,8.816
/Users/jiangnanhugo/workspace/power-sharpening/Subtree-Prefetching-Power-Sharpening/case_studies/logs-entropycut/lcb_v6/2026-09-09/vllm/dataset-lcb_v6.model-qwen3.5-9b.alpha4.0.steps100.blocks-1.prefetch-budget-8.rank-reject_first.cut-entropy4.0.samples20.maxnew1024.seed10086.subtreePrefetch.vllm.log,313,8,9.362
/Users/jiangnanhugo/workspace/power-sharpening/Subtree-Prefetching-Power-Sharpening/case_studies/logs-entropycut/lcb_v6/2026-09-09/vllm/dataset-lcb_v6.model-qwen3.5-9b.alpha4.0.steps100.blocks-1.prefetch-budget-8.rank-reject_first.cut-entropy4.0.samples20.maxnew1024.seed10086.subtreePrefetch.vllm.log,314,8,9.786
/Users/jiangnanhugo/workspace/power-sharpening/Subtree-Prefetching-Power-Sharpening/case_studies/logs-entropycut/lcb_v6/2026-09-09/vllm/dataset-lcb_v6.model-qwen3.5-9b.alpha4.0.steps100.blocks-1.prefetch-budget-8.rank-reject_first.cut-entropy4.0.samples20.maxnew1024.seed10086.subtreePrefetch.vllm.log,315,8,9.904
/Users/jiangnanhugo/workspace/power-sharpening/Subtree-Prefetching-Power-Sharpening/case_studies/logs-entropycut/lcb_v6/2026-09-09/vllm/dataset-lcb_v6.model-qwen3.5-9b.alpha4.0.steps100.blocks-1.prefetch-budget-8.rank-reject_first.cut-entropy4.0.samples20.maxnew1024.seed10086.subtreePrefetch.vllm.log,316,2,9.194
/Users/jiangnanhugo/workspace/power-sharpening/Subtree-Prefetching-Power-Sharpening/case_studies/logs-entropycut/lcb_v6/2026-09-09/vllm/dataset-lcb_v6.model-qwen3.5-9b.alpha4.0.steps100.blocks-1.prefetch-budget-8.rank-reject_first.cut-entropy4.0.samples20.maxnew1024.seed10086.subtreePrefetch.vllm.log,317,1,7.886
/Users/jiangnanhugo/workspace/power-sharpening/Subtree-Prefetching-Power-Sharpening/case_studies/logs-entropycut/lcb_v6/2026-09-09/vllm/dataset-lcb_v6.model-qwen3.5-9b.alpha4.0.steps100.blocks-1.prefetch-budget-8.rank-reject_first.cut-entropy4.0.samples20.maxnew1024.seed10086.subtreePrefetch.vllm.log,318,2,7.899
/Users/jiangnanhugo/workspace/power-sharpening/Subtree-Prefetching-Power-Sharpening/case_studies/logs-entropycut/lcb_v6/2026-09-09/vllm/dataset-lcb_v6.model-qwen3.5-9b.alpha4.0.steps100.blocks-1.prefetch-budget-8.rank-reject_first.cut-entropy4.0.samples20.maxnew1024.seed10086.subtreePrefetch.vllm.log,319,1,8.659
/Users/jiangnanhugo/workspace/power-sharpening/Subtree-Prefetching-Power-Sharpening/case_studies/logs-entropycut/lcb_v6/2026-09-09/vllm/dataset-lcb_v6.model-qwen3.5-9b.alpha4.0.steps100.blocks-1.prefetch-budget-8.rank-reject_first.cut-entropy4.0.samples20.maxnew1024.seed10086.subtreePrefetch.vllm.log,320,1,5.544
/Users/jiangnanhugo/workspace/power-sharpening/Subtree-Prefetching-Power-Sharpening/case_studies/logs-entropycut/lcb_v6/2026-09-09/vllm/dataset-lcb_v6.model-qwen3.5-9b.alpha4.0.steps100.blocks-1.prefetch-budget-8.rank-reject_first.cut-entropy4.0.samples20.maxnew1024.seed10086.subtreePrefetch.vllm.log,321,1,7.95
/Users/jiangnanhugo/workspace/power-sharpening/Subtree-Prefetching-Power-Sharpening/case_studies/logs-entropycut/lcb_v6/2026-09-09/vllm/dataset-lcb_v6.model-qwen3.5-9b.alpha4.0.steps100.blocks-1.prefetch-budget-8.rank-reject_first.cut-entropy4.0.samples20.maxnew1024.seed10086.subtreePrefetch.vllm.log,322,2,8.935
/Users/jiangnanhugo/workspace/power-sharpening/Subtree-Prefetching-Power-Sharpening/case_studies/logs-entropycut/lcb_v6/2026-09-09/vllm/dataset-lcb_v6.model-qwen3.5-9b.alpha4.0.steps100.blocks-1.prefetch-budget-8.rank-reject_first.cut-entropy4.0.samples20.maxnew1024.seed10086.subtreePrefetch.vllm.log,323,2,9.407
/Users/jiangnanhugo/workspace/power-sharpening/Subtree-Prefetching-Power-Sharpening/case_studies/logs-entropycut/lcb_v6/2026-09-09/vllm/dataset-lcb_v6.model-qwen3.5-9b.alpha4.0.steps100.blocks-1.prefetch-budget-8.rank-reject_first.cut-entropy4.0.samples20.maxnew1024.seed10086.subtreePrefetch.vllm.log,324,1,8.647
/Users/jiangnanhugo/workspace/power-sharpening/Subtree-Prefetching-Power-Sharpening/case_studies/logs-entropycut/lcb_v6/2026-09-09/vllm/dataset-lcb_v6.model-qwen3.5-9b.alpha4.0.steps100.blocks-1.prefetch-budget-8.rank-reject_first.cut-entropy4.0.samples20.maxnew1024.seed10086.subtreePrefetch.vllm.log,325,8,9.104
/Users/jiangnanhugo/workspace/power-sharpening/Subtree-Prefetching-Power-Sharpening/case_studies/logs-entropycut/lcb_v6/2026-09-09/vllm/dataset-lcb_v6.model-qwen3.5-9b.alpha4.0.steps100.blocks-1.prefetch-budget-8.rank-reject_first.cut-entropy4.0.samples20.maxnew1024.seed10086.subtreePrefetch.vllm.log,326,1,8.377
/Users/jiangnanhugo/workspace/power-sharpening/Subtree-Prefetching-Power-Sharpening/case_studies/logs-entropycut/lcb_v6/2026-09-09/vllm/dataset-lcb_v6.model-qwen3.5-9b.alpha4.0.steps100.blocks-1.prefetch-budget-8.rank-reject_first.cut-entropy4.0.samples20.maxnew1024.seed10086.subtreePrefetch.vllm.log,327,2,6.33
/Users/jiangnanhugo/workspace/power-sharpening/Subtree-Prefetching-Power-Sharpening/case_studies/logs-entropycut/lcb_v6/2026-09-09/vllm/dataset-lcb_v6.model-qwen3.5-9b.alpha4.0.steps100.blocks-1.prefetch-budget-8.rank-reject_first.cut-entropy4.0.samples20.maxnew1024.seed10086.subtreePrefetch.vllm.log,328,7,8.366
/Users/jiangnanhugo/workspace/power-sharpening/Subtree-Prefetching-Power-Sharpening/case_studies/logs-entropycut/lcb_v6/2026-09-09/vllm/dataset-lcb_v6.model-qwen3.5-9b.alpha4.0.steps100.blocks-1.prefetch-budget-8.rank-reject_first.cut-entropy4.0.samples20.maxnew1024.seed10086.subtreePrefetch.vllm.log,329,2,8.864
/Users/jiangnanhugo/workspace/power-sharpening/Subtree-Prefetching-Power-Sharpening/case_studies/logs-entropycut/lcb_v6/2026-09-09/vllm/dataset-lcb_v6.model-qwen3.5-9b.alpha4.0.steps100.blocks-1.prefetch-budget-8.rank-reject_first.cut-entropy4.0.samples20.maxnew1024.seed10086.subtreePrefetch.vllm.log,330,6,7.868
/Users/jiangnanhugo/workspace/power-sharpening/Subtree-Prefetching-Power-Sharpening/case_studies/logs-entropycut/lcb_v6/2026-09-09/vllm/dataset-lcb_v6.model-qwen3.5-9b.alpha4.0.steps100.blocks-1.prefetch-budget-8.rank-reject_first.cut-entropy4.0.samples20.maxnew1024.seed10086.subtreePrefetch.vllm.log,331,1,7.907
/Users/jiangnanhugo/workspace/power-sharpening/Subtree-Prefetching-Power-Sharpening/case_studies/logs-entropycut/lcb_v6/2026-09-09/vllm/dataset-lcb_v6.model-qwen3.5-9b.alpha4.0.steps100.blocks-1.prefetch-budget-8.rank-reject_first.cut-entropy4.0.samples20.maxnew1024.seed10086.subtreePrefetch.vllm.log,332,5,8.392
/Users/jiangnanhugo/workspace/power-sharpening/Subtree-Prefetching-Power-Sharpening/case_studies/logs-entropycut/lcb_v6/2026-09-09/vllm/dataset-lcb_v6.model-qwen3.5-9b.alpha4.0.steps100.blocks-1.prefetch-budget-8.rank-reject_first.cut-entropy4.0.samples20.maxnew1024.seed10086.subtreePrefetch.vllm.log,333,3,8.438
/Users/jiangnanhugo/workspace/power-sharpening/Subtree-Prefetching-Power-Sharpening/case_studies/logs-entropycut/lcb_v6/2026-09-09/vllm/dataset-lcb_v6.model-qwen3.5-9b.alpha4.0.steps100.blocks-1.prefetch-budget-8.rank-reject_first.cut-entropy4.0.samples20.maxnew1024.seed10086.subtreePrefetch.vllm.log,334,4,9.147
/Users/jiangnanhugo/workspace/power-sharpening/Subtree-Prefetching-Power-Sharpening/case_studies/logs-entropycut/lcb_v6/2026-09-09/vllm/dataset-lcb_v6.model-qwen3.5-9b.alpha4.0.steps100.blocks-1.prefetch-budget-8.rank-reject_first.cut-entropy4.0.samples20.maxnew1024.seed10086.subtreePrefetch.vllm.log,335,2,8.509
/Users/jiangnanhugo/workspace/power-sharpening/Subtree-Prefetching-Power-Sharpening/case_studies/logs-entropycut/lcb_v6/2026-09-09/vllm/dataset-lcb_v6.model-qwen3.5-9b.alpha4.0.steps100.blocks-1.prefetch-budget-8.rank-reject_first.cut-entropy4.0.samples20.maxnew1024.seed10086.subtreePrefetch.vllm.log,336,2,9.032
/Users/jiangnanhugo/workspace/power-sharpening/Subtree-Prefetching-Power-Sharpening/case_studies/logs-entropycut/lcb_v6/2026-09-09/vllm/dataset-lcb_v6.model-qwen3.5-9b.alpha4.0.steps100.blocks-1.prefetch-budget-8.rank-reject_first.cut-entropy4.0.samples20.maxnew1024.seed10086.subtreePrefetch.vllm.log,337,5,9.219
/Users/jiangnanhugo/workspace/power-sharpening/Subtree-Prefetching-Power-Sharpening/case_studies/logs-entropycut/lcb_v6/2026-09-09/vllm/dataset-lcb_v6.model-qwen3.5-9b.alpha4.0.steps100.blocks-1.prefetch-budget-8.rank-reject_first.cut-entropy4.0.samples20.maxnew1024.seed10086.subtreePrefetch.vllm.log,338,3,8.798
/Users/jiangnanhugo/workspace/power-sharpening/Subtree-Prefetching-Power-Sharpening/case_studies/logs-entropycut/lcb_v6/2026-09-09/vllm/dataset-lcb_v6.model-qwen3.5-9b.alpha4.0.steps100.blocks-1.prefetch-budget-8.rank-reject_first.cut-entropy4.0.samples20.maxnew1024.seed10086.subtreePrefetch.vllm.log,339,1,8.657
/Users/jiangnanhugo/workspace/power-sharpening/Subtree-Prefetching-Power-Sharpening/case_studies/logs-entropycut/lcb_v6/2026-09-09/vllm/dataset-lcb_v6.model-qwen3.5-9b.alpha4.0.steps100.blocks-1.prefetch-budget-8.rank-reject_first.cut-entropy4.0.samples20.maxnew1024.seed10086.subtreePrefetch.vllm.log,340,4,9.107
/Users/jiangnanhugo/workspace/power-sharpening/Subtree-Prefetching-Power-Sharpening/case_studies/logs-entropycut/lcb_v6/2026-09-09/vllm/dataset-lcb_v6.model-qwen3.5-9b.alpha4.0.steps100.blocks-1.prefetch-budget-8.rank-reject_first.cut-entropy4.0.samples20.maxnew1024.seed10086.subtreePrefetch.vllm.log,341,6,8.468
/Users/jiangnanhugo/workspace/power-sharpening/Subtree-Prefetching-Power-Sharpening/case_studies/logs-entropycut/lcb_v6/2026-09-09/vllm/dataset-lcb_v6.model-qwen3.5-9b.alpha4.0.steps100.blocks-1.prefetch-budget-8.rank-reject_first.cut-entropy4.0.samples20.maxnew1024.seed10086.subtreePrefetch.vllm.log,342,1,8.374
/Users/jiangnanhugo/workspace/power-sharpening/Subtree-Prefetching-Power-Sharpening/case_studies/logs-entropycut/lcb_v6/2026-09-09/vllm/dataset-lcb_v6.model-qwen3.5-9b.alpha4.0.steps100.blocks-1.prefetch-budget-8.rank-reject_first.cut-entropy4.0.samples20.maxnew1024.seed10086.subtreePrefetch.vllm.log,343,8,8.825
/Users/jiangnanhugo/workspace/power-sharpening/Subtree-Prefetching-Power-Sharpening/case_studies/logs-entropycut/lcb_v6/2026-09-09/vllm/dataset-lcb_v6.model-qwen3.5-9b.alpha4.0.steps100.blocks-1.prefetch-budget-8.rank-reject_first.cut-entropy4.0.samples20.maxnew1024.seed10086.subtreePrefetch.vllm.log,344,2,9.373
/Users/jiangnanhugo/workspace/power-sharpening/Subtree-Prefetching-Power-Sharpening/case_studies/logs-entropycut/lcb_v6/2026-09-09/vllm/dataset-lcb_v6.model-qwen3.5-9b.alpha4.0.steps100.blocks-1.prefetch-budget-8.rank-reject_first.cut-entropy4.0.samples20.maxnew1024.seed10086.subtreePrefetch.vllm.log,345,1,8.939
/Users/jiangnanhugo/workspace/power-sharpening/Subtree-Prefetching-Power-Sharpening/case_studies/logs-entropycut/lcb_v6/2026-09-09/vllm/dataset-lcb_v6.model-qwen3.5-9b.alpha4.0.steps100.blocks-1.prefetch-budget-8.rank-reject_first.cut-entropy4.0.samples20.maxnew1024.seed10086.subtreePrefetch.vllm.log,346,5,8.122
/Users/jiangnanhugo/workspace/power-sharpening/Subtree-Prefetching-Power-Sharpening/case_studies/logs-entropycut/lcb_v6/2026-09-09/vllm/dataset-lcb_v6.model-qwen3.5-9b.alpha4.0.steps100.blocks-1.prefetch-budget-8.rank-reject_first.cut-entropy4.0.samples20.maxnew1024.seed10086.subtreePrefetch.vllm.log,347,6,8.958
/Users/jiangnanhugo/workspace/power-sharpening/Subtree-Prefetching-Power-Sharpening/case_studies/logs-entropycut/lcb_v6/2026-09-09/vllm/dataset-lcb_v6.model-qwen3.5-9b.alpha4.0.steps100.blocks-1.prefetch-budget-8.rank-reject_first.cut-entropy4.0.samples20.maxnew1024.seed10086.subtreePrefetch.vllm.log,348,5,9.031
/Users/jiangnanhugo/workspace/power-sharpening/Subtree-Prefetching-Power-Sharpening/case_studies/logs-entropycut/lcb_v6/2026-09-09/vllm/dataset-lcb_v6.model-qwen3.5-9b.alpha4.0.steps100.blocks-1.prefetch-budget-8.rank-reject_first.cut-entropy4.0.samples20.maxnew1024.seed10086.subtreePrefetch.vllm.log,349,1,9.309
/Users/jiangnanhugo/workspace/power-sharpening/Subtree-Prefetching-Power-Sharpening/case_studies/logs-entropycut/lcb_v6/2026-09-09/vllm/dataset-lcb_v6.model-qwen3.5-9b.alpha4.0.steps100.blocks-1.prefetch-budget-8.rank-reject_first.cut-entropy4.0.samples20.maxnew1024.seed10086.subtreePrefetch.vllm.log,350,2,9.513
/Users/jiangnanhugo/workspace/power-sharpening/Subtree-Prefetching-Power-Sharpening/case_studies/logs-entropycut/lcb_v6/2026-09-09/vllm/dataset-lcb_v6.model-qwen3.5-9b.alpha4.0.steps100.blocks-1.prefetch-budget-8.rank-reject_first.cut-entropy4.0.samples20.maxnew1024.seed10086.subtreePrefetch.vllm.log,351,1,9.874
/Users/jiangnanhugo/workspace/power-sharpening/Subtree-Prefetching-Power-Sharpening/case_studies/logs-entropycut/lcb_v6/2026-09-09/vllm/dataset-lcb_v6.model-qwen3.5-9b.alpha4.0.steps100.blocks-1.prefetch-budget-8.rank-reject_first.cut-entropy4.0.samples20.maxnew1024.seed10086.subtreePrefetch.vllm.log,352,4,9.693
/Users/jiangnanhugo/workspace/power-sharpening/Subtree-Prefetching-Power-Sharpening/case_studies/logs-entropycut/lcb_v6/2026-09-09/vllm/dataset-lcb_v6.model-qwen3.5-9b.alpha4.0.steps100.blocks-1.prefetch-budget-8.rank-reject_first.cut-entropy4.0.samples20.maxnew1024.seed10086.subtreePrefetch.vllm.log,353,4,8.352
/Users/jiangnanhugo/workspace/power-sharpening/Subtree-Prefetching-Power-Sharpening/case_studies/logs-entropycut/lcb_v6/2026-09-09/vllm/dataset-lcb_v6.model-qwen3.5-9b.alpha4.0.steps100.blocks-1.prefetch-budget-8.rank-reject_first.cut-entropy4.0.samples20.maxnew1024.seed10086.subtreePrefetch.vllm.log,354,2,9.651
/Users/jiangnanhugo/workspace/power-sharpening/Subtree-Prefetching-Power-Sharpening/case_studies/logs-entropycut/lcb_v6/2026-09-09/vllm/dataset-lcb_v6.model-qwen3.5-9b.alpha4.0.steps100.blocks-1.prefetch-budget-8.rank-reject_first.cut-entropy4.0.samples20.maxnew1024.seed10086.subtreePrefetch.vllm.log,355,1,8.279
/Users/jiangnanhugo/workspace/power-sharpening/Subtree-Prefetching-Power-Sharpening/case_studies/logs-entropycut/lcb_v6/2026-09-09/vllm/dataset-lcb_v6.model-qwen3.5-9b.alpha4.0.steps100.blocks-1.prefetch-budget-8.rank-reject_first.cut-entropy4.0.samples20.maxnew1024.seed10086.subtreePrefetch.vllm.log,356,8,9.52
/Users/jiangnanhugo/workspace/power-sharpening/Subtree-Prefetching-Power-Sharpening/case_studies/logs-entropycut/lcb_v6/2026-09-09/vllm/dataset-lcb_v6.model-qwen3.5-9b.alpha4.0.steps100.blocks-1.prefetch-budget-8.rank-reject_first.cut-entropy4.0.samples20.maxnew1024.seed10086.subtreePrefetch.vllm.log,357,5,10.083
/Users/jiangnanhugo/workspace/power-sharpening/Subtree-Prefetching-Power-Sharpening/case_studies/logs-entropycut/lcb_v6/2026-09-09/vllm/dataset-lcb_v6.model-qwen3.5-9b.alpha4.0.steps100.blocks-1.prefetch-budget-8.rank-reject_first.cut-entropy4.0.samples20.maxnew1024.seed10086.subtreePrefetch.vllm.log,358,1,10.035
/Users/jiangnanhugo/workspace/power-sharpening/Subtree-Prefetching-Power-Sharpening/case_studies/logs-entropycut/lcb_v6/2026-09-09/vllm/dataset-lcb_v6.model-qwen3.5-9b.alpha4.0.steps100.blocks-1.prefetch-budget-8.rank-reject_first.cut-entropy4.0.samples20.maxnew1024.seed10086.subtreePrefetch.vllm.log,359,8,9.737
/Users/jiangnanhugo/workspace/power-sharpening/Subtree-Prefetching-Power-Sharpening/case_studies/logs-entropycut/lcb_v6/2026-09-09/vllm/dataset-lcb_v6.model-qwen3.5-9b.alpha4.0.steps100.blocks-1.prefetch-budget-8.rank-reject_first.cut-entropy4.0.samples20.maxnew1024.seed10086.subtreePrefetch.vllm.log,360,8,8.549
/Users/jiangnanhugo/workspace/power-sharpening/Subtree-Prefetching-Power-Sharpening/case_studies/logs-entropycut/lcb_v6/2026-09-09/vllm/dataset-lcb_v6.model-qwen3.5-9b.alpha4.0.steps100.blocks-1.prefetch-budget-8.rank-reject_first.cut-entropy4.0.samples20.maxnew1024.seed10086.subtreePrefetch.vllm.log,361,6,9.707
/Users/jiangnanhugo/workspace/power-sharpening/Subtree-Prefetching-Power-Sharpening/case_studies/logs-entropycut/lcb_v6/2026-09-09/vllm/dataset-lcb_v6.model-qwen3.5-9b.alpha4.0.steps100.blocks-1.prefetch-budget-8.rank-reject_first.cut-entropy4.0.samples20.maxnew1024.seed10086.subtreePrefetch.vllm.log,362,8,9.323
/Users/jiangnanhugo/workspace/power-sharpening/Subtree-Prefetching-Power-Sharpening/case_studies/logs-entropycut/lcb_v6/2026-09-09/vllm/dataset-lcb_v6.model-qwen3.5-9b.alpha4.0.steps100.blocks-1.prefetch-budget-8.rank-reject_first.cut-entropy4.0.samples20.maxnew1024.seed10086.subtreePrefetch.vllm.log,363,2,9.366
/Users/jiangnanhugo/workspace/power-sharpening/Subtree-Prefetching-Power-Sharpening/case_studies/logs-entropycut/lcb_v6/2026-09-09/vllm/dataset-lcb_v6.model-qwen3.5-9b.alpha4.0.steps100.blocks-1.prefetch-budget-8.rank-reject_first.cut-entropy4.0.samples20.maxnew1024.seed10086.subtreePrefetch.vllm.log,364,1,9.23
/Users/jiangnanhugo/workspace/power-sharpening/Subtree-Prefetching-Power-Sharpening/case_studies/logs-entropycut/lcb_v6/2026-09-09/vllm/dataset-lcb_v6.model-qwen3.5-9b.alpha4.0.steps100.blocks-1.prefetch-budget-8.rank-reject_first.cut-entropy4.0.samples20.maxnew1024.seed10086.subtreePrefetch.vllm.log,365,4,9.51
/Users/jiangnanhugo/workspace/power-sharpening/Subtree-Prefetching-Power-Sharpening/case_studies/logs-entropycut/lcb_v6/2026-09-09/vllm/dataset-lcb_v6.model-qwen3.5-9b.alpha4.0.steps100.blocks-1.prefetch-budget-8.rank-reject_first.cut-entropy4.0.samples20.maxnew1024.seed10086.subtreePrefetch.vllm.log,366,8,9.703
/Users/jiangnanhugo/workspace/power-sharpening/Subtree-Prefetching-Power-Sharpening/case_studies/logs-entropycut/lcb_v6/2026-09-09/vllm/dataset-lcb_v6.model-qwen3.5-9b.alpha4.0.steps100.blocks-1.prefetch-budget-8.rank-reject_first.cut-entropy4.0.samples20.maxnew1024.seed10086.subtreePrefetch.vllm.log,367,5,8.019
/Users/jiangnanhugo/workspace/power-sharpening/Subtree-Prefetching-Power-Sharpening/case_studies/logs-entropycut/lcb_v6/2026-09-09/vllm/dataset-lcb_v6.model-qwen3.5-9b.alpha4.0.steps100.blocks-1.prefetch-budget-8.rank-reject_first.cut-entropy4.0.samples20.maxnew1024.seed10086.subtreePrefetch.vllm.log,368,8,9.575
/Users/jiangnanhugo/workspace/power-sharpening/Subtree-Prefetching-Power-Sharpening/case_studies/logs-entropycut/lcb_v6/2026-09-09/vllm/dataset-lcb_v6.model-qwen3.5-9b.alpha4.0.steps100.blocks-1.prefetch-budget-8.rank-reject_first.cut-entropy4.0.samples20.maxnew1024.seed10086.subtreePrefetch.vllm.log,369,8,9.68
/Users/jiangnanhugo/workspace/power-sharpening/Subtree-Prefetching-Power-Sharpening/case_studies/logs-entropycut/lcb_v6/2026-09-09/vllm/dataset-lcb_v6.model-qwen3.5-9b.alpha4.0.steps100.blocks-1.prefetch-budget-8.rank-reject_first.cut-entropy4.0.samples20.maxnew1024.seed10086.subtreePrefetch.vllm.log,370,5,10.012
/Users/jiangnanhugo/workspace/power-sharpening/Subtree-Prefetching-Power-Sharpening/case_studies/logs-entropycut/lcb_v6/2026-09-09/vllm/dataset-lcb_v6.model-qwen3.5-9b.alpha4.0.steps100.blocks-1.prefetch-budget-8.rank-reject_first.cut-entropy4.0.samples20.maxnew1024.seed10086.subtreePrefetch.vllm.log,371,8,7.682
/Users/jiangnanhugo/workspace/power-sharpening/Subtree-Prefetching-Power-Sharpening/case_studies/logs-entropycut/lcb_v6/2026-09-09/vllm/dataset-lcb_v6.model-qwen3.5-9b.alpha4.0.steps100.blocks-1.prefetch-budget-8.rank-reject_first.cut-entropy4.0.samples20.maxnew1024.seed10086.subtreePrefetch.vllm.log,372,6,9.155
/Users/jiangnanhugo/workspace/power-sharpening/Subtree-Prefetching-Power-Sharpening/case_studies/logs-entropycut/lcb_v6/2026-09-09/vllm/dataset-lcb_v6.model-qwen3.5-9b.alpha4.0.steps100.blocks-1.prefetch-budget-8.rank-reject_first.cut-entropy4.0.samples20.maxnew1024.seed10086.subtreePrefetch.vllm.log,373,1,7.937
/Users/jiangnanhugo/workspace/power-sharpening/Subtree-Prefetching-Power-Sharpening/case_studies/logs-entropycut/lcb_v6/2026-09-09/vllm/dataset-lcb_v6.model-qwen3.5-9b.alpha4.0.steps100.blocks-1.prefetch-budget-8.rank-reject_first.cut-entropy4.0.samples20.maxnew1024.seed10086.subtreePrefetch.vllm.log,374,5,8.868
/Users/jiangnanhugo/workspace/power-sharpening/Subtree-Prefetching-Power-Sharpening/case_studies/logs-entropycut/lcb_v6/2026-09-09/vllm/dataset-lcb_v6.model-qwen3.5-9b.alpha4.0.steps100.blocks-1.prefetch-budget-8.rank-reject_first.cut-entropy4.0.samples20.maxnew1024.seed10086.subtreePrefetch.vllm.log,375,5,8.479
/Users/jiangnanhugo/workspace/power-sharpening/Subtree-Prefetching-Power-Sharpening/case_studies/logs-entropycut/lcb_v6/2026-09-09/vllm/dataset-lcb_v6.model-qwen3.5-9b.alpha4.0.steps100.blocks-1.prefetch-budget-8.rank-reject_first.cut-entropy4.0.samples20.maxnew1024.seed10086.subtreePrefetch.vllm.log,376,1,8.785
/Users/jiangnanhugo/workspace/power-sharpening/Subtree-Prefetching-Power-Sharpening/case_studies/logs-entropycut/lcb_v6/2026-09-09/vllm/dataset-lcb_v6.model-qwen3.5-9b.alpha4.0.steps100.blocks-1.prefetch-budget-8.rank-reject_first.cut-entropy4.0.samples20.maxnew1024.seed10086.subtreePrefetch.vllm.log,377,1,9.37
/Users/jiangnanhugo/workspace/power-sharpening/Subtree-Prefetching-Power-Sharpening/case_studies/logs-entropycut/lcb_v6/2026-09-09/vllm/dataset-lcb_v6.model-qwen3.5-9b.alpha4.0.steps100.blocks-1.prefetch-budget-8.rank-reject_first.cut-entropy4.0.samples20.maxnew1024.seed10086.subtreePrefetch.vllm.log,378,8,8.827
/Users/jiangnanhugo/workspace/power-sharpening/Subtree-Prefetching-Power-Sharpening/case_studies/logs-entropycut/lcb_v6/2026-09-09/vllm/dataset-lcb_v6.model-qwen3.5-9b.alpha4.0.steps100.blocks-1.prefetch-budget-8.rank-reject_first.cut-entropy4.0.samples20.maxnew1024.seed10086.subtreePrefetch.vllm.log,379,4,8.977
/Users/jiangnanhugo/workspace/power-sharpening/Subtree-Prefetching-Power-Sharpening/case_studies/logs-entropycut/lcb_v6/2026-09-09/vllm/dataset-lcb_v6.model-qwen3.5-9b.alpha4.0.steps100.blocks-1.prefetch-budget-8.rank-reject_first.cut-entropy4.0.samples20.maxnew1024.seed10086.subtreePrefetch.vllm.log,380,6,9.222
/Users/jiangnanhugo/workspace/power-sharpening/Subtree-Prefetching-Power-Sharpening/case_studies/logs-entropycut/lcb_v6/2026-09-09/vllm/dataset-lcb_v6.model-qwen3.5-9b.alpha4.0.steps100.blocks-1.prefetch-budget-8.rank-reject_first.cut-entropy4.0.samples20.maxnew1024.seed10086.subtreePrefetch.vllm.log,381,1,8.178
/Users/jiangnanhugo/workspace/power-sharpening/Subtree-Prefetching-Power-Sharpening/case_studies/logs-entropycut/lcb_v6/2026-09-09/vllm/dataset-lcb_v6.model-qwen3.5-9b.alpha4.0.steps100.blocks-1.prefetch-budget-8.rank-reject_first.cut-entropy4.0.samples20.maxnew1024.seed10086.subtreePrefetch.vllm.log,382,3,9.393
/Users/jiangnanhugo/workspace/power-sharpening/Subtree-Prefetching-Power-Sharpening/case_studies/logs-entropycut/lcb_v6/2026-09-09/vllm/dataset-lcb_v6.model-qwen3.5-9b.alpha4.0.steps100.blocks-1.prefetch-budget-8.rank-reject_first.cut-entropy4.0.samples20.maxnew1024.seed10086.subtreePrefetch.vllm.log,383,2,9.079
/Users/jiangnanhugo/workspace/power-sharpening/Subtree-Prefetching-Power-Sharpening/case_studies/logs-entropycut/lcb_v6/2026-09-09/vllm/dataset-lcb_v6.model-qwen3.5-9b.alpha4.0.steps100.blocks-1.prefetch-budget-8.rank-reject_first.cut-entropy4.0.samples20.maxnew1024.seed10086.subtreePrefetch.vllm.log,384,8,9.47
/Users/jiangnanhugo/workspace/power-sharpening/Subtree-Prefetching-Power-Sharpening/case_studies/logs-entropycut/lcb_v6/2026-09-09/vllm/dataset-lcb_v6.model-qwen3.5-9b.alpha4.0.steps100.blocks-1.prefetch-budget-8.rank-reject_first.cut-entropy4.0.samples20.maxnew1024.seed10086.subtreePrefetch.vllm.log,385,8,5.997
/Users/jiangnanhugo/workspace/power-sharpening/Subtree-Prefetching-Power-Sharpening/case_studies/logs-entropycut/lcb_v6/2026-09-09/vllm/dataset-lcb_v6.model-qwen3.5-9b.alpha4.0.steps100.blocks-1.prefetch-budget-8.rank-reject_first.cut-entropy4.0.samples20.maxnew1024.seed10086.subtreePrefetch.vllm.log,386,8,8.923
/Users/jiangnanhugo/workspace/power-sharpening/Subtree-Prefetching-Power-Sharpening/case_studies/logs-entropycut/lcb_v6/2026-09-09/vllm/dataset-lcb_v6.model-qwen3.5-9b.alpha4.0.steps100.blocks-1.prefetch-budget-8.rank-reject_first.cut-entropy4.0.samples20.maxnew1024.seed10086.subtreePrefetch.vllm.log,387,4,9.109
/Users/jiangnanhugo/workspace/power-sharpening/Subtree-Prefetching-Power-Sharpening/case_studies/logs-entropycut/lcb_v6/2026-09-09/vllm/dataset-lcb_v6.model-qwen3.5-9b.alpha4.0.steps100.blocks-1.prefetch-budget-8.rank-reject_first.cut-entropy4.0.samples20.maxnew1024.seed10086.subtreePrefetch.vllm.log,388,8,6.587
/Users/jiangnanhugo/workspace/power-sharpening/Subtree-Prefetching-Power-Sharpening/case_studies/logs-entropycut/lcb_v6/2026-09-09/vllm/dataset-lcb_v6.model-qwen3.5-9b.alpha4.0.steps100.blocks-1.prefetch-budget-8.rank-reject_first.cut-entropy4.0.samples20.maxnew1024.seed10086.subtreePrefetch.vllm.log,389,8,9.044
/Users/jiangnanhugo/workspace/power-sharpening/Subtree-Prefetching-Power-Sharpening/case_studies/logs-entropycut/lcb_v6/2026-09-09/vllm/dataset-lcb_v6.model-qwen3.5-9b.alpha4.0.steps100.blocks-1.prefetch-budget-8.rank-reject_first.cut-entropy4.0.samples20.maxnew1024.seed10086.subtreePrefetch.vllm.log,390,5,9.299
/Users/jiangnanhugo/workspace/power-sharpening/Subtree-Prefetching-Power-Sharpening/case_studies/logs-entropycut/lcb_v6/2026-09-09/vllm/dataset-lcb_v6.model-qwen3.5-9b.alpha4.0.steps100.blocks-1.prefetch-budget-8.rank-reject_first.cut-entropy4.0.samples20.maxnew1024.seed10086.subtreePrefetch.vllm.log,391,8,9.308
/Users/jiangnanhugo/workspace/power-sharpening/Subtree-Prefetching-Power-Sharpening/case_studies/logs-entropycut/lcb_v6/2026-09-09/vllm/dataset-lcb_v6.model-qwen3.5-9b.alpha4.0.steps100.blocks-1.prefetch-budget-8.rank-reject_first.cut-entropy4.0.samples20.maxnew1024.seed10086.subtreePrefetch.vllm.log,392,2,9.563
/Users/jiangnanhugo/workspace/power-sharpening/Subtree-Prefetching-Power-Sharpening/case_studies/logs-entropycut/lcb_v6/2026-09-09/vllm/dataset-lcb_v6.model-qwen3.5-9b.alpha4.0.steps100.blocks-1.prefetch-budget-8.rank-reject_first.cut-entropy4.0.samples20.maxnew1024.seed10086.subtreePrefetch.vllm.log,393,1,10.052
/Users/jiangnanhugo/workspace/power-sharpening/Subtree-Prefetching-Power-Sharpening/case_studies/logs-entropycut/lcb_v6/2026-09-09/vllm/dataset-lcb_v6.model-qwen3.5-9b.alpha4.0.steps100.blocks-1.prefetch-budget-8.rank-reject_first.cut-entropy4.0.samples20.maxnew1024.seed10086.subtreePrefetch.vllm.log,394,6,10.073
/Users/jiangnanhugo/workspace/power-sharpening/Subtree-Prefetching-Power-Sharpening/case_studies/logs-entropycut/lcb_v6/2026-09-09/vllm/dataset-lcb_v6.model-qwen3.5-9b.alpha4.0.steps100.blocks-1.prefetch-budget-8.rank-reject_first.cut-entropy4.0.samples20.maxnew1024.seed10086.subtreePrefetch.vllm.log,395,1,10.221
/Users/jiangnanhugo/workspace/power-sharpening/Subtree-Prefetching-Power-Sharpening/case_studies/logs-entropycut/lcb_v6/2026-09-09/vllm/dataset-lcb_v6.model-qwen3.5-9b.alpha4.0.steps100.blocks-1.prefetch-budget-8.rank-reject_first.cut-entropy4.0.samples20.maxnew1024.seed10086.subtreePrefetch.vllm.log,396,1,10.198
/Users/jiangnanhugo/workspace/power-sharpening/Subtree-Prefetching-Power-Sharpening/case_studies/logs-entropycut/lcb_v6/2026-09-09/vllm/dataset-lcb_v6.model-qwen3.5-9b.alpha4.0.steps100.blocks-1.prefetch-budget-8.rank-reject_first.cut-entropy4.0.samples20.maxnew1024.seed10086.subtreePrefetch.vllm.log,397,3,10.124
/Users/jiangnanhugo/workspace/power-sharpening/Subtree-Prefetching-Power-Sharpening/case_studies/logs-entropycut/lcb_v6/2026-09-09/vllm/dataset-lcb_v6.model-qwen3.5-9b.alpha4.0.steps100.blocks-1.prefetch-budget-8.rank-reject_first.cut-entropy4.0.samples20.maxnew1024.seed10086.subtreePrefetch.vllm.log,398,3,10.017
/Users/jiangnanhugo/workspace/power-sharpening/Subtree-Prefetching-Power-Sharpening/case_studies/logs-entropycut/lcb_v6/2026-09-09/vllm/dataset-lcb_v6.model-qwen3.5-9b.alpha4.0.steps100.blocks-1.prefetch-budget-8.rank-reject_first.cut-entropy4.0.samples20.maxnew1024.seed10086.subtreePrefetch.vllm.log,399,3,10.025
/Users/jiangnanhugo/workspace/power-sharpening/Subtree-Prefetching-Power-Sharpening/case_studies/logs-entropycut/lcb_v6/2026-09-09/vllm/dataset-lcb_v6.model-qwen3.5-9b.alpha4.0.steps100.blocks-1.prefetch-budget-8.rank-reject_first.cut-entropy4.0.samples20.maxnew1024.seed10086.subtreePrefetch.vllm.log,400,8,9.967
/Users/jiangnanhugo/workspace/power-sharpening/Subtree-Prefetching-Power-Sharpening/case_studies/logs-entropycut/lcb_v6/2026-09-09/vllm/dataset-lcb_v6.model-qwen3.5-9b.alpha4.0.steps100.blocks-1.prefetch-budget-8.rank-reject_first.cut-entropy4.0.samples20.maxnew1024.seed10086.subtreePrefetch.vllm.log,401,2,10.068
/Users/jiangnanhugo/workspace/power-sharpening/Subtree-Prefetching-Power-Sharpening/case_studies/logs-entropycut/lcb_v6/2026-09-09/vllm/dataset-lcb_v6.model-qwen3.5-9b.alpha4.0.steps100.blocks-1.prefetch-budget-8.rank-reject_first.cut-entropy4.0.samples20.maxnew1024.seed10086.subtreePrefetch.vllm.log,402,7,10.267
/Users/jiangnanhugo/workspace/power-sharpening/Subtree-Prefetching-Power-Sharpening/case_studies/logs-entropycut/lcb_v6/2026-09-09/vllm/dataset-lcb_v6.model-qwen3.5-9b.alpha4.0.steps100.blocks-1.prefetch-budget-8.rank-reject_first.cut-entropy4.0.samples20.maxnew1024.seed10086.subtreePrefetch.vllm.log,403,6,10.184
/Users/jiangnanhugo/workspace/power-sharpening/Subtree-Prefetching-Power-Sharpening/case_studies/logs-entropycut/lcb_v6/2026-09-09/vllm/dataset-lcb_v6.model-qwen3.5-9b.alpha4.0.steps100.blocks-1.prefetch-budget-8.rank-reject_first.cut-entropy4.0.samples20.maxnew1024.seed10086.subtreePrefetch.vllm.log,404,1,10.079
/Users/jiangnanhugo/workspace/power-sharpening/Subtree-Prefetching-Power-Sharpening/case_studies/logs-entropycut/lcb_v6/2026-09-09/vllm/dataset-lcb_v6.model-qwen3.5-9b.alpha4.0.steps100.blocks-1.prefetch-budget-8.rank-reject_first.cut-entropy4.0.samples20.maxnew1024.seed10086.subtreePrefetch.vllm.log,405,8,10.196
/Users/jiangnanhugo/workspace/power-sharpening/Subtree-Prefetching-Power-Sharpening/case_studies/logs-entropycut/lcb_v6/2026-09-09/vllm/dataset-lcb_v6.model-qwen3.5-9b.alpha4.0.steps100.blocks-1.prefetch-budget-8.rank-reject_first.cut-entropy4.0.samples20.maxnew1024.seed10086.subtreePrefetch.vllm.log,406,8,10.045
/Users/jiangnanhugo/workspace/power-sharpening/Subtree-Prefetching-Power-Sharpening/case_studies/logs-entropycut/lcb_v6/2026-09-09/vllm/dataset-lcb_v6.model-qwen3.5-9b.alpha4.0.steps100.blocks-1.prefetch-budget-8.rank-reject_first.cut-entropy4.0.samples20.maxnew1024.seed10086.subtreePrefetch.vllm.log,407,8,10.178
/Users/jiangnanhugo/workspace/power-sharpening/Subtree-Prefetching-Power-Sharpening/case_studies/logs-entropycut/lcb_v6/2026-09-09/vllm/dataset-lcb_v6.model-qwen3.5-9b.alpha4.0.steps100.blocks-1.prefetch-budget-8.rank-reject_first.cut-entropy4.0.samples20.maxnew1024.seed10086.subtreePrefetch.vllm.log,408,8,10.107
/Users/jiangnanhugo/workspace/power-sharpening/Subtree-Prefetching-Power-Sharpening/case_studies/logs-entropycut/lcb_v6/2026-09-09/vllm/dataset-lcb_v6.model-qwen3.5-9b.alpha4.0.steps100.blocks-1.prefetch-budget-8.rank-reject_first.cut-entropy4.0.samples20.maxnew1024.seed10086.subtreePrefetch.vllm.log,409,8,10.185
/Users/jiangnanhugo/workspace/power-sharpening/Subtree-Prefetching-Power-Sharpening/case_studies/logs-entropycut/lcb_v6/2026-09-09/vllm/dataset-lcb_v6.model-qwen3.5-9b.alpha4.0.steps100.blocks-1.prefetch-budget-8.rank-reject_first.cut-entropy4.0.samples20.maxnew1024.seed10086.subtreePrefetch.vllm.log,410,8,10.205
/Users/jiangnanhugo/workspace/power-sharpening/Subtree-Prefetching-Power-Sharpening/case_studies/logs-entropycut/lcb_v6/2026-09-09/vllm/dataset-lcb_v6.model-qwen3.5-9b.alpha4.0.steps100.blocks-1.prefetch-budget-8.rank-reject_first.cut-entropy4.0.samples20.maxnew1024.seed10086.subtreePrefetch.vllm.log,411,1,6.78
/Users/jiangnanhugo/workspace/power-sharpening/Subtree-Prefetching-Power-Sharpening/case_studies/logs-entropycut/lcb_v6/2026-09-09/vllm/dataset-lcb_v6.model-qwen3.5-9b.alpha4.0.steps100.blocks-1.prefetch-budget-8.rank-reject_first.cut-entropy4.0.samples20.maxnew1024.seed10086.subtreePrefetch.vllm.log,412,3,7.398
/Users/jiangnanhugo/workspace/power-sharpening/Subtree-Prefetching-Power-Sharpening/case_studies/logs-entropycut/lcb_v6/2026-09-09/vllm/dataset-lcb_v6.model-qwen3.5-9b.alpha4.0.steps100.blocks-1.prefetch-budget-8.rank-reject_first.cut-entropy4.0.samples20.maxnew1024.seed10086.subtreePrefetch.vllm.log,413,3,6.722
/Users/jiangnanhugo/workspace/power-sharpening/Subtree-Prefetching-Power-Sharpening/case_studies/logs-entropycut/lcb_v6/2026-09-09/vllm/dataset-lcb_v6.model-qwen3.5-9b.alpha4.0.steps100.blocks-1.prefetch-budget-8.rank-reject_first.cut-entropy4.0.samples20.maxnew1024.seed10086.subtreePrefetch.vllm.log,414,5,5.121
/Users/jiangnanhugo/workspace/power-sharpening/Subtree-Prefetching-Power-Sharpening/case_studies/logs-entropycut/lcb_v6/2026-09-09/vllm/dataset-lcb_v6.model-qwen3.5-9b.alpha4.0.steps100.blocks-1.prefetch-budget-8.rank-reject_first.cut-entropy4.0.samples20.maxnew1024.seed10086.subtreePrefetch.vllm.log,415,3,6.939
/Users/jiangnanhugo/workspace/power-sharpening/Subtree-Prefetching-Power-Sharpening/case_studies/logs-entropycut/lcb_v6/2026-09-09/vllm/dataset-lcb_v6.model-qwen3.5-9b.alpha4.0.steps100.blocks-1.prefetch-budget-8.rank-reject_first.cut-entropy4.0.samples20.maxnew1024.seed10086.subtreePrefetch.vllm.log,416,3,6.154
/Users/jiangnanhugo/workspace/power-sharpening/Subtree-Prefetching-Power-Sharpening/case_studies/logs-entropycut/lcb_v6/2026-09-09/vllm/dataset-lcb_v6.model-qwen3.5-9b.alpha4.0.steps100.blocks-1.prefetch-budget-8.rank-reject_first.cut-entropy4.0.samples20.maxnew1024.seed10086.subtreePrefetch.vllm.log,417,2,6.142
/Users/jiangnanhugo/workspace/power-sharpening/Subtree-Prefetching-Power-Sharpening/case_studies/logs-entropycut/lcb_v6/2026-09-09/vllm/dataset-lcb_v6.model-qwen3.5-9b.alpha4.0.steps100.blocks-1.prefetch-budget-8.rank-reject_first.cut-entropy4.0.samples20.maxnew1024.seed10086.subtreePrefetch.vllm.log,418,1,5.037
/Users/jiangnanhugo/workspace/power-sharpening/Subtree-Prefetching-Power-Sharpening/case_studies/logs-entropycut/lcb_v6/2026-09-09/vllm/dataset-lcb_v6.model-qwen3.5-9b.alpha4.0.steps100.blocks-1.prefetch-budget-8.rank-reject_first.cut-entropy4.0.samples20.maxnew1024.seed10086.subtreePrefetch.vllm.log,419,8,8.158
/Users/jiangnanhugo/workspace/power-sharpening/Subtree-Prefetching-Power-Sharpening/case_studies/logs-entropycut/lcb_v6/2026-09-09/vllm/dataset-lcb_v6.model-qwen3.5-9b.alpha4.0.steps100.blocks-1.prefetch-budget-8.rank-reject_first.cut-entropy4.0.samples20.maxnew1024.seed10086.subtreePrefetch.vllm.log,420,8,8.029
/Users/jiangnanhugo/workspace/power-sharpening/Subtree-Prefetching-Power-Sharpening/case_studies/logs-entropycut/lcb_v6/2026-09-09/vllm/dataset-lcb_v6.model-qwen3.5-9b.alpha4.0.steps100.blocks-1.prefetch-budget-8.rank-reject_first.cut-entropy4.0.samples20.maxnew1024.seed10086.subtreePrefetch.vllm.log,421,2,8.847
/Users/jiangnanhugo/workspace/power-sharpening/Subtree-Prefetching-Power-Sharpening/case_studies/logs-entropycut/lcb_v6/2026-09-09/vllm/dataset-lcb_v6.model-qwen3.5-9b.alpha4.0.steps100.blocks-1.prefetch-budget-8.rank-reject_first.cut-entropy4.0.samples20.maxnew1024.seed10086.subtreePrefetch.vllm.log,422,8,8.804
/Users/jiangnanhugo/workspace/power-sharpening/Subtree-Prefetching-Power-Sharpening/case_studies/logs-entropycut/lcb_v6/2026-09-09/vllm/dataset-lcb_v6.model-qwen3.5-9b.alpha4.0.steps100.blocks-1.prefetch-budget-8.rank-reject_first.cut-entropy4.0.samples20.maxnew1024.seed10086.subtreePrefetch.vllm.log,423,8,8.109
/Users/jiangnanhugo/workspace/power-sharpening/Subtree-Prefetching-Power-Sharpening/case_studies/logs-entropycut/lcb_v6/2026-09-09/vllm/dataset-lcb_v6.model-qwen3.5-9b.alpha4.0.steps100.blocks-1.prefetch-budget-8.rank-reject_first.cut-entropy4.0.samples20.maxnew1024.seed10086.subtreePrefetch.vllm.log,424,1,6.916
/Users/jiangnanhugo/workspace/power-sharpening/Subtree-Prefetching-Power-Sharpening/case_studies/logs-entropycut/lcb_v6/2026-09-09/vllm/dataset-lcb_v6.model-qwen3.5-9b.alpha4.0.steps100.blocks-1.prefetch-budget-8.rank-reject_first.cut-entropy4.0.samples20.maxnew1024.seed10086.subtreePrefetch.vllm.log,425,2,6.855
/Users/jiangnanhugo/workspace/power-sharpening/Subtree-Prefetching-Power-Sharpening/case_studies/logs-entropycut/lcb_v6/2026-09-09/vllm/dataset-lcb_v6.model-qwen3.5-9b.alpha4.0.steps100.blocks-1.prefetch-budget-8.rank-reject_first.cut-entropy4.0.samples20.maxnew1024.seed10086.subtreePrefetch.vllm.log,426,8,7.033
/Users/jiangnanhugo/workspace/power-sharpening/Subtree-Prefetching-Power-Sharpening/case_studies/logs-entropycut/lcb_v6/2026-09-09/vllm/dataset-lcb_v6.model-qwen3.5-9b.alpha4.0.steps100.blocks-1.prefetch-budget-8.rank-reject_first.cut-entropy4.0.samples20.maxnew1024.seed10086.subtreePrefetch.vllm.log,427,8,6.871
/Users/jiangnanhugo/workspace/power-sharpening/Subtree-Prefetching-Power-Sharpening/case_studies/logs-entropycut/lcb_v6/2026-09-09/vllm/dataset-lcb_v6.model-qwen3.5-9b.alpha4.0.steps100.blocks-1.prefetch-budget-8.rank-reject_first.cut-entropy4.0.samples20.maxnew1024.seed10086.subtreePrefetch.vllm.log,428,1,6.979
/Users/jiangnanhugo/workspace/power-sharpening/Subtree-Prefetching-Power-Sharpening/case_studies/logs-entropycut/lcb_v6/2026-09-09/vllm/dataset-lcb_v6.model-qwen3.5-9b.alpha4.0.steps100.blocks-1.prefetch-budget-8.rank-reject_first.cut-entropy4.0.samples20.maxnew1024.seed10086.subtreePrefetch.vllm.log,429,8,7.135
/Users/jiangnanhugo/workspace/power-sharpening/Subtree-Prefetching-Power-Sharpening/case_studies/logs-entropycut/lcb_v6/2026-09-09/vllm/dataset-lcb_v6.model-qwen3.5-9b.alpha4.0.steps100.blocks-1.prefetch-budget-8.rank-reject_first.cut-entropy4.0.samples20.maxnew1024.seed10086.subtreePrefetch.vllm.log,430,8,8.184
/Users/jiangnanhugo/workspace/power-sharpening/Subtree-Prefetching-Power-Sharpening/case_studies/logs-entropycut/lcb_v6/2026-09-09/vllm/dataset-lcb_v6.model-qwen3.5-9b.alpha4.0.steps100.blocks-1.prefetch-budget-8.rank-reject_first.cut-entropy4.0.samples20.maxnew1024.seed10086.subtreePrefetch.vllm.log,431,1,8.189
/Users/jiangnanhugo/workspace/power-sharpening/Subtree-Prefetching-Power-Sharpening/case_studies/logs-entropycut/lcb_v6/2026-09-09/vllm/dataset-lcb_v6.model-qwen3.5-9b.alpha4.0.steps100.blocks-1.prefetch-budget-8.rank-reject_first.cut-entropy4.0.samples20.maxnew1024.seed10086.subtreePrefetch.vllm.log,432,8,9.064
/Users/jiangnanhugo/workspace/power-sharpening/Subtree-Prefetching-Power-Sharpening/case_studies/logs-entropycut/lcb_v6/2026-09-09/vllm/dataset-lcb_v6.model-qwen3.5-9b.alpha4.0.steps100.blocks-1.prefetch-budget-8.rank-reject_first.cut-entropy4.0.samples20.maxnew1024.seed10086.subtreePrefetch.vllm.log,433,2,9.044
/Users/jiangnanhugo/workspace/power-sharpening/Subtree-Prefetching-Power-Sharpening/case_studies/logs-entropycut/lcb_v6/2026-09-09/vllm/dataset-lcb_v6.model-qwen3.5-9b.alpha4.0.steps100.blocks-1.prefetch-budget-8.rank-reject_first.cut-entropy4.0.samples20.maxnew1024.seed10086.subtreePrefetch.vllm.log,434,1,9.42
/Users/jiangnanhugo/workspace/power-sharpening/Subtree-Prefetching-Power-Sharpening/case_studies/logs-entropycut/lcb_v6/2026-09-09/vllm/dataset-lcb_v6.model-qwen3.5-9b.alpha4.0.steps100.blocks-1.prefetch-budget-8.rank-reject_first.cut-entropy4.0.samples20.maxnew1024.seed10086.subtreePrefetch.vllm.log,435,1,9.04
/Users/jiangnanhugo/workspace/power-sharpening/Subtree-Prefetching-Power-Sharpening/case_studies/logs-entropycut/lcb_v6/2026-09-09/vllm/dataset-lcb_v6.model-qwen3.5-9b.alpha4.0.steps100.blocks-1.prefetch-budget-8.rank-reject_first.cut-entropy4.0.samples20.maxnew1024.seed10086.subtreePrefetch.vllm.log,436,1,9.064
/Users/jiangnanhugo/workspace/power-sharpening/Subtree-Prefetching-Power-Sharpening/case_studies/logs-entropycut/lcb_v6/2026-09-09/vllm/dataset-lcb_v6.model-qwen3.5-9b.alpha4.0.steps100.blocks-1.prefetch-budget-8.rank-reject_first.cut-entropy4.0.samples20.maxnew1024.seed10086.subtreePrefetch.vllm.log,437,1,8.962
/Users/jiangnanhugo/workspace/power-sharpening/Subtree-Prefetching-Power-Sharpening/case_studies/logs-entropycut/lcb_v6/2026-09-09/vllm/dataset-lcb_v6.model-qwen3.5-9b.alpha4.0.steps100.blocks-1.prefetch-budget-8.rank-reject_first.cut-entropy4.0.samples20.maxnew1024.seed10086.subtreePrefetch.vllm.log,438,1,9.779
/Users/jiangnanhugo/workspace/power-sharpening/Subtree-Prefetching-Power-Sharpening/case_studies/logs-entropycut/lcb_v6/2026-09-09/vllm/dataset-lcb_v6.model-qwen3.5-9b.alpha4.0.steps100.blocks-1.prefetch-budget-8.rank-reject_first.cut-entropy4.0.samples20.maxnew1024.seed10086.subtreePrefetch.vllm.log,439,1,8.998
/Users/jiangnanhugo/workspace/power-sharpening/Subtree-Prefetching-Power-Sharpening/case_studies/logs-entropycut/lcb_v6/2026-09-09/vllm/dataset-lcb_v6.model-qwen3.5-9b.alpha4.0.steps100.blocks-1.prefetch-budget-8.rank-reject_first.cut-entropy4.0.samples20.maxnew1024.seed10086.subtreePrefetch.vllm.log,440,1,9.08
/Users/jiangnanhugo/workspace/power-sharpening/Subtree-Prefetching-Power-Sharpening/case_studies/logs-entropycut/lcb_v6/2026-09-09/vllm/dataset-lcb_v6.model-qwen3.5-9b.alpha4.0.steps100.blocks-1.prefetch-budget-8.rank-reject_first.cut-entropy4.0.samples20.maxnew1024.seed10086.subtreePrefetch.vllm.log,441,1,9.89
/Users/jiangnanhugo/workspace/power-sharpening/Subtree-Prefetching-Power-Sharpening/case_studies/logs-entropycut/lcb_v6/2026-09-09/vllm/dataset-lcb_v6.model-qwen3.5-9b.alpha4.0.steps100.blocks-1.prefetch-budget-8.rank-reject_first.cut-entropy4.0.samples20.maxnew1024.seed10086.subtreePrefetch.vllm.log,442,2,9.897
/Users/jiangnanhugo/workspace/power-sharpening/Subtree-Prefetching-Power-Sharpening/case_studies/logs-entropycut/lcb_v6/2026-09-09/vllm/dataset-lcb_v6.model-qwen3.5-9b.alpha4.0.steps100.blocks-1.prefetch-budget-8.rank-reject_first.cut-entropy4.0.samples20.maxnew1024.seed10086.subtreePrefetch.vllm.log,443,2,9.774
/Users/jiangnanhugo/workspace/power-sharpening/Subtree-Prefetching-Power-Sharpening/case_studies/logs-entropycut/lcb_v6/2026-09-09/vllm/dataset-lcb_v6.model-qwen3.5-9b.alpha4.0.steps100.blocks-1.prefetch-budget-8.rank-reject_first.cut-entropy4.0.samples20.maxnew1024.seed10086.subtreePrefetch.vllm.log,444,8,10.045
/Users/jiangnanhugo/workspace/power-sharpening/Subtree-Prefetching-Power-Sharpening/case_studies/logs-entropycut/lcb_v6/2026-09-09/vllm/dataset-lcb_v6.model-qwen3.5-9b.alpha4.0.steps100.blocks-1.prefetch-budget-8.rank-reject_first.cut-entropy4.0.samples20.maxnew1024.seed10086.subtreePrefetch.vllm.log,445,2,9.04
/Users/jiangnanhugo/workspace/power-sharpening/Subtree-Prefetching-Power-Sharpening/case_studies/logs-entropycut/lcb_v6/2026-09-09/vllm/dataset-lcb_v6.model-qwen3.5-9b.alpha4.0.steps100.blocks-1.prefetch-budget-8.rank-reject_first.cut-entropy4.0.samples20.maxnew1024.seed10086.subtreePrefetch.vllm.log,446,2,8.926
/Users/jiangnanhugo/workspace/power-sharpening/Subtree-Prefetching-Power-Sharpening/case_studies/logs-entropycut/lcb_v6/2026-09-09/vllm/dataset-lcb_v6.model-qwen3.5-9b.alpha4.0.steps100.blocks-1.prefetch-budget-8.rank-reject_first.cut-entropy4.0.samples20.maxnew1024.seed10086.subtreePrefetch.vllm.log,447,8,8.961
/Users/jiangnanhugo/workspace/power-sharpening/Subtree-Prefetching-Power-Sharpening/case_studies/logs-entropycut/lcb_v6/2026-09-09/vllm/dataset-lcb_v6.model-qwen3.5-9b.alpha4.0.steps100.blocks-1.prefetch-budget-8.rank-reject_first.cut-entropy4.0.samples20.maxnew1024.seed10086.subtreePrefetch.vllm.log,448,8,9.435
/Users/jiangnanhugo/workspace/power-sharpening/Subtree-Prefetching-Power-Sharpening/case_studies/logs-entropycut/lcb_v6/2026-09-09/vllm/dataset-lcb_v6.model-qwen3.5-9b.alpha4.0.steps100.blocks-1.prefetch-budget-8.rank-reject_first.cut-entropy4.0.samples20.maxnew1024.seed10086.subtreePrefetch.vllm.log,449,8,9.873
/Users/jiangnanhugo/workspace/power-sharpening/Subtree-Prefetching-Power-Sharpening/case_studies/logs-entropycut/lcb_v6/2026-09-09/vllm/dataset-lcb_v6.model-qwen3.5-9b.alpha4.0.steps100.blocks-1.prefetch-budget-8.rank-reject_first.cut-entropy4.0.samples20.maxnew1024.seed10086.subtreePrefetch.vllm.log,450,8,9.976
/Users/jiangnanhugo/workspace/power-sharpening/Subtree-Prefetching-Power-Sharpening/case_studies/logs-entropycut/lcb_v6/2026-09-09/vllm/dataset-lcb_v6.model-qwen3.5-9b.alpha4.0.steps100.blocks-1.prefetch-budget-8.rank-reject_first.cut-entropy4.0.samples20.maxnew1024.seed10086.subtreePrefetch.vllm.log,451,8,10.219
/Users/jiangnanhugo/workspace/power-sharpening/Subtree-Prefetching-Power-Sharpening/case_studies/logs-entropycut/lcb_v6/2026-09-09/vllm/dataset-lcb_v6.model-qwen3.5-9b.alpha4.0.steps100.blocks-1.prefetch-budget-8.rank-reject_first.cut-entropy4.0.samples20.maxnew1024.seed10086.subtreePrefetch.vllm.log,452,8,9.631
/Users/jiangnanhugo/workspace/power-sharpening/Subtree-Prefetching-Power-Sharpening/case_studies/logs-entropycut/lcb_v6/2026-09-09/vllm/dataset-lcb_v6.model-qwen3.5-9b.alpha4.0.steps100.blocks-1.prefetch-budget-8.rank-reject_first.cut-entropy4.0.samples20.maxnew1024.seed10086.subtreePrefetch.vllm.log,453,8,9.075
/Users/jiangnanhugo/workspace/power-sharpening/Subtree-Prefetching-Power-Sharpening/case_studies/logs-entropycut/lcb_v6/2026-09-09/vllm/dataset-lcb_v6.model-qwen3.5-9b.alpha4.0.steps100.blocks-1.prefetch-budget-8.rank-reject_first.cut-entropy4.0.samples20.maxnew1024.seed10086.subtreePrefetch.vllm.log,454,2,9.894
/Users/jiangnanhugo/workspace/power-sharpening/Subtree-Prefetching-Power-Sharpening/case_studies/logs-entropycut/lcb_v6/2026-09-09/vllm/dataset-lcb_v6.model-qwen3.5-9b.alpha4.0.steps100.blocks-1.prefetch-budget-8.rank-reject_first.cut-entropy4.0.samples20.maxnew1024.seed10086.subtreePrefetch.vllm.log,455,1,10.062
/Users/jiangnanhugo/workspace/power-sharpening/Subtree-Prefetching-Power-Sharpening/case_studies/logs-entropycut/lcb_v6/2026-09-09/vllm/dataset-lcb_v6.model-qwen3.5-9b.alpha4.0.steps100.blocks-1.prefetch-budget-8.rank-reject_first.cut-entropy4.0.samples20.maxnew1024.seed10086.subtreePrefetch.vllm.log,456,4,9.491
/Users/jiangnanhugo/workspace/power-sharpening/Subtree-Prefetching-Power-Sharpening/case_studies/logs-entropycut/lcb_v6/2026-09-09/vllm/dataset-lcb_v6.model-qwen3.5-9b.alpha4.0.steps100.blocks-1.prefetch-budget-8.rank-reject_first.cut-entropy4.0.samples20.maxnew1024.seed10086.subtreePrefetch.vllm.log,457,3,9.45
/Users/jiangnanhugo/workspace/power-sharpening/Subtree-Prefetching-Power-Sharpening/case_studies/logs-entropycut/lcb_v6/2026-09-09/vllm/dataset-lcb_v6.model-qwen3.5-9b.alpha4.0.steps100.blocks-1.prefetch-budget-8.rank-reject_first.cut-entropy4.0.samples20.maxnew1024.seed10086.subtreePrefetch.vllm.log,458,8,9.414
/Users/jiangnanhugo/workspace/power-sharpening/Subtree-Prefetching-Power-Sharpening/case_studies/logs-entropycut/lcb_v6/2026-09-09/vllm/dataset-lcb_v6.model-qwen3.5-9b.alpha4.0.steps100.blocks-1.prefetch-budget-8.rank-reject_first.cut-entropy4.0.samples20.maxnew1024.seed10086.subtreePrefetch.vllm.log,459,1,8.157
/Users/jiangnanhugo/workspace/power-sharpening/Subtree-Prefetching-Power-Sharpening/case_studies/logs-entropycut/lcb_v6/2026-09-09/vllm/dataset-lcb_v6.model-qwen3.5-9b.alpha4.0.steps100.blocks-1.prefetch-budget-8.rank-reject_first.cut-entropy4.0.samples20.maxnew1024.seed10086.subtreePrefetch.vllm.log,460,3,8.179
/Users/jiangnanhugo/workspace/power-sharpening/Subtree-Prefetching-Power-Sharpening/case_studies/logs-entropycut/lcb_v6/2026-09-09/vllm/dataset-lcb_v6.model-qwen3.5-9b.alpha4.0.steps100.blocks-1.prefetch-budget-8.rank-reject_first.cut-entropy4.0.samples20.maxnew1024.seed10086.subtreePrefetch.vllm.log,461,3,9.75
/Users/jiangnanhugo/workspace/power-sharpening/Subtree-Prefetching-Power-Sharpening/case_studies/logs-entropycut/lcb_v6/2026-09-09/vllm/dataset-lcb_v6.model-qwen3.5-9b.alpha4.0.steps100.blocks-1.prefetch-budget-8.rank-reject_first.cut-entropy4.0.samples20.maxnew1024.seed10086.subtreePrefetch.vllm.log,462,2,8.379
/Users/jiangnanhugo/workspace/power-sharpening/Subtree-Prefetching-Power-Sharpening/case_studies/logs-entropycut/lcb_v6/2026-09-09/vllm/dataset-lcb_v6.model-qwen3.5-9b.alpha4.0.steps100.blocks-1.prefetch-budget-8.rank-reject_first.cut-entropy4.0.samples20.maxnew1024.seed10086.subtreePrefetch.vllm.log,463,8,8.888
/Users/jiangnanhugo/workspace/power-sharpening/Subtree-Prefetching-Power-Sharpening/case_studies/logs-entropycut/lcb_v6/2026-09-09/vllm/dataset-lcb_v6.model-qwen3.5-9b.alpha4.0.steps100.blocks-1.prefetch-budget-8.rank-reject_first.cut-entropy4.0.samples20.maxnew1024.seed10086.subtreePrefetch.vllm.log,464,3,8.655
/Users/jiangnanhugo/workspace/power-sharpening/Subtree-Prefetching-Power-Sharpening/case_studies/logs-entropycut/lcb_v6/2026-09-09/vllm/dataset-lcb_v6.model-qwen3.5-9b.alpha4.0.steps100.blocks-1.prefetch-budget-8.rank-reject_first.cut-entropy4.0.samples20.maxnew1024.seed10086.subtreePrefetch.vllm.log,465,8,8.408
/Users/jiangnanhugo/workspace/power-sharpening/Subtree-Prefetching-Power-Sharpening/case_studies/logs-entropycut/lcb_v6/2026-09-09/vllm/dataset-lcb_v6.model-qwen3.5-9b.alpha4.0.steps100.blocks-1.prefetch-budget-8.rank-reject_first.cut-entropy4.0.samples20.maxnew1024.seed10086.subtreePrefetch.vllm.log,466,8,8.615
/Users/jiangnanhugo/workspace/power-sharpening/Subtree-Prefetching-Power-Sharpening/case_studies/logs-entropycut/lcb_v6/2026-09-09/vllm/dataset-lcb_v6.model-qwen3.5-9b.alpha4.0.steps100.blocks-1.prefetch-budget-8.rank-reject_first.cut-entropy4.0.samples20.maxnew1024.seed10086.subtreePrefetch.vllm.log,467,8,8.461
/Users/jiangnanhugo/workspace/power-sharpening/Subtree-Prefetching-Power-Sharpening/case_studies/logs-entropycut/lcb_v6/2026-09-09/vllm/dataset-lcb_v6.model-qwen3.5-9b.alpha4.0.steps100.blocks-1.prefetch-budget-8.rank-reject_first.cut-entropy4.0.samples20.maxnew1024.seed10086.subtreePrefetch.vllm.log,468,4,8.625
/Users/jiangnanhugo/workspace/power-sharpening/Subtree-Prefetching-Power-Sharpening/case_studies/logs-entropycut/lcb_v6/2026-09-09/vllm/dataset-lcb_v6.model-qwen3.5-9b.alpha4.0.steps100.blocks-1.prefetch-budget-8.rank-reject_first.cut-entropy4.0.samples20.maxnew1024.seed10086.subtreePrefetch.vllm.log,469,7,7.975
/Users/jiangnanhugo/workspace/power-sharpening/Subtree-Prefetching-Power-Sharpening/case_studies/logs-entropycut/lcb_v6/2026-09-09/vllm/dataset-lcb_v6.model-qwen3.5-9b.alpha4.0.steps100.blocks-1.prefetch-budget-8.rank-reject_first.cut-entropy4.0.samples20.maxnew1024.seed10086.subtreePrefetch.vllm.log,470,2,7.147
/Users/jiangnanhugo/workspace/power-sharpening/Subtree-Prefetching-Power-Sharpening/case_studies/logs-entropycut/lcb_v6/2026-09-09/vllm/dataset-lcb_v6.model-qwen3.5-9b.alpha4.0.steps100.blocks-1.prefetch-budget-8.rank-reject_first.cut-entropy4.0.samples20.maxnew1024.seed10086.subtreePrefetch.vllm.log,471,1,8.474
/Users/jiangnanhugo/workspace/power-sharpening/Subtree-Prefetching-Power-Sharpening/case_studies/logs-entropycut/lcb_v6/2026-09-09/vllm/dataset-lcb_v6.model-qwen3.5-9b.alpha4.0.steps100.blocks-1.prefetch-budget-8.rank-reject_first.cut-entropy4.0.samples20.maxnew1024.seed10086.subtreePrefetch.vllm.log,472,1,9.133
/Users/jiangnanhugo/workspace/power-sharpening/Subtree-Prefetching-Power-Sharpening/case_studies/logs-entropycut/lcb_v6/2026-09-09/vllm/dataset-lcb_v6.model-qwen3.5-9b.alpha4.0.steps100.blocks-1.prefetch-budget-8.rank-reject_first.cut-entropy4.0.samples20.maxnew1024.seed10086.subtreePrefetch.vllm.log,473,7,7.997
/Users/jiangnanhugo/workspace/power-sharpening/Subtree-Prefetching-Power-Sharpening/case_studies/logs-entropycut/lcb_v6/2026-09-09/vllm/dataset-lcb_v6.model-qwen3.5-9b.alpha4.0.steps100.blocks-1.prefetch-budget-8.rank-reject_first.cut-entropy4.0.samples20.maxnew1024.seed10086.subtreePrefetch.vllm.log,474,3,8.014
/Users/jiangnanhugo/workspace/power-sharpening/Subtree-Prefetching-Power-Sharpening/case_studies/logs-entropycut/lcb_v6/2026-09-09/vllm/dataset-lcb_v6.model-qwen3.5-9b.alpha4.0.steps100.blocks-1.prefetch-budget-8.rank-reject_first.cut-entropy4.0.samples20.maxnew1024.seed10086.subtreePrefetch.vllm.log,475,2,9.737
/Users/jiangnanhugo/workspace/power-sharpening/Subtree-Prefetching-Power-Sharpening/case_studies/logs-entropycut/lcb_v6/2026-09-09/vllm/dataset-lcb_v6.model-qwen3.5-9b.alpha4.0.steps100.blocks-1.prefetch-budget-8.rank-reject_first.cut-entropy4.0.samples20.maxnew1024.seed10086.subtreePrefetch.vllm.log,476,8,8.64
/Users/jiangnanhugo/workspace/power-sharpening/Subtree-Prefetching-Power-Sharpening/case_studies/logs-entropycut/lcb_v6/2026-09-09/vllm/dataset-lcb_v6.model-qwen3.5-9b.alpha4.0.steps100.blocks-1.prefetch-budget-8.rank-reject_first.cut-entropy4.0.samples20.maxnew1024.seed10086.subtreePrefetch.vllm.log,477,2,8.453
/Users/jiangnanhugo/workspace/power-sharpening/Subtree-Prefetching-Power-Sharpening/case_studies/logs-entropycut/lcb_v6/2026-09-09/vllm/dataset-lcb_v6.model-qwen3.5-9b.alpha4.0.steps100.blocks-1.prefetch-budget-8.rank-reject_first.cut-entropy4.0.samples20.maxnew1024.seed10086.subtreePrefetch.vllm.log,478,2,8.117
/Users/jiangnanhugo/workspace/power-sharpening/Subtree-Prefetching-Power-Sharpening/case_studies/logs-entropycut/lcb_v6/2026-09-09/vllm/dataset-lcb_v6.model-qwen3.5-9b.alpha4.0.steps100.blocks-1.prefetch-budget-8.rank-reject_first.cut-entropy4.0.samples20.maxnew1024.seed10086.subtreePrefetch.vllm.log,479,2,8.466
/Users/jiangnanhugo/workspace/power-sharpening/Subtree-Prefetching-Power-Sharpening/case_studies/logs-entropycut/lcb_v6/2026-09-09/vllm/dataset-lcb_v6.model-qwen3.5-9b.alpha4.0.steps100.blocks-1.prefetch-budget-8.rank-reject_first.cut-entropy4.0.samples20.maxnew1024.seed10086.subtreePrefetch.vllm.log,480,8,8.568
/Users/jiangnanhugo/workspace/power-sharpening/Subtree-Prefetching-Power-Sharpening/case_studies/logs-entropycut/lcb_v6/2026-09-09/vllm/dataset-lcb_v6.model-qwen3.5-9b.alpha4.0.steps100.blocks-1.prefetch-budget-8.rank-reject_first.cut-entropy4.0.samples20.maxnew1024.seed10086.subtreePrefetch.vllm.log,481,7,9.659
/Users/jiangnanhugo/workspace/power-sharpening/Subtree-Prefetching-Power-Sharpening/case_studies/logs-entropycut/lcb_v6/2026-09-09/vllm/dataset-lcb_v6.model-qwen3.5-9b.alpha4.0.steps100.blocks-1.prefetch-budget-8.rank-reject_first.cut-entropy4.0.samples20.maxnew1024.seed10086.subtreePrefetch.vllm.log,482,2,9.167
/Users/jiangnanhugo/workspace/power-sharpening/Subtree-Prefetching-Power-Sharpening/case_studies/logs-entropycut/lcb_v6/2026-09-09/vllm/dataset-lcb_v6.model-qwen3.5-9b.alpha4.0.steps100.blocks-1.prefetch-budget-8.rank-reject_first.cut-entropy4.0.samples20.maxnew1024.seed10086.subtreePrefetch.vllm.log,483,1,9.549
/Users/jiangnanhugo/workspace/power-sharpening/Subtree-Prefetching-Power-Sharpening/case_studies/logs-entropycut/lcb_v6/2026-09-09/vllm/dataset-lcb_v6.model-qwen3.5-9b.alpha4.0.steps100.blocks-1.prefetch-budget-8.rank-reject_first.cut-entropy4.0.samples20.maxnew1024.seed10086.subtreePrefetch.vllm.log,484,2,9.032
/Users/jiangnanhugo/workspace/power-sharpening/Subtree-Prefetching-Power-Sharpening/case_studies/logs-entropycut/lcb_v6/2026-09-09/vllm/dataset-lcb_v6.model-qwen3.5-9b.alpha4.0.steps100.blocks-1.prefetch-budget-8.rank-reject_first.cut-entropy4.0.samples20.maxnew1024.seed10086.subtreePrefetch.vllm.log,485,1,7.338
/Users/jiangnanhugo/workspace/power-sharpening/Subtree-Prefetching-Power-Sharpening/case_studies/logs-entropycut/lcb_v6/2026-09-09/vllm/dataset-lcb_v6.model-qwen3.5-9b.alpha4.0.steps100.blocks-1.prefetch-budget-8.rank-reject_first.cut-entropy4.0.samples20.maxnew1024.seed10086.subtreePrefetch.vllm.log,486,6,8.407
/Users/jiangnanhugo/workspace/power-sharpening/Subtree-Prefetching-Power-Sharpening/case_studies/logs-entropycut/lcb_v6/2026-09-09/vllm/dataset-lcb_v6.model-qwen3.5-9b.alpha4.0.steps100.blocks-1.prefetch-budget-8.rank-reject_first.cut-entropy4.0.samples20.maxnew1024.seed10086.subtreePrefetch.vllm.log,487,8,9.862
/Users/jiangnanhugo/workspace/power-sharpening/Subtree-Prefetching-Power-Sharpening/case_studies/logs-entropycut/lcb_v6/2026-09-09/vllm/dataset-lcb_v6.model-qwen3.5-9b.alpha4.0.steps100.blocks-1.prefetch-budget-8.rank-reject_first.cut-entropy4.0.samples20.maxnew1024.seed10086.subtreePrefetch.vllm.log,488,8,8.815
/Users/jiangnanhugo/workspace/power-sharpening/Subtree-Prefetching-Power-Sharpening/case_studies/logs-entropycut/lcb_v6/2026-09-09/vllm/dataset-lcb_v6.model-qwen3.5-9b.alpha4.0.steps100.blocks-1.prefetch-budget-8.rank-reject_first.cut-entropy4.0.samples20.maxnew1024.seed10086.subtreePrefetch.vllm.log,489,1,8.36
/Users/jiangnanhugo/workspace/power-sharpening/Subtree-Prefetching-Power-Sharpening/case_studies/logs-entropycut/lcb_v6/2026-09-09/vllm/dataset-lcb_v6.model-qwen3.5-9b.alpha4.0.steps100.blocks-1.prefetch-budget-8.rank-reject_first.cut-entropy4.0.samples20.maxnew1024.seed10086.subtreePrefetch.vllm.log,490,3,8.952
/Users/jiangnanhugo/workspace/power-sharpening/Subtree-Prefetching-Power-Sharpening/case_studies/logs-entropycut/lcb_v6/2026-09-09/vllm/dataset-lcb_v6.model-qwen3.5-9b.alpha4.0.steps100.blocks-1.prefetch-budget-8.rank-reject_first.cut-entropy4.0.samples20.maxnew1024.seed10086.subtreePrefetch.vllm.log,491,8,9.73
/Users/jiangnanhugo/workspace/power-sharpening/Subtree-Prefetching-Power-Sharpening/case_studies/logs-entropycut/lcb_v6/2026-09-09/vllm/dataset-lcb_v6.model-qwen3.5-9b.alpha4.0.steps100.blocks-1.prefetch-budget-8.rank-reject_first.cut-entropy4.0.samples20.maxnew1024.seed10086.subtreePrefetch.vllm.log,492,8,9.301
/Users/jiangnanhugo/workspace/power-sharpening/Subtree-Prefetching-Power-Sharpening/case_studies/logs-entropycut/lcb_v6/2026-09-09/vllm/dataset-lcb_v6.model-qwen3.5-9b.alpha4.0.steps100.blocks-1.prefetch-budget-8.rank-reject_first.cut-entropy4.0.samples20.maxnew1024.seed10086.subtreePrefetch.vllm.log,493,2,9.638
/Users/jiangnanhugo/workspace/power-sharpening/Subtree-Prefetching-Power-Sharpening/case_studies/logs-entropycut/lcb_v6/2026-09-09/vllm/dataset-lcb_v6.model-qwen3.5-9b.alpha4.0.steps100.blocks-1.prefetch-budget-8.rank-reject_first.cut-entropy4.0.samples20.maxnew1024.seed10086.subtreePrefetch.vllm.log,494,2,8.142
/Users/jiangnanhugo/workspace/power-sharpening/Subtree-Prefetching-Power-Sharpening/case_studies/logs-entropycut/lcb_v6/2026-09-09/vllm/dataset-lcb_v6.model-qwen3.5-9b.alpha4.0.steps100.blocks-1.prefetch-budget-8.rank-reject_first.cut-entropy4.0.samples20.maxnew1024.seed10086.subtreePrefetch.vllm.log,495,8,9.703
/Users/jiangnanhugo/workspace/power-sharpening/Subtree-Prefetching-Power-Sharpening/case_studies/logs-entropycut/lcb_v6/2026-09-09/vllm/dataset-lcb_v6.model-qwen3.5-9b.alpha4.0.steps100.blocks-1.prefetch-budget-8.rank-reject_first.cut-entropy4.0.samples20.maxnew1024.seed10086.subtreePrefetch.vllm.log,496,8,9.31
/Users/jiangnanhugo/workspace/power-sharpening/Subtree-Prefetching-Power-Sharpening/case_studies/logs-entropycut/lcb_v6/2026-09-09/vllm/dataset-lcb_v6.model-qwen3.5-9b.alpha4.0.steps100.blocks-1.prefetch-budget-8.rank-reject_first.cut-entropy4.0.samples20.maxnew1024.seed10086.subtreePrefetch.vllm.log,497,4,8.937
/Users/jiangnanhugo/workspace/power-sharpening/Subtree-Prefetching-Power-Sharpening/case_studies/logs-entropycut/lcb_v6/2026-09-09/vllm/dataset-lcb_v6.model-qwen3.5-9b.alpha4.0.steps100.blocks-1.prefetch-budget-8.rank-reject_first.cut-entropy4.0.samples20.maxnew1024.seed10086.subtreePrefetch.vllm.log,498,1,8.96
/Users/jiangnanhugo/workspace/power-sharpening/Subtree-Prefetching-Power-Sharpening/case_studies/logs-entropycut/lcb_v6/2026-09-09/vllm/dataset-lcb_v6.model-qwen3.5-9b.alpha4.0.steps100.blocks-1.prefetch-budget-8.rank-reject_first.cut-entropy4.0.samples20.maxnew1024.seed10086.subtreePrefetch.vllm.log,499,8,9.597
/Users/jiangnanhugo/workspace/power-sharpening/Subtree-Prefetching-Power-Sharpening/case_studies/logs-entropycut/lcb_v6/2026-09-09/vllm/dataset-lcb_v6.model-qwen3.5-9b.alpha4.0.steps100.blocks-1.prefetch-budget-8.rank-reject_first.cut-entropy4.0.samples20.maxnew1024.seed10086.subtreePrefetch.vllm.log,500,1,9.163
/Users/jiangnanhugo/workspace/power-sharpening/Subtree-Prefetching-Power-Sharpening/case_studies/logs-entropycut/lcb_v6/2026-09-09/vllm/dataset-lcb_v6.model-qwen3.5-9b.alpha4.0.steps100.blocks-1.prefetch-budget-8.rank-reject_first.cut-entropy4.0.samples20.maxnew1024.seed10086.subtreePrefetch.vllm.log,501,8,8.84
/Users/jiangnanhugo/workspace/power-sharpening/Subtree-Prefetching-Power-Sharpening/case_studies/logs-entropycut/lcb_v6/2026-09-09/vllm/dataset-lcb_v6.model-qwen3.5-9b.alpha4.0.steps100.blocks-1.prefetch-budget-8.rank-reject_first.cut-entropy4.0.samples20.maxnew1024.seed10086.subtreePrefetch.vllm.log,502,3,8.12
/Users/jiangnanhugo/workspace/power-sharpening/Subtree-Prefetching-Power-Sharpening/case_studies/logs-entropycut/lcb_v6/2026-09-09/vllm/dataset-lcb_v6.model-qwen3.5-9b.alpha4.0.steps100.blocks-1.prefetch-budget-8.rank-reject_first.cut-entropy4.0.samples20.maxnew1024.seed10086.subtreePrefetch.vllm.log,503,3,9.754
/Users/jiangnanhugo/workspace/power-sharpening/Subtree-Prefetching-Power-Sharpening/case_studies/logs-entropycut/lcb_v6/2026-09-09/vllm/dataset-lcb_v6.model-qwen3.5-9b.alpha4.0.steps100.blocks-1.prefetch-budget-8.rank-reject_first.cut-entropy4.0.samples20.maxnew1024.seed10086.subtreePrefetch.vllm.log,504,4,9.757
/Users/jiangnanhugo/workspace/power-sharpening/Subtree-Prefetching-Power-Sharpening/case_studies/logs-entropycut/lcb_v6/2026-09-09/vllm/dataset-lcb_v6.model-qwen3.5-9b.alpha4.0.steps100.blocks-1.prefetch-budget-8.rank-reject_first.cut-entropy4.0.samples20.maxnew1024.seed10086.subtreePrefetch.vllm.log,505,1,8.479
/Users/jiangnanhugo/workspace/power-sharpening/Subtree-Prefetching-Power-Sharpening/case_studies/logs-entropycut/lcb_v6/2026-09-09/vllm/dataset-lcb_v6.model-qwen3.5-9b.alpha4.0.steps100.blocks-1.prefetch-budget-8.rank-reject_first.cut-entropy4.0.samples20.maxnew1024.seed10086.subtreePrefetch.vllm.log,506,2,7.762
/Users/jiangnanhugo/workspace/power-sharpening/Subtree-Prefetching-Power-Sharpening/case_studies/logs-entropycut/lcb_v6/2026-09-09/vllm/dataset-lcb_v6.model-qwen3.5-9b.alpha4.0.steps100.blocks-1.prefetch-budget-8.rank-reject_first.cut-entropy4.0.samples20.maxnew1024.seed10086.subtreePrefetch.vllm.log,507,8,8.818
/Users/jiangnanhugo/workspace/power-sharpening/Subtree-Prefetching-Power-Sharpening/case_studies/logs-entropycut/lcb_v6/2026-09-09/vllm/dataset-lcb_v6.model-qwen3.5-9b.alpha4.0.steps100.blocks-1.prefetch-budget-8.rank-reject_first.cut-entropy4.0.samples20.maxnew1024.seed10086.subtreePrefetch.vllm.log,508,2,8.35
/Users/jiangnanhugo/workspace/power-sharpening/Subtree-Prefetching-Power-Sharpening/case_studies/logs-entropycut/lcb_v6/2026-09-09/vllm/dataset-lcb_v6.model-qwen3.5-9b.alpha4.0.steps100.blocks-1.prefetch-budget-8.rank-reject_first.cut-entropy4.0.samples20.maxnew1024.seed10086.subtreePrefetch.vllm.log,509,1,8.397
/Users/jiangnanhugo/workspace/power-sharpening/Subtree-Prefetching-Power-Sharpening/case_studies/logs-entropycut/lcb_v6/2026-09-09/vllm/dataset-lcb_v6.model-qwen3.5-9b.alpha4.0.steps100.blocks-1.prefetch-budget-8.rank-reject_first.cut-entropy4.0.samples20.maxnew1024.seed10086.subtreePrefetch.vllm.log,510,2,8.422
/Users/jiangnanhugo/workspace/power-sharpening/Subtree-Prefetching-Power-Sharpening/case_studies/logs-entropycut/lcb_v6/2026-09-09/vllm/dataset-lcb_v6.model-qwen3.5-9b.alpha4.0.steps100.blocks-1.prefetch-budget-8.rank-reject_first.cut-entropy4.0.samples20.maxnew1024.seed10086.subtreePrefetch.vllm.log,511,8,7.68
/Users/jiangnanhugo/workspace/power-sharpening/Subtree-Prefetching-Power-Sharpening/case_studies/logs-entropycut/lcb_v6/2026-09-09/vllm/dataset-lcb_v6.model-qwen3.5-9b.alpha4.0.steps100.blocks-1.prefetch-budget-8.rank-reject_first.cut-entropy4.0.samples20.maxnew1024.seed10086.subtreePrefetch.vllm.log,512,8,7.812
/Users/jiangnanhugo/workspace/power-sharpening/Subtree-Prefetching-Power-Sharpening/case_studies/logs-entropycut/lcb_v6/2026-09-09/vllm/dataset-lcb_v6.model-qwen3.5-9b.alpha4.0.steps100.blocks-1.prefetch-budget-8.rank-reject_first.cut-entropy4.0.samples20.maxnew1024.seed10086.subtreePrefetch.vllm.log,513,4,9.57
/Users/jiangnanhugo/workspace/power-sharpening/Subtree-Prefetching-Power-Sharpening/case_studies/logs-entropycut/lcb_v6/2026-09-09/vllm/dataset-lcb_v6.model-qwen3.5-9b.alpha4.0.steps100.blocks-1.prefetch-budget-8.rank-reject_first.cut-entropy4.0.samples20.maxnew1024.seed10086.subtreePrefetch.vllm.log,514,8,6.898
/Users/jiangnanhugo/workspace/power-sharpening/Subtree-Prefetching-Power-Sharpening/case_studies/logs-entropycut/lcb_v6/2026-09-09/vllm/dataset-lcb_v6.model-qwen3.5-9b.alpha4.0.steps100.blocks-1.prefetch-budget-8.rank-reject_first.cut-entropy4.0.samples20.maxnew1024.seed10086.subtreePrefetch.vllm.log,515,1,8.298
/Users/jiangnanhugo/workspace/power-sharpening/Subtree-Prefetching-Power-Sharpening/case_studies/logs-entropycut/lcb_v6/2026-09-09/vllm/dataset-lcb_v6.model-qwen3.5-9b.alpha4.0.steps100.blocks-1.prefetch-budget-8.rank-reject_first.cut-entropy4.0.samples20.maxnew1024.seed10086.subtreePrefetch.vllm.log,516,3,9.061
/Users/jiangnanhugo/workspace/power-sharpening/Subtree-Prefetching-Power-Sharpening/case_studies/logs-entropycut/lcb_v6/2026-09-09/vllm/dataset-lcb_v6.model-qwen3.5-9b.alpha4.0.steps100.blocks-1.prefetch-budget-8.rank-reject_first.cut-entropy4.0.samples20.maxnew1024.seed10086.subtreePrefetch.vllm.log,517,5,8.931
/Users/jiangnanhugo/workspace/power-sharpening/Subtree-Prefetching-Power-Sharpening/case_studies/logs-entropycut/lcb_v6/2026-09-09/vllm/dataset-lcb_v6.model-qwen3.5-9b.alpha4.0.steps100.blocks-1.prefetch-budget-8.rank-reject_first.cut-entropy4.0.samples20.maxnew1024.seed10086.subtreePrefetch.vllm.log,518,1,8.545
/Users/jiangnanhugo/workspace/power-sharpening/Subtree-Prefetching-Power-Sharpening/case_studies/logs-entropycut/lcb_v6/2026-09-09/vllm/dataset-lcb_v6.model-qwen3.5-9b.alpha4.0.steps100.blocks-1.prefetch-budget-8.rank-reject_first.cut-entropy4.0.samples20.maxnew1024.seed10086.subtreePrefetch.vllm.log,519,1,8.691
/Users/jiangnanhugo/workspace/power-sharpening/Subtree-Prefetching-Power-Sharpening/case_studies/logs-entropycut/lcb_v6/2026-09-09/vllm/dataset-lcb_v6.model-qwen3.5-9b.alpha4.0.steps100.blocks-1.prefetch-budget-8.rank-reject_first.cut-entropy4.0.samples20.maxnew1024.seed10086.subtreePrefetch.vllm.log,520,7,9.133
/Users/jiangnanhugo/workspace/power-sharpening/Subtree-Prefetching-Power-Sharpening/case_studies/logs-entropycut/lcb_v6/2026-09-09/vllm/dataset-lcb_v6.model-qwen3.5-9b.alpha4.0.steps100.blocks-1.prefetch-budget-8.rank-reject_first.cut-entropy4.0.samples20.maxnew1024.seed10086.subtreePrefetch.vllm.log,521,4,8.057
/Users/jiangnanhugo/workspace/power-sharpening/Subtree-Prefetching-Power-Sharpening/case_studies/logs-entropycut/lcb_v6/2026-09-09/vllm/dataset-lcb_v6.model-qwen3.5-9b.alpha4.0.steps100.blocks-1.prefetch-budget-8.rank-reject_first.cut-entropy4.0.samples20.maxnew1024.seed10086.subtreePrefetch.vllm.log,522,3,8.555
/Users/jiangnanhugo/workspace/power-sharpening/Subtree-Prefetching-Power-Sharpening/case_studies/logs-entropycut/lcb_v6/2026-09-09/vllm/dataset-lcb_v6.model-qwen3.5-9b.alpha4.0.steps100.blocks-1.prefetch-budget-8.rank-reject_first.cut-entropy4.0.samples20.maxnew1024.seed10086.subtreePrefetch.vllm.log,523,3,8.349
/Users/jiangnanhugo/workspace/power-sharpening/Subtree-Prefetching-Power-Sharpening/case_studies/logs-entropycut/lcb_v6/2026-09-09/vllm/dataset-lcb_v6.model-qwen3.5-9b.alpha4.0.steps100.blocks-1.prefetch-budget-8.rank-reject_first.cut-entropy4.0.samples20.maxnew1024.seed10086.subtreePrefetch.vllm.log,524,5,8.398
/Users/jiangnanhugo/workspace/power-sharpening/Subtree-Prefetching-Power-Sharpening/case_studies/logs-entropycut/lcb_v6/2026-09-09/vllm/dataset-lcb_v6.model-qwen3.5-9b.alpha4.0.steps100.blocks-1.prefetch-budget-8.rank-reject_first.cut-entropy4.0.samples20.maxnew1024.seed10086.subtreePrefetch.vllm.log,525,8,8.806
/Users/jiangnanhugo/workspace/power-sharpening/Subtree-Prefetching-Power-Sharpening/case_studies/logs-entropycut/lcb_v6/2026-09-09/vllm/dataset-lcb_v6.model-qwen3.5-9b.alpha4.0.steps100.blocks-1.prefetch-budget-8.rank-reject_first.cut-entropy4.0.samples20.maxnew1024.seed10086.subtreePrefetch.vllm.log,526,5,8.288
/Users/jiangnanhugo/workspace/power-sharpening/Subtree-Prefetching-Power-Sharpening/case_studies/logs-entropycut/lcb_v6/2026-09-09/vllm/dataset-lcb_v6.model-qwen3.5-9b.alpha4.0.steps100.blocks-1.prefetch-budget-8.rank-reject_first.cut-entropy4.0.samples20.maxnew1024.seed10086.subtreePrefetch.vllm.log,527,2,9.543
/Users/jiangnanhugo/workspace/power-sharpening/Subtree-Prefetching-Power-Sharpening/case_studies/logs-entropycut/lcb_v6/2026-09-09/vllm/dataset-lcb_v6.model-qwen3.5-9b.alpha4.0.steps100.blocks-1.prefetch-budget-8.rank-reject_first.cut-entropy4.0.samples20.maxnew1024.seed10086.subtreePrefetch.vllm.log,528,8,7.329
