tree_index,node_id,depth,num_accepts,num_rejects,is_accept_child,log_acc_ratio,log_A,cut_idx,proposed_cut_idx,proposed_suffix_len,seq_len,on_sampled_path,sampled_decision,block_index,acceptance_bucket
0,0,0,0,0,False,0.0,0.0,384,382,2,384,True,accept,0,effectively accepted
0,1,1,1,0,True,1.8392,0.0,382,200,184,384,True,accept,0,effectively accepted
1,0,0,0,0,False,-5.3367,-5.3367,384,25,359,384,True,reject,0,effectively rejected
1,1,1,1,0,True,1.0129,0.0,25,3,381,384,False,,0,effectively accepted
2,0,0,0,0,False,0.4452,0.0,384,130,254,384,True,accept,0,effectively accepted
2,1,1,1,0,True,2.0351,0.0,130,114,270,384,True,accept,0,effectively accepted
3,0,0,0,0,False,-2.6991,-2.6991,384,244,140,384,True,reject,0,genuinely stochastic
3,1,1,1,0,True,-1.8794,-1.8794,244,182,202,384,False,,0,genuinely stochastic
3,3,2,2,0,True,1.2387,0.0,182,111,273,384,False,,0,effectively accepted
4,0,0,0,0,False,-11.6004,-11.6004,384,152,232,384,True,reject,0,effectively rejected
4,1,1,1,0,True,-2.9108,-2.9108,152,113,271,384,False,,0,genuinely stochastic
5,0,0,0,0,False,-1.145,-1.145,384,331,53,384,True,reject,0,genuinely stochastic
5,1,1,1,0,True,-18.7594,-18.7594,331,168,216,384,False,,0,effectively rejected
5,3,2,2,0,True,-20.4752,-20.4752,168,102,282,384,False,,0,effectively rejected
5,7,3,3,0,True,-3.4735,-3.4735,102,81,303,384,False,,0,genuinely stochastic
6,0,0,0,0,False,0.0935,0.0,384,365,19,384,True,accept,0,effectively accepted
6,1,1,1,0,True,-1.3842,-1.3842,365,208,176,384,True,accept,0,genuinely stochastic
7,0,0,0,0,False,1.0576,0.0,384,161,223,384,True,accept,0,effectively accepted
7,1,1,1,0,True,3.0377,0.0,161,38,346,384,True,accept,0,effectively accepted
8,0,0,0,0,False,3.3256,0.0,384,220,164,384,True,accept,0,effectively accepted
9,0,0,0,0,False,-5.6052,-5.6052,384,72,312,384,True,reject,0,effectively rejected
10,0,0,0,0,False,-17.0355,-17.0355,384,310,74,384,True,reject,0,effectively rejected
11,0,0,0,0,False,-8.8535,-8.8535,384,57,327,384,True,reject,0,effectively rejected
11,1,1,1,0,True,-1.9396,-1.9396,57,32,352,384,False,,0,genuinely stochastic
12,0,0,0,0,False,-5.0784,-5.0784,384,142,242,384,True,reject,0,effectively rejected
13,0,0,0,0,False,-7.0934,-7.0934,384,163,221,384,True,reject,0,effectively rejected
14,0,0,0,0,False,1.232,0.0,384,293,91,384,True,accept,0,effectively accepted
14,1,1,1,0,True,-7.4438,-7.4438,293,65,319,384,True,reject,0,effectively rejected
15,0,0,0,0,False,-3.9297,-3.9297,384,231,153,384,True,reject,0,genuinely stochastic
15,1,1,1,0,True,-5.3492,-5.3492,231,212,172,384,False,,0,effectively rejected
15,3,2,2,0,True,-1.3836,-1.3836,212,199,185,384,False,,0,genuinely stochastic
15,7,3,3,0,True,-6.0832,-6.0832,199,16,368,384,False,,0,effectively rejected
16,0,0,0,0,False,-10.0855,-10.0855,384,63,321,384,True,reject,0,effectively rejected
17,0,0,0,0,False,-1.5952,-1.5952,384,308,76,384,True,reject,0,genuinely stochastic
17,1,1,1,0,True,-7.5027,-7.5027,308,194,190,384,False,,0,effectively rejected
17,3,2,2,0,True,-7.0344,-7.0344,194,41,343,384,False,,0,effectively rejected
17,7,3,3,0,True,-8.4527,-8.4527,41,27,357,384,False,,0,effectively rejected
18,0,0,0,0,False,-4.8211,-4.8211,384,15,369,384,True,reject,0,effectively rejected
18,2,1,0,1,False,-3.3043,-3.3043,384,300,84,384,True,reject,0,genuinely stochastic
18,5,2,1,1,True,-3.556,-3.556,300,166,218,384,False,,0,genuinely stochastic
19,0,0,0,0,False,-21.7673,-21.7673,384,129,255,384,True,reject,0,effectively rejected
20,0,0,0,0,False,0.0571,0.0,384,363,21,384,True,accept,0,effectively accepted
20,1,1,1,0,True,-9.7937,-9.7937,363,33,351,384,True,reject,0,effectively rejected
21,0,0,0,0,False,-5.4585,-5.4585,384,80,304,384,True,reject,0,effectively rejected
22,0,0,0,0,False,-24.5239,-24.5239,384,255,129,384,True,reject,0,effectively rejected
22,1,1,1,0,True,-15.3092,-15.3092,255,203,181,384,False,,0,effectively rejected
23,0,0,0,0,False,-10.1426,-10.1426,384,93,291,384,True,reject,0,effectively rejected
24,0,0,0,0,False,-8.1578,-8.1578,384,86,298,384,True,reject,0,effectively rejected
25,0,0,0,0,False,-0.0216,-0.0216,384,344,40,384,True,accept,0,genuinely stochastic
25,1,1,1,0,True,-0.2261,-0.2261,344,280,104,384,True,accept,0,genuinely stochastic
25,3,2,2,0,True,-9.904,-9.904,280,108,276,384,True,reject,0,effectively rejected
26,0,0,0,0,False,0.0,0.0,384,377,7,384,True,accept,0,effectively accepted
26,1,1,1,0,True,-3.8317,-3.8317,377,270,114,384,True,reject,0,genuinely stochastic
26,3,2,2,0,True,-1.782,-1.782,270,232,152,384,False,,0,genuinely stochastic
27,0,0,0,0,False,-4.6536,-4.6536,384,194,190,384,True,reject,0,effectively rejected
27,1,1,1,0,True,-1.0491,-1.0491,194,136,248,384,False,,0,genuinely stochastic
28,0,0,0,0,False,0.0001,0.0,384,354,30,384,True,accept,0,effectively accepted
28,1,1,1,0,True,-7.538,-7.538,354,42,342,384,True,reject,0,effectively rejected
29,0,0,0,0,False,-0.0,0.0,384,358,26,384,True,accept,0,effectively accepted
30,0,0,0,0,False,-4.216,-4.216,384,276,108,384,True,reject,0,genuinely stochastic
30,1,1,1,0,True,-11.6888,-11.6888,276,273,111,384,False,,0,effectively rejected
30,3,2,2,0,True,-23.1541,-23.1541,273,179,205,384,False,,0,effectively rejected
31,0,0,0,0,False,0.0001,0.0,384,360,24,384,True,accept,0,effectively accepted
31,1,1,1,0,True,-7.4618,-7.4618,360,32,352,384,True,reject,0,effectively rejected
32,0,0,0,0,False,-2.0014,-2.0014,384,251,133,384,True,reject,0,genuinely stochastic
32,1,1,1,0,True,-7.2583,-7.2583,251,249,135,384,False,,0,effectively rejected
33,0,0,0,0,False,-0.0001,-0.0001,384,357,27,384,True,accept,0,effectively accepted
33,1,1,1,0,True,-8.0112,-8.0112,357,214,170,384,True,reject,0,effectively rejected
34,0,0,0,0,False,-6.403,-6.403,384,33,351,384,True,reject,0,effectively rejected
35,0,0,0,0,False,-8.0226,-8.0226,384,64,320,384,True,reject,0,effectively rejected
35,1,1,1,0,True,-8.5749,-8.5749,64,29,355,384,False,,0,effectively rejected
36,0,0,0,0,False,-5.1548,-5.1548,384,1,383,384,True,reject,0,effectively rejected
36,2,1,0,1,False,-3.5457,-3.5457,384,235,149,384,True,reject,0,genuinely stochastic
36,5,2,1,1,True,-7.9809,-7.9809,235,175,209,384,False,,0,effectively rejected
36,11,3,2,1,True,-20.9294,-20.9294,175,30,354,384,False,,0,effectively rejected
37,0,0,0,0,False,0.0002,0.0,384,353,31,384,True,accept,0,effectively accepted
37,1,1,1,0,True,-27.3582,-27.3582,353,98,286,384,True,reject,0,effectively rejected
38,0,0,0,0,False,-9.9167,-9.9167,384,40,344,384,True,reject,0,effectively rejected
39,0,0,0,0,False,-1.8984,-1.8984,384,172,212,384,True,accept,0,genuinely stochastic
40,0,0,0,0,False,-1.0203,-1.0203,384,192,192,384,True,reject,0,genuinely stochastic
40,1,1,1,0,True,-4.3682,-4.3682,192,22,362,384,False,,0,genuinely stochastic
41,0,0,0,0,False,-0.7427,-0.7427,384,332,52,384,True,reject,0,genuinely stochastic
41,1,1,1,0,True,-22.3884,-22.3884,332,255,129,384,False,,0,effectively rejected
42,0,0,0,0,False,1.7577,0.0,384,283,101,384,True,accept,0,effectively accepted
42,1,1,1,0,True,-9.7356,-9.7356,283,215,169,384,True,reject,0,effectively rejected
42,3,2,2,0,True,-10.6467,-10.6467,215,195,189,384,False,,0,effectively rejected
42,7,3,3,0,True,-1.7308,-1.7308,195,136,248,384,False,,0,genuinely stochastic
43,0,0,0,0,False,-7.7713,-7.7713,384,64,320,384,True,reject,0,effectively rejected
43,2,1,0,1,False,-1.7706,-1.7706,384,157,227,384,True,reject,0,genuinely stochastic
44,0,0,0,0,False,-3.1022,-3.1022,384,316,68,384,True,reject,0,genuinely stochastic
44,1,1,1,0,True,-2.9595,-2.9595,316,309,75,384,False,,0,genuinely stochastic
44,3,2,2,0,True,-1.8467,-1.8467,309,268,116,384,False,,0,genuinely stochastic
44,7,3,3,0,True,-6.6693,-6.6693,268,1,383,384,False,,0,effectively rejected
44,16,4,3,1,False,-5.8919,-5.8919,268,19,365,384,False,,0,effectively rejected
45,0,0,0,0,False,-6.2807,-6.2807,384,116,268,384,True,reject,0,effectively rejected
46,0,0,0,0,False,-7.7157,-7.7157,384,24,360,384,True,reject,0,effectively rejected
46,2,1,0,1,False,-13.2734,-13.2734,384,25,359,384,True,reject,0,effectively rejected
46,5,2,1,1,True,-5.8919,-5.8919,25,19,365,384,False,,0,effectively rejected
47,0,0,0,0,False,-7.6482,-7.6482,384,10,374,384,True,reject,0,effectively rejected
47,2,1,0,1,False,-4.7572,-4.7572,384,57,327,384,True,reject,0,effectively rejected
48,0,0,0,0,False,-3.9273,-3.9273,384,307,77,384,True,reject,0,genuinely stochastic
48,1,1,1,0,True,-4.8062,-4.8062,307,28,356,384,False,,0,effectively rejected
49,0,0,0,0,False,-9.7759,-9.7759,384,90,294,384,True,reject,0,effectively rejected
50,0,0,0,0,False,0.9748,0.0,384,327,57,384,True,accept,0,effectively accepted
50,1,1,1,0,True,-9.8442,-9.8442,327,224,160,384,True,reject,0,effectively rejected
51,0,0,0,0,False,-10.7508,-10.7508,384,11,373,384,True,reject,0,effectively rejected
51,2,1,0,1,False,-3.1986,-3.1986,384,278,106,384,True,reject,0,genuinely stochastic
51,5,2,1,1,True,-11.4758,-11.4758,278,97,287,384,False,,0,effectively rejected
52,0,0,0,0,False,-8.2861,-8.2861,384,218,166,384,True,reject,0,effectively rejected
53,0,0,0,0,False,-10.5309,-10.5309,384,155,229,384,True,reject,0,effectively rejected
53,1,1,1,0,True,-8.9579,-8.9579,155,110,274,384,False,,0,effectively rejected
54,0,0,0,0,False,-8.9751,-8.9751,384,174,210,384,True,reject,0,effectively rejected
54,1,1,1,0,True,-8.1826,-8.1826,174,42,342,384,False,,0,effectively rejected
55,0,0,0,0,False,-9.0911,-9.0911,384,4,380,384,True,reject,0,effectively rejected
55,2,1,0,1,False,-4.2444,-4.2444,384,298,86,384,True,reject,0,genuinely stochastic
55,5,2,1,1,True,-7.1983,-7.1983,298,158,226,384,False,,0,effectively rejected
55,11,3,2,1,True,-16.401,-16.401,158,123,261,384,False,,0,effectively rejected
55,23,4,3,1,True,-3.9975,-3.9975,123,64,320,384,False,,0,genuinely stochastic
56,0,0,0,0,False,-2.5343,-2.5343,384,199,185,384,True,reject,0,genuinely stochastic
57,0,0,0,0,False,-10.6375,-10.6375,384,279,105,384,True,reject,0,effectively rejected
57,1,1,1,0,True,-5.3623,-5.3623,279,103,281,384,False,,0,effectively rejected
58,0,0,0,0,False,-6.8997,-6.8997,384,189,195,384,True,reject,0,effectively rejected
59,0,0,0,0,False,-2.7454,-2.7454,384,157,227,384,True,reject,0,genuinely stochastic
59,1,1,1,0,True,-17.339,-17.339,157,79,305,384,False,,0,effectively rejected
59,4,2,1,1,False,-10.4469,-10.4469,157,5,379,384,False,,0,effectively rejected
60,0,0,0,0,False,-10.7508,-10.7508,384,78,306,384,True,reject,0,effectively rejected
60,2,1,0,1,False,-4.634,-4.634,384,40,344,384,True,reject,0,effectively rejected
60,6,2,0,2,False,0.0011,0.0,384,341,43,384,True,accept,0,effectively accepted
61,0,0,0,0,False,-16.9898,-16.9898,384,25,359,384,True,reject,0,effectively rejected
61,2,1,0,1,False,-5.3977,-5.3977,384,169,215,384,True,reject,0,effectively rejected
62,0,0,0,0,False,-7.4112,-7.4112,384,119,265,384,True,reject,0,effectively rejected
62,1,1,1,0,True,-8.6916,-8.6916,119,24,360,384,False,,0,effectively rejected
63,0,0,0,0,False,-5.4837,-5.4837,384,194,190,384,True,reject,0,effectively rejected
63,1,1,1,0,True,-7.4979,-7.4979,194,85,299,384,False,,0,effectively rejected
63,3,2,2,0,True,-14.3338,-14.3338,85,54,330,384,False,,0,effectively rejected
63,7,3,3,0,True,-4.1191,-4.1191,54,26,358,384,False,,0,genuinely stochastic
63,16,4,3,1,False,-14.0449,-14.0449,54,35,349,384,False,,0,effectively rejected
64,0,0,0,0,False,-7.7408,-7.7408,384,180,204,384,True,reject,0,effectively rejected
64,2,1,0,1,False,-28.4354,-28.4354,384,99,285,384,True,reject,0,effectively rejected
64,5,2,1,1,True,-7.4988,-7.4988,99,97,287,384,False,,0,effectively rejected
65,0,0,0,0,False,-8.7813,-8.7813,384,130,254,384,True,reject,0,effectively rejected
65,2,1,0,1,False,-7.4112,-7.4112,384,119,265,384,True,reject,0,effectively rejected
65,6,2,0,2,False,-26.6098,-26.6098,384,36,348,384,True,reject,0,effectively rejected
66,0,0,0,0,False,-0.0001,-0.0001,384,354,30,384,True,accept,0,effectively accepted
66,1,1,1,0,True,-9.546,-9.546,354,26,358,384,True,reject,0,effectively rejected
66,4,2,1,1,False,-21.1279,-21.1279,354,142,242,384,True,reject,0,effectively rejected
66,10,3,1,2,False,-6.4222,-6.4222,354,164,220,384,True,reject,0,effectively rejected
66,22,4,1,3,False,-8.6842,-8.6842,354,222,162,384,True,reject,0,effectively rejected
66,46,5,1,4,False,-1.0409,-1.0409,354,328,56,384,True,accept,0,genuinely stochastic
66,2,1,0,1,False,-3.8219,-3.8219,384,188,196,384,False,,0,genuinely stochastic
66,5,2,1,1,True,-7.9496,-7.9496,188,58,326,384,False,,0,effectively rejected
66,12,3,1,2,False,-9.9188,-9.9188,188,71,313,384,False,,0,effectively rejected
67,0,0,0,0,False,0.8305,0.0,384,50,334,384,True,accept,0,effectively accepted
68,0,0,0,0,False,-0.4306,-0.4306,384,255,129,384,True,accept,0,genuinely stochastic
68,1,1,1,0,True,-0.8029,-0.8029,255,40,344,384,True,reject,0,genuinely stochastic
69,0,0,0,0,False,-0.4,-0.4,384,10,374,384,True,accept,0,genuinely stochastic
69,2,1,0,1,False,0.5264,0.0,384,284,100,384,False,,0,effectively accepted
69,5,2,1,1,True,-2.2599,-2.2599,284,212,172,384,False,,0,genuinely stochastic
70,0,0,0,0,False,0.8472,0.0,384,104,280,384,True,accept,0,effectively accepted
70,1,1,1,0,True,-1.5502,-1.5502,104,31,353,384,True,reject,0,genuinely stochastic
71,0,0,0,0,False,-0.8472,-0.8472,384,42,342,384,True,accept,0,genuinely stochastic
71,1,1,1,0,True,0.2358,0.0,42,29,355,384,True,accept,0,effectively accepted
72,0,0,0,0,False,1.0731,0.0,384,127,257,384,True,accept,0,effectively accepted
73,0,0,0,0,False,-1.0423,-1.0423,384,233,151,384,True,reject,0,genuinely stochastic
73,1,1,1,0,True,-3.5245,-3.5245,233,30,354,384,False,,0,genuinely stochastic
74,0,0,0,0,False,0.191,0.0,384,234,150,384,True,accept,0,effectively accepted
75,0,0,0,0,False,6.3898,0.0,384,67,317,384,True,accept,0,effectively accepted
76,0,0,0,0,False,-3.1337,-3.1337,384,266,118,384,True,reject,0,genuinely stochastic
76,1,1,1,0,True,-9.2144,-9.2144,266,71,313,384,False,,0,effectively rejected
77,0,0,0,0,False,-3.815,-3.815,384,178,206,384,True,reject,0,genuinely stochastic
78,0,0,0,0,False,-8.7369,-8.7369,384,10,374,384,True,reject,0,effectively rejected
79,0,0,0,0,False,-4.3827,-4.3827,384,311,73,384,True,reject,0,genuinely stochastic
80,0,0,0,0,False,-5.2319,-5.2319,384,190,194,384,True,reject,0,effectively rejected
81,0,0,0,0,False,1.4402,0.0,384,378,6,384,True,accept,0,effectively accepted
81,1,1,1,0,True,-10.6562,-10.6562,378,107,277,384,True,reject,0,effectively rejected
82,0,0,0,0,False,-7.3596,-7.3596,384,39,345,384,True,reject,0,effectively rejected
83,0,0,0,0,False,-6.5035,-6.5035,384,124,260,384,True,reject,0,effectively rejected
84,0,0,0,0,False,0.0,0.0,384,378,6,384,True,accept,0,effectively accepted
84,1,1,1,0,True,-7.2278,-7.2278,378,309,75,384,True,reject,0,effectively rejected
84,3,2,2,0,True,-9.9878,-9.9878,309,114,270,384,False,,0,effectively rejected
85,0,0,0,0,False,-5.666,-5.666,384,342,42,384,True,reject,0,effectively rejected
85,1,1,1,0,True,-7.8815,-7.8815,342,43,341,384,False,,0,effectively rejected
86,0,0,0,0,False,-7.0707,-7.0707,384,295,89,384,True,reject,0,effectively rejected
87,0,0,0,0,False,-8.9627,-8.9627,384,97,287,384,True,reject,0,effectively rejected
88,0,0,0,0,False,-0.0355,-0.0355,384,376,8,384,True,accept,0,genuinely stochastic
88,1,1,1,0,True,-7.0787,-7.0787,376,258,126,384,True,reject,0,effectively rejected
88,3,2,2,0,True,-5.7111,-5.7111,258,217,167,384,False,,0,effectively rejected
88,7,3,3,0,True,-7.6403,-7.6403,217,178,206,384,False,,0,effectively rejected
89,0,0,0,0,False,-6.6032,-6.6032,384,126,258,384,True,reject,0,effectively rejected
90,0,0,0,0,False,-6.9659,-6.9659,384,211,173,384,True,reject,0,effectively rejected
91,0,0,0,0,False,-1.7939,-1.7939,384,280,104,384,True,reject,0,genuinely stochastic
92,0,0,0,0,False,-6.4494,-6.4494,384,191,193,384,True,reject,0,effectively rejected
92,1,1,1,0,True,-4.4645,-4.4645,191,152,232,384,False,,0,genuinely stochastic
93,0,0,0,0,False,-5.768,-5.768,384,229,155,384,True,reject,0,effectively rejected
93,1,1,1,0,True,-7.8984,-7.8984,229,116,268,384,False,,0,effectively rejected
94,0,0,0,0,False,-7.2571,-7.2571,384,209,175,384,True,reject,0,effectively rejected
94,1,1,1,0,True,-56.5793,-56.5793,209,0,384,384,False,,0,effectively rejected
94,4,2,1,1,False,-10.416,-10.416,209,94,290,384,False,,0,effectively rejected
94,9,3,2,1,True,-8.8168,-8.8168,94,34,350,384,False,,0,effectively rejected
95,0,0,0,0,False,-9.9533,-9.9533,384,87,297,384,True,reject,0,effectively rejected
96,0,0,0,0,False,-4.3886,-4.3886,384,135,249,384,True,reject,0,genuinely stochastic
96,1,1,1,0,True,-7.3241,-7.3241,135,39,345,384,False,,0,effectively rejected
97,0,0,0,0,False,-10.867,-10.867,384,2,382,384,True,reject,0,effectively rejected
97,2,1,0,1,False,-5.7795,-5.7795,384,278,106,384,True,reject,0,effectively rejected
98,0,0,0,0,False,-9.6782,-9.6782,384,104,280,384,True,reject,0,effectively rejected
99,0,0,0,0,False,-3.1601,-3.1601,384,215,169,384,True,reject,0,genuinely stochastic
99,1,1,1,0,True,-2.9912,-2.9912,215,123,261,384,False,,0,genuinely stochastic
99,3,2,2,0,True,-10.2672,-10.2672,123,50,334,384,False,,0,effectively rejected
100,0,0,0,0,False,-4.5383,-4.5383,384,265,119,384,True,reject,0,genuinely stochastic
101,0,0,0,0,False,-5.7514,-5.7514,384,205,179,384,True,reject,0,effectively rejected
102,0,0,0,0,False,-9.2017,-9.2017,384,10,374,384,True,reject,0,effectively rejected
102,2,1,0,1,False,-8.7374,-8.7374,384,116,268,384,True,reject,0,effectively rejected
103,0,0,0,0,False,-4.5383,-4.5383,384,319,65,384,True,reject,0,genuinely stochastic
103,1,1,1,0,True,-7.1841,-7.1841,319,295,89,384,False,,0,effectively rejected
103,3,2,2,0,True,-5.7796,-5.7796,295,264,120,384,False,,0,effectively rejected
103,7,3,3,0,True,-2.8887,-2.8887,264,95,289,384,False,,0,genuinely stochastic
104,0,0,0,0,False,-4.5383,-4.5383,384,299,85,384,True,reject,0,genuinely stochastic
104,1,1,1,0,True,-10.4455,-10.4455,299,62,322,384,False,,0,effectively rejected
105,0,0,0,0,False,-5.7795,-5.7795,384,274,110,384,True,reject,0,effectively rejected
105,1,1,1,0,True,-3.7101,-3.7101,274,252,132,384,False,,0,genuinely stochastic
105,3,2,2,0,True,-5.908,-5.908,252,182,202,384,False,,0,effectively rejected
105,7,3,3,0,True,-6.2706,-6.2706,182,53,331,384,False,,0,effectively rejected
106,0,0,0,0,False,-6.9975,-6.9975,384,113,271,384,True,reject,0,effectively rejected
107,0,0,0,0,False,-2.8329,-2.8329,384,198,186,384,True,reject,0,genuinely stochastic
108,0,0,0,0,False,-5.778,-5.778,384,221,163,384,True,reject,0,effectively rejected
108,1,1,1,0,True,-4.7731,-4.7731,221,218,166,384,False,,0,effectively rejected
109,0,0,0,0,False,-5.6305,-5.6305,384,350,34,384,True,reject,0,effectively rejected
109,1,1,1,0,True,-5.7819,-5.7819,350,186,198,384,False,,0,effectively rejected
109,3,2,2,0,True,-7.9072,-7.9072,186,1,383,384,False,,0,effectively rejected
109,8,3,2,1,False,-10.0785,-10.0785,186,31,353,384,False,,0,effectively rejected
109,17,4,3,1,True,-4.9381,-4.9381,31,16,368,384,False,,0,effectively rejected
110,0,0,0,0,False,-5.8456,-5.8456,384,257,127,384,True,reject,0,effectively rejected
110,1,1,1,0,True,-7.1397,-7.1397,257,33,351,384,False,,0,effectively rejected
110,3,2,2,0,True,-10.7366,-10.7366,33,29,355,384,False,,0,effectively rejected
111,0,0,0,0,False,-5.2284,-5.2284,384,181,203,384,True,reject,0,effectively rejected
112,0,0,0,0,False,-5.7796,-5.7796,384,264,120,384,True,reject,0,effectively rejected
112,1,1,1,0,True,-4.5156,-4.5156,264,145,239,384,False,,0,genuinely stochastic
113,0,0,0,0,False,-5.4181,-5.4181,384,216,168,384,True,reject,0,effectively rejected
114,0,0,0,0,False,-5.7795,-5.7795,384,305,79,384,True,reject,0,effectively rejected
114,1,1,1,0,True,-8.9096,-8.9096,305,15,369,384,False,,0,effectively rejected
115,0,0,0,0,False,-5.6305,-5.6305,384,359,25,384,True,reject,0,effectively rejected
115,1,1,1,0,True,-9.4776,-9.4776,359,61,323,384,False,,0,effectively rejected
115,3,2,2,0,True,-23.7327,-23.7327,61,5,379,384,False,,0,effectively rejected
116,0,0,0,0,False,-4.6485,-4.6485,384,240,144,384,True,reject,0,effectively rejected
116,1,1,1,0,True,-3.7489,-3.7489,240,218,166,384,False,,0,genuinely stochastic
116,3,2,2,0,True,-1.7683,-1.7683,218,201,183,384,False,,0,genuinely stochastic
116,7,3,3,0,True,-6.1439,-6.1439,201,182,202,384,False,,0,effectively rejected
116,15,4,4,0,True,-4.4663,-4.4663,182,162,222,384,False,,0,genuinely stochastic
116,31,5,5,0,True,-8.1624,-8.1624,162,148,236,384,False,,0,effectively rejected
117,0,0,0,0,False,-2.7224,-2.7224,384,245,139,384,True,reject,0,genuinely stochastic
118,0,0,0,0,False,-12.1223,-12.1223,384,72,312,384,True,reject,0,effectively rejected
118,1,1,1,0,True,-9.2213,-9.2213,72,43,341,384,False,,0,effectively rejected
119,0,0,0,0,False,-6.5077,-6.5077,384,180,204,384,True,reject,0,effectively rejected
119,1,1,1,0,True,1.6193,0.0,180,10,374,384,False,,0,effectively accepted
120,0,0,0,0,False,-1.623,-1.623,384,366,18,384,True,reject,0,genuinely stochastic
120,1,1,1,0,True,-0.4647,-0.4647,366,197,187,384,False,,0,genuinely stochastic
120,3,2,2,0,True,-8.7342,-8.7342,197,15,369,384,False,,0,effectively rejected
120,8,3,2,1,False,-6.0805,-6.0805,197,121,263,384,False,,0,effectively rejected
121,0,0,0,0,False,-6.3024,-6.3024,384,149,235,384,True,reject,0,effectively rejected
121,1,1,1,0,True,-7.5541,-7.5541,149,117,267,384,False,,0,effectively rejected
122,0,0,0,0,False,-7.5631,-7.5631,384,112,272,384,True,reject,0,effectively rejected
122,1,1,1,0,True,-11.2737,-11.2737,112,49,335,384,False,,0,effectively rejected
123,0,0,0,0,False,-5.9431,-5.9431,384,235,149,384,True,reject,0,effectively rejected
124,0,0,0,0,False,-10.1416,-10.1416,384,59,325,384,True,reject,0,effectively rejected
125,0,0,0,0,False,-10.1416,-10.1416,384,58,326,384,True,reject,0,effectively rejected
126,0,0,0,0,False,-5.6305,-5.6305,384,354,30,384,True,reject,0,effectively rejected
126,1,1,1,0,True,-3.6519,-3.6519,354,255,129,384,False,,0,genuinely stochastic
126,3,2,2,0,True,-3.8145,-3.8145,255,241,143,384,False,,0,genuinely stochastic
127,0,0,0,0,False,-1.4191,-1.4191,384,370,14,384,True,accept,0,genuinely stochastic
127,1,1,1,0,True,-9.3449,-9.3449,370,72,312,384,True,reject,0,effectively rejected
127,3,2,2,0,True,-6.5308,-6.5308,72,58,326,384,False,,0,effectively rejected
128,0,0,0,0,False,-5.0434,-5.0434,384,126,258,384,True,reject,0,effectively rejected
129,0,0,0,0,False,-4.2146,-4.2146,384,332,52,384,True,reject,0,genuinely stochastic
130,0,0,0,0,False,-4.2114,-4.2114,384,341,43,384,True,reject,0,genuinely stochastic
130,1,1,1,0,True,-7.8234,-7.8234,341,102,282,384,False,,0,effectively rejected
130,3,2,2,0,True,-7.7717,-7.7717,102,72,312,384,False,,0,effectively rejected
131,0,0,0,0,False,-5.0384,-5.0384,384,173,211,384,True,reject,0,effectively rejected
132,0,0,0,0,False,-3.1162,-3.1162,384,325,59,384,True,reject,0,genuinely stochastic
132,1,1,1,0,True,-5.8856,-5.8856,325,89,295,384,False,,0,effectively rejected
133,0,0,0,0,False,-10.6417,-10.6417,384,107,277,384,True,reject,0,effectively rejected
134,0,0,0,0,False,-1.741,-1.741,384,215,169,384,True,reject,0,genuinely stochastic
134,1,1,1,0,True,-7.8138,-7.8138,215,119,265,384,False,,0,effectively rejected
135,0,0,0,0,False,-5.0384,-5.0384,384,170,214,384,True,reject,0,effectively rejected
135,1,1,1,0,True,-7.9243,-7.9243,170,104,280,384,False,,0,effectively rejected
136,0,0,0,0,False,-6.1023,-6.1023,384,30,354,384,True,reject,0,effectively rejected
136,2,1,0,1,False,-3.4434,-3.4434,384,75,309,384,True,reject,0,genuinely stochastic
137,0,0,0,0,False,-6.1016,-6.1016,384,136,248,384,True,reject,0,effectively rejected
137,1,1,1,0,True,-7.8138,-7.8138,136,119,265,384,False,,0,effectively rejected
137,3,2,2,0,True,-8.7248,-8.7248,119,92,292,384,False,,0,effectively rejected
138,0,0,0,0,False,-7.072,-7.072,384,80,304,384,True,reject,0,effectively rejected
139,0,0,0,0,False,-5.0887,-5.0887,384,180,204,384,True,reject,0,effectively rejected
140,0,0,0,0,False,-2.233,-2.233,384,291,93,384,True,reject,0,genuinely stochastic
140,1,1,1,0,True,1.4746,0.0,291,216,168,384,False,,0,effectively accepted
141,0,0,0,0,False,-9.5334,-9.5334,384,39,345,384,True,reject,0,effectively rejected
141,2,1,0,1,False,-6.3353,-6.3353,384,157,227,384,True,reject,0,effectively rejected
141,5,2,1,1,True,-4.528,-4.528,157,47,337,384,False,,0,genuinely stochastic
142,0,0,0,0,False,-7.3402,-7.3402,384,54,330,384,True,reject,0,effectively rejected
142,2,1,0,1,False,-7.3977,-7.3977,384,34,350,384,True,reject,0,effectively rejected
142,5,2,1,1,True,-8.1409,-8.1409,34,25,359,384,False,,0,effectively rejected
143,0,0,0,0,False,-48.1299,-48.1299,384,48,336,384,True,reject,0,effectively rejected
143,2,1,0,1,False,-8.2455,-8.2455,384,81,303,384,True,reject,0,effectively rejected
144,0,0,0,0,False,-7.8184,-7.8184,384,20,364,384,True,reject,0,effectively rejected
144,2,1,0,1,False,-4.4846,-4.4846,384,224,160,384,True,reject,0,genuinely stochastic
145,0,0,0,0,False,-5.2058,-5.2058,384,134,250,384,True,reject,0,effectively rejected
145,1,1,1,0,True,-9.4346,-9.4346,134,19,365,384,False,,0,effectively rejected
145,2,1,0,1,False,-9.3571,-9.3571,384,39,345,384,True,reject,0,effectively rejected
145,6,2,0,2,False,-3.2602,-3.2602,384,285,99,384,True,reject,0,genuinely stochastic
145,13,3,1,2,True,-6.0416,-6.0416,285,188,196,384,False,,0,effectively rejected
146,0,0,0,0,False,-6.184,-6.184,384,41,343,384,True,reject,0,effectively rejected
146,2,1,0,1,False,-2.4029,-2.4029,384,151,233,384,True,reject,0,genuinely stochastic
146,5,2,1,1,True,-6.3612,-6.3612,151,133,251,384,False,,0,effectively rejected
146,6,2,0,2,False,8.0357,0.0,384,6,378,384,True,accept,0,effectively accepted
146,14,3,0,3,False,1.3614,0.0,384,366,18,384,False,,0,effectively accepted
146,29,4,1,3,True,-3.9671,-3.9671,366,208,176,384,False,,0,genuinely stochastic
146,30,4,0,4,False,-4.7275,-4.7275,384,121,263,384,False,,0,effectively rejected
147,0,0,0,0,False,-1.4114,-1.4114,384,239,145,384,True,reject,0,genuinely stochastic
147,2,1,0,1,False,-0.7919,-0.7919,384,63,321,384,True,reject,0,genuinely stochastic
148,0,0,0,0,False,-23.5899,-23.5899,768,11,757,768,True,reject,1,effectively rejected
148,2,1,0,1,False,26.8834,0.0,768,62,706,768,True,accept,1,effectively accepted
148,5,2,1,1,True,-107.5222,-107.5222,62,17,751,768,True,reject,1,effectively rejected
149,0,0,0,0,False,-25.3121,-25.3121,768,333,435,768,True,reject,1,effectively rejected
149,1,1,1,0,True,-16.4154,-16.4154,333,157,611,768,False,,1,effectively rejected
150,0,0,0,0,False,-25.598,-25.598,768,576,192,768,True,reject,1,effectively rejected
151,0,0,0,0,False,-1.0129,-1.0129,768,615,153,768,True,reject,1,genuinely stochastic
151,1,1,1,0,True,0.5772,0.0,615,291,477,768,False,,1,effectively accepted
151,3,2,2,0,True,-18.958,-18.958,291,289,479,768,False,,1,effectively rejected
151,7,3,3,0,True,-16.9644,-16.9644,289,250,518,768,False,,1,effectively rejected
152,0,0,0,0,False,-17.2055,-17.2055,768,580,188,768,True,reject,1,effectively rejected
152,1,1,1,0,True,-16.0018,-16.0018,580,461,307,768,False,,1,effectively rejected
152,3,2,2,0,True,-36.4563,-36.4563,461,43,725,768,False,,1,effectively rejected
153,0,0,0,0,False,6.4024,0.0,768,275,493,768,True,accept,1,effectively accepted
154,0,0,0,0,False,3.2179,0.0,768,354,414,768,True,accept,1,effectively accepted
154,1,1,1,0,True,-29.2735,-29.2735,354,36,732,768,True,reject,1,effectively rejected
154,4,2,1,1,False,0.1121,0.0,354,101,667,768,True,accept,1,effectively accepted
155,0,0,0,0,False,2.8763,0.0,768,232,536,768,True,accept,1,effectively accepted
156,0,0,0,0,False,-0.2017,-0.2017,768,450,318,768,True,accept,1,genuinely stochastic
157,0,0,0,0,False,0.2013,0.0,768,683,85,768,True,accept,1,effectively accepted
157,1,1,1,0,True,1.8575,0.0,683,546,222,768,True,accept,1,effectively accepted
158,0,0,0,0,False,-13.5395,-13.5395,768,164,604,768,True,reject,1,effectively rejected
159,0,0,0,0,False,-0.8592,-0.8592,768,36,732,768,True,reject,1,genuinely stochastic
159,2,1,0,1,False,-3.7591,-3.7591,768,465,303,768,True,reject,1,genuinely stochastic
159,5,2,1,1,True,-3.9066,-3.9066,465,422,346,768,False,,1,genuinely stochastic
160,0,0,0,0,False,-0.3023,-0.3023,768,702,66,768,True,accept,1,genuinely stochastic
160,1,1,1,0,True,-6.5396,-6.5396,702,227,541,768,True,reject,1,effectively rejected
161,0,0,0,0,False,-1.0297,-1.0297,768,643,125,768,True,accept,1,genuinely stochastic
161,1,1,1,0,True,-7.3298,-7.3298,643,516,252,768,True,reject,1,effectively rejected
162,0,0,0,0,False,-2.0212,-2.0212,768,335,433,768,True,reject,1,genuinely stochastic
163,0,0,0,0,False,-57.4856,-57.4856,768,76,692,768,True,reject,1,effectively rejected
163,1,1,1,0,True,-29.0532,-29.0532,76,45,723,768,False,,1,effectively rejected
164,0,0,0,0,False,-0.8906,-0.8906,768,502,266,768,True,accept,1,genuinely stochastic
164,1,1,1,0,True,0.0563,0.0,502,266,502,768,True,accept,1,effectively accepted
164,3,2,2,0,True,-132.5154,-132.5154,266,6,762,768,True,reject,1,effectively rejected
165,0,0,0,0,False,-5.1889,-5.1889,768,417,351,768,True,reject,1,effectively rejected
166,0,0,0,0,False,-34.5131,-34.5131,768,46,722,768,True,reject,1,effectively rejected
166,2,1,0,1,False,-28.0701,-28.0701,768,435,333,768,True,reject,1,effectively rejected
166,5,2,1,1,True,0.3133,0.0,435,278,490,768,False,,1,effectively accepted
166,11,3,2,1,True,-14.5861,-14.5861,278,103,665,768,False,,1,effectively rejected
166,23,4,3,1,True,-44.8788,-44.8788,103,1,767,768,False,,1,effectively rejected
167,0,0,0,0,False,-2.5509,-2.5509,768,408,360,768,True,reject,1,genuinely stochastic
168,0,0,0,0,False,-2.9913,-2.9913,768,475,293,768,True,reject,1,genuinely stochastic
169,0,0,0,0,False,-2.8286,-2.8286,768,362,406,768,True,reject,1,genuinely stochastic
169,1,1,1,0,True,0.958,0.0,362,311,457,768,False,,1,effectively accepted
170,0,0,0,0,False,2.1205,0.0,768,300,468,768,True,accept,1,effectively accepted
171,0,0,0,0,False,-8.8381,-8.8381,768,3,765,768,True,reject,1,effectively rejected
171,2,1,0,1,False,-4.9668,-4.9668,768,303,465,768,True,reject,1,effectively rejected
172,0,0,0,0,False,0.003,0.0,768,762,6,768,True,accept,1,effectively accepted
172,1,1,1,0,True,-26.0391,-26.0391,762,407,361,768,True,reject,1,effectively rejected
173,0,0,0,0,False,-0.5938,-0.5938,768,561,207,768,True,accept,1,genuinely stochastic
174,0,0,0,0,False,-4.0464,-4.0464,768,512,256,768,True,reject,1,genuinely stochastic
174,1,1,1,0,True,1.0209,0.0,512,330,438,768,False,,1,effectively accepted
175,0,0,0,0,False,0.4412,0.0,768,642,126,768,True,accept,1,effectively accepted
176,0,0,0,0,False,-29.2568,-29.2568,768,138,630,768,True,reject,1,effectively rejected
176,1,1,1,0,True,-36.4839,-36.4839,138,44,724,768,False,,1,effectively rejected
177,0,0,0,0,False,-31.0804,-31.0804,768,45,723,768,True,reject,1,effectively rejected
177,2,1,0,1,False,-0.0076,-0.0076,768,759,9,768,True,accept,1,effectively accepted
177,5,2,1,1,True,0.039,0.0,759,608,160,768,True,accept,1,effectively accepted
177,11,3,2,1,True,-0.6796,-0.6796,608,202,566,768,True,accept,1,genuinely stochastic
178,0,0,0,0,False,-0.5827,-0.5827,768,667,101,768,True,reject,1,genuinely stochastic
178,1,1,1,0,True,-23.8691,-23.8691,667,91,677,768,False,,1,effectively rejected
179,0,0,0,0,False,-23.9079,-23.9079,768,27,741,768,True,reject,1,effectively rejected
179,2,1,0,1,False,-41.656,-41.656,768,134,634,768,True,reject,1,effectively rejected
180,0,0,0,0,False,-13.1253,-13.1253,768,140,628,768,True,reject,1,effectively rejected
181,0,0,0,0,False,1.5215,0.0,768,350,418,768,True,accept,1,effectively accepted
182,0,0,0,0,False,-28.0142,-28.0142,768,431,337,768,True,reject,1,effectively rejected
183,0,0,0,0,False,-1.2573,-1.2573,768,232,536,768,True,reject,1,genuinely stochastic
183,1,1,1,0,True,-30.431,-30.431,232,106,662,768,False,,1,effectively rejected
184,0,0,0,0,False,-44.024,-44.024,768,9,759,768,True,reject,1,effectively rejected
184,2,1,0,1,False,0.6085,0.0,768,484,284,768,True,accept,1,effectively accepted
184,5,2,1,1,True,-10.5984,-10.5984,484,69,699,768,True,reject,1,effectively rejected
184,12,3,1,2,False,-11.3925,-11.3925,484,16,752,768,True,reject,1,effectively rejected
185,0,0,0,0,False,-7.1264,-7.1264,768,201,567,768,True,reject,1,effectively rejected
186,0,0,0,0,False,-2.4895,-2.4895,768,228,540,768,True,reject,1,genuinely stochastic
187,0,0,0,0,False,-9.0571,-9.0571,768,105,663,768,True,reject,1,effectively rejected
187,1,1,1,0,True,-34.7381,-34.7381,105,88,680,768,False,,1,effectively rejected
188,0,0,0,0,False,-9.2075,-9.2075,768,99,669,768,True,reject,1,effectively rejected
189,0,0,0,0,False,-4.756,-4.756,768,49,719,768,True,reject,1,effectively rejected
189,2,1,0,1,False,-29.4892,-29.4892,768,8,760,768,True,reject,1,effectively rejected
189,6,2,0,2,False,-8.6896,-8.6896,768,119,649,768,True,reject,1,effectively rejected
190,0,0,0,0,False,-21.8429,-21.8429,768,102,666,768,True,reject,1,effectively rejected
191,0,0,0,0,False,-2.2678,-2.2678,768,265,503,768,True,reject,1,genuinely stochastic
192,0,0,0,0,False,-29.3116,-29.3116,768,121,647,768,True,reject,1,effectively rejected
192,1,1,1,0,True,-38.6254,-38.6254,121,6,762,768,False,,1,effectively rejected
193,0,0,0,0,False,1.5641,0.0,768,691,77,768,True,accept,1,effectively accepted
193,1,1,1,0,True,-2.8368,-2.8368,691,118,650,768,True,reject,1,genuinely stochastic
194,0,0,0,0,False,-13.9926,-13.9926,768,153,615,768,True,reject,1,effectively rejected
194,2,1,0,1,False,-0.7743,-0.7743,768,697,71,768,True,reject,1,genuinely stochastic
195,0,0,0,0,False,-1.8993,-1.8993,768,443,325,768,True,reject,1,genuinely stochastic
195,1,1,1,0,True,0.7036,0.0,443,275,493,768,False,,1,effectively accepted
196,0,0,0,0,False,-27.4879,-27.4879,768,161,607,768,True,reject,1,effectively rejected
197,0,0,0,0,False,0.2298,0.0,768,662,106,768,True,accept,1,effectively accepted
197,1,1,1,0,True,-28.955,-28.955,662,491,277,768,True,reject,1,effectively rejected
197,3,2,2,0,True,-29.9661,-29.9661,491,448,320,768,False,,1,effectively rejected
198,0,0,0,0,False,-24.7806,-24.7806,768,224,544,768,True,reject,1,effectively rejected
199,0,0,0,0,False,-10.0672,-10.0672,768,489,279,768,True,reject,1,effectively rejected
199,1,1,1,0,True,-16.0636,-16.0636,489,82,686,768,False,,1,effectively rejected
199,4,2,1,1,False,-25.7059,-25.7059,489,155,613,768,False,,1,effectively rejected
200,0,0,0,0,False,-12.4579,-12.4579,768,174,594,768,True,reject,1,effectively rejected
201,0,0,0,0,False,-30.921,-30.921,768,108,660,768,True,reject,1,effectively rejected
201,1,1,1,0,True,-24.9046,-24.9046,108,30,738,768,False,,1,effectively rejected
201,4,2,1,1,False,-21.9573,-21.9573,108,68,700,768,False,,1,effectively rejected
201,9,3,2,1,True,-9.1895,-9.1895,68,35,733,768,False,,1,effectively rejected
202,0,0,0,0,False,1.3431,0.0,768,738,30,768,True,accept,1,effectively accepted
203,0,0,0,0,False,-6.2489,-6.2489,768,104,664,768,True,reject,1,effectively rejected
203,2,1,0,1,False,-3.5743,-3.5743,768,332,436,768,True,reject,1,genuinely stochastic
203,5,2,1,1,True,-27.586,-27.586,332,122,646,768,False,,1,effectively rejected
203,12,3,1,2,False,-35.6397,-35.6397,332,41,727,768,False,,1,effectively rejected
204,0,0,0,0,False,-25.2784,-25.2784,768,156,612,768,True,reject,1,effectively rejected
204,2,1,0,1,False,-28.7988,-28.7988,768,505,263,768,True,reject,1,effectively rejected
204,5,2,1,1,True,-28.369,-28.369,505,160,608,768,False,,1,effectively rejected
205,0,0,0,0,False,-1.1847,-1.1847,768,640,128,768,True,accept,1,genuinely stochastic
205,1,1,1,0,True,-1.7298,-1.7298,640,621,147,768,True,reject,1,genuinely stochastic
205,3,2,2,0,True,-3.5743,-3.5743,621,337,431,768,False,,1,genuinely stochastic
205,7,3,3,0,True,-4.409,-4.409,337,178,590,768,False,,1,genuinely stochastic
205,16,4,3,1,False,-6.6165,-6.6165,337,259,509,768,False,,1,effectively rejected
206,0,0,0,0,False,-28.7363,-28.7363,768,356,412,768,True,reject,1,effectively rejected
206,1,1,1,0,True,-30.6154,-30.6154,356,107,661,768,False,,1,effectively rejected
207,0,0,0,0,False,-0.0278,-0.0278,768,574,194,768,True,accept,1,genuinely stochastic
208,0,0,0,0,False,-4.4426,-4.4426,768,365,403,768,True,reject,1,genuinely stochastic
209,0,0,0,0,False,-25.0615,-25.0615,768,94,674,768,True,reject,1,effectively rejected
209,2,1,0,1,False,-39.3459,-39.3459,768,285,483,768,True,reject,1,effectively rejected
209,5,2,1,1,True,-28.8229,-28.8229,285,27,741,768,False,,1,effectively rejected
209,6,2,0,2,False,0.1438,0.0,768,447,321,768,True,accept,1,effectively accepted
210,0,0,0,0,False,-0.6414,-0.6414,768,707,61,768,True,accept,1,genuinely stochastic
210,1,1,1,0,True,-7.8018,-7.8018,707,271,497,768,True,reject,1,effectively rejected
211,0,0,0,0,False,-18.9264,-18.9264,768,29,739,768,True,reject,1,effectively rejected
211,2,1,0,1,False,-28.6549,-28.6549,768,260,508,768,True,reject,1,effectively rejected
211,6,2,0,2,False,-39.3612,-39.3612,768,42,726,768,True,reject,1,effectively rejected
211,14,3,0,3,False,-34.3594,-34.3594,768,134,634,768,True,reject,1,effectively rejected
211,30,4,0,4,False,-26.4874,-26.4874,768,269,499,768,True,reject,1,effectively rejected
211,62,5,0,5,False,-33.8938,-33.8938,768,316,452,768,True,reject,1,effectively rejected
212,0,0,0,0,False,-5.6296,-5.6296,384,338,46,384,True,reject,0,effectively rejected
212,1,1,1,0,True,-6.8834,-6.8834,338,35,349,384,False,,0,effectively rejected
213,0,0,0,0,False,-3.2718,-3.2718,384,195,189,384,True,reject,0,genuinely stochastic
213,1,1,1,0,True,-4.6489,-4.6489,195,134,250,384,False,,0,effectively rejected
214,0,0,0,0,False,0.0,0.0,384,89,295,384,True,accept,0,effectively accepted
215,0,0,0,0,False,-0.0355,-0.0355,384,354,30,384,True,reject,0,genuinely stochastic
215,1,1,1,0,True,-16.2309,-16.2309,354,29,355,384,False,,0,effectively rejected
216,0,0,0,0,False,-5.8964,-5.8964,384,289,95,384,True,reject,0,effectively rejected
216,1,1,1,0,True,-18.6208,-18.6208,289,243,141,384,False,,0,effectively rejected
216,3,2,2,0,True,0.4413,0.0,243,54,330,384,False,,0,effectively accepted
217,0,0,0,0,False,-3.2673,-3.2673,384,113,271,384,True,reject,0,genuinely stochastic
217,1,1,1,0,True,-4.9386,-4.9386,113,29,355,384,False,,0,effectively rejected
218,0,0,0,0,False,-0.131,-0.131,384,86,298,384,True,accept,0,genuinely stochastic
219,0,0,0,0,False,0.0355,0.0,384,353,31,384,True,accept,0,effectively accepted
219,1,1,1,0,True,0.0,0.0,353,315,69,384,True,accept,0,effectively accepted
219,3,2,2,0,True,1.3878,0.0,315,127,257,384,True,accept,0,effectively accepted
219,7,3,3,0,True,0.4105,0.0,127,48,336,384,True,accept,0,effectively accepted
220,0,0,0,0,False,2.0999,0.0,384,53,331,384,True,accept,0,effectively accepted
221,0,0,0,0,False,-2.2812,-2.2812,384,2,382,384,True,reject,0,genuinely stochastic
221,2,1,0,1,False,-20.3961,-20.3961,384,208,176,384,True,reject,0,effectively rejected
222,0,0,0,0,False,-5.8694,-5.8694,384,317,67,384,True,reject,0,effectively rejected
222,1,1,1,0,True,-0.1916,-0.1916,317,76,308,384,False,,0,genuinely stochastic
223,0,0,0,0,False,-1.3802,-1.3802,384,5,379,384,True,reject,0,genuinely stochastic
223,2,1,0,1,False,-0.0,0.0,384,325,59,384,True,accept,0,effectively accepted
223,5,2,1,1,True,-8.1184,-8.1184,325,127,257,384,True,reject,0,effectively rejected
224,0,0,0,0,False,-1.7401,-1.7401,384,192,192,384,True,reject,0,genuinely stochastic
225,0,0,0,0,False,0.4221,0.0,384,232,152,384,True,accept,0,effectively accepted
225,1,1,1,0,True,1.1727,0.0,232,100,284,384,True,accept,0,effectively accepted
226,0,0,0,0,False,-2.9117,-2.9117,384,139,245,384,True,reject,0,genuinely stochastic
227,0,0,0,0,False,-0.6306,-0.6306,384,227,157,384,True,reject,0,genuinely stochastic
228,0,0,0,0,False,0.0048,0.0,384,304,80,384,True,accept,0,effectively accepted
228,1,1,1,0,True,-22.9955,-22.9955,304,12,372,384,True,reject,0,effectively rejected
228,4,2,1,1,False,-3.8375,-3.8375,304,116,268,384,True,reject,0,genuinely stochastic
229,0,0,0,0,False,0.0,0.0,384,351,33,384,True,accept,0,effectively accepted
229,1,1,1,0,True,-1.8112,-1.8112,351,166,218,384,True,reject,0,genuinely stochastic
230,0,0,0,0,False,-2.9165,-2.9165,384,175,209,384,True,reject,0,genuinely stochastic
230,1,1,1,0,True,-3.2855,-3.2855,175,33,351,384,False,,0,genuinely stochastic
231,0,0,0,0,False,0.0,0.0,384,379,5,384,True,accept,0,effectively accepted
231,1,1,1,0,True,-8.2044,-8.2044,379,110,274,384,True,reject,0,effectively rejected
232,0,0,0,0,False,-5.6296,-5.6296,384,355,29,384,True,reject,0,effectively rejected
232,1,1,1,0,True,-15.4229,-15.4229,355,194,190,384,False,,0,effectively rejected
232,3,2,2,0,True,-3.8423,-3.8423,194,116,268,384,False,,0,genuinely stochastic
233,0,0,0,0,False,-2.9165,-2.9165,384,155,229,384,True,reject,0,genuinely stochastic
234,0,0,0,0,False,-22.549,-22.549,384,150,234,384,True,reject,0,effectively rejected
234,1,1,1,0,True,-0.8882,-0.8882,150,121,263,384,False,,0,genuinely stochastic
235,0,0,0,0,False,-12.9296,-12.9296,384,81,303,384,True,reject,0,effectively rejected
236,0,0,0,0,False,-1.6815,-1.6815,384,1,383,384,True,reject,0,genuinely stochastic
236,2,1,0,1,False,-1.1813,-1.1813,384,143,241,384,True,reject,0,genuinely stochastic
237,0,0,0,0,False,-0.6523,-0.6523,384,219,165,384,True,accept,0,genuinely stochastic
238,0,0,0,0,False,-2.5599,-2.5599,384,169,215,384,True,reject,0,genuinely stochastic
239,0,0,0,0,False,-8.1741,-8.1741,384,61,323,384,True,reject,0,effectively rejected
240,0,0,0,0,False,-2.8339,-2.8339,384,71,313,384,True,reject,0,genuinely stochastic
241,0,0,0,0,False,-26.8983,-26.8983,384,9,375,384,True,reject,0,effectively rejected
241,2,1,0,1,False,0.0345,0.0,384,312,72,384,True,accept,0,effectively accepted
241,5,2,1,1,True,-23.1219,-23.1219,312,159,225,384,True,reject,0,effectively rejected
242,0,0,0,0,False,-2.3004,-2.3004,384,74,310,384,True,reject,0,genuinely stochastic
243,0,0,0,0,False,-3.0535,-3.0535,384,267,117,384,True,reject,0,genuinely stochastic
243,1,1,1,0,True,-24.1861,-24.1861,267,171,213,384,False,,0,effectively rejected
244,0,0,0,0,False,-11.6685,-11.6685,384,154,230,384,True,reject,0,effectively rejected
245,0,0,0,0,False,0.109,0.0,384,67,317,384,True,accept,0,effectively accepted
246,0,0,0,0,False,0.0,0.0,384,367,17,384,True,accept,0,effectively accepted
246,1,1,1,0,True,0.0,0.0,367,363,21,384,True,accept,0,effectively accepted
246,3,2,2,0,True,-24.3244,-24.3244,363,201,183,384,True,reject,0,effectively rejected
247,0,0,0,0,False,0.2625,0.0,384,282,102,384,True,accept,0,effectively accepted
247,1,1,1,0,True,-6.3405,-6.3405,282,46,338,384,True,reject,0,effectively rejected
248,0,0,0,0,False,-0.5331,-0.5331,384,278,106,384,True,accept,0,genuinely stochastic
248,1,1,1,0,True,-8.3564,-8.3564,278,236,148,384,True,reject,0,effectively rejected
249,0,0,0,0,False,-7.7222,-7.7222,384,72,312,384,True,reject,0,effectively rejected
250,0,0,0,0,False,0.0011,0.0,384,349,35,384,True,accept,0,effectively accepted
250,1,1,1,0,True,-5.593,-5.593,349,332,52,384,True,reject,0,effectively rejected
250,3,2,2,0,True,-0.4174,-0.4174,332,231,153,384,False,,0,genuinely stochastic
251,0,0,0,0,False,-2.7785,-2.7785,384,26,358,384,True,reject,0,genuinely stochastic
251,1,1,1,0,True,-2.2694,-2.2694,26,12,372,384,False,,0,genuinely stochastic
251,2,1,0,1,False,-1.0344,-1.0344,384,104,280,384,True,accept,0,genuinely stochastic
252,0,0,0,0,False,-1.8552,-1.8552,384,86,298,384,True,reject,0,genuinely stochastic
253,0,0,0,0,False,0.0422,0.0,384,299,85,384,True,accept,0,effectively accepted
253,1,1,1,0,True,1.1277,0.0,299,231,153,384,True,accept,0,effectively accepted
253,3,2,2,0,True,-22.7854,-22.7854,231,37,347,384,True,reject,0,effectively rejected
254,0,0,0,0,False,-1.9865,-1.9865,384,244,140,384,True,reject,0,genuinely stochastic
254,1,1,1,0,True,-0.9044,-0.9044,244,75,309,384,False,,0,genuinely stochastic
255,0,0,0,0,False,-2.2111,-2.2111,384,128,256,384,True,reject,0,genuinely stochastic
256,0,0,0,0,False,-2.2111,-2.2111,384,191,193,384,True,reject,0,genuinely stochastic
257,0,0,0,0,False,-2.1894,-2.1894,384,236,148,384,True,reject,0,genuinely stochastic
258,0,0,0,0,False,0.0476,0.0,384,358,26,384,True,accept,0,effectively accepted
258,1,1,1,0,True,-5.5461,-5.5461,358,330,54,384,True,reject,0,effectively rejected
258,3,2,2,0,True,-23.1448,-23.1448,330,105,279,384,False,,0,effectively rejected
258,7,3,3,0,True,-23.1448,-23.1448,105,105,279,384,False,,0,effectively rejected
258,15,4,4,0,True,-0.319,-0.319,105,102,282,384,False,,0,genuinely stochastic
259,0,0,0,0,False,-2.9194,-2.9194,384,15,369,384,True,reject,0,genuinely stochastic
259,2,1,0,1,False,0.0773,0.0,384,78,306,384,True,accept,0,effectively accepted
260,0,0,0,0,False,0.0355,0.0,384,351,33,384,True,accept,0,effectively accepted
260,1,1,1,0,True,-0.0873,-0.0873,351,51,333,384,True,accept,0,genuinely stochastic
260,3,2,2,0,True,-0.8908,-0.8908,51,40,344,384,True,accept,0,genuinely stochastic
260,4,2,1,1,False,-2.4494,-2.4494,351,211,173,384,False,,0,genuinely stochastic
260,9,3,2,1,True,-5.4632,-5.4632,211,84,300,384,False,,0,effectively rejected
261,0,0,0,0,False,-5.3528,-5.3528,384,303,81,384,True,reject,0,effectively rejected
261,1,1,1,0,True,-10.4837,-10.4837,303,43,341,384,False,,0,effectively rejected
261,4,2,1,1,False,-22.4577,-22.4577,303,191,193,384,False,,0,effectively rejected
262,0,0,0,0,False,0.2403,0.0,384,303,81,384,True,accept,0,effectively accepted
262,1,1,1,0,True,1.1606,0.0,303,273,111,384,True,accept,0,effectively accepted
262,3,2,2,0,True,-22.5511,-22.5511,273,60,324,384,True,reject,0,effectively rejected
262,8,3,2,1,False,0.9007,0.0,273,217,167,384,True,accept,0,effectively accepted
263,0,0,0,0,False,-5.5733,-5.5733,384,292,92,384,True,reject,0,effectively rejected
263,1,1,1,0,True,-7.9871,-7.9871,292,247,137,384,False,,0,effectively rejected
263,3,2,2,0,True,-4.5534,-4.5534,247,42,342,384,False,,0,genuinely stochastic
263,7,3,3,0,True,-1.0855,-1.0855,42,6,378,384,False,,0,genuinely stochastic
263,8,3,2,1,False,-7.9636,-7.9636,247,61,323,384,False,,0,effectively rejected
264,0,0,0,0,False,-19.2375,-19.2375,384,29,355,384,True,reject,0,effectively rejected
264,2,1,0,1,False,-23.9635,-23.9635,384,305,79,384,True,reject,0,effectively rejected
264,5,2,1,1,True,-0.1068,-0.1068,305,123,261,384,False,,0,genuinely stochastic
265,0,0,0,0,False,-2.9269,-2.9269,384,74,310,384,True,reject,0,genuinely stochastic
265,2,1,0,1,False,-6.3668,-6.3668,384,298,86,384,True,reject,0,effectively rejected
266,0,0,0,0,False,-0.9007,-0.9007,384,40,344,384,True,accept,0,genuinely stochastic
266,1,1,1,0,True,-12.9335,-12.9335,40,39,345,384,True,reject,0,effectively rejected
266,2,1,0,1,False,0.0,0.0,384,361,23,384,False,,0,effectively accepted
266,5,2,1,1,True,-24.8803,-24.8803,361,161,223,384,False,,0,effectively rejected
267,0,0,0,0,False,0.332,0.0,384,102,282,384,True,accept,0,effectively accepted
268,0,0,0,0,False,0.0,0.0,384,377,7,384,True,accept,0,effectively accepted
268,1,1,1,0,True,0.4116,0.0,377,69,315,384,True,accept,0,effectively accepted
268,4,2,1,1,False,-1.073,-1.073,377,253,131,384,False,,0,genuinely stochastic
268,9,3,2,1,True,0.3373,0.0,253,155,229,384,False,,0,effectively accepted
268,19,4,3,1,True,0.3484,0.0,155,121,263,384,False,,0,effectively accepted
269,0,0,0,0,False,0.0004,0.0,384,323,61,384,True,accept,0,effectively accepted
269,1,1,1,0,True,-8.5265,-8.5265,323,204,180,384,True,reject,0,effectively rejected
269,4,2,1,1,False,-23.8449,-23.8449,323,124,260,384,True,reject,0,effectively rejected
270,0,0,0,0,False,-1.4972,-1.4972,384,8,376,384,True,reject,0,genuinely stochastic
270,2,1,0,1,False,-3.1833,-3.1833,384,45,339,384,True,reject,0,genuinely stochastic
270,6,2,0,2,False,-5.8348,-5.8348,384,295,89,384,True,reject,0,effectively rejected
270,13,3,1,2,True,-5.6482,-5.6482,295,151,233,384,False,,0,effectively rejected
270,27,4,2,2,True,-0.0033,-0.0033,151,97,287,384,False,,0,effectively accepted
270,55,5,3,2,True,-6.6975,-6.6975,97,7,377,384,False,,0,effectively rejected
270,56,5,2,3,False,-8.3792,-8.3792,151,128,256,384,False,,0,effectively rejected
270,28,4,1,3,False,-0.2828,-0.2828,295,43,341,384,False,,0,genuinely stochastic
270,58,5,1,4,False,-0.6963,-0.6963,295,245,139,384,False,,0,genuinely stochastic
271,0,0,0,0,False,0.0,0.0,384,362,22,384,True,accept,0,effectively accepted
271,1,1,1,0,True,-22.5261,-22.5261,362,117,267,384,True,reject,0,effectively rejected
271,3,2,2,0,True,-2.7067,-2.7067,117,10,374,384,False,,0,genuinely stochastic
271,4,2,1,1,False,-12.7769,-12.7769,362,39,345,384,True,reject,0,effectively rejected
271,9,3,2,1,True,-22.8937,-22.8937,39,21,363,384,False,,0,effectively rejected
271,2,1,0,1,False,-9.533,-9.533,384,4,380,384,False,,0,effectively rejected
271,6,2,0,2,False,-6.1488,-6.1488,384,229,155,384,False,,0,effectively rejected
271,13,3,1,2,True,-0.0895,-0.0895,229,174,210,384,False,,0,genuinely stochastic
271,14,3,0,3,False,-1.0291,-1.0291,384,5,379,384,False,,0,genuinely stochastic
272,0,0,0,0,False,-2.0506,-2.0506,384,63,321,384,True,reject,0,genuinely stochastic
273,0,0,0,0,False,-1.5032,-1.5032,768,612,156,768,True,reject,1,genuinely stochastic
274,0,0,0,0,False,-28.715,-28.715,768,699,69,768,True,reject,1,effectively rejected
274,1,1,1,0,True,-27.3222,-27.3222,699,335,433,768,False,,1,effectively rejected
275,0,0,0,0,False,-29.6801,-29.6801,768,423,345,768,True,reject,1,effectively rejected
276,0,0,0,0,False,-0.9273,-0.9273,768,700,68,768,True,accept,1,genuinely stochastic
276,1,1,1,0,True,-28.0315,-28.0315,700,591,177,768,True,reject,1,effectively rejected
276,3,2,2,0,True,-32.4674,-32.4674,591,182,586,768,False,,1,effectively rejected
277,0,0,0,0,False,-39.8468,-39.8468,768,339,429,768,True,reject,1,effectively rejected
277,1,1,1,0,True,-56.4939,-56.4939,339,126,642,768,False,,1,effectively rejected
278,0,0,0,0,False,-1.2934,-1.2934,768,682,86,768,True,reject,1,genuinely stochastic
278,1,1,1,0,True,31.9907,0.0,682,341,427,768,False,,1,effectively accepted
279,0,0,0,0,False,34.4748,0.0,768,142,626,768,True,accept,1,effectively accepted
280,0,0,0,0,False,-36.3974,-36.3974,768,32,736,768,True,reject,1,effectively rejected
280,1,1,1,0,True,-35.4384,-35.4384,32,10,758,768,False,,1,effectively rejected
281,0,0,0,0,False,-1.0242,-1.0242,768,633,135,768,True,accept,1,genuinely stochastic
281,1,1,1,0,True,-78.5071,-78.5071,633,230,538,768,True,reject,1,effectively rejected
282,0,0,0,0,False,1.9962,0.0,768,540,228,768,True,accept,1,effectively accepted
282,1,1,1,0,True,-1.8811,-1.8811,540,467,301,768,True,reject,1,genuinely stochastic
282,3,2,2,0,True,0.9777,0.0,467,19,749,768,False,,1,effectively accepted
282,8,3,2,1,False,-22.0417,-22.0417,467,164,604,768,False,,1,effectively rejected
283,0,0,0,0,False,-64.7251,-64.7251,768,295,473,768,True,reject,1,effectively rejected
283,1,1,1,0,True,-88.9311,-88.9311,295,250,518,768,False,,1,effectively rejected
284,0,0,0,0,False,-4.0239,-4.0239,768,526,242,768,True,reject,1,genuinely stochastic
284,1,1,1,0,True,-37.8,-37.8,526,400,368,768,False,,1,effectively rejected
284,3,2,2,0,True,-72.9834,-72.9834,400,175,593,768,False,,1,effectively rejected
285,0,0,0,0,False,-75.7675,-75.7675,768,399,369,768,True,reject,1,effectively rejected
286,0,0,0,0,False,0.0108,0.0,768,731,37,768,True,accept,1,effectively accepted
286,1,1,1,0,True,-89.4329,-89.4329,731,93,675,768,True,reject,1,effectively rejected
286,3,2,2,0,True,-38.1125,-38.1125,93,35,733,768,False,,1,effectively rejected
287,0,0,0,0,False,-4.4424,-4.4424,768,579,189,768,True,reject,1,genuinely stochastic
287,1,1,1,0,True,-79.9851,-79.9851,579,252,516,768,False,,1,effectively rejected
288,0,0,0,0,False,-90.9031,-90.9031,768,69,699,768,True,reject,1,effectively rejected
289,0,0,0,0,False,-89.506,-89.506,768,162,606,768,True,reject,1,effectively rejected
290,0,0,0,0,False,-3.3167,-3.3167,768,399,369,768,True,reject,1,genuinely stochastic
290,1,1,1,0,True,-37.6797,-37.6797,399,15,753,768,False,,1,effectively rejected
291,0,0,0,0,False,-55.7701,-55.7701,768,129,639,768,True,reject,1,effectively rejected
291,1,1,1,0,True,-67.4889,-67.4889,129,20,748,768,False,,1,effectively rejected
291,4,2,1,1,False,-65.4287,-65.4287,129,45,723,768,False,,1,effectively rejected
292,0,0,0,0,False,0.0,0.0,768,764,4,768,True,accept,1,effectively accepted
292,1,1,1,0,True,-39.6344,-39.6344,764,308,460,768,True,reject,1,effectively rejected
293,0,0,0,0,False,-39.5983,-39.5983,768,314,454,768,True,reject,1,effectively rejected
293,1,1,1,0,True,-61.121,-61.121,314,286,482,768,False,,1,effectively rejected
294,0,0,0,0,False,1.8122,0.0,768,612,156,768,True,accept,1,effectively accepted
295,0,0,0,0,False,-45.0784,-45.0784,768,406,362,768,True,reject,1,effectively rejected
296,0,0,0,0,False,-38.1627,-38.1627,768,131,637,768,True,reject,1,effectively rejected
297,0,0,0,0,False,-0.3846,-0.3846,768,711,57,768,True,accept,1,genuinely stochastic
297,1,1,1,0,True,-32.0475,-32.0475,711,332,436,768,True,reject,1,effectively rejected
298,0,0,0,0,False,-38.3612,-38.3612,768,594,174,768,True,reject,1,effectively rejected
298,1,1,1,0,True,-64.8866,-64.8866,594,402,366,768,False,,1,effectively rejected
298,3,2,2,0,True,-72.1009,-72.1009,402,154,614,768,False,,1,effectively rejected
298,7,3,3,0,True,-56.3244,-56.3244,154,58,710,768,False,,1,effectively rejected
298,15,4,4,0,True,-37.1103,-37.1103,58,23,745,768,False,,1,effectively rejected
299,0,0,0,0,False,-56.2178,-56.2178,768,55,713,768,True,reject,1,effectively rejected
300,0,0,0,0,False,-4.5368,-4.5368,768,362,406,768,True,reject,1,genuinely stochastic
301,0,0,0,0,False,-0.378,-0.378,768,704,64,768,True,reject,1,genuinely stochastic
302,0,0,0,0,False,0.1968,0.0,768,712,56,768,True,accept,1,effectively accepted
302,1,1,1,0,True,-70.799,-70.799,712,198,570,768,True,reject,1,effectively rejected
303,0,0,0,0,False,-43.3409,-43.3409,768,297,471,768,True,reject,1,effectively rejected
304,0,0,0,0,False,-2.0072,-2.0072,768,557,211,768,True,reject,1,genuinely stochastic
305,0,0,0,0,False,-6.8641,-6.8641,768,414,354,768,True,reject,1,effectively rejected
305,1,1,1,0,True,-6.0938,-6.0938,414,213,555,768,False,,1,effectively rejected
305,3,2,2,0,True,-65.0933,-65.0933,213,174,594,768,False,,1,effectively rejected
305,7,3,3,0,True,-65.9884,-65.9884,174,62,706,768,False,,1,effectively rejected
306,0,0,0,0,False,-0.0046,-0.0046,768,749,19,768,True,accept,1,effectively accepted
306,1,1,1,0,True,-39.7414,-39.7414,749,549,219,768,True,reject,1,effectively rejected
307,0,0,0,0,False,-1.9994,-1.9994,768,588,180,768,True,reject,1,genuinely stochastic
307,1,1,1,0,True,-41.1649,-41.1649,588,563,205,768,False,,1,effectively rejected
308,0,0,0,0,False,-25.5471,-25.5471,768,68,700,768,True,reject,1,effectively rejected
309,0,0,0,0,False,-8.7692,-8.7692,768,499,269,768,True,reject,1,effectively rejected
309,1,1,1,0,True,-40.0852,-40.0852,499,57,711,768,False,,1,effectively rejected
310,0,0,0,0,False,-56.4348,-56.4348,768,195,573,768,True,reject,1,effectively rejected
311,0,0,0,0,False,-58.5856,-58.5856,768,255,513,768,True,reject,1,effectively rejected
312,0,0,0,0,False,-55.3754,-55.3754,768,246,522,768,True,reject,1,effectively rejected
313,0,0,0,0,False,-40.6867,-40.6867,768,562,206,768,True,reject,1,effectively rejected
314,0,0,0,0,False,-44.2315,-44.2315,768,561,207,768,True,reject,1,effectively rejected
315,0,0,0,0,False,-29.5663,-29.5663,768,169,599,768,True,reject,1,effectively rejected
316,0,0,0,0,False,-87.773,-87.773,768,307,461,768,True,reject,1,effectively rejected
317,0,0,0,0,False,-89.3125,-89.3125,768,117,651,768,True,reject,1,effectively rejected
318,0,0,0,0,False,0.002,0.0,768,726,42,768,True,accept,1,effectively accepted
318,1,1,1,0,True,-91.1428,-91.1428,726,92,676,768,True,reject,1,effectively rejected
318,4,2,1,1,False,-8.7221,-8.7221,726,185,583,768,True,reject,1,effectively rejected
319,0,0,0,0,False,0.0132,0.0,768,758,10,768,True,accept,1,effectively accepted
319,1,1,1,0,True,-93.8431,-93.8431,758,165,603,768,True,reject,1,effectively rejected
320,0,0,0,0,False,-1.0745,-1.0745,768,630,138,768,True,reject,1,genuinely stochastic
320,1,1,1,0,True,-5.7637,-5.7637,630,515,253,768,False,,1,effectively rejected
320,3,2,2,0,True,-38.6964,-38.6964,515,282,486,768,False,,1,effectively rejected
321,0,0,0,0,False,-6.355,-6.355,768,185,583,768,True,reject,1,effectively rejected
322,0,0,0,0,False,-38.1856,-38.1856,768,111,657,768,True,reject,1,effectively rejected
323,0,0,0,0,False,-72.5274,-72.5274,768,264,504,768,True,reject,1,effectively rejected
324,0,0,0,0,False,-39.0151,-39.0151,768,47,721,768,True,reject,1,effectively rejected
324,2,1,0,1,False,-77.2181,-77.2181,768,53,715,768,True,reject,1,effectively rejected
324,6,2,0,2,False,-2.5478,-2.5478,768,546,222,768,True,reject,1,genuinely stochastic
324,13,3,1,2,True,-88.4176,-88.4176,546,277,491,768,False,,1,effectively rejected
325,0,0,0,0,False,-4.6984,-4.6984,768,489,279,768,True,reject,1,effectively rejected
326,0,0,0,0,False,-86.3941,-86.3941,768,369,399,768,True,reject,1,effectively rejected
326,1,1,1,0,True,-71.0231,-71.0231,369,284,484,768,False,,1,effectively rejected
327,0,0,0,0,False,-39.7416,-39.7416,768,352,416,768,True,reject,1,effectively rejected
328,0,0,0,0,False,-6.9159,-6.9159,768,86,682,768,True,reject,1,effectively rejected
328,2,1,0,1,False,-0.2422,-0.2422,768,703,65,768,True,reject,1,genuinely stochastic
328,5,2,1,1,True,-44.587,-44.587,703,407,361,768,False,,1,effectively rejected
328,11,3,2,1,True,-62.9689,-62.9689,407,322,446,768,False,,1,effectively rejected
328,23,4,3,1,True,-63.0987,-63.0987,322,104,664,768,False,,1,effectively rejected
328,47,5,4,1,True,-28.832,-28.832,104,83,685,768,False,,1,effectively rejected
329,0,0,0,0,False,-54.9139,-54.9139,768,307,461,768,True,reject,1,effectively rejected
330,0,0,0,0,False,-61.3406,-61.3406,768,69,699,768,True,reject,1,effectively rejected
330,2,1,0,1,False,-96.2001,-96.2001,768,42,726,768,True,reject,1,effectively rejected
331,0,0,0,0,False,-27.7767,-27.7767,768,318,450,768,True,reject,1,effectively rejected
331,1,1,1,0,True,-66.1171,-66.1171,318,6,762,768,False,,1,effectively rejected
332,0,0,0,0,False,-3.8251,-3.8251,768,626,142,768,True,reject,1,genuinely stochastic
332,1,1,1,0,True,-30.4843,-30.4843,626,555,213,768,False,,1,effectively rejected
332,3,2,2,0,True,-97.0701,-97.0701,555,116,652,768,False,,1,effectively rejected
333,0,0,0,0,False,-29.3486,-29.3486,768,244,524,768,True,reject,1,effectively rejected
334,0,0,0,0,False,-37.5401,-37.5401,768,574,194,768,True,reject,1,effectively rejected
334,1,1,1,0,True,-3.4422,-3.4422,574,506,262,768,False,,1,genuinely stochastic
334,3,2,2,0,True,-69.8451,-69.8451,506,215,553,768,False,,1,effectively rejected
334,7,3,3,0,True,-66.3823,-66.3823,215,76,692,768,False,,1,effectively rejected
335,0,0,0,0,False,-38.349,-38.349,768,504,264,768,True,reject,1,effectively rejected
335,1,1,1,0,True,-41.9281,-41.9281,504,16,752,768,False,,1,effectively rejected
336,0,0,0,0,False,-91.9411,-91.9411,768,90,678,768,True,reject,1,effectively rejected
336,2,1,0,1,False,-39.8154,-39.8154,768,499,269,768,True,reject,1,effectively rejected
337,0,0,0,0,False,-66.6558,-66.6558,768,198,570,768,True,reject,1,effectively rejected
337,1,1,1,0,True,-39.0125,-39.0125,198,64,704,768,False,,1,effectively rejected
338,0,0,0,0,False,-0.1747,-0.1747,768,692,76,768,True,accept,1,genuinely stochastic
338,1,1,1,0,True,-39.9575,-39.9575,692,446,322,768,True,reject,1,effectively rejected
338,3,2,2,0,True,-96.6886,-96.6886,446,203,565,768,False,,1,effectively rejected
338,7,3,3,0,True,-68.6745,-68.6745,203,46,722,768,False,,1,effectively rejected
338,15,4,4,0,True,-64.8893,-64.8893,46,4,764,768,False,,1,effectively rejected
338,16,4,3,1,False,-59.6008,-59.6008,203,71,697,768,False,,1,effectively rejected
339,0,0,0,0,False,-4.7768,-4.7768,768,398,370,768,True,reject,1,effectively rejected
339,1,1,1,0,True,-27.1756,-27.1756,398,297,471,768,False,,1,effectively rejected
340,0,0,0,0,False,-0.5481,-0.5481,768,721,47,768,True,reject,1,genuinely stochastic
340,1,1,1,0,True,-79.0091,-79.0091,721,209,559,768,False,,1,effectively rejected
340,3,2,2,0,True,-43.8206,-43.8206,209,176,592,768,False,,1,effectively rejected
340,7,3,3,0,True,-46.7095,-46.7095,176,11,757,768,False,,1,effectively rejected
340,8,3,2,1,False,-57.635,-57.635,209,160,608,768,False,,1,effectively rejected
341,0,0,0,0,False,-35.6951,-35.6951,768,221,547,768,True,reject,1,effectively rejected
341,1,1,1,0,True,-39.3442,-39.3442,221,218,550,768,False,,1,effectively rejected
342,0,0,0,0,False,-1.7469,-1.7469,768,116,652,768,True,reject,1,genuinely stochastic
342,2,1,0,1,False,-5.4843,-5.4843,768,508,260,768,True,reject,1,effectively rejected
343,0,0,0,0,False,-87.7379,-87.7379,768,227,541,768,True,reject,1,effectively rejected
343,2,1,0,1,False,-5.3733,-5.3733,768,460,308,768,True,reject,1,effectively rejected
344,0,0,0,0,False,-65.2821,-65.2821,768,33,735,768,True,reject,1,effectively rejected
344,2,1,0,1,False,-30.8351,-30.8351,768,374,394,768,True,reject,1,effectively rejected
344,6,2,0,2,False,0.0,0.0,768,747,21,768,True,accept,1,effectively accepted
344,13,3,1,2,True,-1.797,-1.797,747,650,118,768,True,accept,1,genuinely stochastic
344,27,4,2,2,True,-45.5059,-45.5059,650,425,343,768,True,reject,1,effectively rejected
344,55,5,3,2,True,-93.4172,-93.4172,425,245,523,768,False,,1,effectively rejected
345,0,0,0,0,False,-0.7869,-0.7869,768,340,428,768,True,accept,1,genuinely stochastic
345,2,1,0,1,False,-89.0419,-89.0419,768,167,601,768,False,,1,effectively rejected
345,6,2,0,2,False,-88.486,-88.486,768,1,767,768,False,,1,effectively rejected
345,14,3,0,3,False,-92.1319,-92.1319,768,357,411,768,False,,1,effectively rejected
345,30,4,0,4,False,-2.8428,-2.8428,768,390,378,768,False,,1,genuinely stochastic
346,0,0,0,0,False,-36.4921,-36.4921,768,571,197,768,True,reject,1,effectively rejected
346,1,1,1,0,True,-36.4921,-36.4921,571,569,199,768,False,,1,effectively rejected
346,3,2,2,0,True,-83.2853,-83.2853,569,169,599,768,False,,1,effectively rejected
346,2,1,0,1,False,-0.3576,-0.3576,768,476,292,768,True,reject,1,genuinely stochastic
346,6,2,0,2,False,-1.9117,-1.9117,768,618,150,768,True,reject,1,genuinely stochastic
346,13,3,1,2,True,-38.6223,-38.6223,618,581,187,768,False,,1,effectively rejected
346,14,3,0,3,False,0.2569,0.0,768,702,66,768,True,accept,1,effectively accepted
347,0,0,0,0,False,-0.5258,-0.5258,384,222,162,384,True,accept,0,genuinely stochastic
348,0,0,0,0,False,0.151,0.0,384,319,65,384,True,accept,0,effectively accepted
348,1,1,1,0,True,11.7761,0.0,319,160,224,384,True,accept,0,effectively accepted
349,0,0,0,0,False,1.4801,0.0,384,104,280,384,True,accept,0,effectively accepted
349,1,1,1,0,True,-5.6502,-5.6502,104,57,327,384,True,reject,0,effectively rejected
350,0,0,0,0,False,-2.6597,-2.6597,384,47,337,384,True,reject,0,genuinely stochastic
351,0,0,0,0,False,2.6869,0.0,384,217,167,384,True,accept,0,effectively accepted
351,1,1,1,0,True,1.4869,0.0,217,135,249,384,True,accept,0,effectively accepted
352,0,0,0,0,False,-3.9378,-3.9378,384,80,304,384,True,accept,0,genuinely stochastic
353,0,0,0,0,False,-4.5135,-4.5135,384,111,273,384,True,reject,0,genuinely stochastic
353,1,1,1,0,True,0.237,0.0,111,93,291,384,False,,0,effectively accepted
354,0,0,0,0,False,2.0119,0.0,384,125,259,384,True,accept,0,effectively accepted
354,1,1,1,0,True,-7.1199,-7.1199,125,89,295,384,True,reject,0,effectively rejected
354,3,2,2,0,True,-5.2588,-5.2588,89,37,347,384,False,,0,effectively rejected
355,0,0,0,0,False,-1.6608,-1.6608,384,207,177,384,True,reject,0,genuinely stochastic
356,0,0,0,0,False,-0.0007,-0.0007,384,316,68,384,True,accept,0,effectively accepted
356,1,1,1,0,True,-7.0275,-7.0275,316,8,376,384,True,reject,0,effectively rejected
356,4,2,1,1,False,-0.9236,-0.9236,316,150,234,384,True,accept,0,genuinely stochastic
357,0,0,0,0,False,-11.3678,-11.3678,384,12,372,384,True,reject,0,effectively rejected
357,2,1,0,1,False,0.0,0.0,384,369,15,384,True,accept,0,effectively accepted
357,5,2,1,1,True,0.6839,0.0,369,262,122,384,True,accept,0,effectively accepted
357,11,3,2,1,True,-0.9826,-0.9826,262,260,124,384,True,reject,0,genuinely stochastic
358,0,0,0,0,False,-0.5602,-0.5602,384,265,119,384,True,accept,0,genuinely stochastic
358,1,1,1,0,True,0.4728,0.0,265,71,313,384,True,accept,0,effectively accepted
359,0,0,0,0,False,0.0423,0.0,384,219,165,384,True,accept,0,effectively accepted
360,0,0,0,0,False,-7.7621,-7.7621,384,75,309,384,True,reject,0,effectively rejected
361,0,0,0,0,False,0.2407,0.0,384,271,113,384,True,accept,0,effectively accepted
361,1,1,1,0,True,-7.3517,-7.3517,271,145,239,384,True,reject,0,effectively rejected
361,3,2,2,0,True,-13.5266,-13.5266,145,48,336,384,False,,0,effectively rejected
362,0,0,0,0,False,-6.8491,-6.8491,384,75,309,384,True,reject,0,effectively rejected
362,1,1,1,0,True,-7.622,-7.622,75,9,375,384,False,,0,effectively rejected
363,0,0,0,0,False,-16.1304,-16.1304,384,191,193,384,True,reject,0,effectively rejected
364,0,0,0,0,False,-0.9027,-0.9027,384,211,173,384,True,accept,0,genuinely stochastic
364,1,1,1,0,True,-7.2421,-7.2421,211,156,228,384,True,reject,0,effectively rejected
364,3,2,2,0,True,-6.4639,-6.4639,156,121,263,384,False,,0,effectively rejected
365,0,0,0,0,False,0.5244,0.0,384,232,152,384,True,accept,0,effectively accepted
366,0,0,0,0,False,-2.0109,-2.0109,384,148,236,384,True,reject,0,genuinely stochastic
366,1,1,1,0,True,-4.4507,-4.4507,148,43,341,384,False,,0,genuinely stochastic
366,3,2,2,0,True,-4.1096,-4.1096,43,10,374,384,False,,0,genuinely stochastic
367,0,0,0,0,False,-6.8608,-6.8608,384,92,292,384,True,reject,0,effectively rejected
368,0,0,0,0,False,-2.0875,-2.0875,384,126,258,384,True,reject,0,genuinely stochastic
369,0,0,0,0,False,0.0,0.0,384,336,48,384,True,accept,0,effectively accepted
369,1,1,1,0,True,-1.846,-1.846,336,332,52,384,True,reject,0,genuinely stochastic
369,3,2,2,0,True,-6.121,-6.121,332,113,271,384,False,,0,effectively rejected
370,0,0,0,0,False,-2.6835,-2.6835,384,77,307,384,True,reject,0,genuinely stochastic
370,1,1,1,0,True,-6.6307,-6.6307,77,61,323,384,False,,0,effectively rejected
371,0,0,0,0,False,-2.9526,-2.9526,384,224,160,384,True,reject,0,genuinely stochastic
371,1,1,1,0,True,-6.7183,-6.7183,224,25,359,384,False,,0,effectively rejected
372,0,0,0,0,False,-14.4348,-14.4348,384,139,245,384,True,reject,0,effectively rejected
373,0,0,0,0,False,-1.8987,-1.8987,384,165,219,384,True,reject,0,genuinely stochastic
374,0,0,0,0,False,-0.1644,-0.1644,384,240,144,384,True,accept,0,genuinely stochastic
375,0,0,0,0,False,0.0,0.0,384,234,150,384,True,accept,0,effectively accepted
375,1,1,1,0,True,-6.5974,-6.5974,234,172,212,384,True,reject,0,effectively rejected
376,0,0,0,0,False,-0.0011,-0.0011,384,373,11,384,True,accept,0,effectively accepted
376,1,1,1,0,True,-15.5877,-15.5877,373,191,193,384,True,reject,0,effectively rejected
376,3,2,2,0,True,-7.4555,-7.4555,191,143,241,384,False,,0,effectively rejected
377,0,0,0,0,False,-12.2639,-12.2639,384,13,371,384,True,reject,0,effectively rejected
378,0,0,0,0,False,-1.694,-1.694,384,331,53,384,True,reject,0,genuinely stochastic
378,1,1,1,0,True,-6.9774,-6.9774,331,162,222,384,False,,0,effectively rejected
379,0,0,0,0,False,-8.3337,-8.3337,384,100,284,384,True,reject,0,effectively rejected
380,0,0,0,0,False,-6.4474,-6.4474,384,50,334,384,True,reject,0,effectively rejected
381,0,0,0,0,False,-0.1897,-0.1897,384,155,229,384,True,accept,0,genuinely stochastic
382,0,0,0,0,False,-7.0375,-7.0375,384,79,305,384,True,reject,0,effectively rejected
383,0,0,0,0,False,-1.7912,-1.7912,384,238,146,384,True,accept,0,genuinely stochastic
384,0,0,0,0,False,-12.4404,-12.4404,384,158,226,384,True,reject,0,effectively rejected
384,1,1,1,0,True,-12.4404,-12.4404,158,154,230,384,False,,0,effectively rejected
385,0,0,0,0,False,1.2186,0.0,384,186,198,384,True,accept,0,effectively accepted
386,0,0,0,0,False,-1.6951,-1.6951,384,305,79,384,True,reject,0,genuinely stochastic
387,0,0,0,0,False,0.6066,0.0,384,178,206,384,True,accept,0,effectively accepted
388,0,0,0,0,False,-1.4664,-1.4664,384,138,246,384,True,reject,0,genuinely stochastic
389,0,0,0,0,False,-12.1081,-12.1081,384,17,367,384,True,reject,0,effectively rejected
389,2,1,0,1,False,-0.7544,-0.7544,384,258,126,384,True,accept,0,genuinely stochastic
389,5,2,1,1,True,-4.8307,-4.8307,258,84,300,384,True,reject,0,effectively rejected
390,0,0,0,0,False,-0.0019,-0.0019,384,309,75,384,True,accept,0,effectively accepted
390,1,1,1,0,True,-0.0007,-0.0007,309,294,90,384,True,accept,0,effectively accepted
390,3,2,2,0,True,-6.2625,-6.2625,294,78,306,384,True,reject,0,effectively rejected
391,0,0,0,0,False,-6.4404,-6.4404,384,173,211,384,True,reject,0,effectively rejected
391,1,1,1,0,True,-6.063,-6.063,173,81,303,384,False,,0,effectively rejected
392,0,0,0,0,False,2.5394,0.0,384,82,302,384,True,accept,0,effectively accepted
392,1,1,1,0,True,3.0517,0.0,82,15,369,384,True,accept,0,effectively accepted
393,0,0,0,0,False,0.0011,0.0,384,353,31,384,True,accept,0,effectively accepted
393,1,1,1,0,True,-1.6953,-1.6953,353,338,46,384,True,reject,0,genuinely stochastic
393,3,2,2,0,True,0.5455,0.0,338,137,247,384,False,,0,effectively accepted
393,7,3,3,0,True,-4.3742,-4.3742,137,90,294,384,False,,0,genuinely stochastic
394,0,0,0,0,False,-7.6848,-7.6848,384,157,227,384,True,reject,0,effectively rejected
395,0,0,0,0,False,-14.4058,-14.4058,384,12,372,384,True,reject,0,effectively rejected
395,2,1,0,1,False,-5.9933,-5.9933,384,106,278,384,True,reject,0,effectively rejected
395,5,2,1,1,True,-9.2428,-9.2428,106,26,358,384,False,,0,effectively rejected
396,0,0,0,0,False,-14.4124,-14.4124,384,33,351,384,True,reject,0,effectively rejected
396,1,1,1,0,True,-10.6333,-10.6333,33,11,373,384,False,,0,effectively rejected
397,0,0,0,0,False,-1.5892,-1.5892,384,172,212,384,True,accept,0,genuinely stochastic
397,1,1,1,0,True,-6.8825,-6.8825,172,6,378,384,True,reject,0,effectively rejected
397,4,2,1,1,False,-3.6352,-3.6352,172,21,363,384,True,reject,0,genuinely stochastic
398,0,0,0,0,False,-7.6309,-7.6309,384,9,375,384,True,reject,0,effectively rejected
398,2,1,0,1,False,0.0007,0.0,384,362,22,384,True,accept,0,effectively accepted
398,5,2,1,1,True,-0.1513,-0.1513,362,298,86,384,True,reject,0,genuinely stochastic
399,0,0,0,0,False,-0.0031,-0.0031,384,341,43,384,True,accept,0,effectively accepted
399,1,1,1,0,True,-4.4355,-4.4355,341,115,269,384,True,reject,0,genuinely stochastic
400,0,0,0,0,False,1.5433,0.0,384,277,107,384,True,accept,0,effectively accepted
400,1,1,1,0,True,-0.1527,-0.1527,277,273,111,384,True,accept,0,genuinely stochastic
400,3,2,2,0,True,-5.4112,-5.4112,273,162,222,384,True,reject,0,effectively rejected
401,0,0,0,0,False,1.6958,0.0,384,317,67,384,True,accept,0,effectively accepted
401,1,1,1,0,True,1.8017,0.0,317,232,152,384,True,accept,0,effectively accepted
402,0,0,0,0,False,-1.4171,-1.4171,384,98,286,384,True,reject,0,genuinely stochastic
402,1,1,1,0,True,-0.6886,-0.6886,98,10,374,384,False,,0,genuinely stochastic
402,2,1,0,1,False,-0.0423,-0.0423,384,246,138,384,True,accept,0,genuinely stochastic
403,0,0,0,0,False,-5.9345,-5.9345,384,184,200,384,True,reject,0,effectively rejected
404,0,0,0,0,False,-7.5888,-7.5888,384,40,344,384,True,reject,0,effectively rejected
404,1,1,1,0,True,-7.0612,-7.0612,40,25,359,384,False,,0,effectively rejected
404,2,1,0,1,False,-1.6958,-1.6958,384,342,42,384,True,reject,0,genuinely stochastic
404,5,2,1,1,True,-8.9486,-8.9486,342,65,319,384,False,,0,effectively rejected
405,0,0,0,0,False,-6.6187,-6.6187,384,103,281,384,True,reject,0,effectively rejected
405,1,1,1,0,True,-8.7053,-8.7053,103,88,296,384,False,,0,effectively rejected
405,4,2,1,1,False,-14.4209,-14.4209,103,0,384,384,False,,0,effectively rejected
405,10,3,1,2,False,-6.6216,-6.6216,103,55,329,384,False,,0,effectively rejected
405,22,4,1,3,False,-8.2411,-8.2411,103,28,356,384,False,,0,effectively rejected
405,46,5,1,4,False,-4.7127,-4.7127,103,34,350,384,False,,0,effectively rejected
405,2,1,0,1,False,0.1767,0.0,384,209,175,384,True,accept,0,effectively accepted
406,0,0,0,0,False,-0.3508,-0.3508,384,232,152,384,True,accept,0,genuinely stochastic
406,2,1,0,1,False,-2.6536,-2.6536,384,187,197,384,False,,0,genuinely stochastic
407,0,0,0,0,False,0.0,0.0,384,371,13,384,True,accept,0,effectively accepted
407,1,1,1,0,True,-0.3515,-0.3515,371,268,116,384,True,accept,0,genuinely stochastic
407,3,2,2,0,True,0.1809,0.0,268,210,174,384,True,accept,0,effectively accepted
407,7,3,3,0,True,-8.2708,-8.2708,210,132,252,384,True,reject,0,effectively rejected
407,16,4,3,1,False,-9.2622,-9.2622,210,81,303,384,True,reject,0,effectively rejected
407,4,2,1,1,False,-7.0353,-7.0353,371,45,339,384,False,,0,effectively rejected
407,10,3,1,2,False,-1.1247,-1.1247,371,138,246,384,False,,0,genuinely stochastic
408,0,0,0,0,False,-1.4867,-1.4867,384,208,176,384,True,reject,0,genuinely stochastic
408,2,1,0,1,False,-14.4349,-14.4349,384,60,324,384,True,reject,0,effectively rejected
409,0,0,0,0,False,-43.1431,-43.1431,768,267,501,768,True,reject,1,effectively rejected
410,0,0,0,0,False,1.8714,0.0,768,309,459,768,True,accept,1,effectively accepted
410,1,1,1,0,True,-94.4416,-94.4416,309,195,573,768,True,reject,1,effectively rejected
411,0,0,0,0,False,-98.7103,-98.7103,768,422,346,768,True,reject,1,effectively rejected
411,1,1,1,0,True,-58.3822,-58.3822,422,85,683,768,False,,1,effectively rejected
412,0,0,0,0,False,-98.361,-98.361,768,141,627,768,True,reject,1,effectively rejected
412,1,1,1,0,True,-94.3284,-94.3284,141,18,750,768,False,,1,effectively rejected
413,0,0,0,0,False,-44.8025,-44.8025,768,347,421,768,True,reject,1,effectively rejected
414,0,0,0,0,False,-43.4678,-43.4678,768,452,316,768,True,reject,1,effectively rejected
415,0,0,0,0,False,-41.5263,-41.5263,768,259,509,768,True,reject,1,effectively rejected
416,0,0,0,0,False,-0.058,-0.058,768,661,107,768,True,accept,1,genuinely stochastic
416,1,1,1,0,True,-5.6127,-5.6127,661,483,285,768,True,reject,1,effectively rejected
416,3,2,2,0,True,-29.8019,-29.8019,483,244,524,768,False,,1,effectively rejected
416,7,3,3,0,True,-94.8915,-94.8915,244,35,733,768,False,,1,effectively rejected
417,0,0,0,0,False,-1.7822,-1.7822,768,546,222,768,True,reject,1,genuinely stochastic
418,0,0,0,0,False,-58.5184,-58.5184,768,22,746,768,True,reject,1,effectively rejected
419,0,0,0,0,False,-10.3188,-10.3188,768,489,279,768,True,reject,1,effectively rejected
420,0,0,0,0,False,-61.0395,-61.0395,768,17,751,768,True,reject,1,effectively rejected
420,2,1,0,1,False,-45.3881,-45.3881,768,198,570,768,True,reject,1,effectively rejected
421,0,0,0,0,False,-45.2081,-45.2081,768,434,334,768,True,reject,1,effectively rejected
421,1,1,1,0,True,-39.7678,-39.7678,434,362,406,768,False,,1,effectively rejected
422,0,0,0,0,False,-3.3586,-3.3586,768,415,353,768,True,reject,1,genuinely stochastic
422,1,1,1,0,True,-13.4971,-13.4971,415,53,715,768,False,,1,effectively rejected
423,0,0,0,0,False,-99.4222,-99.4222,768,340,428,768,True,reject,1,effectively rejected
424,0,0,0,0,False,-42.5191,-42.5191,768,98,670,768,True,reject,1,effectively rejected
425,0,0,0,0,False,-41.342,-41.342,768,21,747,768,True,reject,1,effectively rejected
425,2,1,0,1,False,-39.9357,-39.9357,768,420,348,768,True,reject,1,effectively rejected
425,5,2,1,1,True,-96.445,-96.445,420,247,521,768,False,,1,effectively rejected
425,11,3,2,1,True,-4.2165,-4.2165,247,210,558,768,False,,1,genuinely stochastic
426,0,0,0,0,False,-61.5561,-61.5561,768,55,713,768,True,reject,1,effectively rejected
427,0,0,0,0,False,-0.0126,-0.0126,768,692,76,768,True,accept,1,genuinely stochastic
427,1,1,1,0,True,-39.6375,-39.6375,692,342,426,768,True,reject,1,effectively rejected
427,3,2,2,0,True,-76.6455,-76.6455,342,95,673,768,False,,1,effectively rejected
428,0,0,0,0,False,-79.5334,-79.5334,768,82,686,768,True,reject,1,effectively rejected
429,0,0,0,0,False,-0.0133,-0.0133,768,707,61,768,True,accept,1,genuinely stochastic
429,1,1,1,0,True,-31.559,-31.559,707,479,289,768,True,reject,1,effectively rejected
429,3,2,2,0,True,-55.6229,-55.6229,479,14,754,768,False,,1,effectively rejected
430,0,0,0,0,False,-1.4543,-1.4543,768,509,259,768,True,reject,1,genuinely stochastic
430,1,1,1,0,True,-14.2286,-14.2286,509,377,391,768,False,,1,effectively rejected
430,3,2,2,0,True,-44.5966,-44.5966,377,288,480,768,False,,1,effectively rejected
431,0,0,0,0,False,-58.2484,-58.2484,768,52,716,768,True,reject,1,effectively rejected
432,0,0,0,0,False,-104.6177,-104.6177,768,383,385,768,True,reject,1,effectively rejected
433,0,0,0,0,False,-3.3995,-3.3995,768,282,486,768,True,reject,1,genuinely stochastic
434,0,0,0,0,False,0.0841,0.0,768,662,106,768,True,accept,1,effectively accepted
434,1,1,1,0,True,-3.8549,-3.8549,662,344,424,768,True,reject,1,genuinely stochastic
434,3,2,2,0,True,-8.8845,-8.8845,344,138,630,768,False,,1,effectively rejected
435,0,0,0,0,False,-0.0217,-0.0217,768,727,41,768,True,accept,1,genuinely stochastic
435,1,1,1,0,True,-44.0673,-44.0673,727,331,437,768,True,reject,1,effectively rejected
436,0,0,0,0,False,-32.5163,-32.5163,768,140,628,768,True,reject,1,effectively rejected
437,0,0,0,0,False,-4.3241,-4.3241,768,421,347,768,True,reject,1,genuinely stochastic
437,1,1,1,0,True,-97.0323,-97.0323,421,318,450,768,False,,1,effectively rejected
438,0,0,0,0,False,-3.7131,-3.7131,768,481,287,768,True,reject,1,genuinely stochastic
439,0,0,0,0,False,-40.0515,-40.0515,768,203,565,768,True,reject,1,effectively rejected
440,0,0,0,0,False,-42.1297,-42.1297,768,368,400,768,True,reject,1,effectively rejected
440,1,1,1,0,True,6.3062,0.0,368,180,588,768,False,,1,effectively accepted
441,0,0,0,0,False,-0.0266,-0.0266,768,704,64,768,True,accept,1,genuinely stochastic
441,1,1,1,0,True,-35.1927,-35.1927,704,426,342,768,True,reject,1,effectively rejected
442,0,0,0,0,False,-59.0481,-59.0481,768,78,690,768,True,reject,1,effectively rejected
443,0,0,0,0,False,0.0826,0.0,768,669,99,768,True,accept,1,effectively accepted
443,1,1,1,0,True,-32.4896,-32.4896,669,140,628,768,True,reject,1,effectively rejected
443,3,2,2,0,True,-12.4242,-12.4242,140,120,648,768,False,,1,effectively rejected
443,7,3,3,0,True,-42.2759,-42.2759,120,88,680,768,False,,1,effectively rejected
444,0,0,0,0,False,-7.2905,-7.2905,768,90,678,768,True,reject,1,effectively rejected
445,0,0,0,0,False,-98.7282,-98.7282,768,290,478,768,True,reject,1,effectively rejected
445,1,1,1,0,True,-56.4219,-56.4219,290,81,687,768,False,,1,effectively rejected
445,3,2,2,0,True,-51.257,-51.257,81,14,754,768,False,,1,effectively rejected
446,0,0,0,0,False,-44.511,-44.511,768,433,335,768,True,reject,1,effectively rejected
446,1,1,1,0,True,-3.8897,-3.8897,433,39,729,768,False,,1,genuinely stochastic
447,0,0,0,0,False,-38.672,-38.672,768,269,499,768,True,reject,1,effectively rejected
448,0,0,0,0,False,-2.726,-2.726,768,56,712,768,True,reject,1,genuinely stochastic
449,0,0,0,0,False,-41.6831,-41.6831,768,402,366,768,True,reject,1,effectively rejected
449,1,1,1,0,True,-56.1801,-56.1801,402,143,625,768,False,,1,effectively rejected
450,0,0,0,0,False,-54.1363,-54.1363,768,116,652,768,True,reject,1,effectively rejected
451,0,0,0,0,False,-93.9049,-93.9049,768,60,708,768,True,reject,1,effectively rejected
451,2,1,0,1,False,-0.0823,-0.0823,768,609,159,768,True,accept,1,genuinely stochastic
451,5,2,1,1,True,-4.8729,-4.8729,609,324,444,768,True,reject,1,effectively rejected
452,0,0,0,0,False,-59.0527,-59.0527,768,198,570,768,True,reject,1,effectively rejected
453,0,0,0,0,False,-40.1789,-40.1789,768,200,568,768,True,reject,1,effectively rejected
454,0,0,0,0,False,-3.3686,-3.3686,768,428,340,768,True,reject,1,genuinely stochastic
455,0,0,0,0,False,-0.0232,-0.0232,768,616,152,768,True,accept,1,genuinely stochastic
456,0,0,0,0,False,-49.7433,-49.7433,768,75,693,768,True,reject,1,effectively rejected
457,0,0,0,0,False,-5.8354,-5.8354,768,281,487,768,True,reject,1,effectively rejected
458,0,0,0,0,False,-3.0555,-3.0555,768,647,121,768,True,reject,1,genuinely stochastic
458,1,1,1,0,True,-45.468,-45.468,647,7,761,768,False,,1,effectively rejected
458,4,2,1,1,False,-6.8244,-6.8244,647,289,479,768,False,,1,effectively rejected
458,9,3,2,1,True,-42.0374,-42.0374,289,142,626,768,False,,1,effectively rejected
459,0,0,0,0,False,-0.0201,-0.0201,768,693,75,768,True,accept,1,genuinely stochastic
459,1,1,1,0,True,-5.0797,-5.0797,693,212,556,768,True,reject,1,effectively rejected
460,0,0,0,0,False,-5.0179,-5.0179,768,484,284,768,True,reject,1,effectively rejected
461,0,0,0,0,False,0.0781,0.0,768,686,82,768,True,accept,1,effectively accepted
461,1,1,1,0,True,-38.7698,-38.7698,686,162,606,768,True,reject,1,effectively rejected
462,0,0,0,0,False,-74.3552,-74.3552,768,1,767,768,True,reject,1,effectively rejected
462,2,1,0,1,False,-0.117,-0.117,768,533,235,768,True,accept,1,genuinely stochastic
462,5,2,1,1,True,-73.5967,-73.5967,533,70,698,768,True,reject,1,effectively rejected
463,0,0,0,0,False,-3.0392,-3.0392,768,553,215,768,True,reject,1,genuinely stochastic
463,1,1,1,0,True,-53.1183,-53.1183,553,79,689,768,False,,1,effectively rejected
463,4,2,1,1,False,-40.3744,-40.3744,553,384,384,768,False,,1,effectively rejected
463,9,3,2,1,True,-94.3993,-94.3993,384,235,533,768,False,,1,effectively rejected
463,19,4,3,1,True,-53.4476,-53.4476,235,157,611,768,False,,1,effectively rejected
464,0,0,0,0,False,-29.9548,-29.9548,768,369,399,768,True,reject,1,effectively rejected
465,0,0,0,0,False,-34.9156,-34.9156,768,330,438,768,True,reject,1,effectively rejected
465,1,1,1,0,True,-136.2576,-136.2576,330,206,562,768,False,,1,effectively rejected
465,3,2,2,0,True,-50.8445,-50.8445,206,110,658,768,False,,1,effectively rejected
465,7,3,3,0,True,-56.2574,-56.2574,110,81,687,768,False,,1,effectively rejected
465,16,4,3,1,False,-40.755,-40.755,110,80,688,768,False,,1,effectively rejected
466,0,0,0,0,False,-3.2865,-3.2865,768,401,367,768,True,reject,1,genuinely stochastic
467,0,0,0,0,False,-44.7514,-44.7514,768,337,431,768,True,reject,1,effectively rejected
467,1,1,1,0,True,-57.5418,-57.5418,337,66,702,768,False,,1,effectively rejected
468,0,0,0,0,False,-5.9944,-5.9944,768,489,279,768,True,reject,1,effectively rejected
469,0,0,0,0,False,0.0132,0.0,768,755,13,768,True,accept,1,effectively accepted
469,1,1,1,0,True,-89.1756,-89.1756,755,23,745,768,True,reject,1,effectively rejected
470,0,0,0,0,False,-51.1525,-51.1525,768,153,615,768,True,reject,1,effectively rejected
470,1,1,1,0,True,-41.9538,-41.9538,153,121,647,768,False,,1,effectively rejected
470,4,2,1,1,False,-52.6743,-52.6743,153,139,629,768,False,,1,effectively rejected
471,0,0,0,0,False,-0.0129,-0.0129,768,759,9,768,True,accept,1,genuinely stochastic
471,1,1,1,0,True,-0.0264,-0.0264,759,738,30,768,True,accept,1,genuinely stochastic
471,3,2,2,0,True,-53.5458,-53.5458,738,148,620,768,True,reject,1,effectively rejected
471,7,3,3,0,True,-53.269,-53.269,148,16,752,768,False,,1,effectively rejected
472,0,0,0,0,False,-41.1897,-41.1897,768,466,302,768,True,reject,1,effectively rejected
473,0,0,0,0,False,-44.1242,-44.1242,768,452,316,768,True,reject,1,effectively rejected
473,1,1,1,0,True,-5.2087,-5.2087,452,406,362,768,False,,1,effectively rejected
473,3,2,2,0,True,-44.4723,-44.4723,406,305,463,768,False,,1,effectively rejected
474,0,0,0,0,False,-42.1444,-42.1444,768,372,396,768,True,reject,1,effectively rejected
475,0,0,0,0,False,-58.7483,-58.7483,768,37,731,768,True,reject,1,effectively rejected
475,2,1,0,1,False,-44.464,-44.464,768,444,324,768,True,reject,1,effectively rejected
475,5,2,1,1,True,-91.6589,-91.6589,444,388,380,768,False,,1,effectively rejected
475,11,3,2,1,True,-0.2815,-0.2815,388,286,482,768,False,,1,genuinely stochastic
475,24,4,2,2,False,-31.6924,-31.6924,388,380,388,768,False,,1,effectively rejected
476,0,0,0,0,False,-8.8893,-8.8893,768,236,532,768,True,reject,1,effectively rejected
477,0,0,0,0,False,0.0132,0.0,768,717,51,768,True,accept,1,effectively accepted
477,1,1,1,0,True,-4.7418,-4.7418,717,250,518,768,True,reject,1,effectively rejected
477,4,2,1,1,False,3.6607,0.0,717,343,425,768,True,accept,1,effectively accepted
478,0,0,0,0,False,-9.5527,-9.5527,768,229,539,768,True,reject,1,effectively rejected
478,2,1,0,1,False,-33.3785,-33.3785,768,321,447,768,True,reject,1,effectively rejected
478,5,2,1,1,True,-6.1173,-6.1173,321,126,642,768,False,,1,effectively rejected
478,11,3,2,1,True,-86.0737,-86.0737,126,65,703,768,False,,1,effectively rejected
478,24,4,2,2,False,-58.3116,-58.3116,126,81,687,768,False,,1,effectively rejected
478,49,5,3,2,True,-84.0301,-84.0301,81,0,768,768,False,,1,effectively rejected
479,0,0,0,0,False,-56.3427,-56.3427,768,174,594,768,True,reject,1,effectively rejected
479,1,1,1,0,True,-43.3171,-43.3171,174,129,639,768,False,,1,effectively rejected
479,2,1,0,1,False,-2.7061,-2.7061,768,634,134,768,True,reject,1,genuinely stochastic
479,5,2,1,1,True,-43.8245,-43.8245,634,402,366,768,False,,1,effectively rejected
479,11,3,2,1,True,-43.9778,-43.9778,402,279,489,768,False,,1,effectively rejected
480,0,0,0,0,False,-58.9009,-58.9009,768,302,466,768,True,reject,1,effectively rejected
480,2,1,0,1,False,-35.4363,-35.4363,768,304,464,768,True,reject,1,effectively rejected
480,6,2,0,2,False,-44.5821,-44.5821,768,446,322,768,True,reject,1,effectively rejected
480,13,3,1,2,True,-58.5839,-58.5839,446,16,752,768,False,,1,effectively rejected
480,28,4,1,3,False,-138.1717,-138.1717,446,254,514,768,False,,1,effectively rejected
481,0,0,0,0,False,-0.0362,-0.0362,768,609,159,768,True,accept,1,genuinely stochastic
481,1,1,1,0,True,-6.2507,-6.2507,609,590,178,768,True,reject,1,effectively rejected
481,2,1,0,1,False,-54.5073,-54.5073,768,105,663,768,False,,1,effectively rejected
482,0,0,0,0,False,-2.7006,-2.7006,384,62,322,384,True,reject,0,genuinely stochastic
483,0,0,0,0,False,0.0355,0.0,384,260,124,384,True,accept,0,effectively accepted
483,1,1,1,0,True,-0.7702,-0.7702,260,25,359,384,True,accept,0,genuinely stochastic
484,0,0,0,0,False,0.983,0.0,384,215,169,384,True,accept,0,effectively accepted
484,1,1,1,0,True,-0.0596,-0.0596,215,125,259,384,True,reject,0,genuinely stochastic
485,0,0,0,0,False,0.0,0.0,384,381,3,384,True,accept,0,effectively accepted
485,1,1,1,0,True,-1.966,-1.966,381,57,327,384,True,reject,0,genuinely stochastic
486,0,0,0,0,False,-2.3458,-2.3458,384,14,370,384,True,reject,0,genuinely stochastic
486,2,1,0,1,False,-0.1515,-0.1515,384,372,12,384,True,accept,0,genuinely stochastic
486,5,2,1,1,True,-0.1515,-0.1515,372,360,24,384,True,accept,0,genuinely stochastic
486,11,3,2,1,True,-1.0424,-1.0424,360,175,209,384,True,reject,0,genuinely stochastic
486,23,4,3,1,True,-0.1943,-0.1943,175,159,225,384,False,,0,genuinely stochastic
487,0,0,0,0,False,-0.5286,-0.5286,384,148,236,384,True,accept,0,genuinely stochastic
488,0,0,0,0,False,0.0,0.0,384,369,15,384,True,accept,0,effectively accepted
488,1,1,1,0,True,0.636,0.0,369,256,128,384,True,accept,0,effectively accepted
488,3,2,2,0,True,0.4858,0.0,256,124,260,384,True,accept,0,effectively accepted
489,0,0,0,0,False,0.1514,0.0,384,136,248,384,True,accept,0,effectively accepted
490,0,0,0,0,False,-1.0317,-1.0317,384,44,340,384,True,accept,0,genuinely stochastic
491,0,0,0,0,False,0.0,0.0,384,325,59,384,True,accept,0,effectively accepted
491,1,1,1,0,True,1.7451,0.0,325,119,265,384,True,accept,0,effectively accepted
492,0,0,0,0,False,-3.2049,-3.2049,384,26,358,384,True,reject,0,genuinely stochastic
493,0,0,0,0,False,-1.2938,-1.2938,384,131,253,384,True,reject,0,genuinely stochastic
494,0,0,0,0,False,-0.8982,-0.8982,384,251,133,384,True,accept,0,genuinely stochastic
494,1,1,1,0,True,-0.6567,-0.6567,251,105,279,384,True,reject,0,genuinely stochastic
495,0,0,0,0,False,0.0,0.0,384,291,93,384,True,accept,0,effectively accepted
495,1,1,1,0,True,-0.8469,-0.8469,291,137,247,384,True,accept,0,genuinely stochastic
496,0,0,0,0,False,0.2401,0.0,384,101,283,384,True,accept,0,effectively accepted
497,0,0,0,0,False,-0.0,0.0,384,253,131,384,True,accept,0,effectively accepted
498,0,0,0,0,False,-3.1474,-3.1474,384,39,345,384,True,reject,0,genuinely stochastic
499,0,0,0,0,False,-0.1229,-0.1229,384,35,349,384,True,reject,0,genuinely stochastic
500,0,0,0,0,False,-1.512,-1.512,384,63,321,384,True,reject,0,genuinely stochastic
501,0,0,0,0,False,2.208,0.0,384,7,377,384,True,accept,0,effectively accepted
501,2,1,0,1,False,0.0,0.0,384,291,93,384,False,,0,effectively accepted
501,5,2,1,1,True,0.5373,0.0,291,129,255,384,False,,0,effectively accepted
501,11,3,2,1,True,-3.1361,-3.1361,129,37,347,384,False,,0,genuinely stochastic
501,23,4,3,1,True,-0.6089,-0.6089,37,23,361,384,False,,0,genuinely stochastic
502,0,0,0,0,False,-0.8472,-0.8472,384,171,213,384,True,accept,0,genuinely stochastic
503,0,0,0,0,False,0.0876,0.0,384,108,276,384,True,accept,0,effectively accepted
504,0,0,0,0,False,0.0,0.0,384,365,19,384,True,accept,0,effectively accepted
504,1,1,1,0,True,-2.6539,-2.6539,365,9,375,384,True,reject,0,genuinely stochastic
504,4,2,1,1,False,0.7775,0.0,365,247,137,384,True,accept,0,effectively accepted
504,9,3,2,1,True,1.1941,0.0,247,143,241,384,True,accept,0,effectively accepted
504,19,4,3,1,True,-1.7671,-1.7671,143,4,380,384,True,reject,0,genuinely stochastic
505,0,0,0,0,False,-0.3457,-0.3457,384,208,176,384,True,accept,0,genuinely stochastic
506,0,0,0,0,False,-1.6753,-1.6753,384,6,378,384,True,reject,0,genuinely stochastic
506,2,1,0,1,False,-3.3538,-3.3538,384,95,289,384,True,reject,0,genuinely stochastic
507,0,0,0,0,False,0.1515,0.0,384,303,81,384,True,accept,0,effectively accepted
507,1,1,1,0,True,0.489,0.0,303,73,311,384,True,accept,0,effectively accepted
508,0,0,0,0,False,-0.1515,-0.1515,384,216,168,384,True,reject,0,genuinely stochastic
508,1,1,1,0,True,0.0,0.0,216,173,211,384,False,,0,effectively accepted
508,3,2,2,0,True,0.7888,0.0,173,166,218,384,False,,0,effectively accepted
509,0,0,0,0,False,-0.1504,-0.1504,384,187,197,384,True,accept,0,genuinely stochastic
510,0,0,0,0,False,-5.8905,-5.8905,384,5,379,384,True,reject,0,effectively rejected
510,2,1,0,1,False,0.7877,0.0,384,212,172,384,True,accept,0,effectively accepted
511,0,0,0,0,False,-0.7888,-0.7888,384,229,155,384,True,reject,0,genuinely stochastic
512,0,0,0,0,False,0.1515,0.0,384,201,183,384,True,accept,0,effectively accepted
512,1,1,1,0,True,-4.8756,-4.8756,201,68,316,384,True,reject,0,effectively rejected
513,0,0,0,0,False,0.0,0.0,384,321,63,384,True,accept,0,effectively accepted
513,1,1,1,0,True,0.0,0.0,321,281,103,384,True,accept,0,effectively accepted
513,3,2,2,0,True,-0.0,0.0,281,138,246,384,True,accept,0,effectively accepted
514,0,0,0,0,False,0.1515,0.0,384,331,53,384,True,accept,0,effectively accepted
514,1,1,1,0,True,-0.9403,-0.9403,331,247,137,384,True,reject,0,genuinely stochastic
514,3,2,2,0,True,-3.5907,-3.5907,247,34,350,384,False,,0,genuinely stochastic
515,0,0,0,0,False,-0.1515,-0.1515,384,279,105,384,True,accept,0,genuinely stochastic
515,1,1,1,0,True,-2.7196,-2.7196,279,99,285,384,True,reject,0,genuinely stochastic
516,0,0,0,0,False,0.0,0.0,384,198,186,384,True,accept,0,effectively accepted
517,0,0,0,0,False,-0.9998,-0.9998,384,166,218,384,True,reject,0,genuinely stochastic
518,0,0,0,0,False,0.0,0.0,384,277,107,384,True,accept,0,effectively accepted
519,0,0,0,0,False,-0.1515,-0.1515,384,208,176,384,True,accept,0,genuinely stochastic
519,1,1,1,0,True,-0.7888,-0.7888,208,188,196,384,True,accept,0,genuinely stochastic
519,3,2,2,0,True,-2.9286,-2.9286,188,74,310,384,True,reject,0,genuinely stochastic
520,0,0,0,0,False,0.1515,0.0,384,218,166,384,True,accept,0,effectively accepted
521,0,0,0,0,False,-0.303,-0.303,384,215,169,384,True,accept,0,genuinely stochastic
521,1,1,1,0,True,-1.4291,-1.4291,215,196,188,384,True,accept,0,genuinely stochastic
521,3,2,2,0,True,-7.609,-7.609,196,41,343,384,True,reject,0,effectively rejected
521,7,3,3,0,True,-2.4119,-2.4119,41,3,381,384,False,,0,genuinely stochastic
522,0,0,0,0,False,1.9149,0.0,384,150,234,384,True,accept,0,effectively accepted
523,0,0,0,0,False,-0.937,-0.937,384,260,124,384,True,reject,0,genuinely stochastic
524,0,0,0,0,False,-0.6968,-0.6968,384,212,172,384,True,reject,0,genuinely stochastic
525,0,0,0,0,False,-0.8483,-0.8483,384,249,135,384,True,reject,0,genuinely stochastic
526,0,0,0,0,False,-4.6146,-4.6146,384,16,368,384,True,reject,0,effectively rejected
526,2,1,0,1,False,0.0,0.0,384,314,70,384,True,accept,0,effectively accepted
526,5,2,1,1,True,-0.8483,-0.8483,314,240,144,384,True,reject,0,genuinely stochastic
526,11,3,2,1,True,-0.7889,-0.7889,240,180,204,384,False,,0,genuinely stochastic
527,0,0,0,0,False,-6.7424,-6.7424,384,56,328,384,True,reject,0,effectively rejected
527,1,1,1,0,True,-1.6497,-1.6497,56,47,337,384,False,,0,genuinely stochastic
528,0,0,0,0,False,0.1502,0.0,384,257,127,384,True,accept,0,effectively accepted
529,0,0,0,0,False,-2.1879,-2.1879,384,68,316,384,True,reject,0,genuinely stochastic
529,2,1,0,1,False,-7.9725,-7.9725,384,37,347,384,True,reject,0,effectively rejected
529,6,2,0,2,False,-0.9985,-0.9985,384,161,223,384,True,reject,0,genuinely stochastic
529,13,3,1,2,True,-6.888,-6.888,161,32,352,384,False,,0,effectively rejected
530,0,0,0,0,False,-2.9755,-2.9755,384,57,327,384,True,reject,0,genuinely stochastic
530,2,1,0,1,False,-2.0651,-2.0651,384,196,188,384,True,reject,0,genuinely stochastic
531,0,0,0,0,False,-0.8469,-0.8469,384,123,261,384,True,accept,0,genuinely stochastic
531,1,1,1,0,True,-3.7276,-3.7276,123,72,312,384,True,reject,0,genuinely stochastic
532,0,0,0,0,False,0.6968,0.0,384,142,242,384,True,accept,0,effectively accepted
533,0,0,0,0,False,-0.0013,-0.0013,384,164,220,384,True,accept,0,effectively accepted
533,1,1,1,0,True,-0.8765,-0.8765,164,127,257,384,True,accept,0,genuinely stochastic
533,4,2,1,1,False,-2.438,-2.438,164,16,368,384,False,,0,genuinely stochastic
534,0,0,0,0,False,-3.0589,-3.0589,384,27,357,384,True,reject,0,genuinely stochastic
534,2,1,0,1,False,-1.4479,-1.4479,384,89,295,384,True,reject,0,genuinely stochastic
534,6,2,0,2,False,0.7877,0.0,384,181,203,384,True,accept,0,effectively accepted
535,0,0,0,0,False,-4.7288,-4.7288,384,4,380,384,True,reject,0,effectively rejected
535,2,1,0,1,False,0.0,0.0,384,287,97,384,True,accept,0,effectively accepted
535,5,2,1,1,True,0.0886,0.0,287,114,270,384,True,accept,0,effectively accepted
536,0,0,0,0,False,0.0,0.0,384,301,83,384,True,accept,0,effectively accepted
536,1,1,1,0,True,-2.401,-2.401,301,39,345,384,True,accept,0,genuinely stochastic
536,4,2,1,1,False,0.3019,0.0,301,125,259,384,False,,0,effectively accepted
536,10,3,1,2,False,0.082,0.0,301,195,189,384,False,,0,effectively accepted
536,22,4,1,3,False,-3.1,-3.1,301,15,369,384,False,,0,genuinely stochastic
536,2,1,0,1,False,0.1515,0.0,384,352,32,384,False,,0,effectively accepted
537,0,0,0,0,False,-3.2596,-3.2596,384,10,374,384,True,reject,0,genuinely stochastic
537,2,1,0,1,False,0.0,0.0,384,296,88,384,True,accept,0,effectively accepted
537,5,2,1,1,True,0.4743,0.0,296,84,300,384,True,accept,0,effectively accepted
537,6,2,0,2,False,-2.0965,-2.0965,384,91,293,384,False,,0,genuinely stochastic
537,14,3,0,3,False,-0.1796,-0.1796,384,104,280,384,False,,0,genuinely stochastic
537,30,4,0,4,False,0.3625,0.0,384,245,139,384,False,,0,effectively accepted
538,0,0,0,0,False,-0.8747,-0.8747,384,6,378,384,True,accept,0,genuinely stochastic
538,2,1,0,1,False,-0.8472,-0.8472,384,271,113,384,False,,0,genuinely stochastic
538,6,2,0,2,False,-0.6362,-0.6362,384,166,218,384,False,,0,genuinely stochastic
539,0,0,0,0,False,0.0,0.0,384,341,43,384,True,accept,0,effectively accepted
539,1,1,1,0,True,-2.4147,-2.4147,341,95,289,384,True,reject,0,genuinely stochastic
539,2,1,0,1,False,-0.7664,-0.7664,384,259,125,384,False,,0,genuinely stochastic
540,0,0,0,0,False,1.4249,0.0,768,278,490,768,True,accept,1,effectively accepted
540,1,1,1,0,True,-8.2736,-8.2736,278,85,683,768,True,reject,1,effectively rejected
541,0,0,0,0,False,0.356,0.0,768,754,14,768,True,accept,1,effectively accepted
541,1,1,1,0,True,0.0407,0.0,754,336,432,768,True,accept,1,effectively accepted
541,3,2,2,0,True,0.0132,0.0,336,197,571,768,True,accept,1,effectively accepted
542,0,0,0,0,False,0.6698,0.0,768,437,331,768,True,accept,1,effectively accepted
543,0,0,0,0,False,-0.683,-0.683,768,57,711,768,True,reject,1,genuinely stochastic
543,2,1,0,1,False,-17.6105,-17.6105,768,38,730,768,True,reject,1,effectively rejected
544,0,0,0,0,False,0.2101,0.0,768,183,585,768,True,accept,1,effectively accepted
545,0,0,0,0,False,-1.9684,-1.9684,768,591,177,768,True,reject,1,genuinely stochastic
546,0,0,0,0,False,-1.122,-1.122,768,265,503,768,True,reject,1,genuinely stochastic
547,0,0,0,0,False,0.2838,0.0,768,172,596,768,True,accept,1,effectively accepted
548,0,0,0,0,False,-3.3404,-3.3404,768,377,391,768,True,reject,1,genuinely stochastic
548,1,1,1,0,True,-0.5304,-0.5304,377,177,591,768,False,,1,genuinely stochastic
548,3,2,2,0,True,-16.8284,-16.8284,177,11,757,768,False,,1,effectively rejected
549,0,0,0,0,False,-1.4539,-1.4539,768,464,304,768,True,reject,1,genuinely stochastic
550,0,0,0,0,False,-1.8387,-1.8387,768,405,363,768,True,reject,1,genuinely stochastic
550,1,1,1,0,True,5.2588,0.0,405,170,598,768,False,,1,effectively accepted
550,3,2,2,0,True,-18.4498,-18.4498,170,24,744,768,False,,1,effectively rejected
551,0,0,0,0,False,-18.811,-18.811,768,23,745,768,True,reject,1,effectively rejected
551,2,1,0,1,False,-1.3628,-1.3628,768,346,422,768,True,reject,1,genuinely stochastic
551,5,2,1,1,True,0.9689,0.0,346,287,481,768,False,,1,effectively accepted
552,0,0,0,0,False,-1.9298,-1.9298,768,437,331,768,True,reject,1,genuinely stochastic
553,0,0,0,0,False,0.1817,0.0,768,582,186,768,True,accept,1,effectively accepted
553,1,1,1,0,True,-4.1032,-4.1032,582,457,311,768,True,reject,1,genuinely stochastic
554,0,0,0,0,False,0.0217,0.0,768,758,10,768,True,accept,1,effectively accepted
554,1,1,1,0,True,-2.2742,-2.2742,758,471,297,768,True,accept,1,genuinely stochastic
555,0,0,0,0,False,0.2041,0.0,768,317,451,768,True,accept,1,effectively accepted
555,1,1,1,0,True,2.7161,0.0,317,237,531,768,True,accept,1,effectively accepted
556,0,0,0,0,False,-3.247,-3.247,768,250,518,768,True,reject,1,genuinely stochastic
557,0,0,0,0,False,-3.3395,-3.3395,768,137,631,768,True,reject,1,genuinely stochastic
558,0,0,0,0,False,-17.4771,-17.4771,768,80,688,768,True,reject,1,effectively rejected
559,0,0,0,0,False,-1.8003,-1.8003,768,297,471,768,True,accept,1,genuinely stochastic
559,1,1,1,0,True,-3.9858,-3.9858,297,210,558,768,True,reject,1,genuinely stochastic
559,3,2,2,0,True,-1.0043,-1.0043,210,195,573,768,False,,1,genuinely stochastic
559,7,3,3,0,True,-6.7223,-6.7223,195,115,653,768,False,,1,effectively rejected
560,0,0,0,0,False,-6.8616,-6.8616,768,28,740,768,True,reject,1,effectively rejected
560,1,1,1,0,True,-11.434,-11.434,28,16,752,768,False,,1,effectively rejected
560,4,2,1,1,False,-2.8438,-2.8438,28,17,751,768,False,,1,genuinely stochastic
560,2,1,0,1,False,-1.5401,-1.5401,768,383,385,768,True,reject,1,genuinely stochastic
561,0,0,0,0,False,-1.5094,-1.5094,768,399,369,768,True,reject,1,genuinely stochastic
561,1,1,1,0,True,0.3994,0.0,399,388,380,768,False,,1,effectively accepted
561,3,2,2,0,True,2.7646,0.0,388,90,678,768,False,,1,effectively accepted
562,0,0,0,0,False,1.0315,0.0,768,596,172,768,True,accept,1,effectively accepted
562,1,1,1,0,True,0.5862,0.0,596,340,428,768,True,accept,1,effectively accepted
562,3,2,2,0,True,-15.9635,-15.9635,340,38,730,768,True,reject,1,effectively rejected
562,7,3,3,0,True,-11.0415,-11.0415,38,8,760,768,False,,1,effectively rejected
563,0,0,0,0,False,-0.5862,-0.5862,768,344,424,768,True,accept,1,genuinely stochastic
564,0,0,0,0,False,-14.4529,-14.4529,768,70,698,768,True,reject,1,effectively rejected
565,0,0,0,0,False,-1.1702,-1.1702,768,582,186,768,True,reject,1,genuinely stochastic
565,1,1,1,0,True,-19.8956,-19.8956,582,42,726,768,False,,1,effectively rejected
565,3,2,2,0,True,-0.5538,-0.5538,42,18,750,768,False,,1,genuinely stochastic
565,4,2,1,1,False,0.6408,0.0,582,534,234,768,False,,1,effectively accepted
566,0,0,0,0,False,0.0,0.0,768,762,6,768,True,accept,1,effectively accepted
566,1,1,1,0,True,1.9571,0.0,762,152,616,768,True,accept,1,effectively accepted
567,0,0,0,0,False,-1.4659,-1.4659,768,640,128,768,True,reject,1,genuinely stochastic
568,0,0,0,0,False,-4.3039,-4.3039,768,230,538,768,True,reject,1,genuinely stochastic
569,0,0,0,0,False,-15.3463,-15.3463,768,55,713,768,True,reject,1,effectively rejected
570,0,0,0,0,False,0.2263,0.0,768,437,331,768,True,accept,1,effectively accepted
570,1,1,1,0,True,1.6241,0.0,437,265,503,768,True,accept,1,effectively accepted
571,0,0,0,0,False,-2.957,-2.957,768,319,449,768,True,reject,1,genuinely stochastic
572,0,0,0,0,False,-8.3075,-8.3075,768,313,455,768,True,reject,1,effectively rejected
573,0,0,0,0,False,-5.6118,-5.6118,768,400,368,768,True,reject,1,effectively rejected
574,0,0,0,0,False,-0.1628,-0.1628,768,164,604,768,True,accept,1,genuinely stochastic
575,0,0,0,0,False,-2.9193,-2.9193,768,213,555,768,True,reject,1,genuinely stochastic
576,0,0,0,0,False,-4.1151,-4.1151,768,370,398,768,True,reject,1,genuinely stochastic
577,0,0,0,0,False,-3.4232,-3.4232,768,230,538,768,True,reject,1,genuinely stochastic
578,0,0,0,0,False,-3.4232,-3.4232,768,231,537,768,True,reject,1,genuinely stochastic
579,0,0,0,0,False,-5.9189,-5.9189,768,487,281,768,True,reject,1,effectively rejected
580,0,0,0,0,False,-0.939,-0.939,768,241,527,768,True,accept,1,genuinely stochastic
581,0,0,0,0,False,0.0,0.0,768,729,39,768,True,accept,1,effectively accepted
581,1,1,1,0,True,-3.2945,-3.2945,729,333,435,768,True,reject,1,genuinely stochastic
581,3,2,2,0,True,-0.3279,-0.3279,333,216,552,768,False,,1,genuinely stochastic
582,0,0,0,0,False,-0.7846,-0.7846,768,625,143,768,True,reject,1,genuinely stochastic
582,1,1,1,0,True,0.9904,0.0,625,255,513,768,False,,1,effectively accepted
583,0,0,0,0,False,-3.4962,-3.4962,768,482,286,768,True,reject,1,genuinely stochastic
583,1,1,1,0,True,-18.8753,-18.8753,482,102,666,768,False,,1,effectively rejected
584,0,0,0,0,False,-0.1696,-0.1696,768,683,85,768,True,accept,1,genuinely stochastic
584,1,1,1,0,True,-1.9388,-1.9388,683,535,233,768,True,reject,1,genuinely stochastic
585,0,0,0,0,False,-0.2185,-0.2185,768,732,36,768,True,accept,1,genuinely stochastic
585,1,1,1,0,True,-3.0694,-3.0694,732,267,501,768,True,reject,1,genuinely stochastic
585,3,2,2,0,True,-12.9846,-12.9846,267,40,728,768,False,,1,effectively rejected
585,7,3,3,0,True,-8.8928,-8.8928,40,17,751,768,False,,1,effectively rejected
586,0,0,0,0,False,-6.0662,-6.0662,768,484,284,768,True,reject,1,effectively rejected
586,1,1,1,0,True,-3.7282,-3.7282,484,260,508,768,False,,1,genuinely stochastic
586,3,2,2,0,True,-3.4074,-3.4074,260,178,590,768,False,,1,genuinely stochastic
587,0,0,0,0,False,-2.0913,-2.0913,768,27,741,768,True,reject,1,genuinely stochastic
587,2,1,0,1,False,2.3384,0.0,768,276,492,768,True,accept,1,effectively accepted
588,0,0,0,0,False,-4.256,-4.256,768,135,633,768,True,reject,1,genuinely stochastic
588,1,1,1,0,True,-16.9335,-16.9335,135,6,762,768,False,,1,effectively rejected
589,0,0,0,0,False,-6.2814,-6.2814,768,454,314,768,True,reject,1,effectively rejected
589,1,1,1,0,True,-6.1315,-6.1315,454,309,459,768,False,,1,effectively rejected
589,3,2,2,0,True,-22.4373,-22.4373,309,19,749,768,False,,1,effectively rejected
589,7,3,3,0,True,-9.8046,-9.8046,19,18,750,768,False,,1,effectively rejected
590,0,0,0,0,False,0.0,0.0,768,757,11,768,True,accept,1,effectively accepted
590,1,1,1,0,True,-5.399,-5.399,757,331,437,768,True,reject,1,effectively rejected
590,3,2,2,0,True,-6.7683,-6.7683,331,261,507,768,False,,1,effectively rejected
590,7,3,3,0,True,-5.5531,-5.5531,261,248,520,768,False,,1,effectively rejected
591,0,0,0,0,False,-1.0232,-1.0232,768,367,401,768,True,reject,1,genuinely stochastic
591,1,1,1,0,True,-5.3727,-5.3727,367,157,611,768,False,,1,effectively rejected
592,0,0,0,0,False,-7.8328,-7.8328,768,346,422,768,True,reject,1,effectively rejected
592,1,1,1,0,True,-5.8963,-5.8963,346,342,426,768,False,,1,effectively rejected
593,0,0,0,0,False,-3.3161,-3.3161,768,250,518,768,True,reject,1,genuinely stochastic
594,0,0,0,0,False,-5.761,-5.761,768,243,525,768,True,reject,1,effectively rejected
595,0,0,0,0,False,-2.7947,-2.7947,768,166,602,768,True,reject,1,genuinely stochastic
595,1,1,1,0,True,-3.5737,-3.5737,166,37,731,768,False,,1,genuinely stochastic
595,4,2,1,1,False,-2.6964,-2.6964,166,159,609,768,False,,1,genuinely stochastic
595,9,3,2,1,True,-19.1862,-19.1862,159,70,698,768,False,,1,effectively rejected
595,20,4,2,2,False,-24.0968,-24.0968,159,69,699,768,False,,1,effectively rejected
596,0,0,0,0,False,-4.4297,-4.4297,768,149,619,768,True,reject,1,genuinely stochastic
597,0,0,0,0,False,-8.4718,-8.4718,768,478,290,768,True,reject,1,effectively rejected
598,0,0,0,0,False,-3.6017,-3.6017,768,109,659,768,True,reject,1,genuinely stochastic
598,1,1,1,0,True,-18.1139,-18.1139,109,77,691,768,False,,1,effectively rejected
599,0,0,0,0,False,-2.2843,-2.2843,768,402,366,768,True,reject,1,genuinely stochastic
599,1,1,1,0,True,-2.9282,-2.9282,402,41,727,768,False,,1,genuinely stochastic
599,4,2,1,1,False,-4.212,-4.212,402,163,605,768,False,,1,genuinely stochastic
600,0,0,0,0,False,-2.853,-2.853,768,223,545,768,True,reject,1,genuinely stochastic
601,0,0,0,0,False,-2.3101,-2.3101,768,513,255,768,True,reject,1,genuinely stochastic
601,1,1,1,0,True,-2.1068,-2.1068,513,363,405,768,False,,1,genuinely stochastic
601,3,2,2,0,True,-4.6536,-4.6536,363,216,552,768,False,,1,effectively rejected
601,8,3,2,1,False,-16.9721,-16.9721,363,75,693,768,False,,1,effectively rejected
601,17,4,3,1,True,-15.9411,-15.9411,75,22,746,768,False,,1,effectively rejected
602,0,0,0,0,False,-3.9977,-3.9977,768,402,366,768,True,reject,1,genuinely stochastic
602,1,1,1,0,True,-22.5076,-22.5076,402,31,737,768,False,,1,effectively rejected
602,4,2,1,1,False,-5.3427,-5.3427,402,235,533,768,False,,1,effectively rejected
603,0,0,0,0,False,-4.2846,-4.2846,768,246,522,768,True,reject,1,genuinely stochastic
603,1,1,1,0,True,-17.5597,-17.5597,246,99,669,768,False,,1,effectively rejected
604,0,0,0,0,False,-20.1817,-20.1817,768,79,689,768,True,reject,1,effectively rejected
604,2,1,0,1,False,-18.7203,-18.7203,768,32,736,768,True,reject,1,effectively rejected
604,6,2,0,2,False,-2.8172,-2.8172,768,617,151,768,True,reject,1,genuinely stochastic
604,13,3,1,2,True,-7.2514,-7.2514,617,28,740,768,False,,1,effectively rejected
604,28,4,1,3,False,-4.2436,-4.2436,617,557,211,768,False,,1,genuinely stochastic
605,0,0,0,0,False,-6.6194,-6.6194,768,354,414,768,True,reject,1,effectively rejected
606,0,0,0,0,False,0.1158,0.0,768,723,45,768,True,accept,1,effectively accepted
606,1,1,1,0,True,-4.65,-4.65,723,390,378,768,True,reject,1,effectively rejected
607,0,0,0,0,False,-5.0297,-5.0297,768,248,520,768,True,reject,1,effectively rejected
607,1,1,1,0,True,-9.279,-9.279,248,135,633,768,False,,1,effectively rejected
608,0,0,0,0,False,-6.1929,-6.1929,768,17,751,768,True,reject,1,effectively rejected
608,2,1,0,1,False,-1.9832,-1.9832,768,157,611,768,True,reject,1,genuinely stochastic
608,6,2,0,2,False,-2.2785,-2.2785,768,526,242,768,True,reject,1,genuinely stochastic
608,13,3,1,2,True,-22.3664,-22.3664,526,12,756,768,False,,1,effectively rejected
608,28,4,1,3,False,-3.2801,-3.2801,526,396,372,768,False,,1,genuinely stochastic
609,0,0,0,0,False,-5.3771,-5.3771,768,191,577,768,True,reject,1,effectively rejected
609,2,1,0,1,False,-8.1546,-8.1546,768,138,630,768,True,reject,1,effectively rejected
609,6,2,0,2,False,-4.7795,-4.7795,768,412,356,768,True,reject,1,effectively rejected
609,14,3,0,3,False,-17.8946,-17.8946,768,83,685,768,True,reject,1,effectively rejected
610,0,0,0,0,False,-4.8542,-4.8542,768,147,621,768,True,reject,1,effectively rejected
610,2,1,0,1,False,0.0,0.0,768,764,4,768,True,accept,1,effectively accepted
610,5,2,1,1,True,1.8386,0.0,764,617,151,768,True,accept,1,effectively accepted
610,6,2,0,2,False,-3.677,-3.677,768,400,368,768,False,,1,genuinely stochastic
611,0,0,0,0,False,-8.1316,-8.1316,384,75,309,384,True,reject,0,effectively rejected
611,1,1,1,0,True,-0.8251,-0.8251,75,47,337,384,False,,0,genuinely stochastic
612,0,0,0,0,False,-10.0714,-10.0714,384,113,271,384,True,reject,0,effectively rejected
613,0,0,0,0,False,-4.4063,-4.4063,384,98,286,384,True,reject,0,genuinely stochastic
613,1,1,1,0,True,0.718,0.0,98,9,375,384,False,,0,effectively accepted
613,4,2,1,1,False,-7.1733,-7.1733,98,42,342,384,False,,0,effectively rejected
614,0,0,0,0,False,-0.3868,-0.3868,384,50,334,384,True,accept,0,genuinely stochastic
614,1,1,1,0,True,-6.2121,-6.2121,50,39,345,384,True,reject,0,effectively rejected
615,0,0,0,0,False,-5.159,-5.159,384,118,266,384,True,reject,0,effectively rejected
616,0,0,0,0,False,-8.2702,-8.2702,384,247,137,384,True,reject,0,effectively rejected
617,0,0,0,0,False,-0.4322,-0.4322,384,323,61,384,True,accept,0,genuinely stochastic
617,1,1,1,0,True,-12.344,-12.344,323,171,213,384,True,reject,0,effectively rejected
617,3,2,2,0,True,3.7309,0.0,171,151,233,384,False,,0,effectively accepted
618,0,0,0,0,False,-10.2746,-10.2746,384,281,103,384,True,reject,0,effectively rejected
618,1,1,1,0,True,0.6277,0.0,281,86,298,384,False,,0,effectively accepted
618,3,2,2,0,True,-3.4121,-3.4121,86,46,338,384,False,,0,genuinely stochastic
619,0,0,0,0,False,0.5707,0.0,384,209,175,384,True,accept,0,effectively accepted
619,1,1,1,0,True,-22.7194,-22.7194,209,20,364,384,True,reject,0,effectively rejected
619,4,2,1,1,False,-1.402,-1.402,209,44,340,384,True,reject,0,genuinely stochastic
619,9,3,2,1,True,-3.1523,-3.1523,44,33,351,384,False,,0,genuinely stochastic
620,0,0,0,0,False,-0.5457,-0.5457,384,305,79,384,True,accept,0,genuinely stochastic
621,0,0,0,0,False,2.5335,0.0,384,176,208,384,True,accept,0,effectively accepted
621,1,1,1,0,True,-14.2787,-14.2787,176,102,282,384,True,reject,0,effectively rejected
622,0,0,0,0,False,0.0,0.0,384,324,60,384,True,accept,0,effectively accepted
622,1,1,1,0,True,1.252,0.0,324,196,188,384,True,accept,0,effectively accepted
622,3,2,2,0,True,-0.693,-0.693,196,58,326,384,True,reject,0,genuinely stochastic
623,0,0,0,0,False,-7.4938,-7.4938,384,140,244,384,True,reject,0,effectively rejected
623,1,1,1,0,True,-26.5298,-26.5298,140,20,364,384,False,,0,effectively rejected
623,4,2,1,1,False,-2.9292,-2.9292,140,50,334,384,False,,0,genuinely stochastic
624,0,0,0,0,False,0.0,0.0,384,346,38,384,True,accept,0,effectively accepted
625,0,0,0,0,False,-10.8844,-10.8844,384,145,239,384,True,reject,0,effectively rejected
626,0,0,0,0,False,-3.2564,-3.2564,384,63,321,384,True,reject,0,genuinely stochastic
627,0,0,0,0,False,-5.7113,-5.7113,384,182,202,384,True,reject,0,effectively rejected
628,0,0,0,0,False,-4.1812,-4.1812,384,40,344,384,True,reject,0,genuinely stochastic
629,0,0,0,0,False,-2.7449,-2.7449,384,68,316,384,True,reject,0,genuinely stochastic
630,0,0,0,0,False,-8.2329,-8.2329,384,220,164,384,True,reject,0,effectively rejected
631,0,0,0,0,False,-5.8953,-5.8953,384,189,195,384,True,reject,0,effectively rejected
632,0,0,0,0,False,-0.328,-0.328,384,183,201,384,True,accept,0,genuinely stochastic
633,0,0,0,0,False,-1.3791,-1.3791,384,44,340,384,True,accept,0,genuinely stochastic
634,0,0,0,0,False,-7.7812,-7.7812,384,263,121,384,True,reject,0,effectively rejected
634,1,1,1,0,True,-2.4289,-2.4289,263,181,203,384,False,,0,genuinely stochastic
634,3,2,2,0,True,-2.1335,-2.1335,181,148,236,384,False,,0,genuinely stochastic
634,7,3,3,0,True,-6.2534,-6.2534,148,81,303,384,False,,0,effectively rejected
634,15,4,4,0,True,-0.7276,-0.7276,81,80,304,384,False,,0,genuinely stochastic
634,31,5,5,0,True,-5.5263,-5.5263,80,68,316,384,False,,0,effectively rejected
635,0,0,0,0,False,-0.0,0.0,384,350,34,384,True,accept,0,effectively accepted
635,1,1,1,0,True,-7.276,-7.276,350,166,218,384,True,reject,0,effectively rejected
636,0,0,0,0,False,-7.9287,-7.9287,384,137,247,384,True,reject,0,effectively rejected
637,0,0,0,0,False,-6.3525,-6.3525,384,13,371,384,True,reject,0,effectively rejected
637,2,1,0,1,False,-8.4576,-8.4576,384,42,342,384,True,reject,0,effectively rejected
638,0,0,0,0,False,-7.6564,-7.6564,384,31,353,384,True,reject,0,effectively rejected
638,2,1,0,1,False,-4.787,-4.787,384,6,378,384,True,reject,0,effectively rejected
638,6,2,0,2,False,-6.0262,-6.0262,384,233,151,384,True,reject,0,effectively rejected
639,0,0,0,0,False,-0.104,-0.104,384,146,238,384,True,accept,0,genuinely stochastic
640,0,0,0,0,False,-4.3649,-4.3649,384,199,185,384,True,reject,0,genuinely stochastic
640,1,1,1,0,True,-4.1215,-4.1215,199,16,368,384,False,,0,genuinely stochastic
641,0,0,0,0,False,-14.5071,-14.5071,384,78,306,384,True,reject,0,effectively rejected
642,0,0,0,0,False,0.0017,0.0,384,208,176,384,True,accept,0,effectively accepted
642,1,1,1,0,True,-6.4184,-6.4184,208,33,351,384,True,reject,0,effectively rejected
642,3,2,2,0,True,-4.9063,-4.9063,33,31,353,384,False,,0,effectively rejected
643,0,0,0,0,False,-26.5766,-26.5766,384,17,367,384,True,reject,0,effectively rejected
644,0,0,0,0,False,-0.0,0.0,384,345,39,384,True,accept,0,effectively accepted
644,1,1,1,0,True,-4.681,-4.681,345,288,96,384,True,reject,0,effectively rejected
644,3,2,2,0,True,-0.2925,-0.2925,288,277,107,384,False,,0,genuinely stochastic
645,0,0,0,0,False,-11.5441,-11.5441,384,224,160,384,True,reject,0,effectively rejected
646,0,0,0,0,False,-7.7722,-7.7722,384,110,274,384,True,reject,0,effectively rejected
647,0,0,0,0,False,-0.3308,-0.3308,384,179,205,384,True,reject,0,genuinely stochastic
648,0,0,0,0,False,-0.0,0.0,384,362,22,384,True,accept,0,effectively accepted
648,1,1,1,0,True,-4.5994,-4.5994,362,218,166,384,True,reject,0,genuinely stochastic
648,3,2,2,0,True,-12.483,-12.483,218,171,213,384,False,,0,effectively rejected
648,7,3,3,0,True,-14.8357,-14.8357,171,40,344,384,False,,0,effectively rejected
649,0,0,0,0,False,-5.1433,-5.1433,384,312,72,384,True,reject,0,effectively rejected
650,0,0,0,0,False,-5.8845,-5.8845,384,266,118,384,True,reject,0,effectively rejected
651,0,0,0,0,False,-5.005,-5.005,384,314,70,384,True,reject,0,effectively rejected
651,1,1,1,0,True,-2.1674,-2.1674,314,89,295,384,False,,0,genuinely stochastic
651,3,2,2,0,True,-2.4557,-2.4557,89,84,300,384,False,,0,genuinely stochastic
652,0,0,0,0,False,-6.6133,-6.6133,384,10,374,384,True,reject,0,effectively rejected
652,2,1,0,1,False,-3.7179,-3.7179,384,221,163,384,True,reject,0,genuinely stochastic
653,0,0,0,0,False,-6.5781,-6.5781,384,210,174,384,True,reject,0,effectively rejected
653,1,1,1,0,True,-11.0966,-11.0966,210,113,271,384,False,,0,effectively rejected
654,0,0,0,0,False,-14.486,-14.486,384,73,311,384,True,reject,0,effectively rejected
655,0,0,0,0,False,0.0,0.0,384,208,176,384,True,accept,0,effectively accepted
655,1,1,1,0,True,-7.5773,-7.5773,208,83,301,384,True,reject,0,effectively rejected
655,3,2,2,0,True,-8.3491,-8.3491,83,75,309,384,False,,0,effectively rejected
656,0,0,0,0,False,0.0,0.0,384,366,18,384,True,accept,0,effectively accepted
656,1,1,1,0,True,1.3893,0.0,366,193,191,384,True,accept,0,effectively accepted
656,3,2,2,0,True,-4.981,-4.981,193,153,231,384,True,reject,0,effectively rejected
656,7,3,3,0,True,-6.077,-6.077,153,67,317,384,False,,0,effectively rejected
657,0,0,0,0,False,-21.5773,-21.5773,384,4,380,384,True,reject,0,effectively rejected
657,2,1,0,1,False,-5.5163,-5.5163,384,236,148,384,True,reject,0,effectively rejected
658,0,0,0,0,False,0.0018,0.0,384,309,75,384,True,accept,0,effectively accepted
658,1,1,1,0,True,-9.3535,-9.3535,309,89,295,384,True,reject,0,effectively rejected
658,3,2,2,0,True,-3.361,-3.361,89,64,320,384,False,,0,genuinely stochastic
659,0,0,0,0,False,-7.7549,-7.7549,384,26,358,384,True,reject,0,effectively rejected
659,2,1,0,1,False,-2.0533,-2.0533,384,70,314,384,True,reject,0,genuinely stochastic
659,5,2,1,1,True,-119.6486,-119.6486,70,20,364,384,False,,0,effectively rejected
659,11,3,2,1,True,-7.4726,-7.4726,20,9,375,384,False,,0,effectively rejected
660,0,0,0,0,False,-2.0702,-2.0702,384,142,242,384,True,reject,0,genuinely stochastic
661,0,0,0,0,False,-6.5089,-6.5089,384,248,136,384,True,reject,0,effectively rejected
661,1,1,1,0,True,-7.1043,-7.1043,248,38,346,384,False,,0,effectively rejected
661,4,2,1,1,False,-9.9164,-9.9164,248,78,306,384,False,,0,effectively rejected
662,0,0,0,0,False,0.0,0.0,384,370,14,384,True,accept,0,effectively accepted
662,1,1,1,0,True,-11.1122,-11.1122,370,147,237,384,True,reject,0,effectively rejected
662,3,2,2,0,True,-4.3182,-4.3182,147,24,360,384,False,,0,genuinely stochastic
662,8,3,2,1,False,-7.6341,-7.6341,147,139,245,384,False,,0,effectively rejected
662,17,4,3,1,True,-6.5328,-6.5328,139,85,299,384,False,,0,effectively rejected
662,35,5,4,1,True,-8.3028,-8.3028,85,52,332,384,False,,0,effectively rejected
662,72,6,4,2,False,-7.2016,-7.2016,85,10,374,384,False,,0,effectively rejected
662,36,5,3,2,False,-16.2444,-16.2444,139,117,267,384,False,,0,effectively rejected
663,0,0,0,0,False,-2.5733,-2.5733,384,36,348,384,True,reject,0,genuinely stochastic
663,2,1,0,1,False,-5.0759,-5.0759,384,38,346,384,True,reject,0,effectively rejected
664,0,0,0,0,False,-0.0,0.0,384,329,55,384,True,accept,0,effectively accepted
665,0,0,0,0,False,-0.001,-0.001,384,317,67,384,True,accept,0,effectively accepted
665,1,1,1,0,True,-1.1108,-1.1108,317,94,290,384,True,reject,0,genuinely stochastic
665,4,2,1,1,False,-4.5905,-4.5905,317,3,381,384,True,reject,0,genuinely stochastic
665,10,3,1,2,False,-7.5157,-7.5157,317,140,244,384,True,reject,0,effectively rejected
666,0,0,0,0,False,-6.1107,-6.1107,384,154,230,384,True,reject,0,effectively rejected
667,0,0,0,0,False,-12.2126,-12.2126,384,213,171,384,True,reject,0,effectively rejected
668,0,0,0,0,False,-7.9716,-7.9716,384,210,174,384,True,reject,0,effectively rejected
669,0,0,0,0,False,-5.9926,-5.9926,384,216,168,384,True,reject,0,effectively rejected
670,0,0,0,0,False,-1.3935,-1.3935,384,209,175,384,True,reject,0,genuinely stochastic
670,1,1,1,0,True,-5.1812,-5.1812,209,109,275,384,False,,0,effectively rejected
671,0,0,0,0,False,-5.5057,-5.5057,384,169,215,384,True,reject,0,effectively rejected
671,1,1,1,0,True,-4.965,-4.965,169,136,248,384,False,,0,effectively rejected
672,0,0,0,0,False,-1.0293,-1.0293,384,191,193,384,True,accept,0,genuinely stochastic
672,1,1,1,0,True,-3.8315,-3.8315,191,62,322,384,True,reject,0,genuinely stochastic
673,0,0,0,0,False,-1.9933,-1.9933,384,185,199,384,True,reject,0,genuinely stochastic
673,1,1,1,0,True,-2.4414,-2.4414,185,86,298,384,False,,0,genuinely stochastic
673,4,2,1,1,False,-5.9146,-5.9146,185,87,297,384,False,,0,effectively rejected
674,0,0,0,0,False,-1.6202,-1.6202,384,155,229,384,True,reject,0,genuinely stochastic
674,1,1,1,0,True,-7.986,-7.986,155,111,273,384,False,,0,effectively rejected
674,4,2,1,1,False,-15.6033,-15.6033,155,116,268,384,False,,0,effectively rejected
674,10,3,1,2,False,-10.2702,-10.2702,155,69,315,384,False,,0,effectively rejected
675,0,0,0,0,False,-4.2203,-4.2203,384,29,355,384,True,reject,0,genuinely stochastic
675,2,1,0,1,False,-4.4524,-4.4524,384,300,84,384,True,reject,0,genuinely stochastic
675,5,2,1,1,True,-3.5042,-3.5042,300,93,291,384,False,,0,genuinely stochastic
675,12,3,1,2,False,-3.0929,-3.0929,300,108,276,384,False,,0,genuinely stochastic
676,0,0,0,0,False,-2.6289,-2.6289,384,143,241,384,True,reject,0,genuinely stochastic
676,2,1,0,1,False,-9.8685,-9.8685,384,70,314,384,True,reject,0,effectively rejected
676,6,2,0,2,False,0.0,0.0,384,350,34,384,True,accept,0,effectively accepted
676,13,3,1,2,True,-8.573,-8.573,350,174,210,384,True,reject,0,effectively rejected
676,28,4,1,3,False,-5.4946,-5.4946,350,134,250,384,True,reject,0,effectively rejected
676,58,5,1,4,False,-9.0509,-9.0509,350,83,301,384,True,reject,0,effectively rejected
676,14,3,0,3,False,-4.527,-4.527,384,292,92,384,False,,0,genuinely stochastic
676,30,4,0,4,False,-3.9982,-3.9982,384,275,109,384,False,,0,genuinely stochastic
677,0,0,0,0,False,-5.2644,-5.2644,384,121,263,384,True,reject,0,effectively rejected
678,0,0,0,0,False,-0.0029,-0.0029,384,332,52,384,True,accept,0,effectively accepted
679,0,0,0,0,False,0.0029,0.0,384,305,79,384,True,accept,0,effectively accepted
679,1,1,1,0,True,-7.1534,-7.1534,305,103,281,384,True,reject,0,effectively rejected
680,0,0,0,0,False,-7.853,-7.853,384,172,212,384,True,reject,0,effectively rejected
680,1,1,1,0,True,-4.5867,-4.5867,172,108,276,384,False,,0,genuinely stochastic
681,0,0,0,0,False,-5.4832,-5.4832,384,35,349,384,True,reject,0,effectively rejected
681,1,1,1,0,True,0.7088,0.0,35,25,359,384,False,,0,effectively accepted
682,0,0,0,0,False,-7.5963,-7.5963,384,161,223,384,True,reject,0,effectively rejected
683,0,0,0,0,False,4.0565,0.0,384,52,332,384,True,accept,0,effectively accepted
684,0,0,0,0,False,0.2233,0.0,384,103,281,384,True,accept,0,effectively accepted
685,0,0,0,0,False,-3.3006,-3.3006,384,201,183,384,True,reject,0,genuinely stochastic
686,0,0,0,0,False,-4.2798,-4.2798,384,27,357,384,True,reject,0,genuinely stochastic
687,0,0,0,0,False,0.0748,0.0,384,237,147,384,True,accept,0,effectively accepted
688,0,0,0,0,False,5.1031,0.0,384,316,68,384,True,accept,0,effectively accepted
688,1,1,1,0,True,-4.5791,-4.5791,316,147,237,384,True,reject,0,genuinely stochastic
689,0,0,0,0,False,-4.5793,-4.5793,384,343,41,384,True,reject,0,genuinely stochastic
689,1,1,1,0,True,-0.5902,-0.5902,343,280,104,384,False,,0,genuinely stochastic
689,3,2,2,0,True,-6.5336,-6.5336,280,83,301,384,False,,0,effectively rejected
690,0,0,0,0,False,-5.153,-5.153,384,275,109,384,True,reject,0,effectively rejected
690,1,1,1,0,True,-16.8662,-16.8662,275,12,372,384,False,,0,effectively rejected
691,0,0,0,0,False,-4.5841,-4.5841,384,345,39,384,True,reject,0,genuinely stochastic
691,1,1,1,0,True,-5.1458,-5.1458,345,299,85,384,False,,0,effectively rejected
692,0,0,0,0,False,-14.8871,-14.8871,384,12,372,384,True,reject,0,effectively rejected
693,0,0,0,0,False,-9.4577,-9.4577,384,6,378,384,True,reject,0,effectively rejected
693,2,1,0,1,False,-4.5863,-4.5863,384,325,59,384,True,reject,0,genuinely stochastic
693,5,2,1,1,True,-12.653,-12.653,325,119,265,384,False,,0,effectively rejected
694,0,0,0,0,False,-5.1543,-5.1543,384,270,114,384,True,reject,0,effectively rejected
694,1,1,1,0,True,-6.6613,-6.6613,270,112,272,384,False,,0,effectively rejected
695,0,0,0,0,False,-5.1529,-5.1529,384,338,46,384,True,reject,0,effectively rejected
695,1,1,1,0,True,0.0037,0.0,338,313,71,384,False,,0,effectively accepted
695,3,2,2,0,True,-0.5888,-0.5888,313,248,136,384,False,,0,genuinely stochastic
695,7,3,3,0,True,-5.0862,-5.0862,248,199,185,384,False,,0,effectively rejected
696,0,0,0,0,False,-15.774,-15.774,384,31,353,384,True,reject,0,effectively rejected
697,0,0,0,0,False,-0.0017,-0.0017,384,277,107,384,True,accept,0,effectively accepted
697,1,1,1,0,True,-4.6298,-4.6298,277,210,174,384,True,reject,0,effectively rejected
698,0,0,0,0,False,-4.5868,-4.5868,384,348,36,384,True,reject,0,genuinely stochastic
698,1,1,1,0,True,-16.0706,-16.0706,348,21,363,384,False,,0,effectively rejected
699,0,0,0,0,False,-3.8883,-3.8883,384,165,219,384,True,accept,0,genuinely stochastic
699,1,1,1,0,True,-6.3759,-6.3759,165,65,319,384,True,reject,0,effectively rejected
700,0,0,0,0,False,0.7741,0.0,384,245,139,384,True,accept,0,effectively accepted
700,1,1,1,0,True,-7.059,-7.059,245,149,235,384,True,reject,0,effectively rejected
700,3,2,2,0,True,-10.1628,-10.1628,149,58,326,384,False,,0,effectively rejected
701,0,0,0,0,False,0.9536,0.0,384,313,71,384,True,accept,0,effectively accepted
701,1,1,1,0,True,-12.988,-12.988,313,46,338,384,True,reject,0,effectively rejected
702,0,0,0,0,False,-4.499,-4.499,384,112,272,384,True,reject,0,genuinely stochastic
703,0,0,0,0,False,-1.012,-1.012,384,280,104,384,True,reject,0,genuinely stochastic
703,1,1,1,0,True,-2.9188,-2.9188,280,200,184,384,False,,0,genuinely stochastic
704,0,0,0,0,False,-3.6203,-3.6203,384,153,231,384,True,reject,0,genuinely stochastic
705,0,0,0,0,False,-5.8984,-5.8984,384,100,284,384,True,reject,0,effectively rejected
706,0,0,0,0,False,-1.7933,-1.7933,384,345,39,384,True,reject,0,genuinely stochastic
706,1,1,1,0,True,0.7531,0.0,345,227,157,384,False,,0,effectively accepted
707,0,0,0,0,False,-0.9527,-0.9527,384,294,90,384,True,accept,0,genuinely stochastic
708,0,0,0,0,False,-5.4095,-5.4095,384,197,187,384,True,reject,0,effectively rejected
709,0,0,0,0,False,-2.3262,-2.3262,384,77,307,384,True,reject,0,genuinely stochastic
709,1,1,1,0,True,-12.5057,-12.5057,77,17,367,384,False,,0,effectively rejected
710,0,0,0,0,False,-5.4095,-5.4095,384,204,180,384,True,reject,0,effectively rejected
710,1,1,1,0,True,2.8909,0.0,204,151,233,384,False,,0,effectively accepted
710,3,2,2,0,True,-5.7662,-5.7662,151,71,313,384,False,,0,effectively rejected
711,0,0,0,0,False,-3.2626,-3.2626,384,65,319,384,True,reject,0,genuinely stochastic
712,0,0,0,0,False,-10.1693,-10.1693,384,61,323,384,True,reject,0,effectively rejected
712,1,1,1,0,True,-3.1629,-3.1629,61,41,343,384,False,,0,genuinely stochastic
713,0,0,0,0,False,-0.0068,-0.0068,384,248,136,384,True,accept,0,effectively accepted
713,1,1,1,0,True,-10.1397,-10.1397,248,81,303,384,True,reject,0,effectively rejected
714,0,0,0,0,False,-5.0161,-5.0161,384,114,270,384,True,reject,0,effectively rejected
715,0,0,0,0,False,1.182,0.0,384,193,191,384,True,accept,0,effectively accepted
716,0,0,0,0,False,-4.0846,-4.0846,384,88,296,384,True,reject,0,genuinely stochastic
717,0,0,0,0,False,0.0007,0.0,384,382,2,384,True,accept,0,effectively accepted
717,1,1,1,0,True,-2.9611,-2.9611,382,183,201,384,True,reject,0,genuinely stochastic
718,0,0,0,0,False,-4.0137,-4.0137,384,291,93,384,True,reject,0,genuinely stochastic
718,1,1,1,0,True,-3.6572,-3.6572,291,225,159,384,False,,0,genuinely stochastic
718,3,2,2,0,True,-12.866,-12.866,225,66,318,384,False,,0,effectively rejected
718,7,3,3,0,True,-11.1817,-11.1817,66,28,356,384,False,,0,effectively rejected
718,15,4,4,0,True,-14.8411,-14.8411,28,5,379,384,False,,0,effectively rejected
718,32,5,4,1,False,-13.6168,-13.6168,28,17,367,384,False,,0,effectively rejected
719,0,0,0,0,False,-1.3534,-1.3534,384,56,328,384,True,reject,0,genuinely stochastic
719,1,1,1,0,True,-10.6361,-10.6361,56,4,380,384,False,,0,effectively rejected
720,0,0,0,0,False,-4.1018,-4.1018,384,253,131,384,True,reject,0,genuinely stochastic
720,1,1,1,0,True,-6.2893,-6.2893,253,74,310,384,False,,0,effectively rejected
720,3,2,2,0,True,-5.3306,-5.3306,74,59,325,384,False,,0,effectively rejected
721,0,0,0,0,False,-7.5186,-7.5186,384,39,345,384,True,reject,0,effectively rejected
722,0,0,0,0,False,-6.4099,-6.4099,384,212,172,384,True,reject,0,effectively rejected
723,0,0,0,0,False,-3.1536,-3.1536,384,148,236,384,True,reject,0,genuinely stochastic
724,0,0,0,0,False,-4.0116,-4.0116,384,359,25,384,True,reject,0,genuinely stochastic
724,1,1,1,0,True,0.6742,0.0,359,83,301,384,False,,0,effectively accepted
725,0,0,0,0,False,-4.052,-4.052,384,313,71,384,True,reject,0,genuinely stochastic
725,1,1,1,0,True,0.7923,0.0,313,157,227,384,False,,0,effectively accepted
725,3,2,2,0,True,-9.0361,-9.0361,157,21,363,384,False,,0,effectively rejected
725,8,3,2,1,False,-9.6339,-9.6339,157,143,241,384,False,,0,effectively rejected
725,17,4,3,1,True,-7.1216,-7.1216,143,70,314,384,False,,0,effectively rejected
725,35,5,4,1,True,-7.8174,-7.8174,70,43,341,384,False,,0,effectively rejected
726,0,0,0,0,False,-7.5186,-7.5186,384,22,362,384,True,reject,0,effectively rejected
726,2,1,0,1,False,-3.5902,-3.5902,384,87,297,384,True,reject,0,genuinely stochastic
727,0,0,0,0,False,-3.73,-3.73,384,96,288,384,True,reject,0,genuinely stochastic
727,1,1,1,0,True,-3.8706,-3.8706,96,4,380,384,False,,0,genuinely stochastic
727,4,2,1,1,False,-10.2234,-10.2234,96,32,352,384,False,,0,effectively rejected
728,0,0,0,0,False,-3.3888,-3.3888,384,110,274,384,True,reject,0,genuinely stochastic
729,0,0,0,0,False,-4.0155,-4.0155,384,314,70,384,True,reject,0,genuinely stochastic
730,0,0,0,0,False,-4.481,-4.481,384,115,269,384,True,reject,0,genuinely stochastic
731,0,0,0,0,False,-0.0789,-0.0789,384,289,95,384,True,accept,0,genuinely stochastic
731,1,1,1,0,True,-9.2674,-9.2674,289,113,271,384,True,reject,0,effectively rejected
732,0,0,0,0,False,-3.1754,-3.1754,384,189,195,384,True,reject,0,genuinely stochastic
733,0,0,0,0,False,-3.4219,-3.4219,384,306,78,384,True,reject,0,genuinely stochastic
733,1,1,1,0,True,-7.9642,-7.9642,306,168,216,384,False,,0,effectively rejected
734,0,0,0,0,False,-3.8158,-3.8158,384,226,158,384,True,reject,0,genuinely stochastic
734,1,1,1,0,True,-5.8657,-5.8657,226,99,285,384,False,,0,effectively rejected
735,0,0,0,0,False,-12.4745,-12.4745,384,16,368,384,True,reject,0,effectively rejected
735,2,1,0,1,False,1.0652,0.0,384,158,226,384,True,accept,0,effectively accepted
735,5,2,1,1,True,-5.9753,-5.9753,158,85,299,384,True,reject,0,effectively rejected
736,0,0,0,0,False,-5.7085,-5.7085,384,112,272,384,True,reject,0,effectively rejected
736,1,1,1,0,True,-4.4485,-4.4485,112,52,332,384,False,,0,genuinely stochastic
737,0,0,0,0,False,-4.8298,-4.8298,384,151,233,384,True,reject,0,effectively rejected
737,1,1,1,0,True,-5.0915,-5.0915,151,82,302,384,False,,0,effectively rejected
738,0,0,0,0,False,0.5666,0.0,384,358,26,384,True,accept,0,effectively accepted
738,1,1,1,0,True,-7.5299,-7.5299,358,57,327,384,True,reject,0,effectively rejected
738,4,2,1,1,False,-6.5712,-6.5712,358,54,330,384,True,reject,0,effectively rejected
739,0,0,0,0,False,-5.2776,-5.2776,384,209,175,384,True,reject,0,effectively rejected
739,1,1,1,0,True,-3.2154,-3.2154,209,104,280,384,False,,0,genuinely stochastic
740,0,0,0,0,False,-0.5599,-0.5599,384,356,28,384,True,accept,0,genuinely stochastic
740,1,1,1,0,True,-1.0965,-1.0965,356,338,46,384,True,reject,0,genuinely stochastic
740,3,2,2,0,True,-7.7338,-7.7338,338,32,352,384,False,,0,effectively rejected
740,8,3,2,1,False,-16.5964,-16.5964,338,35,349,384,False,,0,effectively rejected
740,18,4,2,2,False,-5.2087,-5.2087,338,329,55,384,False,,0,effectively rejected
740,37,5,3,2,True,-4.4261,-4.4261,329,246,138,384,False,,0,genuinely stochastic
740,75,6,4,2,True,-3.7842,-3.7842,246,120,264,384,False,,0,genuinely stochastic
741,0,0,0,0,False,-3.9341,-3.9341,384,278,106,384,True,reject,0,genuinely stochastic
742,0,0,0,0,False,-7.4664,-7.4664,384,198,186,384,True,reject,0,effectively rejected
743,0,0,0,0,False,-4.5893,-4.5893,384,307,77,384,True,reject,0,genuinely stochastic
743,1,1,1,0,True,-12.752,-12.752,307,40,344,384,False,,0,effectively rejected
743,4,2,1,1,False,-4.588,-4.588,307,281,103,384,False,,0,genuinely stochastic
743,9,3,2,1,True,-9.1,-9.1,281,86,298,384,False,,0,effectively rejected
744,0,0,0,0,False,-6.8531,-6.8531,384,84,300,384,True,reject,0,effectively rejected
744,1,1,1,0,True,-12.3382,-12.3382,84,61,323,384,False,,0,effectively rejected
745,0,0,0,0,False,-6.6523,-6.6523,384,29,355,384,True,reject,0,effectively rejected
745,2,1,0,1,False,-8.5117,-8.5117,384,37,347,384,True,reject,0,effectively rejected
745,6,2,0,2,False,-4.505,-4.505,384,275,109,384,True,reject,0,genuinely stochastic
745,13,3,1,2,True,-7.0472,-7.0472,275,85,299,384,False,,0,effectively rejected
745,27,4,2,2,True,0.8962,0.0,85,68,316,384,False,,0,effectively accepted
746,0,0,0,0,False,-3.9734,-3.9734,384,284,100,384,True,reject,0,genuinely stochastic
746,1,1,1,0,True,-4.1129,-4.1129,284,197,187,384,False,,0,genuinely stochastic
746,3,2,2,0,True,-6.3839,-6.3839,197,86,298,384,False,,0,effectively rejected
746,7,3,3,0,True,-8.5437,-8.5437,86,45,339,384,False,,0,effectively rejected
746,8,3,2,1,False,-14.7976,-14.7976,197,58,326,384,False,,0,effectively rejected
747,0,0,0,0,False,-7.2858,-7.2858,384,30,354,384,True,reject,0,effectively rejected
747,2,1,0,1,False,-5.2784,-5.2784,384,90,294,384,True,reject,0,effectively rejected
747,6,2,0,2,False,-11.1313,-11.1313,384,64,320,384,True,reject,0,effectively rejected
748,0,0,0,0,False,0.5599,0.0,384,356,28,384,True,accept,0,effectively accepted
748,1,1,1,0,True,-6.9399,-6.9399,356,102,282,384,True,reject,0,effectively rejected
748,3,2,2,0,True,-4.3214,-4.3214,102,20,364,384,False,,0,genuinely stochastic
748,4,2,1,1,False,-3.9734,-3.9734,356,284,100,384,True,reject,0,genuinely stochastic
749,0,0,0,0,False,-0.0045,-0.0045,384,335,49,384,True,accept,0,effectively accepted
749,2,1,0,1,False,-1.485,-1.485,384,164,220,384,False,,0,genuinely stochastic
750,0,0,0,0,False,-5.3649,-5.3649,384,211,173,384,True,reject,0,effectively rejected
750,1,1,1,0,True,-12.8288,-12.8288,211,47,337,384,False,,0,effectively rejected
750,2,1,0,1,False,-12.7462,-12.7462,384,36,348,384,True,reject,0,effectively rejected
750,6,2,0,2,False,-9.067,-9.067,384,0,384,384,True,reject,0,effectively rejected
750,14,3,0,3,False,-5.0843,-5.0843,384,260,124,384,True,reject,0,effectively rejected
750,30,4,0,4,False,-4.5575,-4.5575,384,163,221,384,True,reject,0,genuinely stochastic
750,62,5,0,5,False,-5.1448,-5.1448,384,361,23,384,True,reject,0,effectively rejected
751,0,0,0,0,False,0.0,0.0,768,549,219,768,True,accept,1,effectively accepted
751,1,1,1,0,True,-13.1816,-13.1816,549,505,263,768,True,reject,1,effectively rejected
752,0,0,0,0,False,-29.0967,-29.0967,768,101,667,768,True,reject,1,effectively rejected
753,0,0,0,0,False,19.8561,0.0,768,390,378,768,True,accept,1,effectively accepted
754,0,0,0,0,False,0.0,0.0,768,759,9,768,True,accept,1,effectively accepted
754,1,1,1,0,True,0.5467,0.0,759,704,64,768,True,accept,1,effectively accepted
754,3,2,2,0,True,-0.2104,-0.2104,704,629,139,768,True,reject,1,genuinely stochastic
754,7,3,3,0,True,-0.0041,-0.0041,629,575,193,768,False,,1,effectively accepted
754,15,4,4,0,True,7.8966,0.0,575,377,391,768,False,,1,effectively accepted
754,31,5,5,0,True,-46.6401,-46.6401,377,297,471,768,False,,1,effectively rejected
755,0,0,0,0,False,-42.6213,-42.6213,768,124,644,768,True,reject,1,effectively rejected
756,0,0,0,0,False,-33.0735,-33.0735,768,364,404,768,True,reject,1,effectively rejected
756,1,1,1,0,True,-49.2858,-49.2858,364,361,407,768,False,,1,effectively rejected
757,0,0,0,0,False,-31.7811,-31.7811,768,20,748,768,True,reject,1,effectively rejected
757,2,1,0,1,False,0.1087,0.0,768,708,60,768,True,accept,1,effectively accepted
757,5,2,1,1,True,-45.0652,-45.0652,708,211,557,768,True,reject,1,effectively rejected
758,0,0,0,0,False,8.6011,0.0,768,394,374,768,True,accept,1,effectively accepted
759,0,0,0,0,False,-54.0228,-54.0228,768,134,634,768,True,reject,1,effectively rejected
760,0,0,0,0,False,-53.4359,-53.4359,768,277,491,768,True,reject,1,effectively rejected
761,0,0,0,0,False,-0.3486,-0.3486,768,693,75,768,True,accept,1,genuinely stochastic
761,1,1,1,0,True,-41.2458,-41.2458,693,437,331,768,True,reject,1,effectively rejected
762,0,0,0,0,False,0.1081,0.0,768,618,150,768,True,accept,1,effectively accepted
762,1,1,1,0,True,-54.6724,-54.6724,618,73,695,768,True,reject,1,effectively rejected
763,0,0,0,0,False,-39.6649,-39.6649,768,9,759,768,True,reject,1,effectively rejected
763,2,1,0,1,False,-58.6404,-58.6404,768,250,518,768,True,reject,1,effectively rejected
764,0,0,0,0,False,-63.5205,-63.5205,768,142,626,768,True,reject,1,effectively rejected
765,0,0,0,0,False,-104.9634,-104.9634,768,93,675,768,True,reject,1,effectively rejected
766,0,0,0,0,False,-7.1351,-7.1351,768,485,283,768,True,reject,1,effectively rejected
766,1,1,1,0,True,-56.3936,-56.3936,485,225,543,768,False,,1,effectively rejected
767,0,0,0,0,False,-11.022,-11.022,768,460,308,768,True,reject,1,effectively rejected
768,0,0,0,0,False,-67.2442,-67.2442,768,51,717,768,True,reject,1,effectively rejected
768,1,1,1,0,True,-60.1387,-60.1387,51,23,745,768,False,,1,effectively rejected
769,0,0,0,0,False,-57.8619,-57.8619,768,361,407,768,True,reject,1,effectively rejected
769,1,1,1,0,True,-59.8472,-59.8472,361,284,484,768,False,,1,effectively rejected
770,0,0,0,0,False,-42.0735,-42.0735,768,404,364,768,True,reject,1,effectively rejected
770,1,1,1,0,True,7.7486,0.0,404,192,576,768,False,,1,effectively accepted
771,0,0,0,0,False,0.0,0.0,768,757,11,768,True,accept,1,effectively accepted
771,1,1,1,0,True,-0.0068,-0.0068,757,723,45,768,True,accept,1,effectively accepted
771,3,2,2,0,True,-57.799,-57.799,723,296,472,768,True,reject,1,effectively rejected
772,0,0,0,0,False,0.087,0.0,768,565,203,768,True,accept,1,effectively accepted
773,0,0,0,0,False,0.7416,0.0,768,574,194,768,True,accept,1,effectively accepted
773,1,1,1,0,True,-27.3953,-27.3953,574,1,767,768,True,reject,1,effectively rejected
773,4,2,1,1,False,-64.9209,-64.9209,574,75,693,768,True,reject,1,effectively rejected
774,0,0,0,0,False,0.2705,0.0,768,523,245,768,True,accept,1,effectively accepted
775,0,0,0,0,False,-28.3453,-28.3453,768,421,347,768,True,reject,1,effectively rejected
775,1,1,1,0,True,-0.8518,-0.8518,421,394,374,768,False,,1,genuinely stochastic
775,3,2,2,0,True,-58.4587,-58.4587,394,343,425,768,False,,1,effectively rejected
776,0,0,0,0,False,-21.4756,-21.4756,768,424,344,768,True,reject,1,effectively rejected
776,1,1,1,0,True,-70.1177,-70.1177,424,182,586,768,False,,1,effectively rejected
777,0,0,0,0,False,-0.102,-0.102,768,749,19,768,True,accept,1,genuinely stochastic
777,1,1,1,0,True,0.4915,0.0,749,584,184,768,True,accept,1,effectively accepted
777,3,2,2,0,True,-31.3046,-31.3046,584,440,328,768,True,reject,1,effectively rejected
778,0,0,0,0,False,-62.5991,-62.5991,768,216,552,768,True,reject,1,effectively rejected
778,1,1,1,0,True,-29.7182,-29.7182,216,45,723,768,False,,1,effectively rejected
779,0,0,0,0,False,-60.0466,-60.0466,768,164,604,768,True,reject,1,effectively rejected
780,0,0,0,0,False,-12.1776,-12.1776,768,487,281,768,True,reject,1,effectively rejected
781,0,0,0,0,False,-55.9156,-55.9156,768,195,573,768,True,reject,1,effectively rejected
782,0,0,0,0,False,-58.8942,-58.8942,768,267,501,768,True,reject,1,effectively rejected
783,0,0,0,0,False,-55.1598,-55.1598,768,247,521,768,True,reject,1,effectively rejected
784,0,0,0,0,False,-58.1428,-58.1428,768,169,599,768,True,reject,1,effectively rejected
785,0,0,0,0,False,-58.5757,-58.5757,768,252,516,768,True,reject,1,effectively rejected
786,0,0,0,0,False,-0.0572,-0.0572,768,624,144,768,True,accept,1,genuinely stochastic
786,1,1,1,0,True,-59.5705,-59.5705,624,285,483,768,True,reject,1,effectively rejected
786,3,2,2,0,True,-52.9144,-52.9144,285,59,709,768,False,,1,effectively rejected
787,0,0,0,0,False,0.0,0.0,768,759,9,768,True,accept,1,effectively accepted
787,1,1,1,0,True,-1.5856,-1.5856,759,655,113,768,True,reject,1,genuinely stochastic
787,3,2,2,0,True,-1.9886,-1.9886,655,473,295,768,False,,1,genuinely stochastic
788,0,0,0,0,False,-63.8544,-63.8544,768,144,624,768,True,reject,1,effectively rejected
789,0,0,0,0,False,-58.0405,-58.0405,768,155,613,768,True,reject,1,effectively rejected
790,0,0,0,0,False,-56.331,-56.331,768,305,463,768,True,reject,1,effectively rejected
791,0,0,0,0,False,-58.4928,-58.4928,768,245,523,768,True,reject,1,effectively rejected
791,1,1,1,0,True,-55.406,-55.406,245,175,593,768,False,,1,effectively rejected
792,0,0,0,0,False,-61.2563,-61.2563,768,328,440,768,True,reject,1,effectively rejected
793,0,0,0,0,False,-43.6942,-43.6942,768,422,346,768,True,reject,1,effectively rejected
793,1,1,1,0,True,-31.3456,-31.3456,422,413,355,768,False,,1,effectively rejected
793,3,2,2,0,True,-27.9806,-27.9806,413,31,737,768,False,,1,effectively rejected
793,8,3,2,1,False,-41.5579,-41.5579,413,53,715,768,False,,1,effectively rejected
793,18,4,2,2,False,-65.1867,-65.1867,413,99,669,768,False,,1,effectively rejected
794,0,0,0,0,False,-20.0316,-20.0316,768,194,574,768,True,reject,1,effectively rejected
795,0,0,0,0,False,-33.8522,-33.8522,768,445,323,768,True,reject,1,effectively rejected
795,1,1,1,0,True,-5.7256,-5.7256,445,121,647,768,False,,1,effectively rejected
796,0,0,0,0,False,-0.2983,-0.2983,768,603,165,768,True,accept,1,genuinely stochastic
796,1,1,1,0,True,-59.7918,-59.7918,603,299,469,768,True,reject,1,effectively rejected
797,0,0,0,0,False,-64.5746,-64.5746,768,109,659,768,True,reject,1,effectively rejected
798,0,0,0,0,False,-59.1393,-59.1393,768,311,457,768,True,reject,1,effectively rejected
799,0,0,0,0,False,-60.0863,-60.0863,768,355,413,768,True,reject,1,effectively rejected
799,1,1,1,0,True,-61.4606,-61.4606,355,113,655,768,False,,1,effectively rejected
800,0,0,0,0,False,-12.9135,-12.9135,768,511,257,768,True,reject,1,effectively rejected
800,1,1,1,0,True,-62.3993,-62.3993,511,28,740,768,False,,1,effectively rejected
800,4,2,1,1,False,-58.606,-58.606,511,243,525,768,False,,1,effectively rejected
801,0,0,0,0,False,-25.3353,-25.3353,768,424,344,768,True,reject,1,effectively rejected
802,0,0,0,0,False,-63.5809,-63.5809,768,132,636,768,True,reject,1,effectively rejected
803,0,0,0,0,False,-11.1696,-11.1696,768,464,304,768,True,reject,1,effectively rejected
803,1,1,1,0,True,-57.8288,-57.8288,464,327,441,768,False,,1,effectively rejected
803,3,2,2,0,True,-45.381,-45.381,327,87,681,768,False,,1,effectively rejected
804,0,0,0,0,False,-53.8963,-53.8963,768,71,697,768,True,reject,1,effectively rejected
804,2,1,0,1,False,-61.3244,-61.3244,768,106,662,768,True,reject,1,effectively rejected
805,0,0,0,0,False,0.0,0.0,768,757,11,768,True,accept,1,effectively accepted
805,1,1,1,0,True,-0.2532,-0.2532,757,570,198,768,True,accept,1,genuinely stochastic
805,3,2,2,0,True,-0.1307,-0.1307,570,476,292,768,True,accept,1,genuinely stochastic
805,7,3,3,0,True,-41.1342,-41.1342,476,395,373,768,True,reject,1,effectively rejected
805,15,4,4,0,True,-61.8577,-61.8577,395,182,586,768,False,,1,effectively rejected
806,0,0,0,0,False,0.5434,0.0,768,607,161,768,True,accept,1,effectively accepted
807,0,0,0,0,False,-58.5096,-58.5096,768,225,543,768,True,reject,1,effectively rejected
808,0,0,0,0,False,-41.3058,-41.3058,768,23,745,768,True,reject,1,effectively rejected
808,2,1,0,1,False,-29.5494,-29.5494,768,40,728,768,True,reject,1,effectively rejected
808,6,2,0,2,False,-14.0176,-14.0176,768,494,274,768,True,reject,1,effectively rejected
809,0,0,0,0,False,-64.6916,-64.6916,768,208,560,768,True,reject,1,effectively rejected
810,0,0,0,0,False,-25.8212,-25.8212,768,435,333,768,True,reject,1,effectively rejected
810,1,1,1,0,True,-45.521,-45.521,435,404,364,768,False,,1,effectively rejected
810,3,2,2,0,True,-56.7611,-56.7611,404,217,551,768,False,,1,effectively rejected
810,7,3,3,0,True,-63.9978,-63.9978,217,130,638,768,False,,1,effectively rejected
810,15,4,4,0,True,-60.9201,-60.9201,130,119,649,768,False,,1,effectively rejected
810,32,5,4,1,False,-40.1685,-40.1685,130,37,731,768,False,,1,effectively rejected
811,0,0,0,0,False,-0.0275,-0.0275,768,745,23,768,True,accept,1,genuinely stochastic
811,1,1,1,0,True,1.6153,0.0,745,489,279,768,True,accept,1,effectively accepted
811,3,2,2,0,True,-59.2071,-59.2071,489,417,351,768,True,reject,1,effectively rejected
812,0,0,0,0,False,-38.8028,-38.8028,768,320,448,768,True,reject,1,effectively rejected
813,0,0,0,0,False,-38.5573,-38.5573,768,122,646,768,True,reject,1,effectively rejected
813,2,1,0,1,False,-147.9441,-147.9441,768,380,388,768,True,reject,1,effectively rejected
813,5,2,1,1,True,-64.4401,-64.4401,380,130,638,768,False,,1,effectively rejected
813,12,3,1,2,False,-80.6642,-80.6642,380,120,648,768,False,,1,effectively rejected
813,25,4,2,2,True,-63.3223,-63.3223,120,88,680,768,False,,1,effectively rejected
814,0,0,0,0,False,-30.9947,-30.9947,768,15,753,768,True,reject,1,effectively rejected
814,2,1,0,1,False,0.0604,0.0,768,716,52,768,True,accept,1,effectively accepted
814,5,2,1,1,True,-44.0139,-44.0139,716,261,507,768,True,reject,1,effectively rejected
814,12,3,1,2,False,-1.2296,-1.2296,716,641,127,768,True,reject,1,genuinely stochastic
815,0,0,0,0,False,-0.0236,-0.0236,768,735,33,768,True,accept,1,genuinely stochastic
815,1,1,1,0,True,-1.0138,-1.0138,735,458,310,768,True,accept,1,genuinely stochastic
815,3,2,2,0,True,0.3004,0.0,458,457,311,768,True,accept,1,effectively accepted
815,7,3,3,0,True,-25.0919,-25.0919,457,130,638,768,True,reject,1,effectively rejected
815,16,4,3,1,False,-20.6254,-20.6254,457,111,657,768,True,reject,1,effectively rejected
815,8,3,2,1,False,-43.7404,-43.7404,458,409,359,768,False,,1,effectively rejected
815,4,2,1,1,False,-0.0033,-0.0033,735,728,40,768,False,,1,effectively accepted
815,9,3,2,1,True,-59.7195,-59.7195,728,152,616,768,False,,1,effectively rejected
816,0,0,0,0,False,0.0,0.0,768,758,10,768,True,accept,1,effectively accepted
816,1,1,1,0,True,-33.6236,-33.6236,758,289,479,768,True,reject,1,effectively rejected
816,2,1,0,1,False,-60.4471,-60.4471,768,338,430,768,False,,1,effectively rejected
817,0,0,0,0,False,-0.1606,-0.1606,384,244,140,384,True,accept,0,genuinely stochastic
817,1,1,1,0,True,0.6574,0.0,244,198,186,384,True,accept,0,effectively accepted
818,0,0,0,0,False,0.0,0.0,384,362,22,384,True,accept,0,effectively accepted
818,1,1,1,0,True,-0.0001,-0.0001,362,349,35,384,True,accept,0,effectively accepted
818,3,2,2,0,True,5.8195,0.0,349,91,293,384,True,accept,0,effectively accepted
819,0,0,0,0,False,-0.0074,-0.0074,384,209,175,384,True,accept,0,effectively accepted
819,1,1,1,0,True,-6.6632,-6.6632,209,67,317,384,True,reject,0,effectively rejected
819,3,2,2,0,True,-0.1269,-0.1269,67,18,366,384,False,,0,genuinely stochastic
820,0,0,0,0,False,-0.0,0.0,384,337,47,384,True,accept,0,effectively accepted
820,1,1,1,0,True,-0.397,-0.397,337,115,269,384,True,accept,0,genuinely stochastic
820,3,2,2,0,True,-1.6494,-1.6494,115,112,272,384,True,reject,0,genuinely stochastic
821,0,0,0,0,False,0.0,0.0,384,383,1,384,True,accept,0,effectively accepted
821,1,1,1,0,True,-5.8491,-5.8491,383,3,381,384,True,reject,0,effectively rejected
821,4,2,1,1,False,0.1721,0.0,383,174,210,384,True,accept,0,effectively accepted
822,0,0,0,0,False,0.1189,0.0,384,254,130,384,True,accept,0,effectively accepted
822,1,1,1,0,True,-5.6611,-5.6611,254,86,298,384,True,reject,0,effectively rejected
822,3,2,2,0,True,-3.0336,-3.0336,86,50,334,384,False,,0,genuinely stochastic
823,0,0,0,0,False,-1.5318,-1.5318,384,110,274,384,True,reject,0,genuinely stochastic
824,0,0,0,0,False,0.0009,0.0,384,317,67,384,True,accept,0,effectively accepted
824,1,1,1,0,True,-0.1222,-0.1222,317,139,245,384,True,accept,0,genuinely stochastic
825,0,0,0,0,False,-7.3281,-7.3281,384,65,319,384,True,reject,0,effectively rejected
826,0,0,0,0,False,0.5139,0.0,384,225,159,384,True,accept,0,effectively accepted
827,0,0,0,0,False,-1.7918,-1.7918,384,111,273,384,True,reject,0,genuinely stochastic
828,0,0,0,0,False,-0.1402,-0.1402,384,166,218,384,True,accept,0,genuinely stochastic
829,0,0,0,0,False,-0.1697,-0.1697,384,194,190,384,True,accept,0,genuinely stochastic
830,0,0,0,0,False,-0.0013,-0.0013,384,321,63,384,True,accept,0,effectively accepted
830,1,1,1,0,True,-0.12,-0.12,321,122,262,384,True,accept,0,genuinely stochastic
831,0,0,0,0,False,0.0,0.0,384,370,14,384,True,accept,0,effectively accepted
831,1,1,1,0,True,-0.0044,-0.0044,370,156,228,384,True,accept,0,effectively accepted
832,0,0,0,0,False,-7.4077,-7.4077,384,65,319,384,True,reject,0,effectively rejected
833,0,0,0,0,False,0.0009,0.0,384,316,68,384,True,accept,0,effectively accepted
833,1,1,1,0,True,0.1723,0.0,316,145,239,384,True,accept,0,effectively accepted
834,0,0,0,0,False,-0.2524,-0.2524,384,211,173,384,True,accept,0,genuinely stochastic
834,1,1,1,0,True,0.2098,0.0,211,187,197,384,True,accept,0,effectively accepted
834,3,2,2,0,True,-0.1266,-0.1266,187,177,207,384,True,accept,0,genuinely stochastic
834,7,3,3,0,True,-8.8435,-8.8435,177,4,380,384,True,reject,0,effectively rejected
835,0,0,0,0,False,0.1533,0.0,384,220,164,384,True,accept,0,effectively accepted
835,1,1,1,0,True,0.1015,0.0,220,131,253,384,True,accept,0,effectively accepted
835,3,2,2,0,True,0.9593,0.0,131,68,316,384,True,accept,0,effectively accepted
836,0,0,0,0,False,-0.0076,-0.0076,384,200,184,384,True,accept,0,effectively accepted
836,1,1,1,0,True,-3.0275,-3.0275,200,8,376,384,True,accept,0,genuinely stochastic
836,4,2,1,1,False,-8.8802,-8.8802,200,21,363,384,False,,0,effectively rejected
836,9,3,2,1,True,-12.2155,-12.2155,21,4,380,384,False,,0,effectively rejected
837,0,0,0,0,False,0.0,0.0,384,383,1,384,True,accept,0,effectively accepted
837,1,1,1,0,True,-11.39,-11.39,383,14,370,384,True,reject,0,effectively rejected
837,4,2,1,1,False,-0.4675,-0.4675,383,199,185,384,True,accept,0,genuinely stochastic
837,9,3,2,1,True,-6.2146,-6.2146,199,82,302,384,True,reject,0,effectively rejected
838,0,0,0,0,False,0.7043,0.0,384,118,266,384,True,accept,0,effectively accepted
839,0,0,0,0,False,0.0079,0.0,384,180,204,384,True,accept,0,effectively accepted
840,0,0,0,0,False,-0.0002,-0.0002,384,352,32,384,True,accept,0,effectively accepted
841,0,0,0,0,False,-2.3323,-2.3323,384,33,351,384,True,reject,0,genuinely stochastic
842,0,0,0,0,False,-0.3555,-0.3555,384,206,178,384,True,reject,0,genuinely stochastic
843,0,0,0,0,False,-0.5153,-0.5153,384,182,202,384,True,reject,0,genuinely stochastic
844,0,0,0,0,False,-0.6688,-0.6688,384,230,154,384,True,reject,0,genuinely stochastic
844,1,1,1,0,True,1.0817,0.0,230,58,326,384,False,,0,effectively accepted
845,0,0,0,0,False,-0.5151,-0.5151,384,164,220,384,True,accept,0,genuinely stochastic
846,0,0,0,0,False,-0.0018,-0.0018,384,250,134,384,True,accept,0,effectively accepted
846,1,1,1,0,True,0.3782,0.0,250,135,249,384,True,accept,0,effectively accepted
847,0,0,0,0,False,-5.0101,-5.0101,384,77,307,384,True,reject,0,effectively rejected
847,1,1,1,0,True,-2.6451,-2.6451,77,50,334,384,False,,0,genuinely stochastic
848,0,0,0,0,False,-0.3729,-0.3729,384,245,139,384,True,reject,0,genuinely stochastic
848,1,1,1,0,True,-5.5895,-5.5895,245,70,314,384,False,,0,effectively rejected
849,0,0,0,0,False,-5.1477,-5.1477,384,80,304,384,True,reject,0,effectively rejected
849,1,1,1,0,True,-5.8329,-5.8329,80,5,379,384,False,,0,effectively rejected
850,0,0,0,0,False,0.1515,0.0,384,196,188,384,True,accept,0,effectively accepted
851,0,0,0,0,False,0.0016,0.0,384,268,116,384,True,accept,0,effectively accepted
852,0,0,0,0,False,-0.3855,-0.3855,384,156,228,384,True,reject,0,genuinely stochastic
853,0,0,0,0,False,-7.7324,-7.7324,384,28,356,384,True,reject,0,effectively rejected
853,2,1,0,1,False,-5.6856,-5.6856,384,8,376,384,True,reject,0,effectively rejected
853,6,2,0,2,False,-11.4418,-11.4418,384,14,370,384,True,reject,0,effectively rejected
854,0,0,0,0,False,0.9279,0.0,384,105,279,384,True,accept,0,effectively accepted
855,0,0,0,0,False,0.0001,0.0,384,351,33,384,True,accept,0,effectively accepted
855,1,1,1,0,True,-7.7757,-7.7757,351,31,353,384,True,reject,0,effectively rejected
856,0,0,0,0,False,0.2759,0.0,384,248,136,384,True,accept,0,effectively accepted
856,1,1,1,0,True,0.0355,0.0,248,175,209,384,True,accept,0,effectively accepted
857,0,0,0,0,False,0.0001,0.0,384,355,29,384,True,accept,0,effectively accepted
857,1,1,1,0,True,0.3839,0.0,355,106,278,384,True,accept,0,effectively accepted
858,0,0,0,0,False,-4.7032,-4.7032,384,34,350,384,True,reject,0,effectively rejected
858,2,1,0,1,False,-0.0091,-0.0091,384,144,240,384,True,accept,0,effectively accepted
858,5,2,1,1,True,-4.7133,-4.7133,144,55,329,384,True,reject,0,effectively rejected
859,0,0,0,0,False,-0.0008,-0.0008,384,243,141,384,True,accept,0,effectively accepted
860,0,0,0,0,False,-1.65,-1.65,384,87,297,384,True,reject,0,genuinely stochastic
861,0,0,0,0,False,-0.5522,-0.5522,384,104,280,384,True,accept,0,genuinely stochastic
862,0,0,0,0,False,0.5229,0.0,384,291,93,384,True,accept,0,effectively accepted
862,1,1,1,0,True,0.1451,0.0,291,144,240,384,True,accept,0,effectively accepted
862,3,2,2,0,True,0.2798,0.0,144,114,270,384,True,accept,0,effectively accepted
862,7,3,3,0,True,-8.749,-8.749,114,17,367,384,True,reject,0,effectively rejected
863,0,0,0,0,False,0.0021,0.0,384,290,94,384,True,accept,0,effectively accepted
863,1,1,1,0,True,0.2181,0.0,290,200,184,384,True,accept,0,effectively accepted
863,3,2,2,0,True,-1.4848,-1.4848,200,111,273,384,True,reject,0,genuinely stochastic
863,8,3,2,1,False,-0.9676,-0.9676,200,101,283,384,True,accept,0,genuinely stochastic
864,0,0,0,0,False,0.5241,0.0,384,272,112,384,True,accept,0,effectively accepted
864,1,1,1,0,True,-0.1768,-0.1768,272,183,201,384,True,accept,0,genuinely stochastic
865,0,0,0,0,False,-4.719,-4.719,384,93,291,384,True,reject,0,effectively rejected
865,2,1,0,1,False,-4.2062,-4.2062,384,29,355,384,True,reject,0,genuinely stochastic
865,6,2,0,2,False,0.0,0.0,384,383,1,384,True,accept,0,effectively accepted
865,13,3,1,2,True,0.0001,0.0,383,353,31,384,True,accept,0,effectively accepted
866,0,0,0,0,False,-5.9301,-5.9301,384,45,339,384,True,reject,0,effectively rejected
866,2,1,0,1,False,-0.1977,-0.1977,384,73,311,384,True,accept,0,genuinely stochastic
866,6,2,0,2,False,-6.2624,-6.2624,384,93,291,384,False,,0,effectively rejected
866,13,3,1,2,True,-3.6702,-3.6702,93,15,369,384,False,,0,genuinely stochastic
866,28,4,1,3,False,-1.7857,-1.7857,93,32,352,384,False,,0,genuinely stochastic
866,14,3,0,3,False,0.3655,0.0,384,206,178,384,False,,0,effectively accepted
867,0,0,0,0,False,-4.0654,-4.0654,384,12,372,384,True,reject,0,genuinely stochastic
867,2,1,0,1,False,0.0,0.0,384,331,53,384,True,accept,0,effectively accepted
867,5,2,1,1,True,2.1627,0.0,331,62,322,384,True,accept,0,effectively accepted
867,12,3,1,2,False,-4.8948,-4.8948,331,43,341,384,False,,0,effectively rejected
867,26,4,1,3,False,0.0012,0.0,331,323,61,384,False,,0,effectively accepted
867,53,5,2,3,True,-0.3711,-0.3711,323,305,79,384,False,,0,genuinely stochastic
868,0,0,0,0,False,-0.0004,-0.0004,384,320,64,384,True,accept,0,effectively accepted
868,1,1,1,0,True,-7.4798,-7.4798,320,43,341,384,True,reject,0,effectively rejected
868,4,2,1,1,False,-0.0011,-0.0011,320,318,66,384,True,accept,0,effectively accepted
868,10,3,1,2,False,-0.3577,-0.3577,320,239,145,384,False,,0,genuinely stochastic
868,22,4,1,3,False,-0.2072,-0.2072,320,250,134,384,False,,0,genuinely stochastic
868,45,5,2,3,True,-0.368,-0.368,250,146,238,384,False,,0,genuinely stochastic
869,0,0,0,0,False,-2.2009,-2.2009,384,53,331,384,True,reject,0,genuinely stochastic
869,2,1,0,1,False,-8.7234,-8.7234,384,89,295,384,True,reject,0,effectively rejected
869,6,2,0,2,False,-0.3339,-0.3339,384,141,243,384,True,reject,0,genuinely stochastic
870,0,0,0,0,False,-0.8119,-0.8119,768,104,664,768,True,reject,1,genuinely stochastic
871,0,0,0,0,False,0.0029,0.0,768,746,22,768,True,accept,1,effectively accepted
871,1,1,1,0,True,-0.4789,-0.4789,746,139,629,768,True,accept,1,genuinely stochastic
872,0,0,0,0,False,-0.0289,-0.0289,768,387,381,768,True,accept,1,genuinely stochastic
872,1,1,1,0,True,0.8641,0.0,387,185,583,768,True,accept,1,effectively accepted
873,0,0,0,0,False,-12.3947,-12.3947,768,248,520,768,True,reject,1,effectively rejected
874,0,0,0,0,False,0.0029,0.0,768,707,61,768,True,accept,1,effectively accepted
874,1,1,1,0,True,-14.204,-14.204,707,499,269,768,True,reject,1,effectively rejected
874,3,2,2,0,True,-1.4779,-1.4779,499,183,585,768,False,,1,genuinely stochastic
875,0,0,0,0,False,-0.0257,-0.0257,768,639,129,768,True,accept,1,genuinely stochastic
875,1,1,1,0,True,-0.2586,-0.2586,639,554,214,768,True,accept,1,genuinely stochastic
875,3,2,2,0,True,-14.5771,-14.5771,554,472,296,768,True,reject,1,effectively rejected
876,0,0,0,0,False,0.0,0.0,768,699,69,768,True,accept,1,effectively accepted
876,1,1,1,0,True,-13.7054,-13.7054,699,282,486,768,True,reject,1,effectively rejected
876,3,2,2,0,True,-0.5124,-0.5124,282,249,519,768,False,,1,genuinely stochastic
877,0,0,0,0,False,0.0155,0.0,768,411,357,768,True,accept,1,effectively accepted
877,1,1,1,0,True,-9.2253,-9.2253,411,89,679,768,True,reject,1,effectively rejected
878,0,0,0,0,False,0.0,0.0,768,630,138,768,True,accept,1,effectively accepted
878,1,1,1,0,True,0.0031,0.0,630,575,193,768,True,accept,1,effectively accepted
878,3,2,2,0,True,-0.2396,-0.2396,575,473,295,768,True,accept,1,genuinely stochastic
878,7,3,3,0,True,-11.8945,-11.8945,473,414,354,768,True,reject,1,effectively rejected
879,0,0,0,0,False,-13.4714,-13.4714,768,576,192,768,True,reject,1,effectively rejected
880,0,0,0,0,False,-0.0002,-0.0002,768,714,54,768,True,accept,1,effectively accepted
880,1,1,1,0,True,0.2212,0.0,714,633,135,768,True,accept,1,effectively accepted
880,3,2,2,0,True,-0.0332,-0.0332,633,168,600,768,True,accept,1,genuinely stochastic
881,0,0,0,0,False,0.0015,0.0,768,715,53,768,True,accept,1,effectively accepted
881,1,1,1,0,True,0.0034,0.0,715,713,55,768,True,accept,1,effectively accepted
881,3,2,2,0,True,0.094,0.0,713,336,432,768,True,accept,1,effectively accepted
882,0,0,0,0,False,-0.1725,-0.1725,768,529,239,768,True,accept,1,genuinely stochastic
882,1,1,1,0,True,-14.1228,-14.1228,529,483,285,768,True,reject,1,effectively rejected
882,3,2,2,0,True,-0.1304,-0.1304,483,294,474,768,False,,1,genuinely stochastic
883,0,0,0,0,False,0.0061,0.0,768,561,207,768,True,accept,1,effectively accepted
883,1,1,1,0,True,-15.3553,-15.3553,561,112,656,768,True,reject,1,effectively rejected
883,3,2,2,0,True,-16.7448,-16.7448,112,13,755,768,False,,1,effectively rejected
883,8,3,2,1,False,-1.8285,-1.8285,112,110,658,768,False,,1,genuinely stochastic
883,17,4,3,1,True,-8.1907,-8.1907,110,25,743,768,False,,1,effectively rejected
884,0,0,0,0,False,-13.9661,-13.9661,768,523,245,768,True,reject,1,effectively rejected
884,1,1,1,0,True,-13.9907,-13.9907,523,363,405,768,False,,1,effectively rejected
884,3,2,2,0,True,-9.5285,-9.5285,363,59,709,768,False,,1,effectively rejected
885,0,0,0,0,False,-0.2619,-0.2619,768,613,155,768,True,accept,1,genuinely stochastic
885,1,1,1,0,True,-13.988,-13.988,613,440,328,768,True,reject,1,effectively rejected
886,0,0,0,0,False,0.496,0.0,768,608,160,768,True,accept,1,effectively accepted
886,1,1,1,0,True,-13.4726,-13.4726,608,445,323,768,True,reject,1,effectively rejected
887,0,0,0,0,False,-0.6111,-0.6111,768,99,669,768,True,reject,1,genuinely stochastic
888,0,0,0,0,False,-0.2394,-0.2394,768,523,245,768,True,accept,1,genuinely stochastic
888,1,1,1,0,True,-0.4764,-0.4764,523,495,273,768,True,reject,1,genuinely stochastic
888,3,2,2,0,True,-14.5445,-14.5445,495,193,575,768,False,,1,effectively rejected
888,7,3,3,0,True,-0.5463,-0.5463,193,0,768,768,False,,1,genuinely stochastic
888,16,4,3,1,False,-0.7214,-0.7214,193,95,673,768,False,,1,genuinely stochastic
889,0,0,0,0,False,-14.1645,-14.1645,768,86,682,768,True,reject,1,effectively rejected
890,0,0,0,0,False,-13.9861,-13.9861,768,584,184,768,True,reject,1,effectively rejected
890,1,1,1,0,True,-11.8373,-11.8373,584,230,538,768,False,,1,effectively rejected
891,0,0,0,0,False,-0.0797,-0.0797,768,345,423,768,True,accept,1,genuinely stochastic
892,0,0,0,0,False,-61.1871,-61.1871,768,5,763,768,True,reject,1,effectively rejected
892,2,1,0,1,False,-8.5593,-8.5593,768,0,768,768,True,reject,1,effectively rejected
892,6,2,0,2,False,-13.9652,-13.9652,768,321,447,768,True,reject,1,effectively rejected
893,0,0,0,0,False,-10.1099,-10.1099,768,23,745,768,True,reject,1,effectively rejected
893,2,1,0,1,False,0.0023,0.0,768,489,279,768,True,accept,1,effectively accepted
894,0,0,0,0,False,-13.95,-13.95,768,687,81,768,True,reject,1,effectively rejected
894,1,1,1,0,True,-14.2242,-14.2242,687,188,580,768,False,,1,effectively rejected
895,0,0,0,0,False,-0.0367,-0.0367,768,374,394,768,True,accept,1,genuinely stochastic
895,1,1,1,0,True,-9.1045,-9.1045,374,88,680,768,True,reject,1,effectively rejected
896,0,0,0,0,False,-13.8504,-13.8504,768,433,335,768,True,reject,1,effectively rejected
896,1,1,1,0,True,-13.982,-13.982,433,156,612,768,False,,1,effectively rejected
896,3,2,2,0,True,-10.4914,-10.4914,156,49,719,768,False,,1,effectively rejected
897,0,0,0,0,False,0.0696,0.0,768,489,279,768,True,accept,1,effectively accepted
897,1,1,1,0,True,-8.9409,-8.9409,489,75,693,768,True,reject,1,effectively rejected
898,0,0,0,0,False,0.1955,0.0,768,492,276,768,True,accept,1,effectively accepted
899,0,0,0,0,False,-4.3053,-4.3053,768,29,739,768,True,reject,1,genuinely stochastic
899,2,1,0,1,False,-13.9559,-13.9559,768,305,463,768,True,reject,1,effectively rejected
900,0,0,0,0,False,-0.2453,-0.2453,768,541,227,768,True,accept,1,genuinely stochastic
901,0,0,0,0,False,0.0029,0.0,768,743,25,768,True,accept,1,effectively accepted
901,1,1,1,0,True,-13.8696,-13.8696,743,290,478,768,True,reject,1,effectively rejected
902,0,0,0,0,False,-13.857,-13.857,768,374,394,768,True,reject,1,effectively rejected
902,1,1,1,0,True,0.0613,0.0,374,162,606,768,False,,1,effectively accepted
902,3,2,2,0,True,-13.9421,-13.9421,162,96,672,768,False,,1,effectively rejected
903,0,0,0,0,False,-2.9095,-2.9095,768,83,685,768,True,reject,1,genuinely stochastic
904,0,0,0,0,False,-0.0183,-0.0183,768,558,210,768,True,accept,1,genuinely stochastic
905,0,0,0,0,False,-0.0003,-0.0003,768,738,30,768,True,accept,1,effectively accepted
905,1,1,1,0,True,-0.4628,-0.4628,738,142,626,768,True,reject,1,genuinely stochastic
906,0,0,0,0,False,-13.9672,-13.9672,768,606,162,768,True,reject,1,effectively rejected
906,1,1,1,0,True,-13.6414,-13.6414,606,189,579,768,False,,1,effectively rejected
906,3,2,2,0,True,-14.285,-14.285,189,175,593,768,False,,1,effectively rejected
907,0,0,0,0,False,-15.2463,-15.2463,768,112,656,768,True,reject,1,effectively rejected
907,1,1,1,0,True,-11.7601,-11.7601,112,32,736,768,False,,1,effectively rejected
908,0,0,0,0,False,-14.1887,-14.1887,768,528,240,768,True,reject,1,effectively rejected
908,1,1,1,0,True,-0.0409,-0.0409,528,273,495,768,False,,1,genuinely stochastic
909,0,0,0,0,False,-0.004,-0.004,768,674,94,768,True,accept,1,effectively accepted
909,1,1,1,0,True,-13.8972,-13.8972,674,298,470,768,True,reject,1,effectively rejected
910,0,0,0,0,False,0.0029,0.0,768,658,110,768,True,accept,1,effectively accepted
910,1,1,1,0,True,0.0234,0.0,658,287,481,768,True,accept,1,effectively accepted
911,0,0,0,0,False,-11.7255,-11.7255,768,475,293,768,True,reject,1,effectively rejected
911,1,1,1,0,True,-11.9232,-11.9232,475,134,634,768,False,,1,effectively rejected
911,4,2,1,1,False,0.3313,0.0,475,149,619,768,False,,1,effectively accepted
912,0,0,0,0,False,0.0121,0.0,768,366,402,768,True,accept,1,effectively accepted
913,0,0,0,0,False,-11.7569,-11.7569,768,372,396,768,True,reject,1,effectively rejected
914,0,0,0,0,False,-0.0019,-0.0019,768,729,39,768,True,accept,1,effectively accepted
914,1,1,1,0,True,-11.9348,-11.9348,729,190,578,768,True,reject,1,effectively rejected
915,0,0,0,0,False,0.0421,0.0,768,595,173,768,True,accept,1,effectively accepted
915,1,1,1,0,True,0.0214,0.0,595,583,185,768,True,accept,1,effectively accepted
915,3,2,2,0,True,0.0794,0.0,583,410,358,768,True,accept,1,effectively accepted
915,7,3,3,0,True,-9.5886,-9.5886,410,73,695,768,True,reject,1,effectively rejected
916,0,0,0,0,False,-11.8014,-11.8014,768,357,411,768,True,reject,1,effectively rejected
916,1,1,1,0,True,-0.0797,-0.0797,357,343,425,768,False,,1,genuinely stochastic
917,0,0,0,0,False,-14.1547,-14.1547,768,214,554,768,True,reject,1,effectively rejected
918,0,0,0,0,False,-13.9483,-13.9483,768,501,267,768,True,reject,1,effectively rejected
918,1,1,1,0,True,-0.0574,-0.0574,501,281,487,768,False,,1,genuinely stochastic
918,3,2,2,0,True,-7.0293,-7.0293,281,11,757,768,False,,1,effectively rejected
918,8,3,2,1,False,-7.0293,-7.0293,281,11,757,768,False,,1,effectively rejected
919,0,0,0,0,False,0.0,0.0,768,394,374,768,True,accept,1,effectively accepted
919,1,1,1,0,True,-7.1744,-7.1744,394,26,742,768,True,reject,1,effectively rejected
920,0,0,0,0,False,-13.964,-13.964,768,461,307,768,True,reject,1,effectively rejected
920,1,1,1,0,True,-15.8057,-15.8057,461,74,694,768,False,,1,effectively rejected
920,4,2,1,1,False,-16.3376,-16.3376,461,81,687,768,False,,1,effectively rejected
921,0,0,0,0,False,-0.0,0.0,768,741,27,768,True,accept,1,effectively accepted
922,0,0,0,0,False,0.0031,0.0,768,454,314,768,True,accept,1,effectively accepted
922,1,1,1,0,True,-14.0091,-14.0091,454,321,447,768,True,reject,1,effectively rejected
923,0,0,0,0,False,0.1014,0.0,768,162,606,768,True,accept,1,effectively accepted
923,1,1,1,0,True,-0.0195,-0.0195,162,141,627,768,True,accept,1,genuinely stochastic
923,4,2,1,1,False,-0.0414,-0.0414,162,159,609,768,False,,1,genuinely stochastic
923,2,1,0,1,False,-14.0079,-14.0079,768,253,515,768,False,,1,effectively rejected
924,0,0,0,0,False,0.3915,0.0,768,496,272,768,True,accept,1,effectively accepted
924,1,1,1,0,True,-14.1688,-14.1688,496,68,700,768,True,reject,1,effectively rejected
925,0,0,0,0,False,0.291,0.0,768,407,361,768,True,accept,1,effectively accepted
925,1,1,1,0,True,-0.547,-0.547,407,115,653,768,True,reject,1,genuinely stochastic
925,4,2,1,1,False,-4.8198,-4.8198,407,140,628,768,True,reject,1,effectively rejected
925,2,1,0,1,False,-64.5301,-64.5301,768,47,721,768,False,,1,effectively rejected
925,6,2,0,2,False,-0.4453,-0.4453,768,260,508,768,False,,1,genuinely stochastic
925,13,3,1,2,True,-14.0624,-14.0624,260,259,509,768,False,,1,effectively rejected
926,0,0,0,0,False,-0.5161,-0.5161,768,585,183,768,True,reject,1,genuinely stochastic
926,2,1,0,1,False,-9.6263,-9.6263,768,94,674,768,True,reject,1,effectively rejected
926,6,2,0,2,False,-0.5808,-0.5808,768,370,398,768,True,accept,1,genuinely stochastic
926,14,3,0,3,False,-9.9771,-9.9771,768,43,725,768,False,,1,effectively rejected
926,30,4,0,4,False,-0.5581,-0.5581,768,715,53,768,False,,1,genuinely stochastic
927,0,0,0,0,False,-13.9824,-13.9824,768,620,148,768,True,reject,1,effectively rejected
927,1,1,1,0,True,-0.0325,-0.0325,620,384,384,768,False,,1,genuinely stochastic
927,2,1,0,1,False,0.0246,0.0,768,650,118,768,True,accept,1,effectively accepted
928,0,0,0,0,False,-3.4208,-3.4208,1152,628,524,1152,True,reject,2,genuinely stochastic
928,1,1,1,0,True,146.4833,0.0,628,418,734,1152,False,,2,effectively accepted
929,0,0,0,0,False,-11.2924,-11.2924,1152,764,388,1152,True,reject,2,effectively rejected
929,1,1,1,0,True,-7.0094,-7.0094,764,118,1034,1152,False,,2,effectively rejected
930,0,0,0,0,False,0.0,0.0,1152,1049,103,1152,True,accept,2,effectively accepted
930,1,1,1,0,True,67.2907,0.0,1049,225,927,1152,True,accept,2,effectively accepted
930,3,2,2,0,True,166.5853,0.0,225,49,1103,1152,True,accept,2,effectively accepted
930,8,3,2,1,False,162.192,0.0,225,97,1055,1152,False,,2,effectively accepted
931,0,0,0,0,False,0.0,0.0,1152,1133,19,1152,True,accept,2,effectively accepted
931,1,1,1,0,True,-171.3281,-171.3281,1133,91,1061,1152,True,reject,2,effectively rejected
932,0,0,0,0,False,-10.3236,-10.3236,1152,826,326,1152,True,reject,2,effectively rejected
933,0,0,0,0,False,21.8351,0.0,1152,536,616,1152,True,accept,2,effectively accepted
933,1,1,1,0,True,52.9574,0.0,536,162,990,1152,True,accept,2,effectively accepted
933,3,2,2,0,True,-1.1978,-1.1978,162,118,1034,1152,True,reject,2,genuinely stochastic
934,0,0,0,0,False,-30.7616,-30.7616,1152,865,287,1152,True,reject,2,effectively rejected
934,1,1,1,0,True,-59.1089,-59.1089,865,651,501,1152,False,,2,effectively rejected
934,3,2,2,0,True,-62.1071,-62.1071,651,369,783,1152,False,,2,effectively rejected
934,7,3,3,0,True,-51.1649,-51.1649,369,206,946,1152,False,,2,effectively rejected
934,15,4,4,0,True,-55.825,-55.825,206,193,959,1152,False,,2,effectively rejected
935,0,0,0,0,False,-52.2387,-52.2387,1152,625,527,1152,True,reject,2,effectively rejected
935,1,1,1,0,True,-56.6874,-56.6874,625,567,585,1152,False,,2,effectively rejected
935,3,2,2,0,True,-17.7028,-17.7028,567,170,982,1152,False,,2,effectively rejected
936,0,0,0,0,False,-64.2009,-64.2009,1152,631,521,1152,True,reject,2,effectively rejected
937,0,0,0,0,False,-55.3365,-55.3365,1152,713,439,1152,True,reject,2,effectively rejected
937,1,1,1,0,True,-58.6782,-58.6782,713,661,491,1152,False,,2,effectively rejected
938,0,0,0,0,False,-30.0788,-30.0788,1152,484,668,1152,True,reject,2,effectively rejected
938,1,1,1,0,True,-58.958,-58.958,484,365,787,1152,False,,2,effectively rejected
939,0,0,0,0,False,-32.1109,-32.1109,1152,729,423,1152,True,reject,2,effectively rejected
940,0,0,0,0,False,-32.9364,-32.9364,1152,793,359,1152,True,reject,2,effectively rejected
941,0,0,0,0,False,-35.5346,-35.5346,1152,234,918,1152,True,reject,2,effectively rejected
942,0,0,0,0,False,-29.7495,-29.7495,1152,16,1136,1152,True,reject,2,effectively rejected
942,2,1,0,1,False,-19.5453,-19.5453,1152,532,620,1152,True,reject,2,effectively rejected
942,5,2,1,1,True,-57.5639,-57.5639,532,197,955,1152,False,,2,effectively rejected
943,0,0,0,0,False,-59.0906,-59.0906,1152,388,764,1152,True,reject,2,effectively rejected
944,0,0,0,0,False,-33.2836,-33.2836,1152,153,999,1152,True,reject,2,effectively rejected
944,1,1,1,0,True,-59.6509,-59.6509,153,12,1140,1152,False,,2,effectively rejected
945,0,0,0,0,False,-58.0961,-58.0961,1152,243,909,1152,True,reject,2,effectively rejected
946,0,0,0,0,False,-53.8917,-53.8917,1152,509,643,1152,True,reject,2,effectively rejected
946,1,1,1,0,True,-4.3483,-4.3483,509,302,850,1152,False,,2,genuinely stochastic
946,3,2,2,0,True,-16.2481,-16.2481,302,254,898,1152,False,,2,effectively rejected
947,0,0,0,0,False,-4.8487,-4.8487,1152,239,913,1152,True,reject,2,effectively rejected
947,1,1,1,0,True,-54.8996,-54.8996,239,220,932,1152,False,,2,effectively rejected
948,0,0,0,0,False,-29.9051,-29.9051,1152,991,161,1152,True,reject,2,effectively rejected
948,1,1,1,0,True,-14.8072,-14.8072,991,808,344,1152,False,,2,effectively rejected
948,3,2,2,0,True,-57.6936,-57.6936,808,288,864,1152,False,,2,effectively rejected
949,0,0,0,0,False,-2.8148,-2.8148,1152,604,548,1152,True,reject,2,genuinely stochastic
950,0,0,0,0,False,-17.101,-17.101,1152,560,592,1152,True,reject,2,effectively rejected
951,0,0,0,0,False,-17.2006,-17.2006,1152,943,209,1152,True,reject,2,effectively rejected
951,1,1,1,0,True,-29.5396,-29.5396,943,787,365,1152,False,,2,effectively rejected
952,0,0,0,0,False,-54.3669,-54.3669,1152,227,925,1152,True,reject,2,effectively rejected
953,0,0,0,0,False,-18.5752,-18.5752,1152,707,445,1152,True,reject,2,effectively rejected
953,1,1,1,0,True,-55.3672,-55.3672,707,326,826,1152,False,,2,effectively rejected
953,3,2,2,0,True,-1.9831,-1.9831,326,183,969,1152,False,,2,genuinely stochastic
954,0,0,0,0,False,-59.0667,-59.0667,1152,499,653,1152,True,reject,2,effectively rejected
954,1,1,1,0,True,-54.726,-54.726,499,130,1022,1152,False,,2,effectively rejected
955,0,0,0,0,False,-17.5122,-17.5122,1152,255,897,1152,True,reject,2,effectively rejected
955,1,1,1,0,True,-57.9568,-57.9568,255,26,1126,1152,False,,2,effectively rejected
956,0,0,0,0,False,-0.8325,-0.8325,1152,882,270,1152,True,reject,2,genuinely stochastic
957,0,0,0,0,False,-33.4171,-33.4171,1152,231,921,1152,True,reject,2,effectively rejected
958,0,0,0,0,False,-11.6693,-11.6693,1152,392,760,1152,True,reject,2,effectively rejected
958,1,1,1,0,True,3.3954,0.0,392,153,999,1152,False,,2,effectively accepted
959,0,0,0,0,False,-112.7703,-112.7703,1152,13,1139,1152,True,reject,2,effectively rejected
959,2,1,0,1,False,-5.1874,-5.1874,1152,389,763,1152,True,reject,2,effectively rejected
960,0,0,0,0,False,-17.6298,-17.6298,1152,74,1078,1152,True,reject,2,effectively rejected
961,0,0,0,0,False,-57.9458,-57.9458,1152,246,906,1152,True,reject,2,effectively rejected
962,0,0,0,0,False,-4.4476,-4.4476,1152,398,754,1152,True,reject,2,genuinely stochastic
963,0,0,0,0,False,-28.4276,-28.4276,1152,780,372,1152,True,reject,2,effectively rejected
963,1,1,1,0,True,-1.2994,-1.2994,780,113,1039,1152,False,,2,genuinely stochastic
964,0,0,0,0,False,-6.648,-6.648,1152,565,587,1152,True,reject,2,effectively rejected
965,0,0,0,0,False,-55.105,-55.105,1152,235,917,1152,True,reject,2,effectively rejected
966,0,0,0,0,False,-33.9833,-33.9833,1152,475,677,1152,True,reject,2,effectively rejected
966,1,1,1,0,True,-21.5099,-21.5099,475,444,708,1152,False,,2,effectively rejected
967,0,0,0,0,False,-0.0401,-0.0401,1152,1104,48,1152,True,accept,2,genuinely stochastic
967,1,1,1,0,True,-59.4521,-59.4521,1104,557,595,1152,True,reject,2,effectively rejected
967,3,2,2,0,True,-33.2665,-33.2665,557,472,680,1152,False,,2,effectively rejected
968,0,0,0,0,False,-60.5054,-60.5054,1152,524,628,1152,True,reject,2,effectively rejected
968,1,1,1,0,True,-58.4389,-58.4389,524,161,991,1152,False,,2,effectively rejected
968,3,2,2,0,True,-62.0179,-62.0179,161,159,993,1152,False,,2,effectively rejected
969,0,0,0,0,False,-34.9399,-34.9399,1152,75,1077,1152,True,reject,2,effectively rejected
969,2,1,0,1,False,-54.1401,-54.1401,1152,480,672,1152,True,reject,2,effectively rejected
970,0,0,0,0,False,-52.3958,-52.3958,1152,388,764,1152,True,reject,2,effectively rejected
970,1,1,1,0,True,-55.896,-55.896,388,82,1070,1152,False,,2,effectively rejected
970,3,2,2,0,True,1.7282,0.0,82,34,1118,1152,False,,2,effectively accepted
971,0,0,0,0,False,-57.8878,-57.8878,1152,439,713,1152,True,reject,2,effectively rejected
972,0,0,0,0,False,-33.7857,-33.7857,1152,969,183,1152,True,reject,2,effectively rejected
972,1,1,1,0,True,-56.3382,-56.3382,969,474,678,1152,False,,2,effectively rejected
972,3,2,2,0,True,-18.0839,-18.0839,474,186,966,1152,False,,2,effectively rejected
973,0,0,0,0,False,-62.5002,-62.5002,1152,164,988,1152,True,reject,2,effectively rejected
974,0,0,0,0,False,-72.4084,-72.4084,1152,50,1102,1152,True,reject,2,effectively rejected
974,2,1,0,1,False,-36.1206,-36.1206,1152,392,760,1152,True,reject,2,effectively rejected
975,0,0,0,0,False,-55.8997,-55.8997,1152,544,608,1152,True,reject,2,effectively rejected
975,1,1,1,0,True,-59.4772,-59.4772,544,184,968,1152,False,,2,effectively rejected
975,3,2,2,0,True,-58.3798,-58.3798,184,80,1072,1152,False,,2,effectively rejected
976,0,0,0,0,False,-57.7875,-57.7875,1152,452,700,1152,True,reject,2,effectively rejected
977,0,0,0,0,False,-33.9355,-33.9355,1152,668,484,1152,True,reject,2,effectively rejected
977,1,1,1,0,True,-35.4947,-35.4947,668,294,858,1152,False,,2,effectively rejected
978,0,0,0,0,False,-60.0549,-60.0549,1152,257,895,1152,True,reject,2,effectively rejected
979,0,0,0,0,False,-1.785,-1.785,1152,383,769,1152,True,reject,2,genuinely stochastic
980,0,0,0,0,False,-14.9447,-14.9447,1152,318,834,1152,True,reject,2,effectively rejected
981,0,0,0,0,False,-54.3577,-54.3577,1152,419,733,1152,True,reject,2,effectively rejected
982,0,0,0,0,False,-30.7051,-30.7051,1152,1009,143,1152,True,reject,2,effectively rejected
982,1,1,1,0,True,-20.3461,-20.3461,1009,47,1105,1152,False,,2,effectively rejected
982,4,2,1,1,False,-54.7536,-54.7536,1009,0,1152,1152,False,,2,effectively rejected
982,10,3,1,2,False,-21.2305,-21.2305,1009,588,564,1152,False,,2,effectively rejected
982,21,4,2,2,True,-57.1953,-57.1953,588,146,1006,1152,False,,2,effectively rejected
983,0,0,0,0,False,-18.2845,-18.2845,1152,853,299,1152,True,reject,2,effectively rejected
983,1,1,1,0,True,-35.6473,-35.6473,853,310,842,1152,False,,2,effectively rejected
984,0,0,0,0,False,-4.506,-4.506,1152,114,1038,1152,True,reject,2,genuinely stochastic
985,0,0,0,0,False,-5.0423,-5.0423,1152,308,844,1152,True,reject,2,effectively rejected
985,1,1,1,0,True,-223.1603,-223.1603,308,19,1133,1152,False,,2,effectively rejected
985,4,2,1,1,False,-56.0479,-56.0479,308,203,949,1152,False,,2,effectively rejected
986,0,0,0,0,False,-35.4945,-35.4945,1152,267,885,1152,True,reject,2,effectively rejected
987,0,0,0,0,False,0.0401,0.0,1152,1104,48,1152,True,accept,2,effectively accepted
987,1,1,1,0,True,-2.383,-2.383,1104,1003,149,1152,True,reject,2,genuinely stochastic
987,3,2,2,0,True,-53.9151,-53.9151,1003,576,576,1152,False,,2,effectively rejected
987,7,3,3,0,True,-0.6258,-0.6258,576,301,851,1152,False,,2,genuinely stochastic
987,15,4,4,0,True,-60.0404,-60.0404,301,294,858,1152,False,,2,effectively rejected
988,0,0,0,0,False,-29.6372,-29.6372,1152,1016,136,1152,True,reject,2,effectively rejected
988,1,1,1,0,True,-2.8422,-2.8422,1016,562,590,1152,False,,2,genuinely stochastic
989,0,0,0,0,False,-56.8025,-56.8025,1152,728,424,1152,True,reject,2,effectively rejected
989,1,1,1,0,True,-0.9346,-0.9346,728,244,908,1152,False,,2,genuinely stochastic
989,3,2,2,0,True,-54.6001,-54.6001,244,242,910,1152,False,,2,effectively rejected
990,0,0,0,0,False,0.0007,0.0,1152,1110,42,1152,True,accept,2,effectively accepted
990,1,1,1,0,True,-28.9066,-28.9066,1110,509,643,1152,True,reject,2,effectively rejected
991,0,0,0,0,False,-55.682,-55.682,1152,228,924,1152,True,reject,2,effectively rejected
992,0,0,0,0,False,-35.276,-35.276,1152,102,1050,1152,True,reject,2,effectively rejected
992,2,1,0,1,False,-13.1086,-13.1086,1152,29,1123,1152,True,reject,2,effectively rejected
992,6,2,0,2,False,-1.4268,-1.4268,1152,917,235,1152,True,accept,2,genuinely stochastic
993,0,0,0,0,False,-32.3997,-32.3997,1152,966,186,1152,True,reject,2,effectively rejected
993,1,1,1,0,True,-34.0027,-34.0027,966,857,295,1152,False,,2,effectively rejected
993,3,2,2,0,True,-60.8368,-60.8368,857,85,1067,1152,False,,2,effectively rejected
993,8,3,2,1,False,-30.9593,-30.9593,857,852,300,1152,False,,2,effectively rejected
994,0,0,0,0,False,-55.9631,-55.9631,1152,542,610,1152,True,reject,2,effectively rejected
994,1,1,1,0,True,-56.7042,-56.7042,542,233,919,1152,False,,2,effectively rejected
994,3,2,2,0,True,3.6356,0.0,233,175,977,1152,False,,2,effectively accepted
994,7,3,3,0,True,0.3444,0.0,175,155,997,1152,False,,2,effectively accepted
995,0,0,0,0,False,-51.3495,-51.3495,1152,423,729,1152,True,reject,2,effectively rejected
995,2,1,0,1,False,-56.3815,-56.3815,1152,506,646,1152,True,reject,2,effectively rejected
996,0,0,0,0,False,2.6568,0.0,1152,1013,139,1152,True,accept,2,effectively accepted
996,1,1,1,0,True,-0.2466,-0.2466,1013,1011,141,1152,True,accept,2,genuinely stochastic
997,0,0,0,0,False,7.0347,0.0,1152,637,515,1152,True,accept,2,effectively accepted
997,1,1,1,0,True,-54.6779,-54.6779,637,491,661,1152,True,reject,2,effectively rejected
997,3,2,2,0,True,-51.7411,-51.7411,491,428,724,1152,False,,2,effectively rejected
997,7,3,3,0,True,5.6812,0.0,428,101,1051,1152,False,,2,effectively accepted
998,0,0,0,0,False,-62.4769,-62.4769,1152,168,984,1152,True,reject,2,effectively rejected
998,2,1,0,1,False,-38.7469,-38.7469,1152,431,721,1152,True,reject,2,effectively rejected
998,6,2,0,2,False,-24.2059,-24.2059,1152,85,1067,1152,True,reject,2,effectively rejected
998,14,3,0,3,False,-61.635,-61.635,1152,251,901,1152,True,reject,2,effectively rejected
998,30,4,0,4,False,-38.3438,-38.3438,1152,118,1034,1152,True,reject,2,effectively rejected
999,0,0,0,0,False,0.0049,0.0,1152,1105,47,1152,True,accept,2,effectively accepted
999,1,1,1,0,True,-7.635,-7.635,1105,1006,146,1152,True,reject,2,effectively rejected
999,3,2,2,0,True,-63.6568,-63.6568,1006,614,538,1152,False,,2,effectively rejected
1000,0,0,0,0,False,-64.3461,-64.3461,1152,456,696,1152,True,reject,2,effectively rejected
1000,2,1,0,1,False,-15.2904,-15.2904,1152,805,347,1152,True,reject,2,effectively rejected
1000,6,2,0,2,False,-61.5981,-61.5981,1152,620,532,1152,True,reject,2,effectively rejected
1000,14,3,0,3,False,-4.5537,-4.5537,1152,850,302,1152,True,reject,2,genuinely stochastic
1000,29,4,1,3,True,-40.9093,-40.9093,850,231,921,1152,False,,2,effectively rejected
1001,0,0,0,0,False,-37.1361,-37.1361,1152,843,309,1152,True,reject,2,effectively rejected
1001,1,1,1,0,True,-59.4225,-59.4225,843,505,647,1152,False,,2,effectively rejected
1001,2,1,0,1,False,-40.5202,-40.5202,1152,678,474,1152,True,reject,2,effectively rejected
1002,0,0,0,0,False,-0.1023,-0.1023,384,12,372,384,True,accept,0,genuinely stochastic
1002,2,1,0,1,False,0.0854,0.0,384,120,264,384,False,,0,effectively accepted
1003,0,0,0,0,False,0.961,0.0,384,68,316,384,True,accept,0,effectively accepted
1004,0,0,0,0,False,-0.7334,-0.7334,384,161,223,384,True,reject,0,genuinely stochastic
1004,1,1,1,0,True,-0.8454,-0.8454,161,106,278,384,False,,0,genuinely stochastic
1005,0,0,0,0,False,0.0,0.0,384,376,8,384,True,accept,0,effectively accepted
1005,1,1,1,0,True,-0.0796,-0.0796,376,331,53,384,True,accept,0,genuinely stochastic
1005,3,2,2,0,True,3.607,0.0,331,325,59,384,True,accept,0,effectively accepted
1005,7,3,3,0,True,-0.0283,-0.0283,325,279,105,384,True,accept,0,genuinely stochastic
1005,15,4,4,0,True,2.8012,0.0,279,263,121,384,True,accept,0,effectively accepted
1005,31,5,5,0,True,-0.4183,-0.4183,263,260,124,384,True,accept,0,genuinely stochastic
1006,0,0,0,0,False,-3.467,-3.467,384,117,267,384,True,reject,0,genuinely stochastic
1007,0,0,0,0,False,-0.3121,-0.3121,384,228,156,384,True,accept,0,genuinely stochastic
1008,0,0,0,0,False,0.0,0.0,384,356,28,384,True,accept,0,effectively accepted
1008,1,1,1,0,True,-0.2133,-0.2133,356,155,229,384,True,accept,0,genuinely stochastic
1009,0,0,0,0,False,3.749,0.0,384,262,122,384,True,accept,0,effectively accepted
1010,0,0,0,0,False,-4.0159,-4.0159,384,262,122,384,True,reject,0,genuinely stochastic
1010,1,1,1,0,True,-0.9319,-0.9319,262,120,264,384,False,,0,genuinely stochastic
1011,0,0,0,0,False,-5.0039,-5.0039,384,118,266,384,True,reject,0,effectively rejected
1011,1,1,1,0,True,-3.664,-3.664,118,27,357,384,False,,0,genuinely stochastic
1012,0,0,0,0,False,-5.0039,-5.0039,384,139,245,384,True,reject,0,effectively rejected
1013,0,0,0,0,False,0.0,0.0,384,352,32,384,True,accept,0,effectively accepted
1013,1,1,1,0,True,-3.8349,-3.8349,352,22,362,384,True,reject,0,genuinely stochastic
1014,0,0,0,0,False,-5.4666,-5.4666,384,2,382,384,True,reject,0,effectively rejected
1014,2,1,0,1,False,-0.1441,-0.1441,384,13,371,384,True,reject,0,genuinely stochastic
1015,0,0,0,0,False,0.0,0.0,384,334,50,384,True,accept,0,effectively accepted
1015,1,1,1,0,True,-3.1321,-3.1321,334,47,337,384,True,reject,0,genuinely stochastic
1016,0,0,0,0,False,-6.6327,-6.6327,384,126,258,384,True,reject,0,effectively rejected
1016,1,1,1,0,True,-7.0824,-7.0824,126,9,375,384,False,,0,effectively rejected
1017,0,0,0,0,False,0.0,0.0,384,349,35,384,True,accept,0,effectively accepted
1017,1,1,1,0,True,-3.633,-3.633,349,247,137,384,True,reject,0,genuinely stochastic
1017,3,2,2,0,True,-3.9834,-3.9834,247,131,253,384,False,,0,genuinely stochastic
1017,7,3,3,0,True,-5.9039,-5.9039,131,19,365,384,False,,0,effectively rejected
1018,0,0,0,0,False,-5.0983,-5.0983,384,94,290,384,True,reject,0,effectively rejected
1019,0,0,0,0,False,-3.6897,-3.6897,384,320,64,384,True,reject,0,genuinely stochastic
1019,1,1,1,0,True,-1.1067,-1.1067,320,186,198,384,False,,0,genuinely stochastic
1020,0,0,0,0,False,-3.0309,-3.0309,384,233,151,384,True,reject,0,genuinely stochastic
1021,0,0,0,0,False,-0.0,0.0,384,329,55,384,True,accept,0,effectively accepted
1022,0,0,0,0,False,-3.8685,-3.8685,384,159,225,384,True,reject,0,genuinely stochastic
1022,1,1,1,0,True,-6.9677,-6.9677,159,85,299,384,False,,0,effectively rejected
1023,0,0,0,0,False,-3.9294,-3.9294,384,303,81,384,True,reject,0,genuinely stochastic
1023,1,1,1,0,True,0.8027,0.0,303,208,176,384,False,,0,effectively accepted
1023,3,2,2,0,True,-4.5338,-4.5338,208,12,372,384,False,,0,genuinely stochastic
1024,0,0,0,0,False,-0.3912,-0.3912,384,163,221,384,True,accept,0,genuinely stochastic
1024,1,1,1,0,True,-41.1542,-41.1542,163,31,353,384,True,reject,0,effectively rejected
1025,0,0,0,0,False,-0.7739,-0.7739,384,138,246,384,True,reject,0,genuinely stochastic
1026,0,0,0,0,False,-5.5744,-5.5744,384,37,347,384,True,reject,0,effectively rejected
1027,0,0,0,0,False,-3.209,-3.209,384,166,218,384,True,reject,0,genuinely stochastic
1027,1,1,1,0,True,-2.4013,-2.4013,166,162,222,384,False,,0,genuinely stochastic
1028,0,0,0,0,False,-6.9735,-6.9735,384,69,315,384,True,reject,0,effectively rejected
1029,0,0,0,0,False,0.3838,0.0,384,203,181,384,True,accept,0,effectively accepted
1030,0,0,0,0,False,0.0924,0.0,384,180,204,384,True,accept,0,effectively accepted
1031,0,0,0,0,False,-3.665,-3.665,384,327,57,384,True,reject,0,genuinely stochastic
1031,1,1,1,0,True,-3.6769,-3.6769,327,194,190,384,False,,0,genuinely stochastic
1032,0,0,0,0,False,0.0,0.0,384,359,25,384,True,accept,0,effectively accepted
1033,0,0,0,0,False,-3.9936,-3.9936,384,156,228,384,True,reject,0,genuinely stochastic
1034,0,0,0,0,False,0.0132,0.0,384,337,47,384,True,accept,0,effectively accepted
1034,1,1,1,0,True,-2.9308,-2.9308,337,260,124,384,True,reject,0,genuinely stochastic
1034,3,2,2,0,True,-3.0538,-3.0538,260,254,130,384,False,,0,genuinely stochastic
1034,7,3,3,0,True,-3.401,-3.401,254,123,261,384,False,,0,genuinely stochastic
1035,0,0,0,0,False,0.0,0.0,384,354,30,384,True,accept,0,effectively accepted
1035,1,1,1,0,True,-2.886,-2.886,354,241,143,384,True,reject,0,genuinely stochastic
1035,3,2,2,0,True,-3.634,-3.634,241,186,198,384,False,,0,genuinely stochastic
1035,7,3,3,0,True,-4.783,-4.783,186,27,357,384,False,,0,effectively rejected
1036,0,0,0,0,False,-3.6782,-3.6782,384,327,57,384,True,reject,0,genuinely stochastic
1036,1,1,1,0,True,-5.1021,-5.1021,327,120,264,384,False,,0,effectively rejected
1037,0,0,0,0,False,-4.632,-4.632,384,12,372,384,True,reject,0,effectively rejected
1037,2,1,0,1,False,-3.0435,-3.0435,384,78,306,384,True,reject,0,genuinely stochastic
1038,0,0,0,0,False,-3.6352,-3.6352,384,296,88,384,True,reject,0,genuinely stochastic
1038,1,1,1,0,True,-1.1416,-1.1416,296,29,355,384,False,,0,genuinely stochastic
1039,0,0,0,0,False,-1.1028,-1.1028,384,302,82,384,True,reject,0,genuinely stochastic
1039,1,1,1,0,True,-4.2599,-4.2599,302,178,206,384,False,,0,genuinely stochastic
1040,0,0,0,0,False,-3.6782,-3.6782,384,326,58,384,True,reject,0,genuinely stochastic
1040,1,1,1,0,True,0.7759,0.0,326,234,150,384,False,,0,effectively accepted
1040,3,2,2,0,True,-1.3351,-1.3351,234,29,355,384,False,,0,genuinely stochastic
1040,8,3,2,1,False,-4.3067,-4.3067,234,134,250,384,False,,0,genuinely stochastic
1041,0,0,0,0,False,-4.8594,-4.8594,384,44,340,384,True,reject,0,effectively rejected
1042,0,0,0,0,False,0.0,0.0,384,354,30,384,True,accept,0,effectively accepted
1042,1,1,1,0,True,0.0,0.0,354,350,34,384,True,accept,0,effectively accepted
1042,3,2,2,0,True,-3.634,-3.634,350,186,198,384,True,reject,0,genuinely stochastic
1043,0,0,0,0,False,0.0,0.0,384,381,3,384,True,accept,0,effectively accepted
1043,1,1,1,0,True,-2.3516,-2.3516,381,87,297,384,True,reject,0,genuinely stochastic
1043,3,2,2,0,True,-5.2083,-5.2083,87,15,369,384,False,,0,effectively rejected
1044,0,0,0,0,False,0.0435,0.0,384,20,364,384,True,accept,0,effectively accepted
1044,2,1,0,1,False,-3.1311,-3.1311,384,260,124,384,False,,0,genuinely stochastic
1045,0,0,0,0,False,0.0,0.0,384,343,41,384,True,accept,0,effectively accepted
1045,1,1,1,0,True,-5.8537,-5.8537,343,18,366,384,True,reject,0,effectively rejected
1046,0,0,0,0,False,-3.9205,-3.9205,384,182,202,384,True,reject,0,genuinely stochastic
1047,0,0,0,0,False,-3.9352,-3.9352,384,66,318,384,True,reject,0,genuinely stochastic
1048,0,0,0,0,False,-3.9205,-3.9205,384,218,166,384,True,reject,0,genuinely stochastic
1048,1,1,1,0,True,-5.0239,-5.0239,218,118,266,384,False,,0,effectively rejected
1049,0,0,0,0,False,-0.0123,-0.0123,384,93,291,384,True,accept,0,genuinely stochastic
1050,0,0,0,0,False,0.0,0.0,384,374,10,384,True,accept,0,effectively accepted
1050,1,1,1,0,True,-2.9412,-2.9412,374,9,375,384,True,reject,0,genuinely stochastic
1050,4,2,1,1,False,-1.085,-1.085,374,308,76,384,True,reject,0,genuinely stochastic
1050,9,3,2,1,True,0.2982,0.0,308,226,158,384,False,,0,effectively accepted
1050,19,4,3,1,True,-3.7455,-3.7455,226,155,229,384,False,,0,genuinely stochastic
1051,0,0,0,0,False,0.0,0.0,384,364,20,384,True,accept,0,effectively accepted
1051,1,1,1,0,True,-5.2666,-5.2666,364,8,376,384,True,reject,0,effectively rejected
1051,4,2,1,1,False,-3.7651,-3.7651,364,273,111,384,True,reject,0,genuinely stochastic
1051,9,3,2,1,True,-3.7396,-3.7396,273,234,150,384,False,,0,genuinely stochastic
1051,19,4,3,1,True,-6.0553,-6.0553,234,70,314,384,False,,0,effectively rejected
1052,0,0,0,0,False,0.0,0.0,384,351,33,384,True,accept,0,effectively accepted
1053,0,0,0,0,False,-3.4917,-3.4917,384,215,169,384,True,reject,0,genuinely stochastic
1054,0,0,0,0,False,-3.7204,-3.7204,384,106,278,384,True,reject,0,genuinely stochastic
1054,2,1,0,1,False,-2.7769,-2.7769,384,283,101,384,True,reject,0,genuinely stochastic
1055,0,0,0,0,False,-3.8986,-3.8986,384,74,310,384,True,reject,0,genuinely stochastic
1055,2,1,0,1,False,0.0,0.0,384,339,45,384,True,accept,0,effectively accepted
1056,0,0,0,0,False,0.0,0.0,384,350,34,384,True,accept,0,effectively accepted
1056,1,1,1,0,True,-4.0699,-4.0699,350,1,383,384,True,reject,0,genuinely stochastic
1056,4,2,1,1,False,-4.678,-4.678,350,274,110,384,True,reject,0,effectively rejected
1056,9,3,2,1,True,-2.7699,-2.7699,274,156,228,384,False,,0,genuinely stochastic
1056,19,4,3,1,True,-2.7646,-2.7646,156,84,300,384,False,,0,genuinely stochastic
1057,0,0,0,0,False,-0.2442,-0.2442,384,89,295,384,True,accept,0,genuinely stochastic
1058,0,0,0,0,False,-3.4813,-3.4813,384,155,229,384,True,reject,0,genuinely stochastic
1059,0,0,0,0,False,-3.5331,-3.5331,384,309,75,384,True,reject,0,genuinely stochastic
1059,1,1,1,0,True,-4.3373,-4.3373,309,228,156,384,False,,0,genuinely stochastic
1060,0,0,0,0,False,-4.6149,-4.6149,384,268,116,384,True,reject,0,effectively rejected
1060,1,1,1,0,True,-4.2904,-4.2904,268,83,301,384,False,,0,genuinely stochastic
1061,0,0,0,0,False,-1.0238,-1.0238,384,227,157,384,True,reject,0,genuinely stochastic
1062,0,0,0,0,False,0.0,0.0,384,372,12,384,True,accept,0,effectively accepted
1062,1,1,1,0,True,-2.2184,-2.2184,372,62,322,384,True,reject,0,genuinely stochastic
1062,4,2,1,1,False,-4.7001,-4.7001,372,288,96,384,True,reject,0,effectively rejected
1063,0,0,0,0,False,-4.4905,-4.4905,384,204,180,384,True,reject,0,genuinely stochastic
1063,1,1,1,0,True,-2.5204,-2.5204,204,84,300,384,False,,0,genuinely stochastic
1064,0,0,0,0,False,-4.7362,-4.7362,384,120,264,384,True,reject,0,effectively rejected
1064,2,1,0,1,False,-2.146,-2.146,384,38,346,384,True,reject,0,genuinely stochastic
1064,6,2,0,2,False,0.0,0.0,384,363,21,384,True,accept,0,effectively accepted
1064,13,3,1,2,True,-6.7634,-6.7634,363,10,374,384,True,reject,0,effectively rejected
1064,28,4,1,3,False,-3.5885,-3.5885,363,217,167,384,True,reject,0,genuinely stochastic
1064,57,5,2,3,True,-4.7822,-4.7822,217,196,188,384,False,,0,effectively rejected
1065,0,0,0,0,False,-3.6533,-3.6533,384,315,69,384,True,reject,0,genuinely stochastic
1065,1,1,1,0,True,-0.8059,-0.8059,315,262,122,384,False,,0,genuinely stochastic
1065,2,1,0,1,False,-4.3403,-4.3403,384,161,223,384,True,reject,0,genuinely stochastic
1065,5,2,1,1,True,-5.5593,-5.5593,161,35,349,384,False,,0,effectively rejected
1065,6,2,0,2,False,0.0,0.0,384,379,5,384,True,accept,0,effectively accepted
1065,13,3,1,2,True,-4.9024,-4.9024,379,197,187,384,True,reject,0,effectively rejected
1066,0,0,0,0,False,-4.7233,-4.7233,384,250,134,384,True,reject,0,effectively rejected
1067,0,0,0,0,False,6.2896,0.0,768,220,548,768,True,accept,1,effectively accepted
1068,0,0,0,0,False,-0.0515,-0.0515,768,526,242,768,True,accept,1,genuinely stochastic
1068,1,1,1,0,True,0.667,0.0,526,310,458,768,True,accept,1,effectively accepted
1069,0,0,0,0,False,-45.9968,-45.9968,768,157,611,768,True,reject,1,effectively rejected
1070,0,0,0,0,False,0.1481,0.0,768,424,344,768,True,accept,1,effectively accepted
1070,1,1,1,0,True,-47.6414,-47.6414,424,17,751,768,True,reject,1,effectively rejected
1071,0,0,0,0,False,0.3819,0.0,768,406,362,768,True,accept,1,effectively accepted
1071,1,1,1,0,True,-0.8152,-0.8152,406,246,522,768,True,reject,1,genuinely stochastic
1071,3,2,2,0,True,0.348,0.0,246,72,696,768,False,,1,effectively accepted
1072,0,0,0,0,False,0.0009,0.0,768,547,221,768,True,accept,1,effectively accepted
1073,0,0,0,0,False,-0.0009,-0.0009,768,442,326,768,True,accept,1,effectively accepted
1073,1,1,1,0,True,-15.1682,-15.1682,442,182,586,768,True,reject,1,effectively rejected
1074,0,0,0,0,False,0.0062,0.0,768,341,427,768,True,accept,1,effectively accepted
1074,1,1,1,0,True,-42.0868,-42.0868,341,272,496,768,True,reject,1,effectively rejected
1075,0,0,0,0,False,-1.6853,-1.6853,768,548,220,768,True,reject,1,genuinely stochastic
1075,1,1,1,0,True,-1.0916,-1.0916,548,52,716,768,False,,1,genuinely stochastic
1076,0,0,0,0,False,-44.4466,-44.4466,768,61,707,768,True,reject,1,effectively rejected
1077,0,0,0,0,False,-0.0369,-0.0369,768,541,227,768,True,accept,1,genuinely stochastic
1077,1,1,1,0,True,-113.2451,-113.2451,541,292,476,768,True,reject,1,effectively rejected
1077,3,2,2,0,True,-2.1611,-2.1611,292,201,567,768,False,,1,genuinely stochastic
1077,7,3,3,0,True,-1.6345,-1.6345,201,161,607,768,False,,1,genuinely stochastic
1078,0,0,0,0,False,-0.5023,-0.5023,768,389,379,768,True,accept,1,genuinely stochastic
1079,0,0,0,0,False,-0.0076,-0.0076,768,524,244,768,True,accept,1,effectively accepted
1079,1,1,1,0,True,-1.8654,-1.8654,524,29,739,768,True,reject,1,genuinely stochastic
1079,4,2,1,1,False,-13.4165,-13.4165,524,172,596,768,True,reject,1,effectively rejected
1080,0,0,0,0,False,-0.0063,-0.0063,768,556,212,768,True,accept,1,effectively accepted
1080,1,1,1,0,True,-40.746,-40.746,556,415,353,768,True,reject,1,effectively rejected
1081,0,0,0,0,False,-40.9958,-40.9958,768,131,637,768,True,reject,1,effectively rejected
1082,0,0,0,0,False,0.6009,0.0,768,416,352,768,True,accept,1,effectively accepted
1083,0,0,0,0,False,-44.0874,-44.0874,768,100,668,768,True,reject,1,effectively rejected
1084,0,0,0,0,False,1.71,0.0,768,614,154,768,True,accept,1,effectively accepted
1085,0,0,0,0,False,-2.961,-2.961,768,294,474,768,True,reject,1,genuinely stochastic
1085,1,1,1,0,True,-2.4863,-2.4863,294,112,656,768,False,,1,genuinely stochastic
1086,0,0,0,0,False,-1.9825,-1.9825,768,401,367,768,True,reject,1,genuinely stochastic
1086,1,1,1,0,True,-3.7897,-3.7897,401,147,621,768,False,,1,genuinely stochastic
1087,0,0,0,0,False,-0.0159,-0.0159,768,662,106,768,True,accept,1,genuinely stochastic
1087,1,1,1,0,True,-27.1344,-27.1344,662,264,504,768,True,reject,1,effectively rejected
1087,3,2,2,0,True,-2.0833,-2.0833,264,246,522,768,False,,1,genuinely stochastic
1088,0,0,0,0,False,-49.5815,-49.5815,768,81,687,768,True,reject,1,effectively rejected
1089,0,0,0,0,False,0.0453,0.0,768,191,577,768,True,accept,1,effectively accepted
1090,0,0,0,0,False,-14.8389,-14.8389,768,229,539,768,True,reject,1,effectively rejected
1091,0,0,0,0,False,-56.1182,-56.1182,768,10,758,768,True,reject,1,effectively rejected
1091,2,1,0,1,False,0.0696,0.0,768,148,620,768,True,accept,1,effectively accepted
1091,5,2,1,1,True,-14.1266,-14.1266,148,145,623,768,True,reject,1,effectively rejected
1092,0,0,0,0,False,1.5857,0.0,768,57,711,768,True,accept,1,effectively accepted
1092,2,1,0,1,False,0.021,0.0,768,700,68,768,False,,1,effectively accepted
1092,5,2,1,1,True,-46.7001,-46.7001,700,83,685,768,False,,1,effectively rejected
1093,0,0,0,0,False,1.7409,0.0,768,474,294,768,True,accept,1,effectively accepted
1094,0,0,0,0,False,-1.7018,-1.7018,768,549,219,768,True,accept,1,genuinely stochastic
1094,1,1,1,0,True,-12.2859,-12.2859,549,322,446,768,True,reject,1,effectively rejected
1095,0,0,0,0,False,-53.6628,-53.6628,768,429,339,768,True,reject,1,effectively rejected
1096,0,0,0,0,False,1.6653,0.0,768,633,135,768,True,accept,1,effectively accepted
1097,0,0,0,0,False,-1.6933,-1.6933,768,609,159,768,True,accept,1,genuinely stochastic
1097,1,1,1,0,True,-3.6339,-3.6339,609,189,579,768,True,reject,1,genuinely stochastic
1098,0,0,0,0,False,-1.5829,-1.5829,768,406,362,768,True,reject,1,genuinely stochastic
1098,1,1,1,0,True,-41.7018,-41.7018,406,301,467,768,False,,1,effectively rejected
1099,0,0,0,0,False,0.403,0.0,768,255,513,768,True,accept,1,effectively accepted
1100,0,0,0,0,False,0.0008,0.0,768,650,118,768,True,accept,1,effectively accepted
1100,1,1,1,0,True,1.6848,0.0,650,525,243,768,True,accept,1,effectively accepted
1100,3,2,2,0,True,-0.0115,-0.0115,525,235,533,768,True,accept,1,genuinely stochastic
1101,0,0,0,0,False,-47.6408,-47.6408,768,316,452,768,True,reject,1,effectively rejected
1102,0,0,0,0,False,-44.5646,-44.5646,768,101,667,768,True,reject,1,effectively rejected
1103,0,0,0,0,False,-2.764,-2.764,768,111,657,768,True,reject,1,genuinely stochastic
1104,0,0,0,0,False,0.8534,0.0,768,474,294,768,True,accept,1,effectively accepted
1104,1,1,1,0,True,-41.2815,-41.2815,474,333,435,768,True,reject,1,effectively rejected
1104,3,2,2,0,True,-15.0563,-15.0563,333,218,550,768,False,,1,effectively rejected
1105,0,0,0,0,False,-0.0008,-0.0008,768,707,61,768,True,accept,1,effectively accepted
1106,0,0,0,0,False,-3.4391,-3.4391,768,84,684,768,True,reject,1,genuinely stochastic
1107,0,0,0,0,False,-1.5484,-1.5484,768,380,388,768,True,accept,1,genuinely stochastic
1108,0,0,0,0,False,-3.1306,-3.1306,768,146,622,768,True,reject,1,genuinely stochastic
1109,0,0,0,0,False,-42.293,-42.293,768,318,450,768,True,reject,1,effectively rejected
1110,0,0,0,0,False,-1.1242,-1.1242,768,27,741,768,True,reject,1,genuinely stochastic
1110,2,1,0,1,False,1.6517,0.0,768,470,298,768,True,accept,1,effectively accepted
1110,5,2,1,1,True,-51.0159,-51.0159,470,22,746,768,True,reject,1,effectively rejected
1110,12,3,1,2,False,-52.1246,-52.1246,470,338,430,768,True,reject,1,effectively rejected
1110,25,4,2,2,True,0.5868,0.0,338,241,527,768,False,,1,effectively accepted
1111,0,0,0,0,False,-14.3441,-14.3441,768,247,521,768,True,reject,1,effectively rejected
1112,0,0,0,0,False,0.0219,0.0,768,689,79,768,True,accept,1,effectively accepted
1113,0,0,0,0,False,-63.7956,-63.7956,768,309,459,768,True,reject,1,effectively rejected
1114,0,0,0,0,False,-0.1178,-0.1178,768,250,518,768,True,accept,1,genuinely stochastic
1115,0,0,0,0,False,0.003,0.0,768,706,62,768,True,accept,1,effectively accepted
1115,1,1,1,0,True,-47.5946,-47.5946,706,150,618,768,True,reject,1,effectively rejected
1115,3,2,2,0,True,-2.0617,-2.0617,150,124,644,768,False,,1,genuinely stochastic
1115,7,3,3,0,True,-12.5182,-12.5182,124,43,725,768,False,,1,effectively rejected
1116,0,0,0,0,False,1.6977,0.0,768,616,152,768,True,accept,1,effectively accepted
1117,0,0,0,0,False,-0.013,-0.013,768,677,91,768,True,accept,1,genuinely stochastic
1117,1,1,1,0,True,-3.2381,-3.2381,677,205,563,768,True,reject,1,genuinely stochastic
1118,0,0,0,0,False,-3.0147,-3.0147,768,106,662,768,True,reject,1,genuinely stochastic
1118,2,1,0,1,False,-1.6907,-1.6907,768,563,205,768,True,reject,1,genuinely stochastic
1118,5,2,1,1,True,-0.0102,-0.0102,563,484,284,768,False,,1,genuinely stochastic
1119,0,0,0,0,False,-1.6723,-1.6723,768,600,168,768,True,accept,1,genuinely stochastic
1119,1,1,1,0,True,-0.7843,-0.7843,600,251,517,768,True,reject,1,genuinely stochastic
1119,3,2,2,0,True,-1.7079,-1.7079,251,198,570,768,False,,1,genuinely stochastic
1120,0,0,0,0,False,-32.3751,-32.3751,768,7,761,768,True,reject,1,effectively rejected
1120,2,1,0,1,False,-7.7932,-7.7932,768,72,696,768,True,reject,1,effectively rejected
1120,6,2,0,2,False,0.0,0.0,768,755,13,768,True,accept,1,effectively accepted
1120,13,3,1,2,True,-1.6593,-1.6593,755,218,550,768,True,reject,1,genuinely stochastic
1120,27,4,2,2,True,-2.9752,-2.9752,218,31,737,768,False,,1,genuinely stochastic
1121,0,0,0,0,False,-0.0513,-0.0513,768,574,194,768,True,accept,1,genuinely stochastic
1121,1,1,1,0,True,-42.9312,-42.9312,574,363,405,768,True,reject,1,effectively rejected
1122,0,0,0,0,False,0.0218,0.0,768,663,105,768,True,accept,1,effectively accepted
1122,1,1,1,0,True,-41.8653,-41.8653,663,178,590,768,True,reject,1,effectively rejected
1122,3,2,2,0,True,-49.2743,-49.2743,178,50,718,768,False,,1,effectively rejected
1122,8,3,2,1,False,-7.6434,-7.6434,178,43,725,768,False,,1,effectively rejected
1123,0,0,0,0,False,-3.4813,-3.4813,768,156,612,768,True,reject,1,genuinely stochastic
1123,2,1,0,1,False,-11.2924,-11.2924,768,206,562,768,True,reject,1,effectively rejected
1124,0,0,0,0,False,1.7464,0.0,768,547,221,768,True,accept,1,effectively accepted
1125,0,0,0,0,False,-59.321,-59.321,768,75,693,768,True,reject,1,effectively rejected
1125,2,1,0,1,False,-57.4687,-57.4687,768,17,751,768,True,reject,1,effectively rejected
1125,6,2,0,2,False,-57.4009,-57.4009,768,105,663,768,True,reject,1,effectively rejected
1125,14,3,0,3,False,-1.7162,-1.7162,768,631,137,768,True,reject,1,genuinely stochastic
1125,29,4,1,3,True,-6.3231,-6.3231,631,153,615,768,False,,1,effectively rejected
1125,60,5,1,4,False,-2.4823,-2.4823,631,359,409,768,False,,1,genuinely stochastic
1125,121,6,2,4,True,-3.6162,-3.6162,359,295,473,768,False,,1,genuinely stochastic
1126,0,0,0,0,False,-15.2036,-15.2036,768,252,516,768,True,reject,1,effectively rejected
1126,1,1,1,0,True,-60.8796,-60.8796,252,139,629,768,False,,1,effectively rejected
1127,0,0,0,0,False,-3.3228,-3.3228,768,398,370,768,True,reject,1,genuinely stochastic
1127,1,1,1,0,True,-48.681,-48.681,398,334,434,768,False,,1,effectively rejected
1127,2,1,0,1,False,-1.7681,-1.7681,768,526,242,768,True,reject,1,genuinely stochastic
1128,0,0,0,0,False,-1.7535,-1.7535,768,555,213,768,True,accept,1,genuinely stochastic
1128,2,1,0,1,False,-3.5149,-3.5149,768,375,393,768,False,,1,genuinely stochastic
1128,5,2,1,1,True,-60.448,-60.448,375,1,767,768,False,,1,effectively rejected
1128,12,3,1,2,False,-50.5446,-50.5446,375,157,611,768,False,,1,effectively rejected
1129,0,0,0,0,False,0.0616,0.0,768,626,142,768,True,accept,1,effectively accepted
1129,2,1,0,1,False,-1.7008,-1.7008,768,221,547,768,False,,1,genuinely stochastic
1129,5,2,1,1,True,-55.3901,-55.3901,221,27,741,768,False,,1,effectively rejected
1129,6,2,0,2,False,0.0217,0.0,768,699,69,768,False,,1,effectively accepted
1129,13,3,1,2,True,0.0529,0.0,699,448,320,768,False,,1,effectively accepted
1129,14,3,0,3,False,-9.9889,-9.9889,768,203,565,768,False,,1,effectively rejected
1130,0,0,0,0,False,-2.1787,-2.1787,768,221,547,768,True,reject,1,genuinely stochastic
1130,1,1,1,0,True,-9.0768,-9.0768,221,9,759,768,False,,1,effectively rejected
1130,4,2,1,1,False,-31.9031,-31.9031,221,38,730,768,False,,1,effectively rejected
1130,2,1,0,1,False,-0.009,-0.009,768,523,245,768,True,accept,1,effectively accepted
1130,5,2,1,1,True,-47.9585,-47.9585,523,276,492,768,True,reject,1,effectively rejected
1130,6,2,0,2,False,-37.8716,-37.8716,768,357,411,768,False,,1,effectively rejected
1131,0,0,0,0,False,0.0,0.0,384,351,33,384,True,accept,0,effectively accepted
1131,1,1,1,0,True,10.3306,0.0,351,90,294,384,True,accept,0,effectively accepted
1132,0,0,0,0,False,12.4271,0.0,384,79,305,384,True,accept,0,effectively accepted
1133,0,0,0,0,False,-21.5288,-21.5288,384,178,206,384,True,reject,0,effectively rejected
1134,0,0,0,0,False,-0.0,0.0,384,281,103,384,True,accept,0,effectively accepted
1134,1,1,1,0,True,-23.3621,-23.3621,281,33,351,384,True,reject,0,effectively rejected
1135,0,0,0,0,False,0.0,0.0,384,294,90,384,True,accept,0,effectively accepted
1135,1,1,1,0,True,-22.9349,-22.9349,294,218,166,384,True,reject,0,effectively rejected
1136,0,0,0,0,False,-25.0287,-25.0287,384,224,160,384,True,reject,0,effectively rejected
1136,1,1,1,0,True,-27.1812,-27.1812,224,8,376,384,False,,0,effectively rejected
1137,0,0,0,0,False,0.0,0.0,384,375,9,384,True,accept,0,effectively accepted
1137,1,1,1,0,True,-26.5962,-26.5962,375,115,269,384,True,reject,0,effectively rejected
1137,3,2,2,0,True,-27.8739,-27.8739,115,40,344,384,False,,0,effectively rejected
1138,0,0,0,0,False,0.0,0.0,384,284,100,384,True,accept,0,effectively accepted
1138,1,1,1,0,True,-22.7012,-22.7012,284,42,342,384,True,reject,0,effectively rejected
1139,0,0,0,0,False,-23.8705,-23.8705,384,86,298,384,True,reject,0,effectively rejected
1139,1,1,1,0,True,-1.5973,-1.5973,86,41,343,384,False,,0,genuinely stochastic
1140,0,0,0,0,False,-0.0,0.0,384,334,50,384,True,accept,0,effectively accepted
1140,1,1,1,0,True,-24.7155,-24.7155,334,73,311,384,True,reject,0,effectively rejected
1141,0,0,0,0,False,-22.0301,-22.0301,384,206,178,384,True,reject,0,effectively rejected
1141,1,1,1,0,True,-28.6683,-28.6683,206,195,189,384,False,,0,effectively rejected
1142,0,0,0,0,False,0.0,0.0,384,319,65,384,True,accept,0,effectively accepted
1142,1,1,1,0,True,-24.6256,-24.6256,319,28,356,384,True,reject,0,effectively rejected
1143,0,0,0,0,False,0.0,0.0,384,334,50,384,True,accept,0,effectively accepted
1143,1,1,1,0,True,-23.2806,-23.2806,334,196,188,384,True,reject,0,effectively rejected
1144,0,0,0,0,False,-14.2932,-14.2932,384,132,252,384,True,reject,0,effectively rejected
1145,0,0,0,0,False,0.0,0.0,384,381,3,384,True,accept,0,effectively accepted
1145,1,1,1,0,True,-23.0197,-23.0197,381,197,187,384,True,reject,0,effectively rejected
1146,0,0,0,0,False,-0.614,-0.614,384,225,159,384,True,accept,0,genuinely stochastic
1146,1,1,1,0,True,-15.4585,-15.4585,225,123,261,384,True,reject,0,effectively rejected
1146,3,2,2,0,True,-26.4729,-26.4729,123,116,268,384,False,,0,effectively rejected
1147,0,0,0,0,False,-22.3391,-22.3391,384,143,241,384,True,reject,0,effectively rejected
1148,0,0,0,0,False,-21.5255,-21.5255,384,99,285,384,True,reject,0,effectively rejected
1148,1,1,1,0,True,-22.1438,-22.1438,99,55,329,384,False,,0,effectively rejected
1149,0,0,0,0,False,-21.0635,-21.0635,384,190,194,384,True,reject,0,effectively rejected
1150,0,0,0,0,False,-13.5609,-13.5609,384,104,280,384,True,reject,0,effectively rejected
1151,0,0,0,0,False,-21.297,-21.297,384,168,216,384,True,reject,0,effectively rejected
1151,1,1,1,0,True,-16.5414,-16.5414,168,111,273,384,False,,0,effectively rejected
1152,0,0,0,0,False,-22.6603,-22.6603,384,142,242,384,True,reject,0,effectively rejected
1153,0,0,0,0,False,-28.976,-28.976,384,150,234,384,True,reject,0,effectively rejected
1154,0,0,0,0,False,-0.8527,-0.8527,384,3,381,384,True,accept,0,genuinely stochastic
1154,2,1,0,1,False,0.0,0.0,384,376,8,384,False,,0,effectively accepted
1154,5,2,1,1,True,0.4449,0.0,376,241,143,384,False,,0,effectively accepted
1155,0,0,0,0,False,-0.404,-0.404,384,261,123,384,True,accept,0,genuinely stochastic
1155,1,1,1,0,True,-24.789,-24.789,261,47,337,384,True,reject,0,effectively rejected
1155,3,2,2,0,True,0.3343,0.0,47,33,351,384,False,,0,effectively accepted
1156,0,0,0,0,False,0.0,0.0,384,379,5,384,True,accept,0,effectively accepted
1156,1,1,1,0,True,0.0,0.0,379,321,63,384,True,accept,0,effectively accepted
1156,3,2,2,0,True,0.9934,0.0,321,46,338,384,True,accept,0,effectively accepted
1157,0,0,0,0,False,-20.324,-20.324,384,83,301,384,True,reject,0,effectively rejected
1158,0,0,0,0,False,0.0,0.0,384,320,64,384,True,accept,0,effectively accepted
1158,1,1,1,0,True,2.2891,0.0,320,63,321,384,True,accept,0,effectively accepted
1159,0,0,0,0,False,-0.2193,-0.2193,384,254,130,384,True,accept,0,genuinely stochastic
1159,1,1,1,0,True,-22.9248,-22.9248,254,233,151,384,True,reject,0,effectively rejected
1159,3,2,2,0,True,-26.4006,-26.4006,233,221,163,384,False,,0,effectively rejected
1159,7,3,3,0,True,-26.4675,-26.4675,221,211,173,384,False,,0,effectively rejected
1159,15,4,4,0,True,-27.7134,-27.7134,211,28,356,384,False,,0,effectively rejected
1160,0,0,0,0,False,0.0,0.0,384,295,89,384,True,accept,0,effectively accepted
1161,0,0,0,0,False,0.0,0.0,384,363,21,384,True,accept,0,effectively accepted
1161,1,1,1,0,True,0.0,0.0,363,336,48,384,True,accept,0,effectively accepted
1161,3,2,2,0,True,-1.5047,-1.5047,336,205,179,384,True,accept,0,genuinely stochastic
1161,7,3,3,0,True,-23.3442,-23.3442,205,6,378,384,True,reject,0,effectively rejected
1162,0,0,0,0,False,-0.0146,-0.0146,384,234,150,384,True,accept,0,genuinely stochastic
1162,1,1,1,0,True,-0.0442,-0.0442,234,139,245,384,True,reject,0,genuinely stochastic
1163,0,0,0,0,False,-0.686,-0.686,384,1,383,384,True,reject,0,genuinely stochastic
1163,2,1,0,1,False,-20.835,-20.835,384,201,183,384,True,reject,0,effectively rejected
1163,5,2,1,1,True,-26.666,-26.666,201,59,325,384,False,,0,effectively rejected
1164,0,0,0,0,False,-21.9956,-21.9956,384,181,203,384,True,reject,0,effectively rejected
1164,1,1,1,0,True,4.2135,0.0,181,20,364,384,False,,0,effectively accepted
1165,0,0,0,0,False,0.0,0.0,384,287,97,384,True,accept,0,effectively accepted
1165,1,1,1,0,True,-22.3279,-22.3279,287,207,177,384,True,reject,0,effectively rejected
1165,3,2,2,0,True,-0.0211,-0.0211,207,84,300,384,False,,0,genuinely stochastic
1166,0,0,0,0,False,-21.5816,-21.5816,384,212,172,384,True,reject,0,effectively rejected
1166,1,1,1,0,True,1.7012,0.0,212,82,302,384,False,,0,effectively accepted
1167,0,0,0,0,False,-23.1737,-23.1737,384,65,319,384,True,reject,0,effectively rejected
1168,0,0,0,0,False,-0.0134,-0.0134,384,269,115,384,True,accept,0,genuinely stochastic
1168,1,1,1,0,True,-16.592,-16.592,269,125,259,384,True,reject,0,effectively rejected
1169,0,0,0,0,False,-0.03,-0.03,384,240,144,384,True,accept,0,genuinely stochastic
1169,1,1,1,0,True,-21.6745,-21.6745,240,227,157,384,True,reject,0,effectively rejected
1169,3,2,2,0,True,-24.6024,-24.6024,227,176,208,384,False,,0,effectively rejected
1170,0,0,0,0,False,-0.0001,-0.0001,384,274,110,384,True,accept,0,effectively accepted
1170,1,1,1,0,True,-19.0106,-19.0106,274,163,221,384,True,reject,0,effectively rejected
1170,3,2,2,0,True,0.2245,0.0,163,149,235,384,False,,0,effectively accepted
1171,0,0,0,0,False,-24.5159,-24.5159,384,185,199,384,True,reject,0,effectively rejected
1172,0,0,0,0,False,-15.9791,-15.9791,384,139,245,384,True,reject,0,effectively rejected
1173,0,0,0,0,False,2.0052,0.0,384,109,275,384,True,accept,0,effectively accepted
1174,0,0,0,0,False,-25.7162,-25.7162,384,199,185,384,True,reject,0,effectively rejected
1174,1,1,1,0,True,-28.2429,-28.2429,199,29,355,384,False,,0,effectively rejected
1174,4,2,1,1,False,-1.6548,-1.6548,199,192,192,384,False,,0,genuinely stochastic
1175,0,0,0,0,False,-1.6667,-1.6667,384,81,303,384,True,reject,0,genuinely stochastic
1175,1,1,1,0,True,-46.4354,-46.4354,81,70,314,384,False,,0,effectively rejected
1176,0,0,0,0,False,-18.5539,-18.5539,384,125,259,384,True,reject,0,effectively rejected
1177,0,0,0,0,False,0.0,0.0,384,372,12,384,True,accept,0,effectively accepted
1177,1,1,1,0,True,0.3888,0.0,372,256,128,384,True,accept,0,effectively accepted
1177,3,2,2,0,True,-23.1488,-23.1488,256,190,194,384,True,reject,0,effectively rejected
1178,0,0,0,0,False,0.0,0.0,384,364,20,384,True,accept,0,effectively accepted
1178,1,1,1,0,True,-24.7445,-24.7445,364,186,198,384,True,reject,0,effectively rejected
1179,0,0,0,0,False,-24.9683,-24.9683,384,38,346,384,True,reject,0,effectively rejected
1180,0,0,0,0,False,-23.5919,-23.5919,384,151,233,384,True,reject,0,effectively rejected
1180,1,1,1,0,True,-26.4545,-26.4545,151,95,289,384,False,,0,effectively rejected
1181,0,0,0,0,False,-25.1069,-25.1069,384,206,178,384,True,reject,0,effectively rejected
1181,1,1,1,0,True,-29.9299,-29.9299,206,2,382,384,False,,0,effectively rejected
1181,4,2,1,1,False,-2.5218,-2.5218,206,125,259,384,False,,0,genuinely stochastic
1181,9,3,2,1,True,-2.5291,-2.5291,125,113,271,384,False,,0,genuinely stochastic
1182,0,0,0,0,False,0.0,0.0,384,324,60,384,True,accept,0,effectively accepted
1183,0,0,0,0,False,-2.3702,-2.3702,384,118,266,384,True,reject,0,genuinely stochastic
1183,2,1,0,1,False,-29.4794,-29.4794,384,107,277,384,True,reject,0,effectively rejected
1183,5,2,1,1,True,-25.4585,-25.4585,107,77,307,384,False,,0,effectively rejected
1184,0,0,0,0,False,0.0,0.0,384,369,15,384,True,accept,0,effectively accepted
1185,0,0,0,0,False,-0.0,0.0,384,308,76,384,True,accept,0,effectively accepted
1185,1,1,1,0,True,-28.2643,-28.2643,308,66,318,384,True,reject,0,effectively rejected
1185,4,2,1,1,False,-26.7251,-26.7251,308,109,275,384,True,reject,0,effectively rejected
1186,0,0,0,0,False,-23.9646,-23.9646,384,135,249,384,True,reject,0,effectively rejected
1187,0,0,0,0,False,-22.2239,-22.2239,384,9,375,384,True,reject,0,effectively rejected
1187,2,1,0,1,False,0.0,0.0,384,383,1,384,True,accept,0,effectively accepted
1187,5,2,1,1,True,-27.2533,-27.2533,383,78,306,384,True,reject,0,effectively rejected
1187,11,3,2,1,True,-3.0367,-3.0367,78,1,383,384,False,,0,genuinely stochastic
1187,12,3,1,2,False,-23.9756,-23.9756,383,181,203,384,True,reject,0,effectively rejected
1187,25,4,2,2,True,-25.2433,-25.2433,181,32,352,384,False,,0,effectively rejected
1188,0,0,0,0,False,0.0,0.0,384,382,2,384,True,accept,0,effectively accepted
1188,1,1,1,0,True,-23.875,-23.875,382,213,171,384,True,reject,0,effectively rejected
1188,4,2,1,1,False,-25.8453,-25.8453,382,58,326,384,True,reject,0,effectively rejected
1188,9,3,2,1,True,-2.7397,-2.7397,58,54,330,384,False,,0,genuinely stochastic
1188,10,3,1,2,False,0.0,0.0,382,338,46,384,True,accept,0,effectively accepted
1188,21,4,2,2,True,-0.2169,-0.2169,338,245,139,384,True,accept,0,genuinely stochastic
1188,43,5,3,2,True,-26.396,-26.396,245,177,207,384,True,reject,0,effectively rejected
1189,0,0,0,0,False,-23.3809,-23.3809,384,214,170,384,True,reject,0,effectively rejected
1189,2,1,0,1,False,0.0,0.0,384,382,2,384,True,accept,0,effectively accepted
1189,5,2,1,1,True,0.0,0.0,382,286,98,384,True,accept,0,effectively accepted
1189,11,3,2,1,True,-26.5539,-26.5539,286,62,322,384,True,reject,0,effectively rejected
1189,12,3,1,2,False,-22.7492,-22.7492,382,204,180,384,False,,0,effectively rejected
1189,6,2,0,2,False,-25.6337,-25.6337,384,53,331,384,False,,0,effectively rejected
1189,14,3,0,3,False,0.0,0.0,384,307,77,384,False,,0,effectively accepted
1190,0,0,0,0,False,-0.9084,-0.9084,768,543,225,768,True,accept,1,genuinely stochastic
1191,0,0,0,0,False,-14.6929,-14.6929,768,80,688,768,True,reject,1,effectively rejected
1192,0,0,0,0,False,-0.9503,-0.9503,768,415,353,768,True,reject,1,genuinely stochastic
1193,0,0,0,0,False,-22.0381,-22.0381,768,177,591,768,True,reject,1,effectively rejected
1193,1,1,1,0,True,-25.9603,-25.9603,177,131,637,768,False,,1,effectively rejected
1194,0,0,0,0,False,0.0011,0.0,768,598,170,768,True,accept,1,effectively accepted
1194,1,1,1,0,True,-1.3111,-1.3111,598,392,376,768,True,reject,1,genuinely stochastic
1195,0,0,0,0,False,-0.0011,-0.0011,768,569,199,768,True,accept,1,effectively accepted
1195,1,1,1,0,True,-17.5592,-17.5592,569,44,724,768,True,reject,1,effectively rejected
1195,4,2,1,1,False,-20.0804,-20.0804,569,206,562,768,True,reject,1,effectively rejected
1195,9,3,2,1,True,-16.8033,-16.8033,206,190,578,768,False,,1,effectively rejected
1196,0,0,0,0,False,-15.3189,-15.3189,768,148,620,768,True,reject,1,effectively rejected
1197,0,0,0,0,False,-1.9025,-1.9025,768,318,450,768,True,reject,1,genuinely stochastic
1197,1,1,1,0,True,-1.7718,-1.7718,318,25,743,768,False,,1,genuinely stochastic
1197,4,2,1,1,False,-21.1102,-21.1102,318,5,763,768,False,,1,effectively rejected
1198,0,0,0,0,False,0.6988,0.0,768,526,242,768,True,accept,1,effectively accepted
1198,1,1,1,0,True,2.8054,0.0,526,126,642,768,True,accept,1,effectively accepted
1199,0,0,0,0,False,-4.6516,-4.6516,768,404,364,768,True,reject,1,effectively rejected
1199,1,1,1,0,True,-15.8931,-15.8931,404,147,621,768,False,,1,effectively rejected
1200,0,0,0,0,False,0.0,0.0,768,734,34,768,True,accept,1,effectively accepted
1200,1,1,1,0,True,-22.9242,-22.9242,734,13,755,768,True,reject,1,effectively rejected
1200,4,2,1,1,False,0.0324,0.0,734,647,121,768,True,accept,1,effectively accepted
1200,9,3,2,1,True,-6.2122,-6.2122,647,243,525,768,True,reject,1,effectively rejected
1200,19,4,3,1,True,-24.6782,-24.6782,243,48,720,768,False,,1,effectively rejected
1201,0,0,0,0,False,-0.0331,-0.0331,768,638,130,768,True,accept,1,genuinely stochastic
1201,1,1,1,0,True,-52.4909,-52.4909,638,30,738,768,True,reject,1,effectively rejected
1202,0,0,0,0,False,-10.7898,-10.7898,768,37,731,768,True,reject,1,effectively rejected
1202,2,1,0,1,False,-30.1385,-30.1385,768,214,554,768,True,reject,1,effectively rejected
1203,0,0,0,0,False,-0.0007,-0.0007,768,640,128,768,True,accept,1,effectively accepted
1203,1,1,1,0,True,-29.2766,-29.2766,640,183,585,768,True,reject,1,effectively rejected
1203,3,2,2,0,True,-19.7102,-19.7102,183,94,674,768,False,,1,effectively rejected
1204,0,0,0,0,False,-5.0507,-5.0507,768,247,521,768,True,reject,1,effectively rejected
1204,1,1,1,0,True,-22.4572,-22.4572,247,14,754,768,False,,1,effectively rejected
1205,0,0,0,0,False,-4.3751,-4.3751,768,96,672,768,True,reject,1,genuinely stochastic
1206,0,0,0,0,False,0.1855,0.0,768,477,291,768,True,accept,1,effectively accepted
1206,1,1,1,0,True,-4.7935,-4.7935,477,380,388,768,True,reject,1,effectively rejected
1207,0,0,0,0,False,-3.6215,-3.6215,768,237,531,768,True,reject,1,genuinely stochastic
1207,1,1,1,0,True,-27.4477,-27.4477,237,116,652,768,False,,1,effectively rejected
1207,3,2,2,0,True,-4.3736,-4.3736,116,8,760,768,False,,1,genuinely stochastic
1208,0,0,0,0,False,-6.0469,-6.0469,768,322,446,768,True,reject,1,effectively rejected
1209,0,0,0,0,False,-0.0011,-0.0011,768,719,49,768,True,accept,1,effectively accepted
1209,1,1,1,0,True,-6.4971,-6.4971,719,344,424,768,True,reject,1,effectively rejected
1210,0,0,0,0,False,-5.1768,-5.1768,768,54,714,768,True,reject,1,effectively rejected
1211,0,0,0,0,False,0.0029,0.0,768,729,39,768,True,accept,1,effectively accepted
1211,1,1,1,0,True,-58.9756,-58.9756,729,104,664,768,True,reject,1,effectively rejected
1212,0,0,0,0,False,-0.0344,-0.0344,768,697,71,768,True,accept,1,genuinely stochastic
1213,0,0,0,0,False,-22.4613,-22.4613,768,134,634,768,True,reject,1,effectively rejected
1214,0,0,0,0,False,0.6121,0.0,768,84,684,768,True,accept,1,effectively accepted
1215,0,0,0,0,False,-2.4459,-2.4459,768,555,213,768,True,reject,1,genuinely stochastic
1215,1,1,1,0,True,-11.7197,-11.7197,555,204,564,768,False,,1,effectively rejected
1216,0,0,0,0,False,-21.214,-21.214,768,154,614,768,True,reject,1,effectively rejected
1217,0,0,0,0,False,-18.8847,-18.8847,768,211,557,768,True,reject,1,effectively rejected
1218,0,0,0,0,False,-11.7197,-11.7197,768,204,564,768,True,reject,1,effectively rejected
1219,0,0,0,0,False,-0.3269,-0.3269,768,539,229,768,True,accept,1,genuinely stochastic
1219,1,1,1,0,True,-11.093,-11.093,539,175,593,768,True,reject,1,effectively rejected
1219,3,2,2,0,True,-17.9088,-17.9088,175,87,681,768,False,,1,effectively rejected
1220,0,0,0,0,False,-1.3179,-1.3179,768,295,473,768,True,reject,1,genuinely stochastic
1220,1,1,1,0,True,-19.3169,-19.3169,295,121,647,768,False,,1,effectively rejected
1221,0,0,0,0,False,-3.3195,-3.3195,768,246,522,768,True,reject,1,genuinely stochastic
1221,1,1,1,0,True,-1.1173,-1.1173,246,84,684,768,False,,1,genuinely stochastic
1222,0,0,0,0,False,-2.0157,-2.0157,768,429,339,768,True,reject,1,genuinely stochastic
1223,0,0,0,0,False,1.1511,0.0,768,604,164,768,True,accept,1,effectively accepted
1223,1,1,1,0,True,-24.8234,-24.8234,604,38,730,768,True,reject,1,effectively rejected
1223,4,2,1,1,False,-22.2925,-22.2925,604,12,756,768,True,reject,1,effectively rejected
1224,0,0,0,0,False,0.6046,0.0,768,505,263,768,True,accept,1,effectively accepted
1224,1,1,1,0,True,-27.8301,-27.8301,505,29,739,768,True,reject,1,effectively rejected
1225,0,0,0,0,False,-3.0136,-3.0136,768,527,241,768,True,reject,1,genuinely stochastic
1225,1,1,1,0,True,-31.6472,-31.6472,527,12,756,768,False,,1,effectively rejected
1225,4,2,1,1,False,0.4135,0.0,527,194,574,768,False,,1,effectively accepted
1226,0,0,0,0,False,-3.6277,-3.6277,768,356,412,768,True,reject,1,genuinely stochastic
1226,1,1,1,0,True,-5.3741,-5.3741,356,280,488,768,False,,1,effectively rejected
1227,0,0,0,0,False,-4.4825,-4.4825,768,287,481,768,True,reject,1,genuinely stochastic
1228,0,0,0,0,False,-4.8044,-4.8044,768,546,222,768,True,reject,1,effectively rejected
1229,0,0,0,0,False,1.264,0.0,768,747,21,768,True,accept,1,effectively accepted
1229,1,1,1,0,True,-38.2577,-38.2577,747,183,585,768,True,reject,1,effectively rejected
1230,0,0,0,0,False,-7.0464,-7.0464,768,551,217,768,True,reject,1,effectively rejected
1230,1,1,1,0,True,-18.952,-18.952,551,28,740,768,False,,1,effectively rejected
1230,3,2,2,0,True,-26.6629,-26.6629,28,11,757,768,False,,1,effectively rejected
1230,4,2,1,1,False,-18.952,-18.952,551,28,740,768,False,,1,effectively rejected
1230,10,3,1,2,False,-3.9886,-3.9886,551,383,385,768,False,,1,genuinely stochastic
1230,21,4,2,2,True,-5.7766,-5.7766,383,371,397,768,False,,1,effectively rejected
1231,0,0,0,0,False,-4.3111,-4.3111,768,680,88,768,True,reject,1,genuinely stochastic
1231,1,1,1,0,True,-5.6953,-5.6953,680,445,323,768,False,,1,effectively rejected
1231,3,2,2,0,True,-15.876,-15.876,445,104,664,768,False,,1,effectively rejected
1232,0,0,0,0,False,-3.468,-3.468,768,674,94,768,True,reject,1,genuinely stochastic
1233,0,0,0,0,False,-0.5714,-0.5714,768,754,14,768,True,accept,1,genuinely stochastic
1233,1,1,1,0,True,-3.2727,-3.2727,754,682,86,768,True,reject,1,genuinely stochastic
1234,0,0,0,0,False,-10.4658,-10.4658,768,106,662,768,True,reject,1,effectively rejected
1235,0,0,0,0,False,-63.7579,-63.7579,768,85,683,768,True,reject,1,effectively rejected
1235,2,1,0,1,False,-4.1849,-4.1849,768,738,30,768,True,reject,1,genuinely stochastic
1235,5,2,1,1,True,-1.8051,-1.8051,738,310,458,768,False,,1,genuinely stochastic
1235,11,3,2,1,True,-25.4599,-25.4599,310,62,706,768,False,,1,effectively rejected
1236,0,0,0,0,False,-5.0903,-5.0903,768,487,281,768,True,reject,1,effectively rejected
1236,1,1,1,0,True,-4.1908,-4.1908,487,398,370,768,False,,1,genuinely stochastic
1236,3,2,2,0,True,-14.0786,-14.0786,398,226,542,768,False,,1,effectively rejected
1237,0,0,0,0,False,-2.6179,-2.6179,768,647,121,768,True,reject,1,genuinely stochastic
1237,1,1,1,0,True,-2.818,-2.818,647,296,472,768,False,,1,genuinely stochastic
1238,0,0,0,0,False,-3.6368,-3.6368,768,267,501,768,True,reject,1,genuinely stochastic
1238,1,1,1,0,True,-23.2639,-23.2639,267,178,590,768,False,,1,effectively rejected
1238,3,2,2,0,True,-2.789,-2.789,178,84,684,768,False,,1,genuinely stochastic
1238,7,3,3,0,True,-7.9941,-7.9941,84,48,720,768,False,,1,effectively rejected
1239,0,0,0,0,False,-4.5039,-4.5039,768,650,118,768,True,reject,1,genuinely stochastic
1239,1,1,1,0,True,-3.782,-3.782,650,355,413,768,False,,1,genuinely stochastic
1239,3,2,2,0,True,-6.5215,-6.5215,355,90,678,768,False,,1,effectively rejected
1240,0,0,0,0,False,-55.5725,-55.5725,768,130,638,768,True,reject,1,effectively rejected
1241,0,0,0,0,False,-1.8597,-1.8597,768,568,200,768,True,reject,1,genuinely stochastic
1241,1,1,1,0,True,-9.2658,-9.2658,568,206,562,768,False,,1,effectively rejected
1242,0,0,0,0,False,-21.6108,-21.6108,768,143,625,768,True,reject,1,effectively rejected
1243,0,0,0,0,False,-28.3287,-28.3287,768,46,722,768,True,reject,1,effectively rejected
1243,2,1,0,1,False,-1.2488,-1.2488,768,660,108,768,True,reject,1,genuinely stochastic
1243,5,2,1,1,True,-4.2899,-4.2899,660,524,244,768,False,,1,genuinely stochastic
1243,11,3,2,1,True,-19.8615,-19.8615,524,226,542,768,False,,1,effectively rejected
1243,23,4,3,1,True,-16.4258,-16.4258,226,188,580,768,False,,1,effectively rejected
1244,0,0,0,0,False,-27.8686,-27.8686,768,66,702,768,True,reject,1,effectively rejected
1244,2,1,0,1,False,-2.427,-2.427,768,418,350,768,True,reject,1,genuinely stochastic
1244,5,2,1,1,True,-5.9924,-5.9924,418,372,396,768,False,,1,effectively rejected
1245,0,0,0,0,False,-2.7327,-2.7327,768,266,502,768,True,reject,1,genuinely stochastic
1246,0,0,0,0,False,-0.1785,-0.1785,768,461,307,768,True,reject,1,genuinely stochastic
1246,1,1,1,0,True,-6.9746,-6.9746,461,408,360,768,False,,1,effectively rejected
1246,3,2,2,0,True,-3.8707,-3.8707,408,387,381,768,False,,1,genuinely stochastic
1247,0,0,0,0,False,-2.5224,-2.5224,768,468,300,768,True,reject,1,genuinely stochastic
1248,0,0,0,0,False,-4.9434,-4.9434,768,270,498,768,True,reject,1,effectively rejected
1249,0,0,0,0,False,-10.2432,-10.2432,768,109,659,768,True,reject,1,effectively rejected
1250,0,0,0,0,False,-3.3228,-3.3228,768,651,117,768,True,reject,1,genuinely stochastic
1250,1,1,1,0,True,-1.8965,-1.8965,651,365,403,768,False,,1,genuinely stochastic
1251,0,0,0,0,False,-2.9163,-2.9163,768,361,407,768,True,reject,1,genuinely stochastic
1251,2,1,0,1,False,-4.7524,-4.7524,768,552,216,768,True,reject,1,effectively rejected
1252,0,0,0,0,False,-5.2074,-5.2074,768,544,224,768,True,reject,1,effectively rejected
1253,0,0,0,0,False,-2.5325,-2.5325,768,583,185,768,True,reject,1,genuinely stochastic
1253,1,1,1,0,True,-1.4574,-1.4574,583,376,392,768,False,,1,genuinely stochastic
1253,3,2,2,0,True,-27.3406,-27.3406,376,9,759,768,False,,1,effectively rejected
1253,8,3,2,1,False,-4.0242,-4.0242,376,248,520,768,False,,1,genuinely stochastic
1254,0,0,0,0,False,-28.1243,-28.1243,768,4,764,768,True,reject,1,effectively rejected
1254,2,1,0,1,False,-14.3221,-14.3221,768,31,737,768,True,reject,1,effectively rejected
1254,6,2,0,2,False,-11.69,-11.69,768,216,552,768,True,reject,1,effectively rejected
1254,14,3,0,3,False,-2.5279,-2.5279,768,357,411,768,True,reject,1,genuinely stochastic
1255,0,0,0,0,False,-2.3127,-2.3127,768,554,214,768,True,reject,1,genuinely stochastic
1255,2,1,0,1,False,-15.8228,-15.8228,768,201,567,768,True,reject,1,effectively rejected
1256,0,0,0,0,False,-29.1523,-29.1523,768,216,552,768,True,reject,1,effectively rejected
1256,1,1,1,0,True,-29.8118,-29.8118,216,29,739,768,False,,1,effectively rejected
1256,4,2,1,1,False,-19.714,-19.714,216,169,599,768,False,,1,effectively rejected
1256,9,3,2,1,True,-15.6277,-15.6277,169,97,671,768,False,,1,effectively rejected
1256,10,3,1,2,False,-14.8508,-14.8508,216,128,640,768,False,,1,effectively rejected
1256,2,1,0,1,False,-5.9926,-5.9926,768,655,113,768,True,reject,1,effectively rejected
1256,5,2,1,1,True,-4.7451,-4.7451,655,651,117,768,False,,1,effectively rejected
1257,0,0,0,0,False,-22.2004,-22.2004,768,131,637,768,True,reject,1,effectively rejected
1257,2,1,0,1,False,-2.4686,-2.4686,768,691,77,768,True,reject,1,genuinely stochastic
1257,5,2,1,1,True,-22.1686,-22.1686,691,215,553,768,False,,1,effectively rejected
1257,12,3,1,2,False,-9.3533,-9.3533,691,133,635,768,False,,1,effectively rejected
1257,26,4,1,3,False,-4.9871,-4.9871,691,498,270,768,False,,1,effectively rejected
1257,6,2,0,2,False,-30.0224,-30.0224,768,22,746,768,True,reject,1,effectively rejected
1257,14,3,0,3,False,-4.2542,-4.2542,768,260,508,768,True,reject,1,genuinely stochastic
1257,30,4,0,4,False,-2.4745,-2.4745,768,451,317,768,True,reject,1,genuinely stochastic
