source_log,source_line,timestamp,elapsed_seconds,prompt_throughput_tokens_s,generation_throughput_tokens_s,running_requests,waiting_requests,gpu_kv_cache_usage_percent,prefix_cache_hit_rate_percent
dataset-math500.model-qwen.alpha4.0.steps100.blocks-8.prefetch-budget-16.rank-reject_first.samples10.maxnew3072.seed10086.subtreePrefetch.vllm.log,129,2026-08-10 13:00:55,0.0,0.0,609.4,6,0,0.2,96.1
dataset-math500.model-qwen.alpha4.0.steps100.blocks-8.prefetch-budget-16.rank-reject_first.samples10.maxnew3072.seed10086.subtreePrefetch.vllm.log,202,2026-08-10 13:01:05,10.0,0.0,698.6,6,0,0.2,96.7
dataset-math500.model-qwen.alpha4.0.steps100.blocks-8.prefetch-budget-16.rank-reject_first.samples10.maxnew3072.seed10086.subtreePrefetch.vllm.log,275,2026-08-10 13:01:15,20.0,0.0,707.6,8,0,0.2,96.6
dataset-math500.model-qwen.alpha4.0.steps100.blocks-8.prefetch-budget-16.rank-reject_first.samples10.maxnew3072.seed10086.subtreePrefetch.vllm.log,348,2026-08-10 13:01:25,30.0,0.0,557.7,2,0,0.1,96.7
dataset-math500.model-qwen.alpha4.0.steps100.blocks-8.prefetch-budget-16.rank-reject_first.samples10.maxnew3072.seed10086.subtreePrefetch.vllm.log,421,2026-08-10 13:01:35,40.0,0.0,591.6,8,0,0.2,96.8
dataset-math500.model-qwen.alpha4.0.steps100.blocks-8.prefetch-budget-16.rank-reject_first.samples10.maxnew3072.seed10086.subtreePrefetch.vllm.log,494,2026-08-10 13:01:45,50.0,0.0,674.8,7,0,0.2,96.8
dataset-math500.model-qwen.alpha4.0.steps100.blocks-8.prefetch-budget-16.rank-reject_first.samples10.maxnew3072.seed10086.subtreePrefetch.vllm.log,567,2026-08-10 13:01:55,60.0,0.0,630.2,11,0,0.2,96.7
dataset-math500.model-qwen.alpha4.0.steps100.blocks-8.prefetch-budget-16.rank-reject_first.samples10.maxnew3072.seed10086.subtreePrefetch.vllm.log,640,2026-08-10 13:02:05,70.0,0.0,754.6,5,0,0.2,96.7
dataset-math500.model-qwen.alpha4.0.steps100.blocks-8.prefetch-budget-16.rank-reject_first.samples10.maxnew3072.seed10086.subtreePrefetch.vllm.log,713,2026-08-10 13:02:15,80.0,0.0,534.1,3,0,0.1,96.8
dataset-math500.model-qwen.alpha4.0.steps100.blocks-8.prefetch-budget-16.rank-reject_first.samples10.maxnew3072.seed10086.subtreePrefetch.vllm.log,786,2026-08-10 13:02:25,90.0,0.0,590.3,3,0,0.1,96.9
dataset-math500.model-qwen.alpha4.0.steps100.blocks-8.prefetch-budget-16.rank-reject_first.samples10.maxnew3072.seed10086.subtreePrefetch.vllm.log,895,2026-08-10 13:02:35,100.0,0.0,566.6,16,0,0.1,96.8
dataset-math500.model-qwen.alpha4.0.steps100.blocks-8.prefetch-budget-16.rank-reject_first.samples10.maxnew3072.seed10086.subtreePrefetch.vllm.log,932,2026-08-10 13:02:45,110.0,0.0,712.9,5,0,0.2,96.9
dataset-math500.model-qwen.alpha4.0.steps100.blocks-8.prefetch-budget-16.rank-reject_first.samples10.maxnew3072.seed10086.subtreePrefetch.vllm.log,1005,2026-08-10 13:02:55,120.0,0.0,772.0,10,0,0.3,96.8
dataset-math500.model-qwen.alpha4.0.steps100.blocks-8.prefetch-budget-16.rank-reject_first.samples10.maxnew3072.seed10086.subtreePrefetch.vllm.log,1085,2026-08-10 13:03:05,130.0,0.0,488.1,1,0,0.1,96.7
dataset-math500.model-qwen.alpha4.0.steps100.blocks-8.prefetch-budget-16.rank-reject_first.samples10.maxnew3072.seed10086.subtreePrefetch.vllm.log,1158,2026-08-10 13:03:15,140.0,0.0,587.5,16,0,0.1,96.8
dataset-math500.model-qwen.alpha4.0.steps100.blocks-8.prefetch-budget-16.rank-reject_first.samples10.maxnew3072.seed10086.subtreePrefetch.vllm.log,1195,2026-08-10 13:03:25,150.0,0.0,573.1,1,0,0.0,96.8
dataset-math500.model-qwen.alpha4.0.steps100.blocks-8.prefetch-budget-16.rank-reject_first.samples10.maxnew3072.seed10086.subtreePrefetch.vllm.log,1268,2026-08-10 13:03:35,160.0,0.0,606.8,5,0,0.2,96.9
dataset-math500.model-qwen.alpha4.0.steps100.blocks-8.prefetch-budget-16.rank-reject_first.samples10.maxnew3072.seed10086.subtreePrefetch.vllm.log,1341,2026-08-10 13:03:45,170.0,0.0,590.6,7,0,0.2,97.0
dataset-math500.model-qwen.alpha4.0.steps100.blocks-8.prefetch-budget-16.rank-reject_first.samples10.maxnew3072.seed10086.subtreePrefetch.vllm.log,1414,2026-08-10 13:03:55,180.0,0.0,661.3,1,0,0.1,97.0
dataset-math500.model-qwen.alpha4.0.steps100.blocks-8.prefetch-budget-16.rank-reject_first.samples10.maxnew3072.seed10086.subtreePrefetch.vllm.log,1523,2026-08-10 13:04:05,190.0,0.0,593.7,14,0,0.1,97.1
dataset-math500.model-qwen.alpha4.0.steps100.blocks-8.prefetch-budget-16.rank-reject_first.samples10.maxnew3072.seed10086.subtreePrefetch.vllm.log,1560,2026-08-10 13:04:15,200.0,0.0,649.2,2,0,0.1,97.1
dataset-math500.model-qwen.alpha4.0.steps100.blocks-8.prefetch-budget-16.rank-reject_first.samples10.maxnew3072.seed10086.subtreePrefetch.vllm.log,1669,2026-08-10 13:04:25,210.0,0.0,759.1,13,0,0.2,97.1
dataset-math500.model-qwen.alpha4.0.steps100.blocks-8.prefetch-budget-16.rank-reject_first.samples10.maxnew3072.seed10086.subtreePrefetch.vllm.log,1742,2026-08-10 13:04:35,220.0,0.0,666.3,15,0,0.1,97.1
dataset-math500.model-qwen.alpha4.0.steps100.blocks-8.prefetch-budget-16.rank-reject_first.samples10.maxnew3072.seed10086.subtreePrefetch.vllm.log,1815,2026-08-10 13:04:45,230.0,0.0,639.4,6,0,0.1,97.2
dataset-math500.model-qwen.alpha4.0.steps100.blocks-8.prefetch-budget-16.rank-reject_first.samples10.maxnew3072.seed10086.subtreePrefetch.vllm.log,1888,2026-08-10 13:04:55,240.0,0.0,604.4,9,0,0.2,97.2
dataset-math500.model-qwen.alpha4.0.steps100.blocks-8.prefetch-budget-16.rank-reject_first.samples10.maxnew3072.seed10086.subtreePrefetch.vllm.log,1961,2026-08-10 13:05:05,250.0,0.0,684.6,8,0,0.2,97.2
dataset-math500.model-qwen.alpha4.0.steps100.blocks-8.prefetch-budget-16.rank-reject_first.samples10.maxnew3072.seed10086.subtreePrefetch.vllm.log,2034,2026-08-10 13:05:15,260.0,0.0,584.2,10,0,0.2,97.2
dataset-math500.model-qwen.alpha4.0.steps100.blocks-8.prefetch-budget-16.rank-reject_first.samples10.maxnew3072.seed10086.subtreePrefetch.vllm.log,2107,2026-08-10 13:05:25,270.0,0.0,676.2,11,0,0.2,97.2
dataset-math500.model-qwen.alpha4.0.steps100.blocks-8.prefetch-budget-16.rank-reject_first.samples10.maxnew3072.seed10086.subtreePrefetch.vllm.log,2180,2026-08-10 13:05:35,280.0,0.0,569.0,7,0,0.2,97.2
dataset-math500.model-qwen.alpha4.0.steps100.blocks-8.prefetch-budget-16.rank-reject_first.samples10.maxnew3072.seed10086.subtreePrefetch.vllm.log,2253,2026-08-10 13:05:45,290.0,0.0,651.1,6,0,0.2,97.3
dataset-math500.model-qwen.alpha4.0.steps100.blocks-8.prefetch-budget-16.rank-reject_first.samples10.maxnew3072.seed10086.subtreePrefetch.vllm.log,2326,2026-08-10 13:05:55,300.0,0.0,548.7,8,0,0.2,97.3
dataset-math500.model-qwen.alpha4.0.steps100.blocks-8.prefetch-budget-16.rank-reject_first.samples10.maxnew3072.seed10086.subtreePrefetch.vllm.log,2399,2026-08-10 13:06:05,310.0,0.0,595.7,13,0,0.2,97.3
dataset-math500.model-qwen.alpha4.0.steps100.blocks-8.prefetch-budget-16.rank-reject_first.samples10.maxnew3072.seed10086.subtreePrefetch.vllm.log,2472,2026-08-10 13:06:15,320.0,0.0,710.9,9,0,0.2,97.3
dataset-math500.model-qwen.alpha4.0.steps100.blocks-8.prefetch-budget-16.rank-reject_first.samples10.maxnew3072.seed10086.subtreePrefetch.vllm.log,2543,2026-08-10 13:06:25,330.0,0.0,667.6,12,0,0.2,97.3
dataset-math500.model-qwen.alpha4.0.steps100.blocks-8.prefetch-budget-16.rank-reject_first.samples10.maxnew3072.seed10086.subtreePrefetch.vllm.log,2614,2026-08-10 13:06:35,340.0,0.0,719.2,11,0,0.3,97.3
dataset-math500.model-qwen.alpha4.0.steps100.blocks-8.prefetch-budget-16.rank-reject_first.samples10.maxnew3072.seed10086.subtreePrefetch.vllm.log,2661,2026-08-10 13:06:45,350.0,0.0,552.1,1,0,0.1,97.3
dataset-math500.model-qwen.alpha4.0.steps100.blocks-8.prefetch-budget-16.rank-reject_first.samples10.maxnew3072.seed10086.subtreePrefetch.vllm.log,2707,2026-08-10 13:06:55,360.0,0.0,676.9,14,0,0.2,97.4
dataset-math500.model-qwen.alpha4.0.steps100.blocks-8.prefetch-budget-16.rank-reject_first.samples10.maxnew3072.seed10086.subtreePrefetch.vllm.log,2744,2026-08-10 13:07:05,370.0,0.0,541.0,16,0,0.1,97.4
dataset-math500.model-qwen.alpha4.0.steps100.blocks-8.prefetch-budget-16.rank-reject_first.samples10.maxnew3072.seed10086.subtreePrefetch.vllm.log,2781,2026-08-10 13:07:15,380.0,0.0,878.8,11,0,0.3,97.5
dataset-math500.model-qwen.alpha4.0.steps100.blocks-8.prefetch-budget-16.rank-reject_first.samples10.maxnew3072.seed10086.subtreePrefetch.vllm.log,2818,2026-08-10 13:07:25,390.0,0.0,879.4,5,0,0.3,97.5
dataset-math500.model-qwen.alpha4.0.steps100.blocks-8.prefetch-budget-16.rank-reject_first.samples10.maxnew3072.seed10086.subtreePrefetch.vllm.log,2855,2026-08-10 13:07:35,400.0,0.0,583.4,5,0,0.3,97.5
dataset-math500.model-qwen.alpha4.0.steps100.blocks-8.prefetch-budget-16.rank-reject_first.samples10.maxnew3072.seed10086.subtreePrefetch.vllm.log,2892,2026-08-10 13:07:45,410.0,0.0,566.3,5,0,0.3,97.6
dataset-math500.model-qwen.alpha4.0.steps100.blocks-8.prefetch-budget-16.rank-reject_first.samples10.maxnew3072.seed10086.subtreePrefetch.vllm.log,2929,2026-08-10 13:07:55,420.0,0.0,624.9,1,0,0.1,97.6
dataset-math500.model-qwen.alpha4.0.steps100.blocks-8.prefetch-budget-16.rank-reject_first.samples10.maxnew3072.seed10086.subtreePrefetch.vllm.log,3002,2026-08-10 13:08:05,430.0,0.0,818.7,12,0,0.3,97.6
dataset-math500.model-qwen.alpha4.0.steps100.blocks-8.prefetch-budget-16.rank-reject_first.samples10.maxnew3072.seed10086.subtreePrefetch.vllm.log,3039,2026-08-10 13:08:15,440.0,0.0,667.3,13,0,0.4,97.7
dataset-math500.model-qwen.alpha4.0.steps100.blocks-8.prefetch-budget-16.rank-reject_first.samples10.maxnew3072.seed10086.subtreePrefetch.vllm.log,3076,2026-08-10 13:08:25,450.0,0.0,653.4,11,0,0.4,97.7
dataset-math500.model-qwen.alpha4.0.steps100.blocks-8.prefetch-budget-16.rank-reject_first.samples10.maxnew3072.seed10086.subtreePrefetch.vllm.log,3156,2026-08-10 13:08:35,460.0,0.0,491.0,11,0,0.2,97.7
dataset-math500.model-qwen.alpha4.0.steps100.blocks-8.prefetch-budget-16.rank-reject_first.samples10.maxnew3072.seed10086.subtreePrefetch.vllm.log,3229,2026-08-10 13:08:45,470.0,0.0,690.3,1,0,0.0,97.6
dataset-math500.model-qwen.alpha4.0.steps100.blocks-8.prefetch-budget-16.rank-reject_first.samples10.maxnew3072.seed10086.subtreePrefetch.vllm.log,3338,2026-08-10 13:08:55,480.0,0.0,750.5,15,0,0.2,97.6
dataset-math500.model-qwen.alpha4.0.steps100.blocks-8.prefetch-budget-16.rank-reject_first.samples10.maxnew3072.seed10086.subtreePrefetch.vllm.log,3411,2026-08-10 13:09:05,490.0,0.0,733.8,13,0,0.2,97.7
dataset-math500.model-qwen.alpha4.0.steps100.blocks-8.prefetch-budget-16.rank-reject_first.samples10.maxnew3072.seed10086.subtreePrefetch.vllm.log,3484,2026-08-10 13:09:15,500.0,0.0,646.1,9,0,0.2,97.7
dataset-math500.model-qwen.alpha4.0.steps100.blocks-8.prefetch-budget-16.rank-reject_first.samples10.maxnew3072.seed10086.subtreePrefetch.vllm.log,3557,2026-08-10 13:09:25,510.0,0.0,800.9,4,0,0.1,97.7
dataset-math500.model-qwen.alpha4.0.steps100.blocks-8.prefetch-budget-16.rank-reject_first.samples10.maxnew3072.seed10086.subtreePrefetch.vllm.log,3630,2026-08-10 13:09:35,520.0,0.0,548.5,4,0,0.1,97.7
dataset-math500.model-qwen.alpha4.0.steps100.blocks-8.prefetch-budget-16.rank-reject_first.samples10.maxnew3072.seed10086.subtreePrefetch.vllm.log,3703,2026-08-10 13:09:45,530.0,0.0,637.0,3,0,0.1,97.7
dataset-math500.model-qwen.alpha4.0.steps100.blocks-8.prefetch-budget-16.rank-reject_first.samples10.maxnew3072.seed10086.subtreePrefetch.vllm.log,3812,2026-08-10 13:09:55,540.0,0.0,669.9,11,0,0.2,97.6
dataset-math500.model-qwen.alpha4.0.steps100.blocks-8.prefetch-budget-16.rank-reject_first.samples10.maxnew3072.seed10086.subtreePrefetch.vllm.log,3885,2026-08-10 13:10:05,550.0,0.0,650.4,10,0,0.2,97.6
dataset-math500.model-qwen.alpha4.0.steps100.blocks-8.prefetch-budget-16.rank-reject_first.samples10.maxnew3072.seed10086.subtreePrefetch.vllm.log,3958,2026-08-10 13:10:15,560.0,0.0,675.7,9,0,0.2,97.6
dataset-math500.model-qwen.alpha4.0.steps100.blocks-8.prefetch-budget-16.rank-reject_first.samples10.maxnew3072.seed10086.subtreePrefetch.vllm.log,4031,2026-08-10 13:10:25,570.0,0.0,638.7,10,0,0.2,97.6
dataset-math500.model-qwen.alpha4.0.steps100.blocks-8.prefetch-budget-16.rank-reject_first.samples10.maxnew3072.seed10086.subtreePrefetch.vllm.log,4104,2026-08-10 13:10:35,580.0,0.0,613.4,12,0,0.2,97.6
dataset-math500.model-qwen.alpha4.0.steps100.blocks-8.prefetch-budget-16.rank-reject_first.samples10.maxnew3072.seed10086.subtreePrefetch.vllm.log,4177,2026-08-10 13:10:45,590.0,0.0,557.9,6,0,0.1,97.6
dataset-math500.model-qwen.alpha4.0.steps100.blocks-8.prefetch-budget-16.rank-reject_first.samples10.maxnew3072.seed10086.subtreePrefetch.vllm.log,4250,2026-08-10 13:10:55,600.0,0.0,627.5,8,0,0.3,97.5
dataset-math500.model-qwen.alpha4.0.steps100.blocks-8.prefetch-budget-16.rank-reject_first.samples10.maxnew3072.seed10086.subtreePrefetch.vllm.log,4323,2026-08-10 13:11:05,610.0,0.0,679.8,5,0,0.2,97.5
dataset-math500.model-qwen.alpha4.0.steps100.blocks-8.prefetch-budget-16.rank-reject_first.samples10.maxnew3072.seed10086.subtreePrefetch.vllm.log,4392,2026-08-10 13:11:15,620.0,0.0,571.8,5,0,0.2,97.5
dataset-math500.model-qwen.alpha4.0.steps100.blocks-8.prefetch-budget-16.rank-reject_first.samples10.maxnew3072.seed10086.subtreePrefetch.vllm.log,4412,2026-08-10 13:11:25,630.0,0.0,616.4,4,0,0.2,97.5
dataset-math500.model-qwen.alpha4.0.steps100.blocks-8.prefetch-budget-16.rank-reject_first.samples10.maxnew3072.seed10086.subtreePrefetch.vllm.log,4485,2026-08-10 13:11:35,640.0,0.0,885.5,12,0,0.3,97.6
dataset-math500.model-qwen.alpha4.0.steps100.blocks-8.prefetch-budget-16.rank-reject_first.samples10.maxnew3072.seed10086.subtreePrefetch.vllm.log,4522,2026-08-10 13:11:45,650.0,0.0,877.1,4,0,0.2,97.6
dataset-math500.model-qwen.alpha4.0.steps100.blocks-8.prefetch-budget-16.rank-reject_first.samples10.maxnew3072.seed10086.subtreePrefetch.vllm.log,4595,2026-08-10 13:11:55,660.0,0.0,689.9,14,0,0.2,97.6
dataset-math500.model-qwen.alpha4.0.steps100.blocks-8.prefetch-budget-16.rank-reject_first.samples10.maxnew3072.seed10086.subtreePrefetch.vllm.log,4632,2026-08-10 13:12:05,670.0,0.0,839.8,13,0,0.4,97.6
dataset-math500.model-qwen.alpha4.0.steps100.blocks-8.prefetch-budget-16.rank-reject_first.samples10.maxnew3072.seed10086.subtreePrefetch.vllm.log,4669,2026-08-10 13:12:15,680.0,0.0,666.6,14,0,0.3,97.6
dataset-math500.model-qwen.alpha4.0.steps100.blocks-8.prefetch-budget-16.rank-reject_first.samples10.maxnew3072.seed10086.subtreePrefetch.vllm.log,4706,2026-08-10 13:12:25,690.0,0.0,656.3,15,0,0.3,97.6
dataset-math500.model-qwen.alpha4.0.steps100.blocks-8.prefetch-budget-16.rank-reject_first.samples10.maxnew3072.seed10086.subtreePrefetch.vllm.log,4743,2026-08-10 13:12:35,700.0,0.0,590.8,14,0,0.2,97.6
dataset-math500.model-qwen.alpha4.0.steps100.blocks-8.prefetch-budget-16.rank-reject_first.samples10.maxnew3072.seed10086.subtreePrefetch.vllm.log,4780,2026-08-10 13:12:45,710.0,0.0,800.6,13,0,0.3,97.7
dataset-math500.model-qwen.alpha4.0.steps100.blocks-8.prefetch-budget-16.rank-reject_first.samples10.maxnew3072.seed10086.subtreePrefetch.vllm.log,4817,2026-08-10 13:12:55,720.0,0.0,546.6,15,0,0.3,97.7
dataset-math500.model-qwen.alpha4.0.steps100.blocks-8.prefetch-budget-16.rank-reject_first.samples10.maxnew3072.seed10086.subtreePrefetch.vllm.log,4854,2026-08-10 13:13:05,730.0,0.0,762.3,14,0,0.3,97.7
dataset-math500.model-qwen.alpha4.0.steps100.blocks-8.prefetch-budget-16.rank-reject_first.samples10.maxnew3072.seed10086.subtreePrefetch.vllm.log,4891,2026-08-10 13:13:15,740.0,0.0,754.5,15,0,0.3,97.7
dataset-math500.model-qwen.alpha4.0.steps100.blocks-8.prefetch-budget-16.rank-reject_first.samples10.maxnew3072.seed10086.subtreePrefetch.vllm.log,4975,2026-08-10 13:13:25,750.0,0.0,503.0,1,0,0.0,97.7
dataset-math500.model-qwen.alpha4.0.steps100.blocks-8.prefetch-budget-16.rank-reject_first.samples10.maxnew3072.seed10086.subtreePrefetch.vllm.log,5012,2026-08-10 13:13:35,760.0,0.0,584.3,11,0,0.3,97.7
dataset-math500.model-qwen.alpha4.0.steps100.blocks-8.prefetch-budget-16.rank-reject_first.samples10.maxnew3072.seed10086.subtreePrefetch.vllm.log,5085,2026-08-10 13:13:45,770.0,0.0,652.6,4,0,0.1,97.7
dataset-math500.model-qwen.alpha4.0.steps100.blocks-8.prefetch-budget-16.rank-reject_first.samples10.maxnew3072.seed10086.subtreePrefetch.vllm.log,5158,2026-08-10 13:13:55,780.0,0.0,624.7,2,0,0.1,97.6
dataset-math500.model-qwen.alpha4.0.steps100.blocks-8.prefetch-budget-16.rank-reject_first.samples10.maxnew3072.seed10086.subtreePrefetch.vllm.log,5267,2026-08-10 13:14:05,790.0,0.0,617.5,14,0,0.1,97.5
dataset-math500.model-qwen.alpha4.0.steps100.blocks-8.prefetch-budget-16.rank-reject_first.samples10.maxnew3072.seed10086.subtreePrefetch.vllm.log,5304,2026-08-10 13:14:15,800.0,0.0,558.9,1,0,0.0,97.5
dataset-math500.model-qwen.alpha4.0.steps100.blocks-8.prefetch-budget-16.rank-reject_first.samples10.maxnew3072.seed10086.subtreePrefetch.vllm.log,5377,2026-08-10 13:14:25,810.0,0.0,635.6,5,0,0.2,97.4
dataset-math500.model-qwen.alpha4.0.steps100.blocks-8.prefetch-budget-16.rank-reject_first.samples10.maxnew3072.seed10086.subtreePrefetch.vllm.log,5450,2026-08-10 13:14:35,820.0,0.0,610.4,3,0,0.1,97.4
dataset-math500.model-qwen.alpha4.0.steps100.blocks-8.prefetch-budget-16.rank-reject_first.samples10.maxnew3072.seed10086.subtreePrefetch.vllm.log,5523,2026-08-10 13:14:45,830.0,0.0,679.1,5,0,0.2,97.4
dataset-math500.model-qwen.alpha4.0.steps100.blocks-8.prefetch-budget-16.rank-reject_first.samples10.maxnew3072.seed10086.subtreePrefetch.vllm.log,5632,2026-08-10 13:14:55,840.0,0.0,626.4,15,0,0.1,97.4
dataset-math500.model-qwen.alpha4.0.steps100.blocks-8.prefetch-budget-16.rank-reject_first.samples10.maxnew3072.seed10086.subtreePrefetch.vllm.log,5705,2026-08-10 13:15:05,850.0,0.0,601.1,14,0,0.1,97.4
dataset-math500.model-qwen.alpha4.0.steps100.blocks-8.prefetch-budget-16.rank-reject_first.samples10.maxnew3072.seed10086.subtreePrefetch.vllm.log,5778,2026-08-10 13:15:15,860.0,0.0,480.0,16,0,0.1,97.4
dataset-math500.model-qwen.alpha4.0.steps100.blocks-8.prefetch-budget-16.rank-reject_first.samples10.maxnew3072.seed10086.subtreePrefetch.vllm.log,5851,2026-08-10 13:15:25,870.0,0.0,678.2,14,0,0.1,97.4
dataset-math500.model-qwen.alpha4.0.steps100.blocks-8.prefetch-budget-16.rank-reject_first.samples10.maxnew3072.seed10086.subtreePrefetch.vllm.log,5924,2026-08-10 13:15:35,880.0,0.0,604.6,6,0,0.1,97.4
dataset-math500.model-qwen.alpha4.0.steps100.blocks-8.prefetch-budget-16.rank-reject_first.samples10.maxnew3072.seed10086.subtreePrefetch.vllm.log,5997,2026-08-10 13:15:45,890.0,0.0,637.8,8,0,0.2,97.4
dataset-math500.model-qwen.alpha4.0.steps100.blocks-8.prefetch-budget-16.rank-reject_first.samples10.maxnew3072.seed10086.subtreePrefetch.vllm.log,6070,2026-08-10 13:15:55,900.0,0.0,570.1,4,0,0.1,97.4
dataset-math500.model-qwen.alpha4.0.steps100.blocks-8.prefetch-budget-16.rank-reject_first.samples10.maxnew3072.seed10086.subtreePrefetch.vllm.log,6143,2026-08-10 13:16:05,910.0,0.0,643.7,3,0,0.1,97.4
dataset-math500.model-qwen.alpha4.0.steps100.blocks-8.prefetch-budget-16.rank-reject_first.samples10.maxnew3072.seed10086.subtreePrefetch.vllm.log,6252,2026-08-10 13:16:15,920.0,0.0,720.6,10,0,0.2,97.4
dataset-math500.model-qwen.alpha4.0.steps100.blocks-8.prefetch-budget-16.rank-reject_first.samples10.maxnew3072.seed10086.subtreePrefetch.vllm.log,6325,2026-08-10 13:16:25,930.0,0.0,603.6,9,0,0.2,97.4
dataset-math500.model-qwen.alpha4.0.steps100.blocks-8.prefetch-budget-16.rank-reject_first.samples10.maxnew3072.seed10086.subtreePrefetch.vllm.log,6398,2026-08-10 13:16:35,940.0,0.0,719.3,2,0,0.1,97.4
dataset-math500.model-qwen.alpha4.0.steps100.blocks-8.prefetch-budget-16.rank-reject_first.samples10.maxnew3072.seed10086.subtreePrefetch.vllm.log,6471,2026-08-10 13:16:45,950.0,0.0,708.0,1,0,0.0,97.4
dataset-math500.model-qwen.alpha4.0.steps100.blocks-8.prefetch-budget-16.rank-reject_first.samples10.maxnew3072.seed10086.subtreePrefetch.vllm.log,6544,2026-08-10 13:16:55,960.0,0.0,662.6,4,0,0.1,97.4
dataset-math500.model-qwen.alpha4.0.steps100.blocks-8.prefetch-budget-16.rank-reject_first.samples10.maxnew3072.seed10086.subtreePrefetch.vllm.log,6617,2026-08-10 13:17:05,970.0,0.0,578.6,5,0,0.2,97.4
dataset-math500.model-qwen.alpha4.0.steps100.blocks-8.prefetch-budget-16.rank-reject_first.samples10.maxnew3072.seed10086.subtreePrefetch.vllm.log,6690,2026-08-10 13:17:15,980.0,0.0,610.0,5,0,0.2,97.4
dataset-math500.model-qwen.alpha4.0.steps100.blocks-8.prefetch-budget-16.rank-reject_first.samples10.maxnew3072.seed10086.subtreePrefetch.vllm.log,6799,2026-08-10 13:17:25,990.0,0.0,638.9,15,0,0.1,97.3
dataset-math500.model-qwen.alpha4.0.steps100.blocks-8.prefetch-budget-16.rank-reject_first.samples10.maxnew3072.seed10086.subtreePrefetch.vllm.log,6872,2026-08-10 13:17:35,1000.0,0.0,544.0,11,0,0.1,97.3
dataset-math500.model-qwen.alpha4.0.steps100.blocks-8.prefetch-budget-16.rank-reject_first.samples10.maxnew3072.seed10086.subtreePrefetch.vllm.log,6945,2026-08-10 13:17:45,1010.0,0.0,584.3,15,0,0.1,97.2
dataset-math500.model-qwen.alpha4.0.steps100.blocks-8.prefetch-budget-16.rank-reject_first.samples10.maxnew3072.seed10086.subtreePrefetch.vllm.log,7018,2026-08-10 13:17:55,1020.0,0.0,544.8,15,0,0.1,97.2
dataset-math500.model-qwen.alpha4.0.steps100.blocks-8.prefetch-budget-16.rank-reject_first.samples10.maxnew3072.seed10086.subtreePrefetch.vllm.log,7089,2026-08-10 13:18:05,1030.0,0.0,615.1,16,0,0.1,97.1
dataset-math500.model-qwen.alpha4.0.steps100.blocks-8.prefetch-budget-16.rank-reject_first.samples10.maxnew3072.seed10086.subtreePrefetch.vllm.log,7156,2026-08-10 13:18:15,1040.0,0.0,654.2,2,0,0.1,97.1
dataset-math500.model-qwen.alpha4.0.steps100.blocks-8.prefetch-budget-16.rank-reject_first.samples10.maxnew3072.seed10086.subtreePrefetch.vllm.log,7168,2026-08-10 13:18:25,1050.0,0.0,666.3,7,0,0.4,97.1
dataset-math500.model-qwen.alpha4.0.steps100.blocks-8.prefetch-budget-16.rank-reject_first.samples10.maxnew3072.seed10086.subtreePrefetch.vllm.log,7205,2026-08-10 13:18:35,1060.0,0.0,703.1,5,0,0.3,97.1
dataset-math500.model-qwen.alpha4.0.steps100.blocks-8.prefetch-budget-16.rank-reject_first.samples10.maxnew3072.seed10086.subtreePrefetch.vllm.log,7242,2026-08-10 13:18:45,1070.0,0.0,545.0,3,0,0.2,97.1
dataset-math500.model-qwen.alpha4.0.steps100.blocks-8.prefetch-budget-16.rank-reject_first.samples10.maxnew3072.seed10086.subtreePrefetch.vllm.log,7279,2026-08-10 13:18:55,1080.0,0.0,677.0,10,0,0.5,97.1
dataset-math500.model-qwen.alpha4.0.steps100.blocks-8.prefetch-budget-16.rank-reject_first.samples10.maxnew3072.seed10086.subtreePrefetch.vllm.log,7316,2026-08-10 13:19:05,1090.0,0.0,817.2,4,0,0.3,97.1
dataset-math500.model-qwen.alpha4.0.steps100.blocks-8.prefetch-budget-16.rank-reject_first.samples10.maxnew3072.seed10086.subtreePrefetch.vllm.log,7389,2026-08-10 13:19:15,1100.0,0.0,623.1,16,0,0.1,97.2
dataset-math500.model-qwen.alpha4.0.steps100.blocks-8.prefetch-budget-16.rank-reject_first.samples10.maxnew3072.seed10086.subtreePrefetch.vllm.log,7426,2026-08-10 13:19:25,1110.0,0.0,973.3,13,0,0.4,97.2
dataset-math500.model-qwen.alpha4.0.steps100.blocks-8.prefetch-budget-16.rank-reject_first.samples10.maxnew3072.seed10086.subtreePrefetch.vllm.log,7463,2026-08-10 13:19:35,1120.0,0.0,620.6,14,0,0.3,97.2
dataset-math500.model-qwen.alpha4.0.steps100.blocks-8.prefetch-budget-16.rank-reject_first.samples10.maxnew3072.seed10086.subtreePrefetch.vllm.log,7500,2026-08-10 13:19:45,1130.0,0.0,555.1,15,0,0.2,97.2
dataset-math500.model-qwen.alpha4.0.steps100.blocks-8.prefetch-budget-16.rank-reject_first.samples10.maxnew3072.seed10086.subtreePrefetch.vllm.log,7501,2026-08-10 13:19:55,1140.0,0.0,620.4,2,0,0.2,97.2
dataset-math500.model-qwen.alpha4.0.steps100.blocks-8.prefetch-budget-16.rank-reject_first.samples10.maxnew3072.seed10086.subtreePrefetch.vllm.log,7538,2026-08-10 13:20:05,1150.0,0.0,642.4,3,0,0.2,97.2
dataset-math500.model-qwen.alpha4.0.steps100.blocks-8.prefetch-budget-16.rank-reject_first.samples10.maxnew3072.seed10086.subtreePrefetch.vllm.log,7575,2026-08-10 13:20:16,1161.0,0.0,536.1,4,0,0.3,97.3
dataset-math500.model-qwen.alpha4.0.steps100.blocks-8.prefetch-budget-16.rank-reject_first.samples10.maxnew3072.seed10086.subtreePrefetch.vllm.log,7612,2026-08-10 13:20:26,1171.0,0.0,640.4,5,0,0.3,97.3
dataset-math500.model-qwen.alpha4.0.steps100.blocks-8.prefetch-budget-16.rank-reject_first.samples10.maxnew3072.seed10086.subtreePrefetch.vllm.log,7649,2026-08-10 13:20:36,1181.0,0.0,688.1,3,0,0.2,97.3
dataset-math500.model-qwen.alpha4.0.steps100.blocks-8.prefetch-budget-16.rank-reject_first.samples10.maxnew3072.seed10086.subtreePrefetch.vllm.log,7686,2026-08-10 13:20:46,1191.0,0.0,579.4,1,0,0.1,97.4
dataset-math500.model-qwen.alpha4.0.steps100.blocks-8.prefetch-budget-16.rank-reject_first.samples10.maxnew3072.seed10086.subtreePrefetch.vllm.log,7723,2026-08-10 13:20:56,1201.0,0.0,624.1,1,0,0.1,97.4
dataset-math500.model-qwen.alpha4.0.steps100.blocks-8.prefetch-budget-16.rank-reject_first.samples10.maxnew3072.seed10086.subtreePrefetch.vllm.log,7760,2026-08-10 13:21:06,1211.0,0.0,617.9,3,0,0.2,97.4
dataset-math500.model-qwen.alpha4.0.steps100.blocks-8.prefetch-budget-16.rank-reject_first.samples10.maxnew3072.seed10086.subtreePrefetch.vllm.log,7833,2026-08-10 13:21:16,1221.0,0.0,522.3,16,0,0.2,97.5
dataset-math500.model-qwen.alpha4.0.steps100.blocks-8.prefetch-budget-16.rank-reject_first.samples10.maxnew3072.seed10086.subtreePrefetch.vllm.log,7870,2026-08-10 13:21:26,1231.0,0.0,615.3,16,0,0.1,97.5
dataset-math500.model-qwen.alpha4.0.steps100.blocks-8.prefetch-budget-16.rank-reject_first.samples10.maxnew3072.seed10086.subtreePrefetch.vllm.log,7871,2026-08-10 13:21:36,1241.0,0.0,615.9,2,0,0.1,97.5
dataset-math500.model-qwen.alpha4.0.steps100.blocks-8.prefetch-budget-16.rank-reject_first.samples10.maxnew3072.seed10086.subtreePrefetch.vllm.log,7989,2026-08-10 13:21:46,1251.0,0.0,688.4,2,0,0.1,97.5
dataset-math500.model-qwen.alpha4.0.steps100.blocks-8.prefetch-budget-16.rank-reject_first.samples10.maxnew3072.seed10086.subtreePrefetch.vllm.log,8098,2026-08-10 13:21:56,1261.0,0.0,790.6,15,0,0.2,97.6
dataset-math500.model-qwen.alpha4.0.steps100.blocks-8.prefetch-budget-16.rank-reject_first.samples10.maxnew3072.seed10086.subtreePrefetch.vllm.log,8171,2026-08-10 13:22:06,1271.0,0.0,728.0,9,0,0.2,97.6
dataset-math500.model-qwen.alpha4.0.steps100.blocks-8.prefetch-budget-16.rank-reject_first.samples10.maxnew3072.seed10086.subtreePrefetch.vllm.log,8244,2026-08-10 13:22:16,1281.0,0.0,627.1,6,0,0.2,97.7
dataset-math500.model-qwen.alpha4.0.steps100.blocks-8.prefetch-budget-16.rank-reject_first.samples10.maxnew3072.seed10086.subtreePrefetch.vllm.log,8353,2026-08-10 13:22:26,1291.0,0.0,707.5,16,0,0.1,97.8
dataset-math500.model-qwen.alpha4.0.steps100.blocks-8.prefetch-budget-16.rank-reject_first.samples10.maxnew3072.seed10086.subtreePrefetch.vllm.log,8462,2026-08-10 13:22:36,1301.0,0.0,886.4,14,0,0.1,97.8
dataset-math500.model-qwen.alpha4.0.steps100.blocks-8.prefetch-budget-16.rank-reject_first.samples10.maxnew3072.seed10086.subtreePrefetch.vllm.log,8535,2026-08-10 13:22:46,1311.0,0.0,766.8,12,0,0.2,97.9
dataset-math500.model-qwen.alpha4.0.steps100.blocks-8.prefetch-budget-16.rank-reject_first.samples10.maxnew3072.seed10086.subtreePrefetch.vllm.log,8608,2026-08-10 13:22:56,1321.0,0.0,701.9,10,0,0.3,97.9
dataset-math500.model-qwen.alpha4.0.steps100.blocks-8.prefetch-budget-16.rank-reject_first.samples10.maxnew3072.seed10086.subtreePrefetch.vllm.log,8681,2026-08-10 13:23:06,1331.0,0.0,678.6,6,0,0.2,98.0
dataset-math500.model-qwen.alpha4.0.steps100.blocks-8.prefetch-budget-16.rank-reject_first.samples10.maxnew3072.seed10086.subtreePrefetch.vllm.log,8790,2026-08-10 13:23:16,1341.0,0.0,682.7,14,0,0.2,98.1
dataset-math500.model-qwen.alpha4.0.steps100.blocks-8.prefetch-budget-16.rank-reject_first.samples10.maxnew3072.seed10086.subtreePrefetch.vllm.log,8863,2026-08-10 13:23:26,1351.0,0.0,715.9,4,0,0.2,98.1
dataset-math500.model-qwen.alpha4.0.steps100.blocks-8.prefetch-budget-16.rank-reject_first.samples10.maxnew3072.seed10086.subtreePrefetch.vllm.log,8972,2026-08-10 13:23:36,1361.0,0.0,775.9,11,0,0.2,98.2
dataset-math500.model-qwen.alpha4.0.steps100.blocks-8.prefetch-budget-16.rank-reject_first.samples10.maxnew3072.seed10086.subtreePrefetch.vllm.log,9081,2026-08-10 13:23:46,1371.0,0.0,849.2,13,0,0.1,98.2
dataset-math500.model-qwen.alpha4.0.steps100.blocks-8.prefetch-budget-16.rank-reject_first.samples10.maxnew3072.seed10086.subtreePrefetch.vllm.log,9154,2026-08-10 13:23:56,1381.0,0.0,789.8,7,0,0.2,98.3
dataset-math500.model-qwen.alpha4.0.steps100.blocks-8.prefetch-budget-16.rank-reject_first.samples10.maxnew3072.seed10086.subtreePrefetch.vllm.log,9227,2026-08-10 13:24:06,1391.0,0.0,616.0,4,0,0.2,98.3
dataset-math500.model-qwen.alpha4.0.steps100.blocks-8.prefetch-budget-16.rank-reject_first.samples10.maxnew3072.seed10086.subtreePrefetch.vllm.log,9336,2026-08-10 13:24:16,1401.0,0.0,652.9,13,0,0.1,98.3
dataset-math500.model-qwen.alpha4.0.steps100.blocks-8.prefetch-budget-16.rank-reject_first.samples10.maxnew3072.seed10086.subtreePrefetch.vllm.log,9409,2026-08-10 13:24:26,1411.0,0.0,673.3,12,0,0.2,98.4
dataset-math500.model-qwen.alpha4.0.steps100.blocks-8.prefetch-budget-16.rank-reject_first.samples10.maxnew3072.seed10086.subtreePrefetch.vllm.log,9482,2026-08-10 13:24:36,1421.0,0.0,746.6,8,0,0.2,98.4
dataset-math500.model-qwen.alpha4.0.steps100.blocks-8.prefetch-budget-16.rank-reject_first.samples10.maxnew3072.seed10086.subtreePrefetch.vllm.log,9555,2026-08-10 13:24:46,1431.0,0.0,666.8,6,0,0.2,98.4
dataset-math500.model-qwen.alpha4.0.steps100.blocks-8.prefetch-budget-16.rank-reject_first.samples10.maxnew3072.seed10086.subtreePrefetch.vllm.log,9628,2026-08-10 13:24:56,1441.0,0.0,703.7,6,0,0.2,98.4
dataset-math500.model-qwen.alpha4.0.steps100.blocks-8.prefetch-budget-16.rank-reject_first.samples10.maxnew3072.seed10086.subtreePrefetch.vllm.log,9701,2026-08-10 13:25:06,1451.0,0.0,655.9,4,0,0.1,98.4
dataset-math500.model-qwen.alpha4.0.steps100.blocks-8.prefetch-budget-16.rank-reject_first.samples10.maxnew3072.seed10086.subtreePrefetch.vllm.log,9810,2026-08-10 13:25:16,1461.0,0.0,612.2,15,0,0.2,98.4
dataset-math500.model-qwen.alpha4.0.steps100.blocks-8.prefetch-budget-16.rank-reject_first.samples10.maxnew3072.seed10086.subtreePrefetch.vllm.log,9883,2026-08-10 13:25:26,1471.0,0.0,726.8,8,0,0.2,98.5
dataset-math500.model-qwen.alpha4.0.steps100.blocks-8.prefetch-budget-16.rank-reject_first.samples10.maxnew3072.seed10086.subtreePrefetch.vllm.log,9992,2026-08-10 13:25:36,1481.0,0.0,948.6,7,0,0.2,98.5
dataset-math500.model-qwen.alpha4.0.steps100.blocks-8.prefetch-budget-16.rank-reject_first.samples10.maxnew3072.seed10086.subtreePrefetch.vllm.log,10101,2026-08-10 13:25:46,1491.0,0.0,832.4,5,0,0.2,98.5
dataset-math500.model-qwen.alpha4.0.steps100.blocks-8.prefetch-budget-16.rank-reject_first.samples10.maxnew3072.seed10086.subtreePrefetch.vllm.log,10174,2026-08-10 13:25:56,1501.0,0.0,636.2,1,0,0.1,98.5
dataset-math500.model-qwen.alpha4.0.steps100.blocks-8.prefetch-budget-16.rank-reject_first.samples10.maxnew3072.seed10086.subtreePrefetch.vllm.log,10319,2026-08-10 13:26:06,1511.0,0.0,950.0,16,0,0.2,98.6
dataset-math500.model-qwen.alpha4.0.steps100.blocks-8.prefetch-budget-16.rank-reject_first.samples10.maxnew3072.seed10086.subtreePrefetch.vllm.log,10396,2026-08-10 13:26:16,1521.0,0.0,809.1,1,0,0.1,98.6
dataset-math500.model-qwen.alpha4.0.steps100.blocks-8.prefetch-budget-16.rank-reject_first.samples10.maxnew3072.seed10086.subtreePrefetch.vllm.log,10440,2026-08-10 13:26:26,1531.0,0.0,598.3,16,0,0.2,98.6
dataset-math500.model-qwen.alpha4.0.steps100.blocks-8.prefetch-budget-16.rank-reject_first.samples10.maxnew3072.seed10086.subtreePrefetch.vllm.log,10477,2026-08-10 13:26:36,1541.0,0.0,930.3,13,0,0.3,98.6
dataset-math500.model-qwen.alpha4.0.steps100.blocks-8.prefetch-budget-16.rank-reject_first.samples10.maxnew3072.seed10086.subtreePrefetch.vllm.log,10514,2026-08-10 13:26:46,1551.0,0.0,829.5,9,0,0.4,98.6
dataset-math500.model-qwen.alpha4.0.steps100.blocks-8.prefetch-budget-16.rank-reject_first.samples10.maxnew3072.seed10086.subtreePrefetch.vllm.log,10551,2026-08-10 13:26:56,1561.0,0.0,786.4,14,0,0.6,98.6
dataset-math500.model-qwen.alpha4.0.steps100.blocks-8.prefetch-budget-16.rank-reject_first.samples10.maxnew3072.seed10086.subtreePrefetch.vllm.log,10588,2026-08-10 13:27:06,1571.0,0.0,951.8,6,0,0.4,98.6
dataset-math500.model-qwen.alpha4.0.steps100.blocks-8.prefetch-budget-16.rank-reject_first.samples10.maxnew3072.seed10086.subtreePrefetch.vllm.log,10661,2026-08-10 13:27:16,1581.0,0.0,921.8,16,0,0.2,98.6
dataset-math500.model-qwen.alpha4.0.steps100.blocks-8.prefetch-budget-16.rank-reject_first.samples10.maxnew3072.seed10086.subtreePrefetch.vllm.log,10698,2026-08-10 13:27:26,1591.0,0.0,623.3,16,0,0.2,98.6
dataset-math500.model-qwen.alpha4.0.steps100.blocks-8.prefetch-budget-16.rank-reject_first.samples10.maxnew3072.seed10086.subtreePrefetch.vllm.log,10735,2026-08-10 13:27:36,1601.0,0.0,569.3,14,0,0.2,98.6
dataset-math500.model-qwen.alpha4.0.steps100.blocks-8.prefetch-budget-16.rank-reject_first.samples10.maxnew3072.seed10086.subtreePrefetch.vllm.log,10736,2026-08-10 13:27:46,1611.0,0.0,539.9,2,0,0.2,98.6
dataset-math500.model-qwen.alpha4.0.steps100.blocks-8.prefetch-budget-16.rank-reject_first.samples10.maxnew3072.seed10086.subtreePrefetch.vllm.log,10809,2026-08-10 13:27:56,1621.0,0.0,768.7,8,0,0.3,98.6
dataset-math500.model-qwen.alpha4.0.steps100.blocks-8.prefetch-budget-16.rank-reject_first.samples10.maxnew3072.seed10086.subtreePrefetch.vllm.log,10846,2026-08-10 13:28:06,1631.0,0.0,592.8,10,0,0.3,98.7
dataset-math500.model-qwen.alpha4.0.steps100.blocks-8.prefetch-budget-16.rank-reject_first.samples10.maxnew3072.seed10086.subtreePrefetch.vllm.log,10883,2026-08-10 13:28:16,1641.0,0.0,521.9,12,0,0.3,98.7
dataset-math500.model-qwen.alpha4.0.steps100.blocks-8.prefetch-budget-16.rank-reject_first.samples10.maxnew3072.seed10086.subtreePrefetch.vllm.log,10920,2026-08-10 13:28:26,1651.0,0.0,706.6,9,0,0.4,98.7
dataset-math500.model-qwen.alpha4.0.steps100.blocks-8.prefetch-budget-16.rank-reject_first.samples10.maxnew3072.seed10086.subtreePrefetch.vllm.log,10957,2026-08-10 13:28:36,1661.0,0.0,626.6,5,0,0.3,98.7
dataset-math500.model-qwen.alpha4.0.steps100.blocks-8.prefetch-budget-16.rank-reject_first.samples10.maxnew3072.seed10086.subtreePrefetch.vllm.log,10994,2026-08-10 13:28:46,1671.0,0.0,613.3,5,0,0.4,98.7
dataset-math500.model-qwen.alpha4.0.steps100.blocks-8.prefetch-budget-16.rank-reject_first.samples10.maxnew3072.seed10086.subtreePrefetch.vllm.log,11067,2026-08-10 13:28:56,1681.0,0.0,954.2,13,0,0.3,98.7
dataset-math500.model-qwen.alpha4.0.steps100.blocks-8.prefetch-budget-16.rank-reject_first.samples10.maxnew3072.seed10086.subtreePrefetch.vllm.log,11104,2026-08-10 13:29:06,1691.0,0.0,518.4,15,0,0.3,98.7
dataset-math500.model-qwen.alpha4.0.steps100.blocks-8.prefetch-budget-16.rank-reject_first.samples10.maxnew3072.seed10086.subtreePrefetch.vllm.log,11141,2026-08-10 13:29:16,1701.0,0.0,557.8,15,0,0.2,98.7
dataset-math500.model-qwen.alpha4.0.steps100.blocks-8.prefetch-budget-16.rank-reject_first.samples10.maxnew3072.seed10086.subtreePrefetch.vllm.log,11178,2026-08-10 13:29:26,1711.0,0.0,949.7,6,0,0.3,98.7
dataset-math500.model-qwen.alpha4.0.steps100.blocks-8.prefetch-budget-16.rank-reject_first.samples10.maxnew3072.seed10086.subtreePrefetch.vllm.log,11215,2026-08-10 13:29:36,1721.0,0.0,726.2,8,0,0.5,98.7
dataset-math500.model-qwen.alpha4.0.steps100.blocks-8.prefetch-budget-16.rank-reject_first.samples10.maxnew3072.seed10086.subtreePrefetch.vllm.log,11288,2026-08-10 13:29:46,1731.0,0.0,785.6,16,0,0.2,98.7
dataset-math500.model-qwen.alpha4.0.steps100.blocks-8.prefetch-budget-16.rank-reject_first.samples10.maxnew3072.seed10086.subtreePrefetch.vllm.log,11325,2026-08-10 13:29:56,1741.0,0.0,1003.5,15,0,0.4,98.7
dataset-math500.model-qwen.alpha4.0.steps100.blocks-8.prefetch-budget-16.rank-reject_first.samples10.maxnew3072.seed10086.subtreePrefetch.vllm.log,11404,2026-08-10 13:30:06,1751.0,0.0,595.8,16,0,0.1,98.7
dataset-math500.model-qwen.alpha4.0.steps100.blocks-8.prefetch-budget-16.rank-reject_first.samples10.maxnew3072.seed10086.subtreePrefetch.vllm.log,11441,2026-08-10 13:30:16,1761.0,0.0,596.2,2,0,0.1,98.7
dataset-math500.model-qwen.alpha4.0.steps100.blocks-8.prefetch-budget-16.rank-reject_first.samples10.maxnew3072.seed10086.subtreePrefetch.vllm.log,11514,2026-08-10 13:30:26,1771.0,0.0,615.4,2,0,0.1,98.7
dataset-math500.model-qwen.alpha4.0.steps100.blocks-8.prefetch-budget-16.rank-reject_first.samples10.maxnew3072.seed10086.subtreePrefetch.vllm.log,11587,2026-08-10 13:30:36,1781.0,0.0,671.0,2,0,0.1,98.7
dataset-math500.model-qwen.alpha4.0.steps100.blocks-8.prefetch-budget-16.rank-reject_first.samples10.maxnew3072.seed10086.subtreePrefetch.vllm.log,11660,2026-08-10 13:30:46,1791.0,0.0,608.5,5,0,0.2,98.6
dataset-math500.model-qwen.alpha4.0.steps100.blocks-8.prefetch-budget-16.rank-reject_first.samples10.maxnew3072.seed10086.subtreePrefetch.vllm.log,11733,2026-08-10 13:30:56,1801.0,0.0,561.6,6,0,0.2,98.6
dataset-math500.model-qwen.alpha4.0.steps100.blocks-8.prefetch-budget-16.rank-reject_first.samples10.maxnew3072.seed10086.subtreePrefetch.vllm.log,11806,2026-08-10 13:31:06,1811.0,0.0,719.4,2,0,0.1,98.6
dataset-math500.model-qwen.alpha4.0.steps100.blocks-8.prefetch-budget-16.rank-reject_first.samples10.maxnew3072.seed10086.subtreePrefetch.vllm.log,11915,2026-08-10 13:31:16,1821.0,0.0,643.7,13,0,0.1,98.5
dataset-math500.model-qwen.alpha4.0.steps100.blocks-8.prefetch-budget-16.rank-reject_first.samples10.maxnew3072.seed10086.subtreePrefetch.vllm.log,11952,2026-08-10 13:31:26,1831.0,0.0,596.3,2,0,0.1,98.5
dataset-math500.model-qwen.alpha4.0.steps100.blocks-8.prefetch-budget-16.rank-reject_first.samples10.maxnew3072.seed10086.subtreePrefetch.vllm.log,12061,2026-08-10 13:31:36,1841.0,0.0,657.9,15,0,0.1,98.5
dataset-math500.model-qwen.alpha4.0.steps100.blocks-8.prefetch-budget-16.rank-reject_first.samples10.maxnew3072.seed10086.subtreePrefetch.vllm.log,12134,2026-08-10 13:31:46,1851.0,0.0,713.5,15,0,0.2,98.5
dataset-math500.model-qwen.alpha4.0.steps100.blocks-8.prefetch-budget-16.rank-reject_first.samples10.maxnew3072.seed10086.subtreePrefetch.vllm.log,12207,2026-08-10 13:31:56,1861.0,0.0,714.5,11,0,0.2,98.5
dataset-math500.model-qwen.alpha4.0.steps100.blocks-8.prefetch-budget-16.rank-reject_first.samples10.maxnew3072.seed10086.subtreePrefetch.vllm.log,12280,2026-08-10 13:32:06,1871.0,0.0,625.7,7,0,0.2,98.4
dataset-math500.model-qwen.alpha4.0.steps100.blocks-8.prefetch-budget-16.rank-reject_first.samples10.maxnew3072.seed10086.subtreePrefetch.vllm.log,12389,2026-08-10 13:32:16,1881.0,0.0,547.0,16,0,0.1,98.4
dataset-math500.model-qwen.alpha4.0.steps100.blocks-8.prefetch-budget-16.rank-reject_first.samples10.maxnew3072.seed10086.subtreePrefetch.vllm.log,12462,2026-08-10 13:32:26,1891.0,0.0,696.2,15,0,0.1,98.4
dataset-math500.model-qwen.alpha4.0.steps100.blocks-8.prefetch-budget-16.rank-reject_first.samples10.maxnew3072.seed10086.subtreePrefetch.vllm.log,12535,2026-08-10 13:32:36,1901.0,0.0,773.7,12,0,0.2,98.3
dataset-math500.model-qwen.alpha4.0.steps100.blocks-8.prefetch-budget-16.rank-reject_first.samples10.maxnew3072.seed10086.subtreePrefetch.vllm.log,12608,2026-08-10 13:32:46,1911.0,0.0,628.1,14,0,0.2,98.3
dataset-math500.model-qwen.alpha4.0.steps100.blocks-8.prefetch-budget-16.rank-reject_first.samples10.maxnew3072.seed10086.subtreePrefetch.vllm.log,12681,2026-08-10 13:32:56,1921.0,0.0,738.5,7,0,0.2,98.3
dataset-math500.model-qwen.alpha4.0.steps100.blocks-8.prefetch-budget-16.rank-reject_first.samples10.maxnew3072.seed10086.subtreePrefetch.vllm.log,12780,2026-08-10 13:33:06,1931.0,0.0,486.3,1,0,0.0,98.2
dataset-math500.model-qwen.alpha4.0.steps100.blocks-8.prefetch-budget-16.rank-reject_first.samples10.maxnew3072.seed10086.subtreePrefetch.vllm.log,12817,2026-08-10 13:33:16,1941.0,0.0,554.3,4,0,0.1,98.2
dataset-math500.model-qwen.alpha4.0.steps100.blocks-8.prefetch-budget-16.rank-reject_first.samples10.maxnew3072.seed10086.subtreePrefetch.vllm.log,12926,2026-08-10 13:33:26,1951.0,0.0,743.1,14,0,0.2,98.1
dataset-math500.model-qwen.alpha4.0.steps100.blocks-8.prefetch-budget-16.rank-reject_first.samples10.maxnew3072.seed10086.subtreePrefetch.vllm.log,12999,2026-08-10 13:33:36,1961.0,0.0,643.2,12,0,0.2,98.0
dataset-math500.model-qwen.alpha4.0.steps100.blocks-8.prefetch-budget-16.rank-reject_first.samples10.maxnew3072.seed10086.subtreePrefetch.vllm.log,13072,2026-08-10 13:33:46,1971.0,0.0,545.7,10,0,0.1,97.9
dataset-math500.model-qwen.alpha4.0.steps100.blocks-8.prefetch-budget-16.rank-reject_first.samples10.maxnew3072.seed10086.subtreePrefetch.vllm.log,13145,2026-08-10 13:33:56,1981.0,0.0,502.2,14,0,0.1,97.8
dataset-math500.model-qwen.alpha4.0.steps100.blocks-8.prefetch-budget-16.rank-reject_first.samples10.maxnew3072.seed10086.subtreePrefetch.vllm.log,13182,2026-08-10 13:34:06,1991.0,0.0,535.0,1,0,0.0,97.8
dataset-math500.model-qwen.alpha4.0.steps100.blocks-8.prefetch-budget-16.rank-reject_first.samples10.maxnew3072.seed10086.subtreePrefetch.vllm.log,13291,2026-08-10 13:34:16,2001.0,0.0,747.9,16,0,0.1,97.6
dataset-math500.model-qwen.alpha4.0.steps100.blocks-8.prefetch-budget-16.rank-reject_first.samples10.maxnew3072.seed10086.subtreePrefetch.vllm.log,13364,2026-08-10 13:34:26,2011.0,0.0,796.5,12,0,0.1,97.5
dataset-math500.model-qwen.alpha4.0.steps100.blocks-8.prefetch-budget-16.rank-reject_first.samples10.maxnew3072.seed10086.subtreePrefetch.vllm.log,13437,2026-08-10 13:34:36,2021.0,0.0,474.0,16,0,0.1,97.3
dataset-math500.model-qwen.alpha4.0.steps100.blocks-8.prefetch-budget-16.rank-reject_first.samples10.maxnew3072.seed10086.subtreePrefetch.vllm.log,13474,2026-08-10 13:34:46,2031.0,0.0,607.8,1,0,0.0,97.3
dataset-math500.model-qwen.alpha4.0.steps100.blocks-8.prefetch-budget-16.rank-reject_first.samples10.maxnew3072.seed10086.subtreePrefetch.vllm.log,13547,2026-08-10 13:34:56,2041.0,0.0,715.8,6,0,0.2,97.1
dataset-math500.model-qwen.alpha4.0.steps100.blocks-8.prefetch-budget-16.rank-reject_first.samples10.maxnew3072.seed10086.subtreePrefetch.vllm.log,13620,2026-08-10 13:35:06,2051.0,0.0,570.7,4,0,0.1,96.9
dataset-math500.model-qwen.alpha4.0.steps100.blocks-8.prefetch-budget-16.rank-reject_first.samples10.maxnew3072.seed10086.subtreePrefetch.vllm.log,13729,2026-08-10 13:35:16,2061.0,0.0,695.4,14,0,0.2,96.9
dataset-math500.model-qwen.alpha4.0.steps100.blocks-8.prefetch-budget-16.rank-reject_first.samples10.maxnew3072.seed10086.subtreePrefetch.vllm.log,13802,2026-08-10 13:35:26,2071.0,0.0,704.1,12,0,0.2,97.0
dataset-math500.model-qwen.alpha4.0.steps100.blocks-8.prefetch-budget-16.rank-reject_first.samples10.maxnew3072.seed10086.subtreePrefetch.vllm.log,13875,2026-08-10 13:35:36,2081.0,0.0,662.2,8,0,0.2,96.9
dataset-math500.model-qwen.alpha4.0.steps100.blocks-8.prefetch-budget-16.rank-reject_first.samples10.maxnew3072.seed10086.subtreePrefetch.vllm.log,13945,2026-08-10 13:35:46,2091.0,0.0,506.3,1,0,0.1,96.9
dataset-math500.model-qwen.alpha4.0.steps100.blocks-8.prefetch-budget-16.rank-reject_first.samples10.maxnew3072.seed10086.subtreePrefetch.vllm.log,13946,2026-08-10 13:35:56,2101.0,0.0,760.9,7,0,0.4,97.0
dataset-math500.model-qwen.alpha4.0.steps100.blocks-8.prefetch-budget-16.rank-reject_first.samples10.maxnew3072.seed10086.subtreePrefetch.vllm.log,14019,2026-08-10 13:36:06,2111.0,0.0,938.2,14,0,0.3,97.0
dataset-math500.model-qwen.alpha4.0.steps100.blocks-8.prefetch-budget-16.rank-reject_first.samples10.maxnew3072.seed10086.subtreePrefetch.vllm.log,14056,2026-08-10 13:36:16,2121.0,0.0,633.4,9,0,0.2,97.1
dataset-math500.model-qwen.alpha4.0.steps100.blocks-8.prefetch-budget-16.rank-reject_first.samples10.maxnew3072.seed10086.subtreePrefetch.vllm.log,14093,2026-08-10 13:36:26,2131.0,0.0,568.9,8,0,0.3,97.1
dataset-math500.model-qwen.alpha4.0.steps100.blocks-8.prefetch-budget-16.rank-reject_first.samples10.maxnew3072.seed10086.subtreePrefetch.vllm.log,14130,2026-08-10 13:36:36,2141.0,0.0,643.0,3,0,0.2,97.1
dataset-math500.model-qwen.alpha4.0.steps100.blocks-8.prefetch-budget-16.rank-reject_first.samples10.maxnew3072.seed10086.subtreePrefetch.vllm.log,14167,2026-08-10 13:36:46,2151.0,0.0,583.2,8,0,0.4,97.1
dataset-math500.model-qwen.alpha4.0.steps100.blocks-8.prefetch-budget-16.rank-reject_first.samples10.maxnew3072.seed10086.subtreePrefetch.vllm.log,14204,2026-08-10 13:36:56,2161.0,0.0,575.1,8,0,0.3,97.2
dataset-math500.model-qwen.alpha4.0.steps100.blocks-8.prefetch-budget-16.rank-reject_first.samples10.maxnew3072.seed10086.subtreePrefetch.vllm.log,14241,2026-08-10 13:37:06,2171.0,0.0,640.3,10,0,0.4,97.2
dataset-math500.model-qwen.alpha4.0.steps100.blocks-8.prefetch-budget-16.rank-reject_first.samples10.maxnew3072.seed10086.subtreePrefetch.vllm.log,14278,2026-08-10 13:37:16,2181.0,0.0,669.3,11,0,0.4,97.2
dataset-math500.model-qwen.alpha4.0.steps100.blocks-8.prefetch-budget-16.rank-reject_first.samples10.maxnew3072.seed10086.subtreePrefetch.vllm.log,14315,2026-08-10 13:37:26,2191.0,0.0,888.8,8,0,0.4,97.2
dataset-math500.model-qwen.alpha4.0.steps100.blocks-8.prefetch-budget-16.rank-reject_first.samples10.maxnew3072.seed10086.subtreePrefetch.vllm.log,14352,2026-08-10 13:37:36,2201.0,0.0,742.8,6,0,0.3,97.3
dataset-math500.model-qwen.alpha4.0.steps100.blocks-8.prefetch-budget-16.rank-reject_first.samples10.maxnew3072.seed10086.subtreePrefetch.vllm.log,14389,2026-08-10 13:37:46,2211.0,0.0,525.2,5,0,0.3,97.3
dataset-math500.model-qwen.alpha4.0.steps100.blocks-8.prefetch-budget-16.rank-reject_first.samples10.maxnew3072.seed10086.subtreePrefetch.vllm.log,14426,2026-08-10 13:37:56,2221.0,0.0,545.7,8,0,0.3,97.3
dataset-math500.model-qwen.alpha4.0.steps100.blocks-8.prefetch-budget-16.rank-reject_first.samples10.maxnew3072.seed10086.subtreePrefetch.vllm.log,14463,2026-08-10 13:38:06,2231.0,0.0,535.7,10,0,0.3,97.3
dataset-math500.model-qwen.alpha4.0.steps100.blocks-8.prefetch-budget-16.rank-reject_first.samples10.maxnew3072.seed10086.subtreePrefetch.vllm.log,14500,2026-08-10 13:38:16,2241.0,0.0,573.1,12,0,0.4,97.4
dataset-math500.model-qwen.alpha4.0.steps100.blocks-8.prefetch-budget-16.rank-reject_first.samples10.maxnew3072.seed10086.subtreePrefetch.vllm.log,14537,2026-08-10 13:38:26,2251.0,0.0,784.8,10,0,0.4,97.4
dataset-math500.model-qwen.alpha4.0.steps100.blocks-8.prefetch-budget-16.rank-reject_first.samples10.maxnew3072.seed10086.subtreePrefetch.vllm.log,14574,2026-08-10 13:38:36,2261.0,0.0,626.7,5,0,0.2,97.4
dataset-math500.model-qwen.alpha4.0.steps100.blocks-8.prefetch-budget-16.rank-reject_first.samples10.maxnew3072.seed10086.subtreePrefetch.vllm.log,14611,2026-08-10 13:38:46,2271.0,0.0,835.9,6,0,0.4,97.4
dataset-math500.model-qwen.alpha4.0.steps100.blocks-8.prefetch-budget-16.rank-reject_first.samples10.maxnew3072.seed10086.subtreePrefetch.vllm.log,14648,2026-08-10 13:38:56,2281.0,0.0,706.4,6,0,0.4,97.4
dataset-math500.model-qwen.alpha4.0.steps100.blocks-8.prefetch-budget-16.rank-reject_first.samples10.maxnew3072.seed10086.subtreePrefetch.vllm.log,14685,2026-08-10 13:39:06,2291.0,0.0,551.1,5,0,0.3,97.4
dataset-math500.model-qwen.alpha4.0.steps100.blocks-8.prefetch-budget-16.rank-reject_first.samples10.maxnew3072.seed10086.subtreePrefetch.vllm.log,14758,2026-08-10 13:39:16,2301.0,0.0,589.2,14,0,0.2,97.5
dataset-math500.model-qwen.alpha4.0.steps100.blocks-8.prefetch-budget-16.rank-reject_first.samples10.maxnew3072.seed10086.subtreePrefetch.vllm.log,14759,2026-08-10 13:39:26,2311.0,0.0,423.9,1,0,0.1,97.5
dataset-math500.model-qwen.alpha4.0.steps100.blocks-8.prefetch-budget-16.rank-reject_first.samples10.maxnew3072.seed10086.subtreePrefetch.vllm.log,14796,2026-08-10 13:39:36,2321.0,0.0,784.7,3,0,0.2,97.5
dataset-math500.model-qwen.alpha4.0.steps100.blocks-8.prefetch-budget-16.rank-reject_first.samples10.maxnew3072.seed10086.subtreePrefetch.vllm.log,14833,2026-08-10 13:39:46,2331.0,0.0,517.2,1,0,0.1,97.5
dataset-math500.model-qwen.alpha4.0.steps100.blocks-8.prefetch-budget-16.rank-reject_first.samples10.maxnew3072.seed10086.subtreePrefetch.vllm.log,14870,2026-08-10 13:39:56,2341.0,0.0,620.3,4,0,0.3,97.5
dataset-math500.model-qwen.alpha4.0.steps100.blocks-8.prefetch-budget-16.rank-reject_first.samples10.maxnew3072.seed10086.subtreePrefetch.vllm.log,14907,2026-08-10 13:40:06,2351.0,0.0,669.9,4,0,0.2,97.6
dataset-math500.model-qwen.alpha4.0.steps100.blocks-8.prefetch-budget-16.rank-reject_first.samples10.maxnew3072.seed10086.subtreePrefetch.vllm.log,14944,2026-08-10 13:40:16,2361.0,0.0,557.3,5,0,0.3,97.6
dataset-math500.model-qwen.alpha4.0.steps100.blocks-8.prefetch-budget-16.rank-reject_first.samples10.maxnew3072.seed10086.subtreePrefetch.vllm.log,14981,2026-08-10 13:40:26,2371.0,0.0,594.2,6,0,0.3,97.6
dataset-math500.model-qwen.alpha4.0.steps100.blocks-8.prefetch-budget-16.rank-reject_first.samples10.maxnew3072.seed10086.subtreePrefetch.vllm.log,15018,2026-08-10 13:40:36,2381.0,0.0,719.5,6,0,0.3,97.6
dataset-math500.model-qwen.alpha4.0.steps100.blocks-8.prefetch-budget-16.rank-reject_first.samples10.maxnew3072.seed10086.subtreePrefetch.vllm.log,15055,2026-08-10 13:40:46,2391.0,0.0,674.1,9,0,0.4,97.6
dataset-math500.model-qwen.alpha4.0.steps100.blocks-8.prefetch-budget-16.rank-reject_first.samples10.maxnew3072.seed10086.subtreePrefetch.vllm.log,15092,2026-08-10 13:40:56,2401.0,0.0,736.5,9,0,0.4,97.6
dataset-math500.model-qwen.alpha4.0.steps100.blocks-8.prefetch-budget-16.rank-reject_first.samples10.maxnew3072.seed10086.subtreePrefetch.vllm.log,15123,2026-08-10 13:41:06,2411.0,0.0,419.3,5,0,0.3,97.6
dataset-math500.model-qwen.alpha4.0.steps100.blocks-8.prefetch-budget-16.rank-reject_first.samples10.maxnew3072.seed10086.subtreePrefetch.vllm.log,15189,2026-08-10 13:41:16,2421.0,0.0,387.2,2,0,0.1,97.6
dataset-math500.model-qwen.alpha4.0.steps100.blocks-8.prefetch-budget-16.rank-reject_first.samples10.maxnew3072.seed10086.subtreePrefetch.vllm.log,15298,2026-08-10 13:41:26,2431.0,0.0,604.1,11,0,0.1,97.6
dataset-math500.model-qwen.alpha4.0.steps100.blocks-8.prefetch-budget-16.rank-reject_first.samples10.maxnew3072.seed10086.subtreePrefetch.vllm.log,15371,2026-08-10 13:41:36,2441.0,0.0,642.0,11,0,0.2,97.6
dataset-math500.model-qwen.alpha4.0.steps100.blocks-8.prefetch-budget-16.rank-reject_first.samples10.maxnew3072.seed10086.subtreePrefetch.vllm.log,15444,2026-08-10 13:41:46,2451.0,0.0,633.2,11,0,0.2,97.6
dataset-math500.model-qwen.alpha4.0.steps100.blocks-8.prefetch-budget-16.rank-reject_first.samples10.maxnew3072.seed10086.subtreePrefetch.vllm.log,15517,2026-08-10 13:41:56,2461.0,0.0,715.5,8,0,0.2,97.6
dataset-math500.model-qwen.alpha4.0.steps100.blocks-8.prefetch-budget-16.rank-reject_first.samples10.maxnew3072.seed10086.subtreePrefetch.vllm.log,15590,2026-08-10 13:42:06,2471.0,0.0,630.0,12,0,0.3,97.6
dataset-math500.model-qwen.alpha4.0.steps100.blocks-8.prefetch-budget-16.rank-reject_first.samples10.maxnew3072.seed10086.subtreePrefetch.vllm.log,15663,2026-08-10 13:42:16,2481.0,0.0,723.3,4,0,0.1,97.7
dataset-math500.model-qwen.alpha4.0.steps100.blocks-8.prefetch-budget-16.rank-reject_first.samples10.maxnew3072.seed10086.subtreePrefetch.vllm.log,15736,2026-08-10 13:42:26,2491.0,0.0,565.5,4,0,0.1,97.7
dataset-math500.model-qwen.alpha4.0.steps100.blocks-8.prefetch-budget-16.rank-reject_first.samples10.maxnew3072.seed10086.subtreePrefetch.vllm.log,15809,2026-08-10 13:42:36,2501.0,0.0,597.7,4,0,0.1,97.7
dataset-math500.model-qwen.alpha4.0.steps100.blocks-8.prefetch-budget-16.rank-reject_first.samples10.maxnew3072.seed10086.subtreePrefetch.vllm.log,15882,2026-08-10 13:42:46,2511.0,0.0,559.2,9,0,0.2,97.7
dataset-math500.model-qwen.alpha4.0.steps100.blocks-8.prefetch-budget-16.rank-reject_first.samples10.maxnew3072.seed10086.subtreePrefetch.vllm.log,15955,2026-08-10 13:42:56,2521.0,0.0,752.0,10,0,0.2,97.7
dataset-math500.model-qwen.alpha4.0.steps100.blocks-8.prefetch-budget-16.rank-reject_first.samples10.maxnew3072.seed10086.subtreePrefetch.vllm.log,16028,2026-08-10 13:43:06,2531.0,0.0,678.3,6,0,0.1,97.7
dataset-math500.model-qwen.alpha4.0.steps100.blocks-8.prefetch-budget-16.rank-reject_first.samples10.maxnew3072.seed10086.subtreePrefetch.vllm.log,16101,2026-08-10 13:43:16,2541.0,0.0,520.8,13,0,0.2,97.7
dataset-math500.model-qwen.alpha4.0.steps100.blocks-8.prefetch-budget-16.rank-reject_first.samples10.maxnew3072.seed10086.subtreePrefetch.vllm.log,16174,2026-08-10 13:43:26,2551.0,0.0,705.7,11,0,0.2,97.7
dataset-math500.model-qwen.alpha4.0.steps100.blocks-8.prefetch-budget-16.rank-reject_first.samples10.maxnew3072.seed10086.subtreePrefetch.vllm.log,16247,2026-08-10 13:43:36,2561.0,0.0,637.0,11,0,0.2,97.7
dataset-math500.model-qwen.alpha4.0.steps100.blocks-8.prefetch-budget-16.rank-reject_first.samples10.maxnew3072.seed10086.subtreePrefetch.vllm.log,16320,2026-08-10 13:43:46,2571.0,0.0,585.8,12,0,0.2,97.7
dataset-math500.model-qwen.alpha4.0.steps100.blocks-8.prefetch-budget-16.rank-reject_first.samples10.maxnew3072.seed10086.subtreePrefetch.vllm.log,16393,2026-08-10 13:43:56,2581.0,0.0,536.8,13,0,0.2,97.7
dataset-math500.model-qwen.alpha4.0.steps100.blocks-8.prefetch-budget-16.rank-reject_first.samples10.maxnew3072.seed10086.subtreePrefetch.vllm.log,16466,2026-08-10 13:44:06,2591.0,0.0,585.8,15,0,0.1,97.6
dataset-math500.model-qwen.alpha4.0.steps100.blocks-8.prefetch-budget-16.rank-reject_first.samples10.maxnew3072.seed10086.subtreePrefetch.vllm.log,16539,2026-08-10 13:44:16,2601.0,0.0,557.8,16,0,0.1,97.6
dataset-math500.model-qwen.alpha4.0.steps100.blocks-8.prefetch-budget-16.rank-reject_first.samples10.maxnew3072.seed10086.subtreePrefetch.vllm.log,16612,2026-08-10 13:44:26,2611.0,0.0,634.0,14,0,0.1,97.5
dataset-math500.model-qwen.alpha4.0.steps100.blocks-8.prefetch-budget-16.rank-reject_first.samples10.maxnew3072.seed10086.subtreePrefetch.vllm.log,16649,2026-08-10 13:44:36,2621.0,0.0,595.7,1,0,0.1,97.5
dataset-math500.model-qwen.alpha4.0.steps100.blocks-8.prefetch-budget-16.rank-reject_first.samples10.maxnew3072.seed10086.subtreePrefetch.vllm.log,16722,2026-08-10 13:44:46,2631.0,0.0,675.5,3,0,0.1,97.5
dataset-math500.model-qwen.alpha4.0.steps100.blocks-8.prefetch-budget-16.rank-reject_first.samples10.maxnew3072.seed10086.subtreePrefetch.vllm.log,16795,2026-08-10 13:44:56,2641.0,0.0,691.5,8,0,0.2,97.5
dataset-math500.model-qwen.alpha4.0.steps100.blocks-8.prefetch-budget-16.rank-reject_first.samples10.maxnew3072.seed10086.subtreePrefetch.vllm.log,16868,2026-08-10 13:45:06,2651.0,0.0,544.3,4,0,0.1,97.4
dataset-math500.model-qwen.alpha4.0.steps100.blocks-8.prefetch-budget-16.rank-reject_first.samples10.maxnew3072.seed10086.subtreePrefetch.vllm.log,16941,2026-08-10 13:45:16,2661.0,0.0,666.3,3,0,0.1,97.4
dataset-math500.model-qwen.alpha4.0.steps100.blocks-8.prefetch-budget-16.rank-reject_first.samples10.maxnew3072.seed10086.subtreePrefetch.vllm.log,17014,2026-08-10 13:45:26,2671.0,0.0,727.1,4,0,0.1,97.4
dataset-math500.model-qwen.alpha4.0.steps100.blocks-8.prefetch-budget-16.rank-reject_first.samples10.maxnew3072.seed10086.subtreePrefetch.vllm.log,17123,2026-08-10 13:45:36,2681.0,0.0,644.6,13,0,0.1,97.3
dataset-math500.model-qwen.alpha4.0.steps100.blocks-8.prefetch-budget-16.rank-reject_first.samples10.maxnew3072.seed10086.subtreePrefetch.vllm.log,17196,2026-08-10 13:45:46,2691.0,0.0,633.4,10,0,0.2,97.3
dataset-math500.model-qwen.alpha4.0.steps100.blocks-8.prefetch-budget-16.rank-reject_first.samples10.maxnew3072.seed10086.subtreePrefetch.vllm.log,17269,2026-08-10 13:45:56,2701.0,0.0,686.0,7,0,0.2,97.3
dataset-math500.model-qwen.alpha4.0.steps100.blocks-8.prefetch-budget-16.rank-reject_first.samples10.maxnew3072.seed10086.subtreePrefetch.vllm.log,17342,2026-08-10 13:46:06,2711.0,0.0,674.6,6,0,0.2,97.2
dataset-math500.model-qwen.alpha4.0.steps100.blocks-8.prefetch-budget-16.rank-reject_first.samples10.maxnew3072.seed10086.subtreePrefetch.vllm.log,17403,2026-08-10 13:46:16,2721.0,0.0,786.4,6,0,0.2,97.2
dataset-math500.model-qwen.alpha4.0.steps100.blocks-8.prefetch-budget-16.rank-reject_first.samples10.maxnew3072.seed10086.subtreePrefetch.vllm.log,17453,2026-08-10 13:46:26,2731.0,0.0,179.5,1,0,0.1,97.2
dataset-math500.model-qwen.alpha4.0.steps100.blocks-8.prefetch-budget-16.rank-reject_first.samples10.maxnew3072.seed10086.subtreePrefetch.vllm.log,17490,2026-08-10 13:46:36,2741.0,0.0,673.1,16,0,0.1,97.3
dataset-math500.model-qwen.alpha4.0.steps100.blocks-8.prefetch-budget-16.rank-reject_first.samples10.maxnew3072.seed10086.subtreePrefetch.vllm.log,17491,2026-08-10 13:46:46,2751.0,0.0,772.7,3,0,0.2,97.3
dataset-math500.model-qwen.alpha4.0.steps100.blocks-8.prefetch-budget-16.rank-reject_first.samples10.maxnew3072.seed10086.subtreePrefetch.vllm.log,17564,2026-08-10 13:46:56,2761.0,0.0,989.7,10,0,0.3,97.3
dataset-math500.model-qwen.alpha4.0.steps100.blocks-8.prefetch-budget-16.rank-reject_first.samples10.maxnew3072.seed10086.subtreePrefetch.vllm.log,17601,2026-08-10 13:47:06,2771.0,0.0,769.0,3,0,0.2,97.3
dataset-math500.model-qwen.alpha4.0.steps100.blocks-8.prefetch-budget-16.rank-reject_first.samples10.maxnew3072.seed10086.subtreePrefetch.vllm.log,17674,2026-08-10 13:47:16,2781.0,0.0,812.4,15,0,0.3,97.4
dataset-math500.model-qwen.alpha4.0.steps100.blocks-8.prefetch-budget-16.rank-reject_first.samples10.maxnew3072.seed10086.subtreePrefetch.vllm.log,17711,2026-08-10 13:47:26,2791.0,0.0,853.0,12,0,0.4,97.4
dataset-math500.model-qwen.alpha4.0.steps100.blocks-8.prefetch-budget-16.rank-reject_first.samples10.maxnew3072.seed10086.subtreePrefetch.vllm.log,17748,2026-08-10 13:47:36,2801.0,0.0,907.6,2,0,0.1,97.5
dataset-math500.model-qwen.alpha4.0.steps100.blocks-8.prefetch-budget-16.rank-reject_first.samples10.maxnew3072.seed10086.subtreePrefetch.vllm.log,17821,2026-08-10 13:47:46,2811.0,0.0,904.4,11,0,0.3,97.5
dataset-math500.model-qwen.alpha4.0.steps100.blocks-8.prefetch-budget-16.rank-reject_first.samples10.maxnew3072.seed10086.subtreePrefetch.vllm.log,17858,2026-08-10 13:47:56,2821.0,0.0,738.8,11,0,0.5,97.5
dataset-math500.model-qwen.alpha4.0.steps100.blocks-8.prefetch-budget-16.rank-reject_first.samples10.maxnew3072.seed10086.subtreePrefetch.vllm.log,17895,2026-08-10 13:48:06,2831.0,0.0,778.4,3,0,0.2,97.5
dataset-math500.model-qwen.alpha4.0.steps100.blocks-8.prefetch-budget-16.rank-reject_first.samples10.maxnew3072.seed10086.subtreePrefetch.vllm.log,17932,2026-08-10 13:48:16,2841.0,0.0,657.5,3,0,0.2,97.5
dataset-math500.model-qwen.alpha4.0.steps100.blocks-8.prefetch-budget-16.rank-reject_first.samples10.maxnew3072.seed10086.subtreePrefetch.vllm.log,18005,2026-08-10 13:48:26,2851.0,0.0,925.3,11,0,0.3,97.6
dataset-math500.model-qwen.alpha4.0.steps100.blocks-8.prefetch-budget-16.rank-reject_first.samples10.maxnew3072.seed10086.subtreePrefetch.vllm.log,18042,2026-08-10 13:48:36,2861.0,0.0,542.1,14,0,0.2,97.6
dataset-math500.model-qwen.alpha4.0.steps100.blocks-8.prefetch-budget-16.rank-reject_first.samples10.maxnew3072.seed10086.subtreePrefetch.vllm.log,18079,2026-08-10 13:48:46,2871.0,0.0,582.6,15,0,0.3,97.6
dataset-math500.model-qwen.alpha4.0.steps100.blocks-8.prefetch-budget-16.rank-reject_first.samples10.maxnew3072.seed10086.subtreePrefetch.vllm.log,18116,2026-08-10 13:48:56,2881.0,0.0,721.3,12,0,0.3,97.6
dataset-math500.model-qwen.alpha4.0.steps100.blocks-8.prefetch-budget-16.rank-reject_first.samples10.maxnew3072.seed10086.subtreePrefetch.vllm.log,18153,2026-08-10 13:49:06,2891.0,0.0,703.5,15,0,0.3,97.6
dataset-math500.model-qwen.alpha4.0.steps100.blocks-8.prefetch-budget-16.rank-reject_first.samples10.maxnew3072.seed10086.subtreePrefetch.vllm.log,18190,2026-08-10 13:49:16,2901.0,0.0,1024.2,12,0,0.4,97.6
dataset-math500.model-qwen.alpha4.0.steps100.blocks-8.prefetch-budget-16.rank-reject_first.samples10.maxnew3072.seed10086.subtreePrefetch.vllm.log,18227,2026-08-10 13:49:26,2911.0,0.0,734.2,12,0,0.5,97.7
dataset-math500.model-qwen.alpha4.0.steps100.blocks-8.prefetch-budget-16.rank-reject_first.samples10.maxnew3072.seed10086.subtreePrefetch.vllm.log,18264,2026-08-10 13:49:36,2921.0,0.0,578.3,6,0,0.3,97.7
dataset-math500.model-qwen.alpha4.0.steps100.blocks-8.prefetch-budget-16.rank-reject_first.samples10.maxnew3072.seed10086.subtreePrefetch.vllm.log,18301,2026-08-10 13:49:46,2931.0,0.0,702.8,3,0,0.2,97.7
dataset-math500.model-qwen.alpha4.0.steps100.blocks-8.prefetch-budget-16.rank-reject_first.samples10.maxnew3072.seed10086.subtreePrefetch.vllm.log,18338,2026-08-10 13:49:56,2941.0,0.0,548.6,1,0,0.1,97.8
dataset-math500.model-qwen.alpha4.0.steps100.blocks-8.prefetch-budget-16.rank-reject_first.samples10.maxnew3072.seed10086.subtreePrefetch.vllm.log,18375,2026-08-10 13:50:06,2951.0,0.0,744.2,4,0,0.3,97.8
dataset-math500.model-qwen.alpha4.0.steps100.blocks-8.prefetch-budget-16.rank-reject_first.samples10.maxnew3072.seed10086.subtreePrefetch.vllm.log,18412,2026-08-10 13:50:16,2961.0,0.0,682.6,7,0,0.4,97.8
dataset-math500.model-qwen.alpha4.0.steps100.blocks-8.prefetch-budget-16.rank-reject_first.samples10.maxnew3072.seed10086.subtreePrefetch.vllm.log,18449,2026-08-10 13:50:26,2971.0,0.0,572.5,1,0,0.1,97.8
dataset-math500.model-qwen.alpha4.0.steps100.blocks-8.prefetch-budget-16.rank-reject_first.samples10.maxnew3072.seed10086.subtreePrefetch.vllm.log,18486,2026-08-10 13:50:36,2981.0,0.0,701.5,5,0,0.3,97.8
dataset-math500.model-qwen.alpha4.0.steps100.blocks-8.prefetch-budget-16.rank-reject_first.samples10.maxnew3072.seed10086.subtreePrefetch.vllm.log,18523,2026-08-10 13:50:46,2991.0,0.0,537.6,2,0,0.1,97.9
dataset-math500.model-qwen.alpha4.0.steps100.blocks-8.prefetch-budget-16.rank-reject_first.samples10.maxnew3072.seed10086.subtreePrefetch.vllm.log,18596,2026-08-10 13:50:56,3001.0,0.0,1008.5,12,0,0.3,97.9
dataset-math500.model-qwen.alpha4.0.steps100.blocks-8.prefetch-budget-16.rank-reject_first.samples10.maxnew3072.seed10086.subtreePrefetch.vllm.log,18633,2026-08-10 13:51:06,3011.0,0.0,681.6,8,0,0.4,97.9
dataset-math500.model-qwen.alpha4.0.steps100.blocks-8.prefetch-budget-16.rank-reject_first.samples10.maxnew3072.seed10086.subtreePrefetch.vllm.log,18670,2026-08-10 13:51:16,3021.0,0.0,575.3,9,0,0.3,97.9
dataset-math500.model-qwen.alpha4.0.steps100.blocks-8.prefetch-budget-16.rank-reject_first.samples10.maxnew3072.seed10086.subtreePrefetch.vllm.log,18707,2026-08-10 13:51:26,3031.0,0.0,588.9,14,0,0.4,97.9
dataset-math500.model-qwen.alpha4.0.steps100.blocks-8.prefetch-budget-16.rank-reject_first.samples10.maxnew3072.seed10086.subtreePrefetch.vllm.log,18744,2026-08-10 13:51:36,3041.0,0.0,648.2,15,0,0.3,98.0
dataset-math500.model-qwen.alpha4.0.steps100.blocks-8.prefetch-budget-16.rank-reject_first.samples10.maxnew3072.seed10086.subtreePrefetch.vllm.log,18781,2026-08-10 13:51:46,3051.0,0.0,744.8,8,0,0.3,98.0
dataset-math500.model-qwen.alpha4.0.steps100.blocks-8.prefetch-budget-16.rank-reject_first.samples10.maxnew3072.seed10086.subtreePrefetch.vllm.log,18818,2026-08-10 13:51:56,3061.0,0.0,674.5,4,0,0.2,98.0
dataset-math500.model-qwen.alpha4.0.steps100.blocks-8.prefetch-budget-16.rank-reject_first.samples10.maxnew3072.seed10086.subtreePrefetch.vllm.log,18891,2026-08-10 13:52:06,3071.0,0.0,660.1,16,0,0.1,98.0
dataset-math500.model-qwen.alpha4.0.steps100.blocks-8.prefetch-budget-16.rank-reject_first.samples10.maxnew3072.seed10086.subtreePrefetch.vllm.log,18892,2026-08-10 13:52:16,3081.0,0.0,594.0,5,0,0.4,98.0
dataset-math500.model-qwen.alpha4.0.steps100.blocks-8.prefetch-budget-16.rank-reject_first.samples10.maxnew3072.seed10086.subtreePrefetch.vllm.log,18933,2026-08-10 13:52:26,3091.0,0.0,167.4,2,0,0.1,98.1
dataset-math500.model-qwen.alpha4.0.steps100.blocks-8.prefetch-budget-16.rank-reject_first.samples10.maxnew3072.seed10086.subtreePrefetch.vllm.log,18945,2026-08-10 13:52:36,3101.0,0.0,568.6,11,0,0.5,98.1
dataset-math500.model-qwen.alpha4.0.steps100.blocks-8.prefetch-budget-16.rank-reject_first.samples10.maxnew3072.seed10086.subtreePrefetch.vllm.log,18982,2026-08-10 13:52:46,3111.0,0.0,580.7,14,0,0.3,98.1
dataset-math500.model-qwen.alpha4.0.steps100.blocks-8.prefetch-budget-16.rank-reject_first.samples10.maxnew3072.seed10086.subtreePrefetch.vllm.log,19019,2026-08-10 13:52:56,3121.0,0.0,843.4,15,0,0.2,98.2
dataset-math500.model-qwen.alpha4.0.steps100.blocks-8.prefetch-budget-16.rank-reject_first.samples10.maxnew3072.seed10086.subtreePrefetch.vllm.log,19020,2026-08-10 13:53:06,3131.0,0.0,699.0,7,0,0.6,98.2
dataset-math500.model-qwen.alpha4.0.steps100.blocks-8.prefetch-budget-16.rank-reject_first.samples10.maxnew3072.seed10086.subtreePrefetch.vllm.log,19057,2026-08-10 13:53:16,3141.0,0.0,669.5,12,0,0.5,98.2
dataset-math500.model-qwen.alpha4.0.steps100.blocks-8.prefetch-budget-16.rank-reject_first.samples10.maxnew3072.seed10086.subtreePrefetch.vllm.log,19094,2026-08-10 13:53:26,3151.0,0.0,773.5,13,0,0.4,98.2
dataset-math500.model-qwen.alpha4.0.steps100.blocks-8.prefetch-budget-16.rank-reject_first.samples10.maxnew3072.seed10086.subtreePrefetch.vllm.log,19095,2026-08-10 13:53:36,3161.0,0.0,625.3,5,0,0.5,98.2
dataset-math500.model-qwen.alpha4.0.steps100.blocks-8.prefetch-budget-16.rank-reject_first.samples10.maxnew3072.seed10086.subtreePrefetch.vllm.log,19132,2026-08-10 13:53:46,3171.0,0.0,916.2,8,0,0.6,98.2
dataset-math500.model-qwen.alpha4.0.steps100.blocks-8.prefetch-budget-16.rank-reject_first.samples10.maxnew3072.seed10086.subtreePrefetch.vllm.log,19169,2026-08-10 13:53:56,3181.0,0.0,884.8,7,0,0.5,98.2
dataset-math500.model-qwen.alpha4.0.steps100.blocks-8.prefetch-budget-16.rank-reject_first.samples10.maxnew3072.seed10086.subtreePrefetch.vllm.log,19206,2026-08-10 13:54:06,3191.0,0.0,727.3,11,0,0.5,98.3
dataset-math500.model-qwen.alpha4.0.steps100.blocks-8.prefetch-budget-16.rank-reject_first.samples10.maxnew3072.seed10086.subtreePrefetch.vllm.log,19207,2026-08-10 13:54:16,3201.0,0.0,415.2,2,0,0.2,98.3
dataset-math500.model-qwen.alpha4.0.steps100.blocks-8.prefetch-budget-16.rank-reject_first.samples10.maxnew3072.seed10086.subtreePrefetch.vllm.log,19244,2026-08-10 13:54:26,3211.0,0.0,776.4,5,0,0.4,98.3
dataset-math500.model-qwen.alpha4.0.steps100.blocks-8.prefetch-budget-16.rank-reject_first.samples10.maxnew3072.seed10086.subtreePrefetch.vllm.log,19281,2026-08-10 13:54:36,3221.0,0.0,677.9,9,0,0.5,98.3
dataset-math500.model-qwen.alpha4.0.steps100.blocks-8.prefetch-budget-16.rank-reject_first.samples10.maxnew3072.seed10086.subtreePrefetch.vllm.log,19318,2026-08-10 13:54:46,3231.0,0.0,599.6,13,0,0.4,98.3
dataset-math500.model-qwen.alpha4.0.steps100.blocks-8.prefetch-budget-16.rank-reject_first.samples10.maxnew3072.seed10086.subtreePrefetch.vllm.log,19355,2026-08-10 13:54:56,3241.0,0.0,764.8,15,0,0.3,98.3
dataset-math500.model-qwen.alpha4.0.steps100.blocks-8.prefetch-budget-16.rank-reject_first.samples10.maxnew3072.seed10086.subtreePrefetch.vllm.log,19392,2026-08-10 13:55:06,3251.0,0.0,922.6,14,0,0.4,98.4
dataset-math500.model-qwen.alpha4.0.steps100.blocks-8.prefetch-budget-16.rank-reject_first.samples10.maxnew3072.seed10086.subtreePrefetch.vllm.log,19429,2026-08-10 13:55:16,3261.0,0.0,827.9,13,0,0.3,98.4
dataset-math500.model-qwen.alpha4.0.steps100.blocks-8.prefetch-budget-16.rank-reject_first.samples10.maxnew3072.seed10086.subtreePrefetch.vllm.log,19430,2026-08-10 13:55:26,3271.0,0.0,694.3,7,0,0.6,98.4
dataset-math500.model-qwen.alpha4.0.steps100.blocks-8.prefetch-budget-16.rank-reject_first.samples10.maxnew3072.seed10086.subtreePrefetch.vllm.log,19467,2026-08-10 13:55:36,3281.0,0.0,738.5,4,0,0.3,98.4
dataset-math500.model-qwen.alpha4.0.steps100.blocks-8.prefetch-budget-16.rank-reject_first.samples10.maxnew3072.seed10086.subtreePrefetch.vllm.log,19504,2026-08-10 13:55:46,3291.0,0.0,570.6,8,0,0.4,98.4
dataset-math500.model-qwen.alpha4.0.steps100.blocks-8.prefetch-budget-16.rank-reject_first.samples10.maxnew3072.seed10086.subtreePrefetch.vllm.log,19541,2026-08-10 13:55:56,3301.0,0.0,537.1,12,0,0.3,98.4
dataset-math500.model-qwen.alpha4.0.steps100.blocks-8.prefetch-budget-16.rank-reject_first.samples10.maxnew3072.seed10086.subtreePrefetch.vllm.log,19578,2026-08-10 13:56:06,3311.0,0.0,883.7,14,0,0.4,98.4
dataset-math500.model-qwen.alpha4.0.steps100.blocks-8.prefetch-budget-16.rank-reject_first.samples10.maxnew3072.seed10086.subtreePrefetch.vllm.log,19615,2026-08-10 13:56:16,3321.0,0.0,896.8,16,0,0.3,98.5
dataset-math500.model-qwen.alpha4.0.steps100.blocks-8.prefetch-budget-16.rank-reject_first.samples10.maxnew3072.seed10086.subtreePrefetch.vllm.log,19616,2026-08-10 13:56:26,3331.0,0.0,725.7,6,0,0.5,98.5
dataset-math500.model-qwen.alpha4.0.steps100.blocks-8.prefetch-budget-16.rank-reject_first.samples10.maxnew3072.seed10086.subtreePrefetch.vllm.log,19653,2026-08-10 13:56:36,3341.0,0.0,581.3,10,0,0.5,98.5
dataset-math500.model-qwen.alpha4.0.steps100.blocks-8.prefetch-budget-16.rank-reject_first.samples10.maxnew3072.seed10086.subtreePrefetch.vllm.log,19690,2026-08-10 13:56:46,3351.0,0.0,503.0,15,0,0.2,98.5
dataset-math500.model-qwen.alpha4.0.steps100.blocks-8.prefetch-budget-16.rank-reject_first.samples10.maxnew3072.seed10086.subtreePrefetch.vllm.log,19691,2026-08-10 13:56:56,3361.0,0.0,622.0,3,0,0.3,98.5
dataset-math500.model-qwen.alpha4.0.steps100.blocks-8.prefetch-budget-16.rank-reject_first.samples10.maxnew3072.seed10086.subtreePrefetch.vllm.log,19728,2026-08-10 13:57:06,3371.0,0.0,679.9,10,0,0.6,98.5
dataset-math500.model-qwen.alpha4.0.steps100.blocks-8.prefetch-budget-16.rank-reject_first.samples10.maxnew3072.seed10086.subtreePrefetch.vllm.log,19765,2026-08-10 13:57:16,3381.0,0.0,634.0,15,0,0.4,98.5
dataset-math500.model-qwen.alpha4.0.steps100.blocks-8.prefetch-budget-16.rank-reject_first.samples10.maxnew3072.seed10086.subtreePrefetch.vllm.log,19766,2026-08-10 13:57:26,3391.0,0.0,723.5,8,0,0.7,98.5
dataset-math500.model-qwen.alpha4.0.steps100.blocks-8.prefetch-budget-16.rank-reject_first.samples10.maxnew3072.seed10086.subtreePrefetch.vllm.log,19803,2026-08-10 13:57:36,3401.0,0.0,697.0,11,0,0.5,98.5
dataset-math500.model-qwen.alpha4.0.steps100.blocks-8.prefetch-budget-16.rank-reject_first.samples10.maxnew3072.seed10086.subtreePrefetch.vllm.log,19840,2026-08-10 13:57:46,3411.0,0.0,484.9,15,0,0.2,98.5
dataset-math500.model-qwen.alpha4.0.steps100.blocks-8.prefetch-budget-16.rank-reject_first.samples10.maxnew3072.seed10086.subtreePrefetch.vllm.log,19841,2026-08-10 13:57:56,3421.0,0.0,720.6,4,0,0.3,98.5
dataset-math500.model-qwen.alpha4.0.steps100.blocks-8.prefetch-budget-16.rank-reject_first.samples10.maxnew3072.seed10086.subtreePrefetch.vllm.log,19878,2026-08-10 13:58:06,3431.0,0.0,598.8,12,0,0.5,98.6
dataset-math500.model-qwen.alpha4.0.steps100.blocks-8.prefetch-budget-16.rank-reject_first.samples10.maxnew3072.seed10086.subtreePrefetch.vllm.log,19915,2026-08-10 13:58:16,3441.0,0.0,679.7,12,0,0.3,98.6
dataset-math500.model-qwen.alpha4.0.steps100.blocks-8.prefetch-budget-16.rank-reject_first.samples10.maxnew3072.seed10086.subtreePrefetch.vllm.log,19952,2026-08-10 13:58:26,3451.0,0.0,746.1,16,0,0.3,98.6
dataset-math500.model-qwen.alpha4.0.steps100.blocks-8.prefetch-budget-16.rank-reject_first.samples10.maxnew3072.seed10086.subtreePrefetch.vllm.log,19989,2026-08-10 13:58:36,3461.0,0.0,1037.7,16,0,0.3,98.6
dataset-math500.model-qwen.alpha4.0.steps100.blocks-8.prefetch-budget-16.rank-reject_first.samples10.maxnew3072.seed10086.subtreePrefetch.vllm.log,20024,2026-08-10 13:58:46,3471.0,0.0,1105.1,10,0,0.2,98.6
dataset-math500.model-qwen.alpha4.0.steps100.blocks-8.prefetch-budget-16.rank-reject_first.samples10.maxnew3072.seed10086.subtreePrefetch.vllm.log,20025,2026-08-10 13:58:56,3481.0,0.0,559.3,7,0,0.6,98.6
dataset-math500.model-qwen.alpha4.0.steps100.blocks-8.prefetch-budget-16.rank-reject_first.samples10.maxnew3072.seed10086.subtreePrefetch.vllm.log,20080,2026-08-10 13:59:06,3491.0,0.0,455.6,7,0,0.2,98.5
dataset-math500.model-qwen.alpha4.0.steps100.blocks-8.prefetch-budget-16.rank-reject_first.samples10.maxnew3072.seed10086.subtreePrefetch.vllm.log,20153,2026-08-10 13:59:16,3501.0,0.0,672.1,9,0,0.2,98.5
dataset-math500.model-qwen.alpha4.0.steps100.blocks-8.prefetch-budget-16.rank-reject_first.samples10.maxnew3072.seed10086.subtreePrefetch.vllm.log,20226,2026-08-10 13:59:26,3511.0,0.0,641.5,9,0,0.2,98.5
dataset-math500.model-qwen.alpha4.0.steps100.blocks-8.prefetch-budget-16.rank-reject_first.samples10.maxnew3072.seed10086.subtreePrefetch.vllm.log,20299,2026-08-10 13:59:36,3521.0,0.0,665.9,4,0,0.1,98.5
dataset-math500.model-qwen.alpha4.0.steps100.blocks-8.prefetch-budget-16.rank-reject_first.samples10.maxnew3072.seed10086.subtreePrefetch.vllm.log,20372,2026-08-10 13:59:46,3531.0,0.0,656.9,5,0,0.2,98.5
dataset-math500.model-qwen.alpha4.0.steps100.blocks-8.prefetch-budget-16.rank-reject_first.samples10.maxnew3072.seed10086.subtreePrefetch.vllm.log,20445,2026-08-10 13:59:56,3541.0,0.0,613.6,6,0,0.2,98.5
dataset-math500.model-qwen.alpha4.0.steps100.blocks-8.prefetch-budget-16.rank-reject_first.samples10.maxnew3072.seed10086.subtreePrefetch.vllm.log,20518,2026-08-10 14:00:06,3551.0,0.0,656.7,7,0,0.2,98.5
dataset-math500.model-qwen.alpha4.0.steps100.blocks-8.prefetch-budget-16.rank-reject_first.samples10.maxnew3072.seed10086.subtreePrefetch.vllm.log,20591,2026-08-10 14:00:16,3561.0,0.0,668.7,10,0,0.2,98.4
dataset-math500.model-qwen.alpha4.0.steps100.blocks-8.prefetch-budget-16.rank-reject_first.samples10.maxnew3072.seed10086.subtreePrefetch.vllm.log,20664,2026-08-10 14:00:26,3571.0,0.0,591.7,11,0,0.2,98.4
dataset-math500.model-qwen.alpha4.0.steps100.blocks-8.prefetch-budget-16.rank-reject_first.samples10.maxnew3072.seed10086.subtreePrefetch.vllm.log,20737,2026-08-10 14:00:36,3581.0,0.0,627.3,2,0,0.1,98.4
dataset-math500.model-qwen.alpha4.0.steps100.blocks-8.prefetch-budget-16.rank-reject_first.samples10.maxnew3072.seed10086.subtreePrefetch.vllm.log,20810,2026-08-10 14:00:47,3592.0,0.0,617.0,5,0,0.2,98.4
dataset-math500.model-qwen.alpha4.0.steps100.blocks-8.prefetch-budget-16.rank-reject_first.samples10.maxnew3072.seed10086.subtreePrefetch.vllm.log,20883,2026-08-10 14:00:57,3602.0,0.0,635.2,3,0,0.1,98.3
dataset-math500.model-qwen.alpha4.0.steps100.blocks-8.prefetch-budget-16.rank-reject_first.samples10.maxnew3072.seed10086.subtreePrefetch.vllm.log,20956,2026-08-10 14:01:07,3612.0,0.0,758.6,9,0,0.3,98.3
dataset-math500.model-qwen.alpha4.0.steps100.blocks-8.prefetch-budget-16.rank-reject_first.samples10.maxnew3072.seed10086.subtreePrefetch.vllm.log,21022,2026-08-10 14:01:17,3622.0,0.0,382.1,1,0,0.1,98.3
dataset-math500.model-qwen.alpha4.0.steps100.blocks-8.prefetch-budget-16.rank-reject_first.samples10.maxnew3072.seed10086.subtreePrefetch.vllm.log,21023,2026-08-10 14:01:27,3632.0,0.0,662.7,6,0,0.3,98.3
dataset-math500.model-qwen.alpha4.0.steps100.blocks-8.prefetch-budget-16.rank-reject_first.samples10.maxnew3072.seed10086.subtreePrefetch.vllm.log,21096,2026-08-10 14:01:37,3642.0,0.0,704.5,12,0,0.2,98.3
dataset-math500.model-qwen.alpha4.0.steps100.blocks-8.prefetch-budget-16.rank-reject_first.samples10.maxnew3072.seed10086.subtreePrefetch.vllm.log,21133,2026-08-10 14:01:47,3652.0,0.0,524.6,12,0,0.2,98.3
dataset-math500.model-qwen.alpha4.0.steps100.blocks-8.prefetch-budget-16.rank-reject_first.samples10.maxnew3072.seed10086.subtreePrefetch.vllm.log,21170,2026-08-10 14:01:57,3662.0,0.0,503.9,15,0,0.2,98.3
dataset-math500.model-qwen.alpha4.0.steps100.blocks-8.prefetch-budget-16.rank-reject_first.samples10.maxnew3072.seed10086.subtreePrefetch.vllm.log,21207,2026-08-10 14:02:07,3672.0,0.0,688.5,11,0,0.2,98.3
dataset-math500.model-qwen.alpha4.0.steps100.blocks-8.prefetch-budget-16.rank-reject_first.samples10.maxnew3072.seed10086.subtreePrefetch.vllm.log,21244,2026-08-10 14:02:17,3682.0,0.0,710.0,9,0,0.3,98.3
dataset-math500.model-qwen.alpha4.0.steps100.blocks-8.prefetch-budget-16.rank-reject_first.samples10.maxnew3072.seed10086.subtreePrefetch.vllm.log,21281,2026-08-10 14:02:27,3692.0,0.0,574.9,8,0,0.3,98.3
dataset-math500.model-qwen.alpha4.0.steps100.blocks-8.prefetch-budget-16.rank-reject_first.samples10.maxnew3072.seed10086.subtreePrefetch.vllm.log,21354,2026-08-10 14:02:37,3702.0,0.0,776.2,16,0,0.2,98.3
dataset-math500.model-qwen.alpha4.0.steps100.blocks-8.prefetch-budget-16.rank-reject_first.samples10.maxnew3072.seed10086.subtreePrefetch.vllm.log,21391,2026-08-10 14:02:47,3712.0,0.0,605.3,16,0,0.1,98.2
dataset-math500.model-qwen.alpha4.0.steps100.blocks-8.prefetch-budget-16.rank-reject_first.samples10.maxnew3072.seed10086.subtreePrefetch.vllm.log,21428,2026-08-10 14:02:57,3722.0,0.0,554.3,15,0,0.2,98.2
dataset-math500.model-qwen.alpha4.0.steps100.blocks-8.prefetch-budget-16.rank-reject_first.samples10.maxnew3072.seed10086.subtreePrefetch.vllm.log,21465,2026-08-10 14:03:07,3732.0,0.0,742.9,13,0,0.3,98.2
dataset-math500.model-qwen.alpha4.0.steps100.blocks-8.prefetch-budget-16.rank-reject_first.samples10.maxnew3072.seed10086.subtreePrefetch.vllm.log,21502,2026-08-10 14:03:17,3742.0,0.0,881.7,9,0,0.4,98.2
dataset-math500.model-qwen.alpha4.0.steps100.blocks-8.prefetch-budget-16.rank-reject_first.samples10.maxnew3072.seed10086.subtreePrefetch.vllm.log,21539,2026-08-10 14:03:27,3752.0,0.0,593.6,5,0,0.3,98.2
dataset-math500.model-qwen.alpha4.0.steps100.blocks-8.prefetch-budget-16.rank-reject_first.samples10.maxnew3072.seed10086.subtreePrefetch.vllm.log,21576,2026-08-10 14:03:37,3762.0,0.0,533.6,5,0,0.3,98.2
dataset-math500.model-qwen.alpha4.0.steps100.blocks-8.prefetch-budget-16.rank-reject_first.samples10.maxnew3072.seed10086.subtreePrefetch.vllm.log,21613,2026-08-10 14:03:47,3772.0,0.0,614.2,7,0,0.4,98.2
dataset-math500.model-qwen.alpha4.0.steps100.blocks-8.prefetch-budget-16.rank-reject_first.samples10.maxnew3072.seed10086.subtreePrefetch.vllm.log,21650,2026-08-10 14:03:57,3782.0,0.0,614.9,3,0,0.2,98.1
dataset-math500.model-qwen.alpha4.0.steps100.blocks-8.prefetch-budget-16.rank-reject_first.samples10.maxnew3072.seed10086.subtreePrefetch.vllm.log,21687,2026-08-10 14:04:07,3792.0,0.0,615.9,7,0,0.4,98.1
dataset-math500.model-qwen.alpha4.0.steps100.blocks-8.prefetch-budget-16.rank-reject_first.samples10.maxnew3072.seed10086.subtreePrefetch.vllm.log,21724,2026-08-10 14:04:17,3802.0,0.0,566.9,7,0,0.3,98.1
dataset-math500.model-qwen.alpha4.0.steps100.blocks-8.prefetch-budget-16.rank-reject_first.samples10.maxnew3072.seed10086.subtreePrefetch.vllm.log,21761,2026-08-10 14:04:27,3812.0,0.0,550.4,8,0,0.3,98.1
dataset-math500.model-qwen.alpha4.0.steps100.blocks-8.prefetch-budget-16.rank-reject_first.samples10.maxnew3072.seed10086.subtreePrefetch.vllm.log,21798,2026-08-10 14:04:37,3822.0,0.0,612.8,3,0,0.2,98.1
dataset-math500.model-qwen.alpha4.0.steps100.blocks-8.prefetch-budget-16.rank-reject_first.samples10.maxnew3072.seed10086.subtreePrefetch.vllm.log,21871,2026-08-10 14:04:47,3832.0,0.0,805.9,11,0,0.3,98.1
dataset-math500.model-qwen.alpha4.0.steps100.blocks-8.prefetch-budget-16.rank-reject_first.samples10.maxnew3072.seed10086.subtreePrefetch.vllm.log,21908,2026-08-10 14:04:57,3842.0,0.0,837.0,10,0,0.4,98.0
dataset-math500.model-qwen.alpha4.0.steps100.blocks-8.prefetch-budget-16.rank-reject_first.samples10.maxnew3072.seed10086.subtreePrefetch.vllm.log,21945,2026-08-10 14:05:07,3852.0,0.0,517.4,7,0,0.3,98.0
dataset-math500.model-qwen.alpha4.0.steps100.blocks-8.prefetch-budget-16.rank-reject_first.samples10.maxnew3072.seed10086.subtreePrefetch.vllm.log,21982,2026-08-10 14:05:17,3862.0,0.0,654.9,12,0,0.4,98.0
dataset-math500.model-qwen.alpha4.0.steps100.blocks-8.prefetch-budget-16.rank-reject_first.samples10.maxnew3072.seed10086.subtreePrefetch.vllm.log,22019,2026-08-10 14:05:27,3872.0,0.0,640.0,8,0,0.3,98.0
dataset-math500.model-qwen.alpha4.0.steps100.blocks-8.prefetch-budget-16.rank-reject_first.samples10.maxnew3072.seed10086.subtreePrefetch.vllm.log,22056,2026-08-10 14:05:37,3882.0,0.0,532.1,1,0,0.1,98.0
dataset-math500.model-qwen.alpha4.0.steps100.blocks-8.prefetch-budget-16.rank-reject_first.samples10.maxnew3072.seed10086.subtreePrefetch.vllm.log,22093,2026-08-10 14:05:47,3892.0,0.0,503.1,2,0,0.1,98.0
dataset-math500.model-qwen.alpha4.0.steps100.blocks-8.prefetch-budget-16.rank-reject_first.samples10.maxnew3072.seed10086.subtreePrefetch.vllm.log,22130,2026-08-10 14:05:57,3902.0,0.0,593.9,3,0,0.2,98.0
dataset-math500.model-qwen.alpha4.0.steps100.blocks-8.prefetch-budget-16.rank-reject_first.samples10.maxnew3072.seed10086.subtreePrefetch.vllm.log,22203,2026-08-10 14:06:07,3912.0,0.0,691.1,14,0,0.1,97.9
dataset-math500.model-qwen.alpha4.0.steps100.blocks-8.prefetch-budget-16.rank-reject_first.samples10.maxnew3072.seed10086.subtreePrefetch.vllm.log,22240,2026-08-10 14:06:17,3922.0,0.0,729.9,13,0,0.3,97.9
dataset-math500.model-qwen.alpha4.0.steps100.blocks-8.prefetch-budget-16.rank-reject_first.samples10.maxnew3072.seed10086.subtreePrefetch.vllm.log,22277,2026-08-10 14:06:27,3932.0,0.0,641.9,12,0,0.4,97.9
dataset-math500.model-qwen.alpha4.0.steps100.blocks-8.prefetch-budget-16.rank-reject_first.samples10.maxnew3072.seed10086.subtreePrefetch.vllm.log,22314,2026-08-10 14:06:37,3942.0,0.0,758.7,12,0,0.5,97.9
dataset-math500.model-qwen.alpha4.0.steps100.blocks-8.prefetch-budget-16.rank-reject_first.samples10.maxnew3072.seed10086.subtreePrefetch.vllm.log,22351,2026-08-10 14:06:47,3952.0,0.0,916.5,8,0,0.4,97.9
dataset-math500.model-qwen.alpha4.0.steps100.blocks-8.prefetch-budget-16.rank-reject_first.samples10.maxnew3072.seed10086.subtreePrefetch.vllm.log,22388,2026-08-10 14:06:57,3962.0,0.0,870.7,7,0,0.5,97.9
dataset-math500.model-qwen.alpha4.0.steps100.blocks-8.prefetch-budget-16.rank-reject_first.samples10.maxnew3072.seed10086.subtreePrefetch.vllm.log,22425,2026-08-10 14:07:07,3972.0,0.0,600.2,4,0,0.3,97.9
dataset-math500.model-qwen.alpha4.0.steps100.blocks-8.prefetch-budget-16.rank-reject_first.samples10.maxnew3072.seed10086.subtreePrefetch.vllm.log,22498,2026-08-10 14:07:17,3982.0,0.0,856.8,13,0,0.3,98.0
dataset-math500.model-qwen.alpha4.0.steps100.blocks-8.prefetch-budget-16.rank-reject_first.samples10.maxnew3072.seed10086.subtreePrefetch.vllm.log,22535,2026-08-10 14:07:27,3992.0,0.0,776.9,7,0,0.3,98.0
dataset-math500.model-qwen.alpha4.0.steps100.blocks-8.prefetch-budget-16.rank-reject_first.samples10.maxnew3072.seed10086.subtreePrefetch.vllm.log,22572,2026-08-10 14:07:37,4002.0,0.0,662.9,2,0,0.1,98.0
dataset-math500.model-qwen.alpha4.0.steps100.blocks-8.prefetch-budget-16.rank-reject_first.samples10.maxnew3072.seed10086.subtreePrefetch.vllm.log,22609,2026-08-10 14:07:47,4012.0,0.0,725.4,5,0,0.3,98.0
dataset-math500.model-qwen.alpha4.0.steps100.blocks-8.prefetch-budget-16.rank-reject_first.samples10.maxnew3072.seed10086.subtreePrefetch.vllm.log,22682,2026-08-10 14:07:57,4022.0,0.0,903.1,13,0,0.4,98.0
dataset-math500.model-qwen.alpha4.0.steps100.blocks-8.prefetch-budget-16.rank-reject_first.samples10.maxnew3072.seed10086.subtreePrefetch.vllm.log,22719,2026-08-10 14:08:07,4032.0,0.0,756.7,10,0,0.4,98.0
dataset-math500.model-qwen.alpha4.0.steps100.blocks-8.prefetch-budget-16.rank-reject_first.samples10.maxnew3072.seed10086.subtreePrefetch.vllm.log,22756,2026-08-10 14:08:17,4042.0,0.0,967.6,1,0,0.1,98.0
dataset-math500.model-qwen.alpha4.0.steps100.blocks-8.prefetch-budget-16.rank-reject_first.samples10.maxnew3072.seed10086.subtreePrefetch.vllm.log,22791,2026-08-10 14:08:27,4052.0,0.0,803.1,6,0,0.4,98.0
dataset-math500.model-qwen.alpha4.0.steps100.blocks-8.prefetch-budget-16.rank-reject_first.samples10.maxnew3072.seed10086.subtreePrefetch.vllm.log,22890,2026-08-10 14:08:37,4062.0,0.0,243.9,1,0,0.0,98.0
dataset-math500.model-qwen.alpha4.0.steps100.blocks-8.prefetch-budget-16.rank-reject_first.samples10.maxnew3072.seed10086.subtreePrefetch.vllm.log,22927,2026-08-10 14:08:47,4072.0,0.0,595.8,10,0,0.2,98.0
dataset-math500.model-qwen.alpha4.0.steps100.blocks-8.prefetch-budget-16.rank-reject_first.samples10.maxnew3072.seed10086.subtreePrefetch.vllm.log,23000,2026-08-10 14:08:57,4082.0,0.0,642.6,11,0,0.2,98.0
dataset-math500.model-qwen.alpha4.0.steps100.blocks-8.prefetch-budget-16.rank-reject_first.samples10.maxnew3072.seed10086.subtreePrefetch.vllm.log,23073,2026-08-10 14:09:07,4092.0,0.0,752.1,8,0,0.2,98.0
dataset-math500.model-qwen.alpha4.0.steps100.blocks-8.prefetch-budget-16.rank-reject_first.samples10.maxnew3072.seed10086.subtreePrefetch.vllm.log,23146,2026-08-10 14:09:17,4102.0,0.0,606.9,4,0,0.2,98.1
dataset-math500.model-qwen.alpha4.0.steps100.blocks-8.prefetch-budget-16.rank-reject_first.samples10.maxnew3072.seed10086.subtreePrefetch.vllm.log,23219,2026-08-10 14:09:27,4112.0,0.0,590.9,1,0,0.1,98.1
dataset-math500.model-qwen.alpha4.0.steps100.blocks-8.prefetch-budget-16.rank-reject_first.samples10.maxnew3072.seed10086.subtreePrefetch.vllm.log,23292,2026-08-10 14:09:37,4122.0,0.0,588.9,3,0,0.1,98.1
dataset-math500.model-qwen.alpha4.0.steps100.blocks-8.prefetch-budget-16.rank-reject_first.samples10.maxnew3072.seed10086.subtreePrefetch.vllm.log,23401,2026-08-10 14:09:47,4132.0,0.0,839.9,7,0,0.1,98.1
dataset-math500.model-qwen.alpha4.0.steps100.blocks-8.prefetch-budget-16.rank-reject_first.samples10.maxnew3072.seed10086.subtreePrefetch.vllm.log,23474,2026-08-10 14:09:57,4142.0,0.0,588.2,10,0,0.2,98.1
dataset-math500.model-qwen.alpha4.0.steps100.blocks-8.prefetch-budget-16.rank-reject_first.samples10.maxnew3072.seed10086.subtreePrefetch.vllm.log,23547,2026-08-10 14:10:07,4152.0,0.0,496.3,1,0,0.1,98.1
dataset-math500.model-qwen.alpha4.0.steps100.blocks-8.prefetch-budget-16.rank-reject_first.samples10.maxnew3072.seed10086.subtreePrefetch.vllm.log,23656,2026-08-10 14:10:17,4162.0,0.0,779.2,12,0,0.2,98.1
dataset-math500.model-qwen.alpha4.0.steps100.blocks-8.prefetch-budget-16.rank-reject_first.samples10.maxnew3072.seed10086.subtreePrefetch.vllm.log,23729,2026-08-10 14:10:27,4172.0,0.0,615.6,12,0,0.2,98.0
dataset-math500.model-qwen.alpha4.0.steps100.blocks-8.prefetch-budget-16.rank-reject_first.samples10.maxnew3072.seed10086.subtreePrefetch.vllm.log,23802,2026-08-10 14:10:37,4182.0,0.0,726.8,12,0,0.2,98.0
dataset-math500.model-qwen.alpha4.0.steps100.blocks-8.prefetch-budget-16.rank-reject_first.samples10.maxnew3072.seed10086.subtreePrefetch.vllm.log,23875,2026-08-10 14:10:47,4192.0,0.0,687.4,7,0,0.2,98.0
dataset-math500.model-qwen.alpha4.0.steps100.blocks-8.prefetch-budget-16.rank-reject_first.samples10.maxnew3072.seed10086.subtreePrefetch.vllm.log,23984,2026-08-10 14:10:57,4202.0,0.0,732.5,13,0,0.1,98.0
dataset-math500.model-qwen.alpha4.0.steps100.blocks-8.prefetch-budget-16.rank-reject_first.samples10.maxnew3072.seed10086.subtreePrefetch.vllm.log,24057,2026-08-10 14:11:07,4212.0,0.0,772.4,1,0,0.1,98.0
dataset-math500.model-qwen.alpha4.0.steps100.blocks-8.prefetch-budget-16.rank-reject_first.samples10.maxnew3072.seed10086.subtreePrefetch.vllm.log,24130,2026-08-10 14:11:17,4222.0,0.0,625.6,6,0,0.2,98.0
dataset-math500.model-qwen.alpha4.0.steps100.blocks-8.prefetch-budget-16.rank-reject_first.samples10.maxnew3072.seed10086.subtreePrefetch.vllm.log,24203,2026-08-10 14:11:27,4232.0,0.0,581.7,5,0,0.2,97.9
dataset-math500.model-qwen.alpha4.0.steps100.blocks-8.prefetch-budget-16.rank-reject_first.samples10.maxnew3072.seed10086.subtreePrefetch.vllm.log,24276,2026-08-10 14:11:37,4242.0,0.0,652.6,7,0,0.2,97.9
dataset-math500.model-qwen.alpha4.0.steps100.blocks-8.prefetch-budget-16.rank-reject_first.samples10.maxnew3072.seed10086.subtreePrefetch.vllm.log,24368,2026-08-10 14:11:47,4252.0,0.0,546.8,1,0,0.1,97.9
dataset-math500.model-qwen.alpha4.0.steps100.blocks-8.prefetch-budget-16.rank-reject_first.samples10.maxnew3072.seed10086.subtreePrefetch.vllm.log,24405,2026-08-10 14:11:57,4262.0,0.0,692.8,16,0,0.2,97.9
dataset-math500.model-qwen.alpha4.0.steps100.blocks-8.prefetch-budget-16.rank-reject_first.samples10.maxnew3072.seed10086.subtreePrefetch.vllm.log,24442,2026-08-10 14:12:07,4272.0,0.0,598.6,13,0,0.2,97.9
dataset-math500.model-qwen.alpha4.0.steps100.blocks-8.prefetch-budget-16.rank-reject_first.samples10.maxnew3072.seed10086.subtreePrefetch.vllm.log,24479,2026-08-10 14:12:17,4282.0,0.0,760.3,8,0,0.3,98.0
dataset-math500.model-qwen.alpha4.0.steps100.blocks-8.prefetch-budget-16.rank-reject_first.samples10.maxnew3072.seed10086.subtreePrefetch.vllm.log,24516,2026-08-10 14:12:27,4292.0,0.0,713.9,6,0,0.3,98.0
dataset-math500.model-qwen.alpha4.0.steps100.blocks-8.prefetch-budget-16.rank-reject_first.samples10.maxnew3072.seed10086.subtreePrefetch.vllm.log,24553,2026-08-10 14:12:37,4302.0,0.0,665.4,4,0,0.2,98.0
dataset-math500.model-qwen.alpha4.0.steps100.blocks-8.prefetch-budget-16.rank-reject_first.samples10.maxnew3072.seed10086.subtreePrefetch.vllm.log,24590,2026-08-10 14:12:47,4312.0,0.0,646.6,6,0,0.4,98.0
dataset-math500.model-qwen.alpha4.0.steps100.blocks-8.prefetch-budget-16.rank-reject_first.samples10.maxnew3072.seed10086.subtreePrefetch.vllm.log,24627,2026-08-10 14:12:57,4322.0,0.0,597.9,4,0,0.3,98.0
dataset-math500.model-qwen.alpha4.0.steps100.blocks-8.prefetch-budget-16.rank-reject_first.samples10.maxnew3072.seed10086.subtreePrefetch.vllm.log,24664,2026-08-10 14:13:07,4332.0,0.0,696.6,12,0,0.6,98.0
dataset-math500.model-qwen.alpha4.0.steps100.blocks-8.prefetch-budget-16.rank-reject_first.samples10.maxnew3072.seed10086.subtreePrefetch.vllm.log,24701,2026-08-10 14:13:17,4342.0,0.0,731.8,11,0,0.5,98.0
dataset-math500.model-qwen.alpha4.0.steps100.blocks-8.prefetch-budget-16.rank-reject_first.samples10.maxnew3072.seed10086.subtreePrefetch.vllm.log,24738,2026-08-10 14:13:27,4352.0,0.0,662.7,9,0,0.4,98.0
dataset-math500.model-qwen.alpha4.0.steps100.blocks-8.prefetch-budget-16.rank-reject_first.samples10.maxnew3072.seed10086.subtreePrefetch.vllm.log,24775,2026-08-10 14:13:37,4362.0,0.0,684.2,13,0,0.5,98.0
dataset-math500.model-qwen.alpha4.0.steps100.blocks-8.prefetch-budget-16.rank-reject_first.samples10.maxnew3072.seed10086.subtreePrefetch.vllm.log,24812,2026-08-10 14:13:47,4372.0,0.0,879.1,8,0,0.4,98.0
dataset-math500.model-qwen.alpha4.0.steps100.blocks-8.prefetch-budget-16.rank-reject_first.samples10.maxnew3072.seed10086.subtreePrefetch.vllm.log,24849,2026-08-10 14:13:57,4382.0,0.0,670.2,6,0,0.3,98.0
dataset-math500.model-qwen.alpha4.0.steps100.blocks-8.prefetch-budget-16.rank-reject_first.samples10.maxnew3072.seed10086.subtreePrefetch.vllm.log,24886,2026-08-10 14:14:07,4392.0,0.0,757.0,4,0,0.3,98.0
dataset-math500.model-qwen.alpha4.0.steps100.blocks-8.prefetch-budget-16.rank-reject_first.samples10.maxnew3072.seed10086.subtreePrefetch.vllm.log,24959,2026-08-10 14:14:17,4402.0,0.0,779.2,16,0,0.2,98.0
dataset-math500.model-qwen.alpha4.0.steps100.blocks-8.prefetch-budget-16.rank-reject_first.samples10.maxnew3072.seed10086.subtreePrefetch.vllm.log,24996,2026-08-10 14:14:27,4412.0,0.0,877.8,10,0,0.3,98.0
dataset-math500.model-qwen.alpha4.0.steps100.blocks-8.prefetch-budget-16.rank-reject_first.samples10.maxnew3072.seed10086.subtreePrefetch.vllm.log,25033,2026-08-10 14:14:37,4422.0,0.0,707.7,8,0,0.4,98.1
dataset-math500.model-qwen.alpha4.0.steps100.blocks-8.prefetch-budget-16.rank-reject_first.samples10.maxnew3072.seed10086.subtreePrefetch.vllm.log,25070,2026-08-10 14:14:47,4432.0,0.0,613.3,8,0,0.3,98.1
dataset-math500.model-qwen.alpha4.0.steps100.blocks-8.prefetch-budget-16.rank-reject_first.samples10.maxnew3072.seed10086.subtreePrefetch.vllm.log,25107,2026-08-10 14:14:57,4442.0,0.0,710.9,4,0,0.2,98.1
dataset-math500.model-qwen.alpha4.0.steps100.blocks-8.prefetch-budget-16.rank-reject_first.samples10.maxnew3072.seed10086.subtreePrefetch.vllm.log,25144,2026-08-10 14:15:07,4452.0,0.0,696.1,6,0,0.4,98.1
dataset-math500.model-qwen.alpha4.0.steps100.blocks-8.prefetch-budget-16.rank-reject_first.samples10.maxnew3072.seed10086.subtreePrefetch.vllm.log,25217,2026-08-10 14:15:17,4462.0,0.0,735.2,15,0,0.2,98.2
dataset-math500.model-qwen.alpha4.0.steps100.blocks-8.prefetch-budget-16.rank-reject_first.samples10.maxnew3072.seed10086.subtreePrefetch.vllm.log,25254,2026-08-10 14:15:27,4472.0,0.0,821.3,11,0,0.4,98.2
dataset-math500.model-qwen.alpha4.0.steps100.blocks-8.prefetch-budget-16.rank-reject_first.samples10.maxnew3072.seed10086.subtreePrefetch.vllm.log,25291,2026-08-10 14:15:37,4482.0,0.0,738.3,6,0,0.3,98.2
dataset-math500.model-qwen.alpha4.0.steps100.blocks-8.prefetch-budget-16.rank-reject_first.samples10.maxnew3072.seed10086.subtreePrefetch.vllm.log,25328,2026-08-10 14:15:47,4492.0,0.0,614.5,8,0,0.3,98.2
dataset-math500.model-qwen.alpha4.0.steps100.blocks-8.prefetch-budget-16.rank-reject_first.samples10.maxnew3072.seed10086.subtreePrefetch.vllm.log,25365,2026-08-10 14:15:57,4502.0,0.0,585.2,7,0,0.4,98.2
dataset-math500.model-qwen.alpha4.0.steps100.blocks-8.prefetch-budget-16.rank-reject_first.samples10.maxnew3072.seed10086.subtreePrefetch.vllm.log,25438,2026-08-10 14:16:07,4512.0,0.0,870.3,12,0,0.2,98.2
dataset-math500.model-qwen.alpha4.0.steps100.blocks-8.prefetch-budget-16.rank-reject_first.samples10.maxnew3072.seed10086.subtreePrefetch.vllm.log,25475,2026-08-10 14:16:17,4522.0,0.0,577.9,8,0,0.2,98.3
dataset-math500.model-qwen.alpha4.0.steps100.blocks-8.prefetch-budget-16.rank-reject_first.samples10.maxnew3072.seed10086.subtreePrefetch.vllm.log,25512,2026-08-10 14:16:27,4532.0,0.0,658.8,11,0,0.5,98.3
dataset-math500.model-qwen.alpha4.0.steps100.blocks-8.prefetch-budget-16.rank-reject_first.samples10.maxnew3072.seed10086.subtreePrefetch.vllm.log,25549,2026-08-10 14:16:37,4542.0,0.0,725.8,7,0,0.3,98.3
dataset-math500.model-qwen.alpha4.0.steps100.blocks-8.prefetch-budget-16.rank-reject_first.samples10.maxnew3072.seed10086.subtreePrefetch.vllm.log,25586,2026-08-10 14:16:47,4552.0,0.0,727.2,6,0,0.4,98.3
dataset-math500.model-qwen.alpha4.0.steps100.blocks-8.prefetch-budget-16.rank-reject_first.samples10.maxnew3072.seed10086.subtreePrefetch.vllm.log,25623,2026-08-10 14:16:57,4562.0,0.0,607.3,5,0,0.3,98.3
dataset-math500.model-qwen.alpha4.0.steps100.blocks-8.prefetch-budget-16.rank-reject_first.samples10.maxnew3072.seed10086.subtreePrefetch.vllm.log,25660,2026-08-10 14:17:07,4572.0,0.0,511.8,3,0,0.2,98.3
dataset-math500.model-qwen.alpha4.0.steps100.blocks-8.prefetch-budget-16.rank-reject_first.samples10.maxnew3072.seed10086.subtreePrefetch.vllm.log,25733,2026-08-10 14:17:17,4582.0,0.0,1028.0,14,0,0.3,98.3
dataset-math500.model-qwen.alpha4.0.steps100.blocks-8.prefetch-budget-16.rank-reject_first.samples10.maxnew3072.seed10086.subtreePrefetch.vllm.log,25770,2026-08-10 14:17:27,4592.0,0.0,724.0,16,0,0.2,98.3
dataset-math500.model-qwen.alpha4.0.steps100.blocks-8.prefetch-budget-16.rank-reject_first.samples10.maxnew3072.seed10086.subtreePrefetch.vllm.log,25805,2026-08-10 14:17:37,4602.0,0.0,729.6,16,0,0.2,98.3
dataset-math500.model-qwen.alpha4.0.steps100.blocks-8.prefetch-budget-16.rank-reject_first.samples10.maxnew3072.seed10086.subtreePrefetch.vllm.log,25806,2026-08-10 14:17:47,4612.0,0.0,609.6,2,0,0.2,98.3
dataset-math500.model-qwen.alpha4.0.steps100.blocks-8.prefetch-budget-16.rank-reject_first.samples10.maxnew3072.seed10086.subtreePrefetch.vllm.log,25854,2026-08-10 14:17:57,4622.0,0.0,278.2,15,0,0.2,98.4
dataset-math500.model-qwen.alpha4.0.steps100.blocks-8.prefetch-budget-16.rank-reject_first.samples10.maxnew3072.seed10086.subtreePrefetch.vllm.log,25855,2026-08-10 14:18:07,4632.0,0.0,704.1,6,0,0.5,98.4
dataset-math500.model-qwen.alpha4.0.steps100.blocks-8.prefetch-budget-16.rank-reject_first.samples10.maxnew3072.seed10086.subtreePrefetch.vllm.log,25892,2026-08-10 14:18:17,4642.0,0.0,1044.2,7,0,0.6,98.4
dataset-math500.model-qwen.alpha4.0.steps100.blocks-8.prefetch-budget-16.rank-reject_first.samples10.maxnew3072.seed10086.subtreePrefetch.vllm.log,25929,2026-08-10 14:18:27,4652.0,0.0,1103.0,3,0,0.3,98.4
dataset-math500.model-qwen.alpha4.0.steps100.blocks-8.prefetch-budget-16.rank-reject_first.samples10.maxnew3072.seed10086.subtreePrefetch.vllm.log,25966,2026-08-10 14:18:37,4662.0,0.0,645.7,8,0,0.5,98.4
dataset-math500.model-qwen.alpha4.0.steps100.blocks-8.prefetch-budget-16.rank-reject_first.samples10.maxnew3072.seed10086.subtreePrefetch.vllm.log,26003,2026-08-10 14:18:47,4672.0,0.0,633.1,11,0,0.4,98.4
dataset-math500.model-qwen.alpha4.0.steps100.blocks-8.prefetch-budget-16.rank-reject_first.samples10.maxnew3072.seed10086.subtreePrefetch.vllm.log,26040,2026-08-10 14:18:57,4682.0,0.0,829.7,10,0,0.4,98.5
dataset-math500.model-qwen.alpha4.0.steps100.blocks-8.prefetch-budget-16.rank-reject_first.samples10.maxnew3072.seed10086.subtreePrefetch.vllm.log,26041,2026-08-10 14:19:07,4692.0,0.0,347.6,1,0,0.1,98.5
dataset-math500.model-qwen.alpha4.0.steps100.blocks-8.prefetch-budget-16.rank-reject_first.samples10.maxnew3072.seed10086.subtreePrefetch.vllm.log,26078,2026-08-10 14:19:17,4702.0,0.0,719.5,6,0,0.4,98.5
dataset-math500.model-qwen.alpha4.0.steps100.blocks-8.prefetch-budget-16.rank-reject_first.samples10.maxnew3072.seed10086.subtreePrefetch.vllm.log,26115,2026-08-10 14:19:27,4712.0,0.0,535.6,13,0,0.5,98.5
dataset-math500.model-qwen.alpha4.0.steps100.blocks-8.prefetch-budget-16.rank-reject_first.samples10.maxnew3072.seed10086.subtreePrefetch.vllm.log,26152,2026-08-10 14:19:37,4722.0,0.0,787.1,16,0,0.3,98.5
dataset-math500.model-qwen.alpha4.0.steps100.blocks-8.prefetch-budget-16.rank-reject_first.samples10.maxnew3072.seed10086.subtreePrefetch.vllm.log,26153,2026-08-10 14:19:47,4732.0,0.0,725.4,6,0,0.5,98.5
dataset-math500.model-qwen.alpha4.0.steps100.blocks-8.prefetch-budget-16.rank-reject_first.samples10.maxnew3072.seed10086.subtreePrefetch.vllm.log,26190,2026-08-10 14:19:57,4742.0,0.0,551.8,14,0,0.5,98.5
dataset-math500.model-qwen.alpha4.0.steps100.blocks-8.prefetch-budget-16.rank-reject_first.samples10.maxnew3072.seed10086.subtreePrefetch.vllm.log,26227,2026-08-10 14:20:07,4752.0,0.0,641.2,13,0,0.3,98.5
dataset-math500.model-qwen.alpha4.0.steps100.blocks-8.prefetch-budget-16.rank-reject_first.samples10.maxnew3072.seed10086.subtreePrefetch.vllm.log,26264,2026-08-10 14:20:17,4762.0,0.0,677.0,13,0,0.2,98.6
dataset-math500.model-qwen.alpha4.0.steps100.blocks-8.prefetch-budget-16.rank-reject_first.samples10.maxnew3072.seed10086.subtreePrefetch.vllm.log,26265,2026-08-10 14:20:27,4772.0,0.0,674.3,4,0,0.4,98.6
dataset-math500.model-qwen.alpha4.0.steps100.blocks-8.prefetch-budget-16.rank-reject_first.samples10.maxnew3072.seed10086.subtreePrefetch.vllm.log,26302,2026-08-10 14:20:37,4782.0,0.0,919.9,6,0,0.5,98.6
dataset-math500.model-qwen.alpha4.0.steps100.blocks-8.prefetch-budget-16.rank-reject_first.samples10.maxnew3072.seed10086.subtreePrefetch.vllm.log,26339,2026-08-10 14:20:47,4792.0,0.0,630.6,7,0,0.4,98.6
dataset-math500.model-qwen.alpha4.0.steps100.blocks-8.prefetch-budget-16.rank-reject_first.samples10.maxnew3072.seed10086.subtreePrefetch.vllm.log,26376,2026-08-10 14:20:57,4802.0,0.0,428.8,16,0,0.3,98.6
dataset-math500.model-qwen.alpha4.0.steps100.blocks-8.prefetch-budget-16.rank-reject_first.samples10.maxnew3072.seed10086.subtreePrefetch.vllm.log,26413,2026-08-10 14:21:07,4812.0,0.0,936.2,16,0,0.3,98.6
dataset-math500.model-qwen.alpha4.0.steps100.blocks-8.prefetch-budget-16.rank-reject_first.samples10.maxnew3072.seed10086.subtreePrefetch.vllm.log,26450,2026-08-10 14:21:17,4822.0,0.0,1088.1,15,0,0.3,98.6
dataset-math500.model-qwen.alpha4.0.steps100.blocks-8.prefetch-budget-16.rank-reject_first.samples10.maxnew3072.seed10086.subtreePrefetch.vllm.log,26487,2026-08-10 14:21:27,4832.0,0.0,1104.5,12,0,0.4,98.6
dataset-math500.model-qwen.alpha4.0.steps100.blocks-8.prefetch-budget-16.rank-reject_first.samples10.maxnew3072.seed10086.subtreePrefetch.vllm.log,26524,2026-08-10 14:21:37,4842.0,0.0,1051.3,11,0,0.5,98.6
dataset-math500.model-qwen.alpha4.0.steps100.blocks-8.prefetch-budget-16.rank-reject_first.samples10.maxnew3072.seed10086.subtreePrefetch.vllm.log,26561,2026-08-10 14:21:47,4852.0,0.0,744.9,13,0,0.4,98.7
dataset-math500.model-qwen.alpha4.0.steps100.blocks-8.prefetch-budget-16.rank-reject_first.samples10.maxnew3072.seed10086.subtreePrefetch.vllm.log,26562,2026-08-10 14:21:57,4862.0,0.0,647.9,4,0,0.4,98.7
dataset-math500.model-qwen.alpha4.0.steps100.blocks-8.prefetch-budget-16.rank-reject_first.samples10.maxnew3072.seed10086.subtreePrefetch.vllm.log,26599,2026-08-10 14:22:07,4872.0,0.0,698.7,8,0,0.5,98.7
dataset-math500.model-qwen.alpha4.0.steps100.blocks-8.prefetch-budget-16.rank-reject_first.samples10.maxnew3072.seed10086.subtreePrefetch.vllm.log,26636,2026-08-10 14:22:17,4882.0,0.0,505.5,13,0,0.4,98.7
dataset-math500.model-qwen.alpha4.0.steps100.blocks-8.prefetch-budget-16.rank-reject_first.samples10.maxnew3072.seed10086.subtreePrefetch.vllm.log,26637,2026-08-10 14:22:27,4892.0,0.0,584.4,2,0,0.2,98.7
dataset-math500.model-qwen.alpha4.0.steps100.blocks-8.prefetch-budget-16.rank-reject_first.samples10.maxnew3072.seed10086.subtreePrefetch.vllm.log,26674,2026-08-10 14:22:37,4902.0,0.0,664.2,9,0,0.6,98.7
dataset-math500.model-qwen.alpha4.0.steps100.blocks-8.prefetch-budget-16.rank-reject_first.samples10.maxnew3072.seed10086.subtreePrefetch.vllm.log,26711,2026-08-10 14:22:47,4912.0,0.0,574.6,13,0,0.4,98.7
dataset-math500.model-qwen.alpha4.0.steps100.blocks-8.prefetch-budget-16.rank-reject_first.samples10.maxnew3072.seed10086.subtreePrefetch.vllm.log,26712,2026-08-10 14:22:57,4922.0,0.0,584.8,2,0,0.2,98.7
dataset-math500.model-qwen.alpha4.0.steps100.blocks-8.prefetch-budget-16.rank-reject_first.samples10.maxnew3072.seed10086.subtreePrefetch.vllm.log,26749,2026-08-10 14:23:07,4932.0,0.0,870.4,10,0,0.7,98.7
