source_log,rank,trace_id,sample_idx,block_idx,trace_complete,mh_iteration,mh_transitions_per_call
dataset-lcb_v6.model-gemma-12b.alpha4.0.steps100.blocks-1.prefetch-budget-20.rank-accept_first.cut-entropy4.0.samples20.maxnew1024.seed10086.subtreePrefetch.vllm.log,accept_first,sample-000.block-00,0,0,True,1,1.0
dataset-lcb_v6.model-gemma-12b.alpha4.0.steps100.blocks-1.prefetch-budget-20.rank-accept_first.cut-entropy4.0.samples20.maxnew1024.seed10086.subtreePrefetch.vllm.log,accept_first,sample-000.block-00,0,0,True,2,2.0
dataset-lcb_v6.model-gemma-12b.alpha4.0.steps100.blocks-1.prefetch-budget-20.rank-accept_first.cut-entropy4.0.samples20.maxnew1024.seed10086.subtreePrefetch.vllm.log,accept_first,sample-000.block-00,0,0,True,3,3.0
dataset-lcb_v6.model-gemma-12b.alpha4.0.steps100.blocks-1.prefetch-budget-20.rank-accept_first.cut-entropy4.0.samples20.maxnew1024.seed10086.subtreePrefetch.vllm.log,accept_first,sample-000.block-00,0,0,True,4,4.0
dataset-lcb_v6.model-gemma-12b.alpha4.0.steps100.blocks-1.prefetch-budget-20.rank-accept_first.cut-entropy4.0.samples20.maxnew1024.seed10086.subtreePrefetch.vllm.log,accept_first,sample-000.block-00,0,0,True,5,2.5
dataset-lcb_v6.model-gemma-12b.alpha4.0.steps100.blocks-1.prefetch-budget-20.rank-accept_first.cut-entropy4.0.samples20.maxnew1024.seed10086.subtreePrefetch.vllm.log,accept_first,sample-000.block-00,0,0,True,6,3.0
dataset-lcb_v6.model-gemma-12b.alpha4.0.steps100.blocks-1.prefetch-budget-20.rank-accept_first.cut-entropy4.0.samples20.maxnew1024.seed10086.subtreePrefetch.vllm.log,accept_first,sample-000.block-00,0,0,True,7,3.5
dataset-lcb_v6.model-gemma-12b.alpha4.0.steps100.blocks-1.prefetch-budget-20.rank-accept_first.cut-entropy4.0.samples20.maxnew1024.seed10086.subtreePrefetch.vllm.log,accept_first,sample-000.block-00,0,0,True,8,4.0
dataset-lcb_v6.model-gemma-12b.alpha4.0.steps100.blocks-1.prefetch-budget-20.rank-accept_first.cut-entropy4.0.samples20.maxnew1024.seed10086.subtreePrefetch.vllm.log,accept_first,sample-000.block-00,0,0,True,9,4.5
dataset-lcb_v6.model-gemma-12b.alpha4.0.steps100.blocks-1.prefetch-budget-20.rank-accept_first.cut-entropy4.0.samples20.maxnew1024.seed10086.subtreePrefetch.vllm.log,accept_first,sample-000.block-00,0,0,True,10,3.3333333333333335
dataset-lcb_v6.model-gemma-12b.alpha4.0.steps100.blocks-1.prefetch-budget-20.rank-accept_first.cut-entropy4.0.samples20.maxnew1024.seed10086.subtreePrefetch.vllm.log,accept_first,sample-000.block-00,0,0,True,11,3.6666666666666665
dataset-lcb_v6.model-gemma-12b.alpha4.0.steps100.blocks-1.prefetch-budget-20.rank-accept_first.cut-entropy4.0.samples20.maxnew1024.seed10086.subtreePrefetch.vllm.log,accept_first,sample-000.block-00,0,0,True,12,3.0
dataset-lcb_v6.model-gemma-12b.alpha4.0.steps100.blocks-1.prefetch-budget-20.rank-accept_first.cut-entropy4.0.samples20.maxnew1024.seed10086.subtreePrefetch.vllm.log,accept_first,sample-000.block-00,0,0,True,13,3.25
dataset-lcb_v6.model-gemma-12b.alpha4.0.steps100.blocks-1.prefetch-budget-20.rank-accept_first.cut-entropy4.0.samples20.maxnew1024.seed10086.subtreePrefetch.vllm.log,accept_first,sample-000.block-00,0,0,True,14,3.5
dataset-lcb_v6.model-gemma-12b.alpha4.0.steps100.blocks-1.prefetch-budget-20.rank-accept_first.cut-entropy4.0.samples20.maxnew1024.seed10086.subtreePrefetch.vllm.log,accept_first,sample-000.block-00,0,0,True,15,3.75
dataset-lcb_v6.model-gemma-12b.alpha4.0.steps100.blocks-1.prefetch-budget-20.rank-accept_first.cut-entropy4.0.samples20.maxnew1024.seed10086.subtreePrefetch.vllm.log,accept_first,sample-000.block-00,0,0,True,16,3.2
dataset-lcb_v6.model-gemma-12b.alpha4.0.steps100.blocks-1.prefetch-budget-20.rank-accept_first.cut-entropy4.0.samples20.maxnew1024.seed10086.subtreePrefetch.vllm.log,accept_first,sample-000.block-00,0,0,True,17,2.8333333333333335
dataset-lcb_v6.model-gemma-12b.alpha4.0.steps100.blocks-1.prefetch-budget-20.rank-accept_first.cut-entropy4.0.samples20.maxnew1024.seed10086.subtreePrefetch.vllm.log,accept_first,sample-000.block-00,0,0,True,18,3.0
dataset-lcb_v6.model-gemma-12b.alpha4.0.steps100.blocks-1.prefetch-budget-20.rank-accept_first.cut-entropy4.0.samples20.maxnew1024.seed10086.subtreePrefetch.vllm.log,accept_first,sample-000.block-00,0,0,True,19,3.1666666666666665
dataset-lcb_v6.model-gemma-12b.alpha4.0.steps100.blocks-1.prefetch-budget-20.rank-accept_first.cut-entropy4.0.samples20.maxnew1024.seed10086.subtreePrefetch.vllm.log,accept_first,sample-000.block-00,0,0,True,20,2.857142857142857
dataset-lcb_v6.model-gemma-12b.alpha4.0.steps100.blocks-1.prefetch-budget-20.rank-accept_first.cut-entropy4.0.samples20.maxnew1024.seed10086.subtreePrefetch.vllm.log,accept_first,sample-000.block-00,0,0,True,21,2.625
dataset-lcb_v6.model-gemma-12b.alpha4.0.steps100.blocks-1.prefetch-budget-20.rank-accept_first.cut-entropy4.0.samples20.maxnew1024.seed10086.subtreePrefetch.vllm.log,accept_first,sample-000.block-00,0,0,True,22,2.75
dataset-lcb_v6.model-gemma-12b.alpha4.0.steps100.blocks-1.prefetch-budget-20.rank-accept_first.cut-entropy4.0.samples20.maxnew1024.seed10086.subtreePrefetch.vllm.log,accept_first,sample-000.block-00,0,0,True,23,2.5555555555555554
dataset-lcb_v6.model-gemma-12b.alpha4.0.steps100.blocks-1.prefetch-budget-20.rank-accept_first.cut-entropy4.0.samples20.maxnew1024.seed10086.subtreePrefetch.vllm.log,accept_first,sample-000.block-00,0,0,True,24,2.6666666666666665
dataset-lcb_v6.model-gemma-12b.alpha4.0.steps100.blocks-1.prefetch-budget-20.rank-accept_first.cut-entropy4.0.samples20.maxnew1024.seed10086.subtreePrefetch.vllm.log,accept_first,sample-000.block-00,0,0,True,25,2.5
dataset-lcb_v6.model-gemma-12b.alpha4.0.steps100.blocks-1.prefetch-budget-20.rank-accept_first.cut-entropy4.0.samples20.maxnew1024.seed10086.subtreePrefetch.vllm.log,accept_first,sample-000.block-00,0,0,True,26,2.6
dataset-lcb_v6.model-gemma-12b.alpha4.0.steps100.blocks-1.prefetch-budget-20.rank-accept_first.cut-entropy4.0.samples20.maxnew1024.seed10086.subtreePrefetch.vllm.log,accept_first,sample-000.block-00,0,0,True,27,2.7
dataset-lcb_v6.model-gemma-12b.alpha4.0.steps100.blocks-1.prefetch-budget-20.rank-accept_first.cut-entropy4.0.samples20.maxnew1024.seed10086.subtreePrefetch.vllm.log,accept_first,sample-000.block-00,0,0,True,28,2.5454545454545454
dataset-lcb_v6.model-gemma-12b.alpha4.0.steps100.blocks-1.prefetch-budget-20.rank-accept_first.cut-entropy4.0.samples20.maxnew1024.seed10086.subtreePrefetch.vllm.log,accept_first,sample-000.block-00,0,0,True,29,2.4166666666666665
dataset-lcb_v6.model-gemma-12b.alpha4.0.steps100.blocks-1.prefetch-budget-20.rank-accept_first.cut-entropy4.0.samples20.maxnew1024.seed10086.subtreePrefetch.vllm.log,accept_first,sample-000.block-00,0,0,True,30,2.3076923076923075
dataset-lcb_v6.model-gemma-12b.alpha4.0.steps100.blocks-1.prefetch-budget-20.rank-accept_first.cut-entropy4.0.samples20.maxnew1024.seed10086.subtreePrefetch.vllm.log,accept_first,sample-000.block-00,0,0,True,31,2.3846153846153846
dataset-lcb_v6.model-gemma-12b.alpha4.0.steps100.blocks-1.prefetch-budget-20.rank-accept_first.cut-entropy4.0.samples20.maxnew1024.seed10086.subtreePrefetch.vllm.log,accept_first,sample-000.block-00,0,0,True,32,2.4615384615384617
dataset-lcb_v6.model-gemma-12b.alpha4.0.steps100.blocks-1.prefetch-budget-20.rank-accept_first.cut-entropy4.0.samples20.maxnew1024.seed10086.subtreePrefetch.vllm.log,accept_first,sample-000.block-00,0,0,True,33,2.357142857142857
dataset-lcb_v6.model-gemma-12b.alpha4.0.steps100.blocks-1.prefetch-budget-20.rank-accept_first.cut-entropy4.0.samples20.maxnew1024.seed10086.subtreePrefetch.vllm.log,accept_first,sample-000.block-00,0,0,True,34,2.2666666666666666
dataset-lcb_v6.model-gemma-12b.alpha4.0.steps100.blocks-1.prefetch-budget-20.rank-accept_first.cut-entropy4.0.samples20.maxnew1024.seed10086.subtreePrefetch.vllm.log,accept_first,sample-000.block-00,0,0,True,35,2.3333333333333335
dataset-lcb_v6.model-gemma-12b.alpha4.0.steps100.blocks-1.prefetch-budget-20.rank-accept_first.cut-entropy4.0.samples20.maxnew1024.seed10086.subtreePrefetch.vllm.log,accept_first,sample-000.block-00,0,0,True,36,2.4
dataset-lcb_v6.model-gemma-12b.alpha4.0.steps100.blocks-1.prefetch-budget-20.rank-accept_first.cut-entropy4.0.samples20.maxnew1024.seed10086.subtreePrefetch.vllm.log,accept_first,sample-000.block-00,0,0,True,37,2.3125
dataset-lcb_v6.model-gemma-12b.alpha4.0.steps100.blocks-1.prefetch-budget-20.rank-accept_first.cut-entropy4.0.samples20.maxnew1024.seed10086.subtreePrefetch.vllm.log,accept_first,sample-000.block-00,0,0,True,38,2.375
dataset-lcb_v6.model-gemma-12b.alpha4.0.steps100.blocks-1.prefetch-budget-20.rank-accept_first.cut-entropy4.0.samples20.maxnew1024.seed10086.subtreePrefetch.vllm.log,accept_first,sample-000.block-00,0,0,True,39,2.2941176470588234
dataset-lcb_v6.model-gemma-12b.alpha4.0.steps100.blocks-1.prefetch-budget-20.rank-accept_first.cut-entropy4.0.samples20.maxnew1024.seed10086.subtreePrefetch.vllm.log,accept_first,sample-000.block-00,0,0,True,40,2.2222222222222223
dataset-lcb_v6.model-gemma-12b.alpha4.0.steps100.blocks-1.prefetch-budget-20.rank-accept_first.cut-entropy4.0.samples20.maxnew1024.seed10086.subtreePrefetch.vllm.log,accept_first,sample-000.block-00,0,0,True,41,2.2777777777777777
dataset-lcb_v6.model-gemma-12b.alpha4.0.steps100.blocks-1.prefetch-budget-20.rank-accept_first.cut-entropy4.0.samples20.maxnew1024.seed10086.subtreePrefetch.vllm.log,accept_first,sample-000.block-00,0,0,True,42,2.3333333333333335
dataset-lcb_v6.model-gemma-12b.alpha4.0.steps100.blocks-1.prefetch-budget-20.rank-accept_first.cut-entropy4.0.samples20.maxnew1024.seed10086.subtreePrefetch.vllm.log,accept_first,sample-000.block-00,0,0,True,43,2.388888888888889
dataset-lcb_v6.model-gemma-12b.alpha4.0.steps100.blocks-1.prefetch-budget-20.rank-accept_first.cut-entropy4.0.samples20.maxnew1024.seed10086.subtreePrefetch.vllm.log,accept_first,sample-000.block-00,0,0,True,44,2.4444444444444446
dataset-lcb_v6.model-gemma-12b.alpha4.0.steps100.blocks-1.prefetch-budget-20.rank-accept_first.cut-entropy4.0.samples20.maxnew1024.seed10086.subtreePrefetch.vllm.log,accept_first,sample-000.block-00,0,0,True,45,2.5
dataset-lcb_v6.model-gemma-12b.alpha4.0.steps100.blocks-1.prefetch-budget-20.rank-accept_first.cut-entropy4.0.samples20.maxnew1024.seed10086.subtreePrefetch.vllm.log,accept_first,sample-000.block-00,0,0,True,46,2.5555555555555554
dataset-lcb_v6.model-gemma-12b.alpha4.0.steps100.blocks-1.prefetch-budget-20.rank-accept_first.cut-entropy4.0.samples20.maxnew1024.seed10086.subtreePrefetch.vllm.log,accept_first,sample-000.block-00,0,0,True,47,2.611111111111111
dataset-lcb_v6.model-gemma-12b.alpha4.0.steps100.blocks-1.prefetch-budget-20.rank-accept_first.cut-entropy4.0.samples20.maxnew1024.seed10086.subtreePrefetch.vllm.log,accept_first,sample-000.block-00,0,0,True,48,2.526315789473684
dataset-lcb_v6.model-gemma-12b.alpha4.0.steps100.blocks-1.prefetch-budget-20.rank-accept_first.cut-entropy4.0.samples20.maxnew1024.seed10086.subtreePrefetch.vllm.log,accept_first,sample-000.block-00,0,0,True,49,2.5789473684210527
dataset-lcb_v6.model-gemma-12b.alpha4.0.steps100.blocks-1.prefetch-budget-20.rank-accept_first.cut-entropy4.0.samples20.maxnew1024.seed10086.subtreePrefetch.vllm.log,accept_first,sample-000.block-00,0,0,True,50,2.6315789473684212
dataset-lcb_v6.model-gemma-12b.alpha4.0.steps100.blocks-1.prefetch-budget-20.rank-accept_first.cut-entropy4.0.samples20.maxnew1024.seed10086.subtreePrefetch.vllm.log,accept_first,sample-000.block-00,0,0,True,51,2.55
dataset-lcb_v6.model-gemma-12b.alpha4.0.steps100.blocks-1.prefetch-budget-20.rank-accept_first.cut-entropy4.0.samples20.maxnew1024.seed10086.subtreePrefetch.vllm.log,accept_first,sample-000.block-00,0,0,True,52,2.6
dataset-lcb_v6.model-gemma-12b.alpha4.0.steps100.blocks-1.prefetch-budget-20.rank-accept_first.cut-entropy4.0.samples20.maxnew1024.seed10086.subtreePrefetch.vllm.log,accept_first,sample-000.block-00,0,0,True,53,2.5238095238095237
dataset-lcb_v6.model-gemma-12b.alpha4.0.steps100.blocks-1.prefetch-budget-20.rank-accept_first.cut-entropy4.0.samples20.maxnew1024.seed10086.subtreePrefetch.vllm.log,accept_first,sample-000.block-00,0,0,True,54,2.5714285714285716
dataset-lcb_v6.model-gemma-12b.alpha4.0.steps100.blocks-1.prefetch-budget-20.rank-accept_first.cut-entropy4.0.samples20.maxnew1024.seed10086.subtreePrefetch.vllm.log,accept_first,sample-000.block-00,0,0,True,55,2.619047619047619
dataset-lcb_v6.model-gemma-12b.alpha4.0.steps100.blocks-1.prefetch-budget-20.rank-accept_first.cut-entropy4.0.samples20.maxnew1024.seed10086.subtreePrefetch.vllm.log,accept_first,sample-000.block-00,0,0,True,56,2.5454545454545454
dataset-lcb_v6.model-gemma-12b.alpha4.0.steps100.blocks-1.prefetch-budget-20.rank-accept_first.cut-entropy4.0.samples20.maxnew1024.seed10086.subtreePrefetch.vllm.log,accept_first,sample-000.block-00,0,0,True,57,2.590909090909091
dataset-lcb_v6.model-gemma-12b.alpha4.0.steps100.blocks-1.prefetch-budget-20.rank-accept_first.cut-entropy4.0.samples20.maxnew1024.seed10086.subtreePrefetch.vllm.log,accept_first,sample-000.block-00,0,0,True,58,2.6363636363636362
dataset-lcb_v6.model-gemma-12b.alpha4.0.steps100.blocks-1.prefetch-budget-20.rank-accept_first.cut-entropy4.0.samples20.maxnew1024.seed10086.subtreePrefetch.vllm.log,accept_first,sample-000.block-00,0,0,True,59,2.5652173913043477
dataset-lcb_v6.model-gemma-12b.alpha4.0.steps100.blocks-1.prefetch-budget-20.rank-accept_first.cut-entropy4.0.samples20.maxnew1024.seed10086.subtreePrefetch.vllm.log,accept_first,sample-000.block-00,0,0,True,60,2.608695652173913
dataset-lcb_v6.model-gemma-12b.alpha4.0.steps100.blocks-1.prefetch-budget-20.rank-accept_first.cut-entropy4.0.samples20.maxnew1024.seed10086.subtreePrefetch.vllm.log,accept_first,sample-000.block-00,0,0,True,61,2.652173913043478
dataset-lcb_v6.model-gemma-12b.alpha4.0.steps100.blocks-1.prefetch-budget-20.rank-accept_first.cut-entropy4.0.samples20.maxnew1024.seed10086.subtreePrefetch.vllm.log,accept_first,sample-000.block-00,0,0,True,62,2.5833333333333335
dataset-lcb_v6.model-gemma-12b.alpha4.0.steps100.blocks-1.prefetch-budget-20.rank-accept_first.cut-entropy4.0.samples20.maxnew1024.seed10086.subtreePrefetch.vllm.log,accept_first,sample-000.block-00,0,0,True,63,2.625
dataset-lcb_v6.model-gemma-12b.alpha4.0.steps100.blocks-1.prefetch-budget-20.rank-accept_first.cut-entropy4.0.samples20.maxnew1024.seed10086.subtreePrefetch.vllm.log,accept_first,sample-000.block-00,0,0,True,64,2.6666666666666665
dataset-lcb_v6.model-gemma-12b.alpha4.0.steps100.blocks-1.prefetch-budget-20.rank-accept_first.cut-entropy4.0.samples20.maxnew1024.seed10086.subtreePrefetch.vllm.log,accept_first,sample-000.block-00,0,0,True,65,2.7083333333333335
dataset-lcb_v6.model-gemma-12b.alpha4.0.steps100.blocks-1.prefetch-budget-20.rank-accept_first.cut-entropy4.0.samples20.maxnew1024.seed10086.subtreePrefetch.vllm.log,accept_first,sample-000.block-00,0,0,True,66,2.64
dataset-lcb_v6.model-gemma-12b.alpha4.0.steps100.blocks-1.prefetch-budget-20.rank-accept_first.cut-entropy4.0.samples20.maxnew1024.seed10086.subtreePrefetch.vllm.log,accept_first,sample-000.block-00,0,0,True,67,2.68
dataset-lcb_v6.model-gemma-12b.alpha4.0.steps100.blocks-1.prefetch-budget-20.rank-accept_first.cut-entropy4.0.samples20.maxnew1024.seed10086.subtreePrefetch.vllm.log,accept_first,sample-000.block-00,0,0,True,68,2.72
dataset-lcb_v6.model-gemma-12b.alpha4.0.steps100.blocks-1.prefetch-budget-20.rank-accept_first.cut-entropy4.0.samples20.maxnew1024.seed10086.subtreePrefetch.vllm.log,accept_first,sample-000.block-00,0,0,True,69,2.76
dataset-lcb_v6.model-gemma-12b.alpha4.0.steps100.blocks-1.prefetch-budget-20.rank-accept_first.cut-entropy4.0.samples20.maxnew1024.seed10086.subtreePrefetch.vllm.log,accept_first,sample-000.block-00,0,0,True,70,2.6923076923076925
dataset-lcb_v6.model-gemma-12b.alpha4.0.steps100.blocks-1.prefetch-budget-20.rank-accept_first.cut-entropy4.0.samples20.maxnew1024.seed10086.subtreePrefetch.vllm.log,accept_first,sample-000.block-00,0,0,True,71,2.730769230769231
dataset-lcb_v6.model-gemma-12b.alpha4.0.steps100.blocks-1.prefetch-budget-20.rank-accept_first.cut-entropy4.0.samples20.maxnew1024.seed10086.subtreePrefetch.vllm.log,accept_first,sample-000.block-00,0,0,True,72,2.769230769230769
dataset-lcb_v6.model-gemma-12b.alpha4.0.steps100.blocks-1.prefetch-budget-20.rank-accept_first.cut-entropy4.0.samples20.maxnew1024.seed10086.subtreePrefetch.vllm.log,accept_first,sample-000.block-00,0,0,True,73,2.8076923076923075
dataset-lcb_v6.model-gemma-12b.alpha4.0.steps100.blocks-1.prefetch-budget-20.rank-accept_first.cut-entropy4.0.samples20.maxnew1024.seed10086.subtreePrefetch.vllm.log,accept_first,sample-000.block-00,0,0,True,74,2.8461538461538463
dataset-lcb_v6.model-gemma-12b.alpha4.0.steps100.blocks-1.prefetch-budget-20.rank-accept_first.cut-entropy4.0.samples20.maxnew1024.seed10086.subtreePrefetch.vllm.log,accept_first,sample-000.block-00,0,0,True,75,2.8846153846153846
dataset-lcb_v6.model-gemma-12b.alpha4.0.steps100.blocks-1.prefetch-budget-20.rank-accept_first.cut-entropy4.0.samples20.maxnew1024.seed10086.subtreePrefetch.vllm.log,accept_first,sample-000.block-00,0,0,True,76,2.814814814814815
dataset-lcb_v6.model-gemma-12b.alpha4.0.steps100.blocks-1.prefetch-budget-20.rank-accept_first.cut-entropy4.0.samples20.maxnew1024.seed10086.subtreePrefetch.vllm.log,accept_first,sample-000.block-00,0,0,True,77,2.8518518518518516
dataset-lcb_v6.model-gemma-12b.alpha4.0.steps100.blocks-1.prefetch-budget-20.rank-accept_first.cut-entropy4.0.samples20.maxnew1024.seed10086.subtreePrefetch.vllm.log,accept_first,sample-000.block-00,0,0,True,78,2.888888888888889
dataset-lcb_v6.model-gemma-12b.alpha4.0.steps100.blocks-1.prefetch-budget-20.rank-accept_first.cut-entropy4.0.samples20.maxnew1024.seed10086.subtreePrefetch.vllm.log,accept_first,sample-000.block-00,0,0,True,79,2.925925925925926
dataset-lcb_v6.model-gemma-12b.alpha4.0.steps100.blocks-1.prefetch-budget-20.rank-accept_first.cut-entropy4.0.samples20.maxnew1024.seed10086.subtreePrefetch.vllm.log,accept_first,sample-000.block-00,0,0,True,80,2.857142857142857
dataset-lcb_v6.model-gemma-12b.alpha4.0.steps100.blocks-1.prefetch-budget-20.rank-accept_first.cut-entropy4.0.samples20.maxnew1024.seed10086.subtreePrefetch.vllm.log,accept_first,sample-000.block-00,0,0,True,81,2.793103448275862
dataset-lcb_v6.model-gemma-12b.alpha4.0.steps100.blocks-1.prefetch-budget-20.rank-accept_first.cut-entropy4.0.samples20.maxnew1024.seed10086.subtreePrefetch.vllm.log,accept_first,sample-000.block-00,0,0,True,82,2.8275862068965516
dataset-lcb_v6.model-gemma-12b.alpha4.0.steps100.blocks-1.prefetch-budget-20.rank-accept_first.cut-entropy4.0.samples20.maxnew1024.seed10086.subtreePrefetch.vllm.log,accept_first,sample-000.block-00,0,0,True,83,2.7666666666666666
dataset-lcb_v6.model-gemma-12b.alpha4.0.steps100.blocks-1.prefetch-budget-20.rank-accept_first.cut-entropy4.0.samples20.maxnew1024.seed10086.subtreePrefetch.vllm.log,accept_first,sample-000.block-00,0,0,True,84,2.8
dataset-lcb_v6.model-gemma-12b.alpha4.0.steps100.blocks-1.prefetch-budget-20.rank-accept_first.cut-entropy4.0.samples20.maxnew1024.seed10086.subtreePrefetch.vllm.log,accept_first,sample-000.block-00,0,0,True,85,2.8333333333333335
dataset-lcb_v6.model-gemma-12b.alpha4.0.steps100.blocks-1.prefetch-budget-20.rank-accept_first.cut-entropy4.0.samples20.maxnew1024.seed10086.subtreePrefetch.vllm.log,accept_first,sample-000.block-00,0,0,True,86,2.774193548387097
dataset-lcb_v6.model-gemma-12b.alpha4.0.steps100.blocks-1.prefetch-budget-20.rank-accept_first.cut-entropy4.0.samples20.maxnew1024.seed10086.subtreePrefetch.vllm.log,accept_first,sample-000.block-00,0,0,True,87,2.71875
dataset-lcb_v6.model-gemma-12b.alpha4.0.steps100.blocks-1.prefetch-budget-20.rank-accept_first.cut-entropy4.0.samples20.maxnew1024.seed10086.subtreePrefetch.vllm.log,accept_first,sample-000.block-00,0,0,True,88,2.75
dataset-lcb_v6.model-gemma-12b.alpha4.0.steps100.blocks-1.prefetch-budget-20.rank-accept_first.cut-entropy4.0.samples20.maxnew1024.seed10086.subtreePrefetch.vllm.log,accept_first,sample-000.block-00,0,0,True,89,2.78125
dataset-lcb_v6.model-gemma-12b.alpha4.0.steps100.blocks-1.prefetch-budget-20.rank-accept_first.cut-entropy4.0.samples20.maxnew1024.seed10086.subtreePrefetch.vllm.log,accept_first,sample-000.block-00,0,0,True,90,2.8125
dataset-lcb_v6.model-gemma-12b.alpha4.0.steps100.blocks-1.prefetch-budget-20.rank-accept_first.cut-entropy4.0.samples20.maxnew1024.seed10086.subtreePrefetch.vllm.log,accept_first,sample-000.block-00,0,0,True,91,2.757575757575758
dataset-lcb_v6.model-gemma-12b.alpha4.0.steps100.blocks-1.prefetch-budget-20.rank-accept_first.cut-entropy4.0.samples20.maxnew1024.seed10086.subtreePrefetch.vllm.log,accept_first,sample-000.block-00,0,0,True,92,2.7058823529411766
dataset-lcb_v6.model-gemma-12b.alpha4.0.steps100.blocks-1.prefetch-budget-20.rank-accept_first.cut-entropy4.0.samples20.maxnew1024.seed10086.subtreePrefetch.vllm.log,accept_first,sample-000.block-00,0,0,True,93,2.735294117647059
dataset-lcb_v6.model-gemma-12b.alpha4.0.steps100.blocks-1.prefetch-budget-20.rank-accept_first.cut-entropy4.0.samples20.maxnew1024.seed10086.subtreePrefetch.vllm.log,accept_first,sample-000.block-00,0,0,True,94,2.764705882352941
dataset-lcb_v6.model-gemma-12b.alpha4.0.steps100.blocks-1.prefetch-budget-20.rank-accept_first.cut-entropy4.0.samples20.maxnew1024.seed10086.subtreePrefetch.vllm.log,accept_first,sample-000.block-00,0,0,True,95,2.7142857142857144
dataset-lcb_v6.model-gemma-12b.alpha4.0.steps100.blocks-1.prefetch-budget-20.rank-accept_first.cut-entropy4.0.samples20.maxnew1024.seed10086.subtreePrefetch.vllm.log,accept_first,sample-000.block-00,0,0,True,96,2.742857142857143
dataset-lcb_v6.model-gemma-12b.alpha4.0.steps100.blocks-1.prefetch-budget-20.rank-accept_first.cut-entropy4.0.samples20.maxnew1024.seed10086.subtreePrefetch.vllm.log,accept_first,sample-000.block-00,0,0,True,97,2.7714285714285714
dataset-lcb_v6.model-gemma-12b.alpha4.0.steps100.blocks-1.prefetch-budget-20.rank-accept_first.cut-entropy4.0.samples20.maxnew1024.seed10086.subtreePrefetch.vllm.log,accept_first,sample-000.block-00,0,0,True,98,2.7222222222222223
dataset-lcb_v6.model-gemma-12b.alpha4.0.steps100.blocks-1.prefetch-budget-20.rank-accept_first.cut-entropy4.0.samples20.maxnew1024.seed10086.subtreePrefetch.vllm.log,accept_first,sample-000.block-00,0,0,True,99,2.675675675675676
dataset-lcb_v6.model-gemma-12b.alpha4.0.steps100.blocks-1.prefetch-budget-20.rank-accept_first.cut-entropy4.0.samples20.maxnew1024.seed10086.subtreePrefetch.vllm.log,accept_first,sample-000.block-00,0,0,True,100,2.7027027027027026
dataset-lcb_v6.model-gemma-12b.alpha4.0.steps100.blocks-1.prefetch-budget-20.rank-accept_first.cut-entropy4.0.samples20.maxnew1024.seed10086.subtreePrefetch.vllm.log,accept_first,sample-001.block-00,1,0,True,1,1.0
dataset-lcb_v6.model-gemma-12b.alpha4.0.steps100.blocks-1.prefetch-budget-20.rank-accept_first.cut-entropy4.0.samples20.maxnew1024.seed10086.subtreePrefetch.vllm.log,accept_first,sample-001.block-00,1,0,True,2,2.0
dataset-lcb_v6.model-gemma-12b.alpha4.0.steps100.blocks-1.prefetch-budget-20.rank-accept_first.cut-entropy4.0.samples20.maxnew1024.seed10086.subtreePrefetch.vllm.log,accept_first,sample-001.block-00,1,0,True,3,3.0
dataset-lcb_v6.model-gemma-12b.alpha4.0.steps100.blocks-1.prefetch-budget-20.rank-accept_first.cut-entropy4.0.samples20.maxnew1024.seed10086.subtreePrefetch.vllm.log,accept_first,sample-001.block-00,1,0,True,4,2.0
dataset-lcb_v6.model-gemma-12b.alpha4.0.steps100.blocks-1.prefetch-budget-20.rank-accept_first.cut-entropy4.0.samples20.maxnew1024.seed10086.subtreePrefetch.vllm.log,accept_first,sample-001.block-00,1,0,True,5,2.5
dataset-lcb_v6.model-gemma-12b.alpha4.0.steps100.blocks-1.prefetch-budget-20.rank-accept_first.cut-entropy4.0.samples20.maxnew1024.seed10086.subtreePrefetch.vllm.log,accept_first,sample-001.block-00,1,0,True,6,2.0
dataset-lcb_v6.model-gemma-12b.alpha4.0.steps100.blocks-1.prefetch-budget-20.rank-accept_first.cut-entropy4.0.samples20.maxnew1024.seed10086.subtreePrefetch.vllm.log,accept_first,sample-001.block-00,1,0,True,7,2.3333333333333335
dataset-lcb_v6.model-gemma-12b.alpha4.0.steps100.blocks-1.prefetch-budget-20.rank-accept_first.cut-entropy4.0.samples20.maxnew1024.seed10086.subtreePrefetch.vllm.log,accept_first,sample-001.block-00,1,0,True,8,2.0
dataset-lcb_v6.model-gemma-12b.alpha4.0.steps100.blocks-1.prefetch-budget-20.rank-accept_first.cut-entropy4.0.samples20.maxnew1024.seed10086.subtreePrefetch.vllm.log,accept_first,sample-001.block-00,1,0,True,9,1.8
dataset-lcb_v6.model-gemma-12b.alpha4.0.steps100.blocks-1.prefetch-budget-20.rank-accept_first.cut-entropy4.0.samples20.maxnew1024.seed10086.subtreePrefetch.vllm.log,accept_first,sample-001.block-00,1,0,True,10,1.6666666666666667
dataset-lcb_v6.model-gemma-12b.alpha4.0.steps100.blocks-1.prefetch-budget-20.rank-accept_first.cut-entropy4.0.samples20.maxnew1024.seed10086.subtreePrefetch.vllm.log,accept_first,sample-001.block-00,1,0,True,11,1.5714285714285714
dataset-lcb_v6.model-gemma-12b.alpha4.0.steps100.blocks-1.prefetch-budget-20.rank-accept_first.cut-entropy4.0.samples20.maxnew1024.seed10086.subtreePrefetch.vllm.log,accept_first,sample-001.block-00,1,0,True,12,1.7142857142857142
dataset-lcb_v6.model-gemma-12b.alpha4.0.steps100.blocks-1.prefetch-budget-20.rank-accept_first.cut-entropy4.0.samples20.maxnew1024.seed10086.subtreePrefetch.vllm.log,accept_first,sample-001.block-00,1,0,True,13,1.625
dataset-lcb_v6.model-gemma-12b.alpha4.0.steps100.blocks-1.prefetch-budget-20.rank-accept_first.cut-entropy4.0.samples20.maxnew1024.seed10086.subtreePrefetch.vllm.log,accept_first,sample-001.block-00,1,0,True,14,1.75
dataset-lcb_v6.model-gemma-12b.alpha4.0.steps100.blocks-1.prefetch-budget-20.rank-accept_first.cut-entropy4.0.samples20.maxnew1024.seed10086.subtreePrefetch.vllm.log,accept_first,sample-001.block-00,1,0,True,15,1.875
dataset-lcb_v6.model-gemma-12b.alpha4.0.steps100.blocks-1.prefetch-budget-20.rank-accept_first.cut-entropy4.0.samples20.maxnew1024.seed10086.subtreePrefetch.vllm.log,accept_first,sample-001.block-00,1,0,True,16,1.7777777777777777
dataset-lcb_v6.model-gemma-12b.alpha4.0.steps100.blocks-1.prefetch-budget-20.rank-accept_first.cut-entropy4.0.samples20.maxnew1024.seed10086.subtreePrefetch.vllm.log,accept_first,sample-001.block-00,1,0,True,17,1.8888888888888888
dataset-lcb_v6.model-gemma-12b.alpha4.0.steps100.blocks-1.prefetch-budget-20.rank-accept_first.cut-entropy4.0.samples20.maxnew1024.seed10086.subtreePrefetch.vllm.log,accept_first,sample-001.block-00,1,0,True,18,2.0
dataset-lcb_v6.model-gemma-12b.alpha4.0.steps100.blocks-1.prefetch-budget-20.rank-accept_first.cut-entropy4.0.samples20.maxnew1024.seed10086.subtreePrefetch.vllm.log,accept_first,sample-001.block-00,1,0,True,19,2.111111111111111
dataset-lcb_v6.model-gemma-12b.alpha4.0.steps100.blocks-1.prefetch-budget-20.rank-accept_first.cut-entropy4.0.samples20.maxnew1024.seed10086.subtreePrefetch.vllm.log,accept_first,sample-001.block-00,1,0,True,20,2.2222222222222223
dataset-lcb_v6.model-gemma-12b.alpha4.0.steps100.blocks-1.prefetch-budget-20.rank-accept_first.cut-entropy4.0.samples20.maxnew1024.seed10086.subtreePrefetch.vllm.log,accept_first,sample-001.block-00,1,0,True,21,2.3333333333333335
dataset-lcb_v6.model-gemma-12b.alpha4.0.steps100.blocks-1.prefetch-budget-20.rank-accept_first.cut-entropy4.0.samples20.maxnew1024.seed10086.subtreePrefetch.vllm.log,accept_first,sample-001.block-00,1,0,True,22,2.2
dataset-lcb_v6.model-gemma-12b.alpha4.0.steps100.blocks-1.prefetch-budget-20.rank-accept_first.cut-entropy4.0.samples20.maxnew1024.seed10086.subtreePrefetch.vllm.log,accept_first,sample-001.block-00,1,0,True,23,2.3
dataset-lcb_v6.model-gemma-12b.alpha4.0.steps100.blocks-1.prefetch-budget-20.rank-accept_first.cut-entropy4.0.samples20.maxnew1024.seed10086.subtreePrefetch.vllm.log,accept_first,sample-001.block-00,1,0,True,24,2.4
dataset-lcb_v6.model-gemma-12b.alpha4.0.steps100.blocks-1.prefetch-budget-20.rank-accept_first.cut-entropy4.0.samples20.maxnew1024.seed10086.subtreePrefetch.vllm.log,accept_first,sample-001.block-00,1,0,True,25,2.5
dataset-lcb_v6.model-gemma-12b.alpha4.0.steps100.blocks-1.prefetch-budget-20.rank-accept_first.cut-entropy4.0.samples20.maxnew1024.seed10086.subtreePrefetch.vllm.log,accept_first,sample-001.block-00,1,0,True,26,2.6
dataset-lcb_v6.model-gemma-12b.alpha4.0.steps100.blocks-1.prefetch-budget-20.rank-accept_first.cut-entropy4.0.samples20.maxnew1024.seed10086.subtreePrefetch.vllm.log,accept_first,sample-001.block-00,1,0,True,27,2.4545454545454546
dataset-lcb_v6.model-gemma-12b.alpha4.0.steps100.blocks-1.prefetch-budget-20.rank-accept_first.cut-entropy4.0.samples20.maxnew1024.seed10086.subtreePrefetch.vllm.log,accept_first,sample-001.block-00,1,0,True,28,2.5454545454545454
dataset-lcb_v6.model-gemma-12b.alpha4.0.steps100.blocks-1.prefetch-budget-20.rank-accept_first.cut-entropy4.0.samples20.maxnew1024.seed10086.subtreePrefetch.vllm.log,accept_first,sample-001.block-00,1,0,True,29,2.4166666666666665
dataset-lcb_v6.model-gemma-12b.alpha4.0.steps100.blocks-1.prefetch-budget-20.rank-accept_first.cut-entropy4.0.samples20.maxnew1024.seed10086.subtreePrefetch.vllm.log,accept_first,sample-001.block-00,1,0,True,30,2.3076923076923075
dataset-lcb_v6.model-gemma-12b.alpha4.0.steps100.blocks-1.prefetch-budget-20.rank-accept_first.cut-entropy4.0.samples20.maxnew1024.seed10086.subtreePrefetch.vllm.log,accept_first,sample-001.block-00,1,0,True,31,2.3846153846153846
dataset-lcb_v6.model-gemma-12b.alpha4.0.steps100.blocks-1.prefetch-budget-20.rank-accept_first.cut-entropy4.0.samples20.maxnew1024.seed10086.subtreePrefetch.vllm.log,accept_first,sample-001.block-00,1,0,True,32,2.4615384615384617
dataset-lcb_v6.model-gemma-12b.alpha4.0.steps100.blocks-1.prefetch-budget-20.rank-accept_first.cut-entropy4.0.samples20.maxnew1024.seed10086.subtreePrefetch.vllm.log,accept_first,sample-001.block-00,1,0,True,33,2.357142857142857
dataset-lcb_v6.model-gemma-12b.alpha4.0.steps100.blocks-1.prefetch-budget-20.rank-accept_first.cut-entropy4.0.samples20.maxnew1024.seed10086.subtreePrefetch.vllm.log,accept_first,sample-001.block-00,1,0,True,34,2.4285714285714284
dataset-lcb_v6.model-gemma-12b.alpha4.0.steps100.blocks-1.prefetch-budget-20.rank-accept_first.cut-entropy4.0.samples20.maxnew1024.seed10086.subtreePrefetch.vllm.log,accept_first,sample-001.block-00,1,0,True,35,2.5
dataset-lcb_v6.model-gemma-12b.alpha4.0.steps100.blocks-1.prefetch-budget-20.rank-accept_first.cut-entropy4.0.samples20.maxnew1024.seed10086.subtreePrefetch.vllm.log,accept_first,sample-001.block-00,1,0,True,36,2.5714285714285716
dataset-lcb_v6.model-gemma-12b.alpha4.0.steps100.blocks-1.prefetch-budget-20.rank-accept_first.cut-entropy4.0.samples20.maxnew1024.seed10086.subtreePrefetch.vllm.log,accept_first,sample-001.block-00,1,0,True,37,2.466666666666667
dataset-lcb_v6.model-gemma-12b.alpha4.0.steps100.blocks-1.prefetch-budget-20.rank-accept_first.cut-entropy4.0.samples20.maxnew1024.seed10086.subtreePrefetch.vllm.log,accept_first,sample-001.block-00,1,0,True,38,2.533333333333333
dataset-lcb_v6.model-gemma-12b.alpha4.0.steps100.blocks-1.prefetch-budget-20.rank-accept_first.cut-entropy4.0.samples20.maxnew1024.seed10086.subtreePrefetch.vllm.log,accept_first,sample-001.block-00,1,0,True,39,2.6
dataset-lcb_v6.model-gemma-12b.alpha4.0.steps100.blocks-1.prefetch-budget-20.rank-accept_first.cut-entropy4.0.samples20.maxnew1024.seed10086.subtreePrefetch.vllm.log,accept_first,sample-001.block-00,1,0,True,40,2.6666666666666665
dataset-lcb_v6.model-gemma-12b.alpha4.0.steps100.blocks-1.prefetch-budget-20.rank-accept_first.cut-entropy4.0.samples20.maxnew1024.seed10086.subtreePrefetch.vllm.log,accept_first,sample-001.block-00,1,0,True,41,2.7333333333333334
dataset-lcb_v6.model-gemma-12b.alpha4.0.steps100.blocks-1.prefetch-budget-20.rank-accept_first.cut-entropy4.0.samples20.maxnew1024.seed10086.subtreePrefetch.vllm.log,accept_first,sample-001.block-00,1,0,True,42,2.8
dataset-lcb_v6.model-gemma-12b.alpha4.0.steps100.blocks-1.prefetch-budget-20.rank-accept_first.cut-entropy4.0.samples20.maxnew1024.seed10086.subtreePrefetch.vllm.log,accept_first,sample-001.block-00,1,0,True,43,2.8666666666666667
dataset-lcb_v6.model-gemma-12b.alpha4.0.steps100.blocks-1.prefetch-budget-20.rank-accept_first.cut-entropy4.0.samples20.maxnew1024.seed10086.subtreePrefetch.vllm.log,accept_first,sample-001.block-00,1,0,True,44,2.933333333333333
dataset-lcb_v6.model-gemma-12b.alpha4.0.steps100.blocks-1.prefetch-budget-20.rank-accept_first.cut-entropy4.0.samples20.maxnew1024.seed10086.subtreePrefetch.vllm.log,accept_first,sample-001.block-00,1,0,True,45,2.8125
dataset-lcb_v6.model-gemma-12b.alpha4.0.steps100.blocks-1.prefetch-budget-20.rank-accept_first.cut-entropy4.0.samples20.maxnew1024.seed10086.subtreePrefetch.vllm.log,accept_first,sample-001.block-00,1,0,True,46,2.875
dataset-lcb_v6.model-gemma-12b.alpha4.0.steps100.blocks-1.prefetch-budget-20.rank-accept_first.cut-entropy4.0.samples20.maxnew1024.seed10086.subtreePrefetch.vllm.log,accept_first,sample-001.block-00,1,0,True,47,2.9375
dataset-lcb_v6.model-gemma-12b.alpha4.0.steps100.blocks-1.prefetch-budget-20.rank-accept_first.cut-entropy4.0.samples20.maxnew1024.seed10086.subtreePrefetch.vllm.log,accept_first,sample-001.block-00,1,0,True,48,3.0
dataset-lcb_v6.model-gemma-12b.alpha4.0.steps100.blocks-1.prefetch-budget-20.rank-accept_first.cut-entropy4.0.samples20.maxnew1024.seed10086.subtreePrefetch.vllm.log,accept_first,sample-001.block-00,1,0,True,49,2.8823529411764706
dataset-lcb_v6.model-gemma-12b.alpha4.0.steps100.blocks-1.prefetch-budget-20.rank-accept_first.cut-entropy4.0.samples20.maxnew1024.seed10086.subtreePrefetch.vllm.log,accept_first,sample-001.block-00,1,0,True,50,2.9411764705882355
dataset-lcb_v6.model-gemma-12b.alpha4.0.steps100.blocks-1.prefetch-budget-20.rank-accept_first.cut-entropy4.0.samples20.maxnew1024.seed10086.subtreePrefetch.vllm.log,accept_first,sample-001.block-00,1,0,True,51,3.0
dataset-lcb_v6.model-gemma-12b.alpha4.0.steps100.blocks-1.prefetch-budget-20.rank-accept_first.cut-entropy4.0.samples20.maxnew1024.seed10086.subtreePrefetch.vllm.log,accept_first,sample-001.block-00,1,0,True,52,3.0588235294117645
dataset-lcb_v6.model-gemma-12b.alpha4.0.steps100.blocks-1.prefetch-budget-20.rank-accept_first.cut-entropy4.0.samples20.maxnew1024.seed10086.subtreePrefetch.vllm.log,accept_first,sample-001.block-00,1,0,True,53,3.1176470588235294
dataset-lcb_v6.model-gemma-12b.alpha4.0.steps100.blocks-1.prefetch-budget-20.rank-accept_first.cut-entropy4.0.samples20.maxnew1024.seed10086.subtreePrefetch.vllm.log,accept_first,sample-001.block-00,1,0,True,54,3.0
dataset-lcb_v6.model-gemma-12b.alpha4.0.steps100.blocks-1.prefetch-budget-20.rank-accept_first.cut-entropy4.0.samples20.maxnew1024.seed10086.subtreePrefetch.vllm.log,accept_first,sample-001.block-00,1,0,True,55,3.0555555555555554
dataset-lcb_v6.model-gemma-12b.alpha4.0.steps100.blocks-1.prefetch-budget-20.rank-accept_first.cut-entropy4.0.samples20.maxnew1024.seed10086.subtreePrefetch.vllm.log,accept_first,sample-001.block-00,1,0,True,56,3.111111111111111
dataset-lcb_v6.model-gemma-12b.alpha4.0.steps100.blocks-1.prefetch-budget-20.rank-accept_first.cut-entropy4.0.samples20.maxnew1024.seed10086.subtreePrefetch.vllm.log,accept_first,sample-001.block-00,1,0,True,57,3.1666666666666665
dataset-lcb_v6.model-gemma-12b.alpha4.0.steps100.blocks-1.prefetch-budget-20.rank-accept_first.cut-entropy4.0.samples20.maxnew1024.seed10086.subtreePrefetch.vllm.log,accept_first,sample-001.block-00,1,0,True,58,3.2222222222222223
dataset-lcb_v6.model-gemma-12b.alpha4.0.steps100.blocks-1.prefetch-budget-20.rank-accept_first.cut-entropy4.0.samples20.maxnew1024.seed10086.subtreePrefetch.vllm.log,accept_first,sample-001.block-00,1,0,True,59,3.2777777777777777
dataset-lcb_v6.model-gemma-12b.alpha4.0.steps100.blocks-1.prefetch-budget-20.rank-accept_first.cut-entropy4.0.samples20.maxnew1024.seed10086.subtreePrefetch.vllm.log,accept_first,sample-001.block-00,1,0,True,60,3.1578947368421053
dataset-lcb_v6.model-gemma-12b.alpha4.0.steps100.blocks-1.prefetch-budget-20.rank-accept_first.cut-entropy4.0.samples20.maxnew1024.seed10086.subtreePrefetch.vllm.log,accept_first,sample-001.block-00,1,0,True,61,3.210526315789474
dataset-lcb_v6.model-gemma-12b.alpha4.0.steps100.blocks-1.prefetch-budget-20.rank-accept_first.cut-entropy4.0.samples20.maxnew1024.seed10086.subtreePrefetch.vllm.log,accept_first,sample-001.block-00,1,0,True,62,3.263157894736842
dataset-lcb_v6.model-gemma-12b.alpha4.0.steps100.blocks-1.prefetch-budget-20.rank-accept_first.cut-entropy4.0.samples20.maxnew1024.seed10086.subtreePrefetch.vllm.log,accept_first,sample-001.block-00,1,0,True,63,3.3157894736842106
dataset-lcb_v6.model-gemma-12b.alpha4.0.steps100.blocks-1.prefetch-budget-20.rank-accept_first.cut-entropy4.0.samples20.maxnew1024.seed10086.subtreePrefetch.vllm.log,accept_first,sample-001.block-00,1,0,True,64,3.2
dataset-lcb_v6.model-gemma-12b.alpha4.0.steps100.blocks-1.prefetch-budget-20.rank-accept_first.cut-entropy4.0.samples20.maxnew1024.seed10086.subtreePrefetch.vllm.log,accept_first,sample-001.block-00,1,0,True,65,3.25
dataset-lcb_v6.model-gemma-12b.alpha4.0.steps100.blocks-1.prefetch-budget-20.rank-accept_first.cut-entropy4.0.samples20.maxnew1024.seed10086.subtreePrefetch.vllm.log,accept_first,sample-001.block-00,1,0,True,66,3.3
dataset-lcb_v6.model-gemma-12b.alpha4.0.steps100.blocks-1.prefetch-budget-20.rank-accept_first.cut-entropy4.0.samples20.maxnew1024.seed10086.subtreePrefetch.vllm.log,accept_first,sample-001.block-00,1,0,True,67,3.35
dataset-lcb_v6.model-gemma-12b.alpha4.0.steps100.blocks-1.prefetch-budget-20.rank-accept_first.cut-entropy4.0.samples20.maxnew1024.seed10086.subtreePrefetch.vllm.log,accept_first,sample-001.block-00,1,0,True,68,3.238095238095238
dataset-lcb_v6.model-gemma-12b.alpha4.0.steps100.blocks-1.prefetch-budget-20.rank-accept_first.cut-entropy4.0.samples20.maxnew1024.seed10086.subtreePrefetch.vllm.log,accept_first,sample-001.block-00,1,0,True,69,3.2857142857142856
dataset-lcb_v6.model-gemma-12b.alpha4.0.steps100.blocks-1.prefetch-budget-20.rank-accept_first.cut-entropy4.0.samples20.maxnew1024.seed10086.subtreePrefetch.vllm.log,accept_first,sample-001.block-00,1,0,True,70,3.3333333333333335
dataset-lcb_v6.model-gemma-12b.alpha4.0.steps100.blocks-1.prefetch-budget-20.rank-accept_first.cut-entropy4.0.samples20.maxnew1024.seed10086.subtreePrefetch.vllm.log,accept_first,sample-001.block-00,1,0,True,71,3.380952380952381
dataset-lcb_v6.model-gemma-12b.alpha4.0.steps100.blocks-1.prefetch-budget-20.rank-accept_first.cut-entropy4.0.samples20.maxnew1024.seed10086.subtreePrefetch.vllm.log,accept_first,sample-001.block-00,1,0,True,72,3.4285714285714284
dataset-lcb_v6.model-gemma-12b.alpha4.0.steps100.blocks-1.prefetch-budget-20.rank-accept_first.cut-entropy4.0.samples20.maxnew1024.seed10086.subtreePrefetch.vllm.log,accept_first,sample-001.block-00,1,0,True,73,3.4761904761904763
dataset-lcb_v6.model-gemma-12b.alpha4.0.steps100.blocks-1.prefetch-budget-20.rank-accept_first.cut-entropy4.0.samples20.maxnew1024.seed10086.subtreePrefetch.vllm.log,accept_first,sample-001.block-00,1,0,True,74,3.3636363636363638
dataset-lcb_v6.model-gemma-12b.alpha4.0.steps100.blocks-1.prefetch-budget-20.rank-accept_first.cut-entropy4.0.samples20.maxnew1024.seed10086.subtreePrefetch.vllm.log,accept_first,sample-001.block-00,1,0,True,75,3.409090909090909
dataset-lcb_v6.model-gemma-12b.alpha4.0.steps100.blocks-1.prefetch-budget-20.rank-accept_first.cut-entropy4.0.samples20.maxnew1024.seed10086.subtreePrefetch.vllm.log,accept_first,sample-001.block-00,1,0,True,76,3.3043478260869565
dataset-lcb_v6.model-gemma-12b.alpha4.0.steps100.blocks-1.prefetch-budget-20.rank-accept_first.cut-entropy4.0.samples20.maxnew1024.seed10086.subtreePrefetch.vllm.log,accept_first,sample-001.block-00,1,0,True,77,3.347826086956522
dataset-lcb_v6.model-gemma-12b.alpha4.0.steps100.blocks-1.prefetch-budget-20.rank-accept_first.cut-entropy4.0.samples20.maxnew1024.seed10086.subtreePrefetch.vllm.log,accept_first,sample-001.block-00,1,0,True,78,3.391304347826087
dataset-lcb_v6.model-gemma-12b.alpha4.0.steps100.blocks-1.prefetch-budget-20.rank-accept_first.cut-entropy4.0.samples20.maxnew1024.seed10086.subtreePrefetch.vllm.log,accept_first,sample-001.block-00,1,0,True,79,3.4347826086956523
dataset-lcb_v6.model-gemma-12b.alpha4.0.steps100.blocks-1.prefetch-budget-20.rank-accept_first.cut-entropy4.0.samples20.maxnew1024.seed10086.subtreePrefetch.vllm.log,accept_first,sample-001.block-00,1,0,True,80,3.3333333333333335
dataset-lcb_v6.model-gemma-12b.alpha4.0.steps100.blocks-1.prefetch-budget-20.rank-accept_first.cut-entropy4.0.samples20.maxnew1024.seed10086.subtreePrefetch.vllm.log,accept_first,sample-001.block-00,1,0,True,81,3.375
dataset-lcb_v6.model-gemma-12b.alpha4.0.steps100.blocks-1.prefetch-budget-20.rank-accept_first.cut-entropy4.0.samples20.maxnew1024.seed10086.subtreePrefetch.vllm.log,accept_first,sample-001.block-00,1,0,True,82,3.4166666666666665
dataset-lcb_v6.model-gemma-12b.alpha4.0.steps100.blocks-1.prefetch-budget-20.rank-accept_first.cut-entropy4.0.samples20.maxnew1024.seed10086.subtreePrefetch.vllm.log,accept_first,sample-001.block-00,1,0,True,83,3.32
dataset-lcb_v6.model-gemma-12b.alpha4.0.steps100.blocks-1.prefetch-budget-20.rank-accept_first.cut-entropy4.0.samples20.maxnew1024.seed10086.subtreePrefetch.vllm.log,accept_first,sample-001.block-00,1,0,True,84,3.36
dataset-lcb_v6.model-gemma-12b.alpha4.0.steps100.blocks-1.prefetch-budget-20.rank-accept_first.cut-entropy4.0.samples20.maxnew1024.seed10086.subtreePrefetch.vllm.log,accept_first,sample-001.block-00,1,0,True,85,3.4
dataset-lcb_v6.model-gemma-12b.alpha4.0.steps100.blocks-1.prefetch-budget-20.rank-accept_first.cut-entropy4.0.samples20.maxnew1024.seed10086.subtreePrefetch.vllm.log,accept_first,sample-001.block-00,1,0,True,86,3.44
dataset-lcb_v6.model-gemma-12b.alpha4.0.steps100.blocks-1.prefetch-budget-20.rank-accept_first.cut-entropy4.0.samples20.maxnew1024.seed10086.subtreePrefetch.vllm.log,accept_first,sample-001.block-00,1,0,True,87,3.3461538461538463
dataset-lcb_v6.model-gemma-12b.alpha4.0.steps100.blocks-1.prefetch-budget-20.rank-accept_first.cut-entropy4.0.samples20.maxnew1024.seed10086.subtreePrefetch.vllm.log,accept_first,sample-001.block-00,1,0,True,88,3.3846153846153846
dataset-lcb_v6.model-gemma-12b.alpha4.0.steps100.blocks-1.prefetch-budget-20.rank-accept_first.cut-entropy4.0.samples20.maxnew1024.seed10086.subtreePrefetch.vllm.log,accept_first,sample-001.block-00,1,0,True,89,3.423076923076923
dataset-lcb_v6.model-gemma-12b.alpha4.0.steps100.blocks-1.prefetch-budget-20.rank-accept_first.cut-entropy4.0.samples20.maxnew1024.seed10086.subtreePrefetch.vllm.log,accept_first,sample-001.block-00,1,0,True,90,3.4615384615384617
dataset-lcb_v6.model-gemma-12b.alpha4.0.steps100.blocks-1.prefetch-budget-20.rank-accept_first.cut-entropy4.0.samples20.maxnew1024.seed10086.subtreePrefetch.vllm.log,accept_first,sample-001.block-00,1,0,True,91,3.5
dataset-lcb_v6.model-gemma-12b.alpha4.0.steps100.blocks-1.prefetch-budget-20.rank-accept_first.cut-entropy4.0.samples20.maxnew1024.seed10086.subtreePrefetch.vllm.log,accept_first,sample-001.block-00,1,0,True,92,3.4074074074074074
dataset-lcb_v6.model-gemma-12b.alpha4.0.steps100.blocks-1.prefetch-budget-20.rank-accept_first.cut-entropy4.0.samples20.maxnew1024.seed10086.subtreePrefetch.vllm.log,accept_first,sample-001.block-00,1,0,True,93,3.4444444444444446
dataset-lcb_v6.model-gemma-12b.alpha4.0.steps100.blocks-1.prefetch-budget-20.rank-accept_first.cut-entropy4.0.samples20.maxnew1024.seed10086.subtreePrefetch.vllm.log,accept_first,sample-001.block-00,1,0,True,94,3.4814814814814814
dataset-lcb_v6.model-gemma-12b.alpha4.0.steps100.blocks-1.prefetch-budget-20.rank-accept_first.cut-entropy4.0.samples20.maxnew1024.seed10086.subtreePrefetch.vllm.log,accept_first,sample-001.block-00,1,0,True,95,3.5185185185185186
dataset-lcb_v6.model-gemma-12b.alpha4.0.steps100.blocks-1.prefetch-budget-20.rank-accept_first.cut-entropy4.0.samples20.maxnew1024.seed10086.subtreePrefetch.vllm.log,accept_first,sample-001.block-00,1,0,True,96,3.4285714285714284
dataset-lcb_v6.model-gemma-12b.alpha4.0.steps100.blocks-1.prefetch-budget-20.rank-accept_first.cut-entropy4.0.samples20.maxnew1024.seed10086.subtreePrefetch.vllm.log,accept_first,sample-001.block-00,1,0,True,97,3.4642857142857144
dataset-lcb_v6.model-gemma-12b.alpha4.0.steps100.blocks-1.prefetch-budget-20.rank-accept_first.cut-entropy4.0.samples20.maxnew1024.seed10086.subtreePrefetch.vllm.log,accept_first,sample-001.block-00,1,0,True,98,3.5
dataset-lcb_v6.model-gemma-12b.alpha4.0.steps100.blocks-1.prefetch-budget-20.rank-accept_first.cut-entropy4.0.samples20.maxnew1024.seed10086.subtreePrefetch.vllm.log,accept_first,sample-001.block-00,1,0,True,99,3.5357142857142856
dataset-lcb_v6.model-gemma-12b.alpha4.0.steps100.blocks-1.prefetch-budget-20.rank-accept_first.cut-entropy4.0.samples20.maxnew1024.seed10086.subtreePrefetch.vllm.log,accept_first,sample-001.block-00,1,0,True,100,3.5714285714285716
dataset-lcb_v6.model-gemma-12b.alpha4.0.steps100.blocks-1.prefetch-budget-20.rank-accept_first.cut-entropy4.0.samples20.maxnew1024.seed10086.subtreePrefetch.vllm.log,accept_first,sample-002.block-00,2,0,True,1,1.0
dataset-lcb_v6.model-gemma-12b.alpha4.0.steps100.blocks-1.prefetch-budget-20.rank-accept_first.cut-entropy4.0.samples20.maxnew1024.seed10086.subtreePrefetch.vllm.log,accept_first,sample-002.block-00,2,0,True,2,1.0
dataset-lcb_v6.model-gemma-12b.alpha4.0.steps100.blocks-1.prefetch-budget-20.rank-accept_first.cut-entropy4.0.samples20.maxnew1024.seed10086.subtreePrefetch.vllm.log,accept_first,sample-002.block-00,2,0,True,3,1.5
dataset-lcb_v6.model-gemma-12b.alpha4.0.steps100.blocks-1.prefetch-budget-20.rank-accept_first.cut-entropy4.0.samples20.maxnew1024.seed10086.subtreePrefetch.vllm.log,accept_first,sample-002.block-00,2,0,True,4,1.3333333333333333
dataset-lcb_v6.model-gemma-12b.alpha4.0.steps100.blocks-1.prefetch-budget-20.rank-accept_first.cut-entropy4.0.samples20.maxnew1024.seed10086.subtreePrefetch.vllm.log,accept_first,sample-002.block-00,2,0,True,5,1.6666666666666667
dataset-lcb_v6.model-gemma-12b.alpha4.0.steps100.blocks-1.prefetch-budget-20.rank-accept_first.cut-entropy4.0.samples20.maxnew1024.seed10086.subtreePrefetch.vllm.log,accept_first,sample-002.block-00,2,0,True,6,2.0
dataset-lcb_v6.model-gemma-12b.alpha4.0.steps100.blocks-1.prefetch-budget-20.rank-accept_first.cut-entropy4.0.samples20.maxnew1024.seed10086.subtreePrefetch.vllm.log,accept_first,sample-002.block-00,2,0,True,7,2.3333333333333335
dataset-lcb_v6.model-gemma-12b.alpha4.0.steps100.blocks-1.prefetch-budget-20.rank-accept_first.cut-entropy4.0.samples20.maxnew1024.seed10086.subtreePrefetch.vllm.log,accept_first,sample-002.block-00,2,0,True,8,2.6666666666666665
dataset-lcb_v6.model-gemma-12b.alpha4.0.steps100.blocks-1.prefetch-budget-20.rank-accept_first.cut-entropy4.0.samples20.maxnew1024.seed10086.subtreePrefetch.vllm.log,accept_first,sample-002.block-00,2,0,True,9,3.0
dataset-lcb_v6.model-gemma-12b.alpha4.0.steps100.blocks-1.prefetch-budget-20.rank-accept_first.cut-entropy4.0.samples20.maxnew1024.seed10086.subtreePrefetch.vllm.log,accept_first,sample-002.block-00,2,0,True,10,2.5
dataset-lcb_v6.model-gemma-12b.alpha4.0.steps100.blocks-1.prefetch-budget-20.rank-accept_first.cut-entropy4.0.samples20.maxnew1024.seed10086.subtreePrefetch.vllm.log,accept_first,sample-002.block-00,2,0,True,11,2.75
dataset-lcb_v6.model-gemma-12b.alpha4.0.steps100.blocks-1.prefetch-budget-20.rank-accept_first.cut-entropy4.0.samples20.maxnew1024.seed10086.subtreePrefetch.vllm.log,accept_first,sample-002.block-00,2,0,True,12,2.4
dataset-lcb_v6.model-gemma-12b.alpha4.0.steps100.blocks-1.prefetch-budget-20.rank-accept_first.cut-entropy4.0.samples20.maxnew1024.seed10086.subtreePrefetch.vllm.log,accept_first,sample-002.block-00,2,0,True,13,2.6
dataset-lcb_v6.model-gemma-12b.alpha4.0.steps100.blocks-1.prefetch-budget-20.rank-accept_first.cut-entropy4.0.samples20.maxnew1024.seed10086.subtreePrefetch.vllm.log,accept_first,sample-002.block-00,2,0,True,14,2.8
dataset-lcb_v6.model-gemma-12b.alpha4.0.steps100.blocks-1.prefetch-budget-20.rank-accept_first.cut-entropy4.0.samples20.maxnew1024.seed10086.subtreePrefetch.vllm.log,accept_first,sample-002.block-00,2,0,True,15,3.0
dataset-lcb_v6.model-gemma-12b.alpha4.0.steps100.blocks-1.prefetch-budget-20.rank-accept_first.cut-entropy4.0.samples20.maxnew1024.seed10086.subtreePrefetch.vllm.log,accept_first,sample-002.block-00,2,0,True,16,2.6666666666666665
dataset-lcb_v6.model-gemma-12b.alpha4.0.steps100.blocks-1.prefetch-budget-20.rank-accept_first.cut-entropy4.0.samples20.maxnew1024.seed10086.subtreePrefetch.vllm.log,accept_first,sample-002.block-00,2,0,True,17,2.8333333333333335
dataset-lcb_v6.model-gemma-12b.alpha4.0.steps100.blocks-1.prefetch-budget-20.rank-accept_first.cut-entropy4.0.samples20.maxnew1024.seed10086.subtreePrefetch.vllm.log,accept_first,sample-002.block-00,2,0,True,18,3.0
dataset-lcb_v6.model-gemma-12b.alpha4.0.steps100.blocks-1.prefetch-budget-20.rank-accept_first.cut-entropy4.0.samples20.maxnew1024.seed10086.subtreePrefetch.vllm.log,accept_first,sample-002.block-00,2,0,True,19,3.1666666666666665
dataset-lcb_v6.model-gemma-12b.alpha4.0.steps100.blocks-1.prefetch-budget-20.rank-accept_first.cut-entropy4.0.samples20.maxnew1024.seed10086.subtreePrefetch.vllm.log,accept_first,sample-002.block-00,2,0,True,20,2.857142857142857
dataset-lcb_v6.model-gemma-12b.alpha4.0.steps100.blocks-1.prefetch-budget-20.rank-accept_first.cut-entropy4.0.samples20.maxnew1024.seed10086.subtreePrefetch.vllm.log,accept_first,sample-002.block-00,2,0,True,21,3.0
dataset-lcb_v6.model-gemma-12b.alpha4.0.steps100.blocks-1.prefetch-budget-20.rank-accept_first.cut-entropy4.0.samples20.maxnew1024.seed10086.subtreePrefetch.vllm.log,accept_first,sample-002.block-00,2,0,True,22,2.75
dataset-lcb_v6.model-gemma-12b.alpha4.0.steps100.blocks-1.prefetch-budget-20.rank-accept_first.cut-entropy4.0.samples20.maxnew1024.seed10086.subtreePrefetch.vllm.log,accept_first,sample-002.block-00,2,0,True,23,2.875
dataset-lcb_v6.model-gemma-12b.alpha4.0.steps100.blocks-1.prefetch-budget-20.rank-accept_first.cut-entropy4.0.samples20.maxnew1024.seed10086.subtreePrefetch.vllm.log,accept_first,sample-002.block-00,2,0,True,24,3.0
dataset-lcb_v6.model-gemma-12b.alpha4.0.steps100.blocks-1.prefetch-budget-20.rank-accept_first.cut-entropy4.0.samples20.maxnew1024.seed10086.subtreePrefetch.vllm.log,accept_first,sample-002.block-00,2,0,True,25,2.7777777777777777
dataset-lcb_v6.model-gemma-12b.alpha4.0.steps100.blocks-1.prefetch-budget-20.rank-accept_first.cut-entropy4.0.samples20.maxnew1024.seed10086.subtreePrefetch.vllm.log,accept_first,sample-002.block-00,2,0,True,26,2.6
dataset-lcb_v6.model-gemma-12b.alpha4.0.steps100.blocks-1.prefetch-budget-20.rank-accept_first.cut-entropy4.0.samples20.maxnew1024.seed10086.subtreePrefetch.vllm.log,accept_first,sample-002.block-00,2,0,True,27,2.7
dataset-lcb_v6.model-gemma-12b.alpha4.0.steps100.blocks-1.prefetch-budget-20.rank-accept_first.cut-entropy4.0.samples20.maxnew1024.seed10086.subtreePrefetch.vllm.log,accept_first,sample-002.block-00,2,0,True,28,2.8
dataset-lcb_v6.model-gemma-12b.alpha4.0.steps100.blocks-1.prefetch-budget-20.rank-accept_first.cut-entropy4.0.samples20.maxnew1024.seed10086.subtreePrefetch.vllm.log,accept_first,sample-002.block-00,2,0,True,29,2.6363636363636362
dataset-lcb_v6.model-gemma-12b.alpha4.0.steps100.blocks-1.prefetch-budget-20.rank-accept_first.cut-entropy4.0.samples20.maxnew1024.seed10086.subtreePrefetch.vllm.log,accept_first,sample-002.block-00,2,0,True,30,2.5
dataset-lcb_v6.model-gemma-12b.alpha4.0.steps100.blocks-1.prefetch-budget-20.rank-accept_first.cut-entropy4.0.samples20.maxnew1024.seed10086.subtreePrefetch.vllm.log,accept_first,sample-002.block-00,2,0,True,31,2.5833333333333335
dataset-lcb_v6.model-gemma-12b.alpha4.0.steps100.blocks-1.prefetch-budget-20.rank-accept_first.cut-entropy4.0.samples20.maxnew1024.seed10086.subtreePrefetch.vllm.log,accept_first,sample-002.block-00,2,0,True,32,2.6666666666666665
dataset-lcb_v6.model-gemma-12b.alpha4.0.steps100.blocks-1.prefetch-budget-20.rank-accept_first.cut-entropy4.0.samples20.maxnew1024.seed10086.subtreePrefetch.vllm.log,accept_first,sample-002.block-00,2,0,True,33,2.75
dataset-lcb_v6.model-gemma-12b.alpha4.0.steps100.blocks-1.prefetch-budget-20.rank-accept_first.cut-entropy4.0.samples20.maxnew1024.seed10086.subtreePrefetch.vllm.log,accept_first,sample-002.block-00,2,0,True,34,2.6153846153846154
dataset-lcb_v6.model-gemma-12b.alpha4.0.steps100.blocks-1.prefetch-budget-20.rank-accept_first.cut-entropy4.0.samples20.maxnew1024.seed10086.subtreePrefetch.vllm.log,accept_first,sample-002.block-00,2,0,True,35,2.5
dataset-lcb_v6.model-gemma-12b.alpha4.0.steps100.blocks-1.prefetch-budget-20.rank-accept_first.cut-entropy4.0.samples20.maxnew1024.seed10086.subtreePrefetch.vllm.log,accept_first,sample-002.block-00,2,0,True,36,2.5714285714285716
dataset-lcb_v6.model-gemma-12b.alpha4.0.steps100.blocks-1.prefetch-budget-20.rank-accept_first.cut-entropy4.0.samples20.maxnew1024.seed10086.subtreePrefetch.vllm.log,accept_first,sample-002.block-00,2,0,True,37,2.642857142857143
dataset-lcb_v6.model-gemma-12b.alpha4.0.steps100.blocks-1.prefetch-budget-20.rank-accept_first.cut-entropy4.0.samples20.maxnew1024.seed10086.subtreePrefetch.vllm.log,accept_first,sample-002.block-00,2,0,True,38,2.533333333333333
dataset-lcb_v6.model-gemma-12b.alpha4.0.steps100.blocks-1.prefetch-budget-20.rank-accept_first.cut-entropy4.0.samples20.maxnew1024.seed10086.subtreePrefetch.vllm.log,accept_first,sample-002.block-00,2,0,True,39,2.6
dataset-lcb_v6.model-gemma-12b.alpha4.0.steps100.blocks-1.prefetch-budget-20.rank-accept_first.cut-entropy4.0.samples20.maxnew1024.seed10086.subtreePrefetch.vllm.log,accept_first,sample-002.block-00,2,0,True,40,2.6666666666666665
dataset-lcb_v6.model-gemma-12b.alpha4.0.steps100.blocks-1.prefetch-budget-20.rank-accept_first.cut-entropy4.0.samples20.maxnew1024.seed10086.subtreePrefetch.vllm.log,accept_first,sample-002.block-00,2,0,True,41,2.5625
dataset-lcb_v6.model-gemma-12b.alpha4.0.steps100.blocks-1.prefetch-budget-20.rank-accept_first.cut-entropy4.0.samples20.maxnew1024.seed10086.subtreePrefetch.vllm.log,accept_first,sample-002.block-00,2,0,True,42,2.4705882352941178
dataset-lcb_v6.model-gemma-12b.alpha4.0.steps100.blocks-1.prefetch-budget-20.rank-accept_first.cut-entropy4.0.samples20.maxnew1024.seed10086.subtreePrefetch.vllm.log,accept_first,sample-002.block-00,2,0,True,43,2.5294117647058822
dataset-lcb_v6.model-gemma-12b.alpha4.0.steps100.blocks-1.prefetch-budget-20.rank-accept_first.cut-entropy4.0.samples20.maxnew1024.seed10086.subtreePrefetch.vllm.log,accept_first,sample-002.block-00,2,0,True,44,2.588235294117647
dataset-lcb_v6.model-gemma-12b.alpha4.0.steps100.blocks-1.prefetch-budget-20.rank-accept_first.cut-entropy4.0.samples20.maxnew1024.seed10086.subtreePrefetch.vllm.log,accept_first,sample-002.block-00,2,0,True,45,2.5
dataset-lcb_v6.model-gemma-12b.alpha4.0.steps100.blocks-1.prefetch-budget-20.rank-accept_first.cut-entropy4.0.samples20.maxnew1024.seed10086.subtreePrefetch.vllm.log,accept_first,sample-002.block-00,2,0,True,46,2.5555555555555554
dataset-lcb_v6.model-gemma-12b.alpha4.0.steps100.blocks-1.prefetch-budget-20.rank-accept_first.cut-entropy4.0.samples20.maxnew1024.seed10086.subtreePrefetch.vllm.log,accept_first,sample-002.block-00,2,0,True,47,2.473684210526316
dataset-lcb_v6.model-gemma-12b.alpha4.0.steps100.blocks-1.prefetch-budget-20.rank-accept_first.cut-entropy4.0.samples20.maxnew1024.seed10086.subtreePrefetch.vllm.log,accept_first,sample-002.block-00,2,0,True,48,2.526315789473684
dataset-lcb_v6.model-gemma-12b.alpha4.0.steps100.blocks-1.prefetch-budget-20.rank-accept_first.cut-entropy4.0.samples20.maxnew1024.seed10086.subtreePrefetch.vllm.log,accept_first,sample-002.block-00,2,0,True,49,2.45
dataset-lcb_v6.model-gemma-12b.alpha4.0.steps100.blocks-1.prefetch-budget-20.rank-accept_first.cut-entropy4.0.samples20.maxnew1024.seed10086.subtreePrefetch.vllm.log,accept_first,sample-002.block-00,2,0,True,50,2.5
dataset-lcb_v6.model-gemma-12b.alpha4.0.steps100.blocks-1.prefetch-budget-20.rank-accept_first.cut-entropy4.0.samples20.maxnew1024.seed10086.subtreePrefetch.vllm.log,accept_first,sample-002.block-00,2,0,True,51,2.55
dataset-lcb_v6.model-gemma-12b.alpha4.0.steps100.blocks-1.prefetch-budget-20.rank-accept_first.cut-entropy4.0.samples20.maxnew1024.seed10086.subtreePrefetch.vllm.log,accept_first,sample-002.block-00,2,0,True,52,2.6
dataset-lcb_v6.model-gemma-12b.alpha4.0.steps100.blocks-1.prefetch-budget-20.rank-accept_first.cut-entropy4.0.samples20.maxnew1024.seed10086.subtreePrefetch.vllm.log,accept_first,sample-002.block-00,2,0,True,53,2.65
dataset-lcb_v6.model-gemma-12b.alpha4.0.steps100.blocks-1.prefetch-budget-20.rank-accept_first.cut-entropy4.0.samples20.maxnew1024.seed10086.subtreePrefetch.vllm.log,accept_first,sample-002.block-00,2,0,True,54,2.7
dataset-lcb_v6.model-gemma-12b.alpha4.0.steps100.blocks-1.prefetch-budget-20.rank-accept_first.cut-entropy4.0.samples20.maxnew1024.seed10086.subtreePrefetch.vllm.log,accept_first,sample-002.block-00,2,0,True,55,2.619047619047619
dataset-lcb_v6.model-gemma-12b.alpha4.0.steps100.blocks-1.prefetch-budget-20.rank-accept_first.cut-entropy4.0.samples20.maxnew1024.seed10086.subtreePrefetch.vllm.log,accept_first,sample-002.block-00,2,0,True,56,2.5454545454545454
dataset-lcb_v6.model-gemma-12b.alpha4.0.steps100.blocks-1.prefetch-budget-20.rank-accept_first.cut-entropy4.0.samples20.maxnew1024.seed10086.subtreePrefetch.vllm.log,accept_first,sample-002.block-00,2,0,True,57,2.590909090909091
dataset-lcb_v6.model-gemma-12b.alpha4.0.steps100.blocks-1.prefetch-budget-20.rank-accept_first.cut-entropy4.0.samples20.maxnew1024.seed10086.subtreePrefetch.vllm.log,accept_first,sample-002.block-00,2,0,True,58,2.6363636363636362
dataset-lcb_v6.model-gemma-12b.alpha4.0.steps100.blocks-1.prefetch-budget-20.rank-accept_first.cut-entropy4.0.samples20.maxnew1024.seed10086.subtreePrefetch.vllm.log,accept_first,sample-002.block-00,2,0,True,59,2.6818181818181817
dataset-lcb_v6.model-gemma-12b.alpha4.0.steps100.blocks-1.prefetch-budget-20.rank-accept_first.cut-entropy4.0.samples20.maxnew1024.seed10086.subtreePrefetch.vllm.log,accept_first,sample-002.block-00,2,0,True,60,2.727272727272727
dataset-lcb_v6.model-gemma-12b.alpha4.0.steps100.blocks-1.prefetch-budget-20.rank-accept_first.cut-entropy4.0.samples20.maxnew1024.seed10086.subtreePrefetch.vllm.log,accept_first,sample-002.block-00,2,0,True,61,2.652173913043478
dataset-lcb_v6.model-gemma-12b.alpha4.0.steps100.blocks-1.prefetch-budget-20.rank-accept_first.cut-entropy4.0.samples20.maxnew1024.seed10086.subtreePrefetch.vllm.log,accept_first,sample-002.block-00,2,0,True,62,2.6956521739130435
dataset-lcb_v6.model-gemma-12b.alpha4.0.steps100.blocks-1.prefetch-budget-20.rank-accept_first.cut-entropy4.0.samples20.maxnew1024.seed10086.subtreePrefetch.vllm.log,accept_first,sample-002.block-00,2,0,True,63,2.739130434782609
dataset-lcb_v6.model-gemma-12b.alpha4.0.steps100.blocks-1.prefetch-budget-20.rank-accept_first.cut-entropy4.0.samples20.maxnew1024.seed10086.subtreePrefetch.vllm.log,accept_first,sample-002.block-00,2,0,True,64,2.6666666666666665
dataset-lcb_v6.model-gemma-12b.alpha4.0.steps100.blocks-1.prefetch-budget-20.rank-accept_first.cut-entropy4.0.samples20.maxnew1024.seed10086.subtreePrefetch.vllm.log,accept_first,sample-002.block-00,2,0,True,65,2.7083333333333335
dataset-lcb_v6.model-gemma-12b.alpha4.0.steps100.blocks-1.prefetch-budget-20.rank-accept_first.cut-entropy4.0.samples20.maxnew1024.seed10086.subtreePrefetch.vllm.log,accept_first,sample-002.block-00,2,0,True,66,2.64
dataset-lcb_v6.model-gemma-12b.alpha4.0.steps100.blocks-1.prefetch-budget-20.rank-accept_first.cut-entropy4.0.samples20.maxnew1024.seed10086.subtreePrefetch.vllm.log,accept_first,sample-002.block-00,2,0,True,67,2.68
dataset-lcb_v6.model-gemma-12b.alpha4.0.steps100.blocks-1.prefetch-budget-20.rank-accept_first.cut-entropy4.0.samples20.maxnew1024.seed10086.subtreePrefetch.vllm.log,accept_first,sample-002.block-00,2,0,True,68,2.72
dataset-lcb_v6.model-gemma-12b.alpha4.0.steps100.blocks-1.prefetch-budget-20.rank-accept_first.cut-entropy4.0.samples20.maxnew1024.seed10086.subtreePrefetch.vllm.log,accept_first,sample-002.block-00,2,0,True,69,2.76
dataset-lcb_v6.model-gemma-12b.alpha4.0.steps100.blocks-1.prefetch-budget-20.rank-accept_first.cut-entropy4.0.samples20.maxnew1024.seed10086.subtreePrefetch.vllm.log,accept_first,sample-002.block-00,2,0,True,70,2.8
dataset-lcb_v6.model-gemma-12b.alpha4.0.steps100.blocks-1.prefetch-budget-20.rank-accept_first.cut-entropy4.0.samples20.maxnew1024.seed10086.subtreePrefetch.vllm.log,accept_first,sample-002.block-00,2,0,True,71,2.730769230769231
dataset-lcb_v6.model-gemma-12b.alpha4.0.steps100.blocks-1.prefetch-budget-20.rank-accept_first.cut-entropy4.0.samples20.maxnew1024.seed10086.subtreePrefetch.vllm.log,accept_first,sample-002.block-00,2,0,True,72,2.769230769230769
dataset-lcb_v6.model-gemma-12b.alpha4.0.steps100.blocks-1.prefetch-budget-20.rank-accept_first.cut-entropy4.0.samples20.maxnew1024.seed10086.subtreePrefetch.vllm.log,accept_first,sample-002.block-00,2,0,True,73,2.7037037037037037
dataset-lcb_v6.model-gemma-12b.alpha4.0.steps100.blocks-1.prefetch-budget-20.rank-accept_first.cut-entropy4.0.samples20.maxnew1024.seed10086.subtreePrefetch.vllm.log,accept_first,sample-002.block-00,2,0,True,74,2.740740740740741
dataset-lcb_v6.model-gemma-12b.alpha4.0.steps100.blocks-1.prefetch-budget-20.rank-accept_first.cut-entropy4.0.samples20.maxnew1024.seed10086.subtreePrefetch.vllm.log,accept_first,sample-002.block-00,2,0,True,75,2.7777777777777777
dataset-lcb_v6.model-gemma-12b.alpha4.0.steps100.blocks-1.prefetch-budget-20.rank-accept_first.cut-entropy4.0.samples20.maxnew1024.seed10086.subtreePrefetch.vllm.log,accept_first,sample-002.block-00,2,0,True,76,2.814814814814815
dataset-lcb_v6.model-gemma-12b.alpha4.0.steps100.blocks-1.prefetch-budget-20.rank-accept_first.cut-entropy4.0.samples20.maxnew1024.seed10086.subtreePrefetch.vllm.log,accept_first,sample-002.block-00,2,0,True,77,2.75
dataset-lcb_v6.model-gemma-12b.alpha4.0.steps100.blocks-1.prefetch-budget-20.rank-accept_first.cut-entropy4.0.samples20.maxnew1024.seed10086.subtreePrefetch.vllm.log,accept_first,sample-002.block-00,2,0,True,78,2.689655172413793
dataset-lcb_v6.model-gemma-12b.alpha4.0.steps100.blocks-1.prefetch-budget-20.rank-accept_first.cut-entropy4.0.samples20.maxnew1024.seed10086.subtreePrefetch.vllm.log,accept_first,sample-002.block-00,2,0,True,79,2.6333333333333333
dataset-lcb_v6.model-gemma-12b.alpha4.0.steps100.blocks-1.prefetch-budget-20.rank-accept_first.cut-entropy4.0.samples20.maxnew1024.seed10086.subtreePrefetch.vllm.log,accept_first,sample-002.block-00,2,0,True,80,2.5806451612903225
dataset-lcb_v6.model-gemma-12b.alpha4.0.steps100.blocks-1.prefetch-budget-20.rank-accept_first.cut-entropy4.0.samples20.maxnew1024.seed10086.subtreePrefetch.vllm.log,accept_first,sample-002.block-00,2,0,True,81,2.53125
dataset-lcb_v6.model-gemma-12b.alpha4.0.steps100.blocks-1.prefetch-budget-20.rank-accept_first.cut-entropy4.0.samples20.maxnew1024.seed10086.subtreePrefetch.vllm.log,accept_first,sample-002.block-00,2,0,True,82,2.5625
dataset-lcb_v6.model-gemma-12b.alpha4.0.steps100.blocks-1.prefetch-budget-20.rank-accept_first.cut-entropy4.0.samples20.maxnew1024.seed10086.subtreePrefetch.vllm.log,accept_first,sample-002.block-00,2,0,True,83,2.59375
dataset-lcb_v6.model-gemma-12b.alpha4.0.steps100.blocks-1.prefetch-budget-20.rank-accept_first.cut-entropy4.0.samples20.maxnew1024.seed10086.subtreePrefetch.vllm.log,accept_first,sample-002.block-00,2,0,True,84,2.5454545454545454
dataset-lcb_v6.model-gemma-12b.alpha4.0.steps100.blocks-1.prefetch-budget-20.rank-accept_first.cut-entropy4.0.samples20.maxnew1024.seed10086.subtreePrefetch.vllm.log,accept_first,sample-002.block-00,2,0,True,85,2.5757575757575757
dataset-lcb_v6.model-gemma-12b.alpha4.0.steps100.blocks-1.prefetch-budget-20.rank-accept_first.cut-entropy4.0.samples20.maxnew1024.seed10086.subtreePrefetch.vllm.log,accept_first,sample-002.block-00,2,0,True,86,2.606060606060606
dataset-lcb_v6.model-gemma-12b.alpha4.0.steps100.blocks-1.prefetch-budget-20.rank-accept_first.cut-entropy4.0.samples20.maxnew1024.seed10086.subtreePrefetch.vllm.log,accept_first,sample-002.block-00,2,0,True,87,2.6363636363636362
dataset-lcb_v6.model-gemma-12b.alpha4.0.steps100.blocks-1.prefetch-budget-20.rank-accept_first.cut-entropy4.0.samples20.maxnew1024.seed10086.subtreePrefetch.vllm.log,accept_first,sample-002.block-00,2,0,True,88,2.6666666666666665
dataset-lcb_v6.model-gemma-12b.alpha4.0.steps100.blocks-1.prefetch-budget-20.rank-accept_first.cut-entropy4.0.samples20.maxnew1024.seed10086.subtreePrefetch.vllm.log,accept_first,sample-002.block-00,2,0,True,89,2.6176470588235294
dataset-lcb_v6.model-gemma-12b.alpha4.0.steps100.blocks-1.prefetch-budget-20.rank-accept_first.cut-entropy4.0.samples20.maxnew1024.seed10086.subtreePrefetch.vllm.log,accept_first,sample-002.block-00,2,0,True,90,2.6470588235294117
dataset-lcb_v6.model-gemma-12b.alpha4.0.steps100.blocks-1.prefetch-budget-20.rank-accept_first.cut-entropy4.0.samples20.maxnew1024.seed10086.subtreePrefetch.vllm.log,accept_first,sample-002.block-00,2,0,True,91,2.676470588235294
dataset-lcb_v6.model-gemma-12b.alpha4.0.steps100.blocks-1.prefetch-budget-20.rank-accept_first.cut-entropy4.0.samples20.maxnew1024.seed10086.subtreePrefetch.vllm.log,accept_first,sample-002.block-00,2,0,True,92,2.7058823529411766
dataset-lcb_v6.model-gemma-12b.alpha4.0.steps100.blocks-1.prefetch-budget-20.rank-accept_first.cut-entropy4.0.samples20.maxnew1024.seed10086.subtreePrefetch.vllm.log,accept_first,sample-002.block-00,2,0,True,93,2.657142857142857
dataset-lcb_v6.model-gemma-12b.alpha4.0.steps100.blocks-1.prefetch-budget-20.rank-accept_first.cut-entropy4.0.samples20.maxnew1024.seed10086.subtreePrefetch.vllm.log,accept_first,sample-002.block-00,2,0,True,94,2.6857142857142855
dataset-lcb_v6.model-gemma-12b.alpha4.0.steps100.blocks-1.prefetch-budget-20.rank-accept_first.cut-entropy4.0.samples20.maxnew1024.seed10086.subtreePrefetch.vllm.log,accept_first,sample-002.block-00,2,0,True,95,2.7142857142857144
dataset-lcb_v6.model-gemma-12b.alpha4.0.steps100.blocks-1.prefetch-budget-20.rank-accept_first.cut-entropy4.0.samples20.maxnew1024.seed10086.subtreePrefetch.vllm.log,accept_first,sample-002.block-00,2,0,True,96,2.742857142857143
dataset-lcb_v6.model-gemma-12b.alpha4.0.steps100.blocks-1.prefetch-budget-20.rank-accept_first.cut-entropy4.0.samples20.maxnew1024.seed10086.subtreePrefetch.vllm.log,accept_first,sample-002.block-00,2,0,True,97,2.6944444444444446
dataset-lcb_v6.model-gemma-12b.alpha4.0.steps100.blocks-1.prefetch-budget-20.rank-accept_first.cut-entropy4.0.samples20.maxnew1024.seed10086.subtreePrefetch.vllm.log,accept_first,sample-002.block-00,2,0,True,98,2.7222222222222223
dataset-lcb_v6.model-gemma-12b.alpha4.0.steps100.blocks-1.prefetch-budget-20.rank-accept_first.cut-entropy4.0.samples20.maxnew1024.seed10086.subtreePrefetch.vllm.log,accept_first,sample-002.block-00,2,0,True,99,2.75
dataset-lcb_v6.model-gemma-12b.alpha4.0.steps100.blocks-1.prefetch-budget-20.rank-accept_first.cut-entropy4.0.samples20.maxnew1024.seed10086.subtreePrefetch.vllm.log,accept_first,sample-002.block-00,2,0,True,100,2.7777777777777777
dataset-lcb_v6.model-gemma-12b.alpha4.0.steps100.blocks-1.prefetch-budget-20.rank-accept_first.cut-entropy4.0.samples20.maxnew1024.seed10086.subtreePrefetch.vllm.log,accept_first,sample-003.block-00,3,0,True,1,1.0
dataset-lcb_v6.model-gemma-12b.alpha4.0.steps100.blocks-1.prefetch-budget-20.rank-accept_first.cut-entropy4.0.samples20.maxnew1024.seed10086.subtreePrefetch.vllm.log,accept_first,sample-003.block-00,3,0,True,2,2.0
dataset-lcb_v6.model-gemma-12b.alpha4.0.steps100.blocks-1.prefetch-budget-20.rank-accept_first.cut-entropy4.0.samples20.maxnew1024.seed10086.subtreePrefetch.vllm.log,accept_first,sample-003.block-00,3,0,True,3,3.0
dataset-lcb_v6.model-gemma-12b.alpha4.0.steps100.blocks-1.prefetch-budget-20.rank-accept_first.cut-entropy4.0.samples20.maxnew1024.seed10086.subtreePrefetch.vllm.log,accept_first,sample-003.block-00,3,0,True,4,4.0
dataset-lcb_v6.model-gemma-12b.alpha4.0.steps100.blocks-1.prefetch-budget-20.rank-accept_first.cut-entropy4.0.samples20.maxnew1024.seed10086.subtreePrefetch.vllm.log,accept_first,sample-003.block-00,3,0,True,5,5.0
dataset-lcb_v6.model-gemma-12b.alpha4.0.steps100.blocks-1.prefetch-budget-20.rank-accept_first.cut-entropy4.0.samples20.maxnew1024.seed10086.subtreePrefetch.vllm.log,accept_first,sample-003.block-00,3,0,True,6,3.0
dataset-lcb_v6.model-gemma-12b.alpha4.0.steps100.blocks-1.prefetch-budget-20.rank-accept_first.cut-entropy4.0.samples20.maxnew1024.seed10086.subtreePrefetch.vllm.log,accept_first,sample-003.block-00,3,0,True,7,2.3333333333333335
dataset-lcb_v6.model-gemma-12b.alpha4.0.steps100.blocks-1.prefetch-budget-20.rank-accept_first.cut-entropy4.0.samples20.maxnew1024.seed10086.subtreePrefetch.vllm.log,accept_first,sample-003.block-00,3,0,True,8,2.6666666666666665
dataset-lcb_v6.model-gemma-12b.alpha4.0.steps100.blocks-1.prefetch-budget-20.rank-accept_first.cut-entropy4.0.samples20.maxnew1024.seed10086.subtreePrefetch.vllm.log,accept_first,sample-003.block-00,3,0,True,9,3.0
dataset-lcb_v6.model-gemma-12b.alpha4.0.steps100.blocks-1.prefetch-budget-20.rank-accept_first.cut-entropy4.0.samples20.maxnew1024.seed10086.subtreePrefetch.vllm.log,accept_first,sample-003.block-00,3,0,True,10,3.3333333333333335
dataset-lcb_v6.model-gemma-12b.alpha4.0.steps100.blocks-1.prefetch-budget-20.rank-accept_first.cut-entropy4.0.samples20.maxnew1024.seed10086.subtreePrefetch.vllm.log,accept_first,sample-003.block-00,3,0,True,11,2.75
dataset-lcb_v6.model-gemma-12b.alpha4.0.steps100.blocks-1.prefetch-budget-20.rank-accept_first.cut-entropy4.0.samples20.maxnew1024.seed10086.subtreePrefetch.vllm.log,accept_first,sample-003.block-00,3,0,True,12,3.0
dataset-lcb_v6.model-gemma-12b.alpha4.0.steps100.blocks-1.prefetch-budget-20.rank-accept_first.cut-entropy4.0.samples20.maxnew1024.seed10086.subtreePrefetch.vllm.log,accept_first,sample-003.block-00,3,0,True,13,3.25
dataset-lcb_v6.model-gemma-12b.alpha4.0.steps100.blocks-1.prefetch-budget-20.rank-accept_first.cut-entropy4.0.samples20.maxnew1024.seed10086.subtreePrefetch.vllm.log,accept_first,sample-003.block-00,3,0,True,14,3.5
dataset-lcb_v6.model-gemma-12b.alpha4.0.steps100.blocks-1.prefetch-budget-20.rank-accept_first.cut-entropy4.0.samples20.maxnew1024.seed10086.subtreePrefetch.vllm.log,accept_first,sample-003.block-00,3,0,True,15,3.0
dataset-lcb_v6.model-gemma-12b.alpha4.0.steps100.blocks-1.prefetch-budget-20.rank-accept_first.cut-entropy4.0.samples20.maxnew1024.seed10086.subtreePrefetch.vllm.log,accept_first,sample-003.block-00,3,0,True,16,2.6666666666666665
dataset-lcb_v6.model-gemma-12b.alpha4.0.steps100.blocks-1.prefetch-budget-20.rank-accept_first.cut-entropy4.0.samples20.maxnew1024.seed10086.subtreePrefetch.vllm.log,accept_first,sample-003.block-00,3,0,True,17,2.4285714285714284
dataset-lcb_v6.model-gemma-12b.alpha4.0.steps100.blocks-1.prefetch-budget-20.rank-accept_first.cut-entropy4.0.samples20.maxnew1024.seed10086.subtreePrefetch.vllm.log,accept_first,sample-003.block-00,3,0,True,18,2.5714285714285716
dataset-lcb_v6.model-gemma-12b.alpha4.0.steps100.blocks-1.prefetch-budget-20.rank-accept_first.cut-entropy4.0.samples20.maxnew1024.seed10086.subtreePrefetch.vllm.log,accept_first,sample-003.block-00,3,0,True,19,2.375
dataset-lcb_v6.model-gemma-12b.alpha4.0.steps100.blocks-1.prefetch-budget-20.rank-accept_first.cut-entropy4.0.samples20.maxnew1024.seed10086.subtreePrefetch.vllm.log,accept_first,sample-003.block-00,3,0,True,20,2.2222222222222223
dataset-lcb_v6.model-gemma-12b.alpha4.0.steps100.blocks-1.prefetch-budget-20.rank-accept_first.cut-entropy4.0.samples20.maxnew1024.seed10086.subtreePrefetch.vllm.log,accept_first,sample-003.block-00,3,0,True,21,2.3333333333333335
dataset-lcb_v6.model-gemma-12b.alpha4.0.steps100.blocks-1.prefetch-budget-20.rank-accept_first.cut-entropy4.0.samples20.maxnew1024.seed10086.subtreePrefetch.vllm.log,accept_first,sample-003.block-00,3,0,True,22,2.4444444444444446
dataset-lcb_v6.model-gemma-12b.alpha4.0.steps100.blocks-1.prefetch-budget-20.rank-accept_first.cut-entropy4.0.samples20.maxnew1024.seed10086.subtreePrefetch.vllm.log,accept_first,sample-003.block-00,3,0,True,23,2.3
dataset-lcb_v6.model-gemma-12b.alpha4.0.steps100.blocks-1.prefetch-budget-20.rank-accept_first.cut-entropy4.0.samples20.maxnew1024.seed10086.subtreePrefetch.vllm.log,accept_first,sample-003.block-00,3,0,True,24,2.4
dataset-lcb_v6.model-gemma-12b.alpha4.0.steps100.blocks-1.prefetch-budget-20.rank-accept_first.cut-entropy4.0.samples20.maxnew1024.seed10086.subtreePrefetch.vllm.log,accept_first,sample-003.block-00,3,0,True,25,2.272727272727273
dataset-lcb_v6.model-gemma-12b.alpha4.0.steps100.blocks-1.prefetch-budget-20.rank-accept_first.cut-entropy4.0.samples20.maxnew1024.seed10086.subtreePrefetch.vllm.log,accept_first,sample-003.block-00,3,0,True,26,2.1666666666666665
dataset-lcb_v6.model-gemma-12b.alpha4.0.steps100.blocks-1.prefetch-budget-20.rank-accept_first.cut-entropy4.0.samples20.maxnew1024.seed10086.subtreePrefetch.vllm.log,accept_first,sample-003.block-00,3,0,True,27,2.25
dataset-lcb_v6.model-gemma-12b.alpha4.0.steps100.blocks-1.prefetch-budget-20.rank-accept_first.cut-entropy4.0.samples20.maxnew1024.seed10086.subtreePrefetch.vllm.log,accept_first,sample-003.block-00,3,0,True,28,2.1538461538461537
dataset-lcb_v6.model-gemma-12b.alpha4.0.steps100.blocks-1.prefetch-budget-20.rank-accept_first.cut-entropy4.0.samples20.maxnew1024.seed10086.subtreePrefetch.vllm.log,accept_first,sample-003.block-00,3,0,True,29,2.0714285714285716
dataset-lcb_v6.model-gemma-12b.alpha4.0.steps100.blocks-1.prefetch-budget-20.rank-accept_first.cut-entropy4.0.samples20.maxnew1024.seed10086.subtreePrefetch.vllm.log,accept_first,sample-003.block-00,3,0,True,30,2.142857142857143
dataset-lcb_v6.model-gemma-12b.alpha4.0.steps100.blocks-1.prefetch-budget-20.rank-accept_first.cut-entropy4.0.samples20.maxnew1024.seed10086.subtreePrefetch.vllm.log,accept_first,sample-003.block-00,3,0,True,31,2.066666666666667
dataset-lcb_v6.model-gemma-12b.alpha4.0.steps100.blocks-1.prefetch-budget-20.rank-accept_first.cut-entropy4.0.samples20.maxnew1024.seed10086.subtreePrefetch.vllm.log,accept_first,sample-003.block-00,3,0,True,32,2.0
dataset-lcb_v6.model-gemma-12b.alpha4.0.steps100.blocks-1.prefetch-budget-20.rank-accept_first.cut-entropy4.0.samples20.maxnew1024.seed10086.subtreePrefetch.vllm.log,accept_first,sample-003.block-00,3,0,True,33,2.0625
dataset-lcb_v6.model-gemma-12b.alpha4.0.steps100.blocks-1.prefetch-budget-20.rank-accept_first.cut-entropy4.0.samples20.maxnew1024.seed10086.subtreePrefetch.vllm.log,accept_first,sample-003.block-00,3,0,True,34,2.0
dataset-lcb_v6.model-gemma-12b.alpha4.0.steps100.blocks-1.prefetch-budget-20.rank-accept_first.cut-entropy4.0.samples20.maxnew1024.seed10086.subtreePrefetch.vllm.log,accept_first,sample-003.block-00,3,0,True,35,2.0588235294117645
dataset-lcb_v6.model-gemma-12b.alpha4.0.steps100.blocks-1.prefetch-budget-20.rank-accept_first.cut-entropy4.0.samples20.maxnew1024.seed10086.subtreePrefetch.vllm.log,accept_first,sample-003.block-00,3,0,True,36,2.0
dataset-lcb_v6.model-gemma-12b.alpha4.0.steps100.blocks-1.prefetch-budget-20.rank-accept_first.cut-entropy4.0.samples20.maxnew1024.seed10086.subtreePrefetch.vllm.log,accept_first,sample-003.block-00,3,0,True,37,2.0555555555555554
dataset-lcb_v6.model-gemma-12b.alpha4.0.steps100.blocks-1.prefetch-budget-20.rank-accept_first.cut-entropy4.0.samples20.maxnew1024.seed10086.subtreePrefetch.vllm.log,accept_first,sample-003.block-00,3,0,True,38,2.111111111111111
dataset-lcb_v6.model-gemma-12b.alpha4.0.steps100.blocks-1.prefetch-budget-20.rank-accept_first.cut-entropy4.0.samples20.maxnew1024.seed10086.subtreePrefetch.vllm.log,accept_first,sample-003.block-00,3,0,True,39,2.0526315789473686
dataset-lcb_v6.model-gemma-12b.alpha4.0.steps100.blocks-1.prefetch-budget-20.rank-accept_first.cut-entropy4.0.samples20.maxnew1024.seed10086.subtreePrefetch.vllm.log,accept_first,sample-003.block-00,3,0,True,40,2.0
dataset-lcb_v6.model-gemma-12b.alpha4.0.steps100.blocks-1.prefetch-budget-20.rank-accept_first.cut-entropy4.0.samples20.maxnew1024.seed10086.subtreePrefetch.vllm.log,accept_first,sample-003.block-00,3,0,True,41,1.9523809523809523
dataset-lcb_v6.model-gemma-12b.alpha4.0.steps100.blocks-1.prefetch-budget-20.rank-accept_first.cut-entropy4.0.samples20.maxnew1024.seed10086.subtreePrefetch.vllm.log,accept_first,sample-003.block-00,3,0,True,42,2.0
dataset-lcb_v6.model-gemma-12b.alpha4.0.steps100.blocks-1.prefetch-budget-20.rank-accept_first.cut-entropy4.0.samples20.maxnew1024.seed10086.subtreePrefetch.vllm.log,accept_first,sample-003.block-00,3,0,True,43,2.0476190476190474
dataset-lcb_v6.model-gemma-12b.alpha4.0.steps100.blocks-1.prefetch-budget-20.rank-accept_first.cut-entropy4.0.samples20.maxnew1024.seed10086.subtreePrefetch.vllm.log,accept_first,sample-003.block-00,3,0,True,44,2.0
dataset-lcb_v6.model-gemma-12b.alpha4.0.steps100.blocks-1.prefetch-budget-20.rank-accept_first.cut-entropy4.0.samples20.maxnew1024.seed10086.subtreePrefetch.vllm.log,accept_first,sample-003.block-00,3,0,True,45,2.0454545454545454
dataset-lcb_v6.model-gemma-12b.alpha4.0.steps100.blocks-1.prefetch-budget-20.rank-accept_first.cut-entropy4.0.samples20.maxnew1024.seed10086.subtreePrefetch.vllm.log,accept_first,sample-003.block-00,3,0,True,46,2.0
dataset-lcb_v6.model-gemma-12b.alpha4.0.steps100.blocks-1.prefetch-budget-20.rank-accept_first.cut-entropy4.0.samples20.maxnew1024.seed10086.subtreePrefetch.vllm.log,accept_first,sample-003.block-00,3,0,True,47,2.0434782608695654
dataset-lcb_v6.model-gemma-12b.alpha4.0.steps100.blocks-1.prefetch-budget-20.rank-accept_first.cut-entropy4.0.samples20.maxnew1024.seed10086.subtreePrefetch.vllm.log,accept_first,sample-003.block-00,3,0,True,48,2.0869565217391304
dataset-lcb_v6.model-gemma-12b.alpha4.0.steps100.blocks-1.prefetch-budget-20.rank-accept_first.cut-entropy4.0.samples20.maxnew1024.seed10086.subtreePrefetch.vllm.log,accept_first,sample-003.block-00,3,0,True,49,2.0416666666666665
dataset-lcb_v6.model-gemma-12b.alpha4.0.steps100.blocks-1.prefetch-budget-20.rank-accept_first.cut-entropy4.0.samples20.maxnew1024.seed10086.subtreePrefetch.vllm.log,accept_first,sample-003.block-00,3,0,True,50,2.0833333333333335
dataset-lcb_v6.model-gemma-12b.alpha4.0.steps100.blocks-1.prefetch-budget-20.rank-accept_first.cut-entropy4.0.samples20.maxnew1024.seed10086.subtreePrefetch.vllm.log,accept_first,sample-003.block-00,3,0,True,51,2.04
dataset-lcb_v6.model-gemma-12b.alpha4.0.steps100.blocks-1.prefetch-budget-20.rank-accept_first.cut-entropy4.0.samples20.maxnew1024.seed10086.subtreePrefetch.vllm.log,accept_first,sample-003.block-00,3,0,True,52,2.08
dataset-lcb_v6.model-gemma-12b.alpha4.0.steps100.blocks-1.prefetch-budget-20.rank-accept_first.cut-entropy4.0.samples20.maxnew1024.seed10086.subtreePrefetch.vllm.log,accept_first,sample-003.block-00,3,0,True,53,2.12
dataset-lcb_v6.model-gemma-12b.alpha4.0.steps100.blocks-1.prefetch-budget-20.rank-accept_first.cut-entropy4.0.samples20.maxnew1024.seed10086.subtreePrefetch.vllm.log,accept_first,sample-003.block-00,3,0,True,54,2.16
dataset-lcb_v6.model-gemma-12b.alpha4.0.steps100.blocks-1.prefetch-budget-20.rank-accept_first.cut-entropy4.0.samples20.maxnew1024.seed10086.subtreePrefetch.vllm.log,accept_first,sample-003.block-00,3,0,True,55,2.2
dataset-lcb_v6.model-gemma-12b.alpha4.0.steps100.blocks-1.prefetch-budget-20.rank-accept_first.cut-entropy4.0.samples20.maxnew1024.seed10086.subtreePrefetch.vllm.log,accept_first,sample-003.block-00,3,0,True,56,2.1538461538461537
dataset-lcb_v6.model-gemma-12b.alpha4.0.steps100.blocks-1.prefetch-budget-20.rank-accept_first.cut-entropy4.0.samples20.maxnew1024.seed10086.subtreePrefetch.vllm.log,accept_first,sample-003.block-00,3,0,True,57,2.1923076923076925
dataset-lcb_v6.model-gemma-12b.alpha4.0.steps100.blocks-1.prefetch-budget-20.rank-accept_first.cut-entropy4.0.samples20.maxnew1024.seed10086.subtreePrefetch.vllm.log,accept_first,sample-003.block-00,3,0,True,58,2.230769230769231
dataset-lcb_v6.model-gemma-12b.alpha4.0.steps100.blocks-1.prefetch-budget-20.rank-accept_first.cut-entropy4.0.samples20.maxnew1024.seed10086.subtreePrefetch.vllm.log,accept_first,sample-003.block-00,3,0,True,59,2.185185185185185
dataset-lcb_v6.model-gemma-12b.alpha4.0.steps100.blocks-1.prefetch-budget-20.rank-accept_first.cut-entropy4.0.samples20.maxnew1024.seed10086.subtreePrefetch.vllm.log,accept_first,sample-003.block-00,3,0,True,60,2.2222222222222223
dataset-lcb_v6.model-gemma-12b.alpha4.0.steps100.blocks-1.prefetch-budget-20.rank-accept_first.cut-entropy4.0.samples20.maxnew1024.seed10086.subtreePrefetch.vllm.log,accept_first,sample-003.block-00,3,0,True,61,2.1785714285714284
dataset-lcb_v6.model-gemma-12b.alpha4.0.steps100.blocks-1.prefetch-budget-20.rank-accept_first.cut-entropy4.0.samples20.maxnew1024.seed10086.subtreePrefetch.vllm.log,accept_first,sample-003.block-00,3,0,True,62,2.2142857142857144
dataset-lcb_v6.model-gemma-12b.alpha4.0.steps100.blocks-1.prefetch-budget-20.rank-accept_first.cut-entropy4.0.samples20.maxnew1024.seed10086.subtreePrefetch.vllm.log,accept_first,sample-003.block-00,3,0,True,63,2.25
dataset-lcb_v6.model-gemma-12b.alpha4.0.steps100.blocks-1.prefetch-budget-20.rank-accept_first.cut-entropy4.0.samples20.maxnew1024.seed10086.subtreePrefetch.vllm.log,accept_first,sample-003.block-00,3,0,True,64,2.2857142857142856
dataset-lcb_v6.model-gemma-12b.alpha4.0.steps100.blocks-1.prefetch-budget-20.rank-accept_first.cut-entropy4.0.samples20.maxnew1024.seed10086.subtreePrefetch.vllm.log,accept_first,sample-003.block-00,3,0,True,65,2.2413793103448274
dataset-lcb_v6.model-gemma-12b.alpha4.0.steps100.blocks-1.prefetch-budget-20.rank-accept_first.cut-entropy4.0.samples20.maxnew1024.seed10086.subtreePrefetch.vllm.log,accept_first,sample-003.block-00,3,0,True,66,2.2758620689655173
dataset-lcb_v6.model-gemma-12b.alpha4.0.steps100.blocks-1.prefetch-budget-20.rank-accept_first.cut-entropy4.0.samples20.maxnew1024.seed10086.subtreePrefetch.vllm.log,accept_first,sample-003.block-00,3,0,True,67,2.310344827586207
dataset-lcb_v6.model-gemma-12b.alpha4.0.steps100.blocks-1.prefetch-budget-20.rank-accept_first.cut-entropy4.0.samples20.maxnew1024.seed10086.subtreePrefetch.vllm.log,accept_first,sample-003.block-00,3,0,True,68,2.2666666666666666
dataset-lcb_v6.model-gemma-12b.alpha4.0.steps100.blocks-1.prefetch-budget-20.rank-accept_first.cut-entropy4.0.samples20.maxnew1024.seed10086.subtreePrefetch.vllm.log,accept_first,sample-003.block-00,3,0,True,69,2.3
dataset-lcb_v6.model-gemma-12b.alpha4.0.steps100.blocks-1.prefetch-budget-20.rank-accept_first.cut-entropy4.0.samples20.maxnew1024.seed10086.subtreePrefetch.vllm.log,accept_first,sample-003.block-00,3,0,True,70,2.3333333333333335
dataset-lcb_v6.model-gemma-12b.alpha4.0.steps100.blocks-1.prefetch-budget-20.rank-accept_first.cut-entropy4.0.samples20.maxnew1024.seed10086.subtreePrefetch.vllm.log,accept_first,sample-003.block-00,3,0,True,71,2.2903225806451615
dataset-lcb_v6.model-gemma-12b.alpha4.0.steps100.blocks-1.prefetch-budget-20.rank-accept_first.cut-entropy4.0.samples20.maxnew1024.seed10086.subtreePrefetch.vllm.log,accept_first,sample-003.block-00,3,0,True,72,2.25
dataset-lcb_v6.model-gemma-12b.alpha4.0.steps100.blocks-1.prefetch-budget-20.rank-accept_first.cut-entropy4.0.samples20.maxnew1024.seed10086.subtreePrefetch.vllm.log,accept_first,sample-003.block-00,3,0,True,73,2.212121212121212
dataset-lcb_v6.model-gemma-12b.alpha4.0.steps100.blocks-1.prefetch-budget-20.rank-accept_first.cut-entropy4.0.samples20.maxnew1024.seed10086.subtreePrefetch.vllm.log,accept_first,sample-003.block-00,3,0,True,74,2.242424242424242
dataset-lcb_v6.model-gemma-12b.alpha4.0.steps100.blocks-1.prefetch-budget-20.rank-accept_first.cut-entropy4.0.samples20.maxnew1024.seed10086.subtreePrefetch.vllm.log,accept_first,sample-003.block-00,3,0,True,75,2.2058823529411766
dataset-lcb_v6.model-gemma-12b.alpha4.0.steps100.blocks-1.prefetch-budget-20.rank-accept_first.cut-entropy4.0.samples20.maxnew1024.seed10086.subtreePrefetch.vllm.log,accept_first,sample-003.block-00,3,0,True,76,2.1714285714285713
dataset-lcb_v6.model-gemma-12b.alpha4.0.steps100.blocks-1.prefetch-budget-20.rank-accept_first.cut-entropy4.0.samples20.maxnew1024.seed10086.subtreePrefetch.vllm.log,accept_first,sample-003.block-00,3,0,True,77,2.2
dataset-lcb_v6.model-gemma-12b.alpha4.0.steps100.blocks-1.prefetch-budget-20.rank-accept_first.cut-entropy4.0.samples20.maxnew1024.seed10086.subtreePrefetch.vllm.log,accept_first,sample-003.block-00,3,0,True,78,2.2285714285714286
dataset-lcb_v6.model-gemma-12b.alpha4.0.steps100.blocks-1.prefetch-budget-20.rank-accept_first.cut-entropy4.0.samples20.maxnew1024.seed10086.subtreePrefetch.vllm.log,accept_first,sample-003.block-00,3,0,True,79,2.257142857142857
dataset-lcb_v6.model-gemma-12b.alpha4.0.steps100.blocks-1.prefetch-budget-20.rank-accept_first.cut-entropy4.0.samples20.maxnew1024.seed10086.subtreePrefetch.vllm.log,accept_first,sample-003.block-00,3,0,True,80,2.2222222222222223
dataset-lcb_v6.model-gemma-12b.alpha4.0.steps100.blocks-1.prefetch-budget-20.rank-accept_first.cut-entropy4.0.samples20.maxnew1024.seed10086.subtreePrefetch.vllm.log,accept_first,sample-003.block-00,3,0,True,81,2.25
dataset-lcb_v6.model-gemma-12b.alpha4.0.steps100.blocks-1.prefetch-budget-20.rank-accept_first.cut-entropy4.0.samples20.maxnew1024.seed10086.subtreePrefetch.vllm.log,accept_first,sample-003.block-00,3,0,True,82,2.2777777777777777
dataset-lcb_v6.model-gemma-12b.alpha4.0.steps100.blocks-1.prefetch-budget-20.rank-accept_first.cut-entropy4.0.samples20.maxnew1024.seed10086.subtreePrefetch.vllm.log,accept_first,sample-003.block-00,3,0,True,83,2.2432432432432434
dataset-lcb_v6.model-gemma-12b.alpha4.0.steps100.blocks-1.prefetch-budget-20.rank-accept_first.cut-entropy4.0.samples20.maxnew1024.seed10086.subtreePrefetch.vllm.log,accept_first,sample-003.block-00,3,0,True,84,2.210526315789474
dataset-lcb_v6.model-gemma-12b.alpha4.0.steps100.blocks-1.prefetch-budget-20.rank-accept_first.cut-entropy4.0.samples20.maxnew1024.seed10086.subtreePrefetch.vllm.log,accept_first,sample-003.block-00,3,0,True,85,2.236842105263158
dataset-lcb_v6.model-gemma-12b.alpha4.0.steps100.blocks-1.prefetch-budget-20.rank-accept_first.cut-entropy4.0.samples20.maxnew1024.seed10086.subtreePrefetch.vllm.log,accept_first,sample-003.block-00,3,0,True,86,2.2051282051282053
dataset-lcb_v6.model-gemma-12b.alpha4.0.steps100.blocks-1.prefetch-budget-20.rank-accept_first.cut-entropy4.0.samples20.maxnew1024.seed10086.subtreePrefetch.vllm.log,accept_first,sample-003.block-00,3,0,True,87,2.175
dataset-lcb_v6.model-gemma-12b.alpha4.0.steps100.blocks-1.prefetch-budget-20.rank-accept_first.cut-entropy4.0.samples20.maxnew1024.seed10086.subtreePrefetch.vllm.log,accept_first,sample-003.block-00,3,0,True,88,2.2
dataset-lcb_v6.model-gemma-12b.alpha4.0.steps100.blocks-1.prefetch-budget-20.rank-accept_first.cut-entropy4.0.samples20.maxnew1024.seed10086.subtreePrefetch.vllm.log,accept_first,sample-003.block-00,3,0,True,89,2.225
dataset-lcb_v6.model-gemma-12b.alpha4.0.steps100.blocks-1.prefetch-budget-20.rank-accept_first.cut-entropy4.0.samples20.maxnew1024.seed10086.subtreePrefetch.vllm.log,accept_first,sample-003.block-00,3,0,True,90,2.25
dataset-lcb_v6.model-gemma-12b.alpha4.0.steps100.blocks-1.prefetch-budget-20.rank-accept_first.cut-entropy4.0.samples20.maxnew1024.seed10086.subtreePrefetch.vllm.log,accept_first,sample-003.block-00,3,0,True,91,2.275
dataset-lcb_v6.model-gemma-12b.alpha4.0.steps100.blocks-1.prefetch-budget-20.rank-accept_first.cut-entropy4.0.samples20.maxnew1024.seed10086.subtreePrefetch.vllm.log,accept_first,sample-003.block-00,3,0,True,92,2.3
dataset-lcb_v6.model-gemma-12b.alpha4.0.steps100.blocks-1.prefetch-budget-20.rank-accept_first.cut-entropy4.0.samples20.maxnew1024.seed10086.subtreePrefetch.vllm.log,accept_first,sample-003.block-00,3,0,True,93,2.268292682926829
dataset-lcb_v6.model-gemma-12b.alpha4.0.steps100.blocks-1.prefetch-budget-20.rank-accept_first.cut-entropy4.0.samples20.maxnew1024.seed10086.subtreePrefetch.vllm.log,accept_first,sample-003.block-00,3,0,True,94,2.292682926829268
dataset-lcb_v6.model-gemma-12b.alpha4.0.steps100.blocks-1.prefetch-budget-20.rank-accept_first.cut-entropy4.0.samples20.maxnew1024.seed10086.subtreePrefetch.vllm.log,accept_first,sample-003.block-00,3,0,True,95,2.317073170731707
dataset-lcb_v6.model-gemma-12b.alpha4.0.steps100.blocks-1.prefetch-budget-20.rank-accept_first.cut-entropy4.0.samples20.maxnew1024.seed10086.subtreePrefetch.vllm.log,accept_first,sample-003.block-00,3,0,True,96,2.341463414634146
dataset-lcb_v6.model-gemma-12b.alpha4.0.steps100.blocks-1.prefetch-budget-20.rank-accept_first.cut-entropy4.0.samples20.maxnew1024.seed10086.subtreePrefetch.vllm.log,accept_first,sample-003.block-00,3,0,True,97,2.3658536585365852
dataset-lcb_v6.model-gemma-12b.alpha4.0.steps100.blocks-1.prefetch-budget-20.rank-accept_first.cut-entropy4.0.samples20.maxnew1024.seed10086.subtreePrefetch.vllm.log,accept_first,sample-003.block-00,3,0,True,98,2.3333333333333335
dataset-lcb_v6.model-gemma-12b.alpha4.0.steps100.blocks-1.prefetch-budget-20.rank-accept_first.cut-entropy4.0.samples20.maxnew1024.seed10086.subtreePrefetch.vllm.log,accept_first,sample-003.block-00,3,0,True,99,2.357142857142857
dataset-lcb_v6.model-gemma-12b.alpha4.0.steps100.blocks-1.prefetch-budget-20.rank-accept_first.cut-entropy4.0.samples20.maxnew1024.seed10086.subtreePrefetch.vllm.log,accept_first,sample-003.block-00,3,0,True,100,2.380952380952381
dataset-lcb_v6.model-gemma-12b.alpha4.0.steps100.blocks-1.prefetch-budget-20.rank-accept_first.cut-entropy4.0.samples20.maxnew1024.seed10086.subtreePrefetch.vllm.log,accept_first,sample-004.block-00,4,0,True,1,1.0
dataset-lcb_v6.model-gemma-12b.alpha4.0.steps100.blocks-1.prefetch-budget-20.rank-accept_first.cut-entropy4.0.samples20.maxnew1024.seed10086.subtreePrefetch.vllm.log,accept_first,sample-004.block-00,4,0,True,2,2.0
dataset-lcb_v6.model-gemma-12b.alpha4.0.steps100.blocks-1.prefetch-budget-20.rank-accept_first.cut-entropy4.0.samples20.maxnew1024.seed10086.subtreePrefetch.vllm.log,accept_first,sample-004.block-00,4,0,True,3,1.5
dataset-lcb_v6.model-gemma-12b.alpha4.0.steps100.blocks-1.prefetch-budget-20.rank-accept_first.cut-entropy4.0.samples20.maxnew1024.seed10086.subtreePrefetch.vllm.log,accept_first,sample-004.block-00,4,0,True,4,2.0
dataset-lcb_v6.model-gemma-12b.alpha4.0.steps100.blocks-1.prefetch-budget-20.rank-accept_first.cut-entropy4.0.samples20.maxnew1024.seed10086.subtreePrefetch.vllm.log,accept_first,sample-004.block-00,4,0,True,5,2.5
dataset-lcb_v6.model-gemma-12b.alpha4.0.steps100.blocks-1.prefetch-budget-20.rank-accept_first.cut-entropy4.0.samples20.maxnew1024.seed10086.subtreePrefetch.vllm.log,accept_first,sample-004.block-00,4,0,True,6,2.0
dataset-lcb_v6.model-gemma-12b.alpha4.0.steps100.blocks-1.prefetch-budget-20.rank-accept_first.cut-entropy4.0.samples20.maxnew1024.seed10086.subtreePrefetch.vllm.log,accept_first,sample-004.block-00,4,0,True,7,2.3333333333333335
dataset-lcb_v6.model-gemma-12b.alpha4.0.steps100.blocks-1.prefetch-budget-20.rank-accept_first.cut-entropy4.0.samples20.maxnew1024.seed10086.subtreePrefetch.vllm.log,accept_first,sample-004.block-00,4,0,True,8,2.6666666666666665
dataset-lcb_v6.model-gemma-12b.alpha4.0.steps100.blocks-1.prefetch-budget-20.rank-accept_first.cut-entropy4.0.samples20.maxnew1024.seed10086.subtreePrefetch.vllm.log,accept_first,sample-004.block-00,4,0,True,9,3.0
dataset-lcb_v6.model-gemma-12b.alpha4.0.steps100.blocks-1.prefetch-budget-20.rank-accept_first.cut-entropy4.0.samples20.maxnew1024.seed10086.subtreePrefetch.vllm.log,accept_first,sample-004.block-00,4,0,True,10,3.3333333333333335
dataset-lcb_v6.model-gemma-12b.alpha4.0.steps100.blocks-1.prefetch-budget-20.rank-accept_first.cut-entropy4.0.samples20.maxnew1024.seed10086.subtreePrefetch.vllm.log,accept_first,sample-004.block-00,4,0,True,11,2.75
dataset-lcb_v6.model-gemma-12b.alpha4.0.steps100.blocks-1.prefetch-budget-20.rank-accept_first.cut-entropy4.0.samples20.maxnew1024.seed10086.subtreePrefetch.vllm.log,accept_first,sample-004.block-00,4,0,True,12,2.4
dataset-lcb_v6.model-gemma-12b.alpha4.0.steps100.blocks-1.prefetch-budget-20.rank-accept_first.cut-entropy4.0.samples20.maxnew1024.seed10086.subtreePrefetch.vllm.log,accept_first,sample-004.block-00,4,0,True,13,2.6
dataset-lcb_v6.model-gemma-12b.alpha4.0.steps100.blocks-1.prefetch-budget-20.rank-accept_first.cut-entropy4.0.samples20.maxnew1024.seed10086.subtreePrefetch.vllm.log,accept_first,sample-004.block-00,4,0,True,14,2.8
dataset-lcb_v6.model-gemma-12b.alpha4.0.steps100.blocks-1.prefetch-budget-20.rank-accept_first.cut-entropy4.0.samples20.maxnew1024.seed10086.subtreePrefetch.vllm.log,accept_first,sample-004.block-00,4,0,True,15,2.5
dataset-lcb_v6.model-gemma-12b.alpha4.0.steps100.blocks-1.prefetch-budget-20.rank-accept_first.cut-entropy4.0.samples20.maxnew1024.seed10086.subtreePrefetch.vllm.log,accept_first,sample-004.block-00,4,0,True,16,2.6666666666666665
dataset-lcb_v6.model-gemma-12b.alpha4.0.steps100.blocks-1.prefetch-budget-20.rank-accept_first.cut-entropy4.0.samples20.maxnew1024.seed10086.subtreePrefetch.vllm.log,accept_first,sample-004.block-00,4,0,True,17,2.8333333333333335
dataset-lcb_v6.model-gemma-12b.alpha4.0.steps100.blocks-1.prefetch-budget-20.rank-accept_first.cut-entropy4.0.samples20.maxnew1024.seed10086.subtreePrefetch.vllm.log,accept_first,sample-004.block-00,4,0,True,18,3.0
dataset-lcb_v6.model-gemma-12b.alpha4.0.steps100.blocks-1.prefetch-budget-20.rank-accept_first.cut-entropy4.0.samples20.maxnew1024.seed10086.subtreePrefetch.vllm.log,accept_first,sample-004.block-00,4,0,True,19,3.1666666666666665
dataset-lcb_v6.model-gemma-12b.alpha4.0.steps100.blocks-1.prefetch-budget-20.rank-accept_first.cut-entropy4.0.samples20.maxnew1024.seed10086.subtreePrefetch.vllm.log,accept_first,sample-004.block-00,4,0,True,20,3.3333333333333335
dataset-lcb_v6.model-gemma-12b.alpha4.0.steps100.blocks-1.prefetch-budget-20.rank-accept_first.cut-entropy4.0.samples20.maxnew1024.seed10086.subtreePrefetch.vllm.log,accept_first,sample-004.block-00,4,0,True,21,3.5
dataset-lcb_v6.model-gemma-12b.alpha4.0.steps100.blocks-1.prefetch-budget-20.rank-accept_first.cut-entropy4.0.samples20.maxnew1024.seed10086.subtreePrefetch.vllm.log,accept_first,sample-004.block-00,4,0,True,22,3.142857142857143
dataset-lcb_v6.model-gemma-12b.alpha4.0.steps100.blocks-1.prefetch-budget-20.rank-accept_first.cut-entropy4.0.samples20.maxnew1024.seed10086.subtreePrefetch.vllm.log,accept_first,sample-004.block-00,4,0,True,23,3.2857142857142856
dataset-lcb_v6.model-gemma-12b.alpha4.0.steps100.blocks-1.prefetch-budget-20.rank-accept_first.cut-entropy4.0.samples20.maxnew1024.seed10086.subtreePrefetch.vllm.log,accept_first,sample-004.block-00,4,0,True,24,3.0
dataset-lcb_v6.model-gemma-12b.alpha4.0.steps100.blocks-1.prefetch-budget-20.rank-accept_first.cut-entropy4.0.samples20.maxnew1024.seed10086.subtreePrefetch.vllm.log,accept_first,sample-004.block-00,4,0,True,25,3.125
dataset-lcb_v6.model-gemma-12b.alpha4.0.steps100.blocks-1.prefetch-budget-20.rank-accept_first.cut-entropy4.0.samples20.maxnew1024.seed10086.subtreePrefetch.vllm.log,accept_first,sample-004.block-00,4,0,True,26,3.25
dataset-lcb_v6.model-gemma-12b.alpha4.0.steps100.blocks-1.prefetch-budget-20.rank-accept_first.cut-entropy4.0.samples20.maxnew1024.seed10086.subtreePrefetch.vllm.log,accept_first,sample-004.block-00,4,0,True,27,3.0
dataset-lcb_v6.model-gemma-12b.alpha4.0.steps100.blocks-1.prefetch-budget-20.rank-accept_first.cut-entropy4.0.samples20.maxnew1024.seed10086.subtreePrefetch.vllm.log,accept_first,sample-004.block-00,4,0,True,28,3.111111111111111
dataset-lcb_v6.model-gemma-12b.alpha4.0.steps100.blocks-1.prefetch-budget-20.rank-accept_first.cut-entropy4.0.samples20.maxnew1024.seed10086.subtreePrefetch.vllm.log,accept_first,sample-004.block-00,4,0,True,29,2.9
dataset-lcb_v6.model-gemma-12b.alpha4.0.steps100.blocks-1.prefetch-budget-20.rank-accept_first.cut-entropy4.0.samples20.maxnew1024.seed10086.subtreePrefetch.vllm.log,accept_first,sample-004.block-00,4,0,True,30,3.0
dataset-lcb_v6.model-gemma-12b.alpha4.0.steps100.blocks-1.prefetch-budget-20.rank-accept_first.cut-entropy4.0.samples20.maxnew1024.seed10086.subtreePrefetch.vllm.log,accept_first,sample-004.block-00,4,0,True,31,2.8181818181818183
dataset-lcb_v6.model-gemma-12b.alpha4.0.steps100.blocks-1.prefetch-budget-20.rank-accept_first.cut-entropy4.0.samples20.maxnew1024.seed10086.subtreePrefetch.vllm.log,accept_first,sample-004.block-00,4,0,True,32,2.6666666666666665
dataset-lcb_v6.model-gemma-12b.alpha4.0.steps100.blocks-1.prefetch-budget-20.rank-accept_first.cut-entropy4.0.samples20.maxnew1024.seed10086.subtreePrefetch.vllm.log,accept_first,sample-004.block-00,4,0,True,33,2.75
dataset-lcb_v6.model-gemma-12b.alpha4.0.steps100.blocks-1.prefetch-budget-20.rank-accept_first.cut-entropy4.0.samples20.maxnew1024.seed10086.subtreePrefetch.vllm.log,accept_first,sample-004.block-00,4,0,True,34,2.6153846153846154
dataset-lcb_v6.model-gemma-12b.alpha4.0.steps100.blocks-1.prefetch-budget-20.rank-accept_first.cut-entropy4.0.samples20.maxnew1024.seed10086.subtreePrefetch.vllm.log,accept_first,sample-004.block-00,4,0,True,35,2.5
dataset-lcb_v6.model-gemma-12b.alpha4.0.steps100.blocks-1.prefetch-budget-20.rank-accept_first.cut-entropy4.0.samples20.maxnew1024.seed10086.subtreePrefetch.vllm.log,accept_first,sample-004.block-00,4,0,True,36,2.4
dataset-lcb_v6.model-gemma-12b.alpha4.0.steps100.blocks-1.prefetch-budget-20.rank-accept_first.cut-entropy4.0.samples20.maxnew1024.seed10086.subtreePrefetch.vllm.log,accept_first,sample-004.block-00,4,0,True,37,2.3125
dataset-lcb_v6.model-gemma-12b.alpha4.0.steps100.blocks-1.prefetch-budget-20.rank-accept_first.cut-entropy4.0.samples20.maxnew1024.seed10086.subtreePrefetch.vllm.log,accept_first,sample-004.block-00,4,0,True,38,2.235294117647059
dataset-lcb_v6.model-gemma-12b.alpha4.0.steps100.blocks-1.prefetch-budget-20.rank-accept_first.cut-entropy4.0.samples20.maxnew1024.seed10086.subtreePrefetch.vllm.log,accept_first,sample-004.block-00,4,0,True,39,2.1666666666666665
dataset-lcb_v6.model-gemma-12b.alpha4.0.steps100.blocks-1.prefetch-budget-20.rank-accept_first.cut-entropy4.0.samples20.maxnew1024.seed10086.subtreePrefetch.vllm.log,accept_first,sample-004.block-00,4,0,True,40,2.1052631578947367
dataset-lcb_v6.model-gemma-12b.alpha4.0.steps100.blocks-1.prefetch-budget-20.rank-accept_first.cut-entropy4.0.samples20.maxnew1024.seed10086.subtreePrefetch.vllm.log,accept_first,sample-004.block-00,4,0,True,41,2.05
dataset-lcb_v6.model-gemma-12b.alpha4.0.steps100.blocks-1.prefetch-budget-20.rank-accept_first.cut-entropy4.0.samples20.maxnew1024.seed10086.subtreePrefetch.vllm.log,accept_first,sample-004.block-00,4,0,True,42,2.1
dataset-lcb_v6.model-gemma-12b.alpha4.0.steps100.blocks-1.prefetch-budget-20.rank-accept_first.cut-entropy4.0.samples20.maxnew1024.seed10086.subtreePrefetch.vllm.log,accept_first,sample-004.block-00,4,0,True,43,2.15
dataset-lcb_v6.model-gemma-12b.alpha4.0.steps100.blocks-1.prefetch-budget-20.rank-accept_first.cut-entropy4.0.samples20.maxnew1024.seed10086.subtreePrefetch.vllm.log,accept_first,sample-004.block-00,4,0,True,44,2.0952380952380953
dataset-lcb_v6.model-gemma-12b.alpha4.0.steps100.blocks-1.prefetch-budget-20.rank-accept_first.cut-entropy4.0.samples20.maxnew1024.seed10086.subtreePrefetch.vllm.log,accept_first,sample-004.block-00,4,0,True,45,2.142857142857143
dataset-lcb_v6.model-gemma-12b.alpha4.0.steps100.blocks-1.prefetch-budget-20.rank-accept_first.cut-entropy4.0.samples20.maxnew1024.seed10086.subtreePrefetch.vllm.log,accept_first,sample-004.block-00,4,0,True,46,2.090909090909091
dataset-lcb_v6.model-gemma-12b.alpha4.0.steps100.blocks-1.prefetch-budget-20.rank-accept_first.cut-entropy4.0.samples20.maxnew1024.seed10086.subtreePrefetch.vllm.log,accept_first,sample-004.block-00,4,0,True,47,2.1363636363636362
dataset-lcb_v6.model-gemma-12b.alpha4.0.steps100.blocks-1.prefetch-budget-20.rank-accept_first.cut-entropy4.0.samples20.maxnew1024.seed10086.subtreePrefetch.vllm.log,accept_first,sample-004.block-00,4,0,True,48,2.1818181818181817
dataset-lcb_v6.model-gemma-12b.alpha4.0.steps100.blocks-1.prefetch-budget-20.rank-accept_first.cut-entropy4.0.samples20.maxnew1024.seed10086.subtreePrefetch.vllm.log,accept_first,sample-004.block-00,4,0,True,49,2.130434782608696
dataset-lcb_v6.model-gemma-12b.alpha4.0.steps100.blocks-1.prefetch-budget-20.rank-accept_first.cut-entropy4.0.samples20.maxnew1024.seed10086.subtreePrefetch.vllm.log,accept_first,sample-004.block-00,4,0,True,50,2.0833333333333335
dataset-lcb_v6.model-gemma-12b.alpha4.0.steps100.blocks-1.prefetch-budget-20.rank-accept_first.cut-entropy4.0.samples20.maxnew1024.seed10086.subtreePrefetch.vllm.log,accept_first,sample-004.block-00,4,0,True,51,2.125
dataset-lcb_v6.model-gemma-12b.alpha4.0.steps100.blocks-1.prefetch-budget-20.rank-accept_first.cut-entropy4.0.samples20.maxnew1024.seed10086.subtreePrefetch.vllm.log,accept_first,sample-004.block-00,4,0,True,52,2.1666666666666665
dataset-lcb_v6.model-gemma-12b.alpha4.0.steps100.blocks-1.prefetch-budget-20.rank-accept_first.cut-entropy4.0.samples20.maxnew1024.seed10086.subtreePrefetch.vllm.log,accept_first,sample-004.block-00,4,0,True,53,2.2083333333333335
dataset-lcb_v6.model-gemma-12b.alpha4.0.steps100.blocks-1.prefetch-budget-20.rank-accept_first.cut-entropy4.0.samples20.maxnew1024.seed10086.subtreePrefetch.vllm.log,accept_first,sample-004.block-00,4,0,True,54,2.16
dataset-lcb_v6.model-gemma-12b.alpha4.0.steps100.blocks-1.prefetch-budget-20.rank-accept_first.cut-entropy4.0.samples20.maxnew1024.seed10086.subtreePrefetch.vllm.log,accept_first,sample-004.block-00,4,0,True,55,2.1153846153846154
dataset-lcb_v6.model-gemma-12b.alpha4.0.steps100.blocks-1.prefetch-budget-20.rank-accept_first.cut-entropy4.0.samples20.maxnew1024.seed10086.subtreePrefetch.vllm.log,accept_first,sample-004.block-00,4,0,True,56,2.074074074074074
dataset-lcb_v6.model-gemma-12b.alpha4.0.steps100.blocks-1.prefetch-budget-20.rank-accept_first.cut-entropy4.0.samples20.maxnew1024.seed10086.subtreePrefetch.vllm.log,accept_first,sample-004.block-00,4,0,True,57,2.111111111111111
dataset-lcb_v6.model-gemma-12b.alpha4.0.steps100.blocks-1.prefetch-budget-20.rank-accept_first.cut-entropy4.0.samples20.maxnew1024.seed10086.subtreePrefetch.vllm.log,accept_first,sample-004.block-00,4,0,True,58,2.1481481481481484
dataset-lcb_v6.model-gemma-12b.alpha4.0.steps100.blocks-1.prefetch-budget-20.rank-accept_first.cut-entropy4.0.samples20.maxnew1024.seed10086.subtreePrefetch.vllm.log,accept_first,sample-004.block-00,4,0,True,59,2.185185185185185
dataset-lcb_v6.model-gemma-12b.alpha4.0.steps100.blocks-1.prefetch-budget-20.rank-accept_first.cut-entropy4.0.samples20.maxnew1024.seed10086.subtreePrefetch.vllm.log,accept_first,sample-004.block-00,4,0,True,60,2.2222222222222223
dataset-lcb_v6.model-gemma-12b.alpha4.0.steps100.blocks-1.prefetch-budget-20.rank-accept_first.cut-entropy4.0.samples20.maxnew1024.seed10086.subtreePrefetch.vllm.log,accept_first,sample-004.block-00,4,0,True,61,2.1785714285714284
dataset-lcb_v6.model-gemma-12b.alpha4.0.steps100.blocks-1.prefetch-budget-20.rank-accept_first.cut-entropy4.0.samples20.maxnew1024.seed10086.subtreePrefetch.vllm.log,accept_first,sample-004.block-00,4,0,True,62,2.1379310344827585
dataset-lcb_v6.model-gemma-12b.alpha4.0.steps100.blocks-1.prefetch-budget-20.rank-accept_first.cut-entropy4.0.samples20.maxnew1024.seed10086.subtreePrefetch.vllm.log,accept_first,sample-004.block-00,4,0,True,63,2.1724137931034484
dataset-lcb_v6.model-gemma-12b.alpha4.0.steps100.blocks-1.prefetch-budget-20.rank-accept_first.cut-entropy4.0.samples20.maxnew1024.seed10086.subtreePrefetch.vllm.log,accept_first,sample-004.block-00,4,0,True,64,2.206896551724138
dataset-lcb_v6.model-gemma-12b.alpha4.0.steps100.blocks-1.prefetch-budget-20.rank-accept_first.cut-entropy4.0.samples20.maxnew1024.seed10086.subtreePrefetch.vllm.log,accept_first,sample-004.block-00,4,0,True,65,2.1666666666666665
dataset-lcb_v6.model-gemma-12b.alpha4.0.steps100.blocks-1.prefetch-budget-20.rank-accept_first.cut-entropy4.0.samples20.maxnew1024.seed10086.subtreePrefetch.vllm.log,accept_first,sample-004.block-00,4,0,True,66,2.2
dataset-lcb_v6.model-gemma-12b.alpha4.0.steps100.blocks-1.prefetch-budget-20.rank-accept_first.cut-entropy4.0.samples20.maxnew1024.seed10086.subtreePrefetch.vllm.log,accept_first,sample-004.block-00,4,0,True,67,2.2333333333333334
dataset-lcb_v6.model-gemma-12b.alpha4.0.steps100.blocks-1.prefetch-budget-20.rank-accept_first.cut-entropy4.0.samples20.maxnew1024.seed10086.subtreePrefetch.vllm.log,accept_first,sample-004.block-00,4,0,True,68,2.193548387096774
dataset-lcb_v6.model-gemma-12b.alpha4.0.steps100.blocks-1.prefetch-budget-20.rank-accept_first.cut-entropy4.0.samples20.maxnew1024.seed10086.subtreePrefetch.vllm.log,accept_first,sample-004.block-00,4,0,True,69,2.225806451612903
dataset-lcb_v6.model-gemma-12b.alpha4.0.steps100.blocks-1.prefetch-budget-20.rank-accept_first.cut-entropy4.0.samples20.maxnew1024.seed10086.subtreePrefetch.vllm.log,accept_first,sample-004.block-00,4,0,True,70,2.2580645161290325
dataset-lcb_v6.model-gemma-12b.alpha4.0.steps100.blocks-1.prefetch-budget-20.rank-accept_first.cut-entropy4.0.samples20.maxnew1024.seed10086.subtreePrefetch.vllm.log,accept_first,sample-004.block-00,4,0,True,71,2.2903225806451615
dataset-lcb_v6.model-gemma-12b.alpha4.0.steps100.blocks-1.prefetch-budget-20.rank-accept_first.cut-entropy4.0.samples20.maxnew1024.seed10086.subtreePrefetch.vllm.log,accept_first,sample-004.block-00,4,0,True,72,2.25
dataset-lcb_v6.model-gemma-12b.alpha4.0.steps100.blocks-1.prefetch-budget-20.rank-accept_first.cut-entropy4.0.samples20.maxnew1024.seed10086.subtreePrefetch.vllm.log,accept_first,sample-004.block-00,4,0,True,73,2.212121212121212
dataset-lcb_v6.model-gemma-12b.alpha4.0.steps100.blocks-1.prefetch-budget-20.rank-accept_first.cut-entropy4.0.samples20.maxnew1024.seed10086.subtreePrefetch.vllm.log,accept_first,sample-004.block-00,4,0,True,74,2.176470588235294
dataset-lcb_v6.model-gemma-12b.alpha4.0.steps100.blocks-1.prefetch-budget-20.rank-accept_first.cut-entropy4.0.samples20.maxnew1024.seed10086.subtreePrefetch.vllm.log,accept_first,sample-004.block-00,4,0,True,75,2.2058823529411766
dataset-lcb_v6.model-gemma-12b.alpha4.0.steps100.blocks-1.prefetch-budget-20.rank-accept_first.cut-entropy4.0.samples20.maxnew1024.seed10086.subtreePrefetch.vllm.log,accept_first,sample-004.block-00,4,0,True,76,2.1714285714285713
dataset-lcb_v6.model-gemma-12b.alpha4.0.steps100.blocks-1.prefetch-budget-20.rank-accept_first.cut-entropy4.0.samples20.maxnew1024.seed10086.subtreePrefetch.vllm.log,accept_first,sample-004.block-00,4,0,True,77,2.2
dataset-lcb_v6.model-gemma-12b.alpha4.0.steps100.blocks-1.prefetch-budget-20.rank-accept_first.cut-entropy4.0.samples20.maxnew1024.seed10086.subtreePrefetch.vllm.log,accept_first,sample-004.block-00,4,0,True,78,2.2285714285714286
dataset-lcb_v6.model-gemma-12b.alpha4.0.steps100.blocks-1.prefetch-budget-20.rank-accept_first.cut-entropy4.0.samples20.maxnew1024.seed10086.subtreePrefetch.vllm.log,accept_first,sample-004.block-00,4,0,True,79,2.257142857142857
dataset-lcb_v6.model-gemma-12b.alpha4.0.steps100.blocks-1.prefetch-budget-20.rank-accept_first.cut-entropy4.0.samples20.maxnew1024.seed10086.subtreePrefetch.vllm.log,accept_first,sample-004.block-00,4,0,True,80,2.2857142857142856
dataset-lcb_v6.model-gemma-12b.alpha4.0.steps100.blocks-1.prefetch-budget-20.rank-accept_first.cut-entropy4.0.samples20.maxnew1024.seed10086.subtreePrefetch.vllm.log,accept_first,sample-004.block-00,4,0,True,81,2.25
dataset-lcb_v6.model-gemma-12b.alpha4.0.steps100.blocks-1.prefetch-budget-20.rank-accept_first.cut-entropy4.0.samples20.maxnew1024.seed10086.subtreePrefetch.vllm.log,accept_first,sample-004.block-00,4,0,True,82,2.2777777777777777
dataset-lcb_v6.model-gemma-12b.alpha4.0.steps100.blocks-1.prefetch-budget-20.rank-accept_first.cut-entropy4.0.samples20.maxnew1024.seed10086.subtreePrefetch.vllm.log,accept_first,sample-004.block-00,4,0,True,83,2.2432432432432434
dataset-lcb_v6.model-gemma-12b.alpha4.0.steps100.blocks-1.prefetch-budget-20.rank-accept_first.cut-entropy4.0.samples20.maxnew1024.seed10086.subtreePrefetch.vllm.log,accept_first,sample-004.block-00,4,0,True,84,2.27027027027027
dataset-lcb_v6.model-gemma-12b.alpha4.0.steps100.blocks-1.prefetch-budget-20.rank-accept_first.cut-entropy4.0.samples20.maxnew1024.seed10086.subtreePrefetch.vllm.log,accept_first,sample-004.block-00,4,0,True,85,2.2972972972972974
dataset-lcb_v6.model-gemma-12b.alpha4.0.steps100.blocks-1.prefetch-budget-20.rank-accept_first.cut-entropy4.0.samples20.maxnew1024.seed10086.subtreePrefetch.vllm.log,accept_first,sample-004.block-00,4,0,True,86,2.324324324324324
dataset-lcb_v6.model-gemma-12b.alpha4.0.steps100.blocks-1.prefetch-budget-20.rank-accept_first.cut-entropy4.0.samples20.maxnew1024.seed10086.subtreePrefetch.vllm.log,accept_first,sample-004.block-00,4,0,True,87,2.3513513513513513
dataset-lcb_v6.model-gemma-12b.alpha4.0.steps100.blocks-1.prefetch-budget-20.rank-accept_first.cut-entropy4.0.samples20.maxnew1024.seed10086.subtreePrefetch.vllm.log,accept_first,sample-004.block-00,4,0,True,88,2.3157894736842106
dataset-lcb_v6.model-gemma-12b.alpha4.0.steps100.blocks-1.prefetch-budget-20.rank-accept_first.cut-entropy4.0.samples20.maxnew1024.seed10086.subtreePrefetch.vllm.log,accept_first,sample-004.block-00,4,0,True,89,2.282051282051282
dataset-lcb_v6.model-gemma-12b.alpha4.0.steps100.blocks-1.prefetch-budget-20.rank-accept_first.cut-entropy4.0.samples20.maxnew1024.seed10086.subtreePrefetch.vllm.log,accept_first,sample-004.block-00,4,0,True,90,2.3076923076923075
dataset-lcb_v6.model-gemma-12b.alpha4.0.steps100.blocks-1.prefetch-budget-20.rank-accept_first.cut-entropy4.0.samples20.maxnew1024.seed10086.subtreePrefetch.vllm.log,accept_first,sample-004.block-00,4,0,True,91,2.275
dataset-lcb_v6.model-gemma-12b.alpha4.0.steps100.blocks-1.prefetch-budget-20.rank-accept_first.cut-entropy4.0.samples20.maxnew1024.seed10086.subtreePrefetch.vllm.log,accept_first,sample-004.block-00,4,0,True,92,2.2439024390243905
dataset-lcb_v6.model-gemma-12b.alpha4.0.steps100.blocks-1.prefetch-budget-20.rank-accept_first.cut-entropy4.0.samples20.maxnew1024.seed10086.subtreePrefetch.vllm.log,accept_first,sample-004.block-00,4,0,True,93,2.268292682926829
dataset-lcb_v6.model-gemma-12b.alpha4.0.steps100.blocks-1.prefetch-budget-20.rank-accept_first.cut-entropy4.0.samples20.maxnew1024.seed10086.subtreePrefetch.vllm.log,accept_first,sample-004.block-00,4,0,True,94,2.292682926829268
dataset-lcb_v6.model-gemma-12b.alpha4.0.steps100.blocks-1.prefetch-budget-20.rank-accept_first.cut-entropy4.0.samples20.maxnew1024.seed10086.subtreePrefetch.vllm.log,accept_first,sample-004.block-00,4,0,True,95,2.317073170731707
dataset-lcb_v6.model-gemma-12b.alpha4.0.steps100.blocks-1.prefetch-budget-20.rank-accept_first.cut-entropy4.0.samples20.maxnew1024.seed10086.subtreePrefetch.vllm.log,accept_first,sample-004.block-00,4,0,True,96,2.341463414634146
dataset-lcb_v6.model-gemma-12b.alpha4.0.steps100.blocks-1.prefetch-budget-20.rank-accept_first.cut-entropy4.0.samples20.maxnew1024.seed10086.subtreePrefetch.vllm.log,accept_first,sample-004.block-00,4,0,True,97,2.3095238095238093
dataset-lcb_v6.model-gemma-12b.alpha4.0.steps100.blocks-1.prefetch-budget-20.rank-accept_first.cut-entropy4.0.samples20.maxnew1024.seed10086.subtreePrefetch.vllm.log,accept_first,sample-004.block-00,4,0,True,98,2.3333333333333335
dataset-lcb_v6.model-gemma-12b.alpha4.0.steps100.blocks-1.prefetch-budget-20.rank-accept_first.cut-entropy4.0.samples20.maxnew1024.seed10086.subtreePrefetch.vllm.log,accept_first,sample-004.block-00,4,0,True,99,2.357142857142857
dataset-lcb_v6.model-gemma-12b.alpha4.0.steps100.blocks-1.prefetch-budget-20.rank-accept_first.cut-entropy4.0.samples20.maxnew1024.seed10086.subtreePrefetch.vllm.log,accept_first,sample-004.block-00,4,0,True,100,2.380952380952381
dataset-lcb_v6.model-gemma-12b.alpha4.0.steps100.blocks-1.prefetch-budget-20.rank-accept_first.cut-entropy4.0.samples20.maxnew1024.seed10086.subtreePrefetch.vllm.log,accept_first,sample-005.block-00,5,0,True,1,1.0
dataset-lcb_v6.model-gemma-12b.alpha4.0.steps100.blocks-1.prefetch-budget-20.rank-accept_first.cut-entropy4.0.samples20.maxnew1024.seed10086.subtreePrefetch.vllm.log,accept_first,sample-005.block-00,5,0,True,2,2.0
dataset-lcb_v6.model-gemma-12b.alpha4.0.steps100.blocks-1.prefetch-budget-20.rank-accept_first.cut-entropy4.0.samples20.maxnew1024.seed10086.subtreePrefetch.vllm.log,accept_first,sample-005.block-00,5,0,True,3,3.0
dataset-lcb_v6.model-gemma-12b.alpha4.0.steps100.blocks-1.prefetch-budget-20.rank-accept_first.cut-entropy4.0.samples20.maxnew1024.seed10086.subtreePrefetch.vllm.log,accept_first,sample-005.block-00,5,0,True,4,2.0
dataset-lcb_v6.model-gemma-12b.alpha4.0.steps100.blocks-1.prefetch-budget-20.rank-accept_first.cut-entropy4.0.samples20.maxnew1024.seed10086.subtreePrefetch.vllm.log,accept_first,sample-005.block-00,5,0,True,5,2.5
dataset-lcb_v6.model-gemma-12b.alpha4.0.steps100.blocks-1.prefetch-budget-20.rank-accept_first.cut-entropy4.0.samples20.maxnew1024.seed10086.subtreePrefetch.vllm.log,accept_first,sample-005.block-00,5,0,True,6,2.0
dataset-lcb_v6.model-gemma-12b.alpha4.0.steps100.blocks-1.prefetch-budget-20.rank-accept_first.cut-entropy4.0.samples20.maxnew1024.seed10086.subtreePrefetch.vllm.log,accept_first,sample-005.block-00,5,0,True,7,1.75
dataset-lcb_v6.model-gemma-12b.alpha4.0.steps100.blocks-1.prefetch-budget-20.rank-accept_first.cut-entropy4.0.samples20.maxnew1024.seed10086.subtreePrefetch.vllm.log,accept_first,sample-005.block-00,5,0,True,8,1.6
dataset-lcb_v6.model-gemma-12b.alpha4.0.steps100.blocks-1.prefetch-budget-20.rank-accept_first.cut-entropy4.0.samples20.maxnew1024.seed10086.subtreePrefetch.vllm.log,accept_first,sample-005.block-00,5,0,True,9,1.5
dataset-lcb_v6.model-gemma-12b.alpha4.0.steps100.blocks-1.prefetch-budget-20.rank-accept_first.cut-entropy4.0.samples20.maxnew1024.seed10086.subtreePrefetch.vllm.log,accept_first,sample-005.block-00,5,0,True,10,1.6666666666666667
dataset-lcb_v6.model-gemma-12b.alpha4.0.steps100.blocks-1.prefetch-budget-20.rank-accept_first.cut-entropy4.0.samples20.maxnew1024.seed10086.subtreePrefetch.vllm.log,accept_first,sample-005.block-00,5,0,True,11,1.5714285714285714
dataset-lcb_v6.model-gemma-12b.alpha4.0.steps100.blocks-1.prefetch-budget-20.rank-accept_first.cut-entropy4.0.samples20.maxnew1024.seed10086.subtreePrefetch.vllm.log,accept_first,sample-005.block-00,5,0,True,12,1.5
dataset-lcb_v6.model-gemma-12b.alpha4.0.steps100.blocks-1.prefetch-budget-20.rank-accept_first.cut-entropy4.0.samples20.maxnew1024.seed10086.subtreePrefetch.vllm.log,accept_first,sample-005.block-00,5,0,True,13,1.4444444444444444
dataset-lcb_v6.model-gemma-12b.alpha4.0.steps100.blocks-1.prefetch-budget-20.rank-accept_first.cut-entropy4.0.samples20.maxnew1024.seed10086.subtreePrefetch.vllm.log,accept_first,sample-005.block-00,5,0,True,14,1.5555555555555556
dataset-lcb_v6.model-gemma-12b.alpha4.0.steps100.blocks-1.prefetch-budget-20.rank-accept_first.cut-entropy4.0.samples20.maxnew1024.seed10086.subtreePrefetch.vllm.log,accept_first,sample-005.block-00,5,0,True,15,1.6666666666666667
dataset-lcb_v6.model-gemma-12b.alpha4.0.steps100.blocks-1.prefetch-budget-20.rank-accept_first.cut-entropy4.0.samples20.maxnew1024.seed10086.subtreePrefetch.vllm.log,accept_first,sample-005.block-00,5,0,True,16,1.7777777777777777
dataset-lcb_v6.model-gemma-12b.alpha4.0.steps100.blocks-1.prefetch-budget-20.rank-accept_first.cut-entropy4.0.samples20.maxnew1024.seed10086.subtreePrefetch.vllm.log,accept_first,sample-005.block-00,5,0,True,17,1.8888888888888888
dataset-lcb_v6.model-gemma-12b.alpha4.0.steps100.blocks-1.prefetch-budget-20.rank-accept_first.cut-entropy4.0.samples20.maxnew1024.seed10086.subtreePrefetch.vllm.log,accept_first,sample-005.block-00,5,0,True,18,1.8
dataset-lcb_v6.model-gemma-12b.alpha4.0.steps100.blocks-1.prefetch-budget-20.rank-accept_first.cut-entropy4.0.samples20.maxnew1024.seed10086.subtreePrefetch.vllm.log,accept_first,sample-005.block-00,5,0,True,19,1.7272727272727273
dataset-lcb_v6.model-gemma-12b.alpha4.0.steps100.blocks-1.prefetch-budget-20.rank-accept_first.cut-entropy4.0.samples20.maxnew1024.seed10086.subtreePrefetch.vllm.log,accept_first,sample-005.block-00,5,0,True,20,1.8181818181818181
dataset-lcb_v6.model-gemma-12b.alpha4.0.steps100.blocks-1.prefetch-budget-20.rank-accept_first.cut-entropy4.0.samples20.maxnew1024.seed10086.subtreePrefetch.vllm.log,accept_first,sample-005.block-00,5,0,True,21,1.9090909090909092
dataset-lcb_v6.model-gemma-12b.alpha4.0.steps100.blocks-1.prefetch-budget-20.rank-accept_first.cut-entropy4.0.samples20.maxnew1024.seed10086.subtreePrefetch.vllm.log,accept_first,sample-005.block-00,5,0,True,22,1.8333333333333333
dataset-lcb_v6.model-gemma-12b.alpha4.0.steps100.blocks-1.prefetch-budget-20.rank-accept_first.cut-entropy4.0.samples20.maxnew1024.seed10086.subtreePrefetch.vllm.log,accept_first,sample-005.block-00,5,0,True,23,1.9166666666666667
dataset-lcb_v6.model-gemma-12b.alpha4.0.steps100.blocks-1.prefetch-budget-20.rank-accept_first.cut-entropy4.0.samples20.maxnew1024.seed10086.subtreePrefetch.vllm.log,accept_first,sample-005.block-00,5,0,True,24,1.8461538461538463
dataset-lcb_v6.model-gemma-12b.alpha4.0.steps100.blocks-1.prefetch-budget-20.rank-accept_first.cut-entropy4.0.samples20.maxnew1024.seed10086.subtreePrefetch.vllm.log,accept_first,sample-005.block-00,5,0,True,25,1.7857142857142858
dataset-lcb_v6.model-gemma-12b.alpha4.0.steps100.blocks-1.prefetch-budget-20.rank-accept_first.cut-entropy4.0.samples20.maxnew1024.seed10086.subtreePrefetch.vllm.log,accept_first,sample-005.block-00,5,0,True,26,1.8571428571428572
dataset-lcb_v6.model-gemma-12b.alpha4.0.steps100.blocks-1.prefetch-budget-20.rank-accept_first.cut-entropy4.0.samples20.maxnew1024.seed10086.subtreePrefetch.vllm.log,accept_first,sample-005.block-00,5,0,True,27,1.9285714285714286
dataset-lcb_v6.model-gemma-12b.alpha4.0.steps100.blocks-1.prefetch-budget-20.rank-accept_first.cut-entropy4.0.samples20.maxnew1024.seed10086.subtreePrefetch.vllm.log,accept_first,sample-005.block-00,5,0,True,28,2.0
dataset-lcb_v6.model-gemma-12b.alpha4.0.steps100.blocks-1.prefetch-budget-20.rank-accept_first.cut-entropy4.0.samples20.maxnew1024.seed10086.subtreePrefetch.vllm.log,accept_first,sample-005.block-00,5,0,True,29,2.0714285714285716
dataset-lcb_v6.model-gemma-12b.alpha4.0.steps100.blocks-1.prefetch-budget-20.rank-accept_first.cut-entropy4.0.samples20.maxnew1024.seed10086.subtreePrefetch.vllm.log,accept_first,sample-005.block-00,5,0,True,30,2.142857142857143
dataset-lcb_v6.model-gemma-12b.alpha4.0.steps100.blocks-1.prefetch-budget-20.rank-accept_first.cut-entropy4.0.samples20.maxnew1024.seed10086.subtreePrefetch.vllm.log,accept_first,sample-005.block-00,5,0,True,31,2.2142857142857144
dataset-lcb_v6.model-gemma-12b.alpha4.0.steps100.blocks-1.prefetch-budget-20.rank-accept_first.cut-entropy4.0.samples20.maxnew1024.seed10086.subtreePrefetch.vllm.log,accept_first,sample-005.block-00,5,0,True,32,2.2857142857142856
dataset-lcb_v6.model-gemma-12b.alpha4.0.steps100.blocks-1.prefetch-budget-20.rank-accept_first.cut-entropy4.0.samples20.maxnew1024.seed10086.subtreePrefetch.vllm.log,accept_first,sample-005.block-00,5,0,True,33,2.357142857142857
dataset-lcb_v6.model-gemma-12b.alpha4.0.steps100.blocks-1.prefetch-budget-20.rank-accept_first.cut-entropy4.0.samples20.maxnew1024.seed10086.subtreePrefetch.vllm.log,accept_first,sample-005.block-00,5,0,True,34,2.4285714285714284
dataset-lcb_v6.model-gemma-12b.alpha4.0.steps100.blocks-1.prefetch-budget-20.rank-accept_first.cut-entropy4.0.samples20.maxnew1024.seed10086.subtreePrefetch.vllm.log,accept_first,sample-005.block-00,5,0,True,35,2.5
dataset-lcb_v6.model-gemma-12b.alpha4.0.steps100.blocks-1.prefetch-budget-20.rank-accept_first.cut-entropy4.0.samples20.maxnew1024.seed10086.subtreePrefetch.vllm.log,accept_first,sample-005.block-00,5,0,True,36,2.5714285714285716
dataset-lcb_v6.model-gemma-12b.alpha4.0.steps100.blocks-1.prefetch-budget-20.rank-accept_first.cut-entropy4.0.samples20.maxnew1024.seed10086.subtreePrefetch.vllm.log,accept_first,sample-005.block-00,5,0,True,37,2.642857142857143
dataset-lcb_v6.model-gemma-12b.alpha4.0.steps100.blocks-1.prefetch-budget-20.rank-accept_first.cut-entropy4.0.samples20.maxnew1024.seed10086.subtreePrefetch.vllm.log,accept_first,sample-005.block-00,5,0,True,38,2.7142857142857144
dataset-lcb_v6.model-gemma-12b.alpha4.0.steps100.blocks-1.prefetch-budget-20.rank-accept_first.cut-entropy4.0.samples20.maxnew1024.seed10086.subtreePrefetch.vllm.log,accept_first,sample-005.block-00,5,0,True,39,2.7857142857142856
dataset-lcb_v6.model-gemma-12b.alpha4.0.steps100.blocks-1.prefetch-budget-20.rank-accept_first.cut-entropy4.0.samples20.maxnew1024.seed10086.subtreePrefetch.vllm.log,accept_first,sample-005.block-00,5,0,True,40,2.857142857142857
dataset-lcb_v6.model-gemma-12b.alpha4.0.steps100.blocks-1.prefetch-budget-20.rank-accept_first.cut-entropy4.0.samples20.maxnew1024.seed10086.subtreePrefetch.vllm.log,accept_first,sample-005.block-00,5,0,True,41,2.9285714285714284
dataset-lcb_v6.model-gemma-12b.alpha4.0.steps100.blocks-1.prefetch-budget-20.rank-accept_first.cut-entropy4.0.samples20.maxnew1024.seed10086.subtreePrefetch.vllm.log,accept_first,sample-005.block-00,5,0,True,42,3.0
dataset-lcb_v6.model-gemma-12b.alpha4.0.steps100.blocks-1.prefetch-budget-20.rank-accept_first.cut-entropy4.0.samples20.maxnew1024.seed10086.subtreePrefetch.vllm.log,accept_first,sample-005.block-00,5,0,True,43,3.0714285714285716
dataset-lcb_v6.model-gemma-12b.alpha4.0.steps100.blocks-1.prefetch-budget-20.rank-accept_first.cut-entropy4.0.samples20.maxnew1024.seed10086.subtreePrefetch.vllm.log,accept_first,sample-005.block-00,5,0,True,44,2.933333333333333
dataset-lcb_v6.model-gemma-12b.alpha4.0.steps100.blocks-1.prefetch-budget-20.rank-accept_first.cut-entropy4.0.samples20.maxnew1024.seed10086.subtreePrefetch.vllm.log,accept_first,sample-005.block-00,5,0,True,45,3.0
dataset-lcb_v6.model-gemma-12b.alpha4.0.steps100.blocks-1.prefetch-budget-20.rank-accept_first.cut-entropy4.0.samples20.maxnew1024.seed10086.subtreePrefetch.vllm.log,accept_first,sample-005.block-00,5,0,True,46,2.875
dataset-lcb_v6.model-gemma-12b.alpha4.0.steps100.blocks-1.prefetch-budget-20.rank-accept_first.cut-entropy4.0.samples20.maxnew1024.seed10086.subtreePrefetch.vllm.log,accept_first,sample-005.block-00,5,0,True,47,2.9375
dataset-lcb_v6.model-gemma-12b.alpha4.0.steps100.blocks-1.prefetch-budget-20.rank-accept_first.cut-entropy4.0.samples20.maxnew1024.seed10086.subtreePrefetch.vllm.log,accept_first,sample-005.block-00,5,0,True,48,3.0
dataset-lcb_v6.model-gemma-12b.alpha4.0.steps100.blocks-1.prefetch-budget-20.rank-accept_first.cut-entropy4.0.samples20.maxnew1024.seed10086.subtreePrefetch.vllm.log,accept_first,sample-005.block-00,5,0,True,49,2.8823529411764706
dataset-lcb_v6.model-gemma-12b.alpha4.0.steps100.blocks-1.prefetch-budget-20.rank-accept_first.cut-entropy4.0.samples20.maxnew1024.seed10086.subtreePrefetch.vllm.log,accept_first,sample-005.block-00,5,0,True,50,2.9411764705882355
dataset-lcb_v6.model-gemma-12b.alpha4.0.steps100.blocks-1.prefetch-budget-20.rank-accept_first.cut-entropy4.0.samples20.maxnew1024.seed10086.subtreePrefetch.vllm.log,accept_first,sample-005.block-00,5,0,True,51,2.8333333333333335
dataset-lcb_v6.model-gemma-12b.alpha4.0.steps100.blocks-1.prefetch-budget-20.rank-accept_first.cut-entropy4.0.samples20.maxnew1024.seed10086.subtreePrefetch.vllm.log,accept_first,sample-005.block-00,5,0,True,52,2.888888888888889
dataset-lcb_v6.model-gemma-12b.alpha4.0.steps100.blocks-1.prefetch-budget-20.rank-accept_first.cut-entropy4.0.samples20.maxnew1024.seed10086.subtreePrefetch.vllm.log,accept_first,sample-005.block-00,5,0,True,53,2.9444444444444446
dataset-lcb_v6.model-gemma-12b.alpha4.0.steps100.blocks-1.prefetch-budget-20.rank-accept_first.cut-entropy4.0.samples20.maxnew1024.seed10086.subtreePrefetch.vllm.log,accept_first,sample-005.block-00,5,0,True,54,3.0
dataset-lcb_v6.model-gemma-12b.alpha4.0.steps100.blocks-1.prefetch-budget-20.rank-accept_first.cut-entropy4.0.samples20.maxnew1024.seed10086.subtreePrefetch.vllm.log,accept_first,sample-005.block-00,5,0,True,55,3.0555555555555554
dataset-lcb_v6.model-gemma-12b.alpha4.0.steps100.blocks-1.prefetch-budget-20.rank-accept_first.cut-entropy4.0.samples20.maxnew1024.seed10086.subtreePrefetch.vllm.log,accept_first,sample-005.block-00,5,0,True,56,3.111111111111111
dataset-lcb_v6.model-gemma-12b.alpha4.0.steps100.blocks-1.prefetch-budget-20.rank-accept_first.cut-entropy4.0.samples20.maxnew1024.seed10086.subtreePrefetch.vllm.log,accept_first,sample-005.block-00,5,0,True,57,3.0
dataset-lcb_v6.model-gemma-12b.alpha4.0.steps100.blocks-1.prefetch-budget-20.rank-accept_first.cut-entropy4.0.samples20.maxnew1024.seed10086.subtreePrefetch.vllm.log,accept_first,sample-005.block-00,5,0,True,58,3.0526315789473686
dataset-lcb_v6.model-gemma-12b.alpha4.0.steps100.blocks-1.prefetch-budget-20.rank-accept_first.cut-entropy4.0.samples20.maxnew1024.seed10086.subtreePrefetch.vllm.log,accept_first,sample-005.block-00,5,0,True,59,2.95
dataset-lcb_v6.model-gemma-12b.alpha4.0.steps100.blocks-1.prefetch-budget-20.rank-accept_first.cut-entropy4.0.samples20.maxnew1024.seed10086.subtreePrefetch.vllm.log,accept_first,sample-005.block-00,5,0,True,60,3.0
dataset-lcb_v6.model-gemma-12b.alpha4.0.steps100.blocks-1.prefetch-budget-20.rank-accept_first.cut-entropy4.0.samples20.maxnew1024.seed10086.subtreePrefetch.vllm.log,accept_first,sample-005.block-00,5,0,True,61,3.05
dataset-lcb_v6.model-gemma-12b.alpha4.0.steps100.blocks-1.prefetch-budget-20.rank-accept_first.cut-entropy4.0.samples20.maxnew1024.seed10086.subtreePrefetch.vllm.log,accept_first,sample-005.block-00,5,0,True,62,3.1
dataset-lcb_v6.model-gemma-12b.alpha4.0.steps100.blocks-1.prefetch-budget-20.rank-accept_first.cut-entropy4.0.samples20.maxnew1024.seed10086.subtreePrefetch.vllm.log,accept_first,sample-005.block-00,5,0,True,63,3.15
dataset-lcb_v6.model-gemma-12b.alpha4.0.steps100.blocks-1.prefetch-budget-20.rank-accept_first.cut-entropy4.0.samples20.maxnew1024.seed10086.subtreePrefetch.vllm.log,accept_first,sample-005.block-00,5,0,True,64,3.0476190476190474
dataset-lcb_v6.model-gemma-12b.alpha4.0.steps100.blocks-1.prefetch-budget-20.rank-accept_first.cut-entropy4.0.samples20.maxnew1024.seed10086.subtreePrefetch.vllm.log,accept_first,sample-005.block-00,5,0,True,65,2.9545454545454546
dataset-lcb_v6.model-gemma-12b.alpha4.0.steps100.blocks-1.prefetch-budget-20.rank-accept_first.cut-entropy4.0.samples20.maxnew1024.seed10086.subtreePrefetch.vllm.log,accept_first,sample-005.block-00,5,0,True,66,3.0
dataset-lcb_v6.model-gemma-12b.alpha4.0.steps100.blocks-1.prefetch-budget-20.rank-accept_first.cut-entropy4.0.samples20.maxnew1024.seed10086.subtreePrefetch.vllm.log,accept_first,sample-005.block-00,5,0,True,67,2.9130434782608696
dataset-lcb_v6.model-gemma-12b.alpha4.0.steps100.blocks-1.prefetch-budget-20.rank-accept_first.cut-entropy4.0.samples20.maxnew1024.seed10086.subtreePrefetch.vllm.log,accept_first,sample-005.block-00,5,0,True,68,2.9565217391304346
dataset-lcb_v6.model-gemma-12b.alpha4.0.steps100.blocks-1.prefetch-budget-20.rank-accept_first.cut-entropy4.0.samples20.maxnew1024.seed10086.subtreePrefetch.vllm.log,accept_first,sample-005.block-00,5,0,True,69,2.875
dataset-lcb_v6.model-gemma-12b.alpha4.0.steps100.blocks-1.prefetch-budget-20.rank-accept_first.cut-entropy4.0.samples20.maxnew1024.seed10086.subtreePrefetch.vllm.log,accept_first,sample-005.block-00,5,0,True,70,2.9166666666666665
dataset-lcb_v6.model-gemma-12b.alpha4.0.steps100.blocks-1.prefetch-budget-20.rank-accept_first.cut-entropy4.0.samples20.maxnew1024.seed10086.subtreePrefetch.vllm.log,accept_first,sample-005.block-00,5,0,True,71,2.9583333333333335
dataset-lcb_v6.model-gemma-12b.alpha4.0.steps100.blocks-1.prefetch-budget-20.rank-accept_first.cut-entropy4.0.samples20.maxnew1024.seed10086.subtreePrefetch.vllm.log,accept_first,sample-005.block-00,5,0,True,72,3.0
dataset-lcb_v6.model-gemma-12b.alpha4.0.steps100.blocks-1.prefetch-budget-20.rank-accept_first.cut-entropy4.0.samples20.maxnew1024.seed10086.subtreePrefetch.vllm.log,accept_first,sample-005.block-00,5,0,True,73,3.0416666666666665
dataset-lcb_v6.model-gemma-12b.alpha4.0.steps100.blocks-1.prefetch-budget-20.rank-accept_first.cut-entropy4.0.samples20.maxnew1024.seed10086.subtreePrefetch.vllm.log,accept_first,sample-005.block-00,5,0,True,74,3.0833333333333335
dataset-lcb_v6.model-gemma-12b.alpha4.0.steps100.blocks-1.prefetch-budget-20.rank-accept_first.cut-entropy4.0.samples20.maxnew1024.seed10086.subtreePrefetch.vllm.log,accept_first,sample-005.block-00,5,0,True,75,3.0
dataset-lcb_v6.model-gemma-12b.alpha4.0.steps100.blocks-1.prefetch-budget-20.rank-accept_first.cut-entropy4.0.samples20.maxnew1024.seed10086.subtreePrefetch.vllm.log,accept_first,sample-005.block-00,5,0,True,76,2.923076923076923
dataset-lcb_v6.model-gemma-12b.alpha4.0.steps100.blocks-1.prefetch-budget-20.rank-accept_first.cut-entropy4.0.samples20.maxnew1024.seed10086.subtreePrefetch.vllm.log,accept_first,sample-005.block-00,5,0,True,77,2.9615384615384617
dataset-lcb_v6.model-gemma-12b.alpha4.0.steps100.blocks-1.prefetch-budget-20.rank-accept_first.cut-entropy4.0.samples20.maxnew1024.seed10086.subtreePrefetch.vllm.log,accept_first,sample-005.block-00,5,0,True,78,3.0
dataset-lcb_v6.model-gemma-12b.alpha4.0.steps100.blocks-1.prefetch-budget-20.rank-accept_first.cut-entropy4.0.samples20.maxnew1024.seed10086.subtreePrefetch.vllm.log,accept_first,sample-005.block-00,5,0,True,79,2.925925925925926
dataset-lcb_v6.model-gemma-12b.alpha4.0.steps100.blocks-1.prefetch-budget-20.rank-accept_first.cut-entropy4.0.samples20.maxnew1024.seed10086.subtreePrefetch.vllm.log,accept_first,sample-005.block-00,5,0,True,80,2.962962962962963
dataset-lcb_v6.model-gemma-12b.alpha4.0.steps100.blocks-1.prefetch-budget-20.rank-accept_first.cut-entropy4.0.samples20.maxnew1024.seed10086.subtreePrefetch.vllm.log,accept_first,sample-005.block-00,5,0,True,81,2.892857142857143
dataset-lcb_v6.model-gemma-12b.alpha4.0.steps100.blocks-1.prefetch-budget-20.rank-accept_first.cut-entropy4.0.samples20.maxnew1024.seed10086.subtreePrefetch.vllm.log,accept_first,sample-005.block-00,5,0,True,82,2.9285714285714284
dataset-lcb_v6.model-gemma-12b.alpha4.0.steps100.blocks-1.prefetch-budget-20.rank-accept_first.cut-entropy4.0.samples20.maxnew1024.seed10086.subtreePrefetch.vllm.log,accept_first,sample-005.block-00,5,0,True,83,2.9642857142857144
dataset-lcb_v6.model-gemma-12b.alpha4.0.steps100.blocks-1.prefetch-budget-20.rank-accept_first.cut-entropy4.0.samples20.maxnew1024.seed10086.subtreePrefetch.vllm.log,accept_first,sample-005.block-00,5,0,True,84,2.896551724137931
dataset-lcb_v6.model-gemma-12b.alpha4.0.steps100.blocks-1.prefetch-budget-20.rank-accept_first.cut-entropy4.0.samples20.maxnew1024.seed10086.subtreePrefetch.vllm.log,accept_first,sample-005.block-00,5,0,True,85,2.9310344827586206
dataset-lcb_v6.model-gemma-12b.alpha4.0.steps100.blocks-1.prefetch-budget-20.rank-accept_first.cut-entropy4.0.samples20.maxnew1024.seed10086.subtreePrefetch.vllm.log,accept_first,sample-005.block-00,5,0,True,86,2.8666666666666667
dataset-lcb_v6.model-gemma-12b.alpha4.0.steps100.blocks-1.prefetch-budget-20.rank-accept_first.cut-entropy4.0.samples20.maxnew1024.seed10086.subtreePrefetch.vllm.log,accept_first,sample-005.block-00,5,0,True,87,2.806451612903226
dataset-lcb_v6.model-gemma-12b.alpha4.0.steps100.blocks-1.prefetch-budget-20.rank-accept_first.cut-entropy4.0.samples20.maxnew1024.seed10086.subtreePrefetch.vllm.log,accept_first,sample-005.block-00,5,0,True,88,2.838709677419355
dataset-lcb_v6.model-gemma-12b.alpha4.0.steps100.blocks-1.prefetch-budget-20.rank-accept_first.cut-entropy4.0.samples20.maxnew1024.seed10086.subtreePrefetch.vllm.log,accept_first,sample-005.block-00,5,0,True,89,2.870967741935484
dataset-lcb_v6.model-gemma-12b.alpha4.0.steps100.blocks-1.prefetch-budget-20.rank-accept_first.cut-entropy4.0.samples20.maxnew1024.seed10086.subtreePrefetch.vllm.log,accept_first,sample-005.block-00,5,0,True,90,2.8125
dataset-lcb_v6.model-gemma-12b.alpha4.0.steps100.blocks-1.prefetch-budget-20.rank-accept_first.cut-entropy4.0.samples20.maxnew1024.seed10086.subtreePrefetch.vllm.log,accept_first,sample-005.block-00,5,0,True,91,2.84375
dataset-lcb_v6.model-gemma-12b.alpha4.0.steps100.blocks-1.prefetch-budget-20.rank-accept_first.cut-entropy4.0.samples20.maxnew1024.seed10086.subtreePrefetch.vllm.log,accept_first,sample-005.block-00,5,0,True,92,2.787878787878788
dataset-lcb_v6.model-gemma-12b.alpha4.0.steps100.blocks-1.prefetch-budget-20.rank-accept_first.cut-entropy4.0.samples20.maxnew1024.seed10086.subtreePrefetch.vllm.log,accept_first,sample-005.block-00,5,0,True,93,2.8181818181818183
dataset-lcb_v6.model-gemma-12b.alpha4.0.steps100.blocks-1.prefetch-budget-20.rank-accept_first.cut-entropy4.0.samples20.maxnew1024.seed10086.subtreePrefetch.vllm.log,accept_first,sample-005.block-00,5,0,True,94,2.8484848484848486
dataset-lcb_v6.model-gemma-12b.alpha4.0.steps100.blocks-1.prefetch-budget-20.rank-accept_first.cut-entropy4.0.samples20.maxnew1024.seed10086.subtreePrefetch.vllm.log,accept_first,sample-005.block-00,5,0,True,95,2.878787878787879
dataset-lcb_v6.model-gemma-12b.alpha4.0.steps100.blocks-1.prefetch-budget-20.rank-accept_first.cut-entropy4.0.samples20.maxnew1024.seed10086.subtreePrefetch.vllm.log,accept_first,sample-005.block-00,5,0,True,96,2.823529411764706
dataset-lcb_v6.model-gemma-12b.alpha4.0.steps100.blocks-1.prefetch-budget-20.rank-accept_first.cut-entropy4.0.samples20.maxnew1024.seed10086.subtreePrefetch.vllm.log,accept_first,sample-005.block-00,5,0,True,97,2.8529411764705883
dataset-lcb_v6.model-gemma-12b.alpha4.0.steps100.blocks-1.prefetch-budget-20.rank-accept_first.cut-entropy4.0.samples20.maxnew1024.seed10086.subtreePrefetch.vllm.log,accept_first,sample-005.block-00,5,0,True,98,2.8
dataset-lcb_v6.model-gemma-12b.alpha4.0.steps100.blocks-1.prefetch-budget-20.rank-accept_first.cut-entropy4.0.samples20.maxnew1024.seed10086.subtreePrefetch.vllm.log,accept_first,sample-005.block-00,5,0,True,99,2.75
dataset-lcb_v6.model-gemma-12b.alpha4.0.steps100.blocks-1.prefetch-budget-20.rank-accept_first.cut-entropy4.0.samples20.maxnew1024.seed10086.subtreePrefetch.vllm.log,accept_first,sample-005.block-00,5,0,True,100,2.7027027027027026
dataset-lcb_v6.model-gemma-12b.alpha4.0.steps100.blocks-1.prefetch-budget-20.rank-accept_first.cut-entropy4.0.samples20.maxnew1024.seed10086.subtreePrefetch.vllm.log,accept_first,sample-006.block-00,6,0,True,1,1.0
dataset-lcb_v6.model-gemma-12b.alpha4.0.steps100.blocks-1.prefetch-budget-20.rank-accept_first.cut-entropy4.0.samples20.maxnew1024.seed10086.subtreePrefetch.vllm.log,accept_first,sample-006.block-00,6,0,True,2,2.0
dataset-lcb_v6.model-gemma-12b.alpha4.0.steps100.blocks-1.prefetch-budget-20.rank-accept_first.cut-entropy4.0.samples20.maxnew1024.seed10086.subtreePrefetch.vllm.log,accept_first,sample-006.block-00,6,0,True,3,3.0
dataset-lcb_v6.model-gemma-12b.alpha4.0.steps100.blocks-1.prefetch-budget-20.rank-accept_first.cut-entropy4.0.samples20.maxnew1024.seed10086.subtreePrefetch.vllm.log,accept_first,sample-006.block-00,6,0,True,4,4.0
dataset-lcb_v6.model-gemma-12b.alpha4.0.steps100.blocks-1.prefetch-budget-20.rank-accept_first.cut-entropy4.0.samples20.maxnew1024.seed10086.subtreePrefetch.vllm.log,accept_first,sample-006.block-00,6,0,True,5,5.0
dataset-lcb_v6.model-gemma-12b.alpha4.0.steps100.blocks-1.prefetch-budget-20.rank-accept_first.cut-entropy4.0.samples20.maxnew1024.seed10086.subtreePrefetch.vllm.log,accept_first,sample-006.block-00,6,0,True,6,6.0
dataset-lcb_v6.model-gemma-12b.alpha4.0.steps100.blocks-1.prefetch-budget-20.rank-accept_first.cut-entropy4.0.samples20.maxnew1024.seed10086.subtreePrefetch.vllm.log,accept_first,sample-006.block-00,6,0,True,7,7.0
dataset-lcb_v6.model-gemma-12b.alpha4.0.steps100.blocks-1.prefetch-budget-20.rank-accept_first.cut-entropy4.0.samples20.maxnew1024.seed10086.subtreePrefetch.vllm.log,accept_first,sample-006.block-00,6,0,True,8,8.0
dataset-lcb_v6.model-gemma-12b.alpha4.0.steps100.blocks-1.prefetch-budget-20.rank-accept_first.cut-entropy4.0.samples20.maxnew1024.seed10086.subtreePrefetch.vllm.log,accept_first,sample-006.block-00,6,0,True,9,9.0
dataset-lcb_v6.model-gemma-12b.alpha4.0.steps100.blocks-1.prefetch-budget-20.rank-accept_first.cut-entropy4.0.samples20.maxnew1024.seed10086.subtreePrefetch.vllm.log,accept_first,sample-006.block-00,6,0,True,10,10.0
dataset-lcb_v6.model-gemma-12b.alpha4.0.steps100.blocks-1.prefetch-budget-20.rank-accept_first.cut-entropy4.0.samples20.maxnew1024.seed10086.subtreePrefetch.vllm.log,accept_first,sample-006.block-00,6,0,True,11,11.0
dataset-lcb_v6.model-gemma-12b.alpha4.0.steps100.blocks-1.prefetch-budget-20.rank-accept_first.cut-entropy4.0.samples20.maxnew1024.seed10086.subtreePrefetch.vllm.log,accept_first,sample-006.block-00,6,0,True,12,6.0
dataset-lcb_v6.model-gemma-12b.alpha4.0.steps100.blocks-1.prefetch-budget-20.rank-accept_first.cut-entropy4.0.samples20.maxnew1024.seed10086.subtreePrefetch.vllm.log,accept_first,sample-006.block-00,6,0,True,13,6.5
dataset-lcb_v6.model-gemma-12b.alpha4.0.steps100.blocks-1.prefetch-budget-20.rank-accept_first.cut-entropy4.0.samples20.maxnew1024.seed10086.subtreePrefetch.vllm.log,accept_first,sample-006.block-00,6,0,True,14,7.0
dataset-lcb_v6.model-gemma-12b.alpha4.0.steps100.blocks-1.prefetch-budget-20.rank-accept_first.cut-entropy4.0.samples20.maxnew1024.seed10086.subtreePrefetch.vllm.log,accept_first,sample-006.block-00,6,0,True,15,7.5
dataset-lcb_v6.model-gemma-12b.alpha4.0.steps100.blocks-1.prefetch-budget-20.rank-accept_first.cut-entropy4.0.samples20.maxnew1024.seed10086.subtreePrefetch.vllm.log,accept_first,sample-006.block-00,6,0,True,16,8.0
dataset-lcb_v6.model-gemma-12b.alpha4.0.steps100.blocks-1.prefetch-budget-20.rank-accept_first.cut-entropy4.0.samples20.maxnew1024.seed10086.subtreePrefetch.vllm.log,accept_first,sample-006.block-00,6,0,True,17,8.5
dataset-lcb_v6.model-gemma-12b.alpha4.0.steps100.blocks-1.prefetch-budget-20.rank-accept_first.cut-entropy4.0.samples20.maxnew1024.seed10086.subtreePrefetch.vllm.log,accept_first,sample-006.block-00,6,0,True,18,9.0
dataset-lcb_v6.model-gemma-12b.alpha4.0.steps100.blocks-1.prefetch-budget-20.rank-accept_first.cut-entropy4.0.samples20.maxnew1024.seed10086.subtreePrefetch.vllm.log,accept_first,sample-006.block-00,6,0,True,19,9.5
dataset-lcb_v6.model-gemma-12b.alpha4.0.steps100.blocks-1.prefetch-budget-20.rank-accept_first.cut-entropy4.0.samples20.maxnew1024.seed10086.subtreePrefetch.vllm.log,accept_first,sample-006.block-00,6,0,True,20,10.0
dataset-lcb_v6.model-gemma-12b.alpha4.0.steps100.blocks-1.prefetch-budget-20.rank-accept_first.cut-entropy4.0.samples20.maxnew1024.seed10086.subtreePrefetch.vllm.log,accept_first,sample-006.block-00,6,0,True,21,10.5
dataset-lcb_v6.model-gemma-12b.alpha4.0.steps100.blocks-1.prefetch-budget-20.rank-accept_first.cut-entropy4.0.samples20.maxnew1024.seed10086.subtreePrefetch.vllm.log,accept_first,sample-006.block-00,6,0,True,22,11.0
dataset-lcb_v6.model-gemma-12b.alpha4.0.steps100.blocks-1.prefetch-budget-20.rank-accept_first.cut-entropy4.0.samples20.maxnew1024.seed10086.subtreePrefetch.vllm.log,accept_first,sample-006.block-00,6,0,True,23,11.5
dataset-lcb_v6.model-gemma-12b.alpha4.0.steps100.blocks-1.prefetch-budget-20.rank-accept_first.cut-entropy4.0.samples20.maxnew1024.seed10086.subtreePrefetch.vllm.log,accept_first,sample-006.block-00,6,0,True,24,12.0
dataset-lcb_v6.model-gemma-12b.alpha4.0.steps100.blocks-1.prefetch-budget-20.rank-accept_first.cut-entropy4.0.samples20.maxnew1024.seed10086.subtreePrefetch.vllm.log,accept_first,sample-006.block-00,6,0,True,25,12.5
dataset-lcb_v6.model-gemma-12b.alpha4.0.steps100.blocks-1.prefetch-budget-20.rank-accept_first.cut-entropy4.0.samples20.maxnew1024.seed10086.subtreePrefetch.vllm.log,accept_first,sample-006.block-00,6,0,True,26,13.0
dataset-lcb_v6.model-gemma-12b.alpha4.0.steps100.blocks-1.prefetch-budget-20.rank-accept_first.cut-entropy4.0.samples20.maxnew1024.seed10086.subtreePrefetch.vllm.log,accept_first,sample-006.block-00,6,0,True,27,13.5
dataset-lcb_v6.model-gemma-12b.alpha4.0.steps100.blocks-1.prefetch-budget-20.rank-accept_first.cut-entropy4.0.samples20.maxnew1024.seed10086.subtreePrefetch.vllm.log,accept_first,sample-006.block-00,6,0,True,28,14.0
dataset-lcb_v6.model-gemma-12b.alpha4.0.steps100.blocks-1.prefetch-budget-20.rank-accept_first.cut-entropy4.0.samples20.maxnew1024.seed10086.subtreePrefetch.vllm.log,accept_first,sample-006.block-00,6,0,True,29,14.5
dataset-lcb_v6.model-gemma-12b.alpha4.0.steps100.blocks-1.prefetch-budget-20.rank-accept_first.cut-entropy4.0.samples20.maxnew1024.seed10086.subtreePrefetch.vllm.log,accept_first,sample-006.block-00,6,0,True,30,15.0
dataset-lcb_v6.model-gemma-12b.alpha4.0.steps100.blocks-1.prefetch-budget-20.rank-accept_first.cut-entropy4.0.samples20.maxnew1024.seed10086.subtreePrefetch.vllm.log,accept_first,sample-006.block-00,6,0,True,31,15.5
dataset-lcb_v6.model-gemma-12b.alpha4.0.steps100.blocks-1.prefetch-budget-20.rank-accept_first.cut-entropy4.0.samples20.maxnew1024.seed10086.subtreePrefetch.vllm.log,accept_first,sample-006.block-00,6,0,True,32,10.666666666666666
dataset-lcb_v6.model-gemma-12b.alpha4.0.steps100.blocks-1.prefetch-budget-20.rank-accept_first.cut-entropy4.0.samples20.maxnew1024.seed10086.subtreePrefetch.vllm.log,accept_first,sample-006.block-00,6,0,True,33,11.0
dataset-lcb_v6.model-gemma-12b.alpha4.0.steps100.blocks-1.prefetch-budget-20.rank-accept_first.cut-entropy4.0.samples20.maxnew1024.seed10086.subtreePrefetch.vllm.log,accept_first,sample-006.block-00,6,0,True,34,11.333333333333334
dataset-lcb_v6.model-gemma-12b.alpha4.0.steps100.blocks-1.prefetch-budget-20.rank-accept_first.cut-entropy4.0.samples20.maxnew1024.seed10086.subtreePrefetch.vllm.log,accept_first,sample-006.block-00,6,0,True,35,11.666666666666666
dataset-lcb_v6.model-gemma-12b.alpha4.0.steps100.blocks-1.prefetch-budget-20.rank-accept_first.cut-entropy4.0.samples20.maxnew1024.seed10086.subtreePrefetch.vllm.log,accept_first,sample-006.block-00,6,0,True,36,12.0
dataset-lcb_v6.model-gemma-12b.alpha4.0.steps100.blocks-1.prefetch-budget-20.rank-accept_first.cut-entropy4.0.samples20.maxnew1024.seed10086.subtreePrefetch.vllm.log,accept_first,sample-006.block-00,6,0,True,37,12.333333333333334
dataset-lcb_v6.model-gemma-12b.alpha4.0.steps100.blocks-1.prefetch-budget-20.rank-accept_first.cut-entropy4.0.samples20.maxnew1024.seed10086.subtreePrefetch.vllm.log,accept_first,sample-006.block-00,6,0,True,38,12.666666666666666
dataset-lcb_v6.model-gemma-12b.alpha4.0.steps100.blocks-1.prefetch-budget-20.rank-accept_first.cut-entropy4.0.samples20.maxnew1024.seed10086.subtreePrefetch.vllm.log,accept_first,sample-006.block-00,6,0,True,39,13.0
dataset-lcb_v6.model-gemma-12b.alpha4.0.steps100.blocks-1.prefetch-budget-20.rank-accept_first.cut-entropy4.0.samples20.maxnew1024.seed10086.subtreePrefetch.vllm.log,accept_first,sample-006.block-00,6,0,True,40,13.333333333333334
dataset-lcb_v6.model-gemma-12b.alpha4.0.steps100.blocks-1.prefetch-budget-20.rank-accept_first.cut-entropy4.0.samples20.maxnew1024.seed10086.subtreePrefetch.vllm.log,accept_first,sample-006.block-00,6,0,True,41,13.666666666666666
dataset-lcb_v6.model-gemma-12b.alpha4.0.steps100.blocks-1.prefetch-budget-20.rank-accept_first.cut-entropy4.0.samples20.maxnew1024.seed10086.subtreePrefetch.vllm.log,accept_first,sample-006.block-00,6,0,True,42,14.0
dataset-lcb_v6.model-gemma-12b.alpha4.0.steps100.blocks-1.prefetch-budget-20.rank-accept_first.cut-entropy4.0.samples20.maxnew1024.seed10086.subtreePrefetch.vllm.log,accept_first,sample-006.block-00,6,0,True,43,14.333333333333334
dataset-lcb_v6.model-gemma-12b.alpha4.0.steps100.blocks-1.prefetch-budget-20.rank-accept_first.cut-entropy4.0.samples20.maxnew1024.seed10086.subtreePrefetch.vllm.log,accept_first,sample-006.block-00,6,0,True,44,14.666666666666666
dataset-lcb_v6.model-gemma-12b.alpha4.0.steps100.blocks-1.prefetch-budget-20.rank-accept_first.cut-entropy4.0.samples20.maxnew1024.seed10086.subtreePrefetch.vllm.log,accept_first,sample-006.block-00,6,0,True,45,15.0
dataset-lcb_v6.model-gemma-12b.alpha4.0.steps100.blocks-1.prefetch-budget-20.rank-accept_first.cut-entropy4.0.samples20.maxnew1024.seed10086.subtreePrefetch.vllm.log,accept_first,sample-006.block-00,6,0,True,46,15.333333333333334
dataset-lcb_v6.model-gemma-12b.alpha4.0.steps100.blocks-1.prefetch-budget-20.rank-accept_first.cut-entropy4.0.samples20.maxnew1024.seed10086.subtreePrefetch.vllm.log,accept_first,sample-006.block-00,6,0,True,47,15.666666666666666
dataset-lcb_v6.model-gemma-12b.alpha4.0.steps100.blocks-1.prefetch-budget-20.rank-accept_first.cut-entropy4.0.samples20.maxnew1024.seed10086.subtreePrefetch.vllm.log,accept_first,sample-006.block-00,6,0,True,48,16.0
dataset-lcb_v6.model-gemma-12b.alpha4.0.steps100.blocks-1.prefetch-budget-20.rank-accept_first.cut-entropy4.0.samples20.maxnew1024.seed10086.subtreePrefetch.vllm.log,accept_first,sample-006.block-00,6,0,True,49,16.333333333333332
dataset-lcb_v6.model-gemma-12b.alpha4.0.steps100.blocks-1.prefetch-budget-20.rank-accept_first.cut-entropy4.0.samples20.maxnew1024.seed10086.subtreePrefetch.vllm.log,accept_first,sample-006.block-00,6,0,True,50,16.666666666666668
dataset-lcb_v6.model-gemma-12b.alpha4.0.steps100.blocks-1.prefetch-budget-20.rank-accept_first.cut-entropy4.0.samples20.maxnew1024.seed10086.subtreePrefetch.vllm.log,accept_first,sample-006.block-00,6,0,True,51,17.0
dataset-lcb_v6.model-gemma-12b.alpha4.0.steps100.blocks-1.prefetch-budget-20.rank-accept_first.cut-entropy4.0.samples20.maxnew1024.seed10086.subtreePrefetch.vllm.log,accept_first,sample-006.block-00,6,0,True,52,13.0
dataset-lcb_v6.model-gemma-12b.alpha4.0.steps100.blocks-1.prefetch-budget-20.rank-accept_first.cut-entropy4.0.samples20.maxnew1024.seed10086.subtreePrefetch.vllm.log,accept_first,sample-006.block-00,6,0,True,53,13.25
dataset-lcb_v6.model-gemma-12b.alpha4.0.steps100.blocks-1.prefetch-budget-20.rank-accept_first.cut-entropy4.0.samples20.maxnew1024.seed10086.subtreePrefetch.vllm.log,accept_first,sample-006.block-00,6,0,True,54,13.5
dataset-lcb_v6.model-gemma-12b.alpha4.0.steps100.blocks-1.prefetch-budget-20.rank-accept_first.cut-entropy4.0.samples20.maxnew1024.seed10086.subtreePrefetch.vllm.log,accept_first,sample-006.block-00,6,0,True,55,13.75
dataset-lcb_v6.model-gemma-12b.alpha4.0.steps100.blocks-1.prefetch-budget-20.rank-accept_first.cut-entropy4.0.samples20.maxnew1024.seed10086.subtreePrefetch.vllm.log,accept_first,sample-006.block-00,6,0,True,56,14.0
dataset-lcb_v6.model-gemma-12b.alpha4.0.steps100.blocks-1.prefetch-budget-20.rank-accept_first.cut-entropy4.0.samples20.maxnew1024.seed10086.subtreePrefetch.vllm.log,accept_first,sample-006.block-00,6,0,True,57,14.25
dataset-lcb_v6.model-gemma-12b.alpha4.0.steps100.blocks-1.prefetch-budget-20.rank-accept_first.cut-entropy4.0.samples20.maxnew1024.seed10086.subtreePrefetch.vllm.log,accept_first,sample-006.block-00,6,0,True,58,14.5
dataset-lcb_v6.model-gemma-12b.alpha4.0.steps100.blocks-1.prefetch-budget-20.rank-accept_first.cut-entropy4.0.samples20.maxnew1024.seed10086.subtreePrefetch.vllm.log,accept_first,sample-006.block-00,6,0,True,59,14.75
dataset-lcb_v6.model-gemma-12b.alpha4.0.steps100.blocks-1.prefetch-budget-20.rank-accept_first.cut-entropy4.0.samples20.maxnew1024.seed10086.subtreePrefetch.vllm.log,accept_first,sample-006.block-00,6,0,True,60,15.0
dataset-lcb_v6.model-gemma-12b.alpha4.0.steps100.blocks-1.prefetch-budget-20.rank-accept_first.cut-entropy4.0.samples20.maxnew1024.seed10086.subtreePrefetch.vllm.log,accept_first,sample-006.block-00,6,0,True,61,15.25
dataset-lcb_v6.model-gemma-12b.alpha4.0.steps100.blocks-1.prefetch-budget-20.rank-accept_first.cut-entropy4.0.samples20.maxnew1024.seed10086.subtreePrefetch.vllm.log,accept_first,sample-006.block-00,6,0,True,62,15.5
dataset-lcb_v6.model-gemma-12b.alpha4.0.steps100.blocks-1.prefetch-budget-20.rank-accept_first.cut-entropy4.0.samples20.maxnew1024.seed10086.subtreePrefetch.vllm.log,accept_first,sample-006.block-00,6,0,True,63,15.75
dataset-lcb_v6.model-gemma-12b.alpha4.0.steps100.blocks-1.prefetch-budget-20.rank-accept_first.cut-entropy4.0.samples20.maxnew1024.seed10086.subtreePrefetch.vllm.log,accept_first,sample-006.block-00,6,0,True,64,16.0
dataset-lcb_v6.model-gemma-12b.alpha4.0.steps100.blocks-1.prefetch-budget-20.rank-accept_first.cut-entropy4.0.samples20.maxnew1024.seed10086.subtreePrefetch.vllm.log,accept_first,sample-006.block-00,6,0,True,65,16.25
dataset-lcb_v6.model-gemma-12b.alpha4.0.steps100.blocks-1.prefetch-budget-20.rank-accept_first.cut-entropy4.0.samples20.maxnew1024.seed10086.subtreePrefetch.vllm.log,accept_first,sample-006.block-00,6,0,True,66,16.5
dataset-lcb_v6.model-gemma-12b.alpha4.0.steps100.blocks-1.prefetch-budget-20.rank-accept_first.cut-entropy4.0.samples20.maxnew1024.seed10086.subtreePrefetch.vllm.log,accept_first,sample-006.block-00,6,0,True,67,16.75
dataset-lcb_v6.model-gemma-12b.alpha4.0.steps100.blocks-1.prefetch-budget-20.rank-accept_first.cut-entropy4.0.samples20.maxnew1024.seed10086.subtreePrefetch.vllm.log,accept_first,sample-006.block-00,6,0,True,68,17.0
dataset-lcb_v6.model-gemma-12b.alpha4.0.steps100.blocks-1.prefetch-budget-20.rank-accept_first.cut-entropy4.0.samples20.maxnew1024.seed10086.subtreePrefetch.vllm.log,accept_first,sample-006.block-00,6,0,True,69,17.25
dataset-lcb_v6.model-gemma-12b.alpha4.0.steps100.blocks-1.prefetch-budget-20.rank-accept_first.cut-entropy4.0.samples20.maxnew1024.seed10086.subtreePrefetch.vllm.log,accept_first,sample-006.block-00,6,0,True,70,17.5
dataset-lcb_v6.model-gemma-12b.alpha4.0.steps100.blocks-1.prefetch-budget-20.rank-accept_first.cut-entropy4.0.samples20.maxnew1024.seed10086.subtreePrefetch.vllm.log,accept_first,sample-006.block-00,6,0,True,71,17.75
dataset-lcb_v6.model-gemma-12b.alpha4.0.steps100.blocks-1.prefetch-budget-20.rank-accept_first.cut-entropy4.0.samples20.maxnew1024.seed10086.subtreePrefetch.vllm.log,accept_first,sample-006.block-00,6,0,True,72,14.4
dataset-lcb_v6.model-gemma-12b.alpha4.0.steps100.blocks-1.prefetch-budget-20.rank-accept_first.cut-entropy4.0.samples20.maxnew1024.seed10086.subtreePrefetch.vllm.log,accept_first,sample-006.block-00,6,0,True,73,14.6
dataset-lcb_v6.model-gemma-12b.alpha4.0.steps100.blocks-1.prefetch-budget-20.rank-accept_first.cut-entropy4.0.samples20.maxnew1024.seed10086.subtreePrefetch.vllm.log,accept_first,sample-006.block-00,6,0,True,74,14.8
dataset-lcb_v6.model-gemma-12b.alpha4.0.steps100.blocks-1.prefetch-budget-20.rank-accept_first.cut-entropy4.0.samples20.maxnew1024.seed10086.subtreePrefetch.vllm.log,accept_first,sample-006.block-00,6,0,True,75,15.0
dataset-lcb_v6.model-gemma-12b.alpha4.0.steps100.blocks-1.prefetch-budget-20.rank-accept_first.cut-entropy4.0.samples20.maxnew1024.seed10086.subtreePrefetch.vllm.log,accept_first,sample-006.block-00,6,0,True,76,15.2
dataset-lcb_v6.model-gemma-12b.alpha4.0.steps100.blocks-1.prefetch-budget-20.rank-accept_first.cut-entropy4.0.samples20.maxnew1024.seed10086.subtreePrefetch.vllm.log,accept_first,sample-006.block-00,6,0,True,77,15.4
dataset-lcb_v6.model-gemma-12b.alpha4.0.steps100.blocks-1.prefetch-budget-20.rank-accept_first.cut-entropy4.0.samples20.maxnew1024.seed10086.subtreePrefetch.vllm.log,accept_first,sample-006.block-00,6,0,True,78,15.6
dataset-lcb_v6.model-gemma-12b.alpha4.0.steps100.blocks-1.prefetch-budget-20.rank-accept_first.cut-entropy4.0.samples20.maxnew1024.seed10086.subtreePrefetch.vllm.log,accept_first,sample-006.block-00,6,0,True,79,15.8
dataset-lcb_v6.model-gemma-12b.alpha4.0.steps100.blocks-1.prefetch-budget-20.rank-accept_first.cut-entropy4.0.samples20.maxnew1024.seed10086.subtreePrefetch.vllm.log,accept_first,sample-006.block-00,6,0,True,80,16.0
dataset-lcb_v6.model-gemma-12b.alpha4.0.steps100.blocks-1.prefetch-budget-20.rank-accept_first.cut-entropy4.0.samples20.maxnew1024.seed10086.subtreePrefetch.vllm.log,accept_first,sample-006.block-00,6,0,True,81,16.2
dataset-lcb_v6.model-gemma-12b.alpha4.0.steps100.blocks-1.prefetch-budget-20.rank-accept_first.cut-entropy4.0.samples20.maxnew1024.seed10086.subtreePrefetch.vllm.log,accept_first,sample-006.block-00,6,0,True,82,16.4
dataset-lcb_v6.model-gemma-12b.alpha4.0.steps100.blocks-1.prefetch-budget-20.rank-accept_first.cut-entropy4.0.samples20.maxnew1024.seed10086.subtreePrefetch.vllm.log,accept_first,sample-006.block-00,6,0,True,83,16.6
dataset-lcb_v6.model-gemma-12b.alpha4.0.steps100.blocks-1.prefetch-budget-20.rank-accept_first.cut-entropy4.0.samples20.maxnew1024.seed10086.subtreePrefetch.vllm.log,accept_first,sample-006.block-00,6,0,True,84,16.8
dataset-lcb_v6.model-gemma-12b.alpha4.0.steps100.blocks-1.prefetch-budget-20.rank-accept_first.cut-entropy4.0.samples20.maxnew1024.seed10086.subtreePrefetch.vllm.log,accept_first,sample-006.block-00,6,0,True,85,17.0
dataset-lcb_v6.model-gemma-12b.alpha4.0.steps100.blocks-1.prefetch-budget-20.rank-accept_first.cut-entropy4.0.samples20.maxnew1024.seed10086.subtreePrefetch.vllm.log,accept_first,sample-006.block-00,6,0,True,86,17.2
dataset-lcb_v6.model-gemma-12b.alpha4.0.steps100.blocks-1.prefetch-budget-20.rank-accept_first.cut-entropy4.0.samples20.maxnew1024.seed10086.subtreePrefetch.vllm.log,accept_first,sample-006.block-00,6,0,True,87,17.4
dataset-lcb_v6.model-gemma-12b.alpha4.0.steps100.blocks-1.prefetch-budget-20.rank-accept_first.cut-entropy4.0.samples20.maxnew1024.seed10086.subtreePrefetch.vllm.log,accept_first,sample-006.block-00,6,0,True,88,17.6
dataset-lcb_v6.model-gemma-12b.alpha4.0.steps100.blocks-1.prefetch-budget-20.rank-accept_first.cut-entropy4.0.samples20.maxnew1024.seed10086.subtreePrefetch.vllm.log,accept_first,sample-006.block-00,6,0,True,89,17.8
dataset-lcb_v6.model-gemma-12b.alpha4.0.steps100.blocks-1.prefetch-budget-20.rank-accept_first.cut-entropy4.0.samples20.maxnew1024.seed10086.subtreePrefetch.vllm.log,accept_first,sample-006.block-00,6,0,True,90,18.0
dataset-lcb_v6.model-gemma-12b.alpha4.0.steps100.blocks-1.prefetch-budget-20.rank-accept_first.cut-entropy4.0.samples20.maxnew1024.seed10086.subtreePrefetch.vllm.log,accept_first,sample-006.block-00,6,0,True,91,18.2
dataset-lcb_v6.model-gemma-12b.alpha4.0.steps100.blocks-1.prefetch-budget-20.rank-accept_first.cut-entropy4.0.samples20.maxnew1024.seed10086.subtreePrefetch.vllm.log,accept_first,sample-006.block-00,6,0,True,92,15.333333333333334
dataset-lcb_v6.model-gemma-12b.alpha4.0.steps100.blocks-1.prefetch-budget-20.rank-accept_first.cut-entropy4.0.samples20.maxnew1024.seed10086.subtreePrefetch.vllm.log,accept_first,sample-006.block-00,6,0,True,93,15.5
dataset-lcb_v6.model-gemma-12b.alpha4.0.steps100.blocks-1.prefetch-budget-20.rank-accept_first.cut-entropy4.0.samples20.maxnew1024.seed10086.subtreePrefetch.vllm.log,accept_first,sample-006.block-00,6,0,True,94,15.666666666666666
dataset-lcb_v6.model-gemma-12b.alpha4.0.steps100.blocks-1.prefetch-budget-20.rank-accept_first.cut-entropy4.0.samples20.maxnew1024.seed10086.subtreePrefetch.vllm.log,accept_first,sample-006.block-00,6,0,True,95,15.833333333333334
dataset-lcb_v6.model-gemma-12b.alpha4.0.steps100.blocks-1.prefetch-budget-20.rank-accept_first.cut-entropy4.0.samples20.maxnew1024.seed10086.subtreePrefetch.vllm.log,accept_first,sample-006.block-00,6,0,True,96,16.0
dataset-lcb_v6.model-gemma-12b.alpha4.0.steps100.blocks-1.prefetch-budget-20.rank-accept_first.cut-entropy4.0.samples20.maxnew1024.seed10086.subtreePrefetch.vllm.log,accept_first,sample-006.block-00,6,0,True,97,16.166666666666668
dataset-lcb_v6.model-gemma-12b.alpha4.0.steps100.blocks-1.prefetch-budget-20.rank-accept_first.cut-entropy4.0.samples20.maxnew1024.seed10086.subtreePrefetch.vllm.log,accept_first,sample-006.block-00,6,0,True,98,16.333333333333332
dataset-lcb_v6.model-gemma-12b.alpha4.0.steps100.blocks-1.prefetch-budget-20.rank-accept_first.cut-entropy4.0.samples20.maxnew1024.seed10086.subtreePrefetch.vllm.log,accept_first,sample-006.block-00,6,0,True,99,16.5
dataset-lcb_v6.model-gemma-12b.alpha4.0.steps100.blocks-1.prefetch-budget-20.rank-accept_first.cut-entropy4.0.samples20.maxnew1024.seed10086.subtreePrefetch.vllm.log,accept_first,sample-006.block-00,6,0,True,100,16.666666666666668
dataset-lcb_v6.model-gemma-12b.alpha4.0.steps100.blocks-1.prefetch-budget-20.rank-accept_first.cut-entropy4.0.samples20.maxnew1024.seed10086.subtreePrefetch.vllm.log,accept_first,sample-007.block-00,7,0,True,1,1.0
dataset-lcb_v6.model-gemma-12b.alpha4.0.steps100.blocks-1.prefetch-budget-20.rank-accept_first.cut-entropy4.0.samples20.maxnew1024.seed10086.subtreePrefetch.vllm.log,accept_first,sample-007.block-00,7,0,True,2,1.0
dataset-lcb_v6.model-gemma-12b.alpha4.0.steps100.blocks-1.prefetch-budget-20.rank-accept_first.cut-entropy4.0.samples20.maxnew1024.seed10086.subtreePrefetch.vllm.log,accept_first,sample-007.block-00,7,0,True,3,1.5
dataset-lcb_v6.model-gemma-12b.alpha4.0.steps100.blocks-1.prefetch-budget-20.rank-accept_first.cut-entropy4.0.samples20.maxnew1024.seed10086.subtreePrefetch.vllm.log,accept_first,sample-007.block-00,7,0,True,4,2.0
dataset-lcb_v6.model-gemma-12b.alpha4.0.steps100.blocks-1.prefetch-budget-20.rank-accept_first.cut-entropy4.0.samples20.maxnew1024.seed10086.subtreePrefetch.vllm.log,accept_first,sample-007.block-00,7,0,True,5,2.5
dataset-lcb_v6.model-gemma-12b.alpha4.0.steps100.blocks-1.prefetch-budget-20.rank-accept_first.cut-entropy4.0.samples20.maxnew1024.seed10086.subtreePrefetch.vllm.log,accept_first,sample-007.block-00,7,0,True,6,3.0
dataset-lcb_v6.model-gemma-12b.alpha4.0.steps100.blocks-1.prefetch-budget-20.rank-accept_first.cut-entropy4.0.samples20.maxnew1024.seed10086.subtreePrefetch.vllm.log,accept_first,sample-007.block-00,7,0,True,7,3.5
dataset-lcb_v6.model-gemma-12b.alpha4.0.steps100.blocks-1.prefetch-budget-20.rank-accept_first.cut-entropy4.0.samples20.maxnew1024.seed10086.subtreePrefetch.vllm.log,accept_first,sample-007.block-00,7,0,True,8,2.6666666666666665
dataset-lcb_v6.model-gemma-12b.alpha4.0.steps100.blocks-1.prefetch-budget-20.rank-accept_first.cut-entropy4.0.samples20.maxnew1024.seed10086.subtreePrefetch.vllm.log,accept_first,sample-007.block-00,7,0,True,9,3.0
dataset-lcb_v6.model-gemma-12b.alpha4.0.steps100.blocks-1.prefetch-budget-20.rank-accept_first.cut-entropy4.0.samples20.maxnew1024.seed10086.subtreePrefetch.vllm.log,accept_first,sample-007.block-00,7,0,True,10,3.3333333333333335
dataset-lcb_v6.model-gemma-12b.alpha4.0.steps100.blocks-1.prefetch-budget-20.rank-accept_first.cut-entropy4.0.samples20.maxnew1024.seed10086.subtreePrefetch.vllm.log,accept_first,sample-007.block-00,7,0,True,11,3.6666666666666665
dataset-lcb_v6.model-gemma-12b.alpha4.0.steps100.blocks-1.prefetch-budget-20.rank-accept_first.cut-entropy4.0.samples20.maxnew1024.seed10086.subtreePrefetch.vllm.log,accept_first,sample-007.block-00,7,0,True,12,4.0
dataset-lcb_v6.model-gemma-12b.alpha4.0.steps100.blocks-1.prefetch-budget-20.rank-accept_first.cut-entropy4.0.samples20.maxnew1024.seed10086.subtreePrefetch.vllm.log,accept_first,sample-007.block-00,7,0,True,13,3.25
dataset-lcb_v6.model-gemma-12b.alpha4.0.steps100.blocks-1.prefetch-budget-20.rank-accept_first.cut-entropy4.0.samples20.maxnew1024.seed10086.subtreePrefetch.vllm.log,accept_first,sample-007.block-00,7,0,True,14,2.8
dataset-lcb_v6.model-gemma-12b.alpha4.0.steps100.blocks-1.prefetch-budget-20.rank-accept_first.cut-entropy4.0.samples20.maxnew1024.seed10086.subtreePrefetch.vllm.log,accept_first,sample-007.block-00,7,0,True,15,3.0
dataset-lcb_v6.model-gemma-12b.alpha4.0.steps100.blocks-1.prefetch-budget-20.rank-accept_first.cut-entropy4.0.samples20.maxnew1024.seed10086.subtreePrefetch.vllm.log,accept_first,sample-007.block-00,7,0,True,16,3.2
dataset-lcb_v6.model-gemma-12b.alpha4.0.steps100.blocks-1.prefetch-budget-20.rank-accept_first.cut-entropy4.0.samples20.maxnew1024.seed10086.subtreePrefetch.vllm.log,accept_first,sample-007.block-00,7,0,True,17,2.8333333333333335
dataset-lcb_v6.model-gemma-12b.alpha4.0.steps100.blocks-1.prefetch-budget-20.rank-accept_first.cut-entropy4.0.samples20.maxnew1024.seed10086.subtreePrefetch.vllm.log,accept_first,sample-007.block-00,7,0,True,18,3.0
dataset-lcb_v6.model-gemma-12b.alpha4.0.steps100.blocks-1.prefetch-budget-20.rank-accept_first.cut-entropy4.0.samples20.maxnew1024.seed10086.subtreePrefetch.vllm.log,accept_first,sample-007.block-00,7,0,True,19,3.1666666666666665
dataset-lcb_v6.model-gemma-12b.alpha4.0.steps100.blocks-1.prefetch-budget-20.rank-accept_first.cut-entropy4.0.samples20.maxnew1024.seed10086.subtreePrefetch.vllm.log,accept_first,sample-007.block-00,7,0,True,20,3.3333333333333335
dataset-lcb_v6.model-gemma-12b.alpha4.0.steps100.blocks-1.prefetch-budget-20.rank-accept_first.cut-entropy4.0.samples20.maxnew1024.seed10086.subtreePrefetch.vllm.log,accept_first,sample-007.block-00,7,0,True,21,3.5
dataset-lcb_v6.model-gemma-12b.alpha4.0.steps100.blocks-1.prefetch-budget-20.rank-accept_first.cut-entropy4.0.samples20.maxnew1024.seed10086.subtreePrefetch.vllm.log,accept_first,sample-007.block-00,7,0,True,22,3.6666666666666665
dataset-lcb_v6.model-gemma-12b.alpha4.0.steps100.blocks-1.prefetch-budget-20.rank-accept_first.cut-entropy4.0.samples20.maxnew1024.seed10086.subtreePrefetch.vllm.log,accept_first,sample-007.block-00,7,0,True,23,3.8333333333333335
dataset-lcb_v6.model-gemma-12b.alpha4.0.steps100.blocks-1.prefetch-budget-20.rank-accept_first.cut-entropy4.0.samples20.maxnew1024.seed10086.subtreePrefetch.vllm.log,accept_first,sample-007.block-00,7,0,True,24,3.4285714285714284
dataset-lcb_v6.model-gemma-12b.alpha4.0.steps100.blocks-1.prefetch-budget-20.rank-accept_first.cut-entropy4.0.samples20.maxnew1024.seed10086.subtreePrefetch.vllm.log,accept_first,sample-007.block-00,7,0,True,25,3.5714285714285716
dataset-lcb_v6.model-gemma-12b.alpha4.0.steps100.blocks-1.prefetch-budget-20.rank-accept_first.cut-entropy4.0.samples20.maxnew1024.seed10086.subtreePrefetch.vllm.log,accept_first,sample-007.block-00,7,0,True,26,3.7142857142857144
dataset-lcb_v6.model-gemma-12b.alpha4.0.steps100.blocks-1.prefetch-budget-20.rank-accept_first.cut-entropy4.0.samples20.maxnew1024.seed10086.subtreePrefetch.vllm.log,accept_first,sample-007.block-00,7,0,True,27,3.857142857142857
dataset-lcb_v6.model-gemma-12b.alpha4.0.steps100.blocks-1.prefetch-budget-20.rank-accept_first.cut-entropy4.0.samples20.maxnew1024.seed10086.subtreePrefetch.vllm.log,accept_first,sample-007.block-00,7,0,True,28,4.0
dataset-lcb_v6.model-gemma-12b.alpha4.0.steps100.blocks-1.prefetch-budget-20.rank-accept_first.cut-entropy4.0.samples20.maxnew1024.seed10086.subtreePrefetch.vllm.log,accept_first,sample-007.block-00,7,0,True,29,4.142857142857143
dataset-lcb_v6.model-gemma-12b.alpha4.0.steps100.blocks-1.prefetch-budget-20.rank-accept_first.cut-entropy4.0.samples20.maxnew1024.seed10086.subtreePrefetch.vllm.log,accept_first,sample-007.block-00,7,0,True,30,4.285714285714286
dataset-lcb_v6.model-gemma-12b.alpha4.0.steps100.blocks-1.prefetch-budget-20.rank-accept_first.cut-entropy4.0.samples20.maxnew1024.seed10086.subtreePrefetch.vllm.log,accept_first,sample-007.block-00,7,0,True,31,3.875
dataset-lcb_v6.model-gemma-12b.alpha4.0.steps100.blocks-1.prefetch-budget-20.rank-accept_first.cut-entropy4.0.samples20.maxnew1024.seed10086.subtreePrefetch.vllm.log,accept_first,sample-007.block-00,7,0,True,32,4.0
dataset-lcb_v6.model-gemma-12b.alpha4.0.steps100.blocks-1.prefetch-budget-20.rank-accept_first.cut-entropy4.0.samples20.maxnew1024.seed10086.subtreePrefetch.vllm.log,accept_first,sample-007.block-00,7,0,True,33,4.125
dataset-lcb_v6.model-gemma-12b.alpha4.0.steps100.blocks-1.prefetch-budget-20.rank-accept_first.cut-entropy4.0.samples20.maxnew1024.seed10086.subtreePrefetch.vllm.log,accept_first,sample-007.block-00,7,0,True,34,4.25
dataset-lcb_v6.model-gemma-12b.alpha4.0.steps100.blocks-1.prefetch-budget-20.rank-accept_first.cut-entropy4.0.samples20.maxnew1024.seed10086.subtreePrefetch.vllm.log,accept_first,sample-007.block-00,7,0,True,35,4.375
dataset-lcb_v6.model-gemma-12b.alpha4.0.steps100.blocks-1.prefetch-budget-20.rank-accept_first.cut-entropy4.0.samples20.maxnew1024.seed10086.subtreePrefetch.vllm.log,accept_first,sample-007.block-00,7,0,True,36,4.5
dataset-lcb_v6.model-gemma-12b.alpha4.0.steps100.blocks-1.prefetch-budget-20.rank-accept_first.cut-entropy4.0.samples20.maxnew1024.seed10086.subtreePrefetch.vllm.log,accept_first,sample-007.block-00,7,0,True,37,4.111111111111111
dataset-lcb_v6.model-gemma-12b.alpha4.0.steps100.blocks-1.prefetch-budget-20.rank-accept_first.cut-entropy4.0.samples20.maxnew1024.seed10086.subtreePrefetch.vllm.log,accept_first,sample-007.block-00,7,0,True,38,4.222222222222222
dataset-lcb_v6.model-gemma-12b.alpha4.0.steps100.blocks-1.prefetch-budget-20.rank-accept_first.cut-entropy4.0.samples20.maxnew1024.seed10086.subtreePrefetch.vllm.log,accept_first,sample-007.block-00,7,0,True,39,4.333333333333333
dataset-lcb_v6.model-gemma-12b.alpha4.0.steps100.blocks-1.prefetch-budget-20.rank-accept_first.cut-entropy4.0.samples20.maxnew1024.seed10086.subtreePrefetch.vllm.log,accept_first,sample-007.block-00,7,0,True,40,4.444444444444445
dataset-lcb_v6.model-gemma-12b.alpha4.0.steps100.blocks-1.prefetch-budget-20.rank-accept_first.cut-entropy4.0.samples20.maxnew1024.seed10086.subtreePrefetch.vllm.log,accept_first,sample-007.block-00,7,0,True,41,4.555555555555555
dataset-lcb_v6.model-gemma-12b.alpha4.0.steps100.blocks-1.prefetch-budget-20.rank-accept_first.cut-entropy4.0.samples20.maxnew1024.seed10086.subtreePrefetch.vllm.log,accept_first,sample-007.block-00,7,0,True,42,4.666666666666667
dataset-lcb_v6.model-gemma-12b.alpha4.0.steps100.blocks-1.prefetch-budget-20.rank-accept_first.cut-entropy4.0.samples20.maxnew1024.seed10086.subtreePrefetch.vllm.log,accept_first,sample-007.block-00,7,0,True,43,4.3
dataset-lcb_v6.model-gemma-12b.alpha4.0.steps100.blocks-1.prefetch-budget-20.rank-accept_first.cut-entropy4.0.samples20.maxnew1024.seed10086.subtreePrefetch.vllm.log,accept_first,sample-007.block-00,7,0,True,44,4.4
dataset-lcb_v6.model-gemma-12b.alpha4.0.steps100.blocks-1.prefetch-budget-20.rank-accept_first.cut-entropy4.0.samples20.maxnew1024.seed10086.subtreePrefetch.vllm.log,accept_first,sample-007.block-00,7,0,True,45,4.5
dataset-lcb_v6.model-gemma-12b.alpha4.0.steps100.blocks-1.prefetch-budget-20.rank-accept_first.cut-entropy4.0.samples20.maxnew1024.seed10086.subtreePrefetch.vllm.log,accept_first,sample-007.block-00,7,0,True,46,4.6
dataset-lcb_v6.model-gemma-12b.alpha4.0.steps100.blocks-1.prefetch-budget-20.rank-accept_first.cut-entropy4.0.samples20.maxnew1024.seed10086.subtreePrefetch.vllm.log,accept_first,sample-007.block-00,7,0,True,47,4.7
dataset-lcb_v6.model-gemma-12b.alpha4.0.steps100.blocks-1.prefetch-budget-20.rank-accept_first.cut-entropy4.0.samples20.maxnew1024.seed10086.subtreePrefetch.vllm.log,accept_first,sample-007.block-00,7,0,True,48,4.8
dataset-lcb_v6.model-gemma-12b.alpha4.0.steps100.blocks-1.prefetch-budget-20.rank-accept_first.cut-entropy4.0.samples20.maxnew1024.seed10086.subtreePrefetch.vllm.log,accept_first,sample-007.block-00,7,0,True,49,4.9
dataset-lcb_v6.model-gemma-12b.alpha4.0.steps100.blocks-1.prefetch-budget-20.rank-accept_first.cut-entropy4.0.samples20.maxnew1024.seed10086.subtreePrefetch.vllm.log,accept_first,sample-007.block-00,7,0,True,50,5.0
dataset-lcb_v6.model-gemma-12b.alpha4.0.steps100.blocks-1.prefetch-budget-20.rank-accept_first.cut-entropy4.0.samples20.maxnew1024.seed10086.subtreePrefetch.vllm.log,accept_first,sample-007.block-00,7,0,True,51,4.636363636363637
dataset-lcb_v6.model-gemma-12b.alpha4.0.steps100.blocks-1.prefetch-budget-20.rank-accept_first.cut-entropy4.0.samples20.maxnew1024.seed10086.subtreePrefetch.vllm.log,accept_first,sample-007.block-00,7,0,True,52,4.7272727272727275
dataset-lcb_v6.model-gemma-12b.alpha4.0.steps100.blocks-1.prefetch-budget-20.rank-accept_first.cut-entropy4.0.samples20.maxnew1024.seed10086.subtreePrefetch.vllm.log,accept_first,sample-007.block-00,7,0,True,53,4.818181818181818
dataset-lcb_v6.model-gemma-12b.alpha4.0.steps100.blocks-1.prefetch-budget-20.rank-accept_first.cut-entropy4.0.samples20.maxnew1024.seed10086.subtreePrefetch.vllm.log,accept_first,sample-007.block-00,7,0,True,54,4.909090909090909
dataset-lcb_v6.model-gemma-12b.alpha4.0.steps100.blocks-1.prefetch-budget-20.rank-accept_first.cut-entropy4.0.samples20.maxnew1024.seed10086.subtreePrefetch.vllm.log,accept_first,sample-007.block-00,7,0,True,55,5.0
dataset-lcb_v6.model-gemma-12b.alpha4.0.steps100.blocks-1.prefetch-budget-20.rank-accept_first.cut-entropy4.0.samples20.maxnew1024.seed10086.subtreePrefetch.vllm.log,accept_first,sample-007.block-00,7,0,True,56,5.090909090909091
dataset-lcb_v6.model-gemma-12b.alpha4.0.steps100.blocks-1.prefetch-budget-20.rank-accept_first.cut-entropy4.0.samples20.maxnew1024.seed10086.subtreePrefetch.vllm.log,accept_first,sample-007.block-00,7,0,True,57,5.181818181818182
dataset-lcb_v6.model-gemma-12b.alpha4.0.steps100.blocks-1.prefetch-budget-20.rank-accept_first.cut-entropy4.0.samples20.maxnew1024.seed10086.subtreePrefetch.vllm.log,accept_first,sample-007.block-00,7,0,True,58,4.833333333333333
dataset-lcb_v6.model-gemma-12b.alpha4.0.steps100.blocks-1.prefetch-budget-20.rank-accept_first.cut-entropy4.0.samples20.maxnew1024.seed10086.subtreePrefetch.vllm.log,accept_first,sample-007.block-00,7,0,True,59,4.916666666666667
dataset-lcb_v6.model-gemma-12b.alpha4.0.steps100.blocks-1.prefetch-budget-20.rank-accept_first.cut-entropy4.0.samples20.maxnew1024.seed10086.subtreePrefetch.vllm.log,accept_first,sample-007.block-00,7,0,True,60,5.0
dataset-lcb_v6.model-gemma-12b.alpha4.0.steps100.blocks-1.prefetch-budget-20.rank-accept_first.cut-entropy4.0.samples20.maxnew1024.seed10086.subtreePrefetch.vllm.log,accept_first,sample-007.block-00,7,0,True,61,5.083333333333333
dataset-lcb_v6.model-gemma-12b.alpha4.0.steps100.blocks-1.prefetch-budget-20.rank-accept_first.cut-entropy4.0.samples20.maxnew1024.seed10086.subtreePrefetch.vllm.log,accept_first,sample-007.block-00,7,0,True,62,5.166666666666667
dataset-lcb_v6.model-gemma-12b.alpha4.0.steps100.blocks-1.prefetch-budget-20.rank-accept_first.cut-entropy4.0.samples20.maxnew1024.seed10086.subtreePrefetch.vllm.log,accept_first,sample-007.block-00,7,0,True,63,4.846153846153846
dataset-lcb_v6.model-gemma-12b.alpha4.0.steps100.blocks-1.prefetch-budget-20.rank-accept_first.cut-entropy4.0.samples20.maxnew1024.seed10086.subtreePrefetch.vllm.log,accept_first,sample-007.block-00,7,0,True,64,4.923076923076923
dataset-lcb_v6.model-gemma-12b.alpha4.0.steps100.blocks-1.prefetch-budget-20.rank-accept_first.cut-entropy4.0.samples20.maxnew1024.seed10086.subtreePrefetch.vllm.log,accept_first,sample-007.block-00,7,0,True,65,5.0
dataset-lcb_v6.model-gemma-12b.alpha4.0.steps100.blocks-1.prefetch-budget-20.rank-accept_first.cut-entropy4.0.samples20.maxnew1024.seed10086.subtreePrefetch.vllm.log,accept_first,sample-007.block-00,7,0,True,66,5.076923076923077
dataset-lcb_v6.model-gemma-12b.alpha4.0.steps100.blocks-1.prefetch-budget-20.rank-accept_first.cut-entropy4.0.samples20.maxnew1024.seed10086.subtreePrefetch.vllm.log,accept_first,sample-007.block-00,7,0,True,67,5.153846153846154
dataset-lcb_v6.model-gemma-12b.alpha4.0.steps100.blocks-1.prefetch-budget-20.rank-accept_first.cut-entropy4.0.samples20.maxnew1024.seed10086.subtreePrefetch.vllm.log,accept_first,sample-007.block-00,7,0,True,68,4.857142857142857
dataset-lcb_v6.model-gemma-12b.alpha4.0.steps100.blocks-1.prefetch-budget-20.rank-accept_first.cut-entropy4.0.samples20.maxnew1024.seed10086.subtreePrefetch.vllm.log,accept_first,sample-007.block-00,7,0,True,69,4.928571428571429
dataset-lcb_v6.model-gemma-12b.alpha4.0.steps100.blocks-1.prefetch-budget-20.rank-accept_first.cut-entropy4.0.samples20.maxnew1024.seed10086.subtreePrefetch.vllm.log,accept_first,sample-007.block-00,7,0,True,70,5.0
dataset-lcb_v6.model-gemma-12b.alpha4.0.steps100.blocks-1.prefetch-budget-20.rank-accept_first.cut-entropy4.0.samples20.maxnew1024.seed10086.subtreePrefetch.vllm.log,accept_first,sample-007.block-00,7,0,True,71,5.071428571428571
dataset-lcb_v6.model-gemma-12b.alpha4.0.steps100.blocks-1.prefetch-budget-20.rank-accept_first.cut-entropy4.0.samples20.maxnew1024.seed10086.subtreePrefetch.vllm.log,accept_first,sample-007.block-00,7,0,True,72,5.142857142857143
dataset-lcb_v6.model-gemma-12b.alpha4.0.steps100.blocks-1.prefetch-budget-20.rank-accept_first.cut-entropy4.0.samples20.maxnew1024.seed10086.subtreePrefetch.vllm.log,accept_first,sample-007.block-00,7,0,True,73,4.866666666666666
dataset-lcb_v6.model-gemma-12b.alpha4.0.steps100.blocks-1.prefetch-budget-20.rank-accept_first.cut-entropy4.0.samples20.maxnew1024.seed10086.subtreePrefetch.vllm.log,accept_first,sample-007.block-00,7,0,True,74,4.933333333333334
dataset-lcb_v6.model-gemma-12b.alpha4.0.steps100.blocks-1.prefetch-budget-20.rank-accept_first.cut-entropy4.0.samples20.maxnew1024.seed10086.subtreePrefetch.vllm.log,accept_first,sample-007.block-00,7,0,True,75,5.0
dataset-lcb_v6.model-gemma-12b.alpha4.0.steps100.blocks-1.prefetch-budget-20.rank-accept_first.cut-entropy4.0.samples20.maxnew1024.seed10086.subtreePrefetch.vllm.log,accept_first,sample-007.block-00,7,0,True,76,5.066666666666666
dataset-lcb_v6.model-gemma-12b.alpha4.0.steps100.blocks-1.prefetch-budget-20.rank-accept_first.cut-entropy4.0.samples20.maxnew1024.seed10086.subtreePrefetch.vllm.log,accept_first,sample-007.block-00,7,0,True,77,5.133333333333334
dataset-lcb_v6.model-gemma-12b.alpha4.0.steps100.blocks-1.prefetch-budget-20.rank-accept_first.cut-entropy4.0.samples20.maxnew1024.seed10086.subtreePrefetch.vllm.log,accept_first,sample-007.block-00,7,0,True,78,5.2
dataset-lcb_v6.model-gemma-12b.alpha4.0.steps100.blocks-1.prefetch-budget-20.rank-accept_first.cut-entropy4.0.samples20.maxnew1024.seed10086.subtreePrefetch.vllm.log,accept_first,sample-007.block-00,7,0,True,79,4.9375
dataset-lcb_v6.model-gemma-12b.alpha4.0.steps100.blocks-1.prefetch-budget-20.rank-accept_first.cut-entropy4.0.samples20.maxnew1024.seed10086.subtreePrefetch.vllm.log,accept_first,sample-007.block-00,7,0,True,80,5.0
dataset-lcb_v6.model-gemma-12b.alpha4.0.steps100.blocks-1.prefetch-budget-20.rank-accept_first.cut-entropy4.0.samples20.maxnew1024.seed10086.subtreePrefetch.vllm.log,accept_first,sample-007.block-00,7,0,True,81,5.0625
dataset-lcb_v6.model-gemma-12b.alpha4.0.steps100.blocks-1.prefetch-budget-20.rank-accept_first.cut-entropy4.0.samples20.maxnew1024.seed10086.subtreePrefetch.vllm.log,accept_first,sample-007.block-00,7,0,True,82,5.125
dataset-lcb_v6.model-gemma-12b.alpha4.0.steps100.blocks-1.prefetch-budget-20.rank-accept_first.cut-entropy4.0.samples20.maxnew1024.seed10086.subtreePrefetch.vllm.log,accept_first,sample-007.block-00,7,0,True,83,5.1875
dataset-lcb_v6.model-gemma-12b.alpha4.0.steps100.blocks-1.prefetch-budget-20.rank-accept_first.cut-entropy4.0.samples20.maxnew1024.seed10086.subtreePrefetch.vllm.log,accept_first,sample-007.block-00,7,0,True,84,4.9411764705882355
dataset-lcb_v6.model-gemma-12b.alpha4.0.steps100.blocks-1.prefetch-budget-20.rank-accept_first.cut-entropy4.0.samples20.maxnew1024.seed10086.subtreePrefetch.vllm.log,accept_first,sample-007.block-00,7,0,True,85,5.0
dataset-lcb_v6.model-gemma-12b.alpha4.0.steps100.blocks-1.prefetch-budget-20.rank-accept_first.cut-entropy4.0.samples20.maxnew1024.seed10086.subtreePrefetch.vllm.log,accept_first,sample-007.block-00,7,0,True,86,5.0588235294117645
dataset-lcb_v6.model-gemma-12b.alpha4.0.steps100.blocks-1.prefetch-budget-20.rank-accept_first.cut-entropy4.0.samples20.maxnew1024.seed10086.subtreePrefetch.vllm.log,accept_first,sample-007.block-00,7,0,True,87,5.117647058823529
dataset-lcb_v6.model-gemma-12b.alpha4.0.steps100.blocks-1.prefetch-budget-20.rank-accept_first.cut-entropy4.0.samples20.maxnew1024.seed10086.subtreePrefetch.vllm.log,accept_first,sample-007.block-00,7,0,True,88,5.176470588235294
dataset-lcb_v6.model-gemma-12b.alpha4.0.steps100.blocks-1.prefetch-budget-20.rank-accept_first.cut-entropy4.0.samples20.maxnew1024.seed10086.subtreePrefetch.vllm.log,accept_first,sample-007.block-00,7,0,True,89,5.235294117647059
dataset-lcb_v6.model-gemma-12b.alpha4.0.steps100.blocks-1.prefetch-budget-20.rank-accept_first.cut-entropy4.0.samples20.maxnew1024.seed10086.subtreePrefetch.vllm.log,accept_first,sample-007.block-00,7,0,True,90,5.0
dataset-lcb_v6.model-gemma-12b.alpha4.0.steps100.blocks-1.prefetch-budget-20.rank-accept_first.cut-entropy4.0.samples20.maxnew1024.seed10086.subtreePrefetch.vllm.log,accept_first,sample-007.block-00,7,0,True,91,5.055555555555555
dataset-lcb_v6.model-gemma-12b.alpha4.0.steps100.blocks-1.prefetch-budget-20.rank-accept_first.cut-entropy4.0.samples20.maxnew1024.seed10086.subtreePrefetch.vllm.log,accept_first,sample-007.block-00,7,0,True,92,5.111111111111111
dataset-lcb_v6.model-gemma-12b.alpha4.0.steps100.blocks-1.prefetch-budget-20.rank-accept_first.cut-entropy4.0.samples20.maxnew1024.seed10086.subtreePrefetch.vllm.log,accept_first,sample-007.block-00,7,0,True,93,5.166666666666667
dataset-lcb_v6.model-gemma-12b.alpha4.0.steps100.blocks-1.prefetch-budget-20.rank-accept_first.cut-entropy4.0.samples20.maxnew1024.seed10086.subtreePrefetch.vllm.log,accept_first,sample-007.block-00,7,0,True,94,5.222222222222222
dataset-lcb_v6.model-gemma-12b.alpha4.0.steps100.blocks-1.prefetch-budget-20.rank-accept_first.cut-entropy4.0.samples20.maxnew1024.seed10086.subtreePrefetch.vllm.log,accept_first,sample-007.block-00,7,0,True,95,5.277777777777778
dataset-lcb_v6.model-gemma-12b.alpha4.0.steps100.blocks-1.prefetch-budget-20.rank-accept_first.cut-entropy4.0.samples20.maxnew1024.seed10086.subtreePrefetch.vllm.log,accept_first,sample-007.block-00,7,0,True,96,5.052631578947368
dataset-lcb_v6.model-gemma-12b.alpha4.0.steps100.blocks-1.prefetch-budget-20.rank-accept_first.cut-entropy4.0.samples20.maxnew1024.seed10086.subtreePrefetch.vllm.log,accept_first,sample-007.block-00,7,0,True,97,5.105263157894737
dataset-lcb_v6.model-gemma-12b.alpha4.0.steps100.blocks-1.prefetch-budget-20.rank-accept_first.cut-entropy4.0.samples20.maxnew1024.seed10086.subtreePrefetch.vllm.log,accept_first,sample-007.block-00,7,0,True,98,5.157894736842105
dataset-lcb_v6.model-gemma-12b.alpha4.0.steps100.blocks-1.prefetch-budget-20.rank-accept_first.cut-entropy4.0.samples20.maxnew1024.seed10086.subtreePrefetch.vllm.log,accept_first,sample-007.block-00,7,0,True,99,5.2105263157894735
dataset-lcb_v6.model-gemma-12b.alpha4.0.steps100.blocks-1.prefetch-budget-20.rank-accept_first.cut-entropy4.0.samples20.maxnew1024.seed10086.subtreePrefetch.vllm.log,accept_first,sample-007.block-00,7,0,True,100,5.2631578947368425
dataset-lcb_v6.model-gemma-12b.alpha4.0.steps100.blocks-1.prefetch-budget-20.rank-accept_first.cut-entropy4.0.samples20.maxnew1024.seed10086.subtreePrefetch.vllm.log,accept_first,sample-008.block-00,8,0,True,1,1.0
dataset-lcb_v6.model-gemma-12b.alpha4.0.steps100.blocks-1.prefetch-budget-20.rank-accept_first.cut-entropy4.0.samples20.maxnew1024.seed10086.subtreePrefetch.vllm.log,accept_first,sample-008.block-00,8,0,True,2,2.0
dataset-lcb_v6.model-gemma-12b.alpha4.0.steps100.blocks-1.prefetch-budget-20.rank-accept_first.cut-entropy4.0.samples20.maxnew1024.seed10086.subtreePrefetch.vllm.log,accept_first,sample-008.block-00,8,0,True,3,3.0
dataset-lcb_v6.model-gemma-12b.alpha4.0.steps100.blocks-1.prefetch-budget-20.rank-accept_first.cut-entropy4.0.samples20.maxnew1024.seed10086.subtreePrefetch.vllm.log,accept_first,sample-008.block-00,8,0,True,4,4.0
dataset-lcb_v6.model-gemma-12b.alpha4.0.steps100.blocks-1.prefetch-budget-20.rank-accept_first.cut-entropy4.0.samples20.maxnew1024.seed10086.subtreePrefetch.vllm.log,accept_first,sample-008.block-00,8,0,True,5,5.0
dataset-lcb_v6.model-gemma-12b.alpha4.0.steps100.blocks-1.prefetch-budget-20.rank-accept_first.cut-entropy4.0.samples20.maxnew1024.seed10086.subtreePrefetch.vllm.log,accept_first,sample-008.block-00,8,0,True,6,6.0
dataset-lcb_v6.model-gemma-12b.alpha4.0.steps100.blocks-1.prefetch-budget-20.rank-accept_first.cut-entropy4.0.samples20.maxnew1024.seed10086.subtreePrefetch.vllm.log,accept_first,sample-008.block-00,8,0,True,7,7.0
dataset-lcb_v6.model-gemma-12b.alpha4.0.steps100.blocks-1.prefetch-budget-20.rank-accept_first.cut-entropy4.0.samples20.maxnew1024.seed10086.subtreePrefetch.vllm.log,accept_first,sample-008.block-00,8,0,True,8,8.0
dataset-lcb_v6.model-gemma-12b.alpha4.0.steps100.blocks-1.prefetch-budget-20.rank-accept_first.cut-entropy4.0.samples20.maxnew1024.seed10086.subtreePrefetch.vllm.log,accept_first,sample-008.block-00,8,0,True,9,9.0
dataset-lcb_v6.model-gemma-12b.alpha4.0.steps100.blocks-1.prefetch-budget-20.rank-accept_first.cut-entropy4.0.samples20.maxnew1024.seed10086.subtreePrefetch.vllm.log,accept_first,sample-008.block-00,8,0,True,10,10.0
dataset-lcb_v6.model-gemma-12b.alpha4.0.steps100.blocks-1.prefetch-budget-20.rank-accept_first.cut-entropy4.0.samples20.maxnew1024.seed10086.subtreePrefetch.vllm.log,accept_first,sample-008.block-00,8,0,True,11,11.0
dataset-lcb_v6.model-gemma-12b.alpha4.0.steps100.blocks-1.prefetch-budget-20.rank-accept_first.cut-entropy4.0.samples20.maxnew1024.seed10086.subtreePrefetch.vllm.log,accept_first,sample-008.block-00,8,0,True,12,12.0
dataset-lcb_v6.model-gemma-12b.alpha4.0.steps100.blocks-1.prefetch-budget-20.rank-accept_first.cut-entropy4.0.samples20.maxnew1024.seed10086.subtreePrefetch.vllm.log,accept_first,sample-008.block-00,8,0,True,13,13.0
dataset-lcb_v6.model-gemma-12b.alpha4.0.steps100.blocks-1.prefetch-budget-20.rank-accept_first.cut-entropy4.0.samples20.maxnew1024.seed10086.subtreePrefetch.vllm.log,accept_first,sample-008.block-00,8,0,True,14,14.0
dataset-lcb_v6.model-gemma-12b.alpha4.0.steps100.blocks-1.prefetch-budget-20.rank-accept_first.cut-entropy4.0.samples20.maxnew1024.seed10086.subtreePrefetch.vllm.log,accept_first,sample-008.block-00,8,0,True,15,15.0
dataset-lcb_v6.model-gemma-12b.alpha4.0.steps100.blocks-1.prefetch-budget-20.rank-accept_first.cut-entropy4.0.samples20.maxnew1024.seed10086.subtreePrefetch.vllm.log,accept_first,sample-008.block-00,8,0,True,16,16.0
dataset-lcb_v6.model-gemma-12b.alpha4.0.steps100.blocks-1.prefetch-budget-20.rank-accept_first.cut-entropy4.0.samples20.maxnew1024.seed10086.subtreePrefetch.vllm.log,accept_first,sample-008.block-00,8,0,True,17,17.0
dataset-lcb_v6.model-gemma-12b.alpha4.0.steps100.blocks-1.prefetch-budget-20.rank-accept_first.cut-entropy4.0.samples20.maxnew1024.seed10086.subtreePrefetch.vllm.log,accept_first,sample-008.block-00,8,0,True,18,18.0
dataset-lcb_v6.model-gemma-12b.alpha4.0.steps100.blocks-1.prefetch-budget-20.rank-accept_first.cut-entropy4.0.samples20.maxnew1024.seed10086.subtreePrefetch.vllm.log,accept_first,sample-008.block-00,8,0,True,19,19.0
dataset-lcb_v6.model-gemma-12b.alpha4.0.steps100.blocks-1.prefetch-budget-20.rank-accept_first.cut-entropy4.0.samples20.maxnew1024.seed10086.subtreePrefetch.vllm.log,accept_first,sample-008.block-00,8,0,True,20,20.0
dataset-lcb_v6.model-gemma-12b.alpha4.0.steps100.blocks-1.prefetch-budget-20.rank-accept_first.cut-entropy4.0.samples20.maxnew1024.seed10086.subtreePrefetch.vllm.log,accept_first,sample-008.block-00,8,0,True,21,10.5
dataset-lcb_v6.model-gemma-12b.alpha4.0.steps100.blocks-1.prefetch-budget-20.rank-accept_first.cut-entropy4.0.samples20.maxnew1024.seed10086.subtreePrefetch.vllm.log,accept_first,sample-008.block-00,8,0,True,22,11.0
dataset-lcb_v6.model-gemma-12b.alpha4.0.steps100.blocks-1.prefetch-budget-20.rank-accept_first.cut-entropy4.0.samples20.maxnew1024.seed10086.subtreePrefetch.vllm.log,accept_first,sample-008.block-00,8,0,True,23,11.5
dataset-lcb_v6.model-gemma-12b.alpha4.0.steps100.blocks-1.prefetch-budget-20.rank-accept_first.cut-entropy4.0.samples20.maxnew1024.seed10086.subtreePrefetch.vllm.log,accept_first,sample-008.block-00,8,0,True,24,12.0
dataset-lcb_v6.model-gemma-12b.alpha4.0.steps100.blocks-1.prefetch-budget-20.rank-accept_first.cut-entropy4.0.samples20.maxnew1024.seed10086.subtreePrefetch.vllm.log,accept_first,sample-008.block-00,8,0,True,25,12.5
dataset-lcb_v6.model-gemma-12b.alpha4.0.steps100.blocks-1.prefetch-budget-20.rank-accept_first.cut-entropy4.0.samples20.maxnew1024.seed10086.subtreePrefetch.vllm.log,accept_first,sample-008.block-00,8,0,True,26,13.0
dataset-lcb_v6.model-gemma-12b.alpha4.0.steps100.blocks-1.prefetch-budget-20.rank-accept_first.cut-entropy4.0.samples20.maxnew1024.seed10086.subtreePrefetch.vllm.log,accept_first,sample-008.block-00,8,0,True,27,13.5
dataset-lcb_v6.model-gemma-12b.alpha4.0.steps100.blocks-1.prefetch-budget-20.rank-accept_first.cut-entropy4.0.samples20.maxnew1024.seed10086.subtreePrefetch.vllm.log,accept_first,sample-008.block-00,8,0,True,28,14.0
dataset-lcb_v6.model-gemma-12b.alpha4.0.steps100.blocks-1.prefetch-budget-20.rank-accept_first.cut-entropy4.0.samples20.maxnew1024.seed10086.subtreePrefetch.vllm.log,accept_first,sample-008.block-00,8,0,True,29,14.5
dataset-lcb_v6.model-gemma-12b.alpha4.0.steps100.blocks-1.prefetch-budget-20.rank-accept_first.cut-entropy4.0.samples20.maxnew1024.seed10086.subtreePrefetch.vllm.log,accept_first,sample-008.block-00,8,0,True,30,15.0
dataset-lcb_v6.model-gemma-12b.alpha4.0.steps100.blocks-1.prefetch-budget-20.rank-accept_first.cut-entropy4.0.samples20.maxnew1024.seed10086.subtreePrefetch.vllm.log,accept_first,sample-008.block-00,8,0,True,31,15.5
dataset-lcb_v6.model-gemma-12b.alpha4.0.steps100.blocks-1.prefetch-budget-20.rank-accept_first.cut-entropy4.0.samples20.maxnew1024.seed10086.subtreePrefetch.vllm.log,accept_first,sample-008.block-00,8,0,True,32,16.0
dataset-lcb_v6.model-gemma-12b.alpha4.0.steps100.blocks-1.prefetch-budget-20.rank-accept_first.cut-entropy4.0.samples20.maxnew1024.seed10086.subtreePrefetch.vllm.log,accept_first,sample-008.block-00,8,0,True,33,16.5
dataset-lcb_v6.model-gemma-12b.alpha4.0.steps100.blocks-1.prefetch-budget-20.rank-accept_first.cut-entropy4.0.samples20.maxnew1024.seed10086.subtreePrefetch.vllm.log,accept_first,sample-008.block-00,8,0,True,34,17.0
dataset-lcb_v6.model-gemma-12b.alpha4.0.steps100.blocks-1.prefetch-budget-20.rank-accept_first.cut-entropy4.0.samples20.maxnew1024.seed10086.subtreePrefetch.vllm.log,accept_first,sample-008.block-00,8,0,True,35,17.5
dataset-lcb_v6.model-gemma-12b.alpha4.0.steps100.blocks-1.prefetch-budget-20.rank-accept_first.cut-entropy4.0.samples20.maxnew1024.seed10086.subtreePrefetch.vllm.log,accept_first,sample-008.block-00,8,0,True,36,18.0
dataset-lcb_v6.model-gemma-12b.alpha4.0.steps100.blocks-1.prefetch-budget-20.rank-accept_first.cut-entropy4.0.samples20.maxnew1024.seed10086.subtreePrefetch.vllm.log,accept_first,sample-008.block-00,8,0,True,37,18.5
dataset-lcb_v6.model-gemma-12b.alpha4.0.steps100.blocks-1.prefetch-budget-20.rank-accept_first.cut-entropy4.0.samples20.maxnew1024.seed10086.subtreePrefetch.vllm.log,accept_first,sample-008.block-00,8,0,True,38,19.0
dataset-lcb_v6.model-gemma-12b.alpha4.0.steps100.blocks-1.prefetch-budget-20.rank-accept_first.cut-entropy4.0.samples20.maxnew1024.seed10086.subtreePrefetch.vllm.log,accept_first,sample-008.block-00,8,0,True,39,19.5
dataset-lcb_v6.model-gemma-12b.alpha4.0.steps100.blocks-1.prefetch-budget-20.rank-accept_first.cut-entropy4.0.samples20.maxnew1024.seed10086.subtreePrefetch.vllm.log,accept_first,sample-008.block-00,8,0,True,40,20.0
dataset-lcb_v6.model-gemma-12b.alpha4.0.steps100.blocks-1.prefetch-budget-20.rank-accept_first.cut-entropy4.0.samples20.maxnew1024.seed10086.subtreePrefetch.vllm.log,accept_first,sample-008.block-00,8,0,True,41,13.666666666666666
dataset-lcb_v6.model-gemma-12b.alpha4.0.steps100.blocks-1.prefetch-budget-20.rank-accept_first.cut-entropy4.0.samples20.maxnew1024.seed10086.subtreePrefetch.vllm.log,accept_first,sample-008.block-00,8,0,True,42,14.0
dataset-lcb_v6.model-gemma-12b.alpha4.0.steps100.blocks-1.prefetch-budget-20.rank-accept_first.cut-entropy4.0.samples20.maxnew1024.seed10086.subtreePrefetch.vllm.log,accept_first,sample-008.block-00,8,0,True,43,14.333333333333334
dataset-lcb_v6.model-gemma-12b.alpha4.0.steps100.blocks-1.prefetch-budget-20.rank-accept_first.cut-entropy4.0.samples20.maxnew1024.seed10086.subtreePrefetch.vllm.log,accept_first,sample-008.block-00,8,0,True,44,14.666666666666666
dataset-lcb_v6.model-gemma-12b.alpha4.0.steps100.blocks-1.prefetch-budget-20.rank-accept_first.cut-entropy4.0.samples20.maxnew1024.seed10086.subtreePrefetch.vllm.log,accept_first,sample-008.block-00,8,0,True,45,15.0
dataset-lcb_v6.model-gemma-12b.alpha4.0.steps100.blocks-1.prefetch-budget-20.rank-accept_first.cut-entropy4.0.samples20.maxnew1024.seed10086.subtreePrefetch.vllm.log,accept_first,sample-008.block-00,8,0,True,46,11.5
dataset-lcb_v6.model-gemma-12b.alpha4.0.steps100.blocks-1.prefetch-budget-20.rank-accept_first.cut-entropy4.0.samples20.maxnew1024.seed10086.subtreePrefetch.vllm.log,accept_first,sample-008.block-00,8,0,True,47,11.75
dataset-lcb_v6.model-gemma-12b.alpha4.0.steps100.blocks-1.prefetch-budget-20.rank-accept_first.cut-entropy4.0.samples20.maxnew1024.seed10086.subtreePrefetch.vllm.log,accept_first,sample-008.block-00,8,0,True,48,12.0
dataset-lcb_v6.model-gemma-12b.alpha4.0.steps100.blocks-1.prefetch-budget-20.rank-accept_first.cut-entropy4.0.samples20.maxnew1024.seed10086.subtreePrefetch.vllm.log,accept_first,sample-008.block-00,8,0,True,49,12.25
dataset-lcb_v6.model-gemma-12b.alpha4.0.steps100.blocks-1.prefetch-budget-20.rank-accept_first.cut-entropy4.0.samples20.maxnew1024.seed10086.subtreePrefetch.vllm.log,accept_first,sample-008.block-00,8,0,True,50,12.5
dataset-lcb_v6.model-gemma-12b.alpha4.0.steps100.blocks-1.prefetch-budget-20.rank-accept_first.cut-entropy4.0.samples20.maxnew1024.seed10086.subtreePrefetch.vllm.log,accept_first,sample-008.block-00,8,0,True,51,12.75
dataset-lcb_v6.model-gemma-12b.alpha4.0.steps100.blocks-1.prefetch-budget-20.rank-accept_first.cut-entropy4.0.samples20.maxnew1024.seed10086.subtreePrefetch.vllm.log,accept_first,sample-008.block-00,8,0,True,52,13.0
dataset-lcb_v6.model-gemma-12b.alpha4.0.steps100.blocks-1.prefetch-budget-20.rank-accept_first.cut-entropy4.0.samples20.maxnew1024.seed10086.subtreePrefetch.vllm.log,accept_first,sample-008.block-00,8,0,True,53,13.25
dataset-lcb_v6.model-gemma-12b.alpha4.0.steps100.blocks-1.prefetch-budget-20.rank-accept_first.cut-entropy4.0.samples20.maxnew1024.seed10086.subtreePrefetch.vllm.log,accept_first,sample-008.block-00,8,0,True,54,13.5
dataset-lcb_v6.model-gemma-12b.alpha4.0.steps100.blocks-1.prefetch-budget-20.rank-accept_first.cut-entropy4.0.samples20.maxnew1024.seed10086.subtreePrefetch.vllm.log,accept_first,sample-008.block-00,8,0,True,55,13.75
dataset-lcb_v6.model-gemma-12b.alpha4.0.steps100.blocks-1.prefetch-budget-20.rank-accept_first.cut-entropy4.0.samples20.maxnew1024.seed10086.subtreePrefetch.vllm.log,accept_first,sample-008.block-00,8,0,True,56,14.0
dataset-lcb_v6.model-gemma-12b.alpha4.0.steps100.blocks-1.prefetch-budget-20.rank-accept_first.cut-entropy4.0.samples20.maxnew1024.seed10086.subtreePrefetch.vllm.log,accept_first,sample-008.block-00,8,0,True,57,14.25
dataset-lcb_v6.model-gemma-12b.alpha4.0.steps100.blocks-1.prefetch-budget-20.rank-accept_first.cut-entropy4.0.samples20.maxnew1024.seed10086.subtreePrefetch.vllm.log,accept_first,sample-008.block-00,8,0,True,58,14.5
dataset-lcb_v6.model-gemma-12b.alpha4.0.steps100.blocks-1.prefetch-budget-20.rank-accept_first.cut-entropy4.0.samples20.maxnew1024.seed10086.subtreePrefetch.vllm.log,accept_first,sample-008.block-00,8,0,True,59,14.75
dataset-lcb_v6.model-gemma-12b.alpha4.0.steps100.blocks-1.prefetch-budget-20.rank-accept_first.cut-entropy4.0.samples20.maxnew1024.seed10086.subtreePrefetch.vllm.log,accept_first,sample-008.block-00,8,0,True,60,15.0
dataset-lcb_v6.model-gemma-12b.alpha4.0.steps100.blocks-1.prefetch-budget-20.rank-accept_first.cut-entropy4.0.samples20.maxnew1024.seed10086.subtreePrefetch.vllm.log,accept_first,sample-008.block-00,8,0,True,61,15.25
dataset-lcb_v6.model-gemma-12b.alpha4.0.steps100.blocks-1.prefetch-budget-20.rank-accept_first.cut-entropy4.0.samples20.maxnew1024.seed10086.subtreePrefetch.vllm.log,accept_first,sample-008.block-00,8,0,True,62,15.5
dataset-lcb_v6.model-gemma-12b.alpha4.0.steps100.blocks-1.prefetch-budget-20.rank-accept_first.cut-entropy4.0.samples20.maxnew1024.seed10086.subtreePrefetch.vllm.log,accept_first,sample-008.block-00,8,0,True,63,15.75
dataset-lcb_v6.model-gemma-12b.alpha4.0.steps100.blocks-1.prefetch-budget-20.rank-accept_first.cut-entropy4.0.samples20.maxnew1024.seed10086.subtreePrefetch.vllm.log,accept_first,sample-008.block-00,8,0,True,64,16.0
dataset-lcb_v6.model-gemma-12b.alpha4.0.steps100.blocks-1.prefetch-budget-20.rank-accept_first.cut-entropy4.0.samples20.maxnew1024.seed10086.subtreePrefetch.vllm.log,accept_first,sample-008.block-00,8,0,True,65,16.25
dataset-lcb_v6.model-gemma-12b.alpha4.0.steps100.blocks-1.prefetch-budget-20.rank-accept_first.cut-entropy4.0.samples20.maxnew1024.seed10086.subtreePrefetch.vllm.log,accept_first,sample-008.block-00,8,0,True,66,13.2
dataset-lcb_v6.model-gemma-12b.alpha4.0.steps100.blocks-1.prefetch-budget-20.rank-accept_first.cut-entropy4.0.samples20.maxnew1024.seed10086.subtreePrefetch.vllm.log,accept_first,sample-008.block-00,8,0,True,67,13.4
dataset-lcb_v6.model-gemma-12b.alpha4.0.steps100.blocks-1.prefetch-budget-20.rank-accept_first.cut-entropy4.0.samples20.maxnew1024.seed10086.subtreePrefetch.vllm.log,accept_first,sample-008.block-00,8,0,True,68,13.6
dataset-lcb_v6.model-gemma-12b.alpha4.0.steps100.blocks-1.prefetch-budget-20.rank-accept_first.cut-entropy4.0.samples20.maxnew1024.seed10086.subtreePrefetch.vllm.log,accept_first,sample-008.block-00,8,0,True,69,13.8
dataset-lcb_v6.model-gemma-12b.alpha4.0.steps100.blocks-1.prefetch-budget-20.rank-accept_first.cut-entropy4.0.samples20.maxnew1024.seed10086.subtreePrefetch.vllm.log,accept_first,sample-008.block-00,8,0,True,70,14.0
dataset-lcb_v6.model-gemma-12b.alpha4.0.steps100.blocks-1.prefetch-budget-20.rank-accept_first.cut-entropy4.0.samples20.maxnew1024.seed10086.subtreePrefetch.vllm.log,accept_first,sample-008.block-00,8,0,True,71,14.2
dataset-lcb_v6.model-gemma-12b.alpha4.0.steps100.blocks-1.prefetch-budget-20.rank-accept_first.cut-entropy4.0.samples20.maxnew1024.seed10086.subtreePrefetch.vllm.log,accept_first,sample-008.block-00,8,0,True,72,14.4
dataset-lcb_v6.model-gemma-12b.alpha4.0.steps100.blocks-1.prefetch-budget-20.rank-accept_first.cut-entropy4.0.samples20.maxnew1024.seed10086.subtreePrefetch.vllm.log,accept_first,sample-008.block-00,8,0,True,73,12.166666666666666
dataset-lcb_v6.model-gemma-12b.alpha4.0.steps100.blocks-1.prefetch-budget-20.rank-accept_first.cut-entropy4.0.samples20.maxnew1024.seed10086.subtreePrefetch.vllm.log,accept_first,sample-008.block-00,8,0,True,74,12.333333333333334
dataset-lcb_v6.model-gemma-12b.alpha4.0.steps100.blocks-1.prefetch-budget-20.rank-accept_first.cut-entropy4.0.samples20.maxnew1024.seed10086.subtreePrefetch.vllm.log,accept_first,sample-008.block-00,8,0,True,75,12.5
dataset-lcb_v6.model-gemma-12b.alpha4.0.steps100.blocks-1.prefetch-budget-20.rank-accept_first.cut-entropy4.0.samples20.maxnew1024.seed10086.subtreePrefetch.vllm.log,accept_first,sample-008.block-00,8,0,True,76,12.666666666666666
dataset-lcb_v6.model-gemma-12b.alpha4.0.steps100.blocks-1.prefetch-budget-20.rank-accept_first.cut-entropy4.0.samples20.maxnew1024.seed10086.subtreePrefetch.vllm.log,accept_first,sample-008.block-00,8,0,True,77,12.833333333333334
dataset-lcb_v6.model-gemma-12b.alpha4.0.steps100.blocks-1.prefetch-budget-20.rank-accept_first.cut-entropy4.0.samples20.maxnew1024.seed10086.subtreePrefetch.vllm.log,accept_first,sample-008.block-00,8,0,True,78,13.0
dataset-lcb_v6.model-gemma-12b.alpha4.0.steps100.blocks-1.prefetch-budget-20.rank-accept_first.cut-entropy4.0.samples20.maxnew1024.seed10086.subtreePrefetch.vllm.log,accept_first,sample-008.block-00,8,0,True,79,13.166666666666666
dataset-lcb_v6.model-gemma-12b.alpha4.0.steps100.blocks-1.prefetch-budget-20.rank-accept_first.cut-entropy4.0.samples20.maxnew1024.seed10086.subtreePrefetch.vllm.log,accept_first,sample-008.block-00,8,0,True,80,13.333333333333334
dataset-lcb_v6.model-gemma-12b.alpha4.0.steps100.blocks-1.prefetch-budget-20.rank-accept_first.cut-entropy4.0.samples20.maxnew1024.seed10086.subtreePrefetch.vllm.log,accept_first,sample-008.block-00,8,0,True,81,13.5
dataset-lcb_v6.model-gemma-12b.alpha4.0.steps100.blocks-1.prefetch-budget-20.rank-accept_first.cut-entropy4.0.samples20.maxnew1024.seed10086.subtreePrefetch.vllm.log,accept_first,sample-008.block-00,8,0,True,82,13.666666666666666
dataset-lcb_v6.model-gemma-12b.alpha4.0.steps100.blocks-1.prefetch-budget-20.rank-accept_first.cut-entropy4.0.samples20.maxnew1024.seed10086.subtreePrefetch.vllm.log,accept_first,sample-008.block-00,8,0,True,83,13.833333333333334
dataset-lcb_v6.model-gemma-12b.alpha4.0.steps100.blocks-1.prefetch-budget-20.rank-accept_first.cut-entropy4.0.samples20.maxnew1024.seed10086.subtreePrefetch.vllm.log,accept_first,sample-008.block-00,8,0,True,84,14.0
dataset-lcb_v6.model-gemma-12b.alpha4.0.steps100.blocks-1.prefetch-budget-20.rank-accept_first.cut-entropy4.0.samples20.maxnew1024.seed10086.subtreePrefetch.vllm.log,accept_first,sample-008.block-00,8,0,True,85,14.166666666666666
dataset-lcb_v6.model-gemma-12b.alpha4.0.steps100.blocks-1.prefetch-budget-20.rank-accept_first.cut-entropy4.0.samples20.maxnew1024.seed10086.subtreePrefetch.vllm.log,accept_first,sample-008.block-00,8,0,True,86,14.333333333333334
dataset-lcb_v6.model-gemma-12b.alpha4.0.steps100.blocks-1.prefetch-budget-20.rank-accept_first.cut-entropy4.0.samples20.maxnew1024.seed10086.subtreePrefetch.vllm.log,accept_first,sample-008.block-00,8,0,True,87,14.5
dataset-lcb_v6.model-gemma-12b.alpha4.0.steps100.blocks-1.prefetch-budget-20.rank-accept_first.cut-entropy4.0.samples20.maxnew1024.seed10086.subtreePrefetch.vllm.log,accept_first,sample-008.block-00,8,0,True,88,14.666666666666666
dataset-lcb_v6.model-gemma-12b.alpha4.0.steps100.blocks-1.prefetch-budget-20.rank-accept_first.cut-entropy4.0.samples20.maxnew1024.seed10086.subtreePrefetch.vllm.log,accept_first,sample-008.block-00,8,0,True,89,14.833333333333334
dataset-lcb_v6.model-gemma-12b.alpha4.0.steps100.blocks-1.prefetch-budget-20.rank-accept_first.cut-entropy4.0.samples20.maxnew1024.seed10086.subtreePrefetch.vllm.log,accept_first,sample-008.block-00,8,0,True,90,15.0
dataset-lcb_v6.model-gemma-12b.alpha4.0.steps100.blocks-1.prefetch-budget-20.rank-accept_first.cut-entropy4.0.samples20.maxnew1024.seed10086.subtreePrefetch.vllm.log,accept_first,sample-008.block-00,8,0,True,91,15.166666666666666
dataset-lcb_v6.model-gemma-12b.alpha4.0.steps100.blocks-1.prefetch-budget-20.rank-accept_first.cut-entropy4.0.samples20.maxnew1024.seed10086.subtreePrefetch.vllm.log,accept_first,sample-008.block-00,8,0,True,92,15.333333333333334
dataset-lcb_v6.model-gemma-12b.alpha4.0.steps100.blocks-1.prefetch-budget-20.rank-accept_first.cut-entropy4.0.samples20.maxnew1024.seed10086.subtreePrefetch.vllm.log,accept_first,sample-008.block-00,8,0,True,93,13.285714285714286
dataset-lcb_v6.model-gemma-12b.alpha4.0.steps100.blocks-1.prefetch-budget-20.rank-accept_first.cut-entropy4.0.samples20.maxnew1024.seed10086.subtreePrefetch.vllm.log,accept_first,sample-008.block-00,8,0,True,94,13.428571428571429
dataset-lcb_v6.model-gemma-12b.alpha4.0.steps100.blocks-1.prefetch-budget-20.rank-accept_first.cut-entropy4.0.samples20.maxnew1024.seed10086.subtreePrefetch.vllm.log,accept_first,sample-008.block-00,8,0,True,95,13.571428571428571
dataset-lcb_v6.model-gemma-12b.alpha4.0.steps100.blocks-1.prefetch-budget-20.rank-accept_first.cut-entropy4.0.samples20.maxnew1024.seed10086.subtreePrefetch.vllm.log,accept_first,sample-008.block-00,8,0,True,96,13.714285714285714
dataset-lcb_v6.model-gemma-12b.alpha4.0.steps100.blocks-1.prefetch-budget-20.rank-accept_first.cut-entropy4.0.samples20.maxnew1024.seed10086.subtreePrefetch.vllm.log,accept_first,sample-008.block-00,8,0,True,97,13.857142857142858
dataset-lcb_v6.model-gemma-12b.alpha4.0.steps100.blocks-1.prefetch-budget-20.rank-accept_first.cut-entropy4.0.samples20.maxnew1024.seed10086.subtreePrefetch.vllm.log,accept_first,sample-008.block-00,8,0,True,98,14.0
dataset-lcb_v6.model-gemma-12b.alpha4.0.steps100.blocks-1.prefetch-budget-20.rank-accept_first.cut-entropy4.0.samples20.maxnew1024.seed10086.subtreePrefetch.vllm.log,accept_first,sample-008.block-00,8,0,True,99,14.142857142857142
dataset-lcb_v6.model-gemma-12b.alpha4.0.steps100.blocks-1.prefetch-budget-20.rank-accept_first.cut-entropy4.0.samples20.maxnew1024.seed10086.subtreePrefetch.vllm.log,accept_first,sample-008.block-00,8,0,True,100,14.285714285714286
dataset-lcb_v6.model-gemma-12b.alpha4.0.steps100.blocks-1.prefetch-budget-20.rank-accept_first.cut-entropy4.0.samples20.maxnew1024.seed10086.subtreePrefetch.vllm.log,accept_first,sample-009.block-00,9,0,True,1,1.0
dataset-lcb_v6.model-gemma-12b.alpha4.0.steps100.blocks-1.prefetch-budget-20.rank-accept_first.cut-entropy4.0.samples20.maxnew1024.seed10086.subtreePrefetch.vllm.log,accept_first,sample-009.block-00,9,0,True,2,2.0
dataset-lcb_v6.model-gemma-12b.alpha4.0.steps100.blocks-1.prefetch-budget-20.rank-accept_first.cut-entropy4.0.samples20.maxnew1024.seed10086.subtreePrefetch.vllm.log,accept_first,sample-009.block-00,9,0,True,3,1.5
dataset-lcb_v6.model-gemma-12b.alpha4.0.steps100.blocks-1.prefetch-budget-20.rank-accept_first.cut-entropy4.0.samples20.maxnew1024.seed10086.subtreePrefetch.vllm.log,accept_first,sample-009.block-00,9,0,True,4,2.0
dataset-lcb_v6.model-gemma-12b.alpha4.0.steps100.blocks-1.prefetch-budget-20.rank-accept_first.cut-entropy4.0.samples20.maxnew1024.seed10086.subtreePrefetch.vllm.log,accept_first,sample-009.block-00,9,0,True,5,2.5
dataset-lcb_v6.model-gemma-12b.alpha4.0.steps100.blocks-1.prefetch-budget-20.rank-accept_first.cut-entropy4.0.samples20.maxnew1024.seed10086.subtreePrefetch.vllm.log,accept_first,sample-009.block-00,9,0,True,6,2.0
dataset-lcb_v6.model-gemma-12b.alpha4.0.steps100.blocks-1.prefetch-budget-20.rank-accept_first.cut-entropy4.0.samples20.maxnew1024.seed10086.subtreePrefetch.vllm.log,accept_first,sample-009.block-00,9,0,True,7,2.3333333333333335
dataset-lcb_v6.model-gemma-12b.alpha4.0.steps100.blocks-1.prefetch-budget-20.rank-accept_first.cut-entropy4.0.samples20.maxnew1024.seed10086.subtreePrefetch.vllm.log,accept_first,sample-009.block-00,9,0,True,8,2.6666666666666665
dataset-lcb_v6.model-gemma-12b.alpha4.0.steps100.blocks-1.prefetch-budget-20.rank-accept_first.cut-entropy4.0.samples20.maxnew1024.seed10086.subtreePrefetch.vllm.log,accept_first,sample-009.block-00,9,0,True,9,2.25
dataset-lcb_v6.model-gemma-12b.alpha4.0.steps100.blocks-1.prefetch-budget-20.rank-accept_first.cut-entropy4.0.samples20.maxnew1024.seed10086.subtreePrefetch.vllm.log,accept_first,sample-009.block-00,9,0,True,10,2.5
dataset-lcb_v6.model-gemma-12b.alpha4.0.steps100.blocks-1.prefetch-budget-20.rank-accept_first.cut-entropy4.0.samples20.maxnew1024.seed10086.subtreePrefetch.vllm.log,accept_first,sample-009.block-00,9,0,True,11,2.75
dataset-lcb_v6.model-gemma-12b.alpha4.0.steps100.blocks-1.prefetch-budget-20.rank-accept_first.cut-entropy4.0.samples20.maxnew1024.seed10086.subtreePrefetch.vllm.log,accept_first,sample-009.block-00,9,0,True,12,3.0
dataset-lcb_v6.model-gemma-12b.alpha4.0.steps100.blocks-1.prefetch-budget-20.rank-accept_first.cut-entropy4.0.samples20.maxnew1024.seed10086.subtreePrefetch.vllm.log,accept_first,sample-009.block-00,9,0,True,13,3.25
dataset-lcb_v6.model-gemma-12b.alpha4.0.steps100.blocks-1.prefetch-budget-20.rank-accept_first.cut-entropy4.0.samples20.maxnew1024.seed10086.subtreePrefetch.vllm.log,accept_first,sample-009.block-00,9,0,True,14,3.5
dataset-lcb_v6.model-gemma-12b.alpha4.0.steps100.blocks-1.prefetch-budget-20.rank-accept_first.cut-entropy4.0.samples20.maxnew1024.seed10086.subtreePrefetch.vllm.log,accept_first,sample-009.block-00,9,0,True,15,3.75
dataset-lcb_v6.model-gemma-12b.alpha4.0.steps100.blocks-1.prefetch-budget-20.rank-accept_first.cut-entropy4.0.samples20.maxnew1024.seed10086.subtreePrefetch.vllm.log,accept_first,sample-009.block-00,9,0,True,16,3.2
dataset-lcb_v6.model-gemma-12b.alpha4.0.steps100.blocks-1.prefetch-budget-20.rank-accept_first.cut-entropy4.0.samples20.maxnew1024.seed10086.subtreePrefetch.vllm.log,accept_first,sample-009.block-00,9,0,True,17,3.4
dataset-lcb_v6.model-gemma-12b.alpha4.0.steps100.blocks-1.prefetch-budget-20.rank-accept_first.cut-entropy4.0.samples20.maxnew1024.seed10086.subtreePrefetch.vllm.log,accept_first,sample-009.block-00,9,0,True,18,3.6
dataset-lcb_v6.model-gemma-12b.alpha4.0.steps100.blocks-1.prefetch-budget-20.rank-accept_first.cut-entropy4.0.samples20.maxnew1024.seed10086.subtreePrefetch.vllm.log,accept_first,sample-009.block-00,9,0,True,19,3.8
dataset-lcb_v6.model-gemma-12b.alpha4.0.steps100.blocks-1.prefetch-budget-20.rank-accept_first.cut-entropy4.0.samples20.maxnew1024.seed10086.subtreePrefetch.vllm.log,accept_first,sample-009.block-00,9,0,True,20,3.3333333333333335
dataset-lcb_v6.model-gemma-12b.alpha4.0.steps100.blocks-1.prefetch-budget-20.rank-accept_first.cut-entropy4.0.samples20.maxnew1024.seed10086.subtreePrefetch.vllm.log,accept_first,sample-009.block-00,9,0,True,21,3.0
dataset-lcb_v6.model-gemma-12b.alpha4.0.steps100.blocks-1.prefetch-budget-20.rank-accept_first.cut-entropy4.0.samples20.maxnew1024.seed10086.subtreePrefetch.vllm.log,accept_first,sample-009.block-00,9,0,True,22,3.142857142857143
dataset-lcb_v6.model-gemma-12b.alpha4.0.steps100.blocks-1.prefetch-budget-20.rank-accept_first.cut-entropy4.0.samples20.maxnew1024.seed10086.subtreePrefetch.vllm.log,accept_first,sample-009.block-00,9,0,True,23,3.2857142857142856
dataset-lcb_v6.model-gemma-12b.alpha4.0.steps100.blocks-1.prefetch-budget-20.rank-accept_first.cut-entropy4.0.samples20.maxnew1024.seed10086.subtreePrefetch.vllm.log,accept_first,sample-009.block-00,9,0,True,24,3.4285714285714284
dataset-lcb_v6.model-gemma-12b.alpha4.0.steps100.blocks-1.prefetch-budget-20.rank-accept_first.cut-entropy4.0.samples20.maxnew1024.seed10086.subtreePrefetch.vllm.log,accept_first,sample-009.block-00,9,0,True,25,3.5714285714285716
dataset-lcb_v6.model-gemma-12b.alpha4.0.steps100.blocks-1.prefetch-budget-20.rank-accept_first.cut-entropy4.0.samples20.maxnew1024.seed10086.subtreePrefetch.vllm.log,accept_first,sample-009.block-00,9,0,True,26,3.7142857142857144
dataset-lcb_v6.model-gemma-12b.alpha4.0.steps100.blocks-1.prefetch-budget-20.rank-accept_first.cut-entropy4.0.samples20.maxnew1024.seed10086.subtreePrefetch.vllm.log,accept_first,sample-009.block-00,9,0,True,27,3.857142857142857
dataset-lcb_v6.model-gemma-12b.alpha4.0.steps100.blocks-1.prefetch-budget-20.rank-accept_first.cut-entropy4.0.samples20.maxnew1024.seed10086.subtreePrefetch.vllm.log,accept_first,sample-009.block-00,9,0,True,28,3.5
dataset-lcb_v6.model-gemma-12b.alpha4.0.steps100.blocks-1.prefetch-budget-20.rank-accept_first.cut-entropy4.0.samples20.maxnew1024.seed10086.subtreePrefetch.vllm.log,accept_first,sample-009.block-00,9,0,True,29,3.625
dataset-lcb_v6.model-gemma-12b.alpha4.0.steps100.blocks-1.prefetch-budget-20.rank-accept_first.cut-entropy4.0.samples20.maxnew1024.seed10086.subtreePrefetch.vllm.log,accept_first,sample-009.block-00,9,0,True,30,3.75
dataset-lcb_v6.model-gemma-12b.alpha4.0.steps100.blocks-1.prefetch-budget-20.rank-accept_first.cut-entropy4.0.samples20.maxnew1024.seed10086.subtreePrefetch.vllm.log,accept_first,sample-009.block-00,9,0,True,31,3.875
dataset-lcb_v6.model-gemma-12b.alpha4.0.steps100.blocks-1.prefetch-budget-20.rank-accept_first.cut-entropy4.0.samples20.maxnew1024.seed10086.subtreePrefetch.vllm.log,accept_first,sample-009.block-00,9,0,True,32,4.0
dataset-lcb_v6.model-gemma-12b.alpha4.0.steps100.blocks-1.prefetch-budget-20.rank-accept_first.cut-entropy4.0.samples20.maxnew1024.seed10086.subtreePrefetch.vllm.log,accept_first,sample-009.block-00,9,0,True,33,3.6666666666666665
dataset-lcb_v6.model-gemma-12b.alpha4.0.steps100.blocks-1.prefetch-budget-20.rank-accept_first.cut-entropy4.0.samples20.maxnew1024.seed10086.subtreePrefetch.vllm.log,accept_first,sample-009.block-00,9,0,True,34,3.7777777777777777
dataset-lcb_v6.model-gemma-12b.alpha4.0.steps100.blocks-1.prefetch-budget-20.rank-accept_first.cut-entropy4.0.samples20.maxnew1024.seed10086.subtreePrefetch.vllm.log,accept_first,sample-009.block-00,9,0,True,35,3.888888888888889
dataset-lcb_v6.model-gemma-12b.alpha4.0.steps100.blocks-1.prefetch-budget-20.rank-accept_first.cut-entropy4.0.samples20.maxnew1024.seed10086.subtreePrefetch.vllm.log,accept_first,sample-009.block-00,9,0,True,36,4.0
dataset-lcb_v6.model-gemma-12b.alpha4.0.steps100.blocks-1.prefetch-budget-20.rank-accept_first.cut-entropy4.0.samples20.maxnew1024.seed10086.subtreePrefetch.vllm.log,accept_first,sample-009.block-00,9,0,True,37,4.111111111111111
dataset-lcb_v6.model-gemma-12b.alpha4.0.steps100.blocks-1.prefetch-budget-20.rank-accept_first.cut-entropy4.0.samples20.maxnew1024.seed10086.subtreePrefetch.vllm.log,accept_first,sample-009.block-00,9,0,True,38,3.8
dataset-lcb_v6.model-gemma-12b.alpha4.0.steps100.blocks-1.prefetch-budget-20.rank-accept_first.cut-entropy4.0.samples20.maxnew1024.seed10086.subtreePrefetch.vllm.log,accept_first,sample-009.block-00,9,0,True,39,3.9
dataset-lcb_v6.model-gemma-12b.alpha4.0.steps100.blocks-1.prefetch-budget-20.rank-accept_first.cut-entropy4.0.samples20.maxnew1024.seed10086.subtreePrefetch.vllm.log,accept_first,sample-009.block-00,9,0,True,40,4.0
dataset-lcb_v6.model-gemma-12b.alpha4.0.steps100.blocks-1.prefetch-budget-20.rank-accept_first.cut-entropy4.0.samples20.maxnew1024.seed10086.subtreePrefetch.vllm.log,accept_first,sample-009.block-00,9,0,True,41,4.1
dataset-lcb_v6.model-gemma-12b.alpha4.0.steps100.blocks-1.prefetch-budget-20.rank-accept_first.cut-entropy4.0.samples20.maxnew1024.seed10086.subtreePrefetch.vllm.log,accept_first,sample-009.block-00,9,0,True,42,3.8181818181818183
dataset-lcb_v6.model-gemma-12b.alpha4.0.steps100.blocks-1.prefetch-budget-20.rank-accept_first.cut-entropy4.0.samples20.maxnew1024.seed10086.subtreePrefetch.vllm.log,accept_first,sample-009.block-00,9,0,True,43,3.909090909090909
dataset-lcb_v6.model-gemma-12b.alpha4.0.steps100.blocks-1.prefetch-budget-20.rank-accept_first.cut-entropy4.0.samples20.maxnew1024.seed10086.subtreePrefetch.vllm.log,accept_first,sample-009.block-00,9,0,True,44,4.0
dataset-lcb_v6.model-gemma-12b.alpha4.0.steps100.blocks-1.prefetch-budget-20.rank-accept_first.cut-entropy4.0.samples20.maxnew1024.seed10086.subtreePrefetch.vllm.log,accept_first,sample-009.block-00,9,0,True,45,4.090909090909091
dataset-lcb_v6.model-gemma-12b.alpha4.0.steps100.blocks-1.prefetch-budget-20.rank-accept_first.cut-entropy4.0.samples20.maxnew1024.seed10086.subtreePrefetch.vllm.log,accept_first,sample-009.block-00,9,0,True,46,3.8333333333333335
dataset-lcb_v6.model-gemma-12b.alpha4.0.steps100.blocks-1.prefetch-budget-20.rank-accept_first.cut-entropy4.0.samples20.maxnew1024.seed10086.subtreePrefetch.vllm.log,accept_first,sample-009.block-00,9,0,True,47,3.9166666666666665
dataset-lcb_v6.model-gemma-12b.alpha4.0.steps100.blocks-1.prefetch-budget-20.rank-accept_first.cut-entropy4.0.samples20.maxnew1024.seed10086.subtreePrefetch.vllm.log,accept_first,sample-009.block-00,9,0,True,48,4.0
dataset-lcb_v6.model-gemma-12b.alpha4.0.steps100.blocks-1.prefetch-budget-20.rank-accept_first.cut-entropy4.0.samples20.maxnew1024.seed10086.subtreePrefetch.vllm.log,accept_first,sample-009.block-00,9,0,True,49,4.083333333333333
dataset-lcb_v6.model-gemma-12b.alpha4.0.steps100.blocks-1.prefetch-budget-20.rank-accept_first.cut-entropy4.0.samples20.maxnew1024.seed10086.subtreePrefetch.vllm.log,accept_first,sample-009.block-00,9,0,True,50,3.8461538461538463
dataset-lcb_v6.model-gemma-12b.alpha4.0.steps100.blocks-1.prefetch-budget-20.rank-accept_first.cut-entropy4.0.samples20.maxnew1024.seed10086.subtreePrefetch.vllm.log,accept_first,sample-009.block-00,9,0,True,51,3.923076923076923
dataset-lcb_v6.model-gemma-12b.alpha4.0.steps100.blocks-1.prefetch-budget-20.rank-accept_first.cut-entropy4.0.samples20.maxnew1024.seed10086.subtreePrefetch.vllm.log,accept_first,sample-009.block-00,9,0,True,52,4.0
dataset-lcb_v6.model-gemma-12b.alpha4.0.steps100.blocks-1.prefetch-budget-20.rank-accept_first.cut-entropy4.0.samples20.maxnew1024.seed10086.subtreePrefetch.vllm.log,accept_first,sample-009.block-00,9,0,True,53,4.076923076923077
dataset-lcb_v6.model-gemma-12b.alpha4.0.steps100.blocks-1.prefetch-budget-20.rank-accept_first.cut-entropy4.0.samples20.maxnew1024.seed10086.subtreePrefetch.vllm.log,accept_first,sample-009.block-00,9,0,True,54,3.857142857142857
dataset-lcb_v6.model-gemma-12b.alpha4.0.steps100.blocks-1.prefetch-budget-20.rank-accept_first.cut-entropy4.0.samples20.maxnew1024.seed10086.subtreePrefetch.vllm.log,accept_first,sample-009.block-00,9,0,True,55,3.9285714285714284
dataset-lcb_v6.model-gemma-12b.alpha4.0.steps100.blocks-1.prefetch-budget-20.rank-accept_first.cut-entropy4.0.samples20.maxnew1024.seed10086.subtreePrefetch.vllm.log,accept_first,sample-009.block-00,9,0,True,56,4.0
dataset-lcb_v6.model-gemma-12b.alpha4.0.steps100.blocks-1.prefetch-budget-20.rank-accept_first.cut-entropy4.0.samples20.maxnew1024.seed10086.subtreePrefetch.vllm.log,accept_first,sample-009.block-00,9,0,True,57,4.071428571428571
dataset-lcb_v6.model-gemma-12b.alpha4.0.steps100.blocks-1.prefetch-budget-20.rank-accept_first.cut-entropy4.0.samples20.maxnew1024.seed10086.subtreePrefetch.vllm.log,accept_first,sample-009.block-00,9,0,True,58,4.142857142857143
dataset-lcb_v6.model-gemma-12b.alpha4.0.steps100.blocks-1.prefetch-budget-20.rank-accept_first.cut-entropy4.0.samples20.maxnew1024.seed10086.subtreePrefetch.vllm.log,accept_first,sample-009.block-00,9,0,True,59,4.214285714285714
dataset-lcb_v6.model-gemma-12b.alpha4.0.steps100.blocks-1.prefetch-budget-20.rank-accept_first.cut-entropy4.0.samples20.maxnew1024.seed10086.subtreePrefetch.vllm.log,accept_first,sample-009.block-00,9,0,True,60,4.0
dataset-lcb_v6.model-gemma-12b.alpha4.0.steps100.blocks-1.prefetch-budget-20.rank-accept_first.cut-entropy4.0.samples20.maxnew1024.seed10086.subtreePrefetch.vllm.log,accept_first,sample-009.block-00,9,0,True,61,4.066666666666666
dataset-lcb_v6.model-gemma-12b.alpha4.0.steps100.blocks-1.prefetch-budget-20.rank-accept_first.cut-entropy4.0.samples20.maxnew1024.seed10086.subtreePrefetch.vllm.log,accept_first,sample-009.block-00,9,0,True,62,4.133333333333334
dataset-lcb_v6.model-gemma-12b.alpha4.0.steps100.blocks-1.prefetch-budget-20.rank-accept_first.cut-entropy4.0.samples20.maxnew1024.seed10086.subtreePrefetch.vllm.log,accept_first,sample-009.block-00,9,0,True,63,4.2
dataset-lcb_v6.model-gemma-12b.alpha4.0.steps100.blocks-1.prefetch-budget-20.rank-accept_first.cut-entropy4.0.samples20.maxnew1024.seed10086.subtreePrefetch.vllm.log,accept_first,sample-009.block-00,9,0,True,64,4.266666666666667
dataset-lcb_v6.model-gemma-12b.alpha4.0.steps100.blocks-1.prefetch-budget-20.rank-accept_first.cut-entropy4.0.samples20.maxnew1024.seed10086.subtreePrefetch.vllm.log,accept_first,sample-009.block-00,9,0,True,65,4.0625
dataset-lcb_v6.model-gemma-12b.alpha4.0.steps100.blocks-1.prefetch-budget-20.rank-accept_first.cut-entropy4.0.samples20.maxnew1024.seed10086.subtreePrefetch.vllm.log,accept_first,sample-009.block-00,9,0,True,66,4.125
dataset-lcb_v6.model-gemma-12b.alpha4.0.steps100.blocks-1.prefetch-budget-20.rank-accept_first.cut-entropy4.0.samples20.maxnew1024.seed10086.subtreePrefetch.vllm.log,accept_first,sample-009.block-00,9,0,True,67,4.1875
dataset-lcb_v6.model-gemma-12b.alpha4.0.steps100.blocks-1.prefetch-budget-20.rank-accept_first.cut-entropy4.0.samples20.maxnew1024.seed10086.subtreePrefetch.vllm.log,accept_first,sample-009.block-00,9,0,True,68,4.25
dataset-lcb_v6.model-gemma-12b.alpha4.0.steps100.blocks-1.prefetch-budget-20.rank-accept_first.cut-entropy4.0.samples20.maxnew1024.seed10086.subtreePrefetch.vllm.log,accept_first,sample-009.block-00,9,0,True,69,4.0588235294117645
dataset-lcb_v6.model-gemma-12b.alpha4.0.steps100.blocks-1.prefetch-budget-20.rank-accept_first.cut-entropy4.0.samples20.maxnew1024.seed10086.subtreePrefetch.vllm.log,accept_first,sample-009.block-00,9,0,True,70,4.117647058823529
dataset-lcb_v6.model-gemma-12b.alpha4.0.steps100.blocks-1.prefetch-budget-20.rank-accept_first.cut-entropy4.0.samples20.maxnew1024.seed10086.subtreePrefetch.vllm.log,accept_first,sample-009.block-00,9,0,True,71,4.176470588235294
dataset-lcb_v6.model-gemma-12b.alpha4.0.steps100.blocks-1.prefetch-budget-20.rank-accept_first.cut-entropy4.0.samples20.maxnew1024.seed10086.subtreePrefetch.vllm.log,accept_first,sample-009.block-00,9,0,True,72,4.235294117647059
dataset-lcb_v6.model-gemma-12b.alpha4.0.steps100.blocks-1.prefetch-budget-20.rank-accept_first.cut-entropy4.0.samples20.maxnew1024.seed10086.subtreePrefetch.vllm.log,accept_first,sample-009.block-00,9,0,True,73,4.055555555555555
dataset-lcb_v6.model-gemma-12b.alpha4.0.steps100.blocks-1.prefetch-budget-20.rank-accept_first.cut-entropy4.0.samples20.maxnew1024.seed10086.subtreePrefetch.vllm.log,accept_first,sample-009.block-00,9,0,True,74,4.111111111111111
dataset-lcb_v6.model-gemma-12b.alpha4.0.steps100.blocks-1.prefetch-budget-20.rank-accept_first.cut-entropy4.0.samples20.maxnew1024.seed10086.subtreePrefetch.vllm.log,accept_first,sample-009.block-00,9,0,True,75,4.166666666666667
dataset-lcb_v6.model-gemma-12b.alpha4.0.steps100.blocks-1.prefetch-budget-20.rank-accept_first.cut-entropy4.0.samples20.maxnew1024.seed10086.subtreePrefetch.vllm.log,accept_first,sample-009.block-00,9,0,True,76,4.222222222222222
dataset-lcb_v6.model-gemma-12b.alpha4.0.steps100.blocks-1.prefetch-budget-20.rank-accept_first.cut-entropy4.0.samples20.maxnew1024.seed10086.subtreePrefetch.vllm.log,accept_first,sample-009.block-00,9,0,True,77,4.277777777777778
dataset-lcb_v6.model-gemma-12b.alpha4.0.steps100.blocks-1.prefetch-budget-20.rank-accept_first.cut-entropy4.0.samples20.maxnew1024.seed10086.subtreePrefetch.vllm.log,accept_first,sample-009.block-00,9,0,True,78,4.333333333333333
dataset-lcb_v6.model-gemma-12b.alpha4.0.steps100.blocks-1.prefetch-budget-20.rank-accept_first.cut-entropy4.0.samples20.maxnew1024.seed10086.subtreePrefetch.vllm.log,accept_first,sample-009.block-00,9,0,True,79,4.157894736842105
dataset-lcb_v6.model-gemma-12b.alpha4.0.steps100.blocks-1.prefetch-budget-20.rank-accept_first.cut-entropy4.0.samples20.maxnew1024.seed10086.subtreePrefetch.vllm.log,accept_first,sample-009.block-00,9,0,True,80,4.2105263157894735
dataset-lcb_v6.model-gemma-12b.alpha4.0.steps100.blocks-1.prefetch-budget-20.rank-accept_first.cut-entropy4.0.samples20.maxnew1024.seed10086.subtreePrefetch.vllm.log,accept_first,sample-009.block-00,9,0,True,81,4.2631578947368425
dataset-lcb_v6.model-gemma-12b.alpha4.0.steps100.blocks-1.prefetch-budget-20.rank-accept_first.cut-entropy4.0.samples20.maxnew1024.seed10086.subtreePrefetch.vllm.log,accept_first,sample-009.block-00,9,0,True,82,4.315789473684211
dataset-lcb_v6.model-gemma-12b.alpha4.0.steps100.blocks-1.prefetch-budget-20.rank-accept_first.cut-entropy4.0.samples20.maxnew1024.seed10086.subtreePrefetch.vllm.log,accept_first,sample-009.block-00,9,0,True,83,4.15
dataset-lcb_v6.model-gemma-12b.alpha4.0.steps100.blocks-1.prefetch-budget-20.rank-accept_first.cut-entropy4.0.samples20.maxnew1024.seed10086.subtreePrefetch.vllm.log,accept_first,sample-009.block-00,9,0,True,84,4.2
dataset-lcb_v6.model-gemma-12b.alpha4.0.steps100.blocks-1.prefetch-budget-20.rank-accept_first.cut-entropy4.0.samples20.maxnew1024.seed10086.subtreePrefetch.vllm.log,accept_first,sample-009.block-00,9,0,True,85,4.25
dataset-lcb_v6.model-gemma-12b.alpha4.0.steps100.blocks-1.prefetch-budget-20.rank-accept_first.cut-entropy4.0.samples20.maxnew1024.seed10086.subtreePrefetch.vllm.log,accept_first,sample-009.block-00,9,0,True,86,4.3
dataset-lcb_v6.model-gemma-12b.alpha4.0.steps100.blocks-1.prefetch-budget-20.rank-accept_first.cut-entropy4.0.samples20.maxnew1024.seed10086.subtreePrefetch.vllm.log,accept_first,sample-009.block-00,9,0,True,87,4.35
dataset-lcb_v6.model-gemma-12b.alpha4.0.steps100.blocks-1.prefetch-budget-20.rank-accept_first.cut-entropy4.0.samples20.maxnew1024.seed10086.subtreePrefetch.vllm.log,accept_first,sample-009.block-00,9,0,True,88,4.190476190476191
dataset-lcb_v6.model-gemma-12b.alpha4.0.steps100.blocks-1.prefetch-budget-20.rank-accept_first.cut-entropy4.0.samples20.maxnew1024.seed10086.subtreePrefetch.vllm.log,accept_first,sample-009.block-00,9,0,True,89,4.238095238095238
dataset-lcb_v6.model-gemma-12b.alpha4.0.steps100.blocks-1.prefetch-budget-20.rank-accept_first.cut-entropy4.0.samples20.maxnew1024.seed10086.subtreePrefetch.vllm.log,accept_first,sample-009.block-00,9,0,True,90,4.285714285714286
dataset-lcb_v6.model-gemma-12b.alpha4.0.steps100.blocks-1.prefetch-budget-20.rank-accept_first.cut-entropy4.0.samples20.maxnew1024.seed10086.subtreePrefetch.vllm.log,accept_first,sample-009.block-00,9,0,True,91,4.333333333333333
dataset-lcb_v6.model-gemma-12b.alpha4.0.steps100.blocks-1.prefetch-budget-20.rank-accept_first.cut-entropy4.0.samples20.maxnew1024.seed10086.subtreePrefetch.vllm.log,accept_first,sample-009.block-00,9,0,True,92,4.380952380952381
dataset-lcb_v6.model-gemma-12b.alpha4.0.steps100.blocks-1.prefetch-budget-20.rank-accept_first.cut-entropy4.0.samples20.maxnew1024.seed10086.subtreePrefetch.vllm.log,accept_first,sample-009.block-00,9,0,True,93,4.2272727272727275
dataset-lcb_v6.model-gemma-12b.alpha4.0.steps100.blocks-1.prefetch-budget-20.rank-accept_first.cut-entropy4.0.samples20.maxnew1024.seed10086.subtreePrefetch.vllm.log,accept_first,sample-009.block-00,9,0,True,94,4.2727272727272725
dataset-lcb_v6.model-gemma-12b.alpha4.0.steps100.blocks-1.prefetch-budget-20.rank-accept_first.cut-entropy4.0.samples20.maxnew1024.seed10086.subtreePrefetch.vllm.log,accept_first,sample-009.block-00,9,0,True,95,4.318181818181818
dataset-lcb_v6.model-gemma-12b.alpha4.0.steps100.blocks-1.prefetch-budget-20.rank-accept_first.cut-entropy4.0.samples20.maxnew1024.seed10086.subtreePrefetch.vllm.log,accept_first,sample-009.block-00,9,0,True,96,4.363636363636363
dataset-lcb_v6.model-gemma-12b.alpha4.0.steps100.blocks-1.prefetch-budget-20.rank-accept_first.cut-entropy4.0.samples20.maxnew1024.seed10086.subtreePrefetch.vllm.log,accept_first,sample-009.block-00,9,0,True,97,4.409090909090909
dataset-lcb_v6.model-gemma-12b.alpha4.0.steps100.blocks-1.prefetch-budget-20.rank-accept_first.cut-entropy4.0.samples20.maxnew1024.seed10086.subtreePrefetch.vllm.log,accept_first,sample-009.block-00,9,0,True,98,4.260869565217392
dataset-lcb_v6.model-gemma-12b.alpha4.0.steps100.blocks-1.prefetch-budget-20.rank-accept_first.cut-entropy4.0.samples20.maxnew1024.seed10086.subtreePrefetch.vllm.log,accept_first,sample-009.block-00,9,0,True,99,4.304347826086956
dataset-lcb_v6.model-gemma-12b.alpha4.0.steps100.blocks-1.prefetch-budget-20.rank-accept_first.cut-entropy4.0.samples20.maxnew1024.seed10086.subtreePrefetch.vllm.log,accept_first,sample-009.block-00,9,0,True,100,4.3478260869565215
dataset-lcb_v6.model-gemma-12b.alpha4.0.steps100.blocks-1.prefetch-budget-20.rank-accept_first.cut-entropy4.0.samples20.maxnew1024.seed10086.subtreePrefetch.vllm.log,accept_first,sample-010.block-00,10,0,True,1,1.0
dataset-lcb_v6.model-gemma-12b.alpha4.0.steps100.blocks-1.prefetch-budget-20.rank-accept_first.cut-entropy4.0.samples20.maxnew1024.seed10086.subtreePrefetch.vllm.log,accept_first,sample-010.block-00,10,0,True,2,1.0
dataset-lcb_v6.model-gemma-12b.alpha4.0.steps100.blocks-1.prefetch-budget-20.rank-accept_first.cut-entropy4.0.samples20.maxnew1024.seed10086.subtreePrefetch.vllm.log,accept_first,sample-010.block-00,10,0,True,3,1.5
dataset-lcb_v6.model-gemma-12b.alpha4.0.steps100.blocks-1.prefetch-budget-20.rank-accept_first.cut-entropy4.0.samples20.maxnew1024.seed10086.subtreePrefetch.vllm.log,accept_first,sample-010.block-00,10,0,True,4,2.0
dataset-lcb_v6.model-gemma-12b.alpha4.0.steps100.blocks-1.prefetch-budget-20.rank-accept_first.cut-entropy4.0.samples20.maxnew1024.seed10086.subtreePrefetch.vllm.log,accept_first,sample-010.block-00,10,0,True,5,1.6666666666666667
dataset-lcb_v6.model-gemma-12b.alpha4.0.steps100.blocks-1.prefetch-budget-20.rank-accept_first.cut-entropy4.0.samples20.maxnew1024.seed10086.subtreePrefetch.vllm.log,accept_first,sample-010.block-00,10,0,True,6,2.0
dataset-lcb_v6.model-gemma-12b.alpha4.0.steps100.blocks-1.prefetch-budget-20.rank-accept_first.cut-entropy4.0.samples20.maxnew1024.seed10086.subtreePrefetch.vllm.log,accept_first,sample-010.block-00,10,0,True,7,2.3333333333333335
dataset-lcb_v6.model-gemma-12b.alpha4.0.steps100.blocks-1.prefetch-budget-20.rank-accept_first.cut-entropy4.0.samples20.maxnew1024.seed10086.subtreePrefetch.vllm.log,accept_first,sample-010.block-00,10,0,True,8,2.0
dataset-lcb_v6.model-gemma-12b.alpha4.0.steps100.blocks-1.prefetch-budget-20.rank-accept_first.cut-entropy4.0.samples20.maxnew1024.seed10086.subtreePrefetch.vllm.log,accept_first,sample-010.block-00,10,0,True,9,2.25
dataset-lcb_v6.model-gemma-12b.alpha4.0.steps100.blocks-1.prefetch-budget-20.rank-accept_first.cut-entropy4.0.samples20.maxnew1024.seed10086.subtreePrefetch.vllm.log,accept_first,sample-010.block-00,10,0,True,10,2.5
dataset-lcb_v6.model-gemma-12b.alpha4.0.steps100.blocks-1.prefetch-budget-20.rank-accept_first.cut-entropy4.0.samples20.maxnew1024.seed10086.subtreePrefetch.vllm.log,accept_first,sample-010.block-00,10,0,True,11,2.75
dataset-lcb_v6.model-gemma-12b.alpha4.0.steps100.blocks-1.prefetch-budget-20.rank-accept_first.cut-entropy4.0.samples20.maxnew1024.seed10086.subtreePrefetch.vllm.log,accept_first,sample-010.block-00,10,0,True,12,3.0
dataset-lcb_v6.model-gemma-12b.alpha4.0.steps100.blocks-1.prefetch-budget-20.rank-accept_first.cut-entropy4.0.samples20.maxnew1024.seed10086.subtreePrefetch.vllm.log,accept_first,sample-010.block-00,10,0,True,13,2.6
dataset-lcb_v6.model-gemma-12b.alpha4.0.steps100.blocks-1.prefetch-budget-20.rank-accept_first.cut-entropy4.0.samples20.maxnew1024.seed10086.subtreePrefetch.vllm.log,accept_first,sample-010.block-00,10,0,True,14,2.3333333333333335
dataset-lcb_v6.model-gemma-12b.alpha4.0.steps100.blocks-1.prefetch-budget-20.rank-accept_first.cut-entropy4.0.samples20.maxnew1024.seed10086.subtreePrefetch.vllm.log,accept_first,sample-010.block-00,10,0,True,15,2.5
dataset-lcb_v6.model-gemma-12b.alpha4.0.steps100.blocks-1.prefetch-budget-20.rank-accept_first.cut-entropy4.0.samples20.maxnew1024.seed10086.subtreePrefetch.vllm.log,accept_first,sample-010.block-00,10,0,True,16,2.6666666666666665
dataset-lcb_v6.model-gemma-12b.alpha4.0.steps100.blocks-1.prefetch-budget-20.rank-accept_first.cut-entropy4.0.samples20.maxnew1024.seed10086.subtreePrefetch.vllm.log,accept_first,sample-010.block-00,10,0,True,17,2.4285714285714284
dataset-lcb_v6.model-gemma-12b.alpha4.0.steps100.blocks-1.prefetch-budget-20.rank-accept_first.cut-entropy4.0.samples20.maxnew1024.seed10086.subtreePrefetch.vllm.log,accept_first,sample-010.block-00,10,0,True,18,2.5714285714285716
dataset-lcb_v6.model-gemma-12b.alpha4.0.steps100.blocks-1.prefetch-budget-20.rank-accept_first.cut-entropy4.0.samples20.maxnew1024.seed10086.subtreePrefetch.vllm.log,accept_first,sample-010.block-00,10,0,True,19,2.375
dataset-lcb_v6.model-gemma-12b.alpha4.0.steps100.blocks-1.prefetch-budget-20.rank-accept_first.cut-entropy4.0.samples20.maxnew1024.seed10086.subtreePrefetch.vllm.log,accept_first,sample-010.block-00,10,0,True,20,2.5
dataset-lcb_v6.model-gemma-12b.alpha4.0.steps100.blocks-1.prefetch-budget-20.rank-accept_first.cut-entropy4.0.samples20.maxnew1024.seed10086.subtreePrefetch.vllm.log,accept_first,sample-010.block-00,10,0,True,21,2.3333333333333335
dataset-lcb_v6.model-gemma-12b.alpha4.0.steps100.blocks-1.prefetch-budget-20.rank-accept_first.cut-entropy4.0.samples20.maxnew1024.seed10086.subtreePrefetch.vllm.log,accept_first,sample-010.block-00,10,0,True,22,2.4444444444444446
dataset-lcb_v6.model-gemma-12b.alpha4.0.steps100.blocks-1.prefetch-budget-20.rank-accept_first.cut-entropy4.0.samples20.maxnew1024.seed10086.subtreePrefetch.vllm.log,accept_first,sample-010.block-00,10,0,True,23,2.3
dataset-lcb_v6.model-gemma-12b.alpha4.0.steps100.blocks-1.prefetch-budget-20.rank-accept_first.cut-entropy4.0.samples20.maxnew1024.seed10086.subtreePrefetch.vllm.log,accept_first,sample-010.block-00,10,0,True,24,2.1818181818181817
dataset-lcb_v6.model-gemma-12b.alpha4.0.steps100.blocks-1.prefetch-budget-20.rank-accept_first.cut-entropy4.0.samples20.maxnew1024.seed10086.subtreePrefetch.vllm.log,accept_first,sample-010.block-00,10,0,True,25,2.0833333333333335
dataset-lcb_v6.model-gemma-12b.alpha4.0.steps100.blocks-1.prefetch-budget-20.rank-accept_first.cut-entropy4.0.samples20.maxnew1024.seed10086.subtreePrefetch.vllm.log,accept_first,sample-010.block-00,10,0,True,26,2.1666666666666665
dataset-lcb_v6.model-gemma-12b.alpha4.0.steps100.blocks-1.prefetch-budget-20.rank-accept_first.cut-entropy4.0.samples20.maxnew1024.seed10086.subtreePrefetch.vllm.log,accept_first,sample-010.block-00,10,0,True,27,2.25
dataset-lcb_v6.model-gemma-12b.alpha4.0.steps100.blocks-1.prefetch-budget-20.rank-accept_first.cut-entropy4.0.samples20.maxnew1024.seed10086.subtreePrefetch.vllm.log,accept_first,sample-010.block-00,10,0,True,28,2.3333333333333335
dataset-lcb_v6.model-gemma-12b.alpha4.0.steps100.blocks-1.prefetch-budget-20.rank-accept_first.cut-entropy4.0.samples20.maxnew1024.seed10086.subtreePrefetch.vllm.log,accept_first,sample-010.block-00,10,0,True,29,2.230769230769231
dataset-lcb_v6.model-gemma-12b.alpha4.0.steps100.blocks-1.prefetch-budget-20.rank-accept_first.cut-entropy4.0.samples20.maxnew1024.seed10086.subtreePrefetch.vllm.log,accept_first,sample-010.block-00,10,0,True,30,2.3076923076923075
dataset-lcb_v6.model-gemma-12b.alpha4.0.steps100.blocks-1.prefetch-budget-20.rank-accept_first.cut-entropy4.0.samples20.maxnew1024.seed10086.subtreePrefetch.vllm.log,accept_first,sample-010.block-00,10,0,True,31,2.3846153846153846
dataset-lcb_v6.model-gemma-12b.alpha4.0.steps100.blocks-1.prefetch-budget-20.rank-accept_first.cut-entropy4.0.samples20.maxnew1024.seed10086.subtreePrefetch.vllm.log,accept_first,sample-010.block-00,10,0,True,32,2.4615384615384617
dataset-lcb_v6.model-gemma-12b.alpha4.0.steps100.blocks-1.prefetch-budget-20.rank-accept_first.cut-entropy4.0.samples20.maxnew1024.seed10086.subtreePrefetch.vllm.log,accept_first,sample-010.block-00,10,0,True,33,2.357142857142857
dataset-lcb_v6.model-gemma-12b.alpha4.0.steps100.blocks-1.prefetch-budget-20.rank-accept_first.cut-entropy4.0.samples20.maxnew1024.seed10086.subtreePrefetch.vllm.log,accept_first,sample-010.block-00,10,0,True,34,2.2666666666666666
dataset-lcb_v6.model-gemma-12b.alpha4.0.steps100.blocks-1.prefetch-budget-20.rank-accept_first.cut-entropy4.0.samples20.maxnew1024.seed10086.subtreePrefetch.vllm.log,accept_first,sample-010.block-00,10,0,True,35,2.3333333333333335
dataset-lcb_v6.model-gemma-12b.alpha4.0.steps100.blocks-1.prefetch-budget-20.rank-accept_first.cut-entropy4.0.samples20.maxnew1024.seed10086.subtreePrefetch.vllm.log,accept_first,sample-010.block-00,10,0,True,36,2.4
dataset-lcb_v6.model-gemma-12b.alpha4.0.steps100.blocks-1.prefetch-budget-20.rank-accept_first.cut-entropy4.0.samples20.maxnew1024.seed10086.subtreePrefetch.vllm.log,accept_first,sample-010.block-00,10,0,True,37,2.466666666666667
dataset-lcb_v6.model-gemma-12b.alpha4.0.steps100.blocks-1.prefetch-budget-20.rank-accept_first.cut-entropy4.0.samples20.maxnew1024.seed10086.subtreePrefetch.vllm.log,accept_first,sample-010.block-00,10,0,True,38,2.533333333333333
dataset-lcb_v6.model-gemma-12b.alpha4.0.steps100.blocks-1.prefetch-budget-20.rank-accept_first.cut-entropy4.0.samples20.maxnew1024.seed10086.subtreePrefetch.vllm.log,accept_first,sample-010.block-00,10,0,True,39,2.6
dataset-lcb_v6.model-gemma-12b.alpha4.0.steps100.blocks-1.prefetch-budget-20.rank-accept_first.cut-entropy4.0.samples20.maxnew1024.seed10086.subtreePrefetch.vllm.log,accept_first,sample-010.block-00,10,0,True,40,2.5
dataset-lcb_v6.model-gemma-12b.alpha4.0.steps100.blocks-1.prefetch-budget-20.rank-accept_first.cut-entropy4.0.samples20.maxnew1024.seed10086.subtreePrefetch.vllm.log,accept_first,sample-010.block-00,10,0,True,41,2.5625
dataset-lcb_v6.model-gemma-12b.alpha4.0.steps100.blocks-1.prefetch-budget-20.rank-accept_first.cut-entropy4.0.samples20.maxnew1024.seed10086.subtreePrefetch.vllm.log,accept_first,sample-010.block-00,10,0,True,42,2.625
dataset-lcb_v6.model-gemma-12b.alpha4.0.steps100.blocks-1.prefetch-budget-20.rank-accept_first.cut-entropy4.0.samples20.maxnew1024.seed10086.subtreePrefetch.vllm.log,accept_first,sample-010.block-00,10,0,True,43,2.6875
dataset-lcb_v6.model-gemma-12b.alpha4.0.steps100.blocks-1.prefetch-budget-20.rank-accept_first.cut-entropy4.0.samples20.maxnew1024.seed10086.subtreePrefetch.vllm.log,accept_first,sample-010.block-00,10,0,True,44,2.75
dataset-lcb_v6.model-gemma-12b.alpha4.0.steps100.blocks-1.prefetch-budget-20.rank-accept_first.cut-entropy4.0.samples20.maxnew1024.seed10086.subtreePrefetch.vllm.log,accept_first,sample-010.block-00,10,0,True,45,2.6470588235294117
dataset-lcb_v6.model-gemma-12b.alpha4.0.steps100.blocks-1.prefetch-budget-20.rank-accept_first.cut-entropy4.0.samples20.maxnew1024.seed10086.subtreePrefetch.vllm.log,accept_first,sample-010.block-00,10,0,True,46,2.7058823529411766
dataset-lcb_v6.model-gemma-12b.alpha4.0.steps100.blocks-1.prefetch-budget-20.rank-accept_first.cut-entropy4.0.samples20.maxnew1024.seed10086.subtreePrefetch.vllm.log,accept_first,sample-010.block-00,10,0,True,47,2.611111111111111
dataset-lcb_v6.model-gemma-12b.alpha4.0.steps100.blocks-1.prefetch-budget-20.rank-accept_first.cut-entropy4.0.samples20.maxnew1024.seed10086.subtreePrefetch.vllm.log,accept_first,sample-010.block-00,10,0,True,48,2.6666666666666665
dataset-lcb_v6.model-gemma-12b.alpha4.0.steps100.blocks-1.prefetch-budget-20.rank-accept_first.cut-entropy4.0.samples20.maxnew1024.seed10086.subtreePrefetch.vllm.log,accept_first,sample-010.block-00,10,0,True,49,2.7222222222222223
dataset-lcb_v6.model-gemma-12b.alpha4.0.steps100.blocks-1.prefetch-budget-20.rank-accept_first.cut-entropy4.0.samples20.maxnew1024.seed10086.subtreePrefetch.vllm.log,accept_first,sample-010.block-00,10,0,True,50,2.6315789473684212
dataset-lcb_v6.model-gemma-12b.alpha4.0.steps100.blocks-1.prefetch-budget-20.rank-accept_first.cut-entropy4.0.samples20.maxnew1024.seed10086.subtreePrefetch.vllm.log,accept_first,sample-010.block-00,10,0,True,51,2.6842105263157894
dataset-lcb_v6.model-gemma-12b.alpha4.0.steps100.blocks-1.prefetch-budget-20.rank-accept_first.cut-entropy4.0.samples20.maxnew1024.seed10086.subtreePrefetch.vllm.log,accept_first,sample-010.block-00,10,0,True,52,2.736842105263158
dataset-lcb_v6.model-gemma-12b.alpha4.0.steps100.blocks-1.prefetch-budget-20.rank-accept_first.cut-entropy4.0.samples20.maxnew1024.seed10086.subtreePrefetch.vllm.log,accept_first,sample-010.block-00,10,0,True,53,2.789473684210526
dataset-lcb_v6.model-gemma-12b.alpha4.0.steps100.blocks-1.prefetch-budget-20.rank-accept_first.cut-entropy4.0.samples20.maxnew1024.seed10086.subtreePrefetch.vllm.log,accept_first,sample-010.block-00,10,0,True,54,2.8421052631578947
dataset-lcb_v6.model-gemma-12b.alpha4.0.steps100.blocks-1.prefetch-budget-20.rank-accept_first.cut-entropy4.0.samples20.maxnew1024.seed10086.subtreePrefetch.vllm.log,accept_first,sample-010.block-00,10,0,True,55,2.8947368421052633
dataset-lcb_v6.model-gemma-12b.alpha4.0.steps100.blocks-1.prefetch-budget-20.rank-accept_first.cut-entropy4.0.samples20.maxnew1024.seed10086.subtreePrefetch.vllm.log,accept_first,sample-010.block-00,10,0,True,56,2.9473684210526314
dataset-lcb_v6.model-gemma-12b.alpha4.0.steps100.blocks-1.prefetch-budget-20.rank-accept_first.cut-entropy4.0.samples20.maxnew1024.seed10086.subtreePrefetch.vllm.log,accept_first,sample-010.block-00,10,0,True,57,2.85
dataset-lcb_v6.model-gemma-12b.alpha4.0.steps100.blocks-1.prefetch-budget-20.rank-accept_first.cut-entropy4.0.samples20.maxnew1024.seed10086.subtreePrefetch.vllm.log,accept_first,sample-010.block-00,10,0,True,58,2.9
dataset-lcb_v6.model-gemma-12b.alpha4.0.steps100.blocks-1.prefetch-budget-20.rank-accept_first.cut-entropy4.0.samples20.maxnew1024.seed10086.subtreePrefetch.vllm.log,accept_first,sample-010.block-00,10,0,True,59,2.95
dataset-lcb_v6.model-gemma-12b.alpha4.0.steps100.blocks-1.prefetch-budget-20.rank-accept_first.cut-entropy4.0.samples20.maxnew1024.seed10086.subtreePrefetch.vllm.log,accept_first,sample-010.block-00,10,0,True,60,2.857142857142857
dataset-lcb_v6.model-gemma-12b.alpha4.0.steps100.blocks-1.prefetch-budget-20.rank-accept_first.cut-entropy4.0.samples20.maxnew1024.seed10086.subtreePrefetch.vllm.log,accept_first,sample-010.block-00,10,0,True,61,2.772727272727273
dataset-lcb_v6.model-gemma-12b.alpha4.0.steps100.blocks-1.prefetch-budget-20.rank-accept_first.cut-entropy4.0.samples20.maxnew1024.seed10086.subtreePrefetch.vllm.log,accept_first,sample-010.block-00,10,0,True,62,2.6956521739130435
dataset-lcb_v6.model-gemma-12b.alpha4.0.steps100.blocks-1.prefetch-budget-20.rank-accept_first.cut-entropy4.0.samples20.maxnew1024.seed10086.subtreePrefetch.vllm.log,accept_first,sample-010.block-00,10,0,True,63,2.625
dataset-lcb_v6.model-gemma-12b.alpha4.0.steps100.blocks-1.prefetch-budget-20.rank-accept_first.cut-entropy4.0.samples20.maxnew1024.seed10086.subtreePrefetch.vllm.log,accept_first,sample-010.block-00,10,0,True,64,2.6666666666666665
dataset-lcb_v6.model-gemma-12b.alpha4.0.steps100.blocks-1.prefetch-budget-20.rank-accept_first.cut-entropy4.0.samples20.maxnew1024.seed10086.subtreePrefetch.vllm.log,accept_first,sample-010.block-00,10,0,True,65,2.7083333333333335
dataset-lcb_v6.model-gemma-12b.alpha4.0.steps100.blocks-1.prefetch-budget-20.rank-accept_first.cut-entropy4.0.samples20.maxnew1024.seed10086.subtreePrefetch.vllm.log,accept_first,sample-010.block-00,10,0,True,66,2.75
dataset-lcb_v6.model-gemma-12b.alpha4.0.steps100.blocks-1.prefetch-budget-20.rank-accept_first.cut-entropy4.0.samples20.maxnew1024.seed10086.subtreePrefetch.vllm.log,accept_first,sample-010.block-00,10,0,True,67,2.68
dataset-lcb_v6.model-gemma-12b.alpha4.0.steps100.blocks-1.prefetch-budget-20.rank-accept_first.cut-entropy4.0.samples20.maxnew1024.seed10086.subtreePrefetch.vllm.log,accept_first,sample-010.block-00,10,0,True,68,2.72
dataset-lcb_v6.model-gemma-12b.alpha4.0.steps100.blocks-1.prefetch-budget-20.rank-accept_first.cut-entropy4.0.samples20.maxnew1024.seed10086.subtreePrefetch.vllm.log,accept_first,sample-010.block-00,10,0,True,69,2.76
dataset-lcb_v6.model-gemma-12b.alpha4.0.steps100.blocks-1.prefetch-budget-20.rank-accept_first.cut-entropy4.0.samples20.maxnew1024.seed10086.subtreePrefetch.vllm.log,accept_first,sample-010.block-00,10,0,True,70,2.6923076923076925
dataset-lcb_v6.model-gemma-12b.alpha4.0.steps100.blocks-1.prefetch-budget-20.rank-accept_first.cut-entropy4.0.samples20.maxnew1024.seed10086.subtreePrefetch.vllm.log,accept_first,sample-010.block-00,10,0,True,71,2.730769230769231
dataset-lcb_v6.model-gemma-12b.alpha4.0.steps100.blocks-1.prefetch-budget-20.rank-accept_first.cut-entropy4.0.samples20.maxnew1024.seed10086.subtreePrefetch.vllm.log,accept_first,sample-010.block-00,10,0,True,72,2.769230769230769
dataset-lcb_v6.model-gemma-12b.alpha4.0.steps100.blocks-1.prefetch-budget-20.rank-accept_first.cut-entropy4.0.samples20.maxnew1024.seed10086.subtreePrefetch.vllm.log,accept_first,sample-010.block-00,10,0,True,73,2.8076923076923075
dataset-lcb_v6.model-gemma-12b.alpha4.0.steps100.blocks-1.prefetch-budget-20.rank-accept_first.cut-entropy4.0.samples20.maxnew1024.seed10086.subtreePrefetch.vllm.log,accept_first,sample-010.block-00,10,0,True,74,2.8461538461538463
dataset-lcb_v6.model-gemma-12b.alpha4.0.steps100.blocks-1.prefetch-budget-20.rank-accept_first.cut-entropy4.0.samples20.maxnew1024.seed10086.subtreePrefetch.vllm.log,accept_first,sample-010.block-00,10,0,True,75,2.8846153846153846
dataset-lcb_v6.model-gemma-12b.alpha4.0.steps100.blocks-1.prefetch-budget-20.rank-accept_first.cut-entropy4.0.samples20.maxnew1024.seed10086.subtreePrefetch.vllm.log,accept_first,sample-010.block-00,10,0,True,76,2.814814814814815
dataset-lcb_v6.model-gemma-12b.alpha4.0.steps100.blocks-1.prefetch-budget-20.rank-accept_first.cut-entropy4.0.samples20.maxnew1024.seed10086.subtreePrefetch.vllm.log,accept_first,sample-010.block-00,10,0,True,77,2.75
dataset-lcb_v6.model-gemma-12b.alpha4.0.steps100.blocks-1.prefetch-budget-20.rank-accept_first.cut-entropy4.0.samples20.maxnew1024.seed10086.subtreePrefetch.vllm.log,accept_first,sample-010.block-00,10,0,True,78,2.689655172413793
dataset-lcb_v6.model-gemma-12b.alpha4.0.steps100.blocks-1.prefetch-budget-20.rank-accept_first.cut-entropy4.0.samples20.maxnew1024.seed10086.subtreePrefetch.vllm.log,accept_first,sample-010.block-00,10,0,True,79,2.7241379310344827
dataset-lcb_v6.model-gemma-12b.alpha4.0.steps100.blocks-1.prefetch-budget-20.rank-accept_first.cut-entropy4.0.samples20.maxnew1024.seed10086.subtreePrefetch.vllm.log,accept_first,sample-010.block-00,10,0,True,80,2.7586206896551726
dataset-lcb_v6.model-gemma-12b.alpha4.0.steps100.blocks-1.prefetch-budget-20.rank-accept_first.cut-entropy4.0.samples20.maxnew1024.seed10086.subtreePrefetch.vllm.log,accept_first,sample-010.block-00,10,0,True,81,2.7
dataset-lcb_v6.model-gemma-12b.alpha4.0.steps100.blocks-1.prefetch-budget-20.rank-accept_first.cut-entropy4.0.samples20.maxnew1024.seed10086.subtreePrefetch.vllm.log,accept_first,sample-010.block-00,10,0,True,82,2.7333333333333334
dataset-lcb_v6.model-gemma-12b.alpha4.0.steps100.blocks-1.prefetch-budget-20.rank-accept_first.cut-entropy4.0.samples20.maxnew1024.seed10086.subtreePrefetch.vllm.log,accept_first,sample-010.block-00,10,0,True,83,2.6774193548387095
dataset-lcb_v6.model-gemma-12b.alpha4.0.steps100.blocks-1.prefetch-budget-20.rank-accept_first.cut-entropy4.0.samples20.maxnew1024.seed10086.subtreePrefetch.vllm.log,accept_first,sample-010.block-00,10,0,True,84,2.7096774193548385
dataset-lcb_v6.model-gemma-12b.alpha4.0.steps100.blocks-1.prefetch-budget-20.rank-accept_first.cut-entropy4.0.samples20.maxnew1024.seed10086.subtreePrefetch.vllm.log,accept_first,sample-010.block-00,10,0,True,85,2.65625
dataset-lcb_v6.model-gemma-12b.alpha4.0.steps100.blocks-1.prefetch-budget-20.rank-accept_first.cut-entropy4.0.samples20.maxnew1024.seed10086.subtreePrefetch.vllm.log,accept_first,sample-010.block-00,10,0,True,86,2.606060606060606
dataset-lcb_v6.model-gemma-12b.alpha4.0.steps100.blocks-1.prefetch-budget-20.rank-accept_first.cut-entropy4.0.samples20.maxnew1024.seed10086.subtreePrefetch.vllm.log,accept_first,sample-010.block-00,10,0,True,87,2.6363636363636362
dataset-lcb_v6.model-gemma-12b.alpha4.0.steps100.blocks-1.prefetch-budget-20.rank-accept_first.cut-entropy4.0.samples20.maxnew1024.seed10086.subtreePrefetch.vllm.log,accept_first,sample-010.block-00,10,0,True,88,2.6666666666666665
dataset-lcb_v6.model-gemma-12b.alpha4.0.steps100.blocks-1.prefetch-budget-20.rank-accept_first.cut-entropy4.0.samples20.maxnew1024.seed10086.subtreePrefetch.vllm.log,accept_first,sample-010.block-00,10,0,True,89,2.696969696969697
dataset-lcb_v6.model-gemma-12b.alpha4.0.steps100.blocks-1.prefetch-budget-20.rank-accept_first.cut-entropy4.0.samples20.maxnew1024.seed10086.subtreePrefetch.vllm.log,accept_first,sample-010.block-00,10,0,True,90,2.727272727272727
dataset-lcb_v6.model-gemma-12b.alpha4.0.steps100.blocks-1.prefetch-budget-20.rank-accept_first.cut-entropy4.0.samples20.maxnew1024.seed10086.subtreePrefetch.vllm.log,accept_first,sample-010.block-00,10,0,True,91,2.757575757575758
dataset-lcb_v6.model-gemma-12b.alpha4.0.steps100.blocks-1.prefetch-budget-20.rank-accept_first.cut-entropy4.0.samples20.maxnew1024.seed10086.subtreePrefetch.vllm.log,accept_first,sample-010.block-00,10,0,True,92,2.787878787878788
dataset-lcb_v6.model-gemma-12b.alpha4.0.steps100.blocks-1.prefetch-budget-20.rank-accept_first.cut-entropy4.0.samples20.maxnew1024.seed10086.subtreePrefetch.vllm.log,accept_first,sample-010.block-00,10,0,True,93,2.8181818181818183
dataset-lcb_v6.model-gemma-12b.alpha4.0.steps100.blocks-1.prefetch-budget-20.rank-accept_first.cut-entropy4.0.samples20.maxnew1024.seed10086.subtreePrefetch.vllm.log,accept_first,sample-010.block-00,10,0,True,94,2.8484848484848486
dataset-lcb_v6.model-gemma-12b.alpha4.0.steps100.blocks-1.prefetch-budget-20.rank-accept_first.cut-entropy4.0.samples20.maxnew1024.seed10086.subtreePrefetch.vllm.log,accept_first,sample-010.block-00,10,0,True,95,2.878787878787879
dataset-lcb_v6.model-gemma-12b.alpha4.0.steps100.blocks-1.prefetch-budget-20.rank-accept_first.cut-entropy4.0.samples20.maxnew1024.seed10086.subtreePrefetch.vllm.log,accept_first,sample-010.block-00,10,0,True,96,2.909090909090909
dataset-lcb_v6.model-gemma-12b.alpha4.0.steps100.blocks-1.prefetch-budget-20.rank-accept_first.cut-entropy4.0.samples20.maxnew1024.seed10086.subtreePrefetch.vllm.log,accept_first,sample-010.block-00,10,0,True,97,2.8529411764705883
dataset-lcb_v6.model-gemma-12b.alpha4.0.steps100.blocks-1.prefetch-budget-20.rank-accept_first.cut-entropy4.0.samples20.maxnew1024.seed10086.subtreePrefetch.vllm.log,accept_first,sample-010.block-00,10,0,True,98,2.8823529411764706
dataset-lcb_v6.model-gemma-12b.alpha4.0.steps100.blocks-1.prefetch-budget-20.rank-accept_first.cut-entropy4.0.samples20.maxnew1024.seed10086.subtreePrefetch.vllm.log,accept_first,sample-010.block-00,10,0,True,99,2.8285714285714287
dataset-lcb_v6.model-gemma-12b.alpha4.0.steps100.blocks-1.prefetch-budget-20.rank-accept_first.cut-entropy4.0.samples20.maxnew1024.seed10086.subtreePrefetch.vllm.log,accept_first,sample-010.block-00,10,0,True,100,2.857142857142857
dataset-lcb_v6.model-gemma-12b.alpha4.0.steps100.blocks-1.prefetch-budget-20.rank-accept_first.cut-entropy4.0.samples20.maxnew1024.seed10086.subtreePrefetch.vllm.log,accept_first,sample-011.block-00,11,0,True,1,1.0
dataset-lcb_v6.model-gemma-12b.alpha4.0.steps100.blocks-1.prefetch-budget-20.rank-accept_first.cut-entropy4.0.samples20.maxnew1024.seed10086.subtreePrefetch.vllm.log,accept_first,sample-011.block-00,11,0,True,2,1.0
dataset-lcb_v6.model-gemma-12b.alpha4.0.steps100.blocks-1.prefetch-budget-20.rank-accept_first.cut-entropy4.0.samples20.maxnew1024.seed10086.subtreePrefetch.vllm.log,accept_first,sample-011.block-00,11,0,True,3,1.5
dataset-lcb_v6.model-gemma-12b.alpha4.0.steps100.blocks-1.prefetch-budget-20.rank-accept_first.cut-entropy4.0.samples20.maxnew1024.seed10086.subtreePrefetch.vllm.log,accept_first,sample-011.block-00,11,0,True,4,2.0
dataset-lcb_v6.model-gemma-12b.alpha4.0.steps100.blocks-1.prefetch-budget-20.rank-accept_first.cut-entropy4.0.samples20.maxnew1024.seed10086.subtreePrefetch.vllm.log,accept_first,sample-011.block-00,11,0,True,5,2.5
dataset-lcb_v6.model-gemma-12b.alpha4.0.steps100.blocks-1.prefetch-budget-20.rank-accept_first.cut-entropy4.0.samples20.maxnew1024.seed10086.subtreePrefetch.vllm.log,accept_first,sample-011.block-00,11,0,True,6,2.0
dataset-lcb_v6.model-gemma-12b.alpha4.0.steps100.blocks-1.prefetch-budget-20.rank-accept_first.cut-entropy4.0.samples20.maxnew1024.seed10086.subtreePrefetch.vllm.log,accept_first,sample-011.block-00,11,0,True,7,1.75
dataset-lcb_v6.model-gemma-12b.alpha4.0.steps100.blocks-1.prefetch-budget-20.rank-accept_first.cut-entropy4.0.samples20.maxnew1024.seed10086.subtreePrefetch.vllm.log,accept_first,sample-011.block-00,11,0,True,8,1.6
dataset-lcb_v6.model-gemma-12b.alpha4.0.steps100.blocks-1.prefetch-budget-20.rank-accept_first.cut-entropy4.0.samples20.maxnew1024.seed10086.subtreePrefetch.vllm.log,accept_first,sample-011.block-00,11,0,True,9,1.5
dataset-lcb_v6.model-gemma-12b.alpha4.0.steps100.blocks-1.prefetch-budget-20.rank-accept_first.cut-entropy4.0.samples20.maxnew1024.seed10086.subtreePrefetch.vllm.log,accept_first,sample-011.block-00,11,0,True,10,1.6666666666666667
dataset-lcb_v6.model-gemma-12b.alpha4.0.steps100.blocks-1.prefetch-budget-20.rank-accept_first.cut-entropy4.0.samples20.maxnew1024.seed10086.subtreePrefetch.vllm.log,accept_first,sample-011.block-00,11,0,True,11,1.8333333333333333
dataset-lcb_v6.model-gemma-12b.alpha4.0.steps100.blocks-1.prefetch-budget-20.rank-accept_first.cut-entropy4.0.samples20.maxnew1024.seed10086.subtreePrefetch.vllm.log,accept_first,sample-011.block-00,11,0,True,12,2.0
dataset-lcb_v6.model-gemma-12b.alpha4.0.steps100.blocks-1.prefetch-budget-20.rank-accept_first.cut-entropy4.0.samples20.maxnew1024.seed10086.subtreePrefetch.vllm.log,accept_first,sample-011.block-00,11,0,True,13,2.1666666666666665
dataset-lcb_v6.model-gemma-12b.alpha4.0.steps100.blocks-1.prefetch-budget-20.rank-accept_first.cut-entropy4.0.samples20.maxnew1024.seed10086.subtreePrefetch.vllm.log,accept_first,sample-011.block-00,11,0,True,14,2.0
dataset-lcb_v6.model-gemma-12b.alpha4.0.steps100.blocks-1.prefetch-budget-20.rank-accept_first.cut-entropy4.0.samples20.maxnew1024.seed10086.subtreePrefetch.vllm.log,accept_first,sample-011.block-00,11,0,True,15,2.142857142857143
dataset-lcb_v6.model-gemma-12b.alpha4.0.steps100.blocks-1.prefetch-budget-20.rank-accept_first.cut-entropy4.0.samples20.maxnew1024.seed10086.subtreePrefetch.vllm.log,accept_first,sample-011.block-00,11,0,True,16,2.2857142857142856
dataset-lcb_v6.model-gemma-12b.alpha4.0.steps100.blocks-1.prefetch-budget-20.rank-accept_first.cut-entropy4.0.samples20.maxnew1024.seed10086.subtreePrefetch.vllm.log,accept_first,sample-011.block-00,11,0,True,17,2.4285714285714284
dataset-lcb_v6.model-gemma-12b.alpha4.0.steps100.blocks-1.prefetch-budget-20.rank-accept_first.cut-entropy4.0.samples20.maxnew1024.seed10086.subtreePrefetch.vllm.log,accept_first,sample-011.block-00,11,0,True,18,2.25
dataset-lcb_v6.model-gemma-12b.alpha4.0.steps100.blocks-1.prefetch-budget-20.rank-accept_first.cut-entropy4.0.samples20.maxnew1024.seed10086.subtreePrefetch.vllm.log,accept_first,sample-011.block-00,11,0,True,19,2.375
dataset-lcb_v6.model-gemma-12b.alpha4.0.steps100.blocks-1.prefetch-budget-20.rank-accept_first.cut-entropy4.0.samples20.maxnew1024.seed10086.subtreePrefetch.vllm.log,accept_first,sample-011.block-00,11,0,True,20,2.5
dataset-lcb_v6.model-gemma-12b.alpha4.0.steps100.blocks-1.prefetch-budget-20.rank-accept_first.cut-entropy4.0.samples20.maxnew1024.seed10086.subtreePrefetch.vllm.log,accept_first,sample-011.block-00,11,0,True,21,2.625
dataset-lcb_v6.model-gemma-12b.alpha4.0.steps100.blocks-1.prefetch-budget-20.rank-accept_first.cut-entropy4.0.samples20.maxnew1024.seed10086.subtreePrefetch.vllm.log,accept_first,sample-011.block-00,11,0,True,22,2.75
dataset-lcb_v6.model-gemma-12b.alpha4.0.steps100.blocks-1.prefetch-budget-20.rank-accept_first.cut-entropy4.0.samples20.maxnew1024.seed10086.subtreePrefetch.vllm.log,accept_first,sample-011.block-00,11,0,True,23,2.875
dataset-lcb_v6.model-gemma-12b.alpha4.0.steps100.blocks-1.prefetch-budget-20.rank-accept_first.cut-entropy4.0.samples20.maxnew1024.seed10086.subtreePrefetch.vllm.log,accept_first,sample-011.block-00,11,0,True,24,3.0
dataset-lcb_v6.model-gemma-12b.alpha4.0.steps100.blocks-1.prefetch-budget-20.rank-accept_first.cut-entropy4.0.samples20.maxnew1024.seed10086.subtreePrefetch.vllm.log,accept_first,sample-011.block-00,11,0,True,25,2.7777777777777777
dataset-lcb_v6.model-gemma-12b.alpha4.0.steps100.blocks-1.prefetch-budget-20.rank-accept_first.cut-entropy4.0.samples20.maxnew1024.seed10086.subtreePrefetch.vllm.log,accept_first,sample-011.block-00,11,0,True,26,2.888888888888889
dataset-lcb_v6.model-gemma-12b.alpha4.0.steps100.blocks-1.prefetch-budget-20.rank-accept_first.cut-entropy4.0.samples20.maxnew1024.seed10086.subtreePrefetch.vllm.log,accept_first,sample-011.block-00,11,0,True,27,2.7
dataset-lcb_v6.model-gemma-12b.alpha4.0.steps100.blocks-1.prefetch-budget-20.rank-accept_first.cut-entropy4.0.samples20.maxnew1024.seed10086.subtreePrefetch.vllm.log,accept_first,sample-011.block-00,11,0,True,28,2.5454545454545454
dataset-lcb_v6.model-gemma-12b.alpha4.0.steps100.blocks-1.prefetch-budget-20.rank-accept_first.cut-entropy4.0.samples20.maxnew1024.seed10086.subtreePrefetch.vllm.log,accept_first,sample-011.block-00,11,0,True,29,2.6363636363636362
dataset-lcb_v6.model-gemma-12b.alpha4.0.steps100.blocks-1.prefetch-budget-20.rank-accept_first.cut-entropy4.0.samples20.maxnew1024.seed10086.subtreePrefetch.vllm.log,accept_first,sample-011.block-00,11,0,True,30,2.727272727272727
dataset-lcb_v6.model-gemma-12b.alpha4.0.steps100.blocks-1.prefetch-budget-20.rank-accept_first.cut-entropy4.0.samples20.maxnew1024.seed10086.subtreePrefetch.vllm.log,accept_first,sample-011.block-00,11,0,True,31,2.8181818181818183
dataset-lcb_v6.model-gemma-12b.alpha4.0.steps100.blocks-1.prefetch-budget-20.rank-accept_first.cut-entropy4.0.samples20.maxnew1024.seed10086.subtreePrefetch.vllm.log,accept_first,sample-011.block-00,11,0,True,32,2.6666666666666665
dataset-lcb_v6.model-gemma-12b.alpha4.0.steps100.blocks-1.prefetch-budget-20.rank-accept_first.cut-entropy4.0.samples20.maxnew1024.seed10086.subtreePrefetch.vllm.log,accept_first,sample-011.block-00,11,0,True,33,2.75
dataset-lcb_v6.model-gemma-12b.alpha4.0.steps100.blocks-1.prefetch-budget-20.rank-accept_first.cut-entropy4.0.samples20.maxnew1024.seed10086.subtreePrefetch.vllm.log,accept_first,sample-011.block-00,11,0,True,34,2.8333333333333335
dataset-lcb_v6.model-gemma-12b.alpha4.0.steps100.blocks-1.prefetch-budget-20.rank-accept_first.cut-entropy4.0.samples20.maxnew1024.seed10086.subtreePrefetch.vllm.log,accept_first,sample-011.block-00,11,0,True,35,2.6923076923076925
dataset-lcb_v6.model-gemma-12b.alpha4.0.steps100.blocks-1.prefetch-budget-20.rank-accept_first.cut-entropy4.0.samples20.maxnew1024.seed10086.subtreePrefetch.vllm.log,accept_first,sample-011.block-00,11,0,True,36,2.769230769230769
dataset-lcb_v6.model-gemma-12b.alpha4.0.steps100.blocks-1.prefetch-budget-20.rank-accept_first.cut-entropy4.0.samples20.maxnew1024.seed10086.subtreePrefetch.vllm.log,accept_first,sample-011.block-00,11,0,True,37,2.642857142857143
dataset-lcb_v6.model-gemma-12b.alpha4.0.steps100.blocks-1.prefetch-budget-20.rank-accept_first.cut-entropy4.0.samples20.maxnew1024.seed10086.subtreePrefetch.vllm.log,accept_first,sample-011.block-00,11,0,True,38,2.7142857142857144
dataset-lcb_v6.model-gemma-12b.alpha4.0.steps100.blocks-1.prefetch-budget-20.rank-accept_first.cut-entropy4.0.samples20.maxnew1024.seed10086.subtreePrefetch.vllm.log,accept_first,sample-011.block-00,11,0,True,39,2.7857142857142856
dataset-lcb_v6.model-gemma-12b.alpha4.0.steps100.blocks-1.prefetch-budget-20.rank-accept_first.cut-entropy4.0.samples20.maxnew1024.seed10086.subtreePrefetch.vllm.log,accept_first,sample-011.block-00,11,0,True,40,2.6666666666666665
dataset-lcb_v6.model-gemma-12b.alpha4.0.steps100.blocks-1.prefetch-budget-20.rank-accept_first.cut-entropy4.0.samples20.maxnew1024.seed10086.subtreePrefetch.vllm.log,accept_first,sample-011.block-00,11,0,True,41,2.7333333333333334
dataset-lcb_v6.model-gemma-12b.alpha4.0.steps100.blocks-1.prefetch-budget-20.rank-accept_first.cut-entropy4.0.samples20.maxnew1024.seed10086.subtreePrefetch.vllm.log,accept_first,sample-011.block-00,11,0,True,42,2.8
dataset-lcb_v6.model-gemma-12b.alpha4.0.steps100.blocks-1.prefetch-budget-20.rank-accept_first.cut-entropy4.0.samples20.maxnew1024.seed10086.subtreePrefetch.vllm.log,accept_first,sample-011.block-00,11,0,True,43,2.8666666666666667
dataset-lcb_v6.model-gemma-12b.alpha4.0.steps100.blocks-1.prefetch-budget-20.rank-accept_first.cut-entropy4.0.samples20.maxnew1024.seed10086.subtreePrefetch.vllm.log,accept_first,sample-011.block-00,11,0,True,44,2.933333333333333
dataset-lcb_v6.model-gemma-12b.alpha4.0.steps100.blocks-1.prefetch-budget-20.rank-accept_first.cut-entropy4.0.samples20.maxnew1024.seed10086.subtreePrefetch.vllm.log,accept_first,sample-011.block-00,11,0,True,45,3.0
dataset-lcb_v6.model-gemma-12b.alpha4.0.steps100.blocks-1.prefetch-budget-20.rank-accept_first.cut-entropy4.0.samples20.maxnew1024.seed10086.subtreePrefetch.vllm.log,accept_first,sample-011.block-00,11,0,True,46,2.875
dataset-lcb_v6.model-gemma-12b.alpha4.0.steps100.blocks-1.prefetch-budget-20.rank-accept_first.cut-entropy4.0.samples20.maxnew1024.seed10086.subtreePrefetch.vllm.log,accept_first,sample-011.block-00,11,0,True,47,2.764705882352941
dataset-lcb_v6.model-gemma-12b.alpha4.0.steps100.blocks-1.prefetch-budget-20.rank-accept_first.cut-entropy4.0.samples20.maxnew1024.seed10086.subtreePrefetch.vllm.log,accept_first,sample-011.block-00,11,0,True,48,2.823529411764706
dataset-lcb_v6.model-gemma-12b.alpha4.0.steps100.blocks-1.prefetch-budget-20.rank-accept_first.cut-entropy4.0.samples20.maxnew1024.seed10086.subtreePrefetch.vllm.log,accept_first,sample-011.block-00,11,0,True,49,2.8823529411764706
dataset-lcb_v6.model-gemma-12b.alpha4.0.steps100.blocks-1.prefetch-budget-20.rank-accept_first.cut-entropy4.0.samples20.maxnew1024.seed10086.subtreePrefetch.vllm.log,accept_first,sample-011.block-00,11,0,True,50,2.9411764705882355
dataset-lcb_v6.model-gemma-12b.alpha4.0.steps100.blocks-1.prefetch-budget-20.rank-accept_first.cut-entropy4.0.samples20.maxnew1024.seed10086.subtreePrefetch.vllm.log,accept_first,sample-011.block-00,11,0,True,51,3.0
dataset-lcb_v6.model-gemma-12b.alpha4.0.steps100.blocks-1.prefetch-budget-20.rank-accept_first.cut-entropy4.0.samples20.maxnew1024.seed10086.subtreePrefetch.vllm.log,accept_first,sample-011.block-00,11,0,True,52,3.0588235294117645
dataset-lcb_v6.model-gemma-12b.alpha4.0.steps100.blocks-1.prefetch-budget-20.rank-accept_first.cut-entropy4.0.samples20.maxnew1024.seed10086.subtreePrefetch.vllm.log,accept_first,sample-011.block-00,11,0,True,53,3.1176470588235294
dataset-lcb_v6.model-gemma-12b.alpha4.0.steps100.blocks-1.prefetch-budget-20.rank-accept_first.cut-entropy4.0.samples20.maxnew1024.seed10086.subtreePrefetch.vllm.log,accept_first,sample-011.block-00,11,0,True,54,3.176470588235294
dataset-lcb_v6.model-gemma-12b.alpha4.0.steps100.blocks-1.prefetch-budget-20.rank-accept_first.cut-entropy4.0.samples20.maxnew1024.seed10086.subtreePrefetch.vllm.log,accept_first,sample-011.block-00,11,0,True,55,3.235294117647059
dataset-lcb_v6.model-gemma-12b.alpha4.0.steps100.blocks-1.prefetch-budget-20.rank-accept_first.cut-entropy4.0.samples20.maxnew1024.seed10086.subtreePrefetch.vllm.log,accept_first,sample-011.block-00,11,0,True,56,3.2941176470588234
dataset-lcb_v6.model-gemma-12b.alpha4.0.steps100.blocks-1.prefetch-budget-20.rank-accept_first.cut-entropy4.0.samples20.maxnew1024.seed10086.subtreePrefetch.vllm.log,accept_first,sample-011.block-00,11,0,True,57,3.1666666666666665
dataset-lcb_v6.model-gemma-12b.alpha4.0.steps100.blocks-1.prefetch-budget-20.rank-accept_first.cut-entropy4.0.samples20.maxnew1024.seed10086.subtreePrefetch.vllm.log,accept_first,sample-011.block-00,11,0,True,58,3.2222222222222223
dataset-lcb_v6.model-gemma-12b.alpha4.0.steps100.blocks-1.prefetch-budget-20.rank-accept_first.cut-entropy4.0.samples20.maxnew1024.seed10086.subtreePrefetch.vllm.log,accept_first,sample-011.block-00,11,0,True,59,3.2777777777777777
dataset-lcb_v6.model-gemma-12b.alpha4.0.steps100.blocks-1.prefetch-budget-20.rank-accept_first.cut-entropy4.0.samples20.maxnew1024.seed10086.subtreePrefetch.vllm.log,accept_first,sample-011.block-00,11,0,True,60,3.3333333333333335
dataset-lcb_v6.model-gemma-12b.alpha4.0.steps100.blocks-1.prefetch-budget-20.rank-accept_first.cut-entropy4.0.samples20.maxnew1024.seed10086.subtreePrefetch.vllm.log,accept_first,sample-011.block-00,11,0,True,61,3.210526315789474
dataset-lcb_v6.model-gemma-12b.alpha4.0.steps100.blocks-1.prefetch-budget-20.rank-accept_first.cut-entropy4.0.samples20.maxnew1024.seed10086.subtreePrefetch.vllm.log,accept_first,sample-011.block-00,11,0,True,62,3.263157894736842
dataset-lcb_v6.model-gemma-12b.alpha4.0.steps100.blocks-1.prefetch-budget-20.rank-accept_first.cut-entropy4.0.samples20.maxnew1024.seed10086.subtreePrefetch.vllm.log,accept_first,sample-011.block-00,11,0,True,63,3.3157894736842106
dataset-lcb_v6.model-gemma-12b.alpha4.0.steps100.blocks-1.prefetch-budget-20.rank-accept_first.cut-entropy4.0.samples20.maxnew1024.seed10086.subtreePrefetch.vllm.log,accept_first,sample-011.block-00,11,0,True,64,3.3684210526315788
dataset-lcb_v6.model-gemma-12b.alpha4.0.steps100.blocks-1.prefetch-budget-20.rank-accept_first.cut-entropy4.0.samples20.maxnew1024.seed10086.subtreePrefetch.vllm.log,accept_first,sample-011.block-00,11,0,True,65,3.25
dataset-lcb_v6.model-gemma-12b.alpha4.0.steps100.blocks-1.prefetch-budget-20.rank-accept_first.cut-entropy4.0.samples20.maxnew1024.seed10086.subtreePrefetch.vllm.log,accept_first,sample-011.block-00,11,0,True,66,3.142857142857143
dataset-lcb_v6.model-gemma-12b.alpha4.0.steps100.blocks-1.prefetch-budget-20.rank-accept_first.cut-entropy4.0.samples20.maxnew1024.seed10086.subtreePrefetch.vllm.log,accept_first,sample-011.block-00,11,0,True,67,3.1904761904761907
dataset-lcb_v6.model-gemma-12b.alpha4.0.steps100.blocks-1.prefetch-budget-20.rank-accept_first.cut-entropy4.0.samples20.maxnew1024.seed10086.subtreePrefetch.vllm.log,accept_first,sample-011.block-00,11,0,True,68,3.238095238095238
dataset-lcb_v6.model-gemma-12b.alpha4.0.steps100.blocks-1.prefetch-budget-20.rank-accept_first.cut-entropy4.0.samples20.maxnew1024.seed10086.subtreePrefetch.vllm.log,accept_first,sample-011.block-00,11,0,True,69,3.1363636363636362
dataset-lcb_v6.model-gemma-12b.alpha4.0.steps100.blocks-1.prefetch-budget-20.rank-accept_first.cut-entropy4.0.samples20.maxnew1024.seed10086.subtreePrefetch.vllm.log,accept_first,sample-011.block-00,11,0,True,70,3.0434782608695654
dataset-lcb_v6.model-gemma-12b.alpha4.0.steps100.blocks-1.prefetch-budget-20.rank-accept_first.cut-entropy4.0.samples20.maxnew1024.seed10086.subtreePrefetch.vllm.log,accept_first,sample-011.block-00,11,0,True,71,3.0869565217391304
dataset-lcb_v6.model-gemma-12b.alpha4.0.steps100.blocks-1.prefetch-budget-20.rank-accept_first.cut-entropy4.0.samples20.maxnew1024.seed10086.subtreePrefetch.vllm.log,accept_first,sample-011.block-00,11,0,True,72,3.0
dataset-lcb_v6.model-gemma-12b.alpha4.0.steps100.blocks-1.prefetch-budget-20.rank-accept_first.cut-entropy4.0.samples20.maxnew1024.seed10086.subtreePrefetch.vllm.log,accept_first,sample-011.block-00,11,0,True,73,2.92
dataset-lcb_v6.model-gemma-12b.alpha4.0.steps100.blocks-1.prefetch-budget-20.rank-accept_first.cut-entropy4.0.samples20.maxnew1024.seed10086.subtreePrefetch.vllm.log,accept_first,sample-011.block-00,11,0,True,74,2.8461538461538463
dataset-lcb_v6.model-gemma-12b.alpha4.0.steps100.blocks-1.prefetch-budget-20.rank-accept_first.cut-entropy4.0.samples20.maxnew1024.seed10086.subtreePrefetch.vllm.log,accept_first,sample-011.block-00,11,0,True,75,2.7777777777777777
dataset-lcb_v6.model-gemma-12b.alpha4.0.steps100.blocks-1.prefetch-budget-20.rank-accept_first.cut-entropy4.0.samples20.maxnew1024.seed10086.subtreePrefetch.vllm.log,accept_first,sample-011.block-00,11,0,True,76,2.7142857142857144
dataset-lcb_v6.model-gemma-12b.alpha4.0.steps100.blocks-1.prefetch-budget-20.rank-accept_first.cut-entropy4.0.samples20.maxnew1024.seed10086.subtreePrefetch.vllm.log,accept_first,sample-011.block-00,11,0,True,77,2.75
dataset-lcb_v6.model-gemma-12b.alpha4.0.steps100.blocks-1.prefetch-budget-20.rank-accept_first.cut-entropy4.0.samples20.maxnew1024.seed10086.subtreePrefetch.vllm.log,accept_first,sample-011.block-00,11,0,True,78,2.689655172413793
dataset-lcb_v6.model-gemma-12b.alpha4.0.steps100.blocks-1.prefetch-budget-20.rank-accept_first.cut-entropy4.0.samples20.maxnew1024.seed10086.subtreePrefetch.vllm.log,accept_first,sample-011.block-00,11,0,True,79,2.6333333333333333
dataset-lcb_v6.model-gemma-12b.alpha4.0.steps100.blocks-1.prefetch-budget-20.rank-accept_first.cut-entropy4.0.samples20.maxnew1024.seed10086.subtreePrefetch.vllm.log,accept_first,sample-011.block-00,11,0,True,80,2.6666666666666665
dataset-lcb_v6.model-gemma-12b.alpha4.0.steps100.blocks-1.prefetch-budget-20.rank-accept_first.cut-entropy4.0.samples20.maxnew1024.seed10086.subtreePrefetch.vllm.log,accept_first,sample-011.block-00,11,0,True,81,2.7
dataset-lcb_v6.model-gemma-12b.alpha4.0.steps100.blocks-1.prefetch-budget-20.rank-accept_first.cut-entropy4.0.samples20.maxnew1024.seed10086.subtreePrefetch.vllm.log,accept_first,sample-011.block-00,11,0,True,82,2.6451612903225805
dataset-lcb_v6.model-gemma-12b.alpha4.0.steps100.blocks-1.prefetch-budget-20.rank-accept_first.cut-entropy4.0.samples20.maxnew1024.seed10086.subtreePrefetch.vllm.log,accept_first,sample-011.block-00,11,0,True,83,2.59375
dataset-lcb_v6.model-gemma-12b.alpha4.0.steps100.blocks-1.prefetch-budget-20.rank-accept_first.cut-entropy4.0.samples20.maxnew1024.seed10086.subtreePrefetch.vllm.log,accept_first,sample-011.block-00,11,0,True,84,2.625
dataset-lcb_v6.model-gemma-12b.alpha4.0.steps100.blocks-1.prefetch-budget-20.rank-accept_first.cut-entropy4.0.samples20.maxnew1024.seed10086.subtreePrefetch.vllm.log,accept_first,sample-011.block-00,11,0,True,85,2.65625
dataset-lcb_v6.model-gemma-12b.alpha4.0.steps100.blocks-1.prefetch-budget-20.rank-accept_first.cut-entropy4.0.samples20.maxnew1024.seed10086.subtreePrefetch.vllm.log,accept_first,sample-011.block-00,11,0,True,86,2.606060606060606
dataset-lcb_v6.model-gemma-12b.alpha4.0.steps100.blocks-1.prefetch-budget-20.rank-accept_first.cut-entropy4.0.samples20.maxnew1024.seed10086.subtreePrefetch.vllm.log,accept_first,sample-011.block-00,11,0,True,87,2.5588235294117645
dataset-lcb_v6.model-gemma-12b.alpha4.0.steps100.blocks-1.prefetch-budget-20.rank-accept_first.cut-entropy4.0.samples20.maxnew1024.seed10086.subtreePrefetch.vllm.log,accept_first,sample-011.block-00,11,0,True,88,2.588235294117647
dataset-lcb_v6.model-gemma-12b.alpha4.0.steps100.blocks-1.prefetch-budget-20.rank-accept_first.cut-entropy4.0.samples20.maxnew1024.seed10086.subtreePrefetch.vllm.log,accept_first,sample-011.block-00,11,0,True,89,2.6176470588235294
dataset-lcb_v6.model-gemma-12b.alpha4.0.steps100.blocks-1.prefetch-budget-20.rank-accept_first.cut-entropy4.0.samples20.maxnew1024.seed10086.subtreePrefetch.vllm.log,accept_first,sample-011.block-00,11,0,True,90,2.6470588235294117
dataset-lcb_v6.model-gemma-12b.alpha4.0.steps100.blocks-1.prefetch-budget-20.rank-accept_first.cut-entropy4.0.samples20.maxnew1024.seed10086.subtreePrefetch.vllm.log,accept_first,sample-011.block-00,11,0,True,91,2.6
dataset-lcb_v6.model-gemma-12b.alpha4.0.steps100.blocks-1.prefetch-budget-20.rank-accept_first.cut-entropy4.0.samples20.maxnew1024.seed10086.subtreePrefetch.vllm.log,accept_first,sample-011.block-00,11,0,True,92,2.5555555555555554
dataset-lcb_v6.model-gemma-12b.alpha4.0.steps100.blocks-1.prefetch-budget-20.rank-accept_first.cut-entropy4.0.samples20.maxnew1024.seed10086.subtreePrefetch.vllm.log,accept_first,sample-011.block-00,11,0,True,93,2.5833333333333335
dataset-lcb_v6.model-gemma-12b.alpha4.0.steps100.blocks-1.prefetch-budget-20.rank-accept_first.cut-entropy4.0.samples20.maxnew1024.seed10086.subtreePrefetch.vllm.log,accept_first,sample-011.block-00,11,0,True,94,2.611111111111111
dataset-lcb_v6.model-gemma-12b.alpha4.0.steps100.blocks-1.prefetch-budget-20.rank-accept_first.cut-entropy4.0.samples20.maxnew1024.seed10086.subtreePrefetch.vllm.log,accept_first,sample-011.block-00,11,0,True,95,2.638888888888889
dataset-lcb_v6.model-gemma-12b.alpha4.0.steps100.blocks-1.prefetch-budget-20.rank-accept_first.cut-entropy4.0.samples20.maxnew1024.seed10086.subtreePrefetch.vllm.log,accept_first,sample-011.block-00,11,0,True,96,2.5945945945945947
dataset-lcb_v6.model-gemma-12b.alpha4.0.steps100.blocks-1.prefetch-budget-20.rank-accept_first.cut-entropy4.0.samples20.maxnew1024.seed10086.subtreePrefetch.vllm.log,accept_first,sample-011.block-00,11,0,True,97,2.6216216216216215
dataset-lcb_v6.model-gemma-12b.alpha4.0.steps100.blocks-1.prefetch-budget-20.rank-accept_first.cut-entropy4.0.samples20.maxnew1024.seed10086.subtreePrefetch.vllm.log,accept_first,sample-011.block-00,11,0,True,98,2.6486486486486487
dataset-lcb_v6.model-gemma-12b.alpha4.0.steps100.blocks-1.prefetch-budget-20.rank-accept_first.cut-entropy4.0.samples20.maxnew1024.seed10086.subtreePrefetch.vllm.log,accept_first,sample-011.block-00,11,0,True,99,2.6052631578947367
dataset-lcb_v6.model-gemma-12b.alpha4.0.steps100.blocks-1.prefetch-budget-20.rank-accept_first.cut-entropy4.0.samples20.maxnew1024.seed10086.subtreePrefetch.vllm.log,accept_first,sample-011.block-00,11,0,True,100,2.6315789473684212
dataset-lcb_v6.model-gemma-12b.alpha4.0.steps100.blocks-1.prefetch-budget-20.rank-accept_first.cut-entropy4.0.samples20.maxnew1024.seed10086.subtreePrefetch.vllm.log,accept_first,sample-012.block-00,12,0,True,1,1.0
dataset-lcb_v6.model-gemma-12b.alpha4.0.steps100.blocks-1.prefetch-budget-20.rank-accept_first.cut-entropy4.0.samples20.maxnew1024.seed10086.subtreePrefetch.vllm.log,accept_first,sample-012.block-00,12,0,True,2,1.0
dataset-lcb_v6.model-gemma-12b.alpha4.0.steps100.blocks-1.prefetch-budget-20.rank-accept_first.cut-entropy4.0.samples20.maxnew1024.seed10086.subtreePrefetch.vllm.log,accept_first,sample-012.block-00,12,0,True,3,1.5
dataset-lcb_v6.model-gemma-12b.alpha4.0.steps100.blocks-1.prefetch-budget-20.rank-accept_first.cut-entropy4.0.samples20.maxnew1024.seed10086.subtreePrefetch.vllm.log,accept_first,sample-012.block-00,12,0,True,4,1.3333333333333333
dataset-lcb_v6.model-gemma-12b.alpha4.0.steps100.blocks-1.prefetch-budget-20.rank-accept_first.cut-entropy4.0.samples20.maxnew1024.seed10086.subtreePrefetch.vllm.log,accept_first,sample-012.block-00,12,0,True,5,1.6666666666666667
dataset-lcb_v6.model-gemma-12b.alpha4.0.steps100.blocks-1.prefetch-budget-20.rank-accept_first.cut-entropy4.0.samples20.maxnew1024.seed10086.subtreePrefetch.vllm.log,accept_first,sample-012.block-00,12,0,True,6,2.0
dataset-lcb_v6.model-gemma-12b.alpha4.0.steps100.blocks-1.prefetch-budget-20.rank-accept_first.cut-entropy4.0.samples20.maxnew1024.seed10086.subtreePrefetch.vllm.log,accept_first,sample-012.block-00,12,0,True,7,1.75
dataset-lcb_v6.model-gemma-12b.alpha4.0.steps100.blocks-1.prefetch-budget-20.rank-accept_first.cut-entropy4.0.samples20.maxnew1024.seed10086.subtreePrefetch.vllm.log,accept_first,sample-012.block-00,12,0,True,8,1.6
dataset-lcb_v6.model-gemma-12b.alpha4.0.steps100.blocks-1.prefetch-budget-20.rank-accept_first.cut-entropy4.0.samples20.maxnew1024.seed10086.subtreePrefetch.vllm.log,accept_first,sample-012.block-00,12,0,True,9,1.8
dataset-lcb_v6.model-gemma-12b.alpha4.0.steps100.blocks-1.prefetch-budget-20.rank-accept_first.cut-entropy4.0.samples20.maxnew1024.seed10086.subtreePrefetch.vllm.log,accept_first,sample-012.block-00,12,0,True,10,2.0
dataset-lcb_v6.model-gemma-12b.alpha4.0.steps100.blocks-1.prefetch-budget-20.rank-accept_first.cut-entropy4.0.samples20.maxnew1024.seed10086.subtreePrefetch.vllm.log,accept_first,sample-012.block-00,12,0,True,11,2.2
dataset-lcb_v6.model-gemma-12b.alpha4.0.steps100.blocks-1.prefetch-budget-20.rank-accept_first.cut-entropy4.0.samples20.maxnew1024.seed10086.subtreePrefetch.vllm.log,accept_first,sample-012.block-00,12,0,True,12,2.4
dataset-lcb_v6.model-gemma-12b.alpha4.0.steps100.blocks-1.prefetch-budget-20.rank-accept_first.cut-entropy4.0.samples20.maxnew1024.seed10086.subtreePrefetch.vllm.log,accept_first,sample-012.block-00,12,0,True,13,2.1666666666666665
dataset-lcb_v6.model-gemma-12b.alpha4.0.steps100.blocks-1.prefetch-budget-20.rank-accept_first.cut-entropy4.0.samples20.maxnew1024.seed10086.subtreePrefetch.vllm.log,accept_first,sample-012.block-00,12,0,True,14,2.0
dataset-lcb_v6.model-gemma-12b.alpha4.0.steps100.blocks-1.prefetch-budget-20.rank-accept_first.cut-entropy4.0.samples20.maxnew1024.seed10086.subtreePrefetch.vllm.log,accept_first,sample-012.block-00,12,0,True,15,2.142857142857143
dataset-lcb_v6.model-gemma-12b.alpha4.0.steps100.blocks-1.prefetch-budget-20.rank-accept_first.cut-entropy4.0.samples20.maxnew1024.seed10086.subtreePrefetch.vllm.log,accept_first,sample-012.block-00,12,0,True,16,2.0
dataset-lcb_v6.model-gemma-12b.alpha4.0.steps100.blocks-1.prefetch-budget-20.rank-accept_first.cut-entropy4.0.samples20.maxnew1024.seed10086.subtreePrefetch.vllm.log,accept_first,sample-012.block-00,12,0,True,17,2.125
dataset-lcb_v6.model-gemma-12b.alpha4.0.steps100.blocks-1.prefetch-budget-20.rank-accept_first.cut-entropy4.0.samples20.maxnew1024.seed10086.subtreePrefetch.vllm.log,accept_first,sample-012.block-00,12,0,True,18,2.25
dataset-lcb_v6.model-gemma-12b.alpha4.0.steps100.blocks-1.prefetch-budget-20.rank-accept_first.cut-entropy4.0.samples20.maxnew1024.seed10086.subtreePrefetch.vllm.log,accept_first,sample-012.block-00,12,0,True,19,2.375
dataset-lcb_v6.model-gemma-12b.alpha4.0.steps100.blocks-1.prefetch-budget-20.rank-accept_first.cut-entropy4.0.samples20.maxnew1024.seed10086.subtreePrefetch.vllm.log,accept_first,sample-012.block-00,12,0,True,20,2.5
dataset-lcb_v6.model-gemma-12b.alpha4.0.steps100.blocks-1.prefetch-budget-20.rank-accept_first.cut-entropy4.0.samples20.maxnew1024.seed10086.subtreePrefetch.vllm.log,accept_first,sample-012.block-00,12,0,True,21,2.3333333333333335
dataset-lcb_v6.model-gemma-12b.alpha4.0.steps100.blocks-1.prefetch-budget-20.rank-accept_first.cut-entropy4.0.samples20.maxnew1024.seed10086.subtreePrefetch.vllm.log,accept_first,sample-012.block-00,12,0,True,22,2.4444444444444446
dataset-lcb_v6.model-gemma-12b.alpha4.0.steps100.blocks-1.prefetch-budget-20.rank-accept_first.cut-entropy4.0.samples20.maxnew1024.seed10086.subtreePrefetch.vllm.log,accept_first,sample-012.block-00,12,0,True,23,2.5555555555555554
dataset-lcb_v6.model-gemma-12b.alpha4.0.steps100.blocks-1.prefetch-budget-20.rank-accept_first.cut-entropy4.0.samples20.maxnew1024.seed10086.subtreePrefetch.vllm.log,accept_first,sample-012.block-00,12,0,True,24,2.4
dataset-lcb_v6.model-gemma-12b.alpha4.0.steps100.blocks-1.prefetch-budget-20.rank-accept_first.cut-entropy4.0.samples20.maxnew1024.seed10086.subtreePrefetch.vllm.log,accept_first,sample-012.block-00,12,0,True,25,2.5
dataset-lcb_v6.model-gemma-12b.alpha4.0.steps100.blocks-1.prefetch-budget-20.rank-accept_first.cut-entropy4.0.samples20.maxnew1024.seed10086.subtreePrefetch.vllm.log,accept_first,sample-012.block-00,12,0,True,26,2.3636363636363638
dataset-lcb_v6.model-gemma-12b.alpha4.0.steps100.blocks-1.prefetch-budget-20.rank-accept_first.cut-entropy4.0.samples20.maxnew1024.seed10086.subtreePrefetch.vllm.log,accept_first,sample-012.block-00,12,0,True,27,2.4545454545454546
dataset-lcb_v6.model-gemma-12b.alpha4.0.steps100.blocks-1.prefetch-budget-20.rank-accept_first.cut-entropy4.0.samples20.maxnew1024.seed10086.subtreePrefetch.vllm.log,accept_first,sample-012.block-00,12,0,True,28,2.5454545454545454
dataset-lcb_v6.model-gemma-12b.alpha4.0.steps100.blocks-1.prefetch-budget-20.rank-accept_first.cut-entropy4.0.samples20.maxnew1024.seed10086.subtreePrefetch.vllm.log,accept_first,sample-012.block-00,12,0,True,29,2.4166666666666665
dataset-lcb_v6.model-gemma-12b.alpha4.0.steps100.blocks-1.prefetch-budget-20.rank-accept_first.cut-entropy4.0.samples20.maxnew1024.seed10086.subtreePrefetch.vllm.log,accept_first,sample-012.block-00,12,0,True,30,2.5
dataset-lcb_v6.model-gemma-12b.alpha4.0.steps100.blocks-1.prefetch-budget-20.rank-accept_first.cut-entropy4.0.samples20.maxnew1024.seed10086.subtreePrefetch.vllm.log,accept_first,sample-012.block-00,12,0,True,31,2.5833333333333335
dataset-lcb_v6.model-gemma-12b.alpha4.0.steps100.blocks-1.prefetch-budget-20.rank-accept_first.cut-entropy4.0.samples20.maxnew1024.seed10086.subtreePrefetch.vllm.log,accept_first,sample-012.block-00,12,0,True,32,2.4615384615384617
dataset-lcb_v6.model-gemma-12b.alpha4.0.steps100.blocks-1.prefetch-budget-20.rank-accept_first.cut-entropy4.0.samples20.maxnew1024.seed10086.subtreePrefetch.vllm.log,accept_first,sample-012.block-00,12,0,True,33,2.5384615384615383
dataset-lcb_v6.model-gemma-12b.alpha4.0.steps100.blocks-1.prefetch-budget-20.rank-accept_first.cut-entropy4.0.samples20.maxnew1024.seed10086.subtreePrefetch.vllm.log,accept_first,sample-012.block-00,12,0,True,34,2.6153846153846154
dataset-lcb_v6.model-gemma-12b.alpha4.0.steps100.blocks-1.prefetch-budget-20.rank-accept_first.cut-entropy4.0.samples20.maxnew1024.seed10086.subtreePrefetch.vllm.log,accept_first,sample-012.block-00,12,0,True,35,2.6923076923076925
dataset-lcb_v6.model-gemma-12b.alpha4.0.steps100.blocks-1.prefetch-budget-20.rank-accept_first.cut-entropy4.0.samples20.maxnew1024.seed10086.subtreePrefetch.vllm.log,accept_first,sample-012.block-00,12,0,True,36,2.5714285714285716
dataset-lcb_v6.model-gemma-12b.alpha4.0.steps100.blocks-1.prefetch-budget-20.rank-accept_first.cut-entropy4.0.samples20.maxnew1024.seed10086.subtreePrefetch.vllm.log,accept_first,sample-012.block-00,12,0,True,37,2.642857142857143
dataset-lcb_v6.model-gemma-12b.alpha4.0.steps100.blocks-1.prefetch-budget-20.rank-accept_first.cut-entropy4.0.samples20.maxnew1024.seed10086.subtreePrefetch.vllm.log,accept_first,sample-012.block-00,12,0,True,38,2.7142857142857144
dataset-lcb_v6.model-gemma-12b.alpha4.0.steps100.blocks-1.prefetch-budget-20.rank-accept_first.cut-entropy4.0.samples20.maxnew1024.seed10086.subtreePrefetch.vllm.log,accept_first,sample-012.block-00,12,0,True,39,2.7857142857142856
dataset-lcb_v6.model-gemma-12b.alpha4.0.steps100.blocks-1.prefetch-budget-20.rank-accept_first.cut-entropy4.0.samples20.maxnew1024.seed10086.subtreePrefetch.vllm.log,accept_first,sample-012.block-00,12,0,True,40,2.857142857142857
dataset-lcb_v6.model-gemma-12b.alpha4.0.steps100.blocks-1.prefetch-budget-20.rank-accept_first.cut-entropy4.0.samples20.maxnew1024.seed10086.subtreePrefetch.vllm.log,accept_first,sample-012.block-00,12,0,True,41,2.7333333333333334
dataset-lcb_v6.model-gemma-12b.alpha4.0.steps100.blocks-1.prefetch-budget-20.rank-accept_first.cut-entropy4.0.samples20.maxnew1024.seed10086.subtreePrefetch.vllm.log,accept_first,sample-012.block-00,12,0,True,42,2.625
dataset-lcb_v6.model-gemma-12b.alpha4.0.steps100.blocks-1.prefetch-budget-20.rank-accept_first.cut-entropy4.0.samples20.maxnew1024.seed10086.subtreePrefetch.vllm.log,accept_first,sample-012.block-00,12,0,True,43,2.5294117647058822
dataset-lcb_v6.model-gemma-12b.alpha4.0.steps100.blocks-1.prefetch-budget-20.rank-accept_first.cut-entropy4.0.samples20.maxnew1024.seed10086.subtreePrefetch.vllm.log,accept_first,sample-012.block-00,12,0,True,44,2.588235294117647
dataset-lcb_v6.model-gemma-12b.alpha4.0.steps100.blocks-1.prefetch-budget-20.rank-accept_first.cut-entropy4.0.samples20.maxnew1024.seed10086.subtreePrefetch.vllm.log,accept_first,sample-012.block-00,12,0,True,45,2.5
dataset-lcb_v6.model-gemma-12b.alpha4.0.steps100.blocks-1.prefetch-budget-20.rank-accept_first.cut-entropy4.0.samples20.maxnew1024.seed10086.subtreePrefetch.vllm.log,accept_first,sample-012.block-00,12,0,True,46,2.5555555555555554
dataset-lcb_v6.model-gemma-12b.alpha4.0.steps100.blocks-1.prefetch-budget-20.rank-accept_first.cut-entropy4.0.samples20.maxnew1024.seed10086.subtreePrefetch.vllm.log,accept_first,sample-012.block-00,12,0,True,47,2.611111111111111
dataset-lcb_v6.model-gemma-12b.alpha4.0.steps100.blocks-1.prefetch-budget-20.rank-accept_first.cut-entropy4.0.samples20.maxnew1024.seed10086.subtreePrefetch.vllm.log,accept_first,sample-012.block-00,12,0,True,48,2.526315789473684
dataset-lcb_v6.model-gemma-12b.alpha4.0.steps100.blocks-1.prefetch-budget-20.rank-accept_first.cut-entropy4.0.samples20.maxnew1024.seed10086.subtreePrefetch.vllm.log,accept_first,sample-012.block-00,12,0,True,49,2.5789473684210527
dataset-lcb_v6.model-gemma-12b.alpha4.0.steps100.blocks-1.prefetch-budget-20.rank-accept_first.cut-entropy4.0.samples20.maxnew1024.seed10086.subtreePrefetch.vllm.log,accept_first,sample-012.block-00,12,0,True,50,2.6315789473684212
dataset-lcb_v6.model-gemma-12b.alpha4.0.steps100.blocks-1.prefetch-budget-20.rank-accept_first.cut-entropy4.0.samples20.maxnew1024.seed10086.subtreePrefetch.vllm.log,accept_first,sample-012.block-00,12,0,True,51,2.6842105263157894
dataset-lcb_v6.model-gemma-12b.alpha4.0.steps100.blocks-1.prefetch-budget-20.rank-accept_first.cut-entropy4.0.samples20.maxnew1024.seed10086.subtreePrefetch.vllm.log,accept_first,sample-012.block-00,12,0,True,52,2.736842105263158
dataset-lcb_v6.model-gemma-12b.alpha4.0.steps100.blocks-1.prefetch-budget-20.rank-accept_first.cut-entropy4.0.samples20.maxnew1024.seed10086.subtreePrefetch.vllm.log,accept_first,sample-012.block-00,12,0,True,53,2.65
dataset-lcb_v6.model-gemma-12b.alpha4.0.steps100.blocks-1.prefetch-budget-20.rank-accept_first.cut-entropy4.0.samples20.maxnew1024.seed10086.subtreePrefetch.vllm.log,accept_first,sample-012.block-00,12,0,True,54,2.7
dataset-lcb_v6.model-gemma-12b.alpha4.0.steps100.blocks-1.prefetch-budget-20.rank-accept_first.cut-entropy4.0.samples20.maxnew1024.seed10086.subtreePrefetch.vllm.log,accept_first,sample-012.block-00,12,0,True,55,2.75
dataset-lcb_v6.model-gemma-12b.alpha4.0.steps100.blocks-1.prefetch-budget-20.rank-accept_first.cut-entropy4.0.samples20.maxnew1024.seed10086.subtreePrefetch.vllm.log,accept_first,sample-012.block-00,12,0,True,56,2.6666666666666665
dataset-lcb_v6.model-gemma-12b.alpha4.0.steps100.blocks-1.prefetch-budget-20.rank-accept_first.cut-entropy4.0.samples20.maxnew1024.seed10086.subtreePrefetch.vllm.log,accept_first,sample-012.block-00,12,0,True,57,2.7142857142857144
dataset-lcb_v6.model-gemma-12b.alpha4.0.steps100.blocks-1.prefetch-budget-20.rank-accept_first.cut-entropy4.0.samples20.maxnew1024.seed10086.subtreePrefetch.vllm.log,accept_first,sample-012.block-00,12,0,True,58,2.761904761904762
dataset-lcb_v6.model-gemma-12b.alpha4.0.steps100.blocks-1.prefetch-budget-20.rank-accept_first.cut-entropy4.0.samples20.maxnew1024.seed10086.subtreePrefetch.vllm.log,accept_first,sample-012.block-00,12,0,True,59,2.8095238095238093
dataset-lcb_v6.model-gemma-12b.alpha4.0.steps100.blocks-1.prefetch-budget-20.rank-accept_first.cut-entropy4.0.samples20.maxnew1024.seed10086.subtreePrefetch.vllm.log,accept_first,sample-012.block-00,12,0,True,60,2.727272727272727
dataset-lcb_v6.model-gemma-12b.alpha4.0.steps100.blocks-1.prefetch-budget-20.rank-accept_first.cut-entropy4.0.samples20.maxnew1024.seed10086.subtreePrefetch.vllm.log,accept_first,sample-012.block-00,12,0,True,61,2.772727272727273
dataset-lcb_v6.model-gemma-12b.alpha4.0.steps100.blocks-1.prefetch-budget-20.rank-accept_first.cut-entropy4.0.samples20.maxnew1024.seed10086.subtreePrefetch.vllm.log,accept_first,sample-012.block-00,12,0,True,62,2.8181818181818183
dataset-lcb_v6.model-gemma-12b.alpha4.0.steps100.blocks-1.prefetch-budget-20.rank-accept_first.cut-entropy4.0.samples20.maxnew1024.seed10086.subtreePrefetch.vllm.log,accept_first,sample-012.block-00,12,0,True,63,2.8636363636363638
dataset-lcb_v6.model-gemma-12b.alpha4.0.steps100.blocks-1.prefetch-budget-20.rank-accept_first.cut-entropy4.0.samples20.maxnew1024.seed10086.subtreePrefetch.vllm.log,accept_first,sample-012.block-00,12,0,True,64,2.782608695652174
dataset-lcb_v6.model-gemma-12b.alpha4.0.steps100.blocks-1.prefetch-budget-20.rank-accept_first.cut-entropy4.0.samples20.maxnew1024.seed10086.subtreePrefetch.vllm.log,accept_first,sample-012.block-00,12,0,True,65,2.8260869565217392
dataset-lcb_v6.model-gemma-12b.alpha4.0.steps100.blocks-1.prefetch-budget-20.rank-accept_first.cut-entropy4.0.samples20.maxnew1024.seed10086.subtreePrefetch.vllm.log,accept_first,sample-012.block-00,12,0,True,66,2.869565217391304
dataset-lcb_v6.model-gemma-12b.alpha4.0.steps100.blocks-1.prefetch-budget-20.rank-accept_first.cut-entropy4.0.samples20.maxnew1024.seed10086.subtreePrefetch.vllm.log,accept_first,sample-012.block-00,12,0,True,67,2.9130434782608696
dataset-lcb_v6.model-gemma-12b.alpha4.0.steps100.blocks-1.prefetch-budget-20.rank-accept_first.cut-entropy4.0.samples20.maxnew1024.seed10086.subtreePrefetch.vllm.log,accept_first,sample-012.block-00,12,0,True,68,2.9565217391304346
dataset-lcb_v6.model-gemma-12b.alpha4.0.steps100.blocks-1.prefetch-budget-20.rank-accept_first.cut-entropy4.0.samples20.maxnew1024.seed10086.subtreePrefetch.vllm.log,accept_first,sample-012.block-00,12,0,True,69,2.875
dataset-lcb_v6.model-gemma-12b.alpha4.0.steps100.blocks-1.prefetch-budget-20.rank-accept_first.cut-entropy4.0.samples20.maxnew1024.seed10086.subtreePrefetch.vllm.log,accept_first,sample-012.block-00,12,0,True,70,2.9166666666666665
dataset-lcb_v6.model-gemma-12b.alpha4.0.steps100.blocks-1.prefetch-budget-20.rank-accept_first.cut-entropy4.0.samples20.maxnew1024.seed10086.subtreePrefetch.vllm.log,accept_first,sample-012.block-00,12,0,True,71,2.84
dataset-lcb_v6.model-gemma-12b.alpha4.0.steps100.blocks-1.prefetch-budget-20.rank-accept_first.cut-entropy4.0.samples20.maxnew1024.seed10086.subtreePrefetch.vllm.log,accept_first,sample-012.block-00,12,0,True,72,2.88
dataset-lcb_v6.model-gemma-12b.alpha4.0.steps100.blocks-1.prefetch-budget-20.rank-accept_first.cut-entropy4.0.samples20.maxnew1024.seed10086.subtreePrefetch.vllm.log,accept_first,sample-012.block-00,12,0,True,73,2.92
dataset-lcb_v6.model-gemma-12b.alpha4.0.steps100.blocks-1.prefetch-budget-20.rank-accept_first.cut-entropy4.0.samples20.maxnew1024.seed10086.subtreePrefetch.vllm.log,accept_first,sample-012.block-00,12,0,True,74,2.96
dataset-lcb_v6.model-gemma-12b.alpha4.0.steps100.blocks-1.prefetch-budget-20.rank-accept_first.cut-entropy4.0.samples20.maxnew1024.seed10086.subtreePrefetch.vllm.log,accept_first,sample-012.block-00,12,0,True,75,2.8846153846153846
dataset-lcb_v6.model-gemma-12b.alpha4.0.steps100.blocks-1.prefetch-budget-20.rank-accept_first.cut-entropy4.0.samples20.maxnew1024.seed10086.subtreePrefetch.vllm.log,accept_first,sample-012.block-00,12,0,True,76,2.923076923076923
dataset-lcb_v6.model-gemma-12b.alpha4.0.steps100.blocks-1.prefetch-budget-20.rank-accept_first.cut-entropy4.0.samples20.maxnew1024.seed10086.subtreePrefetch.vllm.log,accept_first,sample-012.block-00,12,0,True,77,2.9615384615384617
dataset-lcb_v6.model-gemma-12b.alpha4.0.steps100.blocks-1.prefetch-budget-20.rank-accept_first.cut-entropy4.0.samples20.maxnew1024.seed10086.subtreePrefetch.vllm.log,accept_first,sample-012.block-00,12,0,True,78,3.0
dataset-lcb_v6.model-gemma-12b.alpha4.0.steps100.blocks-1.prefetch-budget-20.rank-accept_first.cut-entropy4.0.samples20.maxnew1024.seed10086.subtreePrefetch.vllm.log,accept_first,sample-012.block-00,12,0,True,79,2.925925925925926
dataset-lcb_v6.model-gemma-12b.alpha4.0.steps100.blocks-1.prefetch-budget-20.rank-accept_first.cut-entropy4.0.samples20.maxnew1024.seed10086.subtreePrefetch.vllm.log,accept_first,sample-012.block-00,12,0,True,80,2.962962962962963
dataset-lcb_v6.model-gemma-12b.alpha4.0.steps100.blocks-1.prefetch-budget-20.rank-accept_first.cut-entropy4.0.samples20.maxnew1024.seed10086.subtreePrefetch.vllm.log,accept_first,sample-012.block-00,12,0,True,81,3.0
dataset-lcb_v6.model-gemma-12b.alpha4.0.steps100.blocks-1.prefetch-budget-20.rank-accept_first.cut-entropy4.0.samples20.maxnew1024.seed10086.subtreePrefetch.vllm.log,accept_first,sample-012.block-00,12,0,True,82,3.037037037037037
dataset-lcb_v6.model-gemma-12b.alpha4.0.steps100.blocks-1.prefetch-budget-20.rank-accept_first.cut-entropy4.0.samples20.maxnew1024.seed10086.subtreePrefetch.vllm.log,accept_first,sample-012.block-00,12,0,True,83,3.074074074074074
dataset-lcb_v6.model-gemma-12b.alpha4.0.steps100.blocks-1.prefetch-budget-20.rank-accept_first.cut-entropy4.0.samples20.maxnew1024.seed10086.subtreePrefetch.vllm.log,accept_first,sample-012.block-00,12,0,True,84,3.0
dataset-lcb_v6.model-gemma-12b.alpha4.0.steps100.blocks-1.prefetch-budget-20.rank-accept_first.cut-entropy4.0.samples20.maxnew1024.seed10086.subtreePrefetch.vllm.log,accept_first,sample-012.block-00,12,0,True,85,3.0357142857142856
dataset-lcb_v6.model-gemma-12b.alpha4.0.steps100.blocks-1.prefetch-budget-20.rank-accept_first.cut-entropy4.0.samples20.maxnew1024.seed10086.subtreePrefetch.vllm.log,accept_first,sample-012.block-00,12,0,True,86,3.0714285714285716
dataset-lcb_v6.model-gemma-12b.alpha4.0.steps100.blocks-1.prefetch-budget-20.rank-accept_first.cut-entropy4.0.samples20.maxnew1024.seed10086.subtreePrefetch.vllm.log,accept_first,sample-012.block-00,12,0,True,87,3.0
dataset-lcb_v6.model-gemma-12b.alpha4.0.steps100.blocks-1.prefetch-budget-20.rank-accept_first.cut-entropy4.0.samples20.maxnew1024.seed10086.subtreePrefetch.vllm.log,accept_first,sample-012.block-00,12,0,True,88,3.0344827586206895
dataset-lcb_v6.model-gemma-12b.alpha4.0.steps100.blocks-1.prefetch-budget-20.rank-accept_first.cut-entropy4.0.samples20.maxnew1024.seed10086.subtreePrefetch.vllm.log,accept_first,sample-012.block-00,12,0,True,89,3.0689655172413794
dataset-lcb_v6.model-gemma-12b.alpha4.0.steps100.blocks-1.prefetch-budget-20.rank-accept_first.cut-entropy4.0.samples20.maxnew1024.seed10086.subtreePrefetch.vllm.log,accept_first,sample-012.block-00,12,0,True,90,3.103448275862069
dataset-lcb_v6.model-gemma-12b.alpha4.0.steps100.blocks-1.prefetch-budget-20.rank-accept_first.cut-entropy4.0.samples20.maxnew1024.seed10086.subtreePrefetch.vllm.log,accept_first,sample-012.block-00,12,0,True,91,3.1379310344827585
dataset-lcb_v6.model-gemma-12b.alpha4.0.steps100.blocks-1.prefetch-budget-20.rank-accept_first.cut-entropy4.0.samples20.maxnew1024.seed10086.subtreePrefetch.vllm.log,accept_first,sample-012.block-00,12,0,True,92,3.1724137931034484
dataset-lcb_v6.model-gemma-12b.alpha4.0.steps100.blocks-1.prefetch-budget-20.rank-accept_first.cut-entropy4.0.samples20.maxnew1024.seed10086.subtreePrefetch.vllm.log,accept_first,sample-012.block-00,12,0,True,93,3.206896551724138
dataset-lcb_v6.model-gemma-12b.alpha4.0.steps100.blocks-1.prefetch-budget-20.rank-accept_first.cut-entropy4.0.samples20.maxnew1024.seed10086.subtreePrefetch.vllm.log,accept_first,sample-012.block-00,12,0,True,94,3.1333333333333333
dataset-lcb_v6.model-gemma-12b.alpha4.0.steps100.blocks-1.prefetch-budget-20.rank-accept_first.cut-entropy4.0.samples20.maxnew1024.seed10086.subtreePrefetch.vllm.log,accept_first,sample-012.block-00,12,0,True,95,3.1666666666666665
dataset-lcb_v6.model-gemma-12b.alpha4.0.steps100.blocks-1.prefetch-budget-20.rank-accept_first.cut-entropy4.0.samples20.maxnew1024.seed10086.subtreePrefetch.vllm.log,accept_first,sample-012.block-00,12,0,True,96,3.2
dataset-lcb_v6.model-gemma-12b.alpha4.0.steps100.blocks-1.prefetch-budget-20.rank-accept_first.cut-entropy4.0.samples20.maxnew1024.seed10086.subtreePrefetch.vllm.log,accept_first,sample-012.block-00,12,0,True,97,3.2333333333333334
dataset-lcb_v6.model-gemma-12b.alpha4.0.steps100.blocks-1.prefetch-budget-20.rank-accept_first.cut-entropy4.0.samples20.maxnew1024.seed10086.subtreePrefetch.vllm.log,accept_first,sample-012.block-00,12,0,True,98,3.2666666666666666
dataset-lcb_v6.model-gemma-12b.alpha4.0.steps100.blocks-1.prefetch-budget-20.rank-accept_first.cut-entropy4.0.samples20.maxnew1024.seed10086.subtreePrefetch.vllm.log,accept_first,sample-012.block-00,12,0,True,99,3.3
dataset-lcb_v6.model-gemma-12b.alpha4.0.steps100.blocks-1.prefetch-budget-20.rank-accept_first.cut-entropy4.0.samples20.maxnew1024.seed10086.subtreePrefetch.vllm.log,accept_first,sample-012.block-00,12,0,True,100,3.225806451612903
dataset-lcb_v6.model-gemma-12b.alpha4.0.steps100.blocks-1.prefetch-budget-20.rank-accept_first.cut-entropy4.0.samples20.maxnew1024.seed10086.subtreePrefetch.vllm.log,accept_first,sample-013.block-00,13,0,True,1,1.0
dataset-lcb_v6.model-gemma-12b.alpha4.0.steps100.blocks-1.prefetch-budget-20.rank-accept_first.cut-entropy4.0.samples20.maxnew1024.seed10086.subtreePrefetch.vllm.log,accept_first,sample-013.block-00,13,0,True,2,2.0
dataset-lcb_v6.model-gemma-12b.alpha4.0.steps100.blocks-1.prefetch-budget-20.rank-accept_first.cut-entropy4.0.samples20.maxnew1024.seed10086.subtreePrefetch.vllm.log,accept_first,sample-013.block-00,13,0,True,3,3.0
dataset-lcb_v6.model-gemma-12b.alpha4.0.steps100.blocks-1.prefetch-budget-20.rank-accept_first.cut-entropy4.0.samples20.maxnew1024.seed10086.subtreePrefetch.vllm.log,accept_first,sample-013.block-00,13,0,True,4,4.0
dataset-lcb_v6.model-gemma-12b.alpha4.0.steps100.blocks-1.prefetch-budget-20.rank-accept_first.cut-entropy4.0.samples20.maxnew1024.seed10086.subtreePrefetch.vllm.log,accept_first,sample-013.block-00,13,0,True,5,2.5
dataset-lcb_v6.model-gemma-12b.alpha4.0.steps100.blocks-1.prefetch-budget-20.rank-accept_first.cut-entropy4.0.samples20.maxnew1024.seed10086.subtreePrefetch.vllm.log,accept_first,sample-013.block-00,13,0,True,6,3.0
dataset-lcb_v6.model-gemma-12b.alpha4.0.steps100.blocks-1.prefetch-budget-20.rank-accept_first.cut-entropy4.0.samples20.maxnew1024.seed10086.subtreePrefetch.vllm.log,accept_first,sample-013.block-00,13,0,True,7,2.3333333333333335
dataset-lcb_v6.model-gemma-12b.alpha4.0.steps100.blocks-1.prefetch-budget-20.rank-accept_first.cut-entropy4.0.samples20.maxnew1024.seed10086.subtreePrefetch.vllm.log,accept_first,sample-013.block-00,13,0,True,8,2.6666666666666665
dataset-lcb_v6.model-gemma-12b.alpha4.0.steps100.blocks-1.prefetch-budget-20.rank-accept_first.cut-entropy4.0.samples20.maxnew1024.seed10086.subtreePrefetch.vllm.log,accept_first,sample-013.block-00,13,0,True,9,3.0
dataset-lcb_v6.model-gemma-12b.alpha4.0.steps100.blocks-1.prefetch-budget-20.rank-accept_first.cut-entropy4.0.samples20.maxnew1024.seed10086.subtreePrefetch.vllm.log,accept_first,sample-013.block-00,13,0,True,10,3.3333333333333335
dataset-lcb_v6.model-gemma-12b.alpha4.0.steps100.blocks-1.prefetch-budget-20.rank-accept_first.cut-entropy4.0.samples20.maxnew1024.seed10086.subtreePrefetch.vllm.log,accept_first,sample-013.block-00,13,0,True,11,3.6666666666666665
dataset-lcb_v6.model-gemma-12b.alpha4.0.steps100.blocks-1.prefetch-budget-20.rank-accept_first.cut-entropy4.0.samples20.maxnew1024.seed10086.subtreePrefetch.vllm.log,accept_first,sample-013.block-00,13,0,True,12,4.0
dataset-lcb_v6.model-gemma-12b.alpha4.0.steps100.blocks-1.prefetch-budget-20.rank-accept_first.cut-entropy4.0.samples20.maxnew1024.seed10086.subtreePrefetch.vllm.log,accept_first,sample-013.block-00,13,0,True,13,4.333333333333333
dataset-lcb_v6.model-gemma-12b.alpha4.0.steps100.blocks-1.prefetch-budget-20.rank-accept_first.cut-entropy4.0.samples20.maxnew1024.seed10086.subtreePrefetch.vllm.log,accept_first,sample-013.block-00,13,0,True,14,3.5
dataset-lcb_v6.model-gemma-12b.alpha4.0.steps100.blocks-1.prefetch-budget-20.rank-accept_first.cut-entropy4.0.samples20.maxnew1024.seed10086.subtreePrefetch.vllm.log,accept_first,sample-013.block-00,13,0,True,15,3.75
dataset-lcb_v6.model-gemma-12b.alpha4.0.steps100.blocks-1.prefetch-budget-20.rank-accept_first.cut-entropy4.0.samples20.maxnew1024.seed10086.subtreePrefetch.vllm.log,accept_first,sample-013.block-00,13,0,True,16,4.0
dataset-lcb_v6.model-gemma-12b.alpha4.0.steps100.blocks-1.prefetch-budget-20.rank-accept_first.cut-entropy4.0.samples20.maxnew1024.seed10086.subtreePrefetch.vllm.log,accept_first,sample-013.block-00,13,0,True,17,4.25
dataset-lcb_v6.model-gemma-12b.alpha4.0.steps100.blocks-1.prefetch-budget-20.rank-accept_first.cut-entropy4.0.samples20.maxnew1024.seed10086.subtreePrefetch.vllm.log,accept_first,sample-013.block-00,13,0,True,18,4.5
dataset-lcb_v6.model-gemma-12b.alpha4.0.steps100.blocks-1.prefetch-budget-20.rank-accept_first.cut-entropy4.0.samples20.maxnew1024.seed10086.subtreePrefetch.vllm.log,accept_first,sample-013.block-00,13,0,True,19,4.75
dataset-lcb_v6.model-gemma-12b.alpha4.0.steps100.blocks-1.prefetch-budget-20.rank-accept_first.cut-entropy4.0.samples20.maxnew1024.seed10086.subtreePrefetch.vllm.log,accept_first,sample-013.block-00,13,0,True,20,4.0
dataset-lcb_v6.model-gemma-12b.alpha4.0.steps100.blocks-1.prefetch-budget-20.rank-accept_first.cut-entropy4.0.samples20.maxnew1024.seed10086.subtreePrefetch.vllm.log,accept_first,sample-013.block-00,13,0,True,21,4.2
dataset-lcb_v6.model-gemma-12b.alpha4.0.steps100.blocks-1.prefetch-budget-20.rank-accept_first.cut-entropy4.0.samples20.maxnew1024.seed10086.subtreePrefetch.vllm.log,accept_first,sample-013.block-00,13,0,True,22,4.4
dataset-lcb_v6.model-gemma-12b.alpha4.0.steps100.blocks-1.prefetch-budget-20.rank-accept_first.cut-entropy4.0.samples20.maxnew1024.seed10086.subtreePrefetch.vllm.log,accept_first,sample-013.block-00,13,0,True,23,4.6
dataset-lcb_v6.model-gemma-12b.alpha4.0.steps100.blocks-1.prefetch-budget-20.rank-accept_first.cut-entropy4.0.samples20.maxnew1024.seed10086.subtreePrefetch.vllm.log,accept_first,sample-013.block-00,13,0,True,24,4.8
dataset-lcb_v6.model-gemma-12b.alpha4.0.steps100.blocks-1.prefetch-budget-20.rank-accept_first.cut-entropy4.0.samples20.maxnew1024.seed10086.subtreePrefetch.vllm.log,accept_first,sample-013.block-00,13,0,True,25,5.0
dataset-lcb_v6.model-gemma-12b.alpha4.0.steps100.blocks-1.prefetch-budget-20.rank-accept_first.cut-entropy4.0.samples20.maxnew1024.seed10086.subtreePrefetch.vllm.log,accept_first,sample-013.block-00,13,0,True,26,5.2
dataset-lcb_v6.model-gemma-12b.alpha4.0.steps100.blocks-1.prefetch-budget-20.rank-accept_first.cut-entropy4.0.samples20.maxnew1024.seed10086.subtreePrefetch.vllm.log,accept_first,sample-013.block-00,13,0,True,27,5.4
dataset-lcb_v6.model-gemma-12b.alpha4.0.steps100.blocks-1.prefetch-budget-20.rank-accept_first.cut-entropy4.0.samples20.maxnew1024.seed10086.subtreePrefetch.vllm.log,accept_first,sample-013.block-00,13,0,True,28,5.6
dataset-lcb_v6.model-gemma-12b.alpha4.0.steps100.blocks-1.prefetch-budget-20.rank-accept_first.cut-entropy4.0.samples20.maxnew1024.seed10086.subtreePrefetch.vllm.log,accept_first,sample-013.block-00,13,0,True,29,5.8
dataset-lcb_v6.model-gemma-12b.alpha4.0.steps100.blocks-1.prefetch-budget-20.rank-accept_first.cut-entropy4.0.samples20.maxnew1024.seed10086.subtreePrefetch.vllm.log,accept_first,sample-013.block-00,13,0,True,30,6.0
dataset-lcb_v6.model-gemma-12b.alpha4.0.steps100.blocks-1.prefetch-budget-20.rank-accept_first.cut-entropy4.0.samples20.maxnew1024.seed10086.subtreePrefetch.vllm.log,accept_first,sample-013.block-00,13,0,True,31,6.2
dataset-lcb_v6.model-gemma-12b.alpha4.0.steps100.blocks-1.prefetch-budget-20.rank-accept_first.cut-entropy4.0.samples20.maxnew1024.seed10086.subtreePrefetch.vllm.log,accept_first,sample-013.block-00,13,0,True,32,5.333333333333333
dataset-lcb_v6.model-gemma-12b.alpha4.0.steps100.blocks-1.prefetch-budget-20.rank-accept_first.cut-entropy4.0.samples20.maxnew1024.seed10086.subtreePrefetch.vllm.log,accept_first,sample-013.block-00,13,0,True,33,5.5
dataset-lcb_v6.model-gemma-12b.alpha4.0.steps100.blocks-1.prefetch-budget-20.rank-accept_first.cut-entropy4.0.samples20.maxnew1024.seed10086.subtreePrefetch.vllm.log,accept_first,sample-013.block-00,13,0,True,34,5.666666666666667
dataset-lcb_v6.model-gemma-12b.alpha4.0.steps100.blocks-1.prefetch-budget-20.rank-accept_first.cut-entropy4.0.samples20.maxnew1024.seed10086.subtreePrefetch.vllm.log,accept_first,sample-013.block-00,13,0,True,35,5.833333333333333
dataset-lcb_v6.model-gemma-12b.alpha4.0.steps100.blocks-1.prefetch-budget-20.rank-accept_first.cut-entropy4.0.samples20.maxnew1024.seed10086.subtreePrefetch.vllm.log,accept_first,sample-013.block-00,13,0,True,36,6.0
dataset-lcb_v6.model-gemma-12b.alpha4.0.steps100.blocks-1.prefetch-budget-20.rank-accept_first.cut-entropy4.0.samples20.maxnew1024.seed10086.subtreePrefetch.vllm.log,accept_first,sample-013.block-00,13,0,True,37,6.166666666666667
dataset-lcb_v6.model-gemma-12b.alpha4.0.steps100.blocks-1.prefetch-budget-20.rank-accept_first.cut-entropy4.0.samples20.maxnew1024.seed10086.subtreePrefetch.vllm.log,accept_first,sample-013.block-00,13,0,True,38,6.333333333333333
dataset-lcb_v6.model-gemma-12b.alpha4.0.steps100.blocks-1.prefetch-budget-20.rank-accept_first.cut-entropy4.0.samples20.maxnew1024.seed10086.subtreePrefetch.vllm.log,accept_first,sample-013.block-00,13,0,True,39,6.5
dataset-lcb_v6.model-gemma-12b.alpha4.0.steps100.blocks-1.prefetch-budget-20.rank-accept_first.cut-entropy4.0.samples20.maxnew1024.seed10086.subtreePrefetch.vllm.log,accept_first,sample-013.block-00,13,0,True,40,6.666666666666667
dataset-lcb_v6.model-gemma-12b.alpha4.0.steps100.blocks-1.prefetch-budget-20.rank-accept_first.cut-entropy4.0.samples20.maxnew1024.seed10086.subtreePrefetch.vllm.log,accept_first,sample-013.block-00,13,0,True,41,6.833333333333333
dataset-lcb_v6.model-gemma-12b.alpha4.0.steps100.blocks-1.prefetch-budget-20.rank-accept_first.cut-entropy4.0.samples20.maxnew1024.seed10086.subtreePrefetch.vllm.log,accept_first,sample-013.block-00,13,0,True,42,6.0
dataset-lcb_v6.model-gemma-12b.alpha4.0.steps100.blocks-1.prefetch-budget-20.rank-accept_first.cut-entropy4.0.samples20.maxnew1024.seed10086.subtreePrefetch.vllm.log,accept_first,sample-013.block-00,13,0,True,43,6.142857142857143
dataset-lcb_v6.model-gemma-12b.alpha4.0.steps100.blocks-1.prefetch-budget-20.rank-accept_first.cut-entropy4.0.samples20.maxnew1024.seed10086.subtreePrefetch.vllm.log,accept_first,sample-013.block-00,13,0,True,44,6.285714285714286
dataset-lcb_v6.model-gemma-12b.alpha4.0.steps100.blocks-1.prefetch-budget-20.rank-accept_first.cut-entropy4.0.samples20.maxnew1024.seed10086.subtreePrefetch.vllm.log,accept_first,sample-013.block-00,13,0,True,45,6.428571428571429
dataset-lcb_v6.model-gemma-12b.alpha4.0.steps100.blocks-1.prefetch-budget-20.rank-accept_first.cut-entropy4.0.samples20.maxnew1024.seed10086.subtreePrefetch.vllm.log,accept_first,sample-013.block-00,13,0,True,46,6.571428571428571
dataset-lcb_v6.model-gemma-12b.alpha4.0.steps100.blocks-1.prefetch-budget-20.rank-accept_first.cut-entropy4.0.samples20.maxnew1024.seed10086.subtreePrefetch.vllm.log,accept_first,sample-013.block-00,13,0,True,47,6.714285714285714
dataset-lcb_v6.model-gemma-12b.alpha4.0.steps100.blocks-1.prefetch-budget-20.rank-accept_first.cut-entropy4.0.samples20.maxnew1024.seed10086.subtreePrefetch.vllm.log,accept_first,sample-013.block-00,13,0,True,48,6.857142857142857
dataset-lcb_v6.model-gemma-12b.alpha4.0.steps100.blocks-1.prefetch-budget-20.rank-accept_first.cut-entropy4.0.samples20.maxnew1024.seed10086.subtreePrefetch.vllm.log,accept_first,sample-013.block-00,13,0,True,49,6.125
dataset-lcb_v6.model-gemma-12b.alpha4.0.steps100.blocks-1.prefetch-budget-20.rank-accept_first.cut-entropy4.0.samples20.maxnew1024.seed10086.subtreePrefetch.vllm.log,accept_first,sample-013.block-00,13,0,True,50,6.25
dataset-lcb_v6.model-gemma-12b.alpha4.0.steps100.blocks-1.prefetch-budget-20.rank-accept_first.cut-entropy4.0.samples20.maxnew1024.seed10086.subtreePrefetch.vllm.log,accept_first,sample-013.block-00,13,0,True,51,6.375
dataset-lcb_v6.model-gemma-12b.alpha4.0.steps100.blocks-1.prefetch-budget-20.rank-accept_first.cut-entropy4.0.samples20.maxnew1024.seed10086.subtreePrefetch.vllm.log,accept_first,sample-013.block-00,13,0,True,52,5.777777777777778
dataset-lcb_v6.model-gemma-12b.alpha4.0.steps100.blocks-1.prefetch-budget-20.rank-accept_first.cut-entropy4.0.samples20.maxnew1024.seed10086.subtreePrefetch.vllm.log,accept_first,sample-013.block-00,13,0,True,53,5.888888888888889
dataset-lcb_v6.model-gemma-12b.alpha4.0.steps100.blocks-1.prefetch-budget-20.rank-accept_first.cut-entropy4.0.samples20.maxnew1024.seed10086.subtreePrefetch.vllm.log,accept_first,sample-013.block-00,13,0,True,54,6.0
dataset-lcb_v6.model-gemma-12b.alpha4.0.steps100.blocks-1.prefetch-budget-20.rank-accept_first.cut-entropy4.0.samples20.maxnew1024.seed10086.subtreePrefetch.vllm.log,accept_first,sample-013.block-00,13,0,True,55,5.5
dataset-lcb_v6.model-gemma-12b.alpha4.0.steps100.blocks-1.prefetch-budget-20.rank-accept_first.cut-entropy4.0.samples20.maxnew1024.seed10086.subtreePrefetch.vllm.log,accept_first,sample-013.block-00,13,0,True,56,5.6
dataset-lcb_v6.model-gemma-12b.alpha4.0.steps100.blocks-1.prefetch-budget-20.rank-accept_first.cut-entropy4.0.samples20.maxnew1024.seed10086.subtreePrefetch.vllm.log,accept_first,sample-013.block-00,13,0,True,57,5.7
dataset-lcb_v6.model-gemma-12b.alpha4.0.steps100.blocks-1.prefetch-budget-20.rank-accept_first.cut-entropy4.0.samples20.maxnew1024.seed10086.subtreePrefetch.vllm.log,accept_first,sample-013.block-00,13,0,True,58,5.8
dataset-lcb_v6.model-gemma-12b.alpha4.0.steps100.blocks-1.prefetch-budget-20.rank-accept_first.cut-entropy4.0.samples20.maxnew1024.seed10086.subtreePrefetch.vllm.log,accept_first,sample-013.block-00,13,0,True,59,5.9
dataset-lcb_v6.model-gemma-12b.alpha4.0.steps100.blocks-1.prefetch-budget-20.rank-accept_first.cut-entropy4.0.samples20.maxnew1024.seed10086.subtreePrefetch.vllm.log,accept_first,sample-013.block-00,13,0,True,60,6.0
dataset-lcb_v6.model-gemma-12b.alpha4.0.steps100.blocks-1.prefetch-budget-20.rank-accept_first.cut-entropy4.0.samples20.maxnew1024.seed10086.subtreePrefetch.vllm.log,accept_first,sample-013.block-00,13,0,True,61,5.545454545454546
dataset-lcb_v6.model-gemma-12b.alpha4.0.steps100.blocks-1.prefetch-budget-20.rank-accept_first.cut-entropy4.0.samples20.maxnew1024.seed10086.subtreePrefetch.vllm.log,accept_first,sample-013.block-00,13,0,True,62,5.636363636363637
dataset-lcb_v6.model-gemma-12b.alpha4.0.steps100.blocks-1.prefetch-budget-20.rank-accept_first.cut-entropy4.0.samples20.maxnew1024.seed10086.subtreePrefetch.vllm.log,accept_first,sample-013.block-00,13,0,True,63,5.7272727272727275
dataset-lcb_v6.model-gemma-12b.alpha4.0.steps100.blocks-1.prefetch-budget-20.rank-accept_first.cut-entropy4.0.samples20.maxnew1024.seed10086.subtreePrefetch.vllm.log,accept_first,sample-013.block-00,13,0,True,64,5.818181818181818
dataset-lcb_v6.model-gemma-12b.alpha4.0.steps100.blocks-1.prefetch-budget-20.rank-accept_first.cut-entropy4.0.samples20.maxnew1024.seed10086.subtreePrefetch.vllm.log,accept_first,sample-013.block-00,13,0,True,65,5.416666666666667
dataset-lcb_v6.model-gemma-12b.alpha4.0.steps100.blocks-1.prefetch-budget-20.rank-accept_first.cut-entropy4.0.samples20.maxnew1024.seed10086.subtreePrefetch.vllm.log,accept_first,sample-013.block-00,13,0,True,66,5.076923076923077
dataset-lcb_v6.model-gemma-12b.alpha4.0.steps100.blocks-1.prefetch-budget-20.rank-accept_first.cut-entropy4.0.samples20.maxnew1024.seed10086.subtreePrefetch.vllm.log,accept_first,sample-013.block-00,13,0,True,67,5.153846153846154
dataset-lcb_v6.model-gemma-12b.alpha4.0.steps100.blocks-1.prefetch-budget-20.rank-accept_first.cut-entropy4.0.samples20.maxnew1024.seed10086.subtreePrefetch.vllm.log,accept_first,sample-013.block-00,13,0,True,68,5.230769230769231
dataset-lcb_v6.model-gemma-12b.alpha4.0.steps100.blocks-1.prefetch-budget-20.rank-accept_first.cut-entropy4.0.samples20.maxnew1024.seed10086.subtreePrefetch.vllm.log,accept_first,sample-013.block-00,13,0,True,69,4.928571428571429
dataset-lcb_v6.model-gemma-12b.alpha4.0.steps100.blocks-1.prefetch-budget-20.rank-accept_first.cut-entropy4.0.samples20.maxnew1024.seed10086.subtreePrefetch.vllm.log,accept_first,sample-013.block-00,13,0,True,70,5.0
dataset-lcb_v6.model-gemma-12b.alpha4.0.steps100.blocks-1.prefetch-budget-20.rank-accept_first.cut-entropy4.0.samples20.maxnew1024.seed10086.subtreePrefetch.vllm.log,accept_first,sample-013.block-00,13,0,True,71,4.733333333333333
dataset-lcb_v6.model-gemma-12b.alpha4.0.steps100.blocks-1.prefetch-budget-20.rank-accept_first.cut-entropy4.0.samples20.maxnew1024.seed10086.subtreePrefetch.vllm.log,accept_first,sample-013.block-00,13,0,True,72,4.8
dataset-lcb_v6.model-gemma-12b.alpha4.0.steps100.blocks-1.prefetch-budget-20.rank-accept_first.cut-entropy4.0.samples20.maxnew1024.seed10086.subtreePrefetch.vllm.log,accept_first,sample-013.block-00,13,0,True,73,4.866666666666666
dataset-lcb_v6.model-gemma-12b.alpha4.0.steps100.blocks-1.prefetch-budget-20.rank-accept_first.cut-entropy4.0.samples20.maxnew1024.seed10086.subtreePrefetch.vllm.log,accept_first,sample-013.block-00,13,0,True,74,4.933333333333334
dataset-lcb_v6.model-gemma-12b.alpha4.0.steps100.blocks-1.prefetch-budget-20.rank-accept_first.cut-entropy4.0.samples20.maxnew1024.seed10086.subtreePrefetch.vllm.log,accept_first,sample-013.block-00,13,0,True,75,5.0
dataset-lcb_v6.model-gemma-12b.alpha4.0.steps100.blocks-1.prefetch-budget-20.rank-accept_first.cut-entropy4.0.samples20.maxnew1024.seed10086.subtreePrefetch.vllm.log,accept_first,sample-013.block-00,13,0,True,76,4.75
dataset-lcb_v6.model-gemma-12b.alpha4.0.steps100.blocks-1.prefetch-budget-20.rank-accept_first.cut-entropy4.0.samples20.maxnew1024.seed10086.subtreePrefetch.vllm.log,accept_first,sample-013.block-00,13,0,True,77,4.8125
dataset-lcb_v6.model-gemma-12b.alpha4.0.steps100.blocks-1.prefetch-budget-20.rank-accept_first.cut-entropy4.0.samples20.maxnew1024.seed10086.subtreePrefetch.vllm.log,accept_first,sample-013.block-00,13,0,True,78,4.875
dataset-lcb_v6.model-gemma-12b.alpha4.0.steps100.blocks-1.prefetch-budget-20.rank-accept_first.cut-entropy4.0.samples20.maxnew1024.seed10086.subtreePrefetch.vllm.log,accept_first,sample-013.block-00,13,0,True,79,4.647058823529412
dataset-lcb_v6.model-gemma-12b.alpha4.0.steps100.blocks-1.prefetch-budget-20.rank-accept_first.cut-entropy4.0.samples20.maxnew1024.seed10086.subtreePrefetch.vllm.log,accept_first,sample-013.block-00,13,0,True,80,4.444444444444445
dataset-lcb_v6.model-gemma-12b.alpha4.0.steps100.blocks-1.prefetch-budget-20.rank-accept_first.cut-entropy4.0.samples20.maxnew1024.seed10086.subtreePrefetch.vllm.log,accept_first,sample-013.block-00,13,0,True,81,4.2631578947368425
dataset-lcb_v6.model-gemma-12b.alpha4.0.steps100.blocks-1.prefetch-budget-20.rank-accept_first.cut-entropy4.0.samples20.maxnew1024.seed10086.subtreePrefetch.vllm.log,accept_first,sample-013.block-00,13,0,True,82,4.315789473684211
dataset-lcb_v6.model-gemma-12b.alpha4.0.steps100.blocks-1.prefetch-budget-20.rank-accept_first.cut-entropy4.0.samples20.maxnew1024.seed10086.subtreePrefetch.vllm.log,accept_first,sample-013.block-00,13,0,True,83,4.15
dataset-lcb_v6.model-gemma-12b.alpha4.0.steps100.blocks-1.prefetch-budget-20.rank-accept_first.cut-entropy4.0.samples20.maxnew1024.seed10086.subtreePrefetch.vllm.log,accept_first,sample-013.block-00,13,0,True,84,4.2
dataset-lcb_v6.model-gemma-12b.alpha4.0.steps100.blocks-1.prefetch-budget-20.rank-accept_first.cut-entropy4.0.samples20.maxnew1024.seed10086.subtreePrefetch.vllm.log,accept_first,sample-013.block-00,13,0,True,85,4.25
dataset-lcb_v6.model-gemma-12b.alpha4.0.steps100.blocks-1.prefetch-budget-20.rank-accept_first.cut-entropy4.0.samples20.maxnew1024.seed10086.subtreePrefetch.vllm.log,accept_first,sample-013.block-00,13,0,True,86,4.3
dataset-lcb_v6.model-gemma-12b.alpha4.0.steps100.blocks-1.prefetch-budget-20.rank-accept_first.cut-entropy4.0.samples20.maxnew1024.seed10086.subtreePrefetch.vllm.log,accept_first,sample-013.block-00,13,0,True,87,4.35
dataset-lcb_v6.model-gemma-12b.alpha4.0.steps100.blocks-1.prefetch-budget-20.rank-accept_first.cut-entropy4.0.samples20.maxnew1024.seed10086.subtreePrefetch.vllm.log,accept_first,sample-013.block-00,13,0,True,88,4.4
dataset-lcb_v6.model-gemma-12b.alpha4.0.steps100.blocks-1.prefetch-budget-20.rank-accept_first.cut-entropy4.0.samples20.maxnew1024.seed10086.subtreePrefetch.vllm.log,accept_first,sample-013.block-00,13,0,True,89,4.45
dataset-lcb_v6.model-gemma-12b.alpha4.0.steps100.blocks-1.prefetch-budget-20.rank-accept_first.cut-entropy4.0.samples20.maxnew1024.seed10086.subtreePrefetch.vllm.log,accept_first,sample-013.block-00,13,0,True,90,4.5
dataset-lcb_v6.model-gemma-12b.alpha4.0.steps100.blocks-1.prefetch-budget-20.rank-accept_first.cut-entropy4.0.samples20.maxnew1024.seed10086.subtreePrefetch.vllm.log,accept_first,sample-013.block-00,13,0,True,91,4.55
dataset-lcb_v6.model-gemma-12b.alpha4.0.steps100.blocks-1.prefetch-budget-20.rank-accept_first.cut-entropy4.0.samples20.maxnew1024.seed10086.subtreePrefetch.vllm.log,accept_first,sample-013.block-00,13,0,True,92,4.380952380952381
dataset-lcb_v6.model-gemma-12b.alpha4.0.steps100.blocks-1.prefetch-budget-20.rank-accept_first.cut-entropy4.0.samples20.maxnew1024.seed10086.subtreePrefetch.vllm.log,accept_first,sample-013.block-00,13,0,True,93,4.428571428571429
dataset-lcb_v6.model-gemma-12b.alpha4.0.steps100.blocks-1.prefetch-budget-20.rank-accept_first.cut-entropy4.0.samples20.maxnew1024.seed10086.subtreePrefetch.vllm.log,accept_first,sample-013.block-00,13,0,True,94,4.2727272727272725
dataset-lcb_v6.model-gemma-12b.alpha4.0.steps100.blocks-1.prefetch-budget-20.rank-accept_first.cut-entropy4.0.samples20.maxnew1024.seed10086.subtreePrefetch.vllm.log,accept_first,sample-013.block-00,13,0,True,95,4.318181818181818
dataset-lcb_v6.model-gemma-12b.alpha4.0.steps100.blocks-1.prefetch-budget-20.rank-accept_first.cut-entropy4.0.samples20.maxnew1024.seed10086.subtreePrefetch.vllm.log,accept_first,sample-013.block-00,13,0,True,96,4.173913043478261
dataset-lcb_v6.model-gemma-12b.alpha4.0.steps100.blocks-1.prefetch-budget-20.rank-accept_first.cut-entropy4.0.samples20.maxnew1024.seed10086.subtreePrefetch.vllm.log,accept_first,sample-013.block-00,13,0,True,97,4.217391304347826
dataset-lcb_v6.model-gemma-12b.alpha4.0.steps100.blocks-1.prefetch-budget-20.rank-accept_first.cut-entropy4.0.samples20.maxnew1024.seed10086.subtreePrefetch.vllm.log,accept_first,sample-013.block-00,13,0,True,98,4.260869565217392
dataset-lcb_v6.model-gemma-12b.alpha4.0.steps100.blocks-1.prefetch-budget-20.rank-accept_first.cut-entropy4.0.samples20.maxnew1024.seed10086.subtreePrefetch.vllm.log,accept_first,sample-013.block-00,13,0,True,99,4.125
dataset-lcb_v6.model-gemma-12b.alpha4.0.steps100.blocks-1.prefetch-budget-20.rank-accept_first.cut-entropy4.0.samples20.maxnew1024.seed10086.subtreePrefetch.vllm.log,accept_first,sample-013.block-00,13,0,True,100,4.166666666666667
dataset-lcb_v6.model-gemma-12b.alpha4.0.steps100.blocks-1.prefetch-budget-20.rank-accept_first.cut-entropy4.0.samples20.maxnew1024.seed10086.subtreePrefetch.vllm.log,accept_first,sample-014.block-00,14,0,True,1,1.0
dataset-lcb_v6.model-gemma-12b.alpha4.0.steps100.blocks-1.prefetch-budget-20.rank-accept_first.cut-entropy4.0.samples20.maxnew1024.seed10086.subtreePrefetch.vllm.log,accept_first,sample-014.block-00,14,0,True,2,2.0
dataset-lcb_v6.model-gemma-12b.alpha4.0.steps100.blocks-1.prefetch-budget-20.rank-accept_first.cut-entropy4.0.samples20.maxnew1024.seed10086.subtreePrefetch.vllm.log,accept_first,sample-014.block-00,14,0,True,3,3.0
dataset-lcb_v6.model-gemma-12b.alpha4.0.steps100.blocks-1.prefetch-budget-20.rank-accept_first.cut-entropy4.0.samples20.maxnew1024.seed10086.subtreePrefetch.vllm.log,accept_first,sample-014.block-00,14,0,True,4,4.0
dataset-lcb_v6.model-gemma-12b.alpha4.0.steps100.blocks-1.prefetch-budget-20.rank-accept_first.cut-entropy4.0.samples20.maxnew1024.seed10086.subtreePrefetch.vllm.log,accept_first,sample-014.block-00,14,0,True,5,2.5
dataset-lcb_v6.model-gemma-12b.alpha4.0.steps100.blocks-1.prefetch-budget-20.rank-accept_first.cut-entropy4.0.samples20.maxnew1024.seed10086.subtreePrefetch.vllm.log,accept_first,sample-014.block-00,14,0,True,6,3.0
dataset-lcb_v6.model-gemma-12b.alpha4.0.steps100.blocks-1.prefetch-budget-20.rank-accept_first.cut-entropy4.0.samples20.maxnew1024.seed10086.subtreePrefetch.vllm.log,accept_first,sample-014.block-00,14,0,True,7,2.3333333333333335
dataset-lcb_v6.model-gemma-12b.alpha4.0.steps100.blocks-1.prefetch-budget-20.rank-accept_first.cut-entropy4.0.samples20.maxnew1024.seed10086.subtreePrefetch.vllm.log,accept_first,sample-014.block-00,14,0,True,8,2.6666666666666665
dataset-lcb_v6.model-gemma-12b.alpha4.0.steps100.blocks-1.prefetch-budget-20.rank-accept_first.cut-entropy4.0.samples20.maxnew1024.seed10086.subtreePrefetch.vllm.log,accept_first,sample-014.block-00,14,0,True,9,3.0
dataset-lcb_v6.model-gemma-12b.alpha4.0.steps100.blocks-1.prefetch-budget-20.rank-accept_first.cut-entropy4.0.samples20.maxnew1024.seed10086.subtreePrefetch.vllm.log,accept_first,sample-014.block-00,14,0,True,10,2.5
dataset-lcb_v6.model-gemma-12b.alpha4.0.steps100.blocks-1.prefetch-budget-20.rank-accept_first.cut-entropy4.0.samples20.maxnew1024.seed10086.subtreePrefetch.vllm.log,accept_first,sample-014.block-00,14,0,True,11,2.75
dataset-lcb_v6.model-gemma-12b.alpha4.0.steps100.blocks-1.prefetch-budget-20.rank-accept_first.cut-entropy4.0.samples20.maxnew1024.seed10086.subtreePrefetch.vllm.log,accept_first,sample-014.block-00,14,0,True,12,3.0
dataset-lcb_v6.model-gemma-12b.alpha4.0.steps100.blocks-1.prefetch-budget-20.rank-accept_first.cut-entropy4.0.samples20.maxnew1024.seed10086.subtreePrefetch.vllm.log,accept_first,sample-014.block-00,14,0,True,13,3.25
dataset-lcb_v6.model-gemma-12b.alpha4.0.steps100.blocks-1.prefetch-budget-20.rank-accept_first.cut-entropy4.0.samples20.maxnew1024.seed10086.subtreePrefetch.vllm.log,accept_first,sample-014.block-00,14,0,True,14,3.5
dataset-lcb_v6.model-gemma-12b.alpha4.0.steps100.blocks-1.prefetch-budget-20.rank-accept_first.cut-entropy4.0.samples20.maxnew1024.seed10086.subtreePrefetch.vllm.log,accept_first,sample-014.block-00,14,0,True,15,3.0
dataset-lcb_v6.model-gemma-12b.alpha4.0.steps100.blocks-1.prefetch-budget-20.rank-accept_first.cut-entropy4.0.samples20.maxnew1024.seed10086.subtreePrefetch.vllm.log,accept_first,sample-014.block-00,14,0,True,16,3.2
dataset-lcb_v6.model-gemma-12b.alpha4.0.steps100.blocks-1.prefetch-budget-20.rank-accept_first.cut-entropy4.0.samples20.maxnew1024.seed10086.subtreePrefetch.vllm.log,accept_first,sample-014.block-00,14,0,True,17,3.4
dataset-lcb_v6.model-gemma-12b.alpha4.0.steps100.blocks-1.prefetch-budget-20.rank-accept_first.cut-entropy4.0.samples20.maxnew1024.seed10086.subtreePrefetch.vllm.log,accept_first,sample-014.block-00,14,0,True,18,3.6
dataset-lcb_v6.model-gemma-12b.alpha4.0.steps100.blocks-1.prefetch-budget-20.rank-accept_first.cut-entropy4.0.samples20.maxnew1024.seed10086.subtreePrefetch.vllm.log,accept_first,sample-014.block-00,14,0,True,19,3.1666666666666665
dataset-lcb_v6.model-gemma-12b.alpha4.0.steps100.blocks-1.prefetch-budget-20.rank-accept_first.cut-entropy4.0.samples20.maxnew1024.seed10086.subtreePrefetch.vllm.log,accept_first,sample-014.block-00,14,0,True,20,3.3333333333333335
dataset-lcb_v6.model-gemma-12b.alpha4.0.steps100.blocks-1.prefetch-budget-20.rank-accept_first.cut-entropy4.0.samples20.maxnew1024.seed10086.subtreePrefetch.vllm.log,accept_first,sample-014.block-00,14,0,True,21,3.5
dataset-lcb_v6.model-gemma-12b.alpha4.0.steps100.blocks-1.prefetch-budget-20.rank-accept_first.cut-entropy4.0.samples20.maxnew1024.seed10086.subtreePrefetch.vllm.log,accept_first,sample-014.block-00,14,0,True,22,3.142857142857143
dataset-lcb_v6.model-gemma-12b.alpha4.0.steps100.blocks-1.prefetch-budget-20.rank-accept_first.cut-entropy4.0.samples20.maxnew1024.seed10086.subtreePrefetch.vllm.log,accept_first,sample-014.block-00,14,0,True,23,3.2857142857142856
dataset-lcb_v6.model-gemma-12b.alpha4.0.steps100.blocks-1.prefetch-budget-20.rank-accept_first.cut-entropy4.0.samples20.maxnew1024.seed10086.subtreePrefetch.vllm.log,accept_first,sample-014.block-00,14,0,True,24,3.4285714285714284
dataset-lcb_v6.model-gemma-12b.alpha4.0.steps100.blocks-1.prefetch-budget-20.rank-accept_first.cut-entropy4.0.samples20.maxnew1024.seed10086.subtreePrefetch.vllm.log,accept_first,sample-014.block-00,14,0,True,25,3.5714285714285716
dataset-lcb_v6.model-gemma-12b.alpha4.0.steps100.blocks-1.prefetch-budget-20.rank-accept_first.cut-entropy4.0.samples20.maxnew1024.seed10086.subtreePrefetch.vllm.log,accept_first,sample-014.block-00,14,0,True,26,3.7142857142857144
dataset-lcb_v6.model-gemma-12b.alpha4.0.steps100.blocks-1.prefetch-budget-20.rank-accept_first.cut-entropy4.0.samples20.maxnew1024.seed10086.subtreePrefetch.vllm.log,accept_first,sample-014.block-00,14,0,True,27,3.375
dataset-lcb_v6.model-gemma-12b.alpha4.0.steps100.blocks-1.prefetch-budget-20.rank-accept_first.cut-entropy4.0.samples20.maxnew1024.seed10086.subtreePrefetch.vllm.log,accept_first,sample-014.block-00,14,0,True,28,3.5
dataset-lcb_v6.model-gemma-12b.alpha4.0.steps100.blocks-1.prefetch-budget-20.rank-accept_first.cut-entropy4.0.samples20.maxnew1024.seed10086.subtreePrefetch.vllm.log,accept_first,sample-014.block-00,14,0,True,29,3.625
dataset-lcb_v6.model-gemma-12b.alpha4.0.steps100.blocks-1.prefetch-budget-20.rank-accept_first.cut-entropy4.0.samples20.maxnew1024.seed10086.subtreePrefetch.vllm.log,accept_first,sample-014.block-00,14,0,True,30,3.75
dataset-lcb_v6.model-gemma-12b.alpha4.0.steps100.blocks-1.prefetch-budget-20.rank-accept_first.cut-entropy4.0.samples20.maxnew1024.seed10086.subtreePrefetch.vllm.log,accept_first,sample-014.block-00,14,0,True,31,3.4444444444444446
dataset-lcb_v6.model-gemma-12b.alpha4.0.steps100.blocks-1.prefetch-budget-20.rank-accept_first.cut-entropy4.0.samples20.maxnew1024.seed10086.subtreePrefetch.vllm.log,accept_first,sample-014.block-00,14,0,True,32,3.5555555555555554
dataset-lcb_v6.model-gemma-12b.alpha4.0.steps100.blocks-1.prefetch-budget-20.rank-accept_first.cut-entropy4.0.samples20.maxnew1024.seed10086.subtreePrefetch.vllm.log,accept_first,sample-014.block-00,14,0,True,33,3.6666666666666665
dataset-lcb_v6.model-gemma-12b.alpha4.0.steps100.blocks-1.prefetch-budget-20.rank-accept_first.cut-entropy4.0.samples20.maxnew1024.seed10086.subtreePrefetch.vllm.log,accept_first,sample-014.block-00,14,0,True,34,3.4
dataset-lcb_v6.model-gemma-12b.alpha4.0.steps100.blocks-1.prefetch-budget-20.rank-accept_first.cut-entropy4.0.samples20.maxnew1024.seed10086.subtreePrefetch.vllm.log,accept_first,sample-014.block-00,14,0,True,35,3.5
dataset-lcb_v6.model-gemma-12b.alpha4.0.steps100.blocks-1.prefetch-budget-20.rank-accept_first.cut-entropy4.0.samples20.maxnew1024.seed10086.subtreePrefetch.vllm.log,accept_first,sample-014.block-00,14,0,True,36,3.6
dataset-lcb_v6.model-gemma-12b.alpha4.0.steps100.blocks-1.prefetch-budget-20.rank-accept_first.cut-entropy4.0.samples20.maxnew1024.seed10086.subtreePrefetch.vllm.log,accept_first,sample-014.block-00,14,0,True,37,3.3636363636363638
dataset-lcb_v6.model-gemma-12b.alpha4.0.steps100.blocks-1.prefetch-budget-20.rank-accept_first.cut-entropy4.0.samples20.maxnew1024.seed10086.subtreePrefetch.vllm.log,accept_first,sample-014.block-00,14,0,True,38,3.4545454545454546
dataset-lcb_v6.model-gemma-12b.alpha4.0.steps100.blocks-1.prefetch-budget-20.rank-accept_first.cut-entropy4.0.samples20.maxnew1024.seed10086.subtreePrefetch.vllm.log,accept_first,sample-014.block-00,14,0,True,39,3.5454545454545454
dataset-lcb_v6.model-gemma-12b.alpha4.0.steps100.blocks-1.prefetch-budget-20.rank-accept_first.cut-entropy4.0.samples20.maxnew1024.seed10086.subtreePrefetch.vllm.log,accept_first,sample-014.block-00,14,0,True,40,3.6363636363636362
dataset-lcb_v6.model-gemma-12b.alpha4.0.steps100.blocks-1.prefetch-budget-20.rank-accept_first.cut-entropy4.0.samples20.maxnew1024.seed10086.subtreePrefetch.vllm.log,accept_first,sample-014.block-00,14,0,True,41,3.727272727272727
dataset-lcb_v6.model-gemma-12b.alpha4.0.steps100.blocks-1.prefetch-budget-20.rank-accept_first.cut-entropy4.0.samples20.maxnew1024.seed10086.subtreePrefetch.vllm.log,accept_first,sample-014.block-00,14,0,True,42,3.5
dataset-lcb_v6.model-gemma-12b.alpha4.0.steps100.blocks-1.prefetch-budget-20.rank-accept_first.cut-entropy4.0.samples20.maxnew1024.seed10086.subtreePrefetch.vllm.log,accept_first,sample-014.block-00,14,0,True,43,3.5833333333333335
dataset-lcb_v6.model-gemma-12b.alpha4.0.steps100.blocks-1.prefetch-budget-20.rank-accept_first.cut-entropy4.0.samples20.maxnew1024.seed10086.subtreePrefetch.vllm.log,accept_first,sample-014.block-00,14,0,True,44,3.3846153846153846
dataset-lcb_v6.model-gemma-12b.alpha4.0.steps100.blocks-1.prefetch-budget-20.rank-accept_first.cut-entropy4.0.samples20.maxnew1024.seed10086.subtreePrefetch.vllm.log,accept_first,sample-014.block-00,14,0,True,45,3.4615384615384617
dataset-lcb_v6.model-gemma-12b.alpha4.0.steps100.blocks-1.prefetch-budget-20.rank-accept_first.cut-entropy4.0.samples20.maxnew1024.seed10086.subtreePrefetch.vllm.log,accept_first,sample-014.block-00,14,0,True,46,3.5384615384615383
dataset-lcb_v6.model-gemma-12b.alpha4.0.steps100.blocks-1.prefetch-budget-20.rank-accept_first.cut-entropy4.0.samples20.maxnew1024.seed10086.subtreePrefetch.vllm.log,accept_first,sample-014.block-00,14,0,True,47,3.357142857142857
dataset-lcb_v6.model-gemma-12b.alpha4.0.steps100.blocks-1.prefetch-budget-20.rank-accept_first.cut-entropy4.0.samples20.maxnew1024.seed10086.subtreePrefetch.vllm.log,accept_first,sample-014.block-00,14,0,True,48,3.4285714285714284
dataset-lcb_v6.model-gemma-12b.alpha4.0.steps100.blocks-1.prefetch-budget-20.rank-accept_first.cut-entropy4.0.samples20.maxnew1024.seed10086.subtreePrefetch.vllm.log,accept_first,sample-014.block-00,14,0,True,49,3.5
dataset-lcb_v6.model-gemma-12b.alpha4.0.steps100.blocks-1.prefetch-budget-20.rank-accept_first.cut-entropy4.0.samples20.maxnew1024.seed10086.subtreePrefetch.vllm.log,accept_first,sample-014.block-00,14,0,True,50,3.5714285714285716
dataset-lcb_v6.model-gemma-12b.alpha4.0.steps100.blocks-1.prefetch-budget-20.rank-accept_first.cut-entropy4.0.samples20.maxnew1024.seed10086.subtreePrefetch.vllm.log,accept_first,sample-014.block-00,14,0,True,51,3.642857142857143
dataset-lcb_v6.model-gemma-12b.alpha4.0.steps100.blocks-1.prefetch-budget-20.rank-accept_first.cut-entropy4.0.samples20.maxnew1024.seed10086.subtreePrefetch.vllm.log,accept_first,sample-014.block-00,14,0,True,52,3.466666666666667
dataset-lcb_v6.model-gemma-12b.alpha4.0.steps100.blocks-1.prefetch-budget-20.rank-accept_first.cut-entropy4.0.samples20.maxnew1024.seed10086.subtreePrefetch.vllm.log,accept_first,sample-014.block-00,14,0,True,53,3.533333333333333
dataset-lcb_v6.model-gemma-12b.alpha4.0.steps100.blocks-1.prefetch-budget-20.rank-accept_first.cut-entropy4.0.samples20.maxnew1024.seed10086.subtreePrefetch.vllm.log,accept_first,sample-014.block-00,14,0,True,54,3.6
dataset-lcb_v6.model-gemma-12b.alpha4.0.steps100.blocks-1.prefetch-budget-20.rank-accept_first.cut-entropy4.0.samples20.maxnew1024.seed10086.subtreePrefetch.vllm.log,accept_first,sample-014.block-00,14,0,True,55,3.6666666666666665
dataset-lcb_v6.model-gemma-12b.alpha4.0.steps100.blocks-1.prefetch-budget-20.rank-accept_first.cut-entropy4.0.samples20.maxnew1024.seed10086.subtreePrefetch.vllm.log,accept_first,sample-014.block-00,14,0,True,56,3.7333333333333334
dataset-lcb_v6.model-gemma-12b.alpha4.0.steps100.blocks-1.prefetch-budget-20.rank-accept_first.cut-entropy4.0.samples20.maxnew1024.seed10086.subtreePrefetch.vllm.log,accept_first,sample-014.block-00,14,0,True,57,3.5625
dataset-lcb_v6.model-gemma-12b.alpha4.0.steps100.blocks-1.prefetch-budget-20.rank-accept_first.cut-entropy4.0.samples20.maxnew1024.seed10086.subtreePrefetch.vllm.log,accept_first,sample-014.block-00,14,0,True,58,3.625
dataset-lcb_v6.model-gemma-12b.alpha4.0.steps100.blocks-1.prefetch-budget-20.rank-accept_first.cut-entropy4.0.samples20.maxnew1024.seed10086.subtreePrefetch.vllm.log,accept_first,sample-014.block-00,14,0,True,59,3.6875
dataset-lcb_v6.model-gemma-12b.alpha4.0.steps100.blocks-1.prefetch-budget-20.rank-accept_first.cut-entropy4.0.samples20.maxnew1024.seed10086.subtreePrefetch.vllm.log,accept_first,sample-014.block-00,14,0,True,60,3.75
dataset-lcb_v6.model-gemma-12b.alpha4.0.steps100.blocks-1.prefetch-budget-20.rank-accept_first.cut-entropy4.0.samples20.maxnew1024.seed10086.subtreePrefetch.vllm.log,accept_first,sample-014.block-00,14,0,True,61,3.588235294117647
dataset-lcb_v6.model-gemma-12b.alpha4.0.steps100.blocks-1.prefetch-budget-20.rank-accept_first.cut-entropy4.0.samples20.maxnew1024.seed10086.subtreePrefetch.vllm.log,accept_first,sample-014.block-00,14,0,True,62,3.6470588235294117
dataset-lcb_v6.model-gemma-12b.alpha4.0.steps100.blocks-1.prefetch-budget-20.rank-accept_first.cut-entropy4.0.samples20.maxnew1024.seed10086.subtreePrefetch.vllm.log,accept_first,sample-014.block-00,14,0,True,63,3.7058823529411766
dataset-lcb_v6.model-gemma-12b.alpha4.0.steps100.blocks-1.prefetch-budget-20.rank-accept_first.cut-entropy4.0.samples20.maxnew1024.seed10086.subtreePrefetch.vllm.log,accept_first,sample-014.block-00,14,0,True,64,3.764705882352941
dataset-lcb_v6.model-gemma-12b.alpha4.0.steps100.blocks-1.prefetch-budget-20.rank-accept_first.cut-entropy4.0.samples20.maxnew1024.seed10086.subtreePrefetch.vllm.log,accept_first,sample-014.block-00,14,0,True,65,3.823529411764706
dataset-lcb_v6.model-gemma-12b.alpha4.0.steps100.blocks-1.prefetch-budget-20.rank-accept_first.cut-entropy4.0.samples20.maxnew1024.seed10086.subtreePrefetch.vllm.log,accept_first,sample-014.block-00,14,0,True,66,3.6666666666666665
dataset-lcb_v6.model-gemma-12b.alpha4.0.steps100.blocks-1.prefetch-budget-20.rank-accept_first.cut-entropy4.0.samples20.maxnew1024.seed10086.subtreePrefetch.vllm.log,accept_first,sample-014.block-00,14,0,True,67,3.7222222222222223
dataset-lcb_v6.model-gemma-12b.alpha4.0.steps100.blocks-1.prefetch-budget-20.rank-accept_first.cut-entropy4.0.samples20.maxnew1024.seed10086.subtreePrefetch.vllm.log,accept_first,sample-014.block-00,14,0,True,68,3.7777777777777777
dataset-lcb_v6.model-gemma-12b.alpha4.0.steps100.blocks-1.prefetch-budget-20.rank-accept_first.cut-entropy4.0.samples20.maxnew1024.seed10086.subtreePrefetch.vllm.log,accept_first,sample-014.block-00,14,0,True,69,3.8333333333333335
dataset-lcb_v6.model-gemma-12b.alpha4.0.steps100.blocks-1.prefetch-budget-20.rank-accept_first.cut-entropy4.0.samples20.maxnew1024.seed10086.subtreePrefetch.vllm.log,accept_first,sample-014.block-00,14,0,True,70,3.888888888888889
dataset-lcb_v6.model-gemma-12b.alpha4.0.steps100.blocks-1.prefetch-budget-20.rank-accept_first.cut-entropy4.0.samples20.maxnew1024.seed10086.subtreePrefetch.vllm.log,accept_first,sample-014.block-00,14,0,True,71,3.736842105263158
dataset-lcb_v6.model-gemma-12b.alpha4.0.steps100.blocks-1.prefetch-budget-20.rank-accept_first.cut-entropy4.0.samples20.maxnew1024.seed10086.subtreePrefetch.vllm.log,accept_first,sample-014.block-00,14,0,True,72,3.789473684210526
dataset-lcb_v6.model-gemma-12b.alpha4.0.steps100.blocks-1.prefetch-budget-20.rank-accept_first.cut-entropy4.0.samples20.maxnew1024.seed10086.subtreePrefetch.vllm.log,accept_first,sample-014.block-00,14,0,True,73,3.8421052631578947
dataset-lcb_v6.model-gemma-12b.alpha4.0.steps100.blocks-1.prefetch-budget-20.rank-accept_first.cut-entropy4.0.samples20.maxnew1024.seed10086.subtreePrefetch.vllm.log,accept_first,sample-014.block-00,14,0,True,74,3.8947368421052633
dataset-lcb_v6.model-gemma-12b.alpha4.0.steps100.blocks-1.prefetch-budget-20.rank-accept_first.cut-entropy4.0.samples20.maxnew1024.seed10086.subtreePrefetch.vllm.log,accept_first,sample-014.block-00,14,0,True,75,3.75
dataset-lcb_v6.model-gemma-12b.alpha4.0.steps100.blocks-1.prefetch-budget-20.rank-accept_first.cut-entropy4.0.samples20.maxnew1024.seed10086.subtreePrefetch.vllm.log,accept_first,sample-014.block-00,14,0,True,76,3.8
dataset-lcb_v6.model-gemma-12b.alpha4.0.steps100.blocks-1.prefetch-budget-20.rank-accept_first.cut-entropy4.0.samples20.maxnew1024.seed10086.subtreePrefetch.vllm.log,accept_first,sample-014.block-00,14,0,True,77,3.85
dataset-lcb_v6.model-gemma-12b.alpha4.0.steps100.blocks-1.prefetch-budget-20.rank-accept_first.cut-entropy4.0.samples20.maxnew1024.seed10086.subtreePrefetch.vllm.log,accept_first,sample-014.block-00,14,0,True,78,3.9
dataset-lcb_v6.model-gemma-12b.alpha4.0.steps100.blocks-1.prefetch-budget-20.rank-accept_first.cut-entropy4.0.samples20.maxnew1024.seed10086.subtreePrefetch.vllm.log,accept_first,sample-014.block-00,14,0,True,79,3.761904761904762
dataset-lcb_v6.model-gemma-12b.alpha4.0.steps100.blocks-1.prefetch-budget-20.rank-accept_first.cut-entropy4.0.samples20.maxnew1024.seed10086.subtreePrefetch.vllm.log,accept_first,sample-014.block-00,14,0,True,80,3.8095238095238093
dataset-lcb_v6.model-gemma-12b.alpha4.0.steps100.blocks-1.prefetch-budget-20.rank-accept_first.cut-entropy4.0.samples20.maxnew1024.seed10086.subtreePrefetch.vllm.log,accept_first,sample-014.block-00,14,0,True,81,3.857142857142857
dataset-lcb_v6.model-gemma-12b.alpha4.0.steps100.blocks-1.prefetch-budget-20.rank-accept_first.cut-entropy4.0.samples20.maxnew1024.seed10086.subtreePrefetch.vllm.log,accept_first,sample-014.block-00,14,0,True,82,3.9047619047619047
dataset-lcb_v6.model-gemma-12b.alpha4.0.steps100.blocks-1.prefetch-budget-20.rank-accept_first.cut-entropy4.0.samples20.maxnew1024.seed10086.subtreePrefetch.vllm.log,accept_first,sample-014.block-00,14,0,True,83,3.9523809523809526
dataset-lcb_v6.model-gemma-12b.alpha4.0.steps100.blocks-1.prefetch-budget-20.rank-accept_first.cut-entropy4.0.samples20.maxnew1024.seed10086.subtreePrefetch.vllm.log,accept_first,sample-014.block-00,14,0,True,84,3.8181818181818183
dataset-lcb_v6.model-gemma-12b.alpha4.0.steps100.blocks-1.prefetch-budget-20.rank-accept_first.cut-entropy4.0.samples20.maxnew1024.seed10086.subtreePrefetch.vllm.log,accept_first,sample-014.block-00,14,0,True,85,3.8636363636363638
dataset-lcb_v6.model-gemma-12b.alpha4.0.steps100.blocks-1.prefetch-budget-20.rank-accept_first.cut-entropy4.0.samples20.maxnew1024.seed10086.subtreePrefetch.vllm.log,accept_first,sample-014.block-00,14,0,True,86,3.909090909090909
dataset-lcb_v6.model-gemma-12b.alpha4.0.steps100.blocks-1.prefetch-budget-20.rank-accept_first.cut-entropy4.0.samples20.maxnew1024.seed10086.subtreePrefetch.vllm.log,accept_first,sample-014.block-00,14,0,True,87,3.9545454545454546
dataset-lcb_v6.model-gemma-12b.alpha4.0.steps100.blocks-1.prefetch-budget-20.rank-accept_first.cut-entropy4.0.samples20.maxnew1024.seed10086.subtreePrefetch.vllm.log,accept_first,sample-014.block-00,14,0,True,88,4.0
dataset-lcb_v6.model-gemma-12b.alpha4.0.steps100.blocks-1.prefetch-budget-20.rank-accept_first.cut-entropy4.0.samples20.maxnew1024.seed10086.subtreePrefetch.vllm.log,accept_first,sample-014.block-00,14,0,True,89,4.045454545454546
dataset-lcb_v6.model-gemma-12b.alpha4.0.steps100.blocks-1.prefetch-budget-20.rank-accept_first.cut-entropy4.0.samples20.maxnew1024.seed10086.subtreePrefetch.vllm.log,accept_first,sample-014.block-00,14,0,True,90,3.9130434782608696
dataset-lcb_v6.model-gemma-12b.alpha4.0.steps100.blocks-1.prefetch-budget-20.rank-accept_first.cut-entropy4.0.samples20.maxnew1024.seed10086.subtreePrefetch.vllm.log,accept_first,sample-014.block-00,14,0,True,91,3.9565217391304346
dataset-lcb_v6.model-gemma-12b.alpha4.0.steps100.blocks-1.prefetch-budget-20.rank-accept_first.cut-entropy4.0.samples20.maxnew1024.seed10086.subtreePrefetch.vllm.log,accept_first,sample-014.block-00,14,0,True,92,4.0
dataset-lcb_v6.model-gemma-12b.alpha4.0.steps100.blocks-1.prefetch-budget-20.rank-accept_first.cut-entropy4.0.samples20.maxnew1024.seed10086.subtreePrefetch.vllm.log,accept_first,sample-014.block-00,14,0,True,93,4.043478260869565
dataset-lcb_v6.model-gemma-12b.alpha4.0.steps100.blocks-1.prefetch-budget-20.rank-accept_first.cut-entropy4.0.samples20.maxnew1024.seed10086.subtreePrefetch.vllm.log,accept_first,sample-014.block-00,14,0,True,94,4.086956521739131
dataset-lcb_v6.model-gemma-12b.alpha4.0.steps100.blocks-1.prefetch-budget-20.rank-accept_first.cut-entropy4.0.samples20.maxnew1024.seed10086.subtreePrefetch.vllm.log,accept_first,sample-014.block-00,14,0,True,95,3.9583333333333335
dataset-lcb_v6.model-gemma-12b.alpha4.0.steps100.blocks-1.prefetch-budget-20.rank-accept_first.cut-entropy4.0.samples20.maxnew1024.seed10086.subtreePrefetch.vllm.log,accept_first,sample-014.block-00,14,0,True,96,4.0
dataset-lcb_v6.model-gemma-12b.alpha4.0.steps100.blocks-1.prefetch-budget-20.rank-accept_first.cut-entropy4.0.samples20.maxnew1024.seed10086.subtreePrefetch.vllm.log,accept_first,sample-014.block-00,14,0,True,97,4.041666666666667
dataset-lcb_v6.model-gemma-12b.alpha4.0.steps100.blocks-1.prefetch-budget-20.rank-accept_first.cut-entropy4.0.samples20.maxnew1024.seed10086.subtreePrefetch.vllm.log,accept_first,sample-014.block-00,14,0,True,98,4.083333333333333
dataset-lcb_v6.model-gemma-12b.alpha4.0.steps100.blocks-1.prefetch-budget-20.rank-accept_first.cut-entropy4.0.samples20.maxnew1024.seed10086.subtreePrefetch.vllm.log,accept_first,sample-014.block-00,14,0,True,99,4.125
dataset-lcb_v6.model-gemma-12b.alpha4.0.steps100.blocks-1.prefetch-budget-20.rank-accept_first.cut-entropy4.0.samples20.maxnew1024.seed10086.subtreePrefetch.vllm.log,accept_first,sample-014.block-00,14,0,True,100,4.0
dataset-lcb_v6.model-gemma-12b.alpha4.0.steps100.blocks-1.prefetch-budget-20.rank-accept_first.cut-entropy4.0.samples20.maxnew1024.seed10086.subtreePrefetch.vllm.log,accept_first,sample-015.block-00,15,0,True,1,1.0
dataset-lcb_v6.model-gemma-12b.alpha4.0.steps100.blocks-1.prefetch-budget-20.rank-accept_first.cut-entropy4.0.samples20.maxnew1024.seed10086.subtreePrefetch.vllm.log,accept_first,sample-015.block-00,15,0,True,2,2.0
dataset-lcb_v6.model-gemma-12b.alpha4.0.steps100.blocks-1.prefetch-budget-20.rank-accept_first.cut-entropy4.0.samples20.maxnew1024.seed10086.subtreePrefetch.vllm.log,accept_first,sample-015.block-00,15,0,True,3,3.0
dataset-lcb_v6.model-gemma-12b.alpha4.0.steps100.blocks-1.prefetch-budget-20.rank-accept_first.cut-entropy4.0.samples20.maxnew1024.seed10086.subtreePrefetch.vllm.log,accept_first,sample-015.block-00,15,0,True,4,4.0
dataset-lcb_v6.model-gemma-12b.alpha4.0.steps100.blocks-1.prefetch-budget-20.rank-accept_first.cut-entropy4.0.samples20.maxnew1024.seed10086.subtreePrefetch.vllm.log,accept_first,sample-015.block-00,15,0,True,5,5.0
dataset-lcb_v6.model-gemma-12b.alpha4.0.steps100.blocks-1.prefetch-budget-20.rank-accept_first.cut-entropy4.0.samples20.maxnew1024.seed10086.subtreePrefetch.vllm.log,accept_first,sample-015.block-00,15,0,True,6,3.0
dataset-lcb_v6.model-gemma-12b.alpha4.0.steps100.blocks-1.prefetch-budget-20.rank-accept_first.cut-entropy4.0.samples20.maxnew1024.seed10086.subtreePrefetch.vllm.log,accept_first,sample-015.block-00,15,0,True,7,3.5
dataset-lcb_v6.model-gemma-12b.alpha4.0.steps100.blocks-1.prefetch-budget-20.rank-accept_first.cut-entropy4.0.samples20.maxnew1024.seed10086.subtreePrefetch.vllm.log,accept_first,sample-015.block-00,15,0,True,8,4.0
dataset-lcb_v6.model-gemma-12b.alpha4.0.steps100.blocks-1.prefetch-budget-20.rank-accept_first.cut-entropy4.0.samples20.maxnew1024.seed10086.subtreePrefetch.vllm.log,accept_first,sample-015.block-00,15,0,True,9,4.5
dataset-lcb_v6.model-gemma-12b.alpha4.0.steps100.blocks-1.prefetch-budget-20.rank-accept_first.cut-entropy4.0.samples20.maxnew1024.seed10086.subtreePrefetch.vllm.log,accept_first,sample-015.block-00,15,0,True,10,5.0
dataset-lcb_v6.model-gemma-12b.alpha4.0.steps100.blocks-1.prefetch-budget-20.rank-accept_first.cut-entropy4.0.samples20.maxnew1024.seed10086.subtreePrefetch.vllm.log,accept_first,sample-015.block-00,15,0,True,11,3.6666666666666665
dataset-lcb_v6.model-gemma-12b.alpha4.0.steps100.blocks-1.prefetch-budget-20.rank-accept_first.cut-entropy4.0.samples20.maxnew1024.seed10086.subtreePrefetch.vllm.log,accept_first,sample-015.block-00,15,0,True,12,4.0
dataset-lcb_v6.model-gemma-12b.alpha4.0.steps100.blocks-1.prefetch-budget-20.rank-accept_first.cut-entropy4.0.samples20.maxnew1024.seed10086.subtreePrefetch.vllm.log,accept_first,sample-015.block-00,15,0,True,13,4.333333333333333
dataset-lcb_v6.model-gemma-12b.alpha4.0.steps100.blocks-1.prefetch-budget-20.rank-accept_first.cut-entropy4.0.samples20.maxnew1024.seed10086.subtreePrefetch.vllm.log,accept_first,sample-015.block-00,15,0,True,14,4.666666666666667
dataset-lcb_v6.model-gemma-12b.alpha4.0.steps100.blocks-1.prefetch-budget-20.rank-accept_first.cut-entropy4.0.samples20.maxnew1024.seed10086.subtreePrefetch.vllm.log,accept_first,sample-015.block-00,15,0,True,15,5.0
dataset-lcb_v6.model-gemma-12b.alpha4.0.steps100.blocks-1.prefetch-budget-20.rank-accept_first.cut-entropy4.0.samples20.maxnew1024.seed10086.subtreePrefetch.vllm.log,accept_first,sample-015.block-00,15,0,True,16,5.333333333333333
dataset-lcb_v6.model-gemma-12b.alpha4.0.steps100.blocks-1.prefetch-budget-20.rank-accept_first.cut-entropy4.0.samples20.maxnew1024.seed10086.subtreePrefetch.vllm.log,accept_first,sample-015.block-00,15,0,True,17,5.666666666666667
dataset-lcb_v6.model-gemma-12b.alpha4.0.steps100.blocks-1.prefetch-budget-20.rank-accept_first.cut-entropy4.0.samples20.maxnew1024.seed10086.subtreePrefetch.vllm.log,accept_first,sample-015.block-00,15,0,True,18,4.5
dataset-lcb_v6.model-gemma-12b.alpha4.0.steps100.blocks-1.prefetch-budget-20.rank-accept_first.cut-entropy4.0.samples20.maxnew1024.seed10086.subtreePrefetch.vllm.log,accept_first,sample-015.block-00,15,0,True,19,4.75
dataset-lcb_v6.model-gemma-12b.alpha4.0.steps100.blocks-1.prefetch-budget-20.rank-accept_first.cut-entropy4.0.samples20.maxnew1024.seed10086.subtreePrefetch.vllm.log,accept_first,sample-015.block-00,15,0,True,20,4.0
dataset-lcb_v6.model-gemma-12b.alpha4.0.steps100.blocks-1.prefetch-budget-20.rank-accept_first.cut-entropy4.0.samples20.maxnew1024.seed10086.subtreePrefetch.vllm.log,accept_first,sample-015.block-00,15,0,True,21,4.2
dataset-lcb_v6.model-gemma-12b.alpha4.0.steps100.blocks-1.prefetch-budget-20.rank-accept_first.cut-entropy4.0.samples20.maxnew1024.seed10086.subtreePrefetch.vllm.log,accept_first,sample-015.block-00,15,0,True,22,4.4
dataset-lcb_v6.model-gemma-12b.alpha4.0.steps100.blocks-1.prefetch-budget-20.rank-accept_first.cut-entropy4.0.samples20.maxnew1024.seed10086.subtreePrefetch.vllm.log,accept_first,sample-015.block-00,15,0,True,23,4.6
dataset-lcb_v6.model-gemma-12b.alpha4.0.steps100.blocks-1.prefetch-budget-20.rank-accept_first.cut-entropy4.0.samples20.maxnew1024.seed10086.subtreePrefetch.vllm.log,accept_first,sample-015.block-00,15,0,True,24,4.8
dataset-lcb_v6.model-gemma-12b.alpha4.0.steps100.blocks-1.prefetch-budget-20.rank-accept_first.cut-entropy4.0.samples20.maxnew1024.seed10086.subtreePrefetch.vllm.log,accept_first,sample-015.block-00,15,0,True,25,5.0
dataset-lcb_v6.model-gemma-12b.alpha4.0.steps100.blocks-1.prefetch-budget-20.rank-accept_first.cut-entropy4.0.samples20.maxnew1024.seed10086.subtreePrefetch.vllm.log,accept_first,sample-015.block-00,15,0,True,26,5.2
dataset-lcb_v6.model-gemma-12b.alpha4.0.steps100.blocks-1.prefetch-budget-20.rank-accept_first.cut-entropy4.0.samples20.maxnew1024.seed10086.subtreePrefetch.vllm.log,accept_first,sample-015.block-00,15,0,True,27,5.4
dataset-lcb_v6.model-gemma-12b.alpha4.0.steps100.blocks-1.prefetch-budget-20.rank-accept_first.cut-entropy4.0.samples20.maxnew1024.seed10086.subtreePrefetch.vllm.log,accept_first,sample-015.block-00,15,0,True,28,5.6
dataset-lcb_v6.model-gemma-12b.alpha4.0.steps100.blocks-1.prefetch-budget-20.rank-accept_first.cut-entropy4.0.samples20.maxnew1024.seed10086.subtreePrefetch.vllm.log,accept_first,sample-015.block-00,15,0,True,29,5.8
dataset-lcb_v6.model-gemma-12b.alpha4.0.steps100.blocks-1.prefetch-budget-20.rank-accept_first.cut-entropy4.0.samples20.maxnew1024.seed10086.subtreePrefetch.vllm.log,accept_first,sample-015.block-00,15,0,True,30,6.0
dataset-lcb_v6.model-gemma-12b.alpha4.0.steps100.blocks-1.prefetch-budget-20.rank-accept_first.cut-entropy4.0.samples20.maxnew1024.seed10086.subtreePrefetch.vllm.log,accept_first,sample-015.block-00,15,0,True,31,6.2
dataset-lcb_v6.model-gemma-12b.alpha4.0.steps100.blocks-1.prefetch-budget-20.rank-accept_first.cut-entropy4.0.samples20.maxnew1024.seed10086.subtreePrefetch.vllm.log,accept_first,sample-015.block-00,15,0,True,32,6.4
dataset-lcb_v6.model-gemma-12b.alpha4.0.steps100.blocks-1.prefetch-budget-20.rank-accept_first.cut-entropy4.0.samples20.maxnew1024.seed10086.subtreePrefetch.vllm.log,accept_first,sample-015.block-00,15,0,True,33,6.6
dataset-lcb_v6.model-gemma-12b.alpha4.0.steps100.blocks-1.prefetch-budget-20.rank-accept_first.cut-entropy4.0.samples20.maxnew1024.seed10086.subtreePrefetch.vllm.log,accept_first,sample-015.block-00,15,0,True,34,6.8
dataset-lcb_v6.model-gemma-12b.alpha4.0.steps100.blocks-1.prefetch-budget-20.rank-accept_first.cut-entropy4.0.samples20.maxnew1024.seed10086.subtreePrefetch.vllm.log,accept_first,sample-015.block-00,15,0,True,35,7.0
dataset-lcb_v6.model-gemma-12b.alpha4.0.steps100.blocks-1.prefetch-budget-20.rank-accept_first.cut-entropy4.0.samples20.maxnew1024.seed10086.subtreePrefetch.vllm.log,accept_first,sample-015.block-00,15,0,True,36,6.0
dataset-lcb_v6.model-gemma-12b.alpha4.0.steps100.blocks-1.prefetch-budget-20.rank-accept_first.cut-entropy4.0.samples20.maxnew1024.seed10086.subtreePrefetch.vllm.log,accept_first,sample-015.block-00,15,0,True,37,6.166666666666667
dataset-lcb_v6.model-gemma-12b.alpha4.0.steps100.blocks-1.prefetch-budget-20.rank-accept_first.cut-entropy4.0.samples20.maxnew1024.seed10086.subtreePrefetch.vllm.log,accept_first,sample-015.block-00,15,0,True,38,5.428571428571429
dataset-lcb_v6.model-gemma-12b.alpha4.0.steps100.blocks-1.prefetch-budget-20.rank-accept_first.cut-entropy4.0.samples20.maxnew1024.seed10086.subtreePrefetch.vllm.log,accept_first,sample-015.block-00,15,0,True,39,5.571428571428571
dataset-lcb_v6.model-gemma-12b.alpha4.0.steps100.blocks-1.prefetch-budget-20.rank-accept_first.cut-entropy4.0.samples20.maxnew1024.seed10086.subtreePrefetch.vllm.log,accept_first,sample-015.block-00,15,0,True,40,5.714285714285714
dataset-lcb_v6.model-gemma-12b.alpha4.0.steps100.blocks-1.prefetch-budget-20.rank-accept_first.cut-entropy4.0.samples20.maxnew1024.seed10086.subtreePrefetch.vllm.log,accept_first,sample-015.block-00,15,0,True,41,5.125
dataset-lcb_v6.model-gemma-12b.alpha4.0.steps100.blocks-1.prefetch-budget-20.rank-accept_first.cut-entropy4.0.samples20.maxnew1024.seed10086.subtreePrefetch.vllm.log,accept_first,sample-015.block-00,15,0,True,42,5.25
dataset-lcb_v6.model-gemma-12b.alpha4.0.steps100.blocks-1.prefetch-budget-20.rank-accept_first.cut-entropy4.0.samples20.maxnew1024.seed10086.subtreePrefetch.vllm.log,accept_first,sample-015.block-00,15,0,True,43,4.777777777777778
dataset-lcb_v6.model-gemma-12b.alpha4.0.steps100.blocks-1.prefetch-budget-20.rank-accept_first.cut-entropy4.0.samples20.maxnew1024.seed10086.subtreePrefetch.vllm.log,accept_first,sample-015.block-00,15,0,True,44,4.888888888888889
dataset-lcb_v6.model-gemma-12b.alpha4.0.steps100.blocks-1.prefetch-budget-20.rank-accept_first.cut-entropy4.0.samples20.maxnew1024.seed10086.subtreePrefetch.vllm.log,accept_first,sample-015.block-00,15,0,True,45,4.5
dataset-lcb_v6.model-gemma-12b.alpha4.0.steps100.blocks-1.prefetch-budget-20.rank-accept_first.cut-entropy4.0.samples20.maxnew1024.seed10086.subtreePrefetch.vllm.log,accept_first,sample-015.block-00,15,0,True,46,4.6
dataset-lcb_v6.model-gemma-12b.alpha4.0.steps100.blocks-1.prefetch-budget-20.rank-accept_first.cut-entropy4.0.samples20.maxnew1024.seed10086.subtreePrefetch.vllm.log,accept_first,sample-015.block-00,15,0,True,47,4.2727272727272725
dataset-lcb_v6.model-gemma-12b.alpha4.0.steps100.blocks-1.prefetch-budget-20.rank-accept_first.cut-entropy4.0.samples20.maxnew1024.seed10086.subtreePrefetch.vllm.log,accept_first,sample-015.block-00,15,0,True,48,4.363636363636363
dataset-lcb_v6.model-gemma-12b.alpha4.0.steps100.blocks-1.prefetch-budget-20.rank-accept_first.cut-entropy4.0.samples20.maxnew1024.seed10086.subtreePrefetch.vllm.log,accept_first,sample-015.block-00,15,0,True,49,4.454545454545454
dataset-lcb_v6.model-gemma-12b.alpha4.0.steps100.blocks-1.prefetch-budget-20.rank-accept_first.cut-entropy4.0.samples20.maxnew1024.seed10086.subtreePrefetch.vllm.log,accept_first,sample-015.block-00,15,0,True,50,4.166666666666667
dataset-lcb_v6.model-gemma-12b.alpha4.0.steps100.blocks-1.prefetch-budget-20.rank-accept_first.cut-entropy4.0.samples20.maxnew1024.seed10086.subtreePrefetch.vllm.log,accept_first,sample-015.block-00,15,0,True,51,4.25
dataset-lcb_v6.model-gemma-12b.alpha4.0.steps100.blocks-1.prefetch-budget-20.rank-accept_first.cut-entropy4.0.samples20.maxnew1024.seed10086.subtreePrefetch.vllm.log,accept_first,sample-015.block-00,15,0,True,52,4.333333333333333
dataset-lcb_v6.model-gemma-12b.alpha4.0.steps100.blocks-1.prefetch-budget-20.rank-accept_first.cut-entropy4.0.samples20.maxnew1024.seed10086.subtreePrefetch.vllm.log,accept_first,sample-015.block-00,15,0,True,53,4.076923076923077
dataset-lcb_v6.model-gemma-12b.alpha4.0.steps100.blocks-1.prefetch-budget-20.rank-accept_first.cut-entropy4.0.samples20.maxnew1024.seed10086.subtreePrefetch.vllm.log,accept_first,sample-015.block-00,15,0,True,54,4.153846153846154
dataset-lcb_v6.model-gemma-12b.alpha4.0.steps100.blocks-1.prefetch-budget-20.rank-accept_first.cut-entropy4.0.samples20.maxnew1024.seed10086.subtreePrefetch.vllm.log,accept_first,sample-015.block-00,15,0,True,55,3.9285714285714284
dataset-lcb_v6.model-gemma-12b.alpha4.0.steps100.blocks-1.prefetch-budget-20.rank-accept_first.cut-entropy4.0.samples20.maxnew1024.seed10086.subtreePrefetch.vllm.log,accept_first,sample-015.block-00,15,0,True,56,3.7333333333333334
dataset-lcb_v6.model-gemma-12b.alpha4.0.steps100.blocks-1.prefetch-budget-20.rank-accept_first.cut-entropy4.0.samples20.maxnew1024.seed10086.subtreePrefetch.vllm.log,accept_first,sample-015.block-00,15,0,True,57,3.8
dataset-lcb_v6.model-gemma-12b.alpha4.0.steps100.blocks-1.prefetch-budget-20.rank-accept_first.cut-entropy4.0.samples20.maxnew1024.seed10086.subtreePrefetch.vllm.log,accept_first,sample-015.block-00,15,0,True,58,3.625
dataset-lcb_v6.model-gemma-12b.alpha4.0.steps100.blocks-1.prefetch-budget-20.rank-accept_first.cut-entropy4.0.samples20.maxnew1024.seed10086.subtreePrefetch.vllm.log,accept_first,sample-015.block-00,15,0,True,59,3.6875
dataset-lcb_v6.model-gemma-12b.alpha4.0.steps100.blocks-1.prefetch-budget-20.rank-accept_first.cut-entropy4.0.samples20.maxnew1024.seed10086.subtreePrefetch.vllm.log,accept_first,sample-015.block-00,15,0,True,60,3.75
dataset-lcb_v6.model-gemma-12b.alpha4.0.steps100.blocks-1.prefetch-budget-20.rank-accept_first.cut-entropy4.0.samples20.maxnew1024.seed10086.subtreePrefetch.vllm.log,accept_first,sample-015.block-00,15,0,True,61,3.588235294117647
dataset-lcb_v6.model-gemma-12b.alpha4.0.steps100.blocks-1.prefetch-budget-20.rank-accept_first.cut-entropy4.0.samples20.maxnew1024.seed10086.subtreePrefetch.vllm.log,accept_first,sample-015.block-00,15,0,True,62,3.6470588235294117
dataset-lcb_v6.model-gemma-12b.alpha4.0.steps100.blocks-1.prefetch-budget-20.rank-accept_first.cut-entropy4.0.samples20.maxnew1024.seed10086.subtreePrefetch.vllm.log,accept_first,sample-015.block-00,15,0,True,63,3.7058823529411766
dataset-lcb_v6.model-gemma-12b.alpha4.0.steps100.blocks-1.prefetch-budget-20.rank-accept_first.cut-entropy4.0.samples20.maxnew1024.seed10086.subtreePrefetch.vllm.log,accept_first,sample-015.block-00,15,0,True,64,3.5555555555555554
dataset-lcb_v6.model-gemma-12b.alpha4.0.steps100.blocks-1.prefetch-budget-20.rank-accept_first.cut-entropy4.0.samples20.maxnew1024.seed10086.subtreePrefetch.vllm.log,accept_first,sample-015.block-00,15,0,True,65,3.611111111111111
dataset-lcb_v6.model-gemma-12b.alpha4.0.steps100.blocks-1.prefetch-budget-20.rank-accept_first.cut-entropy4.0.samples20.maxnew1024.seed10086.subtreePrefetch.vllm.log,accept_first,sample-015.block-00,15,0,True,66,3.473684210526316
dataset-lcb_v6.model-gemma-12b.alpha4.0.steps100.blocks-1.prefetch-budget-20.rank-accept_first.cut-entropy4.0.samples20.maxnew1024.seed10086.subtreePrefetch.vllm.log,accept_first,sample-015.block-00,15,0,True,67,3.526315789473684
dataset-lcb_v6.model-gemma-12b.alpha4.0.steps100.blocks-1.prefetch-budget-20.rank-accept_first.cut-entropy4.0.samples20.maxnew1024.seed10086.subtreePrefetch.vllm.log,accept_first,sample-015.block-00,15,0,True,68,3.4
dataset-lcb_v6.model-gemma-12b.alpha4.0.steps100.blocks-1.prefetch-budget-20.rank-accept_first.cut-entropy4.0.samples20.maxnew1024.seed10086.subtreePrefetch.vllm.log,accept_first,sample-015.block-00,15,0,True,69,3.45
dataset-lcb_v6.model-gemma-12b.alpha4.0.steps100.blocks-1.prefetch-budget-20.rank-accept_first.cut-entropy4.0.samples20.maxnew1024.seed10086.subtreePrefetch.vllm.log,accept_first,sample-015.block-00,15,0,True,70,3.5
dataset-lcb_v6.model-gemma-12b.alpha4.0.steps100.blocks-1.prefetch-budget-20.rank-accept_first.cut-entropy4.0.samples20.maxnew1024.seed10086.subtreePrefetch.vllm.log,accept_first,sample-015.block-00,15,0,True,71,3.380952380952381
dataset-lcb_v6.model-gemma-12b.alpha4.0.steps100.blocks-1.prefetch-budget-20.rank-accept_first.cut-entropy4.0.samples20.maxnew1024.seed10086.subtreePrefetch.vllm.log,accept_first,sample-015.block-00,15,0,True,72,3.4285714285714284
dataset-lcb_v6.model-gemma-12b.alpha4.0.steps100.blocks-1.prefetch-budget-20.rank-accept_first.cut-entropy4.0.samples20.maxnew1024.seed10086.subtreePrefetch.vllm.log,accept_first,sample-015.block-00,15,0,True,73,3.3181818181818183
dataset-lcb_v6.model-gemma-12b.alpha4.0.steps100.blocks-1.prefetch-budget-20.rank-accept_first.cut-entropy4.0.samples20.maxnew1024.seed10086.subtreePrefetch.vllm.log,accept_first,sample-015.block-00,15,0,True,74,3.3636363636363638
dataset-lcb_v6.model-gemma-12b.alpha4.0.steps100.blocks-1.prefetch-budget-20.rank-accept_first.cut-entropy4.0.samples20.maxnew1024.seed10086.subtreePrefetch.vllm.log,accept_first,sample-015.block-00,15,0,True,75,3.260869565217391
dataset-lcb_v6.model-gemma-12b.alpha4.0.steps100.blocks-1.prefetch-budget-20.rank-accept_first.cut-entropy4.0.samples20.maxnew1024.seed10086.subtreePrefetch.vllm.log,accept_first,sample-015.block-00,15,0,True,76,3.3043478260869565
dataset-lcb_v6.model-gemma-12b.alpha4.0.steps100.blocks-1.prefetch-budget-20.rank-accept_first.cut-entropy4.0.samples20.maxnew1024.seed10086.subtreePrefetch.vllm.log,accept_first,sample-015.block-00,15,0,True,77,3.347826086956522
dataset-lcb_v6.model-gemma-12b.alpha4.0.steps100.blocks-1.prefetch-budget-20.rank-accept_first.cut-entropy4.0.samples20.maxnew1024.seed10086.subtreePrefetch.vllm.log,accept_first,sample-015.block-00,15,0,True,78,3.25
dataset-lcb_v6.model-gemma-12b.alpha4.0.steps100.blocks-1.prefetch-budget-20.rank-accept_first.cut-entropy4.0.samples20.maxnew1024.seed10086.subtreePrefetch.vllm.log,accept_first,sample-015.block-00,15,0,True,79,3.2916666666666665
dataset-lcb_v6.model-gemma-12b.alpha4.0.steps100.blocks-1.prefetch-budget-20.rank-accept_first.cut-entropy4.0.samples20.maxnew1024.seed10086.subtreePrefetch.vllm.log,accept_first,sample-015.block-00,15,0,True,80,3.3333333333333335
dataset-lcb_v6.model-gemma-12b.alpha4.0.steps100.blocks-1.prefetch-budget-20.rank-accept_first.cut-entropy4.0.samples20.maxnew1024.seed10086.subtreePrefetch.vllm.log,accept_first,sample-015.block-00,15,0,True,81,3.24
dataset-lcb_v6.model-gemma-12b.alpha4.0.steps100.blocks-1.prefetch-budget-20.rank-accept_first.cut-entropy4.0.samples20.maxnew1024.seed10086.subtreePrefetch.vllm.log,accept_first,sample-015.block-00,15,0,True,82,3.28
dataset-lcb_v6.model-gemma-12b.alpha4.0.steps100.blocks-1.prefetch-budget-20.rank-accept_first.cut-entropy4.0.samples20.maxnew1024.seed10086.subtreePrefetch.vllm.log,accept_first,sample-015.block-00,15,0,True,83,3.32
dataset-lcb_v6.model-gemma-12b.alpha4.0.steps100.blocks-1.prefetch-budget-20.rank-accept_first.cut-entropy4.0.samples20.maxnew1024.seed10086.subtreePrefetch.vllm.log,accept_first,sample-015.block-00,15,0,True,84,3.36
dataset-lcb_v6.model-gemma-12b.alpha4.0.steps100.blocks-1.prefetch-budget-20.rank-accept_first.cut-entropy4.0.samples20.maxnew1024.seed10086.subtreePrefetch.vllm.log,accept_first,sample-015.block-00,15,0,True,85,3.4
dataset-lcb_v6.model-gemma-12b.alpha4.0.steps100.blocks-1.prefetch-budget-20.rank-accept_first.cut-entropy4.0.samples20.maxnew1024.seed10086.subtreePrefetch.vllm.log,accept_first,sample-015.block-00,15,0,True,86,3.44
dataset-lcb_v6.model-gemma-12b.alpha4.0.steps100.blocks-1.prefetch-budget-20.rank-accept_first.cut-entropy4.0.samples20.maxnew1024.seed10086.subtreePrefetch.vllm.log,accept_first,sample-015.block-00,15,0,True,87,3.48
dataset-lcb_v6.model-gemma-12b.alpha4.0.steps100.blocks-1.prefetch-budget-20.rank-accept_first.cut-entropy4.0.samples20.maxnew1024.seed10086.subtreePrefetch.vllm.log,accept_first,sample-015.block-00,15,0,True,88,3.52
dataset-lcb_v6.model-gemma-12b.alpha4.0.steps100.blocks-1.prefetch-budget-20.rank-accept_first.cut-entropy4.0.samples20.maxnew1024.seed10086.subtreePrefetch.vllm.log,accept_first,sample-015.block-00,15,0,True,89,3.56
dataset-lcb_v6.model-gemma-12b.alpha4.0.steps100.blocks-1.prefetch-budget-20.rank-accept_first.cut-entropy4.0.samples20.maxnew1024.seed10086.subtreePrefetch.vllm.log,accept_first,sample-015.block-00,15,0,True,90,3.6
dataset-lcb_v6.model-gemma-12b.alpha4.0.steps100.blocks-1.prefetch-budget-20.rank-accept_first.cut-entropy4.0.samples20.maxnew1024.seed10086.subtreePrefetch.vllm.log,accept_first,sample-015.block-00,15,0,True,91,3.64
dataset-lcb_v6.model-gemma-12b.alpha4.0.steps100.blocks-1.prefetch-budget-20.rank-accept_first.cut-entropy4.0.samples20.maxnew1024.seed10086.subtreePrefetch.vllm.log,accept_first,sample-015.block-00,15,0,True,92,3.68
dataset-lcb_v6.model-gemma-12b.alpha4.0.steps100.blocks-1.prefetch-budget-20.rank-accept_first.cut-entropy4.0.samples20.maxnew1024.seed10086.subtreePrefetch.vllm.log,accept_first,sample-015.block-00,15,0,True,93,3.72
dataset-lcb_v6.model-gemma-12b.alpha4.0.steps100.blocks-1.prefetch-budget-20.rank-accept_first.cut-entropy4.0.samples20.maxnew1024.seed10086.subtreePrefetch.vllm.log,accept_first,sample-015.block-00,15,0,True,94,3.76
dataset-lcb_v6.model-gemma-12b.alpha4.0.steps100.blocks-1.prefetch-budget-20.rank-accept_first.cut-entropy4.0.samples20.maxnew1024.seed10086.subtreePrefetch.vllm.log,accept_first,sample-015.block-00,15,0,True,95,3.8
dataset-lcb_v6.model-gemma-12b.alpha4.0.steps100.blocks-1.prefetch-budget-20.rank-accept_first.cut-entropy4.0.samples20.maxnew1024.seed10086.subtreePrefetch.vllm.log,accept_first,sample-015.block-00,15,0,True,96,3.6923076923076925
dataset-lcb_v6.model-gemma-12b.alpha4.0.steps100.blocks-1.prefetch-budget-20.rank-accept_first.cut-entropy4.0.samples20.maxnew1024.seed10086.subtreePrefetch.vllm.log,accept_first,sample-015.block-00,15,0,True,97,3.730769230769231
dataset-lcb_v6.model-gemma-12b.alpha4.0.steps100.blocks-1.prefetch-budget-20.rank-accept_first.cut-entropy4.0.samples20.maxnew1024.seed10086.subtreePrefetch.vllm.log,accept_first,sample-015.block-00,15,0,True,98,3.769230769230769
dataset-lcb_v6.model-gemma-12b.alpha4.0.steps100.blocks-1.prefetch-budget-20.rank-accept_first.cut-entropy4.0.samples20.maxnew1024.seed10086.subtreePrefetch.vllm.log,accept_first,sample-015.block-00,15,0,True,99,3.6666666666666665
dataset-lcb_v6.model-gemma-12b.alpha4.0.steps100.blocks-1.prefetch-budget-20.rank-accept_first.cut-entropy4.0.samples20.maxnew1024.seed10086.subtreePrefetch.vllm.log,accept_first,sample-015.block-00,15,0,True,100,3.7037037037037037
dataset-lcb_v6.model-gemma-12b.alpha4.0.steps100.blocks-1.prefetch-budget-20.rank-accept_first.cut-entropy4.0.samples20.maxnew1024.seed10086.subtreePrefetch.vllm.log,accept_first,sample-016.block-00,16,0,True,1,1.0
dataset-lcb_v6.model-gemma-12b.alpha4.0.steps100.blocks-1.prefetch-budget-20.rank-accept_first.cut-entropy4.0.samples20.maxnew1024.seed10086.subtreePrefetch.vllm.log,accept_first,sample-016.block-00,16,0,True,2,2.0
dataset-lcb_v6.model-gemma-12b.alpha4.0.steps100.blocks-1.prefetch-budget-20.rank-accept_first.cut-entropy4.0.samples20.maxnew1024.seed10086.subtreePrefetch.vllm.log,accept_first,sample-016.block-00,16,0,True,3,3.0
dataset-lcb_v6.model-gemma-12b.alpha4.0.steps100.blocks-1.prefetch-budget-20.rank-accept_first.cut-entropy4.0.samples20.maxnew1024.seed10086.subtreePrefetch.vllm.log,accept_first,sample-016.block-00,16,0,True,4,4.0
dataset-lcb_v6.model-gemma-12b.alpha4.0.steps100.blocks-1.prefetch-budget-20.rank-accept_first.cut-entropy4.0.samples20.maxnew1024.seed10086.subtreePrefetch.vllm.log,accept_first,sample-016.block-00,16,0,True,5,2.5
dataset-lcb_v6.model-gemma-12b.alpha4.0.steps100.blocks-1.prefetch-budget-20.rank-accept_first.cut-entropy4.0.samples20.maxnew1024.seed10086.subtreePrefetch.vllm.log,accept_first,sample-016.block-00,16,0,True,6,3.0
dataset-lcb_v6.model-gemma-12b.alpha4.0.steps100.blocks-1.prefetch-budget-20.rank-accept_first.cut-entropy4.0.samples20.maxnew1024.seed10086.subtreePrefetch.vllm.log,accept_first,sample-016.block-00,16,0,True,7,3.5
dataset-lcb_v6.model-gemma-12b.alpha4.0.steps100.blocks-1.prefetch-budget-20.rank-accept_first.cut-entropy4.0.samples20.maxnew1024.seed10086.subtreePrefetch.vllm.log,accept_first,sample-016.block-00,16,0,True,8,4.0
dataset-lcb_v6.model-gemma-12b.alpha4.0.steps100.blocks-1.prefetch-budget-20.rank-accept_first.cut-entropy4.0.samples20.maxnew1024.seed10086.subtreePrefetch.vllm.log,accept_first,sample-016.block-00,16,0,True,9,4.5
dataset-lcb_v6.model-gemma-12b.alpha4.0.steps100.blocks-1.prefetch-budget-20.rank-accept_first.cut-entropy4.0.samples20.maxnew1024.seed10086.subtreePrefetch.vllm.log,accept_first,sample-016.block-00,16,0,True,10,3.3333333333333335
dataset-lcb_v6.model-gemma-12b.alpha4.0.steps100.blocks-1.prefetch-budget-20.rank-accept_first.cut-entropy4.0.samples20.maxnew1024.seed10086.subtreePrefetch.vllm.log,accept_first,sample-016.block-00,16,0,True,11,3.6666666666666665
dataset-lcb_v6.model-gemma-12b.alpha4.0.steps100.blocks-1.prefetch-budget-20.rank-accept_first.cut-entropy4.0.samples20.maxnew1024.seed10086.subtreePrefetch.vllm.log,accept_first,sample-016.block-00,16,0,True,12,4.0
dataset-lcb_v6.model-gemma-12b.alpha4.0.steps100.blocks-1.prefetch-budget-20.rank-accept_first.cut-entropy4.0.samples20.maxnew1024.seed10086.subtreePrefetch.vllm.log,accept_first,sample-016.block-00,16,0,True,13,3.25
dataset-lcb_v6.model-gemma-12b.alpha4.0.steps100.blocks-1.prefetch-budget-20.rank-accept_first.cut-entropy4.0.samples20.maxnew1024.seed10086.subtreePrefetch.vllm.log,accept_first,sample-016.block-00,16,0,True,14,3.5
dataset-lcb_v6.model-gemma-12b.alpha4.0.steps100.blocks-1.prefetch-budget-20.rank-accept_first.cut-entropy4.0.samples20.maxnew1024.seed10086.subtreePrefetch.vllm.log,accept_first,sample-016.block-00,16,0,True,15,3.0
dataset-lcb_v6.model-gemma-12b.alpha4.0.steps100.blocks-1.prefetch-budget-20.rank-accept_first.cut-entropy4.0.samples20.maxnew1024.seed10086.subtreePrefetch.vllm.log,accept_first,sample-016.block-00,16,0,True,16,3.2
dataset-lcb_v6.model-gemma-12b.alpha4.0.steps100.blocks-1.prefetch-budget-20.rank-accept_first.cut-entropy4.0.samples20.maxnew1024.seed10086.subtreePrefetch.vllm.log,accept_first,sample-016.block-00,16,0,True,17,3.4
dataset-lcb_v6.model-gemma-12b.alpha4.0.steps100.blocks-1.prefetch-budget-20.rank-accept_first.cut-entropy4.0.samples20.maxnew1024.seed10086.subtreePrefetch.vllm.log,accept_first,sample-016.block-00,16,0,True,18,3.6
dataset-lcb_v6.model-gemma-12b.alpha4.0.steps100.blocks-1.prefetch-budget-20.rank-accept_first.cut-entropy4.0.samples20.maxnew1024.seed10086.subtreePrefetch.vllm.log,accept_first,sample-016.block-00,16,0,True,19,3.8
dataset-lcb_v6.model-gemma-12b.alpha4.0.steps100.blocks-1.prefetch-budget-20.rank-accept_first.cut-entropy4.0.samples20.maxnew1024.seed10086.subtreePrefetch.vllm.log,accept_first,sample-016.block-00,16,0,True,20,4.0
dataset-lcb_v6.model-gemma-12b.alpha4.0.steps100.blocks-1.prefetch-budget-20.rank-accept_first.cut-entropy4.0.samples20.maxnew1024.seed10086.subtreePrefetch.vllm.log,accept_first,sample-016.block-00,16,0,True,21,4.2
dataset-lcb_v6.model-gemma-12b.alpha4.0.steps100.blocks-1.prefetch-budget-20.rank-accept_first.cut-entropy4.0.samples20.maxnew1024.seed10086.subtreePrefetch.vllm.log,accept_first,sample-016.block-00,16,0,True,22,3.6666666666666665
dataset-lcb_v6.model-gemma-12b.alpha4.0.steps100.blocks-1.prefetch-budget-20.rank-accept_first.cut-entropy4.0.samples20.maxnew1024.seed10086.subtreePrefetch.vllm.log,accept_first,sample-016.block-00,16,0,True,23,3.8333333333333335
dataset-lcb_v6.model-gemma-12b.alpha4.0.steps100.blocks-1.prefetch-budget-20.rank-accept_first.cut-entropy4.0.samples20.maxnew1024.seed10086.subtreePrefetch.vllm.log,accept_first,sample-016.block-00,16,0,True,24,4.0
dataset-lcb_v6.model-gemma-12b.alpha4.0.steps100.blocks-1.prefetch-budget-20.rank-accept_first.cut-entropy4.0.samples20.maxnew1024.seed10086.subtreePrefetch.vllm.log,accept_first,sample-016.block-00,16,0,True,25,4.166666666666667
dataset-lcb_v6.model-gemma-12b.alpha4.0.steps100.blocks-1.prefetch-budget-20.rank-accept_first.cut-entropy4.0.samples20.maxnew1024.seed10086.subtreePrefetch.vllm.log,accept_first,sample-016.block-00,16,0,True,26,4.333333333333333
dataset-lcb_v6.model-gemma-12b.alpha4.0.steps100.blocks-1.prefetch-budget-20.rank-accept_first.cut-entropy4.0.samples20.maxnew1024.seed10086.subtreePrefetch.vllm.log,accept_first,sample-016.block-00,16,0,True,27,4.5
dataset-lcb_v6.model-gemma-12b.alpha4.0.steps100.blocks-1.prefetch-budget-20.rank-accept_first.cut-entropy4.0.samples20.maxnew1024.seed10086.subtreePrefetch.vllm.log,accept_first,sample-016.block-00,16,0,True,28,4.0
dataset-lcb_v6.model-gemma-12b.alpha4.0.steps100.blocks-1.prefetch-budget-20.rank-accept_first.cut-entropy4.0.samples20.maxnew1024.seed10086.subtreePrefetch.vllm.log,accept_first,sample-016.block-00,16,0,True,29,3.625
dataset-lcb_v6.model-gemma-12b.alpha4.0.steps100.blocks-1.prefetch-budget-20.rank-accept_first.cut-entropy4.0.samples20.maxnew1024.seed10086.subtreePrefetch.vllm.log,accept_first,sample-016.block-00,16,0,True,30,3.75
dataset-lcb_v6.model-gemma-12b.alpha4.0.steps100.blocks-1.prefetch-budget-20.rank-accept_first.cut-entropy4.0.samples20.maxnew1024.seed10086.subtreePrefetch.vllm.log,accept_first,sample-016.block-00,16,0,True,31,3.875
dataset-lcb_v6.model-gemma-12b.alpha4.0.steps100.blocks-1.prefetch-budget-20.rank-accept_first.cut-entropy4.0.samples20.maxnew1024.seed10086.subtreePrefetch.vllm.log,accept_first,sample-016.block-00,16,0,True,32,4.0
dataset-lcb_v6.model-gemma-12b.alpha4.0.steps100.blocks-1.prefetch-budget-20.rank-accept_first.cut-entropy4.0.samples20.maxnew1024.seed10086.subtreePrefetch.vllm.log,accept_first,sample-016.block-00,16,0,True,33,4.125
dataset-lcb_v6.model-gemma-12b.alpha4.0.steps100.blocks-1.prefetch-budget-20.rank-accept_first.cut-entropy4.0.samples20.maxnew1024.seed10086.subtreePrefetch.vllm.log,accept_first,sample-016.block-00,16,0,True,34,3.7777777777777777
dataset-lcb_v6.model-gemma-12b.alpha4.0.steps100.blocks-1.prefetch-budget-20.rank-accept_first.cut-entropy4.0.samples20.maxnew1024.seed10086.subtreePrefetch.vllm.log,accept_first,sample-016.block-00,16,0,True,35,3.888888888888889
dataset-lcb_v6.model-gemma-12b.alpha4.0.steps100.blocks-1.prefetch-budget-20.rank-accept_first.cut-entropy4.0.samples20.maxnew1024.seed10086.subtreePrefetch.vllm.log,accept_first,sample-016.block-00,16,0,True,36,4.0
dataset-lcb_v6.model-gemma-12b.alpha4.0.steps100.blocks-1.prefetch-budget-20.rank-accept_first.cut-entropy4.0.samples20.maxnew1024.seed10086.subtreePrefetch.vllm.log,accept_first,sample-016.block-00,16,0,True,37,4.111111111111111
dataset-lcb_v6.model-gemma-12b.alpha4.0.steps100.blocks-1.prefetch-budget-20.rank-accept_first.cut-entropy4.0.samples20.maxnew1024.seed10086.subtreePrefetch.vllm.log,accept_first,sample-016.block-00,16,0,True,38,3.8
dataset-lcb_v6.model-gemma-12b.alpha4.0.steps100.blocks-1.prefetch-budget-20.rank-accept_first.cut-entropy4.0.samples20.maxnew1024.seed10086.subtreePrefetch.vllm.log,accept_first,sample-016.block-00,16,0,True,39,3.5454545454545454
dataset-lcb_v6.model-gemma-12b.alpha4.0.steps100.blocks-1.prefetch-budget-20.rank-accept_first.cut-entropy4.0.samples20.maxnew1024.seed10086.subtreePrefetch.vllm.log,accept_first,sample-016.block-00,16,0,True,40,3.6363636363636362
dataset-lcb_v6.model-gemma-12b.alpha4.0.steps100.blocks-1.prefetch-budget-20.rank-accept_first.cut-entropy4.0.samples20.maxnew1024.seed10086.subtreePrefetch.vllm.log,accept_first,sample-016.block-00,16,0,True,41,3.4166666666666665
dataset-lcb_v6.model-gemma-12b.alpha4.0.steps100.blocks-1.prefetch-budget-20.rank-accept_first.cut-entropy4.0.samples20.maxnew1024.seed10086.subtreePrefetch.vllm.log,accept_first,sample-016.block-00,16,0,True,42,3.5
dataset-lcb_v6.model-gemma-12b.alpha4.0.steps100.blocks-1.prefetch-budget-20.rank-accept_first.cut-entropy4.0.samples20.maxnew1024.seed10086.subtreePrefetch.vllm.log,accept_first,sample-016.block-00,16,0,True,43,3.5833333333333335
dataset-lcb_v6.model-gemma-12b.alpha4.0.steps100.blocks-1.prefetch-budget-20.rank-accept_first.cut-entropy4.0.samples20.maxnew1024.seed10086.subtreePrefetch.vllm.log,accept_first,sample-016.block-00,16,0,True,44,3.6666666666666665
dataset-lcb_v6.model-gemma-12b.alpha4.0.steps100.blocks-1.prefetch-budget-20.rank-accept_first.cut-entropy4.0.samples20.maxnew1024.seed10086.subtreePrefetch.vllm.log,accept_first,sample-016.block-00,16,0,True,45,3.75
dataset-lcb_v6.model-gemma-12b.alpha4.0.steps100.blocks-1.prefetch-budget-20.rank-accept_first.cut-entropy4.0.samples20.maxnew1024.seed10086.subtreePrefetch.vllm.log,accept_first,sample-016.block-00,16,0,True,46,3.8333333333333335
dataset-lcb_v6.model-gemma-12b.alpha4.0.steps100.blocks-1.prefetch-budget-20.rank-accept_first.cut-entropy4.0.samples20.maxnew1024.seed10086.subtreePrefetch.vllm.log,accept_first,sample-016.block-00,16,0,True,47,3.6153846153846154
dataset-lcb_v6.model-gemma-12b.alpha4.0.steps100.blocks-1.prefetch-budget-20.rank-accept_first.cut-entropy4.0.samples20.maxnew1024.seed10086.subtreePrefetch.vllm.log,accept_first,sample-016.block-00,16,0,True,48,3.6923076923076925
dataset-lcb_v6.model-gemma-12b.alpha4.0.steps100.blocks-1.prefetch-budget-20.rank-accept_first.cut-entropy4.0.samples20.maxnew1024.seed10086.subtreePrefetch.vllm.log,accept_first,sample-016.block-00,16,0,True,49,3.769230769230769
dataset-lcb_v6.model-gemma-12b.alpha4.0.steps100.blocks-1.prefetch-budget-20.rank-accept_first.cut-entropy4.0.samples20.maxnew1024.seed10086.subtreePrefetch.vllm.log,accept_first,sample-016.block-00,16,0,True,50,3.8461538461538463
dataset-lcb_v6.model-gemma-12b.alpha4.0.steps100.blocks-1.prefetch-budget-20.rank-accept_first.cut-entropy4.0.samples20.maxnew1024.seed10086.subtreePrefetch.vllm.log,accept_first,sample-016.block-00,16,0,True,51,3.642857142857143
dataset-lcb_v6.model-gemma-12b.alpha4.0.steps100.blocks-1.prefetch-budget-20.rank-accept_first.cut-entropy4.0.samples20.maxnew1024.seed10086.subtreePrefetch.vllm.log,accept_first,sample-016.block-00,16,0,True,52,3.7142857142857144
dataset-lcb_v6.model-gemma-12b.alpha4.0.steps100.blocks-1.prefetch-budget-20.rank-accept_first.cut-entropy4.0.samples20.maxnew1024.seed10086.subtreePrefetch.vllm.log,accept_first,sample-016.block-00,16,0,True,53,3.533333333333333
dataset-lcb_v6.model-gemma-12b.alpha4.0.steps100.blocks-1.prefetch-budget-20.rank-accept_first.cut-entropy4.0.samples20.maxnew1024.seed10086.subtreePrefetch.vllm.log,accept_first,sample-016.block-00,16,0,True,54,3.6
dataset-lcb_v6.model-gemma-12b.alpha4.0.steps100.blocks-1.prefetch-budget-20.rank-accept_first.cut-entropy4.0.samples20.maxnew1024.seed10086.subtreePrefetch.vllm.log,accept_first,sample-016.block-00,16,0,True,55,3.6666666666666665
dataset-lcb_v6.model-gemma-12b.alpha4.0.steps100.blocks-1.prefetch-budget-20.rank-accept_first.cut-entropy4.0.samples20.maxnew1024.seed10086.subtreePrefetch.vllm.log,accept_first,sample-016.block-00,16,0,True,56,3.5
dataset-lcb_v6.model-gemma-12b.alpha4.0.steps100.blocks-1.prefetch-budget-20.rank-accept_first.cut-entropy4.0.samples20.maxnew1024.seed10086.subtreePrefetch.vllm.log,accept_first,sample-016.block-00,16,0,True,57,3.3529411764705883
dataset-lcb_v6.model-gemma-12b.alpha4.0.steps100.blocks-1.prefetch-budget-20.rank-accept_first.cut-entropy4.0.samples20.maxnew1024.seed10086.subtreePrefetch.vllm.log,accept_first,sample-016.block-00,16,0,True,58,3.411764705882353
dataset-lcb_v6.model-gemma-12b.alpha4.0.steps100.blocks-1.prefetch-budget-20.rank-accept_first.cut-entropy4.0.samples20.maxnew1024.seed10086.subtreePrefetch.vllm.log,accept_first,sample-016.block-00,16,0,True,59,3.4705882352941178
dataset-lcb_v6.model-gemma-12b.alpha4.0.steps100.blocks-1.prefetch-budget-20.rank-accept_first.cut-entropy4.0.samples20.maxnew1024.seed10086.subtreePrefetch.vllm.log,accept_first,sample-016.block-00,16,0,True,60,3.5294117647058822
dataset-lcb_v6.model-gemma-12b.alpha4.0.steps100.blocks-1.prefetch-budget-20.rank-accept_first.cut-entropy4.0.samples20.maxnew1024.seed10086.subtreePrefetch.vllm.log,accept_first,sample-016.block-00,16,0,True,61,3.588235294117647
dataset-lcb_v6.model-gemma-12b.alpha4.0.steps100.blocks-1.prefetch-budget-20.rank-accept_first.cut-entropy4.0.samples20.maxnew1024.seed10086.subtreePrefetch.vllm.log,accept_first,sample-016.block-00,16,0,True,62,3.6470588235294117
dataset-lcb_v6.model-gemma-12b.alpha4.0.steps100.blocks-1.prefetch-budget-20.rank-accept_first.cut-entropy4.0.samples20.maxnew1024.seed10086.subtreePrefetch.vllm.log,accept_first,sample-016.block-00,16,0,True,63,3.7058823529411766
dataset-lcb_v6.model-gemma-12b.alpha4.0.steps100.blocks-1.prefetch-budget-20.rank-accept_first.cut-entropy4.0.samples20.maxnew1024.seed10086.subtreePrefetch.vllm.log,accept_first,sample-016.block-00,16,0,True,64,3.5555555555555554
dataset-lcb_v6.model-gemma-12b.alpha4.0.steps100.blocks-1.prefetch-budget-20.rank-accept_first.cut-entropy4.0.samples20.maxnew1024.seed10086.subtreePrefetch.vllm.log,accept_first,sample-016.block-00,16,0,True,65,3.611111111111111
dataset-lcb_v6.model-gemma-12b.alpha4.0.steps100.blocks-1.prefetch-budget-20.rank-accept_first.cut-entropy4.0.samples20.maxnew1024.seed10086.subtreePrefetch.vllm.log,accept_first,sample-016.block-00,16,0,True,66,3.6666666666666665
dataset-lcb_v6.model-gemma-12b.alpha4.0.steps100.blocks-1.prefetch-budget-20.rank-accept_first.cut-entropy4.0.samples20.maxnew1024.seed10086.subtreePrefetch.vllm.log,accept_first,sample-016.block-00,16,0,True,67,3.526315789473684
dataset-lcb_v6.model-gemma-12b.alpha4.0.steps100.blocks-1.prefetch-budget-20.rank-accept_first.cut-entropy4.0.samples20.maxnew1024.seed10086.subtreePrefetch.vllm.log,accept_first,sample-016.block-00,16,0,True,68,3.5789473684210527
dataset-lcb_v6.model-gemma-12b.alpha4.0.steps100.blocks-1.prefetch-budget-20.rank-accept_first.cut-entropy4.0.samples20.maxnew1024.seed10086.subtreePrefetch.vllm.log,accept_first,sample-016.block-00,16,0,True,69,3.45
dataset-lcb_v6.model-gemma-12b.alpha4.0.steps100.blocks-1.prefetch-budget-20.rank-accept_first.cut-entropy4.0.samples20.maxnew1024.seed10086.subtreePrefetch.vllm.log,accept_first,sample-016.block-00,16,0,True,70,3.5
dataset-lcb_v6.model-gemma-12b.alpha4.0.steps100.blocks-1.prefetch-budget-20.rank-accept_first.cut-entropy4.0.samples20.maxnew1024.seed10086.subtreePrefetch.vllm.log,accept_first,sample-016.block-00,16,0,True,71,3.55
dataset-lcb_v6.model-gemma-12b.alpha4.0.steps100.blocks-1.prefetch-budget-20.rank-accept_first.cut-entropy4.0.samples20.maxnew1024.seed10086.subtreePrefetch.vllm.log,accept_first,sample-016.block-00,16,0,True,72,3.6
dataset-lcb_v6.model-gemma-12b.alpha4.0.steps100.blocks-1.prefetch-budget-20.rank-accept_first.cut-entropy4.0.samples20.maxnew1024.seed10086.subtreePrefetch.vllm.log,accept_first,sample-016.block-00,16,0,True,73,3.4761904761904763
dataset-lcb_v6.model-gemma-12b.alpha4.0.steps100.blocks-1.prefetch-budget-20.rank-accept_first.cut-entropy4.0.samples20.maxnew1024.seed10086.subtreePrefetch.vllm.log,accept_first,sample-016.block-00,16,0,True,74,3.5238095238095237
dataset-lcb_v6.model-gemma-12b.alpha4.0.steps100.blocks-1.prefetch-budget-20.rank-accept_first.cut-entropy4.0.samples20.maxnew1024.seed10086.subtreePrefetch.vllm.log,accept_first,sample-016.block-00,16,0,True,75,3.5714285714285716
dataset-lcb_v6.model-gemma-12b.alpha4.0.steps100.blocks-1.prefetch-budget-20.rank-accept_first.cut-entropy4.0.samples20.maxnew1024.seed10086.subtreePrefetch.vllm.log,accept_first,sample-016.block-00,16,0,True,76,3.619047619047619
dataset-lcb_v6.model-gemma-12b.alpha4.0.steps100.blocks-1.prefetch-budget-20.rank-accept_first.cut-entropy4.0.samples20.maxnew1024.seed10086.subtreePrefetch.vllm.log,accept_first,sample-016.block-00,16,0,True,77,3.6666666666666665
dataset-lcb_v6.model-gemma-12b.alpha4.0.steps100.blocks-1.prefetch-budget-20.rank-accept_first.cut-entropy4.0.samples20.maxnew1024.seed10086.subtreePrefetch.vllm.log,accept_first,sample-016.block-00,16,0,True,78,3.7142857142857144
dataset-lcb_v6.model-gemma-12b.alpha4.0.steps100.blocks-1.prefetch-budget-20.rank-accept_first.cut-entropy4.0.samples20.maxnew1024.seed10086.subtreePrefetch.vllm.log,accept_first,sample-016.block-00,16,0,True,79,3.761904761904762
dataset-lcb_v6.model-gemma-12b.alpha4.0.steps100.blocks-1.prefetch-budget-20.rank-accept_first.cut-entropy4.0.samples20.maxnew1024.seed10086.subtreePrefetch.vllm.log,accept_first,sample-016.block-00,16,0,True,80,3.8095238095238093
dataset-lcb_v6.model-gemma-12b.alpha4.0.steps100.blocks-1.prefetch-budget-20.rank-accept_first.cut-entropy4.0.samples20.maxnew1024.seed10086.subtreePrefetch.vllm.log,accept_first,sample-016.block-00,16,0,True,81,3.857142857142857
dataset-lcb_v6.model-gemma-12b.alpha4.0.steps100.blocks-1.prefetch-budget-20.rank-accept_first.cut-entropy4.0.samples20.maxnew1024.seed10086.subtreePrefetch.vllm.log,accept_first,sample-016.block-00,16,0,True,82,3.727272727272727
dataset-lcb_v6.model-gemma-12b.alpha4.0.steps100.blocks-1.prefetch-budget-20.rank-accept_first.cut-entropy4.0.samples20.maxnew1024.seed10086.subtreePrefetch.vllm.log,accept_first,sample-016.block-00,16,0,True,83,3.608695652173913
dataset-lcb_v6.model-gemma-12b.alpha4.0.steps100.blocks-1.prefetch-budget-20.rank-accept_first.cut-entropy4.0.samples20.maxnew1024.seed10086.subtreePrefetch.vllm.log,accept_first,sample-016.block-00,16,0,True,84,3.652173913043478
dataset-lcb_v6.model-gemma-12b.alpha4.0.steps100.blocks-1.prefetch-budget-20.rank-accept_first.cut-entropy4.0.samples20.maxnew1024.seed10086.subtreePrefetch.vllm.log,accept_first,sample-016.block-00,16,0,True,85,3.6956521739130435
dataset-lcb_v6.model-gemma-12b.alpha4.0.steps100.blocks-1.prefetch-budget-20.rank-accept_first.cut-entropy4.0.samples20.maxnew1024.seed10086.subtreePrefetch.vllm.log,accept_first,sample-016.block-00,16,0,True,86,3.739130434782609
dataset-lcb_v6.model-gemma-12b.alpha4.0.steps100.blocks-1.prefetch-budget-20.rank-accept_first.cut-entropy4.0.samples20.maxnew1024.seed10086.subtreePrefetch.vllm.log,accept_first,sample-016.block-00,16,0,True,87,3.782608695652174
dataset-lcb_v6.model-gemma-12b.alpha4.0.steps100.blocks-1.prefetch-budget-20.rank-accept_first.cut-entropy4.0.samples20.maxnew1024.seed10086.subtreePrefetch.vllm.log,accept_first,sample-016.block-00,16,0,True,88,3.6666666666666665
dataset-lcb_v6.model-gemma-12b.alpha4.0.steps100.blocks-1.prefetch-budget-20.rank-accept_first.cut-entropy4.0.samples20.maxnew1024.seed10086.subtreePrefetch.vllm.log,accept_first,sample-016.block-00,16,0,True,89,3.7083333333333335
dataset-lcb_v6.model-gemma-12b.alpha4.0.steps100.blocks-1.prefetch-budget-20.rank-accept_first.cut-entropy4.0.samples20.maxnew1024.seed10086.subtreePrefetch.vllm.log,accept_first,sample-016.block-00,16,0,True,90,3.75
dataset-lcb_v6.model-gemma-12b.alpha4.0.steps100.blocks-1.prefetch-budget-20.rank-accept_first.cut-entropy4.0.samples20.maxnew1024.seed10086.subtreePrefetch.vllm.log,accept_first,sample-016.block-00,16,0,True,91,3.7916666666666665
dataset-lcb_v6.model-gemma-12b.alpha4.0.steps100.blocks-1.prefetch-budget-20.rank-accept_first.cut-entropy4.0.samples20.maxnew1024.seed10086.subtreePrefetch.vllm.log,accept_first,sample-016.block-00,16,0,True,92,3.8333333333333335
dataset-lcb_v6.model-gemma-12b.alpha4.0.steps100.blocks-1.prefetch-budget-20.rank-accept_first.cut-entropy4.0.samples20.maxnew1024.seed10086.subtreePrefetch.vllm.log,accept_first,sample-016.block-00,16,0,True,93,3.875
dataset-lcb_v6.model-gemma-12b.alpha4.0.steps100.blocks-1.prefetch-budget-20.rank-accept_first.cut-entropy4.0.samples20.maxnew1024.seed10086.subtreePrefetch.vllm.log,accept_first,sample-016.block-00,16,0,True,94,3.76
dataset-lcb_v6.model-gemma-12b.alpha4.0.steps100.blocks-1.prefetch-budget-20.rank-accept_first.cut-entropy4.0.samples20.maxnew1024.seed10086.subtreePrefetch.vllm.log,accept_first,sample-016.block-00,16,0,True,95,3.8
dataset-lcb_v6.model-gemma-12b.alpha4.0.steps100.blocks-1.prefetch-budget-20.rank-accept_first.cut-entropy4.0.samples20.maxnew1024.seed10086.subtreePrefetch.vllm.log,accept_first,sample-016.block-00,16,0,True,96,3.6923076923076925
dataset-lcb_v6.model-gemma-12b.alpha4.0.steps100.blocks-1.prefetch-budget-20.rank-accept_first.cut-entropy4.0.samples20.maxnew1024.seed10086.subtreePrefetch.vllm.log,accept_first,sample-016.block-00,16,0,True,97,3.730769230769231
dataset-lcb_v6.model-gemma-12b.alpha4.0.steps100.blocks-1.prefetch-budget-20.rank-accept_first.cut-entropy4.0.samples20.maxnew1024.seed10086.subtreePrefetch.vllm.log,accept_first,sample-016.block-00,16,0,True,98,3.769230769230769
dataset-lcb_v6.model-gemma-12b.alpha4.0.steps100.blocks-1.prefetch-budget-20.rank-accept_first.cut-entropy4.0.samples20.maxnew1024.seed10086.subtreePrefetch.vllm.log,accept_first,sample-016.block-00,16,0,True,99,3.8076923076923075
dataset-lcb_v6.model-gemma-12b.alpha4.0.steps100.blocks-1.prefetch-budget-20.rank-accept_first.cut-entropy4.0.samples20.maxnew1024.seed10086.subtreePrefetch.vllm.log,accept_first,sample-016.block-00,16,0,True,100,3.8461538461538463
dataset-lcb_v6.model-gemma-12b.alpha4.0.steps100.blocks-1.prefetch-budget-20.rank-accept_first.cut-entropy4.0.samples20.maxnew1024.seed10086.subtreePrefetch.vllm.log,accept_first,sample-017.block-00,17,0,True,1,1.0
dataset-lcb_v6.model-gemma-12b.alpha4.0.steps100.blocks-1.prefetch-budget-20.rank-accept_first.cut-entropy4.0.samples20.maxnew1024.seed10086.subtreePrefetch.vllm.log,accept_first,sample-017.block-00,17,0,True,2,1.0
dataset-lcb_v6.model-gemma-12b.alpha4.0.steps100.blocks-1.prefetch-budget-20.rank-accept_first.cut-entropy4.0.samples20.maxnew1024.seed10086.subtreePrefetch.vllm.log,accept_first,sample-017.block-00,17,0,True,3,1.5
dataset-lcb_v6.model-gemma-12b.alpha4.0.steps100.blocks-1.prefetch-budget-20.rank-accept_first.cut-entropy4.0.samples20.maxnew1024.seed10086.subtreePrefetch.vllm.log,accept_first,sample-017.block-00,17,0,True,4,2.0
dataset-lcb_v6.model-gemma-12b.alpha4.0.steps100.blocks-1.prefetch-budget-20.rank-accept_first.cut-entropy4.0.samples20.maxnew1024.seed10086.subtreePrefetch.vllm.log,accept_first,sample-017.block-00,17,0,True,5,2.5
dataset-lcb_v6.model-gemma-12b.alpha4.0.steps100.blocks-1.prefetch-budget-20.rank-accept_first.cut-entropy4.0.samples20.maxnew1024.seed10086.subtreePrefetch.vllm.log,accept_first,sample-017.block-00,17,0,True,6,2.0
dataset-lcb_v6.model-gemma-12b.alpha4.0.steps100.blocks-1.prefetch-budget-20.rank-accept_first.cut-entropy4.0.samples20.maxnew1024.seed10086.subtreePrefetch.vllm.log,accept_first,sample-017.block-00,17,0,True,7,2.3333333333333335
dataset-lcb_v6.model-gemma-12b.alpha4.0.steps100.blocks-1.prefetch-budget-20.rank-accept_first.cut-entropy4.0.samples20.maxnew1024.seed10086.subtreePrefetch.vllm.log,accept_first,sample-017.block-00,17,0,True,8,2.0
dataset-lcb_v6.model-gemma-12b.alpha4.0.steps100.blocks-1.prefetch-budget-20.rank-accept_first.cut-entropy4.0.samples20.maxnew1024.seed10086.subtreePrefetch.vllm.log,accept_first,sample-017.block-00,17,0,True,9,2.25
dataset-lcb_v6.model-gemma-12b.alpha4.0.steps100.blocks-1.prefetch-budget-20.rank-accept_first.cut-entropy4.0.samples20.maxnew1024.seed10086.subtreePrefetch.vllm.log,accept_first,sample-017.block-00,17,0,True,10,2.5
dataset-lcb_v6.model-gemma-12b.alpha4.0.steps100.blocks-1.prefetch-budget-20.rank-accept_first.cut-entropy4.0.samples20.maxnew1024.seed10086.subtreePrefetch.vllm.log,accept_first,sample-017.block-00,17,0,True,11,2.75
dataset-lcb_v6.model-gemma-12b.alpha4.0.steps100.blocks-1.prefetch-budget-20.rank-accept_first.cut-entropy4.0.samples20.maxnew1024.seed10086.subtreePrefetch.vllm.log,accept_first,sample-017.block-00,17,0,True,12,2.4
dataset-lcb_v6.model-gemma-12b.alpha4.0.steps100.blocks-1.prefetch-budget-20.rank-accept_first.cut-entropy4.0.samples20.maxnew1024.seed10086.subtreePrefetch.vllm.log,accept_first,sample-017.block-00,17,0,True,13,2.6
dataset-lcb_v6.model-gemma-12b.alpha4.0.steps100.blocks-1.prefetch-budget-20.rank-accept_first.cut-entropy4.0.samples20.maxnew1024.seed10086.subtreePrefetch.vllm.log,accept_first,sample-017.block-00,17,0,True,14,2.8
dataset-lcb_v6.model-gemma-12b.alpha4.0.steps100.blocks-1.prefetch-budget-20.rank-accept_first.cut-entropy4.0.samples20.maxnew1024.seed10086.subtreePrefetch.vllm.log,accept_first,sample-017.block-00,17,0,True,15,3.0
dataset-lcb_v6.model-gemma-12b.alpha4.0.steps100.blocks-1.prefetch-budget-20.rank-accept_first.cut-entropy4.0.samples20.maxnew1024.seed10086.subtreePrefetch.vllm.log,accept_first,sample-017.block-00,17,0,True,16,3.2
dataset-lcb_v6.model-gemma-12b.alpha4.0.steps100.blocks-1.prefetch-budget-20.rank-accept_first.cut-entropy4.0.samples20.maxnew1024.seed10086.subtreePrefetch.vllm.log,accept_first,sample-017.block-00,17,0,True,17,2.8333333333333335
dataset-lcb_v6.model-gemma-12b.alpha4.0.steps100.blocks-1.prefetch-budget-20.rank-accept_first.cut-entropy4.0.samples20.maxnew1024.seed10086.subtreePrefetch.vllm.log,accept_first,sample-017.block-00,17,0,True,18,3.0
dataset-lcb_v6.model-gemma-12b.alpha4.0.steps100.blocks-1.prefetch-budget-20.rank-accept_first.cut-entropy4.0.samples20.maxnew1024.seed10086.subtreePrefetch.vllm.log,accept_first,sample-017.block-00,17,0,True,19,3.1666666666666665
dataset-lcb_v6.model-gemma-12b.alpha4.0.steps100.blocks-1.prefetch-budget-20.rank-accept_first.cut-entropy4.0.samples20.maxnew1024.seed10086.subtreePrefetch.vllm.log,accept_first,sample-017.block-00,17,0,True,20,3.3333333333333335
dataset-lcb_v6.model-gemma-12b.alpha4.0.steps100.blocks-1.prefetch-budget-20.rank-accept_first.cut-entropy4.0.samples20.maxnew1024.seed10086.subtreePrefetch.vllm.log,accept_first,sample-017.block-00,17,0,True,21,3.5
dataset-lcb_v6.model-gemma-12b.alpha4.0.steps100.blocks-1.prefetch-budget-20.rank-accept_first.cut-entropy4.0.samples20.maxnew1024.seed10086.subtreePrefetch.vllm.log,accept_first,sample-017.block-00,17,0,True,22,3.6666666666666665
dataset-lcb_v6.model-gemma-12b.alpha4.0.steps100.blocks-1.prefetch-budget-20.rank-accept_first.cut-entropy4.0.samples20.maxnew1024.seed10086.subtreePrefetch.vllm.log,accept_first,sample-017.block-00,17,0,True,23,3.8333333333333335
dataset-lcb_v6.model-gemma-12b.alpha4.0.steps100.blocks-1.prefetch-budget-20.rank-accept_first.cut-entropy4.0.samples20.maxnew1024.seed10086.subtreePrefetch.vllm.log,accept_first,sample-017.block-00,17,0,True,24,4.0
dataset-lcb_v6.model-gemma-12b.alpha4.0.steps100.blocks-1.prefetch-budget-20.rank-accept_first.cut-entropy4.0.samples20.maxnew1024.seed10086.subtreePrefetch.vllm.log,accept_first,sample-017.block-00,17,0,True,25,3.5714285714285716
dataset-lcb_v6.model-gemma-12b.alpha4.0.steps100.blocks-1.prefetch-budget-20.rank-accept_first.cut-entropy4.0.samples20.maxnew1024.seed10086.subtreePrefetch.vllm.log,accept_first,sample-017.block-00,17,0,True,26,3.7142857142857144
dataset-lcb_v6.model-gemma-12b.alpha4.0.steps100.blocks-1.prefetch-budget-20.rank-accept_first.cut-entropy4.0.samples20.maxnew1024.seed10086.subtreePrefetch.vllm.log,accept_first,sample-017.block-00,17,0,True,27,3.857142857142857
dataset-lcb_v6.model-gemma-12b.alpha4.0.steps100.blocks-1.prefetch-budget-20.rank-accept_first.cut-entropy4.0.samples20.maxnew1024.seed10086.subtreePrefetch.vllm.log,accept_first,sample-017.block-00,17,0,True,28,4.0
dataset-lcb_v6.model-gemma-12b.alpha4.0.steps100.blocks-1.prefetch-budget-20.rank-accept_first.cut-entropy4.0.samples20.maxnew1024.seed10086.subtreePrefetch.vllm.log,accept_first,sample-017.block-00,17,0,True,29,3.625
dataset-lcb_v6.model-gemma-12b.alpha4.0.steps100.blocks-1.prefetch-budget-20.rank-accept_first.cut-entropy4.0.samples20.maxnew1024.seed10086.subtreePrefetch.vllm.log,accept_first,sample-017.block-00,17,0,True,30,3.75
dataset-lcb_v6.model-gemma-12b.alpha4.0.steps100.blocks-1.prefetch-budget-20.rank-accept_first.cut-entropy4.0.samples20.maxnew1024.seed10086.subtreePrefetch.vllm.log,accept_first,sample-017.block-00,17,0,True,31,3.4444444444444446
dataset-lcb_v6.model-gemma-12b.alpha4.0.steps100.blocks-1.prefetch-budget-20.rank-accept_first.cut-entropy4.0.samples20.maxnew1024.seed10086.subtreePrefetch.vllm.log,accept_first,sample-017.block-00,17,0,True,32,3.5555555555555554
dataset-lcb_v6.model-gemma-12b.alpha4.0.steps100.blocks-1.prefetch-budget-20.rank-accept_first.cut-entropy4.0.samples20.maxnew1024.seed10086.subtreePrefetch.vllm.log,accept_first,sample-017.block-00,17,0,True,33,3.6666666666666665
dataset-lcb_v6.model-gemma-12b.alpha4.0.steps100.blocks-1.prefetch-budget-20.rank-accept_first.cut-entropy4.0.samples20.maxnew1024.seed10086.subtreePrefetch.vllm.log,accept_first,sample-017.block-00,17,0,True,34,3.7777777777777777
dataset-lcb_v6.model-gemma-12b.alpha4.0.steps100.blocks-1.prefetch-budget-20.rank-accept_first.cut-entropy4.0.samples20.maxnew1024.seed10086.subtreePrefetch.vllm.log,accept_first,sample-017.block-00,17,0,True,35,3.888888888888889
dataset-lcb_v6.model-gemma-12b.alpha4.0.steps100.blocks-1.prefetch-budget-20.rank-accept_first.cut-entropy4.0.samples20.maxnew1024.seed10086.subtreePrefetch.vllm.log,accept_first,sample-017.block-00,17,0,True,36,3.6
dataset-lcb_v6.model-gemma-12b.alpha4.0.steps100.blocks-1.prefetch-budget-20.rank-accept_first.cut-entropy4.0.samples20.maxnew1024.seed10086.subtreePrefetch.vllm.log,accept_first,sample-017.block-00,17,0,True,37,3.7
dataset-lcb_v6.model-gemma-12b.alpha4.0.steps100.blocks-1.prefetch-budget-20.rank-accept_first.cut-entropy4.0.samples20.maxnew1024.seed10086.subtreePrefetch.vllm.log,accept_first,sample-017.block-00,17,0,True,38,3.8
dataset-lcb_v6.model-gemma-12b.alpha4.0.steps100.blocks-1.prefetch-budget-20.rank-accept_first.cut-entropy4.0.samples20.maxnew1024.seed10086.subtreePrefetch.vllm.log,accept_first,sample-017.block-00,17,0,True,39,3.9
dataset-lcb_v6.model-gemma-12b.alpha4.0.steps100.blocks-1.prefetch-budget-20.rank-accept_first.cut-entropy4.0.samples20.maxnew1024.seed10086.subtreePrefetch.vllm.log,accept_first,sample-017.block-00,17,0,True,40,4.0
dataset-lcb_v6.model-gemma-12b.alpha4.0.steps100.blocks-1.prefetch-budget-20.rank-accept_first.cut-entropy4.0.samples20.maxnew1024.seed10086.subtreePrefetch.vllm.log,accept_first,sample-017.block-00,17,0,True,41,3.727272727272727
dataset-lcb_v6.model-gemma-12b.alpha4.0.steps100.blocks-1.prefetch-budget-20.rank-accept_first.cut-entropy4.0.samples20.maxnew1024.seed10086.subtreePrefetch.vllm.log,accept_first,sample-017.block-00,17,0,True,42,3.8181818181818183
dataset-lcb_v6.model-gemma-12b.alpha4.0.steps100.blocks-1.prefetch-budget-20.rank-accept_first.cut-entropy4.0.samples20.maxnew1024.seed10086.subtreePrefetch.vllm.log,accept_first,sample-017.block-00,17,0,True,43,3.909090909090909
dataset-lcb_v6.model-gemma-12b.alpha4.0.steps100.blocks-1.prefetch-budget-20.rank-accept_first.cut-entropy4.0.samples20.maxnew1024.seed10086.subtreePrefetch.vllm.log,accept_first,sample-017.block-00,17,0,True,44,4.0
dataset-lcb_v6.model-gemma-12b.alpha4.0.steps100.blocks-1.prefetch-budget-20.rank-accept_first.cut-entropy4.0.samples20.maxnew1024.seed10086.subtreePrefetch.vllm.log,accept_first,sample-017.block-00,17,0,True,45,4.090909090909091
dataset-lcb_v6.model-gemma-12b.alpha4.0.steps100.blocks-1.prefetch-budget-20.rank-accept_first.cut-entropy4.0.samples20.maxnew1024.seed10086.subtreePrefetch.vllm.log,accept_first,sample-017.block-00,17,0,True,46,3.8333333333333335
dataset-lcb_v6.model-gemma-12b.alpha4.0.steps100.blocks-1.prefetch-budget-20.rank-accept_first.cut-entropy4.0.samples20.maxnew1024.seed10086.subtreePrefetch.vllm.log,accept_first,sample-017.block-00,17,0,True,47,3.9166666666666665
dataset-lcb_v6.model-gemma-12b.alpha4.0.steps100.blocks-1.prefetch-budget-20.rank-accept_first.cut-entropy4.0.samples20.maxnew1024.seed10086.subtreePrefetch.vllm.log,accept_first,sample-017.block-00,17,0,True,48,3.6923076923076925
dataset-lcb_v6.model-gemma-12b.alpha4.0.steps100.blocks-1.prefetch-budget-20.rank-accept_first.cut-entropy4.0.samples20.maxnew1024.seed10086.subtreePrefetch.vllm.log,accept_first,sample-017.block-00,17,0,True,49,3.769230769230769
dataset-lcb_v6.model-gemma-12b.alpha4.0.steps100.blocks-1.prefetch-budget-20.rank-accept_first.cut-entropy4.0.samples20.maxnew1024.seed10086.subtreePrefetch.vllm.log,accept_first,sample-017.block-00,17,0,True,50,3.8461538461538463
dataset-lcb_v6.model-gemma-12b.alpha4.0.steps100.blocks-1.prefetch-budget-20.rank-accept_first.cut-entropy4.0.samples20.maxnew1024.seed10086.subtreePrefetch.vllm.log,accept_first,sample-017.block-00,17,0,True,51,3.923076923076923
dataset-lcb_v6.model-gemma-12b.alpha4.0.steps100.blocks-1.prefetch-budget-20.rank-accept_first.cut-entropy4.0.samples20.maxnew1024.seed10086.subtreePrefetch.vllm.log,accept_first,sample-017.block-00,17,0,True,52,4.0
dataset-lcb_v6.model-gemma-12b.alpha4.0.steps100.blocks-1.prefetch-budget-20.rank-accept_first.cut-entropy4.0.samples20.maxnew1024.seed10086.subtreePrefetch.vllm.log,accept_first,sample-017.block-00,17,0,True,53,3.7857142857142856
dataset-lcb_v6.model-gemma-12b.alpha4.0.steps100.blocks-1.prefetch-budget-20.rank-accept_first.cut-entropy4.0.samples20.maxnew1024.seed10086.subtreePrefetch.vllm.log,accept_first,sample-017.block-00,17,0,True,54,3.857142857142857
dataset-lcb_v6.model-gemma-12b.alpha4.0.steps100.blocks-1.prefetch-budget-20.rank-accept_first.cut-entropy4.0.samples20.maxnew1024.seed10086.subtreePrefetch.vllm.log,accept_first,sample-017.block-00,17,0,True,55,3.9285714285714284
dataset-lcb_v6.model-gemma-12b.alpha4.0.steps100.blocks-1.prefetch-budget-20.rank-accept_first.cut-entropy4.0.samples20.maxnew1024.seed10086.subtreePrefetch.vllm.log,accept_first,sample-017.block-00,17,0,True,56,4.0
dataset-lcb_v6.model-gemma-12b.alpha4.0.steps100.blocks-1.prefetch-budget-20.rank-accept_first.cut-entropy4.0.samples20.maxnew1024.seed10086.subtreePrefetch.vllm.log,accept_first,sample-017.block-00,17,0,True,57,3.8
dataset-lcb_v6.model-gemma-12b.alpha4.0.steps100.blocks-1.prefetch-budget-20.rank-accept_first.cut-entropy4.0.samples20.maxnew1024.seed10086.subtreePrefetch.vllm.log,accept_first,sample-017.block-00,17,0,True,58,3.625
dataset-lcb_v6.model-gemma-12b.alpha4.0.steps100.blocks-1.prefetch-budget-20.rank-accept_first.cut-entropy4.0.samples20.maxnew1024.seed10086.subtreePrefetch.vllm.log,accept_first,sample-017.block-00,17,0,True,59,3.6875
dataset-lcb_v6.model-gemma-12b.alpha4.0.steps100.blocks-1.prefetch-budget-20.rank-accept_first.cut-entropy4.0.samples20.maxnew1024.seed10086.subtreePrefetch.vllm.log,accept_first,sample-017.block-00,17,0,True,60,3.75
dataset-lcb_v6.model-gemma-12b.alpha4.0.steps100.blocks-1.prefetch-budget-20.rank-accept_first.cut-entropy4.0.samples20.maxnew1024.seed10086.subtreePrefetch.vllm.log,accept_first,sample-017.block-00,17,0,True,61,3.8125
dataset-lcb_v6.model-gemma-12b.alpha4.0.steps100.blocks-1.prefetch-budget-20.rank-accept_first.cut-entropy4.0.samples20.maxnew1024.seed10086.subtreePrefetch.vllm.log,accept_first,sample-017.block-00,17,0,True,62,3.875
dataset-lcb_v6.model-gemma-12b.alpha4.0.steps100.blocks-1.prefetch-budget-20.rank-accept_first.cut-entropy4.0.samples20.maxnew1024.seed10086.subtreePrefetch.vllm.log,accept_first,sample-017.block-00,17,0,True,63,3.7058823529411766
dataset-lcb_v6.model-gemma-12b.alpha4.0.steps100.blocks-1.prefetch-budget-20.rank-accept_first.cut-entropy4.0.samples20.maxnew1024.seed10086.subtreePrefetch.vllm.log,accept_first,sample-017.block-00,17,0,True,64,3.764705882352941
dataset-lcb_v6.model-gemma-12b.alpha4.0.steps100.blocks-1.prefetch-budget-20.rank-accept_first.cut-entropy4.0.samples20.maxnew1024.seed10086.subtreePrefetch.vllm.log,accept_first,sample-017.block-00,17,0,True,65,3.823529411764706
dataset-lcb_v6.model-gemma-12b.alpha4.0.steps100.blocks-1.prefetch-budget-20.rank-accept_first.cut-entropy4.0.samples20.maxnew1024.seed10086.subtreePrefetch.vllm.log,accept_first,sample-017.block-00,17,0,True,66,3.6666666666666665
dataset-lcb_v6.model-gemma-12b.alpha4.0.steps100.blocks-1.prefetch-budget-20.rank-accept_first.cut-entropy4.0.samples20.maxnew1024.seed10086.subtreePrefetch.vllm.log,accept_first,sample-017.block-00,17,0,True,67,3.526315789473684
dataset-lcb_v6.model-gemma-12b.alpha4.0.steps100.blocks-1.prefetch-budget-20.rank-accept_first.cut-entropy4.0.samples20.maxnew1024.seed10086.subtreePrefetch.vllm.log,accept_first,sample-017.block-00,17,0,True,68,3.5789473684210527
dataset-lcb_v6.model-gemma-12b.alpha4.0.steps100.blocks-1.prefetch-budget-20.rank-accept_first.cut-entropy4.0.samples20.maxnew1024.seed10086.subtreePrefetch.vllm.log,accept_first,sample-017.block-00,17,0,True,69,3.6315789473684212
dataset-lcb_v6.model-gemma-12b.alpha4.0.steps100.blocks-1.prefetch-budget-20.rank-accept_first.cut-entropy4.0.samples20.maxnew1024.seed10086.subtreePrefetch.vllm.log,accept_first,sample-017.block-00,17,0,True,70,3.6842105263157894
dataset-lcb_v6.model-gemma-12b.alpha4.0.steps100.blocks-1.prefetch-budget-20.rank-accept_first.cut-entropy4.0.samples20.maxnew1024.seed10086.subtreePrefetch.vllm.log,accept_first,sample-017.block-00,17,0,True,71,3.736842105263158
dataset-lcb_v6.model-gemma-12b.alpha4.0.steps100.blocks-1.prefetch-budget-20.rank-accept_first.cut-entropy4.0.samples20.maxnew1024.seed10086.subtreePrefetch.vllm.log,accept_first,sample-017.block-00,17,0,True,72,3.6
dataset-lcb_v6.model-gemma-12b.alpha4.0.steps100.blocks-1.prefetch-budget-20.rank-accept_first.cut-entropy4.0.samples20.maxnew1024.seed10086.subtreePrefetch.vllm.log,accept_first,sample-017.block-00,17,0,True,73,3.65
dataset-lcb_v6.model-gemma-12b.alpha4.0.steps100.blocks-1.prefetch-budget-20.rank-accept_first.cut-entropy4.0.samples20.maxnew1024.seed10086.subtreePrefetch.vllm.log,accept_first,sample-017.block-00,17,0,True,74,3.7
dataset-lcb_v6.model-gemma-12b.alpha4.0.steps100.blocks-1.prefetch-budget-20.rank-accept_first.cut-entropy4.0.samples20.maxnew1024.seed10086.subtreePrefetch.vllm.log,accept_first,sample-017.block-00,17,0,True,75,3.75
dataset-lcb_v6.model-gemma-12b.alpha4.0.steps100.blocks-1.prefetch-budget-20.rank-accept_first.cut-entropy4.0.samples20.maxnew1024.seed10086.subtreePrefetch.vllm.log,accept_first,sample-017.block-00,17,0,True,76,3.8
dataset-lcb_v6.model-gemma-12b.alpha4.0.steps100.blocks-1.prefetch-budget-20.rank-accept_first.cut-entropy4.0.samples20.maxnew1024.seed10086.subtreePrefetch.vllm.log,accept_first,sample-017.block-00,17,0,True,77,3.85
dataset-lcb_v6.model-gemma-12b.alpha4.0.steps100.blocks-1.prefetch-budget-20.rank-accept_first.cut-entropy4.0.samples20.maxnew1024.seed10086.subtreePrefetch.vllm.log,accept_first,sample-017.block-00,17,0,True,78,3.9
dataset-lcb_v6.model-gemma-12b.alpha4.0.steps100.blocks-1.prefetch-budget-20.rank-accept_first.cut-entropy4.0.samples20.maxnew1024.seed10086.subtreePrefetch.vllm.log,accept_first,sample-017.block-00,17,0,True,79,3.95
dataset-lcb_v6.model-gemma-12b.alpha4.0.steps100.blocks-1.prefetch-budget-20.rank-accept_first.cut-entropy4.0.samples20.maxnew1024.seed10086.subtreePrefetch.vllm.log,accept_first,sample-017.block-00,17,0,True,80,3.8095238095238093
dataset-lcb_v6.model-gemma-12b.alpha4.0.steps100.blocks-1.prefetch-budget-20.rank-accept_first.cut-entropy4.0.samples20.maxnew1024.seed10086.subtreePrefetch.vllm.log,accept_first,sample-017.block-00,17,0,True,81,3.857142857142857
dataset-lcb_v6.model-gemma-12b.alpha4.0.steps100.blocks-1.prefetch-budget-20.rank-accept_first.cut-entropy4.0.samples20.maxnew1024.seed10086.subtreePrefetch.vllm.log,accept_first,sample-017.block-00,17,0,True,82,3.9047619047619047
dataset-lcb_v6.model-gemma-12b.alpha4.0.steps100.blocks-1.prefetch-budget-20.rank-accept_first.cut-entropy4.0.samples20.maxnew1024.seed10086.subtreePrefetch.vllm.log,accept_first,sample-017.block-00,17,0,True,83,3.9523809523809526
dataset-lcb_v6.model-gemma-12b.alpha4.0.steps100.blocks-1.prefetch-budget-20.rank-accept_first.cut-entropy4.0.samples20.maxnew1024.seed10086.subtreePrefetch.vllm.log,accept_first,sample-017.block-00,17,0,True,84,3.8181818181818183
dataset-lcb_v6.model-gemma-12b.alpha4.0.steps100.blocks-1.prefetch-budget-20.rank-accept_first.cut-entropy4.0.samples20.maxnew1024.seed10086.subtreePrefetch.vllm.log,accept_first,sample-017.block-00,17,0,True,85,3.8636363636363638
dataset-lcb_v6.model-gemma-12b.alpha4.0.steps100.blocks-1.prefetch-budget-20.rank-accept_first.cut-entropy4.0.samples20.maxnew1024.seed10086.subtreePrefetch.vllm.log,accept_first,sample-017.block-00,17,0,True,86,3.909090909090909
dataset-lcb_v6.model-gemma-12b.alpha4.0.steps100.blocks-1.prefetch-budget-20.rank-accept_first.cut-entropy4.0.samples20.maxnew1024.seed10086.subtreePrefetch.vllm.log,accept_first,sample-017.block-00,17,0,True,87,3.9545454545454546
dataset-lcb_v6.model-gemma-12b.alpha4.0.steps100.blocks-1.prefetch-budget-20.rank-accept_first.cut-entropy4.0.samples20.maxnew1024.seed10086.subtreePrefetch.vllm.log,accept_first,sample-017.block-00,17,0,True,88,3.8260869565217392
dataset-lcb_v6.model-gemma-12b.alpha4.0.steps100.blocks-1.prefetch-budget-20.rank-accept_first.cut-entropy4.0.samples20.maxnew1024.seed10086.subtreePrefetch.vllm.log,accept_first,sample-017.block-00,17,0,True,89,3.869565217391304
dataset-lcb_v6.model-gemma-12b.alpha4.0.steps100.blocks-1.prefetch-budget-20.rank-accept_first.cut-entropy4.0.samples20.maxnew1024.seed10086.subtreePrefetch.vllm.log,accept_first,sample-017.block-00,17,0,True,90,3.9130434782608696
dataset-lcb_v6.model-gemma-12b.alpha4.0.steps100.blocks-1.prefetch-budget-20.rank-accept_first.cut-entropy4.0.samples20.maxnew1024.seed10086.subtreePrefetch.vllm.log,accept_first,sample-017.block-00,17,0,True,91,3.9565217391304346
dataset-lcb_v6.model-gemma-12b.alpha4.0.steps100.blocks-1.prefetch-budget-20.rank-accept_first.cut-entropy4.0.samples20.maxnew1024.seed10086.subtreePrefetch.vllm.log,accept_first,sample-017.block-00,17,0,True,92,4.0
dataset-lcb_v6.model-gemma-12b.alpha4.0.steps100.blocks-1.prefetch-budget-20.rank-accept_first.cut-entropy4.0.samples20.maxnew1024.seed10086.subtreePrefetch.vllm.log,accept_first,sample-017.block-00,17,0,True,93,4.043478260869565
dataset-lcb_v6.model-gemma-12b.alpha4.0.steps100.blocks-1.prefetch-budget-20.rank-accept_first.cut-entropy4.0.samples20.maxnew1024.seed10086.subtreePrefetch.vllm.log,accept_first,sample-017.block-00,17,0,True,94,4.086956521739131
dataset-lcb_v6.model-gemma-12b.alpha4.0.steps100.blocks-1.prefetch-budget-20.rank-accept_first.cut-entropy4.0.samples20.maxnew1024.seed10086.subtreePrefetch.vllm.log,accept_first,sample-017.block-00,17,0,True,95,4.130434782608695
dataset-lcb_v6.model-gemma-12b.alpha4.0.steps100.blocks-1.prefetch-budget-20.rank-accept_first.cut-entropy4.0.samples20.maxnew1024.seed10086.subtreePrefetch.vllm.log,accept_first,sample-017.block-00,17,0,True,96,4.173913043478261
dataset-lcb_v6.model-gemma-12b.alpha4.0.steps100.blocks-1.prefetch-budget-20.rank-accept_first.cut-entropy4.0.samples20.maxnew1024.seed10086.subtreePrefetch.vllm.log,accept_first,sample-017.block-00,17,0,True,97,4.217391304347826
dataset-lcb_v6.model-gemma-12b.alpha4.0.steps100.blocks-1.prefetch-budget-20.rank-accept_first.cut-entropy4.0.samples20.maxnew1024.seed10086.subtreePrefetch.vllm.log,accept_first,sample-017.block-00,17,0,True,98,4.083333333333333
dataset-lcb_v6.model-gemma-12b.alpha4.0.steps100.blocks-1.prefetch-budget-20.rank-accept_first.cut-entropy4.0.samples20.maxnew1024.seed10086.subtreePrefetch.vllm.log,accept_first,sample-017.block-00,17,0,True,99,4.125
dataset-lcb_v6.model-gemma-12b.alpha4.0.steps100.blocks-1.prefetch-budget-20.rank-accept_first.cut-entropy4.0.samples20.maxnew1024.seed10086.subtreePrefetch.vllm.log,accept_first,sample-017.block-00,17,0,True,100,4.0
dataset-lcb_v6.model-gemma-12b.alpha4.0.steps100.blocks-1.prefetch-budget-20.rank-accept_first.cut-entropy4.0.samples20.maxnew1024.seed10086.subtreePrefetch.vllm.log,accept_first,sample-018.block-00,18,0,True,1,1.0
dataset-lcb_v6.model-gemma-12b.alpha4.0.steps100.blocks-1.prefetch-budget-20.rank-accept_first.cut-entropy4.0.samples20.maxnew1024.seed10086.subtreePrefetch.vllm.log,accept_first,sample-018.block-00,18,0,True,2,2.0
dataset-lcb_v6.model-gemma-12b.alpha4.0.steps100.blocks-1.prefetch-budget-20.rank-accept_first.cut-entropy4.0.samples20.maxnew1024.seed10086.subtreePrefetch.vllm.log,accept_first,sample-018.block-00,18,0,True,3,3.0
dataset-lcb_v6.model-gemma-12b.alpha4.0.steps100.blocks-1.prefetch-budget-20.rank-accept_first.cut-entropy4.0.samples20.maxnew1024.seed10086.subtreePrefetch.vllm.log,accept_first,sample-018.block-00,18,0,True,4,4.0
dataset-lcb_v6.model-gemma-12b.alpha4.0.steps100.blocks-1.prefetch-budget-20.rank-accept_first.cut-entropy4.0.samples20.maxnew1024.seed10086.subtreePrefetch.vllm.log,accept_first,sample-018.block-00,18,0,True,5,5.0
dataset-lcb_v6.model-gemma-12b.alpha4.0.steps100.blocks-1.prefetch-budget-20.rank-accept_first.cut-entropy4.0.samples20.maxnew1024.seed10086.subtreePrefetch.vllm.log,accept_first,sample-018.block-00,18,0,True,6,3.0
dataset-lcb_v6.model-gemma-12b.alpha4.0.steps100.blocks-1.prefetch-budget-20.rank-accept_first.cut-entropy4.0.samples20.maxnew1024.seed10086.subtreePrefetch.vllm.log,accept_first,sample-018.block-00,18,0,True,7,3.5
dataset-lcb_v6.model-gemma-12b.alpha4.0.steps100.blocks-1.prefetch-budget-20.rank-accept_first.cut-entropy4.0.samples20.maxnew1024.seed10086.subtreePrefetch.vllm.log,accept_first,sample-018.block-00,18,0,True,8,4.0
dataset-lcb_v6.model-gemma-12b.alpha4.0.steps100.blocks-1.prefetch-budget-20.rank-accept_first.cut-entropy4.0.samples20.maxnew1024.seed10086.subtreePrefetch.vllm.log,accept_first,sample-018.block-00,18,0,True,9,3.0
dataset-lcb_v6.model-gemma-12b.alpha4.0.steps100.blocks-1.prefetch-budget-20.rank-accept_first.cut-entropy4.0.samples20.maxnew1024.seed10086.subtreePrefetch.vllm.log,accept_first,sample-018.block-00,18,0,True,10,3.3333333333333335
dataset-lcb_v6.model-gemma-12b.alpha4.0.steps100.blocks-1.prefetch-budget-20.rank-accept_first.cut-entropy4.0.samples20.maxnew1024.seed10086.subtreePrefetch.vllm.log,accept_first,sample-018.block-00,18,0,True,11,3.6666666666666665
dataset-lcb_v6.model-gemma-12b.alpha4.0.steps100.blocks-1.prefetch-budget-20.rank-accept_first.cut-entropy4.0.samples20.maxnew1024.seed10086.subtreePrefetch.vllm.log,accept_first,sample-018.block-00,18,0,True,12,4.0
dataset-lcb_v6.model-gemma-12b.alpha4.0.steps100.blocks-1.prefetch-budget-20.rank-accept_first.cut-entropy4.0.samples20.maxnew1024.seed10086.subtreePrefetch.vllm.log,accept_first,sample-018.block-00,18,0,True,13,3.25
dataset-lcb_v6.model-gemma-12b.alpha4.0.steps100.blocks-1.prefetch-budget-20.rank-accept_first.cut-entropy4.0.samples20.maxnew1024.seed10086.subtreePrefetch.vllm.log,accept_first,sample-018.block-00,18,0,True,14,3.5
dataset-lcb_v6.model-gemma-12b.alpha4.0.steps100.blocks-1.prefetch-budget-20.rank-accept_first.cut-entropy4.0.samples20.maxnew1024.seed10086.subtreePrefetch.vllm.log,accept_first,sample-018.block-00,18,0,True,15,3.0
dataset-lcb_v6.model-gemma-12b.alpha4.0.steps100.blocks-1.prefetch-budget-20.rank-accept_first.cut-entropy4.0.samples20.maxnew1024.seed10086.subtreePrefetch.vllm.log,accept_first,sample-018.block-00,18,0,True,16,3.2
dataset-lcb_v6.model-gemma-12b.alpha4.0.steps100.blocks-1.prefetch-budget-20.rank-accept_first.cut-entropy4.0.samples20.maxnew1024.seed10086.subtreePrefetch.vllm.log,accept_first,sample-018.block-00,18,0,True,17,3.4
dataset-lcb_v6.model-gemma-12b.alpha4.0.steps100.blocks-1.prefetch-budget-20.rank-accept_first.cut-entropy4.0.samples20.maxnew1024.seed10086.subtreePrefetch.vllm.log,accept_first,sample-018.block-00,18,0,True,18,3.0
dataset-lcb_v6.model-gemma-12b.alpha4.0.steps100.blocks-1.prefetch-budget-20.rank-accept_first.cut-entropy4.0.samples20.maxnew1024.seed10086.subtreePrefetch.vllm.log,accept_first,sample-018.block-00,18,0,True,19,3.1666666666666665
dataset-lcb_v6.model-gemma-12b.alpha4.0.steps100.blocks-1.prefetch-budget-20.rank-accept_first.cut-entropy4.0.samples20.maxnew1024.seed10086.subtreePrefetch.vllm.log,accept_first,sample-018.block-00,18,0,True,20,3.3333333333333335
dataset-lcb_v6.model-gemma-12b.alpha4.0.steps100.blocks-1.prefetch-budget-20.rank-accept_first.cut-entropy4.0.samples20.maxnew1024.seed10086.subtreePrefetch.vllm.log,accept_first,sample-018.block-00,18,0,True,21,3.5
dataset-lcb_v6.model-gemma-12b.alpha4.0.steps100.blocks-1.prefetch-budget-20.rank-accept_first.cut-entropy4.0.samples20.maxnew1024.seed10086.subtreePrefetch.vllm.log,accept_first,sample-018.block-00,18,0,True,22,3.142857142857143
dataset-lcb_v6.model-gemma-12b.alpha4.0.steps100.blocks-1.prefetch-budget-20.rank-accept_first.cut-entropy4.0.samples20.maxnew1024.seed10086.subtreePrefetch.vllm.log,accept_first,sample-018.block-00,18,0,True,23,3.2857142857142856
dataset-lcb_v6.model-gemma-12b.alpha4.0.steps100.blocks-1.prefetch-budget-20.rank-accept_first.cut-entropy4.0.samples20.maxnew1024.seed10086.subtreePrefetch.vllm.log,accept_first,sample-018.block-00,18,0,True,24,3.0
dataset-lcb_v6.model-gemma-12b.alpha4.0.steps100.blocks-1.prefetch-budget-20.rank-accept_first.cut-entropy4.0.samples20.maxnew1024.seed10086.subtreePrefetch.vllm.log,accept_first,sample-018.block-00,18,0,True,25,3.125
dataset-lcb_v6.model-gemma-12b.alpha4.0.steps100.blocks-1.prefetch-budget-20.rank-accept_first.cut-entropy4.0.samples20.maxnew1024.seed10086.subtreePrefetch.vllm.log,accept_first,sample-018.block-00,18,0,True,26,3.25
dataset-lcb_v6.model-gemma-12b.alpha4.0.steps100.blocks-1.prefetch-budget-20.rank-accept_first.cut-entropy4.0.samples20.maxnew1024.seed10086.subtreePrefetch.vllm.log,accept_first,sample-018.block-00,18,0,True,27,3.0
dataset-lcb_v6.model-gemma-12b.alpha4.0.steps100.blocks-1.prefetch-budget-20.rank-accept_first.cut-entropy4.0.samples20.maxnew1024.seed10086.subtreePrefetch.vllm.log,accept_first,sample-018.block-00,18,0,True,28,2.8
dataset-lcb_v6.model-gemma-12b.alpha4.0.steps100.blocks-1.prefetch-budget-20.rank-accept_first.cut-entropy4.0.samples20.maxnew1024.seed10086.subtreePrefetch.vllm.log,accept_first,sample-018.block-00,18,0,True,29,2.9
dataset-lcb_v6.model-gemma-12b.alpha4.0.steps100.blocks-1.prefetch-budget-20.rank-accept_first.cut-entropy4.0.samples20.maxnew1024.seed10086.subtreePrefetch.vllm.log,accept_first,sample-018.block-00,18,0,True,30,2.727272727272727
dataset-lcb_v6.model-gemma-12b.alpha4.0.steps100.blocks-1.prefetch-budget-20.rank-accept_first.cut-entropy4.0.samples20.maxnew1024.seed10086.subtreePrefetch.vllm.log,accept_first,sample-018.block-00,18,0,True,31,2.8181818181818183
dataset-lcb_v6.model-gemma-12b.alpha4.0.steps100.blocks-1.prefetch-budget-20.rank-accept_first.cut-entropy4.0.samples20.maxnew1024.seed10086.subtreePrefetch.vllm.log,accept_first,sample-018.block-00,18,0,True,32,2.909090909090909
dataset-lcb_v6.model-gemma-12b.alpha4.0.steps100.blocks-1.prefetch-budget-20.rank-accept_first.cut-entropy4.0.samples20.maxnew1024.seed10086.subtreePrefetch.vllm.log,accept_first,sample-018.block-00,18,0,True,33,3.0
dataset-lcb_v6.model-gemma-12b.alpha4.0.steps100.blocks-1.prefetch-budget-20.rank-accept_first.cut-entropy4.0.samples20.maxnew1024.seed10086.subtreePrefetch.vllm.log,accept_first,sample-018.block-00,18,0,True,34,3.090909090909091
dataset-lcb_v6.model-gemma-12b.alpha4.0.steps100.blocks-1.prefetch-budget-20.rank-accept_first.cut-entropy4.0.samples20.maxnew1024.seed10086.subtreePrefetch.vllm.log,accept_first,sample-018.block-00,18,0,True,35,3.1818181818181817
dataset-lcb_v6.model-gemma-12b.alpha4.0.steps100.blocks-1.prefetch-budget-20.rank-accept_first.cut-entropy4.0.samples20.maxnew1024.seed10086.subtreePrefetch.vllm.log,accept_first,sample-018.block-00,18,0,True,36,3.272727272727273
dataset-lcb_v6.model-gemma-12b.alpha4.0.steps100.blocks-1.prefetch-budget-20.rank-accept_first.cut-entropy4.0.samples20.maxnew1024.seed10086.subtreePrefetch.vllm.log,accept_first,sample-018.block-00,18,0,True,37,3.0833333333333335
dataset-lcb_v6.model-gemma-12b.alpha4.0.steps100.blocks-1.prefetch-budget-20.rank-accept_first.cut-entropy4.0.samples20.maxnew1024.seed10086.subtreePrefetch.vllm.log,accept_first,sample-018.block-00,18,0,True,38,3.1666666666666665
dataset-lcb_v6.model-gemma-12b.alpha4.0.steps100.blocks-1.prefetch-budget-20.rank-accept_first.cut-entropy4.0.samples20.maxnew1024.seed10086.subtreePrefetch.vllm.log,accept_first,sample-018.block-00,18,0,True,39,3.0
dataset-lcb_v6.model-gemma-12b.alpha4.0.steps100.blocks-1.prefetch-budget-20.rank-accept_first.cut-entropy4.0.samples20.maxnew1024.seed10086.subtreePrefetch.vllm.log,accept_first,sample-018.block-00,18,0,True,40,2.857142857142857
dataset-lcb_v6.model-gemma-12b.alpha4.0.steps100.blocks-1.prefetch-budget-20.rank-accept_first.cut-entropy4.0.samples20.maxnew1024.seed10086.subtreePrefetch.vllm.log,accept_first,sample-018.block-00,18,0,True,41,2.9285714285714284
dataset-lcb_v6.model-gemma-12b.alpha4.0.steps100.blocks-1.prefetch-budget-20.rank-accept_first.cut-entropy4.0.samples20.maxnew1024.seed10086.subtreePrefetch.vllm.log,accept_first,sample-018.block-00,18,0,True,42,3.0
dataset-lcb_v6.model-gemma-12b.alpha4.0.steps100.blocks-1.prefetch-budget-20.rank-accept_first.cut-entropy4.0.samples20.maxnew1024.seed10086.subtreePrefetch.vllm.log,accept_first,sample-018.block-00,18,0,True,43,2.8666666666666667
dataset-lcb_v6.model-gemma-12b.alpha4.0.steps100.blocks-1.prefetch-budget-20.rank-accept_first.cut-entropy4.0.samples20.maxnew1024.seed10086.subtreePrefetch.vllm.log,accept_first,sample-018.block-00,18,0,True,44,2.933333333333333
dataset-lcb_v6.model-gemma-12b.alpha4.0.steps100.blocks-1.prefetch-budget-20.rank-accept_first.cut-entropy4.0.samples20.maxnew1024.seed10086.subtreePrefetch.vllm.log,accept_first,sample-018.block-00,18,0,True,45,2.8125
dataset-lcb_v6.model-gemma-12b.alpha4.0.steps100.blocks-1.prefetch-budget-20.rank-accept_first.cut-entropy4.0.samples20.maxnew1024.seed10086.subtreePrefetch.vllm.log,accept_first,sample-018.block-00,18,0,True,46,2.875
dataset-lcb_v6.model-gemma-12b.alpha4.0.steps100.blocks-1.prefetch-budget-20.rank-accept_first.cut-entropy4.0.samples20.maxnew1024.seed10086.subtreePrefetch.vllm.log,accept_first,sample-018.block-00,18,0,True,47,2.9375
dataset-lcb_v6.model-gemma-12b.alpha4.0.steps100.blocks-1.prefetch-budget-20.rank-accept_first.cut-entropy4.0.samples20.maxnew1024.seed10086.subtreePrefetch.vllm.log,accept_first,sample-018.block-00,18,0,True,48,2.823529411764706
dataset-lcb_v6.model-gemma-12b.alpha4.0.steps100.blocks-1.prefetch-budget-20.rank-accept_first.cut-entropy4.0.samples20.maxnew1024.seed10086.subtreePrefetch.vllm.log,accept_first,sample-018.block-00,18,0,True,49,2.8823529411764706
dataset-lcb_v6.model-gemma-12b.alpha4.0.steps100.blocks-1.prefetch-budget-20.rank-accept_first.cut-entropy4.0.samples20.maxnew1024.seed10086.subtreePrefetch.vllm.log,accept_first,sample-018.block-00,18,0,True,50,2.9411764705882355
dataset-lcb_v6.model-gemma-12b.alpha4.0.steps100.blocks-1.prefetch-budget-20.rank-accept_first.cut-entropy4.0.samples20.maxnew1024.seed10086.subtreePrefetch.vllm.log,accept_first,sample-018.block-00,18,0,True,51,3.0
dataset-lcb_v6.model-gemma-12b.alpha4.0.steps100.blocks-1.prefetch-budget-20.rank-accept_first.cut-entropy4.0.samples20.maxnew1024.seed10086.subtreePrefetch.vllm.log,accept_first,sample-018.block-00,18,0,True,52,3.0588235294117645
dataset-lcb_v6.model-gemma-12b.alpha4.0.steps100.blocks-1.prefetch-budget-20.rank-accept_first.cut-entropy4.0.samples20.maxnew1024.seed10086.subtreePrefetch.vllm.log,accept_first,sample-018.block-00,18,0,True,53,2.9444444444444446
dataset-lcb_v6.model-gemma-12b.alpha4.0.steps100.blocks-1.prefetch-budget-20.rank-accept_first.cut-entropy4.0.samples20.maxnew1024.seed10086.subtreePrefetch.vllm.log,accept_first,sample-018.block-00,18,0,True,54,3.0
dataset-lcb_v6.model-gemma-12b.alpha4.0.steps100.blocks-1.prefetch-budget-20.rank-accept_first.cut-entropy4.0.samples20.maxnew1024.seed10086.subtreePrefetch.vllm.log,accept_first,sample-018.block-00,18,0,True,55,2.8947368421052633
dataset-lcb_v6.model-gemma-12b.alpha4.0.steps100.blocks-1.prefetch-budget-20.rank-accept_first.cut-entropy4.0.samples20.maxnew1024.seed10086.subtreePrefetch.vllm.log,accept_first,sample-018.block-00,18,0,True,56,2.9473684210526314
dataset-lcb_v6.model-gemma-12b.alpha4.0.steps100.blocks-1.prefetch-budget-20.rank-accept_first.cut-entropy4.0.samples20.maxnew1024.seed10086.subtreePrefetch.vllm.log,accept_first,sample-018.block-00,18,0,True,57,3.0
dataset-lcb_v6.model-gemma-12b.alpha4.0.steps100.blocks-1.prefetch-budget-20.rank-accept_first.cut-entropy4.0.samples20.maxnew1024.seed10086.subtreePrefetch.vllm.log,accept_first,sample-018.block-00,18,0,True,58,2.9
dataset-lcb_v6.model-gemma-12b.alpha4.0.steps100.blocks-1.prefetch-budget-20.rank-accept_first.cut-entropy4.0.samples20.maxnew1024.seed10086.subtreePrefetch.vllm.log,accept_first,sample-018.block-00,18,0,True,59,2.8095238095238093
dataset-lcb_v6.model-gemma-12b.alpha4.0.steps100.blocks-1.prefetch-budget-20.rank-accept_first.cut-entropy4.0.samples20.maxnew1024.seed10086.subtreePrefetch.vllm.log,accept_first,sample-018.block-00,18,0,True,60,2.857142857142857
dataset-lcb_v6.model-gemma-12b.alpha4.0.steps100.blocks-1.prefetch-budget-20.rank-accept_first.cut-entropy4.0.samples20.maxnew1024.seed10086.subtreePrefetch.vllm.log,accept_first,sample-018.block-00,18,0,True,61,2.9047619047619047
dataset-lcb_v6.model-gemma-12b.alpha4.0.steps100.blocks-1.prefetch-budget-20.rank-accept_first.cut-entropy4.0.samples20.maxnew1024.seed10086.subtreePrefetch.vllm.log,accept_first,sample-018.block-00,18,0,True,62,2.9523809523809526
dataset-lcb_v6.model-gemma-12b.alpha4.0.steps100.blocks-1.prefetch-budget-20.rank-accept_first.cut-entropy4.0.samples20.maxnew1024.seed10086.subtreePrefetch.vllm.log,accept_first,sample-018.block-00,18,0,True,63,3.0
dataset-lcb_v6.model-gemma-12b.alpha4.0.steps100.blocks-1.prefetch-budget-20.rank-accept_first.cut-entropy4.0.samples20.maxnew1024.seed10086.subtreePrefetch.vllm.log,accept_first,sample-018.block-00,18,0,True,64,2.909090909090909
dataset-lcb_v6.model-gemma-12b.alpha4.0.steps100.blocks-1.prefetch-budget-20.rank-accept_first.cut-entropy4.0.samples20.maxnew1024.seed10086.subtreePrefetch.vllm.log,accept_first,sample-018.block-00,18,0,True,65,2.9545454545454546
dataset-lcb_v6.model-gemma-12b.alpha4.0.steps100.blocks-1.prefetch-budget-20.rank-accept_first.cut-entropy4.0.samples20.maxnew1024.seed10086.subtreePrefetch.vllm.log,accept_first,sample-018.block-00,18,0,True,66,2.869565217391304
dataset-lcb_v6.model-gemma-12b.alpha4.0.steps100.blocks-1.prefetch-budget-20.rank-accept_first.cut-entropy4.0.samples20.maxnew1024.seed10086.subtreePrefetch.vllm.log,accept_first,sample-018.block-00,18,0,True,67,2.9130434782608696
dataset-lcb_v6.model-gemma-12b.alpha4.0.steps100.blocks-1.prefetch-budget-20.rank-accept_first.cut-entropy4.0.samples20.maxnew1024.seed10086.subtreePrefetch.vllm.log,accept_first,sample-018.block-00,18,0,True,68,2.9565217391304346
dataset-lcb_v6.model-gemma-12b.alpha4.0.steps100.blocks-1.prefetch-budget-20.rank-accept_first.cut-entropy4.0.samples20.maxnew1024.seed10086.subtreePrefetch.vllm.log,accept_first,sample-018.block-00,18,0,True,69,3.0
dataset-lcb_v6.model-gemma-12b.alpha4.0.steps100.blocks-1.prefetch-budget-20.rank-accept_first.cut-entropy4.0.samples20.maxnew1024.seed10086.subtreePrefetch.vllm.log,accept_first,sample-018.block-00,18,0,True,70,2.9166666666666665
dataset-lcb_v6.model-gemma-12b.alpha4.0.steps100.blocks-1.prefetch-budget-20.rank-accept_first.cut-entropy4.0.samples20.maxnew1024.seed10086.subtreePrefetch.vllm.log,accept_first,sample-018.block-00,18,0,True,71,2.9583333333333335
dataset-lcb_v6.model-gemma-12b.alpha4.0.steps100.blocks-1.prefetch-budget-20.rank-accept_first.cut-entropy4.0.samples20.maxnew1024.seed10086.subtreePrefetch.vllm.log,accept_first,sample-018.block-00,18,0,True,72,3.0
dataset-lcb_v6.model-gemma-12b.alpha4.0.steps100.blocks-1.prefetch-budget-20.rank-accept_first.cut-entropy4.0.samples20.maxnew1024.seed10086.subtreePrefetch.vllm.log,accept_first,sample-018.block-00,18,0,True,73,3.0416666666666665
dataset-lcb_v6.model-gemma-12b.alpha4.0.steps100.blocks-1.prefetch-budget-20.rank-accept_first.cut-entropy4.0.samples20.maxnew1024.seed10086.subtreePrefetch.vllm.log,accept_first,sample-018.block-00,18,0,True,74,2.96
dataset-lcb_v6.model-gemma-12b.alpha4.0.steps100.blocks-1.prefetch-budget-20.rank-accept_first.cut-entropy4.0.samples20.maxnew1024.seed10086.subtreePrefetch.vllm.log,accept_first,sample-018.block-00,18,0,True,75,2.8846153846153846
dataset-lcb_v6.model-gemma-12b.alpha4.0.steps100.blocks-1.prefetch-budget-20.rank-accept_first.cut-entropy4.0.samples20.maxnew1024.seed10086.subtreePrefetch.vllm.log,accept_first,sample-018.block-00,18,0,True,76,2.923076923076923
dataset-lcb_v6.model-gemma-12b.alpha4.0.steps100.blocks-1.prefetch-budget-20.rank-accept_first.cut-entropy4.0.samples20.maxnew1024.seed10086.subtreePrefetch.vllm.log,accept_first,sample-018.block-00,18,0,True,77,2.8518518518518516
dataset-lcb_v6.model-gemma-12b.alpha4.0.steps100.blocks-1.prefetch-budget-20.rank-accept_first.cut-entropy4.0.samples20.maxnew1024.seed10086.subtreePrefetch.vllm.log,accept_first,sample-018.block-00,18,0,True,78,2.888888888888889
dataset-lcb_v6.model-gemma-12b.alpha4.0.steps100.blocks-1.prefetch-budget-20.rank-accept_first.cut-entropy4.0.samples20.maxnew1024.seed10086.subtreePrefetch.vllm.log,accept_first,sample-018.block-00,18,0,True,79,2.8214285714285716
dataset-lcb_v6.model-gemma-12b.alpha4.0.steps100.blocks-1.prefetch-budget-20.rank-accept_first.cut-entropy4.0.samples20.maxnew1024.seed10086.subtreePrefetch.vllm.log,accept_first,sample-018.block-00,18,0,True,80,2.857142857142857
dataset-lcb_v6.model-gemma-12b.alpha4.0.steps100.blocks-1.prefetch-budget-20.rank-accept_first.cut-entropy4.0.samples20.maxnew1024.seed10086.subtreePrefetch.vllm.log,accept_first,sample-018.block-00,18,0,True,81,2.892857142857143
dataset-lcb_v6.model-gemma-12b.alpha4.0.steps100.blocks-1.prefetch-budget-20.rank-accept_first.cut-entropy4.0.samples20.maxnew1024.seed10086.subtreePrefetch.vllm.log,accept_first,sample-018.block-00,18,0,True,82,2.9285714285714284
dataset-lcb_v6.model-gemma-12b.alpha4.0.steps100.blocks-1.prefetch-budget-20.rank-accept_first.cut-entropy4.0.samples20.maxnew1024.seed10086.subtreePrefetch.vllm.log,accept_first,sample-018.block-00,18,0,True,83,2.8620689655172415
dataset-lcb_v6.model-gemma-12b.alpha4.0.steps100.blocks-1.prefetch-budget-20.rank-accept_first.cut-entropy4.0.samples20.maxnew1024.seed10086.subtreePrefetch.vllm.log,accept_first,sample-018.block-00,18,0,True,84,2.896551724137931
dataset-lcb_v6.model-gemma-12b.alpha4.0.steps100.blocks-1.prefetch-budget-20.rank-accept_first.cut-entropy4.0.samples20.maxnew1024.seed10086.subtreePrefetch.vllm.log,accept_first,sample-018.block-00,18,0,True,85,2.9310344827586206
dataset-lcb_v6.model-gemma-12b.alpha4.0.steps100.blocks-1.prefetch-budget-20.rank-accept_first.cut-entropy4.0.samples20.maxnew1024.seed10086.subtreePrefetch.vllm.log,accept_first,sample-018.block-00,18,0,True,86,2.9655172413793105
dataset-lcb_v6.model-gemma-12b.alpha4.0.steps100.blocks-1.prefetch-budget-20.rank-accept_first.cut-entropy4.0.samples20.maxnew1024.seed10086.subtreePrefetch.vllm.log,accept_first,sample-018.block-00,18,0,True,87,3.0
dataset-lcb_v6.model-gemma-12b.alpha4.0.steps100.blocks-1.prefetch-budget-20.rank-accept_first.cut-entropy4.0.samples20.maxnew1024.seed10086.subtreePrefetch.vllm.log,accept_first,sample-018.block-00,18,0,True,88,3.0344827586206895
dataset-lcb_v6.model-gemma-12b.alpha4.0.steps100.blocks-1.prefetch-budget-20.rank-accept_first.cut-entropy4.0.samples20.maxnew1024.seed10086.subtreePrefetch.vllm.log,accept_first,sample-018.block-00,18,0,True,89,3.0689655172413794
dataset-lcb_v6.model-gemma-12b.alpha4.0.steps100.blocks-1.prefetch-budget-20.rank-accept_first.cut-entropy4.0.samples20.maxnew1024.seed10086.subtreePrefetch.vllm.log,accept_first,sample-018.block-00,18,0,True,90,3.0
dataset-lcb_v6.model-gemma-12b.alpha4.0.steps100.blocks-1.prefetch-budget-20.rank-accept_first.cut-entropy4.0.samples20.maxnew1024.seed10086.subtreePrefetch.vllm.log,accept_first,sample-018.block-00,18,0,True,91,3.033333333333333
dataset-lcb_v6.model-gemma-12b.alpha4.0.steps100.blocks-1.prefetch-budget-20.rank-accept_first.cut-entropy4.0.samples20.maxnew1024.seed10086.subtreePrefetch.vllm.log,accept_first,sample-018.block-00,18,0,True,92,2.967741935483871
dataset-lcb_v6.model-gemma-12b.alpha4.0.steps100.blocks-1.prefetch-budget-20.rank-accept_first.cut-entropy4.0.samples20.maxnew1024.seed10086.subtreePrefetch.vllm.log,accept_first,sample-018.block-00,18,0,True,93,3.0
dataset-lcb_v6.model-gemma-12b.alpha4.0.steps100.blocks-1.prefetch-budget-20.rank-accept_first.cut-entropy4.0.samples20.maxnew1024.seed10086.subtreePrefetch.vllm.log,accept_first,sample-018.block-00,18,0,True,94,3.032258064516129
dataset-lcb_v6.model-gemma-12b.alpha4.0.steps100.blocks-1.prefetch-budget-20.rank-accept_first.cut-entropy4.0.samples20.maxnew1024.seed10086.subtreePrefetch.vllm.log,accept_first,sample-018.block-00,18,0,True,95,3.064516129032258
dataset-lcb_v6.model-gemma-12b.alpha4.0.steps100.blocks-1.prefetch-budget-20.rank-accept_first.cut-entropy4.0.samples20.maxnew1024.seed10086.subtreePrefetch.vllm.log,accept_first,sample-018.block-00,18,0,True,96,3.0
dataset-lcb_v6.model-gemma-12b.alpha4.0.steps100.blocks-1.prefetch-budget-20.rank-accept_first.cut-entropy4.0.samples20.maxnew1024.seed10086.subtreePrefetch.vllm.log,accept_first,sample-018.block-00,18,0,True,97,3.03125
dataset-lcb_v6.model-gemma-12b.alpha4.0.steps100.blocks-1.prefetch-budget-20.rank-accept_first.cut-entropy4.0.samples20.maxnew1024.seed10086.subtreePrefetch.vllm.log,accept_first,sample-018.block-00,18,0,True,98,2.9696969696969697
dataset-lcb_v6.model-gemma-12b.alpha4.0.steps100.blocks-1.prefetch-budget-20.rank-accept_first.cut-entropy4.0.samples20.maxnew1024.seed10086.subtreePrefetch.vllm.log,accept_first,sample-018.block-00,18,0,True,99,3.0
dataset-lcb_v6.model-gemma-12b.alpha4.0.steps100.blocks-1.prefetch-budget-20.rank-accept_first.cut-entropy4.0.samples20.maxnew1024.seed10086.subtreePrefetch.vllm.log,accept_first,sample-018.block-00,18,0,True,100,2.9411764705882355
dataset-lcb_v6.model-gemma-12b.alpha4.0.steps100.blocks-1.prefetch-budget-20.rank-accept_first.cut-entropy4.0.samples20.maxnew1024.seed10086.subtreePrefetch.vllm.log,accept_first,sample-019.block-00,19,0,True,1,1.0
dataset-lcb_v6.model-gemma-12b.alpha4.0.steps100.blocks-1.prefetch-budget-20.rank-accept_first.cut-entropy4.0.samples20.maxnew1024.seed10086.subtreePrefetch.vllm.log,accept_first,sample-019.block-00,19,0,True,2,2.0
dataset-lcb_v6.model-gemma-12b.alpha4.0.steps100.blocks-1.prefetch-budget-20.rank-accept_first.cut-entropy4.0.samples20.maxnew1024.seed10086.subtreePrefetch.vllm.log,accept_first,sample-019.block-00,19,0,True,3,1.5
dataset-lcb_v6.model-gemma-12b.alpha4.0.steps100.blocks-1.prefetch-budget-20.rank-accept_first.cut-entropy4.0.samples20.maxnew1024.seed10086.subtreePrefetch.vllm.log,accept_first,sample-019.block-00,19,0,True,4,1.3333333333333333
dataset-lcb_v6.model-gemma-12b.alpha4.0.steps100.blocks-1.prefetch-budget-20.rank-accept_first.cut-entropy4.0.samples20.maxnew1024.seed10086.subtreePrefetch.vllm.log,accept_first,sample-019.block-00,19,0,True,5,1.6666666666666667
dataset-lcb_v6.model-gemma-12b.alpha4.0.steps100.blocks-1.prefetch-budget-20.rank-accept_first.cut-entropy4.0.samples20.maxnew1024.seed10086.subtreePrefetch.vllm.log,accept_first,sample-019.block-00,19,0,True,6,2.0
dataset-lcb_v6.model-gemma-12b.alpha4.0.steps100.blocks-1.prefetch-budget-20.rank-accept_first.cut-entropy4.0.samples20.maxnew1024.seed10086.subtreePrefetch.vllm.log,accept_first,sample-019.block-00,19,0,True,7,1.75
dataset-lcb_v6.model-gemma-12b.alpha4.0.steps100.blocks-1.prefetch-budget-20.rank-accept_first.cut-entropy4.0.samples20.maxnew1024.seed10086.subtreePrefetch.vllm.log,accept_first,sample-019.block-00,19,0,True,8,1.6
dataset-lcb_v6.model-gemma-12b.alpha4.0.steps100.blocks-1.prefetch-budget-20.rank-accept_first.cut-entropy4.0.samples20.maxnew1024.seed10086.subtreePrefetch.vllm.log,accept_first,sample-019.block-00,19,0,True,9,1.8
dataset-lcb_v6.model-gemma-12b.alpha4.0.steps100.blocks-1.prefetch-budget-20.rank-accept_first.cut-entropy4.0.samples20.maxnew1024.seed10086.subtreePrefetch.vllm.log,accept_first,sample-019.block-00,19,0,True,10,1.6666666666666667
dataset-lcb_v6.model-gemma-12b.alpha4.0.steps100.blocks-1.prefetch-budget-20.rank-accept_first.cut-entropy4.0.samples20.maxnew1024.seed10086.subtreePrefetch.vllm.log,accept_first,sample-019.block-00,19,0,True,11,1.8333333333333333
dataset-lcb_v6.model-gemma-12b.alpha4.0.steps100.blocks-1.prefetch-budget-20.rank-accept_first.cut-entropy4.0.samples20.maxnew1024.seed10086.subtreePrefetch.vllm.log,accept_first,sample-019.block-00,19,0,True,12,1.7142857142857142
dataset-lcb_v6.model-gemma-12b.alpha4.0.steps100.blocks-1.prefetch-budget-20.rank-accept_first.cut-entropy4.0.samples20.maxnew1024.seed10086.subtreePrefetch.vllm.log,accept_first,sample-019.block-00,19,0,True,13,1.8571428571428572
dataset-lcb_v6.model-gemma-12b.alpha4.0.steps100.blocks-1.prefetch-budget-20.rank-accept_first.cut-entropy4.0.samples20.maxnew1024.seed10086.subtreePrefetch.vllm.log,accept_first,sample-019.block-00,19,0,True,14,1.75
dataset-lcb_v6.model-gemma-12b.alpha4.0.steps100.blocks-1.prefetch-budget-20.rank-accept_first.cut-entropy4.0.samples20.maxnew1024.seed10086.subtreePrefetch.vllm.log,accept_first,sample-019.block-00,19,0,True,15,1.6666666666666667
dataset-lcb_v6.model-gemma-12b.alpha4.0.steps100.blocks-1.prefetch-budget-20.rank-accept_first.cut-entropy4.0.samples20.maxnew1024.seed10086.subtreePrefetch.vllm.log,accept_first,sample-019.block-00,19,0,True,16,1.6
dataset-lcb_v6.model-gemma-12b.alpha4.0.steps100.blocks-1.prefetch-budget-20.rank-accept_first.cut-entropy4.0.samples20.maxnew1024.seed10086.subtreePrefetch.vllm.log,accept_first,sample-019.block-00,19,0,True,17,1.5454545454545454
dataset-lcb_v6.model-gemma-12b.alpha4.0.steps100.blocks-1.prefetch-budget-20.rank-accept_first.cut-entropy4.0.samples20.maxnew1024.seed10086.subtreePrefetch.vllm.log,accept_first,sample-019.block-00,19,0,True,18,1.6363636363636365
dataset-lcb_v6.model-gemma-12b.alpha4.0.steps100.blocks-1.prefetch-budget-20.rank-accept_first.cut-entropy4.0.samples20.maxnew1024.seed10086.subtreePrefetch.vllm.log,accept_first,sample-019.block-00,19,0,True,19,1.5833333333333333
dataset-lcb_v6.model-gemma-12b.alpha4.0.steps100.blocks-1.prefetch-budget-20.rank-accept_first.cut-entropy4.0.samples20.maxnew1024.seed10086.subtreePrefetch.vllm.log,accept_first,sample-019.block-00,19,0,True,20,1.5384615384615385
dataset-lcb_v6.model-gemma-12b.alpha4.0.steps100.blocks-1.prefetch-budget-20.rank-accept_first.cut-entropy4.0.samples20.maxnew1024.seed10086.subtreePrefetch.vllm.log,accept_first,sample-019.block-00,19,0,True,21,1.5
dataset-lcb_v6.model-gemma-12b.alpha4.0.steps100.blocks-1.prefetch-budget-20.rank-accept_first.cut-entropy4.0.samples20.maxnew1024.seed10086.subtreePrefetch.vllm.log,accept_first,sample-019.block-00,19,0,True,22,1.5714285714285714
dataset-lcb_v6.model-gemma-12b.alpha4.0.steps100.blocks-1.prefetch-budget-20.rank-accept_first.cut-entropy4.0.samples20.maxnew1024.seed10086.subtreePrefetch.vllm.log,accept_first,sample-019.block-00,19,0,True,23,1.5333333333333334
dataset-lcb_v6.model-gemma-12b.alpha4.0.steps100.blocks-1.prefetch-budget-20.rank-accept_first.cut-entropy4.0.samples20.maxnew1024.seed10086.subtreePrefetch.vllm.log,accept_first,sample-019.block-00,19,0,True,24,1.5
dataset-lcb_v6.model-gemma-12b.alpha4.0.steps100.blocks-1.prefetch-budget-20.rank-accept_first.cut-entropy4.0.samples20.maxnew1024.seed10086.subtreePrefetch.vllm.log,accept_first,sample-019.block-00,19,0,True,25,1.5625
dataset-lcb_v6.model-gemma-12b.alpha4.0.steps100.blocks-1.prefetch-budget-20.rank-accept_first.cut-entropy4.0.samples20.maxnew1024.seed10086.subtreePrefetch.vllm.log,accept_first,sample-019.block-00,19,0,True,26,1.625
dataset-lcb_v6.model-gemma-12b.alpha4.0.steps100.blocks-1.prefetch-budget-20.rank-accept_first.cut-entropy4.0.samples20.maxnew1024.seed10086.subtreePrefetch.vllm.log,accept_first,sample-019.block-00,19,0,True,27,1.6875
dataset-lcb_v6.model-gemma-12b.alpha4.0.steps100.blocks-1.prefetch-budget-20.rank-accept_first.cut-entropy4.0.samples20.maxnew1024.seed10086.subtreePrefetch.vllm.log,accept_first,sample-019.block-00,19,0,True,28,1.6470588235294117
dataset-lcb_v6.model-gemma-12b.alpha4.0.steps100.blocks-1.prefetch-budget-20.rank-accept_first.cut-entropy4.0.samples20.maxnew1024.seed10086.subtreePrefetch.vllm.log,accept_first,sample-019.block-00,19,0,True,29,1.6111111111111112
dataset-lcb_v6.model-gemma-12b.alpha4.0.steps100.blocks-1.prefetch-budget-20.rank-accept_first.cut-entropy4.0.samples20.maxnew1024.seed10086.subtreePrefetch.vllm.log,accept_first,sample-019.block-00,19,0,True,30,1.5789473684210527
dataset-lcb_v6.model-gemma-12b.alpha4.0.steps100.blocks-1.prefetch-budget-20.rank-accept_first.cut-entropy4.0.samples20.maxnew1024.seed10086.subtreePrefetch.vllm.log,accept_first,sample-019.block-00,19,0,True,31,1.631578947368421
dataset-lcb_v6.model-gemma-12b.alpha4.0.steps100.blocks-1.prefetch-budget-20.rank-accept_first.cut-entropy4.0.samples20.maxnew1024.seed10086.subtreePrefetch.vllm.log,accept_first,sample-019.block-00,19,0,True,32,1.6842105263157894
dataset-lcb_v6.model-gemma-12b.alpha4.0.steps100.blocks-1.prefetch-budget-20.rank-accept_first.cut-entropy4.0.samples20.maxnew1024.seed10086.subtreePrefetch.vllm.log,accept_first,sample-019.block-00,19,0,True,33,1.736842105263158
dataset-lcb_v6.model-gemma-12b.alpha4.0.steps100.blocks-1.prefetch-budget-20.rank-accept_first.cut-entropy4.0.samples20.maxnew1024.seed10086.subtreePrefetch.vllm.log,accept_first,sample-019.block-00,19,0,True,34,1.7
dataset-lcb_v6.model-gemma-12b.alpha4.0.steps100.blocks-1.prefetch-budget-20.rank-accept_first.cut-entropy4.0.samples20.maxnew1024.seed10086.subtreePrefetch.vllm.log,accept_first,sample-019.block-00,19,0,True,35,1.75
dataset-lcb_v6.model-gemma-12b.alpha4.0.steps100.blocks-1.prefetch-budget-20.rank-accept_first.cut-entropy4.0.samples20.maxnew1024.seed10086.subtreePrefetch.vllm.log,accept_first,sample-019.block-00,19,0,True,36,1.7142857142857142
dataset-lcb_v6.model-gemma-12b.alpha4.0.steps100.blocks-1.prefetch-budget-20.rank-accept_first.cut-entropy4.0.samples20.maxnew1024.seed10086.subtreePrefetch.vllm.log,accept_first,sample-019.block-00,19,0,True,37,1.7619047619047619
dataset-lcb_v6.model-gemma-12b.alpha4.0.steps100.blocks-1.prefetch-budget-20.rank-accept_first.cut-entropy4.0.samples20.maxnew1024.seed10086.subtreePrefetch.vllm.log,accept_first,sample-019.block-00,19,0,True,38,1.8095238095238095
dataset-lcb_v6.model-gemma-12b.alpha4.0.steps100.blocks-1.prefetch-budget-20.rank-accept_first.cut-entropy4.0.samples20.maxnew1024.seed10086.subtreePrefetch.vllm.log,accept_first,sample-019.block-00,19,0,True,39,1.7727272727272727
dataset-lcb_v6.model-gemma-12b.alpha4.0.steps100.blocks-1.prefetch-budget-20.rank-accept_first.cut-entropy4.0.samples20.maxnew1024.seed10086.subtreePrefetch.vllm.log,accept_first,sample-019.block-00,19,0,True,40,1.8181818181818181
dataset-lcb_v6.model-gemma-12b.alpha4.0.steps100.blocks-1.prefetch-budget-20.rank-accept_first.cut-entropy4.0.samples20.maxnew1024.seed10086.subtreePrefetch.vllm.log,accept_first,sample-019.block-00,19,0,True,41,1.8636363636363635
dataset-lcb_v6.model-gemma-12b.alpha4.0.steps100.blocks-1.prefetch-budget-20.rank-accept_first.cut-entropy4.0.samples20.maxnew1024.seed10086.subtreePrefetch.vllm.log,accept_first,sample-019.block-00,19,0,True,42,1.826086956521739
dataset-lcb_v6.model-gemma-12b.alpha4.0.steps100.blocks-1.prefetch-budget-20.rank-accept_first.cut-entropy4.0.samples20.maxnew1024.seed10086.subtreePrefetch.vllm.log,accept_first,sample-019.block-00,19,0,True,43,1.7916666666666667
dataset-lcb_v6.model-gemma-12b.alpha4.0.steps100.blocks-1.prefetch-budget-20.rank-accept_first.cut-entropy4.0.samples20.maxnew1024.seed10086.subtreePrefetch.vllm.log,accept_first,sample-019.block-00,19,0,True,44,1.76
dataset-lcb_v6.model-gemma-12b.alpha4.0.steps100.blocks-1.prefetch-budget-20.rank-accept_first.cut-entropy4.0.samples20.maxnew1024.seed10086.subtreePrefetch.vllm.log,accept_first,sample-019.block-00,19,0,True,45,1.8
dataset-lcb_v6.model-gemma-12b.alpha4.0.steps100.blocks-1.prefetch-budget-20.rank-accept_first.cut-entropy4.0.samples20.maxnew1024.seed10086.subtreePrefetch.vllm.log,accept_first,sample-019.block-00,19,0,True,46,1.84
dataset-lcb_v6.model-gemma-12b.alpha4.0.steps100.blocks-1.prefetch-budget-20.rank-accept_first.cut-entropy4.0.samples20.maxnew1024.seed10086.subtreePrefetch.vllm.log,accept_first,sample-019.block-00,19,0,True,47,1.88
dataset-lcb_v6.model-gemma-12b.alpha4.0.steps100.blocks-1.prefetch-budget-20.rank-accept_first.cut-entropy4.0.samples20.maxnew1024.seed10086.subtreePrefetch.vllm.log,accept_first,sample-019.block-00,19,0,True,48,1.8461538461538463
dataset-lcb_v6.model-gemma-12b.alpha4.0.steps100.blocks-1.prefetch-budget-20.rank-accept_first.cut-entropy4.0.samples20.maxnew1024.seed10086.subtreePrefetch.vllm.log,accept_first,sample-019.block-00,19,0,True,49,1.8846153846153846
dataset-lcb_v6.model-gemma-12b.alpha4.0.steps100.blocks-1.prefetch-budget-20.rank-accept_first.cut-entropy4.0.samples20.maxnew1024.seed10086.subtreePrefetch.vllm.log,accept_first,sample-019.block-00,19,0,True,50,1.8518518518518519
dataset-lcb_v6.model-gemma-12b.alpha4.0.steps100.blocks-1.prefetch-budget-20.rank-accept_first.cut-entropy4.0.samples20.maxnew1024.seed10086.subtreePrefetch.vllm.log,accept_first,sample-019.block-00,19,0,True,51,1.8888888888888888
dataset-lcb_v6.model-gemma-12b.alpha4.0.steps100.blocks-1.prefetch-budget-20.rank-accept_first.cut-entropy4.0.samples20.maxnew1024.seed10086.subtreePrefetch.vllm.log,accept_first,sample-019.block-00,19,0,True,52,1.9259259259259258
dataset-lcb_v6.model-gemma-12b.alpha4.0.steps100.blocks-1.prefetch-budget-20.rank-accept_first.cut-entropy4.0.samples20.maxnew1024.seed10086.subtreePrefetch.vllm.log,accept_first,sample-019.block-00,19,0,True,53,1.8928571428571428
dataset-lcb_v6.model-gemma-12b.alpha4.0.steps100.blocks-1.prefetch-budget-20.rank-accept_first.cut-entropy4.0.samples20.maxnew1024.seed10086.subtreePrefetch.vllm.log,accept_first,sample-019.block-00,19,0,True,54,1.9285714285714286
dataset-lcb_v6.model-gemma-12b.alpha4.0.steps100.blocks-1.prefetch-budget-20.rank-accept_first.cut-entropy4.0.samples20.maxnew1024.seed10086.subtreePrefetch.vllm.log,accept_first,sample-019.block-00,19,0,True,55,1.9642857142857142
dataset-lcb_v6.model-gemma-12b.alpha4.0.steps100.blocks-1.prefetch-budget-20.rank-accept_first.cut-entropy4.0.samples20.maxnew1024.seed10086.subtreePrefetch.vllm.log,accept_first,sample-019.block-00,19,0,True,56,2.0
dataset-lcb_v6.model-gemma-12b.alpha4.0.steps100.blocks-1.prefetch-budget-20.rank-accept_first.cut-entropy4.0.samples20.maxnew1024.seed10086.subtreePrefetch.vllm.log,accept_first,sample-019.block-00,19,0,True,57,2.0357142857142856
dataset-lcb_v6.model-gemma-12b.alpha4.0.steps100.blocks-1.prefetch-budget-20.rank-accept_first.cut-entropy4.0.samples20.maxnew1024.seed10086.subtreePrefetch.vllm.log,accept_first,sample-019.block-00,19,0,True,58,2.0714285714285716
dataset-lcb_v6.model-gemma-12b.alpha4.0.steps100.blocks-1.prefetch-budget-20.rank-accept_first.cut-entropy4.0.samples20.maxnew1024.seed10086.subtreePrefetch.vllm.log,accept_first,sample-019.block-00,19,0,True,59,2.0344827586206895
dataset-lcb_v6.model-gemma-12b.alpha4.0.steps100.blocks-1.prefetch-budget-20.rank-accept_first.cut-entropy4.0.samples20.maxnew1024.seed10086.subtreePrefetch.vllm.log,accept_first,sample-019.block-00,19,0,True,60,2.0689655172413794
dataset-lcb_v6.model-gemma-12b.alpha4.0.steps100.blocks-1.prefetch-budget-20.rank-accept_first.cut-entropy4.0.samples20.maxnew1024.seed10086.subtreePrefetch.vllm.log,accept_first,sample-019.block-00,19,0,True,61,2.103448275862069
dataset-lcb_v6.model-gemma-12b.alpha4.0.steps100.blocks-1.prefetch-budget-20.rank-accept_first.cut-entropy4.0.samples20.maxnew1024.seed10086.subtreePrefetch.vllm.log,accept_first,sample-019.block-00,19,0,True,62,2.1379310344827585
dataset-lcb_v6.model-gemma-12b.alpha4.0.steps100.blocks-1.prefetch-budget-20.rank-accept_first.cut-entropy4.0.samples20.maxnew1024.seed10086.subtreePrefetch.vllm.log,accept_first,sample-019.block-00,19,0,True,63,2.1
dataset-lcb_v6.model-gemma-12b.alpha4.0.steps100.blocks-1.prefetch-budget-20.rank-accept_first.cut-entropy4.0.samples20.maxnew1024.seed10086.subtreePrefetch.vllm.log,accept_first,sample-019.block-00,19,0,True,64,2.1333333333333333
dataset-lcb_v6.model-gemma-12b.alpha4.0.steps100.blocks-1.prefetch-budget-20.rank-accept_first.cut-entropy4.0.samples20.maxnew1024.seed10086.subtreePrefetch.vllm.log,accept_first,sample-019.block-00,19,0,True,65,2.096774193548387
dataset-lcb_v6.model-gemma-12b.alpha4.0.steps100.blocks-1.prefetch-budget-20.rank-accept_first.cut-entropy4.0.samples20.maxnew1024.seed10086.subtreePrefetch.vllm.log,accept_first,sample-019.block-00,19,0,True,66,2.129032258064516
dataset-lcb_v6.model-gemma-12b.alpha4.0.steps100.blocks-1.prefetch-budget-20.rank-accept_first.cut-entropy4.0.samples20.maxnew1024.seed10086.subtreePrefetch.vllm.log,accept_first,sample-019.block-00,19,0,True,67,2.09375
dataset-lcb_v6.model-gemma-12b.alpha4.0.steps100.blocks-1.prefetch-budget-20.rank-accept_first.cut-entropy4.0.samples20.maxnew1024.seed10086.subtreePrefetch.vllm.log,accept_first,sample-019.block-00,19,0,True,68,2.125
dataset-lcb_v6.model-gemma-12b.alpha4.0.steps100.blocks-1.prefetch-budget-20.rank-accept_first.cut-entropy4.0.samples20.maxnew1024.seed10086.subtreePrefetch.vllm.log,accept_first,sample-019.block-00,19,0,True,69,2.15625
dataset-lcb_v6.model-gemma-12b.alpha4.0.steps100.blocks-1.prefetch-budget-20.rank-accept_first.cut-entropy4.0.samples20.maxnew1024.seed10086.subtreePrefetch.vllm.log,accept_first,sample-019.block-00,19,0,True,70,2.1875
dataset-lcb_v6.model-gemma-12b.alpha4.0.steps100.blocks-1.prefetch-budget-20.rank-accept_first.cut-entropy4.0.samples20.maxnew1024.seed10086.subtreePrefetch.vllm.log,accept_first,sample-019.block-00,19,0,True,71,2.21875
dataset-lcb_v6.model-gemma-12b.alpha4.0.steps100.blocks-1.prefetch-budget-20.rank-accept_first.cut-entropy4.0.samples20.maxnew1024.seed10086.subtreePrefetch.vllm.log,accept_first,sample-019.block-00,19,0,True,72,2.25
dataset-lcb_v6.model-gemma-12b.alpha4.0.steps100.blocks-1.prefetch-budget-20.rank-accept_first.cut-entropy4.0.samples20.maxnew1024.seed10086.subtreePrefetch.vllm.log,accept_first,sample-019.block-00,19,0,True,73,2.212121212121212
dataset-lcb_v6.model-gemma-12b.alpha4.0.steps100.blocks-1.prefetch-budget-20.rank-accept_first.cut-entropy4.0.samples20.maxnew1024.seed10086.subtreePrefetch.vllm.log,accept_first,sample-019.block-00,19,0,True,74,2.242424242424242
dataset-lcb_v6.model-gemma-12b.alpha4.0.steps100.blocks-1.prefetch-budget-20.rank-accept_first.cut-entropy4.0.samples20.maxnew1024.seed10086.subtreePrefetch.vllm.log,accept_first,sample-019.block-00,19,0,True,75,2.272727272727273
dataset-lcb_v6.model-gemma-12b.alpha4.0.steps100.blocks-1.prefetch-budget-20.rank-accept_first.cut-entropy4.0.samples20.maxnew1024.seed10086.subtreePrefetch.vllm.log,accept_first,sample-019.block-00,19,0,True,76,2.303030303030303
dataset-lcb_v6.model-gemma-12b.alpha4.0.steps100.blocks-1.prefetch-budget-20.rank-accept_first.cut-entropy4.0.samples20.maxnew1024.seed10086.subtreePrefetch.vllm.log,accept_first,sample-019.block-00,19,0,True,77,2.3333333333333335
dataset-lcb_v6.model-gemma-12b.alpha4.0.steps100.blocks-1.prefetch-budget-20.rank-accept_first.cut-entropy4.0.samples20.maxnew1024.seed10086.subtreePrefetch.vllm.log,accept_first,sample-019.block-00,19,0,True,78,2.2941176470588234
dataset-lcb_v6.model-gemma-12b.alpha4.0.steps100.blocks-1.prefetch-budget-20.rank-accept_first.cut-entropy4.0.samples20.maxnew1024.seed10086.subtreePrefetch.vllm.log,accept_first,sample-019.block-00,19,0,True,79,2.323529411764706
dataset-lcb_v6.model-gemma-12b.alpha4.0.steps100.blocks-1.prefetch-budget-20.rank-accept_first.cut-entropy4.0.samples20.maxnew1024.seed10086.subtreePrefetch.vllm.log,accept_first,sample-019.block-00,19,0,True,80,2.3529411764705883
dataset-lcb_v6.model-gemma-12b.alpha4.0.steps100.blocks-1.prefetch-budget-20.rank-accept_first.cut-entropy4.0.samples20.maxnew1024.seed10086.subtreePrefetch.vllm.log,accept_first,sample-019.block-00,19,0,True,81,2.3142857142857145
dataset-lcb_v6.model-gemma-12b.alpha4.0.steps100.blocks-1.prefetch-budget-20.rank-accept_first.cut-entropy4.0.samples20.maxnew1024.seed10086.subtreePrefetch.vllm.log,accept_first,sample-019.block-00,19,0,True,82,2.342857142857143
dataset-lcb_v6.model-gemma-12b.alpha4.0.steps100.blocks-1.prefetch-budget-20.rank-accept_first.cut-entropy4.0.samples20.maxnew1024.seed10086.subtreePrefetch.vllm.log,accept_first,sample-019.block-00,19,0,True,83,2.3714285714285714
dataset-lcb_v6.model-gemma-12b.alpha4.0.steps100.blocks-1.prefetch-budget-20.rank-accept_first.cut-entropy4.0.samples20.maxnew1024.seed10086.subtreePrefetch.vllm.log,accept_first,sample-019.block-00,19,0,True,84,2.3333333333333335
dataset-lcb_v6.model-gemma-12b.alpha4.0.steps100.blocks-1.prefetch-budget-20.rank-accept_first.cut-entropy4.0.samples20.maxnew1024.seed10086.subtreePrefetch.vllm.log,accept_first,sample-019.block-00,19,0,True,85,2.361111111111111
dataset-lcb_v6.model-gemma-12b.alpha4.0.steps100.blocks-1.prefetch-budget-20.rank-accept_first.cut-entropy4.0.samples20.maxnew1024.seed10086.subtreePrefetch.vllm.log,accept_first,sample-019.block-00,19,0,True,86,2.388888888888889
dataset-lcb_v6.model-gemma-12b.alpha4.0.steps100.blocks-1.prefetch-budget-20.rank-accept_first.cut-entropy4.0.samples20.maxnew1024.seed10086.subtreePrefetch.vllm.log,accept_first,sample-019.block-00,19,0,True,87,2.3513513513513513
dataset-lcb_v6.model-gemma-12b.alpha4.0.steps100.blocks-1.prefetch-budget-20.rank-accept_first.cut-entropy4.0.samples20.maxnew1024.seed10086.subtreePrefetch.vllm.log,accept_first,sample-019.block-00,19,0,True,88,2.3783783783783785
dataset-lcb_v6.model-gemma-12b.alpha4.0.steps100.blocks-1.prefetch-budget-20.rank-accept_first.cut-entropy4.0.samples20.maxnew1024.seed10086.subtreePrefetch.vllm.log,accept_first,sample-019.block-00,19,0,True,89,2.4054054054054053
dataset-lcb_v6.model-gemma-12b.alpha4.0.steps100.blocks-1.prefetch-budget-20.rank-accept_first.cut-entropy4.0.samples20.maxnew1024.seed10086.subtreePrefetch.vllm.log,accept_first,sample-019.block-00,19,0,True,90,2.4324324324324325
dataset-lcb_v6.model-gemma-12b.alpha4.0.steps100.blocks-1.prefetch-budget-20.rank-accept_first.cut-entropy4.0.samples20.maxnew1024.seed10086.subtreePrefetch.vllm.log,accept_first,sample-019.block-00,19,0,True,91,2.4594594594594597
dataset-lcb_v6.model-gemma-12b.alpha4.0.steps100.blocks-1.prefetch-budget-20.rank-accept_first.cut-entropy4.0.samples20.maxnew1024.seed10086.subtreePrefetch.vllm.log,accept_first,sample-019.block-00,19,0,True,92,2.4210526315789473
dataset-lcb_v6.model-gemma-12b.alpha4.0.steps100.blocks-1.prefetch-budget-20.rank-accept_first.cut-entropy4.0.samples20.maxnew1024.seed10086.subtreePrefetch.vllm.log,accept_first,sample-019.block-00,19,0,True,93,2.4473684210526314
dataset-lcb_v6.model-gemma-12b.alpha4.0.steps100.blocks-1.prefetch-budget-20.rank-accept_first.cut-entropy4.0.samples20.maxnew1024.seed10086.subtreePrefetch.vllm.log,accept_first,sample-019.block-00,19,0,True,94,2.473684210526316
dataset-lcb_v6.model-gemma-12b.alpha4.0.steps100.blocks-1.prefetch-budget-20.rank-accept_first.cut-entropy4.0.samples20.maxnew1024.seed10086.subtreePrefetch.vllm.log,accept_first,sample-019.block-00,19,0,True,95,2.5
dataset-lcb_v6.model-gemma-12b.alpha4.0.steps100.blocks-1.prefetch-budget-20.rank-accept_first.cut-entropy4.0.samples20.maxnew1024.seed10086.subtreePrefetch.vllm.log,accept_first,sample-019.block-00,19,0,True,96,2.4615384615384617
dataset-lcb_v6.model-gemma-12b.alpha4.0.steps100.blocks-1.prefetch-budget-20.rank-accept_first.cut-entropy4.0.samples20.maxnew1024.seed10086.subtreePrefetch.vllm.log,accept_first,sample-019.block-00,19,0,True,97,2.4871794871794872
dataset-lcb_v6.model-gemma-12b.alpha4.0.steps100.blocks-1.prefetch-budget-20.rank-accept_first.cut-entropy4.0.samples20.maxnew1024.seed10086.subtreePrefetch.vllm.log,accept_first,sample-019.block-00,19,0,True,98,2.5128205128205128
dataset-lcb_v6.model-gemma-12b.alpha4.0.steps100.blocks-1.prefetch-budget-20.rank-accept_first.cut-entropy4.0.samples20.maxnew1024.seed10086.subtreePrefetch.vllm.log,accept_first,sample-019.block-00,19,0,True,99,2.475
dataset-lcb_v6.model-gemma-12b.alpha4.0.steps100.blocks-1.prefetch-budget-20.rank-accept_first.cut-entropy4.0.samples20.maxnew1024.seed10086.subtreePrefetch.vllm.log,accept_first,sample-019.block-00,19,0,True,100,2.5
