source_log,call_index,realized_transitions,logged_mh_seconds
/Users/jiangnanhugo/workspace/power-sharpening/Subtree-Prefetching-Power-Sharpening/case_studies/logs-entropycut/lcb_v6/2026-09-20/vllm/dataset-lcb_v6.model-qwen3-4b.alpha4.0.steps100.blocks-1.prefetch-budget-20.rank-accept_first.cut-entropy4.0.samples20.maxnew1024.seed10086.subtreePrefetch.vllm.log,0,4,6.567
/Users/jiangnanhugo/workspace/power-sharpening/Subtree-Prefetching-Power-Sharpening/case_studies/logs-entropycut/lcb_v6/2026-09-20/vllm/dataset-lcb_v6.model-qwen3-4b.alpha4.0.steps100.blocks-1.prefetch-budget-20.rank-accept_first.cut-entropy4.0.samples20.maxnew1024.seed10086.subtreePrefetch.vllm.log,1,2,6.634
/Users/jiangnanhugo/workspace/power-sharpening/Subtree-Prefetching-Power-Sharpening/case_studies/logs-entropycut/lcb_v6/2026-09-20/vllm/dataset-lcb_v6.model-qwen3-4b.alpha4.0.steps100.blocks-1.prefetch-budget-20.rank-accept_first.cut-entropy4.0.samples20.maxnew1024.seed10086.subtreePrefetch.vllm.log,2,2,6.624
/Users/jiangnanhugo/workspace/power-sharpening/Subtree-Prefetching-Power-Sharpening/case_studies/logs-entropycut/lcb_v6/2026-09-20/vllm/dataset-lcb_v6.model-qwen3-4b.alpha4.0.steps100.blocks-1.prefetch-budget-20.rank-accept_first.cut-entropy4.0.samples20.maxnew1024.seed10086.subtreePrefetch.vllm.log,3,3,6.744
/Users/jiangnanhugo/workspace/power-sharpening/Subtree-Prefetching-Power-Sharpening/case_studies/logs-entropycut/lcb_v6/2026-09-20/vllm/dataset-lcb_v6.model-qwen3-4b.alpha4.0.steps100.blocks-1.prefetch-budget-20.rank-accept_first.cut-entropy4.0.samples20.maxnew1024.seed10086.subtreePrefetch.vllm.log,4,8,6.887
/Users/jiangnanhugo/workspace/power-sharpening/Subtree-Prefetching-Power-Sharpening/case_studies/logs-entropycut/lcb_v6/2026-09-20/vllm/dataset-lcb_v6.model-qwen3-4b.alpha4.0.steps100.blocks-1.prefetch-budget-20.rank-accept_first.cut-entropy4.0.samples20.maxnew1024.seed10086.subtreePrefetch.vllm.log,5,2,6.618
/Users/jiangnanhugo/workspace/power-sharpening/Subtree-Prefetching-Power-Sharpening/case_studies/logs-entropycut/lcb_v6/2026-09-20/vllm/dataset-lcb_v6.model-qwen3-4b.alpha4.0.steps100.blocks-1.prefetch-budget-20.rank-accept_first.cut-entropy4.0.samples20.maxnew1024.seed10086.subtreePrefetch.vllm.log,6,4,6.58
/Users/jiangnanhugo/workspace/power-sharpening/Subtree-Prefetching-Power-Sharpening/case_studies/logs-entropycut/lcb_v6/2026-09-20/vllm/dataset-lcb_v6.model-qwen3-4b.alpha4.0.steps100.blocks-1.prefetch-budget-20.rank-accept_first.cut-entropy4.0.samples20.maxnew1024.seed10086.subtreePrefetch.vllm.log,7,3,6.833
/Users/jiangnanhugo/workspace/power-sharpening/Subtree-Prefetching-Power-Sharpening/case_studies/logs-entropycut/lcb_v6/2026-09-20/vllm/dataset-lcb_v6.model-qwen3-4b.alpha4.0.steps100.blocks-1.prefetch-budget-20.rank-accept_first.cut-entropy4.0.samples20.maxnew1024.seed10086.subtreePrefetch.vllm.log,8,4,6.911
/Users/jiangnanhugo/workspace/power-sharpening/Subtree-Prefetching-Power-Sharpening/case_studies/logs-entropycut/lcb_v6/2026-09-20/vllm/dataset-lcb_v6.model-qwen3-4b.alpha4.0.steps100.blocks-1.prefetch-budget-20.rank-accept_first.cut-entropy4.0.samples20.maxnew1024.seed10086.subtreePrefetch.vllm.log,9,5,7.043
/Users/jiangnanhugo/workspace/power-sharpening/Subtree-Prefetching-Power-Sharpening/case_studies/logs-entropycut/lcb_v6/2026-09-20/vllm/dataset-lcb_v6.model-qwen3-4b.alpha4.0.steps100.blocks-1.prefetch-budget-20.rank-accept_first.cut-entropy4.0.samples20.maxnew1024.seed10086.subtreePrefetch.vllm.log,10,7,6.956
/Users/jiangnanhugo/workspace/power-sharpening/Subtree-Prefetching-Power-Sharpening/case_studies/logs-entropycut/lcb_v6/2026-09-20/vllm/dataset-lcb_v6.model-qwen3-4b.alpha4.0.steps100.blocks-1.prefetch-budget-20.rank-accept_first.cut-entropy4.0.samples20.maxnew1024.seed10086.subtreePrefetch.vllm.log,11,7,6.933
/Users/jiangnanhugo/workspace/power-sharpening/Subtree-Prefetching-Power-Sharpening/case_studies/logs-entropycut/lcb_v6/2026-09-20/vllm/dataset-lcb_v6.model-qwen3-4b.alpha4.0.steps100.blocks-1.prefetch-budget-20.rank-accept_first.cut-entropy4.0.samples20.maxnew1024.seed10086.subtreePrefetch.vllm.log,12,3,6.346
/Users/jiangnanhugo/workspace/power-sharpening/Subtree-Prefetching-Power-Sharpening/case_studies/logs-entropycut/lcb_v6/2026-09-20/vllm/dataset-lcb_v6.model-qwen3-4b.alpha4.0.steps100.blocks-1.prefetch-budget-20.rank-accept_first.cut-entropy4.0.samples20.maxnew1024.seed10086.subtreePrefetch.vllm.log,13,4,6.705
/Users/jiangnanhugo/workspace/power-sharpening/Subtree-Prefetching-Power-Sharpening/case_studies/logs-entropycut/lcb_v6/2026-09-20/vllm/dataset-lcb_v6.model-qwen3-4b.alpha4.0.steps100.blocks-1.prefetch-budget-20.rank-accept_first.cut-entropy4.0.samples20.maxnew1024.seed10086.subtreePrefetch.vllm.log,14,6,6.599
/Users/jiangnanhugo/workspace/power-sharpening/Subtree-Prefetching-Power-Sharpening/case_studies/logs-entropycut/lcb_v6/2026-09-20/vllm/dataset-lcb_v6.model-qwen3-4b.alpha4.0.steps100.blocks-1.prefetch-budget-20.rank-accept_first.cut-entropy4.0.samples20.maxnew1024.seed10086.subtreePrefetch.vllm.log,15,4,6.911
/Users/jiangnanhugo/workspace/power-sharpening/Subtree-Prefetching-Power-Sharpening/case_studies/logs-entropycut/lcb_v6/2026-09-20/vllm/dataset-lcb_v6.model-qwen3-4b.alpha4.0.steps100.blocks-1.prefetch-budget-20.rank-accept_first.cut-entropy4.0.samples20.maxnew1024.seed10086.subtreePrefetch.vllm.log,16,2,6.522
/Users/jiangnanhugo/workspace/power-sharpening/Subtree-Prefetching-Power-Sharpening/case_studies/logs-entropycut/lcb_v6/2026-09-20/vllm/dataset-lcb_v6.model-qwen3-4b.alpha4.0.steps100.blocks-1.prefetch-budget-20.rank-accept_first.cut-entropy4.0.samples20.maxnew1024.seed10086.subtreePrefetch.vllm.log,17,4,6.656
/Users/jiangnanhugo/workspace/power-sharpening/Subtree-Prefetching-Power-Sharpening/case_studies/logs-entropycut/lcb_v6/2026-09-20/vllm/dataset-lcb_v6.model-qwen3-4b.alpha4.0.steps100.blocks-1.prefetch-budget-20.rank-accept_first.cut-entropy4.0.samples20.maxnew1024.seed10086.subtreePrefetch.vllm.log,18,5,6.369
/Users/jiangnanhugo/workspace/power-sharpening/Subtree-Prefetching-Power-Sharpening/case_studies/logs-entropycut/lcb_v6/2026-09-20/vllm/dataset-lcb_v6.model-qwen3-4b.alpha4.0.steps100.blocks-1.prefetch-budget-20.rank-accept_first.cut-entropy4.0.samples20.maxnew1024.seed10086.subtreePrefetch.vllm.log,19,2,6.769
/Users/jiangnanhugo/workspace/power-sharpening/Subtree-Prefetching-Power-Sharpening/case_studies/logs-entropycut/lcb_v6/2026-09-20/vllm/dataset-lcb_v6.model-qwen3-4b.alpha4.0.steps100.blocks-1.prefetch-budget-20.rank-accept_first.cut-entropy4.0.samples20.maxnew1024.seed10086.subtreePrefetch.vllm.log,20,3,6.744
/Users/jiangnanhugo/workspace/power-sharpening/Subtree-Prefetching-Power-Sharpening/case_studies/logs-entropycut/lcb_v6/2026-09-20/vllm/dataset-lcb_v6.model-qwen3-4b.alpha4.0.steps100.blocks-1.prefetch-budget-20.rank-accept_first.cut-entropy4.0.samples20.maxnew1024.seed10086.subtreePrefetch.vllm.log,21,3,6.25
/Users/jiangnanhugo/workspace/power-sharpening/Subtree-Prefetching-Power-Sharpening/case_studies/logs-entropycut/lcb_v6/2026-09-20/vllm/dataset-lcb_v6.model-qwen3-4b.alpha4.0.steps100.blocks-1.prefetch-budget-20.rank-accept_first.cut-entropy4.0.samples20.maxnew1024.seed10086.subtreePrefetch.vllm.log,22,4,6.44
/Users/jiangnanhugo/workspace/power-sharpening/Subtree-Prefetching-Power-Sharpening/case_studies/logs-entropycut/lcb_v6/2026-09-20/vllm/dataset-lcb_v6.model-qwen3-4b.alpha4.0.steps100.blocks-1.prefetch-budget-20.rank-accept_first.cut-entropy4.0.samples20.maxnew1024.seed10086.subtreePrefetch.vllm.log,23,4,6.901
/Users/jiangnanhugo/workspace/power-sharpening/Subtree-Prefetching-Power-Sharpening/case_studies/logs-entropycut/lcb_v6/2026-09-20/vllm/dataset-lcb_v6.model-qwen3-4b.alpha4.0.steps100.blocks-1.prefetch-budget-20.rank-accept_first.cut-entropy4.0.samples20.maxnew1024.seed10086.subtreePrefetch.vllm.log,24,2,5.899
/Users/jiangnanhugo/workspace/power-sharpening/Subtree-Prefetching-Power-Sharpening/case_studies/logs-entropycut/lcb_v6/2026-09-20/vllm/dataset-lcb_v6.model-qwen3-4b.alpha4.0.steps100.blocks-1.prefetch-budget-20.rank-accept_first.cut-entropy4.0.samples20.maxnew1024.seed10086.subtreePrefetch.vllm.log,25,3,5.539
/Users/jiangnanhugo/workspace/power-sharpening/Subtree-Prefetching-Power-Sharpening/case_studies/logs-entropycut/lcb_v6/2026-09-20/vllm/dataset-lcb_v6.model-qwen3-4b.alpha4.0.steps100.blocks-1.prefetch-budget-20.rank-accept_first.cut-entropy4.0.samples20.maxnew1024.seed10086.subtreePrefetch.vllm.log,26,4,6.368
/Users/jiangnanhugo/workspace/power-sharpening/Subtree-Prefetching-Power-Sharpening/case_studies/logs-entropycut/lcb_v6/2026-09-20/vllm/dataset-lcb_v6.model-qwen3-4b.alpha4.0.steps100.blocks-1.prefetch-budget-20.rank-accept_first.cut-entropy4.0.samples20.maxnew1024.seed10086.subtreePrefetch.vllm.log,27,5,6.205
/Users/jiangnanhugo/workspace/power-sharpening/Subtree-Prefetching-Power-Sharpening/case_studies/logs-entropycut/lcb_v6/2026-09-20/vllm/dataset-lcb_v6.model-qwen3-4b.alpha4.0.steps100.blocks-1.prefetch-budget-20.rank-accept_first.cut-entropy4.0.samples20.maxnew1024.seed10086.subtreePrefetch.vllm.log,28,6,5.979
/Users/jiangnanhugo/workspace/power-sharpening/Subtree-Prefetching-Power-Sharpening/case_studies/logs-entropycut/lcb_v6/2026-09-20/vllm/dataset-lcb_v6.model-qwen3-4b.alpha4.0.steps100.blocks-1.prefetch-budget-20.rank-accept_first.cut-entropy4.0.samples20.maxnew1024.seed10086.subtreePrefetch.vllm.log,29,7,6.166
/Users/jiangnanhugo/workspace/power-sharpening/Subtree-Prefetching-Power-Sharpening/case_studies/logs-entropycut/lcb_v6/2026-09-20/vllm/dataset-lcb_v6.model-qwen3-4b.alpha4.0.steps100.blocks-1.prefetch-budget-20.rank-accept_first.cut-entropy4.0.samples20.maxnew1024.seed10086.subtreePrefetch.vllm.log,30,6,5.693
/Users/jiangnanhugo/workspace/power-sharpening/Subtree-Prefetching-Power-Sharpening/case_studies/logs-entropycut/lcb_v6/2026-09-20/vllm/dataset-lcb_v6.model-qwen3-4b.alpha4.0.steps100.blocks-1.prefetch-budget-20.rank-accept_first.cut-entropy4.0.samples20.maxnew1024.seed10086.subtreePrefetch.vllm.log,31,7,6.135
/Users/jiangnanhugo/workspace/power-sharpening/Subtree-Prefetching-Power-Sharpening/case_studies/logs-entropycut/lcb_v6/2026-09-20/vllm/dataset-lcb_v6.model-qwen3-4b.alpha4.0.steps100.blocks-1.prefetch-budget-20.rank-accept_first.cut-entropy4.0.samples20.maxnew1024.seed10086.subtreePrefetch.vllm.log,32,6,6.324
/Users/jiangnanhugo/workspace/power-sharpening/Subtree-Prefetching-Power-Sharpening/case_studies/logs-entropycut/lcb_v6/2026-09-20/vllm/dataset-lcb_v6.model-qwen3-4b.alpha4.0.steps100.blocks-1.prefetch-budget-20.rank-accept_first.cut-entropy4.0.samples20.maxnew1024.seed10086.subtreePrefetch.vllm.log,33,3,6.221
/Users/jiangnanhugo/workspace/power-sharpening/Subtree-Prefetching-Power-Sharpening/case_studies/logs-entropycut/lcb_v6/2026-09-20/vllm/dataset-lcb_v6.model-qwen3-4b.alpha4.0.steps100.blocks-1.prefetch-budget-20.rank-accept_first.cut-entropy4.0.samples20.maxnew1024.seed10086.subtreePrefetch.vllm.log,34,5,6.034
/Users/jiangnanhugo/workspace/power-sharpening/Subtree-Prefetching-Power-Sharpening/case_studies/logs-entropycut/lcb_v6/2026-09-20/vllm/dataset-lcb_v6.model-qwen3-4b.alpha4.0.steps100.blocks-1.prefetch-budget-20.rank-accept_first.cut-entropy4.0.samples20.maxnew1024.seed10086.subtreePrefetch.vllm.log,35,5,5.917
/Users/jiangnanhugo/workspace/power-sharpening/Subtree-Prefetching-Power-Sharpening/case_studies/logs-entropycut/lcb_v6/2026-09-20/vllm/dataset-lcb_v6.model-qwen3-4b.alpha4.0.steps100.blocks-1.prefetch-budget-20.rank-accept_first.cut-entropy4.0.samples20.maxnew1024.seed10086.subtreePrefetch.vllm.log,36,6,6.677
/Users/jiangnanhugo/workspace/power-sharpening/Subtree-Prefetching-Power-Sharpening/case_studies/logs-entropycut/lcb_v6/2026-09-20/vllm/dataset-lcb_v6.model-qwen3-4b.alpha4.0.steps100.blocks-1.prefetch-budget-20.rank-accept_first.cut-entropy4.0.samples20.maxnew1024.seed10086.subtreePrefetch.vllm.log,37,1,6.555
/Users/jiangnanhugo/workspace/power-sharpening/Subtree-Prefetching-Power-Sharpening/case_studies/logs-entropycut/lcb_v6/2026-09-20/vllm/dataset-lcb_v6.model-qwen3-4b.alpha4.0.steps100.blocks-1.prefetch-budget-20.rank-accept_first.cut-entropy4.0.samples20.maxnew1024.seed10086.subtreePrefetch.vllm.log,38,5,6.027
/Users/jiangnanhugo/workspace/power-sharpening/Subtree-Prefetching-Power-Sharpening/case_studies/logs-entropycut/lcb_v6/2026-09-20/vllm/dataset-lcb_v6.model-qwen3-4b.alpha4.0.steps100.blocks-1.prefetch-budget-20.rank-accept_first.cut-entropy4.0.samples20.maxnew1024.seed10086.subtreePrefetch.vllm.log,39,1,6.394
/Users/jiangnanhugo/workspace/power-sharpening/Subtree-Prefetching-Power-Sharpening/case_studies/logs-entropycut/lcb_v6/2026-09-20/vllm/dataset-lcb_v6.model-qwen3-4b.alpha4.0.steps100.blocks-1.prefetch-budget-20.rank-accept_first.cut-entropy4.0.samples20.maxnew1024.seed10086.subtreePrefetch.vllm.log,40,6,6.265
/Users/jiangnanhugo/workspace/power-sharpening/Subtree-Prefetching-Power-Sharpening/case_studies/logs-entropycut/lcb_v6/2026-09-20/vllm/dataset-lcb_v6.model-qwen3-4b.alpha4.0.steps100.blocks-1.prefetch-budget-20.rank-accept_first.cut-entropy4.0.samples20.maxnew1024.seed10086.subtreePrefetch.vllm.log,41,6,5.97
/Users/jiangnanhugo/workspace/power-sharpening/Subtree-Prefetching-Power-Sharpening/case_studies/logs-entropycut/lcb_v6/2026-09-20/vllm/dataset-lcb_v6.model-qwen3-4b.alpha4.0.steps100.blocks-1.prefetch-budget-20.rank-accept_first.cut-entropy4.0.samples20.maxnew1024.seed10086.subtreePrefetch.vllm.log,42,5,6.168
/Users/jiangnanhugo/workspace/power-sharpening/Subtree-Prefetching-Power-Sharpening/case_studies/logs-entropycut/lcb_v6/2026-09-20/vllm/dataset-lcb_v6.model-qwen3-4b.alpha4.0.steps100.blocks-1.prefetch-budget-20.rank-accept_first.cut-entropy4.0.samples20.maxnew1024.seed10086.subtreePrefetch.vllm.log,43,5,6.272
/Users/jiangnanhugo/workspace/power-sharpening/Subtree-Prefetching-Power-Sharpening/case_studies/logs-entropycut/lcb_v6/2026-09-20/vllm/dataset-lcb_v6.model-qwen3-4b.alpha4.0.steps100.blocks-1.prefetch-budget-20.rank-accept_first.cut-entropy4.0.samples20.maxnew1024.seed10086.subtreePrefetch.vllm.log,44,2,6.397
/Users/jiangnanhugo/workspace/power-sharpening/Subtree-Prefetching-Power-Sharpening/case_studies/logs-entropycut/lcb_v6/2026-09-20/vllm/dataset-lcb_v6.model-qwen3-4b.alpha4.0.steps100.blocks-1.prefetch-budget-20.rank-accept_first.cut-entropy4.0.samples20.maxnew1024.seed10086.subtreePrefetch.vllm.log,45,5,6.228
/Users/jiangnanhugo/workspace/power-sharpening/Subtree-Prefetching-Power-Sharpening/case_studies/logs-entropycut/lcb_v6/2026-09-20/vllm/dataset-lcb_v6.model-qwen3-4b.alpha4.0.steps100.blocks-1.prefetch-budget-20.rank-accept_first.cut-entropy4.0.samples20.maxnew1024.seed10086.subtreePrefetch.vllm.log,46,4,5.122
/Users/jiangnanhugo/workspace/power-sharpening/Subtree-Prefetching-Power-Sharpening/case_studies/logs-entropycut/lcb_v6/2026-09-20/vllm/dataset-lcb_v6.model-qwen3-4b.alpha4.0.steps100.blocks-1.prefetch-budget-20.rank-accept_first.cut-entropy4.0.samples20.maxnew1024.seed10086.subtreePrefetch.vllm.log,47,2,5.861
/Users/jiangnanhugo/workspace/power-sharpening/Subtree-Prefetching-Power-Sharpening/case_studies/logs-entropycut/lcb_v6/2026-09-20/vllm/dataset-lcb_v6.model-qwen3-4b.alpha4.0.steps100.blocks-1.prefetch-budget-20.rank-accept_first.cut-entropy4.0.samples20.maxnew1024.seed10086.subtreePrefetch.vllm.log,48,2,6.508
/Users/jiangnanhugo/workspace/power-sharpening/Subtree-Prefetching-Power-Sharpening/case_studies/logs-entropycut/lcb_v6/2026-09-20/vllm/dataset-lcb_v6.model-qwen3-4b.alpha4.0.steps100.blocks-1.prefetch-budget-20.rank-accept_first.cut-entropy4.0.samples20.maxnew1024.seed10086.subtreePrefetch.vllm.log,49,2,6.393
/Users/jiangnanhugo/workspace/power-sharpening/Subtree-Prefetching-Power-Sharpening/case_studies/logs-entropycut/lcb_v6/2026-09-20/vllm/dataset-lcb_v6.model-qwen3-4b.alpha4.0.steps100.blocks-1.prefetch-budget-20.rank-accept_first.cut-entropy4.0.samples20.maxnew1024.seed10086.subtreePrefetch.vllm.log,50,1,6.063
/Users/jiangnanhugo/workspace/power-sharpening/Subtree-Prefetching-Power-Sharpening/case_studies/logs-entropycut/lcb_v6/2026-09-20/vllm/dataset-lcb_v6.model-qwen3-4b.alpha4.0.steps100.blocks-1.prefetch-budget-20.rank-accept_first.cut-entropy4.0.samples20.maxnew1024.seed10086.subtreePrefetch.vllm.log,51,2,6.471
/Users/jiangnanhugo/workspace/power-sharpening/Subtree-Prefetching-Power-Sharpening/case_studies/logs-entropycut/lcb_v6/2026-09-20/vllm/dataset-lcb_v6.model-qwen3-4b.alpha4.0.steps100.blocks-1.prefetch-budget-20.rank-accept_first.cut-entropy4.0.samples20.maxnew1024.seed10086.subtreePrefetch.vllm.log,52,4,5.394
/Users/jiangnanhugo/workspace/power-sharpening/Subtree-Prefetching-Power-Sharpening/case_studies/logs-entropycut/lcb_v6/2026-09-20/vllm/dataset-lcb_v6.model-qwen3-4b.alpha4.0.steps100.blocks-1.prefetch-budget-20.rank-accept_first.cut-entropy4.0.samples20.maxnew1024.seed10086.subtreePrefetch.vllm.log,53,3,5.833
/Users/jiangnanhugo/workspace/power-sharpening/Subtree-Prefetching-Power-Sharpening/case_studies/logs-entropycut/lcb_v6/2026-09-20/vllm/dataset-lcb_v6.model-qwen3-4b.alpha4.0.steps100.blocks-1.prefetch-budget-20.rank-accept_first.cut-entropy4.0.samples20.maxnew1024.seed10086.subtreePrefetch.vllm.log,54,4,5.888
/Users/jiangnanhugo/workspace/power-sharpening/Subtree-Prefetching-Power-Sharpening/case_studies/logs-entropycut/lcb_v6/2026-09-20/vllm/dataset-lcb_v6.model-qwen3-4b.alpha4.0.steps100.blocks-1.prefetch-budget-20.rank-accept_first.cut-entropy4.0.samples20.maxnew1024.seed10086.subtreePrefetch.vllm.log,55,3,4.789
/Users/jiangnanhugo/workspace/power-sharpening/Subtree-Prefetching-Power-Sharpening/case_studies/logs-entropycut/lcb_v6/2026-09-20/vllm/dataset-lcb_v6.model-qwen3-4b.alpha4.0.steps100.blocks-1.prefetch-budget-20.rank-accept_first.cut-entropy4.0.samples20.maxnew1024.seed10086.subtreePrefetch.vllm.log,56,3,5.368
/Users/jiangnanhugo/workspace/power-sharpening/Subtree-Prefetching-Power-Sharpening/case_studies/logs-entropycut/lcb_v6/2026-09-20/vllm/dataset-lcb_v6.model-qwen3-4b.alpha4.0.steps100.blocks-1.prefetch-budget-20.rank-accept_first.cut-entropy4.0.samples20.maxnew1024.seed10086.subtreePrefetch.vllm.log,57,1,5.901
/Users/jiangnanhugo/workspace/power-sharpening/Subtree-Prefetching-Power-Sharpening/case_studies/logs-entropycut/lcb_v6/2026-09-20/vllm/dataset-lcb_v6.model-qwen3-4b.alpha4.0.steps100.blocks-1.prefetch-budget-20.rank-accept_first.cut-entropy4.0.samples20.maxnew1024.seed10086.subtreePrefetch.vllm.log,58,2,5.854
/Users/jiangnanhugo/workspace/power-sharpening/Subtree-Prefetching-Power-Sharpening/case_studies/logs-entropycut/lcb_v6/2026-09-20/vllm/dataset-lcb_v6.model-qwen3-4b.alpha4.0.steps100.blocks-1.prefetch-budget-20.rank-accept_first.cut-entropy4.0.samples20.maxnew1024.seed10086.subtreePrefetch.vllm.log,59,3,4.831
/Users/jiangnanhugo/workspace/power-sharpening/Subtree-Prefetching-Power-Sharpening/case_studies/logs-entropycut/lcb_v6/2026-09-20/vllm/dataset-lcb_v6.model-qwen3-4b.alpha4.0.steps100.blocks-1.prefetch-budget-20.rank-accept_first.cut-entropy4.0.samples20.maxnew1024.seed10086.subtreePrefetch.vllm.log,60,2,4.793
/Users/jiangnanhugo/workspace/power-sharpening/Subtree-Prefetching-Power-Sharpening/case_studies/logs-entropycut/lcb_v6/2026-09-20/vllm/dataset-lcb_v6.model-qwen3-4b.alpha4.0.steps100.blocks-1.prefetch-budget-20.rank-accept_first.cut-entropy4.0.samples20.maxnew1024.seed10086.subtreePrefetch.vllm.log,61,3,6.38
/Users/jiangnanhugo/workspace/power-sharpening/Subtree-Prefetching-Power-Sharpening/case_studies/logs-entropycut/lcb_v6/2026-09-20/vllm/dataset-lcb_v6.model-qwen3-4b.alpha4.0.steps100.blocks-1.prefetch-budget-20.rank-accept_first.cut-entropy4.0.samples20.maxnew1024.seed10086.subtreePrefetch.vllm.log,62,2,5.857
/Users/jiangnanhugo/workspace/power-sharpening/Subtree-Prefetching-Power-Sharpening/case_studies/logs-entropycut/lcb_v6/2026-09-20/vllm/dataset-lcb_v6.model-qwen3-4b.alpha4.0.steps100.blocks-1.prefetch-budget-20.rank-accept_first.cut-entropy4.0.samples20.maxnew1024.seed10086.subtreePrefetch.vllm.log,63,2,6.469
/Users/jiangnanhugo/workspace/power-sharpening/Subtree-Prefetching-Power-Sharpening/case_studies/logs-entropycut/lcb_v6/2026-09-20/vllm/dataset-lcb_v6.model-qwen3-4b.alpha4.0.steps100.blocks-1.prefetch-budget-20.rank-accept_first.cut-entropy4.0.samples20.maxnew1024.seed10086.subtreePrefetch.vllm.log,64,3,6.4
/Users/jiangnanhugo/workspace/power-sharpening/Subtree-Prefetching-Power-Sharpening/case_studies/logs-entropycut/lcb_v6/2026-09-20/vllm/dataset-lcb_v6.model-qwen3-4b.alpha4.0.steps100.blocks-1.prefetch-budget-20.rank-accept_first.cut-entropy4.0.samples20.maxnew1024.seed10086.subtreePrefetch.vllm.log,65,2,6.778
/Users/jiangnanhugo/workspace/power-sharpening/Subtree-Prefetching-Power-Sharpening/case_studies/logs-entropycut/lcb_v6/2026-09-20/vllm/dataset-lcb_v6.model-qwen3-4b.alpha4.0.steps100.blocks-1.prefetch-budget-20.rank-accept_first.cut-entropy4.0.samples20.maxnew1024.seed10086.subtreePrefetch.vllm.log,66,2,4.764
/Users/jiangnanhugo/workspace/power-sharpening/Subtree-Prefetching-Power-Sharpening/case_studies/logs-entropycut/lcb_v6/2026-09-20/vllm/dataset-lcb_v6.model-qwen3-4b.alpha4.0.steps100.blocks-1.prefetch-budget-20.rank-accept_first.cut-entropy4.0.samples20.maxnew1024.seed10086.subtreePrefetch.vllm.log,67,3,5.831
/Users/jiangnanhugo/workspace/power-sharpening/Subtree-Prefetching-Power-Sharpening/case_studies/logs-entropycut/lcb_v6/2026-09-20/vllm/dataset-lcb_v6.model-qwen3-4b.alpha4.0.steps100.blocks-1.prefetch-budget-20.rank-accept_first.cut-entropy4.0.samples20.maxnew1024.seed10086.subtreePrefetch.vllm.log,68,3,6.462
/Users/jiangnanhugo/workspace/power-sharpening/Subtree-Prefetching-Power-Sharpening/case_studies/logs-entropycut/lcb_v6/2026-09-20/vllm/dataset-lcb_v6.model-qwen3-4b.alpha4.0.steps100.blocks-1.prefetch-budget-20.rank-accept_first.cut-entropy4.0.samples20.maxnew1024.seed10086.subtreePrefetch.vllm.log,69,2,6.691
/Users/jiangnanhugo/workspace/power-sharpening/Subtree-Prefetching-Power-Sharpening/case_studies/logs-entropycut/lcb_v6/2026-09-20/vllm/dataset-lcb_v6.model-qwen3-4b.alpha4.0.steps100.blocks-1.prefetch-budget-20.rank-accept_first.cut-entropy4.0.samples20.maxnew1024.seed10086.subtreePrefetch.vllm.log,70,3,4.777
/Users/jiangnanhugo/workspace/power-sharpening/Subtree-Prefetching-Power-Sharpening/case_studies/logs-entropycut/lcb_v6/2026-09-20/vllm/dataset-lcb_v6.model-qwen3-4b.alpha4.0.steps100.blocks-1.prefetch-budget-20.rank-accept_first.cut-entropy4.0.samples20.maxnew1024.seed10086.subtreePrefetch.vllm.log,71,2,6.738
/Users/jiangnanhugo/workspace/power-sharpening/Subtree-Prefetching-Power-Sharpening/case_studies/logs-entropycut/lcb_v6/2026-09-20/vllm/dataset-lcb_v6.model-qwen3-4b.alpha4.0.steps100.blocks-1.prefetch-budget-20.rank-accept_first.cut-entropy4.0.samples20.maxnew1024.seed10086.subtreePrefetch.vllm.log,72,3,6.387
/Users/jiangnanhugo/workspace/power-sharpening/Subtree-Prefetching-Power-Sharpening/case_studies/logs-entropycut/lcb_v6/2026-09-20/vllm/dataset-lcb_v6.model-qwen3-4b.alpha4.0.steps100.blocks-1.prefetch-budget-20.rank-accept_first.cut-entropy4.0.samples20.maxnew1024.seed10086.subtreePrefetch.vllm.log,73,3,6.516
/Users/jiangnanhugo/workspace/power-sharpening/Subtree-Prefetching-Power-Sharpening/case_studies/logs-entropycut/lcb_v6/2026-09-20/vllm/dataset-lcb_v6.model-qwen3-4b.alpha4.0.steps100.blocks-1.prefetch-budget-20.rank-accept_first.cut-entropy4.0.samples20.maxnew1024.seed10086.subtreePrefetch.vllm.log,74,2,6.389
/Users/jiangnanhugo/workspace/power-sharpening/Subtree-Prefetching-Power-Sharpening/case_studies/logs-entropycut/lcb_v6/2026-09-20/vllm/dataset-lcb_v6.model-qwen3-4b.alpha4.0.steps100.blocks-1.prefetch-budget-20.rank-accept_first.cut-entropy4.0.samples20.maxnew1024.seed10086.subtreePrefetch.vllm.log,75,3,6.499
/Users/jiangnanhugo/workspace/power-sharpening/Subtree-Prefetching-Power-Sharpening/case_studies/logs-entropycut/lcb_v6/2026-09-20/vllm/dataset-lcb_v6.model-qwen3-4b.alpha4.0.steps100.blocks-1.prefetch-budget-20.rank-accept_first.cut-entropy4.0.samples20.maxnew1024.seed10086.subtreePrefetch.vllm.log,76,3,5.878
/Users/jiangnanhugo/workspace/power-sharpening/Subtree-Prefetching-Power-Sharpening/case_studies/logs-entropycut/lcb_v6/2026-09-20/vllm/dataset-lcb_v6.model-qwen3-4b.alpha4.0.steps100.blocks-1.prefetch-budget-20.rank-accept_first.cut-entropy4.0.samples20.maxnew1024.seed10086.subtreePrefetch.vllm.log,77,4,6.404
/Users/jiangnanhugo/workspace/power-sharpening/Subtree-Prefetching-Power-Sharpening/case_studies/logs-entropycut/lcb_v6/2026-09-20/vllm/dataset-lcb_v6.model-qwen3-4b.alpha4.0.steps100.blocks-1.prefetch-budget-20.rank-accept_first.cut-entropy4.0.samples20.maxnew1024.seed10086.subtreePrefetch.vllm.log,78,3,4.762
/Users/jiangnanhugo/workspace/power-sharpening/Subtree-Prefetching-Power-Sharpening/case_studies/logs-entropycut/lcb_v6/2026-09-20/vllm/dataset-lcb_v6.model-qwen3-4b.alpha4.0.steps100.blocks-1.prefetch-budget-20.rank-accept_first.cut-entropy4.0.samples20.maxnew1024.seed10086.subtreePrefetch.vllm.log,79,2,4.76
/Users/jiangnanhugo/workspace/power-sharpening/Subtree-Prefetching-Power-Sharpening/case_studies/logs-entropycut/lcb_v6/2026-09-20/vllm/dataset-lcb_v6.model-qwen3-4b.alpha4.0.steps100.blocks-1.prefetch-budget-20.rank-accept_first.cut-entropy4.0.samples20.maxnew1024.seed10086.subtreePrefetch.vllm.log,80,3,4.763
/Users/jiangnanhugo/workspace/power-sharpening/Subtree-Prefetching-Power-Sharpening/case_studies/logs-entropycut/lcb_v6/2026-09-20/vllm/dataset-lcb_v6.model-qwen3-4b.alpha4.0.steps100.blocks-1.prefetch-budget-20.rank-accept_first.cut-entropy4.0.samples20.maxnew1024.seed10086.subtreePrefetch.vllm.log,81,3,6.45
/Users/jiangnanhugo/workspace/power-sharpening/Subtree-Prefetching-Power-Sharpening/case_studies/logs-entropycut/lcb_v6/2026-09-20/vllm/dataset-lcb_v6.model-qwen3-4b.alpha4.0.steps100.blocks-1.prefetch-budget-20.rank-accept_first.cut-entropy4.0.samples20.maxnew1024.seed10086.subtreePrefetch.vllm.log,82,3,6.56
/Users/jiangnanhugo/workspace/power-sharpening/Subtree-Prefetching-Power-Sharpening/case_studies/logs-entropycut/lcb_v6/2026-09-20/vllm/dataset-lcb_v6.model-qwen3-4b.alpha4.0.steps100.blocks-1.prefetch-budget-20.rank-accept_first.cut-entropy4.0.samples20.maxnew1024.seed10086.subtreePrefetch.vllm.log,83,2,4.8
/Users/jiangnanhugo/workspace/power-sharpening/Subtree-Prefetching-Power-Sharpening/case_studies/logs-entropycut/lcb_v6/2026-09-20/vllm/dataset-lcb_v6.model-qwen3-4b.alpha4.0.steps100.blocks-1.prefetch-budget-20.rank-accept_first.cut-entropy4.0.samples20.maxnew1024.seed10086.subtreePrefetch.vllm.log,84,3,6.781
/Users/jiangnanhugo/workspace/power-sharpening/Subtree-Prefetching-Power-Sharpening/case_studies/logs-entropycut/lcb_v6/2026-09-20/vllm/dataset-lcb_v6.model-qwen3-4b.alpha4.0.steps100.blocks-1.prefetch-budget-20.rank-accept_first.cut-entropy4.0.samples20.maxnew1024.seed10086.subtreePrefetch.vllm.log,85,2,3.682
/Users/jiangnanhugo/workspace/power-sharpening/Subtree-Prefetching-Power-Sharpening/case_studies/logs-entropycut/lcb_v6/2026-09-20/vllm/dataset-lcb_v6.model-qwen3-4b.alpha4.0.steps100.blocks-1.prefetch-budget-20.rank-accept_first.cut-entropy4.0.samples20.maxnew1024.seed10086.subtreePrefetch.vllm.log,86,3,5.361
/Users/jiangnanhugo/workspace/power-sharpening/Subtree-Prefetching-Power-Sharpening/case_studies/logs-entropycut/lcb_v6/2026-09-20/vllm/dataset-lcb_v6.model-qwen3-4b.alpha4.0.steps100.blocks-1.prefetch-budget-20.rank-accept_first.cut-entropy4.0.samples20.maxnew1024.seed10086.subtreePrefetch.vllm.log,87,4,6.436
/Users/jiangnanhugo/workspace/power-sharpening/Subtree-Prefetching-Power-Sharpening/case_studies/logs-entropycut/lcb_v6/2026-09-20/vllm/dataset-lcb_v6.model-qwen3-4b.alpha4.0.steps100.blocks-1.prefetch-budget-20.rank-accept_first.cut-entropy4.0.samples20.maxnew1024.seed10086.subtreePrefetch.vllm.log,88,2,6.554
/Users/jiangnanhugo/workspace/power-sharpening/Subtree-Prefetching-Power-Sharpening/case_studies/logs-entropycut/lcb_v6/2026-09-20/vllm/dataset-lcb_v6.model-qwen3-4b.alpha4.0.steps100.blocks-1.prefetch-budget-20.rank-accept_first.cut-entropy4.0.samples20.maxnew1024.seed10086.subtreePrefetch.vllm.log,89,1,6.518
/Users/jiangnanhugo/workspace/power-sharpening/Subtree-Prefetching-Power-Sharpening/case_studies/logs-entropycut/lcb_v6/2026-09-20/vllm/dataset-lcb_v6.model-qwen3-4b.alpha4.0.steps100.blocks-1.prefetch-budget-20.rank-accept_first.cut-entropy4.0.samples20.maxnew1024.seed10086.subtreePrefetch.vllm.log,90,6,6.695
/Users/jiangnanhugo/workspace/power-sharpening/Subtree-Prefetching-Power-Sharpening/case_studies/logs-entropycut/lcb_v6/2026-09-20/vllm/dataset-lcb_v6.model-qwen3-4b.alpha4.0.steps100.blocks-1.prefetch-budget-20.rank-accept_first.cut-entropy4.0.samples20.maxnew1024.seed10086.subtreePrefetch.vllm.log,91,1,6.479
/Users/jiangnanhugo/workspace/power-sharpening/Subtree-Prefetching-Power-Sharpening/case_studies/logs-entropycut/lcb_v6/2026-09-20/vllm/dataset-lcb_v6.model-qwen3-4b.alpha4.0.steps100.blocks-1.prefetch-budget-20.rank-accept_first.cut-entropy4.0.samples20.maxnew1024.seed10086.subtreePrefetch.vllm.log,92,5,6.279
/Users/jiangnanhugo/workspace/power-sharpening/Subtree-Prefetching-Power-Sharpening/case_studies/logs-entropycut/lcb_v6/2026-09-20/vllm/dataset-lcb_v6.model-qwen3-4b.alpha4.0.steps100.blocks-1.prefetch-budget-20.rank-accept_first.cut-entropy4.0.samples20.maxnew1024.seed10086.subtreePrefetch.vllm.log,93,3,5.643
/Users/jiangnanhugo/workspace/power-sharpening/Subtree-Prefetching-Power-Sharpening/case_studies/logs-entropycut/lcb_v6/2026-09-20/vllm/dataset-lcb_v6.model-qwen3-4b.alpha4.0.steps100.blocks-1.prefetch-budget-20.rank-accept_first.cut-entropy4.0.samples20.maxnew1024.seed10086.subtreePrefetch.vllm.log,94,1,5.825
/Users/jiangnanhugo/workspace/power-sharpening/Subtree-Prefetching-Power-Sharpening/case_studies/logs-entropycut/lcb_v6/2026-09-20/vllm/dataset-lcb_v6.model-qwen3-4b.alpha4.0.steps100.blocks-1.prefetch-budget-20.rank-accept_first.cut-entropy4.0.samples20.maxnew1024.seed10086.subtreePrefetch.vllm.log,95,2,5.433
/Users/jiangnanhugo/workspace/power-sharpening/Subtree-Prefetching-Power-Sharpening/case_studies/logs-entropycut/lcb_v6/2026-09-20/vllm/dataset-lcb_v6.model-qwen3-4b.alpha4.0.steps100.blocks-1.prefetch-budget-20.rank-accept_first.cut-entropy4.0.samples20.maxnew1024.seed10086.subtreePrefetch.vllm.log,96,3,6.079
/Users/jiangnanhugo/workspace/power-sharpening/Subtree-Prefetching-Power-Sharpening/case_studies/logs-entropycut/lcb_v6/2026-09-20/vllm/dataset-lcb_v6.model-qwen3-4b.alpha4.0.steps100.blocks-1.prefetch-budget-20.rank-accept_first.cut-entropy4.0.samples20.maxnew1024.seed10086.subtreePrefetch.vllm.log,97,3,5.524
/Users/jiangnanhugo/workspace/power-sharpening/Subtree-Prefetching-Power-Sharpening/case_studies/logs-entropycut/lcb_v6/2026-09-20/vllm/dataset-lcb_v6.model-qwen3-4b.alpha4.0.steps100.blocks-1.prefetch-budget-20.rank-accept_first.cut-entropy4.0.samples20.maxnew1024.seed10086.subtreePrefetch.vllm.log,98,3,6.44
/Users/jiangnanhugo/workspace/power-sharpening/Subtree-Prefetching-Power-Sharpening/case_studies/logs-entropycut/lcb_v6/2026-09-20/vllm/dataset-lcb_v6.model-qwen3-4b.alpha4.0.steps100.blocks-1.prefetch-budget-20.rank-accept_first.cut-entropy4.0.samples20.maxnew1024.seed10086.subtreePrefetch.vllm.log,99,3,6.331
/Users/jiangnanhugo/workspace/power-sharpening/Subtree-Prefetching-Power-Sharpening/case_studies/logs-entropycut/lcb_v6/2026-09-20/vllm/dataset-lcb_v6.model-qwen3-4b.alpha4.0.steps100.blocks-1.prefetch-budget-20.rank-accept_first.cut-entropy4.0.samples20.maxnew1024.seed10086.subtreePrefetch.vllm.log,100,5,5.49
/Users/jiangnanhugo/workspace/power-sharpening/Subtree-Prefetching-Power-Sharpening/case_studies/logs-entropycut/lcb_v6/2026-09-20/vllm/dataset-lcb_v6.model-qwen3-4b.alpha4.0.steps100.blocks-1.prefetch-budget-20.rank-accept_first.cut-entropy4.0.samples20.maxnew1024.seed10086.subtreePrefetch.vllm.log,101,1,6.473
/Users/jiangnanhugo/workspace/power-sharpening/Subtree-Prefetching-Power-Sharpening/case_studies/logs-entropycut/lcb_v6/2026-09-20/vllm/dataset-lcb_v6.model-qwen3-4b.alpha4.0.steps100.blocks-1.prefetch-budget-20.rank-accept_first.cut-entropy4.0.samples20.maxnew1024.seed10086.subtreePrefetch.vllm.log,102,6,5.9
/Users/jiangnanhugo/workspace/power-sharpening/Subtree-Prefetching-Power-Sharpening/case_studies/logs-entropycut/lcb_v6/2026-09-20/vllm/dataset-lcb_v6.model-qwen3-4b.alpha4.0.steps100.blocks-1.prefetch-budget-20.rank-accept_first.cut-entropy4.0.samples20.maxnew1024.seed10086.subtreePrefetch.vllm.log,103,1,6.215
/Users/jiangnanhugo/workspace/power-sharpening/Subtree-Prefetching-Power-Sharpening/case_studies/logs-entropycut/lcb_v6/2026-09-20/vllm/dataset-lcb_v6.model-qwen3-4b.alpha4.0.steps100.blocks-1.prefetch-budget-20.rank-accept_first.cut-entropy4.0.samples20.maxnew1024.seed10086.subtreePrefetch.vllm.log,104,2,5.854
/Users/jiangnanhugo/workspace/power-sharpening/Subtree-Prefetching-Power-Sharpening/case_studies/logs-entropycut/lcb_v6/2026-09-20/vllm/dataset-lcb_v6.model-qwen3-4b.alpha4.0.steps100.blocks-1.prefetch-budget-20.rank-accept_first.cut-entropy4.0.samples20.maxnew1024.seed10086.subtreePrefetch.vllm.log,105,9,5.621
/Users/jiangnanhugo/workspace/power-sharpening/Subtree-Prefetching-Power-Sharpening/case_studies/logs-entropycut/lcb_v6/2026-09-20/vllm/dataset-lcb_v6.model-qwen3-4b.alpha4.0.steps100.blocks-1.prefetch-budget-20.rank-accept_first.cut-entropy4.0.samples20.maxnew1024.seed10086.subtreePrefetch.vllm.log,106,5,5.645
/Users/jiangnanhugo/workspace/power-sharpening/Subtree-Prefetching-Power-Sharpening/case_studies/logs-entropycut/lcb_v6/2026-09-20/vllm/dataset-lcb_v6.model-qwen3-4b.alpha4.0.steps100.blocks-1.prefetch-budget-20.rank-accept_first.cut-entropy4.0.samples20.maxnew1024.seed10086.subtreePrefetch.vllm.log,107,1,5.477
/Users/jiangnanhugo/workspace/power-sharpening/Subtree-Prefetching-Power-Sharpening/case_studies/logs-entropycut/lcb_v6/2026-09-20/vllm/dataset-lcb_v6.model-qwen3-4b.alpha4.0.steps100.blocks-1.prefetch-budget-20.rank-accept_first.cut-entropy4.0.samples20.maxnew1024.seed10086.subtreePrefetch.vllm.log,108,6,6.115
/Users/jiangnanhugo/workspace/power-sharpening/Subtree-Prefetching-Power-Sharpening/case_studies/logs-entropycut/lcb_v6/2026-09-20/vllm/dataset-lcb_v6.model-qwen3-4b.alpha4.0.steps100.blocks-1.prefetch-budget-20.rank-accept_first.cut-entropy4.0.samples20.maxnew1024.seed10086.subtreePrefetch.vllm.log,109,7,5.477
/Users/jiangnanhugo/workspace/power-sharpening/Subtree-Prefetching-Power-Sharpening/case_studies/logs-entropycut/lcb_v6/2026-09-20/vllm/dataset-lcb_v6.model-qwen3-4b.alpha4.0.steps100.blocks-1.prefetch-budget-20.rank-accept_first.cut-entropy4.0.samples20.maxnew1024.seed10086.subtreePrefetch.vllm.log,110,7,6.176
/Users/jiangnanhugo/workspace/power-sharpening/Subtree-Prefetching-Power-Sharpening/case_studies/logs-entropycut/lcb_v6/2026-09-20/vllm/dataset-lcb_v6.model-qwen3-4b.alpha4.0.steps100.blocks-1.prefetch-budget-20.rank-accept_first.cut-entropy4.0.samples20.maxnew1024.seed10086.subtreePrefetch.vllm.log,111,6,6.236
/Users/jiangnanhugo/workspace/power-sharpening/Subtree-Prefetching-Power-Sharpening/case_studies/logs-entropycut/lcb_v6/2026-09-20/vllm/dataset-lcb_v6.model-qwen3-4b.alpha4.0.steps100.blocks-1.prefetch-budget-20.rank-accept_first.cut-entropy4.0.samples20.maxnew1024.seed10086.subtreePrefetch.vllm.log,112,2,4.975
/Users/jiangnanhugo/workspace/power-sharpening/Subtree-Prefetching-Power-Sharpening/case_studies/logs-entropycut/lcb_v6/2026-09-20/vllm/dataset-lcb_v6.model-qwen3-4b.alpha4.0.steps100.blocks-1.prefetch-budget-20.rank-accept_first.cut-entropy4.0.samples20.maxnew1024.seed10086.subtreePrefetch.vllm.log,113,2,4.077
/Users/jiangnanhugo/workspace/power-sharpening/Subtree-Prefetching-Power-Sharpening/case_studies/logs-entropycut/lcb_v6/2026-09-20/vllm/dataset-lcb_v6.model-qwen3-4b.alpha4.0.steps100.blocks-1.prefetch-budget-20.rank-accept_first.cut-entropy4.0.samples20.maxnew1024.seed10086.subtreePrefetch.vllm.log,114,1,6.094
/Users/jiangnanhugo/workspace/power-sharpening/Subtree-Prefetching-Power-Sharpening/case_studies/logs-entropycut/lcb_v6/2026-09-20/vllm/dataset-lcb_v6.model-qwen3-4b.alpha4.0.steps100.blocks-1.prefetch-budget-20.rank-accept_first.cut-entropy4.0.samples20.maxnew1024.seed10086.subtreePrefetch.vllm.log,115,4,6.203
/Users/jiangnanhugo/workspace/power-sharpening/Subtree-Prefetching-Power-Sharpening/case_studies/logs-entropycut/lcb_v6/2026-09-20/vllm/dataset-lcb_v6.model-qwen3-4b.alpha4.0.steps100.blocks-1.prefetch-budget-20.rank-accept_first.cut-entropy4.0.samples20.maxnew1024.seed10086.subtreePrefetch.vllm.log,116,1,5.531
/Users/jiangnanhugo/workspace/power-sharpening/Subtree-Prefetching-Power-Sharpening/case_studies/logs-entropycut/lcb_v6/2026-09-20/vllm/dataset-lcb_v6.model-qwen3-4b.alpha4.0.steps100.blocks-1.prefetch-budget-20.rank-accept_first.cut-entropy4.0.samples20.maxnew1024.seed10086.subtreePrefetch.vllm.log,117,1,6.174
/Users/jiangnanhugo/workspace/power-sharpening/Subtree-Prefetching-Power-Sharpening/case_studies/logs-entropycut/lcb_v6/2026-09-20/vllm/dataset-lcb_v6.model-qwen3-4b.alpha4.0.steps100.blocks-1.prefetch-budget-20.rank-accept_first.cut-entropy4.0.samples20.maxnew1024.seed10086.subtreePrefetch.vllm.log,118,6,5.636
/Users/jiangnanhugo/workspace/power-sharpening/Subtree-Prefetching-Power-Sharpening/case_studies/logs-entropycut/lcb_v6/2026-09-20/vllm/dataset-lcb_v6.model-qwen3-4b.alpha4.0.steps100.blocks-1.prefetch-budget-20.rank-accept_first.cut-entropy4.0.samples20.maxnew1024.seed10086.subtreePrefetch.vllm.log,119,1,5.679
/Users/jiangnanhugo/workspace/power-sharpening/Subtree-Prefetching-Power-Sharpening/case_studies/logs-entropycut/lcb_v6/2026-09-20/vllm/dataset-lcb_v6.model-qwen3-4b.alpha4.0.steps100.blocks-1.prefetch-budget-20.rank-accept_first.cut-entropy4.0.samples20.maxnew1024.seed10086.subtreePrefetch.vllm.log,120,4,6.028
/Users/jiangnanhugo/workspace/power-sharpening/Subtree-Prefetching-Power-Sharpening/case_studies/logs-entropycut/lcb_v6/2026-09-20/vllm/dataset-lcb_v6.model-qwen3-4b.alpha4.0.steps100.blocks-1.prefetch-budget-20.rank-accept_first.cut-entropy4.0.samples20.maxnew1024.seed10086.subtreePrefetch.vllm.log,121,6,5.713
/Users/jiangnanhugo/workspace/power-sharpening/Subtree-Prefetching-Power-Sharpening/case_studies/logs-entropycut/lcb_v6/2026-09-20/vllm/dataset-lcb_v6.model-qwen3-4b.alpha4.0.steps100.blocks-1.prefetch-budget-20.rank-accept_first.cut-entropy4.0.samples20.maxnew1024.seed10086.subtreePrefetch.vllm.log,122,3,6.073
/Users/jiangnanhugo/workspace/power-sharpening/Subtree-Prefetching-Power-Sharpening/case_studies/logs-entropycut/lcb_v6/2026-09-20/vllm/dataset-lcb_v6.model-qwen3-4b.alpha4.0.steps100.blocks-1.prefetch-budget-20.rank-accept_first.cut-entropy4.0.samples20.maxnew1024.seed10086.subtreePrefetch.vllm.log,123,5,6.215
/Users/jiangnanhugo/workspace/power-sharpening/Subtree-Prefetching-Power-Sharpening/case_studies/logs-entropycut/lcb_v6/2026-09-20/vllm/dataset-lcb_v6.model-qwen3-4b.alpha4.0.steps100.blocks-1.prefetch-budget-20.rank-accept_first.cut-entropy4.0.samples20.maxnew1024.seed10086.subtreePrefetch.vllm.log,124,2,5.746
/Users/jiangnanhugo/workspace/power-sharpening/Subtree-Prefetching-Power-Sharpening/case_studies/logs-entropycut/lcb_v6/2026-09-20/vllm/dataset-lcb_v6.model-qwen3-4b.alpha4.0.steps100.blocks-1.prefetch-budget-20.rank-accept_first.cut-entropy4.0.samples20.maxnew1024.seed10086.subtreePrefetch.vllm.log,125,4,5.715
/Users/jiangnanhugo/workspace/power-sharpening/Subtree-Prefetching-Power-Sharpening/case_studies/logs-entropycut/lcb_v6/2026-09-20/vllm/dataset-lcb_v6.model-qwen3-4b.alpha4.0.steps100.blocks-1.prefetch-budget-20.rank-accept_first.cut-entropy4.0.samples20.maxnew1024.seed10086.subtreePrefetch.vllm.log,126,6,6.867
/Users/jiangnanhugo/workspace/power-sharpening/Subtree-Prefetching-Power-Sharpening/case_studies/logs-entropycut/lcb_v6/2026-09-20/vllm/dataset-lcb_v6.model-qwen3-4b.alpha4.0.steps100.blocks-1.prefetch-budget-20.rank-accept_first.cut-entropy4.0.samples20.maxnew1024.seed10086.subtreePrefetch.vllm.log,127,6,6.524
/Users/jiangnanhugo/workspace/power-sharpening/Subtree-Prefetching-Power-Sharpening/case_studies/logs-entropycut/lcb_v6/2026-09-20/vllm/dataset-lcb_v6.model-qwen3-4b.alpha4.0.steps100.blocks-1.prefetch-budget-20.rank-accept_first.cut-entropy4.0.samples20.maxnew1024.seed10086.subtreePrefetch.vllm.log,128,6,6.947
/Users/jiangnanhugo/workspace/power-sharpening/Subtree-Prefetching-Power-Sharpening/case_studies/logs-entropycut/lcb_v6/2026-09-20/vllm/dataset-lcb_v6.model-qwen3-4b.alpha4.0.steps100.blocks-1.prefetch-budget-20.rank-accept_first.cut-entropy4.0.samples20.maxnew1024.seed10086.subtreePrefetch.vllm.log,129,5,6.371
/Users/jiangnanhugo/workspace/power-sharpening/Subtree-Prefetching-Power-Sharpening/case_studies/logs-entropycut/lcb_v6/2026-09-20/vllm/dataset-lcb_v6.model-qwen3-4b.alpha4.0.steps100.blocks-1.prefetch-budget-20.rank-accept_first.cut-entropy4.0.samples20.maxnew1024.seed10086.subtreePrefetch.vllm.log,130,5,6.879
/Users/jiangnanhugo/workspace/power-sharpening/Subtree-Prefetching-Power-Sharpening/case_studies/logs-entropycut/lcb_v6/2026-09-20/vllm/dataset-lcb_v6.model-qwen3-4b.alpha4.0.steps100.blocks-1.prefetch-budget-20.rank-accept_first.cut-entropy4.0.samples20.maxnew1024.seed10086.subtreePrefetch.vllm.log,131,4,5.708
/Users/jiangnanhugo/workspace/power-sharpening/Subtree-Prefetching-Power-Sharpening/case_studies/logs-entropycut/lcb_v6/2026-09-20/vllm/dataset-lcb_v6.model-qwen3-4b.alpha4.0.steps100.blocks-1.prefetch-budget-20.rank-accept_first.cut-entropy4.0.samples20.maxnew1024.seed10086.subtreePrefetch.vllm.log,132,1,5.907
/Users/jiangnanhugo/workspace/power-sharpening/Subtree-Prefetching-Power-Sharpening/case_studies/logs-entropycut/lcb_v6/2026-09-20/vllm/dataset-lcb_v6.model-qwen3-4b.alpha4.0.steps100.blocks-1.prefetch-budget-20.rank-accept_first.cut-entropy4.0.samples20.maxnew1024.seed10086.subtreePrefetch.vllm.log,133,7,6.182
/Users/jiangnanhugo/workspace/power-sharpening/Subtree-Prefetching-Power-Sharpening/case_studies/logs-entropycut/lcb_v6/2026-09-20/vllm/dataset-lcb_v6.model-qwen3-4b.alpha4.0.steps100.blocks-1.prefetch-budget-20.rank-accept_first.cut-entropy4.0.samples20.maxnew1024.seed10086.subtreePrefetch.vllm.log,134,5,7.231
/Users/jiangnanhugo/workspace/power-sharpening/Subtree-Prefetching-Power-Sharpening/case_studies/logs-entropycut/lcb_v6/2026-09-20/vllm/dataset-lcb_v6.model-qwen3-4b.alpha4.0.steps100.blocks-1.prefetch-budget-20.rank-accept_first.cut-entropy4.0.samples20.maxnew1024.seed10086.subtreePrefetch.vllm.log,135,6,6.021
/Users/jiangnanhugo/workspace/power-sharpening/Subtree-Prefetching-Power-Sharpening/case_studies/logs-entropycut/lcb_v6/2026-09-20/vllm/dataset-lcb_v6.model-qwen3-4b.alpha4.0.steps100.blocks-1.prefetch-budget-20.rank-accept_first.cut-entropy4.0.samples20.maxnew1024.seed10086.subtreePrefetch.vllm.log,136,5,6.317
/Users/jiangnanhugo/workspace/power-sharpening/Subtree-Prefetching-Power-Sharpening/case_studies/logs-entropycut/lcb_v6/2026-09-20/vllm/dataset-lcb_v6.model-qwen3-4b.alpha4.0.steps100.blocks-1.prefetch-budget-20.rank-accept_first.cut-entropy4.0.samples20.maxnew1024.seed10086.subtreePrefetch.vllm.log,137,6,5.598
/Users/jiangnanhugo/workspace/power-sharpening/Subtree-Prefetching-Power-Sharpening/case_studies/logs-entropycut/lcb_v6/2026-09-20/vllm/dataset-lcb_v6.model-qwen3-4b.alpha4.0.steps100.blocks-1.prefetch-budget-20.rank-accept_first.cut-entropy4.0.samples20.maxnew1024.seed10086.subtreePrefetch.vllm.log,138,5,6.396
/Users/jiangnanhugo/workspace/power-sharpening/Subtree-Prefetching-Power-Sharpening/case_studies/logs-entropycut/lcb_v6/2026-09-20/vllm/dataset-lcb_v6.model-qwen3-4b.alpha4.0.steps100.blocks-1.prefetch-budget-20.rank-accept_first.cut-entropy4.0.samples20.maxnew1024.seed10086.subtreePrefetch.vllm.log,139,5,6.622
/Users/jiangnanhugo/workspace/power-sharpening/Subtree-Prefetching-Power-Sharpening/case_studies/logs-entropycut/lcb_v6/2026-09-20/vllm/dataset-lcb_v6.model-qwen3-4b.alpha4.0.steps100.blocks-1.prefetch-budget-20.rank-accept_first.cut-entropy4.0.samples20.maxnew1024.seed10086.subtreePrefetch.vllm.log,140,5,6.515
/Users/jiangnanhugo/workspace/power-sharpening/Subtree-Prefetching-Power-Sharpening/case_studies/logs-entropycut/lcb_v6/2026-09-20/vllm/dataset-lcb_v6.model-qwen3-4b.alpha4.0.steps100.blocks-1.prefetch-budget-20.rank-accept_first.cut-entropy4.0.samples20.maxnew1024.seed10086.subtreePrefetch.vllm.log,141,3,6.468
/Users/jiangnanhugo/workspace/power-sharpening/Subtree-Prefetching-Power-Sharpening/case_studies/logs-entropycut/lcb_v6/2026-09-20/vllm/dataset-lcb_v6.model-qwen3-4b.alpha4.0.steps100.blocks-1.prefetch-budget-20.rank-accept_first.cut-entropy4.0.samples20.maxnew1024.seed10086.subtreePrefetch.vllm.log,142,5,6.225
/Users/jiangnanhugo/workspace/power-sharpening/Subtree-Prefetching-Power-Sharpening/case_studies/logs-entropycut/lcb_v6/2026-09-20/vllm/dataset-lcb_v6.model-qwen3-4b.alpha4.0.steps100.blocks-1.prefetch-budget-20.rank-accept_first.cut-entropy4.0.samples20.maxnew1024.seed10086.subtreePrefetch.vllm.log,143,6,6.476
/Users/jiangnanhugo/workspace/power-sharpening/Subtree-Prefetching-Power-Sharpening/case_studies/logs-entropycut/lcb_v6/2026-09-20/vllm/dataset-lcb_v6.model-qwen3-4b.alpha4.0.steps100.blocks-1.prefetch-budget-20.rank-accept_first.cut-entropy4.0.samples20.maxnew1024.seed10086.subtreePrefetch.vllm.log,144,6,6.397
/Users/jiangnanhugo/workspace/power-sharpening/Subtree-Prefetching-Power-Sharpening/case_studies/logs-entropycut/lcb_v6/2026-09-20/vllm/dataset-lcb_v6.model-qwen3-4b.alpha4.0.steps100.blocks-1.prefetch-budget-20.rank-accept_first.cut-entropy4.0.samples20.maxnew1024.seed10086.subtreePrefetch.vllm.log,145,4,6.481
/Users/jiangnanhugo/workspace/power-sharpening/Subtree-Prefetching-Power-Sharpening/case_studies/logs-entropycut/lcb_v6/2026-09-20/vllm/dataset-lcb_v6.model-qwen3-4b.alpha4.0.steps100.blocks-1.prefetch-budget-20.rank-accept_first.cut-entropy4.0.samples20.maxnew1024.seed10086.subtreePrefetch.vllm.log,146,6,6.335
/Users/jiangnanhugo/workspace/power-sharpening/Subtree-Prefetching-Power-Sharpening/case_studies/logs-entropycut/lcb_v6/2026-09-20/vllm/dataset-lcb_v6.model-qwen3-4b.alpha4.0.steps100.blocks-1.prefetch-budget-20.rank-accept_first.cut-entropy4.0.samples20.maxnew1024.seed10086.subtreePrefetch.vllm.log,147,3,6.752
/Users/jiangnanhugo/workspace/power-sharpening/Subtree-Prefetching-Power-Sharpening/case_studies/logs-entropycut/lcb_v6/2026-09-20/vllm/dataset-lcb_v6.model-qwen3-4b.alpha4.0.steps100.blocks-1.prefetch-budget-20.rank-accept_first.cut-entropy4.0.samples20.maxnew1024.seed10086.subtreePrefetch.vllm.log,148,5,6.486
/Users/jiangnanhugo/workspace/power-sharpening/Subtree-Prefetching-Power-Sharpening/case_studies/logs-entropycut/lcb_v6/2026-09-20/vllm/dataset-lcb_v6.model-qwen3-4b.alpha4.0.steps100.blocks-1.prefetch-budget-20.rank-accept_first.cut-entropy4.0.samples20.maxnew1024.seed10086.subtreePrefetch.vllm.log,149,3,6.441
/Users/jiangnanhugo/workspace/power-sharpening/Subtree-Prefetching-Power-Sharpening/case_studies/logs-entropycut/lcb_v6/2026-09-20/vllm/dataset-lcb_v6.model-qwen3-4b.alpha4.0.steps100.blocks-1.prefetch-budget-20.rank-accept_first.cut-entropy4.0.samples20.maxnew1024.seed10086.subtreePrefetch.vllm.log,150,5,6.271
/Users/jiangnanhugo/workspace/power-sharpening/Subtree-Prefetching-Power-Sharpening/case_studies/logs-entropycut/lcb_v6/2026-09-20/vllm/dataset-lcb_v6.model-qwen3-4b.alpha4.0.steps100.blocks-1.prefetch-budget-20.rank-accept_first.cut-entropy4.0.samples20.maxnew1024.seed10086.subtreePrefetch.vllm.log,151,5,6.483
/Users/jiangnanhugo/workspace/power-sharpening/Subtree-Prefetching-Power-Sharpening/case_studies/logs-entropycut/lcb_v6/2026-09-20/vllm/dataset-lcb_v6.model-qwen3-4b.alpha4.0.steps100.blocks-1.prefetch-budget-20.rank-accept_first.cut-entropy4.0.samples20.maxnew1024.seed10086.subtreePrefetch.vllm.log,152,5,6.783
/Users/jiangnanhugo/workspace/power-sharpening/Subtree-Prefetching-Power-Sharpening/case_studies/logs-entropycut/lcb_v6/2026-09-20/vllm/dataset-lcb_v6.model-qwen3-4b.alpha4.0.steps100.blocks-1.prefetch-budget-20.rank-accept_first.cut-entropy4.0.samples20.maxnew1024.seed10086.subtreePrefetch.vllm.log,153,5,6.832
/Users/jiangnanhugo/workspace/power-sharpening/Subtree-Prefetching-Power-Sharpening/case_studies/logs-entropycut/lcb_v6/2026-09-20/vllm/dataset-lcb_v6.model-qwen3-4b.alpha4.0.steps100.blocks-1.prefetch-budget-20.rank-accept_first.cut-entropy4.0.samples20.maxnew1024.seed10086.subtreePrefetch.vllm.log,154,4,6.53
/Users/jiangnanhugo/workspace/power-sharpening/Subtree-Prefetching-Power-Sharpening/case_studies/logs-entropycut/lcb_v6/2026-09-20/vllm/dataset-lcb_v6.model-qwen3-4b.alpha4.0.steps100.blocks-1.prefetch-budget-20.rank-accept_first.cut-entropy4.0.samples20.maxnew1024.seed10086.subtreePrefetch.vllm.log,155,4,6.575
/Users/jiangnanhugo/workspace/power-sharpening/Subtree-Prefetching-Power-Sharpening/case_studies/logs-entropycut/lcb_v6/2026-09-20/vllm/dataset-lcb_v6.model-qwen3-4b.alpha4.0.steps100.blocks-1.prefetch-budget-20.rank-accept_first.cut-entropy4.0.samples20.maxnew1024.seed10086.subtreePrefetch.vllm.log,156,4,5.671
/Users/jiangnanhugo/workspace/power-sharpening/Subtree-Prefetching-Power-Sharpening/case_studies/logs-entropycut/lcb_v6/2026-09-20/vllm/dataset-lcb_v6.model-qwen3-4b.alpha4.0.steps100.blocks-1.prefetch-budget-20.rank-accept_first.cut-entropy4.0.samples20.maxnew1024.seed10086.subtreePrefetch.vllm.log,157,5,6.755
/Users/jiangnanhugo/workspace/power-sharpening/Subtree-Prefetching-Power-Sharpening/case_studies/logs-entropycut/lcb_v6/2026-09-20/vllm/dataset-lcb_v6.model-qwen3-4b.alpha4.0.steps100.blocks-1.prefetch-budget-20.rank-accept_first.cut-entropy4.0.samples20.maxnew1024.seed10086.subtreePrefetch.vllm.log,158,4,6.592
/Users/jiangnanhugo/workspace/power-sharpening/Subtree-Prefetching-Power-Sharpening/case_studies/logs-entropycut/lcb_v6/2026-09-20/vllm/dataset-lcb_v6.model-qwen3-4b.alpha4.0.steps100.blocks-1.prefetch-budget-20.rank-accept_first.cut-entropy4.0.samples20.maxnew1024.seed10086.subtreePrefetch.vllm.log,159,3,3.308
/Users/jiangnanhugo/workspace/power-sharpening/Subtree-Prefetching-Power-Sharpening/case_studies/logs-entropycut/lcb_v6/2026-09-20/vllm/dataset-lcb_v6.model-qwen3-4b.alpha4.0.steps100.blocks-1.prefetch-budget-20.rank-accept_first.cut-entropy4.0.samples20.maxnew1024.seed10086.subtreePrefetch.vllm.log,160,1,5.809
/Users/jiangnanhugo/workspace/power-sharpening/Subtree-Prefetching-Power-Sharpening/case_studies/logs-entropycut/lcb_v6/2026-09-20/vllm/dataset-lcb_v6.model-qwen3-4b.alpha4.0.steps100.blocks-1.prefetch-budget-20.rank-accept_first.cut-entropy4.0.samples20.maxnew1024.seed10086.subtreePrefetch.vllm.log,161,1,6.534
/Users/jiangnanhugo/workspace/power-sharpening/Subtree-Prefetching-Power-Sharpening/case_studies/logs-entropycut/lcb_v6/2026-09-20/vllm/dataset-lcb_v6.model-qwen3-4b.alpha4.0.steps100.blocks-1.prefetch-budget-20.rank-accept_first.cut-entropy4.0.samples20.maxnew1024.seed10086.subtreePrefetch.vllm.log,162,2,6.74
/Users/jiangnanhugo/workspace/power-sharpening/Subtree-Prefetching-Power-Sharpening/case_studies/logs-entropycut/lcb_v6/2026-09-20/vllm/dataset-lcb_v6.model-qwen3-4b.alpha4.0.steps100.blocks-1.prefetch-budget-20.rank-accept_first.cut-entropy4.0.samples20.maxnew1024.seed10086.subtreePrefetch.vllm.log,163,1,5.361
/Users/jiangnanhugo/workspace/power-sharpening/Subtree-Prefetching-Power-Sharpening/case_studies/logs-entropycut/lcb_v6/2026-09-20/vllm/dataset-lcb_v6.model-qwen3-4b.alpha4.0.steps100.blocks-1.prefetch-budget-20.rank-accept_first.cut-entropy4.0.samples20.maxnew1024.seed10086.subtreePrefetch.vllm.log,164,6,6.238
/Users/jiangnanhugo/workspace/power-sharpening/Subtree-Prefetching-Power-Sharpening/case_studies/logs-entropycut/lcb_v6/2026-09-20/vllm/dataset-lcb_v6.model-qwen3-4b.alpha4.0.steps100.blocks-1.prefetch-budget-20.rank-accept_first.cut-entropy4.0.samples20.maxnew1024.seed10086.subtreePrefetch.vllm.log,165,4,4.126
/Users/jiangnanhugo/workspace/power-sharpening/Subtree-Prefetching-Power-Sharpening/case_studies/logs-entropycut/lcb_v6/2026-09-20/vllm/dataset-lcb_v6.model-qwen3-4b.alpha4.0.steps100.blocks-1.prefetch-budget-20.rank-accept_first.cut-entropy4.0.samples20.maxnew1024.seed10086.subtreePrefetch.vllm.log,166,3,5.494
/Users/jiangnanhugo/workspace/power-sharpening/Subtree-Prefetching-Power-Sharpening/case_studies/logs-entropycut/lcb_v6/2026-09-20/vllm/dataset-lcb_v6.model-qwen3-4b.alpha4.0.steps100.blocks-1.prefetch-budget-20.rank-accept_first.cut-entropy4.0.samples20.maxnew1024.seed10086.subtreePrefetch.vllm.log,167,2,6.281
/Users/jiangnanhugo/workspace/power-sharpening/Subtree-Prefetching-Power-Sharpening/case_studies/logs-entropycut/lcb_v6/2026-09-20/vllm/dataset-lcb_v6.model-qwen3-4b.alpha4.0.steps100.blocks-1.prefetch-budget-20.rank-accept_first.cut-entropy4.0.samples20.maxnew1024.seed10086.subtreePrefetch.vllm.log,168,3,6.83
/Users/jiangnanhugo/workspace/power-sharpening/Subtree-Prefetching-Power-Sharpening/case_studies/logs-entropycut/lcb_v6/2026-09-20/vllm/dataset-lcb_v6.model-qwen3-4b.alpha4.0.steps100.blocks-1.prefetch-budget-20.rank-accept_first.cut-entropy4.0.samples20.maxnew1024.seed10086.subtreePrefetch.vllm.log,169,3,6.784
/Users/jiangnanhugo/workspace/power-sharpening/Subtree-Prefetching-Power-Sharpening/case_studies/logs-entropycut/lcb_v6/2026-09-20/vllm/dataset-lcb_v6.model-qwen3-4b.alpha4.0.steps100.blocks-1.prefetch-budget-20.rank-accept_first.cut-entropy4.0.samples20.maxnew1024.seed10086.subtreePrefetch.vllm.log,170,6,5.932
/Users/jiangnanhugo/workspace/power-sharpening/Subtree-Prefetching-Power-Sharpening/case_studies/logs-entropycut/lcb_v6/2026-09-20/vllm/dataset-lcb_v6.model-qwen3-4b.alpha4.0.steps100.blocks-1.prefetch-budget-20.rank-accept_first.cut-entropy4.0.samples20.maxnew1024.seed10086.subtreePrefetch.vllm.log,171,6,6.223
/Users/jiangnanhugo/workspace/power-sharpening/Subtree-Prefetching-Power-Sharpening/case_studies/logs-entropycut/lcb_v6/2026-09-20/vllm/dataset-lcb_v6.model-qwen3-4b.alpha4.0.steps100.blocks-1.prefetch-budget-20.rank-accept_first.cut-entropy4.0.samples20.maxnew1024.seed10086.subtreePrefetch.vllm.log,172,5,6.728
/Users/jiangnanhugo/workspace/power-sharpening/Subtree-Prefetching-Power-Sharpening/case_studies/logs-entropycut/lcb_v6/2026-09-20/vllm/dataset-lcb_v6.model-qwen3-4b.alpha4.0.steps100.blocks-1.prefetch-budget-20.rank-accept_first.cut-entropy4.0.samples20.maxnew1024.seed10086.subtreePrefetch.vllm.log,173,4,6.605
/Users/jiangnanhugo/workspace/power-sharpening/Subtree-Prefetching-Power-Sharpening/case_studies/logs-entropycut/lcb_v6/2026-09-20/vllm/dataset-lcb_v6.model-qwen3-4b.alpha4.0.steps100.blocks-1.prefetch-budget-20.rank-accept_first.cut-entropy4.0.samples20.maxnew1024.seed10086.subtreePrefetch.vllm.log,174,10,6.659
/Users/jiangnanhugo/workspace/power-sharpening/Subtree-Prefetching-Power-Sharpening/case_studies/logs-entropycut/lcb_v6/2026-09-20/vllm/dataset-lcb_v6.model-qwen3-4b.alpha4.0.steps100.blocks-1.prefetch-budget-20.rank-accept_first.cut-entropy4.0.samples20.maxnew1024.seed10086.subtreePrefetch.vllm.log,175,4,6.125
/Users/jiangnanhugo/workspace/power-sharpening/Subtree-Prefetching-Power-Sharpening/case_studies/logs-entropycut/lcb_v6/2026-09-20/vllm/dataset-lcb_v6.model-qwen3-4b.alpha4.0.steps100.blocks-1.prefetch-budget-20.rank-accept_first.cut-entropy4.0.samples20.maxnew1024.seed10086.subtreePrefetch.vllm.log,176,7,6.688
/Users/jiangnanhugo/workspace/power-sharpening/Subtree-Prefetching-Power-Sharpening/case_studies/logs-entropycut/lcb_v6/2026-09-20/vllm/dataset-lcb_v6.model-qwen3-4b.alpha4.0.steps100.blocks-1.prefetch-budget-20.rank-accept_first.cut-entropy4.0.samples20.maxnew1024.seed10086.subtreePrefetch.vllm.log,177,5,7.031
/Users/jiangnanhugo/workspace/power-sharpening/Subtree-Prefetching-Power-Sharpening/case_studies/logs-entropycut/lcb_v6/2026-09-20/vllm/dataset-lcb_v6.model-qwen3-4b.alpha4.0.steps100.blocks-1.prefetch-budget-20.rank-accept_first.cut-entropy4.0.samples20.maxnew1024.seed10086.subtreePrefetch.vllm.log,178,4,6.938
/Users/jiangnanhugo/workspace/power-sharpening/Subtree-Prefetching-Power-Sharpening/case_studies/logs-entropycut/lcb_v6/2026-09-20/vllm/dataset-lcb_v6.model-qwen3-4b.alpha4.0.steps100.blocks-1.prefetch-budget-20.rank-accept_first.cut-entropy4.0.samples20.maxnew1024.seed10086.subtreePrefetch.vllm.log,179,6,6.565
/Users/jiangnanhugo/workspace/power-sharpening/Subtree-Prefetching-Power-Sharpening/case_studies/logs-entropycut/lcb_v6/2026-09-20/vllm/dataset-lcb_v6.model-qwen3-4b.alpha4.0.steps100.blocks-1.prefetch-budget-20.rank-accept_first.cut-entropy4.0.samples20.maxnew1024.seed10086.subtreePrefetch.vllm.log,180,5,6.545
/Users/jiangnanhugo/workspace/power-sharpening/Subtree-Prefetching-Power-Sharpening/case_studies/logs-entropycut/lcb_v6/2026-09-20/vllm/dataset-lcb_v6.model-qwen3-4b.alpha4.0.steps100.blocks-1.prefetch-budget-20.rank-accept_first.cut-entropy4.0.samples20.maxnew1024.seed10086.subtreePrefetch.vllm.log,181,6,5.965
/Users/jiangnanhugo/workspace/power-sharpening/Subtree-Prefetching-Power-Sharpening/case_studies/logs-entropycut/lcb_v6/2026-09-20/vllm/dataset-lcb_v6.model-qwen3-4b.alpha4.0.steps100.blocks-1.prefetch-budget-20.rank-accept_first.cut-entropy4.0.samples20.maxnew1024.seed10086.subtreePrefetch.vllm.log,182,3,5.603
/Users/jiangnanhugo/workspace/power-sharpening/Subtree-Prefetching-Power-Sharpening/case_studies/logs-entropycut/lcb_v6/2026-09-20/vllm/dataset-lcb_v6.model-qwen3-4b.alpha4.0.steps100.blocks-1.prefetch-budget-20.rank-accept_first.cut-entropy4.0.samples20.maxnew1024.seed10086.subtreePrefetch.vllm.log,183,3,4.37
/Users/jiangnanhugo/workspace/power-sharpening/Subtree-Prefetching-Power-Sharpening/case_studies/logs-entropycut/lcb_v6/2026-09-20/vllm/dataset-lcb_v6.model-qwen3-4b.alpha4.0.steps100.blocks-1.prefetch-budget-20.rank-accept_first.cut-entropy4.0.samples20.maxnew1024.seed10086.subtreePrefetch.vllm.log,184,3,5.708
/Users/jiangnanhugo/workspace/power-sharpening/Subtree-Prefetching-Power-Sharpening/case_studies/logs-entropycut/lcb_v6/2026-09-20/vllm/dataset-lcb_v6.model-qwen3-4b.alpha4.0.steps100.blocks-1.prefetch-budget-20.rank-accept_first.cut-entropy4.0.samples20.maxnew1024.seed10086.subtreePrefetch.vllm.log,185,2,5.557
/Users/jiangnanhugo/workspace/power-sharpening/Subtree-Prefetching-Power-Sharpening/case_studies/logs-entropycut/lcb_v6/2026-09-20/vllm/dataset-lcb_v6.model-qwen3-4b.alpha4.0.steps100.blocks-1.prefetch-budget-20.rank-accept_first.cut-entropy4.0.samples20.maxnew1024.seed10086.subtreePrefetch.vllm.log,186,1,6.517
/Users/jiangnanhugo/workspace/power-sharpening/Subtree-Prefetching-Power-Sharpening/case_studies/logs-entropycut/lcb_v6/2026-09-20/vllm/dataset-lcb_v6.model-qwen3-4b.alpha4.0.steps100.blocks-1.prefetch-budget-20.rank-accept_first.cut-entropy4.0.samples20.maxnew1024.seed10086.subtreePrefetch.vllm.log,187,4,6.049
/Users/jiangnanhugo/workspace/power-sharpening/Subtree-Prefetching-Power-Sharpening/case_studies/logs-entropycut/lcb_v6/2026-09-20/vllm/dataset-lcb_v6.model-qwen3-4b.alpha4.0.steps100.blocks-1.prefetch-budget-20.rank-accept_first.cut-entropy4.0.samples20.maxnew1024.seed10086.subtreePrefetch.vllm.log,188,3,6.017
/Users/jiangnanhugo/workspace/power-sharpening/Subtree-Prefetching-Power-Sharpening/case_studies/logs-entropycut/lcb_v6/2026-09-20/vllm/dataset-lcb_v6.model-qwen3-4b.alpha4.0.steps100.blocks-1.prefetch-budget-20.rank-accept_first.cut-entropy4.0.samples20.maxnew1024.seed10086.subtreePrefetch.vllm.log,189,4,6.72
/Users/jiangnanhugo/workspace/power-sharpening/Subtree-Prefetching-Power-Sharpening/case_studies/logs-entropycut/lcb_v6/2026-09-20/vllm/dataset-lcb_v6.model-qwen3-4b.alpha4.0.steps100.blocks-1.prefetch-budget-20.rank-accept_first.cut-entropy4.0.samples20.maxnew1024.seed10086.subtreePrefetch.vllm.log,190,2,6.11
/Users/jiangnanhugo/workspace/power-sharpening/Subtree-Prefetching-Power-Sharpening/case_studies/logs-entropycut/lcb_v6/2026-09-20/vllm/dataset-lcb_v6.model-qwen3-4b.alpha4.0.steps100.blocks-1.prefetch-budget-20.rank-accept_first.cut-entropy4.0.samples20.maxnew1024.seed10086.subtreePrefetch.vllm.log,191,4,6.402
/Users/jiangnanhugo/workspace/power-sharpening/Subtree-Prefetching-Power-Sharpening/case_studies/logs-entropycut/lcb_v6/2026-09-20/vllm/dataset-lcb_v6.model-qwen3-4b.alpha4.0.steps100.blocks-1.prefetch-budget-20.rank-accept_first.cut-entropy4.0.samples20.maxnew1024.seed10086.subtreePrefetch.vllm.log,192,4,6.596
/Users/jiangnanhugo/workspace/power-sharpening/Subtree-Prefetching-Power-Sharpening/case_studies/logs-entropycut/lcb_v6/2026-09-20/vllm/dataset-lcb_v6.model-qwen3-4b.alpha4.0.steps100.blocks-1.prefetch-budget-20.rank-accept_first.cut-entropy4.0.samples20.maxnew1024.seed10086.subtreePrefetch.vllm.log,193,3,6.02
/Users/jiangnanhugo/workspace/power-sharpening/Subtree-Prefetching-Power-Sharpening/case_studies/logs-entropycut/lcb_v6/2026-09-20/vllm/dataset-lcb_v6.model-qwen3-4b.alpha4.0.steps100.blocks-1.prefetch-budget-20.rank-accept_first.cut-entropy4.0.samples20.maxnew1024.seed10086.subtreePrefetch.vllm.log,194,3,6.083
/Users/jiangnanhugo/workspace/power-sharpening/Subtree-Prefetching-Power-Sharpening/case_studies/logs-entropycut/lcb_v6/2026-09-20/vllm/dataset-lcb_v6.model-qwen3-4b.alpha4.0.steps100.blocks-1.prefetch-budget-20.rank-accept_first.cut-entropy4.0.samples20.maxnew1024.seed10086.subtreePrefetch.vllm.log,195,3,6.276
/Users/jiangnanhugo/workspace/power-sharpening/Subtree-Prefetching-Power-Sharpening/case_studies/logs-entropycut/lcb_v6/2026-09-20/vllm/dataset-lcb_v6.model-qwen3-4b.alpha4.0.steps100.blocks-1.prefetch-budget-20.rank-accept_first.cut-entropy4.0.samples20.maxnew1024.seed10086.subtreePrefetch.vllm.log,196,4,6.494
/Users/jiangnanhugo/workspace/power-sharpening/Subtree-Prefetching-Power-Sharpening/case_studies/logs-entropycut/lcb_v6/2026-09-20/vllm/dataset-lcb_v6.model-qwen3-4b.alpha4.0.steps100.blocks-1.prefetch-budget-20.rank-accept_first.cut-entropy4.0.samples20.maxnew1024.seed10086.subtreePrefetch.vllm.log,197,3,6.188
/Users/jiangnanhugo/workspace/power-sharpening/Subtree-Prefetching-Power-Sharpening/case_studies/logs-entropycut/lcb_v6/2026-09-20/vllm/dataset-lcb_v6.model-qwen3-4b.alpha4.0.steps100.blocks-1.prefetch-budget-20.rank-accept_first.cut-entropy4.0.samples20.maxnew1024.seed10086.subtreePrefetch.vllm.log,198,3,6.594
/Users/jiangnanhugo/workspace/power-sharpening/Subtree-Prefetching-Power-Sharpening/case_studies/logs-entropycut/lcb_v6/2026-09-20/vllm/dataset-lcb_v6.model-qwen3-4b.alpha4.0.steps100.blocks-1.prefetch-budget-20.rank-accept_first.cut-entropy4.0.samples20.maxnew1024.seed10086.subtreePrefetch.vllm.log,199,3,6.558
/Users/jiangnanhugo/workspace/power-sharpening/Subtree-Prefetching-Power-Sharpening/case_studies/logs-entropycut/lcb_v6/2026-09-20/vllm/dataset-lcb_v6.model-qwen3-4b.alpha4.0.steps100.blocks-1.prefetch-budget-20.rank-accept_first.cut-entropy4.0.samples20.maxnew1024.seed10086.subtreePrefetch.vllm.log,200,3,5.919
/Users/jiangnanhugo/workspace/power-sharpening/Subtree-Prefetching-Power-Sharpening/case_studies/logs-entropycut/lcb_v6/2026-09-20/vllm/dataset-lcb_v6.model-qwen3-4b.alpha4.0.steps100.blocks-1.prefetch-budget-20.rank-accept_first.cut-entropy4.0.samples20.maxnew1024.seed10086.subtreePrefetch.vllm.log,201,2,6.18
/Users/jiangnanhugo/workspace/power-sharpening/Subtree-Prefetching-Power-Sharpening/case_studies/logs-entropycut/lcb_v6/2026-09-20/vllm/dataset-lcb_v6.model-qwen3-4b.alpha4.0.steps100.blocks-1.prefetch-budget-20.rank-accept_first.cut-entropy4.0.samples20.maxnew1024.seed10086.subtreePrefetch.vllm.log,202,5,6.311
/Users/jiangnanhugo/workspace/power-sharpening/Subtree-Prefetching-Power-Sharpening/case_studies/logs-entropycut/lcb_v6/2026-09-20/vllm/dataset-lcb_v6.model-qwen3-4b.alpha4.0.steps100.blocks-1.prefetch-budget-20.rank-accept_first.cut-entropy4.0.samples20.maxnew1024.seed10086.subtreePrefetch.vllm.log,203,3,6.47
/Users/jiangnanhugo/workspace/power-sharpening/Subtree-Prefetching-Power-Sharpening/case_studies/logs-entropycut/lcb_v6/2026-09-20/vllm/dataset-lcb_v6.model-qwen3-4b.alpha4.0.steps100.blocks-1.prefetch-budget-20.rank-accept_first.cut-entropy4.0.samples20.maxnew1024.seed10086.subtreePrefetch.vllm.log,204,2,6.391
/Users/jiangnanhugo/workspace/power-sharpening/Subtree-Prefetching-Power-Sharpening/case_studies/logs-entropycut/lcb_v6/2026-09-20/vllm/dataset-lcb_v6.model-qwen3-4b.alpha4.0.steps100.blocks-1.prefetch-budget-20.rank-accept_first.cut-entropy4.0.samples20.maxnew1024.seed10086.subtreePrefetch.vllm.log,205,4,6.358
/Users/jiangnanhugo/workspace/power-sharpening/Subtree-Prefetching-Power-Sharpening/case_studies/logs-entropycut/lcb_v6/2026-09-20/vllm/dataset-lcb_v6.model-qwen3-4b.alpha4.0.steps100.blocks-1.prefetch-budget-20.rank-accept_first.cut-entropy4.0.samples20.maxnew1024.seed10086.subtreePrefetch.vllm.log,206,6,6.121
/Users/jiangnanhugo/workspace/power-sharpening/Subtree-Prefetching-Power-Sharpening/case_studies/logs-entropycut/lcb_v6/2026-09-20/vllm/dataset-lcb_v6.model-qwen3-4b.alpha4.0.steps100.blocks-1.prefetch-budget-20.rank-accept_first.cut-entropy4.0.samples20.maxnew1024.seed10086.subtreePrefetch.vllm.log,207,3,5.604
/Users/jiangnanhugo/workspace/power-sharpening/Subtree-Prefetching-Power-Sharpening/case_studies/logs-entropycut/lcb_v6/2026-09-20/vllm/dataset-lcb_v6.model-qwen3-4b.alpha4.0.steps100.blocks-1.prefetch-budget-20.rank-accept_first.cut-entropy4.0.samples20.maxnew1024.seed10086.subtreePrefetch.vllm.log,208,2,6.031
/Users/jiangnanhugo/workspace/power-sharpening/Subtree-Prefetching-Power-Sharpening/case_studies/logs-entropycut/lcb_v6/2026-09-20/vllm/dataset-lcb_v6.model-qwen3-4b.alpha4.0.steps100.blocks-1.prefetch-budget-20.rank-accept_first.cut-entropy4.0.samples20.maxnew1024.seed10086.subtreePrefetch.vllm.log,209,3,5.546
/Users/jiangnanhugo/workspace/power-sharpening/Subtree-Prefetching-Power-Sharpening/case_studies/logs-entropycut/lcb_v6/2026-09-20/vllm/dataset-lcb_v6.model-qwen3-4b.alpha4.0.steps100.blocks-1.prefetch-budget-20.rank-accept_first.cut-entropy4.0.samples20.maxnew1024.seed10086.subtreePrefetch.vllm.log,210,5,6.341
/Users/jiangnanhugo/workspace/power-sharpening/Subtree-Prefetching-Power-Sharpening/case_studies/logs-entropycut/lcb_v6/2026-09-20/vllm/dataset-lcb_v6.model-qwen3-4b.alpha4.0.steps100.blocks-1.prefetch-budget-20.rank-accept_first.cut-entropy4.0.samples20.maxnew1024.seed10086.subtreePrefetch.vllm.log,211,4,5.86
/Users/jiangnanhugo/workspace/power-sharpening/Subtree-Prefetching-Power-Sharpening/case_studies/logs-entropycut/lcb_v6/2026-09-20/vllm/dataset-lcb_v6.model-qwen3-4b.alpha4.0.steps100.blocks-1.prefetch-budget-20.rank-accept_first.cut-entropy4.0.samples20.maxnew1024.seed10086.subtreePrefetch.vllm.log,212,3,6.684
/Users/jiangnanhugo/workspace/power-sharpening/Subtree-Prefetching-Power-Sharpening/case_studies/logs-entropycut/lcb_v6/2026-09-20/vllm/dataset-lcb_v6.model-qwen3-4b.alpha4.0.steps100.blocks-1.prefetch-budget-20.rank-accept_first.cut-entropy4.0.samples20.maxnew1024.seed10086.subtreePrefetch.vllm.log,213,3,6.229
/Users/jiangnanhugo/workspace/power-sharpening/Subtree-Prefetching-Power-Sharpening/case_studies/logs-entropycut/lcb_v6/2026-09-20/vllm/dataset-lcb_v6.model-qwen3-4b.alpha4.0.steps100.blocks-1.prefetch-budget-20.rank-accept_first.cut-entropy4.0.samples20.maxnew1024.seed10086.subtreePrefetch.vllm.log,214,3,4.76
/Users/jiangnanhugo/workspace/power-sharpening/Subtree-Prefetching-Power-Sharpening/case_studies/logs-entropycut/lcb_v6/2026-09-20/vllm/dataset-lcb_v6.model-qwen3-4b.alpha4.0.steps100.blocks-1.prefetch-budget-20.rank-accept_first.cut-entropy4.0.samples20.maxnew1024.seed10086.subtreePrefetch.vllm.log,215,8,5.346
/Users/jiangnanhugo/workspace/power-sharpening/Subtree-Prefetching-Power-Sharpening/case_studies/logs-entropycut/lcb_v6/2026-09-20/vllm/dataset-lcb_v6.model-qwen3-4b.alpha4.0.steps100.blocks-1.prefetch-budget-20.rank-accept_first.cut-entropy4.0.samples20.maxnew1024.seed10086.subtreePrefetch.vllm.log,216,5,5.338
/Users/jiangnanhugo/workspace/power-sharpening/Subtree-Prefetching-Power-Sharpening/case_studies/logs-entropycut/lcb_v6/2026-09-20/vllm/dataset-lcb_v6.model-qwen3-4b.alpha4.0.steps100.blocks-1.prefetch-budget-20.rank-accept_first.cut-entropy4.0.samples20.maxnew1024.seed10086.subtreePrefetch.vllm.log,217,8,5.342
/Users/jiangnanhugo/workspace/power-sharpening/Subtree-Prefetching-Power-Sharpening/case_studies/logs-entropycut/lcb_v6/2026-09-20/vllm/dataset-lcb_v6.model-qwen3-4b.alpha4.0.steps100.blocks-1.prefetch-budget-20.rank-accept_first.cut-entropy4.0.samples20.maxnew1024.seed10086.subtreePrefetch.vllm.log,218,3,5.352
/Users/jiangnanhugo/workspace/power-sharpening/Subtree-Prefetching-Power-Sharpening/case_studies/logs-entropycut/lcb_v6/2026-09-20/vllm/dataset-lcb_v6.model-qwen3-4b.alpha4.0.steps100.blocks-1.prefetch-budget-20.rank-accept_first.cut-entropy4.0.samples20.maxnew1024.seed10086.subtreePrefetch.vllm.log,219,3,5.408
/Users/jiangnanhugo/workspace/power-sharpening/Subtree-Prefetching-Power-Sharpening/case_studies/logs-entropycut/lcb_v6/2026-09-20/vllm/dataset-lcb_v6.model-qwen3-4b.alpha4.0.steps100.blocks-1.prefetch-budget-20.rank-accept_first.cut-entropy4.0.samples20.maxnew1024.seed10086.subtreePrefetch.vllm.log,220,2,5.351
/Users/jiangnanhugo/workspace/power-sharpening/Subtree-Prefetching-Power-Sharpening/case_studies/logs-entropycut/lcb_v6/2026-09-20/vllm/dataset-lcb_v6.model-qwen3-4b.alpha4.0.steps100.blocks-1.prefetch-budget-20.rank-accept_first.cut-entropy4.0.samples20.maxnew1024.seed10086.subtreePrefetch.vllm.log,221,8,5.339
/Users/jiangnanhugo/workspace/power-sharpening/Subtree-Prefetching-Power-Sharpening/case_studies/logs-entropycut/lcb_v6/2026-09-20/vllm/dataset-lcb_v6.model-qwen3-4b.alpha4.0.steps100.blocks-1.prefetch-budget-20.rank-accept_first.cut-entropy4.0.samples20.maxnew1024.seed10086.subtreePrefetch.vllm.log,222,2,5.342
/Users/jiangnanhugo/workspace/power-sharpening/Subtree-Prefetching-Power-Sharpening/case_studies/logs-entropycut/lcb_v6/2026-09-20/vllm/dataset-lcb_v6.model-qwen3-4b.alpha4.0.steps100.blocks-1.prefetch-budget-20.rank-accept_first.cut-entropy4.0.samples20.maxnew1024.seed10086.subtreePrefetch.vllm.log,223,2,5.393
/Users/jiangnanhugo/workspace/power-sharpening/Subtree-Prefetching-Power-Sharpening/case_studies/logs-entropycut/lcb_v6/2026-09-20/vllm/dataset-lcb_v6.model-qwen3-4b.alpha4.0.steps100.blocks-1.prefetch-budget-20.rank-accept_first.cut-entropy4.0.samples20.maxnew1024.seed10086.subtreePrefetch.vllm.log,224,1,5.358
/Users/jiangnanhugo/workspace/power-sharpening/Subtree-Prefetching-Power-Sharpening/case_studies/logs-entropycut/lcb_v6/2026-09-20/vllm/dataset-lcb_v6.model-qwen3-4b.alpha4.0.steps100.blocks-1.prefetch-budget-20.rank-accept_first.cut-entropy4.0.samples20.maxnew1024.seed10086.subtreePrefetch.vllm.log,225,1,6.483
/Users/jiangnanhugo/workspace/power-sharpening/Subtree-Prefetching-Power-Sharpening/case_studies/logs-entropycut/lcb_v6/2026-09-20/vllm/dataset-lcb_v6.model-qwen3-4b.alpha4.0.steps100.blocks-1.prefetch-budget-20.rank-accept_first.cut-entropy4.0.samples20.maxnew1024.seed10086.subtreePrefetch.vllm.log,226,4,6.814
/Users/jiangnanhugo/workspace/power-sharpening/Subtree-Prefetching-Power-Sharpening/case_studies/logs-entropycut/lcb_v6/2026-09-20/vllm/dataset-lcb_v6.model-qwen3-4b.alpha4.0.steps100.blocks-1.prefetch-budget-20.rank-accept_first.cut-entropy4.0.samples20.maxnew1024.seed10086.subtreePrefetch.vllm.log,227,11,5.354
/Users/jiangnanhugo/workspace/power-sharpening/Subtree-Prefetching-Power-Sharpening/case_studies/logs-entropycut/lcb_v6/2026-09-20/vllm/dataset-lcb_v6.model-qwen3-4b.alpha4.0.steps100.blocks-1.prefetch-budget-20.rank-accept_first.cut-entropy4.0.samples20.maxnew1024.seed10086.subtreePrefetch.vllm.log,228,7,5.368
/Users/jiangnanhugo/workspace/power-sharpening/Subtree-Prefetching-Power-Sharpening/case_studies/logs-entropycut/lcb_v6/2026-09-20/vllm/dataset-lcb_v6.model-qwen3-4b.alpha4.0.steps100.blocks-1.prefetch-budget-20.rank-accept_first.cut-entropy4.0.samples20.maxnew1024.seed10086.subtreePrefetch.vllm.log,229,20,5.342
/Users/jiangnanhugo/workspace/power-sharpening/Subtree-Prefetching-Power-Sharpening/case_studies/logs-entropycut/lcb_v6/2026-09-20/vllm/dataset-lcb_v6.model-qwen3-4b.alpha4.0.steps100.blocks-1.prefetch-budget-20.rank-accept_first.cut-entropy4.0.samples20.maxnew1024.seed10086.subtreePrefetch.vllm.log,230,6,5.333
/Users/jiangnanhugo/workspace/power-sharpening/Subtree-Prefetching-Power-Sharpening/case_studies/logs-entropycut/lcb_v6/2026-09-20/vllm/dataset-lcb_v6.model-qwen3-4b.alpha4.0.steps100.blocks-1.prefetch-budget-20.rank-accept_first.cut-entropy4.0.samples20.maxnew1024.seed10086.subtreePrefetch.vllm.log,231,3,5.488
/Users/jiangnanhugo/workspace/power-sharpening/Subtree-Prefetching-Power-Sharpening/case_studies/logs-entropycut/lcb_v6/2026-09-20/vllm/dataset-lcb_v6.model-qwen3-4b.alpha4.0.steps100.blocks-1.prefetch-budget-20.rank-accept_first.cut-entropy4.0.samples20.maxnew1024.seed10086.subtreePrefetch.vllm.log,232,4,5.368
/Users/jiangnanhugo/workspace/power-sharpening/Subtree-Prefetching-Power-Sharpening/case_studies/logs-entropycut/lcb_v6/2026-09-20/vllm/dataset-lcb_v6.model-qwen3-4b.alpha4.0.steps100.blocks-1.prefetch-budget-20.rank-accept_first.cut-entropy4.0.samples20.maxnew1024.seed10086.subtreePrefetch.vllm.log,233,2,4.187
/Users/jiangnanhugo/workspace/power-sharpening/Subtree-Prefetching-Power-Sharpening/case_studies/logs-entropycut/lcb_v6/2026-09-20/vllm/dataset-lcb_v6.model-qwen3-4b.alpha4.0.steps100.blocks-1.prefetch-budget-20.rank-accept_first.cut-entropy4.0.samples20.maxnew1024.seed10086.subtreePrefetch.vllm.log,234,1,6.7
/Users/jiangnanhugo/workspace/power-sharpening/Subtree-Prefetching-Power-Sharpening/case_studies/logs-entropycut/lcb_v6/2026-09-20/vllm/dataset-lcb_v6.model-qwen3-4b.alpha4.0.steps100.blocks-1.prefetch-budget-20.rank-accept_first.cut-entropy4.0.samples20.maxnew1024.seed10086.subtreePrefetch.vllm.log,235,2,6.99
/Users/jiangnanhugo/workspace/power-sharpening/Subtree-Prefetching-Power-Sharpening/case_studies/logs-entropycut/lcb_v6/2026-09-20/vllm/dataset-lcb_v6.model-qwen3-4b.alpha4.0.steps100.blocks-1.prefetch-budget-20.rank-accept_first.cut-entropy4.0.samples20.maxnew1024.seed10086.subtreePrefetch.vllm.log,236,5,5.66
/Users/jiangnanhugo/workspace/power-sharpening/Subtree-Prefetching-Power-Sharpening/case_studies/logs-entropycut/lcb_v6/2026-09-20/vllm/dataset-lcb_v6.model-qwen3-4b.alpha4.0.steps100.blocks-1.prefetch-budget-20.rank-accept_first.cut-entropy4.0.samples20.maxnew1024.seed10086.subtreePrefetch.vllm.log,237,5,6.866
/Users/jiangnanhugo/workspace/power-sharpening/Subtree-Prefetching-Power-Sharpening/case_studies/logs-entropycut/lcb_v6/2026-09-20/vllm/dataset-lcb_v6.model-qwen3-4b.alpha4.0.steps100.blocks-1.prefetch-budget-20.rank-accept_first.cut-entropy4.0.samples20.maxnew1024.seed10086.subtreePrefetch.vllm.log,238,7,6.454
/Users/jiangnanhugo/workspace/power-sharpening/Subtree-Prefetching-Power-Sharpening/case_studies/logs-entropycut/lcb_v6/2026-09-20/vllm/dataset-lcb_v6.model-qwen3-4b.alpha4.0.steps100.blocks-1.prefetch-budget-20.rank-accept_first.cut-entropy4.0.samples20.maxnew1024.seed10086.subtreePrefetch.vllm.log,239,6,6.54
/Users/jiangnanhugo/workspace/power-sharpening/Subtree-Prefetching-Power-Sharpening/case_studies/logs-entropycut/lcb_v6/2026-09-20/vllm/dataset-lcb_v6.model-qwen3-4b.alpha4.0.steps100.blocks-1.prefetch-budget-20.rank-accept_first.cut-entropy4.0.samples20.maxnew1024.seed10086.subtreePrefetch.vllm.log,240,6,6.957
/Users/jiangnanhugo/workspace/power-sharpening/Subtree-Prefetching-Power-Sharpening/case_studies/logs-entropycut/lcb_v6/2026-09-20/vllm/dataset-lcb_v6.model-qwen3-4b.alpha4.0.steps100.blocks-1.prefetch-budget-20.rank-accept_first.cut-entropy4.0.samples20.maxnew1024.seed10086.subtreePrefetch.vllm.log,241,4,7.048
/Users/jiangnanhugo/workspace/power-sharpening/Subtree-Prefetching-Power-Sharpening/case_studies/logs-entropycut/lcb_v6/2026-09-20/vllm/dataset-lcb_v6.model-qwen3-4b.alpha4.0.steps100.blocks-1.prefetch-budget-20.rank-accept_first.cut-entropy4.0.samples20.maxnew1024.seed10086.subtreePrefetch.vllm.log,242,4,6.133
/Users/jiangnanhugo/workspace/power-sharpening/Subtree-Prefetching-Power-Sharpening/case_studies/logs-entropycut/lcb_v6/2026-09-20/vllm/dataset-lcb_v6.model-qwen3-4b.alpha4.0.steps100.blocks-1.prefetch-budget-20.rank-accept_first.cut-entropy4.0.samples20.maxnew1024.seed10086.subtreePrefetch.vllm.log,243,2,6.671
/Users/jiangnanhugo/workspace/power-sharpening/Subtree-Prefetching-Power-Sharpening/case_studies/logs-entropycut/lcb_v6/2026-09-20/vllm/dataset-lcb_v6.model-qwen3-4b.alpha4.0.steps100.blocks-1.prefetch-budget-20.rank-accept_first.cut-entropy4.0.samples20.maxnew1024.seed10086.subtreePrefetch.vllm.log,244,4,7.08
/Users/jiangnanhugo/workspace/power-sharpening/Subtree-Prefetching-Power-Sharpening/case_studies/logs-entropycut/lcb_v6/2026-09-20/vllm/dataset-lcb_v6.model-qwen3-4b.alpha4.0.steps100.blocks-1.prefetch-budget-20.rank-accept_first.cut-entropy4.0.samples20.maxnew1024.seed10086.subtreePrefetch.vllm.log,245,7,5.984
/Users/jiangnanhugo/workspace/power-sharpening/Subtree-Prefetching-Power-Sharpening/case_studies/logs-entropycut/lcb_v6/2026-09-20/vllm/dataset-lcb_v6.model-qwen3-4b.alpha4.0.steps100.blocks-1.prefetch-budget-20.rank-accept_first.cut-entropy4.0.samples20.maxnew1024.seed10086.subtreePrefetch.vllm.log,246,6,6.563
/Users/jiangnanhugo/workspace/power-sharpening/Subtree-Prefetching-Power-Sharpening/case_studies/logs-entropycut/lcb_v6/2026-09-20/vllm/dataset-lcb_v6.model-qwen3-4b.alpha4.0.steps100.blocks-1.prefetch-budget-20.rank-accept_first.cut-entropy4.0.samples20.maxnew1024.seed10086.subtreePrefetch.vllm.log,247,5,6.434
/Users/jiangnanhugo/workspace/power-sharpening/Subtree-Prefetching-Power-Sharpening/case_studies/logs-entropycut/lcb_v6/2026-09-20/vllm/dataset-lcb_v6.model-qwen3-4b.alpha4.0.steps100.blocks-1.prefetch-budget-20.rank-accept_first.cut-entropy4.0.samples20.maxnew1024.seed10086.subtreePrefetch.vllm.log,248,7,6.87
/Users/jiangnanhugo/workspace/power-sharpening/Subtree-Prefetching-Power-Sharpening/case_studies/logs-entropycut/lcb_v6/2026-09-20/vllm/dataset-lcb_v6.model-qwen3-4b.alpha4.0.steps100.blocks-1.prefetch-budget-20.rank-accept_first.cut-entropy4.0.samples20.maxnew1024.seed10086.subtreePrefetch.vllm.log,249,5,6.651
/Users/jiangnanhugo/workspace/power-sharpening/Subtree-Prefetching-Power-Sharpening/case_studies/logs-entropycut/lcb_v6/2026-09-20/vllm/dataset-lcb_v6.model-qwen3-4b.alpha4.0.steps100.blocks-1.prefetch-budget-20.rank-accept_first.cut-entropy4.0.samples20.maxnew1024.seed10086.subtreePrefetch.vllm.log,250,5,5.952
/Users/jiangnanhugo/workspace/power-sharpening/Subtree-Prefetching-Power-Sharpening/case_studies/logs-entropycut/lcb_v6/2026-09-20/vllm/dataset-lcb_v6.model-qwen3-4b.alpha4.0.steps100.blocks-1.prefetch-budget-20.rank-accept_first.cut-entropy4.0.samples20.maxnew1024.seed10086.subtreePrefetch.vllm.log,251,5,6.769
/Users/jiangnanhugo/workspace/power-sharpening/Subtree-Prefetching-Power-Sharpening/case_studies/logs-entropycut/lcb_v6/2026-09-20/vllm/dataset-lcb_v6.model-qwen3-4b.alpha4.0.steps100.blocks-1.prefetch-budget-20.rank-accept_first.cut-entropy4.0.samples20.maxnew1024.seed10086.subtreePrefetch.vllm.log,252,5,6.836
/Users/jiangnanhugo/workspace/power-sharpening/Subtree-Prefetching-Power-Sharpening/case_studies/logs-entropycut/lcb_v6/2026-09-20/vllm/dataset-lcb_v6.model-qwen3-4b.alpha4.0.steps100.blocks-1.prefetch-budget-20.rank-accept_first.cut-entropy4.0.samples20.maxnew1024.seed10086.subtreePrefetch.vllm.log,253,5,6.869
/Users/jiangnanhugo/workspace/power-sharpening/Subtree-Prefetching-Power-Sharpening/case_studies/logs-entropycut/lcb_v6/2026-09-20/vllm/dataset-lcb_v6.model-qwen3-4b.alpha4.0.steps100.blocks-1.prefetch-budget-20.rank-accept_first.cut-entropy4.0.samples20.maxnew1024.seed10086.subtreePrefetch.vllm.log,254,4,5.322
/Users/jiangnanhugo/workspace/power-sharpening/Subtree-Prefetching-Power-Sharpening/case_studies/logs-entropycut/lcb_v6/2026-09-20/vllm/dataset-lcb_v6.model-qwen3-4b.alpha4.0.steps100.blocks-1.prefetch-budget-20.rank-accept_first.cut-entropy4.0.samples20.maxnew1024.seed10086.subtreePrefetch.vllm.log,255,3,6.109
/Users/jiangnanhugo/workspace/power-sharpening/Subtree-Prefetching-Power-Sharpening/case_studies/logs-entropycut/lcb_v6/2026-09-20/vllm/dataset-lcb_v6.model-qwen3-4b.alpha4.0.steps100.blocks-1.prefetch-budget-20.rank-accept_first.cut-entropy4.0.samples20.maxnew1024.seed10086.subtreePrefetch.vllm.log,256,3,5.735
/Users/jiangnanhugo/workspace/power-sharpening/Subtree-Prefetching-Power-Sharpening/case_studies/logs-entropycut/lcb_v6/2026-09-20/vllm/dataset-lcb_v6.model-qwen3-4b.alpha4.0.steps100.blocks-1.prefetch-budget-20.rank-accept_first.cut-entropy4.0.samples20.maxnew1024.seed10086.subtreePrefetch.vllm.log,257,2,6.206
/Users/jiangnanhugo/workspace/power-sharpening/Subtree-Prefetching-Power-Sharpening/case_studies/logs-entropycut/lcb_v6/2026-09-20/vllm/dataset-lcb_v6.model-qwen3-4b.alpha4.0.steps100.blocks-1.prefetch-budget-20.rank-accept_first.cut-entropy4.0.samples20.maxnew1024.seed10086.subtreePrefetch.vllm.log,258,3,5.739
/Users/jiangnanhugo/workspace/power-sharpening/Subtree-Prefetching-Power-Sharpening/case_studies/logs-entropycut/lcb_v6/2026-09-20/vllm/dataset-lcb_v6.model-qwen3-4b.alpha4.0.steps100.blocks-1.prefetch-budget-20.rank-accept_first.cut-entropy4.0.samples20.maxnew1024.seed10086.subtreePrefetch.vllm.log,259,1,6.515
/Users/jiangnanhugo/workspace/power-sharpening/Subtree-Prefetching-Power-Sharpening/case_studies/logs-entropycut/lcb_v6/2026-09-20/vllm/dataset-lcb_v6.model-qwen3-4b.alpha4.0.steps100.blocks-1.prefetch-budget-20.rank-accept_first.cut-entropy4.0.samples20.maxnew1024.seed10086.subtreePrefetch.vllm.log,260,5,6.419
/Users/jiangnanhugo/workspace/power-sharpening/Subtree-Prefetching-Power-Sharpening/case_studies/logs-entropycut/lcb_v6/2026-09-20/vllm/dataset-lcb_v6.model-qwen3-4b.alpha4.0.steps100.blocks-1.prefetch-budget-20.rank-accept_first.cut-entropy4.0.samples20.maxnew1024.seed10086.subtreePrefetch.vllm.log,261,3,5.515
/Users/jiangnanhugo/workspace/power-sharpening/Subtree-Prefetching-Power-Sharpening/case_studies/logs-entropycut/lcb_v6/2026-09-20/vllm/dataset-lcb_v6.model-qwen3-4b.alpha4.0.steps100.blocks-1.prefetch-budget-20.rank-accept_first.cut-entropy4.0.samples20.maxnew1024.seed10086.subtreePrefetch.vllm.log,262,2,6.304
/Users/jiangnanhugo/workspace/power-sharpening/Subtree-Prefetching-Power-Sharpening/case_studies/logs-entropycut/lcb_v6/2026-09-20/vllm/dataset-lcb_v6.model-qwen3-4b.alpha4.0.steps100.blocks-1.prefetch-budget-20.rank-accept_first.cut-entropy4.0.samples20.maxnew1024.seed10086.subtreePrefetch.vllm.log,263,3,6.199
/Users/jiangnanhugo/workspace/power-sharpening/Subtree-Prefetching-Power-Sharpening/case_studies/logs-entropycut/lcb_v6/2026-09-20/vllm/dataset-lcb_v6.model-qwen3-4b.alpha4.0.steps100.blocks-1.prefetch-budget-20.rank-accept_first.cut-entropy4.0.samples20.maxnew1024.seed10086.subtreePrefetch.vllm.log,264,6,6.424
/Users/jiangnanhugo/workspace/power-sharpening/Subtree-Prefetching-Power-Sharpening/case_studies/logs-entropycut/lcb_v6/2026-09-20/vllm/dataset-lcb_v6.model-qwen3-4b.alpha4.0.steps100.blocks-1.prefetch-budget-20.rank-accept_first.cut-entropy4.0.samples20.maxnew1024.seed10086.subtreePrefetch.vllm.log,265,4,5.764
/Users/jiangnanhugo/workspace/power-sharpening/Subtree-Prefetching-Power-Sharpening/case_studies/logs-entropycut/lcb_v6/2026-09-20/vllm/dataset-lcb_v6.model-qwen3-4b.alpha4.0.steps100.blocks-1.prefetch-budget-20.rank-accept_first.cut-entropy4.0.samples20.maxnew1024.seed10086.subtreePrefetch.vllm.log,266,3,6.163
/Users/jiangnanhugo/workspace/power-sharpening/Subtree-Prefetching-Power-Sharpening/case_studies/logs-entropycut/lcb_v6/2026-09-20/vllm/dataset-lcb_v6.model-qwen3-4b.alpha4.0.steps100.blocks-1.prefetch-budget-20.rank-accept_first.cut-entropy4.0.samples20.maxnew1024.seed10086.subtreePrefetch.vllm.log,267,3,6.208
/Users/jiangnanhugo/workspace/power-sharpening/Subtree-Prefetching-Power-Sharpening/case_studies/logs-entropycut/lcb_v6/2026-09-20/vllm/dataset-lcb_v6.model-qwen3-4b.alpha4.0.steps100.blocks-1.prefetch-budget-20.rank-accept_first.cut-entropy4.0.samples20.maxnew1024.seed10086.subtreePrefetch.vllm.log,268,6,6.295
/Users/jiangnanhugo/workspace/power-sharpening/Subtree-Prefetching-Power-Sharpening/case_studies/logs-entropycut/lcb_v6/2026-09-20/vllm/dataset-lcb_v6.model-qwen3-4b.alpha4.0.steps100.blocks-1.prefetch-budget-20.rank-accept_first.cut-entropy4.0.samples20.maxnew1024.seed10086.subtreePrefetch.vllm.log,269,5,6.465
/Users/jiangnanhugo/workspace/power-sharpening/Subtree-Prefetching-Power-Sharpening/case_studies/logs-entropycut/lcb_v6/2026-09-20/vllm/dataset-lcb_v6.model-qwen3-4b.alpha4.0.steps100.blocks-1.prefetch-budget-20.rank-accept_first.cut-entropy4.0.samples20.maxnew1024.seed10086.subtreePrefetch.vllm.log,270,2,5.374
/Users/jiangnanhugo/workspace/power-sharpening/Subtree-Prefetching-Power-Sharpening/case_studies/logs-entropycut/lcb_v6/2026-09-20/vllm/dataset-lcb_v6.model-qwen3-4b.alpha4.0.steps100.blocks-1.prefetch-budget-20.rank-accept_first.cut-entropy4.0.samples20.maxnew1024.seed10086.subtreePrefetch.vllm.log,271,8,6.205
/Users/jiangnanhugo/workspace/power-sharpening/Subtree-Prefetching-Power-Sharpening/case_studies/logs-entropycut/lcb_v6/2026-09-20/vllm/dataset-lcb_v6.model-qwen3-4b.alpha4.0.steps100.blocks-1.prefetch-budget-20.rank-accept_first.cut-entropy4.0.samples20.maxnew1024.seed10086.subtreePrefetch.vllm.log,272,6,5.978
/Users/jiangnanhugo/workspace/power-sharpening/Subtree-Prefetching-Power-Sharpening/case_studies/logs-entropycut/lcb_v6/2026-09-20/vllm/dataset-lcb_v6.model-qwen3-4b.alpha4.0.steps100.blocks-1.prefetch-budget-20.rank-accept_first.cut-entropy4.0.samples20.maxnew1024.seed10086.subtreePrefetch.vllm.log,273,3,5.827
/Users/jiangnanhugo/workspace/power-sharpening/Subtree-Prefetching-Power-Sharpening/case_studies/logs-entropycut/lcb_v6/2026-09-20/vllm/dataset-lcb_v6.model-qwen3-4b.alpha4.0.steps100.blocks-1.prefetch-budget-20.rank-accept_first.cut-entropy4.0.samples20.maxnew1024.seed10086.subtreePrefetch.vllm.log,274,7,6.11
/Users/jiangnanhugo/workspace/power-sharpening/Subtree-Prefetching-Power-Sharpening/case_studies/logs-entropycut/lcb_v6/2026-09-20/vllm/dataset-lcb_v6.model-qwen3-4b.alpha4.0.steps100.blocks-1.prefetch-budget-20.rank-accept_first.cut-entropy4.0.samples20.maxnew1024.seed10086.subtreePrefetch.vllm.log,275,4,6.481
/Users/jiangnanhugo/workspace/power-sharpening/Subtree-Prefetching-Power-Sharpening/case_studies/logs-entropycut/lcb_v6/2026-09-20/vllm/dataset-lcb_v6.model-qwen3-4b.alpha4.0.steps100.blocks-1.prefetch-budget-20.rank-accept_first.cut-entropy4.0.samples20.maxnew1024.seed10086.subtreePrefetch.vllm.log,276,3,6.328
/Users/jiangnanhugo/workspace/power-sharpening/Subtree-Prefetching-Power-Sharpening/case_studies/logs-entropycut/lcb_v6/2026-09-20/vllm/dataset-lcb_v6.model-qwen3-4b.alpha4.0.steps100.blocks-1.prefetch-budget-20.rank-accept_first.cut-entropy4.0.samples20.maxnew1024.seed10086.subtreePrefetch.vllm.log,277,3,6.235
/Users/jiangnanhugo/workspace/power-sharpening/Subtree-Prefetching-Power-Sharpening/case_studies/logs-entropycut/lcb_v6/2026-09-20/vllm/dataset-lcb_v6.model-qwen3-4b.alpha4.0.steps100.blocks-1.prefetch-budget-20.rank-accept_first.cut-entropy4.0.samples20.maxnew1024.seed10086.subtreePrefetch.vllm.log,278,3,5.777
/Users/jiangnanhugo/workspace/power-sharpening/Subtree-Prefetching-Power-Sharpening/case_studies/logs-entropycut/lcb_v6/2026-09-20/vllm/dataset-lcb_v6.model-qwen3-4b.alpha4.0.steps100.blocks-1.prefetch-budget-20.rank-accept_first.cut-entropy4.0.samples20.maxnew1024.seed10086.subtreePrefetch.vllm.log,279,4,6.204
/Users/jiangnanhugo/workspace/power-sharpening/Subtree-Prefetching-Power-Sharpening/case_studies/logs-entropycut/lcb_v6/2026-09-20/vllm/dataset-lcb_v6.model-qwen3-4b.alpha4.0.steps100.blocks-1.prefetch-budget-20.rank-accept_first.cut-entropy4.0.samples20.maxnew1024.seed10086.subtreePrefetch.vllm.log,280,3,5.928
/Users/jiangnanhugo/workspace/power-sharpening/Subtree-Prefetching-Power-Sharpening/case_studies/logs-entropycut/lcb_v6/2026-09-20/vllm/dataset-lcb_v6.model-qwen3-4b.alpha4.0.steps100.blocks-1.prefetch-budget-20.rank-accept_first.cut-entropy4.0.samples20.maxnew1024.seed10086.subtreePrefetch.vllm.log,281,2,5.046
/Users/jiangnanhugo/workspace/power-sharpening/Subtree-Prefetching-Power-Sharpening/case_studies/logs-entropycut/lcb_v6/2026-09-20/vllm/dataset-lcb_v6.model-qwen3-4b.alpha4.0.steps100.blocks-1.prefetch-budget-20.rank-accept_first.cut-entropy4.0.samples20.maxnew1024.seed10086.subtreePrefetch.vllm.log,282,4,6.236
/Users/jiangnanhugo/workspace/power-sharpening/Subtree-Prefetching-Power-Sharpening/case_studies/logs-entropycut/lcb_v6/2026-09-20/vllm/dataset-lcb_v6.model-qwen3-4b.alpha4.0.steps100.blocks-1.prefetch-budget-20.rank-accept_first.cut-entropy4.0.samples20.maxnew1024.seed10086.subtreePrefetch.vllm.log,283,1,6.54
/Users/jiangnanhugo/workspace/power-sharpening/Subtree-Prefetching-Power-Sharpening/case_studies/logs-entropycut/lcb_v6/2026-09-20/vllm/dataset-lcb_v6.model-qwen3-4b.alpha4.0.steps100.blocks-1.prefetch-budget-20.rank-accept_first.cut-entropy4.0.samples20.maxnew1024.seed10086.subtreePrefetch.vllm.log,284,5,6.297
/Users/jiangnanhugo/workspace/power-sharpening/Subtree-Prefetching-Power-Sharpening/case_studies/logs-entropycut/lcb_v6/2026-09-20/vllm/dataset-lcb_v6.model-qwen3-4b.alpha4.0.steps100.blocks-1.prefetch-budget-20.rank-accept_first.cut-entropy4.0.samples20.maxnew1024.seed10086.subtreePrefetch.vllm.log,285,4,6.501
/Users/jiangnanhugo/workspace/power-sharpening/Subtree-Prefetching-Power-Sharpening/case_studies/logs-entropycut/lcb_v6/2026-09-20/vllm/dataset-lcb_v6.model-qwen3-4b.alpha4.0.steps100.blocks-1.prefetch-budget-20.rank-accept_first.cut-entropy4.0.samples20.maxnew1024.seed10086.subtreePrefetch.vllm.log,286,5,6.198
/Users/jiangnanhugo/workspace/power-sharpening/Subtree-Prefetching-Power-Sharpening/case_studies/logs-entropycut/lcb_v6/2026-09-20/vllm/dataset-lcb_v6.model-qwen3-4b.alpha4.0.steps100.blocks-1.prefetch-budget-20.rank-accept_first.cut-entropy4.0.samples20.maxnew1024.seed10086.subtreePrefetch.vllm.log,287,1,6.341
/Users/jiangnanhugo/workspace/power-sharpening/Subtree-Prefetching-Power-Sharpening/case_studies/logs-entropycut/lcb_v6/2026-09-20/vllm/dataset-lcb_v6.model-qwen3-4b.alpha4.0.steps100.blocks-1.prefetch-budget-20.rank-accept_first.cut-entropy4.0.samples20.maxnew1024.seed10086.subtreePrefetch.vllm.log,288,7,6.455
/Users/jiangnanhugo/workspace/power-sharpening/Subtree-Prefetching-Power-Sharpening/case_studies/logs-entropycut/lcb_v6/2026-09-20/vllm/dataset-lcb_v6.model-qwen3-4b.alpha4.0.steps100.blocks-1.prefetch-budget-20.rank-accept_first.cut-entropy4.0.samples20.maxnew1024.seed10086.subtreePrefetch.vllm.log,289,5,5.997
/Users/jiangnanhugo/workspace/power-sharpening/Subtree-Prefetching-Power-Sharpening/case_studies/logs-entropycut/lcb_v6/2026-09-20/vllm/dataset-lcb_v6.model-qwen3-4b.alpha4.0.steps100.blocks-1.prefetch-budget-20.rank-accept_first.cut-entropy4.0.samples20.maxnew1024.seed10086.subtreePrefetch.vllm.log,290,6,6.259
/Users/jiangnanhugo/workspace/power-sharpening/Subtree-Prefetching-Power-Sharpening/case_studies/logs-entropycut/lcb_v6/2026-09-20/vllm/dataset-lcb_v6.model-qwen3-4b.alpha4.0.steps100.blocks-1.prefetch-budget-20.rank-accept_first.cut-entropy4.0.samples20.maxnew1024.seed10086.subtreePrefetch.vllm.log,291,6,6.387
/Users/jiangnanhugo/workspace/power-sharpening/Subtree-Prefetching-Power-Sharpening/case_studies/logs-entropycut/lcb_v6/2026-09-20/vllm/dataset-lcb_v6.model-qwen3-4b.alpha4.0.steps100.blocks-1.prefetch-budget-20.rank-accept_first.cut-entropy4.0.samples20.maxnew1024.seed10086.subtreePrefetch.vllm.log,292,5,6.612
/Users/jiangnanhugo/workspace/power-sharpening/Subtree-Prefetching-Power-Sharpening/case_studies/logs-entropycut/lcb_v6/2026-09-20/vllm/dataset-lcb_v6.model-qwen3-4b.alpha4.0.steps100.blocks-1.prefetch-budget-20.rank-accept_first.cut-entropy4.0.samples20.maxnew1024.seed10086.subtreePrefetch.vllm.log,293,7,6.682
/Users/jiangnanhugo/workspace/power-sharpening/Subtree-Prefetching-Power-Sharpening/case_studies/logs-entropycut/lcb_v6/2026-09-20/vllm/dataset-lcb_v6.model-qwen3-4b.alpha4.0.steps100.blocks-1.prefetch-budget-20.rank-accept_first.cut-entropy4.0.samples20.maxnew1024.seed10086.subtreePrefetch.vllm.log,294,6,6.707
/Users/jiangnanhugo/workspace/power-sharpening/Subtree-Prefetching-Power-Sharpening/case_studies/logs-entropycut/lcb_v6/2026-09-20/vllm/dataset-lcb_v6.model-qwen3-4b.alpha4.0.steps100.blocks-1.prefetch-budget-20.rank-accept_first.cut-entropy4.0.samples20.maxnew1024.seed10086.subtreePrefetch.vllm.log,295,4,6.208
/Users/jiangnanhugo/workspace/power-sharpening/Subtree-Prefetching-Power-Sharpening/case_studies/logs-entropycut/lcb_v6/2026-09-20/vllm/dataset-lcb_v6.model-qwen3-4b.alpha4.0.steps100.blocks-1.prefetch-budget-20.rank-accept_first.cut-entropy4.0.samples20.maxnew1024.seed10086.subtreePrefetch.vllm.log,296,4,6.193
/Users/jiangnanhugo/workspace/power-sharpening/Subtree-Prefetching-Power-Sharpening/case_studies/logs-entropycut/lcb_v6/2026-09-20/vllm/dataset-lcb_v6.model-qwen3-4b.alpha4.0.steps100.blocks-1.prefetch-budget-20.rank-accept_first.cut-entropy4.0.samples20.maxnew1024.seed10086.subtreePrefetch.vllm.log,297,5,6.522
/Users/jiangnanhugo/workspace/power-sharpening/Subtree-Prefetching-Power-Sharpening/case_studies/logs-entropycut/lcb_v6/2026-09-20/vllm/dataset-lcb_v6.model-qwen3-4b.alpha4.0.steps100.blocks-1.prefetch-budget-20.rank-accept_first.cut-entropy4.0.samples20.maxnew1024.seed10086.subtreePrefetch.vllm.log,298,6,6.275
/Users/jiangnanhugo/workspace/power-sharpening/Subtree-Prefetching-Power-Sharpening/case_studies/logs-entropycut/lcb_v6/2026-09-20/vllm/dataset-lcb_v6.model-qwen3-4b.alpha4.0.steps100.blocks-1.prefetch-budget-20.rank-accept_first.cut-entropy4.0.samples20.maxnew1024.seed10086.subtreePrefetch.vllm.log,299,3,6.516
/Users/jiangnanhugo/workspace/power-sharpening/Subtree-Prefetching-Power-Sharpening/case_studies/logs-entropycut/lcb_v6/2026-09-20/vllm/dataset-lcb_v6.model-qwen3-4b.alpha4.0.steps100.blocks-1.prefetch-budget-20.rank-accept_first.cut-entropy4.0.samples20.maxnew1024.seed10086.subtreePrefetch.vllm.log,300,4,6.448
/Users/jiangnanhugo/workspace/power-sharpening/Subtree-Prefetching-Power-Sharpening/case_studies/logs-entropycut/lcb_v6/2026-09-20/vllm/dataset-lcb_v6.model-qwen3-4b.alpha4.0.steps100.blocks-1.prefetch-budget-20.rank-accept_first.cut-entropy4.0.samples20.maxnew1024.seed10086.subtreePrefetch.vllm.log,301,4,5.95
/Users/jiangnanhugo/workspace/power-sharpening/Subtree-Prefetching-Power-Sharpening/case_studies/logs-entropycut/lcb_v6/2026-09-20/vllm/dataset-lcb_v6.model-qwen3-4b.alpha4.0.steps100.blocks-1.prefetch-budget-20.rank-accept_first.cut-entropy4.0.samples20.maxnew1024.seed10086.subtreePrefetch.vllm.log,302,4,6.1
/Users/jiangnanhugo/workspace/power-sharpening/Subtree-Prefetching-Power-Sharpening/case_studies/logs-entropycut/lcb_v6/2026-09-20/vllm/dataset-lcb_v6.model-qwen3-4b.alpha4.0.steps100.blocks-1.prefetch-budget-20.rank-accept_first.cut-entropy4.0.samples20.maxnew1024.seed10086.subtreePrefetch.vllm.log,303,4,5.575
/Users/jiangnanhugo/workspace/power-sharpening/Subtree-Prefetching-Power-Sharpening/case_studies/logs-entropycut/lcb_v6/2026-09-20/vllm/dataset-lcb_v6.model-qwen3-4b.alpha4.0.steps100.blocks-1.prefetch-budget-20.rank-accept_first.cut-entropy4.0.samples20.maxnew1024.seed10086.subtreePrefetch.vllm.log,304,2,5.761
/Users/jiangnanhugo/workspace/power-sharpening/Subtree-Prefetching-Power-Sharpening/case_studies/logs-entropycut/lcb_v6/2026-09-20/vllm/dataset-lcb_v6.model-qwen3-4b.alpha4.0.steps100.blocks-1.prefetch-budget-20.rank-accept_first.cut-entropy4.0.samples20.maxnew1024.seed10086.subtreePrefetch.vllm.log,305,4,6.596
/Users/jiangnanhugo/workspace/power-sharpening/Subtree-Prefetching-Power-Sharpening/case_studies/logs-entropycut/lcb_v6/2026-09-20/vllm/dataset-lcb_v6.model-qwen3-4b.alpha4.0.steps100.blocks-1.prefetch-budget-20.rank-accept_first.cut-entropy4.0.samples20.maxnew1024.seed10086.subtreePrefetch.vllm.log,306,2,5.583
/Users/jiangnanhugo/workspace/power-sharpening/Subtree-Prefetching-Power-Sharpening/case_studies/logs-entropycut/lcb_v6/2026-09-20/vllm/dataset-lcb_v6.model-qwen3-4b.alpha4.0.steps100.blocks-1.prefetch-budget-20.rank-accept_first.cut-entropy4.0.samples20.maxnew1024.seed10086.subtreePrefetch.vllm.log,307,1,6.556
/Users/jiangnanhugo/workspace/power-sharpening/Subtree-Prefetching-Power-Sharpening/case_studies/logs-entropycut/lcb_v6/2026-09-20/vllm/dataset-lcb_v6.model-qwen3-4b.alpha4.0.steps100.blocks-1.prefetch-budget-20.rank-accept_first.cut-entropy4.0.samples20.maxnew1024.seed10086.subtreePrefetch.vllm.log,308,1,6.074
/Users/jiangnanhugo/workspace/power-sharpening/Subtree-Prefetching-Power-Sharpening/case_studies/logs-entropycut/lcb_v6/2026-09-20/vllm/dataset-lcb_v6.model-qwen3-4b.alpha4.0.steps100.blocks-1.prefetch-budget-20.rank-accept_first.cut-entropy4.0.samples20.maxnew1024.seed10086.subtreePrefetch.vllm.log,309,3,5.685
/Users/jiangnanhugo/workspace/power-sharpening/Subtree-Prefetching-Power-Sharpening/case_studies/logs-entropycut/lcb_v6/2026-09-20/vllm/dataset-lcb_v6.model-qwen3-4b.alpha4.0.steps100.blocks-1.prefetch-budget-20.rank-accept_first.cut-entropy4.0.samples20.maxnew1024.seed10086.subtreePrefetch.vllm.log,310,4,6.092
/Users/jiangnanhugo/workspace/power-sharpening/Subtree-Prefetching-Power-Sharpening/case_studies/logs-entropycut/lcb_v6/2026-09-20/vllm/dataset-lcb_v6.model-qwen3-4b.alpha4.0.steps100.blocks-1.prefetch-budget-20.rank-accept_first.cut-entropy4.0.samples20.maxnew1024.seed10086.subtreePrefetch.vllm.log,311,5,6.378
/Users/jiangnanhugo/workspace/power-sharpening/Subtree-Prefetching-Power-Sharpening/case_studies/logs-entropycut/lcb_v6/2026-09-20/vllm/dataset-lcb_v6.model-qwen3-4b.alpha4.0.steps100.blocks-1.prefetch-budget-20.rank-accept_first.cut-entropy4.0.samples20.maxnew1024.seed10086.subtreePrefetch.vllm.log,312,6,6.072
/Users/jiangnanhugo/workspace/power-sharpening/Subtree-Prefetching-Power-Sharpening/case_studies/logs-entropycut/lcb_v6/2026-09-20/vllm/dataset-lcb_v6.model-qwen3-4b.alpha4.0.steps100.blocks-1.prefetch-budget-20.rank-accept_first.cut-entropy4.0.samples20.maxnew1024.seed10086.subtreePrefetch.vllm.log,313,5,5.625
/Users/jiangnanhugo/workspace/power-sharpening/Subtree-Prefetching-Power-Sharpening/case_studies/logs-entropycut/lcb_v6/2026-09-20/vllm/dataset-lcb_v6.model-qwen3-4b.alpha4.0.steps100.blocks-1.prefetch-budget-20.rank-accept_first.cut-entropy4.0.samples20.maxnew1024.seed10086.subtreePrefetch.vllm.log,314,6,5.996
/Users/jiangnanhugo/workspace/power-sharpening/Subtree-Prefetching-Power-Sharpening/case_studies/logs-entropycut/lcb_v6/2026-09-20/vllm/dataset-lcb_v6.model-qwen3-4b.alpha4.0.steps100.blocks-1.prefetch-budget-20.rank-accept_first.cut-entropy4.0.samples20.maxnew1024.seed10086.subtreePrefetch.vllm.log,315,7,6.44
/Users/jiangnanhugo/workspace/power-sharpening/Subtree-Prefetching-Power-Sharpening/case_studies/logs-entropycut/lcb_v6/2026-09-20/vllm/dataset-lcb_v6.model-qwen3-4b.alpha4.0.steps100.blocks-1.prefetch-budget-20.rank-accept_first.cut-entropy4.0.samples20.maxnew1024.seed10086.subtreePrefetch.vllm.log,316,5,6.629
/Users/jiangnanhugo/workspace/power-sharpening/Subtree-Prefetching-Power-Sharpening/case_studies/logs-entropycut/lcb_v6/2026-09-20/vllm/dataset-lcb_v6.model-qwen3-4b.alpha4.0.steps100.blocks-1.prefetch-budget-20.rank-accept_first.cut-entropy4.0.samples20.maxnew1024.seed10086.subtreePrefetch.vllm.log,317,4,6.371
/Users/jiangnanhugo/workspace/power-sharpening/Subtree-Prefetching-Power-Sharpening/case_studies/logs-entropycut/lcb_v6/2026-09-20/vllm/dataset-lcb_v6.model-qwen3-4b.alpha4.0.steps100.blocks-1.prefetch-budget-20.rank-accept_first.cut-entropy4.0.samples20.maxnew1024.seed10086.subtreePrefetch.vllm.log,318,5,6.846
/Users/jiangnanhugo/workspace/power-sharpening/Subtree-Prefetching-Power-Sharpening/case_studies/logs-entropycut/lcb_v6/2026-09-20/vllm/dataset-lcb_v6.model-qwen3-4b.alpha4.0.steps100.blocks-1.prefetch-budget-20.rank-accept_first.cut-entropy4.0.samples20.maxnew1024.seed10086.subtreePrefetch.vllm.log,319,5,6.278
/Users/jiangnanhugo/workspace/power-sharpening/Subtree-Prefetching-Power-Sharpening/case_studies/logs-entropycut/lcb_v6/2026-09-20/vllm/dataset-lcb_v6.model-qwen3-4b.alpha4.0.steps100.blocks-1.prefetch-budget-20.rank-accept_first.cut-entropy4.0.samples20.maxnew1024.seed10086.subtreePrefetch.vllm.log,320,5,6.807
/Users/jiangnanhugo/workspace/power-sharpening/Subtree-Prefetching-Power-Sharpening/case_studies/logs-entropycut/lcb_v6/2026-09-20/vllm/dataset-lcb_v6.model-qwen3-4b.alpha4.0.steps100.blocks-1.prefetch-budget-20.rank-accept_first.cut-entropy4.0.samples20.maxnew1024.seed10086.subtreePrefetch.vllm.log,321,2,6.898
/Users/jiangnanhugo/workspace/power-sharpening/Subtree-Prefetching-Power-Sharpening/case_studies/logs-entropycut/lcb_v6/2026-09-20/vllm/dataset-lcb_v6.model-qwen3-4b.alpha4.0.steps100.blocks-1.prefetch-budget-20.rank-accept_first.cut-entropy4.0.samples20.maxnew1024.seed10086.subtreePrefetch.vllm.log,322,3,5.778
/Users/jiangnanhugo/workspace/power-sharpening/Subtree-Prefetching-Power-Sharpening/case_studies/logs-entropycut/lcb_v6/2026-09-20/vllm/dataset-lcb_v6.model-qwen3-4b.alpha4.0.steps100.blocks-1.prefetch-budget-20.rank-accept_first.cut-entropy4.0.samples20.maxnew1024.seed10086.subtreePrefetch.vllm.log,323,4,5.164
/Users/jiangnanhugo/workspace/power-sharpening/Subtree-Prefetching-Power-Sharpening/case_studies/logs-entropycut/lcb_v6/2026-09-20/vllm/dataset-lcb_v6.model-qwen3-4b.alpha4.0.steps100.blocks-1.prefetch-budget-20.rank-accept_first.cut-entropy4.0.samples20.maxnew1024.seed10086.subtreePrefetch.vllm.log,324,1,6.787
/Users/jiangnanhugo/workspace/power-sharpening/Subtree-Prefetching-Power-Sharpening/case_studies/logs-entropycut/lcb_v6/2026-09-20/vllm/dataset-lcb_v6.model-qwen3-4b.alpha4.0.steps100.blocks-1.prefetch-budget-20.rank-accept_first.cut-entropy4.0.samples20.maxnew1024.seed10086.subtreePrefetch.vllm.log,325,4,5.895
/Users/jiangnanhugo/workspace/power-sharpening/Subtree-Prefetching-Power-Sharpening/case_studies/logs-entropycut/lcb_v6/2026-09-20/vllm/dataset-lcb_v6.model-qwen3-4b.alpha4.0.steps100.blocks-1.prefetch-budget-20.rank-accept_first.cut-entropy4.0.samples20.maxnew1024.seed10086.subtreePrefetch.vllm.log,326,4,6.612
/Users/jiangnanhugo/workspace/power-sharpening/Subtree-Prefetching-Power-Sharpening/case_studies/logs-entropycut/lcb_v6/2026-09-20/vllm/dataset-lcb_v6.model-qwen3-4b.alpha4.0.steps100.blocks-1.prefetch-budget-20.rank-accept_first.cut-entropy4.0.samples20.maxnew1024.seed10086.subtreePrefetch.vllm.log,327,6,5.791
/Users/jiangnanhugo/workspace/power-sharpening/Subtree-Prefetching-Power-Sharpening/case_studies/logs-entropycut/lcb_v6/2026-09-20/vllm/dataset-lcb_v6.model-qwen3-4b.alpha4.0.steps100.blocks-1.prefetch-budget-20.rank-accept_first.cut-entropy4.0.samples20.maxnew1024.seed10086.subtreePrefetch.vllm.log,328,6,6.025
/Users/jiangnanhugo/workspace/power-sharpening/Subtree-Prefetching-Power-Sharpening/case_studies/logs-entropycut/lcb_v6/2026-09-20/vllm/dataset-lcb_v6.model-qwen3-4b.alpha4.0.steps100.blocks-1.prefetch-budget-20.rank-accept_first.cut-entropy4.0.samples20.maxnew1024.seed10086.subtreePrefetch.vllm.log,329,2,6.419
/Users/jiangnanhugo/workspace/power-sharpening/Subtree-Prefetching-Power-Sharpening/case_studies/logs-entropycut/lcb_v6/2026-09-20/vllm/dataset-lcb_v6.model-qwen3-4b.alpha4.0.steps100.blocks-1.prefetch-budget-20.rank-accept_first.cut-entropy4.0.samples20.maxnew1024.seed10086.subtreePrefetch.vllm.log,330,1,6.851
/Users/jiangnanhugo/workspace/power-sharpening/Subtree-Prefetching-Power-Sharpening/case_studies/logs-entropycut/lcb_v6/2026-09-20/vllm/dataset-lcb_v6.model-qwen3-4b.alpha4.0.steps100.blocks-1.prefetch-budget-20.rank-accept_first.cut-entropy4.0.samples20.maxnew1024.seed10086.subtreePrefetch.vllm.log,331,2,7.057
/Users/jiangnanhugo/workspace/power-sharpening/Subtree-Prefetching-Power-Sharpening/case_studies/logs-entropycut/lcb_v6/2026-09-20/vllm/dataset-lcb_v6.model-qwen3-4b.alpha4.0.steps100.blocks-1.prefetch-budget-20.rank-accept_first.cut-entropy4.0.samples20.maxnew1024.seed10086.subtreePrefetch.vllm.log,332,3,6.655
/Users/jiangnanhugo/workspace/power-sharpening/Subtree-Prefetching-Power-Sharpening/case_studies/logs-entropycut/lcb_v6/2026-09-20/vllm/dataset-lcb_v6.model-qwen3-4b.alpha4.0.steps100.blocks-1.prefetch-budget-20.rank-accept_first.cut-entropy4.0.samples20.maxnew1024.seed10086.subtreePrefetch.vllm.log,333,1,6.971
/Users/jiangnanhugo/workspace/power-sharpening/Subtree-Prefetching-Power-Sharpening/case_studies/logs-entropycut/lcb_v6/2026-09-20/vllm/dataset-lcb_v6.model-qwen3-4b.alpha4.0.steps100.blocks-1.prefetch-budget-20.rank-accept_first.cut-entropy4.0.samples20.maxnew1024.seed10086.subtreePrefetch.vllm.log,334,5,6.782
/Users/jiangnanhugo/workspace/power-sharpening/Subtree-Prefetching-Power-Sharpening/case_studies/logs-entropycut/lcb_v6/2026-09-20/vllm/dataset-lcb_v6.model-qwen3-4b.alpha4.0.steps100.blocks-1.prefetch-budget-20.rank-accept_first.cut-entropy4.0.samples20.maxnew1024.seed10086.subtreePrefetch.vllm.log,335,5,6.564
/Users/jiangnanhugo/workspace/power-sharpening/Subtree-Prefetching-Power-Sharpening/case_studies/logs-entropycut/lcb_v6/2026-09-20/vllm/dataset-lcb_v6.model-qwen3-4b.alpha4.0.steps100.blocks-1.prefetch-budget-20.rank-accept_first.cut-entropy4.0.samples20.maxnew1024.seed10086.subtreePrefetch.vllm.log,336,5,6.859
/Users/jiangnanhugo/workspace/power-sharpening/Subtree-Prefetching-Power-Sharpening/case_studies/logs-entropycut/lcb_v6/2026-09-20/vllm/dataset-lcb_v6.model-qwen3-4b.alpha4.0.steps100.blocks-1.prefetch-budget-20.rank-accept_first.cut-entropy4.0.samples20.maxnew1024.seed10086.subtreePrefetch.vllm.log,337,4,6.514
/Users/jiangnanhugo/workspace/power-sharpening/Subtree-Prefetching-Power-Sharpening/case_studies/logs-entropycut/lcb_v6/2026-09-20/vllm/dataset-lcb_v6.model-qwen3-4b.alpha4.0.steps100.blocks-1.prefetch-budget-20.rank-accept_first.cut-entropy4.0.samples20.maxnew1024.seed10086.subtreePrefetch.vllm.log,338,7,6.982
/Users/jiangnanhugo/workspace/power-sharpening/Subtree-Prefetching-Power-Sharpening/case_studies/logs-entropycut/lcb_v6/2026-09-20/vllm/dataset-lcb_v6.model-qwen3-4b.alpha4.0.steps100.blocks-1.prefetch-budget-20.rank-accept_first.cut-entropy4.0.samples20.maxnew1024.seed10086.subtreePrefetch.vllm.log,339,4,6.92
/Users/jiangnanhugo/workspace/power-sharpening/Subtree-Prefetching-Power-Sharpening/case_studies/logs-entropycut/lcb_v6/2026-09-20/vllm/dataset-lcb_v6.model-qwen3-4b.alpha4.0.steps100.blocks-1.prefetch-budget-20.rank-accept_first.cut-entropy4.0.samples20.maxnew1024.seed10086.subtreePrefetch.vllm.log,340,5,6.636
/Users/jiangnanhugo/workspace/power-sharpening/Subtree-Prefetching-Power-Sharpening/case_studies/logs-entropycut/lcb_v6/2026-09-20/vllm/dataset-lcb_v6.model-qwen3-4b.alpha4.0.steps100.blocks-1.prefetch-budget-20.rank-accept_first.cut-entropy4.0.samples20.maxnew1024.seed10086.subtreePrefetch.vllm.log,341,5,6.658
/Users/jiangnanhugo/workspace/power-sharpening/Subtree-Prefetching-Power-Sharpening/case_studies/logs-entropycut/lcb_v6/2026-09-20/vllm/dataset-lcb_v6.model-qwen3-4b.alpha4.0.steps100.blocks-1.prefetch-budget-20.rank-accept_first.cut-entropy4.0.samples20.maxnew1024.seed10086.subtreePrefetch.vllm.log,342,6,6.629
/Users/jiangnanhugo/workspace/power-sharpening/Subtree-Prefetching-Power-Sharpening/case_studies/logs-entropycut/lcb_v6/2026-09-20/vllm/dataset-lcb_v6.model-qwen3-4b.alpha4.0.steps100.blocks-1.prefetch-budget-20.rank-accept_first.cut-entropy4.0.samples20.maxnew1024.seed10086.subtreePrefetch.vllm.log,343,4,6.765
/Users/jiangnanhugo/workspace/power-sharpening/Subtree-Prefetching-Power-Sharpening/case_studies/logs-entropycut/lcb_v6/2026-09-20/vllm/dataset-lcb_v6.model-qwen3-4b.alpha4.0.steps100.blocks-1.prefetch-budget-20.rank-accept_first.cut-entropy4.0.samples20.maxnew1024.seed10086.subtreePrefetch.vllm.log,344,5,6.645
/Users/jiangnanhugo/workspace/power-sharpening/Subtree-Prefetching-Power-Sharpening/case_studies/logs-entropycut/lcb_v6/2026-09-20/vllm/dataset-lcb_v6.model-qwen3-4b.alpha4.0.steps100.blocks-1.prefetch-budget-20.rank-accept_first.cut-entropy4.0.samples20.maxnew1024.seed10086.subtreePrefetch.vllm.log,345,5,6.938
/Users/jiangnanhugo/workspace/power-sharpening/Subtree-Prefetching-Power-Sharpening/case_studies/logs-entropycut/lcb_v6/2026-09-20/vllm/dataset-lcb_v6.model-qwen3-4b.alpha4.0.steps100.blocks-1.prefetch-budget-20.rank-accept_first.cut-entropy4.0.samples20.maxnew1024.seed10086.subtreePrefetch.vllm.log,346,7,6.727
/Users/jiangnanhugo/workspace/power-sharpening/Subtree-Prefetching-Power-Sharpening/case_studies/logs-entropycut/lcb_v6/2026-09-20/vllm/dataset-lcb_v6.model-qwen3-4b.alpha4.0.steps100.blocks-1.prefetch-budget-20.rank-accept_first.cut-entropy4.0.samples20.maxnew1024.seed10086.subtreePrefetch.vllm.log,347,2,6.61
/Users/jiangnanhugo/workspace/power-sharpening/Subtree-Prefetching-Power-Sharpening/case_studies/logs-entropycut/lcb_v6/2026-09-20/vllm/dataset-lcb_v6.model-qwen3-4b.alpha4.0.steps100.blocks-1.prefetch-budget-20.rank-accept_first.cut-entropy4.0.samples20.maxnew1024.seed10086.subtreePrefetch.vllm.log,348,3,6.935
/Users/jiangnanhugo/workspace/power-sharpening/Subtree-Prefetching-Power-Sharpening/case_studies/logs-entropycut/lcb_v6/2026-09-20/vllm/dataset-lcb_v6.model-qwen3-4b.alpha4.0.steps100.blocks-1.prefetch-budget-20.rank-accept_first.cut-entropy4.0.samples20.maxnew1024.seed10086.subtreePrefetch.vllm.log,349,6,6.86
/Users/jiangnanhugo/workspace/power-sharpening/Subtree-Prefetching-Power-Sharpening/case_studies/logs-entropycut/lcb_v6/2026-09-20/vllm/dataset-lcb_v6.model-qwen3-4b.alpha4.0.steps100.blocks-1.prefetch-budget-20.rank-accept_first.cut-entropy4.0.samples20.maxnew1024.seed10086.subtreePrefetch.vllm.log,350,5,6.593
/Users/jiangnanhugo/workspace/power-sharpening/Subtree-Prefetching-Power-Sharpening/case_studies/logs-entropycut/lcb_v6/2026-09-20/vllm/dataset-lcb_v6.model-qwen3-4b.alpha4.0.steps100.blocks-1.prefetch-budget-20.rank-accept_first.cut-entropy4.0.samples20.maxnew1024.seed10086.subtreePrefetch.vllm.log,351,1,6.573
/Users/jiangnanhugo/workspace/power-sharpening/Subtree-Prefetching-Power-Sharpening/case_studies/logs-entropycut/lcb_v6/2026-09-20/vllm/dataset-lcb_v6.model-qwen3-4b.alpha4.0.steps100.blocks-1.prefetch-budget-20.rank-accept_first.cut-entropy4.0.samples20.maxnew1024.seed10086.subtreePrefetch.vllm.log,352,5,6.61
/Users/jiangnanhugo/workspace/power-sharpening/Subtree-Prefetching-Power-Sharpening/case_studies/logs-entropycut/lcb_v6/2026-09-20/vllm/dataset-lcb_v6.model-qwen3-4b.alpha4.0.steps100.blocks-1.prefetch-budget-20.rank-accept_first.cut-entropy4.0.samples20.maxnew1024.seed10086.subtreePrefetch.vllm.log,353,2,3.519
/Users/jiangnanhugo/workspace/power-sharpening/Subtree-Prefetching-Power-Sharpening/case_studies/logs-entropycut/lcb_v6/2026-09-20/vllm/dataset-lcb_v6.model-qwen3-4b.alpha4.0.steps100.blocks-1.prefetch-budget-20.rank-accept_first.cut-entropy4.0.samples20.maxnew1024.seed10086.subtreePrefetch.vllm.log,354,2,5.856
/Users/jiangnanhugo/workspace/power-sharpening/Subtree-Prefetching-Power-Sharpening/case_studies/logs-entropycut/lcb_v6/2026-09-20/vllm/dataset-lcb_v6.model-qwen3-4b.alpha4.0.steps100.blocks-1.prefetch-budget-20.rank-accept_first.cut-entropy4.0.samples20.maxnew1024.seed10086.subtreePrefetch.vllm.log,355,6,6.539
/Users/jiangnanhugo/workspace/power-sharpening/Subtree-Prefetching-Power-Sharpening/case_studies/logs-entropycut/lcb_v6/2026-09-20/vllm/dataset-lcb_v6.model-qwen3-4b.alpha4.0.steps100.blocks-1.prefetch-budget-20.rank-accept_first.cut-entropy4.0.samples20.maxnew1024.seed10086.subtreePrefetch.vllm.log,356,3,6.194
/Users/jiangnanhugo/workspace/power-sharpening/Subtree-Prefetching-Power-Sharpening/case_studies/logs-entropycut/lcb_v6/2026-09-20/vllm/dataset-lcb_v6.model-qwen3-4b.alpha4.0.steps100.blocks-1.prefetch-budget-20.rank-accept_first.cut-entropy4.0.samples20.maxnew1024.seed10086.subtreePrefetch.vllm.log,357,6,6.427
/Users/jiangnanhugo/workspace/power-sharpening/Subtree-Prefetching-Power-Sharpening/case_studies/logs-entropycut/lcb_v6/2026-09-20/vllm/dataset-lcb_v6.model-qwen3-4b.alpha4.0.steps100.blocks-1.prefetch-budget-20.rank-accept_first.cut-entropy4.0.samples20.maxnew1024.seed10086.subtreePrefetch.vllm.log,358,6,6.299
/Users/jiangnanhugo/workspace/power-sharpening/Subtree-Prefetching-Power-Sharpening/case_studies/logs-entropycut/lcb_v6/2026-09-20/vllm/dataset-lcb_v6.model-qwen3-4b.alpha4.0.steps100.blocks-1.prefetch-budget-20.rank-accept_first.cut-entropy4.0.samples20.maxnew1024.seed10086.subtreePrefetch.vllm.log,359,8,6.826
/Users/jiangnanhugo/workspace/power-sharpening/Subtree-Prefetching-Power-Sharpening/case_studies/logs-entropycut/lcb_v6/2026-09-20/vllm/dataset-lcb_v6.model-qwen3-4b.alpha4.0.steps100.blocks-1.prefetch-budget-20.rank-accept_first.cut-entropy4.0.samples20.maxnew1024.seed10086.subtreePrefetch.vllm.log,360,6,6.319
/Users/jiangnanhugo/workspace/power-sharpening/Subtree-Prefetching-Power-Sharpening/case_studies/logs-entropycut/lcb_v6/2026-09-20/vllm/dataset-lcb_v6.model-qwen3-4b.alpha4.0.steps100.blocks-1.prefetch-budget-20.rank-accept_first.cut-entropy4.0.samples20.maxnew1024.seed10086.subtreePrefetch.vllm.log,361,7,6.564
/Users/jiangnanhugo/workspace/power-sharpening/Subtree-Prefetching-Power-Sharpening/case_studies/logs-entropycut/lcb_v6/2026-09-20/vllm/dataset-lcb_v6.model-qwen3-4b.alpha4.0.steps100.blocks-1.prefetch-budget-20.rank-accept_first.cut-entropy4.0.samples20.maxnew1024.seed10086.subtreePrefetch.vllm.log,362,5,6.101
/Users/jiangnanhugo/workspace/power-sharpening/Subtree-Prefetching-Power-Sharpening/case_studies/logs-entropycut/lcb_v6/2026-09-20/vllm/dataset-lcb_v6.model-qwen3-4b.alpha4.0.steps100.blocks-1.prefetch-budget-20.rank-accept_first.cut-entropy4.0.samples20.maxnew1024.seed10086.subtreePrefetch.vllm.log,363,3,6.281
/Users/jiangnanhugo/workspace/power-sharpening/Subtree-Prefetching-Power-Sharpening/case_studies/logs-entropycut/lcb_v6/2026-09-20/vllm/dataset-lcb_v6.model-qwen3-4b.alpha4.0.steps100.blocks-1.prefetch-budget-20.rank-accept_first.cut-entropy4.0.samples20.maxnew1024.seed10086.subtreePrefetch.vllm.log,364,6,6.333
/Users/jiangnanhugo/workspace/power-sharpening/Subtree-Prefetching-Power-Sharpening/case_studies/logs-entropycut/lcb_v6/2026-09-20/vllm/dataset-lcb_v6.model-qwen3-4b.alpha4.0.steps100.blocks-1.prefetch-budget-20.rank-accept_first.cut-entropy4.0.samples20.maxnew1024.seed10086.subtreePrefetch.vllm.log,365,5,6.494
/Users/jiangnanhugo/workspace/power-sharpening/Subtree-Prefetching-Power-Sharpening/case_studies/logs-entropycut/lcb_v6/2026-09-20/vllm/dataset-lcb_v6.model-qwen3-4b.alpha4.0.steps100.blocks-1.prefetch-budget-20.rank-accept_first.cut-entropy4.0.samples20.maxnew1024.seed10086.subtreePrefetch.vllm.log,366,6,6.469
/Users/jiangnanhugo/workspace/power-sharpening/Subtree-Prefetching-Power-Sharpening/case_studies/logs-entropycut/lcb_v6/2026-09-20/vllm/dataset-lcb_v6.model-qwen3-4b.alpha4.0.steps100.blocks-1.prefetch-budget-20.rank-accept_first.cut-entropy4.0.samples20.maxnew1024.seed10086.subtreePrefetch.vllm.log,367,4,6.524
/Users/jiangnanhugo/workspace/power-sharpening/Subtree-Prefetching-Power-Sharpening/case_studies/logs-entropycut/lcb_v6/2026-09-20/vllm/dataset-lcb_v6.model-qwen3-4b.alpha4.0.steps100.blocks-1.prefetch-budget-20.rank-accept_first.cut-entropy4.0.samples20.maxnew1024.seed10086.subtreePrefetch.vllm.log,368,5,6.512
/Users/jiangnanhugo/workspace/power-sharpening/Subtree-Prefetching-Power-Sharpening/case_studies/logs-entropycut/lcb_v6/2026-09-20/vllm/dataset-lcb_v6.model-qwen3-4b.alpha4.0.steps100.blocks-1.prefetch-budget-20.rank-accept_first.cut-entropy4.0.samples20.maxnew1024.seed10086.subtreePrefetch.vllm.log,369,6,6.713
/Users/jiangnanhugo/workspace/power-sharpening/Subtree-Prefetching-Power-Sharpening/case_studies/logs-entropycut/lcb_v6/2026-09-20/vllm/dataset-lcb_v6.model-qwen3-4b.alpha4.0.steps100.blocks-1.prefetch-budget-20.rank-accept_first.cut-entropy4.0.samples20.maxnew1024.seed10086.subtreePrefetch.vllm.log,370,6,6.465
/Users/jiangnanhugo/workspace/power-sharpening/Subtree-Prefetching-Power-Sharpening/case_studies/logs-entropycut/lcb_v6/2026-09-20/vllm/dataset-lcb_v6.model-qwen3-4b.alpha4.0.steps100.blocks-1.prefetch-budget-20.rank-accept_first.cut-entropy4.0.samples20.maxnew1024.seed10086.subtreePrefetch.vllm.log,371,4,5.925
/Users/jiangnanhugo/workspace/power-sharpening/Subtree-Prefetching-Power-Sharpening/case_studies/logs-entropycut/lcb_v6/2026-09-20/vllm/dataset-lcb_v6.model-qwen3-4b.alpha4.0.steps100.blocks-1.prefetch-budget-20.rank-accept_first.cut-entropy4.0.samples20.maxnew1024.seed10086.subtreePrefetch.vllm.log,372,5,6.53
/Users/jiangnanhugo/workspace/power-sharpening/Subtree-Prefetching-Power-Sharpening/case_studies/logs-entropycut/lcb_v6/2026-09-20/vllm/dataset-lcb_v6.model-qwen3-4b.alpha4.0.steps100.blocks-1.prefetch-budget-20.rank-accept_first.cut-entropy4.0.samples20.maxnew1024.seed10086.subtreePrefetch.vllm.log,373,1,2.405
/Users/jiangnanhugo/workspace/power-sharpening/Subtree-Prefetching-Power-Sharpening/case_studies/logs-entropycut/lcb_v6/2026-09-20/vllm/dataset-lcb_v6.model-qwen3-4b.alpha4.0.steps100.blocks-1.prefetch-budget-20.rank-accept_first.cut-entropy4.0.samples20.maxnew1024.seed10086.subtreePrefetch.vllm.log,374,3,6.558
/Users/jiangnanhugo/workspace/power-sharpening/Subtree-Prefetching-Power-Sharpening/case_studies/logs-entropycut/lcb_v6/2026-09-20/vllm/dataset-lcb_v6.model-qwen3-4b.alpha4.0.steps100.blocks-1.prefetch-budget-20.rank-accept_first.cut-entropy4.0.samples20.maxnew1024.seed10086.subtreePrefetch.vllm.log,375,1,5.91
/Users/jiangnanhugo/workspace/power-sharpening/Subtree-Prefetching-Power-Sharpening/case_studies/logs-entropycut/lcb_v6/2026-09-20/vllm/dataset-lcb_v6.model-qwen3-4b.alpha4.0.steps100.blocks-1.prefetch-budget-20.rank-accept_first.cut-entropy4.0.samples20.maxnew1024.seed10086.subtreePrefetch.vllm.log,376,5,5.13
/Users/jiangnanhugo/workspace/power-sharpening/Subtree-Prefetching-Power-Sharpening/case_studies/logs-entropycut/lcb_v6/2026-09-20/vllm/dataset-lcb_v6.model-qwen3-4b.alpha4.0.steps100.blocks-1.prefetch-budget-20.rank-accept_first.cut-entropy4.0.samples20.maxnew1024.seed10086.subtreePrefetch.vllm.log,377,5,6.037
/Users/jiangnanhugo/workspace/power-sharpening/Subtree-Prefetching-Power-Sharpening/case_studies/logs-entropycut/lcb_v6/2026-09-20/vllm/dataset-lcb_v6.model-qwen3-4b.alpha4.0.steps100.blocks-1.prefetch-budget-20.rank-accept_first.cut-entropy4.0.samples20.maxnew1024.seed10086.subtreePrefetch.vllm.log,378,6,6.657
/Users/jiangnanhugo/workspace/power-sharpening/Subtree-Prefetching-Power-Sharpening/case_studies/logs-entropycut/lcb_v6/2026-09-20/vllm/dataset-lcb_v6.model-qwen3-4b.alpha4.0.steps100.blocks-1.prefetch-budget-20.rank-accept_first.cut-entropy4.0.samples20.maxnew1024.seed10086.subtreePrefetch.vllm.log,379,5,6.893
/Users/jiangnanhugo/workspace/power-sharpening/Subtree-Prefetching-Power-Sharpening/case_studies/logs-entropycut/lcb_v6/2026-09-20/vllm/dataset-lcb_v6.model-qwen3-4b.alpha4.0.steps100.blocks-1.prefetch-budget-20.rank-accept_first.cut-entropy4.0.samples20.maxnew1024.seed10086.subtreePrefetch.vllm.log,380,3,6.478
/Users/jiangnanhugo/workspace/power-sharpening/Subtree-Prefetching-Power-Sharpening/case_studies/logs-entropycut/lcb_v6/2026-09-20/vllm/dataset-lcb_v6.model-qwen3-4b.alpha4.0.steps100.blocks-1.prefetch-budget-20.rank-accept_first.cut-entropy4.0.samples20.maxnew1024.seed10086.subtreePrefetch.vllm.log,381,1,7.118
/Users/jiangnanhugo/workspace/power-sharpening/Subtree-Prefetching-Power-Sharpening/case_studies/logs-entropycut/lcb_v6/2026-09-20/vllm/dataset-lcb_v6.model-qwen3-4b.alpha4.0.steps100.blocks-1.prefetch-budget-20.rank-accept_first.cut-entropy4.0.samples20.maxnew1024.seed10086.subtreePrefetch.vllm.log,382,6,6.831
/Users/jiangnanhugo/workspace/power-sharpening/Subtree-Prefetching-Power-Sharpening/case_studies/logs-entropycut/lcb_v6/2026-09-20/vllm/dataset-lcb_v6.model-qwen3-4b.alpha4.0.steps100.blocks-1.prefetch-budget-20.rank-accept_first.cut-entropy4.0.samples20.maxnew1024.seed10086.subtreePrefetch.vllm.log,383,2,7.348
/Users/jiangnanhugo/workspace/power-sharpening/Subtree-Prefetching-Power-Sharpening/case_studies/logs-entropycut/lcb_v6/2026-09-20/vllm/dataset-lcb_v6.model-qwen3-4b.alpha4.0.steps100.blocks-1.prefetch-budget-20.rank-accept_first.cut-entropy4.0.samples20.maxnew1024.seed10086.subtreePrefetch.vllm.log,384,7,7.016
/Users/jiangnanhugo/workspace/power-sharpening/Subtree-Prefetching-Power-Sharpening/case_studies/logs-entropycut/lcb_v6/2026-09-20/vllm/dataset-lcb_v6.model-qwen3-4b.alpha4.0.steps100.blocks-1.prefetch-budget-20.rank-accept_first.cut-entropy4.0.samples20.maxnew1024.seed10086.subtreePrefetch.vllm.log,385,4,7.158
/Users/jiangnanhugo/workspace/power-sharpening/Subtree-Prefetching-Power-Sharpening/case_studies/logs-entropycut/lcb_v6/2026-09-20/vllm/dataset-lcb_v6.model-qwen3-4b.alpha4.0.steps100.blocks-1.prefetch-budget-20.rank-accept_first.cut-entropy4.0.samples20.maxnew1024.seed10086.subtreePrefetch.vllm.log,386,5,6.524
/Users/jiangnanhugo/workspace/power-sharpening/Subtree-Prefetching-Power-Sharpening/case_studies/logs-entropycut/lcb_v6/2026-09-20/vllm/dataset-lcb_v6.model-qwen3-4b.alpha4.0.steps100.blocks-1.prefetch-budget-20.rank-accept_first.cut-entropy4.0.samples20.maxnew1024.seed10086.subtreePrefetch.vllm.log,387,5,7.307
/Users/jiangnanhugo/workspace/power-sharpening/Subtree-Prefetching-Power-Sharpening/case_studies/logs-entropycut/lcb_v6/2026-09-20/vllm/dataset-lcb_v6.model-qwen3-4b.alpha4.0.steps100.blocks-1.prefetch-budget-20.rank-accept_first.cut-entropy4.0.samples20.maxnew1024.seed10086.subtreePrefetch.vllm.log,388,3,7.331
/Users/jiangnanhugo/workspace/power-sharpening/Subtree-Prefetching-Power-Sharpening/case_studies/logs-entropycut/lcb_v6/2026-09-20/vllm/dataset-lcb_v6.model-qwen3-4b.alpha4.0.steps100.blocks-1.prefetch-budget-20.rank-accept_first.cut-entropy4.0.samples20.maxnew1024.seed10086.subtreePrefetch.vllm.log,389,6,7.092
/Users/jiangnanhugo/workspace/power-sharpening/Subtree-Prefetching-Power-Sharpening/case_studies/logs-entropycut/lcb_v6/2026-09-20/vllm/dataset-lcb_v6.model-qwen3-4b.alpha4.0.steps100.blocks-1.prefetch-budget-20.rank-accept_first.cut-entropy4.0.samples20.maxnew1024.seed10086.subtreePrefetch.vllm.log,390,6,6.839
/Users/jiangnanhugo/workspace/power-sharpening/Subtree-Prefetching-Power-Sharpening/case_studies/logs-entropycut/lcb_v6/2026-09-20/vllm/dataset-lcb_v6.model-qwen3-4b.alpha4.0.steps100.blocks-1.prefetch-budget-20.rank-accept_first.cut-entropy4.0.samples20.maxnew1024.seed10086.subtreePrefetch.vllm.log,391,3,6.557
/Users/jiangnanhugo/workspace/power-sharpening/Subtree-Prefetching-Power-Sharpening/case_studies/logs-entropycut/lcb_v6/2026-09-20/vllm/dataset-lcb_v6.model-qwen3-4b.alpha4.0.steps100.blocks-1.prefetch-budget-20.rank-accept_first.cut-entropy4.0.samples20.maxnew1024.seed10086.subtreePrefetch.vllm.log,392,5,6.901
/Users/jiangnanhugo/workspace/power-sharpening/Subtree-Prefetching-Power-Sharpening/case_studies/logs-entropycut/lcb_v6/2026-09-20/vllm/dataset-lcb_v6.model-qwen3-4b.alpha4.0.steps100.blocks-1.prefetch-budget-20.rank-accept_first.cut-entropy4.0.samples20.maxnew1024.seed10086.subtreePrefetch.vllm.log,393,3,5.897
/Users/jiangnanhugo/workspace/power-sharpening/Subtree-Prefetching-Power-Sharpening/case_studies/logs-entropycut/lcb_v6/2026-09-20/vllm/dataset-lcb_v6.model-qwen3-4b.alpha4.0.steps100.blocks-1.prefetch-budget-20.rank-accept_first.cut-entropy4.0.samples20.maxnew1024.seed10086.subtreePrefetch.vllm.log,394,2,6.375
/Users/jiangnanhugo/workspace/power-sharpening/Subtree-Prefetching-Power-Sharpening/case_studies/logs-entropycut/lcb_v6/2026-09-20/vllm/dataset-lcb_v6.model-qwen3-4b.alpha4.0.steps100.blocks-1.prefetch-budget-20.rank-accept_first.cut-entropy4.0.samples20.maxnew1024.seed10086.subtreePrefetch.vllm.log,395,4,6.873
/Users/jiangnanhugo/workspace/power-sharpening/Subtree-Prefetching-Power-Sharpening/case_studies/logs-entropycut/lcb_v6/2026-09-20/vllm/dataset-lcb_v6.model-qwen3-4b.alpha4.0.steps100.blocks-1.prefetch-budget-20.rank-accept_first.cut-entropy4.0.samples20.maxnew1024.seed10086.subtreePrefetch.vllm.log,396,2,6.171
/Users/jiangnanhugo/workspace/power-sharpening/Subtree-Prefetching-Power-Sharpening/case_studies/logs-entropycut/lcb_v6/2026-09-20/vllm/dataset-lcb_v6.model-qwen3-4b.alpha4.0.steps100.blocks-1.prefetch-budget-20.rank-accept_first.cut-entropy4.0.samples20.maxnew1024.seed10086.subtreePrefetch.vllm.log,397,4,6.827
/Users/jiangnanhugo/workspace/power-sharpening/Subtree-Prefetching-Power-Sharpening/case_studies/logs-entropycut/lcb_v6/2026-09-20/vllm/dataset-lcb_v6.model-qwen3-4b.alpha4.0.steps100.blocks-1.prefetch-budget-20.rank-accept_first.cut-entropy4.0.samples20.maxnew1024.seed10086.subtreePrefetch.vllm.log,398,4,6.095
/Users/jiangnanhugo/workspace/power-sharpening/Subtree-Prefetching-Power-Sharpening/case_studies/logs-entropycut/lcb_v6/2026-09-20/vllm/dataset-lcb_v6.model-qwen3-4b.alpha4.0.steps100.blocks-1.prefetch-budget-20.rank-accept_first.cut-entropy4.0.samples20.maxnew1024.seed10086.subtreePrefetch.vllm.log,399,7,6.072
/Users/jiangnanhugo/workspace/power-sharpening/Subtree-Prefetching-Power-Sharpening/case_studies/logs-entropycut/lcb_v6/2026-09-20/vllm/dataset-lcb_v6.model-qwen3-4b.alpha4.0.steps100.blocks-1.prefetch-budget-20.rank-accept_first.cut-entropy4.0.samples20.maxnew1024.seed10086.subtreePrefetch.vllm.log,400,5,5.634
/Users/jiangnanhugo/workspace/power-sharpening/Subtree-Prefetching-Power-Sharpening/case_studies/logs-entropycut/lcb_v6/2026-09-20/vllm/dataset-lcb_v6.model-qwen3-4b.alpha4.0.steps100.blocks-1.prefetch-budget-20.rank-accept_first.cut-entropy4.0.samples20.maxnew1024.seed10086.subtreePrefetch.vllm.log,401,4,5.498
/Users/jiangnanhugo/workspace/power-sharpening/Subtree-Prefetching-Power-Sharpening/case_studies/logs-entropycut/lcb_v6/2026-09-20/vllm/dataset-lcb_v6.model-qwen3-4b.alpha4.0.steps100.blocks-1.prefetch-budget-20.rank-accept_first.cut-entropy4.0.samples20.maxnew1024.seed10086.subtreePrefetch.vllm.log,402,1,6.122
/Users/jiangnanhugo/workspace/power-sharpening/Subtree-Prefetching-Power-Sharpening/case_studies/logs-entropycut/lcb_v6/2026-09-20/vllm/dataset-lcb_v6.model-qwen3-4b.alpha4.0.steps100.blocks-1.prefetch-budget-20.rank-accept_first.cut-entropy4.0.samples20.maxnew1024.seed10086.subtreePrefetch.vllm.log,403,2,6.033
/Users/jiangnanhugo/workspace/power-sharpening/Subtree-Prefetching-Power-Sharpening/case_studies/logs-entropycut/lcb_v6/2026-09-20/vllm/dataset-lcb_v6.model-qwen3-4b.alpha4.0.steps100.blocks-1.prefetch-budget-20.rank-accept_first.cut-entropy4.0.samples20.maxnew1024.seed10086.subtreePrefetch.vllm.log,404,1,6.322
/Users/jiangnanhugo/workspace/power-sharpening/Subtree-Prefetching-Power-Sharpening/case_studies/logs-entropycut/lcb_v6/2026-09-20/vllm/dataset-lcb_v6.model-qwen3-4b.alpha4.0.steps100.blocks-1.prefetch-budget-20.rank-accept_first.cut-entropy4.0.samples20.maxnew1024.seed10086.subtreePrefetch.vllm.log,405,9,6.795
/Users/jiangnanhugo/workspace/power-sharpening/Subtree-Prefetching-Power-Sharpening/case_studies/logs-entropycut/lcb_v6/2026-09-20/vllm/dataset-lcb_v6.model-qwen3-4b.alpha4.0.steps100.blocks-1.prefetch-budget-20.rank-accept_first.cut-entropy4.0.samples20.maxnew1024.seed10086.subtreePrefetch.vllm.log,406,5,6.212
/Users/jiangnanhugo/workspace/power-sharpening/Subtree-Prefetching-Power-Sharpening/case_studies/logs-entropycut/lcb_v6/2026-09-20/vllm/dataset-lcb_v6.model-qwen3-4b.alpha4.0.steps100.blocks-1.prefetch-budget-20.rank-accept_first.cut-entropy4.0.samples20.maxnew1024.seed10086.subtreePrefetch.vllm.log,407,4,6.257
/Users/jiangnanhugo/workspace/power-sharpening/Subtree-Prefetching-Power-Sharpening/case_studies/logs-entropycut/lcb_v6/2026-09-20/vllm/dataset-lcb_v6.model-qwen3-4b.alpha4.0.steps100.blocks-1.prefetch-budget-20.rank-accept_first.cut-entropy4.0.samples20.maxnew1024.seed10086.subtreePrefetch.vllm.log,408,7,6.03
/Users/jiangnanhugo/workspace/power-sharpening/Subtree-Prefetching-Power-Sharpening/case_studies/logs-entropycut/lcb_v6/2026-09-20/vllm/dataset-lcb_v6.model-qwen3-4b.alpha4.0.steps100.blocks-1.prefetch-budget-20.rank-accept_first.cut-entropy4.0.samples20.maxnew1024.seed10086.subtreePrefetch.vllm.log,409,1,6.067
/Users/jiangnanhugo/workspace/power-sharpening/Subtree-Prefetching-Power-Sharpening/case_studies/logs-entropycut/lcb_v6/2026-09-20/vllm/dataset-lcb_v6.model-qwen3-4b.alpha4.0.steps100.blocks-1.prefetch-budget-20.rank-accept_first.cut-entropy4.0.samples20.maxnew1024.seed10086.subtreePrefetch.vllm.log,410,5,5.76
/Users/jiangnanhugo/workspace/power-sharpening/Subtree-Prefetching-Power-Sharpening/case_studies/logs-entropycut/lcb_v6/2026-09-20/vllm/dataset-lcb_v6.model-qwen3-4b.alpha4.0.steps100.blocks-1.prefetch-budget-20.rank-accept_first.cut-entropy4.0.samples20.maxnew1024.seed10086.subtreePrefetch.vllm.log,411,5,6.652
/Users/jiangnanhugo/workspace/power-sharpening/Subtree-Prefetching-Power-Sharpening/case_studies/logs-entropycut/lcb_v6/2026-09-20/vllm/dataset-lcb_v6.model-qwen3-4b.alpha4.0.steps100.blocks-1.prefetch-budget-20.rank-accept_first.cut-entropy4.0.samples20.maxnew1024.seed10086.subtreePrefetch.vllm.log,412,8,6.112
/Users/jiangnanhugo/workspace/power-sharpening/Subtree-Prefetching-Power-Sharpening/case_studies/logs-entropycut/lcb_v6/2026-09-20/vllm/dataset-lcb_v6.model-qwen3-4b.alpha4.0.steps100.blocks-1.prefetch-budget-20.rank-accept_first.cut-entropy4.0.samples20.maxnew1024.seed10086.subtreePrefetch.vllm.log,413,5,5.699
/Users/jiangnanhugo/workspace/power-sharpening/Subtree-Prefetching-Power-Sharpening/case_studies/logs-entropycut/lcb_v6/2026-09-20/vllm/dataset-lcb_v6.model-qwen3-4b.alpha4.0.steps100.blocks-1.prefetch-budget-20.rank-accept_first.cut-entropy4.0.samples20.maxnew1024.seed10086.subtreePrefetch.vllm.log,414,1,6.244
/Users/jiangnanhugo/workspace/power-sharpening/Subtree-Prefetching-Power-Sharpening/case_studies/logs-entropycut/lcb_v6/2026-09-20/vllm/dataset-lcb_v6.model-qwen3-4b.alpha4.0.steps100.blocks-1.prefetch-budget-20.rank-accept_first.cut-entropy4.0.samples20.maxnew1024.seed10086.subtreePrefetch.vllm.log,415,5,6.121
/Users/jiangnanhugo/workspace/power-sharpening/Subtree-Prefetching-Power-Sharpening/case_studies/logs-entropycut/lcb_v6/2026-09-20/vllm/dataset-lcb_v6.model-qwen3-4b.alpha4.0.steps100.blocks-1.prefetch-budget-20.rank-accept_first.cut-entropy4.0.samples20.maxnew1024.seed10086.subtreePrefetch.vllm.log,416,6,6.143
/Users/jiangnanhugo/workspace/power-sharpening/Subtree-Prefetching-Power-Sharpening/case_studies/logs-entropycut/lcb_v6/2026-09-20/vllm/dataset-lcb_v6.model-qwen3-4b.alpha4.0.steps100.blocks-1.prefetch-budget-20.rank-accept_first.cut-entropy4.0.samples20.maxnew1024.seed10086.subtreePrefetch.vllm.log,417,4,6.047
/Users/jiangnanhugo/workspace/power-sharpening/Subtree-Prefetching-Power-Sharpening/case_studies/logs-entropycut/lcb_v6/2026-09-20/vllm/dataset-lcb_v6.model-qwen3-4b.alpha4.0.steps100.blocks-1.prefetch-budget-20.rank-accept_first.cut-entropy4.0.samples20.maxnew1024.seed10086.subtreePrefetch.vllm.log,418,6,5.615
/Users/jiangnanhugo/workspace/power-sharpening/Subtree-Prefetching-Power-Sharpening/case_studies/logs-entropycut/lcb_v6/2026-09-20/vllm/dataset-lcb_v6.model-qwen3-4b.alpha4.0.steps100.blocks-1.prefetch-budget-20.rank-accept_first.cut-entropy4.0.samples20.maxnew1024.seed10086.subtreePrefetch.vllm.log,419,3,5.563
/Users/jiangnanhugo/workspace/power-sharpening/Subtree-Prefetching-Power-Sharpening/case_studies/logs-entropycut/lcb_v6/2026-09-20/vllm/dataset-lcb_v6.model-qwen3-4b.alpha4.0.steps100.blocks-1.prefetch-budget-20.rank-accept_first.cut-entropy4.0.samples20.maxnew1024.seed10086.subtreePrefetch.vllm.log,420,5,4.744
/Users/jiangnanhugo/workspace/power-sharpening/Subtree-Prefetching-Power-Sharpening/case_studies/logs-entropycut/lcb_v6/2026-09-20/vllm/dataset-lcb_v6.model-qwen3-4b.alpha4.0.steps100.blocks-1.prefetch-budget-20.rank-accept_first.cut-entropy4.0.samples20.maxnew1024.seed10086.subtreePrefetch.vllm.log,421,1,2.523
/Users/jiangnanhugo/workspace/power-sharpening/Subtree-Prefetching-Power-Sharpening/case_studies/logs-entropycut/lcb_v6/2026-09-20/vllm/dataset-lcb_v6.model-qwen3-4b.alpha4.0.steps100.blocks-1.prefetch-budget-20.rank-accept_first.cut-entropy4.0.samples20.maxnew1024.seed10086.subtreePrefetch.vllm.log,422,2,6.253
/Users/jiangnanhugo/workspace/power-sharpening/Subtree-Prefetching-Power-Sharpening/case_studies/logs-entropycut/lcb_v6/2026-09-20/vllm/dataset-lcb_v6.model-qwen3-4b.alpha4.0.steps100.blocks-1.prefetch-budget-20.rank-accept_first.cut-entropy4.0.samples20.maxnew1024.seed10086.subtreePrefetch.vllm.log,423,4,6.443
/Users/jiangnanhugo/workspace/power-sharpening/Subtree-Prefetching-Power-Sharpening/case_studies/logs-entropycut/lcb_v6/2026-09-20/vllm/dataset-lcb_v6.model-qwen3-4b.alpha4.0.steps100.blocks-1.prefetch-budget-20.rank-accept_first.cut-entropy4.0.samples20.maxnew1024.seed10086.subtreePrefetch.vllm.log,424,5,6.899
/Users/jiangnanhugo/workspace/power-sharpening/Subtree-Prefetching-Power-Sharpening/case_studies/logs-entropycut/lcb_v6/2026-09-20/vllm/dataset-lcb_v6.model-qwen3-4b.alpha4.0.steps100.blocks-1.prefetch-budget-20.rank-accept_first.cut-entropy4.0.samples20.maxnew1024.seed10086.subtreePrefetch.vllm.log,425,7,6.579
/Users/jiangnanhugo/workspace/power-sharpening/Subtree-Prefetching-Power-Sharpening/case_studies/logs-entropycut/lcb_v6/2026-09-20/vllm/dataset-lcb_v6.model-qwen3-4b.alpha4.0.steps100.blocks-1.prefetch-budget-20.rank-accept_first.cut-entropy4.0.samples20.maxnew1024.seed10086.subtreePrefetch.vllm.log,426,5,6.814
/Users/jiangnanhugo/workspace/power-sharpening/Subtree-Prefetching-Power-Sharpening/case_studies/logs-entropycut/lcb_v6/2026-09-20/vllm/dataset-lcb_v6.model-qwen3-4b.alpha4.0.steps100.blocks-1.prefetch-budget-20.rank-accept_first.cut-entropy4.0.samples20.maxnew1024.seed10086.subtreePrefetch.vllm.log,427,5,6.097
/Users/jiangnanhugo/workspace/power-sharpening/Subtree-Prefetching-Power-Sharpening/case_studies/logs-entropycut/lcb_v6/2026-09-20/vllm/dataset-lcb_v6.model-qwen3-4b.alpha4.0.steps100.blocks-1.prefetch-budget-20.rank-accept_first.cut-entropy4.0.samples20.maxnew1024.seed10086.subtreePrefetch.vllm.log,428,6,6.392
/Users/jiangnanhugo/workspace/power-sharpening/Subtree-Prefetching-Power-Sharpening/case_studies/logs-entropycut/lcb_v6/2026-09-20/vllm/dataset-lcb_v6.model-qwen3-4b.alpha4.0.steps100.blocks-1.prefetch-budget-20.rank-accept_first.cut-entropy4.0.samples20.maxnew1024.seed10086.subtreePrefetch.vllm.log,429,3,5.878
/Users/jiangnanhugo/workspace/power-sharpening/Subtree-Prefetching-Power-Sharpening/case_studies/logs-entropycut/lcb_v6/2026-09-20/vllm/dataset-lcb_v6.model-qwen3-4b.alpha4.0.steps100.blocks-1.prefetch-budget-20.rank-accept_first.cut-entropy4.0.samples20.maxnew1024.seed10086.subtreePrefetch.vllm.log,430,2,6.193
/Users/jiangnanhugo/workspace/power-sharpening/Subtree-Prefetching-Power-Sharpening/case_studies/logs-entropycut/lcb_v6/2026-09-20/vllm/dataset-lcb_v6.model-qwen3-4b.alpha4.0.steps100.blocks-1.prefetch-budget-20.rank-accept_first.cut-entropy4.0.samples20.maxnew1024.seed10086.subtreePrefetch.vllm.log,431,2,5.935
/Users/jiangnanhugo/workspace/power-sharpening/Subtree-Prefetching-Power-Sharpening/case_studies/logs-entropycut/lcb_v6/2026-09-20/vllm/dataset-lcb_v6.model-qwen3-4b.alpha4.0.steps100.blocks-1.prefetch-budget-20.rank-accept_first.cut-entropy4.0.samples20.maxnew1024.seed10086.subtreePrefetch.vllm.log,432,2,6.475
/Users/jiangnanhugo/workspace/power-sharpening/Subtree-Prefetching-Power-Sharpening/case_studies/logs-entropycut/lcb_v6/2026-09-20/vllm/dataset-lcb_v6.model-qwen3-4b.alpha4.0.steps100.blocks-1.prefetch-budget-20.rank-accept_first.cut-entropy4.0.samples20.maxnew1024.seed10086.subtreePrefetch.vllm.log,433,2,6.092
/Users/jiangnanhugo/workspace/power-sharpening/Subtree-Prefetching-Power-Sharpening/case_studies/logs-entropycut/lcb_v6/2026-09-20/vllm/dataset-lcb_v6.model-qwen3-4b.alpha4.0.steps100.blocks-1.prefetch-budget-20.rank-accept_first.cut-entropy4.0.samples20.maxnew1024.seed10086.subtreePrefetch.vllm.log,434,2,5.947
/Users/jiangnanhugo/workspace/power-sharpening/Subtree-Prefetching-Power-Sharpening/case_studies/logs-entropycut/lcb_v6/2026-09-20/vllm/dataset-lcb_v6.model-qwen3-4b.alpha4.0.steps100.blocks-1.prefetch-budget-20.rank-accept_first.cut-entropy4.0.samples20.maxnew1024.seed10086.subtreePrefetch.vllm.log,435,1,6.254
/Users/jiangnanhugo/workspace/power-sharpening/Subtree-Prefetching-Power-Sharpening/case_studies/logs-entropycut/lcb_v6/2026-09-20/vllm/dataset-lcb_v6.model-qwen3-4b.alpha4.0.steps100.blocks-1.prefetch-budget-20.rank-accept_first.cut-entropy4.0.samples20.maxnew1024.seed10086.subtreePrefetch.vllm.log,436,8,6.217
/Users/jiangnanhugo/workspace/power-sharpening/Subtree-Prefetching-Power-Sharpening/case_studies/logs-entropycut/lcb_v6/2026-09-20/vllm/dataset-lcb_v6.model-qwen3-4b.alpha4.0.steps100.blocks-1.prefetch-budget-20.rank-accept_first.cut-entropy4.0.samples20.maxnew1024.seed10086.subtreePrefetch.vllm.log,437,6,6.128
/Users/jiangnanhugo/workspace/power-sharpening/Subtree-Prefetching-Power-Sharpening/case_studies/logs-entropycut/lcb_v6/2026-09-20/vllm/dataset-lcb_v6.model-qwen3-4b.alpha4.0.steps100.blocks-1.prefetch-budget-20.rank-accept_first.cut-entropy4.0.samples20.maxnew1024.seed10086.subtreePrefetch.vllm.log,438,7,6.537
/Users/jiangnanhugo/workspace/power-sharpening/Subtree-Prefetching-Power-Sharpening/case_studies/logs-entropycut/lcb_v6/2026-09-20/vllm/dataset-lcb_v6.model-qwen3-4b.alpha4.0.steps100.blocks-1.prefetch-budget-20.rank-accept_first.cut-entropy4.0.samples20.maxnew1024.seed10086.subtreePrefetch.vllm.log,439,5,6.271
/Users/jiangnanhugo/workspace/power-sharpening/Subtree-Prefetching-Power-Sharpening/case_studies/logs-entropycut/lcb_v6/2026-09-20/vllm/dataset-lcb_v6.model-qwen3-4b.alpha4.0.steps100.blocks-1.prefetch-budget-20.rank-accept_first.cut-entropy4.0.samples20.maxnew1024.seed10086.subtreePrefetch.vllm.log,440,5,6.31
/Users/jiangnanhugo/workspace/power-sharpening/Subtree-Prefetching-Power-Sharpening/case_studies/logs-entropycut/lcb_v6/2026-09-20/vllm/dataset-lcb_v6.model-qwen3-4b.alpha4.0.steps100.blocks-1.prefetch-budget-20.rank-accept_first.cut-entropy4.0.samples20.maxnew1024.seed10086.subtreePrefetch.vllm.log,441,4,6.571
/Users/jiangnanhugo/workspace/power-sharpening/Subtree-Prefetching-Power-Sharpening/case_studies/logs-entropycut/lcb_v6/2026-09-20/vllm/dataset-lcb_v6.model-qwen3-4b.alpha4.0.steps100.blocks-1.prefetch-budget-20.rank-accept_first.cut-entropy4.0.samples20.maxnew1024.seed10086.subtreePrefetch.vllm.log,442,6,6.242
/Users/jiangnanhugo/workspace/power-sharpening/Subtree-Prefetching-Power-Sharpening/case_studies/logs-entropycut/lcb_v6/2026-09-20/vllm/dataset-lcb_v6.model-qwen3-4b.alpha4.0.steps100.blocks-1.prefetch-budget-20.rank-accept_first.cut-entropy4.0.samples20.maxnew1024.seed10086.subtreePrefetch.vllm.log,443,5,6.315
/Users/jiangnanhugo/workspace/power-sharpening/Subtree-Prefetching-Power-Sharpening/case_studies/logs-entropycut/lcb_v6/2026-09-20/vllm/dataset-lcb_v6.model-qwen3-4b.alpha4.0.steps100.blocks-1.prefetch-budget-20.rank-accept_first.cut-entropy4.0.samples20.maxnew1024.seed10086.subtreePrefetch.vllm.log,444,6,6.136
/Users/jiangnanhugo/workspace/power-sharpening/Subtree-Prefetching-Power-Sharpening/case_studies/logs-entropycut/lcb_v6/2026-09-20/vllm/dataset-lcb_v6.model-qwen3-4b.alpha4.0.steps100.blocks-1.prefetch-budget-20.rank-accept_first.cut-entropy4.0.samples20.maxnew1024.seed10086.subtreePrefetch.vllm.log,445,1,5.955
/Users/jiangnanhugo/workspace/power-sharpening/Subtree-Prefetching-Power-Sharpening/case_studies/logs-entropycut/lcb_v6/2026-09-20/vllm/dataset-lcb_v6.model-qwen3-4b.alpha4.0.steps100.blocks-1.prefetch-budget-20.rank-accept_first.cut-entropy4.0.samples20.maxnew1024.seed10086.subtreePrefetch.vllm.log,446,6,6.348
/Users/jiangnanhugo/workspace/power-sharpening/Subtree-Prefetching-Power-Sharpening/case_studies/logs-entropycut/lcb_v6/2026-09-20/vllm/dataset-lcb_v6.model-qwen3-4b.alpha4.0.steps100.blocks-1.prefetch-budget-20.rank-accept_first.cut-entropy4.0.samples20.maxnew1024.seed10086.subtreePrefetch.vllm.log,447,1,5.859
/Users/jiangnanhugo/workspace/power-sharpening/Subtree-Prefetching-Power-Sharpening/case_studies/logs-entropycut/lcb_v6/2026-09-20/vllm/dataset-lcb_v6.model-qwen3-4b.alpha4.0.steps100.blocks-1.prefetch-budget-20.rank-accept_first.cut-entropy4.0.samples20.maxnew1024.seed10086.subtreePrefetch.vllm.log,448,5,5.724
/Users/jiangnanhugo/workspace/power-sharpening/Subtree-Prefetching-Power-Sharpening/case_studies/logs-entropycut/lcb_v6/2026-09-20/vllm/dataset-lcb_v6.model-qwen3-4b.alpha4.0.steps100.blocks-1.prefetch-budget-20.rank-accept_first.cut-entropy4.0.samples20.maxnew1024.seed10086.subtreePrefetch.vllm.log,449,5,6.223
/Users/jiangnanhugo/workspace/power-sharpening/Subtree-Prefetching-Power-Sharpening/case_studies/logs-entropycut/lcb_v6/2026-09-20/vllm/dataset-lcb_v6.model-qwen3-4b.alpha4.0.steps100.blocks-1.prefetch-budget-20.rank-accept_first.cut-entropy4.0.samples20.maxnew1024.seed10086.subtreePrefetch.vllm.log,450,4,6.18
/Users/jiangnanhugo/workspace/power-sharpening/Subtree-Prefetching-Power-Sharpening/case_studies/logs-entropycut/lcb_v6/2026-09-20/vllm/dataset-lcb_v6.model-qwen3-4b.alpha4.0.steps100.blocks-1.prefetch-budget-20.rank-accept_first.cut-entropy4.0.samples20.maxnew1024.seed10086.subtreePrefetch.vllm.log,451,5,5.793
/Users/jiangnanhugo/workspace/power-sharpening/Subtree-Prefetching-Power-Sharpening/case_studies/logs-entropycut/lcb_v6/2026-09-20/vllm/dataset-lcb_v6.model-qwen3-4b.alpha4.0.steps100.blocks-1.prefetch-budget-20.rank-accept_first.cut-entropy4.0.samples20.maxnew1024.seed10086.subtreePrefetch.vllm.log,452,5,6.913
/Users/jiangnanhugo/workspace/power-sharpening/Subtree-Prefetching-Power-Sharpening/case_studies/logs-entropycut/lcb_v6/2026-09-20/vllm/dataset-lcb_v6.model-qwen3-4b.alpha4.0.steps100.blocks-1.prefetch-budget-20.rank-accept_first.cut-entropy4.0.samples20.maxnew1024.seed10086.subtreePrefetch.vllm.log,453,5,6.642
/Users/jiangnanhugo/workspace/power-sharpening/Subtree-Prefetching-Power-Sharpening/case_studies/logs-entropycut/lcb_v6/2026-09-20/vllm/dataset-lcb_v6.model-qwen3-4b.alpha4.0.steps100.blocks-1.prefetch-budget-20.rank-accept_first.cut-entropy4.0.samples20.maxnew1024.seed10086.subtreePrefetch.vllm.log,454,1,6.745
/Users/jiangnanhugo/workspace/power-sharpening/Subtree-Prefetching-Power-Sharpening/case_studies/logs-entropycut/lcb_v6/2026-09-20/vllm/dataset-lcb_v6.model-qwen3-4b.alpha4.0.steps100.blocks-1.prefetch-budget-20.rank-accept_first.cut-entropy4.0.samples20.maxnew1024.seed10086.subtreePrefetch.vllm.log,455,4,6.217
/Users/jiangnanhugo/workspace/power-sharpening/Subtree-Prefetching-Power-Sharpening/case_studies/logs-entropycut/lcb_v6/2026-09-20/vllm/dataset-lcb_v6.model-qwen3-4b.alpha4.0.steps100.blocks-1.prefetch-budget-20.rank-accept_first.cut-entropy4.0.samples20.maxnew1024.seed10086.subtreePrefetch.vllm.log,456,9,6.852
/Users/jiangnanhugo/workspace/power-sharpening/Subtree-Prefetching-Power-Sharpening/case_studies/logs-entropycut/lcb_v6/2026-09-20/vllm/dataset-lcb_v6.model-qwen3-4b.alpha4.0.steps100.blocks-1.prefetch-budget-20.rank-accept_first.cut-entropy4.0.samples20.maxnew1024.seed10086.subtreePrefetch.vllm.log,457,5,6.791
/Users/jiangnanhugo/workspace/power-sharpening/Subtree-Prefetching-Power-Sharpening/case_studies/logs-entropycut/lcb_v6/2026-09-20/vllm/dataset-lcb_v6.model-qwen3-4b.alpha4.0.steps100.blocks-1.prefetch-budget-20.rank-accept_first.cut-entropy4.0.samples20.maxnew1024.seed10086.subtreePrefetch.vllm.log,458,3,5.708
/Users/jiangnanhugo/workspace/power-sharpening/Subtree-Prefetching-Power-Sharpening/case_studies/logs-entropycut/lcb_v6/2026-09-20/vllm/dataset-lcb_v6.model-qwen3-4b.alpha4.0.steps100.blocks-1.prefetch-budget-20.rank-accept_first.cut-entropy4.0.samples20.maxnew1024.seed10086.subtreePrefetch.vllm.log,459,3,6.326
/Users/jiangnanhugo/workspace/power-sharpening/Subtree-Prefetching-Power-Sharpening/case_studies/logs-entropycut/lcb_v6/2026-09-20/vllm/dataset-lcb_v6.model-qwen3-4b.alpha4.0.steps100.blocks-1.prefetch-budget-20.rank-accept_first.cut-entropy4.0.samples20.maxnew1024.seed10086.subtreePrefetch.vllm.log,460,5,6.427
/Users/jiangnanhugo/workspace/power-sharpening/Subtree-Prefetching-Power-Sharpening/case_studies/logs-entropycut/lcb_v6/2026-09-20/vllm/dataset-lcb_v6.model-qwen3-4b.alpha4.0.steps100.blocks-1.prefetch-budget-20.rank-accept_first.cut-entropy4.0.samples20.maxnew1024.seed10086.subtreePrefetch.vllm.log,461,2,6.649
/Users/jiangnanhugo/workspace/power-sharpening/Subtree-Prefetching-Power-Sharpening/case_studies/logs-entropycut/lcb_v6/2026-09-20/vllm/dataset-lcb_v6.model-qwen3-4b.alpha4.0.steps100.blocks-1.prefetch-budget-20.rank-accept_first.cut-entropy4.0.samples20.maxnew1024.seed10086.subtreePrefetch.vllm.log,462,7,6.624
/Users/jiangnanhugo/workspace/power-sharpening/Subtree-Prefetching-Power-Sharpening/case_studies/logs-entropycut/lcb_v6/2026-09-20/vllm/dataset-lcb_v6.model-qwen3-4b.alpha4.0.steps100.blocks-1.prefetch-budget-20.rank-accept_first.cut-entropy4.0.samples20.maxnew1024.seed10086.subtreePrefetch.vllm.log,463,5,6.054
/Users/jiangnanhugo/workspace/power-sharpening/Subtree-Prefetching-Power-Sharpening/case_studies/logs-entropycut/lcb_v6/2026-09-20/vllm/dataset-lcb_v6.model-qwen3-4b.alpha4.0.steps100.blocks-1.prefetch-budget-20.rank-accept_first.cut-entropy4.0.samples20.maxnew1024.seed10086.subtreePrefetch.vllm.log,464,3,6.218
/Users/jiangnanhugo/workspace/power-sharpening/Subtree-Prefetching-Power-Sharpening/case_studies/logs-entropycut/lcb_v6/2026-09-20/vllm/dataset-lcb_v6.model-qwen3-4b.alpha4.0.steps100.blocks-1.prefetch-budget-20.rank-accept_first.cut-entropy4.0.samples20.maxnew1024.seed10086.subtreePrefetch.vllm.log,465,5,5.926
/Users/jiangnanhugo/workspace/power-sharpening/Subtree-Prefetching-Power-Sharpening/case_studies/logs-entropycut/lcb_v6/2026-09-20/vllm/dataset-lcb_v6.model-qwen3-4b.alpha4.0.steps100.blocks-1.prefetch-budget-20.rank-accept_first.cut-entropy4.0.samples20.maxnew1024.seed10086.subtreePrefetch.vllm.log,466,7,6.521
/Users/jiangnanhugo/workspace/power-sharpening/Subtree-Prefetching-Power-Sharpening/case_studies/logs-entropycut/lcb_v6/2026-09-20/vllm/dataset-lcb_v6.model-qwen3-4b.alpha4.0.steps100.blocks-1.prefetch-budget-20.rank-accept_first.cut-entropy4.0.samples20.maxnew1024.seed10086.subtreePrefetch.vllm.log,467,4,4.643
/Users/jiangnanhugo/workspace/power-sharpening/Subtree-Prefetching-Power-Sharpening/case_studies/logs-entropycut/lcb_v6/2026-09-20/vllm/dataset-lcb_v6.model-qwen3-4b.alpha4.0.steps100.blocks-1.prefetch-budget-20.rank-accept_first.cut-entropy4.0.samples20.maxnew1024.seed10086.subtreePrefetch.vllm.log,468,1,5.518
/Users/jiangnanhugo/workspace/power-sharpening/Subtree-Prefetching-Power-Sharpening/case_studies/logs-entropycut/lcb_v6/2026-09-20/vllm/dataset-lcb_v6.model-qwen3-4b.alpha4.0.steps100.blocks-1.prefetch-budget-20.rank-accept_first.cut-entropy4.0.samples20.maxnew1024.seed10086.subtreePrefetch.vllm.log,469,4,6.37
/Users/jiangnanhugo/workspace/power-sharpening/Subtree-Prefetching-Power-Sharpening/case_studies/logs-entropycut/lcb_v6/2026-09-20/vllm/dataset-lcb_v6.model-qwen3-4b.alpha4.0.steps100.blocks-1.prefetch-budget-20.rank-accept_first.cut-entropy4.0.samples20.maxnew1024.seed10086.subtreePrefetch.vllm.log,470,2,6.279
/Users/jiangnanhugo/workspace/power-sharpening/Subtree-Prefetching-Power-Sharpening/case_studies/logs-entropycut/lcb_v6/2026-09-20/vllm/dataset-lcb_v6.model-qwen3-4b.alpha4.0.steps100.blocks-1.prefetch-budget-20.rank-accept_first.cut-entropy4.0.samples20.maxnew1024.seed10086.subtreePrefetch.vllm.log,471,6,6.627
/Users/jiangnanhugo/workspace/power-sharpening/Subtree-Prefetching-Power-Sharpening/case_studies/logs-entropycut/lcb_v6/2026-09-20/vllm/dataset-lcb_v6.model-qwen3-4b.alpha4.0.steps100.blocks-1.prefetch-budget-20.rank-accept_first.cut-entropy4.0.samples20.maxnew1024.seed10086.subtreePrefetch.vllm.log,472,5,6.351
/Users/jiangnanhugo/workspace/power-sharpening/Subtree-Prefetching-Power-Sharpening/case_studies/logs-entropycut/lcb_v6/2026-09-20/vllm/dataset-lcb_v6.model-qwen3-4b.alpha4.0.steps100.blocks-1.prefetch-budget-20.rank-accept_first.cut-entropy4.0.samples20.maxnew1024.seed10086.subtreePrefetch.vllm.log,473,7,6.095
/Users/jiangnanhugo/workspace/power-sharpening/Subtree-Prefetching-Power-Sharpening/case_studies/logs-entropycut/lcb_v6/2026-09-20/vllm/dataset-lcb_v6.model-qwen3-4b.alpha4.0.steps100.blocks-1.prefetch-budget-20.rank-accept_first.cut-entropy4.0.samples20.maxnew1024.seed10086.subtreePrefetch.vllm.log,474,4,6.74
/Users/jiangnanhugo/workspace/power-sharpening/Subtree-Prefetching-Power-Sharpening/case_studies/logs-entropycut/lcb_v6/2026-09-20/vllm/dataset-lcb_v6.model-qwen3-4b.alpha4.0.steps100.blocks-1.prefetch-budget-20.rank-accept_first.cut-entropy4.0.samples20.maxnew1024.seed10086.subtreePrefetch.vllm.log,475,3,5.941
/Users/jiangnanhugo/workspace/power-sharpening/Subtree-Prefetching-Power-Sharpening/case_studies/logs-entropycut/lcb_v6/2026-09-20/vllm/dataset-lcb_v6.model-qwen3-4b.alpha4.0.steps100.blocks-1.prefetch-budget-20.rank-accept_first.cut-entropy4.0.samples20.maxnew1024.seed10086.subtreePrefetch.vllm.log,476,5,6.756
/Users/jiangnanhugo/workspace/power-sharpening/Subtree-Prefetching-Power-Sharpening/case_studies/logs-entropycut/lcb_v6/2026-09-20/vllm/dataset-lcb_v6.model-qwen3-4b.alpha4.0.steps100.blocks-1.prefetch-budget-20.rank-accept_first.cut-entropy4.0.samples20.maxnew1024.seed10086.subtreePrefetch.vllm.log,477,4,6.745
/Users/jiangnanhugo/workspace/power-sharpening/Subtree-Prefetching-Power-Sharpening/case_studies/logs-entropycut/lcb_v6/2026-09-20/vllm/dataset-lcb_v6.model-qwen3-4b.alpha4.0.steps100.blocks-1.prefetch-budget-20.rank-accept_first.cut-entropy4.0.samples20.maxnew1024.seed10086.subtreePrefetch.vllm.log,478,5,6.718
/Users/jiangnanhugo/workspace/power-sharpening/Subtree-Prefetching-Power-Sharpening/case_studies/logs-entropycut/lcb_v6/2026-09-20/vllm/dataset-lcb_v6.model-qwen3-4b.alpha4.0.steps100.blocks-1.prefetch-budget-20.rank-accept_first.cut-entropy4.0.samples20.maxnew1024.seed10086.subtreePrefetch.vllm.log,479,5,6.72
/Users/jiangnanhugo/workspace/power-sharpening/Subtree-Prefetching-Power-Sharpening/case_studies/logs-entropycut/lcb_v6/2026-09-20/vllm/dataset-lcb_v6.model-qwen3-4b.alpha4.0.steps100.blocks-1.prefetch-budget-20.rank-accept_first.cut-entropy4.0.samples20.maxnew1024.seed10086.subtreePrefetch.vllm.log,480,5,6.668
/Users/jiangnanhugo/workspace/power-sharpening/Subtree-Prefetching-Power-Sharpening/case_studies/logs-entropycut/lcb_v6/2026-09-20/vllm/dataset-lcb_v6.model-qwen3-4b.alpha4.0.steps100.blocks-1.prefetch-budget-20.rank-accept_first.cut-entropy4.0.samples20.maxnew1024.seed10086.subtreePrefetch.vllm.log,481,7,6.899
/Users/jiangnanhugo/workspace/power-sharpening/Subtree-Prefetching-Power-Sharpening/case_studies/logs-entropycut/lcb_v6/2026-09-20/vllm/dataset-lcb_v6.model-qwen3-4b.alpha4.0.steps100.blocks-1.prefetch-budget-20.rank-accept_first.cut-entropy4.0.samples20.maxnew1024.seed10086.subtreePrefetch.vllm.log,482,6,6.773
/Users/jiangnanhugo/workspace/power-sharpening/Subtree-Prefetching-Power-Sharpening/case_studies/logs-entropycut/lcb_v6/2026-09-20/vllm/dataset-lcb_v6.model-qwen3-4b.alpha4.0.steps100.blocks-1.prefetch-budget-20.rank-accept_first.cut-entropy4.0.samples20.maxnew1024.seed10086.subtreePrefetch.vllm.log,483,6,6.596
/Users/jiangnanhugo/workspace/power-sharpening/Subtree-Prefetching-Power-Sharpening/case_studies/logs-entropycut/lcb_v6/2026-09-20/vllm/dataset-lcb_v6.model-qwen3-4b.alpha4.0.steps100.blocks-1.prefetch-budget-20.rank-accept_first.cut-entropy4.0.samples20.maxnew1024.seed10086.subtreePrefetch.vllm.log,484,5,7.006
/Users/jiangnanhugo/workspace/power-sharpening/Subtree-Prefetching-Power-Sharpening/case_studies/logs-entropycut/lcb_v6/2026-09-20/vllm/dataset-lcb_v6.model-qwen3-4b.alpha4.0.steps100.blocks-1.prefetch-budget-20.rank-accept_first.cut-entropy4.0.samples20.maxnew1024.seed10086.subtreePrefetch.vllm.log,485,6,6.853
/Users/jiangnanhugo/workspace/power-sharpening/Subtree-Prefetching-Power-Sharpening/case_studies/logs-entropycut/lcb_v6/2026-09-20/vllm/dataset-lcb_v6.model-qwen3-4b.alpha4.0.steps100.blocks-1.prefetch-budget-20.rank-accept_first.cut-entropy4.0.samples20.maxnew1024.seed10086.subtreePrefetch.vllm.log,486,4,6.609
/Users/jiangnanhugo/workspace/power-sharpening/Subtree-Prefetching-Power-Sharpening/case_studies/logs-entropycut/lcb_v6/2026-09-20/vllm/dataset-lcb_v6.model-qwen3-4b.alpha4.0.steps100.blocks-1.prefetch-budget-20.rank-accept_first.cut-entropy4.0.samples20.maxnew1024.seed10086.subtreePrefetch.vllm.log,487,3,5.51
/Users/jiangnanhugo/workspace/power-sharpening/Subtree-Prefetching-Power-Sharpening/case_studies/logs-entropycut/lcb_v6/2026-09-20/vllm/dataset-lcb_v6.model-qwen3-4b.alpha4.0.steps100.blocks-1.prefetch-budget-20.rank-accept_first.cut-entropy4.0.samples20.maxnew1024.seed10086.subtreePrefetch.vllm.log,488,3,5.883
/Users/jiangnanhugo/workspace/power-sharpening/Subtree-Prefetching-Power-Sharpening/case_studies/logs-entropycut/lcb_v6/2026-09-20/vllm/dataset-lcb_v6.model-qwen3-4b.alpha4.0.steps100.blocks-1.prefetch-budget-20.rank-accept_first.cut-entropy4.0.samples20.maxnew1024.seed10086.subtreePrefetch.vllm.log,489,4,5.47
