source_log,method,source_line,timestamp,prompt_throughput_tokens_s,generation_throughput_tokens_s,running_requests,waiting_requests,gpu_kv_cache_usage_percent,prefix_cache_hit_rate_percent,elapsed_minutes,eviction_rate_percent,evicted_blocks,allocated_blocks
/Users/jiangnanhugo/workspace/power-sharpening/Subtree-Prefetching-Power-Sharpening/case_studies/logs-entropycut/lcb_v6/2026-09-20/vllm/dataset-lcb_v6.model-qwen3.5-4b.alpha4.0.steps100.blocks-1.cut-entropy4.0.samples20.maxnew1024.seed10086.powerMH.vllm.log,EntropyCut,164,2026-09-20 21:18:43,32.0,54.7,1,0,0.3,0.0,0.0,0.0,0,20
/Users/jiangnanhugo/workspace/power-sharpening/Subtree-Prefetching-Power-Sharpening/case_studies/logs-entropycut/lcb_v6/2026-09-20/vllm/dataset-lcb_v6.model-qwen3.5-4b.alpha4.0.steps100.blocks-1.cut-entropy4.0.samples20.maxnew1024.seed10086.powerMH.vllm.log,EntropyCut,177,2026-09-20 21:18:53,112.2,144.6,1,0,0.3,0.0,0.16666666666666666,0.0,0,24
/Users/jiangnanhugo/workspace/power-sharpening/Subtree-Prefetching-Power-Sharpening/case_studies/logs-entropycut/lcb_v6/2026-09-20/vllm/dataset-lcb_v6.model-qwen3.5-4b.alpha4.0.steps100.blocks-1.cut-entropy4.0.samples20.maxnew1024.seed10086.powerMH.vllm.log,EntropyCut,186,2026-09-20 21:19:03,46.5,146.1,1,0,0.3,0.0,0.3333333333333333,0.0,0,16
/Users/jiangnanhugo/workspace/power-sharpening/Subtree-Prefetching-Power-Sharpening/case_studies/logs-entropycut/lcb_v6/2026-09-20/vllm/dataset-lcb_v6.model-qwen3.5-4b.alpha4.0.steps100.blocks-1.cut-entropy4.0.samples20.maxnew1024.seed10086.powerMH.vllm.log,EntropyCut,199,2026-09-20 21:19:13,72.7,144.3,1,0,0.3,0.0,0.5,0.0,0,20
/Users/jiangnanhugo/workspace/power-sharpening/Subtree-Prefetching-Power-Sharpening/case_studies/logs-entropycut/lcb_v6/2026-09-20/vllm/dataset-lcb_v6.model-qwen3.5-4b.alpha4.0.steps100.blocks-1.cut-entropy4.0.samples20.maxnew1024.seed10086.powerMH.vllm.log,EntropyCut,212,2026-09-20 21:19:23,25.9,143.6,1,0,0.2,0.0,0.6666666666666666,0.0,0,16
/Users/jiangnanhugo/workspace/power-sharpening/Subtree-Prefetching-Power-Sharpening/case_studies/logs-entropycut/lcb_v6/2026-09-20/vllm/dataset-lcb_v6.model-qwen3.5-4b.alpha4.0.steps100.blocks-1.cut-entropy4.0.samples20.maxnew1024.seed10086.powerMH.vllm.log,EntropyCut,225,2026-09-20 21:19:33,75.4,143.4,1,0,0.2,0.0,0.8333333333333334,0.0,0,20
/Users/jiangnanhugo/workspace/power-sharpening/Subtree-Prefetching-Power-Sharpening/case_studies/logs-entropycut/lcb_v6/2026-09-20/vllm/dataset-lcb_v6.model-qwen3.5-4b.alpha4.0.steps100.blocks-1.cut-entropy4.0.samples20.maxnew1024.seed10086.powerMH.vllm.log,EntropyCut,230,2026-09-20 21:19:43,13.9,146.5,1,0,0.3,0.0,1.0,0.0,0,12
/Users/jiangnanhugo/workspace/power-sharpening/Subtree-Prefetching-Power-Sharpening/case_studies/logs-entropycut/lcb_v6/2026-09-20/vllm/dataset-lcb_v6.model-qwen3.5-4b.alpha4.0.steps100.blocks-1.cut-entropy4.0.samples20.maxnew1024.seed10086.powerMH.vllm.log,EntropyCut,243,2026-09-20 21:19:53,21.9,143.2,1,0,0.3,0.0,1.1666666666666667,0.0,0,16
/Users/jiangnanhugo/workspace/power-sharpening/Subtree-Prefetching-Power-Sharpening/case_studies/logs-entropycut/lcb_v6/2026-09-20/vllm/dataset-lcb_v6.model-qwen3.5-4b.alpha4.0.steps100.blocks-1.cut-entropy4.0.samples20.maxnew1024.seed10086.powerMH.vllm.log,EntropyCut,256,2026-09-20 21:20:03,56.7,143.3,1,0,0.3,0.0,1.3333333333333333,0.0,0,20
/Users/jiangnanhugo/workspace/power-sharpening/Subtree-Prefetching-Power-Sharpening/case_studies/logs-entropycut/lcb_v6/2026-09-20/vllm/dataset-lcb_v6.model-qwen3.5-4b.alpha4.0.steps100.blocks-1.cut-entropy4.0.samples20.maxnew1024.seed10086.powerMH.vllm.log,EntropyCut,269,2026-09-20 21:20:13,45.3,143.5,1,0,0.2,0.0,1.5,0.0,0,16
/Users/jiangnanhugo/workspace/power-sharpening/Subtree-Prefetching-Power-Sharpening/case_studies/logs-entropycut/lcb_v6/2026-09-20/vllm/dataset-lcb_v6.model-qwen3.5-4b.alpha4.0.steps100.blocks-1.cut-entropy4.0.samples20.maxnew1024.seed10086.powerMH.vllm.log,EntropyCut,278,2026-09-20 21:20:23,84.5,145.3,1,0,0.3,0.0,1.6666666666666667,0.0,0,20
/Users/jiangnanhugo/workspace/power-sharpening/Subtree-Prefetching-Power-Sharpening/case_studies/logs-entropycut/lcb_v6/2026-09-20/vllm/dataset-lcb_v6.model-qwen3.5-4b.alpha4.0.steps100.blocks-1.cut-entropy4.0.samples20.maxnew1024.seed10086.powerMH.vllm.log,EntropyCut,287,2026-09-20 21:20:33,33.9,144.4,1,0,0.3,0.0,1.8333333333333333,0.0,0,16
/Users/jiangnanhugo/workspace/power-sharpening/Subtree-Prefetching-Power-Sharpening/case_studies/logs-entropycut/lcb_v6/2026-09-20/vllm/dataset-lcb_v6.model-qwen3.5-4b.alpha4.0.steps100.blocks-1.cut-entropy4.0.samples20.maxnew1024.seed10086.powerMH.vllm.log,EntropyCut,304,2026-09-20 21:20:43,52.8,142.4,1,0,0.2,0.0,2.0,0.0,0,20
/Users/jiangnanhugo/workspace/power-sharpening/Subtree-Prefetching-Power-Sharpening/case_studies/logs-entropycut/lcb_v6/2026-09-20/vllm/dataset-lcb_v6.model-qwen3.5-4b.alpha4.0.steps100.blocks-1.cut-entropy4.0.samples20.maxnew1024.seed10086.powerMH.vllm.log,EntropyCut,313,2026-09-20 21:20:53,53.5,144.1,1,0,0.2,0.0,2.1666666666666665,0.0,0,16
/Users/jiangnanhugo/workspace/power-sharpening/Subtree-Prefetching-Power-Sharpening/case_studies/logs-entropycut/lcb_v6/2026-09-20/vllm/dataset-lcb_v6.model-qwen3.5-4b.alpha4.0.steps100.blocks-1.cut-entropy4.0.samples20.maxnew1024.seed10086.powerMH.vllm.log,EntropyCut,326,2026-09-20 21:21:03,18.3,143.9,1,0,0.2,0.0,2.3333333333333335,0.0,0,16
/Users/jiangnanhugo/workspace/power-sharpening/Subtree-Prefetching-Power-Sharpening/case_studies/logs-entropycut/lcb_v6/2026-09-20/vllm/dataset-lcb_v6.model-qwen3.5-4b.alpha4.0.steps100.blocks-1.cut-entropy4.0.samples20.maxnew1024.seed10086.powerMH.vllm.log,EntropyCut,335,2026-09-20 21:21:13,51.3,144.3,1,0,0.3,0.0,2.5,0.0,0,16
/Users/jiangnanhugo/workspace/power-sharpening/Subtree-Prefetching-Power-Sharpening/case_studies/logs-entropycut/lcb_v6/2026-09-20/vllm/dataset-lcb_v6.model-qwen3.5-4b.alpha4.0.steps100.blocks-1.cut-entropy4.0.samples20.maxnew1024.seed10086.powerMH.vllm.log,EntropyCut,348,2026-09-20 21:21:23,88.9,143.8,1,0,0.2,0.0,2.6666666666666665,0.0,0,20
/Users/jiangnanhugo/workspace/power-sharpening/Subtree-Prefetching-Power-Sharpening/case_studies/logs-entropycut/lcb_v6/2026-09-20/vllm/dataset-lcb_v6.model-qwen3.5-4b.alpha4.0.steps100.blocks-1.cut-entropy4.0.samples20.maxnew1024.seed10086.powerMH.vllm.log,EntropyCut,361,2026-09-20 21:21:33,75.4,142.6,1,0,0.2,0.0,2.8333333333333335,0.0,0,20
/Users/jiangnanhugo/workspace/power-sharpening/Subtree-Prefetching-Power-Sharpening/case_studies/logs-entropycut/lcb_v6/2026-09-20/vllm/dataset-lcb_v6.model-qwen3.5-4b.alpha4.0.steps100.blocks-1.cut-entropy4.0.samples20.maxnew1024.seed10086.powerMH.vllm.log,EntropyCut,374,2026-09-20 21:21:43,78.9,144.3,1,0,0.2,0.0,3.0,0.0,0,20
/Users/jiangnanhugo/workspace/power-sharpening/Subtree-Prefetching-Power-Sharpening/case_studies/logs-entropycut/lcb_v6/2026-09-20/vllm/dataset-lcb_v6.model-qwen3.5-4b.alpha4.0.steps100.blocks-1.cut-entropy4.0.samples20.maxnew1024.seed10086.powerMH.vllm.log,EntropyCut,387,2026-09-20 21:21:53,50.5,143.5,1,0,0.3,0.0,3.1666666666666665,0.0,0,20
/Users/jiangnanhugo/workspace/power-sharpening/Subtree-Prefetching-Power-Sharpening/case_studies/logs-entropycut/lcb_v6/2026-09-20/vllm/dataset-lcb_v6.model-qwen3.5-4b.alpha4.0.steps100.blocks-1.cut-entropy4.0.samples20.maxnew1024.seed10086.powerMH.vllm.log,EntropyCut,396,2026-09-20 21:22:03,63.9,145.1,1,0,0.2,0.0,3.3333333333333335,0.0,0,16
/Users/jiangnanhugo/workspace/power-sharpening/Subtree-Prefetching-Power-Sharpening/case_studies/logs-entropycut/lcb_v6/2026-09-20/vllm/dataset-lcb_v6.model-qwen3.5-4b.alpha4.0.steps100.blocks-1.cut-entropy4.0.samples20.maxnew1024.seed10086.powerMH.vllm.log,EntropyCut,405,2026-09-20 21:22:13,70.6,144.2,1,0,0.3,0.0,3.5,0.0,0,20
/Users/jiangnanhugo/workspace/power-sharpening/Subtree-Prefetching-Power-Sharpening/case_studies/logs-entropycut/lcb_v6/2026-09-20/vllm/dataset-lcb_v6.model-qwen3.5-4b.alpha4.0.steps100.blocks-1.cut-entropy4.0.samples20.maxnew1024.seed10086.powerMH.vllm.log,EntropyCut,418,2026-09-20 21:22:23,109.3,143.6,1,0,0.2,0.0,3.6666666666666665,0.0,0,20
/Users/jiangnanhugo/workspace/power-sharpening/Subtree-Prefetching-Power-Sharpening/case_studies/logs-entropycut/lcb_v6/2026-09-20/vllm/dataset-lcb_v6.model-qwen3.5-4b.alpha4.0.steps100.blocks-1.cut-entropy4.0.samples20.maxnew1024.seed10086.powerMH.vllm.log,EntropyCut,435,2026-09-20 21:22:33,118.3,142.2,1,0,0.2,0.0,3.8333333333333335,0.0,0,24
/Users/jiangnanhugo/workspace/power-sharpening/Subtree-Prefetching-Power-Sharpening/case_studies/logs-entropycut/lcb_v6/2026-09-20/vllm/dataset-lcb_v6.model-qwen3.5-4b.alpha4.0.steps100.blocks-1.cut-entropy4.0.samples20.maxnew1024.seed10086.powerMH.vllm.log,EntropyCut,444,2026-09-20 21:22:43,88.2,143.4,1,0,0.2,0.0,4.0,0.0,0,20
/Users/jiangnanhugo/workspace/power-sharpening/Subtree-Prefetching-Power-Sharpening/case_studies/logs-entropycut/lcb_v6/2026-09-20/vllm/dataset-lcb_v6.model-qwen3.5-4b.alpha4.0.steps100.blocks-1.cut-entropy4.0.samples20.maxnew1024.seed10086.powerMH.vllm.log,EntropyCut,453,2026-09-20 21:22:53,79.1,144.4,1,0,0.2,0.0,4.166666666666667,0.0,0,20
/Users/jiangnanhugo/workspace/power-sharpening/Subtree-Prefetching-Power-Sharpening/case_studies/logs-entropycut/lcb_v6/2026-09-20/vllm/dataset-lcb_v6.model-qwen3.5-4b.alpha4.0.steps100.blocks-1.cut-entropy4.0.samples20.maxnew1024.seed10086.powerMH.vllm.log,EntropyCut,466,2026-09-20 21:23:03,75.1,142.9,1,0,0.2,0.0,4.333333333333333,0.0,0,20
/Users/jiangnanhugo/workspace/power-sharpening/Subtree-Prefetching-Power-Sharpening/case_studies/logs-entropycut/lcb_v6/2026-09-20/vllm/dataset-lcb_v6.model-qwen3.5-4b.alpha4.0.steps100.blocks-1.cut-entropy4.0.samples20.maxnew1024.seed10086.powerMH.vllm.log,EntropyCut,483,2026-09-20 21:23:13,117.1,142.5,1,0,0.2,0.0,4.5,0.0,0,24
/Users/jiangnanhugo/workspace/power-sharpening/Subtree-Prefetching-Power-Sharpening/case_studies/logs-entropycut/lcb_v6/2026-09-20/vllm/dataset-lcb_v6.model-qwen3.5-4b.alpha4.0.steps100.blocks-1.cut-entropy4.0.samples20.maxnew1024.seed10086.powerMH.vllm.log,EntropyCut,500,2026-09-20 21:23:23,107.5,141.7,1,0,0.3,0.0,4.666666666666667,0.0,0,24
/Users/jiangnanhugo/workspace/power-sharpening/Subtree-Prefetching-Power-Sharpening/case_studies/logs-entropycut/lcb_v6/2026-09-20/vllm/dataset-lcb_v6.model-qwen3.5-4b.alpha4.0.steps100.blocks-1.cut-entropy4.0.samples20.maxnew1024.seed10086.powerMH.vllm.log,EntropyCut,513,2026-09-20 21:23:33,61.9,143.1,1,0,0.3,0.0,4.833333333333333,0.0,0,20
/Users/jiangnanhugo/workspace/power-sharpening/Subtree-Prefetching-Power-Sharpening/case_studies/logs-entropycut/lcb_v6/2026-09-20/vllm/dataset-lcb_v6.model-qwen3.5-4b.alpha4.0.steps100.blocks-1.cut-entropy4.0.samples20.maxnew1024.seed10086.powerMH.vllm.log,EntropyCut,526,2026-09-20 21:23:43,49.5,143.5,1,0,0.2,0.0,5.0,0.0,0,16
/Users/jiangnanhugo/workspace/power-sharpening/Subtree-Prefetching-Power-Sharpening/case_studies/logs-entropycut/lcb_v6/2026-09-20/vllm/dataset-lcb_v6.model-qwen3.5-4b.alpha4.0.steps100.blocks-1.cut-entropy4.0.samples20.maxnew1024.seed10086.powerMH.vllm.log,EntropyCut,535,2026-09-20 21:23:53,44.8,145.0,1,0,0.2,0.0,5.166666666666667,0.0,0,16
/Users/jiangnanhugo/workspace/power-sharpening/Subtree-Prefetching-Power-Sharpening/case_studies/logs-entropycut/lcb_v6/2026-09-20/vllm/dataset-lcb_v6.model-qwen3.5-4b.alpha4.0.steps100.blocks-1.cut-entropy4.0.samples20.maxnew1024.seed10086.powerMH.vllm.log,EntropyCut,548,2026-09-20 21:24:03,102.2,143.0,1,0,0.2,0.0,5.333333333333333,0.0,0,24
/Users/jiangnanhugo/workspace/power-sharpening/Subtree-Prefetching-Power-Sharpening/case_studies/logs-entropycut/lcb_v6/2026-09-20/vllm/dataset-lcb_v6.model-qwen3.5-4b.alpha4.0.steps100.blocks-1.cut-entropy4.0.samples20.maxnew1024.seed10086.powerMH.vllm.log,EntropyCut,553,2026-09-20 21:24:13,15.3,145.3,1,0,0.3,0.0,5.5,0.0,0,12
/Users/jiangnanhugo/workspace/power-sharpening/Subtree-Prefetching-Power-Sharpening/case_studies/logs-entropycut/lcb_v6/2026-09-20/vllm/dataset-lcb_v6.model-qwen3.5-4b.alpha4.0.steps100.blocks-1.cut-entropy4.0.samples20.maxnew1024.seed10086.powerMH.vllm.log,EntropyCut,566,2026-09-20 21:24:23,56.5,143.6,1,0,0.2,0.0,5.666666666666667,0.0,0,16
/Users/jiangnanhugo/workspace/power-sharpening/Subtree-Prefetching-Power-Sharpening/case_studies/logs-entropycut/lcb_v6/2026-09-20/vllm/dataset-lcb_v6.model-qwen3.5-4b.alpha4.0.steps100.blocks-1.cut-entropy4.0.samples20.maxnew1024.seed10086.powerMH.vllm.log,EntropyCut,579,2026-09-20 21:24:33,76.2,143.8,1,0,0.2,0.0,5.833333333333333,0.0,0,20
/Users/jiangnanhugo/workspace/power-sharpening/Subtree-Prefetching-Power-Sharpening/case_studies/logs-entropycut/lcb_v6/2026-09-20/vllm/dataset-lcb_v6.model-qwen3.5-4b.alpha4.0.steps100.blocks-1.cut-entropy4.0.samples20.maxnew1024.seed10086.powerMH.vllm.log,EntropyCut,592,2026-09-20 21:24:43,128.0,143.4,1,0,0.2,0.0,6.0,0.0,0,24
/Users/jiangnanhugo/workspace/power-sharpening/Subtree-Prefetching-Power-Sharpening/case_studies/logs-entropycut/lcb_v6/2026-09-20/vllm/dataset-lcb_v6.model-qwen3.5-4b.alpha4.0.steps100.blocks-1.cut-entropy4.0.samples20.maxnew1024.seed10086.powerMH.vllm.log,EntropyCut,744,2026-09-20 21:24:53,77.9,142.1,1,0,0.2,0.0,6.166666666666667,0.0,0,20
/Users/jiangnanhugo/workspace/power-sharpening/Subtree-Prefetching-Power-Sharpening/case_studies/logs-entropycut/lcb_v6/2026-09-20/vllm/dataset-lcb_v6.model-qwen3.5-4b.alpha4.0.steps100.blocks-1.cut-entropy4.0.samples20.maxnew1024.seed10086.powerMH.vllm.log,EntropyCut,752,2026-09-20 21:25:03,94.2,143.3,1,0,0.3,0.0,6.333333333333333,0.0,0,20
/Users/jiangnanhugo/workspace/power-sharpening/Subtree-Prefetching-Power-Sharpening/case_studies/logs-entropycut/lcb_v6/2026-09-20/vllm/dataset-lcb_v6.model-qwen3.5-4b.alpha4.0.steps100.blocks-1.cut-entropy4.0.samples20.maxnew1024.seed10086.powerMH.vllm.log,EntropyCut,761,2026-09-20 21:25:13,47.1,144.4,1,0,0.3,0.0,6.5,0.0,0,16
/Users/jiangnanhugo/workspace/power-sharpening/Subtree-Prefetching-Power-Sharpening/case_studies/logs-entropycut/lcb_v6/2026-09-20/vllm/dataset-lcb_v6.model-qwen3.5-4b.alpha4.0.steps100.blocks-1.cut-entropy4.0.samples20.maxnew1024.seed10086.powerMH.vllm.log,EntropyCut,774,2026-09-20 21:25:23,130.6,143.9,1,0,0.3,0.0,6.666666666666667,0.0,0,24
/Users/jiangnanhugo/workspace/power-sharpening/Subtree-Prefetching-Power-Sharpening/case_studies/logs-entropycut/lcb_v6/2026-09-20/vllm/dataset-lcb_v6.model-qwen3.5-4b.alpha4.0.steps100.blocks-1.cut-entropy4.0.samples20.maxnew1024.seed10086.powerMH.vllm.log,EntropyCut,787,2026-09-20 21:25:33,88.7,142.8,1,0,0.3,0.0,6.833333333333333,0.0,0,20
/Users/jiangnanhugo/workspace/power-sharpening/Subtree-Prefetching-Power-Sharpening/case_studies/logs-entropycut/lcb_v6/2026-09-20/vllm/dataset-lcb_v6.model-qwen3.5-4b.alpha4.0.steps100.blocks-1.cut-entropy4.0.samples20.maxnew1024.seed10086.powerMH.vllm.log,EntropyCut,800,2026-09-20 21:25:43,118.1,143.4,1,0,0.3,0.0,7.0,0.0,0,24
/Users/jiangnanhugo/workspace/power-sharpening/Subtree-Prefetching-Power-Sharpening/case_studies/logs-entropycut/lcb_v6/2026-09-20/vllm/dataset-lcb_v6.model-qwen3.5-4b.alpha4.0.steps100.blocks-1.cut-entropy4.0.samples20.maxnew1024.seed10086.powerMH.vllm.log,EntropyCut,813,2026-09-20 21:25:53,92.6,142.5,1,0,0.3,0.0,7.166666666666667,0.0,0,20
/Users/jiangnanhugo/workspace/power-sharpening/Subtree-Prefetching-Power-Sharpening/case_studies/logs-entropycut/lcb_v6/2026-09-20/vllm/dataset-lcb_v6.model-qwen3.5-4b.alpha4.0.steps100.blocks-1.cut-entropy4.0.samples20.maxnew1024.seed10086.powerMH.vllm.log,EntropyCut,830,2026-09-20 21:26:03,126.7,142.2,1,0,0.3,0.0,7.333333333333333,0.0,0,24
/Users/jiangnanhugo/workspace/power-sharpening/Subtree-Prefetching-Power-Sharpening/case_studies/logs-entropycut/lcb_v6/2026-09-20/vllm/dataset-lcb_v6.model-qwen3.5-4b.alpha4.0.steps100.blocks-1.cut-entropy4.0.samples20.maxnew1024.seed10086.powerMH.vllm.log,EntropyCut,843,2026-09-20 21:26:13,76.8,142.9,1,0,0.2,0.0,7.5,0.0,0,16
/Users/jiangnanhugo/workspace/power-sharpening/Subtree-Prefetching-Power-Sharpening/case_studies/logs-entropycut/lcb_v6/2026-09-20/vllm/dataset-lcb_v6.model-qwen3.5-4b.alpha4.0.steps100.blocks-1.cut-entropy4.0.samples20.maxnew1024.seed10086.powerMH.vllm.log,EntropyCut,864,2026-09-20 21:26:23,119.3,140.4,1,0,0.2,0.0,7.666666666666667,0.0,0,24
/Users/jiangnanhugo/workspace/power-sharpening/Subtree-Prefetching-Power-Sharpening/case_studies/logs-entropycut/lcb_v6/2026-09-20/vllm/dataset-lcb_v6.model-qwen3.5-4b.alpha4.0.steps100.blocks-1.cut-entropy4.0.samples20.maxnew1024.seed10086.powerMH.vllm.log,EntropyCut,877,2026-09-20 21:26:33,132.8,142.8,1,0,0.3,0.0,7.833333333333333,0.0,0,24
/Users/jiangnanhugo/workspace/power-sharpening/Subtree-Prefetching-Power-Sharpening/case_studies/logs-entropycut/lcb_v6/2026-09-20/vllm/dataset-lcb_v6.model-qwen3.5-4b.alpha4.0.steps100.blocks-1.cut-entropy4.0.samples20.maxnew1024.seed10086.powerMH.vllm.log,EntropyCut,890,2026-09-20 21:26:43,80.8,142.7,1,0,0.3,0.0,8.0,0.0,0,20
/Users/jiangnanhugo/workspace/power-sharpening/Subtree-Prefetching-Power-Sharpening/case_studies/logs-entropycut/lcb_v6/2026-09-20/vllm/dataset-lcb_v6.model-qwen3.5-4b.alpha4.0.steps100.blocks-1.cut-entropy4.0.samples20.maxnew1024.seed10086.powerMH.vllm.log,EntropyCut,907,2026-09-20 21:26:53,116.2,141.0,1,0,0.3,0.0,8.166666666666666,0.0,0,24
/Users/jiangnanhugo/workspace/power-sharpening/Subtree-Prefetching-Power-Sharpening/case_studies/logs-entropycut/lcb_v6/2026-09-20/vllm/dataset-lcb_v6.model-qwen3.5-4b.alpha4.0.steps100.blocks-1.cut-entropy4.0.samples20.maxnew1024.seed10086.powerMH.vllm.log,EntropyCut,920,2026-09-20 21:27:03,105.3,143.4,1,0,0.2,0.0,8.333333333333334,0.0,0,20
/Users/jiangnanhugo/workspace/power-sharpening/Subtree-Prefetching-Power-Sharpening/case_studies/logs-entropycut/lcb_v6/2026-09-20/vllm/dataset-lcb_v6.model-qwen3.5-4b.alpha4.0.steps100.blocks-1.cut-entropy4.0.samples20.maxnew1024.seed10086.powerMH.vllm.log,EntropyCut,929,2026-09-20 21:27:13,48.9,144.6,1,0,0.2,0.0,8.5,0.0,0,16
/Users/jiangnanhugo/workspace/power-sharpening/Subtree-Prefetching-Power-Sharpening/case_studies/logs-entropycut/lcb_v6/2026-09-20/vllm/dataset-lcb_v6.model-qwen3.5-4b.alpha4.0.steps100.blocks-1.cut-entropy4.0.samples20.maxnew1024.seed10086.powerMH.vllm.log,EntropyCut,942,2026-09-20 21:27:23,91.1,142.4,1,0,0.3,0.0,8.666666666666666,0.0,0,20
/Users/jiangnanhugo/workspace/power-sharpening/Subtree-Prefetching-Power-Sharpening/case_studies/logs-entropycut/lcb_v6/2026-09-20/vllm/dataset-lcb_v6.model-qwen3.5-4b.alpha4.0.steps100.blocks-1.cut-entropy4.0.samples20.maxnew1024.seed10086.powerMH.vllm.log,EntropyCut,963,2026-09-20 21:27:33,151.6,140.7,1,0,0.3,0.0,8.833333333333334,0.0,0,28
/Users/jiangnanhugo/workspace/power-sharpening/Subtree-Prefetching-Power-Sharpening/case_studies/logs-entropycut/lcb_v6/2026-09-20/vllm/dataset-lcb_v6.model-qwen3.5-4b.alpha4.0.steps100.blocks-1.cut-entropy4.0.samples20.maxnew1024.seed10086.powerMH.vllm.log,EntropyCut,976,2026-09-20 21:27:43,50.2,144.2,1,0,0.2,0.0,9.0,0.0,0,16
/Users/jiangnanhugo/workspace/power-sharpening/Subtree-Prefetching-Power-Sharpening/case_studies/logs-entropycut/lcb_v6/2026-09-20/vllm/dataset-lcb_v6.model-qwen3.5-4b.alpha4.0.steps100.blocks-1.cut-entropy4.0.samples20.maxnew1024.seed10086.powerMH.vllm.log,EntropyCut,989,2026-09-20 21:27:53,131.1,142.9,1,0,0.3,0.0,9.166666666666666,0.0,0,24
/Users/jiangnanhugo/workspace/power-sharpening/Subtree-Prefetching-Power-Sharpening/case_studies/logs-entropycut/lcb_v6/2026-09-20/vllm/dataset-lcb_v6.model-qwen3.5-4b.alpha4.0.steps100.blocks-1.cut-entropy4.0.samples20.maxnew1024.seed10086.powerMH.vllm.log,EntropyCut,998,2026-09-20 21:28:03,61.0,143.8,1,0,0.3,0.0,9.333333333333334,0.0,0,16
/Users/jiangnanhugo/workspace/power-sharpening/Subtree-Prefetching-Power-Sharpening/case_studies/logs-entropycut/lcb_v6/2026-09-20/vllm/dataset-lcb_v6.model-qwen3.5-4b.alpha4.0.steps100.blocks-1.cut-entropy4.0.samples20.maxnew1024.seed10086.powerMH.vllm.log,EntropyCut,1015,2026-09-20 21:28:13,108.5,142.1,1,0,0.3,0.0,9.5,0.0,0,24
/Users/jiangnanhugo/workspace/power-sharpening/Subtree-Prefetching-Power-Sharpening/case_studies/logs-entropycut/lcb_v6/2026-09-20/vllm/dataset-lcb_v6.model-qwen3.5-4b.alpha4.0.steps100.blocks-1.cut-entropy4.0.samples20.maxnew1024.seed10086.powerMH.vllm.log,EntropyCut,1028,2026-09-20 21:28:23,70.7,144.0,1,0,0.2,0.0,9.666666666666666,0.0,0,16
/Users/jiangnanhugo/workspace/power-sharpening/Subtree-Prefetching-Power-Sharpening/case_studies/logs-entropycut/lcb_v6/2026-09-20/vllm/dataset-lcb_v6.model-qwen3.5-4b.alpha4.0.steps100.blocks-1.cut-entropy4.0.samples20.maxnew1024.seed10086.powerMH.vllm.log,EntropyCut,1037,2026-09-20 21:28:33,56.5,144.5,1,0,0.3,0.0,9.833333333333334,0.0,0,20
/Users/jiangnanhugo/workspace/power-sharpening/Subtree-Prefetching-Power-Sharpening/case_studies/logs-entropycut/lcb_v6/2026-09-20/vllm/dataset-lcb_v6.model-qwen3.5-4b.alpha4.0.steps100.blocks-1.cut-entropy4.0.samples20.maxnew1024.seed10086.powerMH.vllm.log,EntropyCut,1046,2026-09-20 21:28:43,16.9,145.3,1,0,0.2,0.0,10.0,0.0,0,12
/Users/jiangnanhugo/workspace/power-sharpening/Subtree-Prefetching-Power-Sharpening/case_studies/logs-entropycut/lcb_v6/2026-09-20/vllm/dataset-lcb_v6.model-qwen3.5-4b.alpha4.0.steps100.blocks-1.cut-entropy4.0.samples20.maxnew1024.seed10086.powerMH.vllm.log,EntropyCut,1063,2026-09-20 21:28:53,129.9,142.1,1,0,0.2,0.0,10.166666666666666,0.0,0,24
/Users/jiangnanhugo/workspace/power-sharpening/Subtree-Prefetching-Power-Sharpening/case_studies/logs-entropycut/lcb_v6/2026-09-20/vllm/dataset-lcb_v6.model-qwen3.5-4b.alpha4.0.steps100.blocks-1.cut-entropy4.0.samples20.maxnew1024.seed10086.powerMH.vllm.log,EntropyCut,1076,2026-09-20 21:29:03,96.0,142.7,1,0,0.2,0.0,10.333333333333334,0.0,0,20
/Users/jiangnanhugo/workspace/power-sharpening/Subtree-Prefetching-Power-Sharpening/case_studies/logs-entropycut/lcb_v6/2026-09-20/vllm/dataset-lcb_v6.model-qwen3.5-4b.alpha4.0.steps100.blocks-1.cut-entropy4.0.samples20.maxnew1024.seed10086.powerMH.vllm.log,EntropyCut,1089,2026-09-20 21:29:13,84.6,142.7,1,0,0.3,0.0,10.5,0.0,0,20
/Users/jiangnanhugo/workspace/power-sharpening/Subtree-Prefetching-Power-Sharpening/case_studies/logs-entropycut/lcb_v6/2026-09-20/vllm/dataset-lcb_v6.model-qwen3.5-4b.alpha4.0.steps100.blocks-1.cut-entropy4.0.samples20.maxnew1024.seed10086.powerMH.vllm.log,EntropyCut,1098,2026-09-20 21:29:23,36.6,144.5,1,0,0.3,0.0,10.666666666666666,0.0,0,16
/Users/jiangnanhugo/workspace/power-sharpening/Subtree-Prefetching-Power-Sharpening/case_studies/logs-entropycut/lcb_v6/2026-09-20/vllm/dataset-lcb_v6.model-qwen3.5-4b.alpha4.0.steps100.blocks-1.cut-entropy4.0.samples20.maxnew1024.seed10086.powerMH.vllm.log,EntropyCut,1115,2026-09-20 21:29:33,82.1,142.1,1,0,0.3,0.0,10.833333333333334,0.0,0,20
/Users/jiangnanhugo/workspace/power-sharpening/Subtree-Prefetching-Power-Sharpening/case_studies/logs-entropycut/lcb_v6/2026-09-20/vllm/dataset-lcb_v6.model-qwen3.5-4b.alpha4.0.steps100.blocks-1.cut-entropy4.0.samples20.maxnew1024.seed10086.powerMH.vllm.log,EntropyCut,1124,2026-09-20 21:29:43,50.7,144.4,1,0,0.3,0.0,11.0,0.0,0,16
/Users/jiangnanhugo/workspace/power-sharpening/Subtree-Prefetching-Power-Sharpening/case_studies/logs-entropycut/lcb_v6/2026-09-20/vllm/dataset-lcb_v6.model-qwen3.5-4b.alpha4.0.steps100.blocks-1.cut-entropy4.0.samples20.maxnew1024.seed10086.powerMH.vllm.log,EntropyCut,1137,2026-09-20 21:29:53,106.5,143.1,1,0,0.3,0.0,11.166666666666666,0.0,0,24
/Users/jiangnanhugo/workspace/power-sharpening/Subtree-Prefetching-Power-Sharpening/case_studies/logs-entropycut/lcb_v6/2026-09-20/vllm/dataset-lcb_v6.model-qwen3.5-4b.alpha4.0.steps100.blocks-1.cut-entropy4.0.samples20.maxnew1024.seed10086.powerMH.vllm.log,EntropyCut,1150,2026-09-20 21:30:03,54.0,144.2,1,0,0.2,0.0,11.333333333333334,0.0,0,16
/Users/jiangnanhugo/workspace/power-sharpening/Subtree-Prefetching-Power-Sharpening/case_studies/logs-entropycut/lcb_v6/2026-09-20/vllm/dataset-lcb_v6.model-qwen3.5-4b.alpha4.0.steps100.blocks-1.cut-entropy4.0.samples20.maxnew1024.seed10086.powerMH.vllm.log,EntropyCut,1171,2026-09-20 21:30:13,124.6,139.7,1,0,0.2,0.0,11.5,0.0,0,24
/Users/jiangnanhugo/workspace/power-sharpening/Subtree-Prefetching-Power-Sharpening/case_studies/logs-entropycut/lcb_v6/2026-09-20/vllm/dataset-lcb_v6.model-qwen3.5-4b.alpha4.0.steps100.blocks-1.cut-entropy4.0.samples20.maxnew1024.seed10086.powerMH.vllm.log,EntropyCut,1281,2026-09-20 21:30:23,53.1,142.7,1,0,0.2,0.0,11.666666666666666,0.0,0,16
/Users/jiangnanhugo/workspace/power-sharpening/Subtree-Prefetching-Power-Sharpening/case_studies/logs-entropycut/lcb_v6/2026-09-20/vllm/dataset-lcb_v6.model-qwen3.5-4b.alpha4.0.steps100.blocks-1.cut-entropy4.0.samples20.maxnew1024.seed10086.powerMH.vllm.log,EntropyCut,1297,2026-09-20 21:30:33,133.7,142.7,1,0,0.2,0.0,11.833333333333334,0.0,0,28
/Users/jiangnanhugo/workspace/power-sharpening/Subtree-Prefetching-Power-Sharpening/case_studies/logs-entropycut/lcb_v6/2026-09-20/vllm/dataset-lcb_v6.model-qwen3.5-4b.alpha4.0.steps100.blocks-1.cut-entropy4.0.samples20.maxnew1024.seed10086.powerMH.vllm.log,EntropyCut,1314,2026-09-20 21:30:43,63.5,143.3,1,0,0.2,0.0,12.0,0.0,0,24
/Users/jiangnanhugo/workspace/power-sharpening/Subtree-Prefetching-Power-Sharpening/case_studies/logs-entropycut/lcb_v6/2026-09-20/vllm/dataset-lcb_v6.model-qwen3.5-4b.alpha4.0.steps100.blocks-1.cut-entropy4.0.samples20.maxnew1024.seed10086.powerMH.vllm.log,EntropyCut,1323,2026-09-20 21:30:53,43.8,145.5,1,0,0.2,0.0,12.166666666666666,0.0,0,20
/Users/jiangnanhugo/workspace/power-sharpening/Subtree-Prefetching-Power-Sharpening/case_studies/logs-entropycut/lcb_v6/2026-09-20/vllm/dataset-lcb_v6.model-qwen3.5-4b.alpha4.0.steps100.blocks-1.cut-entropy4.0.samples20.maxnew1024.seed10086.powerMH.vllm.log,EntropyCut,1332,2026-09-20 21:31:03,32.6,144.6,1,0,0.3,0.0,12.333333333333334,0.0,0,20
/Users/jiangnanhugo/workspace/power-sharpening/Subtree-Prefetching-Power-Sharpening/case_studies/logs-entropycut/lcb_v6/2026-09-20/vllm/dataset-lcb_v6.model-qwen3.5-4b.alpha4.0.steps100.blocks-1.cut-entropy4.0.samples20.maxnew1024.seed10086.powerMH.vllm.log,EntropyCut,1345,2026-09-20 21:31:13,57.6,143.8,1,0,0.3,0.0,12.5,0.0,0,20
/Users/jiangnanhugo/workspace/power-sharpening/Subtree-Prefetching-Power-Sharpening/case_studies/logs-entropycut/lcb_v6/2026-09-20/vllm/dataset-lcb_v6.model-qwen3.5-4b.alpha4.0.steps100.blocks-1.cut-entropy4.0.samples20.maxnew1024.seed10086.powerMH.vllm.log,EntropyCut,1358,2026-09-20 21:31:23,55.2,142.6,1,0,0.2,0.0,12.666666666666666,0.0,0,20
/Users/jiangnanhugo/workspace/power-sharpening/Subtree-Prefetching-Power-Sharpening/case_studies/logs-entropycut/lcb_v6/2026-09-20/vllm/dataset-lcb_v6.model-qwen3.5-4b.alpha4.0.steps100.blocks-1.cut-entropy4.0.samples20.maxnew1024.seed10086.powerMH.vllm.log,EntropyCut,1367,2026-09-20 21:31:33,13.2,143.9,1,0,0.2,0.0,12.833333333333334,0.0,0,16
/Users/jiangnanhugo/workspace/power-sharpening/Subtree-Prefetching-Power-Sharpening/case_studies/logs-entropycut/lcb_v6/2026-09-20/vllm/dataset-lcb_v6.model-qwen3.5-4b.alpha4.0.steps100.blocks-1.cut-entropy4.0.samples20.maxnew1024.seed10086.powerMH.vllm.log,EntropyCut,1376,2026-09-20 21:31:43,42.5,145.0,1,0,0.2,0.0,13.0,0.0,0,20
/Users/jiangnanhugo/workspace/power-sharpening/Subtree-Prefetching-Power-Sharpening/case_studies/logs-entropycut/lcb_v6/2026-09-20/vllm/dataset-lcb_v6.model-qwen3.5-4b.alpha4.0.steps100.blocks-1.cut-entropy4.0.samples20.maxnew1024.seed10086.powerMH.vllm.log,EntropyCut,1385,2026-09-20 21:31:53,59.3,145.0,1,0,0.2,0.0,13.166666666666666,0.0,0,20
/Users/jiangnanhugo/workspace/power-sharpening/Subtree-Prefetching-Power-Sharpening/case_studies/logs-entropycut/lcb_v6/2026-09-20/vllm/dataset-lcb_v6.model-qwen3.5-4b.alpha4.0.steps100.blocks-1.cut-entropy4.0.samples20.maxnew1024.seed10086.powerMH.vllm.log,EntropyCut,1398,2026-09-20 21:32:03,53.0,143.7,1,0,0.2,0.0,13.333333333333334,0.0,0,20
/Users/jiangnanhugo/workspace/power-sharpening/Subtree-Prefetching-Power-Sharpening/case_studies/logs-entropycut/lcb_v6/2026-09-20/vllm/dataset-lcb_v6.model-qwen3.5-4b.alpha4.0.steps100.blocks-1.cut-entropy4.0.samples20.maxnew1024.seed10086.powerMH.vllm.log,EntropyCut,1407,2026-09-20 21:32:13,51.6,143.8,1,0,0.2,0.0,13.5,0.0,0,20
/Users/jiangnanhugo/workspace/power-sharpening/Subtree-Prefetching-Power-Sharpening/case_studies/logs-entropycut/lcb_v6/2026-09-20/vllm/dataset-lcb_v6.model-qwen3.5-4b.alpha4.0.steps100.blocks-1.cut-entropy4.0.samples20.maxnew1024.seed10086.powerMH.vllm.log,EntropyCut,1420,2026-09-20 21:32:24,44.8,143.5,1,0,0.2,0.0,13.683333333333334,0.0,0,20
/Users/jiangnanhugo/workspace/power-sharpening/Subtree-Prefetching-Power-Sharpening/case_studies/logs-entropycut/lcb_v6/2026-09-20/vllm/dataset-lcb_v6.model-qwen3.5-4b.alpha4.0.steps100.blocks-1.cut-entropy4.0.samples20.maxnew1024.seed10086.powerMH.vllm.log,EntropyCut,1429,2026-09-20 21:32:34,57.5,144.5,1,0,0.3,0.0,13.85,0.0,0,20
/Users/jiangnanhugo/workspace/power-sharpening/Subtree-Prefetching-Power-Sharpening/case_studies/logs-entropycut/lcb_v6/2026-09-20/vllm/dataset-lcb_v6.model-qwen3.5-4b.alpha4.0.steps100.blocks-1.cut-entropy4.0.samples20.maxnew1024.seed10086.powerMH.vllm.log,EntropyCut,1438,2026-09-20 21:32:44,67.2,144.3,1,0,0.3,0.0,14.016666666666667,0.0,0,20
/Users/jiangnanhugo/workspace/power-sharpening/Subtree-Prefetching-Power-Sharpening/case_studies/logs-entropycut/lcb_v6/2026-09-20/vllm/dataset-lcb_v6.model-qwen3.5-4b.alpha4.0.steps100.blocks-1.cut-entropy4.0.samples20.maxnew1024.seed10086.powerMH.vllm.log,EntropyCut,1459,2026-09-20 21:32:54,132.3,141.2,1,0,0.2,0.0,14.183333333333334,0.0,0,32
/Users/jiangnanhugo/workspace/power-sharpening/Subtree-Prefetching-Power-Sharpening/case_studies/logs-entropycut/lcb_v6/2026-09-20/vllm/dataset-lcb_v6.model-qwen3.5-4b.alpha4.0.steps100.blocks-1.cut-entropy4.0.samples20.maxnew1024.seed10086.powerMH.vllm.log,EntropyCut,1468,2026-09-20 21:33:04,77.0,144.3,1,0,0.3,0.0,14.35,0.0,0,20
/Users/jiangnanhugo/workspace/power-sharpening/Subtree-Prefetching-Power-Sharpening/case_studies/logs-entropycut/lcb_v6/2026-09-20/vllm/dataset-lcb_v6.model-qwen3.5-4b.alpha4.0.steps100.blocks-1.cut-entropy4.0.samples20.maxnew1024.seed10086.powerMH.vllm.log,EntropyCut,1485,2026-09-20 21:33:14,52.1,142.7,1,0,0.3,0.0,14.516666666666667,0.0,0,24
/Users/jiangnanhugo/workspace/power-sharpening/Subtree-Prefetching-Power-Sharpening/case_studies/logs-entropycut/lcb_v6/2026-09-20/vllm/dataset-lcb_v6.model-qwen3.5-4b.alpha4.0.steps100.blocks-1.cut-entropy4.0.samples20.maxnew1024.seed10086.powerMH.vllm.log,EntropyCut,1498,2026-09-20 21:33:24,77.3,142.3,1,0,0.1,0.0,14.683333333333334,0.0,0,20
/Users/jiangnanhugo/workspace/power-sharpening/Subtree-Prefetching-Power-Sharpening/case_studies/logs-entropycut/lcb_v6/2026-09-20/vllm/dataset-lcb_v6.model-qwen3.5-4b.alpha4.0.steps100.blocks-1.cut-entropy4.0.samples20.maxnew1024.seed10086.powerMH.vllm.log,EntropyCut,1511,2026-09-20 21:33:34,42.9,142.6,1,0,0.2,0.0,14.85,0.0,0,20
/Users/jiangnanhugo/workspace/power-sharpening/Subtree-Prefetching-Power-Sharpening/case_studies/logs-entropycut/lcb_v6/2026-09-20/vllm/dataset-lcb_v6.model-qwen3.5-4b.alpha4.0.steps100.blocks-1.cut-entropy4.0.samples20.maxnew1024.seed10086.powerMH.vllm.log,EntropyCut,1528,2026-09-20 21:33:44,96.0,141.3,1,0,0.2,0.0,15.016666666666667,0.0,0,28
/Users/jiangnanhugo/workspace/power-sharpening/Subtree-Prefetching-Power-Sharpening/case_studies/logs-entropycut/lcb_v6/2026-09-20/vllm/dataset-lcb_v6.model-qwen3.5-4b.alpha4.0.steps100.blocks-1.cut-entropy4.0.samples20.maxnew1024.seed10086.powerMH.vllm.log,EntropyCut,1537,2026-09-20 21:33:54,46.0,143.4,1,0,0.3,0.0,15.183333333333334,0.0,0,20
/Users/jiangnanhugo/workspace/power-sharpening/Subtree-Prefetching-Power-Sharpening/case_studies/logs-entropycut/lcb_v6/2026-09-20/vllm/dataset-lcb_v6.model-qwen3.5-4b.alpha4.0.steps100.blocks-1.cut-entropy4.0.samples20.maxnew1024.seed10086.powerMH.vllm.log,EntropyCut,1546,2026-09-20 21:34:04,64.5,144.5,1,0,0.3,0.0,15.35,0.0,0,20
/Users/jiangnanhugo/workspace/power-sharpening/Subtree-Prefetching-Power-Sharpening/case_studies/logs-entropycut/lcb_v6/2026-09-20/vllm/dataset-lcb_v6.model-qwen3.5-4b.alpha4.0.steps100.blocks-1.cut-entropy4.0.samples20.maxnew1024.seed10086.powerMH.vllm.log,EntropyCut,1555,2026-09-20 21:34:14,54.5,143.9,1,0,0.3,0.0,15.516666666666667,0.0,0,20
/Users/jiangnanhugo/workspace/power-sharpening/Subtree-Prefetching-Power-Sharpening/case_studies/logs-entropycut/lcb_v6/2026-09-20/vllm/dataset-lcb_v6.model-qwen3.5-4b.alpha4.0.steps100.blocks-1.cut-entropy4.0.samples20.maxnew1024.seed10086.powerMH.vllm.log,EntropyCut,1568,2026-09-20 21:34:24,76.1,143.0,1,0,0.2,0.0,15.683333333333334,0.0,0,20
/Users/jiangnanhugo/workspace/power-sharpening/Subtree-Prefetching-Power-Sharpening/case_studies/logs-entropycut/lcb_v6/2026-09-20/vllm/dataset-lcb_v6.model-qwen3.5-4b.alpha4.0.steps100.blocks-1.cut-entropy4.0.samples20.maxnew1024.seed10086.powerMH.vllm.log,EntropyCut,1581,2026-09-20 21:34:34,104.0,142.4,1,0,0.1,0.0,15.85,0.0,0,24
/Users/jiangnanhugo/workspace/power-sharpening/Subtree-Prefetching-Power-Sharpening/case_studies/logs-entropycut/lcb_v6/2026-09-20/vllm/dataset-lcb_v6.model-qwen3.5-4b.alpha4.0.steps100.blocks-1.cut-entropy4.0.samples20.maxnew1024.seed10086.powerMH.vllm.log,EntropyCut,1586,2026-09-20 21:34:44,7.8,145.5,1,0,0.3,0.0,16.016666666666666,0.0,0,16
/Users/jiangnanhugo/workspace/power-sharpening/Subtree-Prefetching-Power-Sharpening/case_studies/logs-entropycut/lcb_v6/2026-09-20/vllm/dataset-lcb_v6.model-qwen3.5-4b.alpha4.0.steps100.blocks-1.cut-entropy4.0.samples20.maxnew1024.seed10086.powerMH.vllm.log,EntropyCut,1599,2026-09-20 21:34:54,80.5,143.6,1,0,0.3,0.0,16.183333333333334,0.0,0,24
/Users/jiangnanhugo/workspace/power-sharpening/Subtree-Prefetching-Power-Sharpening/case_studies/logs-entropycut/lcb_v6/2026-09-20/vllm/dataset-lcb_v6.model-qwen3.5-4b.alpha4.0.steps100.blocks-1.cut-entropy4.0.samples20.maxnew1024.seed10086.powerMH.vllm.log,EntropyCut,1612,2026-09-20 21:35:04,70.3,144.0,1,0,0.2,0.0,16.35,0.0,0,20
/Users/jiangnanhugo/workspace/power-sharpening/Subtree-Prefetching-Power-Sharpening/case_studies/logs-entropycut/lcb_v6/2026-09-20/vllm/dataset-lcb_v6.model-qwen3.5-4b.alpha4.0.steps100.blocks-1.cut-entropy4.0.samples20.maxnew1024.seed10086.powerMH.vllm.log,EntropyCut,1621,2026-09-20 21:35:14,71.6,144.0,1,0,0.1,0.0,16.516666666666666,0.0,0,20
/Users/jiangnanhugo/workspace/power-sharpening/Subtree-Prefetching-Power-Sharpening/case_studies/logs-entropycut/lcb_v6/2026-09-20/vllm/dataset-lcb_v6.model-qwen3.5-4b.alpha4.0.steps100.blocks-1.cut-entropy4.0.samples20.maxnew1024.seed10086.powerMH.vllm.log,EntropyCut,1634,2026-09-20 21:35:24,39.3,142.1,1,0,0.2,0.0,16.683333333333334,0.0,0,20
/Users/jiangnanhugo/workspace/power-sharpening/Subtree-Prefetching-Power-Sharpening/case_studies/logs-entropycut/lcb_v6/2026-09-20/vllm/dataset-lcb_v6.model-qwen3.5-4b.alpha4.0.steps100.blocks-1.cut-entropy4.0.samples20.maxnew1024.seed10086.powerMH.vllm.log,EntropyCut,1647,2026-09-20 21:35:34,36.8,142.8,1,0,0.2,0.0,16.85,0.0,0,20
/Users/jiangnanhugo/workspace/power-sharpening/Subtree-Prefetching-Power-Sharpening/case_studies/logs-entropycut/lcb_v6/2026-09-20/vllm/dataset-lcb_v6.model-qwen3.5-4b.alpha4.0.steps100.blocks-1.cut-entropy4.0.samples20.maxnew1024.seed10086.powerMH.vllm.log,EntropyCut,1664,2026-09-20 21:35:44,102.4,141.7,1,0,0.2,0.0,17.016666666666666,0.0,0,28
/Users/jiangnanhugo/workspace/power-sharpening/Subtree-Prefetching-Power-Sharpening/case_studies/logs-entropycut/lcb_v6/2026-09-20/vllm/dataset-lcb_v6.model-qwen3.5-4b.alpha4.0.steps100.blocks-1.cut-entropy4.0.samples20.maxnew1024.seed10086.powerMH.vllm.log,EntropyCut,1673,2026-09-20 21:35:54,73.7,145.0,1,0,0.2,0.0,17.183333333333334,0.0,0,20
/Users/jiangnanhugo/workspace/power-sharpening/Subtree-Prefetching-Power-Sharpening/case_studies/logs-entropycut/lcb_v6/2026-09-20/vllm/dataset-lcb_v6.model-qwen3.5-4b.alpha4.0.steps100.blocks-1.cut-entropy4.0.samples20.maxnew1024.seed10086.powerMH.vllm.log,EntropyCut,1686,2026-09-20 21:36:04,44.7,142.8,1,0,0.2,0.0,17.35,0.0,0,20
/Users/jiangnanhugo/workspace/power-sharpening/Subtree-Prefetching-Power-Sharpening/case_studies/logs-entropycut/lcb_v6/2026-09-20/vllm/dataset-lcb_v6.model-qwen3.5-4b.alpha4.0.steps100.blocks-1.cut-entropy4.0.samples20.maxnew1024.seed10086.powerMH.vllm.log,EntropyCut,1699,2026-09-20 21:36:14,49.3,143.0,1,0,0.3,0.0,17.516666666666666,0.0,0,24
/Users/jiangnanhugo/workspace/power-sharpening/Subtree-Prefetching-Power-Sharpening/case_studies/logs-entropycut/lcb_v6/2026-09-20/vllm/dataset-lcb_v6.model-qwen3.5-4b.alpha4.0.steps100.blocks-1.cut-entropy4.0.samples20.maxnew1024.seed10086.powerMH.vllm.log,EntropyCut,1712,2026-09-20 21:36:24,46.3,143.9,1,0,0.3,0.0,17.683333333333334,0.0,0,20
/Users/jiangnanhugo/workspace/power-sharpening/Subtree-Prefetching-Power-Sharpening/case_studies/logs-entropycut/lcb_v6/2026-09-20/vllm/dataset-lcb_v6.model-qwen3.5-4b.alpha4.0.steps100.blocks-1.cut-entropy4.0.samples20.maxnew1024.seed10086.powerMH.vllm.log,EntropyCut,1790,2026-09-20 21:36:34,67.4,140.8,1,0,0.3,0.0,17.85,0.0,0,20
/Users/jiangnanhugo/workspace/power-sharpening/Subtree-Prefetching-Power-Sharpening/case_studies/logs-entropycut/lcb_v6/2026-09-20/vllm/dataset-lcb_v6.model-qwen3.5-4b.alpha4.0.steps100.blocks-1.cut-entropy4.0.samples20.maxnew1024.seed10086.powerMH.vllm.log,EntropyCut,1806,2026-09-20 21:36:44,118.8,141.3,1,0,0.3,0.0,18.016666666666666,0.0,0,24
/Users/jiangnanhugo/workspace/power-sharpening/Subtree-Prefetching-Power-Sharpening/case_studies/logs-entropycut/lcb_v6/2026-09-20/vllm/dataset-lcb_v6.model-qwen3.5-4b.alpha4.0.steps100.blocks-1.cut-entropy4.0.samples20.maxnew1024.seed10086.powerMH.vllm.log,EntropyCut,1819,2026-09-20 21:36:54,67.8,144.2,1,0,0.3,0.0,18.183333333333334,0.0,0,20
/Users/jiangnanhugo/workspace/power-sharpening/Subtree-Prefetching-Power-Sharpening/case_studies/logs-entropycut/lcb_v6/2026-09-20/vllm/dataset-lcb_v6.model-qwen3.5-4b.alpha4.0.steps100.blocks-1.cut-entropy4.0.samples20.maxnew1024.seed10086.powerMH.vllm.log,EntropyCut,1836,2026-09-20 21:37:04,116.3,142.0,1,0,0.2,0.0,18.35,0.0,0,24
/Users/jiangnanhugo/workspace/power-sharpening/Subtree-Prefetching-Power-Sharpening/case_studies/logs-entropycut/lcb_v6/2026-09-20/vllm/dataset-lcb_v6.model-qwen3.5-4b.alpha4.0.steps100.blocks-1.cut-entropy4.0.samples20.maxnew1024.seed10086.powerMH.vllm.log,EntropyCut,1849,2026-09-20 21:37:14,42.0,143.6,1,0,0.2,0.0,18.516666666666666,0.0,0,16
/Users/jiangnanhugo/workspace/power-sharpening/Subtree-Prefetching-Power-Sharpening/case_studies/logs-entropycut/lcb_v6/2026-09-20/vllm/dataset-lcb_v6.model-qwen3.5-4b.alpha4.0.steps100.blocks-1.cut-entropy4.0.samples20.maxnew1024.seed10086.powerMH.vllm.log,EntropyCut,1858,2026-09-20 21:37:24,54.3,144.0,1,0,0.3,0.0,18.683333333333334,0.0,0,20
/Users/jiangnanhugo/workspace/power-sharpening/Subtree-Prefetching-Power-Sharpening/case_studies/logs-entropycut/lcb_v6/2026-09-20/vllm/dataset-lcb_v6.model-qwen3.5-4b.alpha4.0.steps100.blocks-1.cut-entropy4.0.samples20.maxnew1024.seed10086.powerMH.vllm.log,EntropyCut,1871,2026-09-20 21:37:34,27.7,142.8,1,0,0.2,0.0,18.85,0.0,0,16
/Users/jiangnanhugo/workspace/power-sharpening/Subtree-Prefetching-Power-Sharpening/case_studies/logs-entropycut/lcb_v6/2026-09-20/vllm/dataset-lcb_v6.model-qwen3.5-4b.alpha4.0.steps100.blocks-1.cut-entropy4.0.samples20.maxnew1024.seed10086.powerMH.vllm.log,EntropyCut,1884,2026-09-20 21:37:44,91.8,143.0,1,0,0.2,0.0,19.016666666666666,0.0,0,20
/Users/jiangnanhugo/workspace/power-sharpening/Subtree-Prefetching-Power-Sharpening/case_studies/logs-entropycut/lcb_v6/2026-09-20/vllm/dataset-lcb_v6.model-qwen3.5-4b.alpha4.0.steps100.blocks-1.cut-entropy4.0.samples20.maxnew1024.seed10086.powerMH.vllm.log,EntropyCut,1893,2026-09-20 21:37:54,25.2,143.8,1,0,0.2,0.0,19.183333333333334,0.0,0,16
/Users/jiangnanhugo/workspace/power-sharpening/Subtree-Prefetching-Power-Sharpening/case_studies/logs-entropycut/lcb_v6/2026-09-20/vllm/dataset-lcb_v6.model-qwen3.5-4b.alpha4.0.steps100.blocks-1.cut-entropy4.0.samples20.maxnew1024.seed10086.powerMH.vllm.log,EntropyCut,1914,2026-09-20 21:38:04,110.9,140.9,1,0,0.2,0.0,19.35,0.0,0,24
/Users/jiangnanhugo/workspace/power-sharpening/Subtree-Prefetching-Power-Sharpening/case_studies/logs-entropycut/lcb_v6/2026-09-20/vllm/dataset-lcb_v6.model-qwen3.5-4b.alpha4.0.steps100.blocks-1.cut-entropy4.0.samples20.maxnew1024.seed10086.powerMH.vllm.log,EntropyCut,1923,2026-09-20 21:38:14,22.7,143.5,1,0,0.2,0.0,19.516666666666666,0.0,0,16
/Users/jiangnanhugo/workspace/power-sharpening/Subtree-Prefetching-Power-Sharpening/case_studies/logs-entropycut/lcb_v6/2026-09-20/vllm/dataset-lcb_v6.model-qwen3.5-4b.alpha4.0.steps100.blocks-1.cut-entropy4.0.samples20.maxnew1024.seed10086.powerMH.vllm.log,EntropyCut,1932,2026-09-20 21:38:24,5.8,144.1,1,0,0.2,0.0,19.683333333333334,0.0,0,12
/Users/jiangnanhugo/workspace/power-sharpening/Subtree-Prefetching-Power-Sharpening/case_studies/logs-entropycut/lcb_v6/2026-09-20/vllm/dataset-lcb_v6.model-qwen3.5-4b.alpha4.0.steps100.blocks-1.cut-entropy4.0.samples20.maxnew1024.seed10086.powerMH.vllm.log,EntropyCut,1945,2026-09-20 21:38:34,81.8,144.1,1,0,0.2,0.0,19.85,0.0,0,24
/Users/jiangnanhugo/workspace/power-sharpening/Subtree-Prefetching-Power-Sharpening/case_studies/logs-entropycut/lcb_v6/2026-09-20/vllm/dataset-lcb_v6.model-qwen3.5-4b.alpha4.0.steps100.blocks-1.cut-entropy4.0.samples20.maxnew1024.seed10086.powerMH.vllm.log,EntropyCut,1950,2026-09-20 21:38:44,9.0,145.6,1,0,0.3,0.0,20.016666666666666,0.0,0,12
/Users/jiangnanhugo/workspace/power-sharpening/Subtree-Prefetching-Power-Sharpening/case_studies/logs-entropycut/lcb_v6/2026-09-20/vllm/dataset-lcb_v6.model-qwen3.5-4b.alpha4.0.steps100.blocks-1.cut-entropy4.0.samples20.maxnew1024.seed10086.powerMH.vllm.log,EntropyCut,1971,2026-09-20 21:38:54,104.3,139.4,1,0,0.2,0.0,20.183333333333334,0.0,0,24
/Users/jiangnanhugo/workspace/power-sharpening/Subtree-Prefetching-Power-Sharpening/case_studies/logs-entropycut/lcb_v6/2026-09-20/vllm/dataset-lcb_v6.model-qwen3.5-4b.alpha4.0.steps100.blocks-1.cut-entropy4.0.samples20.maxnew1024.seed10086.powerMH.vllm.log,EntropyCut,1984,2026-09-20 21:39:04,41.4,144.4,1,0,0.2,0.0,20.35,0.0,0,16
/Users/jiangnanhugo/workspace/power-sharpening/Subtree-Prefetching-Power-Sharpening/case_studies/logs-entropycut/lcb_v6/2026-09-20/vllm/dataset-lcb_v6.model-qwen3.5-4b.alpha4.0.steps100.blocks-1.cut-entropy4.0.samples20.maxnew1024.seed10086.powerMH.vllm.log,EntropyCut,1993,2026-09-20 21:39:14,34.0,145.3,1,0,0.2,0.0,20.516666666666666,0.0,0,16
/Users/jiangnanhugo/workspace/power-sharpening/Subtree-Prefetching-Power-Sharpening/case_studies/logs-entropycut/lcb_v6/2026-09-20/vllm/dataset-lcb_v6.model-qwen3.5-4b.alpha4.0.steps100.blocks-1.cut-entropy4.0.samples20.maxnew1024.seed10086.powerMH.vllm.log,EntropyCut,2010,2026-09-20 21:39:24,51.2,142.8,1,0,0.2,0.0,20.683333333333334,0.0,0,20
/Users/jiangnanhugo/workspace/power-sharpening/Subtree-Prefetching-Power-Sharpening/case_studies/logs-entropycut/lcb_v6/2026-09-20/vllm/dataset-lcb_v6.model-qwen3.5-4b.alpha4.0.steps100.blocks-1.cut-entropy4.0.samples20.maxnew1024.seed10086.powerMH.vllm.log,EntropyCut,2023,2026-09-20 21:39:34,63.3,143.3,1,0,0.2,0.0,20.85,0.0,0,20
/Users/jiangnanhugo/workspace/power-sharpening/Subtree-Prefetching-Power-Sharpening/case_studies/logs-entropycut/lcb_v6/2026-09-20/vllm/dataset-lcb_v6.model-qwen3.5-4b.alpha4.0.steps100.blocks-1.cut-entropy4.0.samples20.maxnew1024.seed10086.powerMH.vllm.log,EntropyCut,2032,2026-09-20 21:39:44,43.6,144.5,1,0,0.2,0.0,21.016666666666666,0.0,0,16
/Users/jiangnanhugo/workspace/power-sharpening/Subtree-Prefetching-Power-Sharpening/case_studies/logs-entropycut/lcb_v6/2026-09-20/vllm/dataset-lcb_v6.model-qwen3.5-4b.alpha4.0.steps100.blocks-1.cut-entropy4.0.samples20.maxnew1024.seed10086.powerMH.vllm.log,EntropyCut,2041,2026-09-20 21:39:54,72.5,145.2,1,0,0.2,0.0,21.183333333333334,0.0,0,20
/Users/jiangnanhugo/workspace/power-sharpening/Subtree-Prefetching-Power-Sharpening/case_studies/logs-entropycut/lcb_v6/2026-09-20/vllm/dataset-lcb_v6.model-qwen3.5-4b.alpha4.0.steps100.blocks-1.cut-entropy4.0.samples20.maxnew1024.seed10086.powerMH.vllm.log,EntropyCut,2058,2026-09-20 21:40:04,65.5,142.4,1,0,0.2,0.0,21.35,0.0,0,20
/Users/jiangnanhugo/workspace/power-sharpening/Subtree-Prefetching-Power-Sharpening/case_studies/logs-entropycut/lcb_v6/2026-09-20/vllm/dataset-lcb_v6.model-qwen3.5-4b.alpha4.0.steps100.blocks-1.cut-entropy4.0.samples20.maxnew1024.seed10086.powerMH.vllm.log,EntropyCut,2071,2026-09-20 21:40:14,78.7,143.2,1,0,0.2,0.0,21.516666666666666,0.0,0,20
/Users/jiangnanhugo/workspace/power-sharpening/Subtree-Prefetching-Power-Sharpening/case_studies/logs-entropycut/lcb_v6/2026-09-20/vllm/dataset-lcb_v6.model-qwen3.5-4b.alpha4.0.steps100.blocks-1.cut-entropy4.0.samples20.maxnew1024.seed10086.powerMH.vllm.log,EntropyCut,2088,2026-09-20 21:40:24,78.5,142.6,1,0,0.2,0.0,21.683333333333334,0.0,0,24
/Users/jiangnanhugo/workspace/power-sharpening/Subtree-Prefetching-Power-Sharpening/case_studies/logs-entropycut/lcb_v6/2026-09-20/vllm/dataset-lcb_v6.model-qwen3.5-4b.alpha4.0.steps100.blocks-1.cut-entropy4.0.samples20.maxnew1024.seed10086.powerMH.vllm.log,EntropyCut,2093,2026-09-20 21:40:34,48.9,145.2,1,0,0.3,0.0,21.85,0.0,0,16
/Users/jiangnanhugo/workspace/power-sharpening/Subtree-Prefetching-Power-Sharpening/case_studies/logs-entropycut/lcb_v6/2026-09-20/vllm/dataset-lcb_v6.model-qwen3.5-4b.alpha4.0.steps100.blocks-1.cut-entropy4.0.samples20.maxnew1024.seed10086.powerMH.vllm.log,EntropyCut,2106,2026-09-20 21:40:44,83.9,142.5,1,0,0.2,0.0,22.016666666666666,0.0,0,20
/Users/jiangnanhugo/workspace/power-sharpening/Subtree-Prefetching-Power-Sharpening/case_studies/logs-entropycut/lcb_v6/2026-09-20/vllm/dataset-lcb_v6.model-qwen3.5-4b.alpha4.0.steps100.blocks-1.cut-entropy4.0.samples20.maxnew1024.seed10086.powerMH.vllm.log,EntropyCut,2115,2026-09-20 21:40:54,69.0,144.5,1,0,0.2,0.0,22.183333333333334,0.0,0,16
/Users/jiangnanhugo/workspace/power-sharpening/Subtree-Prefetching-Power-Sharpening/case_studies/logs-entropycut/lcb_v6/2026-09-20/vllm/dataset-lcb_v6.model-qwen3.5-4b.alpha4.0.steps100.blocks-1.cut-entropy4.0.samples20.maxnew1024.seed10086.powerMH.vllm.log,EntropyCut,2124,2026-09-20 21:41:04,36.5,145.1,1,0,0.2,0.0,22.35,0.0,0,16
/Users/jiangnanhugo/workspace/power-sharpening/Subtree-Prefetching-Power-Sharpening/case_studies/logs-entropycut/lcb_v6/2026-09-20/vllm/dataset-lcb_v6.model-qwen3.5-4b.alpha4.0.steps100.blocks-1.cut-entropy4.0.samples20.maxnew1024.seed10086.powerMH.vllm.log,EntropyCut,2137,2026-09-20 21:41:14,82.1,144.7,1,0,0.3,0.0,22.516666666666666,0.0,0,24
/Users/jiangnanhugo/workspace/power-sharpening/Subtree-Prefetching-Power-Sharpening/case_studies/logs-entropycut/lcb_v6/2026-09-20/vllm/dataset-lcb_v6.model-qwen3.5-4b.alpha4.0.steps100.blocks-1.cut-entropy4.0.samples20.maxnew1024.seed10086.powerMH.vllm.log,EntropyCut,2146,2026-09-20 21:41:24,91.5,143.8,1,0,0.2,0.0,22.683333333333334,0.0,0,20
/Users/jiangnanhugo/workspace/power-sharpening/Subtree-Prefetching-Power-Sharpening/case_studies/logs-entropycut/lcb_v6/2026-09-20/vllm/dataset-lcb_v6.model-qwen3.5-4b.alpha4.0.steps100.blocks-1.cut-entropy4.0.samples20.maxnew1024.seed10086.powerMH.vllm.log,EntropyCut,2159,2026-09-20 21:41:34,86.8,143.9,1,0,0.2,0.0,22.85,0.0,0,20
/Users/jiangnanhugo/workspace/power-sharpening/Subtree-Prefetching-Power-Sharpening/case_studies/logs-entropycut/lcb_v6/2026-09-20/vllm/dataset-lcb_v6.model-qwen3.5-4b.alpha4.0.steps100.blocks-1.cut-entropy4.0.samples20.maxnew1024.seed10086.powerMH.vllm.log,EntropyCut,2172,2026-09-20 21:41:44,99.4,143.3,1,0,0.2,0.0,23.016666666666666,0.0,0,20
/Users/jiangnanhugo/workspace/power-sharpening/Subtree-Prefetching-Power-Sharpening/case_studies/logs-entropycut/lcb_v6/2026-09-20/vllm/dataset-lcb_v6.model-qwen3.5-4b.alpha4.0.steps100.blocks-1.cut-entropy4.0.samples20.maxnew1024.seed10086.powerMH.vllm.log,EntropyCut,2181,2026-09-20 21:41:54,26.9,143.9,1,0,0.2,0.0,23.183333333333334,0.0,0,16
/Users/jiangnanhugo/workspace/power-sharpening/Subtree-Prefetching-Power-Sharpening/case_studies/logs-entropycut/lcb_v6/2026-09-20/vllm/dataset-lcb_v6.model-qwen3.5-4b.alpha4.0.steps100.blocks-1.cut-entropy4.0.samples20.maxnew1024.seed10086.powerMH.vllm.log,EntropyCut,2190,2026-09-20 21:42:04,89.7,145.5,1,0,0.2,0.0,23.35,0.0,0,20
/Users/jiangnanhugo/workspace/power-sharpening/Subtree-Prefetching-Power-Sharpening/case_studies/logs-entropycut/lcb_v6/2026-09-20/vllm/dataset-lcb_v6.model-qwen3.5-4b.alpha4.0.steps100.blocks-1.cut-entropy4.0.samples20.maxnew1024.seed10086.powerMH.vllm.log,EntropyCut,2207,2026-09-20 21:42:14,84.3,142.6,1,0,0.2,0.0,23.516666666666666,0.0,0,24
/Users/jiangnanhugo/workspace/power-sharpening/Subtree-Prefetching-Power-Sharpening/case_studies/logs-entropycut/lcb_v6/2026-09-20/vllm/dataset-lcb_v6.model-qwen3.5-4b.alpha4.0.steps100.blocks-1.cut-entropy4.0.samples20.maxnew1024.seed10086.powerMH.vllm.log,EntropyCut,2220,2026-09-20 21:42:24,74.4,142.8,1,0,0.3,0.0,23.683333333333334,0.0,0,20
/Users/jiangnanhugo/workspace/power-sharpening/Subtree-Prefetching-Power-Sharpening/case_studies/logs-entropycut/lcb_v6/2026-09-20/vllm/dataset-lcb_v6.model-qwen3.5-4b.alpha4.0.steps100.blocks-1.cut-entropy4.0.samples20.maxnew1024.seed10086.powerMH.vllm.log,EntropyCut,2354,2026-09-20 21:42:34,79.6,142.3,1,0,0.3,0.0,23.85,0.0,0,20
/Users/jiangnanhugo/workspace/power-sharpening/Subtree-Prefetching-Power-Sharpening/case_studies/logs-entropycut/lcb_v6/2026-09-20/vllm/dataset-lcb_v6.model-qwen3.5-4b.alpha4.0.steps100.blocks-1.cut-entropy4.0.samples20.maxnew1024.seed10086.powerMH.vllm.log,EntropyCut,2370,2026-09-20 21:42:44,151.2,142.6,1,0,0.3,0.0,24.016666666666666,0.0,0,36
/Users/jiangnanhugo/workspace/power-sharpening/Subtree-Prefetching-Power-Sharpening/case_studies/logs-entropycut/lcb_v6/2026-09-20/vllm/dataset-lcb_v6.model-qwen3.5-4b.alpha4.0.steps100.blocks-1.cut-entropy4.0.samples20.maxnew1024.seed10086.powerMH.vllm.log,EntropyCut,2391,2026-09-20 21:42:54,138.8,141.1,1,0,0.3,0.0,24.183333333333334,0.0,0,36
/Users/jiangnanhugo/workspace/power-sharpening/Subtree-Prefetching-Power-Sharpening/case_studies/logs-entropycut/lcb_v6/2026-09-20/vllm/dataset-lcb_v6.model-qwen3.5-4b.alpha4.0.steps100.blocks-1.cut-entropy4.0.samples20.maxnew1024.seed10086.powerMH.vllm.log,EntropyCut,2404,2026-09-20 21:43:04,68.1,142.6,1,0,0.3,0.0,24.35,0.0,0,28
/Users/jiangnanhugo/workspace/power-sharpening/Subtree-Prefetching-Power-Sharpening/case_studies/logs-entropycut/lcb_v6/2026-09-20/vllm/dataset-lcb_v6.model-qwen3.5-4b.alpha4.0.steps100.blocks-1.cut-entropy4.0.samples20.maxnew1024.seed10086.powerMH.vllm.log,EntropyCut,2421,2026-09-20 21:43:14,119.1,141.4,1,0,0.2,0.0,24.516666666666666,0.0,0,32
/Users/jiangnanhugo/workspace/power-sharpening/Subtree-Prefetching-Power-Sharpening/case_studies/logs-entropycut/lcb_v6/2026-09-20/vllm/dataset-lcb_v6.model-qwen3.5-4b.alpha4.0.steps100.blocks-1.cut-entropy4.0.samples20.maxnew1024.seed10086.powerMH.vllm.log,EntropyCut,2430,2026-09-20 21:43:24,70.8,144.1,1,0,0.3,0.0,24.683333333333334,0.0,0,24
/Users/jiangnanhugo/workspace/power-sharpening/Subtree-Prefetching-Power-Sharpening/case_studies/logs-entropycut/lcb_v6/2026-09-20/vllm/dataset-lcb_v6.model-qwen3.5-4b.alpha4.0.steps100.blocks-1.cut-entropy4.0.samples20.maxnew1024.seed10086.powerMH.vllm.log,EntropyCut,2455,2026-09-20 21:43:34,176.2,140.1,1,0,0.3,0.0,24.85,0.0,0,44
/Users/jiangnanhugo/workspace/power-sharpening/Subtree-Prefetching-Power-Sharpening/case_studies/logs-entropycut/lcb_v6/2026-09-20/vllm/dataset-lcb_v6.model-qwen3.5-4b.alpha4.0.steps100.blocks-1.cut-entropy4.0.samples20.maxnew1024.seed10086.powerMH.vllm.log,EntropyCut,2472,2026-09-20 21:43:44,69.1,141.7,1,0,0.2,0.0,25.016666666666666,0.0,0,28
/Users/jiangnanhugo/workspace/power-sharpening/Subtree-Prefetching-Power-Sharpening/case_studies/logs-entropycut/lcb_v6/2026-09-20/vllm/dataset-lcb_v6.model-qwen3.5-4b.alpha4.0.steps100.blocks-1.cut-entropy4.0.samples20.maxnew1024.seed10086.powerMH.vllm.log,EntropyCut,2489,2026-09-20 21:43:54,142.9,140.8,1,0,0.3,0.0,25.183333333333334,0.0,0,36
/Users/jiangnanhugo/workspace/power-sharpening/Subtree-Prefetching-Power-Sharpening/case_studies/logs-entropycut/lcb_v6/2026-09-20/vllm/dataset-lcb_v6.model-qwen3.5-4b.alpha4.0.steps100.blocks-1.cut-entropy4.0.samples20.maxnew1024.seed10086.powerMH.vllm.log,EntropyCut,2506,2026-09-20 21:44:04,79.6,141.7,1,0,0.2,0.0,25.35,0.0,0,28
/Users/jiangnanhugo/workspace/power-sharpening/Subtree-Prefetching-Power-Sharpening/case_studies/logs-entropycut/lcb_v6/2026-09-20/vllm/dataset-lcb_v6.model-qwen3.5-4b.alpha4.0.steps100.blocks-1.cut-entropy4.0.samples20.maxnew1024.seed10086.powerMH.vllm.log,EntropyCut,2519,2026-09-20 21:44:14,42.8,142.5,1,0,0.2,0.0,25.516666666666666,0.0,0,24
/Users/jiangnanhugo/workspace/power-sharpening/Subtree-Prefetching-Power-Sharpening/case_studies/logs-entropycut/lcb_v6/2026-09-20/vllm/dataset-lcb_v6.model-qwen3.5-4b.alpha4.0.steps100.blocks-1.cut-entropy4.0.samples20.maxnew1024.seed10086.powerMH.vllm.log,EntropyCut,2528,2026-09-20 21:44:24,49.6,144.1,1,0,0.4,0.0,25.683333333333334,0.0,0,24
/Users/jiangnanhugo/workspace/power-sharpening/Subtree-Prefetching-Power-Sharpening/case_studies/logs-entropycut/lcb_v6/2026-09-20/vllm/dataset-lcb_v6.model-qwen3.5-4b.alpha4.0.steps100.blocks-1.cut-entropy4.0.samples20.maxnew1024.seed10086.powerMH.vllm.log,EntropyCut,2541,2026-09-20 21:44:34,45.9,142.8,1,0,0.3,0.0,25.85,0.0,0,24
/Users/jiangnanhugo/workspace/power-sharpening/Subtree-Prefetching-Power-Sharpening/case_studies/logs-entropycut/lcb_v6/2026-09-20/vllm/dataset-lcb_v6.model-qwen3.5-4b.alpha4.0.steps100.blocks-1.cut-entropy4.0.samples20.maxnew1024.seed10086.powerMH.vllm.log,EntropyCut,2554,2026-09-20 21:44:44,98.5,144.6,1,0,0.3,0.0,26.016666666666666,0.0,0,28
/Users/jiangnanhugo/workspace/power-sharpening/Subtree-Prefetching-Power-Sharpening/case_studies/logs-entropycut/lcb_v6/2026-09-20/vllm/dataset-lcb_v6.model-qwen3.5-4b.alpha4.0.steps100.blocks-1.cut-entropy4.0.samples20.maxnew1024.seed10086.powerMH.vllm.log,EntropyCut,2563,2026-09-20 21:44:54,14.6,145.1,1,0,0.2,0.0,26.183333333333334,0.0,0,16
/Users/jiangnanhugo/workspace/power-sharpening/Subtree-Prefetching-Power-Sharpening/case_studies/logs-entropycut/lcb_v6/2026-09-20/vllm/dataset-lcb_v6.model-qwen3.5-4b.alpha4.0.steps100.blocks-1.cut-entropy4.0.samples20.maxnew1024.seed10086.powerMH.vllm.log,EntropyCut,2572,2026-09-20 21:45:04,19.0,144.9,1,0,0.2,0.0,26.35,0.0,0,20
/Users/jiangnanhugo/workspace/power-sharpening/Subtree-Prefetching-Power-Sharpening/case_studies/logs-entropycut/lcb_v6/2026-09-20/vllm/dataset-lcb_v6.model-qwen3.5-4b.alpha4.0.steps100.blocks-1.cut-entropy4.0.samples20.maxnew1024.seed10086.powerMH.vllm.log,EntropyCut,2585,2026-09-20 21:45:14,58.0,142.9,1,0,0.3,0.0,26.516666666666666,0.0,0,28
/Users/jiangnanhugo/workspace/power-sharpening/Subtree-Prefetching-Power-Sharpening/case_studies/logs-entropycut/lcb_v6/2026-09-20/vllm/dataset-lcb_v6.model-qwen3.5-4b.alpha4.0.steps100.blocks-1.cut-entropy4.0.samples20.maxnew1024.seed10086.powerMH.vllm.log,EntropyCut,2598,2026-09-20 21:45:24,143.4,142.3,1,0,0.3,0.0,26.683333333333334,0.0,0,28
/Users/jiangnanhugo/workspace/power-sharpening/Subtree-Prefetching-Power-Sharpening/case_studies/logs-entropycut/lcb_v6/2026-09-20/vllm/dataset-lcb_v6.model-qwen3.5-4b.alpha4.0.steps100.blocks-1.cut-entropy4.0.samples20.maxnew1024.seed10086.powerMH.vllm.log,EntropyCut,2611,2026-09-20 21:45:34,76.8,143.3,1,0,0.2,0.0,26.85,0.0,0,28
/Users/jiangnanhugo/workspace/power-sharpening/Subtree-Prefetching-Power-Sharpening/case_studies/logs-entropycut/lcb_v6/2026-09-20/vllm/dataset-lcb_v6.model-qwen3.5-4b.alpha4.0.steps100.blocks-1.cut-entropy4.0.samples20.maxnew1024.seed10086.powerMH.vllm.log,EntropyCut,2624,2026-09-20 21:45:44,86.7,143.3,1,0,0.2,0.0,27.016666666666666,0.0,0,28
/Users/jiangnanhugo/workspace/power-sharpening/Subtree-Prefetching-Power-Sharpening/case_studies/logs-entropycut/lcb_v6/2026-09-20/vllm/dataset-lcb_v6.model-qwen3.5-4b.alpha4.0.steps100.blocks-1.cut-entropy4.0.samples20.maxnew1024.seed10086.powerMH.vllm.log,EntropyCut,2641,2026-09-20 21:45:54,132.8,142.7,1,0,0.3,0.0,27.183333333333334,0.0,0,36
/Users/jiangnanhugo/workspace/power-sharpening/Subtree-Prefetching-Power-Sharpening/case_studies/logs-entropycut/lcb_v6/2026-09-20/vllm/dataset-lcb_v6.model-qwen3.5-4b.alpha4.0.steps100.blocks-1.cut-entropy4.0.samples20.maxnew1024.seed10086.powerMH.vllm.log,EntropyCut,2662,2026-09-20 21:46:04,151.5,140.7,1,0,0.2,0.0,27.35,0.0,0,36
/Users/jiangnanhugo/workspace/power-sharpening/Subtree-Prefetching-Power-Sharpening/case_studies/logs-entropycut/lcb_v6/2026-09-20/vllm/dataset-lcb_v6.model-qwen3.5-4b.alpha4.0.steps100.blocks-1.cut-entropy4.0.samples20.maxnew1024.seed10086.powerMH.vllm.log,EntropyCut,2679,2026-09-20 21:46:14,110.0,142.2,1,0,0.2,0.0,27.516666666666666,0.0,0,32
/Users/jiangnanhugo/workspace/power-sharpening/Subtree-Prefetching-Power-Sharpening/case_studies/logs-entropycut/lcb_v6/2026-09-20/vllm/dataset-lcb_v6.model-qwen3.5-4b.alpha4.0.steps100.blocks-1.cut-entropy4.0.samples20.maxnew1024.seed10086.powerMH.vllm.log,EntropyCut,2700,2026-09-20 21:46:24,144.2,140.4,1,0,0.3,0.0,27.683333333333334,0.0,0,40
/Users/jiangnanhugo/workspace/power-sharpening/Subtree-Prefetching-Power-Sharpening/case_studies/logs-entropycut/lcb_v6/2026-09-20/vllm/dataset-lcb_v6.model-qwen3.5-4b.alpha4.0.steps100.blocks-1.cut-entropy4.0.samples20.maxnew1024.seed10086.powerMH.vllm.log,EntropyCut,2713,2026-09-20 21:46:34,65.2,142.4,1,0,0.2,0.0,27.85,0.0,0,24
/Users/jiangnanhugo/workspace/power-sharpening/Subtree-Prefetching-Power-Sharpening/case_studies/logs-entropycut/lcb_v6/2026-09-20/vllm/dataset-lcb_v6.model-qwen3.5-4b.alpha4.0.steps100.blocks-1.cut-entropy4.0.samples20.maxnew1024.seed10086.powerMH.vllm.log,EntropyCut,2734,2026-09-20 21:46:44,176.3,140.9,1,0,0.3,0.0,28.016666666666666,0.0,0,44
/Users/jiangnanhugo/workspace/power-sharpening/Subtree-Prefetching-Power-Sharpening/case_studies/logs-entropycut/lcb_v6/2026-09-20/vllm/dataset-lcb_v6.model-qwen3.5-4b.alpha4.0.steps100.blocks-1.cut-entropy4.0.samples20.maxnew1024.seed10086.powerMH.vllm.log,EntropyCut,2743,2026-09-20 21:46:54,2.0,144.4,1,0,0.2,0.0,28.183333333333334,0.0,0,16
/Users/jiangnanhugo/workspace/power-sharpening/Subtree-Prefetching-Power-Sharpening/case_studies/logs-entropycut/lcb_v6/2026-09-20/vllm/dataset-lcb_v6.model-qwen3.5-4b.alpha4.0.steps100.blocks-1.cut-entropy4.0.samples20.maxnew1024.seed10086.powerMH.vllm.log,EntropyCut,2756,2026-09-20 21:47:04,83.1,142.6,1,0,0.3,0.0,28.35,0.0,0,28
/Users/jiangnanhugo/workspace/power-sharpening/Subtree-Prefetching-Power-Sharpening/case_studies/logs-entropycut/lcb_v6/2026-09-20/vllm/dataset-lcb_v6.model-qwen3.5-4b.alpha4.0.steps100.blocks-1.cut-entropy4.0.samples20.maxnew1024.seed10086.powerMH.vllm.log,EntropyCut,2777,2026-09-20 21:47:14,163.5,139.9,1,0,0.3,0.0,28.516666666666666,0.0,0,40
/Users/jiangnanhugo/workspace/power-sharpening/Subtree-Prefetching-Power-Sharpening/case_studies/logs-entropycut/lcb_v6/2026-09-20/vllm/dataset-lcb_v6.model-qwen3.5-4b.alpha4.0.steps100.blocks-1.cut-entropy4.0.samples20.maxnew1024.seed10086.powerMH.vllm.log,EntropyCut,2915,2026-09-20 21:47:24,69.6,142.0,1,0,0.2,0.0,28.683333333333334,0.0,0,20
/Users/jiangnanhugo/workspace/power-sharpening/Subtree-Prefetching-Power-Sharpening/case_studies/logs-entropycut/lcb_v6/2026-09-20/vllm/dataset-lcb_v6.model-qwen3.5-4b.alpha4.0.steps100.blocks-1.cut-entropy4.0.samples20.maxnew1024.seed10086.powerMH.vllm.log,EntropyCut,2931,2026-09-20 21:47:34,83.5,141.7,1,0,0.2,0.0,28.85,0.0,0,20
/Users/jiangnanhugo/workspace/power-sharpening/Subtree-Prefetching-Power-Sharpening/case_studies/logs-entropycut/lcb_v6/2026-09-20/vllm/dataset-lcb_v6.model-qwen3.5-4b.alpha4.0.steps100.blocks-1.cut-entropy4.0.samples20.maxnew1024.seed10086.powerMH.vllm.log,EntropyCut,2936,2026-09-20 21:47:44,21.5,145.5,1,0,0.3,0.0,29.016666666666666,0.0,0,12
/Users/jiangnanhugo/workspace/power-sharpening/Subtree-Prefetching-Power-Sharpening/case_studies/logs-entropycut/lcb_v6/2026-09-20/vllm/dataset-lcb_v6.model-qwen3.5-4b.alpha4.0.steps100.blocks-1.cut-entropy4.0.samples20.maxnew1024.seed10086.powerMH.vllm.log,EntropyCut,2961,2026-09-20 21:47:54,152.8,139.1,1,0,0.2,0.0,29.183333333333334,0.0,0,24
/Users/jiangnanhugo/workspace/power-sharpening/Subtree-Prefetching-Power-Sharpening/case_studies/logs-entropycut/lcb_v6/2026-09-20/vllm/dataset-lcb_v6.model-qwen3.5-4b.alpha4.0.steps100.blocks-1.cut-entropy4.0.samples20.maxnew1024.seed10086.powerMH.vllm.log,EntropyCut,2970,2026-09-20 21:48:04,38.6,143.6,1,0,0.3,0.0,29.35,0.0,0,16
/Users/jiangnanhugo/workspace/power-sharpening/Subtree-Prefetching-Power-Sharpening/case_studies/logs-entropycut/lcb_v6/2026-09-20/vllm/dataset-lcb_v6.model-qwen3.5-4b.alpha4.0.steps100.blocks-1.cut-entropy4.0.samples20.maxnew1024.seed10086.powerMH.vllm.log,EntropyCut,2979,2026-09-20 21:48:14,34.2,144.5,1,0,0.3,0.0,29.516666666666666,0.0,0,12
/Users/jiangnanhugo/workspace/power-sharpening/Subtree-Prefetching-Power-Sharpening/case_studies/logs-entropycut/lcb_v6/2026-09-20/vllm/dataset-lcb_v6.model-qwen3.5-4b.alpha4.0.steps100.blocks-1.cut-entropy4.0.samples20.maxnew1024.seed10086.powerMH.vllm.log,EntropyCut,2988,2026-09-20 21:48:24,30.2,143.1,1,0,0.3,0.0,29.683333333333334,0.0,0,16
/Users/jiangnanhugo/workspace/power-sharpening/Subtree-Prefetching-Power-Sharpening/case_studies/logs-entropycut/lcb_v6/2026-09-20/vllm/dataset-lcb_v6.model-qwen3.5-4b.alpha4.0.steps100.blocks-1.cut-entropy4.0.samples20.maxnew1024.seed10086.powerMH.vllm.log,EntropyCut,3001,2026-09-20 21:48:34,82.2,141.9,1,0,0.3,0.0,29.85,0.0,0,16
/Users/jiangnanhugo/workspace/power-sharpening/Subtree-Prefetching-Power-Sharpening/case_studies/logs-entropycut/lcb_v6/2026-09-20/vllm/dataset-lcb_v6.model-qwen3.5-4b.alpha4.0.steps100.blocks-1.cut-entropy4.0.samples20.maxnew1024.seed10086.powerMH.vllm.log,EntropyCut,3010,2026-09-20 21:48:44,30.2,144.6,1,0,0.3,0.0,30.016666666666666,0.0,0,16
/Users/jiangnanhugo/workspace/power-sharpening/Subtree-Prefetching-Power-Sharpening/case_studies/logs-entropycut/lcb_v6/2026-09-20/vllm/dataset-lcb_v6.model-qwen3.5-4b.alpha4.0.steps100.blocks-1.cut-entropy4.0.samples20.maxnew1024.seed10086.powerMH.vllm.log,EntropyCut,3019,2026-09-20 21:48:54,44.8,144.9,1,0,0.3,0.0,30.183333333333334,0.0,0,16
/Users/jiangnanhugo/workspace/power-sharpening/Subtree-Prefetching-Power-Sharpening/case_studies/logs-entropycut/lcb_v6/2026-09-20/vllm/dataset-lcb_v6.model-qwen3.5-4b.alpha4.0.steps100.blocks-1.cut-entropy4.0.samples20.maxnew1024.seed10086.powerMH.vllm.log,EntropyCut,3028,2026-09-20 21:49:04,37.5,143.8,1,0,0.2,0.0,30.35,0.0,0,12
/Users/jiangnanhugo/workspace/power-sharpening/Subtree-Prefetching-Power-Sharpening/case_studies/logs-entropycut/lcb_v6/2026-09-20/vllm/dataset-lcb_v6.model-qwen3.5-4b.alpha4.0.steps100.blocks-1.cut-entropy4.0.samples20.maxnew1024.seed10086.powerMH.vllm.log,EntropyCut,3037,2026-09-20 21:49:14,59.6,145.3,1,0,0.2,0.0,30.516666666666666,0.0,0,16
/Users/jiangnanhugo/workspace/power-sharpening/Subtree-Prefetching-Power-Sharpening/case_studies/logs-entropycut/lcb_v6/2026-09-20/vllm/dataset-lcb_v6.model-qwen3.5-4b.alpha4.0.steps100.blocks-1.cut-entropy4.0.samples20.maxnew1024.seed10086.powerMH.vllm.log,EntropyCut,3054,2026-09-20 21:49:24,121.2,142.0,1,0,0.3,0.0,30.683333333333334,0.0,0,24
/Users/jiangnanhugo/workspace/power-sharpening/Subtree-Prefetching-Power-Sharpening/case_studies/logs-entropycut/lcb_v6/2026-09-20/vllm/dataset-lcb_v6.model-qwen3.5-4b.alpha4.0.steps100.blocks-1.cut-entropy4.0.samples20.maxnew1024.seed10086.powerMH.vllm.log,EntropyCut,3071,2026-09-20 21:49:34,81.5,141.6,1,0,0.2,0.0,30.85,0.0,0,16
/Users/jiangnanhugo/workspace/power-sharpening/Subtree-Prefetching-Power-Sharpening/case_studies/logs-entropycut/lcb_v6/2026-09-20/vllm/dataset-lcb_v6.model-qwen3.5-4b.alpha4.0.steps100.blocks-1.cut-entropy4.0.samples20.maxnew1024.seed10086.powerMH.vllm.log,EntropyCut,3080,2026-09-20 21:49:44,27.9,144.8,1,0,0.3,0.0,31.016666666666666,0.0,0,16
/Users/jiangnanhugo/workspace/power-sharpening/Subtree-Prefetching-Power-Sharpening/case_studies/logs-entropycut/lcb_v6/2026-09-20/vllm/dataset-lcb_v6.model-qwen3.5-4b.alpha4.0.steps100.blocks-1.cut-entropy4.0.samples20.maxnew1024.seed10086.powerMH.vllm.log,EntropyCut,3085,2026-09-20 21:49:54,52.1,145.4,1,0,0.3,0.0,31.183333333333334,0.0,0,12
/Users/jiangnanhugo/workspace/power-sharpening/Subtree-Prefetching-Power-Sharpening/case_studies/logs-entropycut/lcb_v6/2026-09-20/vllm/dataset-lcb_v6.model-qwen3.5-4b.alpha4.0.steps100.blocks-1.cut-entropy4.0.samples20.maxnew1024.seed10086.powerMH.vllm.log,EntropyCut,3106,2026-09-20 21:50:04,85.5,141.2,1,0,0.2,0.0,31.35,0.0,0,20
/Users/jiangnanhugo/workspace/power-sharpening/Subtree-Prefetching-Power-Sharpening/case_studies/logs-entropycut/lcb_v6/2026-09-20/vllm/dataset-lcb_v6.model-qwen3.5-4b.alpha4.0.steps100.blocks-1.cut-entropy4.0.samples20.maxnew1024.seed10086.powerMH.vllm.log,EntropyCut,3115,2026-09-20 21:50:14,39.3,143.5,1,0,0.3,0.0,31.516666666666666,0.0,0,16
/Users/jiangnanhugo/workspace/power-sharpening/Subtree-Prefetching-Power-Sharpening/case_studies/logs-entropycut/lcb_v6/2026-09-20/vllm/dataset-lcb_v6.model-qwen3.5-4b.alpha4.0.steps100.blocks-1.cut-entropy4.0.samples20.maxnew1024.seed10086.powerMH.vllm.log,EntropyCut,3124,2026-09-20 21:50:24,17.9,144.0,1,0,0.2,0.0,31.683333333333334,0.0,0,12
/Users/jiangnanhugo/workspace/power-sharpening/Subtree-Prefetching-Power-Sharpening/case_studies/logs-entropycut/lcb_v6/2026-09-20/vllm/dataset-lcb_v6.model-qwen3.5-4b.alpha4.0.steps100.blocks-1.cut-entropy4.0.samples20.maxnew1024.seed10086.powerMH.vllm.log,EntropyCut,3129,2026-09-20 21:50:34,23.5,147.1,1,0,0.3,0.0,31.85,0.0,0,12
/Users/jiangnanhugo/workspace/power-sharpening/Subtree-Prefetching-Power-Sharpening/case_studies/logs-entropycut/lcb_v6/2026-09-20/vllm/dataset-lcb_v6.model-qwen3.5-4b.alpha4.0.steps100.blocks-1.cut-entropy4.0.samples20.maxnew1024.seed10086.powerMH.vllm.log,EntropyCut,3146,2026-09-20 21:50:44,75.4,143.2,1,0,0.2,0.0,32.016666666666666,0.0,0,20
/Users/jiangnanhugo/workspace/power-sharpening/Subtree-Prefetching-Power-Sharpening/case_studies/logs-entropycut/lcb_v6/2026-09-20/vllm/dataset-lcb_v6.model-qwen3.5-4b.alpha4.0.steps100.blocks-1.cut-entropy4.0.samples20.maxnew1024.seed10086.powerMH.vllm.log,EntropyCut,3155,2026-09-20 21:50:54,25.7,145.7,1,0,0.2,0.0,32.18333333333333,0.0,0,12
/Users/jiangnanhugo/workspace/power-sharpening/Subtree-Prefetching-Power-Sharpening/case_studies/logs-entropycut/lcb_v6/2026-09-20/vllm/dataset-lcb_v6.model-qwen3.5-4b.alpha4.0.steps100.blocks-1.cut-entropy4.0.samples20.maxnew1024.seed10086.powerMH.vllm.log,EntropyCut,3168,2026-09-20 21:51:04,58.2,144.9,1,0,0.2,0.0,32.35,0.0,0,16
/Users/jiangnanhugo/workspace/power-sharpening/Subtree-Prefetching-Power-Sharpening/case_studies/logs-entropycut/lcb_v6/2026-09-20/vllm/dataset-lcb_v6.model-qwen3.5-4b.alpha4.0.steps100.blocks-1.cut-entropy4.0.samples20.maxnew1024.seed10086.powerMH.vllm.log,EntropyCut,3181,2026-09-20 21:51:14,64.5,143.1,1,0,0.2,0.0,32.516666666666666,0.0,0,16
/Users/jiangnanhugo/workspace/power-sharpening/Subtree-Prefetching-Power-Sharpening/case_studies/logs-entropycut/lcb_v6/2026-09-20/vllm/dataset-lcb_v6.model-qwen3.5-4b.alpha4.0.steps100.blocks-1.cut-entropy4.0.samples20.maxnew1024.seed10086.powerMH.vllm.log,EntropyCut,3190,2026-09-20 21:51:24,53.3,144.9,1,0,0.2,0.0,32.68333333333333,0.0,0,16
/Users/jiangnanhugo/workspace/power-sharpening/Subtree-Prefetching-Power-Sharpening/case_studies/logs-entropycut/lcb_v6/2026-09-20/vllm/dataset-lcb_v6.model-qwen3.5-4b.alpha4.0.steps100.blocks-1.cut-entropy4.0.samples20.maxnew1024.seed10086.powerMH.vllm.log,EntropyCut,3199,2026-09-20 21:51:34,31.1,143.6,1,0,0.2,0.0,32.85,0.0,0,16
/Users/jiangnanhugo/workspace/power-sharpening/Subtree-Prefetching-Power-Sharpening/case_studies/logs-entropycut/lcb_v6/2026-09-20/vllm/dataset-lcb_v6.model-qwen3.5-4b.alpha4.0.steps100.blocks-1.cut-entropy4.0.samples20.maxnew1024.seed10086.powerMH.vllm.log,EntropyCut,3208,2026-09-20 21:51:44,59.1,144.2,1,0,0.3,0.0,33.016666666666666,0.0,0,16
/Users/jiangnanhugo/workspace/power-sharpening/Subtree-Prefetching-Power-Sharpening/case_studies/logs-entropycut/lcb_v6/2026-09-20/vllm/dataset-lcb_v6.model-qwen3.5-4b.alpha4.0.steps100.blocks-1.cut-entropy4.0.samples20.maxnew1024.seed10086.powerMH.vllm.log,EntropyCut,3221,2026-09-20 21:51:54,71.3,142.9,1,0,0.2,0.0,33.18333333333333,0.0,0,16
/Users/jiangnanhugo/workspace/power-sharpening/Subtree-Prefetching-Power-Sharpening/case_studies/logs-entropycut/lcb_v6/2026-09-20/vllm/dataset-lcb_v6.model-qwen3.5-4b.alpha4.0.steps100.blocks-1.cut-entropy4.0.samples20.maxnew1024.seed10086.powerMH.vllm.log,EntropyCut,3230,2026-09-20 21:52:04,36.5,144.4,1,0,0.3,0.0,33.35,0.0,0,16
/Users/jiangnanhugo/workspace/power-sharpening/Subtree-Prefetching-Power-Sharpening/case_studies/logs-entropycut/lcb_v6/2026-09-20/vllm/dataset-lcb_v6.model-qwen3.5-4b.alpha4.0.steps100.blocks-1.cut-entropy4.0.samples20.maxnew1024.seed10086.powerMH.vllm.log,EntropyCut,3239,2026-09-20 21:52:14,65.5,144.8,1,0,0.3,0.0,33.516666666666666,0.0,0,16
/Users/jiangnanhugo/workspace/power-sharpening/Subtree-Prefetching-Power-Sharpening/case_studies/logs-entropycut/lcb_v6/2026-09-20/vllm/dataset-lcb_v6.model-qwen3.5-4b.alpha4.0.steps100.blocks-1.cut-entropy4.0.samples20.maxnew1024.seed10086.powerMH.vllm.log,EntropyCut,3248,2026-09-20 21:52:24,24.8,144.2,1,0,0.2,0.0,33.68333333333333,0.0,0,12
/Users/jiangnanhugo/workspace/power-sharpening/Subtree-Prefetching-Power-Sharpening/case_studies/logs-entropycut/lcb_v6/2026-09-20/vllm/dataset-lcb_v6.model-qwen3.5-4b.alpha4.0.steps100.blocks-1.cut-entropy4.0.samples20.maxnew1024.seed10086.powerMH.vllm.log,EntropyCut,3269,2026-09-20 21:52:34,156.0,140.9,1,0,0.2,0.0,33.85,0.0,0,24
/Users/jiangnanhugo/workspace/power-sharpening/Subtree-Prefetching-Power-Sharpening/case_studies/logs-entropycut/lcb_v6/2026-09-20/vllm/dataset-lcb_v6.model-qwen3.5-4b.alpha4.0.steps100.blocks-1.cut-entropy4.0.samples20.maxnew1024.seed10086.powerMH.vllm.log,EntropyCut,3282,2026-09-20 21:52:44,103.2,143.6,1,0,0.2,0.0,34.016666666666666,0.0,0,20
/Users/jiangnanhugo/workspace/power-sharpening/Subtree-Prefetching-Power-Sharpening/case_studies/logs-entropycut/lcb_v6/2026-09-20/vllm/dataset-lcb_v6.model-qwen3.5-4b.alpha4.0.steps100.blocks-1.cut-entropy4.0.samples20.maxnew1024.seed10086.powerMH.vllm.log,EntropyCut,3299,2026-09-20 21:52:54,106.0,141.3,1,0,0.2,0.0,34.18333333333333,0.0,0,20
/Users/jiangnanhugo/workspace/power-sharpening/Subtree-Prefetching-Power-Sharpening/case_studies/logs-entropycut/lcb_v6/2026-09-20/vllm/dataset-lcb_v6.model-qwen3.5-4b.alpha4.0.steps100.blocks-1.cut-entropy4.0.samples20.maxnew1024.seed10086.powerMH.vllm.log,EntropyCut,3312,2026-09-20 21:53:04,72.4,143.0,1,0,0.2,0.0,34.35,0.0,0,16
/Users/jiangnanhugo/workspace/power-sharpening/Subtree-Prefetching-Power-Sharpening/case_studies/logs-entropycut/lcb_v6/2026-09-20/vllm/dataset-lcb_v6.model-qwen3.5-4b.alpha4.0.steps100.blocks-1.cut-entropy4.0.samples20.maxnew1024.seed10086.powerMH.vllm.log,EntropyCut,3321,2026-09-20 21:53:14,31.3,144.8,1,0,0.3,0.0,34.516666666666666,0.0,0,16
/Users/jiangnanhugo/workspace/power-sharpening/Subtree-Prefetching-Power-Sharpening/case_studies/logs-entropycut/lcb_v6/2026-09-20/vllm/dataset-lcb_v6.model-qwen3.5-4b.alpha4.0.steps100.blocks-1.cut-entropy4.0.samples20.maxnew1024.seed10086.powerMH.vllm.log,EntropyCut,3342,2026-09-20 21:53:24,177.9,140.4,1,0,0.2,0.0,34.68333333333333,0.0,0,24
/Users/jiangnanhugo/workspace/power-sharpening/Subtree-Prefetching-Power-Sharpening/case_studies/logs-entropycut/lcb_v6/2026-09-20/vllm/dataset-lcb_v6.model-qwen3.5-4b.alpha4.0.steps100.blocks-1.cut-entropy4.0.samples20.maxnew1024.seed10086.powerMH.vllm.log,EntropyCut,3514,2026-09-20 21:53:34,183.4,139.5,1,0,0.2,0.0,34.85,0.0,0,25
/Users/jiangnanhugo/workspace/power-sharpening/Subtree-Prefetching-Power-Sharpening/case_studies/logs-entropycut/lcb_v6/2026-09-20/vllm/dataset-lcb_v6.model-qwen3.5-4b.alpha4.0.steps100.blocks-1.cut-entropy4.0.samples20.maxnew1024.seed10086.powerMH.vllm.log,EntropyCut,3518,2026-09-20 21:53:44,34.1,145.4,1,0,0.3,0.0,35.016666666666666,0.0,0,16
/Users/jiangnanhugo/workspace/power-sharpening/Subtree-Prefetching-Power-Sharpening/case_studies/logs-entropycut/lcb_v6/2026-09-20/vllm/dataset-lcb_v6.model-qwen3.5-4b.alpha4.0.steps100.blocks-1.cut-entropy4.0.samples20.maxnew1024.seed10086.powerMH.vllm.log,EntropyCut,3531,2026-09-20 21:53:54,41.3,141.7,1,0,0.2,0.0,35.18333333333333,0.0,0,24
/Users/jiangnanhugo/workspace/power-sharpening/Subtree-Prefetching-Power-Sharpening/case_studies/logs-entropycut/lcb_v6/2026-09-20/vllm/dataset-lcb_v6.model-qwen3.5-4b.alpha4.0.steps100.blocks-1.cut-entropy4.0.samples20.maxnew1024.seed10086.powerMH.vllm.log,EntropyCut,3544,2026-09-20 21:54:04,89.6,142.6,1,0,0.2,0.0,35.35,0.0,0,28
/Users/jiangnanhugo/workspace/power-sharpening/Subtree-Prefetching-Power-Sharpening/case_studies/logs-entropycut/lcb_v6/2026-09-20/vllm/dataset-lcb_v6.model-qwen3.5-4b.alpha4.0.steps100.blocks-1.cut-entropy4.0.samples20.maxnew1024.seed10086.powerMH.vllm.log,EntropyCut,3553,2026-09-20 21:54:14,60.5,144.0,1,0,0.3,0.0,35.516666666666666,0.0,0,24
/Users/jiangnanhugo/workspace/power-sharpening/Subtree-Prefetching-Power-Sharpening/case_studies/logs-entropycut/lcb_v6/2026-09-20/vllm/dataset-lcb_v6.model-qwen3.5-4b.alpha4.0.steps100.blocks-1.cut-entropy4.0.samples20.maxnew1024.seed10086.powerMH.vllm.log,EntropyCut,3566,2026-09-20 21:54:24,69.1,143.5,1,0,0.4,0.0,35.68333333333333,0.0,0,28
/Users/jiangnanhugo/workspace/power-sharpening/Subtree-Prefetching-Power-Sharpening/case_studies/logs-entropycut/lcb_v6/2026-09-20/vllm/dataset-lcb_v6.model-qwen3.5-4b.alpha4.0.steps100.blocks-1.cut-entropy4.0.samples20.maxnew1024.seed10086.powerMH.vllm.log,EntropyCut,3579,2026-09-20 21:54:34,107.6,143.3,1,0,0.3,0.0,35.85,0.0,0,28
/Users/jiangnanhugo/workspace/power-sharpening/Subtree-Prefetching-Power-Sharpening/case_studies/logs-entropycut/lcb_v6/2026-09-20/vllm/dataset-lcb_v6.model-qwen3.5-4b.alpha4.0.steps100.blocks-1.cut-entropy4.0.samples20.maxnew1024.seed10086.powerMH.vllm.log,EntropyCut,3592,2026-09-20 21:54:44,82.9,143.0,1,0,0.3,0.0,36.016666666666666,0.0,0,28
/Users/jiangnanhugo/workspace/power-sharpening/Subtree-Prefetching-Power-Sharpening/case_studies/logs-entropycut/lcb_v6/2026-09-20/vllm/dataset-lcb_v6.model-qwen3.5-4b.alpha4.0.steps100.blocks-1.cut-entropy4.0.samples20.maxnew1024.seed10086.powerMH.vllm.log,EntropyCut,3609,2026-09-20 21:54:54,113.6,141.4,1,0,0.2,0.0,36.18333333333333,0.0,0,32
/Users/jiangnanhugo/workspace/power-sharpening/Subtree-Prefetching-Power-Sharpening/case_studies/logs-entropycut/lcb_v6/2026-09-20/vllm/dataset-lcb_v6.model-qwen3.5-4b.alpha4.0.steps100.blocks-1.cut-entropy4.0.samples20.maxnew1024.seed10086.powerMH.vllm.log,EntropyCut,3614,2026-09-20 21:55:04,21.7,145.1,1,0,0.3,0.0,36.35,0.0,0,16
/Users/jiangnanhugo/workspace/power-sharpening/Subtree-Prefetching-Power-Sharpening/case_studies/logs-entropycut/lcb_v6/2026-09-20/vllm/dataset-lcb_v6.model-qwen3.5-4b.alpha4.0.steps100.blocks-1.cut-entropy4.0.samples20.maxnew1024.seed10086.powerMH.vllm.log,EntropyCut,3627,2026-09-20 21:55:14,65.2,143.3,1,0,0.2,0.0,36.516666666666666,0.0,0,28
/Users/jiangnanhugo/workspace/power-sharpening/Subtree-Prefetching-Power-Sharpening/case_studies/logs-entropycut/lcb_v6/2026-09-20/vllm/dataset-lcb_v6.model-qwen3.5-4b.alpha4.0.steps100.blocks-1.cut-entropy4.0.samples20.maxnew1024.seed10086.powerMH.vllm.log,EntropyCut,3636,2026-09-20 21:55:24,61.2,143.8,1,0,0.2,0.0,36.68333333333333,0.0,0,20
/Users/jiangnanhugo/workspace/power-sharpening/Subtree-Prefetching-Power-Sharpening/case_studies/logs-entropycut/lcb_v6/2026-09-20/vllm/dataset-lcb_v6.model-qwen3.5-4b.alpha4.0.steps100.blocks-1.cut-entropy4.0.samples20.maxnew1024.seed10086.powerMH.vllm.log,EntropyCut,3649,2026-09-20 21:55:34,38.6,142.7,1,0,0.3,0.0,36.85,0.0,0,28
/Users/jiangnanhugo/workspace/power-sharpening/Subtree-Prefetching-Power-Sharpening/case_studies/logs-entropycut/lcb_v6/2026-09-20/vllm/dataset-lcb_v6.model-qwen3.5-4b.alpha4.0.steps100.blocks-1.cut-entropy4.0.samples20.maxnew1024.seed10086.powerMH.vllm.log,EntropyCut,3666,2026-09-20 21:55:44,43.8,140.3,1,0,0.3,0.0,37.016666666666666,0.0,0,28
/Users/jiangnanhugo/workspace/power-sharpening/Subtree-Prefetching-Power-Sharpening/case_studies/logs-entropycut/lcb_v6/2026-09-20/vllm/dataset-lcb_v6.model-qwen3.5-4b.alpha4.0.steps100.blocks-1.cut-entropy4.0.samples20.maxnew1024.seed10086.powerMH.vllm.log,EntropyCut,3683,2026-09-20 21:55:54,73.7,140.7,1,0,0.3,0.0,37.18333333333333,0.0,0,28
/Users/jiangnanhugo/workspace/power-sharpening/Subtree-Prefetching-Power-Sharpening/case_studies/logs-entropycut/lcb_v6/2026-09-20/vllm/dataset-lcb_v6.model-qwen3.5-4b.alpha4.0.steps100.blocks-1.cut-entropy4.0.samples20.maxnew1024.seed10086.powerMH.vllm.log,EntropyCut,3692,2026-09-20 21:56:04,25.8,143.7,1,0,0.3,0.0,37.35,0.0,0,20
/Users/jiangnanhugo/workspace/power-sharpening/Subtree-Prefetching-Power-Sharpening/case_studies/logs-entropycut/lcb_v6/2026-09-20/vllm/dataset-lcb_v6.model-qwen3.5-4b.alpha4.0.steps100.blocks-1.cut-entropy4.0.samples20.maxnew1024.seed10086.powerMH.vllm.log,EntropyCut,3709,2026-09-20 21:56:14,29.7,141.0,1,0,0.2,0.0,37.516666666666666,0.0,0,28
/Users/jiangnanhugo/workspace/power-sharpening/Subtree-Prefetching-Power-Sharpening/case_studies/logs-entropycut/lcb_v6/2026-09-20/vllm/dataset-lcb_v6.model-qwen3.5-4b.alpha4.0.steps100.blocks-1.cut-entropy4.0.samples20.maxnew1024.seed10086.powerMH.vllm.log,EntropyCut,3714,2026-09-20 21:56:24,45.9,145.4,1,0,0.3,0.0,37.68333333333333,0.0,0,16
/Users/jiangnanhugo/workspace/power-sharpening/Subtree-Prefetching-Power-Sharpening/case_studies/logs-entropycut/lcb_v6/2026-09-20/vllm/dataset-lcb_v6.model-qwen3.5-4b.alpha4.0.steps100.blocks-1.cut-entropy4.0.samples20.maxnew1024.seed10086.powerMH.vllm.log,EntropyCut,3727,2026-09-20 21:56:34,69.3,142.2,1,0,0.2,0.0,37.85,0.0,0,28
/Users/jiangnanhugo/workspace/power-sharpening/Subtree-Prefetching-Power-Sharpening/case_studies/logs-entropycut/lcb_v6/2026-09-20/vllm/dataset-lcb_v6.model-qwen3.5-4b.alpha4.0.steps100.blocks-1.cut-entropy4.0.samples20.maxnew1024.seed10086.powerMH.vllm.log,EntropyCut,3736,2026-09-20 21:56:44,31.3,142.8,1,0,0.3,0.0,38.016666666666666,0.0,0,20
/Users/jiangnanhugo/workspace/power-sharpening/Subtree-Prefetching-Power-Sharpening/case_studies/logs-entropycut/lcb_v6/2026-09-20/vllm/dataset-lcb_v6.model-qwen3.5-4b.alpha4.0.steps100.blocks-1.cut-entropy4.0.samples20.maxnew1024.seed10086.powerMH.vllm.log,EntropyCut,3745,2026-09-20 21:56:54,52.2,143.0,1,0,0.3,0.0,38.18333333333333,0.0,0,24
/Users/jiangnanhugo/workspace/power-sharpening/Subtree-Prefetching-Power-Sharpening/case_studies/logs-entropycut/lcb_v6/2026-09-20/vllm/dataset-lcb_v6.model-qwen3.5-4b.alpha4.0.steps100.blocks-1.cut-entropy4.0.samples20.maxnew1024.seed10086.powerMH.vllm.log,EntropyCut,3754,2026-09-20 21:57:04,13.1,143.0,1,0,0.2,0.0,38.35,0.0,0,16
/Users/jiangnanhugo/workspace/power-sharpening/Subtree-Prefetching-Power-Sharpening/case_studies/logs-entropycut/lcb_v6/2026-09-20/vllm/dataset-lcb_v6.model-qwen3.5-4b.alpha4.0.steps100.blocks-1.cut-entropy4.0.samples20.maxnew1024.seed10086.powerMH.vllm.log,EntropyCut,3771,2026-09-20 21:57:14,43.6,141.6,1,0,0.2,0.0,38.516666666666666,0.0,0,28
/Users/jiangnanhugo/workspace/power-sharpening/Subtree-Prefetching-Power-Sharpening/case_studies/logs-entropycut/lcb_v6/2026-09-20/vllm/dataset-lcb_v6.model-qwen3.5-4b.alpha4.0.steps100.blocks-1.cut-entropy4.0.samples20.maxnew1024.seed10086.powerMH.vllm.log,EntropyCut,3788,2026-09-20 21:57:24,30.9,141.1,1,0,0.2,0.0,38.68333333333333,0.0,0,28
/Users/jiangnanhugo/workspace/power-sharpening/Subtree-Prefetching-Power-Sharpening/case_studies/logs-entropycut/lcb_v6/2026-09-20/vllm/dataset-lcb_v6.model-qwen3.5-4b.alpha4.0.steps100.blocks-1.cut-entropy4.0.samples20.maxnew1024.seed10086.powerMH.vllm.log,EntropyCut,3797,2026-09-20 21:57:34,34.3,144.8,1,0,0.2,0.0,38.85,0.0,0,20
/Users/jiangnanhugo/workspace/power-sharpening/Subtree-Prefetching-Power-Sharpening/case_studies/logs-entropycut/lcb_v6/2026-09-20/vllm/dataset-lcb_v6.model-qwen3.5-4b.alpha4.0.steps100.blocks-1.cut-entropy4.0.samples20.maxnew1024.seed10086.powerMH.vllm.log,EntropyCut,3810,2026-09-20 21:57:44,72.6,142.7,1,0,0.2,0.0,39.016666666666666,0.0,0,28
/Users/jiangnanhugo/workspace/power-sharpening/Subtree-Prefetching-Power-Sharpening/case_studies/logs-entropycut/lcb_v6/2026-09-20/vllm/dataset-lcb_v6.model-qwen3.5-4b.alpha4.0.steps100.blocks-1.cut-entropy4.0.samples20.maxnew1024.seed10086.powerMH.vllm.log,EntropyCut,3815,2026-09-20 21:57:54,47.5,145.4,1,0,0.4,0.0,39.18333333333333,0.0,0,20
/Users/jiangnanhugo/workspace/power-sharpening/Subtree-Prefetching-Power-Sharpening/case_studies/logs-entropycut/lcb_v6/2026-09-20/vllm/dataset-lcb_v6.model-qwen3.5-4b.alpha4.0.steps100.blocks-1.cut-entropy4.0.samples20.maxnew1024.seed10086.powerMH.vllm.log,EntropyCut,3828,2026-09-20 21:58:04,23.3,143.5,1,0,0.2,0.0,39.35,0.0,0,20
/Users/jiangnanhugo/workspace/power-sharpening/Subtree-Prefetching-Power-Sharpening/case_studies/logs-entropycut/lcb_v6/2026-09-20/vllm/dataset-lcb_v6.model-qwen3.5-4b.alpha4.0.steps100.blocks-1.cut-entropy4.0.samples20.maxnew1024.seed10086.powerMH.vllm.log,EntropyCut,3845,2026-09-20 21:58:14,104.2,141.7,1,0,0.2,0.0,39.516666666666666,0.0,0,36
/Users/jiangnanhugo/workspace/power-sharpening/Subtree-Prefetching-Power-Sharpening/case_studies/logs-entropycut/lcb_v6/2026-09-20/vllm/dataset-lcb_v6.model-qwen3.5-4b.alpha4.0.steps100.blocks-1.cut-entropy4.0.samples20.maxnew1024.seed10086.powerMH.vllm.log,EntropyCut,3858,2026-09-20 21:58:24,56.9,142.5,1,0,0.3,0.0,39.68333333333333,0.0,0,24
/Users/jiangnanhugo/workspace/power-sharpening/Subtree-Prefetching-Power-Sharpening/case_studies/logs-entropycut/lcb_v6/2026-09-20/vllm/dataset-lcb_v6.model-qwen3.5-4b.alpha4.0.steps100.blocks-1.cut-entropy4.0.samples20.maxnew1024.seed10086.powerMH.vllm.log,EntropyCut,3879,2026-09-20 21:58:34,91.8,139.8,1,0,0.2,0.0,39.85,0.0,0,36
/Users/jiangnanhugo/workspace/power-sharpening/Subtree-Prefetching-Power-Sharpening/case_studies/logs-entropycut/lcb_v6/2026-09-20/vllm/dataset-lcb_v6.model-qwen3.5-4b.alpha4.0.steps100.blocks-1.cut-entropy4.0.samples20.maxnew1024.seed10086.powerMH.vllm.log,EntropyCut,3884,2026-09-20 21:58:44,45.9,146.4,1,0,0.3,0.0,40.016666666666666,0.0,0,16
/Users/jiangnanhugo/workspace/power-sharpening/Subtree-Prefetching-Power-Sharpening/case_studies/logs-entropycut/lcb_v6/2026-09-20/vllm/dataset-lcb_v6.model-qwen3.5-4b.alpha4.0.steps100.blocks-1.cut-entropy4.0.samples20.maxnew1024.seed10086.powerMH.vllm.log,EntropyCut,3893,2026-09-20 21:58:54,38.4,144.1,1,0,0.3,0.0,40.18333333333333,0.0,0,24
/Users/jiangnanhugo/workspace/power-sharpening/Subtree-Prefetching-Power-Sharpening/case_studies/logs-entropycut/lcb_v6/2026-09-20/vllm/dataset-lcb_v6.model-qwen3.5-4b.alpha4.0.steps100.blocks-1.cut-entropy4.0.samples20.maxnew1024.seed10086.powerMH.vllm.log,EntropyCut,3906,2026-09-20 21:59:04,109.0,143.0,1,0,0.3,0.0,40.35,0.0,0,28
/Users/jiangnanhugo/workspace/power-sharpening/Subtree-Prefetching-Power-Sharpening/case_studies/logs-entropycut/lcb_v6/2026-09-20/vllm/dataset-lcb_v6.model-qwen3.5-4b.alpha4.0.steps100.blocks-1.cut-entropy4.0.samples20.maxnew1024.seed10086.powerMH.vllm.log,EntropyCut,3927,2026-09-20 21:59:14,116.4,140.0,1,0,0.2,0.0,40.516666666666666,0.0,0,36
/Users/jiangnanhugo/workspace/power-sharpening/Subtree-Prefetching-Power-Sharpening/case_studies/logs-entropycut/lcb_v6/2026-09-20/vllm/dataset-lcb_v6.model-qwen3.5-4b.alpha4.0.steps100.blocks-1.cut-entropy4.0.samples20.maxnew1024.seed10086.powerMH.vllm.log,EntropyCut,3940,2026-09-20 21:59:24,72.1,142.6,1,0,0.2,0.0,40.68333333333333,0.0,0,28
/Users/jiangnanhugo/workspace/power-sharpening/Subtree-Prefetching-Power-Sharpening/case_studies/logs-entropycut/lcb_v6/2026-09-20/vllm/dataset-lcb_v6.model-qwen3.5-4b.alpha4.0.steps100.blocks-1.cut-entropy4.0.samples20.maxnew1024.seed10086.powerMH.vllm.log,EntropyCut,3949,2026-09-20 21:59:34,52.7,144.5,1,0,0.2,0.0,40.85,0.0,0,20
/Users/jiangnanhugo/workspace/power-sharpening/Subtree-Prefetching-Power-Sharpening/case_studies/logs-entropycut/lcb_v6/2026-09-20/vllm/dataset-lcb_v6.model-qwen3.5-4b.alpha4.0.steps100.blocks-1.cut-entropy4.0.samples20.maxnew1024.seed10086.powerMH.vllm.log,EntropyCut,4062,2026-09-20 21:59:44,94.4,142.9,1,0,0.3,0.0,41.016666666666666,0.0,0,28
/Users/jiangnanhugo/workspace/power-sharpening/Subtree-Prefetching-Power-Sharpening/case_studies/logs-entropycut/lcb_v6/2026-09-20/vllm/dataset-lcb_v6.model-qwen3.5-4b.alpha4.0.steps100.blocks-1.cut-entropy4.0.samples20.maxnew1024.seed10086.powerMH.vllm.log,EntropyCut,4075,2026-09-20 21:59:54,55.1,142.6,1,0,0.3,0.0,41.18333333333333,0.0,0,24
/Users/jiangnanhugo/workspace/power-sharpening/Subtree-Prefetching-Power-Sharpening/case_studies/logs-entropycut/lcb_v6/2026-09-20/vllm/dataset-lcb_v6.model-qwen3.5-4b.alpha4.0.steps100.blocks-1.cut-entropy4.0.samples20.maxnew1024.seed10086.powerMH.vllm.log,EntropyCut,4088,2026-09-20 22:00:04,90.1,142.0,1,0,0.2,0.0,41.35,0.0,0,24
/Users/jiangnanhugo/workspace/power-sharpening/Subtree-Prefetching-Power-Sharpening/case_studies/logs-entropycut/lcb_v6/2026-09-20/vllm/dataset-lcb_v6.model-qwen3.5-4b.alpha4.0.steps100.blocks-1.cut-entropy4.0.samples20.maxnew1024.seed10086.powerMH.vllm.log,EntropyCut,4101,2026-09-20 22:00:14,89.0,142.1,1,0,0.3,0.0,41.516666666666666,0.0,0,28
/Users/jiangnanhugo/workspace/power-sharpening/Subtree-Prefetching-Power-Sharpening/case_studies/logs-entropycut/lcb_v6/2026-09-20/vllm/dataset-lcb_v6.model-qwen3.5-4b.alpha4.0.steps100.blocks-1.cut-entropy4.0.samples20.maxnew1024.seed10086.powerMH.vllm.log,EntropyCut,4110,2026-09-20 22:00:24,40.7,144.7,1,0,0.2,0.0,41.68333333333333,0.0,0,20
/Users/jiangnanhugo/workspace/power-sharpening/Subtree-Prefetching-Power-Sharpening/case_studies/logs-entropycut/lcb_v6/2026-09-20/vllm/dataset-lcb_v6.model-qwen3.5-4b.alpha4.0.steps100.blocks-1.cut-entropy4.0.samples20.maxnew1024.seed10086.powerMH.vllm.log,EntropyCut,4119,2026-09-20 22:00:34,60.7,144.0,1,0,0.2,0.0,41.85,0.0,0,20
/Users/jiangnanhugo/workspace/power-sharpening/Subtree-Prefetching-Power-Sharpening/case_studies/logs-entropycut/lcb_v6/2026-09-20/vllm/dataset-lcb_v6.model-qwen3.5-4b.alpha4.0.steps100.blocks-1.cut-entropy4.0.samples20.maxnew1024.seed10086.powerMH.vllm.log,EntropyCut,4124,2026-09-20 22:00:44,31.0,145.9,1,0,0.3,0.0,42.016666666666666,0.0,0,16
/Users/jiangnanhugo/workspace/power-sharpening/Subtree-Prefetching-Power-Sharpening/case_studies/logs-entropycut/lcb_v6/2026-09-20/vllm/dataset-lcb_v6.model-qwen3.5-4b.alpha4.0.steps100.blocks-1.cut-entropy4.0.samples20.maxnew1024.seed10086.powerMH.vllm.log,EntropyCut,4137,2026-09-20 22:00:54,107.1,143.6,1,0,0.3,0.0,42.18333333333333,0.0,0,28
/Users/jiangnanhugo/workspace/power-sharpening/Subtree-Prefetching-Power-Sharpening/case_studies/logs-entropycut/lcb_v6/2026-09-20/vllm/dataset-lcb_v6.model-qwen3.5-4b.alpha4.0.steps100.blocks-1.cut-entropy4.0.samples20.maxnew1024.seed10086.powerMH.vllm.log,EntropyCut,4150,2026-09-20 22:01:04,111.1,142.6,1,0,0.3,0.0,42.35,0.0,0,32
/Users/jiangnanhugo/workspace/power-sharpening/Subtree-Prefetching-Power-Sharpening/case_studies/logs-entropycut/lcb_v6/2026-09-20/vllm/dataset-lcb_v6.model-qwen3.5-4b.alpha4.0.steps100.blocks-1.cut-entropy4.0.samples20.maxnew1024.seed10086.powerMH.vllm.log,EntropyCut,4163,2026-09-20 22:01:14,105.2,143.6,1,0,0.3,0.0,42.516666666666666,0.0,0,28
/Users/jiangnanhugo/workspace/power-sharpening/Subtree-Prefetching-Power-Sharpening/case_studies/logs-entropycut/lcb_v6/2026-09-20/vllm/dataset-lcb_v6.model-qwen3.5-4b.alpha4.0.steps100.blocks-1.cut-entropy4.0.samples20.maxnew1024.seed10086.powerMH.vllm.log,EntropyCut,4176,2026-09-20 22:01:24,39.0,142.5,1,0,0.2,0.0,42.68333333333333,0.0,0,20
/Users/jiangnanhugo/workspace/power-sharpening/Subtree-Prefetching-Power-Sharpening/case_studies/logs-entropycut/lcb_v6/2026-09-20/vllm/dataset-lcb_v6.model-qwen3.5-4b.alpha4.0.steps100.blocks-1.cut-entropy4.0.samples20.maxnew1024.seed10086.powerMH.vllm.log,EntropyCut,4185,2026-09-20 22:01:34,43.7,144.4,1,0,0.3,0.0,42.85,0.0,0,20
/Users/jiangnanhugo/workspace/power-sharpening/Subtree-Prefetching-Power-Sharpening/case_studies/logs-entropycut/lcb_v6/2026-09-20/vllm/dataset-lcb_v6.model-qwen3.5-4b.alpha4.0.steps100.blocks-1.cut-entropy4.0.samples20.maxnew1024.seed10086.powerMH.vllm.log,EntropyCut,4198,2026-09-20 22:01:44,78.2,144.0,1,0,0.3,0.0,43.016666666666666,0.0,0,28
/Users/jiangnanhugo/workspace/power-sharpening/Subtree-Prefetching-Power-Sharpening/case_studies/logs-entropycut/lcb_v6/2026-09-20/vllm/dataset-lcb_v6.model-qwen3.5-4b.alpha4.0.steps100.blocks-1.cut-entropy4.0.samples20.maxnew1024.seed10086.powerMH.vllm.log,EntropyCut,4203,2026-09-20 22:01:54,19.5,145.1,1,0,0.4,0.0,43.18333333333333,0.0,0,16
/Users/jiangnanhugo/workspace/power-sharpening/Subtree-Prefetching-Power-Sharpening/case_studies/logs-entropycut/lcb_v6/2026-09-20/vllm/dataset-lcb_v6.model-qwen3.5-4b.alpha4.0.steps100.blocks-1.cut-entropy4.0.samples20.maxnew1024.seed10086.powerMH.vllm.log,EntropyCut,4212,2026-09-20 22:02:04,75.8,144.4,1,0,0.3,0.0,43.35,0.0,0,20
/Users/jiangnanhugo/workspace/power-sharpening/Subtree-Prefetching-Power-Sharpening/case_studies/logs-entropycut/lcb_v6/2026-09-20/vllm/dataset-lcb_v6.model-qwen3.5-4b.alpha4.0.steps100.blocks-1.cut-entropy4.0.samples20.maxnew1024.seed10086.powerMH.vllm.log,EntropyCut,4225,2026-09-20 22:02:14,92.4,142.8,1,0,0.3,0.0,43.516666666666666,0.0,0,28
/Users/jiangnanhugo/workspace/power-sharpening/Subtree-Prefetching-Power-Sharpening/case_studies/logs-entropycut/lcb_v6/2026-09-20/vllm/dataset-lcb_v6.model-qwen3.5-4b.alpha4.0.steps100.blocks-1.cut-entropy4.0.samples20.maxnew1024.seed10086.powerMH.vllm.log,EntropyCut,4234,2026-09-20 22:02:24,75.7,144.8,1,0,0.3,0.0,43.68333333333333,0.0,0,24
/Users/jiangnanhugo/workspace/power-sharpening/Subtree-Prefetching-Power-Sharpening/case_studies/logs-entropycut/lcb_v6/2026-09-20/vllm/dataset-lcb_v6.model-qwen3.5-4b.alpha4.0.steps100.blocks-1.cut-entropy4.0.samples20.maxnew1024.seed10086.powerMH.vllm.log,EntropyCut,4255,2026-09-20 22:02:34,101.7,140.3,1,0,0.2,0.0,43.85,0.0,0,32
/Users/jiangnanhugo/workspace/power-sharpening/Subtree-Prefetching-Power-Sharpening/case_studies/logs-entropycut/lcb_v6/2026-09-20/vllm/dataset-lcb_v6.model-qwen3.5-4b.alpha4.0.steps100.blocks-1.cut-entropy4.0.samples20.maxnew1024.seed10086.powerMH.vllm.log,EntropyCut,4264,2026-09-20 22:02:44,87.4,143.6,1,0,0.3,0.0,44.016666666666666,0.0,0,24
/Users/jiangnanhugo/workspace/power-sharpening/Subtree-Prefetching-Power-Sharpening/case_studies/logs-entropycut/lcb_v6/2026-09-20/vllm/dataset-lcb_v6.model-qwen3.5-4b.alpha4.0.steps100.blocks-1.cut-entropy4.0.samples20.maxnew1024.seed10086.powerMH.vllm.log,EntropyCut,4277,2026-09-20 22:02:54,28.6,143.0,1,0,0.2,0.0,44.18333333333333,0.0,0,24
/Users/jiangnanhugo/workspace/power-sharpening/Subtree-Prefetching-Power-Sharpening/case_studies/logs-entropycut/lcb_v6/2026-09-20/vllm/dataset-lcb_v6.model-qwen3.5-4b.alpha4.0.steps100.blocks-1.cut-entropy4.0.samples20.maxnew1024.seed10086.powerMH.vllm.log,EntropyCut,4282,2026-09-20 22:03:04,29.4,146.7,1,0,0.4,0.0,44.35,0.0,0,16
/Users/jiangnanhugo/workspace/power-sharpening/Subtree-Prefetching-Power-Sharpening/case_studies/logs-entropycut/lcb_v6/2026-09-20/vllm/dataset-lcb_v6.model-qwen3.5-4b.alpha4.0.steps100.blocks-1.cut-entropy4.0.samples20.maxnew1024.seed10086.powerMH.vllm.log,EntropyCut,4307,2026-09-20 22:03:14,58.1,140.0,1,0,0.2,0.0,44.516666666666666,0.0,0,32
/Users/jiangnanhugo/workspace/power-sharpening/Subtree-Prefetching-Power-Sharpening/case_studies/logs-entropycut/lcb_v6/2026-09-20/vllm/dataset-lcb_v6.model-qwen3.5-4b.alpha4.0.steps100.blocks-1.cut-entropy4.0.samples20.maxnew1024.seed10086.powerMH.vllm.log,EntropyCut,4320,2026-09-20 22:03:24,41.6,142.7,1,0,0.2,0.0,44.68333333333333,0.0,0,24
/Users/jiangnanhugo/workspace/power-sharpening/Subtree-Prefetching-Power-Sharpening/case_studies/logs-entropycut/lcb_v6/2026-09-20/vllm/dataset-lcb_v6.model-qwen3.5-4b.alpha4.0.steps100.blocks-1.cut-entropy4.0.samples20.maxnew1024.seed10086.powerMH.vllm.log,EntropyCut,4329,2026-09-20 22:03:34,36.3,144.5,1,0,0.3,0.0,44.85,0.0,0,20
/Users/jiangnanhugo/workspace/power-sharpening/Subtree-Prefetching-Power-Sharpening/case_studies/logs-entropycut/lcb_v6/2026-09-20/vllm/dataset-lcb_v6.model-qwen3.5-4b.alpha4.0.steps100.blocks-1.cut-entropy4.0.samples20.maxnew1024.seed10086.powerMH.vllm.log,EntropyCut,4338,2026-09-20 22:03:44,20.2,143.0,1,0,0.3,0.0,45.016666666666666,0.0,0,16
/Users/jiangnanhugo/workspace/power-sharpening/Subtree-Prefetching-Power-Sharpening/case_studies/logs-entropycut/lcb_v6/2026-09-20/vllm/dataset-lcb_v6.model-qwen3.5-4b.alpha4.0.steps100.blocks-1.cut-entropy4.0.samples20.maxnew1024.seed10086.powerMH.vllm.log,EntropyCut,4359,2026-09-20 22:03:54,83.5,141.2,1,0,0.3,0.0,45.18333333333333,0.0,0,32
/Users/jiangnanhugo/workspace/power-sharpening/Subtree-Prefetching-Power-Sharpening/case_studies/logs-entropycut/lcb_v6/2026-09-20/vllm/dataset-lcb_v6.model-qwen3.5-4b.alpha4.0.steps100.blocks-1.cut-entropy4.0.samples20.maxnew1024.seed10086.powerMH.vllm.log,EntropyCut,4368,2026-09-20 22:04:04,48.9,144.2,1,0,0.2,0.0,45.35,0.0,0,20
/Users/jiangnanhugo/workspace/power-sharpening/Subtree-Prefetching-Power-Sharpening/case_studies/logs-entropycut/lcb_v6/2026-09-20/vllm/dataset-lcb_v6.model-qwen3.5-4b.alpha4.0.steps100.blocks-1.cut-entropy4.0.samples20.maxnew1024.seed10086.powerMH.vllm.log,EntropyCut,4381,2026-09-20 22:04:14,50.3,142.8,1,0,0.2,0.0,45.516666666666666,0.0,0,24
/Users/jiangnanhugo/workspace/power-sharpening/Subtree-Prefetching-Power-Sharpening/case_studies/logs-entropycut/lcb_v6/2026-09-20/vllm/dataset-lcb_v6.model-qwen3.5-4b.alpha4.0.steps100.blocks-1.cut-entropy4.0.samples20.maxnew1024.seed10086.powerMH.vllm.log,EntropyCut,4394,2026-09-20 22:04:24,66.5,143.0,1,0,0.3,0.0,45.68333333333333,0.0,0,28
/Users/jiangnanhugo/workspace/power-sharpening/Subtree-Prefetching-Power-Sharpening/case_studies/logs-entropycut/lcb_v6/2026-09-20/vllm/dataset-lcb_v6.model-qwen3.5-4b.alpha4.0.steps100.blocks-1.cut-entropy4.0.samples20.maxnew1024.seed10086.powerMH.vllm.log,EntropyCut,4407,2026-09-20 22:04:34,62.5,143.0,1,0,0.3,0.0,45.85,0.0,0,24
/Users/jiangnanhugo/workspace/power-sharpening/Subtree-Prefetching-Power-Sharpening/case_studies/logs-entropycut/lcb_v6/2026-09-20/vllm/dataset-lcb_v6.model-qwen3.5-4b.alpha4.0.steps100.blocks-1.cut-entropy4.0.samples20.maxnew1024.seed10086.powerMH.vllm.log,EntropyCut,4416,2026-09-20 22:04:44,78.2,144.4,1,0,0.2,0.0,46.016666666666666,0.0,0,20
/Users/jiangnanhugo/workspace/power-sharpening/Subtree-Prefetching-Power-Sharpening/case_studies/logs-entropycut/lcb_v6/2026-09-20/vllm/dataset-lcb_v6.model-qwen3.5-4b.alpha4.0.steps100.blocks-1.cut-entropy4.0.samples20.maxnew1024.seed10086.powerMH.vllm.log,EntropyCut,4429,2026-09-20 22:04:54,63.8,142.9,1,0,0.3,0.0,46.18333333333333,0.0,0,28
/Users/jiangnanhugo/workspace/power-sharpening/Subtree-Prefetching-Power-Sharpening/case_studies/logs-entropycut/lcb_v6/2026-09-20/vllm/dataset-lcb_v6.model-qwen3.5-4b.alpha4.0.steps100.blocks-1.cut-entropy4.0.samples20.maxnew1024.seed10086.powerMH.vllm.log,EntropyCut,4438,2026-09-20 22:05:04,68.1,143.3,1,0,0.3,0.0,46.35,0.0,0,20
/Users/jiangnanhugo/workspace/power-sharpening/Subtree-Prefetching-Power-Sharpening/case_studies/logs-entropycut/lcb_v6/2026-09-20/vllm/dataset-lcb_v6.model-qwen3.5-4b.alpha4.0.steps100.blocks-1.cut-entropy4.0.samples20.maxnew1024.seed10086.powerMH.vllm.log,EntropyCut,4451,2026-09-20 22:05:14,19.1,143.5,1,0,0.3,0.0,46.516666666666666,0.0,0,24
/Users/jiangnanhugo/workspace/power-sharpening/Subtree-Prefetching-Power-Sharpening/case_studies/logs-entropycut/lcb_v6/2026-09-20/vllm/dataset-lcb_v6.model-qwen3.5-4b.alpha4.0.steps100.blocks-1.cut-entropy4.0.samples20.maxnew1024.seed10086.powerMH.vllm.log,EntropyCut,4472,2026-09-20 22:05:24,89.9,140.5,1,0,0.3,0.0,46.68333333333333,0.0,0,32
/Users/jiangnanhugo/workspace/power-sharpening/Subtree-Prefetching-Power-Sharpening/case_studies/logs-entropycut/lcb_v6/2026-09-20/vllm/dataset-lcb_v6.model-qwen3.5-4b.alpha4.0.steps100.blocks-1.cut-entropy4.0.samples20.maxnew1024.seed10086.powerMH.vllm.log,EntropyCut,4489,2026-09-20 22:05:34,69.8,142.2,1,0,0.3,0.0,46.85,0.0,0,28
/Users/jiangnanhugo/workspace/power-sharpening/Subtree-Prefetching-Power-Sharpening/case_studies/logs-entropycut/lcb_v6/2026-09-20/vllm/dataset-lcb_v6.model-qwen3.5-4b.alpha4.0.steps100.blocks-1.cut-entropy4.0.samples20.maxnew1024.seed10086.powerMH.vllm.log,EntropyCut,4594,2026-09-20 22:05:44,37.0,143.1,1,0,0.3,0.0,47.016666666666666,0.0,0,20
/Users/jiangnanhugo/workspace/power-sharpening/Subtree-Prefetching-Power-Sharpening/case_studies/logs-entropycut/lcb_v6/2026-09-20/vllm/dataset-lcb_v6.model-qwen3.5-4b.alpha4.0.steps100.blocks-1.cut-entropy4.0.samples20.maxnew1024.seed10086.powerMH.vllm.log,EntropyCut,4602,2026-09-20 22:05:54,19.6,145.1,1,0,0.3,0.0,47.18333333333333,0.0,0,16
/Users/jiangnanhugo/workspace/power-sharpening/Subtree-Prefetching-Power-Sharpening/case_studies/logs-entropycut/lcb_v6/2026-09-20/vllm/dataset-lcb_v6.model-qwen3.5-4b.alpha4.0.steps100.blocks-1.cut-entropy4.0.samples20.maxnew1024.seed10086.powerMH.vllm.log,EntropyCut,4619,2026-09-20 22:06:04,90.1,142.8,1,0,0.2,0.0,47.35,0.0,0,24
/Users/jiangnanhugo/workspace/power-sharpening/Subtree-Prefetching-Power-Sharpening/case_studies/logs-entropycut/lcb_v6/2026-09-20/vllm/dataset-lcb_v6.model-qwen3.5-4b.alpha4.0.steps100.blocks-1.cut-entropy4.0.samples20.maxnew1024.seed10086.powerMH.vllm.log,EntropyCut,4636,2026-09-20 22:06:14,58.7,141.9,1,0,0.2,0.0,47.516666666666666,0.0,0,24
/Users/jiangnanhugo/workspace/power-sharpening/Subtree-Prefetching-Power-Sharpening/case_studies/logs-entropycut/lcb_v6/2026-09-20/vllm/dataset-lcb_v6.model-qwen3.5-4b.alpha4.0.steps100.blocks-1.cut-entropy4.0.samples20.maxnew1024.seed10086.powerMH.vllm.log,EntropyCut,4649,2026-09-20 22:06:24,52.7,144.2,1,0,0.2,0.0,47.68333333333333,0.0,0,20
/Users/jiangnanhugo/workspace/power-sharpening/Subtree-Prefetching-Power-Sharpening/case_studies/logs-entropycut/lcb_v6/2026-09-20/vllm/dataset-lcb_v6.model-qwen3.5-4b.alpha4.0.steps100.blocks-1.cut-entropy4.0.samples20.maxnew1024.seed10086.powerMH.vllm.log,EntropyCut,4662,2026-09-20 22:06:34,25.2,142.5,1,0,0.2,0.0,47.85,0.0,0,20
/Users/jiangnanhugo/workspace/power-sharpening/Subtree-Prefetching-Power-Sharpening/case_studies/logs-entropycut/lcb_v6/2026-09-20/vllm/dataset-lcb_v6.model-qwen3.5-4b.alpha4.0.steps100.blocks-1.cut-entropy4.0.samples20.maxnew1024.seed10086.powerMH.vllm.log,EntropyCut,4671,2026-09-20 22:06:44,33.5,143.4,1,0,0.2,0.0,48.016666666666666,0.0,0,16
/Users/jiangnanhugo/workspace/power-sharpening/Subtree-Prefetching-Power-Sharpening/case_studies/logs-entropycut/lcb_v6/2026-09-20/vllm/dataset-lcb_v6.model-qwen3.5-4b.alpha4.0.steps100.blocks-1.cut-entropy4.0.samples20.maxnew1024.seed10086.powerMH.vllm.log,EntropyCut,4684,2026-09-20 22:06:54,77.9,142.8,1,0,0.2,0.0,48.18333333333333,0.0,0,24
/Users/jiangnanhugo/workspace/power-sharpening/Subtree-Prefetching-Power-Sharpening/case_studies/logs-entropycut/lcb_v6/2026-09-20/vllm/dataset-lcb_v6.model-qwen3.5-4b.alpha4.0.steps100.blocks-1.cut-entropy4.0.samples20.maxnew1024.seed10086.powerMH.vllm.log,EntropyCut,4697,2026-09-20 22:07:04,47.9,143.7,1,0,0.2,0.0,48.35,0.0,0,20
/Users/jiangnanhugo/workspace/power-sharpening/Subtree-Prefetching-Power-Sharpening/case_studies/logs-entropycut/lcb_v6/2026-09-20/vllm/dataset-lcb_v6.model-qwen3.5-4b.alpha4.0.steps100.blocks-1.cut-entropy4.0.samples20.maxnew1024.seed10086.powerMH.vllm.log,EntropyCut,4706,2026-09-20 22:07:14,12.6,144.3,1,0,0.2,0.0,48.516666666666666,0.0,0,16
/Users/jiangnanhugo/workspace/power-sharpening/Subtree-Prefetching-Power-Sharpening/case_studies/logs-entropycut/lcb_v6/2026-09-20/vllm/dataset-lcb_v6.model-qwen3.5-4b.alpha4.0.steps100.blocks-1.cut-entropy4.0.samples20.maxnew1024.seed10086.powerMH.vllm.log,EntropyCut,4719,2026-09-20 22:07:24,42.6,143.0,1,0,0.2,0.0,48.68333333333333,0.0,0,20
/Users/jiangnanhugo/workspace/power-sharpening/Subtree-Prefetching-Power-Sharpening/case_studies/logs-entropycut/lcb_v6/2026-09-20/vllm/dataset-lcb_v6.model-qwen3.5-4b.alpha4.0.steps100.blocks-1.cut-entropy4.0.samples20.maxnew1024.seed10086.powerMH.vllm.log,EntropyCut,4728,2026-09-20 22:07:34,21.2,144.1,1,0,0.2,0.0,48.85,0.0,0,16
/Users/jiangnanhugo/workspace/power-sharpening/Subtree-Prefetching-Power-Sharpening/case_studies/logs-entropycut/lcb_v6/2026-09-20/vllm/dataset-lcb_v6.model-qwen3.5-4b.alpha4.0.steps100.blocks-1.cut-entropy4.0.samples20.maxnew1024.seed10086.powerMH.vllm.log,EntropyCut,4737,2026-09-20 22:07:44,38.2,143.3,1,0,0.1,0.0,49.016666666666666,0.0,0,16
/Users/jiangnanhugo/workspace/power-sharpening/Subtree-Prefetching-Power-Sharpening/case_studies/logs-entropycut/lcb_v6/2026-09-20/vllm/dataset-lcb_v6.model-qwen3.5-4b.alpha4.0.steps100.blocks-1.cut-entropy4.0.samples20.maxnew1024.seed10086.powerMH.vllm.log,EntropyCut,4746,2026-09-20 22:07:54,27.2,143.3,1,0,0.3,0.0,49.18333333333333,0.0,0,20
/Users/jiangnanhugo/workspace/power-sharpening/Subtree-Prefetching-Power-Sharpening/case_studies/logs-entropycut/lcb_v6/2026-09-20/vllm/dataset-lcb_v6.model-qwen3.5-4b.alpha4.0.steps100.blocks-1.cut-entropy4.0.samples20.maxnew1024.seed10086.powerMH.vllm.log,EntropyCut,4763,2026-09-20 22:08:04,151.1,141.9,1,0,0.1,0.0,49.35,0.0,0,28
/Users/jiangnanhugo/workspace/power-sharpening/Subtree-Prefetching-Power-Sharpening/case_studies/logs-entropycut/lcb_v6/2026-09-20/vllm/dataset-lcb_v6.model-qwen3.5-4b.alpha4.0.steps100.blocks-1.cut-entropy4.0.samples20.maxnew1024.seed10086.powerMH.vllm.log,EntropyCut,4768,2026-09-20 22:08:14,5.2,146.2,1,0,0.3,0.0,49.516666666666666,0.0,0,16
/Users/jiangnanhugo/workspace/power-sharpening/Subtree-Prefetching-Power-Sharpening/case_studies/logs-entropycut/lcb_v6/2026-09-20/vllm/dataset-lcb_v6.model-qwen3.5-4b.alpha4.0.steps100.blocks-1.cut-entropy4.0.samples20.maxnew1024.seed10086.powerMH.vllm.log,EntropyCut,4781,2026-09-20 22:08:24,21.7,142.1,1,0,0.2,0.0,49.68333333333333,0.0,0,16
/Users/jiangnanhugo/workspace/power-sharpening/Subtree-Prefetching-Power-Sharpening/case_studies/logs-entropycut/lcb_v6/2026-09-20/vllm/dataset-lcb_v6.model-qwen3.5-4b.alpha4.0.steps100.blocks-1.cut-entropy4.0.samples20.maxnew1024.seed10086.powerMH.vllm.log,EntropyCut,4790,2026-09-20 22:08:34,88.2,144.5,1,0,0.2,0.0,49.85,0.0,0,20
/Users/jiangnanhugo/workspace/power-sharpening/Subtree-Prefetching-Power-Sharpening/case_studies/logs-entropycut/lcb_v6/2026-09-20/vllm/dataset-lcb_v6.model-qwen3.5-4b.alpha4.0.steps100.blocks-1.cut-entropy4.0.samples20.maxnew1024.seed10086.powerMH.vllm.log,EntropyCut,4803,2026-09-20 22:08:44,64.0,143.3,1,0,0.2,0.0,50.016666666666666,0.0,0,24
/Users/jiangnanhugo/workspace/power-sharpening/Subtree-Prefetching-Power-Sharpening/case_studies/logs-entropycut/lcb_v6/2026-09-20/vllm/dataset-lcb_v6.model-qwen3.5-4b.alpha4.0.steps100.blocks-1.cut-entropy4.0.samples20.maxnew1024.seed10086.powerMH.vllm.log,EntropyCut,4812,2026-09-20 22:08:55,15.9,143.9,1,0,0.2,0.0,50.2,0.0,0,16
/Users/jiangnanhugo/workspace/power-sharpening/Subtree-Prefetching-Power-Sharpening/case_studies/logs-entropycut/lcb_v6/2026-09-20/vllm/dataset-lcb_v6.model-qwen3.5-4b.alpha4.0.steps100.blocks-1.cut-entropy4.0.samples20.maxnew1024.seed10086.powerMH.vllm.log,EntropyCut,4825,2026-09-20 22:09:05,27.3,142.9,1,0,0.3,0.0,50.36666666666667,0.0,0,20
/Users/jiangnanhugo/workspace/power-sharpening/Subtree-Prefetching-Power-Sharpening/case_studies/logs-entropycut/lcb_v6/2026-09-20/vllm/dataset-lcb_v6.model-qwen3.5-4b.alpha4.0.steps100.blocks-1.cut-entropy4.0.samples20.maxnew1024.seed10086.powerMH.vllm.log,EntropyCut,4842,2026-09-20 22:09:15,142.1,141.4,1,0,0.2,0.0,50.53333333333333,0.0,0,28
/Users/jiangnanhugo/workspace/power-sharpening/Subtree-Prefetching-Power-Sharpening/case_studies/logs-entropycut/lcb_v6/2026-09-20/vllm/dataset-lcb_v6.model-qwen3.5-4b.alpha4.0.steps100.blocks-1.cut-entropy4.0.samples20.maxnew1024.seed10086.powerMH.vllm.log,EntropyCut,4851,2026-09-20 22:09:25,31.8,144.6,1,0,0.2,0.0,50.7,0.0,0,16
/Users/jiangnanhugo/workspace/power-sharpening/Subtree-Prefetching-Power-Sharpening/case_studies/logs-entropycut/lcb_v6/2026-09-20/vllm/dataset-lcb_v6.model-qwen3.5-4b.alpha4.0.steps100.blocks-1.cut-entropy4.0.samples20.maxnew1024.seed10086.powerMH.vllm.log,EntropyCut,4868,2026-09-20 22:09:35,71.8,141.8,1,0,0.2,0.0,50.86666666666667,0.0,0,24
/Users/jiangnanhugo/workspace/power-sharpening/Subtree-Prefetching-Power-Sharpening/case_studies/logs-entropycut/lcb_v6/2026-09-20/vllm/dataset-lcb_v6.model-qwen3.5-4b.alpha4.0.steps100.blocks-1.cut-entropy4.0.samples20.maxnew1024.seed10086.powerMH.vllm.log,EntropyCut,4877,2026-09-20 22:09:45,27.0,143.9,1,0,0.3,0.0,51.03333333333333,0.0,0,20
/Users/jiangnanhugo/workspace/power-sharpening/Subtree-Prefetching-Power-Sharpening/case_studies/logs-entropycut/lcb_v6/2026-09-20/vllm/dataset-lcb_v6.model-qwen3.5-4b.alpha4.0.steps100.blocks-1.cut-entropy4.0.samples20.maxnew1024.seed10086.powerMH.vllm.log,EntropyCut,4890,2026-09-20 22:09:55,82.4,143.0,1,0,0.1,0.0,51.2,0.0,0,20
/Users/jiangnanhugo/workspace/power-sharpening/Subtree-Prefetching-Power-Sharpening/case_studies/logs-entropycut/lcb_v6/2026-09-20/vllm/dataset-lcb_v6.model-qwen3.5-4b.alpha4.0.steps100.blocks-1.cut-entropy4.0.samples20.maxnew1024.seed10086.powerMH.vllm.log,EntropyCut,4895,2026-09-20 22:10:05,14.4,145.4,1,0,0.3,0.0,51.36666666666667,0.0,0,16
/Users/jiangnanhugo/workspace/power-sharpening/Subtree-Prefetching-Power-Sharpening/case_studies/logs-entropycut/lcb_v6/2026-09-20/vllm/dataset-lcb_v6.model-qwen3.5-4b.alpha4.0.steps100.blocks-1.cut-entropy4.0.samples20.maxnew1024.seed10086.powerMH.vllm.log,EntropyCut,4908,2026-09-20 22:10:15,88.0,142.7,1,0,0.3,0.0,51.53333333333333,0.0,0,24
/Users/jiangnanhugo/workspace/power-sharpening/Subtree-Prefetching-Power-Sharpening/case_studies/logs-entropycut/lcb_v6/2026-09-20/vllm/dataset-lcb_v6.model-qwen3.5-4b.alpha4.0.steps100.blocks-1.cut-entropy4.0.samples20.maxnew1024.seed10086.powerMH.vllm.log,EntropyCut,4921,2026-09-20 22:10:25,97.5,142.9,1,0,0.3,0.0,51.7,0.0,0,24
/Users/jiangnanhugo/workspace/power-sharpening/Subtree-Prefetching-Power-Sharpening/case_studies/logs-entropycut/lcb_v6/2026-09-20/vllm/dataset-lcb_v6.model-qwen3.5-4b.alpha4.0.steps100.blocks-1.cut-entropy4.0.samples20.maxnew1024.seed10086.powerMH.vllm.log,EntropyCut,4938,2026-09-20 22:10:35,60.3,141.9,1,0,0.3,0.0,51.86666666666667,0.0,0,24
/Users/jiangnanhugo/workspace/power-sharpening/Subtree-Prefetching-Power-Sharpening/case_studies/logs-entropycut/lcb_v6/2026-09-20/vllm/dataset-lcb_v6.model-qwen3.5-4b.alpha4.0.steps100.blocks-1.cut-entropy4.0.samples20.maxnew1024.seed10086.powerMH.vllm.log,EntropyCut,4955,2026-09-20 22:10:45,161.4,141.7,1,0,0.1,0.0,52.03333333333333,0.0,0,28
/Users/jiangnanhugo/workspace/power-sharpening/Subtree-Prefetching-Power-Sharpening/case_studies/logs-entropycut/lcb_v6/2026-09-20/vllm/dataset-lcb_v6.model-qwen3.5-4b.alpha4.0.steps100.blocks-1.cut-entropy4.0.samples20.maxnew1024.seed10086.powerMH.vllm.log,EntropyCut,4964,2026-09-20 22:10:55,79.3,144.4,1,0,0.2,0.0,52.2,0.0,0,20
/Users/jiangnanhugo/workspace/power-sharpening/Subtree-Prefetching-Power-Sharpening/case_studies/logs-entropycut/lcb_v6/2026-09-20/vllm/dataset-lcb_v6.model-qwen3.5-4b.alpha4.0.steps100.blocks-1.cut-entropy4.0.samples20.maxnew1024.seed10086.powerMH.vllm.log,EntropyCut,4981,2026-09-20 22:11:05,111.9,141.6,1,0,0.2,0.0,52.36666666666667,0.0,0,28
/Users/jiangnanhugo/workspace/power-sharpening/Subtree-Prefetching-Power-Sharpening/case_studies/logs-entropycut/lcb_v6/2026-09-20/vllm/dataset-lcb_v6.model-qwen3.5-4b.alpha4.0.steps100.blocks-1.cut-entropy4.0.samples20.maxnew1024.seed10086.powerMH.vllm.log,EntropyCut,4994,2026-09-20 22:11:15,63.1,143.2,1,0,0.3,0.0,52.53333333333333,0.0,0,24
/Users/jiangnanhugo/workspace/power-sharpening/Subtree-Prefetching-Power-Sharpening/case_studies/logs-entropycut/lcb_v6/2026-09-20/vllm/dataset-lcb_v6.model-qwen3.5-4b.alpha4.0.steps100.blocks-1.cut-entropy4.0.samples20.maxnew1024.seed10086.powerMH.vllm.log,EntropyCut,5011,2026-09-20 22:11:25,78.7,141.3,1,0,0.2,0.0,52.7,0.0,0,24
/Users/jiangnanhugo/workspace/power-sharpening/Subtree-Prefetching-Power-Sharpening/case_studies/logs-entropycut/lcb_v6/2026-09-20/vllm/dataset-lcb_v6.model-qwen3.5-4b.alpha4.0.steps100.blocks-1.cut-entropy4.0.samples20.maxnew1024.seed10086.powerMH.vllm.log,EntropyCut,5020,2026-09-20 22:11:35,65.3,143.8,1,0,0.3,0.0,52.86666666666667,0.0,0,20
/Users/jiangnanhugo/workspace/power-sharpening/Subtree-Prefetching-Power-Sharpening/case_studies/logs-entropycut/lcb_v6/2026-09-20/vllm/dataset-lcb_v6.model-qwen3.5-4b.alpha4.0.steps100.blocks-1.cut-entropy4.0.samples20.maxnew1024.seed10086.powerMH.vllm.log,EntropyCut,5029,2026-09-20 22:11:45,19.9,143.7,1,0,0.3,0.0,53.03333333333333,0.0,0,16
/Users/jiangnanhugo/workspace/power-sharpening/Subtree-Prefetching-Power-Sharpening/case_studies/logs-entropycut/lcb_v6/2026-09-20/vllm/dataset-lcb_v6.model-qwen3.5-4b.alpha4.0.steps100.blocks-1.cut-entropy4.0.samples20.maxnew1024.seed10086.powerMH.vllm.log,EntropyCut,5140,2026-09-20 22:11:55,85.3,141.5,1,0,0.3,0.0,53.2,0.0,0,24
/Users/jiangnanhugo/workspace/power-sharpening/Subtree-Prefetching-Power-Sharpening/case_studies/logs-entropycut/lcb_v6/2026-09-20/vllm/dataset-lcb_v6.model-qwen3.5-4b.alpha4.0.steps100.blocks-1.cut-entropy4.0.samples20.maxnew1024.seed10086.powerMH.vllm.log,EntropyCut,5153,2026-09-20 22:12:05,73.7,142.8,1,0,0.2,0.0,53.36666666666667,0.0,0,24
/Users/jiangnanhugo/workspace/power-sharpening/Subtree-Prefetching-Power-Sharpening/case_studies/logs-entropycut/lcb_v6/2026-09-20/vllm/dataset-lcb_v6.model-qwen3.5-4b.alpha4.0.steps100.blocks-1.cut-entropy4.0.samples20.maxnew1024.seed10086.powerMH.vllm.log,EntropyCut,5170,2026-09-20 22:12:15,86.8,141.3,1,0,0.2,0.0,53.53333333333333,0.0,0,32
/Users/jiangnanhugo/workspace/power-sharpening/Subtree-Prefetching-Power-Sharpening/case_studies/logs-entropycut/lcb_v6/2026-09-20/vllm/dataset-lcb_v6.model-qwen3.5-4b.alpha4.0.steps100.blocks-1.cut-entropy4.0.samples20.maxnew1024.seed10086.powerMH.vllm.log,EntropyCut,5187,2026-09-20 22:12:25,22.4,141.1,1,0,0.2,0.0,53.7,0.0,0,28
/Users/jiangnanhugo/workspace/power-sharpening/Subtree-Prefetching-Power-Sharpening/case_studies/logs-entropycut/lcb_v6/2026-09-20/vllm/dataset-lcb_v6.model-qwen3.5-4b.alpha4.0.steps100.blocks-1.cut-entropy4.0.samples20.maxnew1024.seed10086.powerMH.vllm.log,EntropyCut,5196,2026-09-20 22:12:35,53.3,143.2,1,0,0.3,0.0,53.86666666666667,0.0,0,24
/Users/jiangnanhugo/workspace/power-sharpening/Subtree-Prefetching-Power-Sharpening/case_studies/logs-entropycut/lcb_v6/2026-09-20/vllm/dataset-lcb_v6.model-qwen3.5-4b.alpha4.0.steps100.blocks-1.cut-entropy4.0.samples20.maxnew1024.seed10086.powerMH.vllm.log,EntropyCut,5205,2026-09-20 22:12:45,65.8,144.0,1,0,0.3,0.0,54.03333333333333,0.0,0,20
/Users/jiangnanhugo/workspace/power-sharpening/Subtree-Prefetching-Power-Sharpening/case_studies/logs-entropycut/lcb_v6/2026-09-20/vllm/dataset-lcb_v6.model-qwen3.5-4b.alpha4.0.steps100.blocks-1.cut-entropy4.0.samples20.maxnew1024.seed10086.powerMH.vllm.log,EntropyCut,5218,2026-09-20 22:12:55,69.6,143.4,1,0,0.2,0.0,54.2,0.0,0,28
/Users/jiangnanhugo/workspace/power-sharpening/Subtree-Prefetching-Power-Sharpening/case_studies/logs-entropycut/lcb_v6/2026-09-20/vllm/dataset-lcb_v6.model-qwen3.5-4b.alpha4.0.steps100.blocks-1.cut-entropy4.0.samples20.maxnew1024.seed10086.powerMH.vllm.log,EntropyCut,5231,2026-09-20 22:13:05,87.3,142.4,1,0,0.3,0.0,54.36666666666667,0.0,0,28
/Users/jiangnanhugo/workspace/power-sharpening/Subtree-Prefetching-Power-Sharpening/case_studies/logs-entropycut/lcb_v6/2026-09-20/vllm/dataset-lcb_v6.model-qwen3.5-4b.alpha4.0.steps100.blocks-1.cut-entropy4.0.samples20.maxnew1024.seed10086.powerMH.vllm.log,EntropyCut,5244,2026-09-20 22:13:15,95.0,143.1,1,0,0.2,0.0,54.53333333333333,0.0,0,28
/Users/jiangnanhugo/workspace/power-sharpening/Subtree-Prefetching-Power-Sharpening/case_studies/logs-entropycut/lcb_v6/2026-09-20/vllm/dataset-lcb_v6.model-qwen3.5-4b.alpha4.0.steps100.blocks-1.cut-entropy4.0.samples20.maxnew1024.seed10086.powerMH.vllm.log,EntropyCut,5257,2026-09-20 22:13:25,70.4,142.2,1,0,0.2,0.0,54.7,0.0,0,28
/Users/jiangnanhugo/workspace/power-sharpening/Subtree-Prefetching-Power-Sharpening/case_studies/logs-entropycut/lcb_v6/2026-09-20/vllm/dataset-lcb_v6.model-qwen3.5-4b.alpha4.0.steps100.blocks-1.cut-entropy4.0.samples20.maxnew1024.seed10086.powerMH.vllm.log,EntropyCut,5266,2026-09-20 22:13:35,35.0,144.4,1,0,0.2,0.0,54.86666666666667,0.0,0,20
/Users/jiangnanhugo/workspace/power-sharpening/Subtree-Prefetching-Power-Sharpening/case_studies/logs-entropycut/lcb_v6/2026-09-20/vllm/dataset-lcb_v6.model-qwen3.5-4b.alpha4.0.steps100.blocks-1.cut-entropy4.0.samples20.maxnew1024.seed10086.powerMH.vllm.log,EntropyCut,5279,2026-09-20 22:13:45,57.8,142.5,1,0,0.3,0.0,55.03333333333333,0.0,0,28
/Users/jiangnanhugo/workspace/power-sharpening/Subtree-Prefetching-Power-Sharpening/case_studies/logs-entropycut/lcb_v6/2026-09-20/vllm/dataset-lcb_v6.model-qwen3.5-4b.alpha4.0.steps100.blocks-1.cut-entropy4.0.samples20.maxnew1024.seed10086.powerMH.vllm.log,EntropyCut,5292,2026-09-20 22:13:55,66.2,142.2,1,0,0.3,0.0,55.2,0.0,0,28
/Users/jiangnanhugo/workspace/power-sharpening/Subtree-Prefetching-Power-Sharpening/case_studies/logs-entropycut/lcb_v6/2026-09-20/vllm/dataset-lcb_v6.model-qwen3.5-4b.alpha4.0.steps100.blocks-1.cut-entropy4.0.samples20.maxnew1024.seed10086.powerMH.vllm.log,EntropyCut,5309,2026-09-20 22:14:05,133.8,142.2,1,0,0.2,0.0,55.36666666666667,0.0,0,32
/Users/jiangnanhugo/workspace/power-sharpening/Subtree-Prefetching-Power-Sharpening/case_studies/logs-entropycut/lcb_v6/2026-09-20/vllm/dataset-lcb_v6.model-qwen3.5-4b.alpha4.0.steps100.blocks-1.cut-entropy4.0.samples20.maxnew1024.seed10086.powerMH.vllm.log,EntropyCut,5318,2026-09-20 22:14:15,21.4,143.9,1,0,0.2,0.0,55.53333333333333,0.0,0,20
/Users/jiangnanhugo/workspace/power-sharpening/Subtree-Prefetching-Power-Sharpening/case_studies/logs-entropycut/lcb_v6/2026-09-20/vllm/dataset-lcb_v6.model-qwen3.5-4b.alpha4.0.steps100.blocks-1.cut-entropy4.0.samples20.maxnew1024.seed10086.powerMH.vllm.log,EntropyCut,5331,2026-09-20 22:14:25,116.0,142.2,1,0,0.3,0.0,55.7,0.0,0,32
/Users/jiangnanhugo/workspace/power-sharpening/Subtree-Prefetching-Power-Sharpening/case_studies/logs-entropycut/lcb_v6/2026-09-20/vllm/dataset-lcb_v6.model-qwen3.5-4b.alpha4.0.steps100.blocks-1.cut-entropy4.0.samples20.maxnew1024.seed10086.powerMH.vllm.log,EntropyCut,5348,2026-09-20 22:14:35,124.7,141.5,1,0,0.3,0.0,55.86666666666667,0.0,0,36
/Users/jiangnanhugo/workspace/power-sharpening/Subtree-Prefetching-Power-Sharpening/case_studies/logs-entropycut/lcb_v6/2026-09-20/vllm/dataset-lcb_v6.model-qwen3.5-4b.alpha4.0.steps100.blocks-1.cut-entropy4.0.samples20.maxnew1024.seed10086.powerMH.vllm.log,EntropyCut,5357,2026-09-20 22:14:45,64.4,143.5,1,0,0.2,0.0,56.03333333333333,0.0,0,20
/Users/jiangnanhugo/workspace/power-sharpening/Subtree-Prefetching-Power-Sharpening/case_studies/logs-entropycut/lcb_v6/2026-09-20/vllm/dataset-lcb_v6.model-qwen3.5-4b.alpha4.0.steps100.blocks-1.cut-entropy4.0.samples20.maxnew1024.seed10086.powerMH.vllm.log,EntropyCut,5366,2026-09-20 22:14:55,33.4,144.2,1,0,0.3,0.0,56.2,0.0,0,24
/Users/jiangnanhugo/workspace/power-sharpening/Subtree-Prefetching-Power-Sharpening/case_studies/logs-entropycut/lcb_v6/2026-09-20/vllm/dataset-lcb_v6.model-qwen3.5-4b.alpha4.0.steps100.blocks-1.cut-entropy4.0.samples20.maxnew1024.seed10086.powerMH.vllm.log,EntropyCut,5379,2026-09-20 22:15:05,56.5,143.5,1,0,0.2,0.0,56.36666666666667,0.0,0,24
/Users/jiangnanhugo/workspace/power-sharpening/Subtree-Prefetching-Power-Sharpening/case_studies/logs-entropycut/lcb_v6/2026-09-20/vllm/dataset-lcb_v6.model-qwen3.5-4b.alpha4.0.steps100.blocks-1.cut-entropy4.0.samples20.maxnew1024.seed10086.powerMH.vllm.log,EntropyCut,5388,2026-09-20 22:15:15,86.6,144.5,1,0,0.3,0.0,56.53333333333333,0.0,0,24
/Users/jiangnanhugo/workspace/power-sharpening/Subtree-Prefetching-Power-Sharpening/case_studies/logs-entropycut/lcb_v6/2026-09-20/vllm/dataset-lcb_v6.model-qwen3.5-4b.alpha4.0.steps100.blocks-1.cut-entropy4.0.samples20.maxnew1024.seed10086.powerMH.vllm.log,EntropyCut,5397,2026-09-20 22:15:25,82.7,144.1,1,0,0.3,0.0,56.7,0.0,0,24
/Users/jiangnanhugo/workspace/power-sharpening/Subtree-Prefetching-Power-Sharpening/case_studies/logs-entropycut/lcb_v6/2026-09-20/vllm/dataset-lcb_v6.model-qwen3.5-4b.alpha4.0.steps100.blocks-1.cut-entropy4.0.samples20.maxnew1024.seed10086.powerMH.vllm.log,EntropyCut,5414,2026-09-20 22:15:35,108.1,141.0,1,0,0.3,0.0,56.86666666666667,0.0,0,36
/Users/jiangnanhugo/workspace/power-sharpening/Subtree-Prefetching-Power-Sharpening/case_studies/logs-entropycut/lcb_v6/2026-09-20/vllm/dataset-lcb_v6.model-qwen3.5-4b.alpha4.0.steps100.blocks-1.cut-entropy4.0.samples20.maxnew1024.seed10086.powerMH.vllm.log,EntropyCut,5427,2026-09-20 22:15:45,90.0,142.3,1,0,0.2,0.0,57.03333333333333,0.0,0,28
/Users/jiangnanhugo/workspace/power-sharpening/Subtree-Prefetching-Power-Sharpening/case_studies/logs-entropycut/lcb_v6/2026-09-20/vllm/dataset-lcb_v6.model-qwen3.5-4b.alpha4.0.steps100.blocks-1.cut-entropy4.0.samples20.maxnew1024.seed10086.powerMH.vllm.log,EntropyCut,5436,2026-09-20 22:15:55,91.2,143.3,1,0,0.3,0.0,57.2,0.0,0,24
/Users/jiangnanhugo/workspace/power-sharpening/Subtree-Prefetching-Power-Sharpening/case_studies/logs-entropycut/lcb_v6/2026-09-20/vllm/dataset-lcb_v6.model-qwen3.5-4b.alpha4.0.steps100.blocks-1.cut-entropy4.0.samples20.maxnew1024.seed10086.powerMH.vllm.log,EntropyCut,5457,2026-09-20 22:16:05,106.8,140.3,1,0,0.2,0.0,57.36666666666667,0.0,0,36
/Users/jiangnanhugo/workspace/power-sharpening/Subtree-Prefetching-Power-Sharpening/case_studies/logs-entropycut/lcb_v6/2026-09-20/vllm/dataset-lcb_v6.model-qwen3.5-4b.alpha4.0.steps100.blocks-1.cut-entropy4.0.samples20.maxnew1024.seed10086.powerMH.vllm.log,EntropyCut,5470,2026-09-20 22:16:15,126.8,142.8,1,0,0.3,0.0,57.53333333333333,0.0,0,32
/Users/jiangnanhugo/workspace/power-sharpening/Subtree-Prefetching-Power-Sharpening/case_studies/logs-entropycut/lcb_v6/2026-09-20/vllm/dataset-lcb_v6.model-qwen3.5-4b.alpha4.0.steps100.blocks-1.cut-entropy4.0.samples20.maxnew1024.seed10086.powerMH.vllm.log,EntropyCut,5491,2026-09-20 22:16:25,85.7,140.4,1,0,0.2,0.0,57.7,0.0,0,36
/Users/jiangnanhugo/workspace/power-sharpening/Subtree-Prefetching-Power-Sharpening/case_studies/logs-entropycut/lcb_v6/2026-09-20/vllm/dataset-lcb_v6.model-qwen3.5-4b.alpha4.0.steps100.blocks-1.cut-entropy4.0.samples20.maxnew1024.seed10086.powerMH.vllm.log,EntropyCut,5504,2026-09-20 22:16:35,41.6,143.2,1,0,0.2,0.0,57.86666666666667,0.0,0,24
/Users/jiangnanhugo/workspace/power-sharpening/Subtree-Prefetching-Power-Sharpening/case_studies/logs-entropycut/lcb_v6/2026-09-20/vllm/dataset-lcb_v6.model-qwen3.5-4b.alpha4.0.steps100.blocks-1.cut-entropy4.0.samples20.maxnew1024.seed10086.powerMH.vllm.log,EntropyCut,5517,2026-09-20 22:16:45,77.3,143.4,1,0,0.2,0.0,58.03333333333333,0.0,0,28
/Users/jiangnanhugo/workspace/power-sharpening/Subtree-Prefetching-Power-Sharpening/case_studies/logs-entropycut/lcb_v6/2026-09-20/vllm/dataset-lcb_v6.model-qwen3.5-4b.alpha4.0.steps100.blocks-1.cut-entropy4.0.samples20.maxnew1024.seed10086.powerMH.vllm.log,EntropyCut,5530,2026-09-20 22:16:55,99.7,143.6,1,0,0.2,0.0,58.2,0.0,0,28
/Users/jiangnanhugo/workspace/power-sharpening/Subtree-Prefetching-Power-Sharpening/case_studies/logs-entropycut/lcb_v6/2026-09-20/vllm/dataset-lcb_v6.model-qwen3.5-4b.alpha4.0.steps100.blocks-1.cut-entropy4.0.samples20.maxnew1024.seed10086.powerMH.vllm.log,EntropyCut,5539,2026-09-20 22:17:05,80.0,144.3,1,0,0.4,0.0,58.36666666666667,0.0,0,28
/Users/jiangnanhugo/workspace/power-sharpening/Subtree-Prefetching-Power-Sharpening/case_studies/logs-entropycut/lcb_v6/2026-09-20/vllm/dataset-lcb_v6.model-qwen3.5-4b.alpha4.0.steps100.blocks-1.cut-entropy4.0.samples20.maxnew1024.seed10086.powerMH.vllm.log,EntropyCut,5556,2026-09-20 22:17:15,126.6,141.9,1,0,0.2,0.0,58.53333333333333,0.0,0,32
/Users/jiangnanhugo/workspace/power-sharpening/Subtree-Prefetching-Power-Sharpening/case_studies/logs-entropycut/lcb_v6/2026-09-20/vllm/dataset-lcb_v6.model-qwen3.5-4b.alpha4.0.steps100.blocks-1.cut-entropy4.0.samples20.maxnew1024.seed10086.powerMH.vllm.log,EntropyCut,5694,2026-09-20 22:17:25,152.4,139.9,1,0,0.2,0.0,58.7,0.0,0,36
/Users/jiangnanhugo/workspace/power-sharpening/Subtree-Prefetching-Power-Sharpening/case_studies/logs-entropycut/lcb_v6/2026-09-20/vllm/dataset-lcb_v6.model-qwen3.5-4b.alpha4.0.steps100.blocks-1.cut-entropy4.0.samples20.maxnew1024.seed10086.powerMH.vllm.log,EntropyCut,5706,2026-09-20 22:17:35,37.9,142.7,1,0,0.2,0.0,58.86666666666667,0.0,0,24
/Users/jiangnanhugo/workspace/power-sharpening/Subtree-Prefetching-Power-Sharpening/case_studies/logs-entropycut/lcb_v6/2026-09-20/vllm/dataset-lcb_v6.model-qwen3.5-4b.alpha4.0.steps100.blocks-1.cut-entropy4.0.samples20.maxnew1024.seed10086.powerMH.vllm.log,EntropyCut,5719,2026-09-20 22:17:45,102.4,142.4,1,0,0.3,0.0,59.03333333333333,0.0,0,32
/Users/jiangnanhugo/workspace/power-sharpening/Subtree-Prefetching-Power-Sharpening/case_studies/logs-entropycut/lcb_v6/2026-09-20/vllm/dataset-lcb_v6.model-qwen3.5-4b.alpha4.0.steps100.blocks-1.cut-entropy4.0.samples20.maxnew1024.seed10086.powerMH.vllm.log,EntropyCut,5728,2026-09-20 22:17:55,78.1,143.7,1,0,0.2,0.0,59.2,0.0,0,20
/Users/jiangnanhugo/workspace/power-sharpening/Subtree-Prefetching-Power-Sharpening/case_studies/logs-entropycut/lcb_v6/2026-09-20/vllm/dataset-lcb_v6.model-qwen3.5-4b.alpha4.0.steps100.blocks-1.cut-entropy4.0.samples20.maxnew1024.seed10086.powerMH.vllm.log,EntropyCut,5741,2026-09-20 22:18:05,92.9,142.8,1,0,0.2,0.0,59.36666666666667,0.0,0,28
/Users/jiangnanhugo/workspace/power-sharpening/Subtree-Prefetching-Power-Sharpening/case_studies/logs-entropycut/lcb_v6/2026-09-20/vllm/dataset-lcb_v6.model-qwen3.5-4b.alpha4.0.steps100.blocks-1.cut-entropy4.0.samples20.maxnew1024.seed10086.powerMH.vllm.log,EntropyCut,5750,2026-09-20 22:18:15,68.1,143.5,1,0,0.3,0.0,59.53333333333333,0.0,0,24
/Users/jiangnanhugo/workspace/power-sharpening/Subtree-Prefetching-Power-Sharpening/case_studies/logs-entropycut/lcb_v6/2026-09-20/vllm/dataset-lcb_v6.model-qwen3.5-4b.alpha4.0.steps100.blocks-1.cut-entropy4.0.samples20.maxnew1024.seed10086.powerMH.vllm.log,EntropyCut,5759,2026-09-20 22:18:25,40.1,144.1,1,0,0.3,0.0,59.7,0.0,0,20
/Users/jiangnanhugo/workspace/power-sharpening/Subtree-Prefetching-Power-Sharpening/case_studies/logs-entropycut/lcb_v6/2026-09-20/vllm/dataset-lcb_v6.model-qwen3.5-4b.alpha4.0.steps100.blocks-1.cut-entropy4.0.samples20.maxnew1024.seed10086.powerMH.vllm.log,EntropyCut,5772,2026-09-20 22:18:35,125.3,142.6,1,0,0.3,0.0,59.86666666666667,0.0,0,32
/Users/jiangnanhugo/workspace/power-sharpening/Subtree-Prefetching-Power-Sharpening/case_studies/logs-entropycut/lcb_v6/2026-09-20/vllm/dataset-lcb_v6.model-qwen3.5-4b.alpha4.0.steps100.blocks-1.cut-entropy4.0.samples20.maxnew1024.seed10086.powerMH.vllm.log,EntropyCut,5781,2026-09-20 22:18:45,26.9,145.4,1,0,0.2,0.0,60.03333333333333,0.0,0,20
/Users/jiangnanhugo/workspace/power-sharpening/Subtree-Prefetching-Power-Sharpening/case_studies/logs-entropycut/lcb_v6/2026-09-20/vllm/dataset-lcb_v6.model-qwen3.5-4b.alpha4.0.steps100.blocks-1.cut-entropy4.0.samples20.maxnew1024.seed10086.powerMH.vllm.log,EntropyCut,5794,2026-09-20 22:18:55,85.8,143.1,1,0,0.3,0.0,60.2,0.0,0,28
/Users/jiangnanhugo/workspace/power-sharpening/Subtree-Prefetching-Power-Sharpening/case_studies/logs-entropycut/lcb_v6/2026-09-20/vllm/dataset-lcb_v6.model-qwen3.5-4b.alpha4.0.steps100.blocks-1.cut-entropy4.0.samples20.maxnew1024.seed10086.powerMH.vllm.log,EntropyCut,5803,2026-09-20 22:19:05,57.5,143.7,1,0,0.2,0.0,60.36666666666667,0.0,0,20
/Users/jiangnanhugo/workspace/power-sharpening/Subtree-Prefetching-Power-Sharpening/case_studies/logs-entropycut/lcb_v6/2026-09-20/vllm/dataset-lcb_v6.model-qwen3.5-4b.alpha4.0.steps100.blocks-1.cut-entropy4.0.samples20.maxnew1024.seed10086.powerMH.vllm.log,EntropyCut,5812,2026-09-20 22:19:15,81.9,144.1,1,0,0.3,0.0,60.53333333333333,0.0,0,24
/Users/jiangnanhugo/workspace/power-sharpening/Subtree-Prefetching-Power-Sharpening/case_studies/logs-entropycut/lcb_v6/2026-09-20/vllm/dataset-lcb_v6.model-qwen3.5-4b.alpha4.0.steps100.blocks-1.cut-entropy4.0.samples20.maxnew1024.seed10086.powerMH.vllm.log,EntropyCut,5825,2026-09-20 22:19:25,50.2,142.3,1,0,0.2,0.0,60.7,0.0,0,24
/Users/jiangnanhugo/workspace/power-sharpening/Subtree-Prefetching-Power-Sharpening/case_studies/logs-entropycut/lcb_v6/2026-09-20/vllm/dataset-lcb_v6.model-qwen3.5-4b.alpha4.0.steps100.blocks-1.cut-entropy4.0.samples20.maxnew1024.seed10086.powerMH.vllm.log,EntropyCut,5834,2026-09-20 22:19:35,72.7,143.9,1,0,0.2,0.0,60.86666666666667,0.0,0,24
/Users/jiangnanhugo/workspace/power-sharpening/Subtree-Prefetching-Power-Sharpening/case_studies/logs-entropycut/lcb_v6/2026-09-20/vllm/dataset-lcb_v6.model-qwen3.5-4b.alpha4.0.steps100.blocks-1.cut-entropy4.0.samples20.maxnew1024.seed10086.powerMH.vllm.log,EntropyCut,5847,2026-09-20 22:19:45,98.5,142.7,1,0,0.2,0.0,61.03333333333333,0.0,0,28
/Users/jiangnanhugo/workspace/power-sharpening/Subtree-Prefetching-Power-Sharpening/case_studies/logs-entropycut/lcb_v6/2026-09-20/vllm/dataset-lcb_v6.model-qwen3.5-4b.alpha4.0.steps100.blocks-1.cut-entropy4.0.samples20.maxnew1024.seed10086.powerMH.vllm.log,EntropyCut,5856,2026-09-20 22:19:55,37.8,143.8,1,0,0.3,0.0,61.2,0.0,0,24
/Users/jiangnanhugo/workspace/power-sharpening/Subtree-Prefetching-Power-Sharpening/case_studies/logs-entropycut/lcb_v6/2026-09-20/vllm/dataset-lcb_v6.model-qwen3.5-4b.alpha4.0.steps100.blocks-1.cut-entropy4.0.samples20.maxnew1024.seed10086.powerMH.vllm.log,EntropyCut,5869,2026-09-20 22:20:05,52.6,142.5,1,0,0.2,0.0,61.36666666666667,0.0,0,24
/Users/jiangnanhugo/workspace/power-sharpening/Subtree-Prefetching-Power-Sharpening/case_studies/logs-entropycut/lcb_v6/2026-09-20/vllm/dataset-lcb_v6.model-qwen3.5-4b.alpha4.0.steps100.blocks-1.cut-entropy4.0.samples20.maxnew1024.seed10086.powerMH.vllm.log,EntropyCut,5878,2026-09-20 22:20:15,54.7,143.9,1,0,0.2,0.0,61.53333333333333,0.0,0,20
/Users/jiangnanhugo/workspace/power-sharpening/Subtree-Prefetching-Power-Sharpening/case_studies/logs-entropycut/lcb_v6/2026-09-20/vllm/dataset-lcb_v6.model-qwen3.5-4b.alpha4.0.steps100.blocks-1.cut-entropy4.0.samples20.maxnew1024.seed10086.powerMH.vllm.log,EntropyCut,5887,2026-09-20 22:20:25,53.3,120.0,1,0,0.2,0.0,61.7,0.0,0,20
/Users/jiangnanhugo/workspace/power-sharpening/Subtree-Prefetching-Power-Sharpening/case_studies/logs-entropycut/lcb_v6/2026-09-20/vllm/dataset-lcb_v6.model-qwen3.5-4b.alpha4.0.steps100.blocks-1.cut-entropy4.0.samples20.maxnew1024.seed10086.powerMH.vllm.log,EntropyCut,5896,2026-09-20 22:20:35,47.0,143.7,1,0,0.4,0.0,61.86666666666667,0.0,0,24
/Users/jiangnanhugo/workspace/power-sharpening/Subtree-Prefetching-Power-Sharpening/case_studies/logs-entropycut/lcb_v6/2026-09-20/vllm/dataset-lcb_v6.model-qwen3.5-4b.alpha4.0.steps100.blocks-1.cut-entropy4.0.samples20.maxnew1024.seed10086.powerMH.vllm.log,EntropyCut,5905,2026-09-20 22:20:45,48.1,143.9,1,0,0.3,0.0,62.03333333333333,0.0,0,20
/Users/jiangnanhugo/workspace/power-sharpening/Subtree-Prefetching-Power-Sharpening/case_studies/logs-entropycut/lcb_v6/2026-09-20/vllm/dataset-lcb_v6.model-qwen3.5-4b.alpha4.0.steps100.blocks-1.cut-entropy4.0.samples20.maxnew1024.seed10086.powerMH.vllm.log,EntropyCut,5918,2026-09-20 22:20:55,60.8,142.3,1,0,0.2,0.0,62.2,0.0,0,24
/Users/jiangnanhugo/workspace/power-sharpening/Subtree-Prefetching-Power-Sharpening/case_studies/logs-entropycut/lcb_v6/2026-09-20/vllm/dataset-lcb_v6.model-qwen3.5-4b.alpha4.0.steps100.blocks-1.cut-entropy4.0.samples20.maxnew1024.seed10086.powerMH.vllm.log,EntropyCut,5931,2026-09-20 22:21:05,113.7,143.1,1,0,0.3,0.0,62.36666666666667,0.0,0,32
/Users/jiangnanhugo/workspace/power-sharpening/Subtree-Prefetching-Power-Sharpening/case_studies/logs-entropycut/lcb_v6/2026-09-20/vllm/dataset-lcb_v6.model-qwen3.5-4b.alpha4.0.steps100.blocks-1.cut-entropy4.0.samples20.maxnew1024.seed10086.powerMH.vllm.log,EntropyCut,5940,2026-09-20 22:21:15,71.5,143.9,1,0,0.2,0.0,62.53333333333333,0.0,0,20
/Users/jiangnanhugo/workspace/power-sharpening/Subtree-Prefetching-Power-Sharpening/case_studies/logs-entropycut/lcb_v6/2026-09-20/vllm/dataset-lcb_v6.model-qwen3.5-4b.alpha4.0.steps100.blocks-1.cut-entropy4.0.samples20.maxnew1024.seed10086.powerMH.vllm.log,EntropyCut,5945,2026-09-20 22:21:25,25.6,145.3,1,0,0.4,0.0,62.7,0.0,0,20
/Users/jiangnanhugo/workspace/power-sharpening/Subtree-Prefetching-Power-Sharpening/case_studies/logs-entropycut/lcb_v6/2026-09-20/vllm/dataset-lcb_v6.model-qwen3.5-4b.alpha4.0.steps100.blocks-1.cut-entropy4.0.samples20.maxnew1024.seed10086.powerMH.vllm.log,EntropyCut,5954,2026-09-20 22:21:35,30.4,144.9,1,0,0.3,0.0,62.86666666666667,0.0,0,20
/Users/jiangnanhugo/workspace/power-sharpening/Subtree-Prefetching-Power-Sharpening/case_studies/logs-entropycut/lcb_v6/2026-09-20/vllm/dataset-lcb_v6.model-qwen3.5-4b.alpha4.0.steps100.blocks-1.cut-entropy4.0.samples20.maxnew1024.seed10086.powerMH.vllm.log,EntropyCut,5971,2026-09-20 22:21:45,87.8,141.6,1,0,0.2,0.0,63.03333333333333,0.0,0,28
/Users/jiangnanhugo/workspace/power-sharpening/Subtree-Prefetching-Power-Sharpening/case_studies/logs-entropycut/lcb_v6/2026-09-20/vllm/dataset-lcb_v6.model-qwen3.5-4b.alpha4.0.steps100.blocks-1.cut-entropy4.0.samples20.maxnew1024.seed10086.powerMH.vllm.log,EntropyCut,5980,2026-09-20 22:21:55,26.1,144.1,1,0,0.2,0.0,63.2,0.0,0,20
/Users/jiangnanhugo/workspace/power-sharpening/Subtree-Prefetching-Power-Sharpening/case_studies/logs-entropycut/lcb_v6/2026-09-20/vllm/dataset-lcb_v6.model-qwen3.5-4b.alpha4.0.steps100.blocks-1.cut-entropy4.0.samples20.maxnew1024.seed10086.powerMH.vllm.log,EntropyCut,5989,2026-09-20 22:22:05,71.0,143.4,1,0,0.3,0.0,63.36666666666667,0.0,0,24
/Users/jiangnanhugo/workspace/power-sharpening/Subtree-Prefetching-Power-Sharpening/case_studies/logs-entropycut/lcb_v6/2026-09-20/vllm/dataset-lcb_v6.model-qwen3.5-4b.alpha4.0.steps100.blocks-1.cut-entropy4.0.samples20.maxnew1024.seed10086.powerMH.vllm.log,EntropyCut,6002,2026-09-20 22:22:15,74.2,143.4,1,0,0.2,0.0,63.53333333333333,0.0,0,28
/Users/jiangnanhugo/workspace/power-sharpening/Subtree-Prefetching-Power-Sharpening/case_studies/logs-entropycut/lcb_v6/2026-09-20/vllm/dataset-lcb_v6.model-qwen3.5-4b.alpha4.0.steps100.blocks-1.cut-entropy4.0.samples20.maxnew1024.seed10086.powerMH.vllm.log,EntropyCut,6011,2026-09-20 22:22:25,42.4,145.5,1,0,0.3,0.0,63.7,0.0,0,20
/Users/jiangnanhugo/workspace/power-sharpening/Subtree-Prefetching-Power-Sharpening/case_studies/logs-entropycut/lcb_v6/2026-09-20/vllm/dataset-lcb_v6.model-qwen3.5-4b.alpha4.0.steps100.blocks-1.cut-entropy4.0.samples20.maxnew1024.seed10086.powerMH.vllm.log,EntropyCut,6020,2026-09-20 22:22:35,61.1,143.9,1,0,0.2,0.0,63.86666666666667,0.0,0,20
/Users/jiangnanhugo/workspace/power-sharpening/Subtree-Prefetching-Power-Sharpening/case_studies/logs-entropycut/lcb_v6/2026-09-20/vllm/dataset-lcb_v6.model-qwen3.5-4b.alpha4.0.steps100.blocks-1.cut-entropy4.0.samples20.maxnew1024.seed10086.powerMH.vllm.log,EntropyCut,6029,2026-09-20 22:22:45,60.5,143.1,1,0,0.3,0.0,64.03333333333333,0.0,0,24
/Users/jiangnanhugo/workspace/power-sharpening/Subtree-Prefetching-Power-Sharpening/case_studies/logs-entropycut/lcb_v6/2026-09-20/vllm/dataset-lcb_v6.model-qwen3.5-4b.alpha4.0.steps100.blocks-1.cut-entropy4.0.samples20.maxnew1024.seed10086.powerMH.vllm.log,EntropyCut,6042,2026-09-20 22:22:55,59.2,137.5,1,0,0.2,0.0,64.2,0.0,0,24
/Users/jiangnanhugo/workspace/power-sharpening/Subtree-Prefetching-Power-Sharpening/case_studies/logs-entropycut/lcb_v6/2026-09-20/vllm/dataset-lcb_v6.model-qwen3.5-4b.alpha4.0.steps100.blocks-1.cut-entropy4.0.samples20.maxnew1024.seed10086.powerMH.vllm.log,EntropyCut,6051,2026-09-20 22:23:05,77.3,144.4,1,0,0.3,0.0,64.36666666666666,0.0,0,24
/Users/jiangnanhugo/workspace/power-sharpening/Subtree-Prefetching-Power-Sharpening/case_studies/logs-entropycut/lcb_v6/2026-09-20/vllm/dataset-lcb_v6.model-qwen3.5-4b.alpha4.0.steps100.blocks-1.cut-entropy4.0.samples20.maxnew1024.seed10086.powerMH.vllm.log,EntropyCut,6064,2026-09-20 22:23:15,87.9,143.3,1,0,0.2,0.0,64.53333333333333,0.0,0,28
/Users/jiangnanhugo/workspace/power-sharpening/Subtree-Prefetching-Power-Sharpening/case_studies/logs-entropycut/lcb_v6/2026-09-20/vllm/dataset-lcb_v6.model-qwen3.5-4b.alpha4.0.steps100.blocks-1.cut-entropy4.0.samples20.maxnew1024.seed10086.powerMH.vllm.log,EntropyCut,6081,2026-09-20 22:23:25,117.9,141.1,1,0,0.2,0.0,64.7,0.0,0,32
/Users/jiangnanhugo/workspace/power-sharpening/Subtree-Prefetching-Power-Sharpening/case_studies/logs-entropycut/lcb_v6/2026-09-20/vllm/dataset-lcb_v6.model-qwen3.5-4b.alpha4.0.steps100.blocks-1.cut-entropy4.0.samples20.maxnew1024.seed10086.powerMH.vllm.log,EntropyCut,6090,2026-09-20 22:23:35,54.9,124.3,1,0,0.3,0.0,64.86666666666666,0.0,0,24
/Users/jiangnanhugo/workspace/power-sharpening/Subtree-Prefetching-Power-Sharpening/case_studies/logs-entropycut/lcb_v6/2026-09-20/vllm/dataset-lcb_v6.model-qwen3.5-4b.alpha4.0.steps100.blocks-1.cut-entropy4.0.samples20.maxnew1024.seed10086.powerMH.vllm.log,EntropyCut,6095,2026-09-20 22:23:45,48.0,125.4,1,0,0.4,0.0,65.03333333333333,0.0,0,16
/Users/jiangnanhugo/workspace/power-sharpening/Subtree-Prefetching-Power-Sharpening/case_studies/logs-entropycut/lcb_v6/2026-09-20/vllm/dataset-lcb_v6.model-qwen3.5-4b.alpha4.0.steps100.blocks-1.cut-entropy4.0.samples20.maxnew1024.seed10086.powerMH.vllm.log,EntropyCut,6108,2026-09-20 22:23:55,101.7,142.1,1,0,0.3,0.0,65.2,0.0,0,28
/Users/jiangnanhugo/workspace/power-sharpening/Subtree-Prefetching-Power-Sharpening/case_studies/logs-entropycut/lcb_v6/2026-09-20/vllm/dataset-lcb_v6.model-qwen3.5-4b.alpha4.0.steps100.blocks-1.cut-entropy4.0.samples20.maxnew1024.seed10086.powerMH.vllm.log,EntropyCut,6117,2026-09-20 22:24:05,48.7,143.8,1,0,0.3,0.0,65.36666666666666,0.0,0,20
/Users/jiangnanhugo/workspace/power-sharpening/Subtree-Prefetching-Power-Sharpening/case_studies/logs-entropycut/lcb_v6/2026-09-20/vllm/dataset-lcb_v6.model-qwen3.5-4b.alpha4.0.steps100.blocks-1.cut-entropy4.0.samples20.maxnew1024.seed10086.powerMH.vllm.log,EntropyCut,6126,2026-09-20 22:24:15,94.5,143.0,1,0,0.3,0.0,65.53333333333333,0.0,0,24
/Users/jiangnanhugo/workspace/power-sharpening/Subtree-Prefetching-Power-Sharpening/case_studies/logs-entropycut/lcb_v6/2026-09-20/vllm/dataset-lcb_v6.model-qwen3.5-4b.alpha4.0.steps100.blocks-1.cut-entropy4.0.samples20.maxnew1024.seed10086.powerMH.vllm.log,EntropyCut,6253,2026-09-20 22:24:25,115.6,140.0,1,0,0.2,0.0,65.7,0.0,0,32
/Users/jiangnanhugo/workspace/power-sharpening/Subtree-Prefetching-Power-Sharpening/case_studies/logs-entropycut/lcb_v6/2026-09-20/vllm/dataset-lcb_v6.model-qwen3.5-4b.alpha4.0.steps100.blocks-1.cut-entropy4.0.samples20.maxnew1024.seed10086.powerMH.vllm.log,EntropyCut,6269,2026-09-20 22:24:35,162.4,139.0,1,0,0.2,0.0,65.86666666666666,0.0,0,28
/Users/jiangnanhugo/workspace/power-sharpening/Subtree-Prefetching-Power-Sharpening/case_studies/logs-entropycut/lcb_v6/2026-09-20/vllm/dataset-lcb_v6.model-qwen3.5-4b.alpha4.0.steps100.blocks-1.cut-entropy4.0.samples20.maxnew1024.seed10086.powerMH.vllm.log,EntropyCut,6282,2026-09-20 22:24:45,87.1,142.9,1,0,0.1,0.0,66.03333333333333,0.0,0,20
/Users/jiangnanhugo/workspace/power-sharpening/Subtree-Prefetching-Power-Sharpening/case_studies/logs-entropycut/lcb_v6/2026-09-20/vllm/dataset-lcb_v6.model-qwen3.5-4b.alpha4.0.steps100.blocks-1.cut-entropy4.0.samples20.maxnew1024.seed10086.powerMH.vllm.log,EntropyCut,6287,2026-09-20 22:24:55,40.4,144.7,1,0,0.2,0.0,66.2,0.0,0,16
/Users/jiangnanhugo/workspace/power-sharpening/Subtree-Prefetching-Power-Sharpening/case_studies/logs-entropycut/lcb_v6/2026-09-20/vllm/dataset-lcb_v6.model-qwen3.5-4b.alpha4.0.steps100.blocks-1.cut-entropy4.0.samples20.maxnew1024.seed10086.powerMH.vllm.log,EntropyCut,6300,2026-09-20 22:25:05,112.6,143.3,1,0,0.2,0.0,66.36666666666666,0.0,0,24
/Users/jiangnanhugo/workspace/power-sharpening/Subtree-Prefetching-Power-Sharpening/case_studies/logs-entropycut/lcb_v6/2026-09-20/vllm/dataset-lcb_v6.model-qwen3.5-4b.alpha4.0.steps100.blocks-1.cut-entropy4.0.samples20.maxnew1024.seed10086.powerMH.vllm.log,EntropyCut,6317,2026-09-20 22:25:15,89.2,141.4,1,0,0.3,0.0,66.53333333333333,0.0,0,24
/Users/jiangnanhugo/workspace/power-sharpening/Subtree-Prefetching-Power-Sharpening/case_studies/logs-entropycut/lcb_v6/2026-09-20/vllm/dataset-lcb_v6.model-qwen3.5-4b.alpha4.0.steps100.blocks-1.cut-entropy4.0.samples20.maxnew1024.seed10086.powerMH.vllm.log,EntropyCut,6338,2026-09-20 22:25:25,135.4,140.8,1,0,0.2,0.0,66.7,0.0,0,28
/Users/jiangnanhugo/workspace/power-sharpening/Subtree-Prefetching-Power-Sharpening/case_studies/logs-entropycut/lcb_v6/2026-09-20/vllm/dataset-lcb_v6.model-qwen3.5-4b.alpha4.0.steps100.blocks-1.cut-entropy4.0.samples20.maxnew1024.seed10086.powerMH.vllm.log,EntropyCut,6347,2026-09-20 22:25:35,74.1,144.0,1,0,0.3,0.0,66.86666666666666,0.0,0,20
/Users/jiangnanhugo/workspace/power-sharpening/Subtree-Prefetching-Power-Sharpening/case_studies/logs-entropycut/lcb_v6/2026-09-20/vllm/dataset-lcb_v6.model-qwen3.5-4b.alpha4.0.steps100.blocks-1.cut-entropy4.0.samples20.maxnew1024.seed10086.powerMH.vllm.log,EntropyCut,6364,2026-09-20 22:25:45,125.2,141.0,1,0,0.1,0.0,67.03333333333333,0.0,0,24
/Users/jiangnanhugo/workspace/power-sharpening/Subtree-Prefetching-Power-Sharpening/case_studies/logs-entropycut/lcb_v6/2026-09-20/vllm/dataset-lcb_v6.model-qwen3.5-4b.alpha4.0.steps100.blocks-1.cut-entropy4.0.samples20.maxnew1024.seed10086.powerMH.vllm.log,EntropyCut,6373,2026-09-20 22:25:55,67.8,143.5,1,0,0.2,0.0,67.2,0.0,0,20
/Users/jiangnanhugo/workspace/power-sharpening/Subtree-Prefetching-Power-Sharpening/case_studies/logs-entropycut/lcb_v6/2026-09-20/vllm/dataset-lcb_v6.model-qwen3.5-4b.alpha4.0.steps100.blocks-1.cut-entropy4.0.samples20.maxnew1024.seed10086.powerMH.vllm.log,EntropyCut,6382,2026-09-20 22:26:05,73.1,144.5,1,0,0.3,0.0,67.36666666666666,0.0,0,20
/Users/jiangnanhugo/workspace/power-sharpening/Subtree-Prefetching-Power-Sharpening/case_studies/logs-entropycut/lcb_v6/2026-09-20/vllm/dataset-lcb_v6.model-qwen3.5-4b.alpha4.0.steps100.blocks-1.cut-entropy4.0.samples20.maxnew1024.seed10086.powerMH.vllm.log,EntropyCut,6391,2026-09-20 22:26:15,65.3,144.1,1,0,0.3,0.0,67.53333333333333,0.0,0,20
/Users/jiangnanhugo/workspace/power-sharpening/Subtree-Prefetching-Power-Sharpening/case_studies/logs-entropycut/lcb_v6/2026-09-20/vllm/dataset-lcb_v6.model-qwen3.5-4b.alpha4.0.steps100.blocks-1.cut-entropy4.0.samples20.maxnew1024.seed10086.powerMH.vllm.log,EntropyCut,6404,2026-09-20 22:26:25,84.3,143.6,1,0,0.3,0.0,67.7,0.0,0,20
/Users/jiangnanhugo/workspace/power-sharpening/Subtree-Prefetching-Power-Sharpening/case_studies/logs-entropycut/lcb_v6/2026-09-20/vllm/dataset-lcb_v6.model-qwen3.5-4b.alpha4.0.steps100.blocks-1.cut-entropy4.0.samples20.maxnew1024.seed10086.powerMH.vllm.log,EntropyCut,6421,2026-09-20 22:26:35,133.0,141.2,1,0,0.2,0.0,67.86666666666666,0.0,0,28
/Users/jiangnanhugo/workspace/power-sharpening/Subtree-Prefetching-Power-Sharpening/case_studies/logs-entropycut/lcb_v6/2026-09-20/vllm/dataset-lcb_v6.model-qwen3.5-4b.alpha4.0.steps100.blocks-1.cut-entropy4.0.samples20.maxnew1024.seed10086.powerMH.vllm.log,EntropyCut,6426,2026-09-20 22:26:45,41.3,146.3,1,0,0.3,0.0,68.03333333333333,75.0,12,16
/Users/jiangnanhugo/workspace/power-sharpening/Subtree-Prefetching-Power-Sharpening/case_studies/logs-entropycut/lcb_v6/2026-09-20/vllm/dataset-lcb_v6.model-qwen3.5-4b.alpha4.0.steps100.blocks-1.cut-entropy4.0.samples20.maxnew1024.seed10086.powerMH.vllm.log,EntropyCut,6443,2026-09-20 22:26:55,126.7,141.0,1,0,0.2,0.0,68.2,33.333333,8,24
/Users/jiangnanhugo/workspace/power-sharpening/Subtree-Prefetching-Power-Sharpening/case_studies/logs-entropycut/lcb_v6/2026-09-20/vllm/dataset-lcb_v6.model-qwen3.5-4b.alpha4.0.steps100.blocks-1.cut-entropy4.0.samples20.maxnew1024.seed10086.powerMH.vllm.log,EntropyCut,6456,2026-09-20 22:27:05,53.5,142.3,1,0,0.3,0.0,68.36666666666666,40.0,8,20
/Users/jiangnanhugo/workspace/power-sharpening/Subtree-Prefetching-Power-Sharpening/case_studies/logs-entropycut/lcb_v6/2026-09-20/vllm/dataset-lcb_v6.model-qwen3.5-4b.alpha4.0.steps100.blocks-1.cut-entropy4.0.samples20.maxnew1024.seed10086.powerMH.vllm.log,EntropyCut,6465,2026-09-20 22:27:15,80.1,144.3,1,0,0.3,0.0,68.53333333333333,60.0,12,20
/Users/jiangnanhugo/workspace/power-sharpening/Subtree-Prefetching-Power-Sharpening/case_studies/logs-entropycut/lcb_v6/2026-09-20/vllm/dataset-lcb_v6.model-qwen3.5-4b.alpha4.0.steps100.blocks-1.cut-entropy4.0.samples20.maxnew1024.seed10086.powerMH.vllm.log,EntropyCut,6478,2026-09-20 22:27:25,96.5,142.0,1,0,0.2,0.0,68.7,40.0,8,20
/Users/jiangnanhugo/workspace/power-sharpening/Subtree-Prefetching-Power-Sharpening/case_studies/logs-entropycut/lcb_v6/2026-09-20/vllm/dataset-lcb_v6.model-qwen3.5-4b.alpha4.0.steps100.blocks-1.cut-entropy4.0.samples20.maxnew1024.seed10086.powerMH.vllm.log,EntropyCut,6487,2026-09-20 22:27:35,50.6,144.5,1,0,0.3,0.0,68.86666666666666,60.0,12,20
/Users/jiangnanhugo/workspace/power-sharpening/Subtree-Prefetching-Power-Sharpening/case_studies/logs-entropycut/lcb_v6/2026-09-20/vllm/dataset-lcb_v6.model-qwen3.5-4b.alpha4.0.steps100.blocks-1.cut-entropy4.0.samples20.maxnew1024.seed10086.powerMH.vllm.log,EntropyCut,6496,2026-09-20 22:27:45,85.4,145.0,1,0,0.2,0.0,69.03333333333333,60.0,12,20
/Users/jiangnanhugo/workspace/power-sharpening/Subtree-Prefetching-Power-Sharpening/case_studies/logs-entropycut/lcb_v6/2026-09-20/vllm/dataset-lcb_v6.model-qwen3.5-4b.alpha4.0.steps100.blocks-1.cut-entropy4.0.samples20.maxnew1024.seed10086.powerMH.vllm.log,EntropyCut,6509,2026-09-20 22:27:55,68.2,142.8,1,0,0.2,0.0,69.2,40.0,8,20
/Users/jiangnanhugo/workspace/power-sharpening/Subtree-Prefetching-Power-Sharpening/case_studies/logs-entropycut/lcb_v6/2026-09-20/vllm/dataset-lcb_v6.model-qwen3.5-4b.alpha4.0.steps100.blocks-1.cut-entropy4.0.samples20.maxnew1024.seed10086.powerMH.vllm.log,EntropyCut,6526,2026-09-20 22:28:05,82.3,142.1,1,0,0.3,0.0,69.36666666666666,33.333333,8,24
/Users/jiangnanhugo/workspace/power-sharpening/Subtree-Prefetching-Power-Sharpening/case_studies/logs-entropycut/lcb_v6/2026-09-20/vllm/dataset-lcb_v6.model-qwen3.5-4b.alpha4.0.steps100.blocks-1.cut-entropy4.0.samples20.maxnew1024.seed10086.powerMH.vllm.log,EntropyCut,6535,2026-09-20 22:28:15,85.6,144.1,1,0,0.2,0.0,69.53333333333333,60.0,12,20
/Users/jiangnanhugo/workspace/power-sharpening/Subtree-Prefetching-Power-Sharpening/case_studies/logs-entropycut/lcb_v6/2026-09-20/vllm/dataset-lcb_v6.model-qwen3.5-4b.alpha4.0.steps100.blocks-1.cut-entropy4.0.samples20.maxnew1024.seed10086.powerMH.vllm.log,EntropyCut,6548,2026-09-20 22:28:25,99.0,143.6,1,0,0.3,0.0,69.7,50.0,12,24
/Users/jiangnanhugo/workspace/power-sharpening/Subtree-Prefetching-Power-Sharpening/case_studies/logs-entropycut/lcb_v6/2026-09-20/vllm/dataset-lcb_v6.model-qwen3.5-4b.alpha4.0.steps100.blocks-1.cut-entropy4.0.samples20.maxnew1024.seed10086.powerMH.vllm.log,EntropyCut,6565,2026-09-20 22:28:35,140.9,141.6,1,0,0.2,0.0,69.86666666666666,33.333333,8,24
/Users/jiangnanhugo/workspace/power-sharpening/Subtree-Prefetching-Power-Sharpening/case_studies/logs-entropycut/lcb_v6/2026-09-20/vllm/dataset-lcb_v6.model-qwen3.5-4b.alpha4.0.steps100.blocks-1.cut-entropy4.0.samples20.maxnew1024.seed10086.powerMH.vllm.log,EntropyCut,6574,2026-09-20 22:28:45,61.7,144.0,1,0,0.2,0.0,70.03333333333333,60.0,12,20
/Users/jiangnanhugo/workspace/power-sharpening/Subtree-Prefetching-Power-Sharpening/case_studies/logs-entropycut/lcb_v6/2026-09-20/vllm/dataset-lcb_v6.model-qwen3.5-4b.alpha4.0.steps100.blocks-1.cut-entropy4.0.samples20.maxnew1024.seed10086.powerMH.vllm.log,EntropyCut,6579,2026-09-20 22:28:55,41.3,144.7,1,0,0.3,0.0,70.2,75.0,12,16
/Users/jiangnanhugo/workspace/power-sharpening/Subtree-Prefetching-Power-Sharpening/case_studies/logs-entropycut/lcb_v6/2026-09-20/vllm/dataset-lcb_v6.model-qwen3.5-4b.alpha4.0.steps100.blocks-1.cut-entropy4.0.samples20.maxnew1024.seed10086.powerMH.vllm.log,EntropyCut,6588,2026-09-20 22:29:05,74.9,143.7,1,0,0.3,0.0,70.36666666666666,60.0,12,20
/Users/jiangnanhugo/workspace/power-sharpening/Subtree-Prefetching-Power-Sharpening/case_studies/logs-entropycut/lcb_v6/2026-09-20/vllm/dataset-lcb_v6.model-qwen3.5-4b.alpha4.0.steps100.blocks-1.cut-entropy4.0.samples20.maxnew1024.seed10086.powerMH.vllm.log,EntropyCut,6597,2026-09-20 22:29:15,82.5,143.5,1,0,0.2,0.0,70.53333333333333,60.0,12,20
/Users/jiangnanhugo/workspace/power-sharpening/Subtree-Prefetching-Power-Sharpening/case_studies/logs-entropycut/lcb_v6/2026-09-20/vllm/dataset-lcb_v6.model-qwen3.5-4b.alpha4.0.steps100.blocks-1.cut-entropy4.0.samples20.maxnew1024.seed10086.powerMH.vllm.log,EntropyCut,6602,2026-09-20 22:29:25,41.3,145.4,1,0,0.3,0.0,70.7,75.0,12,16
/Users/jiangnanhugo/workspace/power-sharpening/Subtree-Prefetching-Power-Sharpening/case_studies/logs-entropycut/lcb_v6/2026-09-20/vllm/dataset-lcb_v6.model-qwen3.5-4b.alpha4.0.steps100.blocks-1.cut-entropy4.0.samples20.maxnew1024.seed10086.powerMH.vllm.log,EntropyCut,6611,2026-09-20 22:29:35,40.1,143.9,1,0,0.3,0.0,70.86666666666666,50.0,8,16
/Users/jiangnanhugo/workspace/power-sharpening/Subtree-Prefetching-Power-Sharpening/case_studies/logs-entropycut/lcb_v6/2026-09-20/vllm/dataset-lcb_v6.model-qwen3.5-4b.alpha4.0.steps100.blocks-1.cut-entropy4.0.samples20.maxnew1024.seed10086.powerMH.vllm.log,EntropyCut,6624,2026-09-20 22:29:45,119.2,143.2,1,0,0.3,0.0,71.03333333333333,50.0,12,24
/Users/jiangnanhugo/workspace/power-sharpening/Subtree-Prefetching-Power-Sharpening/case_studies/logs-entropycut/lcb_v6/2026-09-20/vllm/dataset-lcb_v6.model-qwen3.5-4b.alpha4.0.steps100.blocks-1.cut-entropy4.0.samples20.maxnew1024.seed10086.powerMH.vllm.log,EntropyCut,6641,2026-09-20 22:29:55,102.9,141.5,1,0,0.3,0.0,71.2,33.333333,8,24
/Users/jiangnanhugo/workspace/power-sharpening/Subtree-Prefetching-Power-Sharpening/case_studies/logs-entropycut/lcb_v6/2026-09-20/vllm/dataset-lcb_v6.model-qwen3.5-4b.alpha4.0.steps100.blocks-1.cut-entropy4.0.samples20.maxnew1024.seed10086.powerMH.vllm.log,EntropyCut,6662,2026-09-20 22:30:05,145.7,140.4,1,0,0.2,0.0,71.36666666666666,28.571429,8,28
/Users/jiangnanhugo/workspace/power-sharpening/Subtree-Prefetching-Power-Sharpening/case_studies/logs-entropycut/lcb_v6/2026-09-20/vllm/dataset-lcb_v6.model-qwen3.5-4b.alpha4.0.steps100.blocks-1.cut-entropy4.0.samples20.maxnew1024.seed10086.powerMH.vllm.log,EntropyCut,6675,2026-09-20 22:30:15,123.1,142.5,1,0,0.1,0.0,71.53333333333333,50.0,12,24
/Users/jiangnanhugo/workspace/power-sharpening/Subtree-Prefetching-Power-Sharpening/case_studies/logs-entropycut/lcb_v6/2026-09-20/vllm/dataset-lcb_v6.model-qwen3.5-4b.alpha4.0.steps100.blocks-1.cut-entropy4.0.samples20.maxnew1024.seed10086.powerMH.vllm.log,EntropyCut,6688,2026-09-20 22:30:25,93.3,142.9,1,0,0.3,0.0,71.7,50.0,12,24
/Users/jiangnanhugo/workspace/power-sharpening/Subtree-Prefetching-Power-Sharpening/case_studies/logs-entropycut/lcb_v6/2026-09-20/vllm/dataset-lcb_v6.model-qwen3.5-4b.alpha4.0.steps100.blocks-1.cut-entropy4.0.samples20.maxnew1024.seed10086.powerMH.vllm.log,EntropyCut,6797,2026-09-20 22:30:35,55.1,143.3,1,0,0.2,0.0,71.86666666666666,40.0,8,20
/Users/jiangnanhugo/workspace/power-sharpening/Subtree-Prefetching-Power-Sharpening/case_studies/logs-entropycut/lcb_v6/2026-09-20/vllm/dataset-lcb_v6.model-qwen3.5-4b.alpha4.0.steps100.blocks-1.cut-entropy4.0.samples20.maxnew1024.seed10086.powerMH.vllm.log,EntropyCut,6826,2026-09-20 22:30:45,158.0,138.3,1,0,0.3,0.0,72.03333333333333,22.222222,8,36
/Users/jiangnanhugo/workspace/power-sharpening/Subtree-Prefetching-Power-Sharpening/case_studies/logs-entropycut/lcb_v6/2026-09-20/vllm/dataset-lcb_v6.model-qwen3.5-4b.alpha4.0.steps100.blocks-1.cut-entropy4.0.samples20.maxnew1024.seed10086.powerMH.vllm.log,EntropyCut,6843,2026-09-20 22:30:55,80.3,141.3,1,0,0.3,0.0,72.2,33.333333,8,24
/Users/jiangnanhugo/workspace/power-sharpening/Subtree-Prefetching-Power-Sharpening/case_studies/logs-entropycut/lcb_v6/2026-09-20/vllm/dataset-lcb_v6.model-qwen3.5-4b.alpha4.0.steps100.blocks-1.cut-entropy4.0.samples20.maxnew1024.seed10086.powerMH.vllm.log,EntropyCut,6852,2026-09-20 22:31:05,80.6,144.9,1,0,0.3,0.0,72.36666666666666,60.0,12,20
/Users/jiangnanhugo/workspace/power-sharpening/Subtree-Prefetching-Power-Sharpening/case_studies/logs-entropycut/lcb_v6/2026-09-20/vllm/dataset-lcb_v6.model-qwen3.5-4b.alpha4.0.steps100.blocks-1.cut-entropy4.0.samples20.maxnew1024.seed10086.powerMH.vllm.log,EntropyCut,6869,2026-09-20 22:31:15,78.7,141.8,1,0,0.3,0.0,72.53333333333333,33.333333,8,24
/Users/jiangnanhugo/workspace/power-sharpening/Subtree-Prefetching-Power-Sharpening/case_studies/logs-entropycut/lcb_v6/2026-09-20/vllm/dataset-lcb_v6.model-qwen3.5-4b.alpha4.0.steps100.blocks-1.cut-entropy4.0.samples20.maxnew1024.seed10086.powerMH.vllm.log,EntropyCut,6882,2026-09-20 22:31:25,50.1,143.1,1,0,0.3,0.0,72.7,40.0,8,20
/Users/jiangnanhugo/workspace/power-sharpening/Subtree-Prefetching-Power-Sharpening/case_studies/logs-entropycut/lcb_v6/2026-09-20/vllm/dataset-lcb_v6.model-qwen3.5-4b.alpha4.0.steps100.blocks-1.cut-entropy4.0.samples20.maxnew1024.seed10086.powerMH.vllm.log,EntropyCut,6899,2026-09-20 22:31:35,139.2,141.4,1,0,0.2,0.0,72.86666666666666,42.857143,12,28
/Users/jiangnanhugo/workspace/power-sharpening/Subtree-Prefetching-Power-Sharpening/case_studies/logs-entropycut/lcb_v6/2026-09-20/vllm/dataset-lcb_v6.model-qwen3.5-4b.alpha4.0.steps100.blocks-1.cut-entropy4.0.samples20.maxnew1024.seed10086.powerMH.vllm.log,EntropyCut,6908,2026-09-20 22:31:45,85.8,144.1,1,0,0.2,0.0,73.03333333333333,60.0,12,20
/Users/jiangnanhugo/workspace/power-sharpening/Subtree-Prefetching-Power-Sharpening/case_studies/logs-entropycut/lcb_v6/2026-09-20/vllm/dataset-lcb_v6.model-qwen3.5-4b.alpha4.0.steps100.blocks-1.cut-entropy4.0.samples20.maxnew1024.seed10086.powerMH.vllm.log,EntropyCut,6921,2026-09-20 22:31:55,78.4,143.1,1,0,0.3,0.0,73.2,50.0,12,24
/Users/jiangnanhugo/workspace/power-sharpening/Subtree-Prefetching-Power-Sharpening/case_studies/logs-entropycut/lcb_v6/2026-09-20/vllm/dataset-lcb_v6.model-qwen3.5-4b.alpha4.0.steps100.blocks-1.cut-entropy4.0.samples20.maxnew1024.seed10086.powerMH.vllm.log,EntropyCut,6938,2026-09-20 22:32:05,131.7,141.5,1,0,0.3,0.0,73.36666666666666,42.857143,12,28
/Users/jiangnanhugo/workspace/power-sharpening/Subtree-Prefetching-Power-Sharpening/case_studies/logs-entropycut/lcb_v6/2026-09-20/vllm/dataset-lcb_v6.model-qwen3.5-4b.alpha4.0.steps100.blocks-1.cut-entropy4.0.samples20.maxnew1024.seed10086.powerMH.vllm.log,EntropyCut,6955,2026-09-20 22:32:15,83.6,141.7,1,0,0.2,0.0,73.53333333333333,33.333333,8,24
/Users/jiangnanhugo/workspace/power-sharpening/Subtree-Prefetching-Power-Sharpening/case_studies/logs-entropycut/lcb_v6/2026-09-20/vllm/dataset-lcb_v6.model-qwen3.5-4b.alpha4.0.steps100.blocks-1.cut-entropy4.0.samples20.maxnew1024.seed10086.powerMH.vllm.log,EntropyCut,6968,2026-09-20 22:32:25,51.9,142.0,1,0,0.3,0.0,73.7,40.0,8,20
/Users/jiangnanhugo/workspace/power-sharpening/Subtree-Prefetching-Power-Sharpening/case_studies/logs-entropycut/lcb_v6/2026-09-20/vllm/dataset-lcb_v6.model-qwen3.5-4b.alpha4.0.steps100.blocks-1.cut-entropy4.0.samples20.maxnew1024.seed10086.powerMH.vllm.log,EntropyCut,6985,2026-09-20 22:32:35,72.0,141.6,1,0,0.3,0.0,73.86666666666666,33.333333,8,24
/Users/jiangnanhugo/workspace/power-sharpening/Subtree-Prefetching-Power-Sharpening/case_studies/logs-entropycut/lcb_v6/2026-09-20/vllm/dataset-lcb_v6.model-qwen3.5-4b.alpha4.0.steps100.blocks-1.cut-entropy4.0.samples20.maxnew1024.seed10086.powerMH.vllm.log,EntropyCut,6998,2026-09-20 22:32:45,90.4,142.7,1,0,0.2,0.0,74.03333333333333,40.0,8,20
/Users/jiangnanhugo/workspace/power-sharpening/Subtree-Prefetching-Power-Sharpening/case_studies/logs-entropycut/lcb_v6/2026-09-20/vllm/dataset-lcb_v6.model-qwen3.5-4b.alpha4.0.steps100.blocks-1.cut-entropy4.0.samples20.maxnew1024.seed10086.powerMH.vllm.log,EntropyCut,7011,2026-09-20 22:32:55,82.7,142.8,1,0,0.3,0.0,74.2,50.0,12,24
/Users/jiangnanhugo/workspace/power-sharpening/Subtree-Prefetching-Power-Sharpening/case_studies/logs-entropycut/lcb_v6/2026-09-20/vllm/dataset-lcb_v6.model-qwen3.5-4b.alpha4.0.steps100.blocks-1.cut-entropy4.0.samples20.maxnew1024.seed10086.powerMH.vllm.log,EntropyCut,7028,2026-09-20 22:33:05,84.7,141.6,1,0,0.2,0.0,74.36666666666666,33.333333,8,24
/Users/jiangnanhugo/workspace/power-sharpening/Subtree-Prefetching-Power-Sharpening/case_studies/logs-entropycut/lcb_v6/2026-09-20/vllm/dataset-lcb_v6.model-qwen3.5-4b.alpha4.0.steps100.blocks-1.cut-entropy4.0.samples20.maxnew1024.seed10086.powerMH.vllm.log,EntropyCut,7041,2026-09-20 22:33:15,80.8,143.2,1,0,0.2,0.0,74.53333333333333,50.0,12,24
/Users/jiangnanhugo/workspace/power-sharpening/Subtree-Prefetching-Power-Sharpening/case_studies/logs-entropycut/lcb_v6/2026-09-20/vllm/dataset-lcb_v6.model-qwen3.5-4b.alpha4.0.steps100.blocks-1.cut-entropy4.0.samples20.maxnew1024.seed10086.powerMH.vllm.log,EntropyCut,7050,2026-09-20 22:33:25,44.3,144.9,1,0,0.2,0.0,74.7,50.0,8,16
/Users/jiangnanhugo/workspace/power-sharpening/Subtree-Prefetching-Power-Sharpening/case_studies/logs-entropycut/lcb_v6/2026-09-20/vllm/dataset-lcb_v6.model-qwen3.5-4b.alpha4.0.steps100.blocks-1.cut-entropy4.0.samples20.maxnew1024.seed10086.powerMH.vllm.log,EntropyCut,7063,2026-09-20 22:33:35,90.4,143.6,1,0,0.2,0.0,74.86666666666666,50.0,12,24
/Users/jiangnanhugo/workspace/power-sharpening/Subtree-Prefetching-Power-Sharpening/case_studies/logs-entropycut/lcb_v6/2026-09-20/vllm/dataset-lcb_v6.model-qwen3.5-4b.alpha4.0.steps100.blocks-1.cut-entropy4.0.samples20.maxnew1024.seed10086.powerMH.vllm.log,EntropyCut,7068,2026-09-20 22:33:45,39.1,145.0,1,0,0.3,0.0,75.03333333333333,75.0,12,16
/Users/jiangnanhugo/workspace/power-sharpening/Subtree-Prefetching-Power-Sharpening/case_studies/logs-entropycut/lcb_v6/2026-09-20/vllm/dataset-lcb_v6.model-qwen3.5-4b.alpha4.0.steps100.blocks-1.cut-entropy4.0.samples20.maxnew1024.seed10086.powerMH.vllm.log,EntropyCut,7085,2026-09-20 22:33:55,83.0,141.9,1,0,0.2,0.0,75.2,33.333333,8,24
/Users/jiangnanhugo/workspace/power-sharpening/Subtree-Prefetching-Power-Sharpening/case_studies/logs-entropycut/lcb_v6/2026-09-20/vllm/dataset-lcb_v6.model-qwen3.5-4b.alpha4.0.steps100.blocks-1.cut-entropy4.0.samples20.maxnew1024.seed10086.powerMH.vllm.log,EntropyCut,7094,2026-09-20 22:34:05,80.5,144.4,1,0,0.3,0.0,75.36666666666666,60.0,12,20
/Users/jiangnanhugo/workspace/power-sharpening/Subtree-Prefetching-Power-Sharpening/case_studies/logs-entropycut/lcb_v6/2026-09-20/vllm/dataset-lcb_v6.model-qwen3.5-4b.alpha4.0.steps100.blocks-1.cut-entropy4.0.samples20.maxnew1024.seed10086.powerMH.vllm.log,EntropyCut,7111,2026-09-20 22:34:15,158.3,142.8,1,0,0.3,0.0,75.53333333333333,50.0,16,32
/Users/jiangnanhugo/workspace/power-sharpening/Subtree-Prefetching-Power-Sharpening/case_studies/logs-entropycut/lcb_v6/2026-09-20/vllm/dataset-lcb_v6.model-qwen3.5-4b.alpha4.0.steps100.blocks-1.cut-entropy4.0.samples20.maxnew1024.seed10086.powerMH.vllm.log,EntropyCut,7128,2026-09-20 22:34:25,87.9,141.4,1,0,0.2,0.0,75.7,33.333333,8,24
/Users/jiangnanhugo/workspace/power-sharpening/Subtree-Prefetching-Power-Sharpening/case_studies/logs-entropycut/lcb_v6/2026-09-20/vllm/dataset-lcb_v6.model-qwen3.5-4b.alpha4.0.steps100.blocks-1.cut-entropy4.0.samples20.maxnew1024.seed10086.powerMH.vllm.log,EntropyCut,7145,2026-09-20 22:34:35,134.2,141.9,1,0,0.3,0.0,75.86666666666666,42.857143,12,28
/Users/jiangnanhugo/workspace/power-sharpening/Subtree-Prefetching-Power-Sharpening/case_studies/logs-entropycut/lcb_v6/2026-09-20/vllm/dataset-lcb_v6.model-qwen3.5-4b.alpha4.0.steps100.blocks-1.cut-entropy4.0.samples20.maxnew1024.seed10086.powerMH.vllm.log,EntropyCut,7154,2026-09-20 22:34:45,80.6,144.2,1,0,0.3,0.0,76.03333333333333,60.0,12,20
/Users/jiangnanhugo/workspace/power-sharpening/Subtree-Prefetching-Power-Sharpening/case_studies/logs-entropycut/lcb_v6/2026-09-20/vllm/dataset-lcb_v6.model-qwen3.5-4b.alpha4.0.steps100.blocks-1.cut-entropy4.0.samples20.maxnew1024.seed10086.powerMH.vllm.log,EntropyCut,7171,2026-09-20 22:34:55,165.8,141.6,1,0,0.2,0.0,76.2,42.857143,12,28
/Users/jiangnanhugo/workspace/power-sharpening/Subtree-Prefetching-Power-Sharpening/case_studies/logs-entropycut/lcb_v6/2026-09-20/vllm/dataset-lcb_v6.model-qwen3.5-4b.alpha4.0.steps100.blocks-1.cut-entropy4.0.samples20.maxnew1024.seed10086.powerMH.vllm.log,EntropyCut,7184,2026-09-20 22:35:05,120.8,143.2,1,0,0.3,0.0,76.36666666666666,57.142857,16,28
/Users/jiangnanhugo/workspace/power-sharpening/Subtree-Prefetching-Power-Sharpening/case_studies/logs-entropycut/lcb_v6/2026-09-20/vllm/dataset-lcb_v6.model-qwen3.5-4b.alpha4.0.steps100.blocks-1.cut-entropy4.0.samples20.maxnew1024.seed10086.powerMH.vllm.log,EntropyCut,7201,2026-09-20 22:35:15,106.9,141.4,1,0,0.1,0.0,76.53333333333333,33.333333,8,24
/Users/jiangnanhugo/workspace/power-sharpening/Subtree-Prefetching-Power-Sharpening/case_studies/logs-entropycut/lcb_v6/2026-09-20/vllm/dataset-lcb_v6.model-qwen3.5-4b.alpha4.0.steps100.blocks-1.cut-entropy4.0.samples20.maxnew1024.seed10086.powerMH.vllm.log,EntropyCut,7214,2026-09-20 22:35:25,15.7,143.9,1,0,0.2,0.0,76.7,40.0,8,20
/Users/jiangnanhugo/workspace/power-sharpening/Subtree-Prefetching-Power-Sharpening/case_studies/logs-entropycut/lcb_v6/2026-09-20/vllm/dataset-lcb_v6.model-qwen3.5-4b.alpha4.0.steps100.blocks-1.cut-entropy4.0.samples20.maxnew1024.seed10086.powerMH.vllm.log,EntropyCut,7346,2026-09-20 22:35:35,32.0,143.7,1,0,0.3,0.0,76.86666666666666,50.0,8,16
/Users/jiangnanhugo/workspace/power-sharpening/Subtree-Prefetching-Power-Sharpening/case_studies/logs-entropycut/lcb_v6/2026-09-20/vllm/dataset-lcb_v6.model-qwen3.5-4b.alpha4.0.steps100.blocks-1.cut-entropy4.0.samples20.maxnew1024.seed10086.powerMH.vllm.log,EntropyCut,7362,2026-09-20 22:35:45,120.6,141.8,1,0,0.2,0.0,77.03333333333333,42.857143,12,28
/Users/jiangnanhugo/workspace/power-sharpening/Subtree-Prefetching-Power-Sharpening/case_studies/logs-entropycut/lcb_v6/2026-09-20/vllm/dataset-lcb_v6.model-qwen3.5-4b.alpha4.0.steps100.blocks-1.cut-entropy4.0.samples20.maxnew1024.seed10086.powerMH.vllm.log,EntropyCut,7375,2026-09-20 22:35:55,80.3,142.5,1,0,0.2,0.0,77.2,50.0,12,24
/Users/jiangnanhugo/workspace/power-sharpening/Subtree-Prefetching-Power-Sharpening/case_studies/logs-entropycut/lcb_v6/2026-09-20/vllm/dataset-lcb_v6.model-qwen3.5-4b.alpha4.0.steps100.blocks-1.cut-entropy4.0.samples20.maxnew1024.seed10086.powerMH.vllm.log,EntropyCut,7388,2026-09-20 22:36:05,61.0,142.7,1,0,0.2,0.0,77.36666666666666,40.0,8,20
/Users/jiangnanhugo/workspace/power-sharpening/Subtree-Prefetching-Power-Sharpening/case_studies/logs-entropycut/lcb_v6/2026-09-20/vllm/dataset-lcb_v6.model-qwen3.5-4b.alpha4.0.steps100.blocks-1.cut-entropy4.0.samples20.maxnew1024.seed10086.powerMH.vllm.log,EntropyCut,7401,2026-09-20 22:36:15,87.7,142.8,1,0,0.3,0.0,77.53333333333333,50.0,12,24
/Users/jiangnanhugo/workspace/power-sharpening/Subtree-Prefetching-Power-Sharpening/case_studies/logs-entropycut/lcb_v6/2026-09-20/vllm/dataset-lcb_v6.model-qwen3.5-4b.alpha4.0.steps100.blocks-1.cut-entropy4.0.samples20.maxnew1024.seed10086.powerMH.vllm.log,EntropyCut,7422,2026-09-20 22:36:25,129.5,140.2,1,0,0.2,0.0,77.7,28.571429,8,28
/Users/jiangnanhugo/workspace/power-sharpening/Subtree-Prefetching-Power-Sharpening/case_studies/logs-entropycut/lcb_v6/2026-09-20/vllm/dataset-lcb_v6.model-qwen3.5-4b.alpha4.0.steps100.blocks-1.cut-entropy4.0.samples20.maxnew1024.seed10086.powerMH.vllm.log,EntropyCut,7439,2026-09-20 22:36:35,88.7,143.4,1,0,0.2,0.0,77.86666666666666,42.857143,12,28
/Users/jiangnanhugo/workspace/power-sharpening/Subtree-Prefetching-Power-Sharpening/case_studies/logs-entropycut/lcb_v6/2026-09-20/vllm/dataset-lcb_v6.model-qwen3.5-4b.alpha4.0.steps100.blocks-1.cut-entropy4.0.samples20.maxnew1024.seed10086.powerMH.vllm.log,EntropyCut,7448,2026-09-20 22:36:45,60.1,145.7,1,0,0.3,0.0,78.03333333333333,60.0,12,20
/Users/jiangnanhugo/workspace/power-sharpening/Subtree-Prefetching-Power-Sharpening/case_studies/logs-entropycut/lcb_v6/2026-09-20/vllm/dataset-lcb_v6.model-qwen3.5-4b.alpha4.0.steps100.blocks-1.cut-entropy4.0.samples20.maxnew1024.seed10086.powerMH.vllm.log,EntropyCut,7461,2026-09-20 22:36:55,44.5,144.0,1,0,0.3,0.0,78.2,40.0,8,20
/Users/jiangnanhugo/workspace/power-sharpening/Subtree-Prefetching-Power-Sharpening/case_studies/logs-entropycut/lcb_v6/2026-09-20/vllm/dataset-lcb_v6.model-qwen3.5-4b.alpha4.0.steps100.blocks-1.cut-entropy4.0.samples20.maxnew1024.seed10086.powerMH.vllm.log,EntropyCut,7474,2026-09-20 22:37:05,67.1,142.5,1,0,0.2,0.0,78.36666666666666,40.0,8,20
/Users/jiangnanhugo/workspace/power-sharpening/Subtree-Prefetching-Power-Sharpening/case_studies/logs-entropycut/lcb_v6/2026-09-20/vllm/dataset-lcb_v6.model-qwen3.5-4b.alpha4.0.steps100.blocks-1.cut-entropy4.0.samples20.maxnew1024.seed10086.powerMH.vllm.log,EntropyCut,7487,2026-09-20 22:37:15,130.4,142.8,1,0,0.3,0.0,78.53333333333333,57.142857,16,28
/Users/jiangnanhugo/workspace/power-sharpening/Subtree-Prefetching-Power-Sharpening/case_studies/logs-entropycut/lcb_v6/2026-09-20/vllm/dataset-lcb_v6.model-qwen3.5-4b.alpha4.0.steps100.blocks-1.cut-entropy4.0.samples20.maxnew1024.seed10086.powerMH.vllm.log,EntropyCut,7504,2026-09-20 22:37:25,87.1,142.2,1,0,0.2,0.0,78.7,33.333333,8,24
/Users/jiangnanhugo/workspace/power-sharpening/Subtree-Prefetching-Power-Sharpening/case_studies/logs-entropycut/lcb_v6/2026-09-20/vllm/dataset-lcb_v6.model-qwen3.5-4b.alpha4.0.steps100.blocks-1.cut-entropy4.0.samples20.maxnew1024.seed10086.powerMH.vllm.log,EntropyCut,7513,2026-09-20 22:37:35,81.6,144.3,1,0,0.2,0.0,78.86666666666666,60.0,12,20
/Users/jiangnanhugo/workspace/power-sharpening/Subtree-Prefetching-Power-Sharpening/case_studies/logs-entropycut/lcb_v6/2026-09-20/vllm/dataset-lcb_v6.model-qwen3.5-4b.alpha4.0.steps100.blocks-1.cut-entropy4.0.samples20.maxnew1024.seed10086.powerMH.vllm.log,EntropyCut,7522,2026-09-20 22:37:45,50.0,143.9,1,0,0.3,0.0,79.03333333333333,60.0,12,20
/Users/jiangnanhugo/workspace/power-sharpening/Subtree-Prefetching-Power-Sharpening/case_studies/logs-entropycut/lcb_v6/2026-09-20/vllm/dataset-lcb_v6.model-qwen3.5-4b.alpha4.0.steps100.blocks-1.cut-entropy4.0.samples20.maxnew1024.seed10086.powerMH.vllm.log,EntropyCut,7543,2026-09-20 22:37:55,129.4,141.2,1,0,0.2,0.0,79.2,37.5,12,32
/Users/jiangnanhugo/workspace/power-sharpening/Subtree-Prefetching-Power-Sharpening/case_studies/logs-entropycut/lcb_v6/2026-09-20/vllm/dataset-lcb_v6.model-qwen3.5-4b.alpha4.0.steps100.blocks-1.cut-entropy4.0.samples20.maxnew1024.seed10086.powerMH.vllm.log,EntropyCut,7552,2026-09-20 22:38:05,41.3,143.5,1,0,0.2,0.0,79.36666666666666,50.0,8,16
/Users/jiangnanhugo/workspace/power-sharpening/Subtree-Prefetching-Power-Sharpening/case_studies/logs-entropycut/lcb_v6/2026-09-20/vllm/dataset-lcb_v6.model-qwen3.5-4b.alpha4.0.steps100.blocks-1.cut-entropy4.0.samples20.maxnew1024.seed10086.powerMH.vllm.log,EntropyCut,7561,2026-09-20 22:38:15,63.8,144.1,1,0,0.3,0.0,79.53333333333333,60.0,12,20
/Users/jiangnanhugo/workspace/power-sharpening/Subtree-Prefetching-Power-Sharpening/case_studies/logs-entropycut/lcb_v6/2026-09-20/vllm/dataset-lcb_v6.model-qwen3.5-4b.alpha4.0.steps100.blocks-1.cut-entropy4.0.samples20.maxnew1024.seed10086.powerMH.vllm.log,EntropyCut,7578,2026-09-20 22:38:25,71.9,141.4,1,0,0.2,0.0,79.7,33.333333,8,24
/Users/jiangnanhugo/workspace/power-sharpening/Subtree-Prefetching-Power-Sharpening/case_studies/logs-entropycut/lcb_v6/2026-09-20/vllm/dataset-lcb_v6.model-qwen3.5-4b.alpha4.0.steps100.blocks-1.cut-entropy4.0.samples20.maxnew1024.seed10086.powerMH.vllm.log,EntropyCut,7591,2026-09-20 22:38:35,90.1,143.0,1,0,0.3,0.0,79.86666666666666,50.0,12,24
/Users/jiangnanhugo/workspace/power-sharpening/Subtree-Prefetching-Power-Sharpening/case_studies/logs-entropycut/lcb_v6/2026-09-20/vllm/dataset-lcb_v6.model-qwen3.5-4b.alpha4.0.steps100.blocks-1.cut-entropy4.0.samples20.maxnew1024.seed10086.powerMH.vllm.log,EntropyCut,7608,2026-09-20 22:38:45,128.3,141.0,1,0,0.2,0.0,80.03333333333333,42.857143,12,28
/Users/jiangnanhugo/workspace/power-sharpening/Subtree-Prefetching-Power-Sharpening/case_studies/logs-entropycut/lcb_v6/2026-09-20/vllm/dataset-lcb_v6.model-qwen3.5-4b.alpha4.0.steps100.blocks-1.cut-entropy4.0.samples20.maxnew1024.seed10086.powerMH.vllm.log,EntropyCut,7621,2026-09-20 22:38:55,146.4,142.9,1,0,0.3,0.0,80.2,57.142857,16,28
/Users/jiangnanhugo/workspace/power-sharpening/Subtree-Prefetching-Power-Sharpening/case_studies/logs-entropycut/lcb_v6/2026-09-20/vllm/dataset-lcb_v6.model-qwen3.5-4b.alpha4.0.steps100.blocks-1.cut-entropy4.0.samples20.maxnew1024.seed10086.powerMH.vllm.log,EntropyCut,7634,2026-09-20 22:39:05,111.8,142.9,1,0,0.2,0.0,80.36666666666666,50.0,12,24
/Users/jiangnanhugo/workspace/power-sharpening/Subtree-Prefetching-Power-Sharpening/case_studies/logs-entropycut/lcb_v6/2026-09-20/vllm/dataset-lcb_v6.model-qwen3.5-4b.alpha4.0.steps100.blocks-1.cut-entropy4.0.samples20.maxnew1024.seed10086.powerMH.vllm.log,EntropyCut,7651,2026-09-20 22:39:15,87.6,141.7,1,0,0.2,0.0,80.53333333333333,33.333333,8,24
/Users/jiangnanhugo/workspace/power-sharpening/Subtree-Prefetching-Power-Sharpening/case_studies/logs-entropycut/lcb_v6/2026-09-20/vllm/dataset-lcb_v6.model-qwen3.5-4b.alpha4.0.steps100.blocks-1.cut-entropy4.0.samples20.maxnew1024.seed10086.powerMH.vllm.log,EntropyCut,7672,2026-09-20 22:39:25,155.1,141.5,1,0,0.2,0.0,80.7,44.444444,16,36
/Users/jiangnanhugo/workspace/power-sharpening/Subtree-Prefetching-Power-Sharpening/case_studies/logs-entropycut/lcb_v6/2026-09-20/vllm/dataset-lcb_v6.model-qwen3.5-4b.alpha4.0.steps100.blocks-1.cut-entropy4.0.samples20.maxnew1024.seed10086.powerMH.vllm.log,EntropyCut,7681,2026-09-20 22:39:35,35.4,144.5,1,0,0.3,0.0,80.86666666666666,50.0,8,16
/Users/jiangnanhugo/workspace/power-sharpening/Subtree-Prefetching-Power-Sharpening/case_studies/logs-entropycut/lcb_v6/2026-09-20/vllm/dataset-lcb_v6.model-qwen3.5-4b.alpha4.0.steps100.blocks-1.cut-entropy4.0.samples20.maxnew1024.seed10086.powerMH.vllm.log,EntropyCut,7694,2026-09-20 22:39:45,91.6,143.0,1,0,0.2,0.0,81.03333333333333,50.0,12,24
/Users/jiangnanhugo/workspace/power-sharpening/Subtree-Prefetching-Power-Sharpening/case_studies/logs-entropycut/lcb_v6/2026-09-20/vllm/dataset-lcb_v6.model-qwen3.5-4b.alpha4.0.steps100.blocks-1.cut-entropy4.0.samples20.maxnew1024.seed10086.powerMH.vllm.log,EntropyCut,7707,2026-09-20 22:39:55,55.0,143.2,1,0,0.2,0.0,81.2,40.0,8,20
/Users/jiangnanhugo/workspace/power-sharpening/Subtree-Prefetching-Power-Sharpening/case_studies/logs-entropycut/lcb_v6/2026-09-20/vllm/dataset-lcb_v6.model-qwen3.5-4b.alpha4.0.steps100.blocks-1.cut-entropy4.0.samples20.maxnew1024.seed10086.powerMH.vllm.log,EntropyCut,7720,2026-09-20 22:40:05,81.6,143.7,1,0,0.2,0.0,81.36666666666666,50.0,12,24
/Users/jiangnanhugo/workspace/power-sharpening/Subtree-Prefetching-Power-Sharpening/case_studies/logs-entropycut/lcb_v6/2026-09-20/vllm/dataset-lcb_v6.model-qwen3.5-4b.alpha4.0.steps100.blocks-1.cut-entropy4.0.samples20.maxnew1024.seed10086.powerMH.vllm.log,EntropyCut,7733,2026-09-20 22:40:15,42.1,143.8,1,0,0.2,0.0,81.53333333333333,40.0,8,20
/Users/jiangnanhugo/workspace/power-sharpening/Subtree-Prefetching-Power-Sharpening/case_studies/logs-entropycut/lcb_v6/2026-09-20/vllm/dataset-lcb_v6.model-qwen3.5-4b.alpha4.0.steps100.blocks-1.cut-entropy4.0.samples20.maxnew1024.seed10086.powerMH.vllm.log,EntropyCut,7742,2026-09-20 22:40:25,47.2,144.1,1,0,0.2,0.0,81.7,50.0,8,16
/Users/jiangnanhugo/workspace/power-sharpening/Subtree-Prefetching-Power-Sharpening/case_studies/logs-entropycut/lcb_v6/2026-09-20/vllm/dataset-lcb_v6.model-qwen3.5-4b.alpha4.0.steps100.blocks-1.cut-entropy4.0.samples20.maxnew1024.seed10086.powerMH.vllm.log,EntropyCut,7751,2026-09-20 22:40:35,78.5,144.3,1,0,0.2,0.0,81.86666666666666,66.666667,16,24
/Users/jiangnanhugo/workspace/power-sharpening/Subtree-Prefetching-Power-Sharpening/case_studies/logs-entropycut/lcb_v6/2026-09-20/vllm/dataset-lcb_v6.model-qwen3.5-4b.alpha4.0.steps100.blocks-1.cut-entropy4.0.samples20.maxnew1024.seed10086.powerMH.vllm.log,EntropyCut,7760,2026-09-20 22:40:45,64.2,144.3,1,0,0.2,0.0,82.03333333333333,60.0,12,20
/Users/jiangnanhugo/workspace/power-sharpening/Subtree-Prefetching-Power-Sharpening/case_studies/logs-entropycut/lcb_v6/2026-09-20/vllm/dataset-lcb_v6.model-qwen3.5-4b.alpha4.0.steps100.blocks-1.cut-entropy4.0.samples20.maxnew1024.seed10086.powerMH.vllm.log,EntropyCut,7765,2026-09-20 22:40:55,42.7,145.9,1,0,0.3,0.0,82.2,75.0,12,16
/Users/jiangnanhugo/workspace/power-sharpening/Subtree-Prefetching-Power-Sharpening/case_studies/logs-entropycut/lcb_v6/2026-09-20/vllm/dataset-lcb_v6.model-qwen3.5-4b.alpha4.0.steps100.blocks-1.cut-entropy4.0.samples20.maxnew1024.seed10086.powerMH.vllm.log,EntropyCut,7778,2026-09-20 22:41:05,80.2,143.3,1,0,0.2,0.0,82.36666666666666,40.0,8,20
/Users/jiangnanhugo/workspace/power-sharpening/Subtree-Prefetching-Power-Sharpening/case_studies/logs-entropycut/lcb_v6/2026-09-20/vllm/dataset-lcb_v6.model-qwen3.5-4b.alpha4.0.steps100.blocks-1.cut-entropy4.0.samples20.maxnew1024.seed10086.powerMH.vllm.log,EntropyCut,7885,2026-09-20 22:41:15,133.5,140.3,1,0,0.3,0.0,82.53333333333333,71.428571,20,28
/Users/jiangnanhugo/workspace/power-sharpening/Subtree-Prefetching-Power-Sharpening/case_studies/logs-entropycut/lcb_v6/2026-09-20/vllm/dataset-lcb_v6.model-qwen3.5-4b.alpha4.0.steps100.blocks-1.cut-entropy4.0.samples20.maxnew1024.seed10086.powerMH.vllm.log,EntropyCut,7902,2026-09-20 22:41:25,59.1,142.1,1,0,0.2,0.0,82.7,20.0,4,20
/Users/jiangnanhugo/workspace/power-sharpening/Subtree-Prefetching-Power-Sharpening/case_studies/logs-entropycut/lcb_v6/2026-09-20/vllm/dataset-lcb_v6.model-qwen3.5-4b.alpha4.0.steps100.blocks-1.cut-entropy4.0.samples20.maxnew1024.seed10086.powerMH.vllm.log,EntropyCut,7915,2026-09-20 22:41:35,73.6,143.1,1,0,0.3,0.0,82.86666666666666,50.0,12,24
/Users/jiangnanhugo/workspace/power-sharpening/Subtree-Prefetching-Power-Sharpening/case_studies/logs-entropycut/lcb_v6/2026-09-20/vllm/dataset-lcb_v6.model-qwen3.5-4b.alpha4.0.steps100.blocks-1.cut-entropy4.0.samples20.maxnew1024.seed10086.powerMH.vllm.log,EntropyCut,7936,2026-09-20 22:41:45,168.3,140.8,1,0,0.2,0.0,83.03333333333333,37.5,12,32
/Users/jiangnanhugo/workspace/power-sharpening/Subtree-Prefetching-Power-Sharpening/case_studies/logs-entropycut/lcb_v6/2026-09-20/vllm/dataset-lcb_v6.model-qwen3.5-4b.alpha4.0.steps100.blocks-1.cut-entropy4.0.samples20.maxnew1024.seed10086.powerMH.vllm.log,EntropyCut,7953,2026-09-20 22:41:55,148.4,141.7,1,0,0.3,0.0,83.2,50.0,16,32
/Users/jiangnanhugo/workspace/power-sharpening/Subtree-Prefetching-Power-Sharpening/case_studies/logs-entropycut/lcb_v6/2026-09-20/vllm/dataset-lcb_v6.model-qwen3.5-4b.alpha4.0.steps100.blocks-1.cut-entropy4.0.samples20.maxnew1024.seed10086.powerMH.vllm.log,EntropyCut,7974,2026-09-20 22:42:05,64.4,140.4,1,0,0.3,0.0,83.36666666666666,16.666667,4,24
/Users/jiangnanhugo/workspace/power-sharpening/Subtree-Prefetching-Power-Sharpening/case_studies/logs-entropycut/lcb_v6/2026-09-20/vllm/dataset-lcb_v6.model-qwen3.5-4b.alpha4.0.steps100.blocks-1.cut-entropy4.0.samples20.maxnew1024.seed10086.powerMH.vllm.log,EntropyCut,7991,2026-09-20 22:42:15,21.5,142.6,1,0,0.2,0.0,83.53333333333333,20.0,4,20
/Users/jiangnanhugo/workspace/power-sharpening/Subtree-Prefetching-Power-Sharpening/case_studies/logs-entropycut/lcb_v6/2026-09-20/vllm/dataset-lcb_v6.model-qwen3.5-4b.alpha4.0.steps100.blocks-1.cut-entropy4.0.samples20.maxnew1024.seed10086.powerMH.vllm.log,EntropyCut,8004,2026-09-20 22:42:25,69.6,144.7,1,0,0.2,0.0,83.7,50.0,12,24
/Users/jiangnanhugo/workspace/power-sharpening/Subtree-Prefetching-Power-Sharpening/case_studies/logs-entropycut/lcb_v6/2026-09-20/vllm/dataset-lcb_v6.model-qwen3.5-4b.alpha4.0.steps100.blocks-1.cut-entropy4.0.samples20.maxnew1024.seed10086.powerMH.vllm.log,EntropyCut,8013,2026-09-20 22:42:35,26.3,144.0,1,0,0.3,0.0,83.86666666666666,50.0,8,16
/Users/jiangnanhugo/workspace/power-sharpening/Subtree-Prefetching-Power-Sharpening/case_studies/logs-entropycut/lcb_v6/2026-09-20/vllm/dataset-lcb_v6.model-qwen3.5-4b.alpha4.0.steps100.blocks-1.cut-entropy4.0.samples20.maxnew1024.seed10086.powerMH.vllm.log,EntropyCut,8038,2026-09-20 22:42:45,14.2,140.0,1,0,0.2,0.0,84.03333333333333,0.0,0,24
/Users/jiangnanhugo/workspace/power-sharpening/Subtree-Prefetching-Power-Sharpening/case_studies/logs-entropycut/lcb_v6/2026-09-20/vllm/dataset-lcb_v6.model-qwen3.5-4b.alpha4.0.steps100.blocks-1.cut-entropy4.0.samples20.maxnew1024.seed10086.powerMH.vllm.log,EntropyCut,8059,2026-09-20 22:42:55,30.6,141.1,1,0,0.2,0.0,84.2,0.0,0,20
/Users/jiangnanhugo/workspace/power-sharpening/Subtree-Prefetching-Power-Sharpening/case_studies/logs-entropycut/lcb_v6/2026-09-20/vllm/dataset-lcb_v6.model-qwen3.5-4b.alpha4.0.steps100.blocks-1.cut-entropy4.0.samples20.maxnew1024.seed10086.powerMH.vllm.log,EntropyCut,8084,2026-09-20 22:43:05,146.1,140.4,1,0,0.2,0.0,84.36666666666666,33.333333,12,36
/Users/jiangnanhugo/workspace/power-sharpening/Subtree-Prefetching-Power-Sharpening/case_studies/logs-entropycut/lcb_v6/2026-09-20/vllm/dataset-lcb_v6.model-qwen3.5-4b.alpha4.0.steps100.blocks-1.cut-entropy4.0.samples20.maxnew1024.seed10086.powerMH.vllm.log,EntropyCut,8097,2026-09-20 22:43:15,60.8,143.2,1,0,0.2,0.0,84.53333333333333,40.0,8,20
/Users/jiangnanhugo/workspace/power-sharpening/Subtree-Prefetching-Power-Sharpening/case_studies/logs-entropycut/lcb_v6/2026-09-20/vllm/dataset-lcb_v6.model-qwen3.5-4b.alpha4.0.steps100.blocks-1.cut-entropy4.0.samples20.maxnew1024.seed10086.powerMH.vllm.log,EntropyCut,8118,2026-09-20 22:43:25,147.8,140.1,1,0,0.2,0.0,84.7,37.5,12,32
/Users/jiangnanhugo/workspace/power-sharpening/Subtree-Prefetching-Power-Sharpening/case_studies/logs-entropycut/lcb_v6/2026-09-20/vllm/dataset-lcb_v6.model-qwen3.5-4b.alpha4.0.steps100.blocks-1.cut-entropy4.0.samples20.maxnew1024.seed10086.powerMH.vllm.log,EntropyCut,8131,2026-09-20 22:43:35,107.2,141.6,1,0,0.3,0.0,84.86666666666666,50.0,12,24
/Users/jiangnanhugo/workspace/power-sharpening/Subtree-Prefetching-Power-Sharpening/case_studies/logs-entropycut/lcb_v6/2026-09-20/vllm/dataset-lcb_v6.model-qwen3.5-4b.alpha4.0.steps100.blocks-1.cut-entropy4.0.samples20.maxnew1024.seed10086.powerMH.vllm.log,EntropyCut,8152,2026-09-20 22:43:45,110.1,140.4,1,0,0.2,0.0,85.03333333333333,28.571429,8,28
/Users/jiangnanhugo/workspace/power-sharpening/Subtree-Prefetching-Power-Sharpening/case_studies/logs-entropycut/lcb_v6/2026-09-20/vllm/dataset-lcb_v6.model-qwen3.5-4b.alpha4.0.steps100.blocks-1.cut-entropy4.0.samples20.maxnew1024.seed10086.powerMH.vllm.log,EntropyCut,8165,2026-09-20 22:43:55,20.8,143.3,1,0,0.2,0.0,85.2,40.0,8,20
/Users/jiangnanhugo/workspace/power-sharpening/Subtree-Prefetching-Power-Sharpening/case_studies/logs-entropycut/lcb_v6/2026-09-20/vllm/dataset-lcb_v6.model-qwen3.5-4b.alpha4.0.steps100.blocks-1.cut-entropy4.0.samples20.maxnew1024.seed10086.powerMH.vllm.log,EntropyCut,8182,2026-09-20 22:44:05,128.7,140.6,1,0,0.3,0.0,85.36666666666666,42.857143,12,28
/Users/jiangnanhugo/workspace/power-sharpening/Subtree-Prefetching-Power-Sharpening/case_studies/logs-entropycut/lcb_v6/2026-09-20/vllm/dataset-lcb_v6.model-qwen3.5-4b.alpha4.0.steps100.blocks-1.cut-entropy4.0.samples20.maxnew1024.seed10086.powerMH.vllm.log,EntropyCut,8203,2026-09-20 22:44:15,104.8,139.1,1,0,0.3,0.0,85.53333333333333,28.571429,8,28
/Users/jiangnanhugo/workspace/power-sharpening/Subtree-Prefetching-Power-Sharpening/case_studies/logs-entropycut/lcb_v6/2026-09-20/vllm/dataset-lcb_v6.model-qwen3.5-4b.alpha4.0.steps100.blocks-1.cut-entropy4.0.samples20.maxnew1024.seed10086.powerMH.vllm.log,EntropyCut,8228,2026-09-20 22:44:25,130.2,138.3,1,0,0.2,0.0,85.7,25.0,8,32
/Users/jiangnanhugo/workspace/power-sharpening/Subtree-Prefetching-Power-Sharpening/case_studies/logs-entropycut/lcb_v6/2026-09-20/vllm/dataset-lcb_v6.model-qwen3.5-4b.alpha4.0.steps100.blocks-1.cut-entropy4.0.samples20.maxnew1024.seed10086.powerMH.vllm.log,EntropyCut,8237,2026-09-20 22:44:35,77.2,142.9,1,0,0.3,0.0,85.86666666666666,60.0,12,20
/Users/jiangnanhugo/workspace/power-sharpening/Subtree-Prefetching-Power-Sharpening/case_studies/logs-entropycut/lcb_v6/2026-09-20/vllm/dataset-lcb_v6.model-qwen3.5-4b.alpha4.0.steps100.blocks-1.cut-entropy4.0.samples20.maxnew1024.seed10086.powerMH.vllm.log,EntropyCut,8258,2026-09-20 22:44:45,70.2,140.2,1,0,0.2,0.0,86.03333333333333,16.666667,4,24
/Users/jiangnanhugo/workspace/power-sharpening/Subtree-Prefetching-Power-Sharpening/case_studies/logs-entropycut/lcb_v6/2026-09-20/vllm/dataset-lcb_v6.model-qwen3.5-4b.alpha4.0.steps100.blocks-1.cut-entropy4.0.samples20.maxnew1024.seed10086.powerMH.vllm.log,EntropyCut,8275,2026-09-20 22:44:55,42.7,142.2,1,0,0.2,0.0,86.2,33.333333,8,24
/Users/jiangnanhugo/workspace/power-sharpening/Subtree-Prefetching-Power-Sharpening/case_studies/logs-entropycut/lcb_v6/2026-09-20/vllm/dataset-lcb_v6.model-qwen3.5-4b.alpha4.0.steps100.blocks-1.cut-entropy4.0.samples20.maxnew1024.seed10086.powerMH.vllm.log,EntropyCut,8300,2026-09-20 22:45:05,119.9,139.7,1,0,0.3,0.0,86.36666666666666,25.0,8,32
/Users/jiangnanhugo/workspace/power-sharpening/Subtree-Prefetching-Power-Sharpening/case_studies/logs-entropycut/lcb_v6/2026-09-20/vllm/dataset-lcb_v6.model-qwen3.5-4b.alpha4.0.steps100.blocks-1.cut-entropy4.0.samples20.maxnew1024.seed10086.powerMH.vllm.log,EntropyCut,8498,2026-09-20 22:45:15,172.8,141.4,1,0,0.4,0.0,86.53333333333333,68.0,17,25
/Users/jiangnanhugo/workspace/power-sharpening/Subtree-Prefetching-Power-Sharpening/case_studies/logs-entropycut/lcb_v6/2026-09-20/vllm/dataset-lcb_v6.model-qwen3.5-4b.alpha4.0.steps100.blocks-1.cut-entropy4.0.samples20.maxnew1024.seed10086.powerMH.vllm.log,EntropyCut,8510,2026-09-20 22:45:25,35.2,142.5,1,0,0.2,0.0,86.7,40.0,8,20
/Users/jiangnanhugo/workspace/power-sharpening/Subtree-Prefetching-Power-Sharpening/case_studies/logs-entropycut/lcb_v6/2026-09-20/vllm/dataset-lcb_v6.model-qwen3.5-4b.alpha4.0.steps100.blocks-1.cut-entropy4.0.samples20.maxnew1024.seed10086.powerMH.vllm.log,EntropyCut,8519,2026-09-20 22:45:35,62.3,144.1,1,0,0.3,0.0,86.86666666666666,66.666667,16,24
/Users/jiangnanhugo/workspace/power-sharpening/Subtree-Prefetching-Power-Sharpening/case_studies/logs-entropycut/lcb_v6/2026-09-20/vllm/dataset-lcb_v6.model-qwen3.5-4b.alpha4.0.steps100.blocks-1.cut-entropy4.0.samples20.maxnew1024.seed10086.powerMH.vllm.log,EntropyCut,8532,2026-09-20 22:45:45,48.8,143.4,1,0,0.2,0.0,87.03333333333333,50.0,12,24
/Users/jiangnanhugo/workspace/power-sharpening/Subtree-Prefetching-Power-Sharpening/case_studies/logs-entropycut/lcb_v6/2026-09-20/vllm/dataset-lcb_v6.model-qwen3.5-4b.alpha4.0.steps100.blocks-1.cut-entropy4.0.samples20.maxnew1024.seed10086.powerMH.vllm.log,EntropyCut,8545,2026-09-20 22:45:55,38.0,142.7,1,0,0.2,0.0,87.2,40.0,8,20
/Users/jiangnanhugo/workspace/power-sharpening/Subtree-Prefetching-Power-Sharpening/case_studies/logs-entropycut/lcb_v6/2026-09-20/vllm/dataset-lcb_v6.model-qwen3.5-4b.alpha4.0.steps100.blocks-1.cut-entropy4.0.samples20.maxnew1024.seed10086.powerMH.vllm.log,EntropyCut,8558,2026-09-20 22:46:05,45.9,143.0,1,0,0.2,0.0,87.36666666666666,50.0,12,24
/Users/jiangnanhugo/workspace/power-sharpening/Subtree-Prefetching-Power-Sharpening/case_studies/logs-entropycut/lcb_v6/2026-09-20/vllm/dataset-lcb_v6.model-qwen3.5-4b.alpha4.0.steps100.blocks-1.cut-entropy4.0.samples20.maxnew1024.seed10086.powerMH.vllm.log,EntropyCut,8571,2026-09-20 22:46:15,126.5,143.3,1,0,0.3,0.0,87.53333333333333,62.5,20,32
/Users/jiangnanhugo/workspace/power-sharpening/Subtree-Prefetching-Power-Sharpening/case_studies/logs-entropycut/lcb_v6/2026-09-20/vllm/dataset-lcb_v6.model-qwen3.5-4b.alpha4.0.steps100.blocks-1.cut-entropy4.0.samples20.maxnew1024.seed10086.powerMH.vllm.log,EntropyCut,8584,2026-09-20 22:46:25,79.7,142.8,1,0,0.2,0.0,87.7,50.0,12,24
/Users/jiangnanhugo/workspace/power-sharpening/Subtree-Prefetching-Power-Sharpening/case_studies/logs-entropycut/lcb_v6/2026-09-20/vllm/dataset-lcb_v6.model-qwen3.5-4b.alpha4.0.steps100.blocks-1.cut-entropy4.0.samples20.maxnew1024.seed10086.powerMH.vllm.log,EntropyCut,8605,2026-09-20 22:46:35,153.1,139.7,1,0,0.2,0.0,87.86666666666666,50.0,20,40
/Users/jiangnanhugo/workspace/power-sharpening/Subtree-Prefetching-Power-Sharpening/case_studies/logs-entropycut/lcb_v6/2026-09-20/vllm/dataset-lcb_v6.model-qwen3.5-4b.alpha4.0.steps100.blocks-1.cut-entropy4.0.samples20.maxnew1024.seed10086.powerMH.vllm.log,EntropyCut,8622,2026-09-20 22:46:45,152.9,142.1,1,0,0.3,0.0,88.03333333333333,55.555556,20,36
/Users/jiangnanhugo/workspace/power-sharpening/Subtree-Prefetching-Power-Sharpening/case_studies/logs-entropycut/lcb_v6/2026-09-20/vllm/dataset-lcb_v6.model-qwen3.5-4b.alpha4.0.steps100.blocks-1.cut-entropy4.0.samples20.maxnew1024.seed10086.powerMH.vllm.log,EntropyCut,8635,2026-09-20 22:46:55,90.6,143.5,1,0,0.2,0.0,88.2,50.0,12,24
/Users/jiangnanhugo/workspace/power-sharpening/Subtree-Prefetching-Power-Sharpening/case_studies/logs-entropycut/lcb_v6/2026-09-20/vllm/dataset-lcb_v6.model-qwen3.5-4b.alpha4.0.steps100.blocks-1.cut-entropy4.0.samples20.maxnew1024.seed10086.powerMH.vllm.log,EntropyCut,8648,2026-09-20 22:47:05,70.5,142.9,1,0,0.3,0.0,88.36666666666666,57.142857,16,28
/Users/jiangnanhugo/workspace/power-sharpening/Subtree-Prefetching-Power-Sharpening/case_studies/logs-entropycut/lcb_v6/2026-09-20/vllm/dataset-lcb_v6.model-qwen3.5-4b.alpha4.0.steps100.blocks-1.cut-entropy4.0.samples20.maxnew1024.seed10086.powerMH.vllm.log,EntropyCut,8661,2026-09-20 22:47:15,71.9,143.3,1,0,0.2,0.0,88.53333333333333,50.0,12,24
/Users/jiangnanhugo/workspace/power-sharpening/Subtree-Prefetching-Power-Sharpening/case_studies/logs-entropycut/lcb_v6/2026-09-20/vllm/dataset-lcb_v6.model-qwen3.5-4b.alpha4.0.steps100.blocks-1.cut-entropy4.0.samples20.maxnew1024.seed10086.powerMH.vllm.log,EntropyCut,8674,2026-09-20 22:47:25,77.8,142.2,1,0,0.2,0.0,88.7,57.142857,16,28
/Users/jiangnanhugo/workspace/power-sharpening/Subtree-Prefetching-Power-Sharpening/case_studies/logs-entropycut/lcb_v6/2026-09-20/vllm/dataset-lcb_v6.model-qwen3.5-4b.alpha4.0.steps100.blocks-1.cut-entropy4.0.samples20.maxnew1024.seed10086.powerMH.vllm.log,EntropyCut,8695,2026-09-20 22:47:35,148.9,139.6,1,0,0.2,0.0,88.86666666666666,44.444444,16,36
/Users/jiangnanhugo/workspace/power-sharpening/Subtree-Prefetching-Power-Sharpening/case_studies/logs-entropycut/lcb_v6/2026-09-20/vllm/dataset-lcb_v6.model-qwen3.5-4b.alpha4.0.steps100.blocks-1.cut-entropy4.0.samples20.maxnew1024.seed10086.powerMH.vllm.log,EntropyCut,8704,2026-09-20 22:47:45,23.6,144.3,1,0,0.3,0.0,89.03333333333333,60.0,12,20
/Users/jiangnanhugo/workspace/power-sharpening/Subtree-Prefetching-Power-Sharpening/case_studies/logs-entropycut/lcb_v6/2026-09-20/vllm/dataset-lcb_v6.model-qwen3.5-4b.alpha4.0.steps100.blocks-1.cut-entropy4.0.samples20.maxnew1024.seed10086.powerMH.vllm.log,EntropyCut,8717,2026-09-20 22:47:55,70.3,143.5,1,0,0.3,0.0,89.2,50.0,12,24
/Users/jiangnanhugo/workspace/power-sharpening/Subtree-Prefetching-Power-Sharpening/case_studies/logs-entropycut/lcb_v6/2026-09-20/vllm/dataset-lcb_v6.model-qwen3.5-4b.alpha4.0.steps100.blocks-1.cut-entropy4.0.samples20.maxnew1024.seed10086.powerMH.vllm.log,EntropyCut,8726,2026-09-20 22:48:05,10.3,143.2,1,0,0.2,0.0,89.36666666666666,50.0,8,16
/Users/jiangnanhugo/workspace/power-sharpening/Subtree-Prefetching-Power-Sharpening/case_studies/logs-entropycut/lcb_v6/2026-09-20/vllm/dataset-lcb_v6.model-qwen3.5-4b.alpha4.0.steps100.blocks-1.cut-entropy4.0.samples20.maxnew1024.seed10086.powerMH.vllm.log,EntropyCut,8743,2026-09-20 22:48:15,159.1,141.4,1,0,0.2,0.0,89.53333333333333,55.555556,20,36
/Users/jiangnanhugo/workspace/power-sharpening/Subtree-Prefetching-Power-Sharpening/case_studies/logs-entropycut/lcb_v6/2026-09-20/vllm/dataset-lcb_v6.model-qwen3.5-4b.alpha4.0.steps100.blocks-1.cut-entropy4.0.samples20.maxnew1024.seed10086.powerMH.vllm.log,EntropyCut,8752,2026-09-20 22:48:25,45.1,144.4,1,0,0.2,0.0,89.7,60.0,12,20
/Users/jiangnanhugo/workspace/power-sharpening/Subtree-Prefetching-Power-Sharpening/case_studies/logs-entropycut/lcb_v6/2026-09-20/vllm/dataset-lcb_v6.model-qwen3.5-4b.alpha4.0.steps100.blocks-1.cut-entropy4.0.samples20.maxnew1024.seed10086.powerMH.vllm.log,EntropyCut,8773,2026-09-20 22:48:35,138.0,140.7,1,0,0.3,0.0,89.86666666666666,50.0,20,40
/Users/jiangnanhugo/workspace/power-sharpening/Subtree-Prefetching-Power-Sharpening/case_studies/logs-entropycut/lcb_v6/2026-09-20/vllm/dataset-lcb_v6.model-qwen3.5-4b.alpha4.0.steps100.blocks-1.cut-entropy4.0.samples20.maxnew1024.seed10086.powerMH.vllm.log,EntropyCut,8790,2026-09-20 22:48:45,118.7,141.1,1,0,0.3,0.0,90.03333333333333,50.0,16,32
/Users/jiangnanhugo/workspace/power-sharpening/Subtree-Prefetching-Power-Sharpening/case_studies/logs-entropycut/lcb_v6/2026-09-20/vllm/dataset-lcb_v6.model-qwen3.5-4b.alpha4.0.steps100.blocks-1.cut-entropy4.0.samples20.maxnew1024.seed10086.powerMH.vllm.log,EntropyCut,8803,2026-09-20 22:48:55,97.8,142.2,1,0,0.2,0.0,90.2,50.0,12,24
/Users/jiangnanhugo/workspace/power-sharpening/Subtree-Prefetching-Power-Sharpening/case_studies/logs-entropycut/lcb_v6/2026-09-20/vllm/dataset-lcb_v6.model-qwen3.5-4b.alpha4.0.steps100.blocks-1.cut-entropy4.0.samples20.maxnew1024.seed10086.powerMH.vllm.log,EntropyCut,8824,2026-09-20 22:49:05,104.1,139.2,1,0,0.2,0.0,90.36666666666666,44.444444,16,36
/Users/jiangnanhugo/workspace/power-sharpening/Subtree-Prefetching-Power-Sharpening/case_studies/logs-entropycut/lcb_v6/2026-09-20/vllm/dataset-lcb_v6.model-qwen3.5-4b.alpha4.0.steps100.blocks-1.cut-entropy4.0.samples20.maxnew1024.seed10086.powerMH.vllm.log,EntropyCut,8833,2026-09-20 22:49:15,41.4,144.2,1,0,0.3,0.0,90.53333333333333,60.0,12,20
/Users/jiangnanhugo/workspace/power-sharpening/Subtree-Prefetching-Power-Sharpening/case_studies/logs-entropycut/lcb_v6/2026-09-20/vllm/dataset-lcb_v6.model-qwen3.5-4b.alpha4.0.steps100.blocks-1.cut-entropy4.0.samples20.maxnew1024.seed10086.powerMH.vllm.log,EntropyCut,8846,2026-09-20 22:49:25,66.1,142.5,1,0,0.3,0.0,90.7,50.0,12,24
/Users/jiangnanhugo/workspace/power-sharpening/Subtree-Prefetching-Power-Sharpening/case_studies/logs-entropycut/lcb_v6/2026-09-20/vllm/dataset-lcb_v6.model-qwen3.5-4b.alpha4.0.steps100.blocks-1.cut-entropy4.0.samples20.maxnew1024.seed10086.powerMH.vllm.log,EntropyCut,8859,2026-09-20 22:49:35,112.6,141.4,1,0,0.3,0.0,90.86666666666666,57.142857,16,28
/Users/jiangnanhugo/workspace/power-sharpening/Subtree-Prefetching-Power-Sharpening/case_studies/logs-entropycut/lcb_v6/2026-09-20/vllm/dataset-lcb_v6.model-qwen3.5-4b.alpha4.0.steps100.blocks-1.cut-entropy4.0.samples20.maxnew1024.seed10086.powerMH.vllm.log,EntropyCut,8872,2026-09-20 22:49:45,84.0,142.0,1,0,0.2,0.0,91.03333333333333,57.142857,16,28
/Users/jiangnanhugo/workspace/power-sharpening/Subtree-Prefetching-Power-Sharpening/case_studies/logs-entropycut/lcb_v6/2026-09-20/vllm/dataset-lcb_v6.model-qwen3.5-4b.alpha4.0.steps100.blocks-1.cut-entropy4.0.samples20.maxnew1024.seed10086.powerMH.vllm.log,EntropyCut,8889,2026-09-20 22:49:55,122.9,141.0,1,0,0.2,0.0,91.2,50.0,16,32
/Users/jiangnanhugo/workspace/power-sharpening/Subtree-Prefetching-Power-Sharpening/case_studies/logs-entropycut/lcb_v6/2026-09-20/vllm/dataset-lcb_v6.model-qwen3.5-4b.alpha4.0.steps100.blocks-1.cut-entropy4.0.samples20.maxnew1024.seed10086.powerMH.vllm.log,EntropyCut,8898,2026-09-20 22:50:05,64.9,143.7,1,0,0.3,0.0,91.36666666666666,66.666667,16,24
/Users/jiangnanhugo/workspace/power-sharpening/Subtree-Prefetching-Power-Sharpening/case_studies/logs-entropycut/lcb_v6/2026-09-20/vllm/dataset-lcb_v6.model-qwen3.5-4b.alpha4.0.steps100.blocks-1.cut-entropy4.0.samples20.maxnew1024.seed10086.powerMH.vllm.log,EntropyCut,8903,2026-09-20 22:50:15,16.8,144.3,1,0,0.4,0.0,91.53333333333333,75.0,12,16
/Users/jiangnanhugo/workspace/power-sharpening/Subtree-Prefetching-Power-Sharpening/case_studies/logs-entropycut/lcb_v6/2026-09-20/vllm/dataset-lcb_v6.model-qwen3.5-4b.alpha4.0.steps100.blocks-1.cut-entropy4.0.samples20.maxnew1024.seed10086.powerMH.vllm.log,EntropyCut,8912,2026-09-20 22:50:25,47.5,143.7,1,0,0.4,0.0,91.7,60.0,12,20
/Users/jiangnanhugo/workspace/power-sharpening/Subtree-Prefetching-Power-Sharpening/case_studies/logs-entropycut/lcb_v6/2026-09-20/vllm/dataset-lcb_v6.model-qwen3.5-4b.alpha4.0.steps100.blocks-1.cut-entropy4.0.samples20.maxnew1024.seed10086.powerMH.vllm.log,EntropyCut,8921,2026-09-20 22:50:35,33.5,143.8,1,0,0.3,0.0,91.86666666666666,60.0,12,20
/Users/jiangnanhugo/workspace/power-sharpening/Subtree-Prefetching-Power-Sharpening/case_studies/logs-entropycut/lcb_v6/2026-09-20/vllm/dataset-lcb_v6.model-qwen3.5-4b.alpha4.0.steps100.blocks-1.cut-entropy4.0.samples20.maxnew1024.seed10086.powerMH.vllm.log,EntropyCut,9034,2026-09-20 22:50:45,93.9,142.0,1,0,0.2,0.0,92.03333333333333,50.0,12,24
/Users/jiangnanhugo/workspace/power-sharpening/Subtree-Prefetching-Power-Sharpening/case_studies/logs-entropycut/lcb_v6/2026-09-20/vllm/dataset-lcb_v6.model-qwen3.5-4b.alpha4.0.steps100.blocks-1.cut-entropy4.0.samples20.maxnew1024.seed10086.powerMH.vllm.log,EntropyCut,9054,2026-09-20 22:50:55,199.5,141.3,1,0,0.2,0.0,92.2,37.5,12,32
/Users/jiangnanhugo/workspace/power-sharpening/Subtree-Prefetching-Power-Sharpening/case_studies/logs-entropycut/lcb_v6/2026-09-20/vllm/dataset-lcb_v6.model-qwen3.5-4b.alpha4.0.steps100.blocks-1.cut-entropy4.0.samples20.maxnew1024.seed10086.powerMH.vllm.log,EntropyCut,9063,2026-09-20 22:51:05,45.2,144.4,1,0,0.3,0.0,92.36666666666666,50.0,8,16
/Users/jiangnanhugo/workspace/power-sharpening/Subtree-Prefetching-Power-Sharpening/case_studies/logs-entropycut/lcb_v6/2026-09-20/vllm/dataset-lcb_v6.model-qwen3.5-4b.alpha4.0.steps100.blocks-1.cut-entropy4.0.samples20.maxnew1024.seed10086.powerMH.vllm.log,EntropyCut,9080,2026-09-20 22:51:15,100.9,142.3,1,0,0.3,0.0,92.53333333333333,33.333333,8,24
/Users/jiangnanhugo/workspace/power-sharpening/Subtree-Prefetching-Power-Sharpening/case_studies/logs-entropycut/lcb_v6/2026-09-20/vllm/dataset-lcb_v6.model-qwen3.5-4b.alpha4.0.steps100.blocks-1.cut-entropy4.0.samples20.maxnew1024.seed10086.powerMH.vllm.log,EntropyCut,9093,2026-09-20 22:51:25,95.2,144.1,1,0,0.3,0.0,92.7,40.0,8,20
/Users/jiangnanhugo/workspace/power-sharpening/Subtree-Prefetching-Power-Sharpening/case_studies/logs-entropycut/lcb_v6/2026-09-20/vllm/dataset-lcb_v6.model-qwen3.5-4b.alpha4.0.steps100.blocks-1.cut-entropy4.0.samples20.maxnew1024.seed10086.powerMH.vllm.log,EntropyCut,9106,2026-09-20 22:51:35,122.7,144.6,1,0,0.3,0.0,92.86666666666666,50.0,12,24
/Users/jiangnanhugo/workspace/power-sharpening/Subtree-Prefetching-Power-Sharpening/case_studies/logs-entropycut/lcb_v6/2026-09-20/vllm/dataset-lcb_v6.model-qwen3.5-4b.alpha4.0.steps100.blocks-1.cut-entropy4.0.samples20.maxnew1024.seed10086.powerMH.vllm.log,EntropyCut,9115,2026-09-20 22:51:45,55.8,144.9,1,0,0.3,0.0,93.03333333333333,50.0,8,16
/Users/jiangnanhugo/workspace/power-sharpening/Subtree-Prefetching-Power-Sharpening/case_studies/logs-entropycut/lcb_v6/2026-09-20/vllm/dataset-lcb_v6.model-qwen3.5-4b.alpha4.0.steps100.blocks-1.cut-entropy4.0.samples20.maxnew1024.seed10086.powerMH.vllm.log,EntropyCut,9132,2026-09-20 22:51:55,81.8,142.6,1,0,0.2,0.0,93.2,20.0,4,20
/Users/jiangnanhugo/workspace/power-sharpening/Subtree-Prefetching-Power-Sharpening/case_studies/logs-entropycut/lcb_v6/2026-09-20/vllm/dataset-lcb_v6.model-qwen3.5-4b.alpha4.0.steps100.blocks-1.cut-entropy4.0.samples20.maxnew1024.seed10086.powerMH.vllm.log,EntropyCut,9141,2026-09-20 22:52:05,28.3,144.9,1,0,0.3,0.0,93.36666666666666,50.0,8,16
/Users/jiangnanhugo/workspace/power-sharpening/Subtree-Prefetching-Power-Sharpening/case_studies/logs-entropycut/lcb_v6/2026-09-20/vllm/dataset-lcb_v6.model-qwen3.5-4b.alpha4.0.steps100.blocks-1.cut-entropy4.0.samples20.maxnew1024.seed10086.powerMH.vllm.log,EntropyCut,9150,2026-09-20 22:52:15,45.8,146.0,1,0,0.2,0.0,93.53333333333333,50.0,8,16
/Users/jiangnanhugo/workspace/power-sharpening/Subtree-Prefetching-Power-Sharpening/case_studies/logs-entropycut/lcb_v6/2026-09-20/vllm/dataset-lcb_v6.model-qwen3.5-4b.alpha4.0.steps100.blocks-1.cut-entropy4.0.samples20.maxnew1024.seed10086.powerMH.vllm.log,EntropyCut,9159,2026-09-20 22:52:25,31.0,145.2,1,0,0.3,0.0,93.7,50.0,8,16
/Users/jiangnanhugo/workspace/power-sharpening/Subtree-Prefetching-Power-Sharpening/case_studies/logs-entropycut/lcb_v6/2026-09-20/vllm/dataset-lcb_v6.model-qwen3.5-4b.alpha4.0.steps100.blocks-1.cut-entropy4.0.samples20.maxnew1024.seed10086.powerMH.vllm.log,EntropyCut,9176,2026-09-20 22:52:35,83.7,142.8,1,0,0.2,0.0,93.86666666666666,20.0,4,20
/Users/jiangnanhugo/workspace/power-sharpening/Subtree-Prefetching-Power-Sharpening/case_studies/logs-entropycut/lcb_v6/2026-09-20/vllm/dataset-lcb_v6.model-qwen3.5-4b.alpha4.0.steps100.blocks-1.cut-entropy4.0.samples20.maxnew1024.seed10086.powerMH.vllm.log,EntropyCut,9193,2026-09-20 22:52:46,92.3,143.2,1,0,0.3,0.0,94.05,33.333333,8,24
/Users/jiangnanhugo/workspace/power-sharpening/Subtree-Prefetching-Power-Sharpening/case_studies/logs-entropycut/lcb_v6/2026-09-20/vllm/dataset-lcb_v6.model-qwen3.5-4b.alpha4.0.steps100.blocks-1.cut-entropy4.0.samples20.maxnew1024.seed10086.powerMH.vllm.log,EntropyCut,9214,2026-09-20 22:52:56,146.1,140.8,1,0,0.2,0.0,94.21666666666667,16.666667,4,24
/Users/jiangnanhugo/workspace/power-sharpening/Subtree-Prefetching-Power-Sharpening/case_studies/logs-entropycut/lcb_v6/2026-09-20/vllm/dataset-lcb_v6.model-qwen3.5-4b.alpha4.0.steps100.blocks-1.cut-entropy4.0.samples20.maxnew1024.seed10086.powerMH.vllm.log,EntropyCut,9227,2026-09-20 22:53:06,40.2,144.6,1,0,0.2,0.0,94.38333333333334,25.0,4,16
/Users/jiangnanhugo/workspace/power-sharpening/Subtree-Prefetching-Power-Sharpening/case_studies/logs-entropycut/lcb_v6/2026-09-20/vllm/dataset-lcb_v6.model-qwen3.5-4b.alpha4.0.steps100.blocks-1.cut-entropy4.0.samples20.maxnew1024.seed10086.powerMH.vllm.log,EntropyCut,9240,2026-09-20 22:53:16,89.3,142.7,1,0,0.2,0.0,94.55,50.0,12,24
/Users/jiangnanhugo/workspace/power-sharpening/Subtree-Prefetching-Power-Sharpening/case_studies/logs-entropycut/lcb_v6/2026-09-20/vllm/dataset-lcb_v6.model-qwen3.5-4b.alpha4.0.steps100.blocks-1.cut-entropy4.0.samples20.maxnew1024.seed10086.powerMH.vllm.log,EntropyCut,9253,2026-09-20 22:53:26,51.2,143.1,1,0,0.2,0.0,94.71666666666667,25.0,4,16
/Users/jiangnanhugo/workspace/power-sharpening/Subtree-Prefetching-Power-Sharpening/case_studies/logs-entropycut/lcb_v6/2026-09-20/vllm/dataset-lcb_v6.model-qwen3.5-4b.alpha4.0.steps100.blocks-1.cut-entropy4.0.samples20.maxnew1024.seed10086.powerMH.vllm.log,EntropyCut,9266,2026-09-20 22:53:36,59.2,143.9,1,0,0.2,0.0,94.88333333333334,25.0,4,16
/Users/jiangnanhugo/workspace/power-sharpening/Subtree-Prefetching-Power-Sharpening/case_studies/logs-entropycut/lcb_v6/2026-09-20/vllm/dataset-lcb_v6.model-qwen3.5-4b.alpha4.0.steps100.blocks-1.cut-entropy4.0.samples20.maxnew1024.seed10086.powerMH.vllm.log,EntropyCut,9275,2026-09-20 22:53:46,64.8,145.5,1,0,0.2,0.0,95.05,60.0,12,20
/Users/jiangnanhugo/workspace/power-sharpening/Subtree-Prefetching-Power-Sharpening/case_studies/logs-entropycut/lcb_v6/2026-09-20/vllm/dataset-lcb_v6.model-qwen3.5-4b.alpha4.0.steps100.blocks-1.cut-entropy4.0.samples20.maxnew1024.seed10086.powerMH.vllm.log,EntropyCut,9292,2026-09-20 22:53:56,103.4,143.2,1,0,0.2,0.0,95.21666666666667,33.333333,8,24
/Users/jiangnanhugo/workspace/power-sharpening/Subtree-Prefetching-Power-Sharpening/case_studies/logs-entropycut/lcb_v6/2026-09-20/vllm/dataset-lcb_v6.model-qwen3.5-4b.alpha4.0.steps100.blocks-1.cut-entropy4.0.samples20.maxnew1024.seed10086.powerMH.vllm.log,EntropyCut,9309,2026-09-20 22:54:06,74.9,141.9,1,0,0.2,0.0,95.38333333333334,20.0,4,20
/Users/jiangnanhugo/workspace/power-sharpening/Subtree-Prefetching-Power-Sharpening/case_studies/logs-entropycut/lcb_v6/2026-09-20/vllm/dataset-lcb_v6.model-qwen3.5-4b.alpha4.0.steps100.blocks-1.cut-entropy4.0.samples20.maxnew1024.seed10086.powerMH.vllm.log,EntropyCut,9314,2026-09-20 22:54:16,26.2,145.5,1,0,0.3,0.0,95.55,66.666667,8,12
/Users/jiangnanhugo/workspace/power-sharpening/Subtree-Prefetching-Power-Sharpening/case_studies/logs-entropycut/lcb_v6/2026-09-20/vllm/dataset-lcb_v6.model-qwen3.5-4b.alpha4.0.steps100.blocks-1.cut-entropy4.0.samples20.maxnew1024.seed10086.powerMH.vllm.log,EntropyCut,9331,2026-09-20 22:54:26,109.5,141.5,1,0,0.3,0.0,95.71666666666667,33.333333,8,24
/Users/jiangnanhugo/workspace/power-sharpening/Subtree-Prefetching-Power-Sharpening/case_studies/logs-entropycut/lcb_v6/2026-09-20/vllm/dataset-lcb_v6.model-qwen3.5-4b.alpha4.0.steps100.blocks-1.cut-entropy4.0.samples20.maxnew1024.seed10086.powerMH.vllm.log,EntropyCut,9340,2026-09-20 22:54:36,92.5,143.6,1,0,0.3,0.0,95.88333333333334,60.0,12,20
/Users/jiangnanhugo/workspace/power-sharpening/Subtree-Prefetching-Power-Sharpening/case_studies/logs-entropycut/lcb_v6/2026-09-20/vllm/dataset-lcb_v6.model-qwen3.5-4b.alpha4.0.steps100.blocks-1.cut-entropy4.0.samples20.maxnew1024.seed10086.powerMH.vllm.log,EntropyCut,9357,2026-09-20 22:54:46,93.5,142.0,1,0,0.2,0.0,96.05,20.0,4,20
/Users/jiangnanhugo/workspace/power-sharpening/Subtree-Prefetching-Power-Sharpening/case_studies/logs-entropycut/lcb_v6/2026-09-20/vllm/dataset-lcb_v6.model-qwen3.5-4b.alpha4.0.steps100.blocks-1.cut-entropy4.0.samples20.maxnew1024.seed10086.powerMH.vllm.log,EntropyCut,9370,2026-09-20 22:54:56,31.0,143.5,1,0,0.2,0.0,96.21666666666667,25.0,4,16
/Users/jiangnanhugo/workspace/power-sharpening/Subtree-Prefetching-Power-Sharpening/case_studies/logs-entropycut/lcb_v6/2026-09-20/vllm/dataset-lcb_v6.model-qwen3.5-4b.alpha4.0.steps100.blocks-1.cut-entropy4.0.samples20.maxnew1024.seed10086.powerMH.vllm.log,EntropyCut,9375,2026-09-20 22:55:06,50.6,145.2,1,0,0.3,0.0,96.38333333333334,75.0,12,16
/Users/jiangnanhugo/workspace/power-sharpening/Subtree-Prefetching-Power-Sharpening/case_studies/logs-entropycut/lcb_v6/2026-09-20/vllm/dataset-lcb_v6.model-qwen3.5-4b.alpha4.0.steps100.blocks-1.cut-entropy4.0.samples20.maxnew1024.seed10086.powerMH.vllm.log,EntropyCut,9388,2026-09-20 22:55:16,27.2,143.7,1,0,0.2,0.0,96.55,25.0,4,16
/Users/jiangnanhugo/workspace/power-sharpening/Subtree-Prefetching-Power-Sharpening/case_studies/logs-entropycut/lcb_v6/2026-09-20/vllm/dataset-lcb_v6.model-qwen3.5-4b.alpha4.0.steps100.blocks-1.cut-entropy4.0.samples20.maxnew1024.seed10086.powerMH.vllm.log,EntropyCut,9401,2026-09-20 22:55:26,34.5,144.1,1,0,0.2,0.0,96.71666666666667,25.0,4,16
/Users/jiangnanhugo/workspace/power-sharpening/Subtree-Prefetching-Power-Sharpening/case_studies/logs-entropycut/lcb_v6/2026-09-20/vllm/dataset-lcb_v6.model-qwen3.5-4b.alpha4.0.steps100.blocks-1.cut-entropy4.0.samples20.maxnew1024.seed10086.powerMH.vllm.log,EntropyCut,9414,2026-09-20 22:55:36,54.9,143.4,1,0,0.2,0.0,96.88333333333334,40.0,8,20
/Users/jiangnanhugo/workspace/power-sharpening/Subtree-Prefetching-Power-Sharpening/case_studies/logs-entropycut/lcb_v6/2026-09-20/vllm/dataset-lcb_v6.model-qwen3.5-4b.alpha4.0.steps100.blocks-1.cut-entropy4.0.samples20.maxnew1024.seed10086.powerMH.vllm.log,EntropyCut,9431,2026-09-20 22:55:46,46.9,141.6,1,0,0.2,0.0,97.05,0.0,0,16
/Users/jiangnanhugo/workspace/power-sharpening/Subtree-Prefetching-Power-Sharpening/case_studies/logs-entropycut/lcb_v6/2026-09-20/vllm/dataset-lcb_v6.model-qwen3.5-4b.alpha4.0.steps100.blocks-1.cut-entropy4.0.samples20.maxnew1024.seed10086.powerMH.vllm.log,EntropyCut,9448,2026-09-20 22:55:56,96.6,142.3,1,0,0.3,0.0,97.21666666666667,33.333333,8,24
/Users/jiangnanhugo/workspace/power-sharpening/Subtree-Prefetching-Power-Sharpening/case_studies/logs-entropycut/lcb_v6/2026-09-20/vllm/dataset-lcb_v6.model-qwen3.5-4b.alpha4.0.steps100.blocks-1.cut-entropy4.0.samples20.maxnew1024.seed10086.powerMH.vllm.log,EntropyCut,9465,2026-09-20 22:56:06,93.7,141.6,1,0,0.2,0.0,97.38333333333334,20.0,4,20
/Users/jiangnanhugo/workspace/power-sharpening/Subtree-Prefetching-Power-Sharpening/case_studies/logs-entropycut/lcb_v6/2026-09-20/vllm/dataset-lcb_v6.model-qwen3.5-4b.alpha4.0.steps100.blocks-1.cut-entropy4.0.samples20.maxnew1024.seed10086.powerMH.vllm.log,EntropyCut,9593,2026-09-20 22:56:16,138.8,140.0,1,0,0.2,0.0,97.55,57.142857,16,28
/Users/jiangnanhugo/workspace/power-sharpening/Subtree-Prefetching-Power-Sharpening/case_studies/logs-entropycut/lcb_v6/2026-09-20/vllm/dataset-lcb_v6.model-qwen3.5-4b.alpha4.0.steps100.blocks-1.cut-entropy4.0.samples20.maxnew1024.seed10086.powerMH.vllm.log,EntropyCut,9602,2026-09-20 22:56:26,52.4,144.4,1,0,0.4,0.0,97.71666666666667,66.666667,16,24
/Users/jiangnanhugo/workspace/power-sharpening/Subtree-Prefetching-Power-Sharpening/case_studies/logs-entropycut/lcb_v6/2026-09-20/vllm/dataset-lcb_v6.model-qwen3.5-4b.alpha4.0.steps100.blocks-1.cut-entropy4.0.samples20.maxnew1024.seed10086.powerMH.vllm.log,EntropyCut,9619,2026-09-20 22:56:36,88.6,141.4,1,0,0.2,0.0,97.88333333333334,42.857143,12,28
/Users/jiangnanhugo/workspace/power-sharpening/Subtree-Prefetching-Power-Sharpening/case_studies/logs-entropycut/lcb_v6/2026-09-20/vllm/dataset-lcb_v6.model-qwen3.5-4b.alpha4.0.steps100.blocks-1.cut-entropy4.0.samples20.maxnew1024.seed10086.powerMH.vllm.log,EntropyCut,9636,2026-09-20 22:56:46,93.1,142.2,1,0,0.3,0.0,98.05,50.0,16,32
/Users/jiangnanhugo/workspace/power-sharpening/Subtree-Prefetching-Power-Sharpening/case_studies/logs-entropycut/lcb_v6/2026-09-20/vllm/dataset-lcb_v6.model-qwen3.5-4b.alpha4.0.steps100.blocks-1.cut-entropy4.0.samples20.maxnew1024.seed10086.powerMH.vllm.log,EntropyCut,9649,2026-09-20 22:56:56,49.8,143.2,1,0,0.3,0.0,98.21666666666667,50.0,12,24
/Users/jiangnanhugo/workspace/power-sharpening/Subtree-Prefetching-Power-Sharpening/case_studies/logs-entropycut/lcb_v6/2026-09-20/vllm/dataset-lcb_v6.model-qwen3.5-4b.alpha4.0.steps100.blocks-1.cut-entropy4.0.samples20.maxnew1024.seed10086.powerMH.vllm.log,EntropyCut,9662,2026-09-20 22:57:06,48.8,142.4,1,0,0.4,0.0,98.38333333333334,50.0,12,24
/Users/jiangnanhugo/workspace/power-sharpening/Subtree-Prefetching-Power-Sharpening/case_studies/logs-entropycut/lcb_v6/2026-09-20/vllm/dataset-lcb_v6.model-qwen3.5-4b.alpha4.0.steps100.blocks-1.cut-entropy4.0.samples20.maxnew1024.seed10086.powerMH.vllm.log,EntropyCut,9683,2026-09-20 22:57:16,169.7,140.8,1,0,0.2,0.0,98.55,44.444444,16,36
/Users/jiangnanhugo/workspace/power-sharpening/Subtree-Prefetching-Power-Sharpening/case_studies/logs-entropycut/lcb_v6/2026-09-20/vllm/dataset-lcb_v6.model-qwen3.5-4b.alpha4.0.steps100.blocks-1.cut-entropy4.0.samples20.maxnew1024.seed10086.powerMH.vllm.log,EntropyCut,9692,2026-09-20 22:57:26,88.6,145.1,1,0,0.2,0.0,98.71666666666667,66.666667,16,24
/Users/jiangnanhugo/workspace/power-sharpening/Subtree-Prefetching-Power-Sharpening/case_studies/logs-entropycut/lcb_v6/2026-09-20/vllm/dataset-lcb_v6.model-qwen3.5-4b.alpha4.0.steps100.blocks-1.cut-entropy4.0.samples20.maxnew1024.seed10086.powerMH.vllm.log,EntropyCut,9705,2026-09-20 22:57:36,102.6,144.1,1,0,0.2,0.0,98.88333333333334,57.142857,16,28
/Users/jiangnanhugo/workspace/power-sharpening/Subtree-Prefetching-Power-Sharpening/case_studies/logs-entropycut/lcb_v6/2026-09-20/vllm/dataset-lcb_v6.model-qwen3.5-4b.alpha4.0.steps100.blocks-1.cut-entropy4.0.samples20.maxnew1024.seed10086.powerMH.vllm.log,EntropyCut,9714,2026-09-20 22:57:46,41.7,144.6,1,0,0.3,0.0,99.05,66.666667,16,24
/Users/jiangnanhugo/workspace/power-sharpening/Subtree-Prefetching-Power-Sharpening/case_studies/logs-entropycut/lcb_v6/2026-09-20/vllm/dataset-lcb_v6.model-qwen3.5-4b.alpha4.0.steps100.blocks-1.cut-entropy4.0.samples20.maxnew1024.seed10086.powerMH.vllm.log,EntropyCut,9731,2026-09-20 22:57:56,180.2,141.4,1,0,0.3,0.0,99.21666666666667,55.555556,20,36
/Users/jiangnanhugo/workspace/power-sharpening/Subtree-Prefetching-Power-Sharpening/case_studies/logs-entropycut/lcb_v6/2026-09-20/vllm/dataset-lcb_v6.model-qwen3.5-4b.alpha4.0.steps100.blocks-1.cut-entropy4.0.samples20.maxnew1024.seed10086.powerMH.vllm.log,EntropyCut,9748,2026-09-20 22:58:06,76.7,141.4,1,0,0.3,0.0,99.38333333333334,42.857143,12,28
/Users/jiangnanhugo/workspace/power-sharpening/Subtree-Prefetching-Power-Sharpening/case_studies/logs-entropycut/lcb_v6/2026-09-20/vllm/dataset-lcb_v6.model-qwen3.5-4b.alpha4.0.steps100.blocks-1.cut-entropy4.0.samples20.maxnew1024.seed10086.powerMH.vllm.log,EntropyCut,9761,2026-09-20 22:58:16,53.4,144.0,1,0,0.2,0.0,99.55,50.0,12,24
/Users/jiangnanhugo/workspace/power-sharpening/Subtree-Prefetching-Power-Sharpening/case_studies/logs-entropycut/lcb_v6/2026-09-20/vllm/dataset-lcb_v6.model-qwen3.5-4b.alpha4.0.steps100.blocks-1.cut-entropy4.0.samples20.maxnew1024.seed10086.powerMH.vllm.log,EntropyCut,9770,2026-09-20 22:58:26,96.3,145.2,1,0,0.3,0.0,99.71666666666667,66.666667,16,24
/Users/jiangnanhugo/workspace/power-sharpening/Subtree-Prefetching-Power-Sharpening/case_studies/logs-entropycut/lcb_v6/2026-09-20/vllm/dataset-lcb_v6.model-qwen3.5-4b.alpha4.0.steps100.blocks-1.cut-entropy4.0.samples20.maxnew1024.seed10086.powerMH.vllm.log,EntropyCut,9795,2026-09-20 22:58:36,156.7,140.6,1,0,0.2,0.0,99.88333333333334,45.454545,20,44
/Users/jiangnanhugo/workspace/power-sharpening/Subtree-Prefetching-Power-Sharpening/case_studies/logs-entropycut/lcb_v6/2026-09-20/vllm/dataset-lcb_v6.model-qwen3.5-4b.alpha4.0.steps100.blocks-1.cut-entropy4.0.samples20.maxnew1024.seed10086.powerMH.vllm.log,EntropyCut,9804,2026-09-20 22:58:46,54.3,144.9,1,0,0.3,0.0,100.05,60.0,12,20
/Users/jiangnanhugo/workspace/power-sharpening/Subtree-Prefetching-Power-Sharpening/case_studies/logs-entropycut/lcb_v6/2026-09-20/vllm/dataset-lcb_v6.model-qwen3.5-4b.alpha4.0.steps100.blocks-1.cut-entropy4.0.samples20.maxnew1024.seed10086.powerMH.vllm.log,EntropyCut,9817,2026-09-20 22:58:56,85.8,143.1,1,0,0.3,0.0,100.21666666666667,57.142857,16,28
/Users/jiangnanhugo/workspace/power-sharpening/Subtree-Prefetching-Power-Sharpening/case_studies/logs-entropycut/lcb_v6/2026-09-20/vllm/dataset-lcb_v6.model-qwen3.5-4b.alpha4.0.steps100.blocks-1.cut-entropy4.0.samples20.maxnew1024.seed10086.powerMH.vllm.log,EntropyCut,9834,2026-09-20 22:59:06,100.6,141.6,1,0,0.3,0.0,100.38333333333334,50.0,16,32
/Users/jiangnanhugo/workspace/power-sharpening/Subtree-Prefetching-Power-Sharpening/case_studies/logs-entropycut/lcb_v6/2026-09-20/vllm/dataset-lcb_v6.model-qwen3.5-4b.alpha4.0.steps100.blocks-1.cut-entropy4.0.samples20.maxnew1024.seed10086.powerMH.vllm.log,EntropyCut,9851,2026-09-20 22:59:16,84.8,143.5,1,0,0.2,0.0,100.55,42.857143,12,28
/Users/jiangnanhugo/workspace/power-sharpening/Subtree-Prefetching-Power-Sharpening/case_studies/logs-entropycut/lcb_v6/2026-09-20/vllm/dataset-lcb_v6.model-qwen3.5-4b.alpha4.0.steps100.blocks-1.cut-entropy4.0.samples20.maxnew1024.seed10086.powerMH.vllm.log,EntropyCut,9856,2026-09-20 22:59:26,48.8,147.2,1,0,0.4,0.0,100.71666666666667,80.0,16,20
/Users/jiangnanhugo/workspace/power-sharpening/Subtree-Prefetching-Power-Sharpening/case_studies/logs-entropycut/lcb_v6/2026-09-20/vllm/dataset-lcb_v6.model-qwen3.5-4b.alpha4.0.steps100.blocks-1.cut-entropy4.0.samples20.maxnew1024.seed10086.powerMH.vllm.log,EntropyCut,9865,2026-09-20 22:59:36,46.1,144.4,1,0,0.4,0.0,100.88333333333334,60.0,12,20
/Users/jiangnanhugo/workspace/power-sharpening/Subtree-Prefetching-Power-Sharpening/case_studies/logs-entropycut/lcb_v6/2026-09-20/vllm/dataset-lcb_v6.model-qwen3.5-4b.alpha4.0.steps100.blocks-1.cut-entropy4.0.samples20.maxnew1024.seed10086.powerMH.vllm.log,EntropyCut,9886,2026-09-20 22:59:46,164.4,140.9,1,0,0.2,0.0,101.05,44.444444,16,36
/Users/jiangnanhugo/workspace/power-sharpening/Subtree-Prefetching-Power-Sharpening/case_studies/logs-entropycut/lcb_v6/2026-09-20/vllm/dataset-lcb_v6.model-qwen3.5-4b.alpha4.0.steps100.blocks-1.cut-entropy4.0.samples20.maxnew1024.seed10086.powerMH.vllm.log,EntropyCut,9891,2026-09-20 22:59:56,24.1,145.7,1,0,0.3,0.0,101.21666666666667,75.0,12,16
/Users/jiangnanhugo/workspace/power-sharpening/Subtree-Prefetching-Power-Sharpening/case_studies/logs-entropycut/lcb_v6/2026-09-20/vllm/dataset-lcb_v6.model-qwen3.5-4b.alpha4.0.steps100.blocks-1.cut-entropy4.0.samples20.maxnew1024.seed10086.powerMH.vllm.log,EntropyCut,9900,2026-09-20 23:00:06,28.1,144.9,1,0,0.3,0.0,101.38333333333334,60.0,12,20
/Users/jiangnanhugo/workspace/power-sharpening/Subtree-Prefetching-Power-Sharpening/case_studies/logs-entropycut/lcb_v6/2026-09-20/vllm/dataset-lcb_v6.model-qwen3.5-4b.alpha4.0.steps100.blocks-1.cut-entropy4.0.samples20.maxnew1024.seed10086.powerMH.vllm.log,EntropyCut,9917,2026-09-20 23:00:16,143.7,140.7,1,0,0.3,0.0,101.55,55.555556,20,36
/Users/jiangnanhugo/workspace/power-sharpening/Subtree-Prefetching-Power-Sharpening/case_studies/logs-entropycut/lcb_v6/2026-09-20/vllm/dataset-lcb_v6.model-qwen3.5-4b.alpha4.0.steps100.blocks-1.cut-entropy4.0.samples20.maxnew1024.seed10086.powerMH.vllm.log,EntropyCut,9926,2026-09-20 23:00:26,26.7,143.8,1,0,0.4,0.0,101.71666666666667,60.0,12,20
/Users/jiangnanhugo/workspace/power-sharpening/Subtree-Prefetching-Power-Sharpening/case_studies/logs-entropycut/lcb_v6/2026-09-20/vllm/dataset-lcb_v6.model-qwen3.5-4b.alpha4.0.steps100.blocks-1.cut-entropy4.0.samples20.maxnew1024.seed10086.powerMH.vllm.log,EntropyCut,9943,2026-09-20 23:00:36,132.6,142.0,1,0,0.2,0.0,101.88333333333334,50.0,16,32
/Users/jiangnanhugo/workspace/power-sharpening/Subtree-Prefetching-Power-Sharpening/case_studies/logs-entropycut/lcb_v6/2026-09-20/vllm/dataset-lcb_v6.model-qwen3.5-4b.alpha4.0.steps100.blocks-1.cut-entropy4.0.samples20.maxnew1024.seed10086.powerMH.vllm.log,EntropyCut,9956,2026-09-20 23:00:46,71.2,142.9,1,0,0.2,0.0,102.05,50.0,12,24
/Users/jiangnanhugo/workspace/power-sharpening/Subtree-Prefetching-Power-Sharpening/case_studies/logs-entropycut/lcb_v6/2026-09-20/vllm/dataset-lcb_v6.model-qwen3.5-4b.alpha4.0.steps100.blocks-1.cut-entropy4.0.samples20.maxnew1024.seed10086.powerMH.vllm.log,EntropyCut,9981,2026-09-20 23:00:56,135.8,139.9,1,0,0.2,0.0,102.21666666666667,40.0,16,40
/Users/jiangnanhugo/workspace/power-sharpening/Subtree-Prefetching-Power-Sharpening/case_studies/logs-entropycut/lcb_v6/2026-09-20/vllm/dataset-lcb_v6.model-qwen3.5-4b.alpha4.0.steps100.blocks-1.cut-entropy4.0.samples20.maxnew1024.seed10086.powerMH.vllm.log,EntropyCut,9990,2026-09-20 23:01:06,40.8,144.8,1,0,0.2,0.0,102.38333333333334,60.0,12,20
/Users/jiangnanhugo/workspace/power-sharpening/Subtree-Prefetching-Power-Sharpening/case_studies/logs-entropycut/lcb_v6/2026-09-20/vllm/dataset-lcb_v6.model-qwen3.5-4b.alpha4.0.steps100.blocks-1.cut-entropy4.0.samples20.maxnew1024.seed10086.powerMH.vllm.log,EntropyCut,10003,2026-09-20 23:01:16,96.1,143.3,1,0,0.3,0.0,102.55,57.142857,16,28
/Users/jiangnanhugo/workspace/power-sharpening/Subtree-Prefetching-Power-Sharpening/case_studies/logs-entropycut/lcb_v6/2026-09-20/vllm/dataset-lcb_v6.model-qwen3.5-4b.alpha4.0.steps100.blocks-1.cut-entropy4.0.samples20.maxnew1024.seed10086.powerMH.vllm.log,EntropyCut,10012,2026-09-20 23:01:26,56.0,144.2,1,0,0.3,0.0,102.71666666666667,66.666667,16,24
/Users/jiangnanhugo/workspace/power-sharpening/Subtree-Prefetching-Power-Sharpening/case_studies/logs-entropycut/lcb_v6/2026-09-20/vllm/dataset-lcb_v6.model-qwen3.5-4b.alpha4.0.steps100.blocks-1.cut-entropy4.0.samples20.maxnew1024.seed10086.powerMH.vllm.log,EntropyCut,10150,2026-09-20 23:01:36,199.4,138.9,1,0,0.2,0.0,102.88333333333334,54.545455,24,44
/Users/jiangnanhugo/workspace/power-sharpening/Subtree-Prefetching-Power-Sharpening/case_studies/logs-entropycut/lcb_v6/2026-09-20/vllm/dataset-lcb_v6.model-qwen3.5-4b.alpha4.0.steps100.blocks-1.cut-entropy4.0.samples20.maxnew1024.seed10086.powerMH.vllm.log,EntropyCut,10171,2026-09-20 23:01:46,134.7,140.8,1,0,0.2,0.0,103.05,50.0,20,40
/Users/jiangnanhugo/workspace/power-sharpening/Subtree-Prefetching-Power-Sharpening/case_studies/logs-entropycut/lcb_v6/2026-09-20/vllm/dataset-lcb_v6.model-qwen3.5-4b.alpha4.0.steps100.blocks-1.cut-entropy4.0.samples20.maxnew1024.seed10086.powerMH.vllm.log,EntropyCut,10184,2026-09-20 23:01:56,62.7,143.7,1,0,0.3,0.0,103.21666666666667,57.142857,16,28
/Users/jiangnanhugo/workspace/power-sharpening/Subtree-Prefetching-Power-Sharpening/case_studies/logs-entropycut/lcb_v6/2026-09-20/vllm/dataset-lcb_v6.model-qwen3.5-4b.alpha4.0.steps100.blocks-1.cut-entropy4.0.samples20.maxnew1024.seed10086.powerMH.vllm.log,EntropyCut,10193,2026-09-20 23:02:06,36.5,143.4,1,0,0.2,0.0,103.38333333333334,60.0,12,20
/Users/jiangnanhugo/workspace/power-sharpening/Subtree-Prefetching-Power-Sharpening/case_studies/logs-entropycut/lcb_v6/2026-09-20/vllm/dataset-lcb_v6.model-qwen3.5-4b.alpha4.0.steps100.blocks-1.cut-entropy4.0.samples20.maxnew1024.seed10086.powerMH.vllm.log,EntropyCut,10206,2026-09-20 23:02:16,74.3,142.9,1,0,0.3,0.0,103.55,57.142857,16,28
/Users/jiangnanhugo/workspace/power-sharpening/Subtree-Prefetching-Power-Sharpening/case_studies/logs-entropycut/lcb_v6/2026-09-20/vllm/dataset-lcb_v6.model-qwen3.5-4b.alpha4.0.steps100.blocks-1.cut-entropy4.0.samples20.maxnew1024.seed10086.powerMH.vllm.log,EntropyCut,10215,2026-09-20 23:02:26,48.1,144.4,1,0,0.3,0.0,103.71666666666667,66.666667,16,24
/Users/jiangnanhugo/workspace/power-sharpening/Subtree-Prefetching-Power-Sharpening/case_studies/logs-entropycut/lcb_v6/2026-09-20/vllm/dataset-lcb_v6.model-qwen3.5-4b.alpha4.0.steps100.blocks-1.cut-entropy4.0.samples20.maxnew1024.seed10086.powerMH.vllm.log,EntropyCut,10224,2026-09-20 23:02:36,47.1,144.7,1,0,0.3,0.0,103.88333333333334,60.0,12,20
/Users/jiangnanhugo/workspace/power-sharpening/Subtree-Prefetching-Power-Sharpening/case_studies/logs-entropycut/lcb_v6/2026-09-20/vllm/dataset-lcb_v6.model-qwen3.5-4b.alpha4.0.steps100.blocks-1.cut-entropy4.0.samples20.maxnew1024.seed10086.powerMH.vllm.log,EntropyCut,10245,2026-09-20 23:02:46,130.0,141.3,1,0,0.2,0.0,104.05,50.0,20,40
/Users/jiangnanhugo/workspace/power-sharpening/Subtree-Prefetching-Power-Sharpening/case_studies/logs-entropycut/lcb_v6/2026-09-20/vllm/dataset-lcb_v6.model-qwen3.5-4b.alpha4.0.steps100.blocks-1.cut-entropy4.0.samples20.maxnew1024.seed10086.powerMH.vllm.log,EntropyCut,10258,2026-09-20 23:02:56,54.2,142.7,1,0,0.2,0.0,104.21666666666667,57.142857,16,28
/Users/jiangnanhugo/workspace/power-sharpening/Subtree-Prefetching-Power-Sharpening/case_studies/logs-entropycut/lcb_v6/2026-09-20/vllm/dataset-lcb_v6.model-qwen3.5-4b.alpha4.0.steps100.blocks-1.cut-entropy4.0.samples20.maxnew1024.seed10086.powerMH.vllm.log,EntropyCut,10271,2026-09-20 23:03:06,35.3,142.8,1,0,0.2,0.0,104.38333333333334,50.0,12,24
/Users/jiangnanhugo/workspace/power-sharpening/Subtree-Prefetching-Power-Sharpening/case_studies/logs-entropycut/lcb_v6/2026-09-20/vllm/dataset-lcb_v6.model-qwen3.5-4b.alpha4.0.steps100.blocks-1.cut-entropy4.0.samples20.maxnew1024.seed10086.powerMH.vllm.log,EntropyCut,10292,2026-09-20 23:03:16,122.6,141.1,1,0,0.2,0.0,104.55,50.0,20,40
/Users/jiangnanhugo/workspace/power-sharpening/Subtree-Prefetching-Power-Sharpening/case_studies/logs-entropycut/lcb_v6/2026-09-20/vllm/dataset-lcb_v6.model-qwen3.5-4b.alpha4.0.steps100.blocks-1.cut-entropy4.0.samples20.maxnew1024.seed10086.powerMH.vllm.log,EntropyCut,10301,2026-09-20 23:03:26,28.8,144.5,1,0,0.3,0.0,104.71666666666667,66.666667,16,24
/Users/jiangnanhugo/workspace/power-sharpening/Subtree-Prefetching-Power-Sharpening/case_studies/logs-entropycut/lcb_v6/2026-09-20/vllm/dataset-lcb_v6.model-qwen3.5-4b.alpha4.0.steps100.blocks-1.cut-entropy4.0.samples20.maxnew1024.seed10086.powerMH.vllm.log,EntropyCut,10310,2026-09-20 23:03:36,55.1,144.7,1,0,0.3,0.0,104.88333333333334,60.0,12,20
/Users/jiangnanhugo/workspace/power-sharpening/Subtree-Prefetching-Power-Sharpening/case_studies/logs-entropycut/lcb_v6/2026-09-20/vllm/dataset-lcb_v6.model-qwen3.5-4b.alpha4.0.steps100.blocks-1.cut-entropy4.0.samples20.maxnew1024.seed10086.powerMH.vllm.log,EntropyCut,10319,2026-09-20 23:03:46,68.4,145.0,1,0,0.3,0.0,105.05,66.666667,16,24
/Users/jiangnanhugo/workspace/power-sharpening/Subtree-Prefetching-Power-Sharpening/case_studies/logs-entropycut/lcb_v6/2026-09-20/vllm/dataset-lcb_v6.model-qwen3.5-4b.alpha4.0.steps100.blocks-1.cut-entropy4.0.samples20.maxnew1024.seed10086.powerMH.vllm.log,EntropyCut,10336,2026-09-20 23:03:56,117.9,142.4,1,0,0.2,0.0,105.21666666666667,55.555556,20,36
/Users/jiangnanhugo/workspace/power-sharpening/Subtree-Prefetching-Power-Sharpening/case_studies/logs-entropycut/lcb_v6/2026-09-20/vllm/dataset-lcb_v6.model-qwen3.5-4b.alpha4.0.steps100.blocks-1.cut-entropy4.0.samples20.maxnew1024.seed10086.powerMH.vllm.log,EntropyCut,10345,2026-09-20 23:04:06,64.1,145.0,1,0,0.3,0.0,105.38333333333334,66.666667,16,24
/Users/jiangnanhugo/workspace/power-sharpening/Subtree-Prefetching-Power-Sharpening/case_studies/logs-entropycut/lcb_v6/2026-09-20/vllm/dataset-lcb_v6.model-qwen3.5-4b.alpha4.0.steps100.blocks-1.cut-entropy4.0.samples20.maxnew1024.seed10086.powerMH.vllm.log,EntropyCut,10358,2026-09-20 23:04:16,86.5,143.3,1,0,0.2,0.0,105.55,57.142857,16,28
/Users/jiangnanhugo/workspace/power-sharpening/Subtree-Prefetching-Power-Sharpening/case_studies/logs-entropycut/lcb_v6/2026-09-20/vllm/dataset-lcb_v6.model-qwen3.5-4b.alpha4.0.steps100.blocks-1.cut-entropy4.0.samples20.maxnew1024.seed10086.powerMH.vllm.log,EntropyCut,10367,2026-09-20 23:04:26,15.8,145.0,1,0,0.2,0.0,105.71666666666667,60.0,12,20
/Users/jiangnanhugo/workspace/power-sharpening/Subtree-Prefetching-Power-Sharpening/case_studies/logs-entropycut/lcb_v6/2026-09-20/vllm/dataset-lcb_v6.model-qwen3.5-4b.alpha4.0.steps100.blocks-1.cut-entropy4.0.samples20.maxnew1024.seed10086.powerMH.vllm.log,EntropyCut,10380,2026-09-20 23:04:36,65.1,143.6,1,0,0.2,0.0,105.88333333333334,57.142857,16,28
/Users/jiangnanhugo/workspace/power-sharpening/Subtree-Prefetching-Power-Sharpening/case_studies/logs-entropycut/lcb_v6/2026-09-20/vllm/dataset-lcb_v6.model-qwen3.5-4b.alpha4.0.steps100.blocks-1.cut-entropy4.0.samples20.maxnew1024.seed10086.powerMH.vllm.log,EntropyCut,10389,2026-09-20 23:04:46,41.0,144.7,1,0,0.2,0.0,106.05,66.666667,16,24
/Users/jiangnanhugo/workspace/power-sharpening/Subtree-Prefetching-Power-Sharpening/case_studies/logs-entropycut/lcb_v6/2026-09-20/vllm/dataset-lcb_v6.model-qwen3.5-4b.alpha4.0.steps100.blocks-1.cut-entropy4.0.samples20.maxnew1024.seed10086.powerMH.vllm.log,EntropyCut,10402,2026-09-20 23:04:56,83.4,144.0,1,0,0.2,0.0,106.21666666666667,57.142857,16,28
/Users/jiangnanhugo/workspace/power-sharpening/Subtree-Prefetching-Power-Sharpening/case_studies/logs-entropycut/lcb_v6/2026-09-20/vllm/dataset-lcb_v6.model-qwen3.5-4b.alpha4.0.steps100.blocks-1.cut-entropy4.0.samples20.maxnew1024.seed10086.powerMH.vllm.log,EntropyCut,10407,2026-09-20 23:05:06,23.0,146.1,1,0,0.3,0.0,106.38333333333334,75.0,12,16
/Users/jiangnanhugo/workspace/power-sharpening/Subtree-Prefetching-Power-Sharpening/case_studies/logs-entropycut/lcb_v6/2026-09-20/vllm/dataset-lcb_v6.model-qwen3.5-4b.alpha4.0.steps100.blocks-1.cut-entropy4.0.samples20.maxnew1024.seed10086.powerMH.vllm.log,EntropyCut,10420,2026-09-20 23:05:16,106.8,143.8,1,0,0.3,0.0,106.55,62.5,20,32
/Users/jiangnanhugo/workspace/power-sharpening/Subtree-Prefetching-Power-Sharpening/case_studies/logs-entropycut/lcb_v6/2026-09-20/vllm/dataset-lcb_v6.model-qwen3.5-4b.alpha4.0.steps100.blocks-1.cut-entropy4.0.samples20.maxnew1024.seed10086.powerMH.vllm.log,EntropyCut,10441,2026-09-20 23:05:26,122.1,141.5,1,0,0.2,0.0,106.71666666666667,50.0,20,40
/Users/jiangnanhugo/workspace/power-sharpening/Subtree-Prefetching-Power-Sharpening/case_studies/logs-entropycut/lcb_v6/2026-09-20/vllm/dataset-lcb_v6.model-qwen3.5-4b.alpha4.0.steps100.blocks-1.cut-entropy4.0.samples20.maxnew1024.seed10086.powerMH.vllm.log,EntropyCut,10454,2026-09-20 23:05:36,92.4,143.5,1,0,0.3,0.0,106.88333333333334,57.142857,16,28
/Users/jiangnanhugo/workspace/power-sharpening/Subtree-Prefetching-Power-Sharpening/case_studies/logs-entropycut/lcb_v6/2026-09-20/vllm/dataset-lcb_v6.model-qwen3.5-4b.alpha4.0.steps100.blocks-1.cut-entropy4.0.samples20.maxnew1024.seed10086.powerMH.vllm.log,EntropyCut,10471,2026-09-20 23:05:46,53.0,142.0,1,0,0.2,0.0,107.05,50.0,16,32
/Users/jiangnanhugo/workspace/power-sharpening/Subtree-Prefetching-Power-Sharpening/case_studies/logs-entropycut/lcb_v6/2026-09-20/vllm/dataset-lcb_v6.model-qwen3.5-4b.alpha4.0.steps100.blocks-1.cut-entropy4.0.samples20.maxnew1024.seed10086.powerMH.vllm.log,EntropyCut,10480,2026-09-20 23:05:56,75.8,143.2,1,0,0.3,0.0,107.21666666666667,66.666667,16,24
/Users/jiangnanhugo/workspace/power-sharpening/Subtree-Prefetching-Power-Sharpening/case_studies/logs-entropycut/lcb_v6/2026-09-20/vllm/dataset-lcb_v6.model-qwen3.5-4b.alpha4.0.steps100.blocks-1.cut-entropy4.0.samples20.maxnew1024.seed10086.powerMH.vllm.log,EntropyCut,10489,2026-09-20 23:06:06,65.8,144.0,1,0,0.3,0.0,107.38333333333334,66.666667,16,24
/Users/jiangnanhugo/workspace/power-sharpening/Subtree-Prefetching-Power-Sharpening/case_studies/logs-entropycut/lcb_v6/2026-09-20/vllm/dataset-lcb_v6.model-qwen3.5-4b.alpha4.0.steps100.blocks-1.cut-entropy4.0.samples20.maxnew1024.seed10086.powerMH.vllm.log,EntropyCut,10498,2026-09-20 23:06:16,46.9,144.2,1,0,0.3,0.0,107.55,66.666667,16,24
/Users/jiangnanhugo/workspace/power-sharpening/Subtree-Prefetching-Power-Sharpening/case_studies/logs-entropycut/lcb_v6/2026-09-20/vllm/dataset-lcb_v6.model-qwen3.5-4b.alpha4.0.steps100.blocks-1.cut-entropy4.0.samples20.maxnew1024.seed10086.powerMH.vllm.log,EntropyCut,10507,2026-09-20 23:06:26,71.1,145.0,1,0,0.3,0.0,107.71666666666667,66.666667,16,24
/Users/jiangnanhugo/workspace/power-sharpening/Subtree-Prefetching-Power-Sharpening/case_studies/logs-entropycut/lcb_v6/2026-09-20/vllm/dataset-lcb_v6.model-qwen3.5-4b.alpha4.0.steps100.blocks-1.cut-entropy4.0.samples20.maxnew1024.seed10086.powerMH.vllm.log,EntropyCut,10516,2026-09-20 23:06:36,66.4,146.1,1,0,0.3,0.0,107.88333333333334,66.666667,16,24
/Users/jiangnanhugo/workspace/power-sharpening/Subtree-Prefetching-Power-Sharpening/case_studies/logs-entropycut/lcb_v6/2026-09-20/vllm/dataset-lcb_v6.model-qwen3.5-4b.alpha4.0.steps100.blocks-1.cut-entropy4.0.samples20.maxnew1024.seed10086.powerMH.vllm.log,EntropyCut,10533,2026-09-20 23:06:46,110.8,141.9,1,0,0.2,0.0,108.05,50.0,16,32
/Users/jiangnanhugo/workspace/power-sharpening/Subtree-Prefetching-Power-Sharpening/case_studies/logs-entropycut/lcb_v6/2026-09-20/vllm/dataset-lcb_v6.model-qwen3.5-4b.alpha4.0.steps100.blocks-1.cut-entropy4.0.samples20.maxnew1024.seed10086.powerMH.vllm.log,EntropyCut,10546,2026-09-20 23:06:56,58.8,143.2,1,0,0.3,0.0,108.21666666666667,57.142857,16,28
/Users/jiangnanhugo/workspace/power-sharpening/Subtree-Prefetching-Power-Sharpening/case_studies/logs-entropycut/lcb_v6/2026-09-20/vllm/dataset-lcb_v6.model-qwen3.5-4b.alpha4.0.steps100.blocks-1.cut-entropy4.0.samples20.maxnew1024.seed10086.powerMH.vllm.log,EntropyCut,10559,2026-09-20 23:07:06,71.4,143.1,1,0,0.2,0.0,108.38333333333334,57.142857,16,28
/Users/jiangnanhugo/workspace/power-sharpening/Subtree-Prefetching-Power-Sharpening/case_studies/logs-entropycut/lcb_v6/2026-09-20/vllm/dataset-lcb_v6.model-qwen3.5-4b.alpha4.0.steps100.blocks-1.cut-entropy4.0.samples20.maxnew1024.seed10086.powerMH.vllm.log,EntropyCut,10568,2026-09-20 23:07:16,25.9,144.4,1,0,0.2,0.0,108.55,60.0,12,20
/Users/jiangnanhugo/workspace/power-sharpening/Subtree-Prefetching-Power-Sharpening/case_studies/logs-entropycut/lcb_v6/2026-09-20/vllm/dataset-lcb_v6.model-qwen3.5-4b.alpha4.0.steps100.blocks-1.cut-entropy4.0.samples20.maxnew1024.seed10086.powerMH.vllm.log,EntropyCut,10694,2026-09-20 23:07:26,122.3,142.2,1,0,0.3,0.0,108.71666666666667,62.5,20,32
/Users/jiangnanhugo/workspace/power-sharpening/Subtree-Prefetching-Power-Sharpening/case_studies/logs-entropycut/lcb_v6/2026-09-20/vllm/dataset-lcb_v6.model-qwen3.5-4b.alpha4.0.steps100.blocks-1.cut-entropy4.0.samples20.maxnew1024.seed10086.powerMH.vllm.log,EntropyCut,10719,2026-09-20 23:07:36,180.9,139.1,1,0,0.3,0.0,108.88333333333334,25.0,8,32
/Users/jiangnanhugo/workspace/power-sharpening/Subtree-Prefetching-Power-Sharpening/case_studies/logs-entropycut/lcb_v6/2026-09-20/vllm/dataset-lcb_v6.model-qwen3.5-4b.alpha4.0.steps100.blocks-1.cut-entropy4.0.samples20.maxnew1024.seed10086.powerMH.vllm.log,EntropyCut,10728,2026-09-20 23:07:46,49.5,144.9,1,0,0.3,0.0,109.05,50.0,8,16
/Users/jiangnanhugo/workspace/power-sharpening/Subtree-Prefetching-Power-Sharpening/case_studies/logs-entropycut/lcb_v6/2026-09-20/vllm/dataset-lcb_v6.model-qwen3.5-4b.alpha4.0.steps100.blocks-1.cut-entropy4.0.samples20.maxnew1024.seed10086.powerMH.vllm.log,EntropyCut,10745,2026-09-20 23:07:56,68.3,142.8,1,0,0.3,0.0,109.21666666666667,20.0,4,20
/Users/jiangnanhugo/workspace/power-sharpening/Subtree-Prefetching-Power-Sharpening/case_studies/logs-entropycut/lcb_v6/2026-09-20/vllm/dataset-lcb_v6.model-qwen3.5-4b.alpha4.0.steps100.blocks-1.cut-entropy4.0.samples20.maxnew1024.seed10086.powerMH.vllm.log,EntropyCut,10762,2026-09-20 23:08:06,58.7,141.4,1,0,0.2,0.0,109.38333333333334,20.0,4,20
/Users/jiangnanhugo/workspace/power-sharpening/Subtree-Prefetching-Power-Sharpening/case_studies/logs-entropycut/lcb_v6/2026-09-20/vllm/dataset-lcb_v6.model-qwen3.5-4b.alpha4.0.steps100.blocks-1.cut-entropy4.0.samples20.maxnew1024.seed10086.powerMH.vllm.log,EntropyCut,10771,2026-09-20 23:08:16,35.5,145.7,1,0,0.3,0.0,109.55,50.0,8,16
/Users/jiangnanhugo/workspace/power-sharpening/Subtree-Prefetching-Power-Sharpening/case_studies/logs-entropycut/lcb_v6/2026-09-20/vllm/dataset-lcb_v6.model-qwen3.5-4b.alpha4.0.steps100.blocks-1.cut-entropy4.0.samples20.maxnew1024.seed10086.powerMH.vllm.log,EntropyCut,10788,2026-09-20 23:08:26,133.0,142.5,1,0,0.2,0.0,109.71666666666667,33.333333,8,24
/Users/jiangnanhugo/workspace/power-sharpening/Subtree-Prefetching-Power-Sharpening/case_studies/logs-entropycut/lcb_v6/2026-09-20/vllm/dataset-lcb_v6.model-qwen3.5-4b.alpha4.0.steps100.blocks-1.cut-entropy4.0.samples20.maxnew1024.seed10086.powerMH.vllm.log,EntropyCut,10797,2026-09-20 23:08:36,48.2,143.2,1,0,0.2,0.0,109.88333333333334,50.0,8,16
/Users/jiangnanhugo/workspace/power-sharpening/Subtree-Prefetching-Power-Sharpening/case_studies/logs-entropycut/lcb_v6/2026-09-20/vllm/dataset-lcb_v6.model-qwen3.5-4b.alpha4.0.steps100.blocks-1.cut-entropy4.0.samples20.maxnew1024.seed10086.powerMH.vllm.log,EntropyCut,10810,2026-09-20 23:08:46,60.4,142.7,1,0,0.2,0.0,110.05,40.0,8,20
/Users/jiangnanhugo/workspace/power-sharpening/Subtree-Prefetching-Power-Sharpening/case_studies/logs-entropycut/lcb_v6/2026-09-20/vllm/dataset-lcb_v6.model-qwen3.5-4b.alpha4.0.steps100.blocks-1.cut-entropy4.0.samples20.maxnew1024.seed10086.powerMH.vllm.log,EntropyCut,10823,2026-09-20 23:08:56,109.9,143.1,1,0,0.2,0.0,110.21666666666667,50.0,12,24
/Users/jiangnanhugo/workspace/power-sharpening/Subtree-Prefetching-Power-Sharpening/case_studies/logs-entropycut/lcb_v6/2026-09-20/vllm/dataset-lcb_v6.model-qwen3.5-4b.alpha4.0.steps100.blocks-1.cut-entropy4.0.samples20.maxnew1024.seed10086.powerMH.vllm.log,EntropyCut,10832,2026-09-20 23:09:06,66.6,144.4,1,0,0.2,0.0,110.38333333333334,50.0,8,16
/Users/jiangnanhugo/workspace/power-sharpening/Subtree-Prefetching-Power-Sharpening/case_studies/logs-entropycut/lcb_v6/2026-09-20/vllm/dataset-lcb_v6.model-qwen3.5-4b.alpha4.0.steps100.blocks-1.cut-entropy4.0.samples20.maxnew1024.seed10086.powerMH.vllm.log,EntropyCut,10841,2026-09-20 23:09:16,24.7,144.6,1,0,0.2,0.0,110.55,50.0,8,16
/Users/jiangnanhugo/workspace/power-sharpening/Subtree-Prefetching-Power-Sharpening/case_studies/logs-entropycut/lcb_v6/2026-09-20/vllm/dataset-lcb_v6.model-qwen3.5-4b.alpha4.0.steps100.blocks-1.cut-entropy4.0.samples20.maxnew1024.seed10086.powerMH.vllm.log,EntropyCut,10850,2026-09-20 23:09:26,72.5,144.7,1,0,0.3,0.0,110.71666666666667,60.0,12,20
/Users/jiangnanhugo/workspace/power-sharpening/Subtree-Prefetching-Power-Sharpening/case_studies/logs-entropycut/lcb_v6/2026-09-20/vllm/dataset-lcb_v6.model-qwen3.5-4b.alpha4.0.steps100.blocks-1.cut-entropy4.0.samples20.maxnew1024.seed10086.powerMH.vllm.log,EntropyCut,10867,2026-09-20 23:09:36,91.2,142.2,1,0,0.3,0.0,110.88333333333334,33.333333,8,24
/Users/jiangnanhugo/workspace/power-sharpening/Subtree-Prefetching-Power-Sharpening/case_studies/logs-entropycut/lcb_v6/2026-09-20/vllm/dataset-lcb_v6.model-qwen3.5-4b.alpha4.0.steps100.blocks-1.cut-entropy4.0.samples20.maxnew1024.seed10086.powerMH.vllm.log,EntropyCut,10876,2026-09-20 23:09:46,32.7,145.5,1,0,0.2,0.0,111.05,33.333333,4,12
/Users/jiangnanhugo/workspace/power-sharpening/Subtree-Prefetching-Power-Sharpening/case_studies/logs-entropycut/lcb_v6/2026-09-20/vllm/dataset-lcb_v6.model-qwen3.5-4b.alpha4.0.steps100.blocks-1.cut-entropy4.0.samples20.maxnew1024.seed10086.powerMH.vllm.log,EntropyCut,10885,2026-09-20 23:09:56,60.5,144.9,1,0,0.3,0.0,111.21666666666667,60.0,12,20
/Users/jiangnanhugo/workspace/power-sharpening/Subtree-Prefetching-Power-Sharpening/case_studies/logs-entropycut/lcb_v6/2026-09-20/vllm/dataset-lcb_v6.model-qwen3.5-4b.alpha4.0.steps100.blocks-1.cut-entropy4.0.samples20.maxnew1024.seed10086.powerMH.vllm.log,EntropyCut,10898,2026-09-20 23:10:06,42.4,143.2,1,0,0.2,0.0,111.38333333333334,25.0,4,16
/Users/jiangnanhugo/workspace/power-sharpening/Subtree-Prefetching-Power-Sharpening/case_studies/logs-entropycut/lcb_v6/2026-09-20/vllm/dataset-lcb_v6.model-qwen3.5-4b.alpha4.0.steps100.blocks-1.cut-entropy4.0.samples20.maxnew1024.seed10086.powerMH.vllm.log,EntropyCut,10911,2026-09-20 23:10:16,51.1,144.0,1,0,0.3,0.0,111.55,40.0,8,20
/Users/jiangnanhugo/workspace/power-sharpening/Subtree-Prefetching-Power-Sharpening/case_studies/logs-entropycut/lcb_v6/2026-09-20/vllm/dataset-lcb_v6.model-qwen3.5-4b.alpha4.0.steps100.blocks-1.cut-entropy4.0.samples20.maxnew1024.seed10086.powerMH.vllm.log,EntropyCut,10924,2026-09-20 23:10:26,96.9,142.7,1,0,0.2,0.0,111.71666666666667,40.0,8,20
/Users/jiangnanhugo/workspace/power-sharpening/Subtree-Prefetching-Power-Sharpening/case_studies/logs-entropycut/lcb_v6/2026-09-20/vllm/dataset-lcb_v6.model-qwen3.5-4b.alpha4.0.steps100.blocks-1.cut-entropy4.0.samples20.maxnew1024.seed10086.powerMH.vllm.log,EntropyCut,10937,2026-09-20 23:10:36,85.5,142.9,1,0,0.2,0.0,111.88333333333334,40.0,8,20
/Users/jiangnanhugo/workspace/power-sharpening/Subtree-Prefetching-Power-Sharpening/case_studies/logs-entropycut/lcb_v6/2026-09-20/vllm/dataset-lcb_v6.model-qwen3.5-4b.alpha4.0.steps100.blocks-1.cut-entropy4.0.samples20.maxnew1024.seed10086.powerMH.vllm.log,EntropyCut,10946,2026-09-20 23:10:46,72.0,144.9,1,0,0.3,0.0,112.05,60.0,12,20
/Users/jiangnanhugo/workspace/power-sharpening/Subtree-Prefetching-Power-Sharpening/case_studies/logs-entropycut/lcb_v6/2026-09-20/vllm/dataset-lcb_v6.model-qwen3.5-4b.alpha4.0.steps100.blocks-1.cut-entropy4.0.samples20.maxnew1024.seed10086.powerMH.vllm.log,EntropyCut,10959,2026-09-20 23:10:56,42.0,142.2,1,0,0.3,0.0,112.21666666666667,40.0,8,20
/Users/jiangnanhugo/workspace/power-sharpening/Subtree-Prefetching-Power-Sharpening/case_studies/logs-entropycut/lcb_v6/2026-09-20/vllm/dataset-lcb_v6.model-qwen3.5-4b.alpha4.0.steps100.blocks-1.cut-entropy4.0.samples20.maxnew1024.seed10086.powerMH.vllm.log,EntropyCut,10972,2026-09-20 23:11:06,76.9,143.5,1,0,0.3,0.0,112.38333333333334,40.0,8,20
/Users/jiangnanhugo/workspace/power-sharpening/Subtree-Prefetching-Power-Sharpening/case_studies/logs-entropycut/lcb_v6/2026-09-20/vllm/dataset-lcb_v6.model-qwen3.5-4b.alpha4.0.steps100.blocks-1.cut-entropy4.0.samples20.maxnew1024.seed10086.powerMH.vllm.log,EntropyCut,10985,2026-09-20 23:11:16,92.2,143.6,1,0,0.2,0.0,112.55,40.0,8,20
/Users/jiangnanhugo/workspace/power-sharpening/Subtree-Prefetching-Power-Sharpening/case_studies/logs-entropycut/lcb_v6/2026-09-20/vllm/dataset-lcb_v6.model-qwen3.5-4b.alpha4.0.steps100.blocks-1.cut-entropy4.0.samples20.maxnew1024.seed10086.powerMH.vllm.log,EntropyCut,10994,2026-09-20 23:11:26,90.6,144.5,1,0,0.2,0.0,112.71666666666667,60.0,12,20
/Users/jiangnanhugo/workspace/power-sharpening/Subtree-Prefetching-Power-Sharpening/case_studies/logs-entropycut/lcb_v6/2026-09-20/vllm/dataset-lcb_v6.model-qwen3.5-4b.alpha4.0.steps100.blocks-1.cut-entropy4.0.samples20.maxnew1024.seed10086.powerMH.vllm.log,EntropyCut,11003,2026-09-20 23:11:36,44.2,145.2,1,0,0.2,0.0,112.88333333333334,50.0,8,16
/Users/jiangnanhugo/workspace/power-sharpening/Subtree-Prefetching-Power-Sharpening/case_studies/logs-entropycut/lcb_v6/2026-09-20/vllm/dataset-lcb_v6.model-qwen3.5-4b.alpha4.0.steps100.blocks-1.cut-entropy4.0.samples20.maxnew1024.seed10086.powerMH.vllm.log,EntropyCut,11012,2026-09-20 23:11:46,32.5,146.3,1,0,0.2,0.0,113.05,50.0,8,16
/Users/jiangnanhugo/workspace/power-sharpening/Subtree-Prefetching-Power-Sharpening/case_studies/logs-entropycut/lcb_v6/2026-09-20/vllm/dataset-lcb_v6.model-qwen3.5-4b.alpha4.0.steps100.blocks-1.cut-entropy4.0.samples20.maxnew1024.seed10086.powerMH.vllm.log,EntropyCut,11029,2026-09-20 23:11:56,151.2,141.3,1,0,0.3,0.0,113.21666666666667,42.857143,12,28
/Users/jiangnanhugo/workspace/power-sharpening/Subtree-Prefetching-Power-Sharpening/case_studies/logs-entropycut/lcb_v6/2026-09-20/vllm/dataset-lcb_v6.model-qwen3.5-4b.alpha4.0.steps100.blocks-1.cut-entropy4.0.samples20.maxnew1024.seed10086.powerMH.vllm.log,EntropyCut,11038,2026-09-20 23:12:06,45.2,144.1,1,0,0.3,0.0,113.38333333333334,50.0,8,16
/Users/jiangnanhugo/workspace/power-sharpening/Subtree-Prefetching-Power-Sharpening/case_studies/logs-entropycut/lcb_v6/2026-09-20/vllm/dataset-lcb_v6.model-qwen3.5-4b.alpha4.0.steps100.blocks-1.cut-entropy4.0.samples20.maxnew1024.seed10086.powerMH.vllm.log,EntropyCut,11055,2026-09-20 23:12:16,54.5,142.0,1,0,0.2,0.0,113.55,20.0,4,20
/Users/jiangnanhugo/workspace/power-sharpening/Subtree-Prefetching-Power-Sharpening/case_studies/logs-entropycut/lcb_v6/2026-09-20/vllm/dataset-lcb_v6.model-qwen3.5-4b.alpha4.0.steps100.blocks-1.cut-entropy4.0.samples20.maxnew1024.seed10086.powerMH.vllm.log,EntropyCut,11064,2026-09-20 23:12:26,40.6,146.0,1,0,0.3,0.0,113.71666666666667,50.0,8,16
/Users/jiangnanhugo/workspace/power-sharpening/Subtree-Prefetching-Power-Sharpening/case_studies/logs-entropycut/lcb_v6/2026-09-20/vllm/dataset-lcb_v6.model-qwen3.5-4b.alpha4.0.steps100.blocks-1.cut-entropy4.0.samples20.maxnew1024.seed10086.powerMH.vllm.log,EntropyCut,11077,2026-09-20 23:12:36,87.9,143.1,1,0,0.2,0.0,113.88333333333334,40.0,8,20
/Users/jiangnanhugo/workspace/power-sharpening/Subtree-Prefetching-Power-Sharpening/case_studies/logs-entropycut/lcb_v6/2026-09-20/vllm/dataset-lcb_v6.model-qwen3.5-4b.alpha4.0.steps100.blocks-1.cut-entropy4.0.samples20.maxnew1024.seed10086.powerMH.vllm.log,EntropyCut,11094,2026-09-20 23:12:46,60.6,141.8,1,0,0.2,0.0,114.05,20.0,4,20
/Users/jiangnanhugo/workspace/power-sharpening/Subtree-Prefetching-Power-Sharpening/case_studies/logs-entropycut/lcb_v6/2026-09-20/vllm/dataset-lcb_v6.model-qwen3.5-4b.alpha4.0.steps100.blocks-1.cut-entropy4.0.samples20.maxnew1024.seed10086.powerMH.vllm.log,EntropyCut,11107,2026-09-20 23:12:56,119.2,142.7,1,0,0.2,0.0,114.21666666666667,50.0,12,24
/Users/jiangnanhugo/workspace/power-sharpening/Subtree-Prefetching-Power-Sharpening/case_studies/logs-entropycut/lcb_v6/2026-09-20/vllm/dataset-lcb_v6.model-qwen3.5-4b.alpha4.0.steps100.blocks-1.cut-entropy4.0.samples20.maxnew1024.seed10086.powerMH.vllm.log,EntropyCut,11116,2026-09-20 23:13:06,46.2,144.5,1,0,0.2,0.0,114.38333333333334,50.0,8,16
/Users/jiangnanhugo/workspace/power-sharpening/Subtree-Prefetching-Power-Sharpening/case_studies/logs-entropycut/lcb_v6/2026-09-20/vllm/dataset-lcb_v6.model-qwen3.5-4b.alpha4.0.steps100.blocks-1.cut-entropy4.0.samples20.maxnew1024.seed10086.powerMH.vllm.log,EntropyCut,11125,2026-09-20 23:13:16,32.7,143.8,1,0,0.2,0.0,114.55,50.0,8,16
/Users/jiangnanhugo/workspace/power-sharpening/Subtree-Prefetching-Power-Sharpening/case_studies/logs-entropycut/lcb_v6/2026-09-20/vllm/dataset-lcb_v6.model-qwen3.5-4b.alpha4.0.steps100.blocks-1.prefetch-budget-20.rank-accept_first.cut-entropy4.0.samples20.maxnew1024.seed10086.subtreePrefetch.vllm.log,PreSTO-EntropyCut,112,2026-09-20 21:57:43,245.6,285.3,20,0,3.0,0.0,0.0,0.0,0,144
/Users/jiangnanhugo/workspace/power-sharpening/Subtree-Prefetching-Power-Sharpening/case_studies/logs-entropycut/lcb_v6/2026-09-20/vllm/dataset-lcb_v6.model-qwen3.5-4b.alpha4.0.steps100.blocks-1.prefetch-budget-20.rank-accept_first.cut-entropy4.0.samples20.maxnew1024.seed10086.subtreePrefetch.vllm.log,PreSTO-EntropyCut,158,2026-09-20 21:57:53,446.6,1598.2,10,0,2.0,0.0,0.16666666666666666,0.0,0,176
/Users/jiangnanhugo/workspace/power-sharpening/Subtree-Prefetching-Power-Sharpening/case_studies/logs-entropycut/lcb_v6/2026-09-20/vllm/dataset-lcb_v6.model-qwen3.5-4b.alpha4.0.steps100.blocks-1.prefetch-budget-20.rank-accept_first.cut-entropy4.0.samples20.maxnew1024.seed10086.subtreePrefetch.vllm.log,PreSTO-EntropyCut,200,2026-09-20 21:58:03,596.7,1539.4,5,0,1.3,0.0,0.3333333333333333,0.0,0,172
/Users/jiangnanhugo/workspace/power-sharpening/Subtree-Prefetching-Power-Sharpening/case_studies/logs-entropycut/lcb_v6/2026-09-20/vllm/dataset-lcb_v6.model-qwen3.5-4b.alpha4.0.steps100.blocks-1.prefetch-budget-20.rank-accept_first.cut-entropy4.0.samples20.maxnew1024.seed10086.subtreePrefetch.vllm.log,PreSTO-EntropyCut,279,2026-09-20 21:58:13,1123.8,1403.2,20,0,1.9,0.0,0.5,0.0,0,244
/Users/jiangnanhugo/workspace/power-sharpening/Subtree-Prefetching-Power-Sharpening/case_studies/logs-entropycut/lcb_v6/2026-09-20/vllm/dataset-lcb_v6.model-qwen3.5-4b.alpha4.0.steps100.blocks-1.prefetch-budget-20.rank-accept_first.cut-entropy4.0.samples20.maxnew1024.seed10086.subtreePrefetch.vllm.log,PreSTO-EntropyCut,315,2026-09-20 21:58:23,577.8,1681.2,20,0,3.0,0.0,0.6666666666666666,0.0,0,208
/Users/jiangnanhugo/workspace/power-sharpening/Subtree-Prefetching-Power-Sharpening/case_studies/logs-entropycut/lcb_v6/2026-09-20/vllm/dataset-lcb_v6.model-qwen3.5-4b.alpha4.0.steps100.blocks-1.prefetch-budget-20.rank-accept_first.cut-entropy4.0.samples20.maxnew1024.seed10086.subtreePrefetch.vllm.log,PreSTO-EntropyCut,345,2026-09-20 21:58:33,645.7,1637.2,19,0,3.2,0.0,0.8333333333333334,0.0,0,180
/Users/jiangnanhugo/workspace/power-sharpening/Subtree-Prefetching-Power-Sharpening/case_studies/logs-entropycut/lcb_v6/2026-09-20/vllm/dataset-lcb_v6.model-qwen3.5-4b.alpha4.0.steps100.blocks-1.prefetch-budget-20.rank-accept_first.cut-entropy4.0.samples20.maxnew1024.seed10086.subtreePrefetch.vllm.log,PreSTO-EntropyCut,371,2026-09-20 21:58:43,464.1,1641.7,15,0,3.1,0.0,1.0,0.0,0,192
/Users/jiangnanhugo/workspace/power-sharpening/Subtree-Prefetching-Power-Sharpening/case_studies/logs-entropycut/lcb_v6/2026-09-20/vllm/dataset-lcb_v6.model-qwen3.5-4b.alpha4.0.steps100.blocks-1.prefetch-budget-20.rank-accept_first.cut-entropy4.0.samples20.maxnew1024.seed10086.subtreePrefetch.vllm.log,PreSTO-EntropyCut,401,2026-09-20 21:58:53,536.0,1661.5,5,0,1.3,0.0,1.1666666666666667,0.0,0,168
/Users/jiangnanhugo/workspace/power-sharpening/Subtree-Prefetching-Power-Sharpening/case_studies/logs-entropycut/lcb_v6/2026-09-20/vllm/dataset-lcb_v6.model-qwen3.5-4b.alpha4.0.steps100.blocks-1.prefetch-budget-20.rank-accept_first.cut-entropy4.0.samples20.maxnew1024.seed10086.subtreePrefetch.vllm.log,PreSTO-EntropyCut,439,2026-09-20 21:59:03,402.7,1601.2,2,0,0.5,0.0,1.3333333333333333,0.0,0,168
/Users/jiangnanhugo/workspace/power-sharpening/Subtree-Prefetching-Power-Sharpening/case_studies/logs-entropycut/lcb_v6/2026-09-20/vllm/dataset-lcb_v6.model-qwen3.5-4b.alpha4.0.steps100.blocks-1.prefetch-budget-20.rank-accept_first.cut-entropy4.0.samples20.maxnew1024.seed10086.subtreePrefetch.vllm.log,PreSTO-EntropyCut,508,2026-09-20 21:59:13,939.4,1745.6,20,0,2.5,0.0,1.5,0.0,0,272
/Users/jiangnanhugo/workspace/power-sharpening/Subtree-Prefetching-Power-Sharpening/case_studies/logs-entropycut/lcb_v6/2026-09-20/vllm/dataset-lcb_v6.model-qwen3.5-4b.alpha4.0.steps100.blocks-1.prefetch-budget-20.rank-accept_first.cut-entropy4.0.samples20.maxnew1024.seed10086.subtreePrefetch.vllm.log,PreSTO-EntropyCut,550,2026-09-20 21:59:23,515.0,1624.8,19,0,2.8,0.0,1.6666666666666667,0.0,0,172
/Users/jiangnanhugo/workspace/power-sharpening/Subtree-Prefetching-Power-Sharpening/case_studies/logs-entropycut/lcb_v6/2026-09-20/vllm/dataset-lcb_v6.model-qwen3.5-4b.alpha4.0.steps100.blocks-1.prefetch-budget-20.rank-accept_first.cut-entropy4.0.samples20.maxnew1024.seed10086.subtreePrefetch.vllm.log,PreSTO-EntropyCut,582,2026-09-20 21:59:33,567.3,1600.0,12,0,2.2,0.0,1.8333333333333333,0.0,0,184
/Users/jiangnanhugo/workspace/power-sharpening/Subtree-Prefetching-Power-Sharpening/case_studies/logs-entropycut/lcb_v6/2026-09-20/vllm/dataset-lcb_v6.model-qwen3.5-4b.alpha4.0.steps100.blocks-1.prefetch-budget-20.rank-accept_first.cut-entropy4.0.samples20.maxnew1024.seed10086.subtreePrefetch.vllm.log,PreSTO-EntropyCut,622,2026-09-20 21:59:43,526.2,1448.8,8,0,1.6,0.0,2.0,0.0,0,164
/Users/jiangnanhugo/workspace/power-sharpening/Subtree-Prefetching-Power-Sharpening/case_studies/logs-entropycut/lcb_v6/2026-09-20/vllm/dataset-lcb_v6.model-qwen3.5-4b.alpha4.0.steps100.blocks-1.prefetch-budget-20.rank-accept_first.cut-entropy4.0.samples20.maxnew1024.seed10086.subtreePrefetch.vllm.log,PreSTO-EntropyCut,695,2026-09-20 21:59:53,1014.4,1311.4,20,0,1.9,0.0,2.1666666666666665,0.0,0,232
/Users/jiangnanhugo/workspace/power-sharpening/Subtree-Prefetching-Power-Sharpening/case_studies/logs-entropycut/lcb_v6/2026-09-20/vllm/dataset-lcb_v6.model-qwen3.5-4b.alpha4.0.steps100.blocks-1.prefetch-budget-20.rank-accept_first.cut-entropy4.0.samples20.maxnew1024.seed10086.subtreePrefetch.vllm.log,PreSTO-EntropyCut,741,2026-09-20 22:00:03,544.5,1639.5,20,0,2.6,0.0,2.3333333333333335,0.0,0,188
/Users/jiangnanhugo/workspace/power-sharpening/Subtree-Prefetching-Power-Sharpening/case_studies/logs-entropycut/lcb_v6/2026-09-20/vllm/dataset-lcb_v6.model-qwen3.5-4b.alpha4.0.steps100.blocks-1.prefetch-budget-20.rank-accept_first.cut-entropy4.0.samples20.maxnew1024.seed10086.subtreePrefetch.vllm.log,PreSTO-EntropyCut,777,2026-09-20 22:00:13,551.2,1691.5,16,0,2.9,0.0,2.5,0.0,0,192
/Users/jiangnanhugo/workspace/power-sharpening/Subtree-Prefetching-Power-Sharpening/case_studies/logs-entropycut/lcb_v6/2026-09-20/vllm/dataset-lcb_v6.model-qwen3.5-4b.alpha4.0.steps100.blocks-1.prefetch-budget-20.rank-accept_first.cut-entropy4.0.samples20.maxnew1024.seed10086.subtreePrefetch.vllm.log,PreSTO-EntropyCut,815,2026-09-20 22:00:23,440.8,1664.2,13,0,2.5,0.0,2.6666666666666665,0.0,0,172
/Users/jiangnanhugo/workspace/power-sharpening/Subtree-Prefetching-Power-Sharpening/case_studies/logs-entropycut/lcb_v6/2026-09-20/vllm/dataset-lcb_v6.model-qwen3.5-4b.alpha4.0.steps100.blocks-1.prefetch-budget-20.rank-accept_first.cut-entropy4.0.samples20.maxnew1024.seed10086.subtreePrefetch.vllm.log,PreSTO-EntropyCut,870,2026-09-20 22:00:33,658.5,1628.0,20,0,1.9,0.0,2.8333333333333335,0.0,0,236
/Users/jiangnanhugo/workspace/power-sharpening/Subtree-Prefetching-Power-Sharpening/case_studies/logs-entropycut/lcb_v6/2026-09-20/vllm/dataset-lcb_v6.model-qwen3.5-4b.alpha4.0.steps100.blocks-1.prefetch-budget-20.rank-accept_first.cut-entropy4.0.samples20.maxnew1024.seed10086.subtreePrefetch.vllm.log,PreSTO-EntropyCut,914,2026-09-20 22:00:43,353.3,1683.6,20,0,2.2,0.0,3.0,0.0,0,160
/Users/jiangnanhugo/workspace/power-sharpening/Subtree-Prefetching-Power-Sharpening/case_studies/logs-entropycut/lcb_v6/2026-09-20/vllm/dataset-lcb_v6.model-qwen3.5-4b.alpha4.0.steps100.blocks-1.prefetch-budget-20.rank-accept_first.cut-entropy4.0.samples20.maxnew1024.seed10086.subtreePrefetch.vllm.log,PreSTO-EntropyCut,960,2026-09-20 22:00:53,278.1,1551.9,8,0,1.5,0.0,3.1666666666666665,0.0,0,148
/Users/jiangnanhugo/workspace/power-sharpening/Subtree-Prefetching-Power-Sharpening/case_studies/logs-entropycut/lcb_v6/2026-09-20/vllm/dataset-lcb_v6.model-qwen3.5-4b.alpha4.0.steps100.blocks-1.prefetch-budget-20.rank-accept_first.cut-entropy4.0.samples20.maxnew1024.seed10086.subtreePrefetch.vllm.log,PreSTO-EntropyCut,1161,2026-09-20 22:01:03,81.2,358.2,1,0,0.2,0.0,3.3333333333333335,0.0,0,28
/Users/jiangnanhugo/workspace/power-sharpening/Subtree-Prefetching-Power-Sharpening/case_studies/logs-entropycut/lcb_v6/2026-09-20/vllm/dataset-lcb_v6.model-qwen3.5-4b.alpha4.0.steps100.blocks-1.prefetch-budget-20.rank-accept_first.cut-entropy4.0.samples20.maxnew1024.seed10086.subtreePrefetch.vllm.log,PreSTO-EntropyCut,1166,2026-09-20 22:01:13,577.5,864.6,17,0,3.0,0.0,3.5,0.0,0,148
/Users/jiangnanhugo/workspace/power-sharpening/Subtree-Prefetching-Power-Sharpening/case_studies/logs-entropycut/lcb_v6/2026-09-20/vllm/dataset-lcb_v6.model-qwen3.5-4b.alpha4.0.steps100.blocks-1.prefetch-budget-20.rank-accept_first.cut-entropy4.0.samples20.maxnew1024.seed10086.subtreePrefetch.vllm.log,PreSTO-EntropyCut,1198,2026-09-20 22:01:23,436.6,1593.0,10,0,1.9,0.0,3.6666666666666665,0.0,0,152
/Users/jiangnanhugo/workspace/power-sharpening/Subtree-Prefetching-Power-Sharpening/case_studies/logs-entropycut/lcb_v6/2026-09-20/vllm/dataset-lcb_v6.model-qwen3.5-4b.alpha4.0.steps100.blocks-1.prefetch-budget-20.rank-accept_first.cut-entropy4.0.samples20.maxnew1024.seed10086.subtreePrefetch.vllm.log,PreSTO-EntropyCut,1265,2026-09-20 22:01:33,1242.2,1334.8,18,0,2.6,0.0,3.8333333333333335,0.0,0,252
/Users/jiangnanhugo/workspace/power-sharpening/Subtree-Prefetching-Power-Sharpening/case_studies/logs-entropycut/lcb_v6/2026-09-20/vllm/dataset-lcb_v6.model-qwen3.5-4b.alpha4.0.steps100.blocks-1.prefetch-budget-20.rank-accept_first.cut-entropy4.0.samples20.maxnew1024.seed10086.subtreePrefetch.vllm.log,PreSTO-EntropyCut,1289,2026-09-20 22:01:43,491.0,1580.0,10,0,1.9,0.0,4.0,0.0,0,156
/Users/jiangnanhugo/workspace/power-sharpening/Subtree-Prefetching-Power-Sharpening/case_studies/logs-entropycut/lcb_v6/2026-09-20/vllm/dataset-lcb_v6.model-qwen3.5-4b.alpha4.0.steps100.blocks-1.prefetch-budget-20.rank-accept_first.cut-entropy4.0.samples20.maxnew1024.seed10086.subtreePrefetch.vllm.log,PreSTO-EntropyCut,1338,2026-09-20 22:01:53,1133.2,1205.1,19,0,2.3,0.0,4.166666666666667,0.0,0,228
/Users/jiangnanhugo/workspace/power-sharpening/Subtree-Prefetching-Power-Sharpening/case_studies/logs-entropycut/lcb_v6/2026-09-20/vllm/dataset-lcb_v6.model-qwen3.5-4b.alpha4.0.steps100.blocks-1.prefetch-budget-20.rank-accept_first.cut-entropy4.0.samples20.maxnew1024.seed10086.subtreePrefetch.vllm.log,PreSTO-EntropyCut,1374,2026-09-20 22:02:03,537.4,1451.4,14,0,2.0,0.0,4.333333333333333,0.0,0,144
/Users/jiangnanhugo/workspace/power-sharpening/Subtree-Prefetching-Power-Sharpening/case_studies/logs-entropycut/lcb_v6/2026-09-20/vllm/dataset-lcb_v6.model-qwen3.5-4b.alpha4.0.steps100.blocks-1.prefetch-budget-20.rank-accept_first.cut-entropy4.0.samples20.maxnew1024.seed10086.subtreePrefetch.vllm.log,PreSTO-EntropyCut,1410,2026-09-20 22:02:13,600.9,1429.0,6,0,1.1,0.0,4.5,0.0,0,168
/Users/jiangnanhugo/workspace/power-sharpening/Subtree-Prefetching-Power-Sharpening/case_studies/logs-entropycut/lcb_v6/2026-09-20/vllm/dataset-lcb_v6.model-qwen3.5-4b.alpha4.0.steps100.blocks-1.prefetch-budget-20.rank-accept_first.cut-entropy4.0.samples20.maxnew1024.seed10086.subtreePrefetch.vllm.log,PreSTO-EntropyCut,1497,2026-09-20 22:02:23,1106.2,1481.5,20,0,2.4,0.0,4.666666666666667,0.0,0,248
/Users/jiangnanhugo/workspace/power-sharpening/Subtree-Prefetching-Power-Sharpening/case_studies/logs-entropycut/lcb_v6/2026-09-20/vllm/dataset-lcb_v6.model-qwen3.5-4b.alpha4.0.steps100.blocks-1.prefetch-budget-20.rank-accept_first.cut-entropy4.0.samples20.maxnew1024.seed10086.subtreePrefetch.vllm.log,PreSTO-EntropyCut,1529,2026-09-20 22:02:33,544.4,1571.5,13,0,1.9,0.0,4.833333333333333,0.0,0,160
/Users/jiangnanhugo/workspace/power-sharpening/Subtree-Prefetching-Power-Sharpening/case_studies/logs-entropycut/lcb_v6/2026-09-20/vllm/dataset-lcb_v6.model-qwen3.5-4b.alpha4.0.steps100.blocks-1.prefetch-budget-20.rank-accept_first.cut-entropy4.0.samples20.maxnew1024.seed10086.subtreePrefetch.vllm.log,PreSTO-EntropyCut,1555,2026-09-20 22:02:43,529.8,1334.7,5,0,1.0,0.0,5.0,0.0,0,160
/Users/jiangnanhugo/workspace/power-sharpening/Subtree-Prefetching-Power-Sharpening/case_studies/logs-entropycut/lcb_v6/2026-09-20/vllm/dataset-lcb_v6.model-qwen3.5-4b.alpha4.0.steps100.blocks-1.prefetch-budget-20.rank-accept_first.cut-entropy4.0.samples20.maxnew1024.seed10086.subtreePrefetch.vllm.log,PreSTO-EntropyCut,1624,2026-09-20 22:02:53,1186.4,1447.9,20,0,2.2,0.0,5.166666666666667,0.0,0,244
/Users/jiangnanhugo/workspace/power-sharpening/Subtree-Prefetching-Power-Sharpening/case_studies/logs-entropycut/lcb_v6/2026-09-20/vllm/dataset-lcb_v6.model-qwen3.5-4b.alpha4.0.steps100.blocks-1.prefetch-budget-20.rank-accept_first.cut-entropy4.0.samples20.maxnew1024.seed10086.subtreePrefetch.vllm.log,PreSTO-EntropyCut,1664,2026-09-20 22:03:03,506.3,1616.6,12,0,2.0,0.0,5.333333333333333,0.0,0,172
/Users/jiangnanhugo/workspace/power-sharpening/Subtree-Prefetching-Power-Sharpening/case_studies/logs-entropycut/lcb_v6/2026-09-20/vllm/dataset-lcb_v6.model-qwen3.5-4b.alpha4.0.steps100.blocks-1.prefetch-budget-20.rank-accept_first.cut-entropy4.0.samples20.maxnew1024.seed10086.subtreePrefetch.vllm.log,PreSTO-EntropyCut,1700,2026-09-20 22:03:13,560.7,1430.0,6,0,1.1,0.0,5.5,0.0,0,160
/Users/jiangnanhugo/workspace/power-sharpening/Subtree-Prefetching-Power-Sharpening/case_studies/logs-entropycut/lcb_v6/2026-09-20/vllm/dataset-lcb_v6.model-qwen3.5-4b.alpha4.0.steps100.blocks-1.prefetch-budget-20.rank-accept_first.cut-entropy4.0.samples20.maxnew1024.seed10086.subtreePrefetch.vllm.log,PreSTO-EntropyCut,1769,2026-09-20 22:03:23,1022.5,1442.3,19,0,2.3,0.0,5.666666666666667,0.0,0,236
/Users/jiangnanhugo/workspace/power-sharpening/Subtree-Prefetching-Power-Sharpening/case_studies/logs-entropycut/lcb_v6/2026-09-20/vllm/dataset-lcb_v6.model-qwen3.5-4b.alpha4.0.steps100.blocks-1.prefetch-budget-20.rank-accept_first.cut-entropy4.0.samples20.maxnew1024.seed10086.subtreePrefetch.vllm.log,PreSTO-EntropyCut,1815,2026-09-20 22:03:33,507.5,1420.3,11,0,1.9,0.0,5.833333333333333,0.0,0,156
/Users/jiangnanhugo/workspace/power-sharpening/Subtree-Prefetching-Power-Sharpening/case_studies/logs-entropycut/lcb_v6/2026-09-20/vllm/dataset-lcb_v6.model-qwen3.5-4b.alpha4.0.steps100.blocks-1.prefetch-budget-20.rank-accept_first.cut-entropy4.0.samples20.maxnew1024.seed10086.subtreePrefetch.vllm.log,PreSTO-EntropyCut,1849,2026-09-20 22:03:43,458.9,1252.7,6,0,1.1,0.0,6.0,0.0,0,136
/Users/jiangnanhugo/workspace/power-sharpening/Subtree-Prefetching-Power-Sharpening/case_studies/logs-entropycut/lcb_v6/2026-09-20/vllm/dataset-lcb_v6.model-qwen3.5-4b.alpha4.0.steps100.blocks-1.prefetch-budget-20.rank-accept_first.cut-entropy4.0.samples20.maxnew1024.seed10086.subtreePrefetch.vllm.log,PreSTO-EntropyCut,1918,2026-09-20 22:03:53,804.5,1604.1,19,0,1.9,0.0,6.166666666666667,0.0,0,232
/Users/jiangnanhugo/workspace/power-sharpening/Subtree-Prefetching-Power-Sharpening/case_studies/logs-entropycut/lcb_v6/2026-09-20/vllm/dataset-lcb_v6.model-qwen3.5-4b.alpha4.0.steps100.blocks-1.prefetch-budget-20.rank-accept_first.cut-entropy4.0.samples20.maxnew1024.seed10086.subtreePrefetch.vllm.log,PreSTO-EntropyCut,1960,2026-09-20 22:04:03,22.5,1155.6,1,0,0.3,0.0,6.333333333333333,0.0,0,72
/Users/jiangnanhugo/workspace/power-sharpening/Subtree-Prefetching-Power-Sharpening/case_studies/logs-entropycut/lcb_v6/2026-09-20/vllm/dataset-lcb_v6.model-qwen3.5-4b.alpha4.0.steps100.blocks-1.prefetch-budget-20.rank-accept_first.cut-entropy4.0.samples20.maxnew1024.seed10086.subtreePrefetch.vllm.log,PreSTO-EntropyCut,2052,2026-09-20 22:04:13,577.4,369.2,16,0,2.0,0.0,6.5,0.0,0,112
/Users/jiangnanhugo/workspace/power-sharpening/Subtree-Prefetching-Power-Sharpening/case_studies/logs-entropycut/lcb_v6/2026-09-20/vllm/dataset-lcb_v6.model-qwen3.5-4b.alpha4.0.steps100.blocks-1.prefetch-budget-20.rank-accept_first.cut-entropy4.0.samples20.maxnew1024.seed10086.subtreePrefetch.vllm.log,PreSTO-EntropyCut,2090,2026-09-20 22:04:23,530.2,1458.9,17,0,2.6,0.0,6.666666666666667,0.0,0,188
/Users/jiangnanhugo/workspace/power-sharpening/Subtree-Prefetching-Power-Sharpening/case_studies/logs-entropycut/lcb_v6/2026-09-20/vllm/dataset-lcb_v6.model-qwen3.5-4b.alpha4.0.steps100.blocks-1.prefetch-budget-20.rank-accept_first.cut-entropy4.0.samples20.maxnew1024.seed10086.subtreePrefetch.vllm.log,PreSTO-EntropyCut,2118,2026-09-20 22:04:33,690.0,1629.5,9,0,2.0,0.0,6.833333333333333,0.0,0,224
/Users/jiangnanhugo/workspace/power-sharpening/Subtree-Prefetching-Power-Sharpening/case_studies/logs-entropycut/lcb_v6/2026-09-20/vllm/dataset-lcb_v6.model-qwen3.5-4b.alpha4.0.steps100.blocks-1.prefetch-budget-20.rank-accept_first.cut-entropy4.0.samples20.maxnew1024.seed10086.subtreePrefetch.vllm.log,PreSTO-EntropyCut,2152,2026-09-20 22:04:43,545.6,1612.3,5,0,1.3,0.0,7.0,0.0,0,208
/Users/jiangnanhugo/workspace/power-sharpening/Subtree-Prefetching-Power-Sharpening/case_studies/logs-entropycut/lcb_v6/2026-09-20/vllm/dataset-lcb_v6.model-qwen3.5-4b.alpha4.0.steps100.blocks-1.prefetch-budget-20.rank-accept_first.cut-entropy4.0.samples20.maxnew1024.seed10086.subtreePrefetch.vllm.log,PreSTO-EntropyCut,2207,2026-09-20 22:04:53,990.7,1524.6,20,0,1.9,0.0,7.166666666666667,0.0,0,268
/Users/jiangnanhugo/workspace/power-sharpening/Subtree-Prefetching-Power-Sharpening/case_studies/logs-entropycut/lcb_v6/2026-09-20/vllm/dataset-lcb_v6.model-qwen3.5-4b.alpha4.0.steps100.blocks-1.prefetch-budget-20.rank-accept_first.cut-entropy4.0.samples20.maxnew1024.seed10086.subtreePrefetch.vllm.log,PreSTO-EntropyCut,2235,2026-09-20 22:05:03,595.6,1594.5,14,0,1.9,0.0,7.333333333333333,0.0,0,212
/Users/jiangnanhugo/workspace/power-sharpening/Subtree-Prefetching-Power-Sharpening/case_studies/logs-entropycut/lcb_v6/2026-09-20/vllm/dataset-lcb_v6.model-qwen3.5-4b.alpha4.0.steps100.blocks-1.prefetch-budget-20.rank-accept_first.cut-entropy4.0.samples20.maxnew1024.seed10086.subtreePrefetch.vllm.log,PreSTO-EntropyCut,2265,2026-09-20 22:05:13,422.2,1403.0,17,0,3.1,0.0,7.5,0.0,0,192
/Users/jiangnanhugo/workspace/power-sharpening/Subtree-Prefetching-Power-Sharpening/case_studies/logs-entropycut/lcb_v6/2026-09-20/vllm/dataset-lcb_v6.model-qwen3.5-4b.alpha4.0.steps100.blocks-1.prefetch-budget-20.rank-accept_first.cut-entropy4.0.samples20.maxnew1024.seed10086.subtreePrefetch.vllm.log,PreSTO-EntropyCut,2303,2026-09-20 22:05:23,569.2,1596.0,9,0,2.1,0.0,7.666666666666667,0.0,0,196
/Users/jiangnanhugo/workspace/power-sharpening/Subtree-Prefetching-Power-Sharpening/case_studies/logs-entropycut/lcb_v6/2026-09-20/vllm/dataset-lcb_v6.model-qwen3.5-4b.alpha4.0.steps100.blocks-1.prefetch-budget-20.rank-accept_first.cut-entropy4.0.samples20.maxnew1024.seed10086.subtreePrefetch.vllm.log,PreSTO-EntropyCut,2337,2026-09-20 22:05:33,508.0,1333.7,4,0,1.1,0.0,7.833333333333333,0.0,0,180
/Users/jiangnanhugo/workspace/power-sharpening/Subtree-Prefetching-Power-Sharpening/case_studies/logs-entropycut/lcb_v6/2026-09-20/vllm/dataset-lcb_v6.model-qwen3.5-4b.alpha4.0.steps100.blocks-1.prefetch-budget-20.rank-accept_first.cut-entropy4.0.samples20.maxnew1024.seed10086.subtreePrefetch.vllm.log,PreSTO-EntropyCut,2410,2026-09-20 22:05:43,1076.0,1444.5,19,0,2.1,0.0,8.0,0.0,0,264
/Users/jiangnanhugo/workspace/power-sharpening/Subtree-Prefetching-Power-Sharpening/case_studies/logs-entropycut/lcb_v6/2026-09-20/vllm/dataset-lcb_v6.model-qwen3.5-4b.alpha4.0.steps100.blocks-1.prefetch-budget-20.rank-accept_first.cut-entropy4.0.samples20.maxnew1024.seed10086.subtreePrefetch.vllm.log,PreSTO-EntropyCut,2444,2026-09-20 22:05:53,501.0,1822.0,18,0,2.6,0.0,8.166666666666666,23.706897,55,232
/Users/jiangnanhugo/workspace/power-sharpening/Subtree-Prefetching-Power-Sharpening/case_studies/logs-entropycut/lcb_v6/2026-09-20/vllm/dataset-lcb_v6.model-qwen3.5-4b.alpha4.0.steps100.blocks-1.prefetch-budget-20.rank-accept_first.cut-entropy4.0.samples20.maxnew1024.seed10086.subtreePrefetch.vllm.log,PreSTO-EntropyCut,2480,2026-09-20 22:06:03,497.2,1640.4,18,0,3.0,0.0,8.333333333333334,60.0,120,200
/Users/jiangnanhugo/workspace/power-sharpening/Subtree-Prefetching-Power-Sharpening/case_studies/logs-entropycut/lcb_v6/2026-09-20/vllm/dataset-lcb_v6.model-qwen3.5-4b.alpha4.0.steps100.blocks-1.prefetch-budget-20.rank-accept_first.cut-entropy4.0.samples20.maxnew1024.seed10086.subtreePrefetch.vllm.log,PreSTO-EntropyCut,2512,2026-09-20 22:06:13,461.8,1540.1,3,0,0.8,0.0,8.5,48.979592,96,196
/Users/jiangnanhugo/workspace/power-sharpening/Subtree-Prefetching-Power-Sharpening/case_studies/logs-entropycut/lcb_v6/2026-09-20/vllm/dataset-lcb_v6.model-qwen3.5-4b.alpha4.0.steps100.blocks-1.prefetch-budget-20.rank-accept_first.cut-entropy4.0.samples20.maxnew1024.seed10086.subtreePrefetch.vllm.log,PreSTO-EntropyCut,2575,2026-09-20 22:06:23,1020.1,1462.2,20,0,1.9,0.0,8.666666666666666,50.746269,136,268
/Users/jiangnanhugo/workspace/power-sharpening/Subtree-Prefetching-Power-Sharpening/case_studies/logs-entropycut/lcb_v6/2026-09-20/vllm/dataset-lcb_v6.model-qwen3.5-4b.alpha4.0.steps100.blocks-1.prefetch-budget-20.rank-accept_first.cut-entropy4.0.samples20.maxnew1024.seed10086.subtreePrefetch.vllm.log,PreSTO-EntropyCut,2615,2026-09-20 22:06:33,430.9,1574.7,16,0,2.2,0.0,8.833333333333334,52.0,104,200
/Users/jiangnanhugo/workspace/power-sharpening/Subtree-Prefetching-Power-Sharpening/case_studies/logs-entropycut/lcb_v6/2026-09-20/vllm/dataset-lcb_v6.model-qwen3.5-4b.alpha4.0.steps100.blocks-1.prefetch-budget-20.rank-accept_first.cut-entropy4.0.samples20.maxnew1024.seed10086.subtreePrefetch.vllm.log,PreSTO-EntropyCut,2645,2026-09-20 22:06:43,534.1,1581.9,17,0,2.6,0.0,9.0,62.5,120,192
/Users/jiangnanhugo/workspace/power-sharpening/Subtree-Prefetching-Power-Sharpening/case_studies/logs-entropycut/lcb_v6/2026-09-20/vllm/dataset-lcb_v6.model-qwen3.5-4b.alpha4.0.steps100.blocks-1.prefetch-budget-20.rank-accept_first.cut-entropy4.0.samples20.maxnew1024.seed10086.subtreePrefetch.vllm.log,PreSTO-EntropyCut,2669,2026-09-20 22:06:53,521.5,1655.6,11,0,2.0,0.0,9.166666666666666,61.538462,128,208
/Users/jiangnanhugo/workspace/power-sharpening/Subtree-Prefetching-Power-Sharpening/case_studies/logs-entropycut/lcb_v6/2026-09-20/vllm/dataset-lcb_v6.model-qwen3.5-4b.alpha4.0.steps100.blocks-1.prefetch-budget-20.rank-accept_first.cut-entropy4.0.samples20.maxnew1024.seed10086.subtreePrefetch.vllm.log,PreSTO-EntropyCut,2699,2026-09-20 22:07:03,531.1,1595.6,10,0,2.6,0.0,9.333333333333334,48.148148,104,216
/Users/jiangnanhugo/workspace/power-sharpening/Subtree-Prefetching-Power-Sharpening/case_studies/logs-entropycut/lcb_v6/2026-09-20/vllm/dataset-lcb_v6.model-qwen3.5-4b.alpha4.0.steps100.blocks-1.prefetch-budget-20.rank-accept_first.cut-entropy4.0.samples20.maxnew1024.seed10086.subtreePrefetch.vllm.log,PreSTO-EntropyCut,2748,2026-09-20 22:07:13,883.9,1383.1,20,0,1.9,0.0,9.5,51.612903,128,248
/Users/jiangnanhugo/workspace/power-sharpening/Subtree-Prefetching-Power-Sharpening/case_studies/logs-entropycut/lcb_v6/2026-09-20/vllm/dataset-lcb_v6.model-qwen3.5-4b.alpha4.0.steps100.blocks-1.prefetch-budget-20.rank-accept_first.cut-entropy4.0.samples20.maxnew1024.seed10086.subtreePrefetch.vllm.log,PreSTO-EntropyCut,2778,2026-09-20 22:07:23,595.1,1742.8,19,0,2.7,0.0,9.666666666666666,61.111111,132,216
/Users/jiangnanhugo/workspace/power-sharpening/Subtree-Prefetching-Power-Sharpening/case_studies/logs-entropycut/lcb_v6/2026-09-20/vllm/dataset-lcb_v6.model-qwen3.5-4b.alpha4.0.steps100.blocks-1.prefetch-budget-20.rank-accept_first.cut-entropy4.0.samples20.maxnew1024.seed10086.subtreePrefetch.vllm.log,PreSTO-EntropyCut,2814,2026-09-20 22:07:33,673.5,1720.6,13,0,2.3,0.0,9.833333333333334,64.285714,144,224
/Users/jiangnanhugo/workspace/power-sharpening/Subtree-Prefetching-Power-Sharpening/case_studies/logs-entropycut/lcb_v6/2026-09-20/vllm/dataset-lcb_v6.model-qwen3.5-4b.alpha4.0.steps100.blocks-1.prefetch-budget-20.rank-accept_first.cut-entropy4.0.samples20.maxnew1024.seed10086.subtreePrefetch.vllm.log,PreSTO-EntropyCut,2850,2026-09-20 22:07:43,501.1,1689.6,15,0,3.1,0.0,10.0,54.901961,112,204
/Users/jiangnanhugo/workspace/power-sharpening/Subtree-Prefetching-Power-Sharpening/case_studies/logs-entropycut/lcb_v6/2026-09-20/vllm/dataset-lcb_v6.model-qwen3.5-4b.alpha4.0.steps100.blocks-1.prefetch-budget-20.rank-accept_first.cut-entropy4.0.samples20.maxnew1024.seed10086.subtreePrefetch.vllm.log,PreSTO-EntropyCut,2909,2026-09-20 22:07:53,372.6,1004.6,4,0,0.5,0.0,10.166666666666666,25.0,36,144
/Users/jiangnanhugo/workspace/power-sharpening/Subtree-Prefetching-Power-Sharpening/case_studies/logs-entropycut/lcb_v6/2026-09-20/vllm/dataset-lcb_v6.model-qwen3.5-4b.alpha4.0.steps100.blocks-1.prefetch-budget-20.rank-accept_first.cut-entropy4.0.samples20.maxnew1024.seed10086.subtreePrefetch.vllm.log,PreSTO-EntropyCut,3083,2026-09-20 22:08:03,40.2,296.1,1,0,0.2,0.0,10.333333333333334,14.285714,4,28
/Users/jiangnanhugo/workspace/power-sharpening/Subtree-Prefetching-Power-Sharpening/case_studies/logs-entropycut/lcb_v6/2026-09-20/vllm/dataset-lcb_v6.model-qwen3.5-4b.alpha4.0.steps100.blocks-1.prefetch-budget-20.rank-accept_first.cut-entropy4.0.samples20.maxnew1024.seed10086.subtreePrefetch.vllm.log,PreSTO-EntropyCut,3088,2026-09-20 22:08:13,489.6,1122.6,4,0,0.9,0.0,10.5,67.567568,100,148
/Users/jiangnanhugo/workspace/power-sharpening/Subtree-Prefetching-Power-Sharpening/case_studies/logs-entropycut/lcb_v6/2026-09-20/vllm/dataset-lcb_v6.model-qwen3.5-4b.alpha4.0.steps100.blocks-1.prefetch-budget-20.rank-accept_first.cut-entropy4.0.samples20.maxnew1024.seed10086.subtreePrefetch.vllm.log,PreSTO-EntropyCut,3163,2026-09-20 22:08:23,1017.6,1517.6,20,0,2.0,0.0,10.666666666666666,53.125,136,256
/Users/jiangnanhugo/workspace/power-sharpening/Subtree-Prefetching-Power-Sharpening/case_studies/logs-entropycut/lcb_v6/2026-09-20/vllm/dataset-lcb_v6.model-qwen3.5-4b.alpha4.0.steps100.blocks-1.prefetch-budget-20.rank-accept_first.cut-entropy4.0.samples20.maxnew1024.seed10086.subtreePrefetch.vllm.log,PreSTO-EntropyCut,3197,2026-09-20 22:08:33,560.8,1770.9,16,0,2.6,0.0,10.833333333333334,53.061224,104,196
/Users/jiangnanhugo/workspace/power-sharpening/Subtree-Prefetching-Power-Sharpening/case_studies/logs-entropycut/lcb_v6/2026-09-20/vllm/dataset-lcb_v6.model-qwen3.5-4b.alpha4.0.steps100.blocks-1.prefetch-budget-20.rank-accept_first.cut-entropy4.0.samples20.maxnew1024.seed10086.subtreePrefetch.vllm.log,PreSTO-EntropyCut,3235,2026-09-20 22:08:43,468.9,1514.4,13,0,2.4,0.0,11.0,46.511628,80,172
/Users/jiangnanhugo/workspace/power-sharpening/Subtree-Prefetching-Power-Sharpening/case_studies/logs-entropycut/lcb_v6/2026-09-20/vllm/dataset-lcb_v6.model-qwen3.5-4b.alpha4.0.steps100.blocks-1.prefetch-budget-20.rank-accept_first.cut-entropy4.0.samples20.maxnew1024.seed10086.subtreePrefetch.vllm.log,PreSTO-EntropyCut,3273,2026-09-20 22:08:53,349.0,1760.6,15,0,3.0,0.0,11.166666666666666,67.391304,124,184
/Users/jiangnanhugo/workspace/power-sharpening/Subtree-Prefetching-Power-Sharpening/case_studies/logs-entropycut/lcb_v6/2026-09-20/vllm/dataset-lcb_v6.model-qwen3.5-4b.alpha4.0.steps100.blocks-1.prefetch-budget-20.rank-accept_first.cut-entropy4.0.samples20.maxnew1024.seed10086.subtreePrefetch.vllm.log,PreSTO-EntropyCut,3297,2026-09-20 22:09:03,455.1,1585.7,2,0,0.5,0.0,11.333333333333334,42.857143,72,168
/Users/jiangnanhugo/workspace/power-sharpening/Subtree-Prefetching-Power-Sharpening/case_studies/logs-entropycut/lcb_v6/2026-09-20/vllm/dataset-lcb_v6.model-qwen3.5-4b.alpha4.0.steps100.blocks-1.prefetch-budget-20.rank-accept_first.cut-entropy4.0.samples20.maxnew1024.seed10086.subtreePrefetch.vllm.log,PreSTO-EntropyCut,3358,2026-09-20 22:09:13,979.6,1619.0,18,0,2.5,0.0,11.5,44.776119,120,268
/Users/jiangnanhugo/workspace/power-sharpening/Subtree-Prefetching-Power-Sharpening/case_studies/logs-entropycut/lcb_v6/2026-09-20/vllm/dataset-lcb_v6.model-qwen3.5-4b.alpha4.0.steps100.blocks-1.prefetch-budget-20.rank-accept_first.cut-entropy4.0.samples20.maxnew1024.seed10086.subtreePrefetch.vllm.log,PreSTO-EntropyCut,3404,2026-09-20 22:09:23,443.3,1562.4,14,0,2.2,0.0,11.666666666666666,41.463415,68,164
/Users/jiangnanhugo/workspace/power-sharpening/Subtree-Prefetching-Power-Sharpening/case_studies/logs-entropycut/lcb_v6/2026-09-20/vllm/dataset-lcb_v6.model-qwen3.5-4b.alpha4.0.steps100.blocks-1.prefetch-budget-20.rank-accept_first.cut-entropy4.0.samples20.maxnew1024.seed10086.subtreePrefetch.vllm.log,PreSTO-EntropyCut,3442,2026-09-20 22:09:33,402.9,1681.1,13,0,2.6,0.0,11.833333333333334,60.869565,112,184
/Users/jiangnanhugo/workspace/power-sharpening/Subtree-Prefetching-Power-Sharpening/case_studies/logs-entropycut/lcb_v6/2026-09-20/vllm/dataset-lcb_v6.model-qwen3.5-4b.alpha4.0.steps100.blocks-1.prefetch-budget-20.rank-accept_first.cut-entropy4.0.samples20.maxnew1024.seed10086.subtreePrefetch.vllm.log,PreSTO-EntropyCut,3472,2026-09-20 22:09:43,452.9,1467.0,1,0,0.3,0.0,12.0,41.025641,64,156
/Users/jiangnanhugo/workspace/power-sharpening/Subtree-Prefetching-Power-Sharpening/case_studies/logs-entropycut/lcb_v6/2026-09-20/vllm/dataset-lcb_v6.model-qwen3.5-4b.alpha4.0.steps100.blocks-1.prefetch-budget-20.rank-accept_first.cut-entropy4.0.samples20.maxnew1024.seed10086.subtreePrefetch.vllm.log,PreSTO-EntropyCut,3541,2026-09-20 22:09:53,905.4,1740.5,20,0,2.2,0.0,12.166666666666666,50.0,132,264
/Users/jiangnanhugo/workspace/power-sharpening/Subtree-Prefetching-Power-Sharpening/case_studies/logs-entropycut/lcb_v6/2026-09-20/vllm/dataset-lcb_v6.model-qwen3.5-4b.alpha4.0.steps100.blocks-1.prefetch-budget-20.rank-accept_first.cut-entropy4.0.samples20.maxnew1024.seed10086.subtreePrefetch.vllm.log,PreSTO-EntropyCut,3579,2026-09-20 22:10:03,612.5,1831.1,20,0,2.8,0.0,12.333333333333334,58.333333,112,192
/Users/jiangnanhugo/workspace/power-sharpening/Subtree-Prefetching-Power-Sharpening/case_studies/logs-entropycut/lcb_v6/2026-09-20/vllm/dataset-lcb_v6.model-qwen3.5-4b.alpha4.0.steps100.blocks-1.prefetch-budget-20.rank-accept_first.cut-entropy4.0.samples20.maxnew1024.seed10086.subtreePrefetch.vllm.log,PreSTO-EntropyCut,3615,2026-09-20 22:10:13,393.2,1899.0,15,0,2.7,0.0,12.5,57.142857,128,224
/Users/jiangnanhugo/workspace/power-sharpening/Subtree-Prefetching-Power-Sharpening/case_studies/logs-entropycut/lcb_v6/2026-09-20/vllm/dataset-lcb_v6.model-qwen3.5-4b.alpha4.0.steps100.blocks-1.prefetch-budget-20.rank-accept_first.cut-entropy4.0.samples20.maxnew1024.seed10086.subtreePrefetch.vllm.log,PreSTO-EntropyCut,3647,2026-09-20 22:10:23,407.1,1501.9,1,0,0.3,0.0,12.666666666666666,33.333333,48,144
/Users/jiangnanhugo/workspace/power-sharpening/Subtree-Prefetching-Power-Sharpening/case_studies/logs-entropycut/lcb_v6/2026-09-20/vllm/dataset-lcb_v6.model-qwen3.5-4b.alpha4.0.steps100.blocks-1.prefetch-budget-20.rank-accept_first.cut-entropy4.0.samples20.maxnew1024.seed10086.subtreePrefetch.vllm.log,PreSTO-EntropyCut,3704,2026-09-20 22:10:33,842.8,1704.3,20,0,2.5,0.0,12.833333333333334,50.769231,132,260
/Users/jiangnanhugo/workspace/power-sharpening/Subtree-Prefetching-Power-Sharpening/case_studies/logs-entropycut/lcb_v6/2026-09-20/vllm/dataset-lcb_v6.model-qwen3.5-4b.alpha4.0.steps100.blocks-1.prefetch-budget-20.rank-accept_first.cut-entropy4.0.samples20.maxnew1024.seed10086.subtreePrefetch.vllm.log,PreSTO-EntropyCut,3740,2026-09-20 22:10:43,370.6,1716.0,14,0,2.6,0.0,13.0,45.652174,84,184
/Users/jiangnanhugo/workspace/power-sharpening/Subtree-Prefetching-Power-Sharpening/case_studies/logs-entropycut/lcb_v6/2026-09-20/vllm/dataset-lcb_v6.model-qwen3.5-4b.alpha4.0.steps100.blocks-1.prefetch-budget-20.rank-accept_first.cut-entropy4.0.samples20.maxnew1024.seed10086.subtreePrefetch.vllm.log,PreSTO-EntropyCut,3813,2026-09-20 22:10:53,769.9,1317.6,13,0,1.3,0.0,13.166666666666666,29.166667,56,192
/Users/jiangnanhugo/workspace/power-sharpening/Subtree-Prefetching-Power-Sharpening/case_studies/logs-entropycut/lcb_v6/2026-09-20/vllm/dataset-lcb_v6.model-qwen3.5-4b.alpha4.0.steps100.blocks-1.prefetch-budget-20.rank-accept_first.cut-entropy4.0.samples20.maxnew1024.seed10086.subtreePrefetch.vllm.log,PreSTO-EntropyCut,3961,2026-09-20 22:11:03,64.7,665.5,1,0,0.3,0.0,13.333333333333334,9.090909,4,44
/Users/jiangnanhugo/workspace/power-sharpening/Subtree-Prefetching-Power-Sharpening/case_studies/logs-entropycut/lcb_v6/2026-09-20/vllm/dataset-lcb_v6.model-qwen3.5-4b.alpha4.0.steps100.blocks-1.prefetch-budget-20.rank-accept_first.cut-entropy4.0.samples20.maxnew1024.seed10086.subtreePrefetch.vllm.log,PreSTO-EntropyCut,4007,2026-09-20 22:11:13,1305.5,871.9,20,0,2.0,0.0,13.5,62.121212,164,264
/Users/jiangnanhugo/workspace/power-sharpening/Subtree-Prefetching-Power-Sharpening/case_studies/logs-entropycut/lcb_v6/2026-09-20/vllm/dataset-lcb_v6.model-qwen3.5-4b.alpha4.0.steps100.blocks-1.prefetch-budget-20.rank-accept_first.cut-entropy4.0.samples20.maxnew1024.seed10086.subtreePrefetch.vllm.log,PreSTO-EntropyCut,4045,2026-09-20 22:11:23,540.1,1466.2,15,0,2.2,0.0,13.666666666666666,57.627119,136,236
/Users/jiangnanhugo/workspace/power-sharpening/Subtree-Prefetching-Power-Sharpening/case_studies/logs-entropycut/lcb_v6/2026-09-20/vllm/dataset-lcb_v6.model-qwen3.5-4b.alpha4.0.steps100.blocks-1.prefetch-budget-20.rank-accept_first.cut-entropy4.0.samples20.maxnew1024.seed10086.subtreePrefetch.vllm.log,PreSTO-EntropyCut,4116,2026-09-20 22:11:33,1307.8,1491.6,16,0,2.5,0.0,13.833333333333334,55.681818,196,352
/Users/jiangnanhugo/workspace/power-sharpening/Subtree-Prefetching-Power-Sharpening/case_studies/logs-entropycut/lcb_v6/2026-09-20/vllm/dataset-lcb_v6.model-qwen3.5-4b.alpha4.0.steps100.blocks-1.prefetch-budget-20.rank-accept_first.cut-entropy4.0.samples20.maxnew1024.seed10086.subtreePrefetch.vllm.log,PreSTO-EntropyCut,4156,2026-09-20 22:11:43,525.0,1390.2,11,0,1.8,0.0,14.0,57.692308,120,208
/Users/jiangnanhugo/workspace/power-sharpening/Subtree-Prefetching-Power-Sharpening/case_studies/logs-entropycut/lcb_v6/2026-09-20/vllm/dataset-lcb_v6.model-qwen3.5-4b.alpha4.0.steps100.blocks-1.prefetch-budget-20.rank-accept_first.cut-entropy4.0.samples20.maxnew1024.seed10086.subtreePrefetch.vllm.log,PreSTO-EntropyCut,4188,2026-09-20 22:11:53,530.0,1267.8,6,0,1.5,0.0,14.166666666666666,48.148148,104,216
/Users/jiangnanhugo/workspace/power-sharpening/Subtree-Prefetching-Power-Sharpening/case_studies/logs-entropycut/lcb_v6/2026-09-20/vllm/dataset-lcb_v6.model-qwen3.5-4b.alpha4.0.steps100.blocks-1.prefetch-budget-20.rank-accept_first.cut-entropy4.0.samples20.maxnew1024.seed10086.subtreePrefetch.vllm.log,PreSTO-EntropyCut,4257,2026-09-20 22:12:03,1033.2,1213.5,19,0,2.6,0.0,14.333333333333334,62.5,180,288
/Users/jiangnanhugo/workspace/power-sharpening/Subtree-Prefetching-Power-Sharpening/case_studies/logs-entropycut/lcb_v6/2026-09-20/vllm/dataset-lcb_v6.model-qwen3.5-4b.alpha4.0.steps100.blocks-1.prefetch-budget-20.rank-accept_first.cut-entropy4.0.samples20.maxnew1024.seed10086.subtreePrefetch.vllm.log,PreSTO-EntropyCut,4289,2026-09-20 22:12:13,566.3,1518.5,12,0,2.0,0.0,14.5,57.894737,132,228
/Users/jiangnanhugo/workspace/power-sharpening/Subtree-Prefetching-Power-Sharpening/case_studies/logs-entropycut/lcb_v6/2026-09-20/vllm/dataset-lcb_v6.model-qwen3.5-4b.alpha4.0.steps100.blocks-1.prefetch-budget-20.rank-accept_first.cut-entropy4.0.samples20.maxnew1024.seed10086.subtreePrefetch.vllm.log,PreSTO-EntropyCut,4329,2026-09-20 22:12:23,561.0,1170.1,1,0,0.3,0.0,14.666666666666666,47.169811,100,212
/Users/jiangnanhugo/workspace/power-sharpening/Subtree-Prefetching-Power-Sharpening/case_studies/logs-entropycut/lcb_v6/2026-09-20/vllm/dataset-lcb_v6.model-qwen3.5-4b.alpha4.0.steps100.blocks-1.prefetch-budget-20.rank-accept_first.cut-entropy4.0.samples20.maxnew1024.seed10086.subtreePrefetch.vllm.log,PreSTO-EntropyCut,4406,2026-09-20 22:12:34,1130.7,1075.6,19,0,2.2,0.0,14.85,60.869565,168,276
/Users/jiangnanhugo/workspace/power-sharpening/Subtree-Prefetching-Power-Sharpening/case_studies/logs-entropycut/lcb_v6/2026-09-20/vllm/dataset-lcb_v6.model-qwen3.5-4b.alpha4.0.steps100.blocks-1.prefetch-budget-20.rank-accept_first.cut-entropy4.0.samples20.maxnew1024.seed10086.subtreePrefetch.vllm.log,PreSTO-EntropyCut,4432,2026-09-20 22:12:44,571.8,1699.5,17,0,2.8,0.0,15.016666666666667,61.016949,144,236
/Users/jiangnanhugo/workspace/power-sharpening/Subtree-Prefetching-Power-Sharpening/case_studies/logs-entropycut/lcb_v6/2026-09-20/vllm/dataset-lcb_v6.model-qwen3.5-4b.alpha4.0.steps100.blocks-1.prefetch-budget-20.rank-accept_first.cut-entropy4.0.samples20.maxnew1024.seed10086.subtreePrefetch.vllm.log,PreSTO-EntropyCut,4464,2026-09-20 22:12:54,545.3,1402.3,5,0,1.1,0.0,15.183333333333334,54.237288,128,236
/Users/jiangnanhugo/workspace/power-sharpening/Subtree-Prefetching-Power-Sharpening/case_studies/logs-entropycut/lcb_v6/2026-09-20/vllm/dataset-lcb_v6.model-qwen3.5-4b.alpha4.0.steps100.blocks-1.prefetch-budget-20.rank-accept_first.cut-entropy4.0.samples20.maxnew1024.seed10086.subtreePrefetch.vllm.log,PreSTO-EntropyCut,4541,2026-09-20 22:13:04,1165.8,1544.1,17,0,2.2,0.0,15.35,61.728395,200,324
/Users/jiangnanhugo/workspace/power-sharpening/Subtree-Prefetching-Power-Sharpening/case_studies/logs-entropycut/lcb_v6/2026-09-20/vllm/dataset-lcb_v6.model-qwen3.5-4b.alpha4.0.steps100.blocks-1.prefetch-budget-20.rank-accept_first.cut-entropy4.0.samples20.maxnew1024.seed10086.subtreePrefetch.vllm.log,PreSTO-EntropyCut,4565,2026-09-20 22:13:14,501.1,1596.1,8,0,1.7,0.0,15.516666666666667,55.172414,128,232
/Users/jiangnanhugo/workspace/power-sharpening/Subtree-Prefetching-Power-Sharpening/case_studies/logs-entropycut/lcb_v6/2026-09-20/vllm/dataset-lcb_v6.model-qwen3.5-4b.alpha4.0.steps100.blocks-1.prefetch-budget-20.rank-accept_first.cut-entropy4.0.samples20.maxnew1024.seed10086.subtreePrefetch.vllm.log,PreSTO-EntropyCut,4634,2026-09-20 22:13:24,864.6,1224.5,19,0,2.0,0.0,15.683333333333334,55.405405,164,296
/Users/jiangnanhugo/workspace/power-sharpening/Subtree-Prefetching-Power-Sharpening/case_studies/logs-entropycut/lcb_v6/2026-09-20/vllm/dataset-lcb_v6.model-qwen3.5-4b.alpha4.0.steps100.blocks-1.prefetch-budget-20.rank-accept_first.cut-entropy4.0.samples20.maxnew1024.seed10086.subtreePrefetch.vllm.log,PreSTO-EntropyCut,4666,2026-09-20 22:13:34,561.7,1668.1,17,0,2.6,0.0,15.85,58.181818,128,220
/Users/jiangnanhugo/workspace/power-sharpening/Subtree-Prefetching-Power-Sharpening/case_studies/logs-entropycut/lcb_v6/2026-09-20/vllm/dataset-lcb_v6.model-qwen3.5-4b.alpha4.0.steps100.blocks-1.prefetch-budget-20.rank-accept_first.cut-entropy4.0.samples20.maxnew1024.seed10086.subtreePrefetch.vllm.log,PreSTO-EntropyCut,4704,2026-09-20 22:13:44,546.3,1545.4,5,0,1.2,0.0,16.016666666666666,58.064516,144,248
/Users/jiangnanhugo/workspace/power-sharpening/Subtree-Prefetching-Power-Sharpening/case_studies/logs-entropycut/lcb_v6/2026-09-20/vllm/dataset-lcb_v6.model-qwen3.5-4b.alpha4.0.steps100.blocks-1.prefetch-budget-20.rank-accept_first.cut-entropy4.0.samples20.maxnew1024.seed10086.subtreePrefetch.vllm.log,PreSTO-EntropyCut,4875,2026-09-20 22:13:54,238.0,253.9,1,0,0.2,0.0,16.183333333333334,0.0,0,60
/Users/jiangnanhugo/workspace/power-sharpening/Subtree-Prefetching-Power-Sharpening/case_studies/logs-entropycut/lcb_v6/2026-09-20/vllm/dataset-lcb_v6.model-qwen3.5-4b.alpha4.0.steps100.blocks-1.prefetch-budget-20.rank-accept_first.cut-entropy4.0.samples20.maxnew1024.seed10086.subtreePrefetch.vllm.log,PreSTO-EntropyCut,4880,2026-09-20 22:14:04,464.0,1138.5,8,0,1.5,0.0,16.35,70.588235,96,136
/Users/jiangnanhugo/workspace/power-sharpening/Subtree-Prefetching-Power-Sharpening/case_studies/logs-entropycut/lcb_v6/2026-09-20/vllm/dataset-lcb_v6.model-qwen3.5-4b.alpha4.0.steps100.blocks-1.prefetch-budget-20.rank-accept_first.cut-entropy4.0.samples20.maxnew1024.seed10086.subtreePrefetch.vllm.log,PreSTO-EntropyCut,4951,2026-09-20 22:14:14,762.6,1710.1,20,0,1.9,0.0,16.516666666666666,44.827586,104,232
/Users/jiangnanhugo/workspace/power-sharpening/Subtree-Prefetching-Power-Sharpening/case_studies/logs-entropycut/lcb_v6/2026-09-20/vllm/dataset-lcb_v6.model-qwen3.5-4b.alpha4.0.steps100.blocks-1.prefetch-budget-20.rank-accept_first.cut-entropy4.0.samples20.maxnew1024.seed10086.subtreePrefetch.vllm.log,PreSTO-EntropyCut,4979,2026-09-20 22:14:24,421.4,1516.5,20,0,2.2,78.1,16.683333333333334,48.717949,76,156
/Users/jiangnanhugo/workspace/power-sharpening/Subtree-Prefetching-Power-Sharpening/case_studies/logs-entropycut/lcb_v6/2026-09-20/vllm/dataset-lcb_v6.model-qwen3.5-4b.alpha4.0.steps100.blocks-1.prefetch-budget-20.rank-accept_first.cut-entropy4.0.samples20.maxnew1024.seed10086.subtreePrefetch.vllm.log,PreSTO-EntropyCut,4980,2026-09-20 22:14:34,0.0,903.7,9,0,1.7,78.1,16.85,10.0,4,40
/Users/jiangnanhugo/workspace/power-sharpening/Subtree-Prefetching-Power-Sharpening/case_studies/logs-entropycut/lcb_v6/2026-09-20/vllm/dataset-lcb_v6.model-qwen3.5-4b.alpha4.0.steps100.blocks-1.prefetch-budget-20.rank-accept_first.cut-entropy4.0.samples20.maxnew1024.seed10086.subtreePrefetch.vllm.log,PreSTO-EntropyCut,5000,2026-09-20 22:14:44,436.9,958.5,15,0,2.3,78.5,17.016666666666666,50.0,60,120
/Users/jiangnanhugo/workspace/power-sharpening/Subtree-Prefetching-Power-Sharpening/case_studies/logs-entropycut/lcb_v6/2026-09-20/vllm/dataset-lcb_v6.model-qwen3.5-4b.alpha4.0.steps100.blocks-1.prefetch-budget-20.rank-accept_first.cut-entropy4.0.samples20.maxnew1024.seed10086.subtreePrefetch.vllm.log,PreSTO-EntropyCut,5036,2026-09-20 22:14:54,492.8,833.1,20,0,2.3,76.5,17.183333333333334,44.827586,52,116
/Users/jiangnanhugo/workspace/power-sharpening/Subtree-Prefetching-Power-Sharpening/case_studies/logs-entropycut/lcb_v6/2026-09-20/vllm/dataset-lcb_v6.model-qwen3.5-4b.alpha4.0.steps100.blocks-1.prefetch-budget-20.rank-accept_first.cut-entropy4.0.samples20.maxnew1024.seed10086.subtreePrefetch.vllm.log,PreSTO-EntropyCut,5037,2026-09-20 22:15:04,0.0,948.3,7,0,1.3,76.5,17.35,66.666667,32,48
/Users/jiangnanhugo/workspace/power-sharpening/Subtree-Prefetching-Power-Sharpening/case_studies/logs-entropycut/lcb_v6/2026-09-20/vllm/dataset-lcb_v6.model-qwen3.5-4b.alpha4.0.steps100.blocks-1.prefetch-budget-20.rank-accept_first.cut-entropy4.0.samples20.maxnew1024.seed10086.subtreePrefetch.vllm.log,PreSTO-EntropyCut,5059,2026-09-20 22:15:14,377.4,1097.3,17,0,3.1,77.3,17.516666666666666,50.0,76,152
/Users/jiangnanhugo/workspace/power-sharpening/Subtree-Prefetching-Power-Sharpening/case_studies/logs-entropycut/lcb_v6/2026-09-20/vllm/dataset-lcb_v6.model-qwen3.5-4b.alpha4.0.steps100.blocks-1.prefetch-budget-20.rank-accept_first.cut-entropy4.0.samples20.maxnew1024.seed10086.subtreePrefetch.vllm.log,PreSTO-EntropyCut,5091,2026-09-20 22:15:24,354.5,995.7,19,0,2.3,77.6,17.683333333333334,28.0,28,100
/Users/jiangnanhugo/workspace/power-sharpening/Subtree-Prefetching-Power-Sharpening/case_studies/logs-entropycut/lcb_v6/2026-09-20/vllm/dataset-lcb_v6.model-qwen3.5-4b.alpha4.0.steps100.blocks-1.prefetch-budget-20.rank-accept_first.cut-entropy4.0.samples20.maxnew1024.seed10086.subtreePrefetch.vllm.log,PreSTO-EntropyCut,5092,2026-09-20 22:15:34,0.0,1027.6,10,0,1.9,77.6,17.85,84.615385,44,52
/Users/jiangnanhugo/workspace/power-sharpening/Subtree-Prefetching-Power-Sharpening/case_studies/logs-entropycut/lcb_v6/2026-09-20/vllm/dataset-lcb_v6.model-qwen3.5-4b.alpha4.0.steps100.blocks-1.prefetch-budget-20.rank-accept_first.cut-entropy4.0.samples20.maxnew1024.seed10086.subtreePrefetch.vllm.log,PreSTO-EntropyCut,5118,2026-09-20 22:15:44,430.1,1110.8,16,0,2.9,77.4,18.016666666666666,47.368421,72,152
/Users/jiangnanhugo/workspace/power-sharpening/Subtree-Prefetching-Power-Sharpening/case_studies/logs-entropycut/lcb_v6/2026-09-20/vllm/dataset-lcb_v6.model-qwen3.5-4b.alpha4.0.steps100.blocks-1.prefetch-budget-20.rank-accept_first.cut-entropy4.0.samples20.maxnew1024.seed10086.subtreePrefetch.vllm.log,PreSTO-EntropyCut,5160,2026-09-20 22:15:54,402.9,1134.6,13,0,1.9,77.4,18.183333333333334,14.285714,16,112
/Users/jiangnanhugo/workspace/power-sharpening/Subtree-Prefetching-Power-Sharpening/case_studies/logs-entropycut/lcb_v6/2026-09-20/vllm/dataset-lcb_v6.model-qwen3.5-4b.alpha4.0.steps100.blocks-1.prefetch-budget-20.rank-accept_first.cut-entropy4.0.samples20.maxnew1024.seed10086.subtreePrefetch.vllm.log,PreSTO-EntropyCut,5194,2026-09-20 22:16:04,501.7,1203.3,17,0,2.6,76.7,18.35,55.555556,80,144
/Users/jiangnanhugo/workspace/power-sharpening/Subtree-Prefetching-Power-Sharpening/case_studies/logs-entropycut/lcb_v6/2026-09-20/vllm/dataset-lcb_v6.model-qwen3.5-4b.alpha4.0.steps100.blocks-1.prefetch-budget-20.rank-accept_first.cut-entropy4.0.samples20.maxnew1024.seed10086.subtreePrefetch.vllm.log,PreSTO-EntropyCut,5216,2026-09-20 22:16:14,358.4,936.7,20,0,2.0,76.7,18.516666666666666,37.037037,40,108
/Users/jiangnanhugo/workspace/power-sharpening/Subtree-Prefetching-Power-Sharpening/case_studies/logs-entropycut/lcb_v6/2026-09-20/vllm/dataset-lcb_v6.model-qwen3.5-4b.alpha4.0.steps100.blocks-1.prefetch-budget-20.rank-accept_first.cut-entropy4.0.samples20.maxnew1024.seed10086.subtreePrefetch.vllm.log,PreSTO-EntropyCut,5244,2026-09-20 22:16:24,418.4,1584.4,20,0,2.0,76.9,18.683333333333334,45.945946,68,148
/Users/jiangnanhugo/workspace/power-sharpening/Subtree-Prefetching-Power-Sharpening/case_studies/logs-entropycut/lcb_v6/2026-09-20/vllm/dataset-lcb_v6.model-qwen3.5-4b.alpha4.0.steps100.blocks-1.prefetch-budget-20.rank-accept_first.cut-entropy4.0.samples20.maxnew1024.seed10086.subtreePrefetch.vllm.log,PreSTO-EntropyCut,5245,2026-09-20 22:16:34,0.0,859.4,6,0,1.1,76.9,18.85,33.333333,16,48
/Users/jiangnanhugo/workspace/power-sharpening/Subtree-Prefetching-Power-Sharpening/case_studies/logs-entropycut/lcb_v6/2026-09-20/vllm/dataset-lcb_v6.model-qwen3.5-4b.alpha4.0.steps100.blocks-1.prefetch-budget-20.rank-accept_first.cut-entropy4.0.samples20.maxnew1024.seed10086.subtreePrefetch.vllm.log,PreSTO-EntropyCut,5283,2026-09-20 22:16:44,496.4,998.0,15,0,2.7,76.6,19.016666666666666,52.777778,76,144
/Users/jiangnanhugo/workspace/power-sharpening/Subtree-Prefetching-Power-Sharpening/case_studies/logs-entropycut/lcb_v6/2026-09-20/vllm/dataset-lcb_v6.model-qwen3.5-4b.alpha4.0.steps100.blocks-1.prefetch-budget-20.rank-accept_first.cut-entropy4.0.samples20.maxnew1024.seed10086.subtreePrefetch.vllm.log,PreSTO-EntropyCut,5317,2026-09-20 22:16:54,420.4,1122.7,19,0,2.6,76.6,19.183333333333334,44.827586,52,116
/Users/jiangnanhugo/workspace/power-sharpening/Subtree-Prefetching-Power-Sharpening/case_studies/logs-entropycut/lcb_v6/2026-09-20/vllm/dataset-lcb_v6.model-qwen3.5-4b.alpha4.0.steps100.blocks-1.prefetch-budget-20.rank-accept_first.cut-entropy4.0.samples20.maxnew1024.seed10086.subtreePrefetch.vllm.log,PreSTO-EntropyCut,5351,2026-09-20 22:17:04,487.7,1366.2,12,0,1.6,76.6,19.35,42.857143,60,140
/Users/jiangnanhugo/workspace/power-sharpening/Subtree-Prefetching-Power-Sharpening/case_studies/logs-entropycut/lcb_v6/2026-09-20/vllm/dataset-lcb_v6.model-qwen3.5-4b.alpha4.0.steps100.blocks-1.prefetch-budget-20.rank-accept_first.cut-entropy4.0.samples20.maxnew1024.seed10086.subtreePrefetch.vllm.log,PreSTO-EntropyCut,5377,2026-09-20 22:17:14,502.6,685.5,20,0,2.3,76.4,19.516666666666666,38.709677,48,124
/Users/jiangnanhugo/workspace/power-sharpening/Subtree-Prefetching-Power-Sharpening/case_studies/logs-entropycut/lcb_v6/2026-09-20/vllm/dataset-lcb_v6.model-qwen3.5-4b.alpha4.0.steps100.blocks-1.prefetch-budget-20.rank-accept_first.cut-entropy4.0.samples20.maxnew1024.seed10086.subtreePrefetch.vllm.log,PreSTO-EntropyCut,5378,2026-09-20 22:17:24,0.0,1029.2,1,0,0.3,76.4,19.683333333333334,11.111111,4,36
/Users/jiangnanhugo/workspace/power-sharpening/Subtree-Prefetching-Power-Sharpening/case_studies/logs-entropycut/lcb_v6/2026-09-20/vllm/dataset-lcb_v6.model-qwen3.5-4b.alpha4.0.steps100.blocks-1.prefetch-budget-20.rank-accept_first.cut-entropy4.0.samples20.maxnew1024.seed10086.subtreePrefetch.vllm.log,PreSTO-EntropyCut,5420,2026-09-20 22:17:34,514.7,1017.3,11,0,2.0,76.1,19.85,44.117647,60,136
/Users/jiangnanhugo/workspace/power-sharpening/Subtree-Prefetching-Power-Sharpening/case_studies/logs-entropycut/lcb_v6/2026-09-20/vllm/dataset-lcb_v6.model-qwen3.5-4b.alpha4.0.steps100.blocks-1.prefetch-budget-20.rank-accept_first.cut-entropy4.0.samples20.maxnew1024.seed10086.subtreePrefetch.vllm.log,PreSTO-EntropyCut,5456,2026-09-20 22:17:44,464.9,1122.3,9,0,1.7,76.1,20.016666666666666,26.666667,32,120
/Users/jiangnanhugo/workspace/power-sharpening/Subtree-Prefetching-Power-Sharpening/case_studies/logs-entropycut/lcb_v6/2026-09-20/vllm/dataset-lcb_v6.model-qwen3.5-4b.alpha4.0.steps100.blocks-1.prefetch-budget-20.rank-accept_first.cut-entropy4.0.samples20.maxnew1024.seed10086.subtreePrefetch.vllm.log,PreSTO-EntropyCut,5537,2026-09-20 22:17:54,877.6,1305.6,20,0,2.0,76.1,20.183333333333334,42.592593,92,216
/Users/jiangnanhugo/workspace/power-sharpening/Subtree-Prefetching-Power-Sharpening/case_studies/logs-entropycut/lcb_v6/2026-09-20/vllm/dataset-lcb_v6.model-qwen3.5-4b.alpha4.0.steps100.blocks-1.prefetch-budget-20.rank-accept_first.cut-entropy4.0.samples20.maxnew1024.seed10086.subtreePrefetch.vllm.log,PreSTO-EntropyCut,5563,2026-09-20 22:18:04,350.0,1549.7,20,0,2.1,76.4,20.35,44.444444,64,144
/Users/jiangnanhugo/workspace/power-sharpening/Subtree-Prefetching-Power-Sharpening/case_studies/logs-entropycut/lcb_v6/2026-09-20/vllm/dataset-lcb_v6.model-qwen3.5-4b.alpha4.0.steps100.blocks-1.prefetch-budget-20.rank-accept_first.cut-entropy4.0.samples20.maxnew1024.seed10086.subtreePrefetch.vllm.log,PreSTO-EntropyCut,5564,2026-09-20 22:18:14,0.0,1102.1,12,0,2.2,76.4,20.516666666666666,73.333333,44,60
/Users/jiangnanhugo/workspace/power-sharpening/Subtree-Prefetching-Power-Sharpening/case_studies/logs-entropycut/lcb_v6/2026-09-20/vllm/dataset-lcb_v6.model-qwen3.5-4b.alpha4.0.steps100.blocks-1.prefetch-budget-20.rank-accept_first.cut-entropy4.0.samples20.maxnew1024.seed10086.subtreePrefetch.vllm.log,PreSTO-EntropyCut,5598,2026-09-20 22:18:24,189.5,833.6,4,0,0.8,76.4,20.683333333333334,0.0,0,68
/Users/jiangnanhugo/workspace/power-sharpening/Subtree-Prefetching-Power-Sharpening/case_studies/logs-entropycut/lcb_v6/2026-09-20/vllm/dataset-lcb_v6.model-qwen3.5-4b.alpha4.0.steps100.blocks-1.prefetch-budget-20.rank-accept_first.cut-entropy4.0.samples20.maxnew1024.seed10086.subtreePrefetch.vllm.log,PreSTO-EntropyCut,5798,2026-09-20 22:18:34,599.1,540.8,19,0,2.4,76.4,20.85,61.6,77,125
/Users/jiangnanhugo/workspace/power-sharpening/Subtree-Prefetching-Power-Sharpening/case_studies/logs-entropycut/lcb_v6/2026-09-20/vllm/dataset-lcb_v6.model-qwen3.5-4b.alpha4.0.steps100.blocks-1.prefetch-budget-20.rank-accept_first.cut-entropy4.0.samples20.maxnew1024.seed10086.subtreePrefetch.vllm.log,PreSTO-EntropyCut,5820,2026-09-20 22:18:44,508.2,1666.3,18,0,2.8,76.4,21.016666666666666,64.40678,152,236
/Users/jiangnanhugo/workspace/power-sharpening/Subtree-Prefetching-Power-Sharpening/case_studies/logs-entropycut/lcb_v6/2026-09-20/vllm/dataset-lcb_v6.model-qwen3.5-4b.alpha4.0.steps100.blocks-1.prefetch-budget-20.rank-accept_first.cut-entropy4.0.samples20.maxnew1024.seed10086.subtreePrefetch.vllm.log,PreSTO-EntropyCut,5856,2026-09-20 22:18:54,499.3,1674.9,15,0,2.8,76.4,21.183333333333334,65.0,156,240
/Users/jiangnanhugo/workspace/power-sharpening/Subtree-Prefetching-Power-Sharpening/case_studies/logs-entropycut/lcb_v6/2026-09-20/vllm/dataset-lcb_v6.model-qwen3.5-4b.alpha4.0.steps100.blocks-1.prefetch-budget-20.rank-accept_first.cut-entropy4.0.samples20.maxnew1024.seed10086.subtreePrefetch.vllm.log,PreSTO-EntropyCut,5888,2026-09-20 22:19:04,491.7,1475.8,2,0,0.5,76.4,21.35,50.0,120,240
/Users/jiangnanhugo/workspace/power-sharpening/Subtree-Prefetching-Power-Sharpening/case_studies/logs-entropycut/lcb_v6/2026-09-20/vllm/dataset-lcb_v6.model-qwen3.5-4b.alpha4.0.steps100.blocks-1.prefetch-budget-20.rank-accept_first.cut-entropy4.0.samples20.maxnew1024.seed10086.subtreePrefetch.vllm.log,PreSTO-EntropyCut,5961,2026-09-20 22:19:14,748.0,1474.1,20,0,2.0,76.4,21.516666666666666,63.513514,188,296
/Users/jiangnanhugo/workspace/power-sharpening/Subtree-Prefetching-Power-Sharpening/case_studies/logs-entropycut/lcb_v6/2026-09-20/vllm/dataset-lcb_v6.model-qwen3.5-4b.alpha4.0.steps100.blocks-1.prefetch-budget-20.rank-accept_first.cut-entropy4.0.samples20.maxnew1024.seed10086.subtreePrefetch.vllm.log,PreSTO-EntropyCut,5995,2026-09-20 22:19:24,677.9,1725.5,19,0,2.6,76.4,21.683333333333334,67.213115,164,244
/Users/jiangnanhugo/workspace/power-sharpening/Subtree-Prefetching-Power-Sharpening/case_studies/logs-entropycut/lcb_v6/2026-09-20/vllm/dataset-lcb_v6.model-qwen3.5-4b.alpha4.0.steps100.blocks-1.prefetch-budget-20.rank-accept_first.cut-entropy4.0.samples20.maxnew1024.seed10086.subtreePrefetch.vllm.log,PreSTO-EntropyCut,6021,2026-09-20 22:19:34,514.7,1770.0,19,0,2.8,76.4,21.85,65.0,156,240
/Users/jiangnanhugo/workspace/power-sharpening/Subtree-Prefetching-Power-Sharpening/case_studies/logs-entropycut/lcb_v6/2026-09-20/vllm/dataset-lcb_v6.model-qwen3.5-4b.alpha4.0.steps100.blocks-1.prefetch-budget-20.rank-accept_first.cut-entropy4.0.samples20.maxnew1024.seed10086.subtreePrefetch.vllm.log,PreSTO-EntropyCut,6045,2026-09-20 22:19:44,483.0,1806.8,18,0,3.2,76.4,22.016666666666666,69.354839,172,248
/Users/jiangnanhugo/workspace/power-sharpening/Subtree-Prefetching-Power-Sharpening/case_studies/logs-entropycut/lcb_v6/2026-09-20/vllm/dataset-lcb_v6.model-qwen3.5-4b.alpha4.0.steps100.blocks-1.prefetch-budget-20.rank-accept_first.cut-entropy4.0.samples20.maxnew1024.seed10086.subtreePrefetch.vllm.log,PreSTO-EntropyCut,6075,2026-09-20 22:19:54,578.8,1761.6,19,0,3.7,76.4,22.183333333333334,65.0,156,240
/Users/jiangnanhugo/workspace/power-sharpening/Subtree-Prefetching-Power-Sharpening/case_studies/logs-entropycut/lcb_v6/2026-09-20/vllm/dataset-lcb_v6.model-qwen3.5-4b.alpha4.0.steps100.blocks-1.prefetch-budget-20.rank-accept_first.cut-entropy4.0.samples20.maxnew1024.seed10086.subtreePrefetch.vllm.log,PreSTO-EntropyCut,6109,2026-09-20 22:20:04,399.3,1694.1,12,0,2.6,76.4,22.35,55.737705,136,244
/Users/jiangnanhugo/workspace/power-sharpening/Subtree-Prefetching-Power-Sharpening/case_studies/logs-entropycut/lcb_v6/2026-09-20/vllm/dataset-lcb_v6.model-qwen3.5-4b.alpha4.0.steps100.blocks-1.prefetch-budget-20.rank-accept_first.cut-entropy4.0.samples20.maxnew1024.seed10086.subtreePrefetch.vllm.log,PreSTO-EntropyCut,6147,2026-09-20 22:20:14,603.7,1492.3,2,0,0.6,76.4,22.516666666666666,58.730159,148,252
/Users/jiangnanhugo/workspace/power-sharpening/Subtree-Prefetching-Power-Sharpening/case_studies/logs-entropycut/lcb_v6/2026-09-20/vllm/dataset-lcb_v6.model-qwen3.5-4b.alpha4.0.steps100.blocks-1.prefetch-budget-20.rank-accept_first.cut-entropy4.0.samples20.maxnew1024.seed10086.subtreePrefetch.vllm.log,PreSTO-EntropyCut,6212,2026-09-20 22:20:24,1028.3,1505.3,19,0,2.4,76.4,22.683333333333334,65.384615,204,312
/Users/jiangnanhugo/workspace/power-sharpening/Subtree-Prefetching-Power-Sharpening/case_studies/logs-entropycut/lcb_v6/2026-09-20/vllm/dataset-lcb_v6.model-qwen3.5-4b.alpha4.0.steps100.blocks-1.prefetch-budget-20.rank-accept_first.cut-entropy4.0.samples20.maxnew1024.seed10086.subtreePrefetch.vllm.log,PreSTO-EntropyCut,6250,2026-09-20 22:20:34,565.8,1514.6,16,0,2.7,76.4,22.85,58.928571,132,224
/Users/jiangnanhugo/workspace/power-sharpening/Subtree-Prefetching-Power-Sharpening/case_studies/logs-entropycut/lcb_v6/2026-09-20/vllm/dataset-lcb_v6.model-qwen3.5-4b.alpha4.0.steps100.blocks-1.prefetch-budget-20.rank-accept_first.cut-entropy4.0.samples20.maxnew1024.seed10086.subtreePrefetch.vllm.log,PreSTO-EntropyCut,6284,2026-09-20 22:20:44,408.8,1668.2,13,0,2.5,76.4,23.016666666666666,66.666667,152,228
/Users/jiangnanhugo/workspace/power-sharpening/Subtree-Prefetching-Power-Sharpening/case_studies/logs-entropycut/lcb_v6/2026-09-20/vllm/dataset-lcb_v6.model-qwen3.5-4b.alpha4.0.steps100.blocks-1.prefetch-budget-20.rank-accept_first.cut-entropy4.0.samples20.maxnew1024.seed10086.subtreePrefetch.vllm.log,PreSTO-EntropyCut,6324,2026-09-20 22:20:54,484.2,1721.7,13,0,2.5,76.4,23.183333333333334,63.157895,144,228
/Users/jiangnanhugo/workspace/power-sharpening/Subtree-Prefetching-Power-Sharpening/case_studies/logs-entropycut/lcb_v6/2026-09-20/vllm/dataset-lcb_v6.model-qwen3.5-4b.alpha4.0.steps100.blocks-1.prefetch-budget-20.rank-accept_first.cut-entropy4.0.samples20.maxnew1024.seed10086.subtreePrefetch.vllm.log,PreSTO-EntropyCut,6360,2026-09-20 22:21:04,386.3,1548.2,1,0,0.4,76.4,23.35,53.968254,136,252
/Users/jiangnanhugo/workspace/power-sharpening/Subtree-Prefetching-Power-Sharpening/case_studies/logs-entropycut/lcb_v6/2026-09-20/vllm/dataset-lcb_v6.model-qwen3.5-4b.alpha4.0.steps100.blocks-1.prefetch-budget-20.rank-accept_first.cut-entropy4.0.samples20.maxnew1024.seed10086.subtreePrefetch.vllm.log,PreSTO-EntropyCut,6447,2026-09-20 22:21:14,1260.7,1732.1,20,0,2.7,76.4,23.516666666666666,68.235294,232,340
/Users/jiangnanhugo/workspace/power-sharpening/Subtree-Prefetching-Power-Sharpening/case_studies/logs-entropycut/lcb_v6/2026-09-20/vllm/dataset-lcb_v6.model-qwen3.5-4b.alpha4.0.steps100.blocks-1.prefetch-budget-20.rank-accept_first.cut-entropy4.0.samples20.maxnew1024.seed10086.subtreePrefetch.vllm.log,PreSTO-EntropyCut,6485,2026-09-20 22:21:24,430.7,1698.5,16,0,2.1,76.4,23.683333333333334,59.649123,136,228
/Users/jiangnanhugo/workspace/power-sharpening/Subtree-Prefetching-Power-Sharpening/case_studies/logs-entropycut/lcb_v6/2026-09-20/vllm/dataset-lcb_v6.model-qwen3.5-4b.alpha4.0.steps100.blocks-1.prefetch-budget-20.rank-accept_first.cut-entropy4.0.samples20.maxnew1024.seed10086.subtreePrefetch.vllm.log,PreSTO-EntropyCut,6521,2026-09-20 22:21:34,482.5,1657.2,16,0,2.8,76.4,23.85,65.517241,152,232
/Users/jiangnanhugo/workspace/power-sharpening/Subtree-Prefetching-Power-Sharpening/case_studies/logs-entropycut/lcb_v6/2026-09-20/vllm/dataset-lcb_v6.model-qwen3.5-4b.alpha4.0.steps100.blocks-1.prefetch-budget-20.rank-accept_first.cut-entropy4.0.samples20.maxnew1024.seed10086.subtreePrefetch.vllm.log,PreSTO-EntropyCut,6547,2026-09-20 22:21:44,662.9,1616.2,12,0,2.4,76.4,24.016666666666666,68.253968,172,252
/Users/jiangnanhugo/workspace/power-sharpening/Subtree-Prefetching-Power-Sharpening/case_studies/logs-entropycut/lcb_v6/2026-09-20/vllm/dataset-lcb_v6.model-qwen3.5-4b.alpha4.0.steps100.blocks-1.prefetch-budget-20.rank-accept_first.cut-entropy4.0.samples20.maxnew1024.seed10086.subtreePrefetch.vllm.log,PreSTO-EntropyCut,6577,2026-09-20 22:21:54,459.9,1489.3,2,0,0.5,76.4,24.183333333333334,50.847458,120,236
/Users/jiangnanhugo/workspace/power-sharpening/Subtree-Prefetching-Power-Sharpening/case_studies/logs-entropycut/lcb_v6/2026-09-20/vllm/dataset-lcb_v6.model-qwen3.5-4b.alpha4.0.steps100.blocks-1.prefetch-budget-20.rank-accept_first.cut-entropy4.0.samples20.maxnew1024.seed10086.subtreePrefetch.vllm.log,PreSTO-EntropyCut,6648,2026-09-20 22:22:04,965.9,1580.2,18,0,2.1,76.4,24.35,63.291139,200,316
/Users/jiangnanhugo/workspace/power-sharpening/Subtree-Prefetching-Power-Sharpening/case_studies/logs-entropycut/lcb_v6/2026-09-20/vllm/dataset-lcb_v6.model-qwen3.5-4b.alpha4.0.steps100.blocks-1.prefetch-budget-20.rank-accept_first.cut-entropy4.0.samples20.maxnew1024.seed10086.subtreePrefetch.vllm.log,PreSTO-EntropyCut,6678,2026-09-20 22:22:14,506.4,1639.0,20,0,2.9,76.4,24.516666666666666,67.79661,160,236
/Users/jiangnanhugo/workspace/power-sharpening/Subtree-Prefetching-Power-Sharpening/case_studies/logs-entropycut/lcb_v6/2026-09-20/vllm/dataset-lcb_v6.model-qwen3.5-4b.alpha4.0.steps100.blocks-1.prefetch-budget-20.rank-accept_first.cut-entropy4.0.samples20.maxnew1024.seed10086.subtreePrefetch.vllm.log,PreSTO-EntropyCut,6706,2026-09-20 22:22:24,469.7,1780.2,17,0,3.0,76.4,24.683333333333334,64.516129,160,248
/Users/jiangnanhugo/workspace/power-sharpening/Subtree-Prefetching-Power-Sharpening/case_studies/logs-entropycut/lcb_v6/2026-09-20/vllm/dataset-lcb_v6.model-qwen3.5-4b.alpha4.0.steps100.blocks-1.prefetch-budget-20.rank-accept_first.cut-entropy4.0.samples20.maxnew1024.seed10086.subtreePrefetch.vllm.log,PreSTO-EntropyCut,6742,2026-09-20 22:22:34,448.3,1818.4,19,0,3.6,76.4,24.85,66.666667,152,228
/Users/jiangnanhugo/workspace/power-sharpening/Subtree-Prefetching-Power-Sharpening/case_studies/logs-entropycut/lcb_v6/2026-09-20/vllm/dataset-lcb_v6.model-qwen3.5-4b.alpha4.0.steps100.blocks-1.prefetch-budget-20.rank-accept_first.cut-entropy4.0.samples20.maxnew1024.seed10086.subtreePrefetch.vllm.log,PreSTO-EntropyCut,6776,2026-09-20 22:22:44,470.6,1526.5,7,0,1.4,76.4,25.016666666666666,52.542373,124,236
/Users/jiangnanhugo/workspace/power-sharpening/Subtree-Prefetching-Power-Sharpening/case_studies/logs-entropycut/lcb_v6/2026-09-20/vllm/dataset-lcb_v6.model-qwen3.5-4b.alpha4.0.steps100.blocks-1.prefetch-budget-20.rank-accept_first.cut-entropy4.0.samples20.maxnew1024.seed10086.subtreePrefetch.vllm.log,PreSTO-EntropyCut,6833,2026-09-20 22:22:54,309.8,686.0,2,0,0.5,76.4,25.183333333333334,36.363636,48,132
/Users/jiangnanhugo/workspace/power-sharpening/Subtree-Prefetching-Power-Sharpening/case_studies/logs-entropycut/lcb_v6/2026-09-20/vllm/dataset-lcb_v6.model-qwen3.5-4b.alpha4.0.steps100.blocks-1.prefetch-budget-20.rank-accept_first.cut-entropy4.0.samples20.maxnew1024.seed10086.subtreePrefetch.vllm.log,PreSTO-EntropyCut,6922,2026-09-20 22:23:04,112.2,172.0,1,0,0.2,76.4,25.35,57.142857,16,28
/Users/jiangnanhugo/workspace/power-sharpening/Subtree-Prefetching-Power-Sharpening/case_studies/logs-entropycut/lcb_v6/2026-09-20/vllm/dataset-lcb_v6.model-qwen3.5-4b.alpha4.0.steps100.blocks-1.prefetch-budget-20.rank-accept_first.cut-entropy4.0.samples20.maxnew1024.seed10086.subtreePrefetch.vllm.log,PreSTO-EntropyCut,6927,2026-09-20 22:23:14,522.6,910.6,15,0,2.4,76.4,25.516666666666666,94.594595,140,148
/Users/jiangnanhugo/workspace/power-sharpening/Subtree-Prefetching-Power-Sharpening/case_studies/logs-entropycut/lcb_v6/2026-09-20/vllm/dataset-lcb_v6.model-qwen3.5-4b.alpha4.0.steps100.blocks-1.prefetch-budget-20.rank-accept_first.cut-entropy4.0.samples20.maxnew1024.seed10086.subtreePrefetch.vllm.log,PreSTO-EntropyCut,6959,2026-09-20 22:23:24,449.9,1657.6,9,0,2.1,76.4,25.683333333333334,52.542373,124,236
/Users/jiangnanhugo/workspace/power-sharpening/Subtree-Prefetching-Power-Sharpening/case_studies/logs-entropycut/lcb_v6/2026-09-20/vllm/dataset-lcb_v6.model-qwen3.5-4b.alpha4.0.steps100.blocks-1.prefetch-budget-20.rank-accept_first.cut-entropy4.0.samples20.maxnew1024.seed10086.subtreePrefetch.vllm.log,PreSTO-EntropyCut,6985,2026-09-20 22:23:34,534.1,1322.9,1,0,0.4,76.4,25.85,57.692308,120,208
/Users/jiangnanhugo/workspace/power-sharpening/Subtree-Prefetching-Power-Sharpening/case_studies/logs-entropycut/lcb_v6/2026-09-20/vllm/dataset-lcb_v6.model-qwen3.5-4b.alpha4.0.steps100.blocks-1.prefetch-budget-20.rank-accept_first.cut-entropy4.0.samples20.maxnew1024.seed10086.subtreePrefetch.vllm.log,PreSTO-EntropyCut,7044,2026-09-20 22:23:44,1072.2,1696.0,19,0,2.2,76.4,26.016666666666666,62.337662,192,308
/Users/jiangnanhugo/workspace/power-sharpening/Subtree-Prefetching-Power-Sharpening/case_studies/logs-entropycut/lcb_v6/2026-09-20/vllm/dataset-lcb_v6.model-qwen3.5-4b.alpha4.0.steps100.blocks-1.prefetch-budget-20.rank-accept_first.cut-entropy4.0.samples20.maxnew1024.seed10086.subtreePrefetch.vllm.log,PreSTO-EntropyCut,7080,2026-09-20 22:23:54,611.5,1682.9,18,0,3.0,76.4,26.183333333333334,64.516129,160,248
/Users/jiangnanhugo/workspace/power-sharpening/Subtree-Prefetching-Power-Sharpening/case_studies/logs-entropycut/lcb_v6/2026-09-20/vllm/dataset-lcb_v6.model-qwen3.5-4b.alpha4.0.steps100.blocks-1.prefetch-budget-20.rank-accept_first.cut-entropy4.0.samples20.maxnew1024.seed10086.subtreePrefetch.vllm.log,PreSTO-EntropyCut,7104,2026-09-20 22:24:04,645.5,1596.4,13,0,2.5,76.4,26.35,55.357143,124,224
/Users/jiangnanhugo/workspace/power-sharpening/Subtree-Prefetching-Power-Sharpening/case_studies/logs-entropycut/lcb_v6/2026-09-20/vllm/dataset-lcb_v6.model-qwen3.5-4b.alpha4.0.steps100.blocks-1.prefetch-budget-20.rank-accept_first.cut-entropy4.0.samples20.maxnew1024.seed10086.subtreePrefetch.vllm.log,PreSTO-EntropyCut,7142,2026-09-20 22:24:14,449.0,1514.0,6,0,1.3,76.4,26.516666666666666,62.962963,136,216
/Users/jiangnanhugo/workspace/power-sharpening/Subtree-Prefetching-Power-Sharpening/case_studies/logs-entropycut/lcb_v6/2026-09-20/vllm/dataset-lcb_v6.model-qwen3.5-4b.alpha4.0.steps100.blocks-1.prefetch-budget-20.rank-accept_first.cut-entropy4.0.samples20.maxnew1024.seed10086.subtreePrefetch.vllm.log,PreSTO-EntropyCut,7186,2026-09-20 22:24:24,466.4,1548.4,5,0,1.4,76.4,26.683333333333334,55.357143,124,224
/Users/jiangnanhugo/workspace/power-sharpening/Subtree-Prefetching-Power-Sharpening/case_studies/logs-entropycut/lcb_v6/2026-09-20/vllm/dataset-lcb_v6.model-qwen3.5-4b.alpha4.0.steps100.blocks-1.prefetch-budget-20.rank-accept_first.cut-entropy4.0.samples20.maxnew1024.seed10086.subtreePrefetch.vllm.log,PreSTO-EntropyCut,7247,2026-09-20 22:24:34,1098.3,1679.4,20,0,2.0,76.4,26.85,62.162162,184,296
/Users/jiangnanhugo/workspace/power-sharpening/Subtree-Prefetching-Power-Sharpening/case_studies/logs-entropycut/lcb_v6/2026-09-20/vllm/dataset-lcb_v6.model-qwen3.5-4b.alpha4.0.steps100.blocks-1.prefetch-budget-20.rank-accept_first.cut-entropy4.0.samples20.maxnew1024.seed10086.subtreePrefetch.vllm.log,PreSTO-EntropyCut,7265,2026-09-20 22:24:44,557.8,1786.7,19,0,2.9,76.4,27.016666666666666,67.692308,176,260
/Users/jiangnanhugo/workspace/power-sharpening/Subtree-Prefetching-Power-Sharpening/case_studies/logs-entropycut/lcb_v6/2026-09-20/vllm/dataset-lcb_v6.model-qwen3.5-4b.alpha4.0.steps100.blocks-1.prefetch-budget-20.rank-accept_first.cut-entropy4.0.samples20.maxnew1024.seed10086.subtreePrefetch.vllm.log,PreSTO-EntropyCut,7305,2026-09-20 22:24:54,457.1,1655.2,20,0,3.2,76.4,27.183333333333334,63.461538,132,208
/Users/jiangnanhugo/workspace/power-sharpening/Subtree-Prefetching-Power-Sharpening/case_studies/logs-entropycut/lcb_v6/2026-09-20/vllm/dataset-lcb_v6.model-qwen3.5-4b.alpha4.0.steps100.blocks-1.prefetch-budget-20.rank-accept_first.cut-entropy4.0.samples20.maxnew1024.seed10086.subtreePrefetch.vllm.log,PreSTO-EntropyCut,7331,2026-09-20 22:25:04,520.8,1718.5,11,0,2.1,76.4,27.35,55.932203,132,236
/Users/jiangnanhugo/workspace/power-sharpening/Subtree-Prefetching-Power-Sharpening/case_studies/logs-entropycut/lcb_v6/2026-09-20/vllm/dataset-lcb_v6.model-qwen3.5-4b.alpha4.0.steps100.blocks-1.prefetch-budget-20.rank-accept_first.cut-entropy4.0.samples20.maxnew1024.seed10086.subtreePrefetch.vllm.log,PreSTO-EntropyCut,7363,2026-09-20 22:25:14,469.3,1543.4,8,0,1.9,76.4,27.516666666666666,55.357143,124,224
/Users/jiangnanhugo/workspace/power-sharpening/Subtree-Prefetching-Power-Sharpening/case_studies/logs-entropycut/lcb_v6/2026-09-20/vllm/dataset-lcb_v6.model-qwen3.5-4b.alpha4.0.steps100.blocks-1.prefetch-budget-20.rank-accept_first.cut-entropy4.0.samples20.maxnew1024.seed10086.subtreePrefetch.vllm.log,PreSTO-EntropyCut,7405,2026-09-20 22:25:24,482.4,1529.2,1,0,0.4,76.4,27.683333333333334,56.363636,124,220
/Users/jiangnanhugo/workspace/power-sharpening/Subtree-Prefetching-Power-Sharpening/case_studies/logs-entropycut/lcb_v6/2026-09-20/vllm/dataset-lcb_v6.model-qwen3.5-4b.alpha4.0.steps100.blocks-1.prefetch-budget-20.rank-accept_first.cut-entropy4.0.samples20.maxnew1024.seed10086.subtreePrefetch.vllm.log,PreSTO-EntropyCut,7470,2026-09-20 22:25:34,1047.5,1695.6,19,0,2.2,76.4,27.85,65.789474,200,304
/Users/jiangnanhugo/workspace/power-sharpening/Subtree-Prefetching-Power-Sharpening/case_studies/logs-entropycut/lcb_v6/2026-09-20/vllm/dataset-lcb_v6.model-qwen3.5-4b.alpha4.0.steps100.blocks-1.prefetch-budget-20.rank-accept_first.cut-entropy4.0.samples20.maxnew1024.seed10086.subtreePrefetch.vllm.log,PreSTO-EntropyCut,7502,2026-09-20 22:25:44,402.1,1664.4,17,0,2.5,76.4,28.016666666666666,63.157895,144,228
/Users/jiangnanhugo/workspace/power-sharpening/Subtree-Prefetching-Power-Sharpening/case_studies/logs-entropycut/lcb_v6/2026-09-20/vllm/dataset-lcb_v6.model-qwen3.5-4b.alpha4.0.steps100.blocks-1.prefetch-budget-20.rank-accept_first.cut-entropy4.0.samples20.maxnew1024.seed10086.subtreePrefetch.vllm.log,PreSTO-EntropyCut,7542,2026-09-20 22:25:54,515.3,1581.5,15,0,2.8,76.4,28.183333333333334,58.181818,128,220
/Users/jiangnanhugo/workspace/power-sharpening/Subtree-Prefetching-Power-Sharpening/case_studies/logs-entropycut/lcb_v6/2026-09-20/vllm/dataset-lcb_v6.model-qwen3.5-4b.alpha4.0.steps100.blocks-1.prefetch-budget-20.rank-accept_first.cut-entropy4.0.samples20.maxnew1024.seed10086.subtreePrefetch.vllm.log,PreSTO-EntropyCut,7578,2026-09-20 22:26:04,468.7,1544.6,9,0,2.0,76.4,28.35,55.555556,120,216
/Users/jiangnanhugo/workspace/power-sharpening/Subtree-Prefetching-Power-Sharpening/case_studies/logs-entropycut/lcb_v6/2026-09-20/vllm/dataset-lcb_v6.model-qwen3.5-4b.alpha4.0.steps100.blocks-1.prefetch-budget-20.rank-accept_first.cut-entropy4.0.samples20.maxnew1024.seed10086.subtreePrefetch.vllm.log,PreSTO-EntropyCut,7608,2026-09-20 22:26:14,583.0,1737.3,5,0,1.4,76.4,28.516666666666666,66.129032,164,248
/Users/jiangnanhugo/workspace/power-sharpening/Subtree-Prefetching-Power-Sharpening/case_studies/logs-entropycut/lcb_v6/2026-09-20/vllm/dataset-lcb_v6.model-qwen3.5-4b.alpha4.0.steps100.blocks-1.prefetch-budget-20.rank-accept_first.cut-entropy4.0.samples20.maxnew1024.seed10086.subtreePrefetch.vllm.log,PreSTO-EntropyCut,7743,2026-09-20 22:26:24,288.3,634.8,1,0,0.2,76.4,28.683333333333334,33.333333,32,96
/Users/jiangnanhugo/workspace/power-sharpening/Subtree-Prefetching-Power-Sharpening/case_studies/logs-entropycut/lcb_v6/2026-09-20/vllm/dataset-lcb_v6.model-qwen3.5-4b.alpha4.0.steps100.blocks-1.prefetch-budget-20.rank-accept_first.cut-entropy4.0.samples20.maxnew1024.seed10086.subtreePrefetch.vllm.log,PreSTO-EntropyCut,7748,2026-09-20 22:26:34,455.4,1013.2,12,0,2.3,76.4,28.85,73.684211,112,152
/Users/jiangnanhugo/workspace/power-sharpening/Subtree-Prefetching-Power-Sharpening/case_studies/logs-entropycut/lcb_v6/2026-09-20/vllm/dataset-lcb_v6.model-qwen3.5-4b.alpha4.0.steps100.blocks-1.prefetch-budget-20.rank-accept_first.cut-entropy4.0.samples20.maxnew1024.seed10086.subtreePrefetch.vllm.log,PreSTO-EntropyCut,7792,2026-09-20 22:26:44,427.1,1494.6,5,0,1.3,76.4,29.016666666666666,57.446809,108,188
/Users/jiangnanhugo/workspace/power-sharpening/Subtree-Prefetching-Power-Sharpening/case_studies/logs-entropycut/lcb_v6/2026-09-20/vllm/dataset-lcb_v6.model-qwen3.5-4b.alpha4.0.steps100.blocks-1.prefetch-budget-20.rank-accept_first.cut-entropy4.0.samples20.maxnew1024.seed10086.subtreePrefetch.vllm.log,PreSTO-EntropyCut,7861,2026-09-20 22:26:54,667.2,1443.8,20,0,1.9,76.4,29.183333333333334,45.901639,112,244
/Users/jiangnanhugo/workspace/power-sharpening/Subtree-Prefetching-Power-Sharpening/case_studies/logs-entropycut/lcb_v6/2026-09-20/vllm/dataset-lcb_v6.model-qwen3.5-4b.alpha4.0.steps100.blocks-1.prefetch-budget-20.rank-accept_first.cut-entropy4.0.samples20.maxnew1024.seed10086.subtreePrefetch.vllm.log,PreSTO-EntropyCut,7885,2026-09-20 22:27:04,453.6,1753.6,20,0,2.6,76.4,29.35,60.0,120,200
/Users/jiangnanhugo/workspace/power-sharpening/Subtree-Prefetching-Power-Sharpening/case_studies/logs-entropycut/lcb_v6/2026-09-20/vllm/dataset-lcb_v6.model-qwen3.5-4b.alpha4.0.steps100.blocks-1.prefetch-budget-20.rank-accept_first.cut-entropy4.0.samples20.maxnew1024.seed10086.subtreePrefetch.vllm.log,PreSTO-EntropyCut,7919,2026-09-20 22:27:14,350.0,1716.2,16,0,2.3,76.4,29.516666666666666,48.93617,92,188
/Users/jiangnanhugo/workspace/power-sharpening/Subtree-Prefetching-Power-Sharpening/case_studies/logs-entropycut/lcb_v6/2026-09-20/vllm/dataset-lcb_v6.model-qwen3.5-4b.alpha4.0.steps100.blocks-1.prefetch-budget-20.rank-accept_first.cut-entropy4.0.samples20.maxnew1024.seed10086.subtreePrefetch.vllm.log,PreSTO-EntropyCut,7953,2026-09-20 22:27:24,416.1,1523.7,8,0,1.6,76.4,29.683333333333334,55.102041,108,196
/Users/jiangnanhugo/workspace/power-sharpening/Subtree-Prefetching-Power-Sharpening/case_studies/logs-entropycut/lcb_v6/2026-09-20/vllm/dataset-lcb_v6.model-qwen3.5-4b.alpha4.0.steps100.blocks-1.prefetch-budget-20.rank-accept_first.cut-entropy4.0.samples20.maxnew1024.seed10086.subtreePrefetch.vllm.log,PreSTO-EntropyCut,8036,2026-09-20 22:27:34,1019.0,1330.5,19,0,2.0,76.4,29.85,44.444444,112,252
/Users/jiangnanhugo/workspace/power-sharpening/Subtree-Prefetching-Power-Sharpening/case_studies/logs-entropycut/lcb_v6/2026-09-20/vllm/dataset-lcb_v6.model-qwen3.5-4b.alpha4.0.steps100.blocks-1.prefetch-budget-20.rank-accept_first.cut-entropy4.0.samples20.maxnew1024.seed10086.subtreePrefetch.vllm.log,PreSTO-EntropyCut,8078,2026-09-20 22:27:44,389.5,1684.8,18,0,2.8,76.4,30.016666666666666,58.823529,120,204
/Users/jiangnanhugo/workspace/power-sharpening/Subtree-Prefetching-Power-Sharpening/case_studies/logs-entropycut/lcb_v6/2026-09-20/vllm/dataset-lcb_v6.model-qwen3.5-4b.alpha4.0.steps100.blocks-1.prefetch-budget-20.rank-accept_first.cut-entropy4.0.samples20.maxnew1024.seed10086.subtreePrefetch.vllm.log,PreSTO-EntropyCut,8116,2026-09-20 22:27:54,344.0,1644.9,13,0,2.4,76.4,30.183333333333334,51.06383,96,188
/Users/jiangnanhugo/workspace/power-sharpening/Subtree-Prefetching-Power-Sharpening/case_studies/logs-entropycut/lcb_v6/2026-09-20/vllm/dataset-lcb_v6.model-qwen3.5-4b.alpha4.0.steps100.blocks-1.prefetch-budget-20.rank-accept_first.cut-entropy4.0.samples20.maxnew1024.seed10086.subtreePrefetch.vllm.log,PreSTO-EntropyCut,8152,2026-09-20 22:28:04,340.4,1446.7,2,0,0.5,76.4,30.35,53.488372,92,172
/Users/jiangnanhugo/workspace/power-sharpening/Subtree-Prefetching-Power-Sharpening/case_studies/logs-entropycut/lcb_v6/2026-09-20/vllm/dataset-lcb_v6.model-qwen3.5-4b.alpha4.0.steps100.blocks-1.prefetch-budget-20.rank-accept_first.cut-entropy4.0.samples20.maxnew1024.seed10086.subtreePrefetch.vllm.log,PreSTO-EntropyCut,8201,2026-09-20 22:28:14,957.2,1456.8,20,0,2.3,76.4,30.516666666666666,46.153846,120,260
/Users/jiangnanhugo/workspace/power-sharpening/Subtree-Prefetching-Power-Sharpening/case_studies/logs-entropycut/lcb_v6/2026-09-20/vllm/dataset-lcb_v6.model-qwen3.5-4b.alpha4.0.steps100.blocks-1.prefetch-budget-20.rank-accept_first.cut-entropy4.0.samples20.maxnew1024.seed10086.subtreePrefetch.vllm.log,PreSTO-EntropyCut,8241,2026-09-20 22:28:24,456.6,1507.2,16,0,2.1,76.4,30.683333333333334,50.0,92,184
/Users/jiangnanhugo/workspace/power-sharpening/Subtree-Prefetching-Power-Sharpening/case_studies/logs-entropycut/lcb_v6/2026-09-20/vllm/dataset-lcb_v6.model-qwen3.5-4b.alpha4.0.steps100.blocks-1.prefetch-budget-20.rank-accept_first.cut-entropy4.0.samples20.maxnew1024.seed10086.subtreePrefetch.vllm.log,PreSTO-EntropyCut,8285,2026-09-20 22:28:34,475.1,1464.0,12,0,2.2,76.4,30.85,50.0,100,200
/Users/jiangnanhugo/workspace/power-sharpening/Subtree-Prefetching-Power-Sharpening/case_studies/logs-entropycut/lcb_v6/2026-09-20/vllm/dataset-lcb_v6.model-qwen3.5-4b.alpha4.0.steps100.blocks-1.prefetch-budget-20.rank-accept_first.cut-entropy4.0.samples20.maxnew1024.seed10086.subtreePrefetch.vllm.log,PreSTO-EntropyCut,8323,2026-09-20 22:28:44,391.2,1533.9,3,0,0.8,76.4,31.016666666666666,62.222222,112,180
/Users/jiangnanhugo/workspace/power-sharpening/Subtree-Prefetching-Power-Sharpening/case_studies/logs-entropycut/lcb_v6/2026-09-20/vllm/dataset-lcb_v6.model-qwen3.5-4b.alpha4.0.steps100.blocks-1.prefetch-budget-20.rank-accept_first.cut-entropy4.0.samples20.maxnew1024.seed10086.subtreePrefetch.vllm.log,PreSTO-EntropyCut,8404,2026-09-20 22:28:54,1026.6,1362.6,20,0,1.9,76.4,31.183333333333334,43.548387,108,248
/Users/jiangnanhugo/workspace/power-sharpening/Subtree-Prefetching-Power-Sharpening/case_studies/logs-entropycut/lcb_v6/2026-09-20/vllm/dataset-lcb_v6.model-qwen3.5-4b.alpha4.0.steps100.blocks-1.prefetch-budget-20.rank-accept_first.cut-entropy4.0.samples20.maxnew1024.seed10086.subtreePrefetch.vllm.log,PreSTO-EntropyCut,8430,2026-09-20 22:29:04,379.0,1753.3,20,0,2.5,76.4,31.35,60.784314,124,204
/Users/jiangnanhugo/workspace/power-sharpening/Subtree-Prefetching-Power-Sharpening/case_studies/logs-entropycut/lcb_v6/2026-09-20/vllm/dataset-lcb_v6.model-qwen3.5-4b.alpha4.0.steps100.blocks-1.prefetch-budget-20.rank-accept_first.cut-entropy4.0.samples20.maxnew1024.seed10086.subtreePrefetch.vllm.log,PreSTO-EntropyCut,8458,2026-09-20 22:29:14,440.0,1788.6,16,0,2.9,76.4,31.516666666666666,57.894737,132,228
/Users/jiangnanhugo/workspace/power-sharpening/Subtree-Prefetching-Power-Sharpening/case_studies/logs-entropycut/lcb_v6/2026-09-20/vllm/dataset-lcb_v6.model-qwen3.5-4b.alpha4.0.steps100.blocks-1.prefetch-budget-20.rank-accept_first.cut-entropy4.0.samples20.maxnew1024.seed10086.subtreePrefetch.vllm.log,PreSTO-EntropyCut,8482,2026-09-20 22:29:24,265.5,882.2,2,0,0.5,76.4,31.683333333333334,17.391304,16,92
/Users/jiangnanhugo/workspace/power-sharpening/Subtree-Prefetching-Power-Sharpening/case_studies/logs-entropycut/lcb_v6/2026-09-20/vllm/dataset-lcb_v6.model-qwen3.5-4b.alpha4.0.steps100.blocks-1.prefetch-budget-20.rank-accept_first.cut-entropy4.0.samples20.maxnew1024.seed10086.subtreePrefetch.vllm.log,PreSTO-EntropyCut,8689,2026-09-20 22:29:34,643.9,587.6,18,0,2.8,76.4,31.85,75.675676,112,148
/Users/jiangnanhugo/workspace/power-sharpening/Subtree-Prefetching-Power-Sharpening/case_studies/logs-entropycut/lcb_v6/2026-09-20/vllm/dataset-lcb_v6.model-qwen3.5-4b.alpha4.0.steps100.blocks-1.prefetch-budget-20.rank-accept_first.cut-entropy4.0.samples20.maxnew1024.seed10086.subtreePrefetch.vllm.log,PreSTO-EntropyCut,8723,2026-09-20 22:29:44,528.6,1373.1,7,0,1.3,76.4,32.016666666666666,49.122807,112,228
/Users/jiangnanhugo/workspace/power-sharpening/Subtree-Prefetching-Power-Sharpening/case_studies/logs-entropycut/lcb_v6/2026-09-20/vllm/dataset-lcb_v6.model-qwen3.5-4b.alpha4.0.steps100.blocks-1.prefetch-budget-20.rank-accept_first.cut-entropy4.0.samples20.maxnew1024.seed10086.subtreePrefetch.vllm.log,PreSTO-EntropyCut,8765,2026-09-20 22:29:54,458.5,1112.6,4,0,1.0,76.4,32.18333333333333,48.979592,96,196
/Users/jiangnanhugo/workspace/power-sharpening/Subtree-Prefetching-Power-Sharpening/case_studies/logs-entropycut/lcb_v6/2026-09-20/vllm/dataset-lcb_v6.model-qwen3.5-4b.alpha4.0.steps100.blocks-1.prefetch-budget-20.rank-accept_first.cut-entropy4.0.samples20.maxnew1024.seed10086.subtreePrefetch.vllm.log,PreSTO-EntropyCut,8826,2026-09-20 22:30:04,1102.9,1233.0,20,0,1.9,76.4,32.35,67.123288,196,292
/Users/jiangnanhugo/workspace/power-sharpening/Subtree-Prefetching-Power-Sharpening/case_studies/logs-entropycut/lcb_v6/2026-09-20/vllm/dataset-lcb_v6.model-qwen3.5-4b.alpha4.0.steps100.blocks-1.prefetch-budget-20.rank-accept_first.cut-entropy4.0.samples20.maxnew1024.seed10086.subtreePrefetch.vllm.log,PreSTO-EntropyCut,8866,2026-09-20 22:30:14,536.1,1623.5,17,0,2.3,76.4,32.516666666666666,62.903226,156,248
/Users/jiangnanhugo/workspace/power-sharpening/Subtree-Prefetching-Power-Sharpening/case_studies/logs-entropycut/lcb_v6/2026-09-20/vllm/dataset-lcb_v6.model-qwen3.5-4b.alpha4.0.steps100.blocks-1.prefetch-budget-20.rank-accept_first.cut-entropy4.0.samples20.maxnew1024.seed10086.subtreePrefetch.vllm.log,PreSTO-EntropyCut,8908,2026-09-20 22:30:24,595.0,1650.9,17,0,2.9,76.4,32.68333333333333,67.857143,152,224
/Users/jiangnanhugo/workspace/power-sharpening/Subtree-Prefetching-Power-Sharpening/case_studies/logs-entropycut/lcb_v6/2026-09-20/vllm/dataset-lcb_v6.model-qwen3.5-4b.alpha4.0.steps100.blocks-1.prefetch-budget-20.rank-accept_first.cut-entropy4.0.samples20.maxnew1024.seed10086.subtreePrefetch.vllm.log,PreSTO-EntropyCut,8932,2026-09-20 22:30:34,517.0,1451.4,5,0,1.1,76.4,32.85,51.5625,132,256
/Users/jiangnanhugo/workspace/power-sharpening/Subtree-Prefetching-Power-Sharpening/case_studies/logs-entropycut/lcb_v6/2026-09-20/vllm/dataset-lcb_v6.model-qwen3.5-4b.alpha4.0.steps100.blocks-1.prefetch-budget-20.rank-accept_first.cut-entropy4.0.samples20.maxnew1024.seed10086.subtreePrefetch.vllm.log,PreSTO-EntropyCut,8999,2026-09-20 22:30:44,1032.7,1553.3,20,0,1.9,76.4,33.016666666666666,64.102564,200,312
/Users/jiangnanhugo/workspace/power-sharpening/Subtree-Prefetching-Power-Sharpening/case_studies/logs-entropycut/lcb_v6/2026-09-20/vllm/dataset-lcb_v6.model-qwen3.5-4b.alpha4.0.steps100.blocks-1.prefetch-budget-20.rank-accept_first.cut-entropy4.0.samples20.maxnew1024.seed10086.subtreePrefetch.vllm.log,PreSTO-EntropyCut,9031,2026-09-20 22:30:54,451.1,1578.3,19,0,2.2,76.4,33.18333333333333,62.5,140,224
/Users/jiangnanhugo/workspace/power-sharpening/Subtree-Prefetching-Power-Sharpening/case_studies/logs-entropycut/lcb_v6/2026-09-20/vllm/dataset-lcb_v6.model-qwen3.5-4b.alpha4.0.steps100.blocks-1.prefetch-budget-20.rank-accept_first.cut-entropy4.0.samples20.maxnew1024.seed10086.subtreePrefetch.vllm.log,PreSTO-EntropyCut,9069,2026-09-20 22:31:04,534.1,1487.4,13,0,2.1,76.4,33.35,58.333333,140,240
/Users/jiangnanhugo/workspace/power-sharpening/Subtree-Prefetching-Power-Sharpening/case_studies/logs-entropycut/lcb_v6/2026-09-20/vllm/dataset-lcb_v6.model-qwen3.5-4b.alpha4.0.steps100.blocks-1.prefetch-budget-20.rank-accept_first.cut-entropy4.0.samples20.maxnew1024.seed10086.subtreePrefetch.vllm.log,PreSTO-EntropyCut,9101,2026-09-20 22:31:14,558.1,1444.0,7,0,1.6,76.4,33.516666666666666,56.666667,136,240
/Users/jiangnanhugo/workspace/power-sharpening/Subtree-Prefetching-Power-Sharpening/case_studies/logs-entropycut/lcb_v6/2026-09-20/vllm/dataset-lcb_v6.model-qwen3.5-4b.alpha4.0.steps100.blocks-1.prefetch-budget-20.rank-accept_first.cut-entropy4.0.samples20.maxnew1024.seed10086.subtreePrefetch.vllm.log,PreSTO-EntropyCut,9141,2026-09-20 22:31:24,629.9,1287.9,1,0,0.4,76.4,33.68333333333333,59.649123,136,228
/Users/jiangnanhugo/workspace/power-sharpening/Subtree-Prefetching-Power-Sharpening/case_studies/logs-entropycut/lcb_v6/2026-09-20/vllm/dataset-lcb_v6.model-qwen3.5-4b.alpha4.0.steps100.blocks-1.prefetch-budget-20.rank-accept_first.cut-entropy4.0.samples20.maxnew1024.seed10086.subtreePrefetch.vllm.log,PreSTO-EntropyCut,9202,2026-09-20 22:31:34,1183.9,1460.9,15,0,2.1,76.4,33.85,66.666667,216,324
/Users/jiangnanhugo/workspace/power-sharpening/Subtree-Prefetching-Power-Sharpening/case_studies/logs-entropycut/lcb_v6/2026-09-20/vllm/dataset-lcb_v6.model-qwen3.5-4b.alpha4.0.steps100.blocks-1.prefetch-budget-20.rank-accept_first.cut-entropy4.0.samples20.maxnew1024.seed10086.subtreePrefetch.vllm.log,PreSTO-EntropyCut,9242,2026-09-20 22:31:44,637.1,1454.6,16,0,2.8,76.4,34.016666666666666,60.0,132,220
/Users/jiangnanhugo/workspace/power-sharpening/Subtree-Prefetching-Power-Sharpening/case_studies/logs-entropycut/lcb_v6/2026-09-20/vllm/dataset-lcb_v6.model-qwen3.5-4b.alpha4.0.steps100.blocks-1.prefetch-budget-20.rank-accept_first.cut-entropy4.0.samples20.maxnew1024.seed10086.subtreePrefetch.vllm.log,PreSTO-EntropyCut,9278,2026-09-20 22:31:54,574.6,1606.6,6,0,1.2,76.4,34.18333333333333,57.8125,148,256
/Users/jiangnanhugo/workspace/power-sharpening/Subtree-Prefetching-Power-Sharpening/case_studies/logs-entropycut/lcb_v6/2026-09-20/vllm/dataset-lcb_v6.model-qwen3.5-4b.alpha4.0.steps100.blocks-1.prefetch-budget-20.rank-accept_first.cut-entropy4.0.samples20.maxnew1024.seed10086.subtreePrefetch.vllm.log,PreSTO-EntropyCut,9345,2026-09-20 22:32:04,1160.7,1439.7,20,0,1.9,76.4,34.35,63.75,204,320
/Users/jiangnanhugo/workspace/power-sharpening/Subtree-Prefetching-Power-Sharpening/case_studies/logs-entropycut/lcb_v6/2026-09-20/vllm/dataset-lcb_v6.model-qwen3.5-4b.alpha4.0.steps100.blocks-1.prefetch-budget-20.rank-accept_first.cut-entropy4.0.samples20.maxnew1024.seed10086.subtreePrefetch.vllm.log,PreSTO-EntropyCut,9485,2026-09-20 22:32:14,64.0,1356.0,1,0,0.2,76.4,34.516666666666666,62.162162,92,148
/Users/jiangnanhugo/workspace/power-sharpening/Subtree-Prefetching-Power-Sharpening/case_studies/logs-entropycut/lcb_v6/2026-09-20/vllm/dataset-lcb_v6.model-qwen3.5-4b.alpha4.0.steps100.blocks-1.prefetch-budget-20.rank-accept_first.cut-entropy4.0.samples20.maxnew1024.seed10086.subtreePrefetch.vllm.log,PreSTO-EntropyCut,9490,2026-09-20 22:32:24,536.9,1040.5,8,0,1.8,76.4,34.68333333333333,71.111111,128,180
/Users/jiangnanhugo/workspace/power-sharpening/Subtree-Prefetching-Power-Sharpening/case_studies/logs-entropycut/lcb_v6/2026-09-20/vllm/dataset-lcb_v6.model-qwen3.5-4b.alpha4.0.steps100.blocks-1.prefetch-budget-20.rank-accept_first.cut-entropy4.0.samples20.maxnew1024.seed10086.subtreePrefetch.vllm.log,PreSTO-EntropyCut,9563,2026-09-20 22:32:34,1098.4,1173.7,20,0,2.0,76.4,34.85,53.424658,156,292
/Users/jiangnanhugo/workspace/power-sharpening/Subtree-Prefetching-Power-Sharpening/case_studies/logs-entropycut/lcb_v6/2026-09-20/vllm/dataset-lcb_v6.model-qwen3.5-4b.alpha4.0.steps100.blocks-1.prefetch-budget-20.rank-accept_first.cut-entropy4.0.samples20.maxnew1024.seed10086.subtreePrefetch.vllm.log,PreSTO-EntropyCut,9591,2026-09-20 22:32:44,498.0,1782.9,19,0,2.5,76.4,35.016666666666666,64.40678,152,236
/Users/jiangnanhugo/workspace/power-sharpening/Subtree-Prefetching-Power-Sharpening/case_studies/logs-entropycut/lcb_v6/2026-09-20/vllm/dataset-lcb_v6.model-qwen3.5-4b.alpha4.0.steps100.blocks-1.prefetch-budget-20.rank-accept_first.cut-entropy4.0.samples20.maxnew1024.seed10086.subtreePrefetch.vllm.log,PreSTO-EntropyCut,9621,2026-09-20 22:32:54,607.6,1602.8,10,0,1.9,76.4,35.18333333333333,63.492063,160,252
/Users/jiangnanhugo/workspace/power-sharpening/Subtree-Prefetching-Power-Sharpening/case_studies/logs-entropycut/lcb_v6/2026-09-20/vllm/dataset-lcb_v6.model-qwen3.5-4b.alpha4.0.steps100.blocks-1.prefetch-budget-20.rank-accept_first.cut-entropy4.0.samples20.maxnew1024.seed10086.subtreePrefetch.vllm.log,PreSTO-EntropyCut,9651,2026-09-20 22:33:04,682.4,1575.9,6,0,1.4,76.4,35.35,62.903226,156,248
/Users/jiangnanhugo/workspace/power-sharpening/Subtree-Prefetching-Power-Sharpening/case_studies/logs-entropycut/lcb_v6/2026-09-20/vllm/dataset-lcb_v6.model-qwen3.5-4b.alpha4.0.steps100.blocks-1.prefetch-budget-20.rank-accept_first.cut-entropy4.0.samples20.maxnew1024.seed10086.subtreePrefetch.vllm.log,PreSTO-EntropyCut,9724,2026-09-20 22:33:14,1062.0,1516.9,19,0,2.2,76.4,35.516666666666666,56.410256,176,312
/Users/jiangnanhugo/workspace/power-sharpening/Subtree-Prefetching-Power-Sharpening/case_studies/logs-entropycut/lcb_v6/2026-09-20/vllm/dataset-lcb_v6.model-qwen3.5-4b.alpha4.0.steps100.blocks-1.prefetch-budget-20.rank-accept_first.cut-entropy4.0.samples20.maxnew1024.seed10086.subtreePrefetch.vllm.log,PreSTO-EntropyCut,9770,2026-09-20 22:33:24,536.7,1610.1,18,0,2.8,76.4,35.68333333333333,64.40678,152,236
/Users/jiangnanhugo/workspace/power-sharpening/Subtree-Prefetching-Power-Sharpening/case_studies/logs-entropycut/lcb_v6/2026-09-20/vllm/dataset-lcb_v6.model-qwen3.5-4b.alpha4.0.steps100.blocks-1.prefetch-budget-20.rank-accept_first.cut-entropy4.0.samples20.maxnew1024.seed10086.subtreePrefetch.vllm.log,PreSTO-EntropyCut,9814,2026-09-20 22:33:34,551.9,1665.5,15,0,2.8,76.4,35.85,63.157895,144,228
/Users/jiangnanhugo/workspace/power-sharpening/Subtree-Prefetching-Power-Sharpening/case_studies/logs-entropycut/lcb_v6/2026-09-20/vllm/dataset-lcb_v6.model-qwen3.5-4b.alpha4.0.steps100.blocks-1.prefetch-budget-20.rank-accept_first.cut-entropy4.0.samples20.maxnew1024.seed10086.subtreePrefetch.vllm.log,PreSTO-EntropyCut,9838,2026-09-20 22:33:44,457.3,1625.3,8,0,1.9,76.4,36.016666666666666,54.83871,136,248
/Users/jiangnanhugo/workspace/power-sharpening/Subtree-Prefetching-Power-Sharpening/case_studies/logs-entropycut/lcb_v6/2026-09-20/vllm/dataset-lcb_v6.model-qwen3.5-4b.alpha4.0.steps100.blocks-1.prefetch-budget-20.rank-accept_first.cut-entropy4.0.samples20.maxnew1024.seed10086.subtreePrefetch.vllm.log,PreSTO-EntropyCut,9905,2026-09-20 22:33:54,1216.2,1642.0,20,0,2.0,76.4,36.18333333333333,63.75,204,320
/Users/jiangnanhugo/workspace/power-sharpening/Subtree-Prefetching-Power-Sharpening/case_studies/logs-entropycut/lcb_v6/2026-09-20/vllm/dataset-lcb_v6.model-qwen3.5-4b.alpha4.0.steps100.blocks-1.prefetch-budget-20.rank-accept_first.cut-entropy4.0.samples20.maxnew1024.seed10086.subtreePrefetch.vllm.log,PreSTO-EntropyCut,9945,2026-09-20 22:34:04,543.8,1835.3,20,0,3.1,76.4,36.35,69.69697,184,264
/Users/jiangnanhugo/workspace/power-sharpening/Subtree-Prefetching-Power-Sharpening/case_studies/logs-entropycut/lcb_v6/2026-09-20/vllm/dataset-lcb_v6.model-qwen3.5-4b.alpha4.0.steps100.blocks-1.prefetch-budget-20.rank-accept_first.cut-entropy4.0.samples20.maxnew1024.seed10086.subtreePrefetch.vllm.log,PreSTO-EntropyCut,9967,2026-09-20 22:34:14,556.8,1683.2,16,0,3.0,76.4,36.516666666666666,60.0,144,240
/Users/jiangnanhugo/workspace/power-sharpening/Subtree-Prefetching-Power-Sharpening/case_studies/logs-entropycut/lcb_v6/2026-09-20/vllm/dataset-lcb_v6.model-qwen3.5-4b.alpha4.0.steps100.blocks-1.prefetch-budget-20.rank-accept_first.cut-entropy4.0.samples20.maxnew1024.seed10086.subtreePrefetch.vllm.log,PreSTO-EntropyCut,10005,2026-09-20 22:34:24,461.2,1576.8,6,0,1.3,76.4,36.68333333333333,53.448276,124,232
/Users/jiangnanhugo/workspace/power-sharpening/Subtree-Prefetching-Power-Sharpening/case_studies/logs-entropycut/lcb_v6/2026-09-20/vllm/dataset-lcb_v6.model-qwen3.5-4b.alpha4.0.steps100.blocks-1.prefetch-budget-20.rank-accept_first.cut-entropy4.0.samples20.maxnew1024.seed10086.subtreePrefetch.vllm.log,PreSTO-EntropyCut,10076,2026-09-20 22:34:34,1012.1,1584.4,20,0,1.9,76.4,36.85,62.820513,196,312
/Users/jiangnanhugo/workspace/power-sharpening/Subtree-Prefetching-Power-Sharpening/case_studies/logs-entropycut/lcb_v6/2026-09-20/vllm/dataset-lcb_v6.model-qwen3.5-4b.alpha4.0.steps100.blocks-1.prefetch-budget-20.rank-accept_first.cut-entropy4.0.samples20.maxnew1024.seed10086.subtreePrefetch.vllm.log,PreSTO-EntropyCut,10110,2026-09-20 22:34:44,664.4,1793.5,18,0,3.0,76.4,37.016666666666666,69.117647,188,272
/Users/jiangnanhugo/workspace/power-sharpening/Subtree-Prefetching-Power-Sharpening/case_studies/logs-entropycut/lcb_v6/2026-09-20/vllm/dataset-lcb_v6.model-qwen3.5-4b.alpha4.0.steps100.blocks-1.prefetch-budget-20.rank-accept_first.cut-entropy4.0.samples20.maxnew1024.seed10086.subtreePrefetch.vllm.log,PreSTO-EntropyCut,10144,2026-09-20 22:34:54,598.3,1845.3,15,0,2.7,76.4,37.18333333333333,61.666667,148,240
/Users/jiangnanhugo/workspace/power-sharpening/Subtree-Prefetching-Power-Sharpening/case_studies/logs-entropycut/lcb_v6/2026-09-20/vllm/dataset-lcb_v6.model-qwen3.5-4b.alpha4.0.steps100.blocks-1.prefetch-budget-20.rank-accept_first.cut-entropy4.0.samples20.maxnew1024.seed10086.subtreePrefetch.vllm.log,PreSTO-EntropyCut,10184,2026-09-20 22:35:04,494.2,1481.9,3,0,0.6,76.4,37.35,55.932203,132,236
/Users/jiangnanhugo/workspace/power-sharpening/Subtree-Prefetching-Power-Sharpening/case_studies/logs-entropycut/lcb_v6/2026-09-20/vllm/dataset-lcb_v6.model-qwen3.5-4b.alpha4.0.steps100.blocks-1.prefetch-budget-20.rank-accept_first.cut-entropy4.0.samples20.maxnew1024.seed10086.subtreePrefetch.vllm.log,PreSTO-EntropyCut,10259,2026-09-20 22:35:14,1143.4,1573.6,20,0,2.0,76.4,37.516666666666666,61.538462,192,312
/Users/jiangnanhugo/workspace/power-sharpening/Subtree-Prefetching-Power-Sharpening/case_studies/logs-entropycut/lcb_v6/2026-09-20/vllm/dataset-lcb_v6.model-qwen3.5-4b.alpha4.0.steps100.blocks-1.prefetch-budget-20.rank-accept_first.cut-entropy4.0.samples20.maxnew1024.seed10086.subtreePrefetch.vllm.log,PreSTO-EntropyCut,10299,2026-09-20 22:35:24,491.0,1759.8,16,0,2.6,76.4,37.68333333333333,64.0625,164,256
/Users/jiangnanhugo/workspace/power-sharpening/Subtree-Prefetching-Power-Sharpening/case_studies/logs-entropycut/lcb_v6/2026-09-20/vllm/dataset-lcb_v6.model-qwen3.5-4b.alpha4.0.steps100.blocks-1.prefetch-budget-20.rank-accept_first.cut-entropy4.0.samples20.maxnew1024.seed10086.subtreePrefetch.vllm.log,PreSTO-EntropyCut,10337,2026-09-20 22:35:34,624.2,1658.4,14,0,2.6,76.4,37.85,63.793103,148,232
/Users/jiangnanhugo/workspace/power-sharpening/Subtree-Prefetching-Power-Sharpening/case_studies/logs-entropycut/lcb_v6/2026-09-20/vllm/dataset-lcb_v6.model-qwen3.5-4b.alpha4.0.steps100.blocks-1.prefetch-budget-20.rank-accept_first.cut-entropy4.0.samples20.maxnew1024.seed10086.subtreePrefetch.vllm.log,PreSTO-EntropyCut,10510,2026-09-20 22:35:44,125.6,578.1,1,0,0.1,76.4,38.016666666666666,20.0,20,100
/Users/jiangnanhugo/workspace/power-sharpening/Subtree-Prefetching-Power-Sharpening/case_studies/logs-entropycut/lcb_v6/2026-09-20/vllm/dataset-lcb_v6.model-qwen3.5-4b.alpha4.0.steps100.blocks-1.prefetch-budget-20.rank-accept_first.cut-entropy4.0.samples20.maxnew1024.seed10086.subtreePrefetch.vllm.log,PreSTO-EntropyCut,10515,2026-09-20 22:35:54,653.8,842.1,9,0,1.6,76.4,38.18333333333333,89.189189,132,148
/Users/jiangnanhugo/workspace/power-sharpening/Subtree-Prefetching-Power-Sharpening/case_studies/logs-entropycut/lcb_v6/2026-09-20/vllm/dataset-lcb_v6.model-qwen3.5-4b.alpha4.0.steps100.blocks-1.prefetch-budget-20.rank-accept_first.cut-entropy4.0.samples20.maxnew1024.seed10086.subtreePrefetch.vllm.log,PreSTO-EntropyCut,10539,2026-09-20 22:36:04,723.3,1398.9,12,0,3.1,76.4,38.35,49.019608,100,204
/Users/jiangnanhugo/workspace/power-sharpening/Subtree-Prefetching-Power-Sharpening/case_studies/logs-entropycut/lcb_v6/2026-09-20/vllm/dataset-lcb_v6.model-qwen3.5-4b.alpha4.0.steps100.blocks-1.prefetch-budget-20.rank-accept_first.cut-entropy4.0.samples20.maxnew1024.seed10086.subtreePrefetch.vllm.log,PreSTO-EntropyCut,10569,2026-09-20 22:36:14,805.4,1611.1,10,0,2.6,76.4,38.516666666666666,58.0,116,200
/Users/jiangnanhugo/workspace/power-sharpening/Subtree-Prefetching-Power-Sharpening/case_studies/logs-entropycut/lcb_v6/2026-09-20/vllm/dataset-lcb_v6.model-qwen3.5-4b.alpha4.0.steps100.blocks-1.prefetch-budget-20.rank-accept_first.cut-entropy4.0.samples20.maxnew1024.seed10086.subtreePrefetch.vllm.log,PreSTO-EntropyCut,10640,2026-09-20 22:36:24,1397.2,1325.6,20,0,2.2,76.4,38.68333333333333,51.5625,132,256
/Users/jiangnanhugo/workspace/power-sharpening/Subtree-Prefetching-Power-Sharpening/case_studies/logs-entropycut/lcb_v6/2026-09-20/vllm/dataset-lcb_v6.model-qwen3.5-4b.alpha4.0.steps100.blocks-1.prefetch-budget-20.rank-accept_first.cut-entropy4.0.samples20.maxnew1024.seed10086.subtreePrefetch.vllm.log,PreSTO-EntropyCut,10668,2026-09-20 22:36:34,735.0,1756.6,16,0,2.6,76.4,38.85,59.322034,140,236
/Users/jiangnanhugo/workspace/power-sharpening/Subtree-Prefetching-Power-Sharpening/case_studies/logs-entropycut/lcb_v6/2026-09-20/vllm/dataset-lcb_v6.model-qwen3.5-4b.alpha4.0.steps100.blocks-1.prefetch-budget-20.rank-accept_first.cut-entropy4.0.samples20.maxnew1024.seed10086.subtreePrefetch.vllm.log,PreSTO-EntropyCut,10698,2026-09-20 22:36:44,682.9,1523.6,17,0,3.0,76.4,39.016666666666666,59.574468,112,188
/Users/jiangnanhugo/workspace/power-sharpening/Subtree-Prefetching-Power-Sharpening/case_studies/logs-entropycut/lcb_v6/2026-09-20/vllm/dataset-lcb_v6.model-qwen3.5-4b.alpha4.0.steps100.blocks-1.prefetch-budget-20.rank-accept_first.cut-entropy4.0.samples20.maxnew1024.seed10086.subtreePrefetch.vllm.log,PreSTO-EntropyCut,10724,2026-09-20 22:36:54,686.6,1550.2,10,0,2.2,76.4,39.18333333333333,44.897959,88,196
/Users/jiangnanhugo/workspace/power-sharpening/Subtree-Prefetching-Power-Sharpening/case_studies/logs-entropycut/lcb_v6/2026-09-20/vllm/dataset-lcb_v6.model-qwen3.5-4b.alpha4.0.steps100.blocks-1.prefetch-budget-20.rank-accept_first.cut-entropy4.0.samples20.maxnew1024.seed10086.subtreePrefetch.vllm.log,PreSTO-EntropyCut,10766,2026-09-20 22:37:04,708.8,1451.5,8,0,2.1,76.4,39.35,57.142857,112,196
/Users/jiangnanhugo/workspace/power-sharpening/Subtree-Prefetching-Power-Sharpening/case_studies/logs-entropycut/lcb_v6/2026-09-20/vllm/dataset-lcb_v6.model-qwen3.5-4b.alpha4.0.steps100.blocks-1.prefetch-budget-20.rank-accept_first.cut-entropy4.0.samples20.maxnew1024.seed10086.subtreePrefetch.vllm.log,PreSTO-EntropyCut,10825,2026-09-20 22:37:15,1081.0,1228.8,20,0,1.9,76.4,39.53333333333333,49.122807,112,228
/Users/jiangnanhugo/workspace/power-sharpening/Subtree-Prefetching-Power-Sharpening/case_studies/logs-entropycut/lcb_v6/2026-09-20/vllm/dataset-lcb_v6.model-qwen3.5-4b.alpha4.0.steps100.blocks-1.prefetch-budget-20.rank-accept_first.cut-entropy4.0.samples20.maxnew1024.seed10086.subtreePrefetch.vllm.log,PreSTO-EntropyCut,10861,2026-09-20 22:37:25,748.4,1626.4,19,0,3.1,76.4,39.7,62.5,140,224
/Users/jiangnanhugo/workspace/power-sharpening/Subtree-Prefetching-Power-Sharpening/case_studies/logs-entropycut/lcb_v6/2026-09-20/vllm/dataset-lcb_v6.model-qwen3.5-4b.alpha4.0.steps100.blocks-1.prefetch-budget-20.rank-accept_first.cut-entropy4.0.samples20.maxnew1024.seed10086.subtreePrefetch.vllm.log,PreSTO-EntropyCut,10893,2026-09-20 22:37:35,592.4,1790.5,16,0,2.7,76.4,39.86666666666667,54.0,108,200
/Users/jiangnanhugo/workspace/power-sharpening/Subtree-Prefetching-Power-Sharpening/case_studies/logs-entropycut/lcb_v6/2026-09-20/vllm/dataset-lcb_v6.model-qwen3.5-4b.alpha4.0.steps100.blocks-1.prefetch-budget-20.rank-accept_first.cut-entropy4.0.samples20.maxnew1024.seed10086.subtreePrefetch.vllm.log,PreSTO-EntropyCut,10927,2026-09-20 22:37:45,695.5,1706.6,14,0,2.6,76.4,40.03333333333333,62.0,124,200
/Users/jiangnanhugo/workspace/power-sharpening/Subtree-Prefetching-Power-Sharpening/case_studies/logs-entropycut/lcb_v6/2026-09-20/vllm/dataset-lcb_v6.model-qwen3.5-4b.alpha4.0.steps100.blocks-1.prefetch-budget-20.rank-accept_first.cut-entropy4.0.samples20.maxnew1024.seed10086.subtreePrefetch.vllm.log,PreSTO-EntropyCut,10967,2026-09-20 22:37:55,581.0,1437.9,9,0,2.3,76.4,40.2,41.666667,80,192
/Users/jiangnanhugo/workspace/power-sharpening/Subtree-Prefetching-Power-Sharpening/case_studies/logs-entropycut/lcb_v6/2026-09-20/vllm/dataset-lcb_v6.model-qwen3.5-4b.alpha4.0.steps100.blocks-1.prefetch-budget-20.rank-accept_first.cut-entropy4.0.samples20.maxnew1024.seed10086.subtreePrefetch.vllm.log,PreSTO-EntropyCut,11046,2026-09-20 22:38:05,1261.7,1284.7,20,0,1.9,76.4,40.36666666666667,52.459016,128,244
/Users/jiangnanhugo/workspace/power-sharpening/Subtree-Prefetching-Power-Sharpening/case_studies/logs-entropycut/lcb_v6/2026-09-20/vllm/dataset-lcb_v6.model-qwen3.5-4b.alpha4.0.steps100.blocks-1.prefetch-budget-20.rank-accept_first.cut-entropy4.0.samples20.maxnew1024.seed10086.subtreePrefetch.vllm.log,PreSTO-EntropyCut,11076,2026-09-20 22:38:15,527.4,1729.9,19,0,2.6,76.4,40.53333333333333,62.962963,136,216
/Users/jiangnanhugo/workspace/power-sharpening/Subtree-Prefetching-Power-Sharpening/case_studies/logs-entropycut/lcb_v6/2026-09-20/vllm/dataset-lcb_v6.model-qwen3.5-4b.alpha4.0.steps100.blocks-1.prefetch-budget-20.rank-accept_first.cut-entropy4.0.samples20.maxnew1024.seed10086.subtreePrefetch.vllm.log,PreSTO-EntropyCut,11100,2026-09-20 22:38:25,618.0,1595.1,14,0,2.5,76.4,40.7,46.808511,88,188
/Users/jiangnanhugo/workspace/power-sharpening/Subtree-Prefetching-Power-Sharpening/case_studies/logs-entropycut/lcb_v6/2026-09-20/vllm/dataset-lcb_v6.model-qwen3.5-4b.alpha4.0.steps100.blocks-1.prefetch-budget-20.rank-accept_first.cut-entropy4.0.samples20.maxnew1024.seed10086.subtreePrefetch.vllm.log,PreSTO-EntropyCut,11140,2026-09-20 22:38:35,593.8,1599.8,12,0,2.4,76.4,40.86666666666667,51.06383,96,188
/Users/jiangnanhugo/workspace/power-sharpening/Subtree-Prefetching-Power-Sharpening/case_studies/logs-entropycut/lcb_v6/2026-09-20/vllm/dataset-lcb_v6.model-qwen3.5-4b.alpha4.0.steps100.blocks-1.prefetch-budget-20.rank-accept_first.cut-entropy4.0.samples20.maxnew1024.seed10086.subtreePrefetch.vllm.log,PreSTO-EntropyCut,11160,2026-09-20 22:38:45,579.7,1341.8,8,0,2.1,76.4,41.03333333333333,48.888889,88,180
/Users/jiangnanhugo/workspace/power-sharpening/Subtree-Prefetching-Power-Sharpening/case_studies/logs-entropycut/lcb_v6/2026-09-20/vllm/dataset-lcb_v6.model-qwen3.5-4b.alpha4.0.steps100.blocks-1.prefetch-budget-20.rank-accept_first.cut-entropy4.0.samples20.maxnew1024.seed10086.subtreePrefetch.vllm.log,PreSTO-EntropyCut,11233,2026-09-20 22:38:55,1205.1,1414.2,20,0,2.1,76.4,41.2,54.6875,140,256
/Users/jiangnanhugo/workspace/power-sharpening/Subtree-Prefetching-Power-Sharpening/case_studies/logs-entropycut/lcb_v6/2026-09-20/vllm/dataset-lcb_v6.model-qwen3.5-4b.alpha4.0.steps100.blocks-1.prefetch-budget-20.rank-accept_first.cut-entropy4.0.samples20.maxnew1024.seed10086.subtreePrefetch.vllm.log,PreSTO-EntropyCut,11277,2026-09-20 22:39:05,399.4,1662.4,16,0,1.8,76.4,41.36666666666667,54.545455,96,176
/Users/jiangnanhugo/workspace/power-sharpening/Subtree-Prefetching-Power-Sharpening/case_studies/logs-entropycut/lcb_v6/2026-09-20/vllm/dataset-lcb_v6.model-qwen3.5-4b.alpha4.0.steps100.blocks-1.prefetch-budget-20.rank-accept_first.cut-entropy4.0.samples20.maxnew1024.seed10086.subtreePrefetch.vllm.log,PreSTO-EntropyCut,11311,2026-09-20 22:39:15,609.5,1424.4,13,0,2.4,76.4,41.53333333333333,44.680851,84,188
/Users/jiangnanhugo/workspace/power-sharpening/Subtree-Prefetching-Power-Sharpening/case_studies/logs-entropycut/lcb_v6/2026-09-20/vllm/dataset-lcb_v6.model-qwen3.5-4b.alpha4.0.steps100.blocks-1.prefetch-budget-20.rank-accept_first.cut-entropy4.0.samples20.maxnew1024.seed10086.subtreePrefetch.vllm.log,PreSTO-EntropyCut,11355,2026-09-20 22:39:25,538.9,1486.8,9,0,2.2,76.4,41.7,50.0,96,192
/Users/jiangnanhugo/workspace/power-sharpening/Subtree-Prefetching-Power-Sharpening/case_studies/logs-entropycut/lcb_v6/2026-09-20/vllm/dataset-lcb_v6.model-qwen3.5-4b.alpha4.0.steps100.blocks-1.prefetch-budget-20.rank-accept_first.cut-entropy4.0.samples20.maxnew1024.seed10086.subtreePrefetch.vllm.log,PreSTO-EntropyCut,11393,2026-09-20 22:39:35,643.4,1328.9,7,0,1.9,76.4,41.86666666666667,50.0,84,168
/Users/jiangnanhugo/workspace/power-sharpening/Subtree-Prefetching-Power-Sharpening/case_studies/logs-entropycut/lcb_v6/2026-09-20/vllm/dataset-lcb_v6.model-qwen3.5-4b.alpha4.0.steps100.blocks-1.prefetch-budget-20.rank-accept_first.cut-entropy4.0.samples20.maxnew1024.seed10086.subtreePrefetch.vllm.log,PreSTO-EntropyCut,11470,2026-09-20 22:39:45,1306.5,1576.7,19,0,2.2,76.4,42.03333333333333,57.142857,160,280
/Users/jiangnanhugo/workspace/power-sharpening/Subtree-Prefetching-Power-Sharpening/case_studies/logs-entropycut/lcb_v6/2026-09-20/vllm/dataset-lcb_v6.model-qwen3.5-4b.alpha4.0.steps100.blocks-1.prefetch-budget-20.rank-accept_first.cut-entropy4.0.samples20.maxnew1024.seed10086.subtreePrefetch.vllm.log,PreSTO-EntropyCut,11508,2026-09-20 22:39:55,755.6,1548.0,19,0,3.4,76.4,42.2,62.962963,136,216
/Users/jiangnanhugo/workspace/power-sharpening/Subtree-Prefetching-Power-Sharpening/case_studies/logs-entropycut/lcb_v6/2026-09-20/vllm/dataset-lcb_v6.model-qwen3.5-4b.alpha4.0.steps100.blocks-1.prefetch-budget-20.rank-accept_first.cut-entropy4.0.samples20.maxnew1024.seed10086.subtreePrefetch.vllm.log,PreSTO-EntropyCut,11548,2026-09-20 22:40:05,61.1,891.9,1,0,0.3,76.4,42.36666666666667,6.666667,4,60
/Users/jiangnanhugo/workspace/power-sharpening/Subtree-Prefetching-Power-Sharpening/case_studies/logs-entropycut/lcb_v6/2026-09-20/vllm/dataset-lcb_v6.model-qwen3.5-4b.alpha4.0.steps100.blocks-1.prefetch-budget-20.rank-accept_first.cut-entropy4.0.samples20.maxnew1024.seed10086.subtreePrefetch.vllm.log,PreSTO-EntropyCut,11664,2026-09-20 22:40:15,763.4,376.1,19,0,2.8,76.4,42.53333333333333,70.588235,96,136
/Users/jiangnanhugo/workspace/power-sharpening/Subtree-Prefetching-Power-Sharpening/case_studies/logs-entropycut/lcb_v6/2026-09-20/vllm/dataset-lcb_v6.model-qwen3.5-4b.alpha4.0.steps100.blocks-1.prefetch-budget-20.rank-accept_first.cut-entropy4.0.samples20.maxnew1024.seed10086.subtreePrefetch.vllm.log,PreSTO-EntropyCut,11698,2026-09-20 22:40:25,512.2,1495.9,12,0,2.2,76.4,42.7,48.888889,88,180
/Users/jiangnanhugo/workspace/power-sharpening/Subtree-Prefetching-Power-Sharpening/case_studies/logs-entropycut/lcb_v6/2026-09-20/vllm/dataset-lcb_v6.model-qwen3.5-4b.alpha4.0.steps100.blocks-1.prefetch-budget-20.rank-accept_first.cut-entropy4.0.samples20.maxnew1024.seed10086.subtreePrefetch.vllm.log,PreSTO-EntropyCut,11724,2026-09-20 22:40:35,468.5,1098.8,6,0,1.6,76.4,42.86666666666667,42.5,68,160
/Users/jiangnanhugo/workspace/power-sharpening/Subtree-Prefetching-Power-Sharpening/case_studies/logs-entropycut/lcb_v6/2026-09-20/vllm/dataset-lcb_v6.model-qwen3.5-4b.alpha4.0.steps100.blocks-1.prefetch-budget-20.rank-accept_first.cut-entropy4.0.samples20.maxnew1024.seed10086.subtreePrefetch.vllm.log,PreSTO-EntropyCut,11799,2026-09-20 22:40:45,1420.4,1420.0,20,0,1.9,76.4,43.03333333333333,50.0,132,264
/Users/jiangnanhugo/workspace/power-sharpening/Subtree-Prefetching-Power-Sharpening/case_studies/logs-entropycut/lcb_v6/2026-09-20/vllm/dataset-lcb_v6.model-qwen3.5-4b.alpha4.0.steps100.blocks-1.prefetch-budget-20.rank-accept_first.cut-entropy4.0.samples20.maxnew1024.seed10086.subtreePrefetch.vllm.log,PreSTO-EntropyCut,11835,2026-09-20 22:40:55,623.3,1552.5,15,0,2.7,76.4,43.2,60.344828,140,232
/Users/jiangnanhugo/workspace/power-sharpening/Subtree-Prefetching-Power-Sharpening/case_studies/logs-entropycut/lcb_v6/2026-09-20/vllm/dataset-lcb_v6.model-qwen3.5-4b.alpha4.0.steps100.blocks-1.prefetch-budget-20.rank-accept_first.cut-entropy4.0.samples20.maxnew1024.seed10086.subtreePrefetch.vllm.log,PreSTO-EntropyCut,11879,2026-09-20 22:41:05,637.8,1423.2,10,0,1.9,76.4,43.36666666666667,57.142857,96,168
/Users/jiangnanhugo/workspace/power-sharpening/Subtree-Prefetching-Power-Sharpening/case_studies/logs-entropycut/lcb_v6/2026-09-20/vllm/dataset-lcb_v6.model-qwen3.5-4b.alpha4.0.steps100.blocks-1.prefetch-budget-20.rank-accept_first.cut-entropy4.0.samples20.maxnew1024.seed10086.subtreePrefetch.vllm.log,PreSTO-EntropyCut,11901,2026-09-20 22:41:15,539.4,1098.4,2,0,0.5,76.4,43.53333333333333,47.619048,80,168
/Users/jiangnanhugo/workspace/power-sharpening/Subtree-Prefetching-Power-Sharpening/case_studies/logs-entropycut/lcb_v6/2026-09-20/vllm/dataset-lcb_v6.model-qwen3.5-4b.alpha4.0.steps100.blocks-1.prefetch-budget-20.rank-accept_first.cut-entropy4.0.samples20.maxnew1024.seed10086.subtreePrefetch.vllm.log,PreSTO-EntropyCut,11966,2026-09-20 22:41:25,1287.0,1204.8,18,0,2.9,76.4,43.7,45.070423,128,284
/Users/jiangnanhugo/workspace/power-sharpening/Subtree-Prefetching-Power-Sharpening/case_studies/logs-entropycut/lcb_v6/2026-09-20/vllm/dataset-lcb_v6.model-qwen3.5-4b.alpha4.0.steps100.blocks-1.prefetch-budget-20.rank-accept_first.cut-entropy4.0.samples20.maxnew1024.seed10086.subtreePrefetch.vllm.log,PreSTO-EntropyCut,12004,2026-09-20 22:41:35,551.2,1422.0,12,0,2.1,76.4,43.86666666666667,50.0,80,160
/Users/jiangnanhugo/workspace/power-sharpening/Subtree-Prefetching-Power-Sharpening/case_studies/logs-entropycut/lcb_v6/2026-09-20/vllm/dataset-lcb_v6.model-qwen3.5-4b.alpha4.0.steps100.blocks-1.prefetch-budget-20.rank-accept_first.cut-entropy4.0.samples20.maxnew1024.seed10086.subtreePrefetch.vllm.log,PreSTO-EntropyCut,12042,2026-09-20 22:41:45,577.3,1073.7,4,0,1.1,76.4,44.03333333333333,35.714286,60,168
/Users/jiangnanhugo/workspace/power-sharpening/Subtree-Prefetching-Power-Sharpening/case_studies/logs-entropycut/lcb_v6/2026-09-20/vllm/dataset-lcb_v6.model-qwen3.5-4b.alpha4.0.steps100.blocks-1.prefetch-budget-20.rank-accept_first.cut-entropy4.0.samples20.maxnew1024.seed10086.subtreePrefetch.vllm.log,PreSTO-EntropyCut,12123,2026-09-20 22:41:55,1271.7,1157.6,20,0,1.9,76.4,44.2,49.180328,120,244
/Users/jiangnanhugo/workspace/power-sharpening/Subtree-Prefetching-Power-Sharpening/case_studies/logs-entropycut/lcb_v6/2026-09-20/vllm/dataset-lcb_v6.model-qwen3.5-4b.alpha4.0.steps100.blocks-1.prefetch-budget-20.rank-accept_first.cut-entropy4.0.samples20.maxnew1024.seed10086.subtreePrefetch.vllm.log,PreSTO-EntropyCut,12159,2026-09-20 22:42:05,730.2,1484.0,18,0,3.3,76.4,44.36666666666667,64.912281,148,228
/Users/jiangnanhugo/workspace/power-sharpening/Subtree-Prefetching-Power-Sharpening/case_studies/logs-entropycut/lcb_v6/2026-09-20/vllm/dataset-lcb_v6.model-qwen3.5-4b.alpha4.0.steps100.blocks-1.prefetch-budget-20.rank-accept_first.cut-entropy4.0.samples20.maxnew1024.seed10086.subtreePrefetch.vllm.log,PreSTO-EntropyCut,12195,2026-09-20 22:42:15,627.6,1573.0,4,0,0.7,76.4,44.53333333333333,42.222222,76,180
/Users/jiangnanhugo/workspace/power-sharpening/Subtree-Prefetching-Power-Sharpening/case_studies/logs-entropycut/lcb_v6/2026-09-20/vllm/dataset-lcb_v6.model-qwen3.5-4b.alpha4.0.steps100.blocks-1.prefetch-budget-20.rank-accept_first.cut-entropy4.0.samples20.maxnew1024.seed10086.subtreePrefetch.vllm.log,PreSTO-EntropyCut,12239,2026-09-20 22:42:25,581.5,1075.6,5,0,1.3,76.4,44.7,52.380952,88,168
/Users/jiangnanhugo/workspace/power-sharpening/Subtree-Prefetching-Power-Sharpening/case_studies/logs-entropycut/lcb_v6/2026-09-20/vllm/dataset-lcb_v6.model-qwen3.5-4b.alpha4.0.steps100.blocks-1.prefetch-budget-20.rank-accept_first.cut-entropy4.0.samples20.maxnew1024.seed10086.subtreePrefetch.vllm.log,PreSTO-EntropyCut,12316,2026-09-20 22:42:35,1114.2,1341.0,12,0,2.1,76.4,44.86666666666667,42.647059,116,272
/Users/jiangnanhugo/workspace/power-sharpening/Subtree-Prefetching-Power-Sharpening/case_studies/logs-entropycut/lcb_v6/2026-09-20/vllm/dataset-lcb_v6.model-qwen3.5-4b.alpha4.0.steps100.blocks-1.prefetch-budget-20.rank-accept_first.cut-entropy4.0.samples20.maxnew1024.seed10086.subtreePrefetch.vllm.log,PreSTO-EntropyCut,12362,2026-09-20 22:42:45,635.2,1250.1,8,0,1.5,76.4,45.03333333333333,50.0,80,160
/Users/jiangnanhugo/workspace/power-sharpening/Subtree-Prefetching-Power-Sharpening/case_studies/logs-entropycut/lcb_v6/2026-09-20/vllm/dataset-lcb_v6.model-qwen3.5-4b.alpha4.0.steps100.blocks-1.prefetch-budget-20.rank-accept_first.cut-entropy4.0.samples20.maxnew1024.seed10086.subtreePrefetch.vllm.log,PreSTO-EntropyCut,12396,2026-09-20 22:42:55,547.6,1186.1,6,0,1.6,76.4,45.2,40.909091,72,176
/Users/jiangnanhugo/workspace/power-sharpening/Subtree-Prefetching-Power-Sharpening/case_studies/logs-entropycut/lcb_v6/2026-09-20/vllm/dataset-lcb_v6.model-qwen3.5-4b.alpha4.0.steps100.blocks-1.prefetch-budget-20.rank-accept_first.cut-entropy4.0.samples20.maxnew1024.seed10086.subtreePrefetch.vllm.log,PreSTO-EntropyCut,12613,2026-09-20 22:43:05,741.0,1187.7,1,0,0.1,76.4,45.36666666666667,61.363636,108,176
/Users/jiangnanhugo/workspace/power-sharpening/Subtree-Prefetching-Power-Sharpening/case_studies/logs-entropycut/lcb_v6/2026-09-20/vllm/dataset-lcb_v6.model-qwen3.5-4b.alpha4.0.steps100.blocks-1.prefetch-budget-20.rank-accept_first.cut-entropy4.0.samples20.maxnew1024.seed10086.subtreePrefetch.vllm.log,PreSTO-EntropyCut,12618,2026-09-20 22:43:15,576.2,820.6,16,0,2.6,76.4,45.53333333333333,54.285714,76,140
/Users/jiangnanhugo/workspace/power-sharpening/Subtree-Prefetching-Power-Sharpening/case_studies/logs-entropycut/lcb_v6/2026-09-20/vllm/dataset-lcb_v6.model-qwen3.5-4b.alpha4.0.steps100.blocks-1.prefetch-budget-20.rank-accept_first.cut-entropy4.0.samples20.maxnew1024.seed10086.subtreePrefetch.vllm.log,PreSTO-EntropyCut,12644,2026-09-20 22:43:25,559.4,1528.2,10,0,1.9,76.4,45.7,50.0,96,192
/Users/jiangnanhugo/workspace/power-sharpening/Subtree-Prefetching-Power-Sharpening/case_studies/logs-entropycut/lcb_v6/2026-09-20/vllm/dataset-lcb_v6.model-qwen3.5-4b.alpha4.0.steps100.blocks-1.prefetch-budget-20.rank-accept_first.cut-entropy4.0.samples20.maxnew1024.seed10086.subtreePrefetch.vllm.log,PreSTO-EntropyCut,12688,2026-09-20 22:43:35,699.9,1729.9,15,0,4.0,76.4,45.86666666666667,70.967742,176,248
/Users/jiangnanhugo/workspace/power-sharpening/Subtree-Prefetching-Power-Sharpening/case_studies/logs-entropycut/lcb_v6/2026-09-20/vllm/dataset-lcb_v6.model-qwen3.5-4b.alpha4.0.steps100.blocks-1.prefetch-budget-20.rank-accept_first.cut-entropy4.0.samples20.maxnew1024.seed10086.subtreePrefetch.vllm.log,PreSTO-EntropyCut,12753,2026-09-20 22:43:45,821.1,1211.9,20,0,2.0,76.4,46.03333333333333,36.363636,80,220
/Users/jiangnanhugo/workspace/power-sharpening/Subtree-Prefetching-Power-Sharpening/case_studies/logs-entropycut/lcb_v6/2026-09-20/vllm/dataset-lcb_v6.model-qwen3.5-4b.alpha4.0.steps100.blocks-1.prefetch-budget-20.rank-accept_first.cut-entropy4.0.samples20.maxnew1024.seed10086.subtreePrefetch.vllm.log,PreSTO-EntropyCut,12793,2026-09-20 22:43:55,491.2,1387.1,12,0,1.7,76.4,46.2,48.888889,88,180
/Users/jiangnanhugo/workspace/power-sharpening/Subtree-Prefetching-Power-Sharpening/case_studies/logs-entropycut/lcb_v6/2026-09-20/vllm/dataset-lcb_v6.model-qwen3.5-4b.alpha4.0.steps100.blocks-1.prefetch-budget-20.rank-accept_first.cut-entropy4.0.samples20.maxnew1024.seed10086.subtreePrefetch.vllm.log,PreSTO-EntropyCut,12833,2026-09-20 22:44:05,522.0,1464.5,13,0,2.3,76.4,46.36666666666667,50.0,92,184
/Users/jiangnanhugo/workspace/power-sharpening/Subtree-Prefetching-Power-Sharpening/case_studies/logs-entropycut/lcb_v6/2026-09-20/vllm/dataset-lcb_v6.model-qwen3.5-4b.alpha4.0.steps100.blocks-1.prefetch-budget-20.rank-accept_first.cut-entropy4.0.samples20.maxnew1024.seed10086.subtreePrefetch.vllm.log,PreSTO-EntropyCut,12871,2026-09-20 22:44:15,512.0,1413.9,6,0,1.6,76.4,46.53333333333333,50.0,100,200
/Users/jiangnanhugo/workspace/power-sharpening/Subtree-Prefetching-Power-Sharpening/case_studies/logs-entropycut/lcb_v6/2026-09-20/vllm/dataset-lcb_v6.model-qwen3.5-4b.alpha4.0.steps100.blocks-1.prefetch-budget-20.rank-accept_first.cut-entropy4.0.samples20.maxnew1024.seed10086.subtreePrefetch.vllm.log,PreSTO-EntropyCut,12948,2026-09-20 22:44:25,1167.9,1446.1,20,0,1.9,76.4,46.7,55.384615,144,260
/Users/jiangnanhugo/workspace/power-sharpening/Subtree-Prefetching-Power-Sharpening/case_studies/logs-entropycut/lcb_v6/2026-09-20/vllm/dataset-lcb_v6.model-qwen3.5-4b.alpha4.0.steps100.blocks-1.prefetch-budget-20.rank-accept_first.cut-entropy4.0.samples20.maxnew1024.seed10086.subtreePrefetch.vllm.log,PreSTO-EntropyCut,12982,2026-09-20 22:44:35,473.2,1588.0,16,0,2.3,76.4,46.86666666666667,58.490566,124,212
/Users/jiangnanhugo/workspace/power-sharpening/Subtree-Prefetching-Power-Sharpening/case_studies/logs-entropycut/lcb_v6/2026-09-20/vllm/dataset-lcb_v6.model-qwen3.5-4b.alpha4.0.steps100.blocks-1.prefetch-budget-20.rank-accept_first.cut-entropy4.0.samples20.maxnew1024.seed10086.subtreePrefetch.vllm.log,PreSTO-EntropyCut,13024,2026-09-20 22:44:45,549.6,1480.7,16,0,2.7,76.4,47.03333333333333,53.191489,100,188
/Users/jiangnanhugo/workspace/power-sharpening/Subtree-Prefetching-Power-Sharpening/case_studies/logs-entropycut/lcb_v6/2026-09-20/vllm/dataset-lcb_v6.model-qwen3.5-4b.alpha4.0.steps100.blocks-1.prefetch-budget-20.rank-accept_first.cut-entropy4.0.samples20.maxnew1024.seed10086.subtreePrefetch.vllm.log,PreSTO-EntropyCut,13062,2026-09-20 22:44:55,648.7,1565.2,13,0,2.6,76.4,47.2,53.061224,104,196
/Users/jiangnanhugo/workspace/power-sharpening/Subtree-Prefetching-Power-Sharpening/case_studies/logs-entropycut/lcb_v6/2026-09-20/vllm/dataset-lcb_v6.model-qwen3.5-4b.alpha4.0.steps100.blocks-1.prefetch-budget-20.rank-accept_first.cut-entropy4.0.samples20.maxnew1024.seed10086.subtreePrefetch.vllm.log,PreSTO-EntropyCut,13135,2026-09-20 22:45:05,1348.2,1375.7,20,0,1.9,76.4,47.36666666666667,53.521127,152,284
/Users/jiangnanhugo/workspace/power-sharpening/Subtree-Prefetching-Power-Sharpening/case_studies/logs-entropycut/lcb_v6/2026-09-20/vllm/dataset-lcb_v6.model-qwen3.5-4b.alpha4.0.steps100.blocks-1.prefetch-budget-20.rank-accept_first.cut-entropy4.0.samples20.maxnew1024.seed10086.subtreePrefetch.vllm.log,PreSTO-EntropyCut,13175,2026-09-20 22:45:15,590.2,1706.1,19,0,2.5,76.4,47.53333333333333,63.157895,144,228
/Users/jiangnanhugo/workspace/power-sharpening/Subtree-Prefetching-Power-Sharpening/case_studies/logs-entropycut/lcb_v6/2026-09-20/vllm/dataset-lcb_v6.model-qwen3.5-4b.alpha4.0.steps100.blocks-1.prefetch-budget-20.rank-accept_first.cut-entropy4.0.samples20.maxnew1024.seed10086.subtreePrefetch.vllm.log,PreSTO-EntropyCut,13211,2026-09-20 22:45:25,720.2,1658.7,12,0,1.9,76.4,47.7,61.111111,132,216
/Users/jiangnanhugo/workspace/power-sharpening/Subtree-Prefetching-Power-Sharpening/case_studies/logs-entropycut/lcb_v6/2026-09-20/vllm/dataset-lcb_v6.model-qwen3.5-4b.alpha4.0.steps100.blocks-1.prefetch-budget-20.rank-accept_first.cut-entropy4.0.samples20.maxnew1024.seed10086.subtreePrefetch.vllm.log,PreSTO-EntropyCut,13253,2026-09-20 22:45:35,739.5,1489.9,13,0,2.6,76.4,47.86666666666667,54.901961,112,204
/Users/jiangnanhugo/workspace/power-sharpening/Subtree-Prefetching-Power-Sharpening/case_studies/logs-entropycut/lcb_v6/2026-09-20/vllm/dataset-lcb_v6.model-qwen3.5-4b.alpha4.0.steps100.blocks-1.prefetch-budget-20.rank-accept_first.cut-entropy4.0.samples20.maxnew1024.seed10086.subtreePrefetch.vllm.log,PreSTO-EntropyCut,13287,2026-09-20 22:45:45,628.6,1800.7,13,0,3.4,76.4,48.03333333333333,63.934426,156,244
/Users/jiangnanhugo/workspace/power-sharpening/Subtree-Prefetching-Power-Sharpening/case_studies/logs-entropycut/lcb_v6/2026-09-20/vllm/dataset-lcb_v6.model-qwen3.5-4b.alpha4.0.steps100.blocks-1.prefetch-budget-20.rank-accept_first.cut-entropy4.0.samples20.maxnew1024.seed10086.subtreePrefetch.vllm.log,PreSTO-EntropyCut,13510,2026-09-20 22:45:55,231.7,569.2,1,0,0.2,76.4,48.2,0.0,0,56
/Users/jiangnanhugo/workspace/power-sharpening/Subtree-Prefetching-Power-Sharpening/case_studies/logs-entropycut/lcb_v6/2026-09-20/vllm/dataset-lcb_v6.model-qwen3.5-4b.alpha4.0.steps100.blocks-1.prefetch-budget-20.rank-accept_first.cut-entropy4.0.samples20.maxnew1024.seed10086.subtreePrefetch.vllm.log,PreSTO-EntropyCut,13515,2026-09-20 22:46:05,509.5,764.4,12,0,2.0,76.4,48.36666666666667,68.571429,96,140
/Users/jiangnanhugo/workspace/power-sharpening/Subtree-Prefetching-Power-Sharpening/case_studies/logs-entropycut/lcb_v6/2026-09-20/vllm/dataset-lcb_v6.model-qwen3.5-4b.alpha4.0.steps100.blocks-1.prefetch-budget-20.rank-accept_first.cut-entropy4.0.samples20.maxnew1024.seed10086.subtreePrefetch.vllm.log,PreSTO-EntropyCut,13549,2026-09-20 22:46:15,496.6,1235.0,2,0,0.6,76.4,48.53333333333333,50.0,84,168
/Users/jiangnanhugo/workspace/power-sharpening/Subtree-Prefetching-Power-Sharpening/case_studies/logs-entropycut/lcb_v6/2026-09-20/vllm/dataset-lcb_v6.model-qwen3.5-4b.alpha4.0.steps100.blocks-1.prefetch-budget-20.rank-accept_first.cut-entropy4.0.samples20.maxnew1024.seed10086.subtreePrefetch.vllm.log,PreSTO-EntropyCut,13610,2026-09-20 22:46:25,1050.2,1293.1,19,0,3.0,76.4,48.7,49.253731,132,268
/Users/jiangnanhugo/workspace/power-sharpening/Subtree-Prefetching-Power-Sharpening/case_studies/logs-entropycut/lcb_v6/2026-09-20/vllm/dataset-lcb_v6.model-qwen3.5-4b.alpha4.0.steps100.blocks-1.prefetch-budget-20.rank-accept_first.cut-entropy4.0.samples20.maxnew1024.seed10086.subtreePrefetch.vllm.log,PreSTO-EntropyCut,13642,2026-09-20 22:46:35,565.6,1531.0,9,0,1.8,76.4,48.86666666666667,51.06383,96,188
/Users/jiangnanhugo/workspace/power-sharpening/Subtree-Prefetching-Power-Sharpening/case_studies/logs-entropycut/lcb_v6/2026-09-20/vllm/dataset-lcb_v6.model-qwen3.5-4b.alpha4.0.steps100.blocks-1.prefetch-budget-20.rank-accept_first.cut-entropy4.0.samples20.maxnew1024.seed10086.subtreePrefetch.vllm.log,PreSTO-EntropyCut,13680,2026-09-20 22:46:45,591.9,1043.4,2,0,0.6,76.4,49.03333333333333,40.0,64,160
/Users/jiangnanhugo/workspace/power-sharpening/Subtree-Prefetching-Power-Sharpening/case_studies/logs-entropycut/lcb_v6/2026-09-20/vllm/dataset-lcb_v6.model-qwen3.5-4b.alpha4.0.steps100.blocks-1.prefetch-budget-20.rank-accept_first.cut-entropy4.0.samples20.maxnew1024.seed10086.subtreePrefetch.vllm.log,PreSTO-EntropyCut,13769,2026-09-20 22:46:55,1030.9,1372.0,19,0,2.0,76.4,49.2,46.774194,116,248
/Users/jiangnanhugo/workspace/power-sharpening/Subtree-Prefetching-Power-Sharpening/case_studies/logs-entropycut/lcb_v6/2026-09-20/vllm/dataset-lcb_v6.model-qwen3.5-4b.alpha4.0.steps100.blocks-1.prefetch-budget-20.rank-accept_first.cut-entropy4.0.samples20.maxnew1024.seed10086.subtreePrefetch.vllm.log,PreSTO-EntropyCut,13799,2026-09-20 22:47:05,613.4,1669.1,19,0,3.2,76.4,49.36666666666667,64.285714,144,224
/Users/jiangnanhugo/workspace/power-sharpening/Subtree-Prefetching-Power-Sharpening/case_studies/logs-entropycut/lcb_v6/2026-09-20/vllm/dataset-lcb_v6.model-qwen3.5-4b.alpha4.0.steps100.blocks-1.prefetch-budget-20.rank-accept_first.cut-entropy4.0.samples20.maxnew1024.seed10086.subtreePrefetch.vllm.log,PreSTO-EntropyCut,13841,2026-09-20 22:47:15,516.9,1327.4,5,0,1.2,76.4,49.53333333333333,35.555556,64,180
/Users/jiangnanhugo/workspace/power-sharpening/Subtree-Prefetching-Power-Sharpening/case_studies/logs-entropycut/lcb_v6/2026-09-20/vllm/dataset-lcb_v6.model-qwen3.5-4b.alpha4.0.steps100.blocks-1.prefetch-budget-20.rank-accept_first.cut-entropy4.0.samples20.maxnew1024.seed10086.subtreePrefetch.vllm.log,PreSTO-EntropyCut,13908,2026-09-20 22:47:25,1070.5,1315.6,19,0,2.3,76.4,49.7,53.030303,140,264
/Users/jiangnanhugo/workspace/power-sharpening/Subtree-Prefetching-Power-Sharpening/case_studies/logs-entropycut/lcb_v6/2026-09-20/vllm/dataset-lcb_v6.model-qwen3.5-4b.alpha4.0.steps100.blocks-1.prefetch-budget-20.rank-accept_first.cut-entropy4.0.samples20.maxnew1024.seed10086.subtreePrefetch.vllm.log,PreSTO-EntropyCut,13936,2026-09-20 22:47:35,434.7,1574.6,10,0,1.5,76.4,49.86666666666667,44.444444,80,180
/Users/jiangnanhugo/workspace/power-sharpening/Subtree-Prefetching-Power-Sharpening/case_studies/logs-entropycut/lcb_v6/2026-09-20/vllm/dataset-lcb_v6.model-qwen3.5-4b.alpha4.0.steps100.blocks-1.prefetch-budget-20.rank-accept_first.cut-entropy4.0.samples20.maxnew1024.seed10086.subtreePrefetch.vllm.log,PreSTO-EntropyCut,13974,2026-09-20 22:47:45,391.7,1361.8,14,0,2.8,76.4,50.03333333333333,56.521739,104,184
/Users/jiangnanhugo/workspace/power-sharpening/Subtree-Prefetching-Power-Sharpening/case_studies/logs-entropycut/lcb_v6/2026-09-20/vllm/dataset-lcb_v6.model-qwen3.5-4b.alpha4.0.steps100.blocks-1.prefetch-budget-20.rank-accept_first.cut-entropy4.0.samples20.maxnew1024.seed10086.subtreePrefetch.vllm.log,PreSTO-EntropyCut,14004,2026-09-20 22:47:55,531.7,1321.0,4,0,1.1,76.4,50.2,41.860465,72,172
/Users/jiangnanhugo/workspace/power-sharpening/Subtree-Prefetching-Power-Sharpening/case_studies/logs-entropycut/lcb_v6/2026-09-20/vllm/dataset-lcb_v6.model-qwen3.5-4b.alpha4.0.steps100.blocks-1.prefetch-budget-20.rank-accept_first.cut-entropy4.0.samples20.maxnew1024.seed10086.subtreePrefetch.vllm.log,PreSTO-EntropyCut,14071,2026-09-20 22:48:05,1051.3,1396.8,19,0,2.4,76.4,50.36666666666667,55.223881,148,268
/Users/jiangnanhugo/workspace/power-sharpening/Subtree-Prefetching-Power-Sharpening/case_studies/logs-entropycut/lcb_v6/2026-09-20/vllm/dataset-lcb_v6.model-qwen3.5-4b.alpha4.0.steps100.blocks-1.prefetch-budget-20.rank-accept_first.cut-entropy4.0.samples20.maxnew1024.seed10086.subtreePrefetch.vllm.log,PreSTO-EntropyCut,14103,2026-09-20 22:48:15,465.3,1570.6,20,0,2.9,76.4,50.53333333333333,60.416667,116,192
/Users/jiangnanhugo/workspace/power-sharpening/Subtree-Prefetching-Power-Sharpening/case_studies/logs-entropycut/lcb_v6/2026-09-20/vllm/dataset-lcb_v6.model-qwen3.5-4b.alpha4.0.steps100.blocks-1.prefetch-budget-20.rank-accept_first.cut-entropy4.0.samples20.maxnew1024.seed10086.subtreePrefetch.vllm.log,PreSTO-EntropyCut,14127,2026-09-20 22:48:25,456.7,1500.5,10,0,1.9,76.4,50.7,41.666667,80,192
/Users/jiangnanhugo/workspace/power-sharpening/Subtree-Prefetching-Power-Sharpening/case_studies/logs-entropycut/lcb_v6/2026-09-20/vllm/dataset-lcb_v6.model-qwen3.5-4b.alpha4.0.steps100.blocks-1.prefetch-budget-20.rank-accept_first.cut-entropy4.0.samples20.maxnew1024.seed10086.subtreePrefetch.vllm.log,PreSTO-EntropyCut,14157,2026-09-20 22:48:35,504.2,1208.7,1,0,0.4,76.4,50.86666666666667,47.5,76,160
/Users/jiangnanhugo/workspace/power-sharpening/Subtree-Prefetching-Power-Sharpening/case_studies/logs-entropycut/lcb_v6/2026-09-20/vllm/dataset-lcb_v6.model-qwen3.5-4b.alpha4.0.steps100.blocks-1.prefetch-budget-20.rank-accept_first.cut-entropy4.0.samples20.maxnew1024.seed10086.subtreePrefetch.vllm.log,PreSTO-EntropyCut,14222,2026-09-20 22:48:45,1159.2,1374.9,20,0,2.8,76.4,51.03333333333333,54.411765,148,272
/Users/jiangnanhugo/workspace/power-sharpening/Subtree-Prefetching-Power-Sharpening/case_studies/logs-entropycut/lcb_v6/2026-09-20/vllm/dataset-lcb_v6.model-qwen3.5-4b.alpha4.0.steps100.blocks-1.prefetch-budget-20.rank-accept_first.cut-entropy4.0.samples20.maxnew1024.seed10086.subtreePrefetch.vllm.log,PreSTO-EntropyCut,14343,2026-09-20 22:48:55,221.7,870.0,1,0,0.2,76.4,51.2,28.235294,24,85
/Users/jiangnanhugo/workspace/power-sharpening/Subtree-Prefetching-Power-Sharpening/case_studies/logs-entropycut/lcb_v6/2026-09-20/vllm/dataset-lcb_v6.model-qwen3.5-4b.alpha4.0.steps100.blocks-1.prefetch-budget-20.rank-accept_first.cut-entropy4.0.samples20.maxnew1024.seed10086.subtreePrefetch.vllm.log,PreSTO-EntropyCut,14348,2026-09-20 22:49:05,540.2,796.8,14,0,2.6,76.4,51.36666666666667,65.625,105,160
/Users/jiangnanhugo/workspace/power-sharpening/Subtree-Prefetching-Power-Sharpening/case_studies/logs-entropycut/lcb_v6/2026-09-20/vllm/dataset-lcb_v6.model-qwen3.5-4b.alpha4.0.steps100.blocks-1.prefetch-budget-20.rank-accept_first.cut-entropy4.0.samples20.maxnew1024.seed10086.subtreePrefetch.vllm.log,PreSTO-EntropyCut,14378,2026-09-20 22:49:15,504.6,1249.2,4,0,1.0,76.4,51.53333333333333,44.897959,88,196
/Users/jiangnanhugo/workspace/power-sharpening/Subtree-Prefetching-Power-Sharpening/case_studies/logs-entropycut/lcb_v6/2026-09-20/vllm/dataset-lcb_v6.model-qwen3.5-4b.alpha4.0.steps100.blocks-1.prefetch-budget-20.rank-accept_first.cut-entropy4.0.samples20.maxnew1024.seed10086.subtreePrefetch.vllm.log,PreSTO-EntropyCut,14443,2026-09-20 22:49:25,1046.2,1170.4,20,0,2.1,76.4,51.7,59.42029,164,276
/Users/jiangnanhugo/workspace/power-sharpening/Subtree-Prefetching-Power-Sharpening/case_studies/logs-entropycut/lcb_v6/2026-09-20/vllm/dataset-lcb_v6.model-qwen3.5-4b.alpha4.0.steps100.blocks-1.prefetch-budget-20.rank-accept_first.cut-entropy4.0.samples20.maxnew1024.seed10086.subtreePrefetch.vllm.log,PreSTO-EntropyCut,14475,2026-09-20 22:49:35,571.9,1570.9,20,0,2.5,76.4,51.86666666666667,63.636364,140,220
/Users/jiangnanhugo/workspace/power-sharpening/Subtree-Prefetching-Power-Sharpening/case_studies/logs-entropycut/lcb_v6/2026-09-20/vllm/dataset-lcb_v6.model-qwen3.5-4b.alpha4.0.steps100.blocks-1.prefetch-budget-20.rank-accept_first.cut-entropy4.0.samples20.maxnew1024.seed10086.subtreePrefetch.vllm.log,PreSTO-EntropyCut,14505,2026-09-20 22:49:45,517.5,1400.3,17,0,2.5,76.4,52.03333333333333,55.769231,116,208
/Users/jiangnanhugo/workspace/power-sharpening/Subtree-Prefetching-Power-Sharpening/case_studies/logs-entropycut/lcb_v6/2026-09-20/vllm/dataset-lcb_v6.model-qwen3.5-4b.alpha4.0.steps100.blocks-1.prefetch-budget-20.rank-accept_first.cut-entropy4.0.samples20.maxnew1024.seed10086.subtreePrefetch.vllm.log,PreSTO-EntropyCut,14545,2026-09-20 22:49:55,464.3,1532.8,11,0,2.1,76.4,52.2,58.62069,136,232
/Users/jiangnanhugo/workspace/power-sharpening/Subtree-Prefetching-Power-Sharpening/case_studies/logs-entropycut/lcb_v6/2026-09-20/vllm/dataset-lcb_v6.model-qwen3.5-4b.alpha4.0.steps100.blocks-1.prefetch-budget-20.rank-accept_first.cut-entropy4.0.samples20.maxnew1024.seed10086.subtreePrefetch.vllm.log,PreSTO-EntropyCut,14583,2026-09-20 22:50:05,611.4,1172.6,4,0,1.0,76.4,52.36666666666667,48.0,96,200
/Users/jiangnanhugo/workspace/power-sharpening/Subtree-Prefetching-Power-Sharpening/case_studies/logs-entropycut/lcb_v6/2026-09-20/vllm/dataset-lcb_v6.model-qwen3.5-4b.alpha4.0.steps100.blocks-1.prefetch-budget-20.rank-accept_first.cut-entropy4.0.samples20.maxnew1024.seed10086.subtreePrefetch.vllm.log,PreSTO-EntropyCut,14660,2026-09-20 22:50:15,1000.9,1181.3,18,0,2.0,76.4,52.53333333333333,57.352941,156,272
/Users/jiangnanhugo/workspace/power-sharpening/Subtree-Prefetching-Power-Sharpening/case_studies/logs-entropycut/lcb_v6/2026-09-20/vllm/dataset-lcb_v6.model-qwen3.5-4b.alpha4.0.steps100.blocks-1.prefetch-budget-20.rank-accept_first.cut-entropy4.0.samples20.maxnew1024.seed10086.subtreePrefetch.vllm.log,PreSTO-EntropyCut,14708,2026-09-20 22:50:25,510.7,1459.5,14,0,2.4,76.4,52.7,56.363636,124,220
/Users/jiangnanhugo/workspace/power-sharpening/Subtree-Prefetching-Power-Sharpening/case_studies/logs-entropycut/lcb_v6/2026-09-20/vllm/dataset-lcb_v6.model-qwen3.5-4b.alpha4.0.steps100.blocks-1.prefetch-budget-20.rank-accept_first.cut-entropy4.0.samples20.maxnew1024.seed10086.subtreePrefetch.vllm.log,PreSTO-EntropyCut,14750,2026-09-20 22:50:35,639.5,1519.7,12,0,2.7,76.4,52.86666666666667,63.157895,144,228
/Users/jiangnanhugo/workspace/power-sharpening/Subtree-Prefetching-Power-Sharpening/case_studies/logs-entropycut/lcb_v6/2026-09-20/vllm/dataset-lcb_v6.model-qwen3.5-4b.alpha4.0.steps100.blocks-1.prefetch-budget-20.rank-accept_first.cut-entropy4.0.samples20.maxnew1024.seed10086.subtreePrefetch.vllm.log,PreSTO-EntropyCut,14794,2026-09-20 22:50:45,483.1,1433.2,8,0,2.1,76.4,53.03333333333333,53.703704,116,216
/Users/jiangnanhugo/workspace/power-sharpening/Subtree-Prefetching-Power-Sharpening/case_studies/logs-entropycut/lcb_v6/2026-09-20/vllm/dataset-lcb_v6.model-qwen3.5-4b.alpha4.0.steps100.blocks-1.prefetch-budget-20.rank-accept_first.cut-entropy4.0.samples20.maxnew1024.seed10086.subtreePrefetch.vllm.log,PreSTO-EntropyCut,14838,2026-09-20 22:50:55,534.0,1458.8,2,0,0.6,76.4,53.2,57.407407,124,216
/Users/jiangnanhugo/workspace/power-sharpening/Subtree-Prefetching-Power-Sharpening/case_studies/logs-entropycut/lcb_v6/2026-09-20/vllm/dataset-lcb_v6.model-qwen3.5-4b.alpha4.0.steps100.blocks-1.prefetch-budget-20.rank-accept_first.cut-entropy4.0.samples20.maxnew1024.seed10086.subtreePrefetch.vllm.log,PreSTO-EntropyCut,14891,2026-09-20 22:51:05,1160.9,1559.3,20,0,2.4,76.4,53.36666666666667,67.105263,204,304
/Users/jiangnanhugo/workspace/power-sharpening/Subtree-Prefetching-Power-Sharpening/case_studies/logs-entropycut/lcb_v6/2026-09-20/vllm/dataset-lcb_v6.model-qwen3.5-4b.alpha4.0.steps100.blocks-1.prefetch-budget-20.rank-accept_first.cut-entropy4.0.samples20.maxnew1024.seed10086.subtreePrefetch.vllm.log,PreSTO-EntropyCut,14925,2026-09-20 22:51:15,448.4,1615.1,20,0,2.8,76.4,53.53333333333333,63.636364,140,220
/Users/jiangnanhugo/workspace/power-sharpening/Subtree-Prefetching-Power-Sharpening/case_studies/logs-entropycut/lcb_v6/2026-09-20/vllm/dataset-lcb_v6.model-qwen3.5-4b.alpha4.0.steps100.blocks-1.prefetch-budget-20.rank-accept_first.cut-entropy4.0.samples20.maxnew1024.seed10086.subtreePrefetch.vllm.log,PreSTO-EntropyCut,14959,2026-09-20 22:51:25,539.3,1637.2,15,0,2.8,76.4,53.7,61.666667,148,240
/Users/jiangnanhugo/workspace/power-sharpening/Subtree-Prefetching-Power-Sharpening/case_studies/logs-entropycut/lcb_v6/2026-09-20/vllm/dataset-lcb_v6.model-qwen3.5-4b.alpha4.0.steps100.blocks-1.prefetch-budget-20.rank-accept_first.cut-entropy4.0.samples20.maxnew1024.seed10086.subtreePrefetch.vllm.log,PreSTO-EntropyCut,14989,2026-09-20 22:51:35,618.9,1495.0,11,0,2.3,76.4,53.86666666666667,57.407407,124,216
/Users/jiangnanhugo/workspace/power-sharpening/Subtree-Prefetching-Power-Sharpening/case_studies/logs-entropycut/lcb_v6/2026-09-20/vllm/dataset-lcb_v6.model-qwen3.5-4b.alpha4.0.steps100.blocks-1.prefetch-budget-20.rank-accept_first.cut-entropy4.0.samples20.maxnew1024.seed10086.subtreePrefetch.vllm.log,PreSTO-EntropyCut,15160,2026-09-20 22:51:45,400.4,1152.0,1,0,0.1,76.4,54.03333333333333,50.0,92,184
/Users/jiangnanhugo/workspace/power-sharpening/Subtree-Prefetching-Power-Sharpening/case_studies/logs-entropycut/lcb_v6/2026-09-20/vllm/dataset-lcb_v6.model-qwen3.5-4b.alpha4.0.steps100.blocks-1.prefetch-budget-20.rank-accept_first.cut-entropy4.0.samples20.maxnew1024.seed10086.subtreePrefetch.vllm.log,PreSTO-EntropyCut,15165,2026-09-20 22:51:55,588.3,432.1,15,0,1.8,76.1,54.2,65.384615,68,104
/Users/jiangnanhugo/workspace/power-sharpening/Subtree-Prefetching-Power-Sharpening/case_studies/logs-entropycut/lcb_v6/2026-09-20/vllm/dataset-lcb_v6.model-qwen3.5-4b.alpha4.0.steps100.blocks-1.prefetch-budget-20.rank-accept_first.cut-entropy4.0.samples20.maxnew1024.seed10086.subtreePrefetch.vllm.log,PreSTO-EntropyCut,15209,2026-09-20 22:52:05,458.3,780.0,20,0,1.9,75.8,54.36666666666667,45.454545,60,132
/Users/jiangnanhugo/workspace/power-sharpening/Subtree-Prefetching-Power-Sharpening/case_studies/logs-entropycut/lcb_v6/2026-09-20/vllm/dataset-lcb_v6.model-qwen3.5-4b.alpha4.0.steps100.blocks-1.prefetch-budget-20.rank-accept_first.cut-entropy4.0.samples20.maxnew1024.seed10086.subtreePrefetch.vllm.log,PreSTO-EntropyCut,15210,2026-09-20 22:52:15,188.4,1026.5,8,0,1.6,75.8,54.53333333333333,72.222222,52,72
/Users/jiangnanhugo/workspace/power-sharpening/Subtree-Prefetching-Power-Sharpening/case_studies/logs-entropycut/lcb_v6/2026-09-20/vllm/dataset-lcb_v6.model-qwen3.5-4b.alpha4.0.steps100.blocks-1.prefetch-budget-20.rank-accept_first.cut-entropy4.0.samples20.maxnew1024.seed10086.subtreePrefetch.vllm.log,PreSTO-EntropyCut,15242,2026-09-20 22:52:25,593.8,1208.9,2,0,0.5,75.8,54.7,42.105263,64,152
/Users/jiangnanhugo/workspace/power-sharpening/Subtree-Prefetching-Power-Sharpening/case_studies/logs-entropycut/lcb_v6/2026-09-20/vllm/dataset-lcb_v6.model-qwen3.5-4b.alpha4.0.steps100.blocks-1.prefetch-budget-20.rank-accept_first.cut-entropy4.0.samples20.maxnew1024.seed10086.subtreePrefetch.vllm.log,PreSTO-EntropyCut,15286,2026-09-20 22:52:35,641.8,865.7,10,0,2.0,75.1,54.86666666666667,41.666667,60,144
/Users/jiangnanhugo/workspace/power-sharpening/Subtree-Prefetching-Power-Sharpening/case_studies/logs-entropycut/lcb_v6/2026-09-20/vllm/dataset-lcb_v6.model-qwen3.5-4b.alpha4.0.steps100.blocks-1.prefetch-budget-20.rank-accept_first.cut-entropy4.0.samples20.maxnew1024.seed10086.subtreePrefetch.vllm.log,PreSTO-EntropyCut,15318,2026-09-20 22:52:45,637.2,792.1,19,0,2.8,74.1,55.03333333333333,58.064516,72,124
/Users/jiangnanhugo/workspace/power-sharpening/Subtree-Prefetching-Power-Sharpening/case_studies/logs-entropycut/lcb_v6/2026-09-20/vllm/dataset-lcb_v6.model-qwen3.5-4b.alpha4.0.steps100.blocks-1.prefetch-budget-20.rank-accept_first.cut-entropy4.0.samples20.maxnew1024.seed10086.subtreePrefetch.vllm.log,PreSTO-EntropyCut,15350,2026-09-20 22:52:55,734.2,757.2,19,0,2.6,72.6,55.2,51.282051,80,156
/Users/jiangnanhugo/workspace/power-sharpening/Subtree-Prefetching-Power-Sharpening/case_studies/logs-entropycut/lcb_v6/2026-09-20/vllm/dataset-lcb_v6.model-qwen3.5-4b.alpha4.0.steps100.blocks-1.prefetch-budget-20.rank-accept_first.cut-entropy4.0.samples20.maxnew1024.seed10086.subtreePrefetch.vllm.log,PreSTO-EntropyCut,15351,2026-09-20 22:53:05,0.0,1007.9,9,0,2.1,72.6,55.36666666666667,38.461538,20,52
/Users/jiangnanhugo/workspace/power-sharpening/Subtree-Prefetching-Power-Sharpening/case_studies/logs-entropycut/lcb_v6/2026-09-20/vllm/dataset-lcb_v6.model-qwen3.5-4b.alpha4.0.steps100.blocks-1.prefetch-budget-20.rank-accept_first.cut-entropy4.0.samples20.maxnew1024.seed10086.subtreePrefetch.vllm.log,PreSTO-EntropyCut,15375,2026-09-20 22:53:15,485.4,951.2,15,0,2.6,72.0,55.53333333333333,51.428571,72,140
/Users/jiangnanhugo/workspace/power-sharpening/Subtree-Prefetching-Power-Sharpening/case_studies/logs-entropycut/lcb_v6/2026-09-20/vllm/dataset-lcb_v6.model-qwen3.5-4b.alpha4.0.steps100.blocks-1.prefetch-budget-20.rank-accept_first.cut-entropy4.0.samples20.maxnew1024.seed10086.subtreePrefetch.vllm.log,PreSTO-EntropyCut,15403,2026-09-20 22:53:25,495.3,908.0,18,0,2.0,72.0,55.7,48.275862,56,116
/Users/jiangnanhugo/workspace/power-sharpening/Subtree-Prefetching-Power-Sharpening/case_studies/logs-entropycut/lcb_v6/2026-09-20/vllm/dataset-lcb_v6.model-qwen3.5-4b.alpha4.0.steps100.blocks-1.prefetch-budget-20.rank-accept_first.cut-entropy4.0.samples20.maxnew1024.seed10086.subtreePrefetch.vllm.log,PreSTO-EntropyCut,15404,2026-09-20 22:53:35,0.0,711.2,3,0,0.8,72.0,55.86666666666667,18.181818,8,44
/Users/jiangnanhugo/workspace/power-sharpening/Subtree-Prefetching-Power-Sharpening/case_studies/logs-entropycut/lcb_v6/2026-09-20/vllm/dataset-lcb_v6.model-qwen3.5-4b.alpha4.0.steps100.blocks-1.prefetch-budget-20.rank-accept_first.cut-entropy4.0.samples20.maxnew1024.seed10086.subtreePrefetch.vllm.log,PreSTO-EntropyCut,15436,2026-09-20 22:53:45,670.3,997.5,10,0,2.0,71.9,56.03333333333333,58.974359,92,156
/Users/jiangnanhugo/workspace/power-sharpening/Subtree-Prefetching-Power-Sharpening/case_studies/logs-entropycut/lcb_v6/2026-09-20/vllm/dataset-lcb_v6.model-qwen3.5-4b.alpha4.0.steps100.blocks-1.prefetch-budget-20.rank-accept_first.cut-entropy4.0.samples20.maxnew1024.seed10086.subtreePrefetch.vllm.log,PreSTO-EntropyCut,15466,2026-09-20 22:53:55,584.8,894.4,15,0,2.6,71.5,56.2,41.176471,56,136
/Users/jiangnanhugo/workspace/power-sharpening/Subtree-Prefetching-Power-Sharpening/case_studies/logs-entropycut/lcb_v6/2026-09-20/vllm/dataset-lcb_v6.model-qwen3.5-4b.alpha4.0.steps100.blocks-1.prefetch-budget-20.rank-accept_first.cut-entropy4.0.samples20.maxnew1024.seed10086.subtreePrefetch.vllm.log,PreSTO-EntropyCut,15512,2026-09-20 22:54:05,573.2,701.6,19,0,2.1,71.0,56.36666666666667,40.740741,44,108
/Users/jiangnanhugo/workspace/power-sharpening/Subtree-Prefetching-Power-Sharpening/case_studies/logs-entropycut/lcb_v6/2026-09-20/vllm/dataset-lcb_v6.model-qwen3.5-4b.alpha4.0.steps100.blocks-1.prefetch-budget-20.rank-accept_first.cut-entropy4.0.samples20.maxnew1024.seed10086.subtreePrefetch.vllm.log,PreSTO-EntropyCut,15513,2026-09-20 22:54:15,0.0,922.4,5,0,1.2,71.0,56.53333333333333,81.25,52,64
/Users/jiangnanhugo/workspace/power-sharpening/Subtree-Prefetching-Power-Sharpening/case_studies/logs-entropycut/lcb_v6/2026-09-20/vllm/dataset-lcb_v6.model-qwen3.5-4b.alpha4.0.steps100.blocks-1.prefetch-budget-20.rank-accept_first.cut-entropy4.0.samples20.maxnew1024.seed10086.subtreePrefetch.vllm.log,PreSTO-EntropyCut,15545,2026-09-20 22:54:25,565.8,978.3,11,0,2.2,70.8,56.7,44.444444,64,144
/Users/jiangnanhugo/workspace/power-sharpening/Subtree-Prefetching-Power-Sharpening/case_studies/logs-entropycut/lcb_v6/2026-09-20/vllm/dataset-lcb_v6.model-qwen3.5-4b.alpha4.0.steps100.blocks-1.prefetch-budget-20.rank-accept_first.cut-entropy4.0.samples20.maxnew1024.seed10086.subtreePrefetch.vllm.log,PreSTO-EntropyCut,15585,2026-09-20 22:54:35,559.5,660.9,17,0,2.4,70.5,56.86666666666667,41.37931,48,116
/Users/jiangnanhugo/workspace/power-sharpening/Subtree-Prefetching-Power-Sharpening/case_studies/logs-entropycut/lcb_v6/2026-09-20/vllm/dataset-lcb_v6.model-qwen3.5-4b.alpha4.0.steps100.blocks-1.prefetch-budget-20.rank-accept_first.cut-entropy4.0.samples20.maxnew1024.seed10086.subtreePrefetch.vllm.log,PreSTO-EntropyCut,15586,2026-09-20 22:54:45,0.0,678.8,1,0,0.3,70.5,57.03333333333333,22.222222,8,36
/Users/jiangnanhugo/workspace/power-sharpening/Subtree-Prefetching-Power-Sharpening/case_studies/logs-entropycut/lcb_v6/2026-09-20/vllm/dataset-lcb_v6.model-qwen3.5-4b.alpha4.0.steps100.blocks-1.prefetch-budget-20.rank-accept_first.cut-entropy4.0.samples20.maxnew1024.seed10086.subtreePrefetch.vllm.log,PreSTO-EntropyCut,15630,2026-09-20 22:54:55,593.0,1194.3,11,0,2.4,70.2,57.2,67.44186,116,172
/Users/jiangnanhugo/workspace/power-sharpening/Subtree-Prefetching-Power-Sharpening/case_studies/logs-entropycut/lcb_v6/2026-09-20/vllm/dataset-lcb_v6.model-qwen3.5-4b.alpha4.0.steps100.blocks-1.prefetch-budget-20.rank-accept_first.cut-entropy4.0.samples20.maxnew1024.seed10086.subtreePrefetch.vllm.log,PreSTO-EntropyCut,15668,2026-09-20 22:55:05,585.9,859.9,17,0,2.8,69.9,57.36666666666667,36.363636,48,132
/Users/jiangnanhugo/workspace/power-sharpening/Subtree-Prefetching-Power-Sharpening/case_studies/logs-entropycut/lcb_v6/2026-09-20/vllm/dataset-lcb_v6.model-qwen3.5-4b.alpha4.0.steps100.blocks-1.prefetch-budget-20.rank-accept_first.cut-entropy4.0.samples20.maxnew1024.seed10086.subtreePrefetch.vllm.log,PreSTO-EntropyCut,15710,2026-09-20 22:55:15,526.5,751.8,20,0,2.1,69.9,57.53333333333333,41.37931,48,116
/Users/jiangnanhugo/workspace/power-sharpening/Subtree-Prefetching-Power-Sharpening/case_studies/logs-entropycut/lcb_v6/2026-09-20/vllm/dataset-lcb_v6.model-qwen3.5-4b.alpha4.0.steps100.blocks-1.prefetch-budget-20.rank-accept_first.cut-entropy4.0.samples20.maxnew1024.seed10086.subtreePrefetch.vllm.log,PreSTO-EntropyCut,15744,2026-09-20 22:55:25,586.2,1476.1,20,0,2.7,69.8,57.7,56.521739,104,184
/Users/jiangnanhugo/workspace/power-sharpening/Subtree-Prefetching-Power-Sharpening/case_studies/logs-entropycut/lcb_v6/2026-09-20/vllm/dataset-lcb_v6.model-qwen3.5-4b.alpha4.0.steps100.blocks-1.prefetch-budget-20.rank-accept_first.cut-entropy4.0.samples20.maxnew1024.seed10086.subtreePrefetch.vllm.log,PreSTO-EntropyCut,15745,2026-09-20 22:55:35,0.0,782.1,3,0,0.8,69.8,57.86666666666667,12.5,4,32
/Users/jiangnanhugo/workspace/power-sharpening/Subtree-Prefetching-Power-Sharpening/case_studies/logs-entropycut/lcb_v6/2026-09-20/vllm/dataset-lcb_v6.model-qwen3.5-4b.alpha4.0.steps100.blocks-1.prefetch-budget-20.rank-accept_first.cut-entropy4.0.samples20.maxnew1024.seed10086.subtreePrefetch.vllm.log,PreSTO-EntropyCut,15777,2026-09-20 22:55:45,726.0,1074.8,16,0,3.5,68.8,58.03333333333333,63.043478,116,184
/Users/jiangnanhugo/workspace/power-sharpening/Subtree-Prefetching-Power-Sharpening/case_studies/logs-entropycut/lcb_v6/2026-09-20/vllm/dataset-lcb_v6.model-qwen3.5-4b.alpha4.0.steps100.blocks-1.prefetch-budget-20.rank-accept_first.cut-entropy4.0.samples20.maxnew1024.seed10086.subtreePrefetch.vllm.log,PreSTO-EntropyCut,15809,2026-09-20 22:55:55,535.1,927.7,19,0,2.6,68.7,58.2,41.37931,48,116
/Users/jiangnanhugo/workspace/power-sharpening/Subtree-Prefetching-Power-Sharpening/case_studies/logs-entropycut/lcb_v6/2026-09-20/vllm/dataset-lcb_v6.model-qwen3.5-4b.alpha4.0.steps100.blocks-1.prefetch-budget-20.rank-accept_first.cut-entropy4.0.samples20.maxnew1024.seed10086.subtreePrefetch.vllm.log,PreSTO-EntropyCut,15839,2026-09-20 22:56:05,615.5,829.7,20,0,2.4,68.2,58.36666666666667,42.424242,56,132
/Users/jiangnanhugo/workspace/power-sharpening/Subtree-Prefetching-Power-Sharpening/case_studies/logs-entropycut/lcb_v6/2026-09-20/vllm/dataset-lcb_v6.model-qwen3.5-4b.alpha4.0.steps100.blocks-1.prefetch-budget-20.rank-accept_first.cut-entropy4.0.samples20.maxnew1024.seed10086.subtreePrefetch.vllm.log,PreSTO-EntropyCut,15840,2026-09-20 22:56:15,0.0,1166.2,8,0,1.9,68.2,58.53333333333333,78.947368,60,76
/Users/jiangnanhugo/workspace/power-sharpening/Subtree-Prefetching-Power-Sharpening/case_studies/logs-entropycut/lcb_v6/2026-09-20/vllm/dataset-lcb_v6.model-qwen3.5-4b.alpha4.0.steps100.blocks-1.prefetch-budget-20.rank-accept_first.cut-entropy4.0.samples20.maxnew1024.seed10086.subtreePrefetch.vllm.log,PreSTO-EntropyCut,15880,2026-09-20 22:56:25,524.6,957.6,14,0,2.6,68.2,58.7,40.0,56,140
/Users/jiangnanhugo/workspace/power-sharpening/Subtree-Prefetching-Power-Sharpening/case_studies/logs-entropycut/lcb_v6/2026-09-20/vllm/dataset-lcb_v6.model-qwen3.5-4b.alpha4.0.steps100.blocks-1.prefetch-budget-20.rank-accept_first.cut-entropy4.0.samples20.maxnew1024.seed10086.subtreePrefetch.vllm.log,PreSTO-EntropyCut,15920,2026-09-20 22:56:35,594.2,789.2,19,0,2.9,68.1,58.86666666666667,51.515152,68,132
/Users/jiangnanhugo/workspace/power-sharpening/Subtree-Prefetching-Power-Sharpening/case_studies/logs-entropycut/lcb_v6/2026-09-20/vllm/dataset-lcb_v6.model-qwen3.5-4b.alpha4.0.steps100.blocks-1.prefetch-budget-20.rank-accept_first.cut-entropy4.0.samples20.maxnew1024.seed10086.subtreePrefetch.vllm.log,PreSTO-EntropyCut,15952,2026-09-20 22:56:45,755.6,771.1,20,0,2.6,67.3,59.03333333333333,44.117647,60,136
/Users/jiangnanhugo/workspace/power-sharpening/Subtree-Prefetching-Power-Sharpening/case_studies/logs-entropycut/lcb_v6/2026-09-20/vllm/dataset-lcb_v6.model-qwen3.5-4b.alpha4.0.steps100.blocks-1.prefetch-budget-20.rank-accept_first.cut-entropy4.0.samples20.maxnew1024.seed10086.subtreePrefetch.vllm.log,PreSTO-EntropyCut,15953,2026-09-20 22:56:55,0.0,1169.3,9,0,2.4,67.3,59.2,73.684211,56,76
/Users/jiangnanhugo/workspace/power-sharpening/Subtree-Prefetching-Power-Sharpening/case_studies/logs-entropycut/lcb_v6/2026-09-20/vllm/dataset-lcb_v6.model-qwen3.5-4b.alpha4.0.steps100.blocks-1.prefetch-budget-20.rank-accept_first.cut-entropy4.0.samples20.maxnew1024.seed10086.subtreePrefetch.vllm.log,PreSTO-EntropyCut,15983,2026-09-20 22:57:05,594.5,960.0,16,0,2.9,67.2,59.36666666666667,50.0,72,144
/Users/jiangnanhugo/workspace/power-sharpening/Subtree-Prefetching-Power-Sharpening/case_studies/logs-entropycut/lcb_v6/2026-09-20/vllm/dataset-lcb_v6.model-qwen3.5-4b.alpha4.0.steps100.blocks-1.prefetch-budget-20.rank-accept_first.cut-entropy4.0.samples20.maxnew1024.seed10086.subtreePrefetch.vllm.log,PreSTO-EntropyCut,16017,2026-09-20 22:57:15,625.4,854.7,13,0,1.9,67.3,59.53333333333333,32.258065,40,124
/Users/jiangnanhugo/workspace/power-sharpening/Subtree-Prefetching-Power-Sharpening/case_studies/logs-entropycut/lcb_v6/2026-09-20/vllm/dataset-lcb_v6.model-qwen3.5-4b.alpha4.0.steps100.blocks-1.prefetch-budget-20.rank-accept_first.cut-entropy4.0.samples20.maxnew1024.seed10086.subtreePrefetch.vllm.log,PreSTO-EntropyCut,16063,2026-09-20 22:57:25,37.7,491.2,1,0,0.2,67.3,59.7,0.0,0,28
/Users/jiangnanhugo/workspace/power-sharpening/Subtree-Prefetching-Power-Sharpening/case_studies/logs-entropycut/lcb_v6/2026-09-20/vllm/dataset-lcb_v6.model-qwen3.5-4b.alpha4.0.steps100.blocks-1.prefetch-budget-20.rank-accept_first.cut-entropy4.0.samples20.maxnew1024.seed10086.subtreePrefetch.vllm.log,PreSTO-EntropyCut,16167,2026-09-20 22:57:35,67.2,142.3,1,0,0.3,67.3,59.86666666666667,0.0,0,16
/Users/jiangnanhugo/workspace/power-sharpening/Subtree-Prefetching-Power-Sharpening/case_studies/logs-entropycut/lcb_v6/2026-09-20/vllm/dataset-lcb_v6.model-qwen3.5-4b.alpha4.0.steps100.blocks-1.prefetch-budget-20.rank-accept_first.cut-entropy4.0.samples20.maxnew1024.seed10086.subtreePrefetch.vllm.log,PreSTO-EntropyCut,16207,2026-09-20 22:57:45,1194.8,1230.9,19,0,2.2,67.3,60.03333333333333,61.111111,176,288
/Users/jiangnanhugo/workspace/power-sharpening/Subtree-Prefetching-Power-Sharpening/case_studies/logs-entropycut/lcb_v6/2026-09-20/vllm/dataset-lcb_v6.model-qwen3.5-4b.alpha4.0.steps100.blocks-1.prefetch-budget-20.rank-accept_first.cut-entropy4.0.samples20.maxnew1024.seed10086.subtreePrefetch.vllm.log,PreSTO-EntropyCut,16243,2026-09-20 22:57:55,568.2,1298.2,16,0,2.6,67.3,60.2,56.603774,120,212
/Users/jiangnanhugo/workspace/power-sharpening/Subtree-Prefetching-Power-Sharpening/case_studies/logs-entropycut/lcb_v6/2026-09-20/vllm/dataset-lcb_v6.model-qwen3.5-4b.alpha4.0.steps100.blocks-1.prefetch-budget-20.rank-accept_first.cut-entropy4.0.samples20.maxnew1024.seed10086.subtreePrefetch.vllm.log,PreSTO-EntropyCut,16277,2026-09-20 22:58:05,526.2,1104.7,7,0,1.7,67.3,60.36666666666667,44.0,88,200
/Users/jiangnanhugo/workspace/power-sharpening/Subtree-Prefetching-Power-Sharpening/case_studies/logs-entropycut/lcb_v6/2026-09-20/vllm/dataset-lcb_v6.model-qwen3.5-4b.alpha4.0.steps100.blocks-1.prefetch-budget-20.rank-accept_first.cut-entropy4.0.samples20.maxnew1024.seed10086.subtreePrefetch.vllm.log,PreSTO-EntropyCut,16301,2026-09-20 22:58:15,595.2,1100.9,2,0,0.6,67.3,60.53333333333333,59.183673,116,196
/Users/jiangnanhugo/workspace/power-sharpening/Subtree-Prefetching-Power-Sharpening/case_studies/logs-entropycut/lcb_v6/2026-09-20/vllm/dataset-lcb_v6.model-qwen3.5-4b.alpha4.0.steps100.blocks-1.prefetch-budget-20.rank-accept_first.cut-entropy4.0.samples20.maxnew1024.seed10086.subtreePrefetch.vllm.log,PreSTO-EntropyCut,16352,2026-09-20 22:58:25,969.4,1573.7,20,0,2.1,67.3,60.7,60.56338,172,284
/Users/jiangnanhugo/workspace/power-sharpening/Subtree-Prefetching-Power-Sharpening/case_studies/logs-entropycut/lcb_v6/2026-09-20/vllm/dataset-lcb_v6.model-qwen3.5-4b.alpha4.0.steps100.blocks-1.prefetch-budget-20.rank-accept_first.cut-entropy4.0.samples20.maxnew1024.seed10086.subtreePrefetch.vllm.log,PreSTO-EntropyCut,16380,2026-09-20 22:58:35,420.7,1411.9,20,0,2.3,67.8,60.86666666666667,61.538462,128,208
/Users/jiangnanhugo/workspace/power-sharpening/Subtree-Prefetching-Power-Sharpening/case_studies/logs-entropycut/lcb_v6/2026-09-20/vllm/dataset-lcb_v6.model-qwen3.5-4b.alpha4.0.steps100.blocks-1.prefetch-budget-20.rank-accept_first.cut-entropy4.0.samples20.maxnew1024.seed10086.subtreePrefetch.vllm.log,PreSTO-EntropyCut,16381,2026-09-20 22:58:45,0.0,663.5,2,0,0.6,67.8,61.03333333333333,40.0,32,80
/Users/jiangnanhugo/workspace/power-sharpening/Subtree-Prefetching-Power-Sharpening/case_studies/logs-entropycut/lcb_v6/2026-09-20/vllm/dataset-lcb_v6.model-qwen3.5-4b.alpha4.0.steps100.blocks-1.prefetch-budget-20.rank-accept_first.cut-entropy4.0.samples20.maxnew1024.seed10086.subtreePrefetch.vllm.log,PreSTO-EntropyCut,16446,2026-09-20 22:58:55,893.9,1355.2,20,0,2.3,67.8,61.2,60.0,168,280
/Users/jiangnanhugo/workspace/power-sharpening/Subtree-Prefetching-Power-Sharpening/case_studies/logs-entropycut/lcb_v6/2026-09-20/vllm/dataset-lcb_v6.model-qwen3.5-4b.alpha4.0.steps100.blocks-1.prefetch-budget-20.rank-accept_first.cut-entropy4.0.samples20.maxnew1024.seed10086.subtreePrefetch.vllm.log,PreSTO-EntropyCut,16470,2026-09-20 22:59:05,405.0,1822.4,20,0,2.1,67.8,61.36666666666667,60.784314,124,204
/Users/jiangnanhugo/workspace/power-sharpening/Subtree-Prefetching-Power-Sharpening/case_studies/logs-entropycut/lcb_v6/2026-09-20/vllm/dataset-lcb_v6.model-qwen3.5-4b.alpha4.0.steps100.blocks-1.prefetch-budget-20.rank-accept_first.cut-entropy4.0.samples20.maxnew1024.seed10086.subtreePrefetch.vllm.log,PreSTO-EntropyCut,16498,2026-09-20 22:59:15,464.9,1791.5,14,0,2.3,67.8,61.53333333333333,60.606061,160,264
/Users/jiangnanhugo/workspace/power-sharpening/Subtree-Prefetching-Power-Sharpening/case_studies/logs-entropycut/lcb_v6/2026-09-20/vllm/dataset-lcb_v6.model-qwen3.5-4b.alpha4.0.steps100.blocks-1.prefetch-budget-20.rank-accept_first.cut-entropy4.0.samples20.maxnew1024.seed10086.subtreePrefetch.vllm.log,PreSTO-EntropyCut,16534,2026-09-20 22:59:25,466.7,1331.5,6,0,1.2,67.8,61.7,52.941176,108,204
/Users/jiangnanhugo/workspace/power-sharpening/Subtree-Prefetching-Power-Sharpening/case_studies/logs-entropycut/lcb_v6/2026-09-20/vllm/dataset-lcb_v6.model-qwen3.5-4b.alpha4.0.steps100.blocks-1.prefetch-budget-20.rank-accept_first.cut-entropy4.0.samples20.maxnew1024.seed10086.subtreePrefetch.vllm.log,PreSTO-EntropyCut,16572,2026-09-20 22:59:35,415.6,1368.4,5,0,1.4,67.8,61.86666666666667,55.769231,116,208
/Users/jiangnanhugo/workspace/power-sharpening/Subtree-Prefetching-Power-Sharpening/case_studies/logs-entropycut/lcb_v6/2026-09-20/vllm/dataset-lcb_v6.model-qwen3.5-4b.alpha4.0.steps100.blocks-1.prefetch-budget-20.rank-accept_first.cut-entropy4.0.samples20.maxnew1024.seed10086.subtreePrefetch.vllm.log,PreSTO-EntropyCut,16639,2026-09-20 22:59:45,892.3,1339.2,20,0,2.6,67.8,62.03333333333333,60.869565,168,276
/Users/jiangnanhugo/workspace/power-sharpening/Subtree-Prefetching-Power-Sharpening/case_studies/logs-entropycut/lcb_v6/2026-09-20/vllm/dataset-lcb_v6.model-qwen3.5-4b.alpha4.0.steps100.blocks-1.prefetch-budget-20.rank-accept_first.cut-entropy4.0.samples20.maxnew1024.seed10086.subtreePrefetch.vllm.log,PreSTO-EntropyCut,16671,2026-09-20 22:59:55,425.1,1643.1,17,0,2.5,67.8,62.2,58.490566,124,212
/Users/jiangnanhugo/workspace/power-sharpening/Subtree-Prefetching-Power-Sharpening/case_studies/logs-entropycut/lcb_v6/2026-09-20/vllm/dataset-lcb_v6.model-qwen3.5-4b.alpha4.0.steps100.blocks-1.prefetch-budget-20.rank-accept_first.cut-entropy4.0.samples20.maxnew1024.seed10086.subtreePrefetch.vllm.log,PreSTO-EntropyCut,16691,2026-09-20 23:00:05,375.4,1463.7,5,0,1.1,67.8,62.36666666666667,54.545455,120,220
/Users/jiangnanhugo/workspace/power-sharpening/Subtree-Prefetching-Power-Sharpening/case_studies/logs-entropycut/lcb_v6/2026-09-20/vllm/dataset-lcb_v6.model-qwen3.5-4b.alpha4.0.steps100.blocks-1.prefetch-budget-20.rank-accept_first.cut-entropy4.0.samples20.maxnew1024.seed10086.subtreePrefetch.vllm.log,PreSTO-EntropyCut,16850,2026-09-20 23:00:15,174.4,426.5,1,0,0.2,67.8,62.53333333333333,5.555556,4,72
/Users/jiangnanhugo/workspace/power-sharpening/Subtree-Prefetching-Power-Sharpening/case_studies/logs-entropycut/lcb_v6/2026-09-20/vllm/dataset-lcb_v6.model-qwen3.5-4b.alpha4.0.steps100.blocks-1.prefetch-budget-20.rank-accept_first.cut-entropy4.0.samples20.maxnew1024.seed10086.subtreePrefetch.vllm.log,PreSTO-EntropyCut,16855,2026-09-20 23:00:25,670.3,852.9,19,0,3.3,67.8,62.7,92.307692,144,156
/Users/jiangnanhugo/workspace/power-sharpening/Subtree-Prefetching-Power-Sharpening/case_studies/logs-entropycut/lcb_v6/2026-09-20/vllm/dataset-lcb_v6.model-qwen3.5-4b.alpha4.0.steps100.blocks-1.prefetch-budget-20.rank-accept_first.cut-entropy4.0.samples20.maxnew1024.seed10086.subtreePrefetch.vllm.log,PreSTO-EntropyCut,16887,2026-09-20 23:00:35,547.6,1315.5,10,0,1.9,67.8,62.86666666666667,57.627119,136,236
/Users/jiangnanhugo/workspace/power-sharpening/Subtree-Prefetching-Power-Sharpening/case_studies/logs-entropycut/lcb_v6/2026-09-20/vllm/dataset-lcb_v6.model-qwen3.5-4b.alpha4.0.steps100.blocks-1.prefetch-budget-20.rank-accept_first.cut-entropy4.0.samples20.maxnew1024.seed10086.subtreePrefetch.vllm.log,PreSTO-EntropyCut,16921,2026-09-20 23:00:45,514.0,1246.9,4,0,0.9,67.8,63.03333333333333,51.785714,116,224
/Users/jiangnanhugo/workspace/power-sharpening/Subtree-Prefetching-Power-Sharpening/case_studies/logs-entropycut/lcb_v6/2026-09-20/vllm/dataset-lcb_v6.model-qwen3.5-4b.alpha4.0.steps100.blocks-1.prefetch-budget-20.rank-accept_first.cut-entropy4.0.samples20.maxnew1024.seed10086.subtreePrefetch.vllm.log,PreSTO-EntropyCut,16990,2026-09-20 23:00:55,1182.1,1405.8,14,0,1.6,67.8,63.2,60.493827,196,324
/Users/jiangnanhugo/workspace/power-sharpening/Subtree-Prefetching-Power-Sharpening/case_studies/logs-entropycut/lcb_v6/2026-09-20/vllm/dataset-lcb_v6.model-qwen3.5-4b.alpha4.0.steps100.blocks-1.prefetch-budget-20.rank-accept_first.cut-entropy4.0.samples20.maxnew1024.seed10086.subtreePrefetch.vllm.log,PreSTO-EntropyCut,17024,2026-09-20 23:01:05,548.6,1347.4,8,0,1.6,67.8,63.36666666666667,58.064516,144,248
/Users/jiangnanhugo/workspace/power-sharpening/Subtree-Prefetching-Power-Sharpening/case_studies/logs-entropycut/lcb_v6/2026-09-20/vllm/dataset-lcb_v6.model-qwen3.5-4b.alpha4.0.steps100.blocks-1.prefetch-budget-20.rank-accept_first.cut-entropy4.0.samples20.maxnew1024.seed10086.subtreePrefetch.vllm.log,PreSTO-EntropyCut,17058,2026-09-20 23:01:15,581.1,1074.0,1,0,0.3,67.8,63.53333333333333,51.851852,112,216
/Users/jiangnanhugo/workspace/power-sharpening/Subtree-Prefetching-Power-Sharpening/case_studies/logs-entropycut/lcb_v6/2026-09-20/vllm/dataset-lcb_v6.model-qwen3.5-4b.alpha4.0.steps100.blocks-1.prefetch-budget-20.rank-accept_first.cut-entropy4.0.samples20.maxnew1024.seed10086.subtreePrefetch.vllm.log,PreSTO-EntropyCut,17125,2026-09-20 23:01:25,1162.2,1267.7,16,0,2.1,67.8,63.7,65.384615,204,312
/Users/jiangnanhugo/workspace/power-sharpening/Subtree-Prefetching-Power-Sharpening/case_studies/logs-entropycut/lcb_v6/2026-09-20/vllm/dataset-lcb_v6.model-qwen3.5-4b.alpha4.0.steps100.blocks-1.prefetch-budget-20.rank-accept_first.cut-entropy4.0.samples20.maxnew1024.seed10086.subtreePrefetch.vllm.log,PreSTO-EntropyCut,17155,2026-09-20 23:01:35,562.7,1342.7,10,0,1.9,67.8,63.86666666666667,57.627119,136,236
/Users/jiangnanhugo/workspace/power-sharpening/Subtree-Prefetching-Power-Sharpening/case_studies/logs-entropycut/lcb_v6/2026-09-20/vllm/dataset-lcb_v6.model-qwen3.5-4b.alpha4.0.steps100.blocks-1.prefetch-budget-20.rank-accept_first.cut-entropy4.0.samples20.maxnew1024.seed10086.subtreePrefetch.vllm.log,PreSTO-EntropyCut,17193,2026-09-20 23:01:45,458.7,1473.9,5,0,1.0,67.8,64.03333333333333,57.894737,132,228
/Users/jiangnanhugo/workspace/power-sharpening/Subtree-Prefetching-Power-Sharpening/case_studies/logs-entropycut/lcb_v6/2026-09-20/vllm/dataset-lcb_v6.model-qwen3.5-4b.alpha4.0.steps100.blocks-1.prefetch-budget-20.rank-accept_first.cut-entropy4.0.samples20.maxnew1024.seed10086.subtreePrefetch.vllm.log,PreSTO-EntropyCut,17270,2026-09-20 23:01:55,796.4,1722.6,20,0,2.0,67.8,64.2,65.822785,208,316
/Users/jiangnanhugo/workspace/power-sharpening/Subtree-Prefetching-Power-Sharpening/case_studies/logs-entropycut/lcb_v6/2026-09-20/vllm/dataset-lcb_v6.model-qwen3.5-4b.alpha4.0.steps100.blocks-1.prefetch-budget-20.rank-accept_first.cut-entropy4.0.samples20.maxnew1024.seed10086.subtreePrefetch.vllm.log,PreSTO-EntropyCut,17310,2026-09-20 23:02:05,451.6,1561.3,19,0,3.2,67.8,64.36666666666666,67.1875,172,256
/Users/jiangnanhugo/workspace/power-sharpening/Subtree-Prefetching-Power-Sharpening/case_studies/logs-entropycut/lcb_v6/2026-09-20/vllm/dataset-lcb_v6.model-qwen3.5-4b.alpha4.0.steps100.blocks-1.prefetch-budget-20.rank-accept_first.cut-entropy4.0.samples20.maxnew1024.seed10086.subtreePrefetch.vllm.log,PreSTO-EntropyCut,17338,2026-09-20 23:02:15,379.3,1724.4,14,0,2.6,67.8,64.53333333333333,64.40678,152,236
/Users/jiangnanhugo/workspace/power-sharpening/Subtree-Prefetching-Power-Sharpening/case_studies/logs-entropycut/lcb_v6/2026-09-20/vllm/dataset-lcb_v6.model-qwen3.5-4b.alpha4.0.steps100.blocks-1.prefetch-budget-20.rank-accept_first.cut-entropy4.0.samples20.maxnew1024.seed10086.subtreePrefetch.vllm.log,PreSTO-EntropyCut,17364,2026-09-20 23:02:25,385.4,1683.2,8,0,1.6,67.8,64.7,55.0,132,240
/Users/jiangnanhugo/workspace/power-sharpening/Subtree-Prefetching-Power-Sharpening/case_studies/logs-entropycut/lcb_v6/2026-09-20/vllm/dataset-lcb_v6.model-qwen3.5-4b.alpha4.0.steps100.blocks-1.prefetch-budget-20.rank-accept_first.cut-entropy4.0.samples20.maxnew1024.seed10086.subtreePrefetch.vllm.log,PreSTO-EntropyCut,17423,2026-09-20 23:02:35,960.3,1558.9,20,0,2.0,67.8,64.86666666666666,62.650602,208,332
/Users/jiangnanhugo/workspace/power-sharpening/Subtree-Prefetching-Power-Sharpening/case_studies/logs-entropycut/lcb_v6/2026-09-20/vllm/dataset-lcb_v6.model-qwen3.5-4b.alpha4.0.steps100.blocks-1.prefetch-budget-20.rank-accept_first.cut-entropy4.0.samples20.maxnew1024.seed10086.subtreePrefetch.vllm.log,PreSTO-EntropyCut,17469,2026-09-20 23:02:45,447.2,1149.0,20,0,1.9,67.8,65.03333333333333,61.538462,128,208
/Users/jiangnanhugo/workspace/power-sharpening/Subtree-Prefetching-Power-Sharpening/case_studies/logs-entropycut/lcb_v6/2026-09-20/vllm/dataset-lcb_v6.model-qwen3.5-4b.alpha4.0.steps100.blocks-1.prefetch-budget-20.rank-accept_first.cut-entropy4.0.samples20.maxnew1024.seed10086.subtreePrefetch.vllm.log,PreSTO-EntropyCut,17507,2026-09-20 23:02:55,343.2,1801.7,20,0,2.2,67.8,65.2,64.285714,144,224
/Users/jiangnanhugo/workspace/power-sharpening/Subtree-Prefetching-Power-Sharpening/case_studies/logs-entropycut/lcb_v6/2026-09-20/vllm/dataset-lcb_v6.model-qwen3.5-4b.alpha4.0.steps100.blocks-1.prefetch-budget-20.rank-accept_first.cut-entropy4.0.samples20.maxnew1024.seed10086.subtreePrefetch.vllm.log,PreSTO-EntropyCut,17645,2026-09-20 23:03:05,42.9,975.8,1,0,0.1,67.8,65.36666666666666,42.424242,56,132
/Users/jiangnanhugo/workspace/power-sharpening/Subtree-Prefetching-Power-Sharpening/case_studies/logs-entropycut/lcb_v6/2026-09-20/vllm/dataset-lcb_v6.model-qwen3.5-4b.alpha4.0.steps100.blocks-1.prefetch-budget-20.rank-accept_first.cut-entropy4.0.samples20.maxnew1024.seed10086.subtreePrefetch.vllm.log,PreSTO-EntropyCut,17650,2026-09-20 23:03:15,475.0,819.6,17,0,2.5,67.8,65.53333333333333,87.5,112,128
/Users/jiangnanhugo/workspace/power-sharpening/Subtree-Prefetching-Power-Sharpening/case_studies/logs-entropycut/lcb_v6/2026-09-20/vllm/dataset-lcb_v6.model-qwen3.5-4b.alpha4.0.steps100.blocks-1.prefetch-budget-20.rank-accept_first.cut-entropy4.0.samples20.maxnew1024.seed10086.subtreePrefetch.vllm.log,PreSTO-EntropyCut,17686,2026-09-20 23:03:25,380.6,1359.9,9,0,1.8,67.8,65.7,25.641026,40,156
/Users/jiangnanhugo/workspace/power-sharpening/Subtree-Prefetching-Power-Sharpening/case_studies/logs-entropycut/lcb_v6/2026-09-20/vllm/dataset-lcb_v6.model-qwen3.5-4b.alpha4.0.steps100.blocks-1.prefetch-budget-20.rank-accept_first.cut-entropy4.0.samples20.maxnew1024.seed10086.subtreePrefetch.vllm.log,PreSTO-EntropyCut,17761,2026-09-20 23:03:35,917.5,1461.9,20,0,1.9,67.8,65.86666666666666,49.152542,116,236
/Users/jiangnanhugo/workspace/power-sharpening/Subtree-Prefetching-Power-Sharpening/case_studies/logs-entropycut/lcb_v6/2026-09-20/vllm/dataset-lcb_v6.model-qwen3.5-4b.alpha4.0.steps100.blocks-1.prefetch-budget-20.rank-accept_first.cut-entropy4.0.samples20.maxnew1024.seed10086.subtreePrefetch.vllm.log,PreSTO-EntropyCut,17805,2026-09-20 23:03:45,316.9,1734.5,19,0,2.2,67.8,66.03333333333333,51.162791,88,172
/Users/jiangnanhugo/workspace/power-sharpening/Subtree-Prefetching-Power-Sharpening/case_studies/logs-entropycut/lcb_v6/2026-09-20/vllm/dataset-lcb_v6.model-qwen3.5-4b.alpha4.0.steps100.blocks-1.prefetch-budget-20.rank-accept_first.cut-entropy4.0.samples20.maxnew1024.seed10086.subtreePrefetch.vllm.log,PreSTO-EntropyCut,17833,2026-09-20 23:03:56,291.0,1846.9,16,0,2.6,67.8,66.21666666666667,57.142857,112,196
/Users/jiangnanhugo/workspace/power-sharpening/Subtree-Prefetching-Power-Sharpening/case_studies/logs-entropycut/lcb_v6/2026-09-20/vllm/dataset-lcb_v6.model-qwen3.5-4b.alpha4.0.steps100.blocks-1.prefetch-budget-20.rank-accept_first.cut-entropy4.0.samples20.maxnew1024.seed10086.subtreePrefetch.vllm.log,PreSTO-EntropyCut,17871,2026-09-20 23:04:06,265.7,1676.0,5,0,1.0,67.8,66.38333333333334,36.842105,56,152
/Users/jiangnanhugo/workspace/power-sharpening/Subtree-Prefetching-Power-Sharpening/case_studies/logs-entropycut/lcb_v6/2026-09-20/vllm/dataset-lcb_v6.model-qwen3.5-4b.alpha4.0.steps100.blocks-1.prefetch-budget-20.rank-accept_first.cut-entropy4.0.samples20.maxnew1024.seed10086.subtreePrefetch.vllm.log,PreSTO-EntropyCut,17930,2026-09-20 23:04:16,687.8,1687.7,20,0,2.0,67.8,66.55,45.16129,112,248
/Users/jiangnanhugo/workspace/power-sharpening/Subtree-Prefetching-Power-Sharpening/case_studies/logs-entropycut/lcb_v6/2026-09-20/vllm/dataset-lcb_v6.model-qwen3.5-4b.alpha4.0.steps100.blocks-1.prefetch-budget-20.rank-accept_first.cut-entropy4.0.samples20.maxnew1024.seed10086.subtreePrefetch.vllm.log,PreSTO-EntropyCut,17958,2026-09-20 23:04:26,265.4,1780.4,19,0,2.1,67.8,66.71666666666667,51.219512,84,164
/Users/jiangnanhugo/workspace/power-sharpening/Subtree-Prefetching-Power-Sharpening/case_studies/logs-entropycut/lcb_v6/2026-09-20/vllm/dataset-lcb_v6.model-qwen3.5-4b.alpha4.0.steps100.blocks-1.prefetch-budget-20.rank-accept_first.cut-entropy4.0.samples20.maxnew1024.seed10086.subtreePrefetch.vllm.log,PreSTO-EntropyCut,17990,2026-09-20 23:04:36,300.5,1685.4,15,0,2.4,67.8,66.88333333333334,45.652174,84,184
/Users/jiangnanhugo/workspace/power-sharpening/Subtree-Prefetching-Power-Sharpening/case_studies/logs-entropycut/lcb_v6/2026-09-20/vllm/dataset-lcb_v6.model-qwen3.5-4b.alpha4.0.steps100.blocks-1.prefetch-budget-20.rank-accept_first.cut-entropy4.0.samples20.maxnew1024.seed10086.subtreePrefetch.vllm.log,PreSTO-EntropyCut,18024,2026-09-20 23:04:46,376.4,1497.6,12,0,2.3,67.8,67.05,41.025641,64,156
/Users/jiangnanhugo/workspace/power-sharpening/Subtree-Prefetching-Power-Sharpening/case_studies/logs-entropycut/lcb_v6/2026-09-20/vllm/dataset-lcb_v6.model-qwen3.5-4b.alpha4.0.steps100.blocks-1.prefetch-budget-20.rank-accept_first.cut-entropy4.0.samples20.maxnew1024.seed10086.subtreePrefetch.vllm.log,PreSTO-EntropyCut,18070,2026-09-20 23:04:56,487.1,1607.0,3,0,0.8,67.8,67.21666666666667,69.767442,120,172
/Users/jiangnanhugo/workspace/power-sharpening/Subtree-Prefetching-Power-Sharpening/case_studies/logs-entropycut/lcb_v6/2026-09-20/vllm/dataset-lcb_v6.model-qwen3.5-4b.alpha4.0.steps100.blocks-1.prefetch-budget-20.rank-accept_first.cut-entropy4.0.samples20.maxnew1024.seed10086.subtreePrefetch.vllm.log,PreSTO-EntropyCut,18119,2026-09-20 23:05:06,834.4,1717.2,18,0,1.9,67.8,67.38333333333334,33.870968,84,248
/Users/jiangnanhugo/workspace/power-sharpening/Subtree-Prefetching-Power-Sharpening/case_studies/logs-entropycut/lcb_v6/2026-09-20/vllm/dataset-lcb_v6.model-qwen3.5-4b.alpha4.0.steps100.blocks-1.prefetch-budget-20.rank-accept_first.cut-entropy4.0.samples20.maxnew1024.seed10086.subtreePrefetch.vllm.log,PreSTO-EntropyCut,18161,2026-09-20 23:05:16,474.1,1699.4,19,0,3.0,67.8,67.55,62.0,124,200
/Users/jiangnanhugo/workspace/power-sharpening/Subtree-Prefetching-Power-Sharpening/case_studies/logs-entropycut/lcb_v6/2026-09-20/vllm/dataset-lcb_v6.model-qwen3.5-4b.alpha4.0.steps100.blocks-1.prefetch-budget-20.rank-accept_first.cut-entropy4.0.samples20.maxnew1024.seed10086.subtreePrefetch.vllm.log,PreSTO-EntropyCut,18187,2026-09-20 23:05:26,423.1,1735.8,11,0,2.0,67.8,67.71666666666667,43.181818,76,176
/Users/jiangnanhugo/workspace/power-sharpening/Subtree-Prefetching-Power-Sharpening/case_studies/logs-entropycut/lcb_v6/2026-09-20/vllm/dataset-lcb_v6.model-qwen3.5-4b.alpha4.0.steps100.blocks-1.prefetch-budget-20.rank-accept_first.cut-entropy4.0.samples20.maxnew1024.seed10086.subtreePrefetch.vllm.log,PreSTO-EntropyCut,18260,2026-09-20 23:05:36,738.0,1554.8,20,0,1.9,67.8,67.88333333333334,43.333333,104,240
/Users/jiangnanhugo/workspace/power-sharpening/Subtree-Prefetching-Power-Sharpening/case_studies/logs-entropycut/lcb_v6/2026-09-20/vllm/dataset-lcb_v6.model-qwen3.5-4b.alpha4.0.steps100.blocks-1.prefetch-budget-20.rank-accept_first.cut-entropy4.0.samples20.maxnew1024.seed10086.subtreePrefetch.vllm.log,PreSTO-EntropyCut,18300,2026-09-20 23:05:46,513.4,1945.4,20,0,2.7,67.8,68.05,60.0,120,200
/Users/jiangnanhugo/workspace/power-sharpening/Subtree-Prefetching-Power-Sharpening/case_studies/logs-entropycut/lcb_v6/2026-09-20/vllm/dataset-lcb_v6.model-qwen3.5-4b.alpha4.0.steps100.blocks-1.prefetch-budget-20.rank-accept_first.cut-entropy4.0.samples20.maxnew1024.seed10086.subtreePrefetch.vllm.log,PreSTO-EntropyCut,18330,2026-09-20 23:05:56,419.9,1751.1,17,0,3.0,67.8,68.21666666666667,54.0,108,200
