source_log,source_line,timestamp,elapsed_seconds,prompt_throughput_tokens_s,generation_throughput_tokens_s,running_requests,waiting_requests,gpu_kv_cache_usage_percent,prefix_cache_hit_rate_percent
dataset-lcb_v6.model-qwen3.5-9b.alpha4.0.steps100.blocks-1.prefetch-budget-20.rank-bfs_accept_first.cut-entropy4.0.samples20.maxnew1024.seed10086.subtreePrefetch.vllm.log,107,2026-09-15 19:38:58,0.0,209.5,38.5,20,0,2.9,0.0
dataset-lcb_v6.model-qwen3.5-9b.alpha4.0.steps100.blocks-1.prefetch-budget-20.rank-bfs_accept_first.cut-entropy4.0.samples20.maxnew1024.seed10086.subtreePrefetch.vllm.log,133,2026-09-15 19:39:08,10.0,537.2,1249.7,20,0,2.9,0.0
dataset-lcb_v6.model-qwen3.5-9b.alpha4.0.steps100.blocks-1.prefetch-budget-20.rank-bfs_accept_first.cut-entropy4.0.samples20.maxnew1024.seed10086.subtreePrefetch.vllm.log,134,2026-09-15 19:39:18,20.0,0.0,1059.0,1,0,0.4,0.0
dataset-lcb_v6.model-qwen3.5-9b.alpha4.0.steps100.blocks-1.prefetch-budget-20.rank-bfs_accept_first.cut-entropy4.0.samples20.maxnew1024.seed10086.subtreePrefetch.vllm.log,174,2026-09-15 19:39:28,30.0,494.4,1309.1,4,0,1.2,0.0
dataset-lcb_v6.model-qwen3.5-9b.alpha4.0.steps100.blocks-1.prefetch-budget-20.rank-bfs_accept_first.cut-entropy4.0.samples20.maxnew1024.seed10086.subtreePrefetch.vllm.log,202,2026-09-15 19:39:38,40.0,550.6,1159.0,6,0,1.7,0.0
dataset-lcb_v6.model-qwen3.5-9b.alpha4.0.steps100.blocks-1.prefetch-budget-20.rank-bfs_accept_first.cut-entropy4.0.samples20.maxnew1024.seed10086.subtreePrefetch.vllm.log,228,2026-09-15 19:39:48,50.0,514.7,1129.0,7,0,2.0,0.0
dataset-lcb_v6.model-qwen3.5-9b.alpha4.0.steps100.blocks-1.prefetch-budget-20.rank-bfs_accept_first.cut-entropy4.0.samples20.maxnew1024.seed10086.subtreePrefetch.vllm.log,274,2026-09-15 19:39:58,60.0,440.4,1092.4,13,0,3.5,0.0
dataset-lcb_v6.model-qwen3.5-9b.alpha4.0.steps100.blocks-1.prefetch-budget-20.rank-bfs_accept_first.cut-entropy4.0.samples20.maxnew1024.seed10086.subtreePrefetch.vllm.log,310,2026-09-15 19:40:08,70.0,561.5,961.8,10,0,2.7,0.0
dataset-lcb_v6.model-qwen3.5-9b.alpha4.0.steps100.blocks-1.prefetch-budget-20.rank-bfs_accept_first.cut-entropy4.0.samples20.maxnew1024.seed10086.subtreePrefetch.vllm.log,348,2026-09-15 19:40:18,80.0,581.4,1087.4,14,0,3.8,0.0
dataset-lcb_v6.model-qwen3.5-9b.alpha4.0.steps100.blocks-1.prefetch-budget-20.rank-bfs_accept_first.cut-entropy4.0.samples20.maxnew1024.seed10086.subtreePrefetch.vllm.log,390,2026-09-15 19:40:28,90.0,520.1,1173.9,16,0,4.3,0.0
dataset-lcb_v6.model-qwen3.5-9b.alpha4.0.steps100.blocks-1.prefetch-budget-20.rank-bfs_accept_first.cut-entropy4.0.samples20.maxnew1024.seed10086.subtreePrefetch.vllm.log,422,2026-09-15 19:40:38,100.0,507.8,1109.5,15,0,3.8,0.0
dataset-lcb_v6.model-qwen3.5-9b.alpha4.0.steps100.blocks-1.prefetch-budget-20.rank-bfs_accept_first.cut-entropy4.0.samples20.maxnew1024.seed10086.subtreePrefetch.vllm.log,462,2026-09-15 19:40:48,110.0,644.9,1029.8,14,0,3.3,0.0
dataset-lcb_v6.model-qwen3.5-9b.alpha4.0.steps100.blocks-1.prefetch-budget-20.rank-bfs_accept_first.cut-entropy4.0.samples20.maxnew1024.seed10086.subtreePrefetch.vllm.log,504,2026-09-15 19:40:58,120.0,539.7,1050.3,16,0,3.6,0.0
dataset-lcb_v6.model-qwen3.5-9b.alpha4.0.steps100.blocks-1.prefetch-budget-20.rank-bfs_accept_first.cut-entropy4.0.samples20.maxnew1024.seed10086.subtreePrefetch.vllm.log,536,2026-09-15 19:41:08,130.0,454.0,1146.1,17,0,3.4,0.0
dataset-lcb_v6.model-qwen3.5-9b.alpha4.0.steps100.blocks-1.prefetch-budget-20.rank-bfs_accept_first.cut-entropy4.0.samples20.maxnew1024.seed10086.subtreePrefetch.vllm.log,582,2026-09-15 19:41:18,140.0,469.7,1012.8,19,0,3.6,0.0
dataset-lcb_v6.model-qwen3.5-9b.alpha4.0.steps100.blocks-1.prefetch-budget-20.rank-bfs_accept_first.cut-entropy4.0.samples20.maxnew1024.seed10086.subtreePrefetch.vllm.log,610,2026-09-15 19:41:28,150.0,516.1,1281.6,17,0,3.8,0.0
dataset-lcb_v6.model-qwen3.5-9b.alpha4.0.steps100.blocks-1.prefetch-budget-20.rank-bfs_accept_first.cut-entropy4.0.samples20.maxnew1024.seed10086.subtreePrefetch.vllm.log,642,2026-09-15 19:41:38,160.0,585.0,1000.2,17,0,3.9,0.0
dataset-lcb_v6.model-qwen3.5-9b.alpha4.0.steps100.blocks-1.prefetch-budget-20.rank-bfs_accept_first.cut-entropy4.0.samples20.maxnew1024.seed10086.subtreePrefetch.vllm.log,678,2026-09-15 19:41:48,170.0,529.4,1200.6,16,0,2.9,0.0
dataset-lcb_v6.model-qwen3.5-9b.alpha4.0.steps100.blocks-1.prefetch-budget-20.rank-bfs_accept_first.cut-entropy4.0.samples20.maxnew1024.seed10086.subtreePrefetch.vllm.log,720,2026-09-15 19:41:58,180.0,528.5,1010.9,18,0,2.6,0.0
dataset-lcb_v6.model-qwen3.5-9b.alpha4.0.steps100.blocks-1.prefetch-budget-20.rank-bfs_accept_first.cut-entropy4.0.samples20.maxnew1024.seed10086.subtreePrefetch.vllm.log,762,2026-09-15 19:42:08,190.0,477.4,1218.2,19,0,3.0,0.0
dataset-lcb_v6.model-qwen3.5-9b.alpha4.0.steps100.blocks-1.prefetch-budget-20.rank-bfs_accept_first.cut-entropy4.0.samples20.maxnew1024.seed10086.subtreePrefetch.vllm.log,806,2026-09-15 19:42:18,200.0,564.0,1111.5,18,0,2.6,0.0
dataset-lcb_v6.model-qwen3.5-9b.alpha4.0.steps100.blocks-1.prefetch-budget-20.rank-bfs_accept_first.cut-entropy4.0.samples20.maxnew1024.seed10086.subtreePrefetch.vllm.log,840,2026-09-15 19:42:28,210.0,487.8,1098.3,18,0,3.0,0.0
dataset-lcb_v6.model-qwen3.5-9b.alpha4.0.steps100.blocks-1.prefetch-budget-20.rank-bfs_accept_first.cut-entropy4.0.samples20.maxnew1024.seed10086.subtreePrefetch.vllm.log,870,2026-09-15 19:42:38,220.0,695.7,1013.3,16,0,2.5,0.0
dataset-lcb_v6.model-qwen3.5-9b.alpha4.0.steps100.blocks-1.prefetch-budget-20.rank-bfs_accept_first.cut-entropy4.0.samples20.maxnew1024.seed10086.subtreePrefetch.vllm.log,912,2026-09-15 19:42:48,230.0,588.8,996.2,18,0,2.6,0.0
dataset-lcb_v6.model-qwen3.5-9b.alpha4.0.steps100.blocks-1.prefetch-budget-20.rank-bfs_accept_first.cut-entropy4.0.samples20.maxnew1024.seed10086.subtreePrefetch.vllm.log,948,2026-09-15 19:42:58,240.0,587.1,1235.1,20,0,3.6,0.0
dataset-lcb_v6.model-qwen3.5-9b.alpha4.0.steps100.blocks-1.prefetch-budget-20.rank-bfs_accept_first.cut-entropy4.0.samples20.maxnew1024.seed10086.subtreePrefetch.vllm.log,974,2026-09-15 19:43:08,250.0,498.4,1097.6,20,0,2.9,0.0
dataset-lcb_v6.model-qwen3.5-9b.alpha4.0.steps100.blocks-1.prefetch-budget-20.rank-bfs_accept_first.cut-entropy4.0.samples20.maxnew1024.seed10086.subtreePrefetch.vllm.log,1010,2026-09-15 19:43:18,260.0,302.4,1190.3,9,0,1.4,0.0
dataset-lcb_v6.model-qwen3.5-9b.alpha4.0.steps100.blocks-1.prefetch-budget-20.rank-bfs_accept_first.cut-entropy4.0.samples20.maxnew1024.seed10086.subtreePrefetch.vllm.log,1036,2026-09-15 19:43:28,270.0,39.6,375.9,1,0,0.4,0.0
dataset-lcb_v6.model-qwen3.5-9b.alpha4.0.steps100.blocks-1.prefetch-budget-20.rank-bfs_accept_first.cut-entropy4.0.samples20.maxnew1024.seed10086.subtreePrefetch.vllm.log,1222,2026-09-15 19:43:38,280.0,41.2,97.0,1,0,0.3,0.0
dataset-lcb_v6.model-qwen3.5-9b.alpha4.0.steps100.blocks-1.prefetch-budget-20.rank-bfs_accept_first.cut-entropy4.0.samples20.maxnew1024.seed10086.subtreePrefetch.vllm.log,1227,2026-09-15 19:43:48,290.0,325.4,917.0,15,0,4.0,0.0
dataset-lcb_v6.model-qwen3.5-9b.alpha4.0.steps100.blocks-1.prefetch-budget-20.rank-bfs_accept_first.cut-entropy4.0.samples20.maxnew1024.seed10086.subtreePrefetch.vllm.log,1255,2026-09-15 19:43:58,300.0,247.4,1198.8,12,0,3.0,0.0
dataset-lcb_v6.model-qwen3.5-9b.alpha4.0.steps100.blocks-1.prefetch-budget-20.rank-bfs_accept_first.cut-entropy4.0.samples20.maxnew1024.seed10086.subtreePrefetch.vllm.log,1293,2026-09-15 19:44:08,310.0,335.6,1165.6,11,0,2.7,0.0
dataset-lcb_v6.model-qwen3.5-9b.alpha4.0.steps100.blocks-1.prefetch-budget-20.rank-bfs_accept_first.cut-entropy4.0.samples20.maxnew1024.seed10086.subtreePrefetch.vllm.log,1325,2026-09-15 19:44:18,320.0,351.2,1190.5,15,0,4.0,0.0
dataset-lcb_v6.model-qwen3.5-9b.alpha4.0.steps100.blocks-1.prefetch-budget-20.rank-bfs_accept_first.cut-entropy4.0.samples20.maxnew1024.seed10086.subtreePrefetch.vllm.log,1355,2026-09-15 19:44:28,330.0,236.5,1134.7,14,0,2.5,0.0
dataset-lcb_v6.model-qwen3.5-9b.alpha4.0.steps100.blocks-1.prefetch-budget-20.rank-bfs_accept_first.cut-entropy4.0.samples20.maxnew1024.seed10086.subtreePrefetch.vllm.log,1395,2026-09-15 19:44:38,340.0,335.2,1125.5,13,0,2.5,0.0
dataset-lcb_v6.model-qwen3.5-9b.alpha4.0.steps100.blocks-1.prefetch-budget-20.rank-bfs_accept_first.cut-entropy4.0.samples20.maxnew1024.seed10086.subtreePrefetch.vllm.log,1441,2026-09-15 19:44:48,350.0,413.9,1133.2,19,0,3.4,0.0
dataset-lcb_v6.model-qwen3.5-9b.alpha4.0.steps100.blocks-1.prefetch-budget-20.rank-bfs_accept_first.cut-entropy4.0.samples20.maxnew1024.seed10086.subtreePrefetch.vllm.log,1479,2026-09-15 19:44:58,360.0,336.8,1348.5,16,0,2.5,0.0
dataset-lcb_v6.model-qwen3.5-9b.alpha4.0.steps100.blocks-1.prefetch-budget-20.rank-bfs_accept_first.cut-entropy4.0.samples20.maxnew1024.seed10086.subtreePrefetch.vllm.log,1509,2026-09-15 19:45:08,370.0,432.5,1275.5,13,0,2.3,0.0
dataset-lcb_v6.model-qwen3.5-9b.alpha4.0.steps100.blocks-1.prefetch-budget-20.rank-bfs_accept_first.cut-entropy4.0.samples20.maxnew1024.seed10086.subtreePrefetch.vllm.log,1533,2026-09-15 19:45:18,380.0,375.0,1045.8,18,0,2.9,0.0
dataset-lcb_v6.model-qwen3.5-9b.alpha4.0.steps100.blocks-1.prefetch-budget-20.rank-bfs_accept_first.cut-entropy4.0.samples20.maxnew1024.seed10086.subtreePrefetch.vllm.log,1567,2026-09-15 19:45:28,390.0,295.8,1114.0,19,0,2.9,0.0
dataset-lcb_v6.model-qwen3.5-9b.alpha4.0.steps100.blocks-1.prefetch-budget-20.rank-bfs_accept_first.cut-entropy4.0.samples20.maxnew1024.seed10086.subtreePrefetch.vllm.log,1605,2026-09-15 19:45:38,400.0,251.6,1222.5,19,0,2.7,0.0
dataset-lcb_v6.model-qwen3.5-9b.alpha4.0.steps100.blocks-1.prefetch-budget-20.rank-bfs_accept_first.cut-entropy4.0.samples20.maxnew1024.seed10086.subtreePrefetch.vllm.log,1641,2026-09-15 19:45:48,410.0,412.1,1310.7,20,0,3.4,0.0
dataset-lcb_v6.model-qwen3.5-9b.alpha4.0.steps100.blocks-1.prefetch-budget-20.rank-bfs_accept_first.cut-entropy4.0.samples20.maxnew1024.seed10086.subtreePrefetch.vllm.log,1671,2026-09-15 19:45:58,420.0,334.1,1178.4,20,0,2.9,0.0
dataset-lcb_v6.model-qwen3.5-9b.alpha4.0.steps100.blocks-1.prefetch-budget-20.rank-bfs_accept_first.cut-entropy4.0.samples20.maxnew1024.seed10086.subtreePrefetch.vllm.log,1672,2026-09-15 19:46:08,430.0,0.0,1235.1,2,0,0.8,0.0
dataset-lcb_v6.model-qwen3.5-9b.alpha4.0.steps100.blocks-1.prefetch-budget-20.rank-bfs_accept_first.cut-entropy4.0.samples20.maxnew1024.seed10086.subtreePrefetch.vllm.log,1716,2026-09-15 19:46:18,440.0,412.9,1281.7,2,0,0.8,0.0
dataset-lcb_v6.model-qwen3.5-9b.alpha4.0.steps100.blocks-1.prefetch-budget-20.rank-bfs_accept_first.cut-entropy4.0.samples20.maxnew1024.seed10086.subtreePrefetch.vllm.log,1748,2026-09-15 19:46:28,450.0,320.7,1184.8,13,0,3.5,0.0
dataset-lcb_v6.model-qwen3.5-9b.alpha4.0.steps100.blocks-1.prefetch-budget-20.rank-bfs_accept_first.cut-entropy4.0.samples20.maxnew1024.seed10086.subtreePrefetch.vllm.log,1794,2026-09-15 19:46:38,460.0,399.6,1416.9,16,0,4.6,0.0
dataset-lcb_v6.model-qwen3.5-9b.alpha4.0.steps100.blocks-1.prefetch-budget-20.rank-bfs_accept_first.cut-entropy4.0.samples20.maxnew1024.seed10086.subtreePrefetch.vllm.log,1824,2026-09-15 19:46:48,470.0,338.0,1178.4,15,0,4.0,0.0
dataset-lcb_v6.model-qwen3.5-9b.alpha4.0.steps100.blocks-1.prefetch-budget-20.rank-bfs_accept_first.cut-entropy4.0.samples20.maxnew1024.seed10086.subtreePrefetch.vllm.log,1864,2026-09-15 19:46:58,480.0,364.4,1092.8,13,0,3.5,0.0
dataset-lcb_v6.model-qwen3.5-9b.alpha4.0.steps100.blocks-1.prefetch-budget-20.rank-bfs_accept_first.cut-entropy4.0.samples20.maxnew1024.seed10086.subtreePrefetch.vllm.log,1908,2026-09-15 19:47:08,490.0,319.7,1271.6,19,0,5.1,0.0
dataset-lcb_v6.model-qwen3.5-9b.alpha4.0.steps100.blocks-1.prefetch-budget-20.rank-bfs_accept_first.cut-entropy4.0.samples20.maxnew1024.seed10086.subtreePrefetch.vllm.log,1940,2026-09-15 19:47:18,500.0,292.7,1386.7,13,0,3.5,0.0
dataset-lcb_v6.model-qwen3.5-9b.alpha4.0.steps100.blocks-1.prefetch-budget-20.rank-bfs_accept_first.cut-entropy4.0.samples20.maxnew1024.seed10086.subtreePrefetch.vllm.log,1980,2026-09-15 19:47:28,510.0,379.1,1162.8,19,0,4.7,0.0
dataset-lcb_v6.model-qwen3.5-9b.alpha4.0.steps100.blocks-1.prefetch-budget-20.rank-bfs_accept_first.cut-entropy4.0.samples20.maxnew1024.seed10086.subtreePrefetch.vllm.log,2006,2026-09-15 19:47:38,520.0,332.6,1280.1,18,0,3.1,0.0
dataset-lcb_v6.model-qwen3.5-9b.alpha4.0.steps100.blocks-1.prefetch-budget-20.rank-bfs_accept_first.cut-entropy4.0.samples20.maxnew1024.seed10086.subtreePrefetch.vllm.log,2048,2026-09-15 19:47:48,530.0,349.2,1102.5,19,0,3.1,0.0
dataset-lcb_v6.model-qwen3.5-9b.alpha4.0.steps100.blocks-1.prefetch-budget-20.rank-bfs_accept_first.cut-entropy4.0.samples20.maxnew1024.seed10086.subtreePrefetch.vllm.log,2082,2026-09-15 19:47:58,540.0,404.6,1288.5,16,0,2.6,0.0
dataset-lcb_v6.model-qwen3.5-9b.alpha4.0.steps100.blocks-1.prefetch-budget-20.rank-bfs_accept_first.cut-entropy4.0.samples20.maxnew1024.seed10086.subtreePrefetch.vllm.log,2126,2026-09-15 19:48:08,550.0,441.9,1073.5,19,0,3.3,0.0
dataset-lcb_v6.model-qwen3.5-9b.alpha4.0.steps100.blocks-1.prefetch-budget-20.rank-bfs_accept_first.cut-entropy4.0.samples20.maxnew1024.seed10086.subtreePrefetch.vllm.log,2154,2026-09-15 19:48:18,560.0,410.5,1134.3,20,0,3.0,0.0
dataset-lcb_v6.model-qwen3.5-9b.alpha4.0.steps100.blocks-1.prefetch-budget-20.rank-bfs_accept_first.cut-entropy4.0.samples20.maxnew1024.seed10086.subtreePrefetch.vllm.log,2190,2026-09-15 19:48:28,570.0,436.1,1409.2,20,0,3.3,0.0
dataset-lcb_v6.model-qwen3.5-9b.alpha4.0.steps100.blocks-1.prefetch-budget-20.rank-bfs_accept_first.cut-entropy4.0.samples20.maxnew1024.seed10086.subtreePrefetch.vllm.log,2191,2026-09-15 19:48:38,580.0,0.0,1466.1,4,0,1.6,0.0
dataset-lcb_v6.model-qwen3.5-9b.alpha4.0.steps100.blocks-1.prefetch-budget-20.rank-bfs_accept_first.cut-entropy4.0.samples20.maxnew1024.seed10086.subtreePrefetch.vllm.log,2231,2026-09-15 19:48:48,590.0,347.5,1491.0,10,0,3.1,0.0
dataset-lcb_v6.model-qwen3.5-9b.alpha4.0.steps100.blocks-1.prefetch-budget-20.rank-bfs_accept_first.cut-entropy4.0.samples20.maxnew1024.seed10086.subtreePrefetch.vllm.log,2267,2026-09-15 19:48:58,600.0,417.7,1349.4,11,0,3.3,0.0
dataset-lcb_v6.model-qwen3.5-9b.alpha4.0.steps100.blocks-1.prefetch-budget-20.rank-bfs_accept_first.cut-entropy4.0.samples20.maxnew1024.seed10086.subtreePrefetch.vllm.log,2303,2026-09-15 19:49:08,610.0,275.2,1397.6,16,0,4.4,0.0
dataset-lcb_v6.model-qwen3.5-9b.alpha4.0.steps100.blocks-1.prefetch-budget-20.rank-bfs_accept_first.cut-entropy4.0.samples20.maxnew1024.seed10086.subtreePrefetch.vllm.log,2347,2026-09-15 19:49:18,620.0,322.4,1326.5,15,0,4.0,0.0
dataset-lcb_v6.model-qwen3.5-9b.alpha4.0.steps100.blocks-1.prefetch-budget-20.rank-bfs_accept_first.cut-entropy4.0.samples20.maxnew1024.seed10086.subtreePrefetch.vllm.log,2391,2026-09-15 19:49:28,630.0,357.7,1464.7,18,0,5.1,0.0
dataset-lcb_v6.model-qwen3.5-9b.alpha4.0.steps100.blocks-1.prefetch-budget-20.rank-bfs_accept_first.cut-entropy4.0.samples20.maxnew1024.seed10086.subtreePrefetch.vllm.log,2531,2026-09-15 19:49:38,640.0,62.6,299.5,1,0,0.4,0.0
dataset-lcb_v6.model-qwen3.5-9b.alpha4.0.steps100.blocks-1.prefetch-budget-20.rank-bfs_accept_first.cut-entropy4.0.samples20.maxnew1024.seed10086.subtreePrefetch.vllm.log,2536,2026-09-15 19:49:48,650.0,484.4,960.0,10,0,2.7,0.0
dataset-lcb_v6.model-qwen3.5-9b.alpha4.0.steps100.blocks-1.prefetch-budget-20.rank-bfs_accept_first.cut-entropy4.0.samples20.maxnew1024.seed10086.subtreePrefetch.vllm.log,2564,2026-09-15 19:49:58,660.0,606.9,944.0,8,0,2.2,0.0
dataset-lcb_v6.model-qwen3.5-9b.alpha4.0.steps100.blocks-1.prefetch-budget-20.rank-bfs_accept_first.cut-entropy4.0.samples20.maxnew1024.seed10086.subtreePrefetch.vllm.log,2600,2026-09-15 19:50:08,670.0,546.1,970.4,10,0,2.7,0.0
dataset-lcb_v6.model-qwen3.5-9b.alpha4.0.steps100.blocks-1.prefetch-budget-20.rank-bfs_accept_first.cut-entropy4.0.samples20.maxnew1024.seed10086.subtreePrefetch.vllm.log,2628,2026-09-15 19:50:18,680.0,678.9,786.0,9,0,2.3,0.0
dataset-lcb_v6.model-qwen3.5-9b.alpha4.0.steps100.blocks-1.prefetch-budget-20.rank-bfs_accept_first.cut-entropy4.0.samples20.maxnew1024.seed10086.subtreePrefetch.vllm.log,2664,2026-09-15 19:50:28,690.0,394.1,963.4,20,0,3.6,0.0
dataset-lcb_v6.model-qwen3.5-9b.alpha4.0.steps100.blocks-1.prefetch-budget-20.rank-bfs_accept_first.cut-entropy4.0.samples20.maxnew1024.seed10086.subtreePrefetch.vllm.log,2700,2026-09-15 19:50:38,700.0,504.0,1286.0,20,0,3.4,0.0
dataset-lcb_v6.model-qwen3.5-9b.alpha4.0.steps100.blocks-1.prefetch-budget-20.rank-bfs_accept_first.cut-entropy4.0.samples20.maxnew1024.seed10086.subtreePrefetch.vllm.log,2736,2026-09-15 19:50:48,710.0,483.0,1254.3,20,0,3.3,0.0
dataset-lcb_v6.model-qwen3.5-9b.alpha4.0.steps100.blocks-1.prefetch-budget-20.rank-bfs_accept_first.cut-entropy4.0.samples20.maxnew1024.seed10086.subtreePrefetch.vllm.log,2737,2026-09-15 19:50:58,720.0,0.0,1271.6,4,0,1.6,0.0
dataset-lcb_v6.model-qwen3.5-9b.alpha4.0.steps100.blocks-1.prefetch-budget-20.rank-bfs_accept_first.cut-entropy4.0.samples20.maxnew1024.seed10086.subtreePrefetch.vllm.log,2765,2026-09-15 19:51:08,730.0,564.1,1270.4,7,0,2.0,0.0
dataset-lcb_v6.model-qwen3.5-9b.alpha4.0.steps100.blocks-1.prefetch-budget-20.rank-bfs_accept_first.cut-entropy4.0.samples20.maxnew1024.seed10086.subtreePrefetch.vllm.log,2803,2026-09-15 19:51:18,740.0,409.4,1257.9,13,0,3.5,0.0
dataset-lcb_v6.model-qwen3.5-9b.alpha4.0.steps100.blocks-1.prefetch-budget-20.rank-bfs_accept_first.cut-entropy4.0.samples20.maxnew1024.seed10086.subtreePrefetch.vllm.log,2835,2026-09-15 19:51:28,750.0,470.1,1377.2,18,0,4.9,0.0
dataset-lcb_v6.model-qwen3.5-9b.alpha4.0.steps100.blocks-1.prefetch-budget-20.rank-bfs_accept_first.cut-entropy4.0.samples20.maxnew1024.seed10086.subtreePrefetch.vllm.log,2863,2026-09-15 19:51:38,760.0,491.5,1297.3,12,0,3.1,0.0
dataset-lcb_v6.model-qwen3.5-9b.alpha4.0.steps100.blocks-1.prefetch-budget-20.rank-bfs_accept_first.cut-entropy4.0.samples20.maxnew1024.seed10086.subtreePrefetch.vllm.log,2909,2026-09-15 19:51:48,770.0,493.6,1143.6,19,0,4.9,0.0
dataset-lcb_v6.model-qwen3.5-9b.alpha4.0.steps100.blocks-1.prefetch-budget-20.rank-bfs_accept_first.cut-entropy4.0.samples20.maxnew1024.seed10086.subtreePrefetch.vllm.log,2931,2026-09-15 19:51:58,780.0,501.5,1395.6,18,0,3.5,0.0
dataset-lcb_v6.model-qwen3.5-9b.alpha4.0.steps100.blocks-1.prefetch-budget-20.rank-bfs_accept_first.cut-entropy4.0.samples20.maxnew1024.seed10086.subtreePrefetch.vllm.log,2965,2026-09-15 19:52:08,790.0,464.0,1141.2,19,0,3.4,0.0
dataset-lcb_v6.model-qwen3.5-9b.alpha4.0.steps100.blocks-1.prefetch-budget-20.rank-bfs_accept_first.cut-entropy4.0.samples20.maxnew1024.seed10086.subtreePrefetch.vllm.log,2999,2026-09-15 19:52:18,800.0,578.1,1316.9,19,0,3.4,0.0
dataset-lcb_v6.model-qwen3.5-9b.alpha4.0.steps100.blocks-1.prefetch-budget-20.rank-bfs_accept_first.cut-entropy4.0.samples20.maxnew1024.seed10086.subtreePrefetch.vllm.log,3000,2026-09-15 19:52:28,810.0,0.0,1351.9,1,0,0.5,0.0
dataset-lcb_v6.model-qwen3.5-9b.alpha4.0.steps100.blocks-1.prefetch-budget-20.rank-bfs_accept_first.cut-entropy4.0.samples20.maxnew1024.seed10086.subtreePrefetch.vllm.log,3024,2026-09-15 19:52:38,820.0,594.3,1306.4,8,0,2.2,0.0
dataset-lcb_v6.model-qwen3.5-9b.alpha4.0.steps100.blocks-1.prefetch-budget-20.rank-bfs_accept_first.cut-entropy4.0.samples20.maxnew1024.seed10086.subtreePrefetch.vllm.log,3054,2026-09-15 19:52:48,830.0,485.3,1268.2,14,0,3.8,0.0
dataset-lcb_v6.model-qwen3.5-9b.alpha4.0.steps100.blocks-1.prefetch-budget-20.rank-bfs_accept_first.cut-entropy4.0.samples20.maxnew1024.seed10086.subtreePrefetch.vllm.log,3082,2026-09-15 19:52:58,840.0,577.3,1320.5,15,0,4.0,0.0
dataset-lcb_v6.model-qwen3.5-9b.alpha4.0.steps100.blocks-1.prefetch-budget-20.rank-bfs_accept_first.cut-entropy4.0.samples20.maxnew1024.seed10086.subtreePrefetch.vllm.log,3120,2026-09-15 19:53:08,850.0,486.1,1266.0,16,0,4.3,0.0
dataset-lcb_v6.model-qwen3.5-9b.alpha4.0.steps100.blocks-1.prefetch-budget-20.rank-bfs_accept_first.cut-entropy4.0.samples20.maxnew1024.seed10086.subtreePrefetch.vllm.log,3158,2026-09-15 19:53:18,860.0,637.8,1296.5,17,0,4.2,0.0
dataset-lcb_v6.model-qwen3.5-9b.alpha4.0.steps100.blocks-1.prefetch-budget-20.rank-bfs_accept_first.cut-entropy4.0.samples20.maxnew1024.seed10086.subtreePrefetch.vllm.log,3194,2026-09-15 19:53:28,870.0,420.9,1029.2,13,0,2.3,0.0
dataset-lcb_v6.model-qwen3.5-9b.alpha4.0.steps100.blocks-1.prefetch-budget-20.rank-bfs_accept_first.cut-entropy4.0.samples20.maxnew1024.seed10086.subtreePrefetch.vllm.log,3224,2026-09-15 19:53:38,880.0,148.4,906.2,5,0,0.9,0.0
dataset-lcb_v6.model-qwen3.5-9b.alpha4.0.steps100.blocks-1.prefetch-budget-20.rank-bfs_accept_first.cut-entropy4.0.samples20.maxnew1024.seed10086.subtreePrefetch.vllm.log,3358,2026-09-15 19:53:48,890.0,81.9,366.1,1,0,0.3,0.0
dataset-lcb_v6.model-qwen3.5-9b.alpha4.0.steps100.blocks-1.prefetch-budget-20.rank-bfs_accept_first.cut-entropy4.0.samples20.maxnew1024.seed10086.subtreePrefetch.vllm.log,3363,2026-09-15 19:53:58,900.0,634.5,317.3,15,0,3.1,0.0
dataset-lcb_v6.model-qwen3.5-9b.alpha4.0.steps100.blocks-1.prefetch-budget-20.rank-bfs_accept_first.cut-entropy4.0.samples20.maxnew1024.seed10086.subtreePrefetch.vllm.log,3405,2026-09-15 19:54:08,910.0,591.1,875.4,20,0,3.6,0.0
dataset-lcb_v6.model-qwen3.5-9b.alpha4.0.steps100.blocks-1.prefetch-budget-20.rank-bfs_accept_first.cut-entropy4.0.samples20.maxnew1024.seed10086.subtreePrefetch.vllm.log,3427,2026-09-15 19:54:18,920.0,601.7,928.4,18,0,3.3,0.0
dataset-lcb_v6.model-qwen3.5-9b.alpha4.0.steps100.blocks-1.prefetch-budget-20.rank-bfs_accept_first.cut-entropy4.0.samples20.maxnew1024.seed10086.subtreePrefetch.vllm.log,3463,2026-09-15 19:54:28,930.0,483.2,975.2,20,0,3.5,0.0
dataset-lcb_v6.model-qwen3.5-9b.alpha4.0.steps100.blocks-1.prefetch-budget-20.rank-bfs_accept_first.cut-entropy4.0.samples20.maxnew1024.seed10086.subtreePrefetch.vllm.log,3499,2026-09-15 19:54:38,940.0,501.1,932.7,19,0,3.0,0.0
dataset-lcb_v6.model-qwen3.5-9b.alpha4.0.steps100.blocks-1.prefetch-budget-20.rank-bfs_accept_first.cut-entropy4.0.samples20.maxnew1024.seed10086.subtreePrefetch.vllm.log,3531,2026-09-15 19:54:48,950.0,585.4,949.2,20,0,3.3,0.0
dataset-lcb_v6.model-qwen3.5-9b.alpha4.0.steps100.blocks-1.prefetch-budget-20.rank-bfs_accept_first.cut-entropy4.0.samples20.maxnew1024.seed10086.subtreePrefetch.vllm.log,3569,2026-09-15 19:54:58,960.0,646.9,961.8,20,0,3.0,0.0
dataset-lcb_v6.model-qwen3.5-9b.alpha4.0.steps100.blocks-1.prefetch-budget-20.rank-bfs_accept_first.cut-entropy4.0.samples20.maxnew1024.seed10086.subtreePrefetch.vllm.log,3570,2026-09-15 19:55:08,970.0,0.0,1203.2,4,0,1.7,0.0
dataset-lcb_v6.model-qwen3.5-9b.alpha4.0.steps100.blocks-1.prefetch-budget-20.rank-bfs_accept_first.cut-entropy4.0.samples20.maxnew1024.seed10086.subtreePrefetch.vllm.log,3600,2026-09-15 19:55:18,980.0,562.7,1191.3,5,0,2.1,0.0
dataset-lcb_v6.model-qwen3.5-9b.alpha4.0.steps100.blocks-1.prefetch-budget-20.rank-bfs_accept_first.cut-entropy4.0.samples20.maxnew1024.seed10086.subtreePrefetch.vllm.log,3636,2026-09-15 19:55:28,990.0,638.2,1039.2,4,0,1.7,0.0
dataset-lcb_v6.model-qwen3.5-9b.alpha4.0.steps100.blocks-1.prefetch-budget-20.rank-bfs_accept_first.cut-entropy4.0.samples20.maxnew1024.seed10086.subtreePrefetch.vllm.log,3672,2026-09-15 19:55:38,1000.0,492.8,949.6,6,0,2.2,0.0
dataset-lcb_v6.model-qwen3.5-9b.alpha4.0.steps100.blocks-1.prefetch-budget-20.rank-bfs_accept_first.cut-entropy4.0.samples20.maxnew1024.seed10086.subtreePrefetch.vllm.log,3698,2026-09-15 19:55:48,1010.0,560.3,1152.0,14,0,4.0,0.0
dataset-lcb_v6.model-qwen3.5-9b.alpha4.0.steps100.blocks-1.prefetch-budget-20.rank-bfs_accept_first.cut-entropy4.0.samples20.maxnew1024.seed10086.subtreePrefetch.vllm.log,3734,2026-09-15 19:55:58,1020.0,619.0,1114.5,11,0,3.0,0.0
dataset-lcb_v6.model-qwen3.5-9b.alpha4.0.steps100.blocks-1.prefetch-budget-20.rank-bfs_accept_first.cut-entropy4.0.samples20.maxnew1024.seed10086.subtreePrefetch.vllm.log,3774,2026-09-15 19:56:08,1030.0,653.2,1078.7,19,0,4.9,0.0
dataset-lcb_v6.model-qwen3.5-9b.alpha4.0.steps100.blocks-1.prefetch-budget-20.rank-bfs_accept_first.cut-entropy4.0.samples20.maxnew1024.seed10086.subtreePrefetch.vllm.log,3808,2026-09-15 19:56:18,1040.0,512.5,1115.6,15,0,3.6,0.0
dataset-lcb_v6.model-qwen3.5-9b.alpha4.0.steps100.blocks-1.prefetch-budget-20.rank-bfs_accept_first.cut-entropy4.0.samples20.maxnew1024.seed10086.subtreePrefetch.vllm.log,3840,2026-09-15 19:56:28,1050.0,663.0,940.8,15,0,3.9,0.0
dataset-lcb_v6.model-qwen3.5-9b.alpha4.0.steps100.blocks-1.prefetch-budget-20.rank-bfs_accept_first.cut-entropy4.0.samples20.maxnew1024.seed10086.subtreePrefetch.vllm.log,3870,2026-09-15 19:56:38,1060.0,590.2,1095.3,20,0,4.7,0.0
dataset-lcb_v6.model-qwen3.5-9b.alpha4.0.steps100.blocks-1.prefetch-budget-20.rank-bfs_accept_first.cut-entropy4.0.samples20.maxnew1024.seed10086.subtreePrefetch.vllm.log,3904,2026-09-15 19:56:48,1070.0,572.0,1093.1,17,0,3.6,0.0
dataset-lcb_v6.model-qwen3.5-9b.alpha4.0.steps100.blocks-1.prefetch-budget-20.rank-bfs_accept_first.cut-entropy4.0.samples20.maxnew1024.seed10086.subtreePrefetch.vllm.log,3932,2026-09-15 19:56:58,1080.0,685.9,1149.9,20,0,4.0,0.0
dataset-lcb_v6.model-qwen3.5-9b.alpha4.0.steps100.blocks-1.prefetch-budget-20.rank-bfs_accept_first.cut-entropy4.0.samples20.maxnew1024.seed10086.subtreePrefetch.vllm.log,3960,2026-09-15 19:57:08,1090.0,619.9,1233.6,19,0,3.3,0.0
dataset-lcb_v6.model-qwen3.5-9b.alpha4.0.steps100.blocks-1.prefetch-budget-20.rank-bfs_accept_first.cut-entropy4.0.samples20.maxnew1024.seed10086.subtreePrefetch.vllm.log,3998,2026-09-15 19:57:18,1100.0,666.3,961.7,20,0,3.0,0.0
dataset-lcb_v6.model-qwen3.5-9b.alpha4.0.steps100.blocks-1.prefetch-budget-20.rank-bfs_accept_first.cut-entropy4.0.samples20.maxnew1024.seed10086.subtreePrefetch.vllm.log,3999,2026-09-15 19:57:28,1110.0,0.0,1304.3,3,0,1.3,0.0
dataset-lcb_v6.model-qwen3.5-9b.alpha4.0.steps100.blocks-1.prefetch-budget-20.rank-bfs_accept_first.cut-entropy4.0.samples20.maxnew1024.seed10086.subtreePrefetch.vllm.log,4029,2026-09-15 19:57:39,1121.0,701.5,1020.4,3,0,1.3,0.0
dataset-lcb_v6.model-qwen3.5-9b.alpha4.0.steps100.blocks-1.prefetch-budget-20.rank-bfs_accept_first.cut-entropy4.0.samples20.maxnew1024.seed10086.subtreePrefetch.vllm.log,4059,2026-09-15 19:57:49,1131.0,602.1,1124.0,6,0,2.5,0.0
dataset-lcb_v6.model-qwen3.5-9b.alpha4.0.steps100.blocks-1.prefetch-budget-20.rank-bfs_accept_first.cut-entropy4.0.samples20.maxnew1024.seed10086.subtreePrefetch.vllm.log,4099,2026-09-15 19:57:59,1141.0,594.5,883.3,1,0,0.5,0.0
dataset-lcb_v6.model-qwen3.5-9b.alpha4.0.steps100.blocks-1.prefetch-budget-20.rank-bfs_accept_first.cut-entropy4.0.samples20.maxnew1024.seed10086.subtreePrefetch.vllm.log,4145,2026-09-15 19:58:09,1151.0,682.8,1056.8,5,0,2.1,0.0
dataset-lcb_v6.model-qwen3.5-9b.alpha4.0.steps100.blocks-1.prefetch-budget-20.rank-bfs_accept_first.cut-entropy4.0.samples20.maxnew1024.seed10086.subtreePrefetch.vllm.log,4181,2026-09-15 19:58:19,1161.0,675.1,1100.1,7,0,2.9,0.0
dataset-lcb_v6.model-qwen3.5-9b.alpha4.0.steps100.blocks-1.prefetch-budget-20.rank-bfs_accept_first.cut-entropy4.0.samples20.maxnew1024.seed10086.subtreePrefetch.vllm.log,4227,2026-09-15 19:58:29,1171.0,168.2,413.5,1,0,0.5,0.0
dataset-lcb_v6.model-qwen3.5-9b.alpha4.0.steps100.blocks-1.prefetch-budget-20.rank-bfs_accept_first.cut-entropy4.0.samples20.maxnew1024.seed10086.subtreePrefetch.vllm.log,4385,2026-09-15 19:58:39,1181.0,81.3,97.0,1,0,0.5,0.0
dataset-lcb_v6.model-qwen3.5-9b.alpha4.0.steps100.blocks-1.prefetch-budget-20.rank-bfs_accept_first.cut-entropy4.0.samples20.maxnew1024.seed10086.subtreePrefetch.vllm.log,4390,2026-09-15 19:58:49,1191.0,587.8,1177.7,8,0,3.1,0.0
dataset-lcb_v6.model-qwen3.5-9b.alpha4.0.steps100.blocks-1.prefetch-budget-20.rank-bfs_accept_first.cut-entropy4.0.samples20.maxnew1024.seed10086.subtreePrefetch.vllm.log,4426,2026-09-15 19:58:59,1201.0,418.4,1294.9,11,0,3.6,0.0
dataset-lcb_v6.model-qwen3.5-9b.alpha4.0.steps100.blocks-1.prefetch-budget-20.rank-bfs_accept_first.cut-entropy4.0.samples20.maxnew1024.seed10086.subtreePrefetch.vllm.log,4470,2026-09-15 19:59:09,1211.0,516.2,1378.2,12,0,4.4,0.0
dataset-lcb_v6.model-qwen3.5-9b.alpha4.0.steps100.blocks-1.prefetch-budget-20.rank-bfs_accept_first.cut-entropy4.0.samples20.maxnew1024.seed10086.subtreePrefetch.vllm.log,4502,2026-09-15 19:59:19,1221.0,395.5,1216.6,8,0,2.6,0.0
dataset-lcb_v6.model-qwen3.5-9b.alpha4.0.steps100.blocks-1.prefetch-budget-20.rank-bfs_accept_first.cut-entropy4.0.samples20.maxnew1024.seed10086.subtreePrefetch.vllm.log,4542,2026-09-15 19:59:29,1231.0,458.7,1290.5,5,0,2.0,0.0
dataset-lcb_v6.model-qwen3.5-9b.alpha4.0.steps100.blocks-1.prefetch-budget-20.rank-bfs_accept_first.cut-entropy4.0.samples20.maxnew1024.seed10086.subtreePrefetch.vllm.log,4574,2026-09-15 19:59:39,1241.0,526.0,1201.1,15,0,4.3,0.0
dataset-lcb_v6.model-qwen3.5-9b.alpha4.0.steps100.blocks-1.prefetch-budget-20.rank-bfs_accept_first.cut-entropy4.0.samples20.maxnew1024.seed10086.subtreePrefetch.vllm.log,4606,2026-09-15 19:59:49,1251.0,536.0,1224.1,16,0,4.4,0.0
dataset-lcb_v6.model-qwen3.5-9b.alpha4.0.steps100.blocks-1.prefetch-budget-20.rank-bfs_accept_first.cut-entropy4.0.samples20.maxnew1024.seed10086.subtreePrefetch.vllm.log,4642,2026-09-15 19:59:59,1261.0,549.0,1273.0,16,0,4.4,0.0
dataset-lcb_v6.model-qwen3.5-9b.alpha4.0.steps100.blocks-1.prefetch-budget-20.rank-bfs_accept_first.cut-entropy4.0.samples20.maxnew1024.seed10086.subtreePrefetch.vllm.log,4684,2026-09-15 20:00:09,1271.0,388.0,1295.5,18,0,4.9,0.0
dataset-lcb_v6.model-qwen3.5-9b.alpha4.0.steps100.blocks-1.prefetch-budget-20.rank-bfs_accept_first.cut-entropy4.0.samples20.maxnew1024.seed10086.subtreePrefetch.vllm.log,4716,2026-09-15 20:00:19,1281.0,426.5,1093.1,18,0,4.2,0.0
dataset-lcb_v6.model-qwen3.5-9b.alpha4.0.steps100.blocks-1.prefetch-budget-20.rank-bfs_accept_first.cut-entropy4.0.samples20.maxnew1024.seed10086.subtreePrefetch.vllm.log,4750,2026-09-15 20:00:29,1291.0,517.7,1264.3,18,0,4.0,0.0
dataset-lcb_v6.model-qwen3.5-9b.alpha4.0.steps100.blocks-1.prefetch-budget-20.rank-bfs_accept_first.cut-entropy4.0.samples20.maxnew1024.seed10086.subtreePrefetch.vllm.log,4780,2026-09-15 20:00:39,1301.0,560.7,1144.5,19,0,4.0,0.0
dataset-lcb_v6.model-qwen3.5-9b.alpha4.0.steps100.blocks-1.prefetch-budget-20.rank-bfs_accept_first.cut-entropy4.0.samples20.maxnew1024.seed10086.subtreePrefetch.vllm.log,4820,2026-09-15 20:00:49,1311.0,488.0,1333.7,16,0,3.4,0.0
dataset-lcb_v6.model-qwen3.5-9b.alpha4.0.steps100.blocks-1.prefetch-budget-20.rank-bfs_accept_first.cut-entropy4.0.samples20.maxnew1024.seed10086.subtreePrefetch.vllm.log,4858,2026-09-15 20:00:59,1321.0,593.5,1062.3,20,0,3.6,0.0
dataset-lcb_v6.model-qwen3.5-9b.alpha4.0.steps100.blocks-1.prefetch-budget-20.rank-bfs_accept_first.cut-entropy4.0.samples20.maxnew1024.seed10086.subtreePrefetch.vllm.log,4886,2026-09-15 20:01:09,1331.0,402.2,1167.8,20,0,3.0,0.0
dataset-lcb_v6.model-qwen3.5-9b.alpha4.0.steps100.blocks-1.prefetch-budget-20.rank-bfs_accept_first.cut-entropy4.0.samples20.maxnew1024.seed10086.subtreePrefetch.vllm.log,4887,2026-09-15 20:01:19,1341.0,0.0,1394.4,1,0,0.5,0.0
dataset-lcb_v6.model-qwen3.5-9b.alpha4.0.steps100.blocks-1.prefetch-budget-20.rank-bfs_accept_first.cut-entropy4.0.samples20.maxnew1024.seed10086.subtreePrefetch.vllm.log,4917,2026-09-15 20:01:29,1351.0,520.3,1404.0,8,0,3.3,0.0
dataset-lcb_v6.model-qwen3.5-9b.alpha4.0.steps100.blocks-1.prefetch-budget-20.rank-bfs_accept_first.cut-entropy4.0.samples20.maxnew1024.seed10086.subtreePrefetch.vllm.log,4949,2026-09-15 20:01:39,1361.0,605.7,1425.2,18,0,6.5,0.0
dataset-lcb_v6.model-qwen3.5-9b.alpha4.0.steps100.blocks-1.prefetch-budget-20.rank-bfs_accept_first.cut-entropy4.0.samples20.maxnew1024.seed10086.subtreePrefetch.vllm.log,4979,2026-09-15 20:01:49,1371.0,543.5,1370.3,20,0,5.5,0.0
dataset-lcb_v6.model-qwen3.5-9b.alpha4.0.steps100.blocks-1.prefetch-budget-20.rank-bfs_accept_first.cut-entropy4.0.samples20.maxnew1024.seed10086.subtreePrefetch.vllm.log,5011,2026-09-15 20:01:59,1381.0,704.0,1318.8,20,0,5.2,0.0
dataset-lcb_v6.model-qwen3.5-9b.alpha4.0.steps100.blocks-1.prefetch-budget-20.rank-bfs_accept_first.cut-entropy4.0.samples20.maxnew1024.seed10086.subtreePrefetch.vllm.log,5037,2026-09-15 20:02:09,1391.0,476.2,1501.3,20,0,4.6,0.0
dataset-lcb_v6.model-qwen3.5-9b.alpha4.0.steps100.blocks-1.prefetch-budget-20.rank-bfs_accept_first.cut-entropy4.0.samples20.maxnew1024.seed10086.subtreePrefetch.vllm.log,5085,2026-09-15 20:02:19,1401.0,477.9,1302.4,20,0,4.3,0.0
dataset-lcb_v6.model-qwen3.5-9b.alpha4.0.steps100.blocks-1.prefetch-budget-20.rank-bfs_accept_first.cut-entropy4.0.samples20.maxnew1024.seed10086.subtreePrefetch.vllm.log,5121,2026-09-15 20:02:29,1411.0,548.0,1297.1,20,0,4.6,0.0
dataset-lcb_v6.model-qwen3.5-9b.alpha4.0.steps100.blocks-1.prefetch-budget-20.rank-bfs_accept_first.cut-entropy4.0.samples20.maxnew1024.seed10086.subtreePrefetch.vllm.log,5165,2026-09-15 20:02:39,1421.0,431.7,1366.6,20,0,3.8,0.0
dataset-lcb_v6.model-qwen3.5-9b.alpha4.0.steps100.blocks-1.prefetch-budget-20.rank-bfs_accept_first.cut-entropy4.0.samples20.maxnew1024.seed10086.subtreePrefetch.vllm.log,5203,2026-09-15 20:02:49,1431.0,396.8,1197.8,20,0,3.5,0.0
dataset-lcb_v6.model-qwen3.5-9b.alpha4.0.steps100.blocks-1.prefetch-budget-20.rank-bfs_accept_first.cut-entropy4.0.samples20.maxnew1024.seed10086.subtreePrefetch.vllm.log,5227,2026-09-15 20:02:59,1441.0,471.8,1245.2,20,0,2.9,0.0
dataset-lcb_v6.model-qwen3.5-9b.alpha4.0.steps100.blocks-1.prefetch-budget-20.rank-bfs_accept_first.cut-entropy4.0.samples20.maxnew1024.seed10086.subtreePrefetch.vllm.log,5228,2026-09-15 20:03:09,1451.0,0.0,1436.9,1,0,0.5,0.0
dataset-lcb_v6.model-qwen3.5-9b.alpha4.0.steps100.blocks-1.prefetch-budget-20.rank-bfs_accept_first.cut-entropy4.0.samples20.maxnew1024.seed10086.subtreePrefetch.vllm.log,5256,2026-09-15 20:03:19,1461.0,492.2,1425.7,8,0,3.3,0.0
dataset-lcb_v6.model-qwen3.5-9b.alpha4.0.steps100.blocks-1.prefetch-budget-20.rank-bfs_accept_first.cut-entropy4.0.samples20.maxnew1024.seed10086.subtreePrefetch.vllm.log,5294,2026-09-15 20:03:29,1471.0,249.4,878.3,3,0,1.3,0.0
dataset-lcb_v6.model-qwen3.5-9b.alpha4.0.steps100.blocks-1.prefetch-budget-20.rank-bfs_accept_first.cut-entropy4.0.samples20.maxnew1024.seed10086.subtreePrefetch.vllm.log,5462,2026-09-15 20:03:39,1481.0,35.4,122.8,1,0,0.4,0.0
dataset-lcb_v6.model-qwen3.5-9b.alpha4.0.steps100.blocks-1.prefetch-budget-20.rank-bfs_accept_first.cut-entropy4.0.samples20.maxnew1024.seed10086.subtreePrefetch.vllm.log,5467,2026-09-15 20:03:49,1491.0,442.5,1156.0,5,0,1.8,0.0
dataset-lcb_v6.model-qwen3.5-9b.alpha4.0.steps100.blocks-1.prefetch-budget-20.rank-bfs_accept_first.cut-entropy4.0.samples20.maxnew1024.seed10086.subtreePrefetch.vllm.log,5507,2026-09-15 20:03:59,1501.0,533.7,1111.1,10,0,3.5,0.0
dataset-lcb_v6.model-qwen3.5-9b.alpha4.0.steps100.blocks-1.prefetch-budget-20.rank-bfs_accept_first.cut-entropy4.0.samples20.maxnew1024.seed10086.subtreePrefetch.vllm.log,5545,2026-09-15 20:04:09,1511.0,411.0,1228.5,10,0,2.9,0.0
dataset-lcb_v6.model-qwen3.5-9b.alpha4.0.steps100.blocks-1.prefetch-budget-20.rank-bfs_accept_first.cut-entropy4.0.samples20.maxnew1024.seed10086.subtreePrefetch.vllm.log,5587,2026-09-15 20:04:19,1521.0,629.2,969.7,11,0,3.0,0.0
dataset-lcb_v6.model-qwen3.5-9b.alpha4.0.steps100.blocks-1.prefetch-budget-20.rank-bfs_accept_first.cut-entropy4.0.samples20.maxnew1024.seed10086.subtreePrefetch.vllm.log,5623,2026-09-15 20:04:29,1531.0,434.7,975.8,13,0,3.1,0.0
dataset-lcb_v6.model-qwen3.5-9b.alpha4.0.steps100.blocks-1.prefetch-budget-20.rank-bfs_accept_first.cut-entropy4.0.samples20.maxnew1024.seed10086.subtreePrefetch.vllm.log,5663,2026-09-15 20:04:39,1541.0,355.4,1036.3,12,0,3.1,0.0
dataset-lcb_v6.model-qwen3.5-9b.alpha4.0.steps100.blocks-1.prefetch-budget-20.rank-bfs_accept_first.cut-entropy4.0.samples20.maxnew1024.seed10086.subtreePrefetch.vllm.log,5699,2026-09-15 20:04:49,1551.0,459.3,1102.7,12,0,3.3,0.0
dataset-lcb_v6.model-qwen3.5-9b.alpha4.0.steps100.blocks-1.prefetch-budget-20.rank-bfs_accept_first.cut-entropy4.0.samples20.maxnew1024.seed10086.subtreePrefetch.vllm.log,5737,2026-09-15 20:04:59,1561.0,569.8,1112.7,14,0,3.8,0.0
dataset-lcb_v6.model-qwen3.5-9b.alpha4.0.steps100.blocks-1.prefetch-budget-20.rank-bfs_accept_first.cut-entropy4.0.samples20.maxnew1024.seed10086.subtreePrefetch.vllm.log,5767,2026-09-15 20:05:09,1571.0,461.3,974.8,10,0,2.5,0.0
dataset-lcb_v6.model-qwen3.5-9b.alpha4.0.steps100.blocks-1.prefetch-budget-20.rank-bfs_accept_first.cut-entropy4.0.samples20.maxnew1024.seed10086.subtreePrefetch.vllm.log,5807,2026-09-15 20:05:19,1581.0,653.6,986.2,15,0,3.6,0.0
dataset-lcb_v6.model-qwen3.5-9b.alpha4.0.steps100.blocks-1.prefetch-budget-20.rank-bfs_accept_first.cut-entropy4.0.samples20.maxnew1024.seed10086.subtreePrefetch.vllm.log,5843,2026-09-15 20:05:29,1591.0,453.8,1197.3,18,0,3.9,0.0
dataset-lcb_v6.model-qwen3.5-9b.alpha4.0.steps100.blocks-1.prefetch-budget-20.rank-bfs_accept_first.cut-entropy4.0.samples20.maxnew1024.seed10086.subtreePrefetch.vllm.log,5871,2026-09-15 20:05:39,1601.0,512.7,1077.0,17,0,3.6,0.0
dataset-lcb_v6.model-qwen3.5-9b.alpha4.0.steps100.blocks-1.prefetch-budget-20.rank-bfs_accept_first.cut-entropy4.0.samples20.maxnew1024.seed10086.subtreePrefetch.vllm.log,5913,2026-09-15 20:05:49,1611.0,409.8,970.6,19,0,3.6,0.0
dataset-lcb_v6.model-qwen3.5-9b.alpha4.0.steps100.blocks-1.prefetch-budget-20.rank-bfs_accept_first.cut-entropy4.0.samples20.maxnew1024.seed10086.subtreePrefetch.vllm.log,5945,2026-09-15 20:05:59,1621.0,520.3,1137.6,18,0,3.3,0.0
dataset-lcb_v6.model-qwen3.5-9b.alpha4.0.steps100.blocks-1.prefetch-budget-20.rank-bfs_accept_first.cut-entropy4.0.samples20.maxnew1024.seed10086.subtreePrefetch.vllm.log,5983,2026-09-15 20:06:09,1631.0,562.7,952.9,20,0,3.3,0.0
dataset-lcb_v6.model-qwen3.5-9b.alpha4.0.steps100.blocks-1.prefetch-budget-20.rank-bfs_accept_first.cut-entropy4.0.samples20.maxnew1024.seed10086.subtreePrefetch.vllm.log,6015,2026-09-15 20:06:19,1641.0,519.5,1110.4,20,0,2.9,0.0
dataset-lcb_v6.model-qwen3.5-9b.alpha4.0.steps100.blocks-1.prefetch-budget-20.rank-bfs_accept_first.cut-entropy4.0.samples20.maxnew1024.seed10086.subtreePrefetch.vllm.log,6016,2026-09-15 20:06:29,1651.0,0.0,1311.1,3,0,1.2,0.0
dataset-lcb_v6.model-qwen3.5-9b.alpha4.0.steps100.blocks-1.prefetch-budget-20.rank-bfs_accept_first.cut-entropy4.0.samples20.maxnew1024.seed10086.subtreePrefetch.vllm.log,6052,2026-09-15 20:06:39,1661.0,429.2,748.4,13,0,2.9,73.0
dataset-lcb_v6.model-qwen3.5-9b.alpha4.0.steps100.blocks-1.prefetch-budget-20.rank-bfs_accept_first.cut-entropy4.0.samples20.maxnew1024.seed10086.subtreePrefetch.vllm.log,6088,2026-09-15 20:06:49,1671.0,444.3,570.6,20,0,3.4,73.0
dataset-lcb_v6.model-qwen3.5-9b.alpha4.0.steps100.blocks-1.prefetch-budget-20.rank-bfs_accept_first.cut-entropy4.0.samples20.maxnew1024.seed10086.subtreePrefetch.vllm.log,6126,2026-09-15 20:06:59,1681.0,515.1,1246.2,20,0,3.3,73.0
dataset-lcb_v6.model-qwen3.5-9b.alpha4.0.steps100.blocks-1.prefetch-budget-20.rank-bfs_accept_first.cut-entropy4.0.samples20.maxnew1024.seed10086.subtreePrefetch.vllm.log,6156,2026-09-15 20:07:09,1691.0,292.3,1089.6,20,0,2.9,73.0
dataset-lcb_v6.model-qwen3.5-9b.alpha4.0.steps100.blocks-1.prefetch-budget-20.rank-bfs_accept_first.cut-entropy4.0.samples20.maxnew1024.seed10086.subtreePrefetch.vllm.log,6194,2026-09-15 20:07:19,1701.0,474.2,1122.8,20,0,3.0,74.3
dataset-lcb_v6.model-qwen3.5-9b.alpha4.0.steps100.blocks-1.prefetch-budget-20.rank-bfs_accept_first.cut-entropy4.0.samples20.maxnew1024.seed10086.subtreePrefetch.vllm.log,6195,2026-09-15 20:07:29,1711.0,0.0,691.0,10,0,2.9,74.3
dataset-lcb_v6.model-qwen3.5-9b.alpha4.0.steps100.blocks-1.prefetch-budget-20.rank-bfs_accept_first.cut-entropy4.0.samples20.maxnew1024.seed10086.subtreePrefetch.vllm.log,6239,2026-09-15 20:07:39,1721.0,433.5,709.8,12,0,2.7,74.3
dataset-lcb_v6.model-qwen3.5-9b.alpha4.0.steps100.blocks-1.prefetch-budget-20.rank-bfs_accept_first.cut-entropy4.0.samples20.maxnew1024.seed10086.subtreePrefetch.vllm.log,6275,2026-09-15 20:07:49,1731.0,346.9,1014.7,18,0,3.1,74.3
dataset-lcb_v6.model-qwen3.5-9b.alpha4.0.steps100.blocks-1.prefetch-budget-20.rank-bfs_accept_first.cut-entropy4.0.samples20.maxnew1024.seed10086.subtreePrefetch.vllm.log,6319,2026-09-15 20:07:59,1741.0,583.4,1221.4,20,0,3.8,74.3
dataset-lcb_v6.model-qwen3.5-9b.alpha4.0.steps100.blocks-1.prefetch-budget-20.rank-bfs_accept_first.cut-entropy4.0.samples20.maxnew1024.seed10086.subtreePrefetch.vllm.log,6359,2026-09-15 20:08:09,1751.0,413.8,1196.9,19,0,3.1,74.3
dataset-lcb_v6.model-qwen3.5-9b.alpha4.0.steps100.blocks-1.prefetch-budget-20.rank-bfs_accept_first.cut-entropy4.0.samples20.maxnew1024.seed10086.subtreePrefetch.vllm.log,6393,2026-09-15 20:08:19,1761.0,435.1,1080.0,20,0,2.9,74.3
dataset-lcb_v6.model-qwen3.5-9b.alpha4.0.steps100.blocks-1.prefetch-budget-20.rank-bfs_accept_first.cut-entropy4.0.samples20.maxnew1024.seed10086.subtreePrefetch.vllm.log,6394,2026-09-15 20:08:29,1771.0,0.0,1148.7,1,0,0.4,74.3
dataset-lcb_v6.model-qwen3.5-9b.alpha4.0.steps100.blocks-1.prefetch-budget-20.rank-bfs_accept_first.cut-entropy4.0.samples20.maxnew1024.seed10086.subtreePrefetch.vllm.log,6569,2026-09-15 20:08:39,1781.0,183.9,276.5,1,0,0.3,74.3
dataset-lcb_v6.model-qwen3.5-9b.alpha4.0.steps100.blocks-1.prefetch-budget-20.rank-bfs_accept_first.cut-entropy4.0.samples20.maxnew1024.seed10086.subtreePrefetch.vllm.log,6574,2026-09-15 20:08:49,1791.0,510.1,260.2,18,0,3.0,74.3
dataset-lcb_v6.model-qwen3.5-9b.alpha4.0.steps100.blocks-1.prefetch-budget-20.rank-bfs_accept_first.cut-entropy4.0.samples20.maxnew1024.seed10086.subtreePrefetch.vllm.log,6614,2026-09-15 20:08:59,1801.0,531.1,773.1,18,0,3.3,74.3
dataset-lcb_v6.model-qwen3.5-9b.alpha4.0.steps100.blocks-1.prefetch-budget-20.rank-bfs_accept_first.cut-entropy4.0.samples20.maxnew1024.seed10086.subtreePrefetch.vllm.log,6638,2026-09-15 20:09:09,1811.0,484.0,964.3,20,0,3.0,74.3
dataset-lcb_v6.model-qwen3.5-9b.alpha4.0.steps100.blocks-1.prefetch-budget-20.rank-bfs_accept_first.cut-entropy4.0.samples20.maxnew1024.seed10086.subtreePrefetch.vllm.log,6639,2026-09-15 20:09:19,1821.0,0.0,1229.4,2,0,0.9,74.3
dataset-lcb_v6.model-qwen3.5-9b.alpha4.0.steps100.blocks-1.prefetch-budget-20.rank-bfs_accept_first.cut-entropy4.0.samples20.maxnew1024.seed10086.subtreePrefetch.vllm.log,6677,2026-09-15 20:09:29,1831.0,477.7,1065.5,5,0,2.0,74.3
dataset-lcb_v6.model-qwen3.5-9b.alpha4.0.steps100.blocks-1.prefetch-budget-20.rank-bfs_accept_first.cut-entropy4.0.samples20.maxnew1024.seed10086.subtreePrefetch.vllm.log,6713,2026-09-15 20:09:39,1841.0,525.3,1065.5,8,0,2.6,74.3
dataset-lcb_v6.model-qwen3.5-9b.alpha4.0.steps100.blocks-1.prefetch-budget-20.rank-bfs_accept_first.cut-entropy4.0.samples20.maxnew1024.seed10086.subtreePrefetch.vllm.log,6757,2026-09-15 20:09:49,1851.0,619.7,1117.0,7,0,2.2,74.3
dataset-lcb_v6.model-qwen3.5-9b.alpha4.0.steps100.blocks-1.prefetch-budget-20.rank-bfs_accept_first.cut-entropy4.0.samples20.maxnew1024.seed10086.subtreePrefetch.vllm.log,6787,2026-09-15 20:09:59,1861.0,517.7,991.5,12,0,3.5,74.3
dataset-lcb_v6.model-qwen3.5-9b.alpha4.0.steps100.blocks-1.prefetch-budget-20.rank-bfs_accept_first.cut-entropy4.0.samples20.maxnew1024.seed10086.subtreePrefetch.vllm.log,6817,2026-09-15 20:10:09,1871.0,606.2,995.8,6,0,1.8,74.3
dataset-lcb_v6.model-qwen3.5-9b.alpha4.0.steps100.blocks-1.prefetch-budget-20.rank-bfs_accept_first.cut-entropy4.0.samples20.maxnew1024.seed10086.subtreePrefetch.vllm.log,6851,2026-09-15 20:10:19,1881.0,490.7,975.7,13,0,3.6,74.3
dataset-lcb_v6.model-qwen3.5-9b.alpha4.0.steps100.blocks-1.prefetch-budget-20.rank-bfs_accept_first.cut-entropy4.0.samples20.maxnew1024.seed10086.subtreePrefetch.vllm.log,6895,2026-09-15 20:10:29,1891.0,552.9,1132.6,18,0,4.7,74.3
dataset-lcb_v6.model-qwen3.5-9b.alpha4.0.steps100.blocks-1.prefetch-budget-20.rank-bfs_accept_first.cut-entropy4.0.samples20.maxnew1024.seed10086.subtreePrefetch.vllm.log,6929,2026-09-15 20:10:39,1901.0,427.3,1120.5,13,0,2.3,74.3
dataset-lcb_v6.model-qwen3.5-9b.alpha4.0.steps100.blocks-1.prefetch-budget-20.rank-bfs_accept_first.cut-entropy4.0.samples20.maxnew1024.seed10086.subtreePrefetch.vllm.log,6961,2026-09-15 20:10:49,1911.0,584.1,1035.7,17,0,3.8,74.3
dataset-lcb_v6.model-qwen3.5-9b.alpha4.0.steps100.blocks-1.prefetch-budget-20.rank-bfs_accept_first.cut-entropy4.0.samples20.maxnew1024.seed10086.subtreePrefetch.vllm.log,7005,2026-09-15 20:10:59,1921.0,464.8,914.3,17,0,3.0,74.3
dataset-lcb_v6.model-qwen3.5-9b.alpha4.0.steps100.blocks-1.prefetch-budget-20.rank-bfs_accept_first.cut-entropy4.0.samples20.maxnew1024.seed10086.subtreePrefetch.vllm.log,7049,2026-09-15 20:11:09,1931.0,496.3,806.0,18,0,2.8,74.3
dataset-lcb_v6.model-qwen3.5-9b.alpha4.0.steps100.blocks-1.prefetch-budget-20.rank-bfs_accept_first.cut-entropy4.0.samples20.maxnew1024.seed10086.subtreePrefetch.vllm.log,7095,2026-09-15 20:11:19,1941.0,514.8,796.0,20,0,3.4,74.3
dataset-lcb_v6.model-qwen3.5-9b.alpha4.0.steps100.blocks-1.prefetch-budget-20.rank-bfs_accept_first.cut-entropy4.0.samples20.maxnew1024.seed10086.subtreePrefetch.vllm.log,7135,2026-09-15 20:11:29,1951.0,491.0,847.0,18,0,3.3,74.3
dataset-lcb_v6.model-qwen3.5-9b.alpha4.0.steps100.blocks-1.prefetch-budget-20.rank-bfs_accept_first.cut-entropy4.0.samples20.maxnew1024.seed10086.subtreePrefetch.vllm.log,7175,2026-09-15 20:11:39,1961.0,530.5,977.9,20,0,3.8,74.3
dataset-lcb_v6.model-qwen3.5-9b.alpha4.0.steps100.blocks-1.prefetch-budget-20.rank-bfs_accept_first.cut-entropy4.0.samples20.maxnew1024.seed10086.subtreePrefetch.vllm.log,7213,2026-09-15 20:11:49,1971.0,451.1,1138.7,20,0,3.0,74.3
dataset-lcb_v6.model-qwen3.5-9b.alpha4.0.steps100.blocks-1.prefetch-budget-20.rank-bfs_accept_first.cut-entropy4.0.samples20.maxnew1024.seed10086.subtreePrefetch.vllm.log,7249,2026-09-15 20:11:59,1981.0,540.3,834.5,20,0,3.0,74.3
dataset-lcb_v6.model-qwen3.5-9b.alpha4.0.steps100.blocks-1.prefetch-budget-20.rank-bfs_accept_first.cut-entropy4.0.samples20.maxnew1024.seed10086.subtreePrefetch.vllm.log,7250,2026-09-15 20:12:09,1991.0,0.0,1036.4,4,0,1.7,74.3
dataset-lcb_v6.model-qwen3.5-9b.alpha4.0.steps100.blocks-1.prefetch-budget-20.rank-bfs_accept_first.cut-entropy4.0.samples20.maxnew1024.seed10086.subtreePrefetch.vllm.log,7294,2026-09-15 20:12:19,2001.0,274.6,472.2,1,0,0.5,74.3
dataset-lcb_v6.model-qwen3.5-9b.alpha4.0.steps100.blocks-1.prefetch-budget-20.rank-bfs_accept_first.cut-entropy4.0.samples20.maxnew1024.seed10086.subtreePrefetch.vllm.log,7421,2026-09-15 20:12:29,2011.0,102.3,179.8,1,0,0.3,74.3
dataset-lcb_v6.model-qwen3.5-9b.alpha4.0.steps100.blocks-1.prefetch-budget-20.rank-bfs_accept_first.cut-entropy4.0.samples20.maxnew1024.seed10086.subtreePrefetch.vllm.log,7426,2026-09-15 20:12:39,2021.0,530.5,138.5,20,0,3.0,74.3
dataset-lcb_v6.model-qwen3.5-9b.alpha4.0.steps100.blocks-1.prefetch-budget-20.rank-bfs_accept_first.cut-entropy4.0.samples20.maxnew1024.seed10086.subtreePrefetch.vllm.log,7468,2026-09-15 20:12:49,2031.0,544.1,982.4,20,0,2.9,74.3
dataset-lcb_v6.model-qwen3.5-9b.alpha4.0.steps100.blocks-1.prefetch-budget-20.rank-bfs_accept_first.cut-entropy4.0.samples20.maxnew1024.seed10086.subtreePrefetch.vllm.log,7469,2026-09-15 20:12:59,2041.0,0.0,844.4,1,0,0.4,74.3
dataset-lcb_v6.model-qwen3.5-9b.alpha4.0.steps100.blocks-1.prefetch-budget-20.rank-bfs_accept_first.cut-entropy4.0.samples20.maxnew1024.seed10086.subtreePrefetch.vllm.log,7517,2026-09-15 20:13:09,2051.0,744.7,942.8,2,0,0.7,74.3
dataset-lcb_v6.model-qwen3.5-9b.alpha4.0.steps100.blocks-1.prefetch-budget-20.rank-bfs_accept_first.cut-entropy4.0.samples20.maxnew1024.seed10086.subtreePrefetch.vllm.log,7565,2026-09-15 20:13:19,2061.0,634.7,1164.4,4,0,1.2,74.3
dataset-lcb_v6.model-qwen3.5-9b.alpha4.0.steps100.blocks-1.prefetch-budget-20.rank-bfs_accept_first.cut-entropy4.0.samples20.maxnew1024.seed10086.subtreePrefetch.vllm.log,7603,2026-09-15 20:13:29,2071.0,668.8,1062.4,3,0,0.9,74.3
dataset-lcb_v6.model-qwen3.5-9b.alpha4.0.steps100.blocks-1.prefetch-budget-20.rank-bfs_accept_first.cut-entropy4.0.samples20.maxnew1024.seed10086.subtreePrefetch.vllm.log,7647,2026-09-15 20:13:39,2081.0,595.5,1096.5,2,0,0.7,74.3
dataset-lcb_v6.model-qwen3.5-9b.alpha4.0.steps100.blocks-1.prefetch-budget-20.rank-bfs_accept_first.cut-entropy4.0.samples20.maxnew1024.seed10086.subtreePrefetch.vllm.log,7695,2026-09-15 20:13:49,2091.0,530.4,1306.8,9,0,2.5,74.3
dataset-lcb_v6.model-qwen3.5-9b.alpha4.0.steps100.blocks-1.prefetch-budget-20.rank-bfs_accept_first.cut-entropy4.0.samples20.maxnew1024.seed10086.subtreePrefetch.vllm.log,7725,2026-09-15 20:13:59,2101.0,667.3,1133.5,11,0,3.0,74.3
dataset-lcb_v6.model-qwen3.5-9b.alpha4.0.steps100.blocks-1.prefetch-budget-20.rank-bfs_accept_first.cut-entropy4.0.samples20.maxnew1024.seed10086.subtreePrefetch.vllm.log,7765,2026-09-15 20:14:09,2111.0,558.7,1044.4,16,0,4.2,74.3
dataset-lcb_v6.model-qwen3.5-9b.alpha4.0.steps100.blocks-1.prefetch-budget-20.rank-bfs_accept_first.cut-entropy4.0.samples20.maxnew1024.seed10086.subtreePrefetch.vllm.log,7805,2026-09-15 20:14:19,2121.0,550.2,1053.1,17,0,4.2,74.3
dataset-lcb_v6.model-qwen3.5-9b.alpha4.0.steps100.blocks-1.prefetch-budget-20.rank-bfs_accept_first.cut-entropy4.0.samples20.maxnew1024.seed10086.subtreePrefetch.vllm.log,7837,2026-09-15 20:14:29,2131.0,571.3,1184.2,14,0,3.3,74.3
dataset-lcb_v6.model-qwen3.5-9b.alpha4.0.steps100.blocks-1.prefetch-budget-20.rank-bfs_accept_first.cut-entropy4.0.samples20.maxnew1024.seed10086.subtreePrefetch.vllm.log,7881,2026-09-15 20:14:39,2141.0,605.2,878.8,18,0,3.6,74.3
dataset-lcb_v6.model-qwen3.5-9b.alpha4.0.steps100.blocks-1.prefetch-budget-20.rank-bfs_accept_first.cut-entropy4.0.samples20.maxnew1024.seed10086.subtreePrefetch.vllm.log,7913,2026-09-15 20:14:49,2151.0,757.3,1117.9,18,0,3.3,74.3
dataset-lcb_v6.model-qwen3.5-9b.alpha4.0.steps100.blocks-1.prefetch-budget-20.rank-bfs_accept_first.cut-entropy4.0.samples20.maxnew1024.seed10086.subtreePrefetch.vllm.log,7957,2026-09-15 20:14:59,2161.0,627.8,1122.4,19,0,3.8,74.3
dataset-lcb_v6.model-qwen3.5-9b.alpha4.0.steps100.blocks-1.prefetch-budget-20.rank-bfs_accept_first.cut-entropy4.0.samples20.maxnew1024.seed10086.subtreePrefetch.vllm.log,7991,2026-09-15 20:15:09,2171.0,736.0,1103.5,19,0,3.3,74.3
dataset-lcb_v6.model-qwen3.5-9b.alpha4.0.steps100.blocks-1.prefetch-budget-20.rank-bfs_accept_first.cut-entropy4.0.samples20.maxnew1024.seed10086.subtreePrefetch.vllm.log,8037,2026-09-15 20:15:19,2181.0,646.8,1102.0,17,0,3.9,74.3
dataset-lcb_v6.model-qwen3.5-9b.alpha4.0.steps100.blocks-1.prefetch-budget-20.rank-bfs_accept_first.cut-entropy4.0.samples20.maxnew1024.seed10086.subtreePrefetch.vllm.log,8075,2026-09-15 20:15:29,2191.0,605.3,979.0,19,0,2.9,74.3
dataset-lcb_v6.model-qwen3.5-9b.alpha4.0.steps100.blocks-1.prefetch-budget-20.rank-bfs_accept_first.cut-entropy4.0.samples20.maxnew1024.seed10086.subtreePrefetch.vllm.log,8111,2026-09-15 20:15:39,2201.0,546.9,1202.3,17,0,2.5,74.3
dataset-lcb_v6.model-qwen3.5-9b.alpha4.0.steps100.blocks-1.prefetch-budget-20.rank-bfs_accept_first.cut-entropy4.0.samples20.maxnew1024.seed10086.subtreePrefetch.vllm.log,8112,2026-09-15 20:15:49,2211.0,0.0,801.0,1,0,0.4,74.3
dataset-lcb_v6.model-qwen3.5-9b.alpha4.0.steps100.blocks-1.prefetch-budget-20.rank-bfs_accept_first.cut-entropy4.0.samples20.maxnew1024.seed10086.subtreePrefetch.vllm.log,8276,2026-09-15 20:15:59,2221.0,81.8,96.6,1,0,0.5,74.3
dataset-lcb_v6.model-qwen3.5-9b.alpha4.0.steps100.blocks-1.prefetch-budget-20.rank-bfs_accept_first.cut-entropy4.0.samples20.maxnew1024.seed10086.subtreePrefetch.vllm.log,8281,2026-09-15 20:16:09,2231.0,451.2,1165.3,4,0,1.7,74.3
dataset-lcb_v6.model-qwen3.5-9b.alpha4.0.steps100.blocks-1.prefetch-budget-20.rank-bfs_accept_first.cut-entropy4.0.samples20.maxnew1024.seed10086.subtreePrefetch.vllm.log,8313,2026-09-15 20:16:19,2241.0,394.4,1323.6,4,0,1.7,74.3
dataset-lcb_v6.model-qwen3.5-9b.alpha4.0.steps100.blocks-1.prefetch-budget-20.rank-bfs_accept_first.cut-entropy4.0.samples20.maxnew1024.seed10086.subtreePrefetch.vllm.log,8343,2026-09-15 20:16:29,2251.0,533.4,994.8,2,0,0.9,74.3
dataset-lcb_v6.model-qwen3.5-9b.alpha4.0.steps100.blocks-1.prefetch-budget-20.rank-bfs_accept_first.cut-entropy4.0.samples20.maxnew1024.seed10086.subtreePrefetch.vllm.log,8381,2026-09-15 20:16:39,2261.0,435.9,1237.2,12,0,3.9,74.3
dataset-lcb_v6.model-qwen3.5-9b.alpha4.0.steps100.blocks-1.prefetch-budget-20.rank-bfs_accept_first.cut-entropy4.0.samples20.maxnew1024.seed10086.subtreePrefetch.vllm.log,8415,2026-09-15 20:16:49,2271.0,397.2,1251.5,14,0,4.4,74.3
dataset-lcb_v6.model-qwen3.5-9b.alpha4.0.steps100.blocks-1.prefetch-budget-20.rank-bfs_accept_first.cut-entropy4.0.samples20.maxnew1024.seed10086.subtreePrefetch.vllm.log,8451,2026-09-15 20:16:59,2281.0,291.3,1416.5,16,0,4.8,74.3
dataset-lcb_v6.model-qwen3.5-9b.alpha4.0.steps100.blocks-1.prefetch-budget-20.rank-bfs_accept_first.cut-entropy4.0.samples20.maxnew1024.seed10086.subtreePrefetch.vllm.log,8479,2026-09-15 20:17:09,2291.0,365.3,1294.4,16,0,4.7,74.3
dataset-lcb_v6.model-qwen3.5-9b.alpha4.0.steps100.blocks-1.prefetch-budget-20.rank-bfs_accept_first.cut-entropy4.0.samples20.maxnew1024.seed10086.subtreePrefetch.vllm.log,8513,2026-09-15 20:17:19,2301.0,393.1,1258.8,17,0,4.0,74.3
dataset-lcb_v6.model-qwen3.5-9b.alpha4.0.steps100.blocks-1.prefetch-budget-20.rank-bfs_accept_first.cut-entropy4.0.samples20.maxnew1024.seed10086.subtreePrefetch.vllm.log,8555,2026-09-15 20:17:29,2311.0,539.9,1175.1,10,0,2.3,74.3
dataset-lcb_v6.model-qwen3.5-9b.alpha4.0.steps100.blocks-1.prefetch-budget-20.rank-bfs_accept_first.cut-entropy4.0.samples20.maxnew1024.seed10086.subtreePrefetch.vllm.log,8603,2026-09-15 20:17:39,2321.0,638.0,1076.8,11,0,3.1,74.3
dataset-lcb_v6.model-qwen3.5-9b.alpha4.0.steps100.blocks-1.prefetch-budget-20.rank-bfs_accept_first.cut-entropy4.0.samples20.maxnew1024.seed10086.subtreePrefetch.vllm.log,8635,2026-09-15 20:17:49,2331.0,491.2,1196.4,14,0,3.3,74.3
dataset-lcb_v6.model-qwen3.5-9b.alpha4.0.steps100.blocks-1.prefetch-budget-20.rank-bfs_accept_first.cut-entropy4.0.samples20.maxnew1024.seed10086.subtreePrefetch.vllm.log,8665,2026-09-15 20:17:59,2341.0,538.3,1140.6,12,0,3.0,74.3
dataset-lcb_v6.model-qwen3.5-9b.alpha4.0.steps100.blocks-1.prefetch-budget-20.rank-bfs_accept_first.cut-entropy4.0.samples20.maxnew1024.seed10086.subtreePrefetch.vllm.log,8707,2026-09-15 20:18:09,2351.0,454.1,1097.9,17,0,3.6,74.3
dataset-lcb_v6.model-qwen3.5-9b.alpha4.0.steps100.blocks-1.prefetch-budget-20.rank-bfs_accept_first.cut-entropy4.0.samples20.maxnew1024.seed10086.subtreePrefetch.vllm.log,8731,2026-09-15 20:18:19,2361.0,503.7,1093.3,9,0,2.1,74.3
dataset-lcb_v6.model-qwen3.5-9b.alpha4.0.steps100.blocks-1.prefetch-budget-20.rank-bfs_accept_first.cut-entropy4.0.samples20.maxnew1024.seed10086.subtreePrefetch.vllm.log,8777,2026-09-15 20:18:29,2371.0,539.6,1073.0,10,0,2.3,74.3
dataset-lcb_v6.model-qwen3.5-9b.alpha4.0.steps100.blocks-1.prefetch-budget-20.rank-bfs_accept_first.cut-entropy4.0.samples20.maxnew1024.seed10086.subtreePrefetch.vllm.log,8821,2026-09-15 20:18:39,2381.0,552.0,963.4,11,0,2.6,74.3
dataset-lcb_v6.model-qwen3.5-9b.alpha4.0.steps100.blocks-1.prefetch-budget-20.rank-bfs_accept_first.cut-entropy4.0.samples20.maxnew1024.seed10086.subtreePrefetch.vllm.log,8851,2026-09-15 20:18:49,2391.0,348.4,1181.4,15,0,3.0,74.3
dataset-lcb_v6.model-qwen3.5-9b.alpha4.0.steps100.blocks-1.prefetch-budget-20.rank-bfs_accept_first.cut-entropy4.0.samples20.maxnew1024.seed10086.subtreePrefetch.vllm.log,8879,2026-09-15 20:18:59,2401.0,468.7,1347.4,19,0,4.4,74.3
dataset-lcb_v6.model-qwen3.5-9b.alpha4.0.steps100.blocks-1.prefetch-budget-20.rank-bfs_accept_first.cut-entropy4.0.samples20.maxnew1024.seed10086.subtreePrefetch.vllm.log,8915,2026-09-15 20:19:09,2411.0,544.6,1383.5,11,0,2.7,74.3
dataset-lcb_v6.model-qwen3.5-9b.alpha4.0.steps100.blocks-1.prefetch-budget-20.rank-bfs_accept_first.cut-entropy4.0.samples20.maxnew1024.seed10086.subtreePrefetch.vllm.log,8953,2026-09-15 20:19:19,2421.0,633.8,970.7,13,0,3.3,74.3
dataset-lcb_v6.model-qwen3.5-9b.alpha4.0.steps100.blocks-1.prefetch-budget-20.rank-bfs_accept_first.cut-entropy4.0.samples20.maxnew1024.seed10086.subtreePrefetch.vllm.log,8997,2026-09-15 20:19:29,2431.0,416.5,948.7,15,0,3.4,74.3
dataset-lcb_v6.model-qwen3.5-9b.alpha4.0.steps100.blocks-1.prefetch-budget-20.rank-bfs_accept_first.cut-entropy4.0.samples20.maxnew1024.seed10086.subtreePrefetch.vllm.log,9043,2026-09-15 20:19:39,2441.0,278.5,1123.3,17,0,3.0,74.3
dataset-lcb_v6.model-qwen3.5-9b.alpha4.0.steps100.blocks-1.prefetch-budget-20.rank-bfs_accept_first.cut-entropy4.0.samples20.maxnew1024.seed10086.subtreePrefetch.vllm.log,9089,2026-09-15 20:19:49,2451.0,109.5,733.5,2,0,0.7,74.3
dataset-lcb_v6.model-qwen3.5-9b.alpha4.0.steps100.blocks-1.prefetch-budget-20.rank-bfs_accept_first.cut-entropy4.0.samples20.maxnew1024.seed10086.subtreePrefetch.vllm.log,9219,2026-09-15 20:19:59,2461.0,44.1,146.9,1,0,0.3,74.3
dataset-lcb_v6.model-qwen3.5-9b.alpha4.0.steps100.blocks-1.prefetch-budget-20.rank-bfs_accept_first.cut-entropy4.0.samples20.maxnew1024.seed10086.subtreePrefetch.vllm.log,9224,2026-09-15 20:20:09,2471.0,549.0,752.9,17,0,3.5,74.3
dataset-lcb_v6.model-qwen3.5-9b.alpha4.0.steps100.blocks-1.prefetch-budget-20.rank-bfs_accept_first.cut-entropy4.0.samples20.maxnew1024.seed10086.subtreePrefetch.vllm.log,9254,2026-09-15 20:20:19,2481.0,442.2,1128.8,16,0,3.3,74.3
dataset-lcb_v6.model-qwen3.5-9b.alpha4.0.steps100.blocks-1.prefetch-budget-20.rank-bfs_accept_first.cut-entropy4.0.samples20.maxnew1024.seed10086.subtreePrefetch.vllm.log,9284,2026-09-15 20:20:29,2491.0,403.2,1033.4,15,0,2.5,74.3
dataset-lcb_v6.model-qwen3.5-9b.alpha4.0.steps100.blocks-1.prefetch-budget-20.rank-bfs_accept_first.cut-entropy4.0.samples20.maxnew1024.seed10086.subtreePrefetch.vllm.log,9318,2026-09-15 20:20:39,2501.0,576.8,814.4,9,0,1.8,74.3
dataset-lcb_v6.model-qwen3.5-9b.alpha4.0.steps100.blocks-1.prefetch-budget-20.rank-bfs_accept_first.cut-entropy4.0.samples20.maxnew1024.seed10086.subtreePrefetch.vllm.log,9348,2026-09-15 20:20:49,2511.0,478.7,847.4,13,0,2.7,74.3
dataset-lcb_v6.model-qwen3.5-9b.alpha4.0.steps100.blocks-1.prefetch-budget-20.rank-bfs_accept_first.cut-entropy4.0.samples20.maxnew1024.seed10086.subtreePrefetch.vllm.log,9386,2026-09-15 20:20:59,2521.0,575.2,1033.2,16,0,3.4,74.3
dataset-lcb_v6.model-qwen3.5-9b.alpha4.0.steps100.blocks-1.prefetch-budget-20.rank-bfs_accept_first.cut-entropy4.0.samples20.maxnew1024.seed10086.subtreePrefetch.vllm.log,9420,2026-09-15 20:21:09,2531.0,472.8,864.3,19,0,3.5,73.2
dataset-lcb_v6.model-qwen3.5-9b.alpha4.0.steps100.blocks-1.prefetch-budget-20.rank-bfs_accept_first.cut-entropy4.0.samples20.maxnew1024.seed10086.subtreePrefetch.vllm.log,9421,2026-09-15 20:21:19,2541.0,0.0,676.0,10,0,3.1,73.2
dataset-lcb_v6.model-qwen3.5-9b.alpha4.0.steps100.blocks-1.prefetch-budget-20.rank-bfs_accept_first.cut-entropy4.0.samples20.maxnew1024.seed10086.subtreePrefetch.vllm.log,9447,2026-09-15 20:21:29,2551.0,374.2,728.1,17,0,3.0,73.2
dataset-lcb_v6.model-qwen3.5-9b.alpha4.0.steps100.blocks-1.prefetch-budget-20.rank-bfs_accept_first.cut-entropy4.0.samples20.maxnew1024.seed10086.subtreePrefetch.vllm.log,9487,2026-09-15 20:21:39,2561.0,519.8,1244.5,16,0,3.4,73.2
dataset-lcb_v6.model-qwen3.5-9b.alpha4.0.steps100.blocks-1.prefetch-budget-20.rank-bfs_accept_first.cut-entropy4.0.samples20.maxnew1024.seed10086.subtreePrefetch.vllm.log,9517,2026-09-15 20:21:49,2571.0,328.9,988.6,17,0,2.9,73.2
dataset-lcb_v6.model-qwen3.5-9b.alpha4.0.steps100.blocks-1.prefetch-budget-20.rank-bfs_accept_first.cut-entropy4.0.samples20.maxnew1024.seed10086.subtreePrefetch.vllm.log,9541,2026-09-15 20:21:59,2581.0,365.9,845.8,16,0,2.9,73.2
dataset-lcb_v6.model-qwen3.5-9b.alpha4.0.steps100.blocks-1.prefetch-budget-20.rank-bfs_accept_first.cut-entropy4.0.samples20.maxnew1024.seed10086.subtreePrefetch.vllm.log,9577,2026-09-15 20:22:09,2591.0,358.7,953.8,17,0,2.7,73.2
dataset-lcb_v6.model-qwen3.5-9b.alpha4.0.steps100.blocks-1.prefetch-budget-20.rank-bfs_accept_first.cut-entropy4.0.samples20.maxnew1024.seed10086.subtreePrefetch.vllm.log,9623,2026-09-15 20:22:19,2601.0,502.1,687.5,19,0,3.5,73.2
dataset-lcb_v6.model-qwen3.5-9b.alpha4.0.steps100.blocks-1.prefetch-budget-20.rank-bfs_accept_first.cut-entropy4.0.samples20.maxnew1024.seed10086.subtreePrefetch.vllm.log,9661,2026-09-15 20:22:29,2611.0,416.3,986.9,20,0,3.0,73.2
dataset-lcb_v6.model-qwen3.5-9b.alpha4.0.steps100.blocks-1.prefetch-budget-20.rank-bfs_accept_first.cut-entropy4.0.samples20.maxnew1024.seed10086.subtreePrefetch.vllm.log,9662,2026-09-15 20:22:39,2621.0,0.0,1100.6,1,0,0.4,73.2
dataset-lcb_v6.model-qwen3.5-9b.alpha4.0.steps100.blocks-1.prefetch-budget-20.rank-bfs_accept_first.cut-entropy4.0.samples20.maxnew1024.seed10086.subtreePrefetch.vllm.log,9700,2026-09-15 20:22:49,2631.0,530.8,1262.6,5,0,1.7,73.2
dataset-lcb_v6.model-qwen3.5-9b.alpha4.0.steps100.blocks-1.prefetch-budget-20.rank-bfs_accept_first.cut-entropy4.0.samples20.maxnew1024.seed10086.subtreePrefetch.vllm.log,9744,2026-09-15 20:22:59,2641.0,543.1,959.4,4,0,1.3,73.2
dataset-lcb_v6.model-qwen3.5-9b.alpha4.0.steps100.blocks-1.prefetch-budget-20.rank-bfs_accept_first.cut-entropy4.0.samples20.maxnew1024.seed10086.subtreePrefetch.vllm.log,9788,2026-09-15 20:23:09,2651.0,666.6,1079.6,6,0,2.0,73.2
dataset-lcb_v6.model-qwen3.5-9b.alpha4.0.steps100.blocks-1.prefetch-budget-20.rank-bfs_accept_first.cut-entropy4.0.samples20.maxnew1024.seed10086.subtreePrefetch.vllm.log,9830,2026-09-15 20:23:19,2661.0,464.7,1167.3,13,0,3.9,73.2
dataset-lcb_v6.model-qwen3.5-9b.alpha4.0.steps100.blocks-1.prefetch-budget-20.rank-bfs_accept_first.cut-entropy4.0.samples20.maxnew1024.seed10086.subtreePrefetch.vllm.log,9874,2026-09-15 20:23:29,2671.0,476.7,1321.4,14,0,3.8,73.2
dataset-lcb_v6.model-qwen3.5-9b.alpha4.0.steps100.blocks-1.prefetch-budget-20.rank-bfs_accept_first.cut-entropy4.0.samples20.maxnew1024.seed10086.subtreePrefetch.vllm.log,9918,2026-09-15 20:23:39,2681.0,438.6,1234.9,18,0,3.9,73.2
dataset-lcb_v6.model-qwen3.5-9b.alpha4.0.steps100.blocks-1.prefetch-budget-20.rank-bfs_accept_first.cut-entropy4.0.samples20.maxnew1024.seed10086.subtreePrefetch.vllm.log,9944,2026-09-15 20:23:49,2691.0,422.8,1255.8,19,0,3.8,73.2
dataset-lcb_v6.model-qwen3.5-9b.alpha4.0.steps100.blocks-1.prefetch-budget-20.rank-bfs_accept_first.cut-entropy4.0.samples20.maxnew1024.seed10086.subtreePrefetch.vllm.log,9966,2026-09-15 20:23:59,2701.0,391.7,941.2,18,0,3.0,75.9
dataset-lcb_v6.model-qwen3.5-9b.alpha4.0.steps100.blocks-1.prefetch-budget-20.rank-bfs_accept_first.cut-entropy4.0.samples20.maxnew1024.seed10086.subtreePrefetch.vllm.log,9967,2026-09-15 20:24:09,2711.0,0.0,670.1,11,0,3.3,75.9
dataset-lcb_v6.model-qwen3.5-9b.alpha4.0.steps100.blocks-1.prefetch-budget-20.rank-bfs_accept_first.cut-entropy4.0.samples20.maxnew1024.seed10086.subtreePrefetch.vllm.log,10007,2026-09-15 20:24:19,2721.0,575.3,795.1,19,0,4.2,75.9
dataset-lcb_v6.model-qwen3.5-9b.alpha4.0.steps100.blocks-1.prefetch-budget-20.rank-bfs_accept_first.cut-entropy4.0.samples20.maxnew1024.seed10086.subtreePrefetch.vllm.log,10043,2026-09-15 20:24:29,2731.0,100.9,750.4,4,0,0.9,75.9
dataset-lcb_v6.model-qwen3.5-9b.alpha4.0.steps100.blocks-1.prefetch-budget-20.rank-bfs_accept_first.cut-entropy4.0.samples20.maxnew1024.seed10086.subtreePrefetch.vllm.log,10080,2026-09-15 20:24:39,2741.0,40.1,260.2,1,0,0.3,75.9
dataset-lcb_v6.model-qwen3.5-9b.alpha4.0.steps100.blocks-1.prefetch-budget-20.rank-bfs_accept_first.cut-entropy4.0.samples20.maxnew1024.seed10086.subtreePrefetch.vllm.log,10085,2026-09-15 20:24:50,2752.0,741.5,456.8,17,0,4.4,75.9
dataset-lcb_v6.model-qwen3.5-9b.alpha4.0.steps100.blocks-1.prefetch-budget-20.rank-bfs_accept_first.cut-entropy4.0.samples20.maxnew1024.seed10086.subtreePrefetch.vllm.log,10111,2026-09-15 20:25:00,2762.0,758.7,995.6,20,0,3.1,75.9
dataset-lcb_v6.model-qwen3.5-9b.alpha4.0.steps100.blocks-1.prefetch-budget-20.rank-bfs_accept_first.cut-entropy4.0.samples20.maxnew1024.seed10086.subtreePrefetch.vllm.log,10112,2026-09-15 20:25:10,2772.0,0.0,1308.7,8,0,3.1,75.9
dataset-lcb_v6.model-qwen3.5-9b.alpha4.0.steps100.blocks-1.prefetch-budget-20.rank-bfs_accept_first.cut-entropy4.0.samples20.maxnew1024.seed10086.subtreePrefetch.vllm.log,10158,2026-09-15 20:25:20,2782.0,719.1,1240.6,7,0,2.7,75.9
dataset-lcb_v6.model-qwen3.5-9b.alpha4.0.steps100.blocks-1.prefetch-budget-20.rank-bfs_accept_first.cut-entropy4.0.samples20.maxnew1024.seed10086.subtreePrefetch.vllm.log,10206,2026-09-15 20:25:30,2792.0,711.4,1301.5,9,0,3.5,75.9
dataset-lcb_v6.model-qwen3.5-9b.alpha4.0.steps100.blocks-1.prefetch-budget-20.rank-bfs_accept_first.cut-entropy4.0.samples20.maxnew1024.seed10086.subtreePrefetch.vllm.log,10244,2026-09-15 20:25:40,2802.0,742.4,1308.4,19,0,5.1,75.9
dataset-lcb_v6.model-qwen3.5-9b.alpha4.0.steps100.blocks-1.prefetch-budget-20.rank-bfs_accept_first.cut-entropy4.0.samples20.maxnew1024.seed10086.subtreePrefetch.vllm.log,10282,2026-09-15 20:25:50,2812.0,854.8,1282.0,20,0,5.2,75.9
dataset-lcb_v6.model-qwen3.5-9b.alpha4.0.steps100.blocks-1.prefetch-budget-20.rank-bfs_accept_first.cut-entropy4.0.samples20.maxnew1024.seed10086.subtreePrefetch.vllm.log,10316,2026-09-15 20:26:00,2822.0,861.3,1609.7,20,0,5.2,75.9
dataset-lcb_v6.model-qwen3.5-9b.alpha4.0.steps100.blocks-1.prefetch-budget-20.rank-bfs_accept_first.cut-entropy4.0.samples20.maxnew1024.seed10086.subtreePrefetch.vllm.log,10354,2026-09-15 20:26:10,2832.0,731.4,1610.2,20,0,2.7,75.9
dataset-lcb_v6.model-qwen3.5-9b.alpha4.0.steps100.blocks-1.prefetch-budget-20.rank-bfs_accept_first.cut-entropy4.0.samples20.maxnew1024.seed10086.subtreePrefetch.vllm.log,10355,2026-09-15 20:26:20,2842.0,0.0,1608.8,16,0,6.1,75.9
dataset-lcb_v6.model-qwen3.5-9b.alpha4.0.steps100.blocks-1.prefetch-budget-20.rank-bfs_accept_first.cut-entropy4.0.samples20.maxnew1024.seed10086.subtreePrefetch.vllm.log,10401,2026-09-15 20:26:30,2852.0,816.7,1525.4,19,0,7.4,75.9
dataset-lcb_v6.model-qwen3.5-9b.alpha4.0.steps100.blocks-1.prefetch-budget-20.rank-bfs_accept_first.cut-entropy4.0.samples20.maxnew1024.seed10086.subtreePrefetch.vllm.log,10427,2026-09-15 20:26:40,2862.0,803.4,1567.4,20,0,5.2,75.9
dataset-lcb_v6.model-qwen3.5-9b.alpha4.0.steps100.blocks-1.prefetch-budget-20.rank-bfs_accept_first.cut-entropy4.0.samples20.maxnew1024.seed10086.subtreePrefetch.vllm.log,10459,2026-09-15 20:26:50,2872.0,737.8,1485.9,20,0,5.1,75.9
dataset-lcb_v6.model-qwen3.5-9b.alpha4.0.steps100.blocks-1.prefetch-budget-20.rank-bfs_accept_first.cut-entropy4.0.samples20.maxnew1024.seed10086.subtreePrefetch.vllm.log,10507,2026-09-15 20:27:00,2882.0,828.9,1443.6,20,0,5.1,75.9
dataset-lcb_v6.model-qwen3.5-9b.alpha4.0.steps100.blocks-1.prefetch-budget-20.rank-bfs_accept_first.cut-entropy4.0.samples20.maxnew1024.seed10086.subtreePrefetch.vllm.log,10508,2026-09-15 20:27:10,2892.0,0.0,1599.5,14,0,5.5,75.9
dataset-lcb_v6.model-qwen3.5-9b.alpha4.0.steps100.blocks-1.prefetch-budget-20.rank-bfs_accept_first.cut-entropy4.0.samples20.maxnew1024.seed10086.subtreePrefetch.vllm.log,10540,2026-09-15 20:27:20,2902.0,803.1,1623.7,19,0,7.4,75.9
dataset-lcb_v6.model-qwen3.5-9b.alpha4.0.steps100.blocks-1.prefetch-budget-20.rank-bfs_accept_first.cut-entropy4.0.samples20.maxnew1024.seed10086.subtreePrefetch.vllm.log,10570,2026-09-15 20:27:30,2912.0,814.7,1572.5,17,0,4.8,75.9
dataset-lcb_v6.model-qwen3.5-9b.alpha4.0.steps100.blocks-1.prefetch-budget-20.rank-bfs_accept_first.cut-entropy4.0.samples20.maxnew1024.seed10086.subtreePrefetch.vllm.log,10604,2026-09-15 20:27:40,2922.0,798.7,1526.1,20,0,5.3,75.9
dataset-lcb_v6.model-qwen3.5-9b.alpha4.0.steps100.blocks-1.prefetch-budget-20.rank-bfs_accept_first.cut-entropy4.0.samples20.maxnew1024.seed10086.subtreePrefetch.vllm.log,10644,2026-09-15 20:27:50,2932.0,772.4,1440.6,20,0,5.3,75.9
dataset-lcb_v6.model-qwen3.5-9b.alpha4.0.steps100.blocks-1.prefetch-budget-20.rank-bfs_accept_first.cut-entropy4.0.samples20.maxnew1024.seed10086.subtreePrefetch.vllm.log,10688,2026-09-15 20:28:00,2942.0,787.4,1371.5,20,0,3.3,75.9
dataset-lcb_v6.model-qwen3.5-9b.alpha4.0.steps100.blocks-1.prefetch-budget-20.rank-bfs_accept_first.cut-entropy4.0.samples20.maxnew1024.seed10086.subtreePrefetch.vllm.log,10689,2026-09-15 20:28:10,2952.0,0.0,1621.6,13,0,5.1,75.9
dataset-lcb_v6.model-qwen3.5-9b.alpha4.0.steps100.blocks-1.prefetch-budget-20.rank-bfs_accept_first.cut-entropy4.0.samples20.maxnew1024.seed10086.subtreePrefetch.vllm.log,10717,2026-09-15 20:28:20,2962.0,813.6,1550.9,16,0,6.2,75.9
dataset-lcb_v6.model-qwen3.5-9b.alpha4.0.steps100.blocks-1.prefetch-budget-20.rank-bfs_accept_first.cut-entropy4.0.samples20.maxnew1024.seed10086.subtreePrefetch.vllm.log,10763,2026-09-15 20:28:30,2972.0,785.7,1520.7,12,0,3.6,75.9
dataset-lcb_v6.model-qwen3.5-9b.alpha4.0.steps100.blocks-1.prefetch-budget-20.rank-bfs_accept_first.cut-entropy4.0.samples20.maxnew1024.seed10086.subtreePrefetch.vllm.log,10809,2026-09-15 20:28:40,2982.0,825.9,1347.1,20,0,5.3,75.9
dataset-lcb_v6.model-qwen3.5-9b.alpha4.0.steps100.blocks-1.prefetch-budget-20.rank-bfs_accept_first.cut-entropy4.0.samples20.maxnew1024.seed10086.subtreePrefetch.vllm.log,10847,2026-09-15 20:28:50,2992.0,860.5,1552.2,20,0,5.3,75.9
dataset-lcb_v6.model-qwen3.5-9b.alpha4.0.steps100.blocks-1.prefetch-budget-20.rank-bfs_accept_first.cut-entropy4.0.samples20.maxnew1024.seed10086.subtreePrefetch.vllm.log,10891,2026-09-15 20:29:00,3002.0,261.8,1428.8,7,0,1.2,75.9
dataset-lcb_v6.model-qwen3.5-9b.alpha4.0.steps100.blocks-1.prefetch-budget-20.rank-bfs_accept_first.cut-entropy4.0.samples20.maxnew1024.seed10086.subtreePrefetch.vllm.log,10936,2026-09-15 20:29:10,3012.0,36.6,465.9,1,0,0.1,75.9
dataset-lcb_v6.model-qwen3.5-9b.alpha4.0.steps100.blocks-1.prefetch-budget-20.rank-bfs_accept_first.cut-entropy4.0.samples20.maxnew1024.seed10086.subtreePrefetch.vllm.log,10941,2026-09-15 20:29:20,3022.0,443.2,206.4,20,0,3.0,75.9
dataset-lcb_v6.model-qwen3.5-9b.alpha4.0.steps100.blocks-1.prefetch-budget-20.rank-bfs_accept_first.cut-entropy4.0.samples20.maxnew1024.seed10086.subtreePrefetch.vllm.log,10977,2026-09-15 20:29:30,3032.0,505.3,976.9,20,0,2.9,75.9
dataset-lcb_v6.model-qwen3.5-9b.alpha4.0.steps100.blocks-1.prefetch-budget-20.rank-bfs_accept_first.cut-entropy4.0.samples20.maxnew1024.seed10086.subtreePrefetch.vllm.log,10978,2026-09-15 20:29:40,3042.0,0.0,1137.0,3,0,1.2,75.9
dataset-lcb_v6.model-qwen3.5-9b.alpha4.0.steps100.blocks-1.prefetch-budget-20.rank-bfs_accept_first.cut-entropy4.0.samples20.maxnew1024.seed10086.subtreePrefetch.vllm.log,11020,2026-09-15 20:29:50,3052.0,536.9,1238.7,2,0,0.8,75.9
dataset-lcb_v6.model-qwen3.5-9b.alpha4.0.steps100.blocks-1.prefetch-budget-20.rank-bfs_accept_first.cut-entropy4.0.samples20.maxnew1024.seed10086.subtreePrefetch.vllm.log,11054,2026-09-15 20:30:00,3062.0,559.5,1296.1,7,0,2.7,75.9
dataset-lcb_v6.model-qwen3.5-9b.alpha4.0.steps100.blocks-1.prefetch-budget-20.rank-bfs_accept_first.cut-entropy4.0.samples20.maxnew1024.seed10086.subtreePrefetch.vllm.log,11082,2026-09-15 20:30:10,3072.0,479.0,1129.7,5,0,1.6,75.9
dataset-lcb_v6.model-qwen3.5-9b.alpha4.0.steps100.blocks-1.prefetch-budget-20.rank-bfs_accept_first.cut-entropy4.0.samples20.maxnew1024.seed10086.subtreePrefetch.vllm.log,11122,2026-09-15 20:30:20,3082.0,684.1,1090.9,5,0,1.7,75.9
dataset-lcb_v6.model-qwen3.5-9b.alpha4.0.steps100.blocks-1.prefetch-budget-20.rank-bfs_accept_first.cut-entropy4.0.samples20.maxnew1024.seed10086.subtreePrefetch.vllm.log,11154,2026-09-15 20:30:30,3092.0,660.2,1079.3,7,0,2.0,75.9
dataset-lcb_v6.model-qwen3.5-9b.alpha4.0.steps100.blocks-1.prefetch-budget-20.rank-bfs_accept_first.cut-entropy4.0.samples20.maxnew1024.seed10086.subtreePrefetch.vllm.log,11196,2026-09-15 20:30:40,3102.0,533.5,1196.5,9,0,2.6,75.9
dataset-lcb_v6.model-qwen3.5-9b.alpha4.0.steps100.blocks-1.prefetch-budget-20.rank-bfs_accept_first.cut-entropy4.0.samples20.maxnew1024.seed10086.subtreePrefetch.vllm.log,11234,2026-09-15 20:30:50,3112.0,646.5,1108.3,10,0,2.7,75.9
dataset-lcb_v6.model-qwen3.5-9b.alpha4.0.steps100.blocks-1.prefetch-budget-20.rank-bfs_accept_first.cut-entropy4.0.samples20.maxnew1024.seed10086.subtreePrefetch.vllm.log,11270,2026-09-15 20:31:00,3122.0,631.9,1099.4,15,0,3.9,75.9
dataset-lcb_v6.model-qwen3.5-9b.alpha4.0.steps100.blocks-1.prefetch-budget-20.rank-bfs_accept_first.cut-entropy4.0.samples20.maxnew1024.seed10086.subtreePrefetch.vllm.log,11308,2026-09-15 20:31:10,3132.0,576.7,1116.4,12,0,2.6,75.9
dataset-lcb_v6.model-qwen3.5-9b.alpha4.0.steps100.blocks-1.prefetch-budget-20.rank-bfs_accept_first.cut-entropy4.0.samples20.maxnew1024.seed10086.subtreePrefetch.vllm.log,11346,2026-09-15 20:31:20,3142.0,529.5,1097.9,16,0,4.0,75.9
dataset-lcb_v6.model-qwen3.5-9b.alpha4.0.steps100.blocks-1.prefetch-budget-20.rank-bfs_accept_first.cut-entropy4.0.samples20.maxnew1024.seed10086.subtreePrefetch.vllm.log,11386,2026-09-15 20:31:30,3152.0,661.9,1160.4,17,0,4.2,75.9
dataset-lcb_v6.model-qwen3.5-9b.alpha4.0.steps100.blocks-1.prefetch-budget-20.rank-bfs_accept_first.cut-entropy4.0.samples20.maxnew1024.seed10086.subtreePrefetch.vllm.log,11426,2026-09-15 20:31:40,3162.0,574.3,1006.8,19,0,4.3,75.9
dataset-lcb_v6.model-qwen3.5-9b.alpha4.0.steps100.blocks-1.prefetch-budget-20.rank-bfs_accept_first.cut-entropy4.0.samples20.maxnew1024.seed10086.subtreePrefetch.vllm.log,11454,2026-09-15 20:31:50,3172.0,719.6,1221.6,19,0,4.8,75.9
dataset-lcb_v6.model-qwen3.5-9b.alpha4.0.steps100.blocks-1.prefetch-budget-20.rank-bfs_accept_first.cut-entropy4.0.samples20.maxnew1024.seed10086.subtreePrefetch.vllm.log,11482,2026-09-15 20:32:00,3182.0,680.5,1027.5,20,0,4.4,75.9
dataset-lcb_v6.model-qwen3.5-9b.alpha4.0.steps100.blocks-1.prefetch-budget-20.rank-bfs_accept_first.cut-entropy4.0.samples20.maxnew1024.seed10086.subtreePrefetch.vllm.log,11516,2026-09-15 20:32:10,3192.0,658.8,1104.9,20,0,3.6,75.9
dataset-lcb_v6.model-qwen3.5-9b.alpha4.0.steps100.blocks-1.prefetch-budget-20.rank-bfs_accept_first.cut-entropy4.0.samples20.maxnew1024.seed10086.subtreePrefetch.vllm.log,11548,2026-09-15 20:32:20,3202.0,652.5,1066.7,20,0,3.1,75.9
dataset-lcb_v6.model-qwen3.5-9b.alpha4.0.steps100.blocks-1.prefetch-budget-20.rank-bfs_accept_first.cut-entropy4.0.samples20.maxnew1024.seed10086.subtreePrefetch.vllm.log,11549,2026-09-15 20:32:30,3212.0,0.0,965.0,1,0,0.4,75.9
dataset-lcb_v6.model-qwen3.5-9b.alpha4.0.steps100.blocks-1.prefetch-budget-20.rank-bfs_accept_first.cut-entropy4.0.samples20.maxnew1024.seed10086.subtreePrefetch.vllm.log,11595,2026-09-15 20:32:40,3222.0,523.4,1249.2,1,0,0.4,75.9
dataset-lcb_v6.model-qwen3.5-9b.alpha4.0.steps100.blocks-1.prefetch-budget-20.rank-bfs_accept_first.cut-entropy4.0.samples20.maxnew1024.seed10086.subtreePrefetch.vllm.log,11631,2026-09-15 20:32:50,3232.0,560.0,999.2,1,0,0.4,75.9
dataset-lcb_v6.model-qwen3.5-9b.alpha4.0.steps100.blocks-1.prefetch-budget-20.rank-bfs_accept_first.cut-entropy4.0.samples20.maxnew1024.seed10086.subtreePrefetch.vllm.log,11663,2026-09-15 20:33:00,3242.0,665.2,1082.1,4,0,1.6,75.9
dataset-lcb_v6.model-qwen3.5-9b.alpha4.0.steps100.blocks-1.prefetch-budget-20.rank-bfs_accept_first.cut-entropy4.0.samples20.maxnew1024.seed10086.subtreePrefetch.vllm.log,11705,2026-09-15 20:33:10,3252.0,637.8,1036.2,4,0,1.3,75.9
dataset-lcb_v6.model-qwen3.5-9b.alpha4.0.steps100.blocks-1.prefetch-budget-20.rank-bfs_accept_first.cut-entropy4.0.samples20.maxnew1024.seed10086.subtreePrefetch.vllm.log,11773,2026-09-15 20:33:20,3262.0,116.1,158.0,1,0,0.3,75.9
dataset-lcb_v6.model-qwen3.5-9b.alpha4.0.steps100.blocks-1.prefetch-budget-20.rank-bfs_accept_first.cut-entropy4.0.samples20.maxnew1024.seed10086.subtreePrefetch.vllm.log,11778,2026-09-15 20:33:30,3272.0,646.9,554.9,16,0,3.6,75.9
dataset-lcb_v6.model-qwen3.5-9b.alpha4.0.steps100.blocks-1.prefetch-budget-20.rank-bfs_accept_first.cut-entropy4.0.samples20.maxnew1024.seed10086.subtreePrefetch.vllm.log,11822,2026-09-15 20:33:40,3282.0,721.2,1107.3,20,0,4.8,75.9
dataset-lcb_v6.model-qwen3.5-9b.alpha4.0.steps100.blocks-1.prefetch-budget-20.rank-bfs_accept_first.cut-entropy4.0.samples20.maxnew1024.seed10086.subtreePrefetch.vllm.log,11852,2026-09-15 20:33:50,3292.0,591.3,1278.8,20,0,2.9,75.9
dataset-lcb_v6.model-qwen3.5-9b.alpha4.0.steps100.blocks-1.prefetch-budget-20.rank-bfs_accept_first.cut-entropy4.0.samples20.maxnew1024.seed10086.subtreePrefetch.vllm.log,11853,2026-09-15 20:34:00,3302.0,0.0,1116.4,1,0,0.4,75.9
dataset-lcb_v6.model-qwen3.5-9b.alpha4.0.steps100.blocks-1.prefetch-budget-20.rank-bfs_accept_first.cut-entropy4.0.samples20.maxnew1024.seed10086.subtreePrefetch.vllm.log,11895,2026-09-15 20:34:10,3312.0,539.7,1159.7,8,0,3.0,75.9
dataset-lcb_v6.model-qwen3.5-9b.alpha4.0.steps100.blocks-1.prefetch-budget-20.rank-bfs_accept_first.cut-entropy4.0.samples20.maxnew1024.seed10086.subtreePrefetch.vllm.log,11927,2026-09-15 20:34:20,3322.0,648.0,1168.4,12,0,4.6,75.9
dataset-lcb_v6.model-qwen3.5-9b.alpha4.0.steps100.blocks-1.prefetch-budget-20.rank-bfs_accept_first.cut-entropy4.0.samples20.maxnew1024.seed10086.subtreePrefetch.vllm.log,11949,2026-09-15 20:34:30,3332.0,641.9,944.9,6,0,1.6,75.9
dataset-lcb_v6.model-qwen3.5-9b.alpha4.0.steps100.blocks-1.prefetch-budget-20.rank-bfs_accept_first.cut-entropy4.0.samples20.maxnew1024.seed10086.subtreePrefetch.vllm.log,11971,2026-09-15 20:34:40,3342.0,591.3,972.0,13,0,3.5,75.9
dataset-lcb_v6.model-qwen3.5-9b.alpha4.0.steps100.blocks-1.prefetch-budget-20.rank-bfs_accept_first.cut-entropy4.0.samples20.maxnew1024.seed10086.subtreePrefetch.vllm.log,12015,2026-09-15 20:34:50,3352.0,612.2,1118.6,16,0,3.8,75.9
dataset-lcb_v6.model-qwen3.5-9b.alpha4.0.steps100.blocks-1.prefetch-budget-20.rank-bfs_accept_first.cut-entropy4.0.samples20.maxnew1024.seed10086.subtreePrefetch.vllm.log,12043,2026-09-15 20:35:00,3362.0,596.6,1067.7,16,0,3.8,75.9
dataset-lcb_v6.model-qwen3.5-9b.alpha4.0.steps100.blocks-1.prefetch-budget-20.rank-bfs_accept_first.cut-entropy4.0.samples20.maxnew1024.seed10086.subtreePrefetch.vllm.log,12077,2026-09-15 20:35:10,3372.0,531.3,1176.0,19,0,2.9,75.9
dataset-lcb_v6.model-qwen3.5-9b.alpha4.0.steps100.blocks-1.prefetch-budget-20.rank-bfs_accept_first.cut-entropy4.0.samples20.maxnew1024.seed10086.subtreePrefetch.vllm.log,12078,2026-09-15 20:35:20,3382.0,0.0,920.3,1,0,0.4,75.9
dataset-lcb_v6.model-qwen3.5-9b.alpha4.0.steps100.blocks-1.prefetch-budget-20.rank-bfs_accept_first.cut-entropy4.0.samples20.maxnew1024.seed10086.subtreePrefetch.vllm.log,12118,2026-09-15 20:35:30,3392.0,516.2,1054.9,8,0,3.1,75.9
dataset-lcb_v6.model-qwen3.5-9b.alpha4.0.steps100.blocks-1.prefetch-budget-20.rank-bfs_accept_first.cut-entropy4.0.samples20.maxnew1024.seed10086.subtreePrefetch.vllm.log,12154,2026-09-15 20:35:40,3402.0,616.2,952.2,8,0,3.1,75.9
dataset-lcb_v6.model-qwen3.5-9b.alpha4.0.steps100.blocks-1.prefetch-budget-20.rank-bfs_accept_first.cut-entropy4.0.samples20.maxnew1024.seed10086.subtreePrefetch.vllm.log,12182,2026-09-15 20:35:50,3412.0,712.9,1208.6,12,0,4.3,75.9
dataset-lcb_v6.model-qwen3.5-9b.alpha4.0.steps100.blocks-1.prefetch-budget-20.rank-bfs_accept_first.cut-entropy4.0.samples20.maxnew1024.seed10086.subtreePrefetch.vllm.log,12218,2026-09-15 20:36:00,3422.0,754.8,1076.8,12,0,3.3,75.9
dataset-lcb_v6.model-qwen3.5-9b.alpha4.0.steps100.blocks-1.prefetch-budget-20.rank-bfs_accept_first.cut-entropy4.0.samples20.maxnew1024.seed10086.subtreePrefetch.vllm.log,12260,2026-09-15 20:36:10,3432.0,550.5,1153.9,14,0,3.5,75.9
dataset-lcb_v6.model-qwen3.5-9b.alpha4.0.steps100.blocks-1.prefetch-budget-20.rank-bfs_accept_first.cut-entropy4.0.samples20.maxnew1024.seed10086.subtreePrefetch.vllm.log,12300,2026-09-15 20:36:20,3442.0,587.6,993.9,16,0,3.9,75.9
dataset-lcb_v6.model-qwen3.5-9b.alpha4.0.steps100.blocks-1.prefetch-budget-20.rank-bfs_accept_first.cut-entropy4.0.samples20.maxnew1024.seed10086.subtreePrefetch.vllm.log,12330,2026-09-15 20:36:30,3452.0,662.4,1054.9,19,0,3.8,75.9
dataset-lcb_v6.model-qwen3.5-9b.alpha4.0.steps100.blocks-1.prefetch-budget-20.rank-bfs_accept_first.cut-entropy4.0.samples20.maxnew1024.seed10086.subtreePrefetch.vllm.log,12362,2026-09-15 20:36:40,3462.0,569.2,1162.5,20,0,2.9,75.9
dataset-lcb_v6.model-qwen3.5-9b.alpha4.0.steps100.blocks-1.prefetch-budget-20.rank-bfs_accept_first.cut-entropy4.0.samples20.maxnew1024.seed10086.subtreePrefetch.vllm.log,12363,2026-09-15 20:36:50,3472.0,0.0,1185.1,7,0,2.7,75.9
dataset-lcb_v6.model-qwen3.5-9b.alpha4.0.steps100.blocks-1.prefetch-budget-20.rank-bfs_accept_first.cut-entropy4.0.samples20.maxnew1024.seed10086.subtreePrefetch.vllm.log,12409,2026-09-15 20:37:00,3482.0,645.2,1224.4,8,0,3.1,75.9
dataset-lcb_v6.model-qwen3.5-9b.alpha4.0.steps100.blocks-1.prefetch-budget-20.rank-bfs_accept_first.cut-entropy4.0.samples20.maxnew1024.seed10086.subtreePrefetch.vllm.log,12451,2026-09-15 20:37:10,3492.0,706.2,1291.0,13,0,5.1,75.9
dataset-lcb_v6.model-qwen3.5-9b.alpha4.0.steps100.blocks-1.prefetch-budget-20.rank-bfs_accept_first.cut-entropy4.0.samples20.maxnew1024.seed10086.subtreePrefetch.vllm.log,12485,2026-09-15 20:37:20,3502.0,630.4,1445.3,19,0,5.1,75.9
dataset-lcb_v6.model-qwen3.5-9b.alpha4.0.steps100.blocks-1.prefetch-budget-20.rank-bfs_accept_first.cut-entropy4.0.samples20.maxnew1024.seed10086.subtreePrefetch.vllm.log,12517,2026-09-15 20:37:30,3512.0,687.1,1470.1,19,0,4.9,75.9
dataset-lcb_v6.model-qwen3.5-9b.alpha4.0.steps100.blocks-1.prefetch-budget-20.rank-bfs_accept_first.cut-entropy4.0.samples20.maxnew1024.seed10086.subtreePrefetch.vllm.log,12559,2026-09-15 20:37:40,3522.0,719.6,1314.6,20,0,4.9,75.9
dataset-lcb_v6.model-qwen3.5-9b.alpha4.0.steps100.blocks-1.prefetch-budget-20.rank-bfs_accept_first.cut-entropy4.0.samples20.maxnew1024.seed10086.subtreePrefetch.vllm.log,12589,2026-09-15 20:37:50,3532.0,712.1,1535.7,20,0,2.9,75.9
dataset-lcb_v6.model-qwen3.5-9b.alpha4.0.steps100.blocks-1.prefetch-budget-20.rank-bfs_accept_first.cut-entropy4.0.samples20.maxnew1024.seed10086.subtreePrefetch.vllm.log,12590,2026-09-15 20:38:00,3542.0,0.0,1587.2,16,0,6.2,75.9
dataset-lcb_v6.model-qwen3.5-9b.alpha4.0.steps100.blocks-1.prefetch-budget-20.rank-bfs_accept_first.cut-entropy4.0.samples20.maxnew1024.seed10086.subtreePrefetch.vllm.log,12632,2026-09-15 20:38:10,3552.0,549.2,1326.5,14,0,5.3,75.9
dataset-lcb_v6.model-qwen3.5-9b.alpha4.0.steps100.blocks-1.prefetch-budget-20.rank-bfs_accept_first.cut-entropy4.0.samples20.maxnew1024.seed10086.subtreePrefetch.vllm.log,12654,2026-09-15 20:38:20,3562.0,304.4,847.7,7,0,2.5,75.9
dataset-lcb_v6.model-qwen3.5-9b.alpha4.0.steps100.blocks-1.prefetch-budget-20.rank-bfs_accept_first.cut-entropy4.0.samples20.maxnew1024.seed10086.subtreePrefetch.vllm.log,12680,2026-09-15 20:38:30,3572.0,586.9,983.3,12,0,3.3,75.9
dataset-lcb_v6.model-qwen3.5-9b.alpha4.0.steps100.blocks-1.prefetch-budget-20.rank-bfs_accept_first.cut-entropy4.0.samples20.maxnew1024.seed10086.subtreePrefetch.vllm.log,12733,2026-09-15 20:38:40,3582.0,39.7,404.2,1,0,0.3,75.9
dataset-lcb_v6.model-qwen3.5-9b.alpha4.0.steps100.blocks-1.prefetch-budget-20.rank-bfs_accept_first.cut-entropy4.0.samples20.maxnew1024.seed10086.subtreePrefetch.vllm.log,12738,2026-09-15 20:38:50,3592.0,785.2,817.1,16,0,4.3,75.9
dataset-lcb_v6.model-qwen3.5-9b.alpha4.0.steps100.blocks-1.prefetch-budget-20.rank-bfs_accept_first.cut-entropy4.0.samples20.maxnew1024.seed10086.subtreePrefetch.vllm.log,12782,2026-09-15 20:39:00,3602.0,784.5,1288.4,19,0,4.9,75.9
dataset-lcb_v6.model-qwen3.5-9b.alpha4.0.steps100.blocks-1.prefetch-budget-20.rank-bfs_accept_first.cut-entropy4.0.samples20.maxnew1024.seed10086.subtreePrefetch.vllm.log,12824,2026-09-15 20:39:10,3612.0,636.3,1417.6,20,0,3.0,75.9
dataset-lcb_v6.model-qwen3.5-9b.alpha4.0.steps100.blocks-1.prefetch-budget-20.rank-bfs_accept_first.cut-entropy4.0.samples20.maxnew1024.seed10086.subtreePrefetch.vllm.log,12825,2026-09-15 20:39:20,3622.0,0.0,1586.3,13,0,5.1,75.9
dataset-lcb_v6.model-qwen3.5-9b.alpha4.0.steps100.blocks-1.prefetch-budget-20.rank-bfs_accept_first.cut-entropy4.0.samples20.maxnew1024.seed10086.subtreePrefetch.vllm.log,12857,2026-09-15 20:39:30,3632.0,718.1,1583.5,18,0,6.9,75.9
dataset-lcb_v6.model-qwen3.5-9b.alpha4.0.steps100.blocks-1.prefetch-budget-20.rank-bfs_accept_first.cut-entropy4.0.samples20.maxnew1024.seed10086.subtreePrefetch.vllm.log,12901,2026-09-15 20:39:40,3642.0,678.2,1456.1,15,0,4.7,75.9
dataset-lcb_v6.model-qwen3.5-9b.alpha4.0.steps100.blocks-1.prefetch-budget-20.rank-bfs_accept_first.cut-entropy4.0.samples20.maxnew1024.seed10086.subtreePrefetch.vllm.log,12931,2026-09-15 20:39:50,3652.0,594.5,1415.1,19,0,4.8,75.9
dataset-lcb_v6.model-qwen3.5-9b.alpha4.0.steps100.blocks-1.prefetch-budget-20.rank-bfs_accept_first.cut-entropy4.0.samples20.maxnew1024.seed10086.subtreePrefetch.vllm.log,12957,2026-09-15 20:40:00,3662.0,766.3,1440.0,20,0,4.9,75.9
dataset-lcb_v6.model-qwen3.5-9b.alpha4.0.steps100.blocks-1.prefetch-budget-20.rank-bfs_accept_first.cut-entropy4.0.samples20.maxnew1024.seed10086.subtreePrefetch.vllm.log,12987,2026-09-15 20:40:10,3672.0,552.2,1546.5,20,0,3.1,75.9
dataset-lcb_v6.model-qwen3.5-9b.alpha4.0.steps100.blocks-1.prefetch-budget-20.rank-bfs_accept_first.cut-entropy4.0.samples20.maxnew1024.seed10086.subtreePrefetch.vllm.log,12988,2026-09-15 20:40:20,3682.0,0.0,1465.1,9,0,3.5,75.9
dataset-lcb_v6.model-qwen3.5-9b.alpha4.0.steps100.blocks-1.prefetch-budget-20.rank-bfs_accept_first.cut-entropy4.0.samples20.maxnew1024.seed10086.subtreePrefetch.vllm.log,13024,2026-09-15 20:40:30,3692.0,619.2,1417.3,11,0,4.3,75.9
dataset-lcb_v6.model-qwen3.5-9b.alpha4.0.steps100.blocks-1.prefetch-budget-20.rank-bfs_accept_first.cut-entropy4.0.samples20.maxnew1024.seed10086.subtreePrefetch.vllm.log,13064,2026-09-15 20:40:40,3702.0,683.9,1408.8,17,0,6.2,75.9
dataset-lcb_v6.model-qwen3.5-9b.alpha4.0.steps100.blocks-1.prefetch-budget-20.rank-bfs_accept_first.cut-entropy4.0.samples20.maxnew1024.seed10086.subtreePrefetch.vllm.log,13098,2026-09-15 20:40:50,3712.0,652.4,1420.5,18,0,4.8,75.9
dataset-lcb_v6.model-qwen3.5-9b.alpha4.0.steps100.blocks-1.prefetch-budget-20.rank-bfs_accept_first.cut-entropy4.0.samples20.maxnew1024.seed10086.subtreePrefetch.vllm.log,13130,2026-09-15 20:41:00,3722.0,737.7,1450.8,20,0,4.8,75.9
dataset-lcb_v6.model-qwen3.5-9b.alpha4.0.steps100.blocks-1.prefetch-budget-20.rank-bfs_accept_first.cut-entropy4.0.samples20.maxnew1024.seed10086.subtreePrefetch.vllm.log,13162,2026-09-15 20:41:10,3732.0,760.4,1488.7,20,0,4.9,75.9
dataset-lcb_v6.model-qwen3.5-9b.alpha4.0.steps100.blocks-1.prefetch-budget-20.rank-bfs_accept_first.cut-entropy4.0.samples20.maxnew1024.seed10086.subtreePrefetch.vllm.log,13163,2026-09-15 20:41:20,3742.0,0.0,1521.5,3,0,1.2,75.9
dataset-lcb_v6.model-qwen3.5-9b.alpha4.0.steps100.blocks-1.prefetch-budget-20.rank-bfs_accept_first.cut-entropy4.0.samples20.maxnew1024.seed10086.subtreePrefetch.vllm.log,13187,2026-09-15 20:41:30,3752.0,705.3,1579.6,15,0,5.9,75.9
dataset-lcb_v6.model-qwen3.5-9b.alpha4.0.steps100.blocks-1.prefetch-budget-20.rank-bfs_accept_first.cut-entropy4.0.samples20.maxnew1024.seed10086.subtreePrefetch.vllm.log,13225,2026-09-15 20:41:40,3762.0,763.1,1356.7,12,0,4.6,75.9
dataset-lcb_v6.model-qwen3.5-9b.alpha4.0.steps100.blocks-1.prefetch-budget-20.rank-bfs_accept_first.cut-entropy4.0.samples20.maxnew1024.seed10086.subtreePrefetch.vllm.log,13263,2026-09-15 20:41:50,3772.0,651.3,1297.8,18,0,4.4,75.9
dataset-lcb_v6.model-qwen3.5-9b.alpha4.0.steps100.blocks-1.prefetch-budget-20.rank-bfs_accept_first.cut-entropy4.0.samples20.maxnew1024.seed10086.subtreePrefetch.vllm.log,13307,2026-09-15 20:42:00,3782.0,721.0,1442.2,19,0,4.7,75.9
dataset-lcb_v6.model-qwen3.5-9b.alpha4.0.steps100.blocks-1.prefetch-budget-20.rank-bfs_accept_first.cut-entropy4.0.samples20.maxnew1024.seed10086.subtreePrefetch.vllm.log,13341,2026-09-15 20:42:10,3792.0,580.0,1440.5,20,0,4.2,75.9
dataset-lcb_v6.model-qwen3.5-9b.alpha4.0.steps100.blocks-1.prefetch-budget-20.rank-bfs_accept_first.cut-entropy4.0.samples20.maxnew1024.seed10086.subtreePrefetch.vllm.log,13385,2026-09-15 20:42:20,3802.0,119.7,1268.6,5,0,0.9,75.9
dataset-lcb_v6.model-qwen3.5-9b.alpha4.0.steps100.blocks-1.prefetch-budget-20.rank-bfs_accept_first.cut-entropy4.0.samples20.maxnew1024.seed10086.subtreePrefetch.vllm.log,13426,2026-09-15 20:42:30,3812.0,35.4,200.5,1,0,0.1,75.9
dataset-lcb_v6.model-qwen3.5-9b.alpha4.0.steps100.blocks-1.prefetch-budget-20.rank-bfs_accept_first.cut-entropy4.0.samples20.maxnew1024.seed10086.subtreePrefetch.vllm.log,13431,2026-09-15 20:42:40,3822.0,601.1,217.8,20,0,2.9,75.9
dataset-lcb_v6.model-qwen3.5-9b.alpha4.0.steps100.blocks-1.prefetch-budget-20.rank-bfs_accept_first.cut-entropy4.0.samples20.maxnew1024.seed10086.subtreePrefetch.vllm.log,13432,2026-09-15 20:42:50,3832.0,0.0,1395.0,8,0,3.1,75.9
dataset-lcb_v6.model-qwen3.5-9b.alpha4.0.steps100.blocks-1.prefetch-budget-20.rank-bfs_accept_first.cut-entropy4.0.samples20.maxnew1024.seed10086.subtreePrefetch.vllm.log,13466,2026-09-15 20:43:00,3842.0,677.7,1463.3,15,0,5.9,75.9
dataset-lcb_v6.model-qwen3.5-9b.alpha4.0.steps100.blocks-1.prefetch-budget-20.rank-bfs_accept_first.cut-entropy4.0.samples20.maxnew1024.seed10086.subtreePrefetch.vllm.log,13502,2026-09-15 20:43:10,3852.0,637.8,1427.2,16,0,4.4,75.9
dataset-lcb_v6.model-qwen3.5-9b.alpha4.0.steps100.blocks-1.prefetch-budget-20.rank-bfs_accept_first.cut-entropy4.0.samples20.maxnew1024.seed10086.subtreePrefetch.vllm.log,13534,2026-09-15 20:43:20,3862.0,669.4,1409.8,13,0,3.4,75.9
dataset-lcb_v6.model-qwen3.5-9b.alpha4.0.steps100.blocks-1.prefetch-budget-20.rank-bfs_accept_first.cut-entropy4.0.samples20.maxnew1024.seed10086.subtreePrefetch.vllm.log,13580,2026-09-15 20:43:30,3872.0,673.9,1323.5,20,0,5.2,75.9
dataset-lcb_v6.model-qwen3.5-9b.alpha4.0.steps100.blocks-1.prefetch-budget-20.rank-bfs_accept_first.cut-entropy4.0.samples20.maxnew1024.seed10086.subtreePrefetch.vllm.log,13610,2026-09-15 20:43:40,3882.0,533.7,1521.5,19,0,2.9,75.9
dataset-lcb_v6.model-qwen3.5-9b.alpha4.0.steps100.blocks-1.prefetch-budget-20.rank-bfs_accept_first.cut-entropy4.0.samples20.maxnew1024.seed10086.subtreePrefetch.vllm.log,13611,2026-09-15 20:43:50,3892.0,0.0,1378.5,12,0,4.7,75.9
dataset-lcb_v6.model-qwen3.5-9b.alpha4.0.steps100.blocks-1.prefetch-budget-20.rank-bfs_accept_first.cut-entropy4.0.samples20.maxnew1024.seed10086.subtreePrefetch.vllm.log,13633,2026-09-15 20:44:00,3902.0,681.6,1485.2,16,0,6.2,75.9
dataset-lcb_v6.model-qwen3.5-9b.alpha4.0.steps100.blocks-1.prefetch-budget-20.rank-bfs_accept_first.cut-entropy4.0.samples20.maxnew1024.seed10086.subtreePrefetch.vllm.log,13665,2026-09-15 20:44:10,3912.0,599.3,1467.0,15,0,4.0,75.9
dataset-lcb_v6.model-qwen3.5-9b.alpha4.0.steps100.blocks-1.prefetch-budget-20.rank-bfs_accept_first.cut-entropy4.0.samples20.maxnew1024.seed10086.subtreePrefetch.vllm.log,13697,2026-09-15 20:44:20,3922.0,600.2,1418.2,15,0,3.9,75.9
dataset-lcb_v6.model-qwen3.5-9b.alpha4.0.steps100.blocks-1.prefetch-budget-20.rank-bfs_accept_first.cut-entropy4.0.samples20.maxnew1024.seed10086.subtreePrefetch.vllm.log,13731,2026-09-15 20:44:30,3932.0,675.8,1436.9,18,0,4.7,75.9
dataset-lcb_v6.model-qwen3.5-9b.alpha4.0.steps100.blocks-1.prefetch-budget-20.rank-bfs_accept_first.cut-entropy4.0.samples20.maxnew1024.seed10086.subtreePrefetch.vllm.log,13767,2026-09-15 20:44:40,3942.0,595.5,1373.3,16,0,4.0,75.9
dataset-lcb_v6.model-qwen3.5-9b.alpha4.0.steps100.blocks-1.prefetch-budget-20.rank-bfs_accept_first.cut-entropy4.0.samples20.maxnew1024.seed10086.subtreePrefetch.vllm.log,13811,2026-09-15 20:44:50,3952.0,560.0,1097.0,20,0,2.9,75.9
dataset-lcb_v6.model-qwen3.5-9b.alpha4.0.steps100.blocks-1.prefetch-budget-20.rank-bfs_accept_first.cut-entropy4.0.samples20.maxnew1024.seed10086.subtreePrefetch.vllm.log,13812,2026-09-15 20:45:00,3962.0,0.0,1344.4,13,0,5.1,75.9
dataset-lcb_v6.model-qwen3.5-9b.alpha4.0.steps100.blocks-1.prefetch-budget-20.rank-bfs_accept_first.cut-entropy4.0.samples20.maxnew1024.seed10086.subtreePrefetch.vllm.log,13846,2026-09-15 20:45:10,3972.0,676.3,1557.2,18,0,7.0,75.9
dataset-lcb_v6.model-qwen3.5-9b.alpha4.0.steps100.blocks-1.prefetch-budget-20.rank-bfs_accept_first.cut-entropy4.0.samples20.maxnew1024.seed10086.subtreePrefetch.vllm.log,13872,2026-09-15 20:45:20,3982.0,705.6,1537.4,18,0,4.7,75.9
dataset-lcb_v6.model-qwen3.5-9b.alpha4.0.steps100.blocks-1.prefetch-budget-20.rank-bfs_accept_first.cut-entropy4.0.samples20.maxnew1024.seed10086.subtreePrefetch.vllm.log,13896,2026-09-15 20:45:30,3992.0,715.2,1589.5,20,0,5.2,75.9
dataset-lcb_v6.model-qwen3.5-9b.alpha4.0.steps100.blocks-1.prefetch-budget-20.rank-bfs_accept_first.cut-entropy4.0.samples20.maxnew1024.seed10086.subtreePrefetch.vllm.log,13940,2026-09-15 20:45:40,4002.0,697.5,1664.2,20,0,5.3,75.9
dataset-lcb_v6.model-qwen3.5-9b.alpha4.0.steps100.blocks-1.prefetch-budget-20.rank-bfs_accept_first.cut-entropy4.0.samples20.maxnew1024.seed10086.subtreePrefetch.vllm.log,13984,2026-09-15 20:45:50,4012.0,713.4,1539.3,19,0,2.6,75.9
dataset-lcb_v6.model-qwen3.5-9b.alpha4.0.steps100.blocks-1.prefetch-budget-20.rank-bfs_accept_first.cut-entropy4.0.samples20.maxnew1024.seed10086.subtreePrefetch.vllm.log,13985,2026-09-15 20:46:00,4022.0,0.0,1596.1,18,0,7.0,75.9
dataset-lcb_v6.model-qwen3.5-9b.alpha4.0.steps100.blocks-1.prefetch-budget-20.rank-bfs_accept_first.cut-entropy4.0.samples20.maxnew1024.seed10086.subtreePrefetch.vllm.log,14033,2026-09-15 20:46:10,4032.0,715.3,1649.3,20,0,7.8,75.9
dataset-lcb_v6.model-qwen3.5-9b.alpha4.0.steps100.blocks-1.prefetch-budget-20.rank-bfs_accept_first.cut-entropy4.0.samples20.maxnew1024.seed10086.subtreePrefetch.vllm.log,14063,2026-09-15 20:46:20,4042.0,723.4,1651.6,19,0,4.9,75.9
dataset-lcb_v6.model-qwen3.5-9b.alpha4.0.steps100.blocks-1.prefetch-budget-20.rank-bfs_accept_first.cut-entropy4.0.samples20.maxnew1024.seed10086.subtreePrefetch.vllm.log,14103,2026-09-15 20:46:30,4052.0,668.3,1609.0,17,0,4.4,75.9
dataset-lcb_v6.model-qwen3.5-9b.alpha4.0.steps100.blocks-1.prefetch-budget-20.rank-bfs_accept_first.cut-entropy4.0.samples20.maxnew1024.seed10086.subtreePrefetch.vllm.log,14143,2026-09-15 20:46:40,4062.0,731.1,1489.0,20,0,5.2,75.9
dataset-lcb_v6.model-qwen3.5-9b.alpha4.0.steps100.blocks-1.prefetch-budget-20.rank-bfs_accept_first.cut-entropy4.0.samples20.maxnew1024.seed10086.subtreePrefetch.vllm.log,14181,2026-09-15 20:46:50,4072.0,692.9,1643.2,20,0,2.9,75.9
dataset-lcb_v6.model-qwen3.5-9b.alpha4.0.steps100.blocks-1.prefetch-budget-20.rank-bfs_accept_first.cut-entropy4.0.samples20.maxnew1024.seed10086.subtreePrefetch.vllm.log,14182,2026-09-15 20:47:00,4082.0,0.0,1562.4,17,0,6.6,75.9
dataset-lcb_v6.model-qwen3.5-9b.alpha4.0.steps100.blocks-1.prefetch-budget-20.rank-bfs_accept_first.cut-entropy4.0.samples20.maxnew1024.seed10086.subtreePrefetch.vllm.log,14226,2026-09-15 20:47:10,4092.0,715.2,1617.2,20,0,5.2,75.9
dataset-lcb_v6.model-qwen3.5-9b.alpha4.0.steps100.blocks-1.prefetch-budget-20.rank-bfs_accept_first.cut-entropy4.0.samples20.maxnew1024.seed10086.subtreePrefetch.vllm.log,14262,2026-09-15 20:47:20,4102.0,690.1,1638.3,19,0,4.9,75.9
dataset-lcb_v6.model-qwen3.5-9b.alpha4.0.steps100.blocks-1.prefetch-budget-20.rank-bfs_accept_first.cut-entropy4.0.samples20.maxnew1024.seed10086.subtreePrefetch.vllm.log,14290,2026-09-15 20:47:30,4112.0,690.1,1622.4,20,0,5.2,75.9
dataset-lcb_v6.model-qwen3.5-9b.alpha4.0.steps100.blocks-1.prefetch-budget-20.rank-bfs_accept_first.cut-entropy4.0.samples20.maxnew1024.seed10086.subtreePrefetch.vllm.log,14314,2026-09-15 20:47:40,4122.0,409.2,1530.4,11,0,1.6,75.9
dataset-lcb_v6.model-qwen3.5-9b.alpha4.0.steps100.blocks-1.prefetch-budget-20.rank-bfs_accept_first.cut-entropy4.0.samples20.maxnew1024.seed10086.subtreePrefetch.vllm.log,14367,2026-09-15 20:47:50,4132.0,39.7,939.8,1,0,0.1,75.9
dataset-lcb_v6.model-qwen3.5-9b.alpha4.0.steps100.blocks-1.prefetch-budget-20.rank-bfs_accept_first.cut-entropy4.0.samples20.maxnew1024.seed10086.subtreePrefetch.vllm.log,14372,2026-09-15 20:48:00,4142.0,607.0,198.6,20,0,3.1,75.9
dataset-lcb_v6.model-qwen3.5-9b.alpha4.0.steps100.blocks-1.prefetch-budget-20.rank-bfs_accept_first.cut-entropy4.0.samples20.maxnew1024.seed10086.subtreePrefetch.vllm.log,14406,2026-09-15 20:48:10,4152.0,574.3,972.8,20,0,2.9,75.9
dataset-lcb_v6.model-qwen3.5-9b.alpha4.0.steps100.blocks-1.prefetch-budget-20.rank-bfs_accept_first.cut-entropy4.0.samples20.maxnew1024.seed10086.subtreePrefetch.vllm.log,14438,2026-09-15 20:48:21,4163.0,470.8,1092.4,20,0,2.9,75.9
dataset-lcb_v6.model-qwen3.5-9b.alpha4.0.steps100.blocks-1.prefetch-budget-20.rank-bfs_accept_first.cut-entropy4.0.samples20.maxnew1024.seed10086.subtreePrefetch.vllm.log,14464,2026-09-15 20:48:31,4173.0,547.2,1240.9,20,0,2.9,75.9
dataset-lcb_v6.model-qwen3.5-9b.alpha4.0.steps100.blocks-1.prefetch-budget-20.rank-bfs_accept_first.cut-entropy4.0.samples20.maxnew1024.seed10086.subtreePrefetch.vllm.log,14488,2026-09-15 20:48:41,4183.0,534.9,1230.5,20,0,3.1,75.9
dataset-lcb_v6.model-qwen3.5-9b.alpha4.0.steps100.blocks-1.prefetch-budget-20.rank-bfs_accept_first.cut-entropy4.0.samples20.maxnew1024.seed10086.subtreePrefetch.vllm.log,14532,2026-09-15 20:48:51,4193.0,399.0,1146.6,20,0,3.0,75.9
dataset-lcb_v6.model-qwen3.5-9b.alpha4.0.steps100.blocks-1.prefetch-budget-20.rank-bfs_accept_first.cut-entropy4.0.samples20.maxnew1024.seed10086.subtreePrefetch.vllm.log,14572,2026-09-15 20:49:01,4203.0,408.0,1300.5,19,0,2.7,75.9
dataset-lcb_v6.model-qwen3.5-9b.alpha4.0.steps100.blocks-1.prefetch-budget-20.rank-bfs_accept_first.cut-entropy4.0.samples20.maxnew1024.seed10086.subtreePrefetch.vllm.log,14618,2026-09-15 20:49:11,4213.0,578.9,1110.7,20,0,4.2,75.9
dataset-lcb_v6.model-qwen3.5-9b.alpha4.0.steps100.blocks-1.prefetch-budget-20.rank-bfs_accept_first.cut-entropy4.0.samples20.maxnew1024.seed10086.subtreePrefetch.vllm.log,14648,2026-09-15 20:49:21,4223.0,435.6,1205.1,20,0,3.0,75.9
dataset-lcb_v6.model-qwen3.5-9b.alpha4.0.steps100.blocks-1.prefetch-budget-20.rank-bfs_accept_first.cut-entropy4.0.samples20.maxnew1024.seed10086.subtreePrefetch.vllm.log,14694,2026-09-15 20:49:31,4233.0,614.0,1188.0,20,0,4.6,75.9
dataset-lcb_v6.model-qwen3.5-9b.alpha4.0.steps100.blocks-1.prefetch-budget-20.rank-bfs_accept_first.cut-entropy4.0.samples20.maxnew1024.seed10086.subtreePrefetch.vllm.log,14728,2026-09-15 20:49:41,4243.0,429.7,1187.2,20,0,3.8,75.9
dataset-lcb_v6.model-qwen3.5-9b.alpha4.0.steps100.blocks-1.prefetch-budget-20.rank-bfs_accept_first.cut-entropy4.0.samples20.maxnew1024.seed10086.subtreePrefetch.vllm.log,14776,2026-09-15 20:49:51,4253.0,453.9,1147.3,18,0,3.3,75.9
dataset-lcb_v6.model-qwen3.5-9b.alpha4.0.steps100.blocks-1.prefetch-budget-20.rank-bfs_accept_first.cut-entropy4.0.samples20.maxnew1024.seed10086.subtreePrefetch.vllm.log,14804,2026-09-15 20:50:01,4263.0,463.1,1122.8,20,0,3.5,75.9
dataset-lcb_v6.model-qwen3.5-9b.alpha4.0.steps100.blocks-1.prefetch-budget-20.rank-bfs_accept_first.cut-entropy4.0.samples20.maxnew1024.seed10086.subtreePrefetch.vllm.log,14832,2026-09-15 20:50:11,4273.0,418.7,1263.9,20,0,2.9,75.9
dataset-lcb_v6.model-qwen3.5-9b.alpha4.0.steps100.blocks-1.prefetch-budget-20.rank-bfs_accept_first.cut-entropy4.0.samples20.maxnew1024.seed10086.subtreePrefetch.vllm.log,14876,2026-09-15 20:50:21,4283.0,562.6,1324.7,20,0,3.8,75.9
dataset-lcb_v6.model-qwen3.5-9b.alpha4.0.steps100.blocks-1.prefetch-budget-20.rank-bfs_accept_first.cut-entropy4.0.samples20.maxnew1024.seed10086.subtreePrefetch.vllm.log,14904,2026-09-15 20:50:31,4293.0,592.9,1061.7,20,0,3.4,75.9
dataset-lcb_v6.model-qwen3.5-9b.alpha4.0.steps100.blocks-1.prefetch-budget-20.rank-bfs_accept_first.cut-entropy4.0.samples20.maxnew1024.seed10086.subtreePrefetch.vllm.log,14944,2026-09-15 20:50:41,4303.0,456.3,1174.0,20,0,3.6,75.9
dataset-lcb_v6.model-qwen3.5-9b.alpha4.0.steps100.blocks-1.prefetch-budget-20.rank-bfs_accept_first.cut-entropy4.0.samples20.maxnew1024.seed10086.subtreePrefetch.vllm.log,14980,2026-09-15 20:50:51,4313.0,487.6,1072.9,20,0,3.4,75.9
dataset-lcb_v6.model-qwen3.5-9b.alpha4.0.steps100.blocks-1.prefetch-budget-20.rank-bfs_accept_first.cut-entropy4.0.samples20.maxnew1024.seed10086.subtreePrefetch.vllm.log,15022,2026-09-15 20:51:01,4323.0,553.2,1151.3,19,0,4.2,75.9
dataset-lcb_v6.model-qwen3.5-9b.alpha4.0.steps100.blocks-1.prefetch-budget-20.rank-bfs_accept_first.cut-entropy4.0.samples20.maxnew1024.seed10086.subtreePrefetch.vllm.log,15062,2026-09-15 20:51:11,4333.0,540.4,989.3,19,0,4.2,75.9
dataset-lcb_v6.model-qwen3.5-9b.alpha4.0.steps100.blocks-1.prefetch-budget-20.rank-bfs_accept_first.cut-entropy4.0.samples20.maxnew1024.seed10086.subtreePrefetch.vllm.log,15102,2026-09-15 20:51:21,4343.0,366.1,1082.4,20,0,3.6,75.9
dataset-lcb_v6.model-qwen3.5-9b.alpha4.0.steps100.blocks-1.prefetch-budget-20.rank-bfs_accept_first.cut-entropy4.0.samples20.maxnew1024.seed10086.subtreePrefetch.vllm.log,15138,2026-09-15 20:51:31,4353.0,109.6,871.1,3,0,0.9,75.9
dataset-lcb_v6.model-qwen3.5-9b.alpha4.0.steps100.blocks-1.prefetch-budget-20.rank-bfs_accept_first.cut-entropy4.0.samples20.maxnew1024.seed10086.subtreePrefetch.vllm.log,15230,2026-09-15 20:51:41,4363.0,73.1,152.7,1,0,0.4,75.9
dataset-lcb_v6.model-qwen3.5-9b.alpha4.0.steps100.blocks-1.prefetch-budget-20.rank-bfs_accept_first.cut-entropy4.0.samples20.maxnew1024.seed10086.subtreePrefetch.vllm.log,15235,2026-09-15 20:51:51,4373.0,740.0,1118.5,20,0,5.3,75.9
dataset-lcb_v6.model-qwen3.5-9b.alpha4.0.steps100.blocks-1.prefetch-budget-20.rank-bfs_accept_first.cut-entropy4.0.samples20.maxnew1024.seed10086.subtreePrefetch.vllm.log,15277,2026-09-15 20:52:01,4383.0,790.0,1379.0,20,0,5.3,75.9
dataset-lcb_v6.model-qwen3.5-9b.alpha4.0.steps100.blocks-1.prefetch-budget-20.rank-bfs_accept_first.cut-entropy4.0.samples20.maxnew1024.seed10086.subtreePrefetch.vllm.log,15313,2026-09-15 20:52:11,4393.0,793.5,1339.7,20,0,4.9,75.9
dataset-lcb_v6.model-qwen3.5-9b.alpha4.0.steps100.blocks-1.prefetch-budget-20.rank-bfs_accept_first.cut-entropy4.0.samples20.maxnew1024.seed10086.subtreePrefetch.vllm.log,15359,2026-09-15 20:52:21,4403.0,755.8,1339.6,20,0,3.1,75.9
dataset-lcb_v6.model-qwen3.5-9b.alpha4.0.steps100.blocks-1.prefetch-budget-20.rank-bfs_accept_first.cut-entropy4.0.samples20.maxnew1024.seed10086.subtreePrefetch.vllm.log,15360,2026-09-15 20:52:31,4413.0,0.0,1567.0,3,0,1.3,75.9
dataset-lcb_v6.model-qwen3.5-9b.alpha4.0.steps100.blocks-1.prefetch-budget-20.rank-bfs_accept_first.cut-entropy4.0.samples20.maxnew1024.seed10086.subtreePrefetch.vllm.log,15404,2026-09-15 20:52:41,4423.0,628.2,1476.4,17,0,5.6,75.9
dataset-lcb_v6.model-qwen3.5-9b.alpha4.0.steps100.blocks-1.prefetch-budget-20.rank-bfs_accept_first.cut-entropy4.0.samples20.maxnew1024.seed10086.subtreePrefetch.vllm.log,15430,2026-09-15 20:52:51,4433.0,647.1,1433.5,19,0,5.3,75.9
dataset-lcb_v6.model-qwen3.5-9b.alpha4.0.steps100.blocks-1.prefetch-budget-20.rank-bfs_accept_first.cut-entropy4.0.samples20.maxnew1024.seed10086.subtreePrefetch.vllm.log,15470,2026-09-15 20:53:01,4443.0,720.1,1408.0,20,0,5.3,75.9
dataset-lcb_v6.model-qwen3.5-9b.alpha4.0.steps100.blocks-1.prefetch-budget-20.rank-bfs_accept_first.cut-entropy4.0.samples20.maxnew1024.seed10086.subtreePrefetch.vllm.log,15506,2026-09-15 20:53:11,4453.0,640.2,1403.2,20,0,4.2,75.9
dataset-lcb_v6.model-qwen3.5-9b.alpha4.0.steps100.blocks-1.prefetch-budget-20.rank-bfs_accept_first.cut-entropy4.0.samples20.maxnew1024.seed10086.subtreePrefetch.vllm.log,15552,2026-09-15 20:53:21,4463.0,724.7,1422.2,20,0,2.9,75.9
dataset-lcb_v6.model-qwen3.5-9b.alpha4.0.steps100.blocks-1.prefetch-budget-20.rank-bfs_accept_first.cut-entropy4.0.samples20.maxnew1024.seed10086.subtreePrefetch.vllm.log,15553,2026-09-15 20:53:31,4473.0,0.0,1551.6,6,0,2.5,75.9
dataset-lcb_v6.model-qwen3.5-9b.alpha4.0.steps100.blocks-1.prefetch-budget-20.rank-bfs_accept_first.cut-entropy4.0.samples20.maxnew1024.seed10086.subtreePrefetch.vllm.log,15591,2026-09-15 20:53:41,4483.0,750.3,1534.3,17,0,6.1,75.9
dataset-lcb_v6.model-qwen3.5-9b.alpha4.0.steps100.blocks-1.prefetch-budget-20.rank-bfs_accept_first.cut-entropy4.0.samples20.maxnew1024.seed10086.subtreePrefetch.vllm.log,15625,2026-09-15 20:53:51,4493.0,750.3,1351.5,18,0,5.2,75.9
dataset-lcb_v6.model-qwen3.5-9b.alpha4.0.steps100.blocks-1.prefetch-budget-20.rank-bfs_accept_first.cut-entropy4.0.samples20.maxnew1024.seed10086.subtreePrefetch.vllm.log,15663,2026-09-15 20:54:01,4503.0,683.5,1305.4,16,0,4.3,75.9
dataset-lcb_v6.model-qwen3.5-9b.alpha4.0.steps100.blocks-1.prefetch-budget-20.rank-bfs_accept_first.cut-entropy4.0.samples20.maxnew1024.seed10086.subtreePrefetch.vllm.log,15701,2026-09-15 20:54:11,4513.0,666.3,1296.9,20,0,5.1,75.9
dataset-lcb_v6.model-qwen3.5-9b.alpha4.0.steps100.blocks-1.prefetch-budget-20.rank-bfs_accept_first.cut-entropy4.0.samples20.maxnew1024.seed10086.subtreePrefetch.vllm.log,15741,2026-09-15 20:54:21,4523.0,761.0,1441.1,20,0,4.0,75.9
dataset-lcb_v6.model-qwen3.5-9b.alpha4.0.steps100.blocks-1.prefetch-budget-20.rank-bfs_accept_first.cut-entropy4.0.samples20.maxnew1024.seed10086.subtreePrefetch.vllm.log,15742,2026-09-15 20:54:31,4533.0,0.0,1427.5,1,0,0.5,75.9
dataset-lcb_v6.model-qwen3.5-9b.alpha4.0.steps100.blocks-1.prefetch-budget-20.rank-bfs_accept_first.cut-entropy4.0.samples20.maxnew1024.seed10086.subtreePrefetch.vllm.log,15788,2026-09-15 20:54:41,4543.0,742.7,1544.8,9,0,3.3,75.9
dataset-lcb_v6.model-qwen3.5-9b.alpha4.0.steps100.blocks-1.prefetch-budget-20.rank-bfs_accept_first.cut-entropy4.0.samples20.maxnew1024.seed10086.subtreePrefetch.vllm.log,15836,2026-09-15 20:54:51,4553.0,691.3,1433.7,20,0,6.5,75.9
dataset-lcb_v6.model-qwen3.5-9b.alpha4.0.steps100.blocks-1.prefetch-budget-20.rank-bfs_accept_first.cut-entropy4.0.samples20.maxnew1024.seed10086.subtreePrefetch.vllm.log,15874,2026-09-15 20:55:01,4563.0,843.0,1421.8,20,0,5.3,75.9
dataset-lcb_v6.model-qwen3.5-9b.alpha4.0.steps100.blocks-1.prefetch-budget-20.rank-bfs_accept_first.cut-entropy4.0.samples20.maxnew1024.seed10086.subtreePrefetch.vllm.log,15908,2026-09-15 20:55:11,4573.0,719.8,1307.3,20,0,5.3,75.9
dataset-lcb_v6.model-qwen3.5-9b.alpha4.0.steps100.blocks-1.prefetch-budget-20.rank-bfs_accept_first.cut-entropy4.0.samples20.maxnew1024.seed10086.subtreePrefetch.vllm.log,15948,2026-09-15 20:55:21,4583.0,714.4,1404.7,20,0,4.4,75.9
dataset-lcb_v6.model-qwen3.5-9b.alpha4.0.steps100.blocks-1.prefetch-budget-20.rank-bfs_accept_first.cut-entropy4.0.samples20.maxnew1024.seed10086.subtreePrefetch.vllm.log,15984,2026-09-15 20:55:31,4593.0,737.3,1403.9,20,0,2.7,75.9
dataset-lcb_v6.model-qwen3.5-9b.alpha4.0.steps100.blocks-1.prefetch-budget-20.rank-bfs_accept_first.cut-entropy4.0.samples20.maxnew1024.seed10086.subtreePrefetch.vllm.log,15985,2026-09-15 20:55:41,4603.0,0.0,1614.7,8,0,3.3,75.9
dataset-lcb_v6.model-qwen3.5-9b.alpha4.0.steps100.blocks-1.prefetch-budget-20.rank-bfs_accept_first.cut-entropy4.0.samples20.maxnew1024.seed10086.subtreePrefetch.vllm.log,16021,2026-09-15 20:55:51,4613.0,768.7,1468.4,20,0,7.2,75.9
dataset-lcb_v6.model-qwen3.5-9b.alpha4.0.steps100.blocks-1.prefetch-budget-20.rank-bfs_accept_first.cut-entropy4.0.samples20.maxnew1024.seed10086.subtreePrefetch.vllm.log,16045,2026-09-15 20:56:01,4623.0,764.8,1364.2,20,0,5.3,75.9
dataset-lcb_v6.model-qwen3.5-9b.alpha4.0.steps100.blocks-1.prefetch-budget-20.rank-bfs_accept_first.cut-entropy4.0.samples20.maxnew1024.seed10086.subtreePrefetch.vllm.log,16091,2026-09-15 20:56:11,4633.0,698.9,1364.7,20,0,5.3,75.9
dataset-lcb_v6.model-qwen3.5-9b.alpha4.0.steps100.blocks-1.prefetch-budget-20.rank-bfs_accept_first.cut-entropy4.0.samples20.maxnew1024.seed10086.subtreePrefetch.vllm.log,16121,2026-09-15 20:56:21,4643.0,723.4,1417.1,20,0,4.6,75.9
dataset-lcb_v6.model-qwen3.5-9b.alpha4.0.steps100.blocks-1.prefetch-budget-20.rank-bfs_accept_first.cut-entropy4.0.samples20.maxnew1024.seed10086.subtreePrefetch.vllm.log,16159,2026-09-15 20:56:31,4653.0,781.7,1348.7,20,0,3.3,75.9
dataset-lcb_v6.model-qwen3.5-9b.alpha4.0.steps100.blocks-1.prefetch-budget-20.rank-bfs_accept_first.cut-entropy4.0.samples20.maxnew1024.seed10086.subtreePrefetch.vllm.log,16160,2026-09-15 20:56:41,4663.0,0.0,1475.0,2,0,0.9,75.9
dataset-lcb_v6.model-qwen3.5-9b.alpha4.0.steps100.blocks-1.prefetch-budget-20.rank-bfs_accept_first.cut-entropy4.0.samples20.maxnew1024.seed10086.subtreePrefetch.vllm.log,16200,2026-09-15 20:56:51,4673.0,718.6,1488.1,19,0,6.8,75.9
dataset-lcb_v6.model-qwen3.5-9b.alpha4.0.steps100.blocks-1.prefetch-budget-20.rank-bfs_accept_first.cut-entropy4.0.samples20.maxnew1024.seed10086.subtreePrefetch.vllm.log,16228,2026-09-15 20:57:01,4683.0,691.4,1408.7,20,0,6.0,75.9
dataset-lcb_v6.model-qwen3.5-9b.alpha4.0.steps100.blocks-1.prefetch-budget-20.rank-bfs_accept_first.cut-entropy4.0.samples20.maxnew1024.seed10086.subtreePrefetch.vllm.log,16268,2026-09-15 20:57:11,4693.0,780.2,1372.2,20,0,5.3,75.9
dataset-lcb_v6.model-qwen3.5-9b.alpha4.0.steps100.blocks-1.prefetch-budget-20.rank-bfs_accept_first.cut-entropy4.0.samples20.maxnew1024.seed10086.subtreePrefetch.vllm.log,16294,2026-09-15 20:57:21,4703.0,718.0,1350.3,20,0,4.8,75.9
dataset-lcb_v6.model-qwen3.5-9b.alpha4.0.steps100.blocks-1.prefetch-budget-20.rank-bfs_accept_first.cut-entropy4.0.samples20.maxnew1024.seed10086.subtreePrefetch.vllm.log,16334,2026-09-15 20:57:31,4713.0,733.1,1355.6,20,0,3.0,75.9
dataset-lcb_v6.model-qwen3.5-9b.alpha4.0.steps100.blocks-1.prefetch-budget-20.rank-bfs_accept_first.cut-entropy4.0.samples20.maxnew1024.seed10086.subtreePrefetch.vllm.log,16335,2026-09-15 20:57:41,4723.0,0.0,1387.3,2,0,0.9,75.9
dataset-lcb_v6.model-qwen3.5-9b.alpha4.0.steps100.blocks-1.prefetch-budget-20.rank-bfs_accept_first.cut-entropy4.0.samples20.maxnew1024.seed10086.subtreePrefetch.vllm.log,16369,2026-09-15 20:57:51,4733.0,764.7,1527.1,18,0,7.0,75.9
dataset-lcb_v6.model-qwen3.5-9b.alpha4.0.steps100.blocks-1.prefetch-budget-20.rank-bfs_accept_first.cut-entropy4.0.samples20.maxnew1024.seed10086.subtreePrefetch.vllm.log,16399,2026-09-15 20:58:01,4743.0,630.4,1373.2,19,0,6.0,75.9
dataset-lcb_v6.model-qwen3.5-9b.alpha4.0.steps100.blocks-1.prefetch-budget-20.rank-bfs_accept_first.cut-entropy4.0.samples20.maxnew1024.seed10086.subtreePrefetch.vllm.log,16454,2026-09-15 20:58:11,4753.0,63.3,505.9,1,0,0.4,75.9
dataset-lcb_v6.model-qwen3.5-9b.alpha4.0.steps100.blocks-1.prefetch-budget-20.rank-bfs_accept_first.cut-entropy4.0.samples20.maxnew1024.seed10086.subtreePrefetch.vllm.log,16459,2026-09-15 20:58:21,4763.0,397.0,941.9,14,0,3.9,75.9
dataset-lcb_v6.model-qwen3.5-9b.alpha4.0.steps100.blocks-1.prefetch-budget-20.rank-bfs_accept_first.cut-entropy4.0.samples20.maxnew1024.seed10086.subtreePrefetch.vllm.log,16505,2026-09-15 20:58:31,4773.0,383.1,905.2,19,0,3.0,77.7
dataset-lcb_v6.model-qwen3.5-9b.alpha4.0.steps100.blocks-1.prefetch-budget-20.rank-bfs_accept_first.cut-entropy4.0.samples20.maxnew1024.seed10086.subtreePrefetch.vllm.log,16506,2026-09-15 20:58:41,4783.0,0.0,791.4,13,0,3.6,77.7
dataset-lcb_v6.model-qwen3.5-9b.alpha4.0.steps100.blocks-1.prefetch-budget-20.rank-bfs_accept_first.cut-entropy4.0.samples20.maxnew1024.seed10086.subtreePrefetch.vllm.log,16534,2026-09-15 20:58:51,4793.0,314.2,865.5,18,0,3.0,77.7
dataset-lcb_v6.model-qwen3.5-9b.alpha4.0.steps100.blocks-1.prefetch-budget-20.rank-bfs_accept_first.cut-entropy4.0.samples20.maxnew1024.seed10086.subtreePrefetch.vllm.log,16578,2026-09-15 20:59:01,4803.0,437.1,1075.1,15,0,2.3,77.7
dataset-lcb_v6.model-qwen3.5-9b.alpha4.0.steps100.blocks-1.prefetch-budget-20.rank-bfs_accept_first.cut-entropy4.0.samples20.maxnew1024.seed10086.subtreePrefetch.vllm.log,16608,2026-09-15 20:59:11,4813.0,491.0,945.8,19,0,2.7,77.7
dataset-lcb_v6.model-qwen3.5-9b.alpha4.0.steps100.blocks-1.prefetch-budget-20.rank-bfs_accept_first.cut-entropy4.0.samples20.maxnew1024.seed10086.subtreePrefetch.vllm.log,16609,2026-09-15 20:59:21,4823.0,0.0,1215.7,7,0,2.9,77.7
dataset-lcb_v6.model-qwen3.5-9b.alpha4.0.steps100.blocks-1.prefetch-budget-20.rank-bfs_accept_first.cut-entropy4.0.samples20.maxnew1024.seed10086.subtreePrefetch.vllm.log,16643,2026-09-15 20:59:31,4833.0,455.3,1410.6,11,0,3.1,77.7
dataset-lcb_v6.model-qwen3.5-9b.alpha4.0.steps100.blocks-1.prefetch-budget-20.rank-bfs_accept_first.cut-entropy4.0.samples20.maxnew1024.seed10086.subtreePrefetch.vllm.log,16683,2026-09-15 20:59:41,4843.0,271.9,1282.2,6,0,1.7,77.7
dataset-lcb_v6.model-qwen3.5-9b.alpha4.0.steps100.blocks-1.prefetch-budget-20.rank-bfs_accept_first.cut-entropy4.0.samples20.maxnew1024.seed10086.subtreePrefetch.vllm.log,16731,2026-09-15 20:59:51,4853.0,350.3,1207.2,16,0,4.4,77.7
dataset-lcb_v6.model-qwen3.5-9b.alpha4.0.steps100.blocks-1.prefetch-budget-20.rank-bfs_accept_first.cut-entropy4.0.samples20.maxnew1024.seed10086.subtreePrefetch.vllm.log,16767,2026-09-15 21:00:01,4863.0,400.5,1347.8,19,0,4.7,77.7
dataset-lcb_v6.model-qwen3.5-9b.alpha4.0.steps100.blocks-1.prefetch-budget-20.rank-bfs_accept_first.cut-entropy4.0.samples20.maxnew1024.seed10086.subtreePrefetch.vllm.log,16811,2026-09-15 21:00:11,4873.0,384.8,1337.1,20,0,3.5,77.7
dataset-lcb_v6.model-qwen3.5-9b.alpha4.0.steps100.blocks-1.prefetch-budget-20.rank-bfs_accept_first.cut-entropy4.0.samples20.maxnew1024.seed10086.subtreePrefetch.vllm.log,16849,2026-09-15 21:00:21,4883.0,373.1,1290.9,19,0,2.9,77.7
dataset-lcb_v6.model-qwen3.5-9b.alpha4.0.steps100.blocks-1.prefetch-budget-20.rank-bfs_accept_first.cut-entropy4.0.samples20.maxnew1024.seed10086.subtreePrefetch.vllm.log,16881,2026-09-15 21:00:31,4893.0,354.8,1296.1,20,0,2.9,77.7
dataset-lcb_v6.model-qwen3.5-9b.alpha4.0.steps100.blocks-1.prefetch-budget-20.rank-bfs_accept_first.cut-entropy4.0.samples20.maxnew1024.seed10086.subtreePrefetch.vllm.log,16882,2026-09-15 21:00:41,4903.0,0.0,1548.6,14,0,4.2,77.7
dataset-lcb_v6.model-qwen3.5-9b.alpha4.0.steps100.blocks-1.prefetch-budget-20.rank-bfs_accept_first.cut-entropy4.0.samples20.maxnew1024.seed10086.subtreePrefetch.vllm.log,16912,2026-09-15 21:00:51,4913.0,389.9,1522.5,17,0,4.7,77.7
dataset-lcb_v6.model-qwen3.5-9b.alpha4.0.steps100.blocks-1.prefetch-budget-20.rank-bfs_accept_first.cut-entropy4.0.samples20.maxnew1024.seed10086.subtreePrefetch.vllm.log,16940,2026-09-15 21:01:01,4923.0,409.3,1502.7,15,0,4.2,77.7
dataset-lcb_v6.model-qwen3.5-9b.alpha4.0.steps100.blocks-1.prefetch-budget-20.rank-bfs_accept_first.cut-entropy4.0.samples20.maxnew1024.seed10086.subtreePrefetch.vllm.log,16972,2026-09-15 21:01:11,4933.0,290.2,1278.2,19,0,4.7,77.7
dataset-lcb_v6.model-qwen3.5-9b.alpha4.0.steps100.blocks-1.prefetch-budget-20.rank-bfs_accept_first.cut-entropy4.0.samples20.maxnew1024.seed10086.subtreePrefetch.vllm.log,17004,2026-09-15 21:01:21,4943.0,341.1,1388.3,20,0,3.3,77.7
dataset-lcb_v6.model-qwen3.5-9b.alpha4.0.steps100.blocks-1.prefetch-budget-20.rank-bfs_accept_first.cut-entropy4.0.samples20.maxnew1024.seed10086.subtreePrefetch.vllm.log,17034,2026-09-15 21:01:31,4953.0,346.0,1404.5,19,0,2.9,77.7
dataset-lcb_v6.model-qwen3.5-9b.alpha4.0.steps100.blocks-1.prefetch-budget-20.rank-bfs_accept_first.cut-entropy4.0.samples20.maxnew1024.seed10086.subtreePrefetch.vllm.log,17078,2026-09-15 21:01:41,4963.0,341.6,1080.3,20,0,3.0,77.7
dataset-lcb_v6.model-qwen3.5-9b.alpha4.0.steps100.blocks-1.prefetch-budget-20.rank-bfs_accept_first.cut-entropy4.0.samples20.maxnew1024.seed10086.subtreePrefetch.vllm.log,17079,2026-09-15 21:01:51,4973.0,0.0,1405.2,10,0,3.0,77.7
dataset-lcb_v6.model-qwen3.5-9b.alpha4.0.steps100.blocks-1.prefetch-budget-20.rank-bfs_accept_first.cut-entropy4.0.samples20.maxnew1024.seed10086.subtreePrefetch.vllm.log,17109,2026-09-15 21:02:01,4983.0,374.8,1310.3,12,0,3.4,77.7
dataset-lcb_v6.model-qwen3.5-9b.alpha4.0.steps100.blocks-1.prefetch-budget-20.rank-bfs_accept_first.cut-entropy4.0.samples20.maxnew1024.seed10086.subtreePrefetch.vllm.log,17151,2026-09-15 21:02:11,4993.0,375.7,1375.3,18,0,4.9,77.7
dataset-lcb_v6.model-qwen3.5-9b.alpha4.0.steps100.blocks-1.prefetch-budget-20.rank-bfs_accept_first.cut-entropy4.0.samples20.maxnew1024.seed10086.subtreePrefetch.vllm.log,17189,2026-09-15 21:02:21,5003.0,319.9,1212.5,11,0,3.1,77.7
dataset-lcb_v6.model-qwen3.5-9b.alpha4.0.steps100.blocks-1.prefetch-budget-20.rank-bfs_accept_first.cut-entropy4.0.samples20.maxnew1024.seed10086.subtreePrefetch.vllm.log,17236,2026-09-15 21:02:31,5013.0,55.9,463.8,1,0,0.3,77.7
dataset-lcb_v6.model-qwen3.5-9b.alpha4.0.steps100.blocks-1.prefetch-budget-20.rank-bfs_accept_first.cut-entropy4.0.samples20.maxnew1024.seed10086.subtreePrefetch.vllm.log,17241,2026-09-15 21:02:41,5023.0,500.5,780.0,18,0,4.3,77.7
dataset-lcb_v6.model-qwen3.5-9b.alpha4.0.steps100.blocks-1.prefetch-budget-20.rank-bfs_accept_first.cut-entropy4.0.samples20.maxnew1024.seed10086.subtreePrefetch.vllm.log,17277,2026-09-15 21:02:51,5033.0,316.0,1222.6,20,0,3.3,77.7
dataset-lcb_v6.model-qwen3.5-9b.alpha4.0.steps100.blocks-1.prefetch-budget-20.rank-bfs_accept_first.cut-entropy4.0.samples20.maxnew1024.seed10086.subtreePrefetch.vllm.log,17311,2026-09-15 21:03:01,5043.0,486.5,1329.0,20,0,3.4,77.7
dataset-lcb_v6.model-qwen3.5-9b.alpha4.0.steps100.blocks-1.prefetch-budget-20.rank-bfs_accept_first.cut-entropy4.0.samples20.maxnew1024.seed10086.subtreePrefetch.vllm.log,17312,2026-09-15 21:03:11,5053.0,0.0,1268.9,2,0,0.7,77.7
dataset-lcb_v6.model-qwen3.5-9b.alpha4.0.steps100.blocks-1.prefetch-budget-20.rank-bfs_accept_first.cut-entropy4.0.samples20.maxnew1024.seed10086.subtreePrefetch.vllm.log,17354,2026-09-15 21:03:21,5063.0,324.9,1547.7,17,0,4.6,77.7
dataset-lcb_v6.model-qwen3.5-9b.alpha4.0.steps100.blocks-1.prefetch-budget-20.rank-bfs_accept_first.cut-entropy4.0.samples20.maxnew1024.seed10086.subtreePrefetch.vllm.log,17388,2026-09-15 21:03:31,5073.0,421.6,1421.6,15,0,4.0,77.7
dataset-lcb_v6.model-qwen3.5-9b.alpha4.0.steps100.blocks-1.prefetch-budget-20.rank-bfs_accept_first.cut-entropy4.0.samples20.maxnew1024.seed10086.subtreePrefetch.vllm.log,17434,2026-09-15 21:03:41,5083.0,403.7,1302.9,15,0,4.0,77.7
dataset-lcb_v6.model-qwen3.5-9b.alpha4.0.steps100.blocks-1.prefetch-budget-20.rank-bfs_accept_first.cut-entropy4.0.samples20.maxnew1024.seed10086.subtreePrefetch.vllm.log,17460,2026-09-15 21:03:51,5093.0,471.0,1233.1,19,0,4.4,77.7
dataset-lcb_v6.model-qwen3.5-9b.alpha4.0.steps100.blocks-1.prefetch-budget-20.rank-bfs_accept_first.cut-entropy4.0.samples20.maxnew1024.seed10086.subtreePrefetch.vllm.log,17500,2026-09-15 21:04:01,5103.0,488.7,1262.9,19,0,3.5,77.7
dataset-lcb_v6.model-qwen3.5-9b.alpha4.0.steps100.blocks-1.prefetch-budget-20.rank-bfs_accept_first.cut-entropy4.0.samples20.maxnew1024.seed10086.subtreePrefetch.vllm.log,17540,2026-09-15 21:04:11,5113.0,613.9,1188.7,20,0,3.8,77.7
dataset-lcb_v6.model-qwen3.5-9b.alpha4.0.steps100.blocks-1.prefetch-budget-20.rank-bfs_accept_first.cut-entropy4.0.samples20.maxnew1024.seed10086.subtreePrefetch.vllm.log,17541,2026-09-15 21:04:21,5123.0,0.0,1130.2,1,0,0.4,77.7
dataset-lcb_v6.model-qwen3.5-9b.alpha4.0.steps100.blocks-1.prefetch-budget-20.rank-bfs_accept_first.cut-entropy4.0.samples20.maxnew1024.seed10086.subtreePrefetch.vllm.log,17575,2026-09-15 21:04:31,5133.0,377.0,1608.1,13,0,3.5,77.7
dataset-lcb_v6.model-qwen3.5-9b.alpha4.0.steps100.blocks-1.prefetch-budget-20.rank-bfs_accept_first.cut-entropy4.0.samples20.maxnew1024.seed10086.subtreePrefetch.vllm.log,17607,2026-09-15 21:04:41,5143.0,299.4,1441.7,15,0,4.0,77.7
dataset-lcb_v6.model-qwen3.5-9b.alpha4.0.steps100.blocks-1.prefetch-budget-20.rank-bfs_accept_first.cut-entropy4.0.samples20.maxnew1024.seed10086.subtreePrefetch.vllm.log,17647,2026-09-15 21:04:51,5153.0,455.8,1374.2,17,0,4.6,77.7
dataset-lcb_v6.model-qwen3.5-9b.alpha4.0.steps100.blocks-1.prefetch-budget-20.rank-bfs_accept_first.cut-entropy4.0.samples20.maxnew1024.seed10086.subtreePrefetch.vllm.log,17685,2026-09-15 21:05:01,5163.0,324.0,1260.9,19,0,3.8,77.7
dataset-lcb_v6.model-qwen3.5-9b.alpha4.0.steps100.blocks-1.prefetch-budget-20.rank-bfs_accept_first.cut-entropy4.0.samples20.maxnew1024.seed10086.subtreePrefetch.vllm.log,17725,2026-09-15 21:05:11,5173.0,423.7,1391.0,17,0,3.0,77.7
dataset-lcb_v6.model-qwen3.5-9b.alpha4.0.steps100.blocks-1.prefetch-budget-20.rank-bfs_accept_first.cut-entropy4.0.samples20.maxnew1024.seed10086.subtreePrefetch.vllm.log,17773,2026-09-15 21:05:21,5183.0,354.3,1118.3,19,0,2.7,77.7
dataset-lcb_v6.model-qwen3.5-9b.alpha4.0.steps100.blocks-1.prefetch-budget-20.rank-bfs_accept_first.cut-entropy4.0.samples20.maxnew1024.seed10086.subtreePrefetch.vllm.log,17774,2026-09-15 21:05:31,5193.0,0.0,1378.1,1,0,0.4,77.7
dataset-lcb_v6.model-qwen3.5-9b.alpha4.0.steps100.blocks-1.prefetch-budget-20.rank-bfs_accept_first.cut-entropy4.0.samples20.maxnew1024.seed10086.subtreePrefetch.vllm.log,17804,2026-09-15 21:05:41,5203.0,423.5,1476.6,10,0,2.7,77.7
dataset-lcb_v6.model-qwen3.5-9b.alpha4.0.steps100.blocks-1.prefetch-budget-20.rank-bfs_accept_first.cut-entropy4.0.samples20.maxnew1024.seed10086.subtreePrefetch.vllm.log,17850,2026-09-15 21:05:51,5213.0,314.3,1345.4,14,0,3.8,77.7
dataset-lcb_v6.model-qwen3.5-9b.alpha4.0.steps100.blocks-1.prefetch-budget-20.rank-bfs_accept_first.cut-entropy4.0.samples20.maxnew1024.seed10086.subtreePrefetch.vllm.log,17884,2026-09-15 21:06:01,5223.0,424.6,1365.6,18,0,4.8,77.7
dataset-lcb_v6.model-qwen3.5-9b.alpha4.0.steps100.blocks-1.prefetch-budget-20.rank-bfs_accept_first.cut-entropy4.0.samples20.maxnew1024.seed10086.subtreePrefetch.vllm.log,17910,2026-09-15 21:06:11,5233.0,346.6,1441.8,18,0,4.4,77.7
dataset-lcb_v6.model-qwen3.5-9b.alpha4.0.steps100.blocks-1.prefetch-budget-20.rank-bfs_accept_first.cut-entropy4.0.samples20.maxnew1024.seed10086.subtreePrefetch.vllm.log,17952,2026-09-15 21:06:21,5243.0,287.8,1005.4,14,0,2.5,78.2
dataset-lcb_v6.model-qwen3.5-9b.alpha4.0.steps100.blocks-1.prefetch-budget-20.rank-bfs_accept_first.cut-entropy4.0.samples20.maxnew1024.seed10086.subtreePrefetch.vllm.log,17953,2026-09-15 21:06:31,5253.0,0.0,795.0,8,0,2.2,78.2
dataset-lcb_v6.model-qwen3.5-9b.alpha4.0.steps100.blocks-1.prefetch-budget-20.rank-bfs_accept_first.cut-entropy4.0.samples20.maxnew1024.seed10086.subtreePrefetch.vllm.log,18004,2026-09-15 21:06:41,5263.0,52.8,141.0,1,0,0.4,78.2
dataset-lcb_v6.model-qwen3.5-9b.alpha4.0.steps100.blocks-1.prefetch-budget-20.rank-bfs_accept_first.cut-entropy4.0.samples20.maxnew1024.seed10086.subtreePrefetch.vllm.log,18009,2026-09-15 21:06:51,5273.0,477.2,1120.7,4,0,1.2,78.2
dataset-lcb_v6.model-qwen3.5-9b.alpha4.0.steps100.blocks-1.prefetch-budget-20.rank-bfs_accept_first.cut-entropy4.0.samples20.maxnew1024.seed10086.subtreePrefetch.vllm.log,18049,2026-09-15 21:07:01,5283.0,607.5,1266.4,7,0,2.0,78.2
dataset-lcb_v6.model-qwen3.5-9b.alpha4.0.steps100.blocks-1.prefetch-budget-20.rank-bfs_accept_first.cut-entropy4.0.samples20.maxnew1024.seed10086.subtreePrefetch.vllm.log,18083,2026-09-15 21:07:11,5293.0,540.0,1149.7,13,0,3.5,78.2
dataset-lcb_v6.model-qwen3.5-9b.alpha4.0.steps100.blocks-1.prefetch-budget-20.rank-bfs_accept_first.cut-entropy4.0.samples20.maxnew1024.seed10086.subtreePrefetch.vllm.log,18129,2026-09-15 21:07:21,5303.0,512.2,1091.7,14,0,3.6,78.2
dataset-lcb_v6.model-qwen3.5-9b.alpha4.0.steps100.blocks-1.prefetch-budget-20.rank-bfs_accept_first.cut-entropy4.0.samples20.maxnew1024.seed10086.subtreePrefetch.vllm.log,18165,2026-09-15 21:07:31,5313.0,546.5,1037.2,15,0,3.4,78.2
dataset-lcb_v6.model-qwen3.5-9b.alpha4.0.steps100.blocks-1.prefetch-budget-20.rank-bfs_accept_first.cut-entropy4.0.samples20.maxnew1024.seed10086.subtreePrefetch.vllm.log,18213,2026-09-15 21:07:41,5323.0,577.2,1015.6,20,0,4.7,78.2
dataset-lcb_v6.model-qwen3.5-9b.alpha4.0.steps100.blocks-1.prefetch-budget-20.rank-bfs_accept_first.cut-entropy4.0.samples20.maxnew1024.seed10086.subtreePrefetch.vllm.log,18251,2026-09-15 21:07:51,5333.0,595.2,1060.2,20,0,4.4,78.2
dataset-lcb_v6.model-qwen3.5-9b.alpha4.0.steps100.blocks-1.prefetch-budget-20.rank-bfs_accept_first.cut-entropy4.0.samples20.maxnew1024.seed10086.subtreePrefetch.vllm.log,18291,2026-09-15 21:08:01,5343.0,472.1,1034.7,17,0,3.1,78.2
dataset-lcb_v6.model-qwen3.5-9b.alpha4.0.steps100.blocks-1.prefetch-budget-20.rank-bfs_accept_first.cut-entropy4.0.samples20.maxnew1024.seed10086.subtreePrefetch.vllm.log,18337,2026-09-15 21:08:11,5353.0,475.8,1193.4,19,0,2.7,78.2
dataset-lcb_v6.model-qwen3.5-9b.alpha4.0.steps100.blocks-1.prefetch-budget-20.rank-bfs_accept_first.cut-entropy4.0.samples20.maxnew1024.seed10086.subtreePrefetch.vllm.log,18375,2026-09-15 21:08:21,5363.0,497.1,1226.3,20,0,3.4,78.2
dataset-lcb_v6.model-qwen3.5-9b.alpha4.0.steps100.blocks-1.prefetch-budget-20.rank-bfs_accept_first.cut-entropy4.0.samples20.maxnew1024.seed10086.subtreePrefetch.vllm.log,18376,2026-09-15 21:08:31,5373.0,0.0,1082.2,1,0,0.4,78.2
dataset-lcb_v6.model-qwen3.5-9b.alpha4.0.steps100.blocks-1.prefetch-budget-20.rank-bfs_accept_first.cut-entropy4.0.samples20.maxnew1024.seed10086.subtreePrefetch.vllm.log,18420,2026-09-15 21:08:41,5383.0,529.0,1092.0,1,0,0.4,78.2
dataset-lcb_v6.model-qwen3.5-9b.alpha4.0.steps100.blocks-1.prefetch-budget-20.rank-bfs_accept_first.cut-entropy4.0.samples20.maxnew1024.seed10086.subtreePrefetch.vllm.log,18462,2026-09-15 21:08:51,5393.0,504.9,1296.1,6,0,1.7,78.2
dataset-lcb_v6.model-qwen3.5-9b.alpha4.0.steps100.blocks-1.prefetch-budget-20.rank-bfs_accept_first.cut-entropy4.0.samples20.maxnew1024.seed10086.subtreePrefetch.vllm.log,18496,2026-09-15 21:09:01,5403.0,601.7,1142.2,5,0,1.4,78.2
dataset-lcb_v6.model-qwen3.5-9b.alpha4.0.steps100.blocks-1.prefetch-budget-20.rank-bfs_accept_first.cut-entropy4.0.samples20.maxnew1024.seed10086.subtreePrefetch.vllm.log,18530,2026-09-15 21:09:11,5413.0,599.4,1127.9,6,0,1.7,78.2
dataset-lcb_v6.model-qwen3.5-9b.alpha4.0.steps100.blocks-1.prefetch-budget-20.rank-bfs_accept_first.cut-entropy4.0.samples20.maxnew1024.seed10086.subtreePrefetch.vllm.log,18570,2026-09-15 21:09:21,5423.0,574.7,1189.7,8,0,2.2,78.2
dataset-lcb_v6.model-qwen3.5-9b.alpha4.0.steps100.blocks-1.prefetch-budget-20.rank-bfs_accept_first.cut-entropy4.0.samples20.maxnew1024.seed10086.subtreePrefetch.vllm.log,18604,2026-09-15 21:09:31,5433.0,550.0,1224.2,9,0,2.5,78.2
dataset-lcb_v6.model-qwen3.5-9b.alpha4.0.steps100.blocks-1.prefetch-budget-20.rank-bfs_accept_first.cut-entropy4.0.samples20.maxnew1024.seed10086.subtreePrefetch.vllm.log,18638,2026-09-15 21:09:41,5443.0,515.8,1237.6,6,0,1.7,78.2
dataset-lcb_v6.model-qwen3.5-9b.alpha4.0.steps100.blocks-1.prefetch-budget-20.rank-bfs_accept_first.cut-entropy4.0.samples20.maxnew1024.seed10086.subtreePrefetch.vllm.log,18672,2026-09-15 21:09:51,5453.0,468.6,1248.3,13,0,3.5,78.2
dataset-lcb_v6.model-qwen3.5-9b.alpha4.0.steps100.blocks-1.prefetch-budget-20.rank-bfs_accept_first.cut-entropy4.0.samples20.maxnew1024.seed10086.subtreePrefetch.vllm.log,18700,2026-09-15 21:10:01,5463.0,526.7,1233.2,13,0,3.5,78.2
dataset-lcb_v6.model-qwen3.5-9b.alpha4.0.steps100.blocks-1.prefetch-budget-20.rank-bfs_accept_first.cut-entropy4.0.samples20.maxnew1024.seed10086.subtreePrefetch.vllm.log,18730,2026-09-15 21:10:11,5473.0,510.3,1307.6,16,0,4.3,78.2
dataset-lcb_v6.model-qwen3.5-9b.alpha4.0.steps100.blocks-1.prefetch-budget-20.rank-bfs_accept_first.cut-entropy4.0.samples20.maxnew1024.seed10086.subtreePrefetch.vllm.log,18764,2026-09-15 21:10:21,5483.0,446.8,1222.4,14,0,3.8,78.2
dataset-lcb_v6.model-qwen3.5-9b.alpha4.0.steps100.blocks-1.prefetch-budget-20.rank-bfs_accept_first.cut-entropy4.0.samples20.maxnew1024.seed10086.subtreePrefetch.vllm.log,18804,2026-09-15 21:10:31,5493.0,461.7,1140.9,14,0,3.6,78.2
dataset-lcb_v6.model-qwen3.5-9b.alpha4.0.steps100.blocks-1.prefetch-budget-20.rank-bfs_accept_first.cut-entropy4.0.samples20.maxnew1024.seed10086.subtreePrefetch.vllm.log,18844,2026-09-15 21:10:41,5503.0,453.8,1185.1,17,0,4.0,78.2
dataset-lcb_v6.model-qwen3.5-9b.alpha4.0.steps100.blocks-1.prefetch-budget-20.rank-bfs_accept_first.cut-entropy4.0.samples20.maxnew1024.seed10086.subtreePrefetch.vllm.log,18884,2026-09-15 21:10:51,5513.0,432.5,1216.2,18,0,3.3,78.2
dataset-lcb_v6.model-qwen3.5-9b.alpha4.0.steps100.blocks-1.prefetch-budget-20.rank-bfs_accept_first.cut-entropy4.0.samples20.maxnew1024.seed10086.subtreePrefetch.vllm.log,18930,2026-09-15 21:11:01,5523.0,156.5,890.0,6,0,1.4,78.2
dataset-lcb_v6.model-qwen3.5-9b.alpha4.0.steps100.blocks-1.prefetch-budget-20.rank-bfs_accept_first.cut-entropy4.0.samples20.maxnew1024.seed10086.subtreePrefetch.vllm.log,18948,2026-09-15 21:11:11,5533.0,42.0,223.5,1,0,0.4,78.2
